TEST_NAME	MEASUREMENT_UNIT	value_source	n_records	n_subjects
!pak.maitoigavasta-aineet	%	Source	130	130
!pak.maitoiggvasta-aineet	%	Source	144	144
!psavapaanjatotaalinsuhde	%	Source	7	7
(b-gluk)		Source	17	17
(pikacrp)		Source	392	267
(pikahb)		Source	111	95
-afer-cd34-positiivisetkantasolut	e6/kg	Source	19	17
-afer-granulosyytit	%	Source	14	13
-afer-mononukleaarisetsolut	%	Source	14	13
-afp	u/ml	Source	16	16
-aikaglukoositavoitteessa	%	Source	28	23
-aikahypoglykemiassa	%	Source	27	22
-alb	g/l	Source	89	78
-albumiini	g/l	Source	24	20
-albumiini,elektroforeesifraktio,osatutk2522	g/l	Source	9	8
-albumiini,seerumi,elektroforeesifraktio(g/l)	g/l	Source	750	206
-albumiini,virtsa,elektroforeesifraktio()	%	Source	24	24
-albumiini,virtsa,elektroforeesifraktio(mg/l)	mg/l	Source	53	34
-alfa-1-globuliini,elektroforeesifraktio,osatutk2522	g/l	Source	17	15
-alfa-1-globuliini,seerumi,elektroforeesifraktio	g/l	Source	752	206
-alfa-2-globuliini,eletroforeesifraktio,osatutk2522	g/l	Source	16	14
-alfa-2-globuliini,seerumi,elektroforeesifraktio	g/l	Source	753	206
-amftulos		Source	29	24
-amyl	u/l	Source	4275	770
-amylp	u/l	Source	80	51
-ana	titre	Source	18	17
-aspeag	index	Source	24	21
-bakteeriviljely,aerobi		QCOut	42	36
-bakteeriviljely,anaerobi		QCOut	32	27
-baktnho		QCOut	30	29
-baso	%	Source	1172	341
-beeta-1-globuliini,elektroforeesifraktio,osatutk2522	g/l	Source	18	16
-beeta-2-globuliini,elektroforeesifraktio,osatutk2522	g/l	Source	18	16
-bentulos		Source	50	40
-beta-1-globuliini,seerumi,elektroforeesifraktio	g/l	Source	754	206
-beta-2-globuliini,seerumi,elektroforeesifraktio	g/l	Source	754	206
-bil	umol/l	Source	433	269
-bnp	ng/l	Source	43	15
-bokanho		QCOut	11	9
-c-reaktiivinenproteiini(kval)		Source	12	9
-c-reaktiivinenproteiinipikatesti	mg/l	Source	8	6
-c6-ind		Extracted	23	19
-c6-ind		Source	42	38
-ca12-5	u/ml	Source	15	15
-ca15-3	u/ml	Source	18	18
-ca19-9	u/ml	Source	20	20
-caio7.4	mmol/l	Source	60	55
-caionac	mmol/l	Source	61	55
-calpro	mg/l	Source	364	226
-calpro	ug/g	Source	37	34
-calpro		Extracted	18	18
-cand		Source	6	6
-cantulos		Source	12	10
-cd4-solujensuhdecd8-soluihin		Extracted	665	349
-cdt	mg/l	Source	170	110
-cdt		Extracted	291	276
-cea	ug/l	Source	81	76
-chtrnho		QCOut	51	37
-cmvnh	iu/ml	Source	188	82
-cmvnh	u/ml	Source	281	158
-cmvnh		QCOut	6	6
-cmvnho		Source	7	6
-covid-19-koronavirustauti,nukleiinihappo(kval)		QCOut	37	27
-crp-o		Extracted	49	48
-crp-o		Source	208	133
-crp-pika	mg/l	Source	226	144
-crp-vt	mg/l	Source	10	7
-crppika	mg/l	Source	239	88
-crppika		Source	36	24
-crppikatesti		Extracted	196	101
-cv19ag	mmol/l	Source	11	6
-cv19ag		Extracted	10	8
-cv19ag		Source	12	10
-cv19ag4		QCOut	11	7
-cv19ag5		QCOut	7	7
-cv19nho		QCOut	3023	2864
-cyp4f2		Extracted	1131	1114
-cyp4f2-geeninnukleotidivariaatiot,dna-tutkimus		Extracted	6	6
-d-dimqpik	mg/l	Source	15	15
-d-dimqpik		Source	32	26
-desialotransferriini	mg/l	Source	36	34
-dfi	%	Source	24	24
-dialyysinjälkeen,p-urea	mmol/l	Source	180	68
-dmriski		Source	87	84
-ebvnh	iu/ml	Source	14	11
-ebvnh	u/ml	Source	131	76
-ennendialyysiä,p-urea	mmol/l	Source	210	68
-eos	%	Source	1176	341
-eryt	e6/l	Source	168	153
-etohgc	mmol/l	Source	11	9
-extam/ml	%	Source	12	10
-extem/a10	mm	Source	231	142
-extem/a15	mm	Source	231	142
-extem/a5	mm	Source	231	142
-extem/cft	s	Source	231	142
-extem/ct	s	Source	231	142
-extem/mcf	mm	Source	231	142
-extem/ml	%	Source	219	132
-fibtem/mcf	mm	Source	12	10
-fidd-o		Extracted	24	24
-fidd-vt		Extracted	14	13
-fidd-vt		Source	89	72
-frtuab	titre	Source	72	52
-frtuab		Extracted	6	6
-gamma-globuliini,elektroforeesifraktio,osatutk2522	g/l	Source	18	16
-gammaglobuliini,seerumi,elektroforeesifraktio	g/l	Source	750	206
-ghba1c-vt		Source	15	14
-globuliini,virtsa,elektroforeesifraktio()	%	Source	24	24
-globuliinit,virtsa,elektroforeesifraktio(mg/l)	mg/l	Source	53	34
-gluk	mmol/l	Source	34	33
-gluk-0	mmol/l	Source	8	8
-gluk-1h	mmol/l	Source	8	8
-gluk-2h	mmol/l	Source	8	8
-gluk-tbr	%	Source	118	75
-gluk-tir	%	Source	120	76
-glutamyylitransferaasi-desialotransferriini-indeksi		Extracted	720	555
-h-ind		Extracted	19634	7981
-h-ind		Source	19585	6365
-hbpika		Source	18	15
-hcgbsuh	%	Source	345	86
-hcvnhty		Extracted	7	7
-hcvnhty		Source	56	46
-hdl/kol	%	Source	3481	2709
-hdl/kol.	%	Source	4585	3361
-hemoglobiinipika		Source	39	29
-hsvnho		QCOut	21	21
-i-ind		Extracted	61	61
-i-ind		Source	9758	2488
-immunoglobuliini,alaluokkag1	g/l	Source	74	46
-immunoglobuliini,alaluokkag2	g/l	Source	74	46
-infanho		QCOut	68	68
-intem/a10	mm	Source	37	19
-intem/a15	mm	Source	37	19
-intem/a5	mm	Source	37	19
-intem/cft	s	Source	37	19
-intem/ct	s	Source	37	19
-intem/mcf	mm	Source	37	19
-intem/ml	%	Source	37	19
-kalium,vieritutkimus	mmol/l	Source	81	68
-kalsium,ionisoitunut,korjattuph7,40	mmol/l	Source	40	37
-kalsium,ionisoitunutaktuaalisessaph:ssa	mmol/l	Source	41	38
-koktulos		Source	15	11
-kol	mmol/l	Source	17	17
-kol/adp	s	Source	23	18
-kol/adr	s	Source	22	18
-koronho		QCOut	6	6
-krea	umol/l	Source	761	540
-kreatiniini,vieritutkimus	umol/l	Source	81	68
-kt/v,daugirdaksenkaava		Extracted	176	68
-kvriski		Source	148	141
-l-ind		Extracted	4729	1830
-l-ind		Source	9762	2491
-lak/sak		Source	37	36
-ld	u/l	Source	104	100
-ld		Extracted	6	6
-leuk	e6/l	Source	190	175
-liik.ab	%	Source	35	34
-liik.abc	%	Source	35	34
-liik.im	%	Source	4155	1283
-liik.np	%	Source	4154	1282
-liik.pr	%	Source	4161	1283
-liikk.a	%	Source	108	64
-liikk.b	%	Source	112	65
-liikk.c	%	Source	112	65
-liikk.d	%	Source	112	65
-linssi	u/ml	Source	11	10
-lymf	%	Source	17	8
-lymph	%	Source	1159	333
-m-komponentti-1,seerumi,elektroforeesifraktio(g/l)	g/l	Source	235	56
-mettulos		Source	20	16
-mono	%	Source	1159	333
-monos	%	Source	17	8
-mypnnho		QCOut	6	6
-natiivi,ovalbumiini/ovalbumin	u/ml	Source	6	6
-natrium,vieritutkimus	mmol/l	Source	81	68
-neut	%	Source	1172	341
-niskaturvotus	mm	Source	601	591
-nt	mm	Source	11772	8637
-nt		Extracted	5018	3907
-nt.	mm	Source	6	6
-nudt15		Extracted	65	61
-opitulos		Source	17	15
-pat		Source	11	11
-pekaanipähkinä	u/ml	Source	8	8
-pes.jäl	e6/ml	Source	499	278
-pes.til	ml	Source	1411	688
-ph		Extracted	904	719
-ph		Source	1705	1253
-pikacrp	mg/l	Source	47	38
-pin3nho		QCOut	8	7
-pistaasi(manteli)	u/ml	Source	12	12
-pncanho		QCOut	7	7
-pr+np	%	Source	1411	1060
-pregnlo	nmol/l	Source	38	31
-probnp-vt		Source	46	29
-probnppoc	ng/l	Source	17	14
-prot	g/l	Source	74	72
-prot		Extracted	8	7
-psa-v	%	Source	6	6
-psa-v/t	%	Source	217	105
-pyör.s.	e6/ml	Source	664	508
-rinonho		QCOut	45	37
-rsvnho		QCOut	45	44
-s.yht.	e6	Source	660	520
-s.yht.		Extracted	845	678
-seerumi-askitesalbumiinigradientti	g/l	Source	7	6
-siitt.	e6/ml	Source	1198	651
-slco1b1		Extracted	923	889
-stpnag		QCOut	7	7
-straag-os		Extracted	26	24
-strag		QCOut	18	18
-sul.jäl	e6/ml	Source	9	6
-tffesat	%	Source	61	54
-tilav.	ml	Source	1699	1232
-transf	g/l	Source	143	84
-transf		Extracted	320	302
-transferriini	g/l	Source	36	34
-transferriininrautakyllasteisyys	%	Source	11	11
-transferriininrautakyllästeisyys	%	Source	11	10
-trfe-sa	%	Source	262	147
-trfesat	%	Source	49060	21979
-trfesat		Extracted	5308	3770
-trfesat		Source	59	56
-trich		Source	10	9
-trichophytonrubrum,nukleiinihappo		QCOut	9	9
-trichophytonrubrumnho		QCOut	14	13
-trigly	mmol/l	Source	223	173
-trigly		Extracted	21	19
-trubnho		QCOut	41	37
-tyreoglobuliiniva	u/ml	Source	14	12
-uraat	umol/l	Source	7	7
-urea	mmol/l	Source	12	10
-zoonnho		QCOut	91	88
0-näyte	mmol/l	Source	18	17
0-näyte		Source	24	20
0hkors	nmol/l	Source	94	74
0hp-gluk	mmol/l	Source	837	614
0mgh	ug/l	Source	14	10
0mgluk	mmol/l	Source	2706	1826
0mgluk		Source	101	78
0mgluk-r1	mmol/l	Source	93	84
0mgluk-r1/0m	mmol/l	Source	22	19
0mgluk/0m	mmol/l	Source	30	22
0mkors	nmol/l	Source	24	22
0mp-glukoosi,gestaatiorasitus	mmol/l	Source	25	19
1.savuk	u	Source	83	83
1.savuke(min)		Extracted	78	76
10081	mmol/l	Source	240	48
10231	au/ml	Source	6	6
10299	mmol/l	Source	25386	6499
10329	u/l	Source	10	9
10330	u/l	Source	9	8
10333	%	Source	9	8
10503	mmol/l	Source	176	149
11079	pmol/l	Source	6	6
11086	%	Source	798	262
11089	u/ml	Source	8	8
11092	au/ml	Source	39	36
11093	mg/l	Source	35	26
11094	au/ml	Source	21	18
11162	mmol/l	Source	28	26
11308	nmol/l	Source	246	184
11332	ng/l	Source	30	19
11362	mg/l	Source	21	18
11403	ug/l	Source	21	6
11548	mg/l	Source	23	17
11554		Source	25385	6498
11564	mmol/l	Source	22683	5852
11615	ug/l	Source	1549	69
11616	ug/l	Source	3182	112
11630	u/ml	Source	13	13
11649	u/ml	Source	18	17
11650	u/ml	Source	19	18
11659	ug/l	Source	977	255
11663	umol/l	Source	294	219
11677	u/ml	Source	10	10
11678	u/ml	Source	16	16
11679	u/ml	Source	22	22
11776	au/ml	Source	21	18
11784	nmol/l	Source	210	181
11811	mmol/l	Source	7	6
11821	mosm/kgh2o	Source	464	259
11842	u/l	Source	46	45
11843	u/l	Source	46	45
11844	u/l	Source	25	24
11845		Source	46	45
11846	u/l	Source	44	43
11901	ng/l	Source	10	10
120mgluk	mmol/l	Source	1307	815
120mgluk/120m	mmol/l	Source	52	39
120minp-glukoosi,gestaatiorasitus	mmol/l	Source	25	19
120mp-glu	mmol/l	Source	95	93
120mp-glu		Extracted	228	204
120mp-gluk	mmol/l	QCOut	508	397
12195	nmol/l	Source	6	6
12510	umol/l	Source	160	120
12890	index	Source	8	8
13177		Extracted	42	31
13185	%	Source	144	95
13187	%	Source	1137	761
13189	%	Source	557	397
13191	%	Source	78	47
13192	%	Source	211	139
13193	%	Source	211	139
13982	ug/l	Source	935	294
13983	ug/l	Source	861	326
13984	ug/l	Source	988	301
13984		Extracted	20	19
14025	mg/l	Source	106	49
14076	nmol/l	Source	9	8
14077	ug/l	Source	69	31
14077		Extracted	8	7
14078	ug/l	Source	113	31
14125	e9/l	Source	146	87
14143	titre	Source	11	10
14171	mu/l	Source	12	9
14175	ug/l	Source	115	7
14248	e9/l	Source	20	17
14257	u/ml	Source	92	92
14272	e9/l	Source	78909	9362
14272		Extracted	5212	2646
14273	e9/l	Source	681	511
14273		Extracted	6	6
14286	ng/l	Source	219	213
14335	g/l	Source	46	9
14346	g/l	Source	3690	1607
14346		Extracted	11	11
14347	g/l	Source	3707	1598
14347		Extracted	17	17
14348	g/l	Source	3675	1597
14348		Extracted	16	15
14349	g/l	Source	3670	1574
14349		Extracted	16	16
14350	g/l	Source	3672	1606
14350		Extracted	19	19
14351	g/l	Source	3680	1597
14351		Extracted	18	18
14352	g/l	Source	3325	1358
14353	g/l	Source	232	151
14354	g/l	Source	124	111
14355	g/l	Source	115	107
14356	mg	Source	13	13
14397	titre	Source	20	13
14400	ug/l	Source	56	40
14401	ug/l	Source	100	54
14433	ng/l	Source	6	6
14565	mmol/l	Source	26	23
14568	mmol/l	Source	25	22
14592		Extracted	8	7
14593		Extracted	144	140
14638	nmol/l	Source	53	50
14659	nmol/l	Source	62	58
14804	g/l	Source	22	22
1h-näyte		Source	10	7
1hgh	ug/l	Source	13	9
1hgluk	mmol/l	Source	386	265
1hgluk		Source	35	20
1histamii	mm	Source	7	7
1hkors	nmol/l	Source	6	6
20046	u/ml	Source	15	15
21563	%	Source	37	22
21585	ug/l	Source	1430	276
21622	ug/l	Source	16239	821
21623	ug/l	Source	377	43
21624	ug/l	Source	87	8
21741	u/ml	Source	128	120
21758		Source	26	25
21767	u/ml	Source	221	219
21777	mg/l	Source	246	242
21792	mg	Source	353	232
21799		Source	27	26
21816	u/l	Source	256	206
21904	ml/min/173m2	Source	888	521
22101	umol/l	Source	7	7
22102	nmol/l	Source	218	165
22108	s	Source	748	646
23291	u/ml	Source	8	8
23292	u/ml	Source	8	8
24hkors	nmol/l	Source	91	72
2h	mmol/l	Source	17	16
2h-näyte		Source	23	19
2hgh	ug/l	Source	13	9
2hgluk	mmol/l	Source	1458	1086
2hgluk		Source	94	72
2tunninjälkeen	mmol/l	Source	23	22
3045	mmol/l	Source	19	18
30mgh	ug/l	Source	12	8
30mkors	nmol/l	Source	20	19
3koivu	mm	Source	7	7
4timotei	mm	Source	7	7
50073		Source	13	13
5381	mmol/l	Source	851	560
5382	mmol/l	Source	442	295
5382		Extracted	40	25
5383	°c	Source	854	563
5384	g/l	Source	849	559
5385	mmol/l	Source	568	436
5386	mmol/l	Source	354	298
5386		Extracted	69	60
5387	°c	Source	568	436
5388	g/l	Source	567	436
5389	mmol/l	Source	502	191
5400	mmol/l	Source	118	82
5400		Extracted	373	133
5401	g/l	Source	502	191
5408	mmol/l	Source	560	431
5409	mmol/l	Source	39	29
5pujo	mm	Source	7	7
6-metyylimerkaptopuriini		Extracted	21	21
6-metyylimerkaptopuriini		Source	21	18
60mgluk	mmol/l	Source	1171	707
60mgluk		Source	15	15
60mgluk/60m	mmol/l	Source	30	22
60minglukoosi,gestaatiorasitus	mmol/l	Source	25	19
60mkors	nmol/l	Source	9	9
6427s-triglyosatutk.	mmol/l	Source	7	6
6428s-kolosatutk.	mmol/l	Source	7	6
6430s-kol-hdlosatutk.	mmol/l	Source	7	6
6432s-kol-ldlosatutk.	mmol/l	Source	7	6
6670	u/ml	Source	6	6
6697	titre	Source	17	8
6702	u/ml	Source	16	13
6704	u/ml	Source	18	16
6806	umol/l	Source	3793	3416
6808	mg/l	Source	281	271
6812	mg/l	Source	53	53
6814	mg/l	Source	6	6
6818	%	Source	714	689
6820	ng/l	Source	18	18
6820		Extracted	170	170
7907	mmol/l	Source	78	78
7908	mmol/l	Source	40	40
7910	mmol/l	Source	18	18
7910		Extracted	16	16
8598	iu/ml	Source	27	23
9-hydroksirisperidoni	nmol/l	Source	19	14
9052mk4-7,työterveyshuollonperuspaketti		Extracted	8	7
90mgh	ug/l	Source	12	8
9120e-punasolujenkokojakauma	%	Source	6	6
9120e-punasolujenkokojakaumaosatutk.	%	Source	82	56
9662	ug/l	Source	12	8
99112367s-mycoplasmapneumoniae,iggvasta-aineet	eiu	Source	9	8
99112764fl-clue-solut		QCOut	6	6
99114955s-chlamydiapneumoniae,iggvasta-aineet	eiu	Source	8	7
9916c-reaktiivinenproteiini,plasmasta		Extracted	14	14
9928aspartaattiaminotransferaasi,plasmasta		Extracted	7	6
9989glutamyylitransferaasi,plasmasta		Extracted	29	24
:glutamyylitransferaasi-desialotransferriini-indeksi		Extracted	268	201
a.fumigatu		Extracted	12	11
a.pullulan		Extracted	16	15
aa/epasuhdeluku		Source	313	253
ab-ahco3	mmol/l	Source	102156	19561
ab-ahco3		Extracted	13	12
ab-ahco3vt	mmol/l	Source	90	70
ab-ahco3vt		Extracted	158	109
ab-aktuaalibikarbonaatti	mmol/l	Source	14350	4290
ab-aktuaalibikarbonaatti-vt		Extracted	7	6
ab-be	ml	Source	33	19
ab-be	mmol/l	Source	330584	38892
ab-be		Extracted	52623	16915
ab-be(b)	mmol/l	Source	7	7
ab-be-vt	mmol/l	Source	45	33
ab-be-vt		Extracted	213	139
ab-bepika	mmol/l	Source	7	7
ab-bepika		Extracted	10	10
ab-bikarbonaatti	mmol/l	Source	557	350
ab-ca++	mmol/l	Source	1087	613
ab-ca++		Extracted	37	33
ab-ca++7.4	mmol/l	Source	1106	618
ab-ca-i7.4	mmol/l	Source	52168	8286
ab-ca-i7.4		Extracted	12	11
ab-ca-ion	mmol/l	Source	52238	8311
ab-caionvt	mmol/l	Source	83	62
ab-caionvt		Extracted	122	87
ab-chb	g/l	Source	1200	536
ab-chco3	mmol/l	Source	10	10
ab-cl	mmol/l	Source	1123	636
ab-emäsylimäärä	mmol/l	Source	9159	3540
ab-emäsylimäärä		Extracted	3698	1434
ab-erytrosyytit,tilavuusosuus	osuus	Source	413	275
ab-gluk	mmol/l	Source	3963	2038
ab-gluk		Extracted	41	35
ab-glukoosi	mmol/l	Source	405	272
ab-happamuusaste	1	Source	8	7
ab-happamuusaste		Extracted	100	90
ab-happamuusaste		Source	991	521
ab-happamuusaste,lämpötilakorjattu		Source	417	277
ab-happikyllästeisyys	%	Source	312	106
ab-happikyllästeisyys(hemoglobiini)	%	Source	278	216
ab-happikyllästeisyys(hemoglobiini),eitilattava	%	Source	9563	2150
ab-happikyllästeisyys(hemoglobiinin,osuustoimin	%	Source	63	36
ab-happiosapaine	kpa	Source	349	259
ab-happiosapaine,lämpötilakorjattu	kpa	Source	415	276
ab-happiosapaine-vt		Extracted	7	6
ab-hb	g/l	Source	300765	29008
ab-hb		Source	15	13
ab-hb-co	%	Source	287728	27580
ab-hb-co		Extracted	90	58
ab-hb-met	%	QCOut	5325	1613
ab-hb-met	%	Source	285488	27666
ab-hb-met		QCOut	97	72
ab-hb-vt	g/l	Source	225	144
ab-hb02sat	%	Source	585	238
ab-hblask	g/l	Source	36	16
ab-hbo2	%	Source	293958	28155
ab-hbo2		Extracted	18	18
ab-hbo2sat	%	Source	123721	26720
ab-hbo2sat		Extracted	215	179
ab-hbo2svt	%	Source	64	52
ab-hbo2svt		Extracted	74	58
ab-hco3	mmol/l	Source	5989	2456
ab-hco3		Extracted	137	88
ab-hco3-st	mmol/l	Source	255830	22562
ab-hco3-st		Extracted	2611	1097
ab-he-tase,ab-be		Source	6	6
ab-he-tase,ab-hco3	mmol/l	Source	16	13
ab-he-tase,ab-k	mmol/l	Source	9	8
ab-he-tase,ab-na	mmol/l	Source	9	8
ab-he-tase,ab-pco2	kpa	Source	16	13
ab-he-tase,ab-ph		Source	16	13
ab-he-tase,ab-po2	kpa	Source	16	13
ab-he-tase,ab-so2	%	Source	9	8
ab-he-tase,ab-tco2		Source	7	7
ab-hemoglobiini	g/l	Source	10469	2651
ab-hemoglobiini,hiilimonoksidi	%	Source	418	279
ab-hemoglobiini,kokonais-	g/l	Source	169	71
ab-hiilidioksidiosapaine	kpa	Source	350	259
ab-hiilidioksidiosapaine,lämpötilakorjattu	kpa	Source	417	277
ab-hiilimonoksidi-hb	%	Source	3646	1646
ab-hiilimonoksidi-hb		Extracted	27	21
ab-hiilimonoksidihemoglobiini	%	Source	196	91
ab-hkr	osuus	Source	864	535
ab-hkr		Extracted	37	33
ab-hkr		Source	191	148
ab-k	mmol/l	Source	1089	614
ab-k		Extracted	37	33
ab-kalium	mmol/l	Source	415	276
ab-kalsium,ionisoitunut,aktuaalinen	mmol/l	Source	417	277
ab-kalsium,ionisoitunut,eitilattava	mmol/l	Source	9534	2131
ab-kalsium,ionisoitunut,ph7.4-korjattu	mmol/l	Source	9532	2130
ab-kalsium,ionisoitunut,ph7.4:ssa	mmol/l	Source	402	273
ab-kloridi	mmol/l	Source	417	277
ab-kokonaishemoglobiini,verikaasuanalysaattorista	g/l	Source	3733	1675
ab-kokonaishemoglobiiniverikaasuanalysaattorista	g/l	Source	42	31
ab-krea-hy	umol/l	Source	47	42
ab-laktaat	mmol/l	Source	5615	2541
ab-laktaat		Extracted	36	33
ab-laktaatti	mmol/l	Source	415	276
ab-lämpö	aste	Source	1072	605
ab-lämpöti	°c	Source	942	358
ab-lämpötila(he-tase)	aste	Source	418	277
ab-methemoglobiini	%	Source	4232	1990
ab-methemoglobiini		Extracted	46	36
ab-na	mmol/l	Source	1125	635
ab-natrium	mmol/l	Source	418	277
ab-o2-sis	%	Source	5099	2328
ab-o2-sis	ml/l	Source	413	284
ab-o2-vol	%	Source	247130	24275
ab-o2-vol	vol%	Source	1492	427
ab-o2-vol		Extracted	44	31
ab-o2hb	%	Source	1813	602
ab-o2sat	%	Source	241561	17558
ab-o2sat		Extracted	130	104
ab-o2sat1	%	Source	48	48
ab-o2sat2	%	Source	47	47
ab-oksihemoglobiini	%	Source	17	14
ab-pco2	kpa	Source	392179	48912
ab-pco2		Extracted	3231	1524
ab-pco2		Source	8	8
ab-pco2(t)	kpa	Source	4513	1437
ab-pco2(t)		Extracted	38	34
ab-pco2-vt	kpa	Source	92	69
ab-pco2-vt		Extracted	173	111
ab-ph	form	Source	1072	421
ab-ph	ph	Source	2975	1080
ab-ph		Extracted	266709	23504
ab-ph		Source	113942	25687
ab-ph(t)		Extracted	39	35
ab-ph(t)		Source	4510	1437
ab-ph-vt		Extracted	171	112
ab-ph-vt		Source	95	72
ab-phpika		Source	17	17
ab-po2	kpa	Source	391556	48875
ab-po2		Extracted	3265	1558
ab-po2(t)	kpa	Source	4515	1437
ab-po2(t)		Extracted	37	33
ab-po2-vt	kpa	Source	95	72
ab-po2-vt		Extracted	182	119
ab-sbc	mmol/l	Source	138	73
ab-shco3	mmol/l	Source	51255	11088
ab-shco3		Extracted	80	64
ab-so2	%	Source	9	8
ab-standardibikarbonaatti	mmol/l	Source	4430	2130
ab-t	°c	Source	1615	335
ab-t		Source	1813	572
ab-temp	°c	Source	3693	1667
ab-thb	g/l	Source	48634	10238
ab-thb		Extracted	17	17
ab-thb-	g/l	Source	164	35
ab-to2c	ml/dl	Source	1798	594
ab-vekaas5,agapk	mmol/l	Source	11	11
ab-vekaas5,be(ecf)	mmol/l	Source	16	15
ab-vekaas5,ca++	mmol/l	Source	14	13
ab-vekaas5,chco3-	mmol/l	Source	16	15
ab-vekaas5,chgb	g/l	Source	14	13
ab-vekaas5,cl-	mmol/l	Source	11	11
ab-vekaas5,crea	umol/l	Source	11	11
ab-vekaas5,cso2	%	Source	16	15
ab-vekaas5,ctco2	mmol/l	Source	14	13
ab-vekaas5,glu	mmol/l	Source	14	13
ab-vekaas5,hct	l/l	Source	14	13
ab-vekaas5,k+	mmol/l	Source	15	14
ab-vekaas5,lac	mmol/l	Source	14	13
ab-vekaas5,na+	mmol/l	Source	16	15
ab-vekaas5,pco2	kpa	Source	17	16
ab-vekaas5,ph		Source	17	16
ab-vekaas5,po2	kpa	Source	17	16
abhbo2satp	%	Source	17	17
abhco3pika	mmol/l	Source	20	20
abpco2pika	kpa	Source	17	17
abpo2pika	kpa	Source	17	17
acajoupähk	u/ml	Source	26	25
acajoupähk		Extracted	11	11
acaru.siro	u/ml	Source	15	15
acremoniumkilienseige	u/ml	Source	15	15
adalimumabi	mg/l	Source	126	103
adalimumabi,seerumista	mg/l	Source	18	8
adalimumabipitoisuus,seerumista	mg/l	Source	39	29
adenosiiinideaminaasi,indeksi		Source	12	12
adrenokortikotropiini	ng/l	Source	71	62
af-ada	u/l	Source	12	12
af-amyl	u/l	Source	19	18
af-bil	umol/l	Source	18	15
af-cea	ug/l	Source	16	15
af-eos	%	Source	10	10
af-eryt	e6/l	Source	36	35
af-gluk	mmol/l	Source	8	8
af-krea	umol/l	Source	24	22
af-l/liusk	%	Source	11	11
af-l/yksit	%	Source	11	11
af-leuk	e6/l	Source	70	69
af-liuskat	%	Source	9	9
af-ly	%	Source	10	10
af-ly+mono	%	Source	6	6
af-mononuk	%	Source	50	49
af-muutsol	%	Source	10	10
af-neut	%	Source	11	11
af-neut+eo	%	Source	41	40
af-prot	g/l	Source	10	10
af-sameus		Source	8	8
af-solut	e6/l	Source	37	36
afer-cd3	e8/kg	Source	47	39
afer-cd34	e6/kg	Source	185	139
afer-cd34		Extracted	20	20
afer-cd4	e8/kg	Source	46	37
afer-cd8	e8/kg	Source	49	40
afer-hkr	osuus	Source	203	151
afer-leuk	e8/kg	Source	45	38
afer-leuk	e9/l	Source	182	141
afer-leuk		Extracted	26	22
afer-leukt	e9/tuote	Source	191	143
afer-leukt		Extracted	13	12
afer-mns	e8/kg	Source	185	142
afer-mns		Extracted	19	17
afer-mnst	e9/tuote	Source	189	143
afer-mnst		Extracted	15	14
afer-trom	e9/l	Source	204	152
afos(isoentsyymeihinliittyvä)	u/l	Source	14	14
afos-is,luustoperäinen	u/l	Source	25	24
afos-is,maksaperäinen1	u/l	Source	25	24
afos-is,maksaperäinen2	u/l	Source	24	24
afos-is,suolistoperäinen	u/l	Source	14	13
afoskokonaispitoisuus	u/l	Source	7	7
afoskokonaispitoisuus,seerumista	u/l	Source	27	27
afosluu	u/l	Source	90	76
afosluusto	u/l	Source	630	555
afosluusto		Extracted	181	172
afosmaks2	u/l	Source	68	56
afosmaksa1	u/l	Source	673	589
afosmaksa1		Extracted	182	173
afosmaksa2	u/l	Source	603	531
afosmaksa2		Extracted	180	171
afossuoli	u/l	Source	391	346
afossuoli		Extracted	113	106
aika/ed.virt	h	Source	4500	3221
aityövirta		Source	14	14
aktiv-cd4	%	Source	16	14
aktiv-cd4		Extracted	9	8
aktiv-cd8	%	Source	19	16
aktiv-cd8		Extracted	9	8
aktuaalibikarbonaatti,arteriaverestä,osatutk.	mmol/l	Source	96	58
aktuaalibikarbonaatti,kapillaariverestä,osatutk.	mmol/l	Source	22	15
aktuaalibikarbonaatti,venaverestä,osatutk.	mmol/l	Source	62	30
aktuaalibikarbonaatti,venaverestä,pikatesti	mmol/l	Source	72	58
alaniiniaminotransferaas	u/l	Source	11	10
alaniiniaminotransferaasi	u/l	Source	17127	11039
alaniiniaminotransferaasi(alat)	u/l	Source	6	6
alaniiniaminotransferaasi,plasmasta	u/l	Source	96	53
alat.itse	u/l	Source	6	6
album	%	Source	20	19
album	g/l	Source	346	112
album	mg/l	Source	113	31
albumiini	%	Source	177	169
albumiini	g/l	Source	6718	3495
albumiini	mg/l	Source	536	201
albumiini(kval)	estimate	Source	1803	1146
albumiini(kval)		QCOut	46	30
albumiini,bronkoalveolaarihuuhtelunesteestä	mg/l	Source	7	7
albumiini,fraktio,seerumi	g/l	Source	8	6
albumiini,keräysvirtsa	ug/min	Source	8	8
albumiini,laskennallinen	ug/min	Source	51	39
albumiini,osoitus,virtsa	estimate	Source	4289	2327
albumiini,plasma(alb)	g/l	Source	16	16
albumiini,plasmasta,osatutk.11162	g/l	Source	10	9
albumiini,proteiinifraktio	g/l	Source	558	324
albumiini,seerumi,elektoforeesifraktio(g/l)	g/l	Source	12	9
albumiini,seerumi,elektroforeesifraktio(g/l),osatutk.2522	g/l	Source	151	44
albumiini,seerumista		Source	10	8
albumiini,seerumista(tämäonli-igg-indosatutkimus)		Source	29	22
albumiini,virtsa,elektroforeesifraktio,osatutk	mg/l	Source	10	6
albumiini,virtsasta	mg/l	Source	34	30
albumiininjakreatiininsuhde(virtsa)	mg/mmol	Source	691	438
albumiininjakreatiniininsuh	mg/mmol	Source	235	185
albumiininjakreatiniininsuhde	mg/mmol	Source	382	333
albumiininjakreatiniininsuhde,virtsasta		Extracted	80	65
aldosteroni,alaonttolaskimo,	pmol/l	Source	14	14
aldosteroni,oikealisämunuain	pmol/l	Source	23	15
aldosteroni,vasenlisämunuain	pmol/l	Source	20	16
alfa-1	g/l	Source	903	436
alfa-1-antitrypsiini,ulosteesta	ug/g	Source	7	7
alfa-1-fetoproteiini	u/ml	Source	80	32
alfa-1-fetoproteiini,seerumista	u/ml	Source	105	58
alfa-1-glo	%	Source	22	18
alfa-1-glo	g/l	Source	95	84
alfa-1-globuliini	g/l	Source	11	10
alfa-1-globuliini()	%	Source	7	7
alfa-1-globuliini,fraktio,seerumi	g/l	Source	14	12
alfa-1-globuliini,seerumi,elektroforeesifraktio	g/l	Source	12	9
alfa-1-mikroglobuliini,	mg/l	Source	91	82
alfa-1-mikroglobuliini,	ug/min	Source	91	82
alfa-2	g/l	Source	907	438
alfa-2-glo	%	Source	22	18
alfa-2-glo	g/l	Source	96	85
alfa-2-globuliini,fraktio,seerumi	g/l	Source	14	12
alfa-2-globuliini,seerumi,elektroforeesifraktio	g/l	Source	12	9
alfa-amyla		Extracted	7	7
alfa1-glob	g/l	Source	2811	708
alfa1-globuliini,seerumi,elektroforeesifraktio,osatutk.2522	g/l	Source	151	44
alfa2-glob	g/l	Source	2811	707
alfa2-globuliini,seerumi,elektroforeesifraktio,osatutk.2522	g/l	Source	151	44
alfalakalb	u/ml	Source	9	9
alfalinoleenihappo	%	Source	317	257
alkalinenfosfataasi	u/l	Source	4090	3042
alkalinenfosfataasi(afos)	u/l	Source	18	18
alkalinenfosfataasi(afos-isvaletietue)	u/l	Source	22	21
alkalinenfosfataasi,kokonaispitoisuus	u/l	Source	80	77
alkalinenfosfataasi,luustoperäinenisoentsyymi	%	Source	76	73
alkalinenfosfataasi,maksaperäinenisoentsyymi	%	Source	76	73
alkalinenfosfataasi,plasmasta	u/l	Source	29	18
alkalinenfosfataasi,seerumista	u/l	Source	10	9
alkalinenfosfataasi,seerumista		Source	17	17
alkalinenfosfataasi,suolistoperäinenisoentsyymi	%	Source	52	49
alkopuhal		Extracted	20	7
alkopuhall		Extracted	49	7
alkopuhall		Source	277	14
allergeeni,aspergillusversicolor(home/mögel)rm215	u/ml	Source	7	7
allergeeni,cladosporiumcladosporioides(home/mögel)rm216	u/ml	Source	7	7
allergeeni,cladosporiumherbarum(home/mögel)m2	u/ml	Source	15	14
allergeeni,dermatophagoidespteronyssinus(pölypunkki/husdammskvalster)d1	u/ml	Source	14	14
allergeeni,heinäerittely/grässpecificeringgx1	u/ml	Source	6	6
allergeeni,hevonen(hilse)/häst(mjäll)e3	u/ml	Source	18	16
allergeeni,kissa(hilse)/katt(mjäll)e1	u/ml	Source	18	16
allergeeni,koira(hilse)/hund(mjäll)e5	u/ml	Source	19	17
allergeeni,koivu(siitepöly)/björk(pollen)	u/ml	Source	14	14
allergeeni,pencilliumspp.(home/mögel)rm217	u/ml	Source	7	7
allergeeni,pujo(siitepöly)/gråbo(pollen)w6	u/ml	Source	12	12
allergeeni,puuerittely/trädspecificeringtx9	u/ml	Source	9	9
allergeeni,pölyerittely(phadiatop)/inhalations	u/ml	Source	35	35
allergeeni,ruoka-aineryhmä,erittelyjakomponentit,igevasta-aineet	u/ml	Source	74	73
allergeeni,ruokaerittely/födoämn.specifik.fx5	u/ml	Source	20	20
allergeeni,stachybotrysatra(home/mögel)rm214	u/ml	Source	7	7
allergeeni,timotei(siitepöly)/timotej(pollen)g6	u/ml	Source	14	14
allergeeni,trichodermaviride(home/mögel)m15	u/ml	Source	7	7
am-afp	u/ml	Source	72	68
am-aminoh	ug/l	Source	8	8
am-epo	iu/l	Source	76	58
am-epo	u/l	Source	265	196
am-epo		Extracted	17	11
am-gluk	mmol/l	Source	18	18
am-lamel	e9/l	Source	266	186
am-lamellaarikappaleet	e9/l	Source	8	6
am-tag-d		Source	49	33
am-tag-ty		Source	49	33
ammonium-ioni	umol/l	Source	259	141
amoksisilliini(c6),ige-vasta-aineet,seerumista	u/ml	Source	8	8
amoxycilli	u/ml	Source	6	6
amp.myrkky	u/ml	Source	43	31
ampicillin	u/ml	Source	71	69
amylaasi	u/l	Source	1380	1194
amylaasi,kokonaisaktiivisuus	u/l	Source	8	7
amylaasi,plasmasta	u/l	Source	13	9
amylaasinkokonaisaktiivisuus	u/l	Source	13	12
amyloidibeeta-40-proteiinintutkimus,osatutkimus	ng/l	Source	12	12
amyloidibeeta-42-proteiinin,likvorista	ng/l	Source	11	11
amyloidibeeta-42/40proteiineinsuhde,osatutkimus		Source	11	11
ana	titre	Source	6	6
ananas	u/ml	Source	9	9
angap		Source	174	84
angiotensiini-1-konvertaasi	u/l	Source	286	239
anionivaje,osatutkimus	mmol/l	Source	48	34
anjovis	u/ml	Source	7	7
annosvoim		Extracted	61	25
anti-muller-hormoni	ug/l	Source	49	48
antifactorix-aktiivisuus(hepariininestovaikutus->fxa),plasmasta	iu/ml	Source	48	27
antifaktori-x-aktiivisuus,plasmasta,3h-näyte	iu/ml	Source	13	10
antifaktorix-aktiivisuus	u/ml	Source	73	30
antifaktorix-aktiivisuus,plasmasta	u/ml	Source	47	20
antikoagulanttihoidonseuranta,p-tt-inr,kapillaarinäyte		Extracted	63	8
antistreptolysiini,seerumi	u/ml	Source	12	12
antistreptolysiini,seerumista	iu/ml	Source	32	31
antitrombiini3,plasma	%	Source	33	28
antitrombiiniiii	%	Source	41	34
antitrombiiniiii,hus	%	Source	34	34
antitrombiiniiii,plasma	%	Source	30	30
antitrombiiniiii,plasmasta	%	Source	44	43
antitrombiiniiii,plasmasta	mg/l	Source	44	41
ap-ca-ion	mmol/l	Source	1484	747
ap-cl	mmol/l	Source	271	208
ap-gluk	mmol/l	Source	1509	778
ap-hco3st	mmol/l	Source	750	327
ap-k	mmol/l	Source	50234	10802
ap-k		Extracted	17	17
ap-kalium	mmol/l	Source	3943	1763
ap-lakt	mmol/l	Source	1456	704
ap-lakt		Source	9	8
ap-laktaat	mmol/l	Source	49181	10418
ap-laktaat		Extracted	14	14
ap-laktaatti	mmol/l	Source	3933	1718
ap-laktaatti(arteria)	mmol/l	Source	17	14
ap-na	mmol/l	Source	50237	10802
ap-na		Extracted	17	17
ap-natrium	mmol/l	Source	3924	1752
ap-ph		Extracted	39	32
ap-ph		Source	219	158
ap-shco3	mmol/l	Source	192	141
ap-shco3		Extracted	38	32
ap-standardibikarbonaatti	mmol/l	Source	25	20
arakidonihappo	%	Source	317	257
aripipratsoli	ug/l	Source	16	14
aripipratsolinjadehydroaripipratsolinyht.lask.pitoisuus	ug/l	Source	6	6
arseeni,epäorgaaninen	nmol/l	Source	46	28
as-afp	u/ml	Source	16	15
as-alb	g/l	Source	1131	817
as-alb	mg/l	Source	28	18
as-alb		Extracted	40	36
as-albumiini	g/l	Source	16	12
as-amyl	u/l	Source	277	222
as-amylp	u/l	Source	34	31
as-bil	umol/l	Source	27	25
as-bilirubiini	umol/l	Source	8	8
as-cea	ug/l	Source	27	25
as-eos	%	Source	98	71
as-eryt	e6/l	Source	1263	666
as-eryt		Extracted	824	543
as-erytrosyytit	e6/l	Source	22	15
as-erytrosyytit,askitesnesteestä	e6/l	Source	10	9
as-gluk	mmol/l	Source	680	543
as-gluk		Extracted	22	21
as-glukoosi	mmol/l	Source	15	13
as-gran	%	Source	140	87
as-gran		Extracted	21	8
as-krea	umol/l	Source	161	106
as-l/liusk	%	Source	218	97
as-l/yksit	%	Source	218	97
as-laktaat	mmol/l	Source	13	12
as-ld	u/l	Source	125	121
as-ld		Extracted	7	6
as-leuk	e6/l	Source	2089	1007
as-leuk		Extracted	839	549
as-leukmuu	%	Source	117	75
as-leukosyytit	e6/l	Source	19	14
as-leukosyytit,liuskatumaiset	%	Source	77	30
as-leukosyytit,yksitumaiset	%	Source	77	30
as-liuskat	%	Source	16	9
as-ly	%	Source	139	94
as-ly+mono	%	Source	21	17
as-lymf	%	Source	61	41
as-mn		Extracted	11	9
as-monit	%	Source	12	7
as-mononuk	%	Source	303	180
as-mononuk	osuus	Source	46	32
as-mononukleaarisetsolut	%	Source	44	28
as-mononukleaarisetvalkosolut	%	Source	41	28
as-muutsol	%	Source	212	137
as-muutsol		Extracted	9	6
as-muutsolut	%	Source	23	17
as-neut	%	Source	144	96
as-neut+eo	%	Source	273	159
as-neut-eo	%	Source	15	12
as-neutrofiilitjaeosinofiilit	%	Source	44	28
as-ph		Extracted	7	7
as-pmn	%	Source	151	97
as-pmn		Extracted	11	9
as-polymorfonukleaarisetvalkosolut	%	Source	41	28
as-polynuk	osuus	Source	46	32
as-prot	g/l	Source	962	743
as-prot		Extracted	67	46
as-proteiini	g/l	Source	11	9
as-sameus		Source	25	19
as-solut	e6/l	Source	741	319
as-solut		Extracted	22	8
as-trigly	mmol/l	Source	64	54
as-urea	mmol/l	Source	42	9
as-yksit	%	Source	12	7
asat/trombosyytit-indeksi		Extracted	11	8
asat/trombosyytit-indeksi		Source	100	65
asetoniaineet(kval)	estimate	Source	1981	1210
asetoniaineet(kval)		Source	17	17
asetyylikoliinireseptori,vasta-aineet	nmol/l	Source	6	6
askivuosia	u/24h	Source	177	177
aspartaattiaminotransferaasi	u/l	Source	333	260
asperg.fum	mm	Source	11	11
asperg.fum		Extracted	11	11
aspergillusfumigatus(m3),igevasta-aineet,seerumista	u/ml	Source	11	11
aspergillusfumigatus,	mg/l	Source	6	6
aspergillusfumigatus,iggvasta-aineet	mg/l	Source	43	40
aspergillusfumigatus,iggvasta-aineet,seerumista	mg/l	Source	11	11
aspergillusfumigatusige	u/ml	Source	15	15
aspergillusversicolorige	u/ml	Source	15	15
astma-test		Extracted	15	14
astma-testi		Source	41	37
astmatesti	u	Source	138	63
astmatesti		Extracted	136	108
astmatesti		Source	7	7
astmatesti,tk		Source	161	124
atyyppisetlymfosyytit,osuus	%	Source	8	8
audit	form	Source	399	398
audit		Extracted	173	159
audit		Source	273	229
audit-10		Source	10	10
audit-c		Extracted	21	21
audit-c		Source	166	143
auditkysely	form	Source	414	411
aureobasidiumpullulans,igg	mg/l	Source	7	7
avocado	u/ml	Source	11	11
b-6-me-mp	pmol/02ml	Source	345	242
b-6-me-mp	umol/l	Source	110	78
b-6-me-mp		Extracted	506	347
b-6-me-mp		Source	131	96
b-6-metyyli-merkaptopuriini	pmol/02ml	Source	134	96
b-6-metyyli-merkaptopuriini		Source	23	21
b-6-metyylimerkaptopuriini	umol/l	Source	8	6
b-6-tgn	pmol/02ml	Source	368	250
b-6-tgn	umol/l	Source	110	80
b-6-tgn		Extracted	483	328
b-6-tgn		Source	126	94
b-adp	auc	Source	28	26
b-aivoinr	inr	Source	203	188
b-amokbat	%	Source	12	12
b-angap	mmol/l	Source	51115	8019
b-angap		QCOut	138	61
b-anionivaje	mmol/l	Source	9462	2127
b-anionivaje		Extracted	10	7
b-aspi	auc	Source	28	26
b-b-cd19	e6/l	Source	913	577
b-b-cd19	e9/l	Source	1826	778
b-b-cd19		Extracted	1315	718
b-b-cd19,b-solut	e9/l	Source	110	84
b-b-lymfosyytit	e6/l	Source	665	349
b-b-tyypinnatriureettinenpeptidi	ng/l	Source	7	7
b-ba/abs	e9/l	Source	797	315
b-ba/abs		Source	1305	495
b-bakt	%	Source	29	28
b-bakteeri,viljely		QCOut	61	48
b-baktvi		QCOut	185	155
b-baktvi-aerobi		QCOut	126	105
b-baktvi-anaerobi		QCOut	138	125
b-bas	%	Source	15318	10580
b-bas	e9/l	Source	10522	1961
b-basabs	e9/l	Source	108	88
b-base	basepru	Source	12	12
b-baso	%	Source	10493	3578
b-baso	e9/l	Source	1025694	189918
b-baso		Extracted	357899	69422
b-baso		Source	557	241
b-baso,tk		Extracted	11	11
b-baso,tk		Source	15	15
b-basof	e9/l	Source	4729	2384
b-basof		Extracted	19444	7472
b-basofiili	e9/l	Source	73	30
b-basofiilisetleukosyytit	e9/l	Source	25299	9991
b-basofiilisetleukosyytit		Extracted	9	9
b-basofiilit	%	Source	121	71
b-basofiilit	e9/l	Source	17451	6665
b-basofiilit,suhde	%	Source	21	10
b-basofiilit-act5diffillä	%	Source	178	80
b-basofiilitabsoluuttinenmäärä		Extracted	15	15
b-be	mmol/l	Source	19713	6232
b-be		Extracted	15768	5257
b-beeta-hydroksibutyraatti,pika	mmol/l	Source	39	28
b-beeta-hydroksibutyraatti,pikamääritys,verestä	mmol/l	Source	6	6
b-beeta-hydroksibutyraatti,pikatutkimus,verestä	mmol/l	Source	85	57
b-blast	%	Source	14	11
b-bmuisti	%	Source	31	30
b-bnaive	%	Source	31	30
b-bnp-v		Extracted	17	17
b-bnp-v		Source	106	51
b-bplasbl	%	Source	16	15
b-btrans	%	Source	30	29
b-c-reaktiivinenproteiini	mg/l	Source	29	25
b-c-reaktiivinenproteiini		Source	145	101
b-c-reaktiivinenproteiini,vieritesti		Extracted	48	32
b-c-reaktiivinenproteiinipika		Source	189	120
b-c-resktiivinenproteiini	mg/l	Source	1192	710
b-c-resktiivinenproteiini		Extracted	61	57
b-c/adp	s	Source	32	30
b-c/epi	s	Source	139	122
b-ca++-v	mmol/l	Source	47	42
b-ca++-v		Extracted	57	49
b-caionpf	mmol/l	Source	652	36
b-cardiac,ckmb	ng/ml	Source	14	6
b-cardiac,myoglobiini	ng/ml	Source	24	14
b-cd	nmol/l	Source	51	40
b-cd16/56	e6/l	Source	12	11
b-cd16/56	e9/l	Source	2589	1296
b-cd16/56		Extracted	12	12
b-cd16/cd56	e9/l	Source	262	186
b-cd19	e6/l	QCOut	64	44
b-cd19	e6/l	Source	3827	1243
b-cd19	e9/l	QCOut	36	31
b-cd19	e9/l	Source	2817	1370
b-cd19		Extracted	52	43
b-cd3	e6/l	QCOut	3872	1257
b-cd3	e6/l	Source	20	7
b-cd3	e9/l	QCOut	2851	1390
b-cd3		Extracted	11	11
b-cd3		QCOut	41	32
b-cd3-positiivisett-lymfosyytit	e6/l	Source	665	349
b-cd34	e6/l	Source	193	118
b-cd34		Extracted	19	17
b-cd34-fc	e6/l	Source	143	53
b-cd34-positiivisetkantasolut	e6/l	Source	19	12
b-cd4	e6/l	Source	3893	1258
b-cd4	e9/l	Source	2852	1391
b-cd4		Extracted	52	43
b-cd4-cm	%	Source	32	26
b-cd4-em	%	Source	31	25
b-cd4-positiivisett-lymfosyytit	e6/l	Source	665	349
b-cd4-rte	%	Source	31	25
b-cd4akt	%	Source	29	23
b-cd4emra	%	Source	29	23
b-cd4naiv	%	Source	32	26
b-cd4sup	ng/ml	Source	43	23
b-cd4treg	%	Source	29	23
b-cd8	e6/l	Source	3892	1258
b-cd8	e9/l	Source	2852	1391
b-cd8		Extracted	52	43
b-cd8-cm	%	Source	30	24
b-cd8-em	%	Source	32	26
b-cd8-positiivisett-lymfosyytit	e6/l	Source	665	349
b-cd8akt	%	Source	30	24
b-cd8emra	%	Source	30	24
b-cd8naiv	%	Source	32	26
b-ckmbmv		Extracted	89	64
b-ckmbmv		Source	88	63
b-cl	mmol/l	Source	51262	8022
b-co	ug/l	Source	3759	1968
b-co		Extracted	571	437
b-col/adp	s	Source	46	41
b-col/epi	s	Source	62	55
b-cr	ug/l	Source	3296	1793
b-cr		Extracted	564	445
b-crp	mg/l	Source	2366	1300
b-crp		Extracted	1357	1048
b-crp		Source	1993	730
b-crp,pikatesti,veri	mg/l	Source	66	59
b-crp-0	mg/l	Source	280	137
b-crp-o	mg/l	Source	1516	637
b-crp-o		Extracted	282	157
b-crp-o		Source	2842	1135
b-crp-os		Extracted	462	267
b-crp-ospkl		Extracted	479	284
b-crp-pik	mg/l	Source	353	211
b-crp-pik		Extracted	1059	525
b-crp-pika	mg/l	Source	2088	858
b-crp-pika		Extracted	798	430
b-crp-poc	mg/l	Source	3319	1408
b-crp-poc		Extracted	24	21
b-crp-pt	mg/l	Source	479	383
b-crp-pt		Source	259	170
b-crp-tth	mg/l	Source	61	34
b-crp-v	mg/l	Source	1837	882
b-crp-v		Extracted	202	166
b-crp-vt	mg/l	Source	16204	10634
b-crp-vt		Extracted	2468	1605
b-crp-vt		Source	1497	819
b-crp-vt(avo)	mg/l	Source	7	6
b-crpp	mg/l	Source	6753	4557
b-crppika	mg/l	Source	17	15
b-cya	ug/l	Source	25511	1217
b-cya		Extracted	321	73
b-cya-mit	ug/l	Source	764	163
b-cya-ms	ug/l	Source	33050	1159
b-cya-ms		Extracted	20	13
b-cya-ms		Source	33	9
b-cya2	ug/l	Source	74	48
b-d-dim		Extracted	11	11
b-d-dim		Source	6	6
b-d-dimer	mg/l	Source	538	423
b-d-dimer		Extracted	10	10
b-dextro	mmol/l	Source	291	212
b-diffi	%	Source	63	35
b-diffi	e9/l	Source	67	30
b-diffi	form	Source	14	9
b-diffi	paketti	Source	7	6
b-diffi		Source	42	36
b-diffi,bas	%	Source	124	75
b-diffi,eos	%	Source	126	76
b-diffi,l-bas	%	Source	95	60
b-diffi,l-eos	%	Source	99	63
b-diffi,l-liusk	%	Source	67	47
b-diffi,l-lym	%	Source	64	45
b-diffi,l-lymf	%	Source	39	18
b-diffi,l-metam	%	Source	38	17
b-diffi,l-mon	%	Source	104	63
b-diffi,l-myel	%	Source	39	18
b-diffi,l-neutr	%	Source	38	17
b-diffi,l-plast	%	Source	38	17
b-diffi,l-promyel	%	Source	38	17
b-diffi,l-sauv	%	Source	69	47
b-diffi,lymf	%	Source	130	77
b-diffi,mon	%	Source	128	76
b-diffi,muut		Extracted	26	20
b-diffi,nlt	%	Source	128	77
b-diffi,nst	%	Source	129	77
b-dpd		Source	11	11
b-egfr-pt		Source	116	95
b-ehba1c	mmol/mol	Source	7	6
b-eos	%	Source	25755	13999
b-eos	e6/l	Source	168	128
b-eos	e9/l	Source	1092958	199718
b-eos		Extracted	381535	71867
b-eos		Source	757	390
b-eos,tk		Extracted	11	11
b-eos,tk		Source	15	15
b-eosabs	%	Source	84	77
b-eosabs	e9/l	Source	1670	403
b-eosin	e9/l	Source	12142	5154
b-eosin		Extracted	19436	7464
b-eosinifiilit-act5diffillä	%	Source	178	80
b-eosinofiili	%	Source	73	30
b-eosinofiilit	%	Source	79	69
b-eosinofiilit	e9/l	Source	51900	20234
b-eosinofiilit		Extracted	311	210
b-eosinofiilit(ko)	e9/l	Source	6	6
b-eosinofiilit,absoluuttiset	e9/l	Source	19	8
b-eosinofiilit,b-diffiosatutkimus	e9/l	Source	775	468
b-eosinofiilit,b-diffiosatutkimus2225	e9/l	Source	32	27
b-eosinofiilit,erillistutkimuksena	e9/l	Source	58	56
b-eosinofiilit,lukumäärä	e9/l	Source	2813	895
b-eosinofiilit,verestä	e9/l	Source	727	552
b-eosinofiilitabsoluuttinenmäärä	e9/l	Source	15	15
b-eosinofiiliterillistutkimuksena	e9/l	Source	18	18
b-eosonofiilit,b-diffiosatutkimus	e9/l	Source	12	7
b-erblas	e9/l	Source	2891	1624
b-erblast	e9/l	Source	313458	60226
b-erblast		Extracted	314168	55120
b-ertytrosyytit	e12/l	Source	31	11
b-erybla	e9/l	Source	1041959	95246
b-erybla		Extracted	164791	30965
b-erybla		Source	4004	855
b-erybla(19978b-erybla),osatutkimus	e9/l	Source	162	136
b-erybla,osatutkimus(19978b-erybla)	e9/l	Source	1567	971
b-erybla,osatutkimus(b-erybla)	e9/l	Source	3705	1889
b-eryt	%	Source	760	388
b-eryt	e12/	Source	18	14
b-eryt	e12/l	QCOut	8	8
b-eryt	e12/l	Source	8026167	463658
b-eryt	e9/l	Source	325	286
b-eryt	form	Source	34	34
b-eryt		Extracted	2671557	244934
b-eryt		QCOut	7	6
b-eryt		Source	29963	5996
b-erytbi	u/100l	Source	8	6
b-erytbi		Source	8	7
b-erytbl	%	Source	53	13
b-erytbl	e9/l	Source	1107	612
b-erytbl	u/100l	Source	1291	501
b-erytbl		Source	272	122
b-erytp	e12/l	Source	7635	4767
b-erytroblasti	e9/l	Source	1447	806
b-erytroblastit	e9/l	Source	151903	27027
b-erytroblastit		Extracted	10379	3507
b-erytroblastit		Source	9	9
b-erytroblastit,absoluuttiset,automaattidiffi	e9/l	Source	6497	3824
b-erytrosyytit	1	Source	10	9
b-erytrosyytit	e12/l	Source	324095	72924
b-erytrosyytit		Extracted	107	88
b-erytrosyytit		Source	133	80
b-erytrosyytit(tilavuusosuus)	osuus	Source	1808	665
b-erytrosyytit,kokojakaumaprosentti	%	Source	388	295
b-erytrosyytit,normoblastit,mikroskopointi	u/100l	Source	332	145
b-erytrosyytit,normoblastit,mikroskopointi		Extracted	20	14
b-erytrosyytit,poc-tutkimus	e12/l	Source	447	132
b-erytrosyytit,tilavuusosuus	%	Source	85071	17321
b-erytrosyytit,tilavuusosuus	1	Source	11	11
b-erytrosyytit,tilavuusosuus	osuus	Source	292477	66365
b-erytrosyytit,tilavuusosuus		Extracted	2851	1343
b-erytrosyytit,tilavuusosuus		Source	8127	1952
b-erytrosyytit,tilavuusosuus(hematokriitti)	%	Source	177	167
b-erytrosyytit,tilavuusosuus,pikahoitoyksiköt	osuus	Source	42	37
b-erytrosyytit,tilavuusosuus,pikahoitoyksiköt		Extracted	196	146
b-erytrosyytit,tilavuusosuus,pikatesti	osuus	Source	27	25
b-erytrosyytit,tilavuusosuus,vieritutkimus	%	Source	29	23
b-erytrosyytit,tilavuusosuuspoc-tutkimus	%	Source	448	132
b-erytrosyytit,vieritutkimus	e12/l	Source	29	23
b-erytrosyyttientilavuusosuus	%	Source	7609	3811
b-erytrosyyttientilavuusosuus	osuus	Source	6319	3291
b-etoh	promille	Source	11	11
b-etoh	umol/l	Source	18	9
b-everoli	ug/l	Source	269	18
b-everoli		Extracted	12	6
b-everolimuusi	ug/l	Source	79	8
b-everoms	ug/l	Source	1143	80
b-everoms		Extracted	33	17
b-fibriinind-dimeerit	mg/l	Source	83	79
b-fibriinind-dimeerit		Extracted	9	9
b-fibriinind-dimeerit		Source	8	8
b-fibriinind-dimeerit(kval)	mg/l	Source	7	7
b-fidd	mg/l	Source	1817	1411
b-fidd		Extracted	133	118
b-fidd		Source	108	98
b-fidd-o	mg/l	Source	814	627
b-fidd-o		Extracted	127	115
b-fidd-o		Source	131	114
b-fidd-p	mg/l	Source	27	24
b-fidd-pika	mg/l	Source	27	25
b-fidd-pt	mg/i	Source	44	42
b-fidd-pt	mg/l	Source	142	124
b-fidd-pt		Source	37	34
b-fidd-v		Source	57	55
b-fidd-vt	mg/l	Source	1308	1233
b-fidd-vt		Extracted	215	190
b-fidd-vt		Source	20	19
b-fiddp	mg/l	Source	776	704
b-fiddpik		Extracted	65	61
b-fosfatidyylietanoli	umol/l	Source	4774	2866
b-fosfatidyylietanoli		Extracted	386	298
b-fosfatidyylietanoli		Source	144	80
b-fosfatidyylietanoli,verestä	umol/l	Source	1534	905
b-fosfatidyylietanoli,verestä		Extracted	45	27
b-fosfatidyylietanoli,verestä(ko)	umol/l	Source	13	7
b-fosfatidyylietanoli,verestä(pi)	umol/l	Source	6	6
b-fosfatidyylietanoli,verestä,peth	umol/l	Source	37	26
b-fosfatidyylietanolivita	umol/l	Source	42	35
b-fosfori,kokoveren	mmol/l	Source	7	7
b-gal	mmol/l	Source	135	125
b-ghb-a1c	%	QCOut	132	110
b-ghb-a1c	%	Source	48425	28411
b-ghb-a1c	mmol/mol	Source	2058	863
b-ghb-a1c		QCOut	38328	24375
b-ghb-a1c		Source	708	545
b-ghb-a1c,tk		Source	5295	2240
b-ghb-a1cv	mmol/mol	Source	346	139
b-ghba1c	%	Source	3607	2426
b-ghba1c		QCOut	8	7
b-ghba1c-	%	Source	123	47
b-ghba1c-l		Source	10	9
b-ghba1c-liuska		Source	69	38
b-ghba1c-o		Source	31	22
b-ghba1c-oma	%	Source	360	85
b-ghba1c/	%	Source	564	179
b-ghba1c/		QCOut	10	9
b-ghba1c/p	%	Source	506	221
b-ghba1c/p		QCOut	187	119
b-ghba1c/pika	%	Source	718	356
b-ghba1cp	%	QCOut	15	11
b-ghba1cp	%	Source	873	479
b-ghba1cp		QCOut	3927	929
b-ghba1cv		Extracted	6	6
b-ghbpika		Source	141	51
b-glu-liu		Extracted	21	17
b-gluk	mmol/l	Source	623	312
b-gluk		Extracted	387	324
b-gluk		Source	419	365
b-gluk(vo.hoitaja)	atj/25t	Source	10	8
b-gluk(vo.hoitaja)	atj/2t	Source	13	10
b-gluk(vo.hoitaja)	atj/3t	Source	11	10
b-gluk(vo.hoitaja)		Extracted	63	49
b-gluk-o		Extracted	68	55
b-gluk-o		Source	60	45
b-gluk-oma		Source	43	34
b-gluk-pi	mmol/l	Source	59	45
b-gluk-pi		Extracted	81	64
b-gluk-pika	mmol/l	Source	44	43
b-gluk-pika		Extracted	112	91
b-gluk-pt	mmol/l	Source	51	47
b-gluk-pt		Extracted	81	78
b-gluk-vt	mmol/l	Source	62	49
b-gluk-vt		Extracted	154	137
b-gluk/pi	mmol/l	Source	295	216
b-gluk/pi		Extracted	28	27
b-gluk/pi		Source	1091	452
b-gluk/pik	mmol/l	Source	945	554
b-gluk/pika		Source	1575	939
b-gluk/tt		Source	114	30
b-gluk/tth		Source	46	25
b-glukhoi	mmol/l	Source	52	45
b-glukhoi		Extracted	49	46
b-glukhoi		Source	45	25
b-glukoche		Source	57	46
b-glukoosi(vo.hoitaja)		Extracted	10	10
b-glukoosi,hoitoyksikönvieritesti,kokoveri		Extracted	521	456
b-glukoosi,hoitoyksikönvieritesti,kokoveri		Source	162	142
b-gran	%	Source	9	9
b-gran	e9/l	Source	160	101
b-happamuusaste		Source	653	323
b-happikyllästeisyys(hemoglobiini)	%	Source	53	13
b-happiosapaine	kpa	Source	56	13
b-hb	e12/l	Source	12	12
b-hb	e9/l	Source	520	332
b-hb	form	Source	34	34
b-hb	g/l	Source	10047202	470926
b-hb		Extracted	873871	140705
b-hb		Source	21231	4550
b-hb,tk		Extracted	528	404
b-hb,tk		Source	486	389
b-hb-a1	%	Source	16	11
b-hb-a1	mmol/mol	Source	21	14
b-hb-a1c	%	QCOut	112	103
b-hb-a1c	%	Source	43474	26753
b-hb-a1c	%/mmol	Source	29	21
b-hb-a1c	mmol/l	Source	12	7
b-hb-a1c	mmol/mol	Source	7611	3520
b-hb-a1c		QCOut	18849	10958
b-hb-a1c		Source	65	57
b-hb-co	%	Source	82147	17084
b-hb-co		QCOut	213	132
b-hb-co		Source	21	20
b-hb-co.	%	Source	1009	238
b-hb-f	%	Source	601	120
b-hb-f-vr	%	Source	24	24
b-hb-hoi		Extracted	220	94
b-hb-hy		Source	44	43
b-hb-met	%	Source	81067	16654
b-hb-met		QCOut	141	117
b-hb-met		Source	17	16
b-hb-met.	%	Source	1016	242
b-hb-o	g/l	Source	31	28
b-hb-o		Source	225	158
b-hb-oliu		Extracted	49	18
b-hb-oliuska		Extracted	41	23
b-hb-opik		Source	44	38
b-hb-ospk	g/l	Source	52	33
b-hb-ospkl	g/l	Source	27	22
b-hb-p	g/l	Source	19	17
b-hb-p		Source	39	33
b-hb-pika		Extracted	375	253
b-hb-poc	g/l	Source	25	16
b-hb-poc		Source	105	68
b-hb-pt	g/l	Source	651	540
b-hb-pt		Source	157	128
b-hb-th	g/l	Source	90	60
b-hb-vieri	g/l	Source	6	6
b-hb-vt	g/l	Source	2922	1356
b-hb-vt		Extracted	280	210
b-hb-vt		Source	1018	722
b-hb/pika	g/l	Source	2428	1354
b-hb:	g/l	Source	625	280
b-hba1c	%	QCOut	19	12
b-hba1c	%	Source	758	551
b-hba1c	form	Source	16	14
b-hba1c	mmol	Source	1218	544
b-hba1c	mmol/l	Source	134	88
b-hba1c	mmol/m	Source	2829	2419
b-hba1c	mmol/ml	Source	138	112
b-hba1c	mmol/mol	Source	1619586	370695
b-hba1c		QCOut	353701	102381
b-hba1c		Source	1421	756
b-hba1c,t		QCOut	4688	1897
b-hba1c,t		Source	559	485
b-hba1c,tk		Source	6493	2701
b-hba1c-e	mmol/mol	Source	85	61
b-hba1c-o		Source	213	86
b-hba1c-om		Extracted	126	49
b-hba1c-oma		Extracted	391	109
b-hba1c-opikamittari		Source	65	45
b-hba1c-p	%	Source	148	99
b-hba1c-p	mmol/mol	Source	864	329
b-hba1c-p		QCOut	54	48
b-hba1c-pika		Extracted	11	10
b-hba1c/p	mmol/mol	Source	568	179
b-hba1c/p		QCOut	10	9
b-hba1c/pi		Extracted	985	421
b-hba1c/pika	mmol/mol	Source	452	183
b-hba1c/pika		QCOut	794	498
b-hba1chy	mmol/mol	Source	261	73
b-hba1cp	%	Source	1565	694
b-hba1cp	mmol/mol	Source	13766	2170
b-hba1cp		QCOut	23	23
b-hba1cpi	mmol/mol	Source	1299	306
b-hba1cvt	%	QCOut	39	37
b-hba1cvt	%	Source	7582	1170
b-hba1cvt	mmol/mol	Source	10683	2323
b-hba1cvt		QCOut	959	286
b-hba1cvt		Source	2236	565
b-hbf-fc	%	Source	16	16
b-hbfvol	ml	Source	14	14
b-hbhoi	g/l	Source	496	377
b-hbhoi		Source	65	32
b-hbo2sat	%	Source	380	62
b-hbp	g/l	Source	6697	4247
b-hbpika	g/l	Source	177	157
b-hbpika		Source	61	52
b-hbpoc	g/l	Source	639	342
b-hbpvk	g/l	Source	79	43
b-hbpäiv		Extracted	54	35
b-hbvt	g/l	Source	31	29
b-hco3	mmol/l	Source	3017	650
b-hematokriitti	osuus	Source	31	11
b-hemocue	g/l	Source	385	267
b-hemocue		Extracted	69	48
b-hemoglobiini	g/l	Source	172668	50720
b-hemoglobiini		Extracted	68	54
b-hemoglobiini		Source	44	32
b-hemoglobiini,pikatesti	g/l	Source	27	25
b-hemoglobiini,poc-tutkimus	g/l	Source	448	132
b-hemoglobiini,vieritutkimus	g/l	Source	52	44
b-hemoglobiini,vieritutkimus		Extracted	37	22
b-hemoglobiini,vieritutkimus		Source	325	237
b-hemoglobiini-a1c	mmol/m	Source	7630	6862
b-hemoglobiini-a1c	mmol/mol	Source	57562	41252
b-hemoglobiini-a1c		QCOut	92	63
b-hemoglobiini-a1c		Source	18	17
b-hemoglobiini-a1c,(mmol/mol)pika,hoitoyksiköt	mmol/mol	Source	272	145
b-hemoglobiini-a1c,glykoitunut	%	Source	455	397
b-hemoglobiini-a1c,glykoitunut	mmol/mol	Source	271	197
b-hemoglobiini-a1c,glykoitunut		Extracted	9	9
b-hemoglobiini-a1c,pika		Source	17	10
b-hemoglobiini-a1c,verestä	mmol/m	Source	87	76
b-hemoglobiini-a1c,verestä	mmol/mol	Source	84	59
b-hemoglobiini-a1c,vieritesti	mmol/mol	Source	106	64
b-hemoglobiini-a1c,vieritesti		Source	147	136
b-hemoglobiinia1c,glykoitunut,pikatesti,osavastauspika-ghb-a1c	%	Source	32	22
b-hemoglobiinia1c,glykoitunut,pikatesti,osavastauspika-hba1c	mmol/mol	Source	32	22
b-hemoglobiinipika		Extracted	7	7
b-hemoglobiinipikahoitoyksiköt	g/l	Source	513	362
b-hemoglobiinipikamittari		Source	6	6
b-hemoglobiinipvk:nosana	g/l	Source	336	236
b-hemoglopiini	g/l	Source	465	131
b-heparab		QCOut	26	21
b-hepartp	au/l	Source	15	13
b-hepartp	u/ml	Source	105	92
b-hepartp		Extracted	7	6
b-hepartp		QCOut	15	13
b-hg	nmol/l	Source	63	44
b-hhb	%	Source	580	265
b-hhb		Extracted	42	34
b-hhv6nh	u/ml	Source	369	71
b-hkr	%	QCOut	36	35
b-hkr	%	Source	4824655	323177
b-hkr	fl	Source	7241	5159
b-hkr	form	Source	33	33
b-hkr	l/l	Source	3191	1357
b-hkr	osuus	Source	4240709	249403
b-hkr		Extracted	881108	145863
b-hkr		Source	868517	60955
b-hkr(erytrosyytit,tilavuusosuus)	osuus	Source	39604	10768
b-hkr.fol	%	Source	28	24
b-hkr.fol		Source	153	116
b-hkrfol		Source	10	7
b-hkrhoi	osuus	Source	18	18
b-hkrhoi		Extracted	155	130
b-hkrp	%	Source	1281	200
b-inhibit	%	Source	11	11
b-inr	inr	Source	41	39
b-inr-oma		Source	305	13
b-inr-pik		Extracted	1032	977
b-inr-pik		Source	4385	1437
b-inr-pika		Source	847	42
b-inr-pt	inr	Source	390	375
b-inr-pt		Source	6	6
b-inr-vt		Extracted	283	65
b-inr-vt		Source	76	42
b-inrpika	inr	Source	1540	51
b-inrpika		Extracted	1503	52
b-inrvieri		Extracted	218	29
b-inrvieri		Source	755	39
b-k	mmol/l	Source	59422	9339
b-k		Extracted	451	321
b-k(pika)	mmol/l	Source	27	25
b-k-diffi,lym	e9/l	Source	23	10
b-k-diffi,lym		Extracted	21	10
b-k-diffi,mxd	%	Source	22	10
b-k-diffi,mxd	e9/l	Source	23	10
b-k-diffi,neut	%	Source	22	10
b-k-diffi,neut	e9/l	Source	23	10
b-k-pt	mmol/l	Source	524	424
b-k-pt		Source	112	93
b-k-v	mmol/l	Source	62	52
b-k-v		Extracted	67	56
b-k-vt	mmol/l	Source	150	114
b-kalium	mmol/l	Source	10600	2467
b-kalium,kokoveren	mmol/l	Source	7	7
b-kalium,pikatesti,veri	mmol/l	Source	181	160
b-kdiffi,b-baso	e9/l	Source	465	59
b-kdiffi,b-eos	e9/l	Source	466	59
b-kdiffi,b-lymf	e9/l	Source	466	59
b-kdiffi,b-monos	e9/l	Source	466	59
b-kdiffi,b-neut	e9/l	Source	468	59
b-kdiffi,baso	%	Source	469	60
b-kdiffi,eos	%	Source	469	60
b-kdiffi,lymf	%	Source	473	60
b-kdiffi,mono	%	Source	472	60
b-kdiffi,neut	%	Source	467	59
b-kdiffi,neut		Extracted	8	6
b-kefabat	%	Source	17	17
b-keto		Extracted	42	41
b-keto		Source	32	31
b-keto-o		Extracted	14	10
b-keto-o		Source	24	19
b-keto-ospkl		Source	9	6
b-keto/pi	mmol/l	Source	31	27
b-keto/pik	mmol/l	Source	173	133
b-keto/pik		Extracted	358	259
b-ketoaineet		Extracted	79	71
b-ketoaineet,pikahoitoyksiköt(beeta-hydroksibutyraatti)		Extracted	12	9
b-keton-sn	mmol/l	Source	14	12
b-ketoniaineet(pikatesti)sormenpääverestä		Extracted	22	17
b-ketoniaineet(pikatesti)sormenpääverestä		Source	11	10
b-ketostix		Extracted	27	22
b-kloridi	mmol/l	Source	9499	2129
b-ko/adp1	s	Source	570	438
b-ko/adp1		Extracted	16	15
b-ko/adp2	s	Source	565	440
b-ko/adp2		Extracted	16	15
b-ko/adp3	s	Source	50	48
b-ko/epi1	s	Source	525	411
b-ko/epi1		Extracted	16	15
b-ko/epi2	s	Source	526	412
b-ko/epi2		Extracted	16	15
b-ko/epi3	s	Source	66	59
b-koboltti	ug/l	Source	161	118
b-kokonaishemoglobiini,verikaasuanalysaattorista	g/l	Source	52	12
b-konedif,baso		Extracted	395	104
b-konedif,baso		Source	15	9
b-konedif,eos		Extracted	395	104
b-konedif,eos		Source	15	9
b-konedif,lymf		Extracted	395	104
b-konedif,lymf		Source	15	9
b-konedif,lymph	%	Source	1314	592
b-konedif,monos		Extracted	395	104
b-konedif,monos		Source	15	9
b-konedif,mxd	%	Source	1308	589
b-konedif,neut	%	Source	1306	588
b-konedif,neutro		Extracted	395	104
b-konedif,neutro		Source	17	11
b-konedif,neuttot	e9/l	Source	1303	587
b-konediffi,5-osanen,osavastausb-baso	e9/l	Source	154	30
b-konediffi,5-osanen,osavastausb-eos	e9/l	Source	154	30
b-konediffi,5-osanen,osavastausb-lymf	e9/l	Source	154	30
b-konediffi,5-osanen,osavastausb-monos	e9/l	Source	154	30
b-konediffi,5-osanen,osavastausb-neut	e9/l	Source	156	30
b-konediffi,5-osanen,osavastausbaso	%	Source	156	30
b-konediffi,5-osanen,osavastauseos	%	Source	157	30
b-konediffi,5-osanen,osavastauslymf	%	Source	158	30
b-konediffi,5-osanen,osavastausmono	%	Source	158	30
b-konediffi,5-osanen,osavastausneut	%	Source	158	30
b-kopoltti		Extracted	18	16
b-krea		Extracted	449	319
b-krea(pika)	umol/l	Source	26	25
b-krea-pt	umol/l	Source	567	459
b-krea-pt		Source	123	101
b-krea-vt	mmol/l	Source	155	114
b-kreases	umol/l	Source	446	142
b-kreatiniini	umol/l	Source	49	41
b-kreatiniini,hoitoyksikönvieritesti,veri		Source	167	132
b-kreatiniini,pikatesti,veri	umol/l	Source	186	165
b-kromi	ug/l	Source	302	255
b-kromi		Extracted	20	18
b-la	form	Source	155	153
b-la	mm	Source	62	43
b-la	mm/h	Source	1232792	306006
b-la	mmol	Source	365	118
b-la		Extracted	149889	63568
b-la		Source	6307	3017
b-la-oma	mm/h	Source	41	40
b-laktaat	mmol/l	Source	262	190
b-laktaatti,päivystystutkimus	mmol/l	Source	11294	3143
b-laktaatti,vierilaitteella	mmol/l	Source	12	11
b-laktaatti,vieritutkimus	mmol/l	Source	28	14
b-lakteh	mmol/l	Source	345	103
b-laktevt	mmol/l	Source	408	268
b-laktevt		Extracted	563	363
b-laktteh	mmol/l	Source	59507	9983
b-lap	mm/h	Source	2726	2271
b-lasko	mm/h	Source	15430	9386
b-lasko		Extracted	36	26
b-lcd34	e6/l	Source	251	84
b-lcd34	e9/l	Source	228	138
b-leuc	e9/l	Source	4054	1241
b-leuc		Extracted	6	6
b-leuc-v		Extracted	538	390
b-leuc-v		Source	459	344
b-leudiff	e9/l	Source	20	18
b-leuk	e9/l	Source	7601140	460878
b-leuk	form	Source	34	34
b-leuk	g/l	Source	321	284
b-leuk		Extracted	2588172	231711
b-leuk		Source	21413	4790
b-leuk,tk		Extracted	12	12
b-leuk,tk		Source	15	15
b-leuk-hoi		Extracted	105	68
b-leuk-o	e9/l	Source	59	54
b-leuk-o		Extracted	63	50
b-leuk-o-oma		Extracted	19	15
b-leuk-pi	e9/l	Source	46	41
b-leuk-pika	e9/l	Source	478	247
b-leuk-pt	e9/l	Source	678	563
b-leuk-pt		Extracted	61	59
b-leuk-pt		Source	187	145
b-leuk-vt	e9/l	Source	2468	1619
b-leuk-vt	ng/l	Source	134	76
b-leuk-vt		Extracted	806	465
b-leuk-vt		Source	96	79
b-leuk/pi		Extracted	380	293
b-leukdiffpikanäyte	e9/l	Source	14	13
b-leukosyytit	1	Source	10	9
b-leukosyytit	e9/l	Source	370214	82454
b-leukosyytit		Extracted	5637	2417
b-leukosyytit		Source	9	7
b-leukosyytit,pikatutkimus	e9/l	Source	15	15
b-leukosyytit,poc-tutkimus	e9/l	Source	448	132
b-leukosyytit,vieritutkimus		Extracted	139	109
b-leukosyytit,vieritutkimus		Source	95	90
b-leukosyytiterittelylaskenta,vieritutkimus,osavastausb-baso-vt		Extracted	10	10
b-leukosyytiterittelylaskenta,vieritutkimus,osavastausb-eos-vt		Extracted	10	10
b-leukosyytiterittelylaskenta,vieritutkimus,osavastausb-ly-vt		Extracted	10	10
b-leukosyytiterittelylaskenta,vieritutkimus,osavastausb-monosvt		Extracted	10	10
b-leukosyytiterittelylaskenta,vieritutkimus,osavastausb-neut-vt		Extracted	10	10
b-leukosyytiterittelylaskenta,vieritutkimus,osavastausl-baso-vt		Extracted	9	9
b-leukosyytiterittelylaskenta,vieritutkimus,osavastausl-eos-vt		Extracted	9	9
b-leukosyytiterittelylaskenta,vieritutkimus,osavastausl-ly-vt		Extracted	10	10
b-leukosyytiterittelylaskenta,vieritutkimus,osavastausl-monosvt		Extracted	10	10
b-leukosyytiterittelylaskenta,vieritutkimus,osavastausl-neut-vt		Extracted	10	10
b-leukp	e9/l	Source	7464	4618
b-leukp		Source	53	48
b-leukppi	e9/l	Source	22	22
b-leukpä	e9/l	Source	105	73
b-leukvt	e9/l	Source	330	199
b-leupika	e9/l	Source	122	113
b-leupika		Source	13	11
b-lius	%	Source	16	12
b-liuskat	e9/l	Source	28124	8521
b-lt	e9/l	Source	1300	533
b-luc	e9/l	Source	17	6
b-luc		Extracted	32	11
b-ly	%	Source	20881	13401
b-ly	e9/l	Source	784182	156318
b-ly		Extracted	335079	64045
b-ly		Source	198	162
b-ly/abs	e9/l	Source	797	315
b-ly/abs		Source	1305	495
b-lydiff	%	Source	8	8
b-lym	%	Source	2560	1108
b-lym	e9/l	Source	2469	1034
b-lym		Extracted	13	8
b-lymf	%	Source	4438	972
b-lymf	e9/l	Source	275627	50839
b-lymf		Extracted	9829	5708
b-lymf		Source	511	190
b-lymf,tk		Extracted	11	11
b-lymf,tk		Source	15	15
b-lymf-m	%	Source	131	63
b-lymf-m		Source	15	12
b-lymfo	e9/l	Source	324	216
b-lymfo		Extracted	87	53
b-lymfos	%	Source	173	146
b-lymfos	e9/l	Source	4466	2359
b-lymfos		Extracted	19817	7638
b-lymfosy	e9/l	Source	7747	6033
b-lymfosy		Extracted	8	6
b-lymfosy		Source	11	11
b-lymfosyytit	%	Source	542	238
b-lymfosyytit	e9/l	Source	51684	19174
b-lymfosyytit		Extracted	13	13
b-lymfosyytit		Source	23	15
b-lymfosyytit,3-osa	e9/l	Source	2067	1750
b-lymfosyytit,abs	e9/l	Source	2753	2325
b-lymfosyytit,auttajasolujenosuus	%	Source	51	24
b-lymfosyytit,b-cd19-solut	e6/l	Source	195	149
b-lymfosyytit,b-solujenmäärä	e9/l	Source	28	15
b-lymfosyytit,lukumäärä	e9/l	Source	158	74
b-lymfosyytit,lukumäärä		Source	42	29
b-lymfosyytit,t-auttajasolujenmäärä	e9/l	Source	56	38
b-lymfosyytit,t-auttajasolujenosuus	%	Source	61	41
b-lymfosyytit,t-cd3-solut	e6/l	Source	307	180
b-lymfosyytit,t-cd4-solut	e6/l	Source	358	215
b-lymfosyytit,t-cd8-solut	e6/l	Source	307	180
b-lymfosyytit,t-estäjäsolujenmäärä	e9/l	Source	7	6
b-lymfosyytit,t-solujenmäärä	e9/l	Source	7	6
b-lymfosyytit,t-stäjäsolujenosuus	%	Source	27	20
b-lymfosyytitsuhde	%	Source	401	347
b-lyp	%	Source	175	153
b-magnesium,kokoveren	mmol/l	Source	9	9
b-mcv	fl	Source	1253	819
b-mdc	%leuk	Source	38	32
b-meta	%	Source	14	11
b-mn	nmol/l	Source	31	22
b-mn	ug/l	Source	9	7
b-mn	umol/l	Source	325	259
b-mo/abs	e9/l	Source	797	315
b-mo/abs		Source	1305	495
b-mon	%	Source	25	21
b-mon	e9/l	Source	1235	520
b-mon,tmd	e3/ul	Source	146	139
b-mono	%	Source	4619	1317
b-mono	e9/l	Source	66813	13094
b-mono		Extracted	2898	867
b-monos	%	Source	21498	13861
b-monos	e9/l	Source	965695	183111
b-monos		Extracted	373052	75479
b-monos		Source	570	251
b-monos,tk		Extracted	11	11
b-monos,tk		Source	15	15
b-monosyytit	%	Source	58	51
b-monosyytit	e9/l	Source	46248	16649
b-monosyytit		Extracted	16	15
b-monosyytit,absoluuttiset	%	Source	9	6
b-monosyytitabsoluuttinenmäärä		Extracted	15	15
b-monosyytitsuhde	%	Source	402	348
b-monosyytti	%	Source	73	30
b-monosyytti	e9/l	Source	73	30
b-mpadp	u	Source	870	672
b-mpadp		Extracted	16	15
b-mpadphs	u	Source	97	82
b-mpaspi	u	Source	61	54
b-muisti	%	Source	13	13
b-muistisolut(cd19,cd27)	%	Source	10	10
b-multiplateadp		Extracted	150	138
b-muubat	%	Source	81	69
b-muubat		Extracted	33	30
b-muut	e9/l	Source	3089	2107
b-mxa	ug/l	Source	430	332
b-mxa		Extracted	8	6
b-mxd	%	Source	437	183
b-mxd	e9/l	Source	3612	938
b-mxdp	%	Source	183	161
b-mycobacteriumtuberculosis-herkistyneetsolut,gammainterferoni,eritys	iu/ml	Source	373	351
b-mycobacteriumtuberculosis-herkistyneetsolut,gammainterferoni,eritys,igra,b-mycobacteriumtuberculosis-herkistyneetsolutb-mykobacteriumtuberkulosis-herkistyneetsolut	iu/ml	Source	84	80
b-mycobacteriumtuberculosis-herkistyneetsolut,gammainterferoni,eritys,igra,b-mycobacteriumtuberculosis-herkistyneetsolutb-mykobacteriumtuberkulosis-herkistyneetsolut		Extracted	87	85
b-myel	%	Source	14	11
b-myogl-v		Extracted	81	65
b-myogl-v		Source	180	112
b-na	mmol/l	Source	59360	9287
b-na		Extracted	449	320
b-na(pika)	mmol/l	Source	26	24
b-na-pt	mmol/l	Source	513	414
b-na-pt		Source	112	92
b-na-v	mmol/l	Source	130	95
b-na-vt	mmol/l	Source	149	113
b-napika	mmol/l	Source	126	102
b-natrium	mmol/l	Source	10582	2466
b-natrium,pikatesti,veri	mmol/l	Source	179	158
b-natriureettinenpeptidi,b-tyypinn-terminaalinenpropeptidi(kval)	ng/l	Source	14	14
b-neu	%	Source	2479	1037
b-neu	e9/l	Source	3653	1173
b-neu/abs	e9/l	Source	2097	641
b-neu/abs		Source	6	6
b-neut	%	Source	25399	14842
b-neut	e9/l	Source	1796760	224870
b-neut		Extracted	676613	96381
b-neut		Source	2289	712
b-neut(689b-neut),osatutkimus	e9/l	Source	14	10
b-neut,osatutkimus(689b-neut)	e9/l	Source	114	95
b-neut,osatutkimus(b-neut)	e9/l	Source	82	69
b-neut,tk		Extracted	11	11
b-neut,tk		Source	15	15
b-neutab	e9/l	Source	108	88
b-neutabs	e9/l	Source	5500	1117
b-neutp	%	Source	184	162
b-neutr	%	Source	2371	414
b-neutr	e9/l	Source	7723	3524
b-neutr		Extracted	19424	7498
b-neutrof	e9/l	Source	11552	6967
b-neutrof		Extracted	23	19
b-neutrof		Source	11	11
b-neutrofiili,erillistutkimuksena	e9/l	Source	26884	4648
b-neutrofiilit	%	Source	866	552
b-neutrofiilit	e9/l	Source	74595	22802
b-neutrofiilit		Extracted	333	231
b-neutrofiilit,3-osa	e9/l	Source	2068	1750
b-neutrofiilit,b-diffiosattutkimus	e9/l	Source	18	10
b-neutrofiilit,b-diffiosatutkimus	e9/l	Source	812	495
b-neutrofiilit,b-diffiosatutkimus2225diffi	e9/l	Source	33	28
b-neutrofiilit,diffinosatutkimus	e9/l	Source	16	16
b-neutrofiilit,erillistutkimuksena	e9/l	Source	1653	590
b-neutrofiilit,erillistutkimuksena		Extracted	76	30
b-neutrofiilit,kiireellinentutkimus	e9/l	Source	58	32
b-neutrofiilit,lukumäärä	e9/l	Source	3099	938
b-neutrofiilit,vieritutkimus		Extracted	9	9
b-neutrofiilit-absact5diffillä	e9/l	Source	178	80
b-neutrofiilitabsoluuttinenarvo	e9/l	Source	206	122
b-neutrofiilitb-diffiosatutkimus	e9/l	Source	6	6
b-neutrofiiliterillistutkimuksena	e9/l	Source	555	153
b-neutrofiilitsuhde	%	Source	10	9
b-nk	e6/l	QCOut	57	42
b-nk	e6/l	Source	5898	2078
b-nk	e9/l	QCOut	29	19
b-nk	e9/l	Source	1690	744
b-nk		Extracted	40	31
b-nk		QCOut	59	51
b-nk,nk-solut	e9/l	Source	112	85
b-nk-solut(luonnollisettappajasolut)	e9/l	Source	7	6
b-nlt	%	Source	7	7
b-nrbc	/100leuk	Source	1164	349
b-nrbc		Extracted	44	22
b-nsmb	%	Source	30	29
b-ntprobnp	ng/l	Source	898	449
b-ntprobnp		Source	303	173
b-ohbuhoi	mmol/l	Source	21	17
b-ohbuhoi		Extracted	26	17
b-ohbutm	mmol/l	Source	422	180
b-ohbutm		Extracted	26	15
b-ohbutp	mmol/l	Source	26	16
b-ohbutvt	mmol/l	Source	97	66
b-ohbutvt		Extracted	9	7
b-ohbutyr	mmol/l	Source	147	113
b-ohbutyr		Extracted	21	13
b-p2y12	%	Source	54	53
b-p2y12	pru	Source	18	17
b-p2y12		Source	9	9
b-p2y12-reseptoriestonseuranta	%	Source	36	36
b-pb	ug/l	Source	30	26
b-pb	umol/l	Source	204	132
b-pbnp-pt	ng/l	Source	9	9
b-pbnp-vt		Source	26	21
b-pbnp-vt(viitas.)	ng/l	Source	10	8
b-pco2	kpa	Source	34914	9116
b-pco2		Extracted	572	318
b-pdc	%leuk	Source	38	32
b-perklet	umol/l	Source	32	24
b-perusverenkuvajatrombosyytit	form	Source	17	10
b-perusverenkuvajatrombosyytit,paketti	form	Source	7	7
b-perusverenkuvajatrombosyytit,vieritutkimus,osavastausb-eryt-vt		Extracted	90	57
b-perusverenkuvajatrombosyytit,vieritutkimus,osavastausb-hb-vt		Extracted	90	57
b-perusverenkuvajatrombosyytit,vieritutkimus,osavastausb-hkr-vt		Extracted	77	50
b-perusverenkuvajatrombosyytit,vieritutkimus,osavastausb-leuk-vt		Extracted	91	58
b-perusverenkuvajatrombosyytit,vieritutkimus,osavastausb-trom-vt		Extracted	88	55
b-perusverenkuvajatrombosyytit,vieritutkimus,osavastause-mch-vt		Extracted	90	57
b-perusverenkuvajatrombosyytit,vieritutkimus,osavastause-mchc-vt		Extracted	90	57
b-perusverenkuvajatrombosyytit,vieritutkimus,osavastause-mcv-vt		Extracted	90	57
b-perusverenkuvajatrombosyytit,vieritutkimus,osavastause-rdw-vt		Extracted	77	50
b-peth	umol/l	Source	18187	9913
b-peth		Extracted	1481	878
b-peth		Source	105	67
b-peth,fosfatidyylietanoli	umol/l	Source	47	35
b-ph	ph	Source	35592	9122
b-ph		Extracted	571	317
b-ph		Source	2974	800
b-pikacrp	mg/l	Source	2705	1093
b-pikaghb,b-hba1c	mmol/mol	Source	11	9
b-plas-o	ml/min/173m2	Source	53	47
b-po2	kpa	Source	35207	9167
b-po2		Extracted	571	317
b-pporf	nmol/l	Source	75	39
b-probnp	ng/l	Source	1338	591
b-probnp		Source	28	25
b-probnp-o	ng/l	Source	139	102
b-probnp-o		Extracted	44	34
b-probnp-o		Source	8	7
b-probnpo	ng/l	Source	40	34
b-prom	%	Source	14	11
b-pseudotrombosytopenianselvittely	e9/l	Source	50	45
b-pseutro	e9/l	Source	208	165
b-pvk	%	Source	861	554
b-pvk	e12/l	Source	19	17
b-pvk	e9/l	Source	39	31
b-pvk	fl	Source	27	23
b-pvk	form	Source	6	6
b-pvk	g/l	Source	192	133
b-pvk	paketti	Source	793	173
b-pvk	pg	Source	37	30
b-pvk		Extracted	6	6
b-pvk		Source	9	9
b-pvk+t	%	Source	2538	1097
b-pvk+t	%g	Source	14	10
b-pvk+t	%l	Source	107	82
b-pvk+t	%m	Source	105	75
b-pvk+t	e9/l	Source	2687	1789
b-pvk+t	form	Source	361	256
b-pvk+t	g/l	Source	402	255
b-pvk+t	paketti	Source	269	242
b-pvk+t	pg	Source	1878	814
b-pvk+t		Extracted	7638	3876
b-pvk+t		Source	7	7
b-pvk+tkd	%	Source	225	157
b-pvk+tkd		Extracted	782	583
b-pvk+tkd,baso	%	Source	4387	573
b-pvk+tkd,baso	e9/l	Source	4345	573
b-pvk+tkd,eo	%	Source	4389	573
b-pvk+tkd,eo	e9/l	Source	4355	573
b-pvk+tkd,eryt	e12/l	Source	4432	574
b-pvk+tkd,hb	g/l	Source	4431	574
b-pvk+tkd,hkr	osuus	Source	4430	574
b-pvk+tkd,ig	%	Source	4380	572
b-pvk+tkd,ig	e9/l	Source	4327	572
b-pvk+tkd,leuk	e9/l	Source	3390	513
b-pvk+tkd,leuk		Extracted	1051	304
b-pvk+tkd,lymph	%	Source	4402	573
b-pvk+tkd,lymph	e9/l	Source	4366	573
b-pvk+tkd,lymph		Extracted	11	7
b-pvk+tkd,mch	pg	Source	4427	573
b-pvk+tkd,mchc	g/l	Source	4422	573
b-pvk+tkd,mcv	fl	Source	4432	574
b-pvk+tkd,mono	%	Source	4397	572
b-pvk+tkd,mono	e9/l	Source	4364	573
b-pvk+tkd,neut	%	Source	4407	573
b-pvk+tkd,neut	e9/l	Source	4373	573
b-pvk+tkd,rdw	%	Source	4297	568
b-pvk+tkd,rdw		Extracted	7	7
b-pvk+tkd,trom	eg/l	Source	4410	573
b-pvk+tkd,trom		Extracted	8	7
b-pvk+tmd	%	Source	59	32
b-pvk,b-eryt		Extracted	14	14
b-pvk,b-hb		Extracted	14	14
b-pvk,b-hkr		Extracted	14	14
b-pvk,b-leuk		Extracted	14	14
b-pvk,b-trom		Extracted	14	14
b-pvk,e-mch		Extracted	14	14
b-pvk,e-mcv		Extracted	14	14
b-pyruv	umol/l	Source	395	298
b-qr-crp	mg/l	Source	1850	764
b-qr-crp		Extracted	392	247
b-rchr	pg	Source	47	45
b-rdw	%	Source	824	718
b-rdw		Extracted	22	19
b-reltnd	osuus	Source	6	6
b-rethe	pg	Source	3992	1501
b-rethe		Extracted	119	103
b-rethe		Source	27	19
b-retik	%	Source	42	31
b-retik	e9/l	Source	65705	28267
b-retik		Extracted	25698	12117
b-retik		Source	425	256
b-retikulos.hb-ekvivalentti	pg	Source	1483	490
b-retikulosyytit	e9/l	Source	2370	1662
b-retikulosyytit,indeksi	osuus	Source	20	18
b-retikulosyytit,tuotantoindeksi	osuus	Source	273	184
b-retikulosyyttientuotantoindeksi	osuus	Source	303	196
b-retind	osuus	Source	9157	4063
b-retind		Extracted	1695	1152
b-retind		Source	45	38
b-retlnd	osuus	Source	106	92
b-retlnd		Source	21	14
b-ristaus		QCOut	48	27
b-ristoh	auc	Source	28	26
b-sauv	%	Source	14	11
b-seleenikokoveren	umol/l	Source	8	8
b-sezary	%lumfosuuteist	Source	49	29
b-shba1c	mmol/mol	Source	13	13
b-sikiönrhd-veriryhmäsuojaustavarten		QCOut	10	10
b-sikiörh		QCOut	395	367
b-siklosporiini,massaspektrometrinen,verestä	ug/l	Source	34	6
b-siklosporiinia,massaspektrometrinen	ug/l	Source	760	78
b-siklosporiinia,massaspektrometrinen	âug/l	Source	33	17
b-siklosporiinia,massaspektrometrinen		Extracted	12	10
b-sirolim	ug/l	Source	451	47
b-sirolim		Extracted	38	16
b-siroms	ug/l	Source	1284	74
b-smb	%	Source	30	29
b-solujenosuus	%	Source	739	383
b-sr	mm/h	Source	18	17
b-suuretvärjäytymättömätsolut	e9/l	Source	169	152
b-syklosporiinia	ug/l	Source	40	14
b-t-cd3	e6/l	QCOut	1172	605
b-t-cd3	e9/l	QCOut	1742	755
b-t-cd3	e9/l	Source	12	11
b-t-cd3		Extracted	54	46
b-t-cd3,t-solut	e9/l	Source	112	85
b-t-cd4	e6/l	Source	1607	746
b-t-cd4	e9/l	Source	4080	1822
b-t-cd4		Extracted	142	123
b-t-cd4,t-auttajasolut	e9/l	Source	271	189
b-t-cd8	e6/l	Source	1174	606
b-t-cd8	e9/l	Source	1802	772
b-t-cd8		Extracted	63	55
b-t-cd8,t-estäjäsolut	e9/l	Source	112	85
b-t-dnt	%	Source	29	23
b-t-dp	%	Source	29	23
b-tab	%	Source	32	26
b-tacro	ug/l	Source	43350	1337
b-tacro		Extracted	1981	491
b-tacrolimus	ug/l	Source	330	82
b-tacroms	ug/l	Source	48502	1680
b-tacroms		Source	134	41
b-takrolimuusi,massaspekrometrinen	ug/l	Source	359	33
b-takrolimuusi,massaspektrometrinen	ug/l	Source	2358	177
b-takrolimuusi,massaspektrometrinen	âug/l	Source	127	67
b-takrolimuusi,massaspektrometrinen		Extracted	92	35
b-takt	%	Source	29	23
b-tb1	iu/ml	Source	10	9
b-tb2	iu/ml	Source	10	10
b-tbifng	iu/l	Source	117	108
b-tbifng	iu/ml	Source	2858	2632
b-tbifng		Extracted	1724	1559
b-tblfng	iu/ml	Source	27	24
b-temp	°c	Source	5091	1621
b-temp		Extracted	67	49
b-tgd	%	Source	29	23
b-thb	g/l	Source	11676	5320
b-thb		Extracted	13	13
b-ti	ug/l	Source	323	229
b-ti		Extracted	296	232
b-tioguan	umol/l	Source	42	27
b-tioguan		Extracted	23	21
b-tioguaniini	pmol/02ml	Source	129	89
b-tioguaniini	umol/l	Source	9	6
b-tmuisti	%	Source	32	26
b-tnaiv	%	Source	32	26
b-tni-v		Extracted	17	13
b-tni-v		Source	22	20
b-tni-vt	ng/l	Source	59	49
b-tni-vt	ug/l	Source	30	21
b-tnipika	ug/l	Source	187	179
b-tnt	ng/l	Source	87	54
b-tnt		Extracted	59	34
b-tnt		Source	73	42
b-tnt,tk		Extracted	20	19
b-tnt-hy	ng/l	Source	51	46
b-tnt-o	form	Source	31	18
b-tnt-o	ng/l	Source	1240	807
b-tnt-o		Extracted	332	247
b-tnt-o		Source	60	39
b-tnt-o-p		Extracted	6	6
b-tnt-o-pika		Source	22	20
b-tnt-oho		Source	32	18
b-tnt-os		Extracted	19	13
b-tnt-ospkl		Extracted	21	18
b-tnt-pika		Extracted	34	18
b-tnt-pt	ng/l	Source	110	75
b-tnt-pt		Extracted	51	34
b-tnt-vt	ng/l	Source	149	106
b-tnt-vt		Extracted	40	36
b-tnt-vt		Source	62	42
b-tnt/pika		Extracted	37	29
b-tntp	ng/l	Source	50	49
b-tntpikatesti		Extracted	6	6
b-trap	auc	Source	28	26
b-trom	%	Source	131	50
b-trom	dalmed	Source	19	16
b-trom	e9/l	Source	7894206	462549
b-trom	form	Source	34	34
b-trom		Extracted	2410298	213874
b-trom		QCOut	269	191
b-trom		Source	2684	1609
b-trom-s	e9/l	Source	558	231
b-trom-s		Extracted	9	7
b-tromb	e9/l	Source	323035	39514
b-tromb		Extracted	74950	16818
b-tromb		Source	57	52
b-tromboplastiiniaika,pikamittaus,inr		Source	109	108
b-trombos	e9/l	Source	2812	641
b-trombosyytit	e/l	Source	65	35
b-trombosyytit	e9/l	Source	323143	74122
b-trombosyytit		Extracted	61	48
b-trombosyytit		QCOut	36	28
b-trombosyytit		Source	136	83
b-trombosyytit,adp-vasteverifynow-laitteella	pru	Source	29	29
b-trombosyytit,poc-tutkimus	e9/l	Source	448	132
b-trombosyytit,sitraattiveri	e9/l	Source	135	78
b-trombosyytit,vieritutkimus	e9/l	Source	30	23
b-trombosyytit-pvk:nosana	e9/l	Source	337	236
b-trombp	e9/l	Source	23	22
b-tromp	e9/l	Source	1290	194
b-tromsit	e9/l	Source	84	34
b-tromsit		Extracted	14	10
b-tromto	form	Source	6	6
b-troponiinit(kval)	ng/l	Source	13	7
b-troponiinit(kval)		Source	19	16
b-trveadp	pru	Source	435	286
b-trveasa	au	Source	193	163
b-tt-inrv		Extracted	93	57
b-tt-inrv		Source	3358	145
b-tvk	%	Source	177	127
b-tvk	e9/l	Source	251	225
b-tvk	fl	Source	9	8
b-tvk	form	Source	11	10
b-tvk	paketti	Source	23	21
b-tvk	pg	Source	7	7
b-täydellinenverenkuva(hb,mcv/hkr,erytrosyytit,leukosyytit,trombosyytit,leukosyyttieneritte	form	Source	33	24
b-vakuly	estimate	Source	12	12
b-vakuly	u/500lu	Source	14	14
b-vasp	%	Source	164	156
b-vasp		Extracted	24	24
b-verensokeripikatesti		Extracted	87	69
b-verensokeripikatesti		Source	57	51
b-vnaspi	u	Source	13	11
b-vninhib	%	Source	21	16
b-vnp2y12	u	Source	33	26
b-vnpru	pru	Source	21	16
b-vpenbat	%	Source	17	17
b-vt-leuk		Extracted	49	47
b-vt-leuk		Source	71	64
b-vthba1c	mmol/mol	Source	1183	346
b-zn	umol/l	QCOut	457	380
b1-vitamiini(tiamiini)	ug/l	Source	10	8
b1-vitamiini(tiamiini),verestä,paastotilassa	ug/l	Source	7	7
b1-vitentsyymiaktiivisuus		Source	306	250
b12-vitamiini	pmol/l	Source	245	231
b12-vitamiini,transkobalamiiniii:eens	pmol/l	Source	51	49
b2-vitamiini	nmol/l	Source	7	7
b2-vitentsyymiaktiivisuus		Source	309	254
b3-vitamiini(niasiini)	umol/l	Source	101	85
b5-vitamiini(pantoteenihappo)	umol/l	Source	82	70
b6-vitamiini	nmol/l	Source	12	11
b6-vitamiini(pyridoksaaiifosfaatti)	nmol/l	Source	29	26
b6-vitentsyymiaktiivisuus		Source	333	263
banaani	u/ml	Source	18	18
bas		Source	7	6
baso	%	Source	50258	14274
baso	e9/l	Source	8002	4178
baso		Extracted	25406	5077
baso		Source	4794	854
basof	%	Source	18756	13271
basof		Extracted	23	17
basof		Source	6	6
basofiilienabs.määrä	e9/l	Source	178	80
basofiilisetleukosyytit	%	Source	78	63
basofiilisetleukosyytit	e9/l	Source	77	63
basofiilisetleukosyytit(b-baso)	e9/l	Source	61	53
basofiilisetleukosyytitosatutk2225diffi	%	Source	33	28
basofiilisetleukosyytitosatutk2225diffi	e9/l	Source	32	27
basofiilit	%	Source	16754	7629
basofiilit	e9/l	Source	28	25
basofiilit		Source	18	9
basofiilit,5-osa	%	Source	4342	3786
basofiilit,absol.arvot	e9/l	Source	15818	7499
basofiilit,absol.arvot(40b-baso),osatutkimus	e9/l	Source	14	10
basofiilit,absol.arvot,osatutkimus(40b-baso)	e9/l	Source	114	95
basofiilit,absol.arvot,osatutkimus(b-baso)	e9/l	Source	82	69
basofiilit,absol.määrä	e9/l	Source	23	18
basofiilit,absoluuttiset	e9/l	Source	148	99
basofiilit,konediffi(),osatutk.b-diffi	%	Source	1040	287
basofiilit,käsidiffi(),osatutk.b-diffi	%	Source	54	28
basofiilit,osatutkimus(692l-baso)	%	Source	128	103
basofiilit,osatutkimus(9112l-baso)	%	Source	6	6
basofiilit,osatutkimus(l-baso)	%	Source	82	69
basofiilit-osuus	%	Source	1195	1030
basofiilit-osuus(diffi)	%	Source	197	146
basofiilitosuus	%	Source	4363	3496
bbi	form	Source	52	52
bbi-15kysely		Source	11	11
bdi	form	Source	85	80
bdi-beckindepressioasteikko		Source	7	7
bdi-kysely		Source	17	12
beeta-1	g/l	Source	904	437
beeta-1-gl	%	Source	25	20
beeta-1-gl	g/l	Source	99	87
beeta-1-globuliini	g/l	Source	12	11
beeta-1-globuliini,fraktio,seerumi	g/l	Source	14	12
beeta-2	g/l	Source	903	436
beeta-2-gl	%	Source	22	20
beeta-2-gl	g/l	Source	98	86
beeta-2-globuliini	g/l	Source	11	10
beeta-2-globuliini()	%	Source	7	7
beeta-2-globuliini,fraktio,seerumi	g/l	Source	14	12
beeta-2-glykoproteiini,iggvasta-aineet,plasma	u/ml	Source	116	107
beeta-2-glykoproteiini,iggvasta-aineet,plasmasta	u/ml	Source	31	27
beeta-2-glykoproteiini,igmvasta-aineet,plasma	u/ml	Source	47	39
beeta-hydroksibutyraatti	mmol/l	Source	21	15
beeta-hydroksibutyraatti,vieritutkimus	mmol/l	Source	19	9
beeta-hydroksibutyraatti,vieritutkimus		Extracted	12	8
beeta2-glykoproteiini-1-iggvasta-aine	u/ml	Source	8	7
beetalakgl	u/ml	Source	9	9
beta-1-globuliini,seerumi,elektroforeesifraktio	g/l	Source	12	9
beta-2-globuliini,seerumi,elektroforeesifraktio	g/l	Source	12	9
beta-ketoaine	g/l	Source	8	8
beta1-glob	g/l	Source	2802	699
beta1-globuliini,seerumi,elektroforeesifraktio,osatutk.2522	g/l	Source	151	44
beta2-glob	g/l	Source	2810	707
beta2-globuliini,seerumi,elektroforeesifraktio,osatutk.2522	g/l	Source	151	44
bikarbonaatti(aktuaali),kapi	mmol/l	Source	3182	1299
bikarbonaatti(aktuaali),kapillaariveri	mmol/l	Source	1757	737
bikarbonaatti(aktuaali),kone	mmol/l	Source	56	48
bikarbonaatti(aktuaali),koneveri	mmol/l	Source	496	30
bikarbonaatti(aktuaali),lask	mmol/l	Source	144	107
bikarbonaatti(aktuaali),laskimoveri	mmol/l	Source	3586	1993
bikarbonaatti(aktuaali),valt	mmol/l	Source	586	252
bikarbonaatti(aktuaali),valtimoveri	mmol/l	Source	838	459
bilirubiini	umol/l	Source	2098	1548
bilirubiini,neste	umol/l	Source	17	9
bilirubiini,plasmasta	umol/l	Source	63	48
bilirubiinikonjugaatit	umol/l	Source	33	24
bl-alb	mg/l	Source	80	76
bl-alb		Source	31	27
bl-bal-ind		Source	22	20
bl-eryt	u/ul	Source	71	64
bl-igg	mg/l	Source	76	69
bl-igg/alb		Source	51	46
bl-lycd4/8		Source	39	38
bl-muusolu	u/ul	Source	71	64
bl-prot	mg/l	Source	10	10
bl-solut	e6/l	Source	815	714
bla	%	Source	3320	1268
bla		Extracted	1119	400
bla		Source	327	202
blasti	%	Source	1162	349
blasti		Extracted	44	22
blastit	%	Source	1012	464
blastit		Source	22	15
blastit,käsidiffi(),osatutk.b-diffi	%	Source	54	28
blastit,osuusleukosyyteistä	%	Source	104	23
bm-aspir		Source	27	25
bm-blastit	%	Source	51	31
bm-cd34	%	Source	52	34
bm-eryt	e12/l	Source	36	15
bm-estf-vr	e6/l	Source	70	22
bm-hb	g/l	Source	85	31
bm-hkr	%	Source	85	31
bm-lcd34	e9/l	Source	29	20
bm-mrdpfc	%	Source	13	11
bm-t-solut	%	Source	23	12
bm-trom	e9/l	Source	36	15
bm-tumsol	e9/l	Source	36	15
bmind	kg/m2	Source	2197	2105
bnppika		Source	20	15
bor-it-abg	index	Source	31	27
bor-it-abm	index	Source	18	15
bordetella,iga-vasta	iu/ml	Source	8	8
bordetellaigg-vasta-ai	iu/ml	Source	6	6
borreliaigg,varmistus,seerumista	au/ml	Source	38	27
borreliaigm,varmistus,seerumista	au/ml	Source	81	64
bu-gran	%	Source	13	13
bu-lymf	%	Source	13	13
bu-mononuk	%	Source	47	43
bu-muutsol	%	Source	17	17
bu-neut+eo	%	Source	47	43
bu-solut	e6/l	Source	90	82
bu-solut		Extracted	11	11
c-anca	titre	Source	6	6
c-pept-90	nmol/l	Source	9	9
c-pepta	nmol/l	Source	13	10
c-peptidi,plasmasta	nmol/l	Source	280	178
c-peptidi,proinsuliini	nmol/l	Source	6	6
c-peptidi,proinsuliinin,aterianjälkeinen	nmol/l	Source	51	50
c-peptidi,proinsuliinin,paastoaikainen	nmol/l	Source	12	12
c-peptidi,proinsuliinin,paastonaikainen	nmol/l	Source	60	53
c-reakt.prot,oma		Source	50	24
c-reaktiivinenherkkä	mg/l	Source	94	85
c-reaktiivinenproteiini	1	Source	923	654
c-reaktiivinenproteiini	mg/l	Source	7963	3524
c-reaktiivinenproteiini		Extracted	37	32
c-reaktiivinenproteiini		Source	654	479
c-reaktiivinenproteiini(4594p-crp)	mg/l	Source	143	117
c-reaktiivinenproteiini(crp)	mg/l	Source	381	308
c-reaktiivinenproteiini(kval)	mg/l	Source	17	15
c-reaktiivinenproteiini(p-crp)	mg/l	Source	500	369
c-reaktiivinenproteiini(pikatesti)	mg/l	Source	35	24
c-reaktiivinenproteiini(ps)		Extracted	36	21
c-reaktiivinenproteiini,herkkä	mg/l	Source	253	177
c-reaktiivinenproteiini,herkkä,seerumista	mg/l	Source	7411	6225
c-reaktiivinenproteiini,pika	mg/l	Source	81	71
c-reaktiivinenproteiini,pika,tehdäänitse	mg/l	Source	957	630
c-reaktiivinenproteiini,pika,tehdäänitse		Extracted	6	6
c-reaktiivinenproteiini,pika-crppaikallisesti	mg/l	Source	10	10
c-reaktiivinenproteiini,pikatesti	mg/l	Source	12	11
c-reaktiivinenproteiini,pikatesti,veri	mg/l	Source	170	158
c-reaktiivinenproteiini,pikatesti,veri		Source	946	443
c-reaktiivinenproteiini,pikatesti,veri(23318b-crp-pt)	mg/l	Source	802	476
c-reaktiivinenproteiini,pikatestioma	1	Source	44	29
c-reaktiivinenproteiini,pikatestioma		Source	33	21
c-reaktiivinenproteiini,pikatutkimus	mg/l	Source	106	66
c-reaktiivinenproteiini,pikatutkimus,plasmasta	mg/l	Source	56	36
c-reaktiivinenproteiini,plasmasta	mg/l	Source	35	19
c-reaktiivinenproteiini,plasmasta,vieritesti	mg/l	Source	698	449
c-reaktiivinenproteiini,plasmasta,vieritesti		Extracted	14	12
c-reaktiivinenproteiini,tk:ntekemä		Extracted	201	179
c-reaktiivinenproteiini,tk:ntekemä		Source	1187	696
c-reaktiivinenproteiini,vieritest		Source	32	27
c-reaktiivinenproteiini,vieritesti	mg/l	Source	23	21
c-reaktiivinenproteiini,vieritesti		Extracted	73	65
c-reaktiivinenproteiini,vieritesti		Source	647	394
c-reaktiivinenproteiini,vieritutkimus	mg/l	Source	487	310
c-reaktiivinenproteiini,vieritutkimus		Extracted	17	14
c-reaktiivinenproteiini,vieritutkimus		Source	242	135
c-reaktiivinenproteiini,vieritutkimus,plasmasta	mg/l	Source	38	34
c-reaktiivinenproteiini,vieritutkimus,plasmasta		Extracted	86	79
c-reaktiivinenproteiini,vieritutkimus,plasmasta		Source	1031	780
c-reaktiivinenproteiini,vieritutkimusnordlab	mg/l	Source	82	74
c-reaktiivinenproteiini-pika		Source	42	34
c-reaktiivinenproteiini-pika(4594crp-pika)	mg/l	Source	136	110
c-reaktiivinenproteiini-pika(crp-pika)	mg/l	Source	1473	860
c-reaktiivinenproteiini-pika(crp-pika)		Extracted	16	16
c1-esteraasininhibiittori	g/l	Source	10	8
c24:0/22:0		Source	8	8
c26:0/22:0		Source	8	8
c6-ind		Extracted	9	8
c6-indeksi		Extracted	349	293
c6-indeksi		Source	1413	963
ca++	mmol/l	Source	16710	4219
ca++		Extracted	7	7
ca++/7.40	mmol/l	Source	98719	25291
ca++/7.40		Extracted	27414	12206
ca++/ph7.4	mmol/l	Source	18482	4544
ca++/ph7.4		Extracted	457	330
ca++/ph7.4		Source	49	46
ca++ph7.4	mmol/l	Source	16678	4214
ca-inona,aktuaalinenpitoisuus	mmol/l	Source	50	45
ca-ion	mmol/l	Source	99169	25286
ca-ion		Extracted	27189	12376
ca-ion		Source	75	68
ca-ionpika	mmol/l	Source	1106	848
ca-ionvier		Source	10	10
ca-ionvieri		Extracted	30	25
ca12-5antigeeni	u/ml	Source	377	224
ca15-3antigeeni	u/ml	Source	89	69
ca19-9antigeeni	u/ml	Source	273	176
calprotectinulosteesta	ug/g	Source	27	23
campnho		QCOut	8	8
cand-odl.		QCOut	42	26
cand-odl.		Source	56	30
cand.nativ		QCOut	9	8
cashewpähkinä,igevasta-aineet,seerumista	u/ml	Source	7	7
cb-ahco3	mmol/l	Source	17594	6058
cb-ahco3		Extracted	184	128
cb-aktuaalibikarbonaatti	mmol/l	Source	57	38
cb-be	mmol/l	Source	63895	18911
cb-be		Extracted	36596	13139
cb-be		Source	18	16
cb-be-mi	mmol/l	Source	8	6
cb-be-mi		Extracted	11	8
cb-bepika		Extracted	634	440
cb-bepika		Source	2127	716
cb-bikarbonaatti	mmol/l	Source	576	252
cb-bil	umol/l	Source	331	151
cb-ca++7.4	mmol/l	Source	74	31
cb-ca-i7.4	mmol/l	Source	1450	644
cb-ca-ion	mmol/l	Source	1880	745
cb-ca-iona	mmol/l	Source	27	25
cb-chb	g/l	Source	262	108
cb-crp		Extracted	2378	877
cb-crp		Source	1002	477
cb-crp(qr)	mg/l	Source	3601	1138
cb-emäsylimäärä	mmol/l	Source	10678	4894
cb-emäsylimäärä		Extracted	510	290
cb-ghb-a1c	%	Source	21	7
cb-gluk	mmol/l	Source	4449	2741
cb-gluk		Extracted	113	101
cb-gluk		Source	154	118
cb-gluk-0	mmol/l	Source	21	20
cb-gluk-0		Source	57	41
cb-gluk-v		Extracted	105	89
cb-gluk-v		Source	77	74
cb-gluk-vt	mmol/l	Source	147	65
cb-gluk-vt		Extracted	243	34
cb-glukoosi,pikatesti	mmol/l	Source	152	94
cb-glukr	mmol/l	Source	107	96
cb-happamuusaste		Source	919	591
cb-happikyllästeisyys(hemoglobiini)	%	Source	21	15
cb-happikyllästeisyys(hemoglobiinin,osuustoiminnallisestahb:sta)	%	Source	125	96
cb-happiosapaine	kpa	Source	163	122
cb-hb	g/l	Source	15173	5591
cb-hb		Extracted	435	341
cb-hb		Source	814	480
cb-hb-co	%	Source	22	19
cb-hb-hy	g/l	Source	1575	938
cb-hb-met	%	Source	22	19
cb-hb-oma		Extracted	48	37
cb-hb-v		Source	312	233
cb-hba1c	mmol/mol	Source	29	8
cb-hba1chy	mmol/mol	Source	51	35
cb-hba1cnla	mmol/mol	Source	212	51
cb-hbo2sat	%	Source	27897	9221
cb-hbo2sat		Extracted	253	172
cb-hco3	mmol/l	Source	6213	2023
cb-hco3-mi	mmol/l	Source	18	12
cb-hco3-st	mmol/l	Source	64090	15291
cb-hco3-st		Extracted	7857	3779
cb-he-tase		Extracted	56	51
cb-hemoglobiini	g/l	Source	120	96
cb-hemoglobiini		Source	66	48
cb-hemoglobiini,pikatesti	g/l	Source	70	43
cb-hemoglobiini,vieritestihoitoyksikössä	g/l	Source	100	69
cb-hemoglobiini-a1c,ihopistosn,vierithoitoy:ssä	mmol/mol	Source	13	11
cb-hiilidioksidiosapaine	kpa	Source	166	125
cb-inr,pikamääritys		Extracted	193	190
cb-inr-hoi	inr	Source	799	96
cb-inr-hoi		Source	282	93
cb-inr-o		Extracted	70	11
cb-inr-o		Source	641	31
cb-inr-oma		Extracted	284	97
cb-inr-oma		Source	605	89
cb-inr-vt		Extracted	61	8
cb-inr-vt		Source	103	18
cb-inrati		Source	296	19
cb-inratio		Source	111	9
cb-inrc-c		Source	4271	120
cb-inrpika		Extracted	463	437
cb-inrpika		Source	857	787
cb-k	mmol/l	Source	61	11
cb-k-veka	mmol/l	Source	17	15
cb-kalsium,ionisoitunut	mmol/l	Source	203	109
cb-kalsium,ionisoitunut,aktuaali	mmol/l	Source	11	10
cb-kalsium,ionisoitunut,eitilattava	mmol/l	Source	39	20
cb-kalsium,ionisoitunut,kapillaariverestä	mmol/l	Source	6	6
cb-kalsium,ionisoitunut,ph7.4-korjattu	mmol/l	Source	260	140
cb-kol-o		Extracted	29	25
cb-laktaat	mmol/l	Source	11861	6423
cb-leuk	e9/l	Source	915	541
cb-leuk		Source	51	6
cb-leuk-hy	e9/l	Source	281	238
cb-leuk-hy		Extracted	187	153
cb-leuk-o	e9/l	Source	73	63
cb-leuk-o		Source	397	256
cb-leukosyytit(kval)		Source	136	104
cb-leukosyytit,vieritestihoitoyksikössä	e9/l	Source	41	40
cb-leukosyytit,vieritestihoitoyksikössä		Extracted	20	20
cb-na	mmol/l	Source	57	9
cb-na-veka	mmol/l	Source	17	15
cb-o2-sis	%	Source	7701	3192
cb-o2-sis	ml/l	Source	461	211
cb-o2hb	%	Source	8705	4889
cb-o2sat	%	Source	653	334
cb-pco2	kpa	Source	107718	28184
cb-pco2		Extracted	9011	4136
cb-pco2		Source	28	24
cb-pco2-mi	kpa	Source	10	6
cb-pco2-mi		Extracted	8	6
cb-ph	ph	Source	9565	3818
cb-ph		Extracted	27640	9939
cb-ph		Source	77276	21197
cb-ph-mi		Extracted	12	8
cb-ph-mi		Source	10	6
cb-phpika		Source	1696	712
cb-po2	kpa	Source	47686	11801
cb-po2		Extracted	1241	434
cb-po2		Source	7	7
cb-po2-mi	kpa	Source	10	6
cb-po2-mi		Extracted	8	6
cb-sbc	mmol/l	Source	461	211
cb-shco3	mmol/l	Source	2958	822
cb-shco3		Source	13	12
cb-standardibikarbonaatti	mmol/l	Source	10798	4935
cb-standardibikarbonaatti		Extracted	45	24
cb-thb	g/l	Source	22	19
cb-to2c	%	Source	7531	2851
cb-to2c	ml/dl	Source	8702	4887
cb-tt-inr	inr	Source	1073	55
cb-tt-inr		Extracted	119	34
cb-tt-inr		Source	10	6
cb-tt-inrp		Extracted	5576	197
cb-tt-inrp		Source	1908	156
cb-tt-inrpika		Source	4841	181
cb-ttinrvt		Source	103	39
cbhbo2satp	%	Source	1694	710
cbhco3pika	mmol/l	Source	4338	1386
cbpco2pika	kpa	Source	2954	1087
cbpo2pika	kpa	Source	1696	711
cd3+(kaikki)tsolut	x109/l	Source	9	8
cd3+solut	x109/l	Source	20	17
cd3+solut		Extracted	9	8
cd4	%	Source	1036	473
cd4	%/lumf	Source	1920	761
cd4		Extracted	43	34
cd4+solut	x109/l	Source	19	16
cd4+solut		Extracted	9	8
cd4+tsolut	x109/l	Source	9	8
cd4/cd8		Extracted	201	163
cd4/cd8		Source	3730	1208
cd4/cd8suh		Extracted	12	11
cd4/cd8suh		Source	17	14
cd45ra+,ccr7+cd4t-solut	%	Source	9	8
cd45ra+,ccr7+cd8t-solut	%	Source	9	8
cd45ra+,ccr7-cd4t-solut	%	Source	9	8
cd45ra+,ccr7-cd8t-solut	%	Source	9	8
cd45ra+cd31+cd62l+cd4t-solut	%	Source	9	8
cd45ra+cd31+cd62l+cd8t-solut	%	Source	9	8
cd45ra-,ccr7+cd4t-solut	%	Source	9	8
cd45ra-,ccr7+cd8t-solut	%	Source	9	8
cd45ra-,ccr7-cd4t-solut	%	Source	9	8
cd45ra-,ccr7-cd8t-solut	%	Source	9	8
cd4jacd8t-solujensuhde		Extracted	9	8
cd8+solut	x109/l	Source	20	17
cd8+solut		Extracted	9	8
cd8+tsolut	x109/l	Source	9	8
cefaclor,igevasta-aineet,seerumista	u/ml	Source	7	7
cfp-10	tpl	Source	76	73
cfp-10	täplää	Source	7	7
cfp-glucos	mmol/l	Source	1305	617
chilipipp.	u/ml	Source	8	8
chlamydiapneumoniae,iggvasta-aineet	bu/ml	Source	14	10
ckd-epi-yhtälö	ml/min/173m2	Source	12959	2203
cl		Source	24	15
cladhee	u/ml	Source	175	164
cladhee		Extracted	14	13
cladosp.he	mm	Source	11	11
cladosp.he	u/ml	Source	69	68
cladosp.he		Extracted	42	42
cladospori	mm	Source	9	9
cladosporiumcladospor	u/ml	Source	15	15
cladosporiumherbarum(m2),ige-vasta-aineet	u/ml	Source	14	13
cladosporiumherbarum,ige-vasta-aineet,seerumista	u/ml	Source	8	8
clue-celle		QCOut	35	25
cmvnh	u/ml	Source	7	7
coladp	s	Source	36	31
colepi	s	Source	43	37
covid-19-koronavirustauti,nukleiinihappo(kval)		QCOut	36	36
covid-19-koronavirustauti,piikkiproteiinivasta-ai	au/ml	Source	9	7
covid-19koronavirus		QCOut	11	11
covid-19koronavirus,2019-ncov,pcr-tutkimus		QCOut	237	232
covid-19koronavirus,2019-ncov,sekvensointi		QCOut	9	9
cp-beeta-hydroksibutyraatti,vieritestihoitoy:ssä	mmol/l	Source	10	10
cp-beeta-hydroksibutyraatti,vieritestihoitoy:ssä		Extracted	9	8
cp-beeta-hydroksibutyraatti,vieritestilab:ssa	mmol/l	Source	22	19
cp-c-reaktiivinenproteiini,ihopiston,hoitoyksikössä	mg/l	Source	1814	1057
cp-c-reaktiivinenproteiini,ihopiston,hoitoyksikössä		Extracted	261	232
cp-ca-ion	mmol/l	Source	307	140
cp-cl	mmol/l	Source	22	19
cp-crp	mg/l	Source	2411	889
cp-crp-hy	mg/l	Source	10332	3703
cp-crp-hy		Extracted	941	758
cp-crp-hy		Source	894	543
cp-crp-lb	mg/l	Source	247	127
cp-glucos	mmol/l	Source	3564	651
cp-gluk	mmol/l	Source	1987	261
cp-gluk		Extracted	2183	179
cp-gluk		Source	882	126
cp-gluk-hy	mmol/l	Source	6390	700
cp-gluk-hy		Extracted	9520	592
cp-gluk-l		Extracted	12	11
cp-gluk-lb	mmol/l	Source	10492	591
cp-gluk-o		Extracted	85	27
cp-gluk-oliuska		Extracted	92	46
cp-gluk-po	mmol/l	Source	780	115
cp-gluk-po		Extracted	1736	135
cp-glukoosi	1	Source	60	37
cp-glukoosi		Source	13	13
cp-glukoosi,ihopistosn,vieritestihoitoyksikössä	mmol/l	Source	1309	206
cp-glukoosi,ihopistosn,vieritestihoitoyksikössä		Extracted	3716	277
cp-glukpaa	mmol/l	Source	116	31
cp-glukpaa		Extracted	90	36
cp-glukpot		Extracted	15	7
cp-glukpot		Source	89	63
cp-hco3st	mmol/l	Source	453	219
cp-inr-hy		Extracted	181	52
cp-inr-hy		Source	729	84
cp-inr-lb		Source	75	65
cp-inr-vt		Extracted	369	47
cp-inr-vt		Source	1524	228
cp-k	mmol/l	Source	307	134
cp-keto	mmpl/l	Source	11	8
cp-laktaat	mmol/l	Source	301	140
cp-na	mmol/l	Source	305	133
cp-ohbuthy	mmol/l	Source	28	26
cp-ohbuthy		Extracted	22	15
cp-ohbutlb	mmol/l	Source	245	144
cp-ph		Extracted	53	36
cp-ph		Source	150	92
cp-shco3	mmol/l	Source	1472	886
cp-shco3		Extracted	74	45
cp-tromboplastiiniaika,ihopistosnäyte,vieritesti		Extracted	57	11
cp-tromboplastiiniaika,ihopistosnäyte,vieritesti		Source	310	53
crea		Source	24	15
crl-mitta	mm	Source	91	89
crp	mg/l	Source	71	53
crp		Extracted	193	163
crp		Source	7009	3147
crp(hoitaja)	mg/l	Source	1227	568
crp(päiv.hoitaja)	mg/l	Source	361	290
crp(päiv.hoitaja)		Extracted	2927	1110
crp(tth)		Extracted	31	24
crp(vo.hoitaja)	mg/l	Source	134	91
crp(vo:nyhteydessäotettu),tth	mg/l	Source	158	133
crp(vo:nyhteydessäotettu),tth		Extracted	1267	591
crp,herkkä	mg/l	Source	227	185
crp,omalab		Extracted	40	32
crp,pikamääritys,qid-reedlaitteella	1	Source	10	6
crp,pikamääritys,qid-reedlaitteella		Source	16	10
crp,pikaquikread	mg/l	Source	102	55
crp,tk		Extracted	2890	1408
crp,tk		Source	6021	2646
crp-p	mg/l	Source	1051	389
crp-pika	mg/l	Source	3081	1549
crp-pika		Extracted	570	403
crp-pika		Source	4829	2043
crp-pika,hoitajattekee	1	Source	56	36
crp-pika,hoitajattekee		Source	13	9
crp-pika-oma		Source	17	14
crp-pikamääritys	mg/l	Source	390	157
crp-pikanäyte	mg/l	Source	34	26
crp-pikatesti	mg/l	Source	363	232
crp-pitoisuus,hoitoyksikkömittaavieritestilaitteella	mg/l	Source	771	294
crp-pitoisuus,hoitoyksikkömittaavieritestilaitteella		Extracted	29	25
crp-vier		Source	33	23
crp-vieri		Source	1134	374
crp-vt		Source	203	120
crpherkkä	mg/l	Source	21	21
crppika	mg/l	Source	869	649
crppika		Extracted	470	202
crppika		Source	652	261
crppikatutkimus	mg/l	Source	6	6
crppikatutkimusoma	mg/l	Source	159	123
crppäiv.aikana	mg/l	Source	149	89
crpvastaanotolla		Source	772	365
crpvieri	mg/l	Source	4875	2439
crpvieri		Extracted	571	413
crpvieritesti	mg/l	Source	841	586
crpvieritesti		Extracted	147	140
crpvieritesti		Source	258	193
cu-a1migl	ug/min	Source	61	38
cu-a1miglo	ug/min	Source	1299	478
cu-aika(s)	s	Source	1458	670
cu-aika(s)		QCOut	69	66
cu-alb	ug/min	Source	5389	2881
cu-alb		Extracted	1778	1224
cu-alb-mi	ug/min	Source	5748	2833
cu-alb-mi		Extracted	1367	947
cu-alb-mi		Source	142	112
cu-albumiini	ug/min	Source	32	27
cu-igg	ug/min	Source	70	68
cu-kesto	min	Source	2606	1064
cu-kesto		Extracted	785	517
cu-prot	g	Source	25	20
cu-prot	ug/min	Source	18	15
cu-prot12h	mg	Source	34	10
cu-tilav	ml	Source	2542	1068
cu-tilav		Extracted	792	519
cu-tilavu	ml	Source	8	7
cu-vm	ml	Source	2759	1052
cu-vm		Extracted	703	505
cu-vm		Source	27	27
cxcl13-komokiinipitoisuus,selkäydinnesta	ng/l	Source	6	6
cyp4f2-geeninnukleotidivariaatiot,dna-tutkimus		Extracted	446	441
cytomegalovirus,dna-osoitus,		Extracted	32	18
cytomegalovirus,dna-osoitus,kvant.,plasmasta	iu/ml	Source	13	6
cytomegalovirus,iggvasta-aineet,osatutk.	u/ml	Source	9	7
cytomegalovirus,nukleiinihappo	iu/ml	Source	26	9
cytomegalovirus,nukleiinihappo(kvant),plasmasta	iu/ml	Source	118	27
d-cmvabg	au/ml	Source	44	44
d-dimeeri	mg/l	Source	13	13
d-dimer	mg/l	Source	465	294
d-ebvabg		QCOut	36	36
d-ebvabg		Source	11	11
d-hbsab		Extracted	8	8
d-hsv1abg		QCOut	12	12
d-hsv2abg		QCOut	6	6
d-roms		Source	11	11
d-toxoabg		Extracted	19	18
d-vitamiini-25-oh	nmol/l	Source	1576	1443
d-vitamiini-25-oh,d3-jad2-muodot	nmol/l	Source	219	200
d-vitamiini-25-oh,hepariiniplasmasta	nmol/l	Source	22	21
d-vitamiini-25-oh,plasmasta	nmol/l	Source	694	485
d.farinae	mm	Source	29	29
d.microcer	u/ml	Source	8	8
d.pteronys	mm	Source	20	20
d.pteronys	u/ml	Source	111	108
d.pteronys		Extracted	118	111
dehydroaripipratsoli	ug/l	Source	19	16
dehydroepiandrosteroni,sulfaatti	umol/l	Source	12	10
dermatopahgoidespteronyssinus(pölypunkki)	u/ml	Source	7	7
dermatophagoidespteronyssimus,igevasta-aineet	u/ml	Source	46	46
dermatophagoidespteronyssinus(d1),ige-vasta-aineet	u/ml	Source	11	10
dermatophagoidespteronyssinus,ige-vasta-aineet,seerumista	u/ml	Source	8	8
desmetyyliklotsapiini	nmol/l	Source	1222	100
desmetyyliklotsapiini,seerumista,osatutk.3964	nmol/l	Source	22	9
desmetyyliklotsapiini,seerumista,osatutk.3964	umol/l	Source	77	17
desmetyylivenlafaksiini	nmol/l	Source	22	17
di-ca-ion	mmol/l	Source	450	34
di-ca-iona	mmol/l	Source	456	35
di-eos	%	Source	130	18
di-eryt	e6/l	Source	54	11
di-gluk	mmol/l	Source	490	79
di-k	mmol/l	Source	66	12
di-krea	umol/l	Source	443	61
di-l/liusk	%	Source	23	9
di-l/yksit	%	Source	23	9
di-leuk	e6/l	Source	524	59
di-leuk		Source	168	16
di-ly+mono	%	Source	93	13
di-na	mmol/l	Source	302	48
di-neut	%	Source	102	14
di-ph		Source	419	31
di-pi	mmol/l	Source	64	12
di-prot	g/l	Source	38	15
di-prot	mg/l	Source	599	101
di-urea	mmol/l	Source	443	62
diabetes	form	Source	187	187
diabetes-laskuri	form	Source	76	76
diabetesiiriskipisteet		Source	56	53
diabetesmellitusriskiluku		Source	7	7
dialysointiteho		Extracted	7	6
dialysointiteho		Source	829	75
dialyysiaedeltäväp-urea	mmol/l	Source	745	42
dialyysinjälkeinenp-urea	mmol/l	Source	708	42
dialyysinriittävyydensuhdeluku		Source	117	22
digoksiini,seerumista	ug/l	Source	43	31
dihomo-gamma-linoleenihappo	%	Source	318	258
dna,natiivi,vasta-aineet	kiu/l	Source	113	64
dna,natiivi,vasta-aineet,seerumista	iu/ml	Source	27	15
dna,vasta-aineet(natiivi)	kiu/l	Source	48	45
dna,vasta-aineet(natiivi),if-menetelmä,seerumista	iu/ml	Source	10	10
dna,vasta-aineet,natiivi	kiu/l	Source	174	142
dna,vasta-aineet,natiivi(doublest	kiu/l	Source	19	19
dna,vasta-aineet,natiivi(doublestranded,eia)		Extracted	6	6
dokosaheksaeenihappo	%	Source	318	258
dokosapentaeenihappo	%	Source	318	258
dpteroe	u/ml	Source	203	184
dpteroe		Extracted	30	29
du-5hiaa	umol	Source	327	280
du-5hiaa	umol/24h	Source	150	122
du-5hiaa	umol/l	Source	25	24
du-5hiaa		Extracted	49	48
du-a1miglo	mg	Source	14	14
du-adr	umol	Source	10	10
du-adr	umol/24h	Source	23	23
du-alb	mg	Source	1189	624
du-alb	mg/24h	Source	64	55
du-alb		Extracted	78	74
du-alb-mi	ug/min	Source	37	33
du-albumi	mg/l	Source	56	34
du-albumiinifraktionosuus,elektroforeesi	mg/l	Source	39	18
du-aldos	nmol	Source	1111	969
du-aldos	nmol/24h	Source	31	26
du-aldos	nmol/l	Source	25	22
du-aldos	ug/24h	Source	12	12
du-aldos		Extracted	97	90
du-ca	*sai	Source	6	6
du-ca	mmol	Source	12330	7095
du-ca	mmol/24h	Source	199	149
du-ca		Extracted	1284	779
du-ca(laskennallinen)	mmol	Source	42	39
du-ca(laskennallinen)	mmol/l	Source	7	7
du-cl	mmol	Source	411	360
du-cl		Extracted	52	51
du-cu	umol	Source	93	59
du-cu	umol/24h	Source	127	101
du-cu		Extracted	16	12
du-dopam	umol/24h	Source	10	10
du-fosfaatti,epäorgaaninen	mmol	Source	6	6
du-globul	mg/l	Source	54	32
du-globuliiniifraktionosuus,elektroforeesi	mg/l	Source	39	18
du-hva	umol	Source	25	23
du-hva		Extracted	18	16
du-iglck	g	Source	128	88
du-iglck	mg	Source	480	209
du-iglck		Extracted	285	185
du-iglcl	g	Source	97	68
du-iglcl	mg	Source	364	132
du-iglcl		Extracted	177	122
du-immunoglobuliini,kevyetketjut,kappa	mg	Source	33	24
du-immunoglobuliini,kevyetketjut,lambda	g	Source	6	6
du-immunoglobuliini,kevyetketjut,lambda	mg	Source	23	18
du-k	mmol	Source	2072	1709
du-k	mmol/24h	Source	19	19
du-k		Extracted	211	189
du-kalium	mmol	Source	14	12
du-kalsium	mmol	Source	115	109
du-kalsium,vuorokausivirtsa	mmol/24h	Source	9	7
du-kli/kni		Source	9	9
du-kors-v	nmol	Source	2384	1661
du-kors-v	nmol/24h	Source	86	78
du-kors-v	nmol/l	Source	35	29
du-kors-v		Extracted	139	123
du-korsn-v	nmol	Source	8	8
du-kortisoli,vapaa	nmol	Source	23	22
du-krea	mmol	Source	1601	1157
du-krea	mmol/24h	Source	13	10
du-krea		Extracted	278	199
du-magnesium	mmol	Source	9	9
du-metanefriini	umol	Source	11	10
du-metnef	umol	Source	911	826
du-metnef	umol/24h	Source	452	416
du-metnef		Extracted	336	313
du-mg	mmol	Source	579	530
du-mg		Extracted	45	45
du-mhistam	ug/g	Source	8	8
du-moma	umol	Source	76	73
du-moma	umol/24h	Source	19	19
du-moma		Extracted	51	45
du-mta	umol	Source	46	36
du-mta		Extracted	15	13
du-na	mmol	Source	2777	2182
du-na	mmol/24h	Source	60	53
du-na		Extracted	303	275
du-natrium	mmol	Source	36	30
du-ni	umol	Source	9	9
du-noradr	umol	Source	14	14
du-noradr	umol/24h	Source	25	24
du-normet	nmol	Source	8	7
du-normet	umol	Source	932	828
du-normet	umol/24h	Source	455	416
du-normet	umol/l	Source	8	7
du-normet		Extracted	348	324
du-normetanefriini	umol	Source	19	19
du-oksal	mg/24h	Source	162	134
du-oksal	umol/24h	Source	470	313
du-osmol	mosm/kgh2o	Source	8	8
du-pi	mmol	Source	590	458
du-pi		Extracted	29	27
du-prot	g	Source	4909	2088
du-prot	g/24h	Source	147	98
du-prot	mg	Source	9936	3833
du-prot	mg/24h	Source	200	95
du-prot		Extracted	1712	1034
du-prot.	mg	Source	1501	957
du-proteiini	g	Source	169	98
du-proteiini	mg	Source	183	119
du-proteiini(kok.)jatkoa	ml	Source	13	13
du-proteiini,(du-prot-fr,valetietue)	g	Source	16	14
du-proteiini,du-prot-fr:nosatutkimus	mg	Source	6	6
du-proteiini,vuorokausivirtsasta	g	Source	16	11
du-protks	g	Source	9	8
du-sitraat	mg/24h	Source	137	96
du-sitraat	mmol	Source	150	100
du-sitraat	mmol/24h	Source	153	105
du-sitraat		Extracted	16	14
du-sitraatti	mg/24h	Source	11	8
du-tilav	ml	Source	3520	1918
du-tilav		Extracted	361	253
du-tilavu	ml	Source	611	317
du-tilavu		Extracted	15	15
du-tilavuus	ml	Source	25	24
du-uraat	mmol	Source	230	210
du-uraat	umol	Source	64	54
du-uraat		Extracted	14	14
du-urea	mmol	Source	1215	496
du-urea		Extracted	24	22
du-virtsam	l	Source	56	27
du-vm	ml	Source	737	478
du-vm		Extracted	29	26
du-vmml	ml	Source	256	130
du-vmml		Extracted	72	57
dxmr/8.kor	nmol/l	Source	21	21
e-6-me-mp	umol/l	Source	21	19
e-6-tgn	umol/l	Source	18	17
e-akantos	%	Source	65	57
e-cdw	%	Source	247	194
e-cmbc3d		QCOut	7	6
e-cmbigg		QCOut	20	18
e-coomb-o		QCOut	345	239
e-coombp		QCOut	24	22
e-coombs,suora(polyspesifinen)(kval)		QCOut	8	8
e-coomc3d		QCOut	59	39
e-coomigg		QCOut	303	201
e-dysmorf	%	Source	65	57
e-erybla	e9/l	Source	380	143
e-eryrtosyytit,keskitilavuus,pikatesti	fl	Source	27	25
e-erytbla	e9/l	Source	20528	2926
e-erytrosyytiit,kokojakaumaprosentti	%	Source	1882	1146
e-erytrosyytit,keskitilavuus	fl	Source	101085	30519
e-erytrosyytit,keskitilavuus		Extracted	79	52
e-erytrosyytit,keskitilavuus		Source	9	7
e-erytrosyytit,keskitilavuus,poc-tutkimus	fl	Source	448	132
e-erytrosyytit,keskitilavuus,vieritutkimus	fl	Source	29	23
e-erytrosyytit,kokojakauma	%	Source	117212	23087
e-erytrosyytit,kokojakauma		Extracted	1729	743
e-erytrosyytit,kokojakaumaindeksi	%	Source	75219	8724
e-erytrosyytit,kokojakaumaprosentti	%	Source	24537	4543
e-erytrosyytit,kokojakumaprosentti	%	Source	497	41
e-erytrosyytit,tilavuus	fl	Source	30284	7146
e-erytrosyyttienkeskitilavuus	fl	Source	7549	3786
e-fragm	%	Source	1656	587
e-fragm		Extracted	48	19
e-g6pd	ku/mol	Source	19	19
e-g6pd	umol/min	Source	9	9
e-hemiglobiini,keskimassa,vieritutkimus	pg	Source	23	18
e-hemoglobiini(massa)	pg	Source	79890	14987
e-hemoglobiini(massakonsentraatio)	g/l	Source	30325	7146
e-hemoglobiini,keskimassa	pg	Source	57790	25349
e-hemoglobiini,keskimassa	pg/u	Source	723	549
e-hemoglobiini,keskimassa		Extracted	56	46
e-hemoglobiini,keskimassa		Source	9	7
e-hemoglobiini,keskimassa,pikatesti	pg	Source	27	25
e-hemoglobiini,keskimassa,poc-tutkimus	pg	Source	448	132
e-hemoglobiini,keskimassakonsentraatio	g/l	Source	111181	32526
e-hemoglobiini,keskimassakonsentraatio		Extracted	69	60
e-hemoglobiini,keskimassakonsentraatio,pikatesti	g/l	Source	7	6
e-hemoglobiini,keskimassakonsentraatio,vieritutkimus	g/l	Source	30	23
e-hemoglobiini,keskimassakonsentraatiopoc-tutkimus	g/l	Source	448	132
e-hemoglobiinikeskimassa	pg	Source	160	133
e-hypokr	%	Source	349	81
e-hypokr		Extracted	12	6
e-kokojakauma	%	Source	24438	7371
e-kupari	umol/l	Source	8	8
e-mch	fl	Source	319	282
e-mch	form	Source	34	34
e-mch	g/l	Source	113	79
e-mch	pg	Source	10022310	470770
e-mch	pg/cell	Source	21286	2115
e-mch		Extracted	855475	140906
e-mch		Source	3395	1361
e-mchc	%	Source	8	8
e-mchc	e9/l	Source	75	60
e-mchc	form	Source	34	34
e-mchc	g/l	QCOut	53	52
e-mchc	g/l	Source	6813755	370862
e-mchc	pg	Source	15	13
e-mchc		Extracted	305098	70887
e-mchc		Source	973	728
e-mchcp	g/l	Source	1281	194
e-mchp	pg	Source	1279	194
e-mcv	%	Source	3137	1375
e-mcv	e12/l	Source	61	42
e-mcv	fl	Source	10019369	470953
e-mcv	form	Source	34	34
e-mcv	l/l	Source	172	70
e-mcv	pg	Source	320	283
e-mcv		Extracted	858994	141428
e-mcv		Source	3815	1583
e-mcv(erytrosyytit,keskitilavuus)	fl	Source	26895	9397
e-mcvp	fl	Source	1282	194
e-pk	umol/min	Source	10	10
e-punasolujenkokojakaum	%	Source	55540	36380
e-punasolujenkokojakauma	%	Source	196955	51621
e-punasolujenkokojakauma		Extracted	889	289
e-punasolujenkokojakauma		Source	7	7
e-punasolujenkokojakauma,vieritutkimus	%	Source	25	20
e-punasolujenkoonvaihtelu	%	Source	27	24
e-rdv	%	Source	3952	1414
e-rdw	%	Source	5838095	349219
e-rdw		Extracted	441579	85592
e-rdw		Source	1752	681
e-rdw(19976e-rdw),osatutkimus	%	Source	161	135
e-rdw(9057e-rdw),osatutkimus	%	Source	7	7
e-rdw(ko)	%	Source	101	99
e-rdw,kokojakauma	%	Source	141	90
e-rdw,osatutkimus(19976e-rdw)	%	Source	1570	972
e-rdw,osatutkimus(e-rdw)	%	Source	3705	1889
e-rdw,punasolujenkokojakauma	%	Source	25924	5188
e-redcelldistributionwidth	%	Source	2641	1229
e-rethe	pg	Source	12083	5595
e-rethe		Extracted	26	24
e-rethe,osatutkimus(19977e-rethe)	pg	Source	7	6
e-rethe,osatutkimus(e-rethe)	pg	Source	14	12
e-reti-ma	%	Source	203	49
e-retic	%	Source	13	12
e-retik	%	Source	121560	45441
e-retik	pg	Source	17	17
e-retik		Extracted	11851	8112
e-retik		Source	225	72
e-retik,osatutkimus	%	Source	6	6
e-retik-k	%	Source	47	45
e-retikulosyytit	%	Source	3813	1764
e-retikulosyytit,osatutk.	%	Source	19	17
e-retikulosyyttienkeskimääräinenhemoglobiininmäärä	pg	Source	438	304
e-retikulosyyttienkeskimääräinenhemoglobiininmäärä		Extracted	14	14
e-rwd	%	Source	46	41
eikosadieenihappo	%	Source	319	259
eikosapentaeenihappo	%	Source	319	259
eikoseenihappo	%	Source	318	258
eikäytössä	mg/l	Source	23	22
eikäytössä	ug/l	Source	60	35
ekg		Source	137	106
elastaasi1	ug/g	Source	32	20
elektroneuromyografia,rannekanava		Source	156	148
emäsylimäärä,arteriaverestä,osatutk.	mmol/l	Source	64	38
emäsylimäärä,arteriaverestä,osatutk.		Extracted	32	24
emäsylimäärä,kapillaariverestä,osatutk.	mmol/l	Source	13	8
emäsylimäärä,kapillaariverestä,osatutk.		Extracted	9	8
emäsylimäärä,kapillaariveri	mmol/l	Source	3948	1698
emäsylimäärä,kapillaariveri		Extracted	991	430
emäsylimäärä,koneveri	mmol/l	Source	215	28
emäsylimäärä,koneveri		Extracted	281	26
emäsylimäärä,laskimoverestä,pikatesti	mmol/l	Source	373	285
emäsylimäärä,laskimoverestä,pikatesti		Extracted	273	203
emäsylimäärä,laskimoveri	mmol/l	Source	2439	1615
emäsylimäärä,laskimoveri		Extracted	1291	719
emäsylimäärä,valtimoveri	mmol/l	Source	1078	535
emäsylimäärä,valtimoveri		Extracted	346	216
emäsylimäärä,venaverestä,osatutk.	mmol/l	Source	31	21
emäsylimäärä,venaverestä,osatutk.		Extracted	31	13
eo		Source	116	62
eos	%	Source	49739	14133
eos	e9/l	Source	4350	591
eos		Extracted	14193	5461
eos		Source	295	188
eosin	%	Source	18337	13257
eosin		Extracted	441	28
eosin		Source	6	6
eosinofiil.		Extracted	3566	2621
eosinofiilistengranulosyyttienkationinenproteiini	ug/l	Source	9	9
eosinofiilit	%	Source	17312	7969
eosinofiilit	e9/l	Source	676	513
eosinofiilit		Extracted	10	10
eosinofiilit		Source	24	18
eosinofiilit(690l-eos),osatutkimus	%	Source	14	10
eosinofiilit,5-osa	%	Source	4342	3786
eosinofiilit,abs,konediffi	e9/l	Source	45	39
eosinofiilit,absol.arvot	e9/l	Source	16109	7656
eosinofiilit,absol.arvot(39b-eos),osatutkimus	e9/l	Source	14	10
eosinofiilit,absol.arvot,osatutkimus(39b-eos)	e9/l	Source	114	95
eosinofiilit,absol.arvot,osatutkimus(b-eos)	e9/l	Source	82	69
eosinofiilit,absoluuttiset/tvk	%	Source	9	6
eosinofiilit,konediffi(),osatutk.b-diffi	%	Source	1041	287
eosinofiilit,käsidiffi(),osatutk.b-diffi	%	Source	54	28
eosinofiilit,osatutkimus(690l-eos)	%	Source	114	95
eosinofiilit,osatutkimus(9113l-eos)	%	Source	6	6
eosinofiilit,osatutkimus(l-eos)	%	Source	82	69
eosinofiilit,osuus	%	Source	2988	2584
eosinofiilit,pleuraneste	%	Source	192	144
eosinofiilit,verestä(b-eos)	e9/l	Source	61	53
eosinofiilit-osuus	%	Source	1200	1034
eosinofiilit-osuus(diffi)	%	Source	197	146
eosinofiilitabs,konediffi,osatutk.b-diffi	e9/l	Source	1041	287
eosinofiilitdiffissä	e9/l	Source	46	33
eosinofiilitdiffissä		Extracted	8	7
eosinofiilitosatutk.2225diffi	%	Source	33	28
eosinofiilitosuus	%	Source	1373	1118
eosonofiilit	%	Source	23	18
epididymaalinenantigeeni4(he4)	pmol/l	Source	26	25
epit.solut	e6/l	Source	10	8
epit.solut		Extracted	291	264
epiteelisolut	e6/l	Source	14	10
epiteelisolut		Source	6	6
epiteelisolut,virtsa	e6/l	Source	7631	2842
epiteelisolut,virtsasta	e6/l	Source	4910	1904
epiteelisolut,virtsasta,partikkelinlaskijalla,osatutk.	e6/l	Source	203	124
epiteelit	e6/l	Source	5125	3355
epiteelit		Extracted	152	125
epoc-laitteellatehtäväpikatesti,osavastausp-k	1	Source	68	43
epoc-laitteellatehtäväpikatesti,osavastausp-k		Source	26	15
epoc-laitteellatehtäväpikatesti,osavastausp-krea	1	Source	66	42
epoc-laitteellatehtäväpikatesti,osavastausp-krea		Source	26	15
epoc-laitteellatehtäväpikatesti,osavastausp-na	1	Source	68	43
epoc-laitteellatehtäväpikatesti,osavastausp-na		Source	26	15
epstein-barrvirus(ebv),nhkvantitatiivinen,plasmasta	iu/ml	Source	25	6
epstein-barrvirus,igg-vasta-aineet,osatutk.1335	u/ml	Source	9	9
epstein-barrvirus,nukleiinihappo(kvant)	iu/ml	Source	15	12
erblast		Extracted	744	544
erik.näyte		Source	149	131
erikoisnäyte		Extracted	40	39
eryt	e6/l	Source	10099	5926
eryt		Extracted	7	7
erytroblastit	e9/l	Source	141098	34092
erytroblastit		Extracted	2691	1795
erytropoietiini	iu/l	Source	114	107
erytropoietiini	u/l	Source	23	21
erytropoietiini,seerumista	iu/l	Source	59	57
erytrosyytit	e12/l	Source	16828	4694
erytrosyytit	e6/l	Source	5533	3680
erytrosyytit	u/field	Source	29	23
erytrosyytit		Source	10	10
erytrosyytit(b-eryt)	e12/l	Source	61	53
erytrosyytit(kval)	estimate	Source	2406	1608
erytrosyytit(kval)		QCOut	90	60
erytrosyytit,keskitilavuus	fl	Source	1356	1050
erytrosyytit,keskitilavuus(e-mcv)	fl	Source	61	53
erytrosyytit,keskitilavuus,pvkosatutkimus	fl	Source	84	47
erytrosyytit,kokojakauma	%	Source	235	173
erytrosyytit,kokojakaumaindeksi,osatutk.2474	%	Source	12711	2569
erytrosyytit,likvorista	e6/l	Source	9	9
erytrosyytit,nivelnesteestä	e6/l	Source	71	52
erytrosyytit,nivelnesteestä,osatutk.2658	e6/l	Source	18	17
erytrosyytit,pleuranesteestä,osatutk	e6/l	Source	9	7
erytrosyytit,punasoluindeksi		Source	58	28
erytrosyytit,pvkosatutkimus	%	Source	84	47
erytrosyytit,pvkosatutkimus	e12/l	Source	84	47
erytrosyytit,selkäydinneste	e6/l	Source	53	52
erytrosyytit,tilavuusosuus	osuus	Source	16819	4687
erytrosyytit,tilavuusosuus(b-hkr)	%	Source	61	53
erytrosyytit,verestä,pikatesti	e12/l	Source	27	25
erytrosyytit,virtsa	e6/l	Source	7631	2842
erytrosyytit,virtsansolujenerittelylaskenta	u/field	Source	15	7
erytrosyytit,virtsasta,partikkelinlaskijalla,osatutk.	e6/l	Source	202	123
esat-6	tpl	Source	75	73
esat-6	täplää	Source	8	8
etanersepti,pitoisuus	mg/l	Source	9	9
etanoli,plasma	promille	Source	66	36
etanoli,plasmasta	promille	Source	36	22
ex-eos		Source	68	60
ex-neut		Source	53	49
f-antitry	ug/g	Source	531	296
f-blod-2		QCOut	7	7
f-calpro	ug/g	Source	130628	50504
f-calpro		Extracted	13148	8778
f-calpro		Source	336	252
f-calpro2	ug/g	Source	395	228
f-calprotectin	ug/g	Source	92	85
f-calprotectin,ulosteesta		Extracted	8	6
f-cl	mmol/l	Source	14	8
f-cldtnho		QCOut	157	126
f-clostridiumdifficile,toksiinigeeni,nukleiinihappo(kval)		QCOut	6	6
f-elast1	ug/g	Source	10974	7795
f-elast1		Extracted	1700	1391
f-elast1		Source	32	30
f-elastaasi-1	ug/g	Source	80	69
f-elastaasi1	ug/g	Source	198	161
f-elastaasi1,ulosteesta	ug/g	Source	8	7
f-hb-o		QCOut	22	11
f-helicobacterpylori,antigeeni		QCOut	9	8
f-hemoglobiini(kval)(ko)		QCOut	12	8
f-hemoglobiini,ihmisen(kval)		QCOut	16	14
f-hepyag		QCOut	273	229
f-hhb	ug/g	Source	357	283
f-hhb-1		QCOut	44	40
f-hhb-2		QCOut	46	42
f-hhb-o	form	Source	18	10
f-hhb-o		QCOut	1000	613
f-k	mmol/l	Source	10	6
f-kalprotektiini	ug/g	Source	1121	889
f-kalprotektiini,feia	ug/g	Source	797	455
f-kalprotektiini,ulosteesta	ug/g	Source	456	353
f-kporf	nmol/g	Source	58	49
f-na	mmol/l	Source	13	8
f-noronho		QCOut	119	114
f-norovirus,nukleiinihappo		QCOut	7	7
f-pporf	nmol/g	Source	61	52
f-salmvi	form	Source	18	11
f-salmvi		Extracted	17	12
fa-c26:0	umol/l	Source	8	8
fb-ammonium-ioni	umol/l	Source	7	6
fb-b1-vit	nmol/l	Source	3058	2403
fb-b1-vit	ug/l	Source	759	631
fb-b1-vit		Extracted	193	179
fb-b1-vitamiini	nmol/l	Source	74	71
fb-b1-vitamiini	ug/l	Source	35	31
fb-b6-vit	nmol/l	Source	808	616
fb-b6-vit		Extracted	130	111
fb-b6-vit		Source	97	84
fb-b6-vit-vitamiini	nmol/l	Source	32	23
fb-b6-vitamiini	nmol/l	Source	86	75
fb-b6-vitamiini		Source	13	12
fb-folaat	nmol/l	Source	2987	2573
fb-folaat		Extracted	267	259
fb-folaatti	nmol/l	Source	43	42
fb-folaatti(k-pks:n)(ko)	nmol/l	Source	9	9
fb-folat	nmol/l	Source	247	218
fb-gluc	mmol/l	Source	220	27
fb-gluk	mmol/l	Source	332	163
fb-gluk		Extracted	341	288
fb-gluk		Source	14	13
fb-gluk-o		Extracted	25	25
fb-gluk-o		Source	28	21
fb-glukoosi		Extracted	17	16
fb-glukoosi120	mmol/l	Source	13	13
fb-leuk	e9/l	Source	326274	40616
fb-leuk		Extracted	78129	18208
fb-leuk		Source	324	149
fb-leukosyytit	e9/l	Source	53953	21331
fb-leukosyytit		Extracted	15	15
fb-leukosyytit/ima	e9/l	Source	104	92
fb-leukosyytitpvk:nosatutkimus	e9/l	Source	336	236
fb-nh4-ion	umol/l	Source	298	152
fb-nh4-ion		Extracted	25	16
fc-glu-o	mmol/lliuska	Source	50	44
fc-gluk-o		Extracted	10	7
fc-gluk-oliuska		Source	12	6
fe-b1-vitentsyymiaktiivisuus		Extracted	10	10
fe-b2-vit	ug/l	Source	101	88
fe-b2-vitentsyymiaktiivisuus		Extracted	8	8
fe-b6-vitentsyymiaktiivisuus		Extracted	12	11
fe-folaat	nmol/l	Source	76563	54439
fe-folaat		Extracted	27146	19273
fe-folaat		Source	21	21
fe-folaat,fe-folaat	nmol/l	Source	27	23
fe-folaatt	nmol/l	Source	173	154
fe-folaatti	nmol/l	Source	14	13
fe-folat	nmol/l	Source	71	56
ferritiini	ug/l	Source	434	364
ferritiini(ferrit)	ug/l	Source	94	73
ferritiini,seerumista	ug/l	Source	25	19
fev		Source	105	91
fev/brdil		Source	104	90
fev1	l	Source	23	17
fev1		Source	105	91
fev1-vieri		Source	16	16
fev1/brdil		Source	104	90
fgluk-0	mmol/l	Source	34	29
fibriinid-dimeerit,plasmasta,pikatutkimus	mg/l	Source	7	7
fibriinind-dimeerit	mg/l	Source	37	29
fibriinind-dimeerit		Extracted	7	7
fibriinind-dimeerit(kval)	mg/l	Source	8	8
fibriinind-dimeerit,pikatesti(3939b-fidd-o)	mg/l	Source	16	16
fibriinind-dimeerit,pikatesti(b-fidd-o)	mg/l	Source	73	63
fibriinind-dimeerit,pikatesti(fidd-o)	mg/l	Source	42	40
fibriinind-dimeerit,pikatesti,veri	mg/l	Source	234	214
fibriinind-dimeerit,pikatesti,veri(23283b-fidd-pt)	mg/l	Source	59	52
fibriinind-dimeerit,pikatesti,veri(3939b-fidd-pt)	mg/l	Source	7	7
fibriinind-dimeerit,pikatutkimus	mg/l	Source	22	19
fibriinind-dimeerit,plasmasta	mg/l	Source	75	60
fibriinind-dimeerit,plasmasta(4113p-fidd)	mg/l	Source	11	10
fibriinind-dimeerit,plasmasta(fidd)	mg/l	Source	10	10
fibriinind-dimeerit,plasmasta(p-fidd)	mg/l	Source	19	19
fibriinind-dimeerit,plasmasta,pikatutkimus	mg/l	Source	47	44
fibriinind-dimeerit,plasmasta,vieritutkimus		Extracted	14	13
fibriinind-dimeerit,plasmasta,vieritutkimus		Source	12	12
fibriinind-dimeerit,vieritutkimus	mg/l	Source	19	19
fibrinogeeni,hus	g/l	Source	17	17
fibrosis-4-indeksi		Extracted	458	408
fibrosis-4-indeksi		Source	1347	1299
fibrosis-4indeksi		Extracted	164	161
fibrosis-4indeksi		Source	392	326
fibtem/a10	mm	Source	228	139
fibtem/a15	mm	Source	228	139
fibtem/a5	mm	Source	228	139
fibtem/mcf	mm	Source	216	129
fidd-vt		Source	6	6
fiddpika		Extracted	51	40
fiddpika		Source	15	14
fl-ph		Source	121	110
fl-strbnho		QCOut	925	860
fl-trihina		Source	24	24
fluor,nat,fl-clue		Extracted	105	59
fluor,nat,fl-clue		Source	18	13
fluor,nat,fl-hiiva		Extracted	105	59
fluor,nat,fl-hiiva		Source	18	13
fluor,nat,fl-leuk		Extracted	102	57
fluor,nat,fl-leuk		Source	19	14
fluor,nat,muuta		Extracted	104	59
fluor,nat,muuta		Source	18	13
folaatti	nmol/l	Source	52	52
folaatti(fe-folaat)	nmol/l	Source	320	288
follikkeliastimuloivahormoni	u/l	Source	138	131
forfatidyylietanoli,verestä	umol/l	Source	13	9
fosfaatti,epäorgaaninen	mmol/l	Source	275	203
fosfatidyylietanoli	umol/l	Source	1539	977
fosfatidyylietanoli		Extracted	121	60
fosfatidyylietanoli(12510b-peth)	umol/l	Source	24	18
fosfatidyylietanoli,verestä	umol/l	Source	3282	2394
fosfatidyylietanoli,verestä		Extracted	27	23
fosfatidyylietanoli,verestä		Source	8	8
fosfatidyylietanoli,verestätth	umol/l	Source	35	32
fosfatidyylietanoli,veri	umol/l	Source	334	184
fosfatidyylietanoli,veri		Source	27	17
fosfo-tauproteiini,likvorista	ng/l	Source	11	11
fosfori,kokoveren	mmol/l	Source	308	248
fp-a-vit	umol/l	Source	532	268
fp-aa/epasuhdeluku		Extracted	9	8
fp-aaa	umol/l	Source	9	8
fp-aab	umol/l	Source	17	15
fp-afos	u/l	Source	595	339
fp-ala	umol/l	Source	17	15
fp-alat	u/l	Source	1830	732
fp-aldos	pmol/l	Source	758	627
fp-aldos		Extracted	18	17
fp-aldos-p	pmol/l	Source	6	6
fp-alfalinoleenihappo	%	Source	10	9
fp-ammonium-ioni	umol/l	Source	148	85
fp-amyl	u/l	Source	166	120
fp-amylaasi	u/l	Source	20	19
fp-apob/a1		Extracted	11	8
fp-arakidonihappo	%	Source	10	9
fp-arg	umol/l	Source	17	15
fp-asn	umol/l	Source	17	15
fp-aspartaattiaminotransferaasi	u/l	Source	13	12
fp-b6-vit	nmol/l	Source	633	513
fp-b6-vit		Extracted	448	347
fp-b6-vitamiini	nmol/l	Source	23	21
fp-bil	umol/l	Source	111	83
fp-c-pept	nmol/l	Source	3064	1793
fp-c-pept		Extracted	530	455
fp-c-vit		Source	37	21
fp-ca	mmol/l	Source	53237	24984
fp-ca		Extracted	8287	6075
fp-ca		Source	130	106
fp-ca-albk	mmol/l	Source	22	21
fp-ca-albk		Source	38	35
fp-ca-ion	mmol/l	Source	1040	557
fp-ca-ion.	mmol/l	Source	22581	4053
fp-ca-ion.		Extracted	66	45
fp-ca-iona	mmol/l	Source	383	279
fp-cga	nmol/l	Source	9973	3154
fp-cga		Extracted	145	128
fp-ck	u/l	Source	70	46
fp-crp	mg/l	Source	518	173
fp-ctx	ng/l	Source	34	34
fp-ctx	ug/l	Source	1278	803
fp-ctx		Extracted	381	302
fp-ctx		QCOut	30	26
fp-cys	umol/l	Source	17	15
fp-dihomo-gamma-linoleenihappo	%	Source	10	9
fp-dokosaheksaeenihappo	%	Source	10	9
fp-dokosapentaeenihappo	%	Source	10	9
fp-e-vit	umol/l	Source	234	122
fp-e-vitamiini	umol/l	Source	57	46
fp-eiikoseenihappo	%	Source	10	9
fp-eikosadieenihappo	%	Source	10	9
fp-eikosapentaeenihappo	%	Source	10	9
fp-eta	umol/l	Source	9	9
fp-fe	umol/l	Source	141841	52665
fp-fe		Extracted	11292	7839
fp-fe		Source	136	126
fp-folaat	nmol/l	Source	855	701
fp-fosfaatti	mmol/l	Source	690	304
fp-fosfaatti,epäorgaaninen	mmol/l	Source	1536	438
fp-gamma-linoleenihappo	%	Source	9	8
fp-gastr17	pmol/l	Source	24	23
fp-glkg	ng/l	Source	15	10
fp-gln	umol/l	Source	17	15
fp-glu	umol/l	Source	17	15
fp-gluk	mmol/	Source	10	10
fp-gluk	mmol/l	Source	1527271	374909
fp-gluk	nmol/l	Source	552	348
fp-gluk		Extracted	373330	120342
fp-gluk		Source	3605	2401
fp-gluk(0	mmol/l	Source	18	14
fp-gluk(0)	mmol/l	Source	29	28
fp-gluk,fc	mmol/l	Source	96	60
fp-gluk,t		Extracted	749	553
fp-gluk,tk		Extracted	10	10
fp-gluk,tk		Source	1197	1049
fp-gluk-0	mmol/l	Source	88	73
fp-gluk-0h	mmol/l	Source	156	132
fp-gluk-0h		Extracted	54	47
fp-gluk-0h		Source	162	96
fp-gluk-1	mmol/l	Source	108	83
fp-gluk-2	mmol/l	Source	168	135
fp-gluk-2h	mmol/l	Source	109	96
fp-gluk-2h	mmol/mol	Source	45	41
fp-gluk-o	mmol/l	Source	104	86
fp-gluk-p	mmol/l	Source	391	273
fp-gluk-p3		Source	29	22
fp-gluk-sn	mmol/l	Source	1398	180
fp-gluk/0	mmol/l	Source	296	265
fp-gluk/0		Source	43	36
fp-gluk/pi		Extracted	109	91
fp-gluk/pika		Extracted	86	74
fp-gluk0	mmol/l	Source	1616	1182
fp-gluk0		Extracted	155	143
fp-gluk0		Source	19	16
fp-gluk0,osatutk.		Extracted	57	50
fp-gluk0h	mmol/l	Source	20	11
fp-gluk120	mmol/l	Source	19	18
fp-glukgr0	mmol/l	Source	33	31
fp-glukoosi	mmol/l	Source	21503	14993
fp-glukoosi	nmol/l	Source	15	14
fp-glukoosi		Extracted	1343	841
fp-glukoosi		Source	13	10
fp-glukoosi(gluk.ras0)	mmol/l	Source	226	215
fp-glukoosi(gluk.ras2h)	mmol/l	Source	225	214
fp-glukoosi,0-näyte	mmol/l	Source	50	49
fp-glukoosi,120-näyte	mmol/l	Source	24	23
fp-glukoosi,paastonäyte	mmol/l	Source	9604	8085
fp-glukoosi,paikallisanalytiikka,kuivakemia	mmol/l	Source	9	9
fp-glukoosirasitus,0-näyte	mmol/l	Source	68	68
fp-glukoosirasitus,0minnäyte	mmol/l	Source	28	26
fp-glukoosirasitus,pikatutkimus0minnäyte	mmol/l	Source	14	12
fp-glukos	mmol/l	Source	977	374
fp-glukr0	mmol/l	Source	173	153
fp-glukr0		Source	20	20
fp-glukr0h	mmol/l	Source	948	876
fp-glukr0h		Source	22	22
fp-glukr2h	mmol/l	Source	50	46
fp-glutamyylitransferaasi	u/l	Source	102	53
fp-gt	u/l	Source	771	452
fp-gt		Extracted	11	9
fp-hcyst	umol/l	Source	105	101
fp-hcyst		Extracted	19	19
fp-hdl-kolesteroli		Source	8	8
fp-his	umol/l	Source	17	15
fp-hypro	umol/l	Source	14	12
fp-ile	umol/l	Source	17	15
fp-insu	mu/l	Source	1845	1164
fp-insu		Extracted	98	89
fp-insu0	mu/l	Source	26	22
fp-insuliini	mu/l	Source	29	15
fp-jgluk	mmol/l	Source	90	90
fp-k	mmol/l	Source	4399	1405
fp-kalsium	mmol/l	Source	26	23
fp-kalsium(ko)	mmol/l	Source	10	10
fp-kalsium(pi)	mmol/l	Source	29	25
fp-kalsium,ionisoitunut	mmol/l	Source	172	113
fp-kol	mmol	Source	7	7
fp-kol	mmol/l	Source	1160365	322950
fp-kol		Extracted	245770	91625
fp-kol		Source	269	229
fp-kol-hd	mmol/l	Source	95	93
fp-kol-hdl	mmol/l	QCOut	83	83
fp-kol-hdl	mmol/l	Source	1110569	317791
fp-kol-hdl		Extracted	235267	87327
fp-kol-hdl		Source	214	187
fp-kol-ind		Extracted	2587	1541
fp-kol-ind		Source	2479	1698
fp-kol-ldl	mmol/	Source	19	19
fp-kol-ldl	mmol/l	QCOut	36	36
fp-kol-ldl	mmol/l	Source	1258881	329151
fp-kol-ldl		Extracted	294308	104811
fp-kol-ldl		Source	5795	2611
fp-kolesteroli	mmol/l	Source	14065	10478
fp-kolesteroli		Extracted	562	480
fp-kolesteroli		Source	12	11
fp-kolesteroli,highdensitylipoproteiinit	mmol/l	Source	15477	11729
fp-kolesteroli,highdensitylipoproteiinit		Extracted	59	53
fp-kolesteroli,highdensitylipoproteiinit(ko)	mmol/l	Source	15	15
fp-kolesteroli,highdensitylipoprotein,plasmasta	mmol/l	Source	736	538
fp-kolesteroli,lowdensitylipoproteiinit	mmol/l	Source	4758	4086
fp-kolesteroli,lowdensitylipoproteiinit		Extracted	114	104
fp-kolesteroli,lowdensitylipoproteiinit,paastotilassa	mmol/l	Source	249	171
fp-kolesteroli,lowdensitylipoproteiinit,suora	mmol/l	Source	1652	1302
fp-kolesteroli,lowdensitylipoproteiinit,suoramittaus	mmol/l	Source	7	7
fp-kolesteroli,lowdensitylipoprotein	mmol/l	Source	7970	4832
fp-kolesteroli,lowdensitylipoproteinit	mmol/l	Source	32	30
fp-kolesteroli,lowdensitylipoproteinit		Extracted	59	49
fp-kolesteroli,plasma	mmol/l	Source	52	51
fp-kolesteroli,plasma		Extracted	32	28
fp-kolhdl	mmol/l	Source	1223	406
fp-kollageenii:nbeta-karboksiterminaalinentelopeptidi	ug/l	Source	299	248
fp-krea	umol/l	Source	759945	109993
fp-krea		Extracted	3002	1147
fp-krea		Source	3251	1098
fp-kreatiniini	umol/l	Source	941	514
fp-kromograniinia	nmol/l	Source	99	53
fp-laktaat	mmol/l	Source	299118	32605
fp-laktaat		Extracted	2205	1065
fp-laktaatti	mmol/l	Source	1976	1154
fp-ld	u/l	Source	6	6
fp-leu	umol/l	Source	17	15
fp-linoleenihappo	%	Source	9	8
fp-lipaas	u/l	Source	2158	480
fp-lipaas		Extracted	17	15
fp-lipaasi	u/l	Source	78	37
fp-lipoa1	g/l	Source	10	8
fp-lipob	g/l	Source	11	9
fp-lys	umol/l	Source	17	15
fp-meth	umol/l	Source	17	15
fp-mg	mmol/l	Source	20	19
fp-myristiinihappo	%	Source	9	8
fp-na	mmol/l	Source	6047	1562
fp-na		Source	16	16
fp-nh4-ion	umol/l	Source	22888	8413
fp-nh4-ion		Extracted	782	432
fp-non-hdl		Extracted	11	11
fp-ohbutyr	mmol/l	Source	47	41
fp-oleiinihappo	%	Source	9	8
fp-omega3-rasvahappojenkokonaismäärä	%	Source	9	8
fp-omega6-rasvahappojenkokonaismäärä	%	Source	9	8
fp-orn	umol/l	Source	17	15
fp-palmitiinihappo	%	Source	9	8
fp-palmitoleiinihappo	%	Source	9	8
fp-parathomoni	ng/l	Source	14	11
fp-parathomoni		Extracted	7	7
fp-parathormoni	ng/l	Source	3057	1611
fp-parathormoni	pmol/l	Source	423	292
fp-parathormoni(intakti)	ng/l	Source	167	93
fp-parathormoni,intakti	ng/l	Source	443	347
fp-parathormoni,intakti	pmol/l	Source	213	98
fp-pepsin1	ug/l	Source	115	114
fp-pepsin2	ug/l	Source	22	18
fp-pepsinogeeni1	ug/l	Source	7	7
fp-ph		Extracted	50	39
fp-ph		Source	973	515
fp-phe	umol/l	Source	23	16
fp-pi	mmol/l	Source	175027	31418
fp-pi		Extracted	8824	4697
fp-pp	pmol/l	Source	24	19
fp-pro	umol/l	Source	17	15
fp-pth	ng/l	Source	121906	29039
fp-pth	pmol/l	Source	30414	8775
fp-pth		Extracted	9213	4982
fp-pth		Source	1981	659
fp-pth-int	ng/l	Source	44	26
fp-pthint	ng/l	Source	23	7
fp-pthint	pmol/l	Source	1198	304
fp-rasvahappoprofiili		Extracted	10	9
fp-rauta	umol/l	Source	3852	2394
fp-rauta		Extracted	19	16
fp-rauta(osat.)	umol/l	Source	288	228
fp-rauta,plasmasta,paastotilassa	umol/l	Source	6	6
fp-reniini,konsentraatio	mu/l	Source	275	179
fp-renin	mu/l	Source	184	157
fp-renin		Extracted	140	115
fp-renin-m	mu/l	Source	69	65
fp-renin-m		Extracted	12	12
fp-renin-p	mu/l	Source	834	638
fp-renin-p		Extracted	227	193
fp-reninm	mu/l	Source	1612	1084
fp-reninm		Extracted	62	49
fp-reumafaktori,määritys	iu/ml	Source	6	6
fp-rf	iu/ml	Source	35	32
fp-rf		Source	6	6
fp-ser	umol/l	Source	17	15
fp-sinkki	umol/l	Source	16	16
fp-sinkki,paastoplasmasta	umol/l	Source	8	8
fp-sit	umol/l	Source	17	15
fp-stearidonihappo	%	Source	9	8
fp-steariinihappo	%	Source	9	8
fp-taur	umol/l	Source	17	15
fp-tffesat	%	Source	1121	322
fp-thr	umol/l	Source	17	15
fp-trans	g/l	Source	56	46
fp-transf	g/l	Source	144990	53515
fp-transf		Extracted	12772	8857
fp-transf		Source	120	115
fp-transferriini	g/l	Source	3265	2050
fp-transferriini(pi)	g/l	Source	12	12
fp-transferriininrautakyllästeisyys	%	Source	3193	2035
fp-transferriininrautakyllästeisyys(pi)	%	Source	11	11
fp-transferriininrautakyllästeisyys,plasmasta	%	Source	66	59
fp-transferriininrautasaturaatio	%	Source	400	336
fp-trfe-sa	%	Source	1262	658
fp-trfe-sa		Extracted	113	65
fp-trfesat	%	Source	88543	32054
fp-trfesat		Extracted	2308	1872
fp-trigl	mmol/l	Source	8566	1590
fp-trigl		Source	78	76
fp-trigly	mmol/l	Source	1104071	315725
fp-trigly		Extracted	239139	89534
fp-trigly		Source	221	194
fp-triglyseridit	mmol/l	Source	17857	12915
fp-triglyseridit		Extracted	90	83
fp-triglyseridit		Source	6	6
fp-triglyseridit,plasma	mmol/l	Source	82	76
fp-triglyseridit,plasmasta,paastotilassa	mmol/l	Source	189	139
fp-triglyseriditplasmasta	mmol/l	Source	1453	751
fp-triglyviitasaari	mmol/l	Source	99	97
fp-trp	umol/l	Source	17	15
fp-tyr	umol/l	Source	17	15
fp-uraat	umol/l	Source	136	80
fp-uraatti	umol/l	Source	27	25
fp-urea	mmol/l	Source	124584	15996
fp-urea		Extracted	5223	2619
fp-ureaed	mmol/l	Source	161	11
fp-ureajd	mmol/l	Source	153	8
fp-val	umol/l	Source	17	15
fp-vip	pmol/l	Source	385	278
fp-vip		Extracted	11	11
fp-zn	umol/l	Source	173	150
fp-zn		Extracted	28	26
frat		Extracted	6	6
fs-a-vit	umol/l	Source	4424	2137
fs-a-vit		Extracted	289	241
fs-a-vitamiini	umol/l	Source	26	23
fs-ace	u/l	Source	33373	16511
fs-ace		Extracted	342	318
fs-alaniiniaminotransferaasi	u/l	Source	404	283
fs-alkalinenfosfataasi	u/l	Source	114	59
fs-angiotensiini-1-konvertaasi	u/l	Source	168	126
fs-apob/a1	ratioluku	Source	64	37
fs-apob/a1		Extracted	26	25
fs-apob/a1		Source	341	324
fs-apob/a1-suhde		Extracted	22	21
fs-b12-vit	pmol/l	Source	159	143
fs-b12-vitamiini	pmol/l	Source	19	18
fs-bkarot	nmol/l	Source	18	18
fs-bkarot	umol/l	Source	318	259
fs-c-pept	nmol/l	Source	14049	5843
fs-c-pept		Extracted	1024	866
fs-c-peptidi,proinsuliinin	nmol/l	Source	56	51
fs-c-reaktiivinenproteiini	mg/l	Source	241	58
fs-ca	mmol/l	Source	1580	1112
fs-ca++/7.40		Extracted	10495	6435
fs-ca++7.4	mmol/l	Source	8087	2339
fs-ca-7.40	mmol/l	Source	987	387
fs-ca-ion	mmol/l	Source	11278	4182
fs-ca-ion		Extracted	10573	6504
fs-ca-ion		Source	94	85
fs-ca-ion/ph7.40	mmol/l	Source	27029	10625
fs-ca-ion/ph7.40		Extracted	122	78
fs-ca-iona	mmol/l	Source	1052	401
fs-ca-iona		Extracted	134	124
fs-ca-iona		Source	24	21
fs-calsium	mmol/l	Source	12	8
fs-cga	nmol/l	Source	6194	1937
fs-cga	ug/l	Source	11	9
fs-cga		Extracted	226	147
fs-ct	pmol/l	Source	582	106
fs-ct		Extracted	38	14
fs-e-vit	umol/l	Source	4200	2026
fs-e-vit		Extracted	168	132
fs-e-vitamiini	umol/l	Source	20	18
fs-fe	umol/l	Source	41742	20125
fs-fe		Extracted	491	343
fs-fe		Source	20	17
fs-ffa	mmol/l	Source	168	65
fs-folaat	nmol/l	Source	163828	103544
fs-folaat		Extracted	26432	18840
fs-folaat		Source	39	37
fs-folaatti	nmol/l	Source	4763	4136
fs-gastr	pmol/l	Source	1125	621
fs-gastr		Extracted	32	31
fs-gastr17	pmol/l	Source	35	35
fs-gh	mlu/l	Source	6	6
fs-gh	mu/l	Source	232	92
fs-gh	ug/l	Source	4205	1544
fs-gh		Extracted	83	76
fs-gluk	mmol/l	Source	17569	10869
fs-gluk		Extracted	71	69
fs-gluk		Source	242	212
fs-glukoosi	mmol/l	Source	854	735
fs-glukoosi,0-näyte	mmol/l	Source	40	38
fs-glukoosi,2h-näyte	mmol/l	Source	27	25
fs-happamuusaste		Source	18	16
fs-ictp	ug/l	Source	23	21
fs-insu	mu/l	Source	560	296
fs-jc-pept	nmol/l	Source	167	167
fs-kalsium	mmol/l	Source	22	22
fs-kalsium,ionisoitunut,aktuaal.	mmol/l	Source	1715	782
fs-kalsium,ionisoitunut,ph7.4:ssa	mmol/l	Source	1713	782
fs-kalsium-ioni.aktuaali	mmol/l	Source	216	182
fs-kalsium-ioni.aktuaali		Extracted	26	23
fs-kasvuhormoni	ug/l	Source	26	21
fs-kasvuhormoni,paastoseerumi	ug/l	Source	6	6
fs-kol	mmol/	Source	7	6
fs-kol	mmol/l	Source	255206	109871
fs-kol		Extracted	2776	2334
fs-kol		Source	1018	722
fs-kol-hdl	mmol/l	Source	254480	109497
fs-kol-hdl		Extracted	3004	2495
fs-kol-hdl		Source	882	606
fs-kol-ldl	mmol/l	Source	255209	109841
fs-kol-ldl		Extracted	2722	2287
fs-kol-ldl		Source	1050	753
fs-kol/hdl		Extracted	28	27
fs-kol/hdl/mbo		Extracted	52	51
fs-kol/kol-hdl-suhde		Source	56	46
fs-kolesteroli	mmol/l	Source	3805	2743
fs-kolesteroli,highdensitylipoproteiinit	mmol/l	Source	3701	2632
fs-kolesteroli,highdensitylipoproteiinit		Extracted	7	7
fs-kolesteroli,lowdensitylipoproteiinit	mmol/l	Source	3671	2633
fs-kolesteroli,lowdensitylipoproteiinit		Extracted	28	28
fs-kolesteroli/hdl-kolesteroli-suhde		Extracted	67	62
fs-kolesteroli/hdl-kolesteroli-suhdeosatutkimus		Extracted	16	16
fs-kolesterolinjahdl-kolesterolinsuhde		Extracted	81	77
fs-kolestroli,highdensitylipoproteiini	mmol/l	Source	201	184
fs-kolestroli,lowdensitylipoproteiini	mmol/l	Source	198	180
fs-kolldls	mmol/l	Source	12	10
fs-korsol	nmol/l	Source	25	23
fs-krea	mmol/l	Source	6	6
fs-krea	umol	Source	19	16
fs-krea	umol/l	Source	277757	123620
fs-krea		Extracted	34	30
fs-krea		Source	464	370
fs-kreatiniini	umol/l	Source	1046	772
fs-kromograniinia	nmol/l	Source	217	124
fs-lipaas	u/l	Source	1878	348
fs-lipaas		Extracted	16	16
fs-lipider		Source	10	10
fs-lipidit	form	Source	50	41
fs-lipidit	g/l	Source	160	123
fs-lipidit	mmol/l	Source	269	127
fs-lipidit	paketti	Source	263	224
fs-lipidit		Extracted	66	55
fs-lipo(a)	mg/l	Source	747	654
fs-lipo(a)		Extracted	6	6
fs-lipoa1	g/l	Source	4095	3075
fs-lipoa1		Extracted	20	19
fs-lipob	g/l	Source	5510	3661
fs-lipob		Extracted	71	65
fs-non-hdl	mmol/l	Source	123	120
fs-non-hdl-kolesteroli	mmol/l	Source	77	74
fs-non-hdl-kolesteroliosatutkimus	mmol/l	Source	17	17
fs-non-hdl/mbo	mmol/l	Source	52	51
fs-ohbutyr	mmol/l	Source	22	8
fs-pcb	form	Source	12	10
fs-pcb	ug/l	Source	6	6
fs-pepsin1	ug/l	Source	550	534
fs-pepsin1		Extracted	80	80
fs-pepsin2	ug/l	Source	249	246
fs-ph	ph	Source	986	387
fs-ph		Extracted	17366	5025
fs-ph		Source	13000	3782
fs-ph(ca-ion)		Extracted	21	20
fs-ph(ca-ion)		Source	1681	749
fs-pi	mmol/l	Source	1919	1412
fs-pi		Extracted	803	718
fs-pp	pmol/l	Source	1162	472
fs-pth	ng/l	Source	1065	588
fs-pth		Extracted	450	261
fs-rauta	umol/l	Source	144	116
fs-reumafaktori	iu/ml	Source	33	30
fs-reumafaktori,määritys	iu/ml	Source	12	12
fs-reumafaktori,määritys	kiu/l	Source	6	6
fs-reumafaktori,määritys(kvant)	iu/ml	Source	9	9
fs-rf	iu/ml	Source	1088	966
fs-rf	kiu/l	Source	98	90
fs-rf		Extracted	348	332
fs-sappih	umol/l	Source	3976	2388
fs-sappih		Extracted	1438	995
fs-sappihapot	umol/l	Source	198	142
fs-sinkki	umol/l	Source	6	6
fs-tffesat	%	Source	26	25
fs-transf	%	Source	452	374
fs-transf	g/l	Source	27907	14053
fs-transf		Extracted	255	219
fs-transferiininrautakyllästeisyys		Extracted	275	235
fs-transferiininrautakyllästeisyys		Source	541	447
fs-transferiininrautakyllästeisyys,osatutk.		Extracted	55	45
fs-transferiininrautakyllästeisyys,paastotilassa		Extracted	56	41
fs-transferiininrautakyllästeisyys,paastotilassa		Source	83	63
fs-transferriini	g/l	Source	166	128
fs-transferriini		Source	6	6
fs-transferriininrautakyllästeisyys	%	Source	144	128
fs-transferriininrautakyllästeisyys		Source	226	172
fs-trfesat	%	Source	1915	1017
fs-trfesat	1	Source	27	20
fs-trfesat	osuus	Source	450	187
fs-trfesat		Extracted	349	260
fs-trfesat		Source	10481	4750
fs-trfesat,fs-fe		Source	15	11
fs-trigly	mmol/	Source	16	13
fs-trigly	mmol/l	Source	258906	110568
fs-trigly		Extracted	3031	2517
fs-trigly		Source	949	664
fs-triglyseridit	mmol/l	Source	3358	2452
fs-triglyseridit		Extracted	34	34
fs-tryps	ug/l	Source	24	21
fs-ubikin	umol/l	Source	323	265
fs-urea	mmol/l	Source	682	514
fs-urea		Extracted	44	40
fs-zn	umol/l	Source	7	6
fusariummoniliformae	u/ml	Source	15	15
fvc	l	Source	24	18
fvc		Source	106	92
fvc/brdil		Source	104	90
g-etoh-o	promille	Source	63	30
gal-alpha-1,3-galthyroglobulin,bovine,igevasta-aineet,seerumista	u/ml	Source	65	63
gamma	g/l	Source	902	435
gamma-fraktio,seerumista	g/l	Source	714	259
gamma-glob	%	Source	22	18
gamma-glob	g/l	Source	2834	725
gamma-globuliini,seerumi,elektroforeesifraktio,osatutk.2522	g/l	Source	151	44
gamma-linoleenihappo	%	Source	314	254
gammaglob	g/l	Source	74	67
gammaglobuliini	g/l	Source	6	6
gammaglobuliini,fraktio,seerumi	g/l	Source	14	12
gammaglobuliini,seerumi,elektroforeesifraktio	g/l	Source	12	9
gds-15		Extracted	23	21
gfr-e-epi	ml/min/173m2	Source	15	13
ghb-a1c(vo-hoitaja)	mmol/mol	Source	43	31
ghb-a1c(vo-hoitaja)		Extracted	39	35
ghb-a1c(vo.hoitaja)	mmol/mol	Source	431	224
ghb-a1c(vo.hoitaja)		QCOut	93	66
ghb-a1c,vieritesti		Source	20	18
ghb-a1c-pi	%	Source	7	7
ghb-a1c-pi		Extracted	18	13
ghb-a1c-pika	%	Source	88	30
ghba1-vier		Extracted	44	36
gliadiini(f98),igevasta-aineet,seerumista	u/ml	Source	51	51
globul	%	Source	20	19
globul	mg/l	Source	113	31
globuliini	%	Source	150	147
globuliini	mg/l	Source	482	153
globuliinit,virtsa,elektroforeesifraktio,osatutk	mg/l	Source	10	6
glom.suod.nopeusckd-epi	ml/min/173m2	Source	25363	19545
glomerulussuodonopeus,estimoitu,ckd-epikaavallakystatiinic:stä	ml/min/173m2	Source	46	36
glomerulussuodosnopeus	ml/min/173m2	Source	109	78
glomerulussuodosnopeus,estimo	ml/min/173m2	Source	69299	17875
glomerulussuodosnopeus,estimoitu	ml/min/173m2	Source	46730	14340
glomerulussuodosnopeus,estimoitu(6354pt-gfre)	ml/min/173m2	Source	2051	1170
glomerulussuodosnopeus,estimoitu(pt-gfre)	ml/min/173m2	Source	3424	1964
glomerulussuodosnopeus,estimoitu,ckd-epi-kaava	ml/min/173m2	Source	58182	13908
glomerulussuodosnopeus,estimoitu,ckd-epi-kaava		Extracted	14	10
glomerulussuodosnopeus,estimoitu,ckd-epi-kaava,osatutk.	ml/min/173m2	Source	3086	719
glomerulussuodosnopeus,estimoitu,ckd-epi-kaavalla	ml/min/173m2	Source	168	146
glomerulussuodosnopeus,estimoitu,ckd-epi-tutkimuksenkaava	form	Source	23	23
glomerulussuodosnopeus,estimoitu,ckd-epi-tutkimuksenkaava	ml/min/173m2	Source	14	14
glomerulussuodosnopeus,estimoitu,kreatiniini-kystatiinic	ml/min/173m2	Source	97	92
glomerulussuodosnopeus,estimoitu,kreatiniini-kystatiinic-kaava	ml/min/173m2	Source	920	269
glomerulussuodosnopeus,estimoitu,kystatiini	ml/min/173m2	Source	462	338
glomerulussuodosnopeus,estimoitu,kystatiini(23315pt-gfrekys)	ml/min/173m2	Source	16	16
glomerulussuodosnopeus,estimoitukystatiinic:stä	ml/min/173m2	Source	130	112
glomerulussuodosnopeusestimoituckd-epikaavallakystatiinic:stä	ml/min/173m2	Source	12	10
glu		Extracted	16	10
glucocheck		Source	82	60
gluk-5min		Extracted	9	9
gluk-5min		Source	15	15
gluk-pika	mmol/l	Source	727	484
gluk-pika		Extracted	1080	267
gluk-pika		Source	60	42
gluk-r-0		Source	6	6
gluk-r-2		Source	6	6
gluk-r0-h		Source	10	10
gluk-r2-h	mmol/l	Source	19	18
gluk-ro-n	mmol/l	Source	11	10
gluk-vi		Source	35	31
gluk-vieri		Source	309	194
gluk-vt		Extracted	7	7
gluk-vt		Source	9	9
gluk.0	mmol/l	Source	29	27
gluk.120	mmol/l	Source	29	27
gluk.60	mmol/l	Source	11	10
gluk0	mmol/l	Source	143	100
gluk0		Extracted	8	8
gluk0min		Extracted	9	9
gluk0min		Source	359	344
gluk1		Extracted	7	7
gluk120	mmol/l	Source	7	7
gluk120mi		Extracted	8	8
gluk120min		Source	349	334
gluk1h	mmol/l	Source	282	200
gluk2		Extracted	8	8
gluk2h	mmol/l	Source	280	199
gluk30min		Extracted	8	8
gluk30min		Source	354	341
gluk60min		Extracted	8	8
gluk60min		Source	351	338
glukbel-vp	mmol/l	Source	305	216
glukoosi	mmol/l	Source	704	607
glukoosi(gluk.ras0)	mmol/l	Source	11	11
glukoosi(gluk.ras2h)	mmol/l	Source	11	11
glukoosi(hoitaja)	mmol/l	Source	969	112
glukoosi(kval)	estimate	Source	2596	1661
glukoosi(kval)		Source	18	18
glukoosi(päiv.hoitaja)	mmol/l	Source	55	52
glukoosi(päiv.hoitaja)		Extracted	611	385
glukoosi(verikaasulaite),kap	mmol/l	Source	652	438
glukoosi(verikaasulaite),kapillaariveri	mmol/l	Source	366	204
glukoosi(verikaasulaite),las	mmol/l	Source	64	60
glukoosi(verikaasulaite),laskimoveri	mmol/l	Source	3275	1901
glukoosi(verikaasulaite),pleuraneste	mmol/l	Source	8	8
glukoosi(verikaasulaite),val	mmol/l	Source	311	112
glukoosi(verikaasulaite),valtimoveri	mmol/l	Source	547	312
glukoosi(vo:nyhteydessäotettu),tth	mmol	Source	13	10
glukoosi(vo:nyhteydessäotettu),tth		Extracted	32	28
glukoosi,0-näyte	mmol/l	Source	8	8
glukoosi,hoitoyksikönvieritesti,kokoveri	mmol/l	Source	77	57
glukoosi,koneveri	mmol/l	Source	497	30
glukoosi,omalab	mmol/l	Source	9	8
glukoosi,omalab		Extracted	24	21
glukoosi,pikatesti,veri		Extracted	214	92
glukoosi,pikatesti,veri		Source	185	91
glukoosi,pikatesti,veri(23251b-gluk-pt)		Extracted	6	6
glukoosi,pikatutkimus	mmol/l	Source	70	57
glukoosi,pikatutkimus,verestä,osatutk.		Extracted	28	22
glukoosi,plasmasta,osatutkimus	mmol/l	Source	124	47
glukoosi,plasmasta,paastotilassa	mmol/l	Source	50	39
glukoosi,plasmasta,pikamittarilla	mmol/l	Source	52	45
glukoosi,plasmasta,pikamittarilla		Extracted	64	48
glukoosi,vieritesti	mmol/l	Source	150	133
glukoosi,vieritesti		Extracted	91	80
glukoosi,vieritutkimus		Extracted	140	123
glukoosi,vieritutkimus		Source	205	182
glukoosi-koe,0h	mmol/l	Source	11	9
glukoosi-koe,2h	mmol/l	Source	11	9
glukoosi120min	mmol/l	Source	119	113
glukoosi120minot	mmol/l	Source	31	29
glukoosi2h	mmol/l	Source	12	12
glukoosikapillaariei-paasto		Extracted	6	6
glukoosikoe,0näyte	mmol/l	Source	62	59
glukoosikoe,0näyte		Extracted	9	9
glukoosikoe,0näyte,osatutk.glukras	mmol/l	Source	67	57
glukoosikoe,1hnäyte,osatutk.glukras	mmol/l	Source	45	35
glukoosikoe,2hnäyte	mmol/l	Source	62	59
glukoosikoe,2hnäyte		Extracted	9	9
glukoosikoe,2hnäyte,osatutk.glukras	mmol/l	Source	67	57
glukoosinpikamittaus	1	Source	351	171
glukoosinpikamittaus		Source	446	124
glukoosinpikamääritys	1	Source	12	11
glukoosiosatutkimus	mmol/l	Source	16	9
glukoosipikamittarilla	mmol/l	Source	7	7
glukoosipikamittarilla		Extracted	16	16
glukoosipikamittarilla(gluk-pika)		Extracted	22	21
glukoosirasitus2h	mmol/l	Source	9	9
glukoosirasitus2tunninnäyte	mmol/l	Source	8	7
glukoosirasitusr11483,0-näyte	mmol/l	Source	8	7
glukoosisormenpäästä		Extracted	43	29
glukoosivastaanotolla		Extracted	6	6
glukoosivieritesti		Source	8	8
glukpika	mmol/l	Source	2164	1393
glukpika		Extracted	59	43
glukpika		Source	351	155
glukr-0	mmol/l	Source	144	113
glukr-1h	mmol/l	Source	125	98
glukr-2h	mmol/l	Source	144	113
glukr0	mmol/l	Source	204	127
glukr0-n	mmol/l	Source	618	413
glukr120m	mmol/l	Source	37	31
glukr1h	mmol/l	Source	381	218
glukr2h	mmol/l	Source	780	506
glukr60m	mmol/l	Source	20	16
glukras-0	mmol/l	Source	97	79
glukras-0		Extracted	29	27
glukras-60	mmol/l	Source	88	69
glukras120	mmol/l	Source	153	119
glukvieri	mmol/l	Source	823	431
glukvieri		Extracted	188	168
glukvieri		Source	56	53
glutamaattidekarboksylaasi(gad),vasta-aineet,seerumista	iu/ml	Source	23	23
glutamaattidekarboksylaasi,vasta-aineet	iu/ml	Source	8	8
glutamyylitransferaasi	u/l	Source	1299	936
glutamyylitransferaasi(gamma-gt)	u/l	Source	12	12
glutamyylitransferaasi-desialortrasferriini	paketti	Source	90	62
glutamyylitransferaasi-desialotransf.indeksi		Source	90	61
glutamyylitransferaasi-desialotransferriini,seerumista	u/l	Source	15	13
glutamyylitransferaasi-desialotransferriini,seerumista		Source	101	42
glutamyylitransferaasi-desialotransferriini-indeks		Source	158	78
glutamyylitransferaasi-desialotransferriini-indeksi	1	Source	9	8
glutamyylitransferaasi-desialotransferriini-indeksi		Source	268	212
gluteeni	u/ml	Source	34	33
gly	umol/l	Source	17	15
glycopha.d	u/ml	Source	12	12
glykoitunuthemoglobiini	mmol/mol	Source	39	22
golimumabi,pitoisuus	mg/l	Source	12	12
golimumabipitoisuus,seerumista	mg/l	Source	7	6
gpenisilliini(c1),igevasta-aineet,seerumista	u/ml	Source	9	9
gra	%	Source	687	115
gra	e9/l	Source	685	113
gran	%	Source	206	153
granulosyytit	%	Source	8	8
granulosyytit	u/field	Source	22	21
gt-cdt-ind		Extracted	2132	1118
gt-cdt-ind		Source	6067	3732
gt-cdt-ind,p-gt		Source	9	7
haemophilusinfluenzaenukleiinihappo(kval)		QCOut	7	7
happamusaste,kapillaariverestä,pikatesti		Source	1259	492
happamuus		Source	50	45
happamuusaste		Extracted	442	376
happamuusaste		Source	178	145
happamuusaste,arteriaverestä,osatutk		Source	90	54
happamuusaste,kapillaariverestä,osatutk		Source	21	15
happamuusaste,kapillaariveri	ph	Source	122	94
happamuusaste,kapillaariveri		Source	1456	633
happamuusaste,koneveri	ph	Source	65	56
happamuusaste,koneveri		Source	487	29
happamuusaste,laskimoverestä,pikatesti		Source	707	486
happamuusaste,laskimoveri	ph	Source	819	605
happamuusaste,laskimoveri		Source	2729	1562
happamuusaste,lämpötilakorjattu,arteriaverestä,osatutk		Source	45	33
happamuusaste,pleuraneste	ph	Source	8	8
happamuusaste,pleuraneste		Extracted	59	42
happamuusaste,pleuraneste		Source	50	40
happamuusaste,pleuranesteestä		Source	32	29
happamuusaste,seerumi	ph	Source	4823	2236
happamuusaste,valtimoveri	ph	Source	55	37
happamuusaste,valtimoveri		Source	724	406
happamuusaste,venaverestä,osatutk		Source	54	29
happamuusaste,vieritutkimus		Extracted	30	27
happamuusaste,virtsa		Source	21	10
happamuusaste,virtsasta		Source	1393	271
happamuusaste,virtsasta,osatutk.		Source	608	423
happamuusaste,virtsasta,vieritesti		Extracted	122	107
happamuusaste,virtsasta,vieritesti		Source	325	267
happi		Source	50	29
happikyllästeisyys(hemoglobiini),kapillaariverestä,pikatesti	%	Source	1260	492
happikyllästeisyys(hemoglobiini),kapillaariveri	%	Source	187	107
happikyllästeisyys(hemoglobiini),koneveri	%	Source	492	30
happikyllästeisyys(hemoglobiini),laskimoveri	%	Source	1127	678
happikyllästeisyys(hemoglobiini),osatutk	%	Source	95	57
happikyllästeisyys(hemoglobiini),valtimoveri	%	Source	30	29
happiosapaine,kapillaariverestä,pikatesti	kpa	Source	1260	492
happiosapaine,kapillaariveri	kpa	Source	236	135
happiosapaine,koneveri	kpa	Source	495	30
happiosapaine,laskimoveri	kpa	Source	1134	682
happiosapaine,lämpötilakorjattu,arteriaverestä,osatutk	kpa	Source	45	33
happiosapaine,valtimoveri	kpa	Source	38	33
happisaturaatiovastaanotolla		Source	12	11
happisisältö,kapillaariveri	%	Source	4807	1973
happisisältö,laskimoveri	%	Source	3559	1984
happisisältö,valtimoveri	%	Source	816	443
haptoglobiini	g/l	Source	11	11
hasselpähk	u/ml	Source	10	10
hasselpähk		Extracted	7	7
hasselpähkinä(f17),ige-vasta-aineet	u/ml	Source	6	6
hasselpähkinä,rekombinanttipr-10coraa1(f428),ige-vasta-aineet	u/ml	Source	6	6
hb		Source	952	694
hb(hoitaja)	g/l	Source	131	95
hb(nla)	g/l	Source	1062	149
hb(päiv.hoitaja)	g/l	Source	52	52
hb(päiv.hoitaja)		Extracted	816	494
hb(vo.hoitaja)	g/l	Source	9	9
hb-pika	g/l	Source	1803	1116
hb-pika		Extracted	446	322
hb-pika		Source	172	113
hb-pikamääritys	1	Source	42	37
hb-pikamääritys		Source	18	13
hb-pikatesti	u	Source	7	6
hb-vier		Source	11	11
hb-vieri		Source	395	228
hb-vt		Source	43	35
hba1c-pika		Source	1434	210
hba1c-vier	mmol/mol	Source	100	62
hba1c-vieri	mmol/mol	Source	111	65
hba1cpika		Extracted	58	45
hba1cpika		Source	616	370
hba1cpikatesti		Source	312	234
hba1cvieri	mmol/mol	Source	431	216
hba1cvieri		QCOut	153	95
hba1cvieri		Source	15	13
hba1cvieritestipoliklinikoille	mmol/mol	Source	151	100
hbpika	g/l	Source	1101	831
hbpika		Extracted	43	31
hbpika		Source	318	237
hbvieri	g/l	Source	1633	1034
hbvieri		Extracted	34	26
hcgb-v/hcg	%	Source	13	10
hcgbv	ug/l	Source	9	8
hcgbv		Source	10	7
hcgbvkmom		Extracted	9388	7626
hcgbvkmom		Source	11194	8703
hcgvb/dkmo		Source	70	50
hct	%	Source	3079	561
hct		Source	82	66
hct(hkr)-v	%pcv	Source	20	20
hdl-kol/kol-suhde	ratio	Source	293	128
hdl-kolesteroli	mmol/l	Source	7026	6157
hdl/kol	%	Source	130585	34214
hdl/kol		Extracted	88989	23075
hdl/kol		Source	960	359
hdl/kol.	%	Source	1944	1642
hdl/kol.		Extracted	11551	9563
hdl/kol.(ilmanpaastoa)	%	Source	8	8
he4,antigeeni4	pmol/l	Source	22	22
he4proteiini	pmol/l	Source	10	10
he4proteiini,seerumista	pmol/l	Source	78	56
heinär.gx1	u/ml	Source	6	6
helicobacterpylori,igavasta-aineet,osatutk.3950	u/ml	Source	13	13
helicobacterpylori,iggvasta-aineet	index	Source	13	8
helicobacterpylori,iggvasta-aineet,osatutk.3950	u/ml	Source	13	13
helicobacterpylori,iggvasta-aineet,seerumista	index	Source	17	15
helicobakteeriag(osatutk)	eiu	Source	7	7
hematokriitti	%	Source	8	6
hematokriitti		Extracted	18	17
hematokriitti,osatutk.2474		Source	20	14
hemoglobiini	g/l	Source	1392	1066
hemoglobiini		Source	60	58
hemoglobiini(abx/sysmex-laitteella)	g/l	Source	7	7
hemoglobiini(b-hb)	g/l	Source	61	53
hemoglobiini(totaali),kapill	g/l	Source	3140	1284
hemoglobiini(totaali),kapillaariveri	g/l	Source	1664	694
hemoglobiini(totaali),koneveri	g/l	Source	496	30
hemoglobiini(totaali),laskim	g/l	Source	145	108
hemoglobiini(totaali),laskimoveri	g/l	Source	3479	1960
hemoglobiini(totaali),valtim	g/l	Source	586	252
hemoglobiini(totaali),valtimoveri	g/l	Source	817	443
hemoglobiini(vo:nyhteydessäotettu),tth	g/l	Source	21	20
hemoglobiini(vo:nyhteydessäotettu),tth		Extracted	118	95
hemoglobiini,arteriaverestä,osatutk	g/l	Source	95	57
hemoglobiini,hemocue,omalab.		Source	28	15
hemoglobiini,hiilimonoksidi,	%	Source	329	127
hemoglobiini,hiilimonoksidi,veri	%	Source	3801	2112
hemoglobiini,hiilimonoksidi,veri		QCOut	10	9
hemoglobiini,ihmisen(kval),uloste		QCOut	6	6
hemoglobiini,kapillaariverestäotettu		Source	82	62
hemoglobiini,keskimassa	pg	Source	1354	1048
hemoglobiini,keskimassa(e-mch)	pg/u	Source	61	53
hemoglobiini,keskimassa,pvkosatutkimus	pg	Source	83	46
hemoglobiini,keskimassakonsentraatio(e-mchc)	g/l	Source	61	53
hemoglobiini,keskimassakonsentraatio,pvkosatutkimus	g/l	Source	83	46
hemoglobiini,pikatesti	g/l	Source	470	276
hemoglobiini,pikatesti,veri	g/l	Source	393	363
hemoglobiini,pikatesti,veri		Source	103	70
hemoglobiini,pikatutkimus,verestä	g/l	Source	12	12
hemoglobiini,pvkosatutkimus	g/l	Source	84	47
hemoglobiini,tk:ntekemä		Source	131	118
hemoglobiini,venaverestä,osatutk	g/l	Source	62	30
hemoglobiini,verestä,vieritesti	g/l	Source	543	426
hemoglobiini,vieritestinä,venasta,sotekäyttää		Source	34	27
hemoglobiini,vieritutkimus	g/l	Source	176	122
hemoglobiini,vieritutkimus		Source	48	41
hemoglobiini-a1c	mmol/mol	Source	534	471
hemoglobiini-a1c,entsymaattisellamenetelmällä	mmol/mol	Source	33	26
hemoglobiini-a1c,glykoitunut(6128b-hba1c)	mmol/mol	Source	754	522
hemoglobiini-a1c,glykoitunut(b-hba1c)	mmol/mol	Source	1451	796
hemoglobiini-a1c,verestä	mmol/m	Source	440	412
hemoglobiini-a1c,vieritesti	mmol/mol	Source	35	27
hemoglobiini-a1c,vieritutkimu	mmol/mol	Source	38	37
hemoglobiini.itse	g/l	Source	43	30
hemoglobiininpikamittaus	g/l	Source	86	67
hemoglobiinipit.,hoitoyksikkötekeepika-testinä		Extracted	47	31
hemoglobiinisormenpäänäyte		Source	54	43
hemoglobiinisormenpäästä		Extracted	8	7
hemoglobiinivastaanotolla		Source	36	35
hemolyysi-indeksi		Extracted	1344	861
hepatiittia-virus,igg-vasta-aineet,seerumista		QCOut	7	7
hepatiittib-virus,s-antigeeni,vasta-aineet	u/l	Source	6	6
hepatiittie-virus,igg	index	Source	49	48
hepatiittie-virus,igm	index	Source	16	16
heptem/a10	mm	Source	24	9
heptem/a15	mm	Source	24	9
heptem/a5	mm	Source	24	9
heptem/cft	s	Source	24	9
heptem/ct	s	Source	24	9
heptem/mcf	mm	Source	24	9
heptem/ml	%	Source	24	9
hepyaba	u/ml	Source	8	8
hepyabg	u/ml	Source	6	6
herkkäcrp	mg/l	Source	7	6
herneet	u/ml	Source	23	23
herneet		Extracted	6	6
hevonee	u/ml	Source	186	174
hevonee		Extracted	17	16
hevonen	mm	Source	40	40
hevonen	u/ml	Source	82	81
hevonen		Extracted	84	82
hevonen(hilse)igevasta-aineet	u/ml	Source	46	46
hevosenhilse,ige-vasta-aineet,seerumista	u/ml	Source	8	8
hgb	g/l	Source	3106	564
hhemoglobiinipika		Extracted	6	6
hiilidioksidiosapaine,kapillaariveri	kpa	Source	236	135
hiilidioksidiosapaine,koneveri	kpa	Source	496	30
hiilidioksidiosapaine,laskimoverestä,pikatesti	kpa	Source	707	486
hiilidioksidiosapaine,laskimoveri	kpa	Source	1137	682
hiilidioksidiosapaine,lämpötilakorjattu,arteriaverestä,osatutk	kpa	Source	45	33
hiilidioksidiosapaine,valtimoveri	kpa	Source	38	33
histam	mm	Source	20	20
histamiini	mm	Source	16	13
hladr+,cd38+(aktivoituneet)cd4t-solut	%	Source	9	8
hladr+,cd38+(aktivoituneet)cd8t-solut	%	Source	9	8
hladr+cd4	%	Source	17	16
hladr+cd8	%	Source	17	15
hoi-crp-pi		Extracted	91	86
hoi-crp-pi		Source	2155	991
hoiastmate		Source	17	15
hoiaudit10		Source	28	27
hoiaudit3		Source	13	11
hoib-keto		Extracted	10	9
hoib-keto		Source	14	12
hoicrp		Extracted	19	19
hoicrp		Source	1874	1401
hoighb-a1c		Extracted	10	9
hoighb-a1c		Source	376	161
hoigluk		Extracted	39	38
hoigluk		Source	75	73
hoiglukstx		Extracted	185	152
hoiglukstx		Source	274	215
hoihb		Extracted	6	6
hoihb		Source	404	338
hoihba1c		Source	651	309
hoiinr		Extracted	56	32
hoiinr		Source	379	38
hoitajiencrp		Source	53	47
hoitajienglukoosi		Source	14	14
hoitajienhemoglobiini-a1c		Source	471	283
hoitajienhemoglobiinitutkimus		Source	14	11
homeryhmä,ige-va:t(s-)	u/ml	Source	20	20
homeryhmä,igevasta-aineet	u/ml	Source	9	9
homokysteiini	umol/l	Source	14	11
hummeri	u/ml	Source	6	6
hyaliinilieriöt	e6/l	Source	18	15
hydroksi-indolyyliasetaatti(5-)	nmol/l	Source	23	19
hydroksikarbatsepiini	umol/l	Source	20	13
hyytymistekijäix,plasma	%	Source	16	16
hyytymistekijäv,plasma	%	Source	32	32
hyytymistekijäv,plasmasta	%	Source	16	15
hyytymistekijävii,plasma	%	Source	29	29
hyytymistekijävii,plasmasta	%	Source	15	14
hyytymistekijäviii	%	Source	27	26
hyytymistekijäviii(8),plasmasta	%	Source	13	11
hyytymistekijäviii,plasma	%	Source	37	36
hyytymistekijäviii,plasmasta	%	Source	25	23
hyytymistekijäviii,päivystys,plasma	%	Source	18	14
hyytymistekijäviii,rekombina	%	Source	33	17
hyytymistekijäx	%	Source	13	13
hyytymistekijäx,plasma	%	Source	9	9
hyytymistekijäx,plasmasta	%	Source	13	12
hyytymistekijäxi,plasma	%	Source	8	8
hyytymistekijäxii,plasma	%	Source	8	8
hyytymistekijäxiii,plasma	%	Source	28	28
hyytymistekijäxiii,plasmasta	%	Source	13	12
i-statcl	mmol/l	Source	46	42
i-statcl		Extracted	574	347
i-statcrea	umol/l	Source	159	137
i-statcrea		Extracted	1228	618
i-statcrea		Source	205	118
i-statglu	mmol/l	Source	45	41
i-statglu		Extracted	573	346
i-stathb	g/l	Source	96	85
i-stathb		Extracted	437	289
i-stathct	%	Source	39	39
i-stathct	%pcv	Source	66	58
i-stathct		Extracted	1240	617
i-statk	mmol/l	Source	164	139
i-statk		Extracted	1230	621
i-statna	mmol/l	Source	169	141
i-statna		Extracted	1231	620
i-staturea	mmol/l	Source	39	35
i-staturea		Extracted	522	327
i-staturea(bun)		Extracted	12	12
ica		Extracted	18	11
ica		Source	6	6
ica(7.4)	mmol/l	Source	70	54
ica(7.4)		Extracted	18	15
ig-luokkaavaihtaneetmuistisolut(cd19,cd27,igd)	%	Source	10	10
ig-vaiht	%	Source	14	14
iga	g/l	Source	156	140
iga/pre		Source	7	7
iga/prealb		Extracted	1109	1006
iga/prealb		Source	765	678
iga/sprealb		Extracted	7	7
igehevonen	u/ml	Source	128	122
igekissa	u/ml	Source	224	217
igekoira	u/ml	Source	238	224
igekoivu	u/ml	Source	240	236
igepölyerittely(phadiatop),igevasta-aineet	u/ml	Source	8	8
igf1-pitoisuudensd-score		Extracted	54	51
igf1-pitoisuudensd-score		Source	31	25
igg	g/l	Source	7	7
igg-summa	g/l	Source	105	98
igm	g/l	Source	7	7
ihonepiteelintyvikalvonvasta-aineet,seerumista	titre	Source	9	7
ihopisto	mmol/l	Source	4075	1972
ihopisto		Extracted	227	227
ikäryhmä	%	Source	14	14
ikäryhmä	e9/l	Source	27	27
ikäryhmä	mmol/l	Source	64	38
ikäryhmä	u/l	Source	8	8
ikäryhmä		Source	38	38
immunoglobuliini,kevyet	g	Source	7	7
immunoglobuliini,kevyetketjut,kappa,virtsa	g	Source	10	8
immunoglobuliini,kevyetketjut,kappa-lambda-suhde,osatutk.		Source	140	39
immunoglobuliini,kevyetketjut,lambda,virtsa	g	Source	8	6
immunoglobuliinia	g/l	Source	219	216
immunoglobuliinia,plasma	g/l	Source	237	217
immunoglobuliinie	u/ml	Source	18	14
immunoglobuliinie,plasma	u/ml	Source	71	70
immunoglobuliinie,pölyseos	u/ml	Source	6	6
immunoglobuliinie,suunnattuseulonta(pölyer)	u/ml	Source	17	16
immunoglobuliinie-koira	u/ml	Source	16	15
immunoglobuliinie-koivu	u/ml	Source	48	45
immunoglobuliinig	g/l	Source	81	77
immunoglobuliinig,alaluokka4,seerumista	g/l	Source	9	7
immunoglobuliinig,indeksi,	index	Source	27	27
immunoglobuliinig,indeksi,aivo-selkäydinnesteestä		Source	18	18
immunoglobuliinig,indeksi,likvor	index	Source	27	26
immunoglobuliinig,indeksi,selkäydinneste	index	Source	7	7
immunoglobuliinig,plasma	g/l	Source	201	152
immunoglobuliinig,selkäydinneste	mg/l	Source	12	11
immunoglobuliinig1	g/l	Source	30	27
immunoglobuliinig2	g/l	Source	30	27
immunoglobuliinig3	g/l	Source	30	27
immunoglobuliinig4	g/l	Source	30	27
immunoglobuliinim	g/l	Source	23	22
immunoglobuliinim,plasma	g/l	Source	114	104
infliksimabi	mg/l	Source	121	99
infliksimabi,pitoisuus	mg/l	Source	45	27
infliksimabi,pitoisuusmääritysseerumista	mg/l	Source	11	7
infliksimabipitoisuus,seerumista	mg/l	Source	36	28
infliksimabipitoisuus,seerumista		Source	11	11
infliksimabivasta-aineet,seerumista	au/ml	Source	9	8
influenssaa-virus,nukleiinihappo(kval)		QCOut	17	17
inr,tk		Extracted	115	41
inr,tk		Source	2828	150
inr-liuska		Source	211	15
inr-pika		Extracted	46	33
inr-pika		Source	4298	120
inr-pikamittaus	1	Source	15	8
inr-vieri		Source	8626	208
inr-vt		Extracted	29	22
inr-vt		Source	45	24
inr/hoito		Extracted	1127	25
inrpika	inr	Source	227	215
inrpika		Extracted	166	27
inrpika		Source	392	38
inrpikamittari		Extracted	17	7
inrpikamittari		Source	15	7
inrvieri	inr	Source	1325	69
inrvieri		Extracted	54	13
inrvieritesti	inr	Source	201	20
insuliini	mu/l	Source	39	26
insuliini,plasma	mu/l	Source	72	19
insuliininkaltainenkasvutekijä1	nmol/l	Source	142	107
insuliininkaltainenkasvutekijä1,sd-score,seerumi		Extracted	50	42
insuliininkaltainenkasvutekijä1,sd-score,seerumi		Source	52	36
insuliininkaltainenkasvutekijä1,seerumista	nmol/l	Source	41	27
interleukiini-2:nreseptori,liukoinen	u/ml	Source	60	54
interleukiini-2:nresertori,liukoinen,seerumi	u/ml	Source	19	12
ipssprost		Extracted	8	8
ipssprost.kysely,tk		Source	11	11
ivf		Extracted	48	45
jo-1	u/ml	Source	36	22
jodidi,virtsa	ug/l	Source	16	13
jodidi/kreatiniini(osatutk)	ug/g	Source	9	9
järviruoko	u/ml	Source	7	7
k		Extracted	18	10
k		Source	6	6
k-pika	mmol/l	Source	1408	726
k-vitamiini(fyllokinoni)osatutkimus	ug/l	Source	9	9
k1-vitamiini(fyllokinoni)osatutkimus	ug/l	Source	195	162
k2-vitamiini,menakinoni-4(mk4)osatutkimus	ug/l	Source	203	165
k2-vitamiini,menakinoni-7(mk7)osatutkimus	ug/l	Source	185	151
kaakao		Extracted	13	13
kalium	mmol	Source	17	16
kalium	mmol/l	Source	628	515
kalium(verikaasulaite),kapillaariveri	mmol/l	Source	57	23
kalium(verikaasulaite),plasm	mmol/l	Source	334	130
kalium(verikaasulaite),plasma	mmol/l	Source	3811	2117
kalium,hoitoyksikönvieritesti,veri	mmol/l	Source	166	120
kalium,hoitoyksikönvieritesti,veri		Extracted	191	162
kalium,hoitoyksikönvieritesti,veri		Source	99	94
kalium,kokoveren	mmol/l	Source	310	251
kalium,koneveri	mmol/l	Source	498	30
kalium,pika	mmol/l	Source	98	58
kalium,pikatesti,veri	mmol/l	Source	211	195
kalium,pikatesti,veri		Source	6	6
kalium,pikatutkimus		Source	171	112
kalium,plasmasta	mmol/l	Source	681	308
kalium,verikaasuosatutk.	mmol/l	Source	179	88
kalium,vieritesti	mmol/l	Source	9	9
kalium,vieritesti		Extracted	24	22
kalium,vieritestinä,sotekäyttää		Extracted	25	16
kalium,vieritestinä,sotekäyttää		Source	33	22
kalium,vieritutkimus	mmol/l	Source	55	42
kaliummääritysplasmastavieritestinä		Extracted	48	36
kalprotektiini,uloste	ug/g	Source	14	14
kalprotektiini,ulosteesta	ug/g	Source	7	6
kalsium	mmol	Source	11	11
kalsium	mmol/l	Source	1032	916
kalsium(4598p-ca),osatutkimus	mmol/l	Source	12	11
kalsium(7.4)	mmol/l	Source	140	75
kalsium(s-)	mmol/l	Source	7	7
kalsium,aktuaalinenpitoisuus	mmol/l	Source	35	28
kalsium,albumiinikorjattu	mmol/l	Source	3797	3034
kalsium,albumiinikorjattu(p-,sis.p-alb)	mmol/l	Source	404	352
kalsium,albumiinikorjattu,plasma	mmol/l	Source	3434	1542
kalsium,albumiinikorjattu,plasmasta	mmol/l	Source	3555	1760
kalsium,albumiinikorjattu,plasmasta(huom.alb-pitoisuus)	mmol/l	Source	680	520
kalsium,ionisoitunut	mmol/l	Source	35	28
kalsium,ionisoitunut(7,4),seerumi	mmol/l	Source	17	12
kalsium,ionisoitunut(7.4)	mmol/l	Source	9847	4856
kalsium,ionisoitunut(7.4)		Extracted	17	17
kalsium,ionisoitunut(7.4),pl	mmol/l	Source	1012	569
kalsium,ionisoitunut(7.4),plasma	mmol/l	Source	4136	2271
kalsium,ionisoitunut(7.4),seerumi	mmol/l	Source	9434	3757
kalsium,ionisoitunut(7.4),seerumi		Extracted	45	28
kalsium,ionisoitunut(akt)	mmol/l	Source	3674	1832
kalsium,ionisoitunut(akt)		Extracted	17	17
kalsium,ionisoitunut(akt),plasma	mmol/l	Source	1086	662
kalsium,ionisoitunut(s-)	mmol/l	Source	1680	1258
kalsium,ionisoitunut,7.4seerumi	mmol/l	Source	71	57
kalsium,ionisoitunut,aktuaali	mmol/l	Source	260	200
kalsium,ionisoitunut,aktuaaliosatutk.	mmol/l	Source	1226	483
kalsium,ionisoitunut,arteriaverestä,osatutk	mmol/l	Source	48	34
kalsium,ionisoitunut,kapillaariverestä,osatutk	mmol/l	Source	23	15
kalsium,ionisoitunut,koneveri	mmol/l	Source	496	30
kalsium,ionisoitunut,ph7.4-korjattu	mmol/l	Source	518	389
kalsium,ionisoitunut,ph7.4-korjattu,arteriaverestä,osatutk	mmol/l	Source	48	34
kalsium,ionisoitunut,ph7.4-korjattu,kapillaariverestä,osatutk	mmol/l	Source	24	16
kalsium,ionisoitunut,ph7.4-korjattu,seerumista	mmol/l	Source	107	93
kalsium,ionisoitunut,ph7.4-korjattu,seerumista,osatutk	mmol/l	Source	1224	482
kalsium,ionisoitunut,ph7.4-korjattu,venaverestä,osatutk	mmol/l	Source	62	30
kalsium,ionisoitunut,ph7.4korjattu	mmol/l/p	Source	48	43
kalsium,ionisoitunut,plasmasta	mmol/l	Source	69	48
kalsium,ionisoitunut,venaverestä,osatutk	mmol/l	Source	62	30
kalsium,ionisoitunut,vieritesti	mmol/l	Source	6	6
kalsium,ionisoitunutph	ph	Source	4703	1589
kalsium,ionisoitunutseerumista	mmol/l	Source	10	10
kalsium,ionisoitunutseerumista	mmol/l/p	Source	7	7
kalsium,ionsoitunut(7.4),koneveri	mmol/l	Source	496	30
kalsium,normalisoitupitoisuus		Extracted	35	28
kalsium,osatutkimus(4598p-ca)	mmol/l	Source	89	81
kalsium,osatutkimus(p-ca)	mmol/l	Source	167	140
kalsium,plasmasta,osatutk.11162	mmol/l	Source	8	8
kalsiumionisoitunut,seerumi..	mmol/l	Source	49	42
kananliha	u/ml	Source	8	8
kaneli		Extracted	10	10
kappa-lambda-suhde,kevytketju	ratio	Source	718	325
kappa-lambda-suhde,kevytketjut,vapaat	ratio	Source	43	37
kappa-lambda-suhde,kevytketjut,vapaat		Extracted	13	10
kappa/lambda,vapaat	ratio	Source	32	29
kappa/lambda-suhde,kevytketjut,vapaat	ratio	Source	124	59
kardiolipiini,iggvasta-aineet,plasma	gpl	Source	113	105
kardiolipiini,iggvasta-aineet,plasma	u/ml	Source	20	17
kardiolipiini,iggvasta-aineet,plasmasta	gpl	Source	29	26
kardiolipiini,igmvasta-aineet,plasma	mpl	Source	122	111
kardiolipiini,igmvasta-aineet,plasma	u/ml	Source	12	11
kardiolipiini,igmvasta-aineet,plasmasta	mpl	Source	32	28
kardiolipiini-iggvasta-aineetplasmasta	u/ml	Source	7	6
karmiini	u/ml	Source	11	11
karsinoembryonaalinenantigeen	ug/l	Source	8	7
karsinoembryonaalinenantigeeni	ug/l	Source	308	211
kasvuhormoni	ug/l	Source	23	13
kasvuhormoni,seerumi	ug/l	Source	18	13
kasvuhormoni,seerumista	ug/l	Source	12	8
katkarapu	u/ml	Source	35	35
kaura,ruok	u/ml	Source	21	20
kaura,sipö	u/ml	Source	12	12
keliakia,immunoglobuliinia	g/l	Source	8	8
kemiallinenseulonta,osavastausu-ph		Extracted	26	19
kemiallinenseulonta,osavastausu-suhti		Extracted	24	18
keruloplasmiini,seerumi	mg/l	Source	10	10
keräyksenkesto	min	Source	255	206
keskisoluhemoglobiini	pg	Source	89	70
keskisoluhemoglobiinikonsentraatio	g/l	Source	89	70
kiivi	u/ml	Source	13	13
kiivi		Extracted	6	6
kirsikka	u/ml	Source	10	10
kissa	mm	Source	40	40
kissa	u/ml	Source	150	146
kissa		Extracted	145	142
kissae	u/ml	Source	204	187
kissae		Extracted	25	24
kissanhilse(e1),ige-vasta-aineet	u/ml	Source	46	45
kissanhilse,ige-va:t(s-)	u/ml	Source	27	27
kissanhilse,ige-vasta-aineet,seerumista	u/ml	Source	8	8
klobatsaami	umol/l	Source	9	7
klomipramiininjanorklomipramiininyhteenlaskettupitoisuus	nmol/l	Source	11	7
kloramiini		Extracted	11	11
kloridi,koneveri	mmol/l	Source	498	30
kloridi,osatutk.	mmol/l	Source	48	34
kloridi,plasma	mmol/l	Source	4201	2262
klotsapiini	nmol/l	Source	694	169
klotsapiini,seerumi	nmol/l	Source	1152	75
klotsapiini,seerumista	nmol/l	Source	23	10
klotsapiini,seerumista	umol/l	Source	77	17
koboltti	ug/l	Source	37	34
koboltti,veri	ug/l	Source	12	12
koboltti,virtsa	nmol/l	Source	13	8
kobolttipitoisuus,verestä	ug/l	Source	21	20
koira	mm	Source	40	40
koira		Extracted	12	12
koira,hils	u/ml	Source	165	163
koira,hils		Extracted	126	121
koira,hilse	u/ml	Source	29	28
koirae	u/ml	Source	209	190
koirae		Extracted	26	25
koiranhilse(e5),ige-vasta-aineet	u/ml	Source	49	48
koiranhilse,ige-va:t(s-)	u/ml	Source	30	30
koiranhilse,ige-vasta-aineet,seerumista	u/ml	Source	8	8
koiranhilse,igevasta-aineet	u/ml	Source	7	7
koivu	mm	Source	31	31
koivu	u/ml	Source	204	197
koivu		Extracted	209	203
koivue	u/ml	Source	206	189
koivue		Extracted	14	14
koivunsiiteply,igevasta-aineet	u/ml	Source	9	8
koivunsiitepöly(t3),ige-vasta-aineet	u/ml	Source	55	54
koivunsiitepöly,ige-va:t(s-)	u/ml	Source	25	25
koivunsiitepöly,ige-vasta-aineet,seerumista	u/ml	Source	10	10
koivut6	mm	Source	9	9
kokonaisprolaktiini	mu/l	Source	11	11
kol-hdl-suhde		Source	20	19
kol-hdl/kol	mmol/l	Source	129	102
kol.kvot		Source	119	98
kol/hdl		Source	397	276
kol/hdl-su		Source	979	739
kol/hdlsuh		Extracted	472	184
kol/hdlsuh		Source	66462	40185
kol/hdlsuho1		Extracted	42	37
kol/kol-hdl-suhde		Source	12	12
kolesteroli	mmol/l	Source	16479	14035
kolesteroli		Source	7	7
kolesteroli,hdl/lipidit,osatutkimus(4516fp-hdl-kol)osatutkimus	mmol/l	Source	201	185
kolesteroli,highdensity/lipidit(4516fp-hdl-kol/lipidit),osatutkimus	mmol/l	Source	57	57
kolesteroli,highdensitylipoproteiinit	mmol/l	Source	8580	7241
kolesteroli,highdensitylipoproteiinit		Source	7	7
kolesteroli,highdensitylipoproteiinit,plasmasta	mmol/l	Source	711	515
kolesteroli,highdensitylipoproteiinit/lipidit	mmol/l	Source	2911	1924
kolesteroli,highdensitylipoproteiinit/lipiditosatutkimus	mmol/l	Source	1186	893
kolesteroli,highdensitylipoprotein,plasmasta,paastotilassa(fp-kol-hdl)	mmol/l	Source	3523	2434
kolesteroli,lowdensity	mmol/l	Source	4116	3359
kolesteroli,lowdensitylipoproteiinit	mmol/l	Source	4904	4249
kolesteroli,lowdensitylipoproteiinit		Source	7	7
kolesteroli,lowdensitylipoproteiinit(ldl)/lipidit	mmol/l	Source	2757	1791
kolesteroli,lowdensitylipoproteiinit(ldl)/lipidit		Extracted	14	9
kolesteroli,lowdensitylipoproteiinit(ldl)/lipidit(4599fp-kol-ldl/lipidit),osatutkimus	mmol/l	Source	258	237
kolesteroli,lowdensitylipoproteiinit(ldl)/lipiditosatutkimus	mmol/l	Source	1185	892
kolesteroli,lowdensitylipoproteiinit,plasmasta	mmol/l	Source	70	44
kolesteroli,lowdensitylipoproteiinit/lipidit	mmol/l	Source	134	128
kolesteroli,lowdensitylipoproteiniit,plasmasta	mmol/l	Source	704	502
kolesteroli,plasmasta	mmol/l	Source	34	29
kolesteroli,plasmasta,paastotilassa(fp-kol)	mmol/l	Source	3522	2434
kolesteroli-ldl	mmol/l	Source	39	29
kolesteroli.itse	mmol/l	Source	13	12
kolesteroli/hdl-kolesteroli-suhde		Extracted	57	56
kolesteroli/hdl-suhde		Extracted	33783	25505
kolesteroli/hdl-suhdevv65		Extracted	27	27
kolesteroli/lipidit	mmol/l	Source	2903	1922
kolesteroli/lipidit(4515fp-kol/lipidit),osatutkimus	mmol/l	Source	68	68
kolesteroli/lipidit,osatutkimus(4515fp-kol/lipidit)	mmol/l	Source	190	177
kolesteroli/lipiditosatutkimus	mmol/l	Source	1181	890
kolesteroli/s-lipa	mmol/l	Source	54	37
kolesterolinjahdl-kolest.suhde		Source	267	163
kolesterolinjahdl-kolesterolinsuhde	%	Source	22	22
kolesterolinjahdl-kolesterolinsuhde		Extracted	552	499
kolesterolinjahdl-kolesterolinsuhde		Source	290	145
kolesteroliplasmasta	mmol/l	Source	695	501
kolestrolivldl	mmol/l	Source	80	72
koll/adp	s	Source	74	68
koll/adp		Extracted	7	6
koll/adr	s	Source	71	67
koll/adr		Extracted	7	6
kollageeni/adp	s	Source	30	25
kollageeni/adrenaliini	s	Source	7	6
kollageenii/adrenaliini	s	Source	23	19
kollageenii:naminoterminaalinentelopeptidi	ratio	Source	23	19
kollageenii:nbeta-karboksiterminaalinentelopeptidi	ug/l	Source	41	35
kollageenii:nbeta-karboksiterminaalinentelopeptidi,plasmasta	ug/l	Source	58	36
kollageenii:nbetakarboksterminaalinentelopeptidi,plasma	ug/l	Source	10	7
kollageni:nbeta-karboksiterminaalinentelopeptidi(ctx)	ug/l	Source	12	11
komplementtic3	g/l	Source	82	66
komplementtic3,pleuranesteestä	g/l	Source	17	15
komplementtic4	g/l	Source	81	65
komplementtic4,pleuranesteestä	g/l	Source	17	15
konalbumiini,igevasta-aineet,seerumista		Extracted	6	6
konediffi,baso	%	Source	2389	778
konediffi,eos	%	Source	2397	779
konediffi,lym	%	Source	2412	780
konediffi,mono	%	Source	2409	780
konediffi,neut	%	Source	2404	779
konediffi,neuttot	e9/l	Source	2383	778
konsultaatiopyyntöerikoislääkärille		Source	29	25
kopeptiini	pmol/l	Source	10	7
koriongonadotropiini	u/l	Source	392	212
koriongonadotropiini,b-alayksikkö,vapaa	ug/l	Source	238	207
koriongonadotropiini,beeta-alayksikkö	u/l	Source	10	6
koriongonadotropiini,ihmisen,plasma	u/l	Source	261	121
koriongonadotropiini,totaali,plasmasta	u/l	Source	51	25
koriongonadotropiinib-alayks.vapaa	ug/l	Source	183	175
korionkonadotropiini-beta-alayksikkö,vapaa,(alkuraskaudennäyte)	ug/l	Source	78	78
kors/dxm	nmol/l	Source	20	17
kortisoli	nmol/l	Source	295	223
kortisoli,alaonttolaskimo,pe	nmol/l	Source	15	15
kortisoli,oikealisämunuainen	nmol/l	Source	24	16
kortisoli,sylki	nmol/l	Source	32	27
kortisoli,vapaa,vrk-virtsa	nmol/l	Source	7	7
kortisoli,vapaa,vuorokausivirtsa	nmol/l	Source	28	19
kortisoli,vasenlisämunuainen	nmol/l	Source	21	17
kpika	mmol/l	Source	2236	1430
kpika		Source	8	8
krea,vieritesti		Source	23	21
krea-pika	umol/l	Source	1294	623
krea-vt		Source	8	8
kreapika	umol/l	Source	1573	1153
kreapika		Source	8	8
kreatiini,hoitoyksikönvieritesti,veri		Source	100	86
kreatiinikinaasi	u/l	Source	821	688
kreatiinikinaasi,kokonaisaktiivisuus	u/l	Source	17	17
kreatiinikinaasi,mb-alayksikkö	ug/l	Source	382	338
kreatiinikinaasi,mb-isoentsyymi,osuus	%	Source	16	16
kreatiinikinaasi,mm-isoentsyymi,aktiivisuus	u/l	Source	16	16
kreatiinikinaasi,mm-isoentsyymi,osuus	%	Source	16	16
kreatiniini	mmol/l	Source	448	343
kreatiniini	umol/l	Source	23927	9609
kreatiniini(4600p-krea)	umol/l	Source	2046	1166
kreatiniini(krea)	umol/l	Source	1301	960
kreatiniini(krea)		Extracted	12	10
kreatiniini(p-krea)	umol/l	Source	1819	1178
kreatiniini(u-maniposat.)	mmol/l	Source	394	150
kreatiniini,dreenieritteestä	umol/l	Source	7	6
kreatiniini,hoitoyksikönvieritesti,veri	mmol/l	Source	163	120
kreatiniini,pika	umol/l	Source	119	81
kreatiniini,pikatesti	umol/l	Source	649	379
kreatiniini,pikatesti,veri	umol/l	Source	226	206
kreatiniini,pikatutkimus		Source	169	110
kreatiniini,plasmasta	ml/min/173m2	Source	81	81
kreatiniini,plasmasta	umol/l	Source	101	99
kreatiniini,vieritestinä,sotekäyttää		Source	56	30
kreatiniini,vieritutkimus	umol/l	Source	55	42
kreatiniini,virtsasta	mmol/l	Source	92	70
kreatiniini,virtsasta(huumeseulonnanyhteydessä)	mmol/l	Source	874	756
kreatiniini,virtsasta(u-intp)	mmol/l	Source	25	21
kreatiniininpoistumavirtsaan,toimintakoe	ml/s/173	Source	17	15
kreatiniiniplasmasta,osatutkimus	umol/l	Source	145	71
kreatiniiniverestä,vieritutkimuksena		Extracted	43	35
kreavieri	umol/l	Source	13	13
kreavieri		Extracted	31	26
kreavieri		Source	12	12
kromi	ug/l	Source	27	25
kromi,veri	ug/l	Source	8	8
kromipitoisuus,verestä	ug/l	Source	23	22
kromograniinia	nmol/l	Source	206	103
kromograniinia,plasmasta,paastotilassa	nmol/l	Source	76	34
kt/v		Extracted	168	79
kt/v		Source	1789	189
kudostransglutaminaasi,iga-vasta-aineet	u/ml	Source	620	580
kudostransglutaminaasi,igavasta-aineet	u/ml	Source	70	69
kudostransglutaminaasi,igavasta-aineet,seerumista	u/ml	Source	169	152
kupari,punasolun	umol/l	Source	312	250
kvieri		Extracted	31	26
kvieri		Source	13	12
kystatiinic	mg/l	Source	9	9
kystatiinic(4507p-kysc)	mg/l	Source	19	18
kystatiinic(p-kysc)	mg/l	Source	17	16
l-ba	%	Source	28	17
l-bas	%	Source	7218	2237
l-bas		Extracted	16	13
l-bas		Source	1882	867
l-baso	%	Source	929195	140236
l-baso	e/l	Source	32	25
l-baso	e9/l	Source	4039	1335
l-baso		Extracted	16970	8691
l-baso		Source	899	454
l-baso(a)	%	Source	93247	26502
l-baso(a)		Extracted	48061	16357
l-baso-hy	%	Source	143	120
l-baso-hy		Extracted	6	6
l-baso-kd	%	Source	111	56
l-baso-m	%	Source	6645	2009
l-baso-m		Extracted	61	32
l-baso-m		Source	323	154
l-basobasofiilit	%	Source	84	65
l-basof	%	Source	84273	18009
l-basof		Extracted	19030	7408
l-basof		Source	275	100
l-basofiili	%	Source	11394	3761
l-basofiili		Extracted	14	11
l-basofiilisetlaukosyytit	%	Source	76	68
l-basofiilisetleukosyytit	%	Source	10852	4587
l-basofiilisetsolut	%	Source	172	140
l-basofiilit	%	Source	52709	15827
l-basofiilit		Extracted	48	43
l-basofiilit(l-baso)	%	Source	337	279
l-basofiilit,absoluuttiset	%	Source	14	7
l-basofiilit,automaatio	%	Source	10669	4041
l-basofiilit,laskentahoitoyksikössä	%	Source	9	9
l-basto	%	Source	17	15
l-bla	%	Source	9301	2825
l-bla		Extracted	1576	632
l-blas		Source	79	14
l-blas-m	%	Source	297	92
l-blast	%	Source	5229	1673
l-blast		Extracted	93	59
l-blast		Source	69	51
l-blast-m	%	Source	1395	462
l-blast-m		Extracted	61	32
l-blast-m		Source	285	133
l-blasti	%	Source	28	20
l-blasti		Extracted	140	95
l-blasti-m	%	Source	7	6
l-blastit	%	Source	24734	6903
l-blastit		Extracted	354	233
l-blastit		Source	21	16
l-blastit,mikroskopointi	%	Source	236	94
l-blastit,mikroskopointi		Extracted	43	33
l-cd34	%	Source	460	284
l-eos	%	Source	942600	142313
l-eos	e9/l	Source	4145	1341
l-eos		Extracted	18235	9108
l-eos		Source	2820	1308
l-eos(a)	%	Source	92061	26273
l-eos(a)		Extracted	49312	16917
l-eos-hy	%	Source	142	119
l-eos-hy		Extracted	7	7
l-eos-kd	%	Source	111	56
l-eos-m	%	Source	7238	2175
l-eos-m		Extracted	62	33
l-eos-m		Source	328	157
l-eoseosinofiilit	%	Source	84	65
l-eosin	%	Source	82316	17556
l-eosin		Extracted	19355	7555
l-eosin		Source	430	147
l-eosinifiilit(l-eos)	%	Source	337	279
l-eosinofiili	%	Source	11078	3614
l-eosinofiilit	%	Source	57593	17940
l-eosinofiilit		Extracted	103	79
l-eosinofiilit,automaatio	%	Source	10669	4041
l-eosinofiilit,laskentahoitoyksikössä	%	Source	8	8
l-eosinofiilt	%	Source	42	33
l-eosonofiilit	%	Source	5793	2919
l-erblast	u/100le	Source	95	35
l-erblast	u/100leuk	Source	1307	416
l-erblast		Extracted	32	12
l-erblast		Source	83	56
l-erytroblastit	u/100le	Source	63	24
l-erytroblastit	u/100leuk	Source	163	56
l-erytroblastit		Extracted	16	14
l-este-vr	e6/l	Source	89	25
l-gran	%	Source	1843	1376
l-ind		Extracted	73	58
l-leukosyytit,basofiiliset,mikroskopointi	%	Source	1516	621
l-leukosyytit,basofiiliset,mikroskopointi		Extracted	24	20
l-leukosyytit,eosinofiiliset,mikroskopointi	%	Source	1511	623
l-leukosyytit,eosinofiiliset,mikroskopointi		Extracted	29	19
l-liusk	%	Source	2753	856
l-liusk		Extracted	130	73
l-liuska	%	Source	4519	1275
l-liuska		Extracted	47	25
l-liuska		Source	38	32
l-liuskat	%	Source	31495	8829
l-liuskatumaisetneutrofiilit	%	Source	1197	391
l-lmono	%	Source	124	94
l-lmono	e9/l	Source	93	72
l-lt	%	Source	61	37
l-ly	%	Source	138412	32024
l-ly	e9/l	Source	2846	1081
l-ly		Extracted	5564	1560
l-ly		Source	897	355
l-ly,osatutkimus(9116l-ly)	%	Source	6	6
l-lylymfosyytit,absoluuttiset/tvk	%	Source	82	64
l-lym	%	Source	167	146
l-lymf	%	Source	287232	52568
l-lymf	e9/l	Source	2342	846
l-lymf		Extracted	13439	7559
l-lymf		Source	4490	1891
l-lymf(a)	%	Source	588720	77720
l-lymf(a)		Extracted	50473	17320
l-lymf-hy	%	Source	144	121
l-lymf-kd	%	Source	111	56
l-lymf-m	%	Source	6543	1973
l-lymf-m		Extracted	63	34
l-lymf-m		Source	316	147
l-lymfo	%	Source	47	30
l-lymfos	%	Source	83980	17851
l-lymfos		Extracted	19446	7629
l-lymfosy	%	Source	73	63
l-lymfosyytit	%	Source	80193	27684
l-lymfosyytit		Extracted	282	201
l-lymfosyytit(konediffi)	%	Source	26	21
l-lymfosyytit(l-ly)	%	Source	337	279
l-lymfosyytit,absoluuttiset	%	Source	17	10
l-lymfosyytit,automaatio	%	Source	19274	7959
l-lymfosyytit,laskentahoitoyksikössä	%	Source	9	9
l-lymfosyytit,mikroskopointi	%	Source	1513	626
l-lymfosyytit,mikroskopointi		Extracted	38	24
l-lymfosyytit,suhde	%	Source	31	23
l-lymfosyytit-osuus,vieritutkimus	%	Source	62	60
l-lymfosyytitosatutk2225diffi	%	Source	33	28
l-lymfosyytti	%	Source	11079	3614
l-lyp	%	Source	88	72
l-mdx	%	Source	125	118
l-meta	%	Source	6152	1881
l-meta		Extracted	234	154
l-meta		Source	233	104
l-meta-m	%	Source	2388	852
l-meta-m		Extracted	61	32
l-meta-m		Source	287	134
l-metam	%	Source	7291	2443
l-metam		Extracted	1611	670
l-metamy	%	Source	153	81
l-metamy		Source	50	40
l-metamye	%	Source	18576	4965
l-metamye		Extracted	359	242
l-metamye		Source	34	22
l-metamyel	%	Source	2520	754
l-metamyel		Extracted	33	27
l-metamyelosyytit	%	Source	5048	1852
l-metamyelosyytit,mikroskopointi	%	Source	401	186
l-metamyelosyytit,mikroskopointi		Extracted	59	44
l-metamyelosyytti	%	Source	845	245
l-metmye	%	Source	992	411
l-mid	%	Source	1593	1205
l-mo	%	Source	59	37
l-mon	%	Source	12735	3460
l-mon	e9/l	Source	1709	614
l-mon		Extracted	1467	757
l-mon		Source	637	194
l-mono	%	Source	58379	13204
l-mono	e9/l	Source	1397	432
l-mono		Extracted	4858	1773
l-mono		Source	2202	1026
l-mono(a)	%	Source	588958	77781
l-mono(a)		Extracted	49582	16925
l-mono+muu	%	Source	1440	1221
l-mono-hy	%	Source	142	119
l-mono-hy		Extracted	7	7
l-mono-kd	%	Source	111	56
l-mono-m	%	Source	297	92
l-monos	%	Source	434311	81132
l-monos	e9/l	Source	2608	806
l-monos		Extracted	31296	13884
l-monos		Source	622	276
l-monos-m	%	Source	6377	1933
l-monos-m		Extracted	58	30
l-monos-m		Source	331	159
l-monosmonosyytit,absoluuttiset/tvk	%	Source	82	64
l-monosyytit	%	Source	70683	22662
l-monosyytit		Extracted	235	163
l-monosyytit(konediffi)	%	Source	26	21
l-monosyytit(l-mono)	%	Source	337	279
l-monosyytit+muut	%	Source	209	194
l-monosyytit,absoluuttiset	%	Source	18	11
l-monosyytit,automaatio	%	Source	19268	7957
l-monosyytit,mikroskopointi	%	Source	1521	634
l-monosyytit,mikroskopointi		Extracted	32	19
l-monosyytit,suhde	%	Source	31	23
l-monosyytitlaskentahoitoyksikössä	%	Source	9	9
l-monosyytitosatutk2225diffi	%	Source	33	28
l-monosyytti	%	Source	17104	6654
l-monosyytti		Extracted	58	47
l-muut	%	Source	3167	2169
l-muuta		Source	8	7
l-mxd	%	Source	848	477
l-mxd	e9/l	Source	634	292
l-mxd-osuus,vieritutkimus	%	Source	62	60
l-mxdp	%	Source	88	72
l-myel	%	Source	13362	4297
l-myel		Extracted	1806	803
l-myel		Source	245	111
l-myel-m	%	Source	2679	980
l-myel-m		Extracted	61	33
l-myel-m		Source	288	135
l-myelo	%	Source	173	68
l-myelo		Source	57	35
l-myelocy		Source	23	20
l-myelos	%	Source	22190	5974
l-myelos		Extracted	407	281
l-myelos		Source	34	22
l-myelosyytit	%	Source	5057	1852
l-myelosyytit,mikroskopointi	%	Source	430	199
l-myelosyytit,mikroskopointi		Extracted	60	47
l-myelosyytti	%	Source	846	245
l-neut	%	Source	378348	72563
l-neut	e9/l	Source	4518	1546
l-neut		Extracted	16279	7999
l-neut		Source	8004	1057
l-neut(688l-neut),osatutkimus	%	Source	14	10
l-neut(a)	%	Source	590444	77833
l-neut(a)		Extracted	48791	16659
l-neut,osatutkimus(688l-neut)	%	Source	114	95
l-neut,osatutkimus(9122l-neut)	%	Source	6	6
l-neut,osatutkimus(l-neut)	%	Source	82	69
l-neut-hy	%	Source	144	121
l-neut-hy		Extracted	6	6
l-neut-kd	%	Source	111	56
l-neut-m	%	Source	7114	2165
l-neut-m		Extracted	44	25
l-neut-m		Source	351	154
l-neutneutrofiilit,absoluuttiset/tvk	%	Source	82	64
l-neutp	%	Source	88	72
l-neutr	%	Source	86908	18776
l-neutr	e9/l	Source	296	39
l-neutr		Extracted	18925	7429
l-neutr		Source	1786	834
l-neutrof	%	Source	1733	461
l-neutrofiilit	%	Source	80744	27961
l-neutrofiilit	e9/l	Source	124	94
l-neutrofiilit		Extracted	305	220
l-neutrofiilit(konediffi)	%	Source	26	21
l-neutrofiilit(l-neut)	%	Source	336	278
l-neutrofiilit,absoluuttiset	%	Source	17	10
l-neutrofiilit,automaatio	%	Source	19269	7958
l-neutrofiilit,laskentahoitoyksikössä	%	Source	9	9
l-neutrofiilit,liuskatumaiset	%	Source	3535	1288
l-neutrofiilit,mikroskopointi	%	Source	1582	668
l-neutrofiilit,mikroskopointi		Extracted	29	19
l-neutrofiilit,osatutk2225diffi	%	Source	34	28
l-neutrofiilit,osatutkimus	%	Source	12	8
l-neutrofiilit,sauvatum	%	Source	7	6
l-neutrofiilit,sauvatumaiset	%	Source	3474	1277
l-neutrofiilit,sauvatumiaset	%	Source	35	20
l-neutrofiilit,suhde	%	Source	31	23
l-neutrofiilit-act5diffillä	%	Source	178	80
l-neutrofiilit-osuus,vieritutkimus	%	Source	61	59
l-nlt	%	Source	7143	2355
l-nlt		Extracted	1564	648
l-nlt		Source	858	300
l-nst	%	Source	7096	2363
l-nst		Extracted	1513	626
l-nst		Source	473	209
l-prom	%	Source	9986	3141
l-prom		Extracted	1640	720
l-prom		Source	90	32
l-prom-m	%	Source	1339	486
l-prom-m		Extracted	58	31
l-prom-m		Source	282	131
l-promye	%	Source	330	147
l-promyel	%	Source	23129	6312
l-promyel		Extracted	413	276
l-promyel		Source	84	62
l-promyelosyytit	%	Source	4810	1722
l-promyelosyytit,mikroskopointi	%	Source	111	61
l-promyelosyytit,mikroskopointi		Extracted	36	31
l-promyelosyytti	%	Source	846	247
l-sauv	%	Source	3700	993
l-sauv		Extracted	25	20
l-sauva	%	Source	4826	1346
l-sauva		Extracted	66	41
l-sauva		Source	73	56
l-sauvat	%	Source	3135	1178
l-segm	%	Source	126	74
l-segm		Extracted	58	34
l-segm		Source	52	40
l-st	%	Source	53	34
l-stav		Source	17	13
l-suuretvärjääntymättömätsolut	%	Source	170	153
l:e-coombo		QCOut	14	12
la-afereesituotteenkantasolut	e6/kg	Source	23	12
la-cd34	e6/kg	Source	156	72
la-cd34	e9/l	Source	183	136
la-cd34-os	%	Source	373	277
la-hb	g/l	Source	34	19
la-hkr	%	Source	34	19
la-t-cd3	e9/l	Source	53	46
la-t-cd4	e9/l	Source	53	46
la-t-cd8	e9/l	Source	53	46
lakt/pyruv		Source	44	38
laktaatti(verikaasulaite),ka	mmol/l	Source	653	438
laktaatti(verikaasulaite),kapillaariveri	mmol/l	Source	357	196
laktaatti(verikaasulaite),la	mmol/l	Source	65	61
laktaatti(verikaasulaite),laskimoveri	mmol/l	Source	3272	1902
laktaatti(verikaasulaite),va	mmol/l	Source	311	112
laktaatti(verikaasulaite),valtimoveri	mmol/l	Source	531	298
laktaatti,(verikaasulaite),kapillaariveri	mmol/l	Source	8	8
laktaatti,(verikaasulaite),pleuraneste	mmol/l	Source	8	8
laktaatti,koneveri	mmol/l	Source	498	30
laktaatti,pleuraneste	mmol/l	Source	21	18
laktaatti,päivystystutkimus,verestä	mmol/l	Source	353	121
laktaatti,valtimoverestä	mmol/l	Source	13	13
laktaatti,verestä,pikatesti	mmol/l	Source	718	499
laktaatti,verikaasuanalysaattorilla,verestä	mmol/l	Source	99	60
laktaattidehydrogenaasi	u/l	Source	112	101
laktpika	mmol/l	Source	1191	889
lamotrigiini	umol/l	Source	22	18
lamotrigiini,seerumi	umol/l	Source	23	13
lamotrigiini,seerumista	umol/l	Source	24	15
laskennallinenpunasoluindeksi	%	Source	17	16
laskennallinenpunasoluindeksi/pvk	%	Source	41	33
laskennallinenpunasoluindeksi/tvk	%	Source	9	6
laskennallinenpunasoluindeksi/vitascreen	%	Source	46	45
lasko	mm/h	Source	433	348
lateksi	u/ml	Source	11	11
lateksi(luonnonkumi,k82),igevasta-aineet,seerumista	u/ml	Source	6	6
latex	mm	Source	10	10
latex		Extracted	11	11
ldl-kolesteroli	mmol/l	Source	10891	8662
ldlhapettunut	u/l	Source	19	14
lehmänmaito,ige-va:t(s-)	u/ml	Source	6	6
lepidogl.d	u/ml	Source	12	12
lepidogl.d		Extracted	8	8
leppä	mm	Source	11	11
leppä		Extracted	14	14
leuk	e6	Source	13	13
leuk	e6/l	Source	7397	4476
leuk	u/field	Source	9	8
leuk-pika	e9/l	Source	978	751
leuk-pika		Extracted	495	348
leuk-vt		Extracted	24	22
leuk-vt		Source	24	22
leukosyytit	e6/l	Source	529	440
leukosyytit	e9/l	Source	30933	9530
leukosyytit	u/field	Source	22	16
leukosyytit		Extracted	247	216
leukosyytit		Source	83	68
leukosyytit(b-leuk)	e9/l	Source	63	55
leukosyytit(kval)	estimate	Source	2233	1574
leukosyytit(kval)		QCOut	169	113
leukosyytit(kval)		Source	8	8
leukosyytit(leuk)	e9/l	Source	31	29
leukosyytit,monitumaiset,nivelnesteestä,osatutk	%	Source	12	11
leukosyytit,pikatesti,verestä	e9/l	Source	558	261
leukosyytit,pikatesti,veri	e9/l	Source	148	134
leukosyytit,pikatesti,veri		Extracted	23	23
leukosyytit,pikatesti,veri		Source	14	14
leukosyytit,pvkosatutkimus	1	Source	37	21
leukosyytit,pvkosatutkimus		Source	47	35
leukosyytit,selkäydinneste	e6/l	Source	38	38
leukosyytit,verestä,osatutk.2474	e9/l	Source	3663	1419
leukosyytit,verestä,pikatesti	e9/l	Source	27	25
leukosyytit,vieritesti	e9/l	Source	381	219
leukosyytit,vieritesti	ng/l	Source	41	29
leukosyytit,vieritesti		Extracted	32	24
leukosyytit,vieritutkimus		Extracted	47	41
leukosyytit,vieritutkimus		Source	20	18
leukosyytit,virtsa	e6/l	Source	6451	2542
leukosyytit,virtsansolujenerittelylaskenta	u/field	Source	15	7
leukosyytit,virtsasta	e6/l	Source	1867	973
leukosyytit,yksitumaiset,nivelnesteestä,osatutk	%	Source	12	11
leukosyytitpikatesti		Extracted	96	72
leukosyytti,pikatesti,veri	e9/l	Source	159	144
leukpika	e9/l	Source	794	477
leukpika		Extracted	127	90
leukpika		Source	106	73
levyepi	u/field	Source	10	9
levyepiteelisolut	e6/l	Source	33	26
levyepiteelisolut	u/field	Source	21	11
levyepiteelit	e6/l	Source	311	289
levyepiteelit	u/field	Source	16	16
levyepiteelit,virtsansolujenerittelylaskenta		Source	15	7
li-/s-alb	mg/g	Source	1124	1049
li-/s-alb		Extracted	47	46
li-ace	u/l	Source	1194	1109
li-ace		Extracted	48	48
li-ada	u/l	Source	60	53
li-aitneu		QCOut	13	11
li-aitpara		QCOut	11	11
li-alb	g/l	Source	34	33
li-alb	mg/l	Source	3712	3440
li-alb		Extracted	305	296
li-alb		Source	36	34
li-albumiini	mg/l	Source	13	13
li-albumiini/s-albumiinisuhde	mg/g	Source	6	6
li-albål	mg/l	Source	7	6
li-amyloidi-peptidi42-proteiini	ng/l	Source	17	17
li-amyloidibeeta-40-proteiini	ng/l	Source	8	8
li-b2miglo	mg/l	Source	78	67
li-ba42/40		Extracted	105	105
li-ba42/40		Source	235	229
li-baktvi		QCOut	13	10
li-bam40	ng/l	Source	47	47
li-bam40		Extracted	99	99
li-bam42	ng/l	Source	1942	1904
li-bam42		Extracted	189	189
li-bam42(yksittäisenäpyyntönä)	ng/l	Source	16	16
li-bam42/40suhde	ratio	Source	40	40
li-bam42/40suhde		Extracted	19	19
li-bam42/40suhde		Source	8	8
li-bam42/bam40suhdeluku		Extracted	78	77
li-beeta-amyloidi-42proteiini	ng/l	Source	8	8
li-beeta-amyloidi40-proteiini	ng/l	Source	41	41
li-beeta-amyloidi40proteiini	ng/l	Source	9	9
li-beeta-amyloidi40proteiini		Extracted	78	77
li-beeta-amyloidi42/40proteiinisuhde		Source	9	9
li-beeta-amyloidi42proteiini	ng/l	Source	28	28
li-beeta-amyloidi42proteiini,likvor	ng/l	Source	12	12
li-biop		Source	36	29
li-borabgv	au/ml	Source	17	17
li-borabgv		Extracted	12	12
li-borabmv	au/ml	Source	14	13
li-borabmv		Extracted	10	9
li-borrabg	au/ml	Source	44	37
li-borrabg	u	Source	160	153
li-borrabg	wme	Source	165	157
li-borrabm	au/ml	Source	23	19
li-borrabm	u	Source	57	53
li-borrabm	wme	Source	87	83
li-borrelia,iggvasta-aineet	au/ml	Source	6	6
li-borrelia,iggvasta-aineet	u	Source	9	9
li-borrelia,vasta-aineetigmvarmistustutkimus	au/ml	Source	9	9
li-cmvabg	eiu	Source	7	7
li-crmp5ab	index	Source	16	15
li-cxcl13	ng/l	Source	564	520
li-cxcl13		Extracted	23	20
li-cxcl13-kemokiinipitoisuus	ng/l	Source	13	12
li-ebvnh	u/ml	Source	6	6
li-eos	%	Source	231	154
li-eryt	e6/l	Source	11741	8021
li-eryt		Extracted	3185	2234
li-eryt-1	e6/l	Source	27	27
li-eryt-3	e6/l	Source	240	224
li-eryt-3		Extracted	6	6
li-erytrosyytit	e6/l	Source	163	155
li-erytrosyytit,likvor	e6/l	Source	107	96
li-erytrosyytit,likvorista	e6/l	Source	25	23
li-evirabg	eiu	Source	7	7
li-fosfo-tauproteiini	ng/l	Source	33	33
li-fosfo-tauproteiini,likvor	ng/l	Source	11	11
li-fosfotau-proteiini	ng/l	Source	19	19
li-fosfotauproteiinintutkimus	ng/l	Source	8	8
li-fosftau	ng/l	Source	13	13
li-fostau	ng/l	Source	1967	1927
li-fostau		Extracted	189	189
li-fostau(yksittäisenäpyyntönä)	ng/l	Source	16	16
li-gluk	mmol/l	Source	13371	10199
li-gluk		Extracted	484	430
li-gluk		Source	25	25
li-glukoosi	mmol/l	Source	80	76
li-gran	%	Source	105	75
li-hhv6abg	eiu	Source	14	14
li-hsv1abg	eiu	Source	10	10
li-hsvabg	eiu	Source	185	161
li-hsvnho		QCOut	7	7
li-igg	g/l	Source	37	36
li-igg	mg/l	Source	3924	3387
li-igg		Extracted	506	486
li-igg-ind	g/l	Source	11	11
li-igg-ind	index	Source	94	91
li-igg-ind	osuus	Source	740	699
li-igg-ind	ratio	Source	77	77
li-igg-ind		Extracted	1104	1060
li-igg-ind		Source	1797	1682
li-igg.	mg/l	Source	602	565
li-igg/alb	osuus	Source	823	775
li-igg/alb		Extracted	546	525
li-igg/alb		Source	665	624
li-iggål	mg/l	Source	7	6
li-iglck-i		Extracted	11	11
li-iglck-v	mg/l	Source	11	11
li-igm	mg/l	Source	11	7
li-immunoglobiinig,indeksi	index	Source	6	6
li-immunoglobuliinig	mg/l	Source	8	8
li-immunoglobuliinig,indeksi	index	Source	16	16
li-immunoglobuliinig,indeksi		Source	9	9
li-immunoglobuliinig,li-ig-oc:nosatutkimus,huslab	mg/l	Source	28	26
li-immunoglobuliinig,li-igg-oc:nosatutkimus	mg/l	Source	8	8
li-immunoglobuliinig:njaalbumiininsuhde		Source	6	6
li-infaabg	eiu	Source	38	36
li-infbabg	eiu	Source	17	16
li-l/liusk	%	Source	145	92
li-l/yksit	%	Source	145	92
li-laktaat	mmol/l	Source	4022	3323
li-laktaat		Extracted	214	199
li-laktaatti	mmol/l	Source	16	16
li-laktaatti,päivystystutkimus	mmol/l	Source	90	67
li-laktteh	mmol/l	Source	299	195
li-leuk	e6/l	Source	10896	7617
li-leuk		Extracted	3188	2232
li-leuk-3	e6/l	Source	242	226
li-leuk-3		Extracted	6	6
li-leukmuu	%	Source	113	83
li-leukosyytit	e6/l	Source	123	118
li-leukosyytit,likvor	e6/l	Source	49	41
li-leukosyytit,likvorista	e6/l	Source	25	23
li-leukosyytit,liuskatumaiset	%	Source	31	21
li-leukosyytit,yksitumaiset	%	Source	31	21
li-liuskat	%	Source	12	12
li-ly	%	Source	341	209
li-ly+mono	%	Source	11	10
li-lymf	%	Source	91	62
li-lymf+mo	e6/l	Source	78	58
li-lymfosy	osuus	Source	31	28
li-lzm	mg/l	Source	164	154
li-mononuk	%	Source	229	166
li-mononukleaarisetsolut	%	Source	33	27
li-mononukleaarisetvalkosolut	%	Source	38	29
li-monos	%	Source	309	184
li-muut	e6/l	Source	41	40
li-muutsol	%	Source	6	6
li-muutsolut	%	Source	12	12
li-mypnabg	eiu	Source	32	32
li-neurofilamentti,kevytketju		Extracted	7	7
li-neurofilamentti,kevytketjut	ng/l	Source	6	6
li-neut	%	Source	331	206
li-neut+eo	%	Source	219	156
li-neut+eo	e6/l	Source	78	58
li-neutrof	osuus	Source	31	28
li-neutrofiilitjaeosinofiilit	%	Source	33	27
li-nfl	ng/l	Source	35	34
li-oreksa	ng/l	Source	119	117
li-pin1abg	eiu	Source	7	7
li-polymorfonukleaarisetvalkosolut	%	Source	38	29
li-prot	g/l	Source	233	206
li-prot	mg/l	Source	15635	11417
li-prot		Extracted	259	250
li-prot		Source	71	62
li-proteiini	mg/l	Source	82	77
li-ptau/ta		Source	6	6
li-pyruv	umol/l	Source	12	11
li-rsvabg	eiu	Source	10	9
li-sameus		Source	30	30
li-tau	ng/l	Source	2006	1966
li-tau		Extracted	192	192
li-tau(yksittäisenäpyyntönä)	ng/l	Source	16	16
li-tau-proteiini	ng/l	Source	19	19
li-tauproteiini	ng/l	Source	40	40
li-tauproteiini,likvor	ng/l	Source	13	13
li-tbeabg		QCOut	11	11
li-tpha	titre	Source	11	10
li-vzvabg	eiu	Source	93	87
li-vzvnho		QCOut	9	9
lier	u/field	Source	10	9
lieriöt	e6/l	Source	23942	12718
lieriöt		Extracted	2934	2140
lieriöt,virtsa	e6/l	Source	7631	2842
lieriöt,virtsansolujenerittelylaskenta		Source	15	7
lieriöt,virtsasta	e6/l	Source	4909	1904
lieriöt,virtsasta,partikkelinlaskijalla,osatutk.	e6/l	Source	203	124
liikunta	kuntolii	Source	6	6
linoleenihappo	%	Source	314	254
linssi	u/ml	Source	6	6
lipaasi,plasmasta,paastotilassa	u/l	Source	9	9
lipemia-indeksi		Extracted	987	728
lipidiarvox:lle		Source	19	10
lipidit	mmol/l	Source	119	112
lipidit	paketti	Source	12	12
liuskatumaisetneutrofiilit	%	Source	178	111
lmono(a)	%	Source	212	98
luc	%	Source	17	6
luc		Extracted	32	11
lupusantikoagulantti,drvvt	ratio	Source	44	41
lupusantikoagulantti,drvvt,plasma	ratio	Source	44	41
lupusantikoagulantti,drvvt,plasma		Source	64	59
lupusantikoagulantti,drvvt,plasmasta		Source	36	32
lupusantikoagulantti,ptt	ratio	Source	44	41
lupusantikoagulantti,ptt,plasma	ratio	Source	44	41
lupusantikoagulantti,ptt,plasma		Source	64	59
lupusantikoagulantti,ptt,plasmasta		Source	36	32
luteinisoivahormoni,plasmasta	iu/l	Source	6	6
luu	u/l	Source	9	9
luusto-is	u/l	Source	1039	915
luusto-is		Extracted	49	46
luusto-ls	u/l	Source	24	20
luustoisoentsyymi	u/l	Source	85	83
luustoisoentsyymi		Source	12	12
ly	%	Source	10737	2008
ly		Source	7	6
ly-b-cd19	%	Source	1504	746
ly-b-cd19		Extracted	6	6
ly-b-cd19,b-solujenosuus	%	Source	109	85
ly-cd16/56	%	Source	3445	1699
ly-cd16/56		Extracted	9	9
ly-cd16/cd56	%	Source	262	186
ly-cd19	%	Source	3445	1700
ly-cd19		Extracted	9	9
ly-cd19-b	%	Source	2505	1211
ly-cd19lymfosyytit	%	Source	262	186
ly-cd3	%	Source	3709	1794
ly-cd3		Extracted	9	9
ly-cd4	%	Source	3709	1794
ly-cd4		Extracted	9	9
ly-cd4+8+	%	Source	24	21
ly-cd4-8-	%	Source	190	106
ly-cd4-cd8-	%	Source	16	14
ly-cd4-t	%	Source	4570	2061
ly-cd4-t		Extracted	131	115
ly-cd4/cd8		Extracted	11	11
ly-cd4/cd8		Source	2626	1328
ly-cd4/cd8,t-auttaja/estäjäsolujensuhde,bal-näyte		Extracted	11	11
ly-cd4/cd8suhde		Extracted	95	79
ly-cd4/cd8suhde		Source	167	107
ly-cd8	%	Source	3708	1794
ly-cd8		Extracted	9	9
ly-hlab27		QCOut	598	577
ly-kudosantigeenib27		QCOut	17	17
ly-lymfosyytit,b-cd19-solujenosuus	%	Source	178	139
ly-lymfosyytit,b-solujenosuus	%	Source	28	15
ly-lymfosyytit,nk-solujenosuus	%	Source	313	185
ly-lymfosyytit,t-auttaja/estäjäsolujensuhde		Source	7	6
ly-lymfosyytit,t-cd3-solujenosuus	%	Source	307	180
ly-lymfosyytit,t-cd4/cd8-suhde		Extracted	31	30
ly-lymfosyytit,t-estäjäsolujenosuus	%	Source	284	171
ly-lymfosyytit,t-solujenosuus	%	Source	7	6
ly-nk	%	Source	3893	1811
ly-nk		Extracted	6	6
ly-nk,nk-solujenosuus	%	Source	112	85
ly-t-auttajasojenosuus	%	Source	268	189
ly-t-cd3	%	Source	3925	1817
ly-t-cd3,t-solujenosuus	%	Source	112	85
ly-t-cd4	%	Source	2005	938
ly-t-cd4.	%	Source	1462	514
ly-t-cd4.		Extracted	10	7
ly-t-cd4/8	ratio	Source	115	71
ly-t-cd4/8		Extracted	72	51
ly-t-cd4/8		Source	1627	670
ly-t-cd4/cd8,t-auttaja/estäjäsolujensuhde		Extracted	109	85
ly-t-cd8	%	Source	2895	1357
ly-tbspota	sp/e6lum	Source	77	73
ly-tbspota	spot/e6lu	Source	23	22
ly-tbspota	spot/e6lumfos	Source	424	402
ly-tbspota		Extracted	9	8
ly-tbspota		Source	9	9
ly-tbspotb	sp/e6lum	Source	79	75
ly-tbspotb	spot/e6lu	Source	23	22
ly-tbspotb	spot/e6lumfos	Source	424	402
ly-tbspotb		Extracted	9	8
ly-tbspotb		Source	9	9
ly-tbspppd	sp/e6lum	Source	78	74
ly-tbspppd	spot/e6lu	Source	23	22
ly-tbspppd	spot/e6lumfos	Source	179	171
ly-tbspppd		Extracted	10	9
ly-tbspppd		Source	251	243
ly-tcd4/8		Source	10	9
ly-tcd4/8.		Extracted	1008	575
ly-tcd4/8.		Source	1149	596
ly-tt-cd8	%	Source	1219	630
ly-ttcd4/8		Source	9	9
lykopeeni	umol/l	Source	305	249
lym	%	Source	687	115
lym	e9/l	Source	690	113
lymf	%	Source	46895	13915
lymf	e9/l	Source	7619	4097
lymf		Extracted	26387	5545
lymf		Source	310	204
lymfo	%	Source	7681	5973
lymfo		Extracted	10	9
lymfo		Source	11	11
lymfos	%	Source	18423	13251
lymfos		Extracted	168	23
lymfos		Source	6	6
lymfosyytit	%	Source	19099	9216
lymfosyytit	e9/l	Source	116	101
lymfosyytit		Source	22	11
lymfosyytit(46l-lymf),osatutkimus	%	Source	14	10
lymfosyytit(b-ly)	e9/l	Source	61	53
lymfosyytit,3-osa	%	Source	2068	1750
lymfosyytit,5-osa	%	Source	4342	3786
lymfosyytit,absol.arvot	e9/l	Source	17133	7784
lymfosyytit,absol.arvot(43b-lymf),osatutkimus	e9/l	Source	14	10
lymfosyytit,absol.arvot,osatutkimus(43b-lymf)	e9/l	Source	114	95
lymfosyytit,absol.arvot,osatutkimus(b-lymf)	e9/l	Source	82	69
lymfosyytit,absol.määrä	e9/l	Source	25	20
lymfosyytit,absoluuttiset	e9/l	Source	152	101
lymfosyytit,absoluuttiset		Source	10	9
lymfosyytit,b-cd19-solujenosuus,osatutk.2275	%	Source	8	8
lymfosyytit,b-cd19-solut,verestä,osatutk.2275	e6/l	Source	8	8
lymfosyytit,konediffi()	%	Source	45	39
lymfosyytit,konediffi(),osatutk.b-diffi	%	Source	1040	287
lymfosyytit,koneellinen	%	Source	10	9
lymfosyytit,koneellinen		Extracted	9	9
lymfosyytit,käsidiffi(),osatutk.b-diffi	%	Source	54	28
lymfosyytit,nk-solujenosuus,osatutk.2275	%	Source	24	10
lymfosyytit,nk-solut,verestä,osatutk.2275	e6/l	Source	24	10
lymfosyytit,osatutkimus(46l-lymf)	%	Source	113	94
lymfosyytit,osatutkimus(l-lymf)	%	Source	82	69
lymfosyytit,osuus	%	Source	8	8
lymfosyytit,t-auttajasolujenosuus,osatutk.	%	Source	31	12
lymfosyytit,t-cd3-solujenosuus,osatutk.2275	%	Source	24	10
lymfosyytit,t-cd3-solut,verestä,osatutk.2275	e6/l	Source	24	10
lymfosyytit,t-cd4-solut,verestä,osatutk.	e6/l	Source	31	12
lymfosyytit,t-cd4/cd8-suhde,osatutk.2275		Source	24	10
lymfosyytit,t-cd8-solut,verestä,osatutk.2275	e6/l	Source	24	10
lymfosyytit,t-estäjäsolujenosuus,osatutk.2275	%	Source	24	10
lymfosyytit-osuus	%	Source	2168	1877
lymfosyytit-osuus(diffi)	%	Source	197	146
lymfosyytit/tvk		Extracted	20	18
lymfosyytitosatutk2225diffi	e9/l	Source	33	28
lymfosyytitosuus	%	Source	4362	3496
lymfosyyttienabsol.määrä	e9/l	Source	178	80
lymph	%	Source	7959	1526
lymph	e9/l	Source	4349	591
lymph		Source	72	38
lymängd	e9/l	Source	10721	1994
lähetefysioterapeuttiseenkonsultaatioon		Source	7	6
lähetetyöpsykologille		Source	6	6
läheteyleislääkärille		Source	16	15
lämpö	aste	Source	99	89
lämpöt.	°c	Source	103	75
lämpötila,arteriaverestä,osatutk	°c	Source	45	33
m-komp-1	g/l	Source	1094	135
m-komp-1	mg/l	Source	199	53
m-komp-2	g/l	Source	23	12
m-komp-2	mg/l	Source	15	7
m-komp1	g/l	Source	182	20
m-komponentti-1	g/l	Source	8	6
m-komponentti-1,seerumi,elektroforeesifraktio(g/l),osatutk.2522,irrall.	g/l	Source	30	6
m-komponentti-1,seerumista	g/l	Source	666	234
m-komponentti-1,virtsa,elektroforeesifraktio(mg/l)	mg/l	Source	17	13
m-komponentti-2	g/l	Source	8	6
m-komponentti-2,seerumi,elektroforeesifraktio(g/l)	g/l	Source	7	7
m.faeni		Extracted	7	6
maapähe	u/ml	Source	6	6
maapähkinä	u/ml	Source	24	21
maapähkinä		Extracted	11	11
maapähkinä(f13),ige-vasta-aineet	u/ml	Source	7	6
maapähkinäjakomponentit(f13),igevasta-aineet	u/ml	Source	6	6
magnesium	mmol/l	Source	29	29
magnesium(4601p-mg)	mmol/l	Source	13	12
magnesium(mg)	mmol/l	Source	9	9
magnesium,kokoveren	mmol/l	Source	317	257
maito	u/ml	Source	14	14
maito		Extracted	6	6
maitoe	u/ml	Source	74	71
maitoe		Extracted	12	11
maksa-1-is	u/l	Source	1031	909
maksa-1-is		Extracted	54	51
maksa-1-isoentsyymi	u/l	Source	92	90
maksa-1-ls	u/l	Source	22	18
maksa-2-is	u/l	Source	1034	913
maksa-2-is		Extracted	47	44
maksa-2-isoentsyymi	u/l	Source	79	77
maksa-2-isoentsyymi(sappitieisoentsyymi)	u/l	Source	12	12
maksa-2-ls	u/l	Source	22	18
maksaisoentsyymi,seerumista	%	Source	27	27
mango	u/ml	Source	6	6
mansikka	u/ml	Source	6	6
mansikka		Extracted	6	6
manteli	u/ml	Source	8	8
marevan-hoidonseur.tatesti,hoitoyksikkötekeesormenpäänäyte		Extracted	168	13
mb-ahco3	mmol/l	Source	2770	161
mb-be	mmol/l	Source	1372	146
mb-be		Extracted	691	66
mb-ca(7.4)	mmol/l	Source	2497	51
mb-ca-ion	mmol/l	Source	2500	51
mb-cl	mmol/l	Source	2500	51
mb-gluk	mmol/l	Source	2497	51
mb-hb	g/l	Source	3080	257
mb-hb-co	%	Source	573	207
mb-hb-met	%	Source	573	207
mb-hbo2	%	Source	573	207
mb-hbo2sat	%	Source	2502	51
mb-hco3-st	mmol/l	Source	953	254
mb-isoentsyyminosuus		Extracted	26	25
mb-k-veka	mmol/l	Source	2497	51
mb-laktaat	mmol/l	Source	2449	51
mb-na-veka	mmol/l	Source	2497	51
mb-o2-vol	%	Source	368	147
mb-o2sat	%	Source	599	215
mb-pco2	kpa	Source	3425	305
mb-pco2		Extracted	36	18
mb-ph	ph	Source	279	112
mb-ph		Extracted	612	227
mb-ph		Source	2827	96
mb-po2	kpa	Source	3422	303
mb-po2		Extracted	36	18
mch	pg	Source	32	28
mch		Source	70	67
mchc	g/l	Source	101	86
mchc		Source	123	93
mcv	fl	Source	69	58
meh.myrkky	u/ml	Source	15	13
meta	%	Source	1219	376
meta		Extracted	43	22
meta		Source	52	23
metam	%	Source	3264	1240
metam		Extracted	1149	427
metam		Source	249	166
metamyelosyytit	%	Source	998	457
metamyelosyytit,käsidiffi(),osatutk.b-diffi	%	Source	54	28
metamyelosyytit,osuus	%	Source	7	7
metamyelosyytit,osuusleukosyyteistä	%	Source	170	70
metanefriini	nmol/l	Source	148	140
metanefriini,seerumi	nmol/l	Source	50	46
methemoglobiini,veri	%	Source	4105	2227
methemoglobiini,veri		Extracted	31	28
mikroskooppidiffinneutrofiilit/l-neutrofiilit		Extracted	15	10
mittaustulos(mg/l)		Extracted	390	306
mittaustulos(mmol/l)		Extracted	552	446
mittaustulos(nmol/l)		Extracted	81	72
mittaustulos(pmol/l)		Extracted	45	44
mittaustulos(umol/l)		Extracted	51	49
mkomp-1	g/l	Source	408	148
mkomp-2	g/l	Source	14	7
mmse		Extracted	28	27
mna-lyhyt		Extracted	29	25
mns	%	Source	204	151
mon	%	Source	685	113
mon	e9/l	Source	690	113
mono	%	Source	41798	13149
mono	e9/l	Source	7454	3963
mono		Extracted	25914	5379
mono		Source	4726	816
mononuk	osuus	Source	155	129
mononuk		Source	9	8
mononukleaariset		Extracted	4588	3205
mononukleaarisetleukosyytit	%	Source	14	14
mononukleaarisetleukosyytit		Extracted	8	8
mononukleaarisetsolut,askite	%	Source	27	22
mononukleaarisetsolut,askitesneste	%	Source	54	35
mononukleaarisetsolut,aspiraatti	%	Source	15	10
mononukleaarisetsolut,niveln	%	Source	179	140
mononukleaarisetsolut,nivelneste	%	Source	374	252
mononukleaarisetsolut,peritoneaalidialyysineste	%	Source	96	12
mononukleaarisetsolut,pleura	%	Source	69	48
mononukleaarisetsolut,pleuraneste	%	Source	125	96
mononukleaarisetsolut,selkäy	%	Source	23	14
mononukleaarisetsolut,selkäydinneste	%	Source	34	31
monos	%	Source	27780	14669
monos		Extracted	210	103
monos		Source	13	12
monosyytit	%	Source	18944	9113
monosyytit	e9/l	Source	103	88
monosyytit		Source	22	11
monosyytit(693l-monos),osatutkimus	%	Source	14	10
monosyytit(b-monos)	e9/l	Source	61	53
monosyytit,5-osa	%	Source	4342	3786
monosyytit,absol.arvot	e9/l	Source	14831	6874
monosyytit,absol.arvot(42b-monos),osatutkimus	e9/l	Source	14	10
monosyytit,absol.arvot,osatutkimus(42b-monos)	e9/l	Source	113	94
monosyytit,absol.arvot,osatutkimus(b-monos)	e9/l	Source	82	69
monosyytit,absol.määrä	e9/l	Source	23	18
monosyytit,absoluuttiset	e9/l	Source	150	100
monosyytit,absoluuttiset		Source	10	9
monosyytit,konediffi()	%	Source	45	39
monosyytit,konediffi(),osatutk.b-diffi	%	Source	1040	287
monosyytit,koneellinen	%	Source	10	9
monosyytit,koneellinen		Extracted	9	9
monosyytit,käsidiffi(),osatutk.b-diffi	%	Source	54	28
monosyytit,osatutkimus(693l-monos)	%	Source	113	94
monosyytit,osatutkimus(9117l-monos)	%	Source	6	6
monosyytit,osatutkimus(l-monos)	%	Source	82	69
monosyytit,osuus	%	Source	8	8
monosyytit-osuus	%	Source	2103	1824
monosyytit-osuus(diffi)	%	Source	197	146
monosyytit/tvk	e9/l	Source	221	139
monosyytit/tvk		Extracted	20	18
monosyytitabsol.arvot	e9/l	Source	1311	935
monosyytitosatutk2225diffi	e9/l	Source	33	28
monosyytitosuus	%	Source	4362	3496
monosyyttienabs.määrä	e9/l	Source	178	80
multistix-,ph		Source	92	68
multistix-vieri,ph		Source	134	97
munanvalku	u/ml	Source	13	12
munanvalku		Extracted	6	6
munanvalkuainenjakomponentit(f1),igevasta-aineet	u/ml	Source	6	6
munaseos	u/ml	Source	6	6
munavae	u/ml	Source	79	75
munavae		Extracted	10	9
mustapipp.	u/ml	Source	7	7
muut	%	Source	8050	6244
muut		Source	11	11
muut,3-osa	%	Source	2070	1752
muutlieriöt	e6/l	Source	18	15
muutsolut	%	Source	8	8
muutsolut,askitesneste	%	Source	50	35
muutsolut,nivelneste	%	Source	12	12
muutsolut,pleuraneste	%	Source	58	56
mxd	%	Source	14328	2927
mxd-osuus	%	Source	13	12
mycobacteriumtuberculosis-herkistyn.solut,tb2antigeeni	iu/ml	Source	7	6
mycobakteriumtuberculosis-her	iu/ml	Source	9	7
mycoplasmapneumoniae,iggvasta-aineet	eiu	Source	30	22
myel	%	Source	4482	1617
myel		Extracted	1188	443
myel		Source	303	192
myeliiniinassosioituvaglykoproteiini,vasta-aineet	e6/l	Source	92	80
myeloperoksidaasi,vasta-aineet,seerumista	iu/ml	Source	41	9
myelosyytit	%	Source	1006	462
myelosyytit,käsidiffi(),osatutk.b-diffi	%	Source	54	28
myelosyytit,osuus	%	Source	7	7
myelosyytit,osuusleukosyysteistä	%	Source	238	87
myoglobiini	ug/l	Source	11	10
myristiinihappo	%	Source	314	254
n-terminaalinenpro-bnp(nt-probnp)	ng/l	Source	2053	1505
na	%	Source	733	634
na	e6/l	Source	75	68
na	e9/l	Source	262	238
na	eiu	Source	14	13
na	g/l	Source	732	592
na	iu/l	Source	11	11
na	iu/ml	Source	6	6
na	mg	Source	17	17
na	mg/l	Source	637	525
na	mg/mmol	Source	140	140
na	mm/h	Source	32	31
na	mmol/l	Source	1137	1030
na	mmol/m	Source	80	80
na	mu/l	Source	383	371
na	ng/l	Source	37	33
na	nmol/l	Source	32	32
na	pg	Source	10	7
na	pmol/l	Source	179	172
na	titre	Source	6	6
na	u/l	Source	143	134
na	u/ml	Source	14	14
na	ug/g	Source	24	24
na	ug/l	Source	244	240
na	umol/l	Source	161	149
na		Source	2882	1111
na-pika	mmol/l	Source	1412	725
na-vt		Source	8	8
naivit-cd4	%	Source	38	32
naivit-cd4		Extracted	9	8
naivit-cd8	%	Source	37	31
naivit-cd8		Extracted	9	8
napika	mmol/l	Source	2233	1427
napika		Source	8	8
natrium	mmol	Source	13	13
natrium	mmol/l	Source	562	463
natrium(verikaasulaite),kapillariveri	mmol/l	Source	55	21
natrium(verikaasulaite),plas	mmol/l	Source	334	130
natrium(verikaasulaite),plasma	mmol/l	Source	3815	2117
natrium,hoitoyksikönvieritesti,veri	mmol/l	Source	163	118
natrium,hoitoyksikönvieritesti,veri		Source	292	236
natrium,koneveri	mmol/l	Source	498	30
natrium,pika	mmol/l	Source	97	58
natrium,pikatesti	mmol/l	Source	16	16
natrium,pikatesti,veri	mmol/l	Source	198	183
natrium,pikatesti,veri		Source	10	10
natrium,pikatutkimus		Source	173	114
natrium,plasmasta	mmol/l	Source	139	70
natrium,verikaasuosatutk.	mmol/l	Source	180	88
natrium,vieritesti	mmol/l	Source	12	12
natrium,vieritesti		Source	25	22
natrium,vieritestinä,sotekäyttää		Source	57	30
natrium,vieritutkimus	mmol/l	Source	55	42
natriummääritysplasmastaviertestinä		Extracted	48	36
natriureettinenpeptidi(p-probnp)	ng/l	Source	6	6
natriureettinenpeptidi,b-tyypinn-term	ng/l	Source	32	21
natriureettinenpeptidi,b-tyypinn-terminaalinenpropeptidi	ng/l	Source	27	23
natriureettinenpeptidi,b-tyypinn-terminaalinenpropeptidi,plasmasta	ng/l	Source	159	136
natriureettinenpeptidi,b-tyypinn-terminaalinenpropeptidi,vieritutkimus	ng/l	Source	12	12
natriureettinenpeptidi,b-tyypinn-terminaalinenpropeptidipäivystysaikana	ng/l	Source	18	14
naudanliha	u/ml	Source	13	13
navieri		Extracted	31	26
navieri		Source	13	12
nbosd4	u/ml	Source	6	6
nbosd5	u/ml	Source	7	7
neg.kontr	mm	Source	38	38
neg.kontr		Extracted	12	12
neurofilamentit,plasma	ng/l	Source	15	15
neurofilamentti,kevytketjut	ng/l	Source	9	9
neurofilamentti,kevytketjut,seerumista	ng/l	Source	45	42
neut	%	Source	61798	16738
neut	e9/l	Source	4350	591
neut		Extracted	12133	4803
neut		Source	126	70
neutro	%	Source	7682	5976
neutro		Extracted	9	8
neutro		Source	11	11
neutrof	%	Source	423	49
neutrof		Extracted	86	13
neutrofiiliset,konediffi(),osatutk.b-diffi	%	Source	1040	287
neutrofiilisetleukosyytit	%	Source	15	15
neutrofiilisetleukosyytitmd	e9/l	Source	15	15
neutrofiilit	%	Source	25265	12194
neutrofiilit	e9/l	Source	10477	1540
neutrofiilit		Extracted	4535	3185
neutrofiilit		Source	24	13
neutrofiilit(b-neut)	e9/l	Source	61	53
neutrofiilit+eosinofiilit,ask	%	Source	27	22
neutrofiilit+eosinofiilit,askitesneste	%	Source	55	36
neutrofiilit+eosinofiilit,aspiraatti	%	Source	15	10
neutrofiilit+eosinofiilit,niv	%	Source	180	141
neutrofiilit+eosinofiilit,nivelneste	%	Source	374	252
neutrofiilit+eosinofiilit,peritoneaalidialyysineste	%	Source	104	13
neutrofiilit+eosinofiilit,s	%	Source	23	14
neutrofiilit+eosinofiilit,selkäydinneste	%	Source	34	31
neutrofiilit,3-osa	%	Source	2068	1750
neutrofiilit,5-osa	%	Source	4342	3786
neutrofiilit,absol.arvot	e9/l	Source	21971	10007
neutrofiilit,absoluuttiset	e9/l	Source	152	101
neutrofiilit,absoluuttiset		Source	10	9
neutrofiilit,konediffi()	%	Source	45	39
neutrofiilit,koneellinen	%	Source	10	9
neutrofiilit,koneellinen	e9/l	Source	10	9
neutrofiilit,koneellinen		Extracted	9	9
neutrofiilit,käsidiffi(),osatutk.b-diffi	%	Source	54	28
neutrofiilit,osuus	%	Source	2989	2585
neutrofiilit,pleuraneste	%	Source	199	149
neutrofiilit-osuus	%	Source	2116	1835
neutrofiilit-osuus(diffi)	%	Source	197	146
neutrofiilit.absol.arvot	e9/l	Source	1338	939
neutrofiilit/tvk		Extracted	20	18
neutrofiilitabs,konediffi	e9/l	Source	45	39
neutrofiilitabs,konediffi,osatutk.b-diffi	e9/l	Source	1040	287
neutrofiilitdiffissä	e9/l	Source	45	35
neutrofiilitdiffissä		Extracted	9	8
neutrofiilitliuskatumaiset	%	Source	11	8
neutrofiilitliuskatumaiset,osuus	%	Source	7	7
neutrofiilitosuus	%	Source	1373	1118
neutrofiilitpikatesti		Extracted	81	62
neutrofiilitsauvatumaiset	%	Source	11	8
neutrofiilitsauvatumaiset,osuus	%	Source	7	7
neutros	%	Source	18077	13209
neutros		Source	6	6
niittynur.	mm	Source	18	18
nikkeli	ug/l	Source	8	8
nikkeli,virtsa	umol/l	Source	91	33
nitriitti(kval)	estimate	Source	2448	1667
nitriitti(kval)		QCOut	107	69
nitriitti(kval)		Source	14	14
nivelnesteenneutrofiilit	%	Source	10	8
nk-solujenosuus(määritettynäcd3-/cd16+/cd56+-soluina)	%	Source	665	349
nk-solujenosuus(määritettynäcd3-/cd16+/cd56+soluista)	%	Source	74	36
nk-solut(cd3-/cd16+/cd56+)	e6/l	Source	74	36
nkt-solut	%	Source	18	16
nkt-solut		Extracted	10	8
nkt-solut(cd3+,cd56+,tcrg/dnegat.lymfosyytit)	%	Source	9	8
nlt	%	Source	4461	1754
nlt		Extracted	1176	432
nlt		Source	234	166
nollanäyte	mmol/l	Source	24	23
non-hdl		Extracted	28299	22042
non-hdl		Source	37674	27426
non-hdl(paasto)		Extracted	6004	4927
non-hdl-kolesteroli	mmol/l	Source	1341	1272
non-hdl-kolesteroli(-non-hdl)	mmol/l	Source	432	409
non-hdl-kolesteroli,paastoplasma	mmol/l	Source	492	490
non-hdl-kolesteroli,plasma	mmol/l	Source	412	412
non-hdlvv65		Extracted	27	27
normetanefriini	nmol/l	Source	42	42
normetanefriini,osatutkimus2338	nmol/l	Source	12	8
normetanefriini,seerumi	nmol/l	Source	65	61
normetanefriini,vuorokausivirtsa	umol/l	Source	8	8
normetanefriiniseerumista	nmol/l	Source	77	61
ns-eos		Extracted	26	25
ns-eos		Source	89	89
ns-eosinofiilit		Extracted	12	12
ns-neut		Source	55	55
ns-neutrofiilit		Extracted	12	12
nst	%	Source	3290	1260
nst		Extracted	1118	406
nst		Source	267	170
nt		Source	18	14
nt,niskaturvotus		Extracted	11	11
nt,niskaturvotus		Source	75	75
nt-		Extracted	772	724
nt-		Source	2405	2000
nt-b-sikiö		Extracted	29	29
nt-b-sikiö		Source	19	19
nt-probnp	ng/l	Source	14	11
ntkmom		Extracted	9398	7629
ntkmom		Source	11270	8745
ntkmom(b)		Extracted	29	29
ntkmom(b)		Source	19	19
ntmomk2		Source	6	6
ntmomk2,2.-sikiö		Source	8	8
nu-5c-porf	nmol/l	Source	38	16
nu-5c-porf		Extracted	8	7
nu-6c-porf	nmol/l	Source	16	8
nu-7c-porf	nmol/l	Source	55	24
nu-7c-porf		Extracted	16	8
nu-alb	ug/min	Source	442	311
nu-alb		Extracted	1512	1027
nu-alb-12h	ug/min	Source	13	13
nu-alb-mi	mg/12h	Source	12	12
nu-alb-mi	ug/min	Source	154	120
nu-alb-mi		Extracted	50	36
nu-albkre	mg/mmol	Source	438	433
nu-albkre		Extracted	830	561
nu-albkrea	mg/mmol	Source	11439	6637
nu-albkrea		Extracted	9489	5933
nu-albumiini	ug/min	Source	6	6
nu-albumiininjakreatiniininsuhde	mg/mmol	Source	8	8
nu-dala	umol/l	Source	31	29
nu-gluk	mmol/12h	Source	17	16
nu-kporf1	nmol/l	Source	74	38
nu-kporf1		Extracted	21	11
nu-kporf3	nmol/l	Source	74	38
nu-kporf3		Extracted	21	11
nu-osmol	mosm/kgh2o	Source	30	29
nu-osmol		Extracted	10	9
nu-pbg	umol/l	Source	29	28
nu-uporf1	nmol/l	Source	72	37
nu-uporf1		Extracted	21	11
nu-uporf3	nmol/l	Source	48	20
nu-uporf3		Extracted	12	8
nudt15-geeninnukleotidivariaatiot,dna-tutkimus		Extracted	18	18
nurminata	u/ml	Source	16	16
näköseula		Extracted	151	138
näköseula		Source	48	45
o2-pros	%	Source	7	7
o2-virt		Extracted	155	133
ohra,heinä	u/ml	Source	8	8
ohra,heinä		Extracted	6	6
ohra,ruoka	u/ml	Source	20	19
oksalaatti,vrk-virtsa	umol/24h	Source	6	6
oleiinihappo	%	Source	314	254
oma,pvk+t	e12/l	Source	7	6
oma,pvk+t	e9/l	Source	8	7
oma-astma		Extracted	22	20
oma-astma		Source	15	15
oma-b-fid	mg/l	Source	15	15
oma-b-fid		Extracted	109	103
oma-b-fidd	mg/l	Source	393	349
oma-b-hb	g/l	Source	613	434
oma-b-hb		Extracted	267	178
oma-b-keto-o		Source	12	10
oma-ca++(kalsiumioni)epoc	1	Source	156	121
oma-ca++(kalsiumioni)epoc		Source	105	82
oma-ca++epoc		Source	154	123
oma-chco3-(karbonaatti)epoc	1	Source	137	108
oma-chco3-(karbonaatti)epoc		Source	93	75
oma-chco3-epoc		Source	125	100
oma-chgb(hemoglobiini)epoc	1	Source	147	117
oma-chgb(hemoglobiini)epoc		Source	102	80
oma-chgbepoc		Source	148	117
oma-cl-(kloridi)epoc	1	Source	153	118
oma-cl-(kloridi)epoc		Source	104	81
oma-cl-epoc		Source	148	117
oma-cp-glu	mmol/l	Source	7	7
oma-cp-glu		Extracted	169	135
oma-cp-keto-o		Source	54	43
oma-crp	mg/l	Source	1347	729
oma-crp		Extracted	12944	7577
oma-crp		Source	8732	3150
oma-crp-pi		Extracted	1195	638
oma-crp-pi		Source	80	74
oma-crp-pika		Extracted	1057	537
oma-crp-pika		Source	261	202
oma-ekg		Source	10	10
oma-fp-glu		Extracted	454	191
oma-fp-glu		Source	82	66
oma-fp-gluk		Extracted	7	6
oma-fp-gluk		Source	1642	414
oma-ghb-a1		Extracted	853	428
oma-ghb-a1		Source	203	111
oma-ghb-a1c		Extracted	646	325
oma-ghb-a1c		Source	536	239
oma-ghba1c		Extracted	41	21
oma-ghba1c2		Extracted	6	6
oma-glu(glukoosi)epoc	1	Source	156	121
oma-glu(glukoosi)epoc		Source	105	82
oma-gluepoc		Source	153	121
oma-gluk	mmol/l	Source	52	28
oma-gluk		Extracted	1031	518
oma-gluk		Source	17457	2510
oma-hb		Extracted	1182	702
oma-hb		Source	4858	1867
oma-hb-a1c		Extracted	71	40
oma-hb-a1c		Source	144	58
oma-hba1c		Extracted	1499	598
oma-hba1c		Source	845	275
oma-hcg-o		Extracted	17	14
oma-hcg-o		Source	10	10
oma-hct(hematokriitti)epoc	1	Source	148	118
oma-hct(hematokriitti)epoc		Source	102	80
oma-hctepoc		Source	147	116
oma-inr		Extracted	4013	268
oma-inr		Source	2155	147
oma-inr-pi		Extracted	940	83
oma-inr-pika		Extracted	98	14
oma-inr-pika		Source	106	35
oma-k		Extracted	21	21
oma-k		Source	64	59
oma-k+(kalium)epoc	1	Source	157	122
oma-k+(kalium)epoc		Source	105	82
oma-k+epoc		Source	155	122
oma-kat		Extracted	19	18
oma-keto		Extracted	17	17
oma-keto		Source	63	42
oma-keto-o		Source	46	25
oma-kol		Extracted	199	111
oma-kol		Source	139	71
oma-kreaepoc	1	Source	150	117
oma-kreaepoc		Source	246	173
oma-lac(laktaatti)epoc	1	Source	155	120
oma-lac(laktaatti)epoc		Source	104	81
oma-lacepoc		Source	148	116
oma-laktaa		Extracted	6	6
oma-laktaatti		Source	8	8
oma-na		Extracted	21	21
oma-na		Source	64	59
oma-na+(natrium)epoc	1	Source	159	123
oma-na+(natrium)epoc		Source	106	83
oma-na+epoc		Source	156	123
oma-p-crp		Extracted	1588	1074
oma-p-crp		Source	7437	3991
oma-p-gluk		Extracted	1556	744
oma-p-gluk		Source	3169	1071
oma-p-tnt		Extracted	220	158
oma-pco2(hiilidioksidiosapaine)epoc	1	Source	160	122
oma-pco2(hiilidioksidiosapaine)epoc		Source	105	82
oma-pco2epoc		Source	152	119
oma-phepoc	1	Source	160	121
oma-phepoc		Source	256	182
oma-po2(happiosapaine)epoc	1	Source	159	122
oma-po2(happiosapaine)epoc		Source	104	81
oma-po2epoc		Source	152	119
oma-pt-ekg		Source	373	236
oma-tnt		Extracted	18	17
oma-tnt		Source	68	45
oma-trop-2		Extracted	15	13
oma-trop-2		Source	117	82
oma-troponiini		Source	27	21
oma-u-tutk,u-alb		Extracted	15	9
oma-u-tutk,u-alb		Source	120	112
oma-u-tutk,u-alb-o		Extracted	557	414
oma-u-tutk,u-alb-o		Source	48	41
oma-u-tutk,u-eryt		Extracted	19	13
oma-u-tutk,u-eryt		Source	121	113
oma-u-tutk,u-eryt-o		Extracted	553	418
oma-u-tutk,u-eryt-o		Source	57	48
oma-u-tutk,u-gluk		Extracted	15	10
oma-u-tutk,u-gluk		Source	121	113
oma-u-tutk,u-gluk-o		Extracted	658	479
oma-u-tutk,u-gluk-o		Source	55	46
oma-u-tutk,u-keto-o		Extracted	640	468
oma-u-tutk,u-keto-o		Source	54	45
oma-u-tutk,u-leuk		Extracted	23	16
oma-u-tutk,u-leuk		Source	121	113
oma-u-tutk,u-leuk-o		Extracted	591	440
oma-u-tutk,u-leuk-o		Source	57	48
oma-u-tutk,u-nitr		Source	121	113
oma-u-tutk,u-nitr-o		Extracted	630	464
oma-u-tutk,u-nitr-o		Source	56	47
oma-u-tutk,u-ph		Extracted	2229	1272
oma-u-tutk,u-ph		Source	164	151
omaastmat		Extracted	134	109
omaastmatesti		Extracted	153	145
omab-fibriinind-dimeerit	mg/l	Source	49	47
omab-keto		Extracted	13	12
omahemoglobiini	g/l	Source	52	49
omap-crp-pika	1	Source	33	27
omap-crp-pika		Source	21	20
omap-troponiinit		Extracted	43	35
omaverenketoaineet	1	Source	8	7
omaverenketoaineet		Source	8	7
omega3-rasvahappojenkokonaismäärä	%	Source	315	255
omega6-rasvahappojenkokonaismäärä	%	Source	315	255
omega6/omega3suhdeluku		Extracted	9	7
omega6/omega3suhdeluku		Source	317	257
omena	u/ml	Source	9	9
omgluk-r1	mmol/l	Source	28	26
osmolaliteetinestimaatti	mosm/kgh2o	Source	5733	3841
osmolaliteetti	mosm/kgh2o	Source	49	32
osmolaliteetti(laskennallinen)	mosm/kgh2o	Source	9	6
osmolaliteetti,estimoitu	mosm/kgh2o	Source	7	6
osmolaliteetti,seerumi	mosm/kgh2o	Source	122	92
osmolaliteetti,seerumista	mosm/kgh2o	Source	84	63
osmolaliteetti,virtsa	mosm/kgh2o	Source	310	256
osmolaliteetti,virtsasta	mosm/kgh2o	Source	185	146
osmolaliteetti,virtsasta,partikkelinlaskijalla,osatutk.	mosm/kgh2o	Source	203	124
osmolaliteettiestimoitu	mosm/kgh2o	Source	212	162
osmolaliteettiestimoitu	mosm/l	Source	51	44
ottotapa	h	Source	452	304
ovomukoidi	u/ml	Source	9	9
ovomukoidi,igevasta-aineet,seerumista	u/ml	Source	6	6
p-aboabag	titre	Source	187	19
p-aboabam	titre	Source	310	133
p-aboabbg	titre	Source	81	29
p-aboabbm	titre	Source	207	143
p-acth	ng/l	Source	9958	6273
p-acth	pmol/l	Source	7	7
p-acth		Extracted	289	255
p-acth,oik	ng/l	Source	43	11
p-acth,per	ng/l	Source	48	8
p-acth,vas	ng/l	Source	48	8
p-adam13	%	Source	291	199
p-adamts13,aktiivisuus	%	Source	43	18
p-adrenokortikotropiini	ng/l	Source	363	297
p-afos	u/l	Source	2452549	302825
p-afos		Extracted	179424	71291
p-afos		Source	67	57
p-afos-pa	u/l	Source	23	22
p-afxaapi	ug/l	Source	883	542
p-afxaedo	ng/ml	Source	20	12
p-afxariv	ug/l	Source	251	218
p-akorsol	nmol/l	Source	124	114
p-aktuaalinenbikarbonaatti	mmol/l	Source	1248	651
p-alaniiniaminotransferaasi	u/l	Source	56147	21984
p-alaniiniaminotransferaasi		Extracted	550	309
p-alaniiniaminotransferaasi		Source	10	9
p-alaniiniaminotransferaasi,paikallisanalytiikka,kuivakemia	u/l	Source	508	422
p-alat	u/l	Source	4339401	409416
p-alat	umol/l	Source	23	19
p-alat		Extracted	483686	118839
p-alat		Source	285	231
p-alat-pa	u/l	Source	37	36
p-alat.	u/l	Source	896	626
p-alb	g/l	Source	870401	172286
p-alb		Extracted	50838	29120
p-alb		Source	704	651
p-albumiini	g/l	Source	7305	3926
p-albumiini(p-alb)	g/l	Source	76	73
p-aldos	pmol/l	Source	977	789
p-aldos		Extracted	8	8
p-alkaalinenfosfataasi	u/l	Source	218	147
p-alkalinenfosfataasi	u/l	Source	26327	9379
p-alkalinenfosfataasi		Source	6	6
p-alkalinenfosfataasi,paikallisanalytiikka,kuivakemia	u/l	Source	332	289
p-amyl	u/l	Source	342833	127011
p-amyl		Extracted	25879	17791
p-amyl		Source	23	21
p-amyl-pa	u/l	Source	18	17
p-amyl.	u/l	Source	60	54
p-amylaasi	u/l	Source	1557	1080
p-amylaasi,haimaperäinen	u/l	Source	2841	1627
p-amylaasi,paikallisanalytiikka,kuivakemia	u/l	Source	250	222
p-amylp	u/l	Source	91217	36907
p-amylp		Extracted	5279	4126
p-anca	titre	Source	14	9
p-angap	mmol/l	Source	4593	2525
p-angap.	mmol/l	Source	17	16
p-anti-a-isoagglutiniinitiitteri,igm	titre	Source	30	28
p-anti-b-isoagglutiniinitiitteri,igm	titre	Source	30	28
p-antifactorix-aktiivisuus(hep.estovaikutusak	iu/ml	Source	94	43
p-antifactorix-aktiivisuus(hepariininestovaik)	iu/ml	Source	12	8
p-antifaktorix-ak.(frag.hepar.estovaikut)	u/ml	Source	37	14
p-antifaktorix-aktiivisuus	iu/ml	Source	39	15
p-antifaktorix-aktiivisuus	u/ml	Source	29	14
p-antifxa	iu/ml	QCOut	13789	4248
p-antifxa	u/ml	QCOut	10807	3642
p-antifxa		QCOut	10857	3497
p-antifxa3	iu/ml	Source	53	15
p-antirtombiiniiii(trombot-paketti)	%	Source	18	18
p-antitro	%	Source	48	47
p-antitro		Extracted	74	71
p-antitrombiiniiii	%	Source	230	175
p-antitrombiiniiii(huslab)	%	Source	34	34
p-antitrombiiniiii,huslab	%	Source	10	10
p-antitrombiiniiii,päivystys	%	Source	36	35
p-apcres	form	Source	14	14
p-apcres		Extracted	69	69
p-apcres		Source	150	148
p-apcres.	form	Source	64	61
p-apcres.		Extracted	757	715
p-apcres.		Source	2333	2137
p-apob/a1		Extracted	7	7
p-apob/a1		Source	112	110
p-aptaika	s	Source	136	121
p-aptaika		Extracted	11	11
p-aptt	s	Source	143489	65406
p-aptt		Extracted	1772	1550
p-aptt		Source	34	33
p-aptt.	s	Source	828	761
p-aptt.		Extracted	27	27
p-apttm/m		Source	83	74
p-apttspr	s	Source	145	137
p-apttspr		Extracted	33	30
p-areninm	mu/l	Source	6	6
p-areninm		Extracted	19	19
p-asat	u/l	Source	444748	133332
p-asat	umol/l	Source	215	149
p-asat		Extracted	20811	13531
p-asat		Source	605	430
p-asetoni	mmol/l	Source	171	126
p-aspartaattiaminotransferaasi	u/l	Source	7786	4815
p-aspartaattiaminotransferaasi		Extracted	25	17
p-aspartaattiaminotransferaasi		Source	12	11
p-aspartaattiaminotransferaatti	u/l	Source	20	16
p-at-jatk	%	Source	63	51
p-at3	%	Source	33346	11765
p-at3	form	Source	18	17
p-at3		Extracted	360	339
p-at3		Source	22	22
p-at3-ag	%	Source	7	7
p-at3-hus	%	Source	12	12
p-at3-hus		Extracted	9	9
p-at3-spr	%	Source	330	314
p-at3-spr		Extracted	117	115
p-at3.	%	Source	4827	4357
p-at3.		Extracted	214	206
p-at3/spr	%	Source	61	58
p-at3/trt	%	Source	6	6
p-at3ag	%	Source	53	45
p-at3ag		Extracted	8	8
p-at3hus		Extracted	6	6
p-at3spr	%	Source	55	53
p-b-12-vitamiini	pmol/l	Source	302	293
p-b12-bc	pmol/l	Source	129	126
p-b12-bc		Extracted	12	12
p-b12-tc2	pmol/l	Source	69	66
p-b12-vit	pmol/l	QCOut	8	8
p-b12-vit	pmol/l	Source	37058	24919
p-b12-vit		Extracted	9312	7559
p-b12-vit		Source	28	28
p-b12-vitamiini	pmol/l	Source	8	8
p-b12-vitamiini(pi)	pmol/l	Source	27	23
p-b2gpabg	sgu	Source	38	30
p-b2gpabg	u/ml	Source	3753	3018
p-b2gpabg		Extracted	76	70
p-b2gpabm	u/ml	Source	248	205
p-b2gpabm		Extracted	17	14
p-beeta-2-glykoproteiini,igg(trombot-paketti)	u/ml	Source	22	19
p-beeta-2-glykoproteiini,iggvasta-aine	u/ml	Source	126	119
p-beta-2-glykoproteiini,vasta-aineetigg	u/ml	Source	6	6
p-bil	umol/l	Source	1372979	214498
p-bil		Extracted	45630	25347
p-bil		Source	71	54
p-bil-kj	umol/l	Source	124635	42889
p-bil-kj		Extracted	5800	4299
p-bil-l	umol/l	Source	10	7
p-bil-lap	umol/l	Source	1420	378
p-bil-vt	umol/l	Source	614	112
p-bilirubiini	umol/l	Source	14935	5194
p-bilirubiini(ko)	umol/l	Source	16	16
p-bilirubiini(pi)	umol/l	Source	12	9
p-bilirubiinikonjugaatit	umol/l	Source	1839	961
p-bilirubiinikonjugaatit(ko)	umol/l	Source	24	21
p-bk-virus,nukleiinihappo(kvant)	iu/ml	Source	56	11
p-bkvnh	iu/ml	Source	260	39
p-bkvnh	u/ml	Source	151	36
p-bkvnh		Extracted	607	94
p-bnp	ng/l	Source	88507	29683
p-bnp	ng/ml	QCOut	11	11
p-bnp		Extracted	3768	2389
p-c-pept	nmol/l	Source	1597	790
p-c-pept		Extracted	377	332
p-c-pepta	nmol/l	Source	1944	1459
p-c-pepta		Extracted	75	71
p-c-peptidi	nmol/l	Source	171	126
p-c-peptidi,proinsuliinin,aterianjälkeinen	nmol/l	Source	11	11
p-c-reaktiininenproteiini,vieritutkimus	mg/l	Source	258	176
p-c-reaktiivinenproteiini	mg/l	Source	41015	8753
p-c-reaktiivinenproteiini		Extracted	34	28
p-c-reaktiivinenproteiini		Source	61	45
p-c-reaktiivinenproteiini(kval)	mg/l	Source	298	251
p-c-reaktiivinenproteiini(kval),vieritutkimus		Source	16	16
p-c-reaktiivinenproteiini(pikanäyte)		Extracted	19	19
p-c-reaktiivinenproteiini(pikanäyte)		Source	271	223
p-c-reaktiivinenproteiini,crp	mg/l	Source	110	17
p-c-reaktiivinenproteiini,herkkä	mg/l	Source	20	19
p-c-reaktiivinenproteiini,hoitoyksikkö	1	Source	40	35
p-c-reaktiivinenproteiini,hoitoyksikkö	mg/l	Source	67	62
p-c-reaktiivinenproteiini,hoitoyksikkö		Extracted	28	25
p-c-reaktiivinenproteiini,hoitoyksikkö		Source	63	60
p-c-reaktiivinenproteiini,pikatesti		Source	1819	1130
p-c-reaktiivinenproteiini,pikatutkimus	mg/l	Source	9	9
p-c-reaktiivinenproteiini,päivystysnäyte	mg/l	Source	32	23
p-c-reaktiivinenproteiini,vieritutkimus	mg/l	Source	53	37
p-c-reaktiivinenproteiini,vieritutkimus		Extracted	15	13
p-c-reaktiivinenproteiini,vieritutkimus		Source	45	32
p-c-reaktiivinenproteiini,vieritutkimus,plasmasta	mg/l	Source	201	127
p-c-reaktiivinenproteiini,vieritutkimus,plasmasta		Extracted	19	18
p-c-reaktiivinenproteiini,vieritutkimus,plasmasta		Source	15	14
p-c-reaktiivinenproteiini.pika		Extracted	24	22
p-c-reaktiivinenproteiini.pika		Source	227	168
p-c-reaktiivinenproteiinipikahoitoyksiköt	mg/l	Source	4587	2296
p-c-reaktiivinenproteiinipikahoitoyksiköt		Extracted	389	335
p-c-reaktiivinenproteiinipikamittari		Source	255	159
p-c1-esteraasininhibiittori	g/l	Source	7	7
p-c1inh	g/l	Source	186	170
p-c1inh		Extracted	28	23
p-c1inhbk	%	Source	1419	1176
p-c1inhbk	form	Source	11	10
p-c1inhbk		Extracted	68	64
p-c1inhbk		Source	14	14
p-c1q	%	Source	36	33
p-c1qabg	u/ml	Source	84	43
p-c1qabg		Extracted	12	11
p-c3	g/l	Source	14270	8409
p-c3		Extracted	698	607
p-c3d		Extracted	10	10
p-c4	g/l	Source	13878	8195
p-c4		Extracted	652	565
p-c4d	mg/l	Source	6	6
p-c4d		QCOut	8	8
p-ca	mmol/l	Source	398612	101448
p-ca		Extracted	24911	17915
p-ca		Source	475	451
p-ca(7.4)	mmol/l	Source	23257	8841
p-ca(7.4)		Source	13	13
p-ca++hoi	mmol/l	Source	11	11
p-ca++hoi		Extracted	155	121
p-ca-albk	form	Source	75	68
p-ca-albk	mmol/l	Source	165475	61311
p-ca-albk		Extracted	18826	13364
p-ca-albk		Source	12	11
p-ca-albk(laskennallinentutkimus)	mmol/l	Source	161	138
p-ca-albk,osatutkimus(63840laskennallinentutkimus)	mmol/l	Source	51	47
p-ca-albk,p-alb	mmol/l	Source	9	7
p-ca-ion	mmol/l	Source	37103	15940
p-ca-ion		Extracted	220	140
p-ca-ion		Source	15	15
p-ca-ion.	mmol/l	Source	356672	39413
p-ca-ion.		Extracted	4212	1354
p-ca-ion.		Source	88	68
p-ca-ion:	mmol/l	Source	626	281
p-ca-iona	mmol/l	Source	404566	45532
p-ca-iona		Extracted	4518	1518
p-ca-iona		Source	63	53
p-ca12-5	u/ml	Source	29704	9667
p-ca12-5		Extracted	353	269
p-ca12-5antigeeni	u/ml	Source	689	313
p-ca15-3	u/ml	Source	16516	3939
p-ca15-3		Extracted	82	52
p-ca15-3antigeeni	u/ml	Source	454	156
p-ca19-9	u/ml	Source	27338	7826
p-ca19-9		Extracted	143	132
p-ca19-9antigeeni	u/ml	Source	705	341
p-caio7.4:	mmol/l	Source	608	277
p-caion7.4	mmol/l	Source	58	24
p-caion7.4		Source	44	30
p-cea	ug/l	Source	49240	12144
p-cea		Extracted	2762	1818
p-cea		Source	46	24
p-ck	u/l	Source	260925	120032
p-ck		Extracted	17891	12344
p-ck		Source	8	8
p-ck-mb	u/l	Source	109	100
p-ck-mb	ug/l	Source	27	27
p-ck-mb		Extracted	118	105
p-ck-mbm	ug/l	Source	69802	29673
p-ck-mbm		Extracted	7160	4673
p-ckmbm	ug/l	Source	372	292
p-ckmbm		Extracted	6	6
p-cl	mmol/l	Source	441190	56017
p-cl		Extracted	437	364
p-cl		Source	66	57
p-cl-vt	1	Source	40	27
p-cl-vt	mmol/l	Source	40	16
p-cl-vt		Extracted	28	14
p-cl:	mmol/l	Source	616	280
p-clhoi	mmol/l	Source	161	125
p-cmvnh	iu/ml	Source	7076	1219
p-cmvnh	u/ml	Source	1466	268
p-cmvnh		Extracted	2598	549
p-cmvnh		Source	32	20
p-crp	mg/l	Source	3909217	320356
p-crp		Extracted	327082	78044
p-crp		Source	2193	1112
p-crp,herkkä	mg/l	Source	70	55
p-crp-hoi	mg/l	Source	1173	336
p-crp-hy	mg/l	Source	6913	4012
p-crp-hy		Extracted	1083	737
p-crp-hy		Source	1242	819
p-crp-hy,osoitushoitoyksikössä	mg/l	Source	611	438
p-crp-o	mg/l	Source	29537	16334
p-crp-o		Extracted	7286	4660
p-crp-o		Source	1816	1206
p-crp-oma	mg/l	Source	1613	702
p-crp-p	mg/l	Source	188	124
p-crp-p		Extracted	51	50
p-crp-p		Source	712	400
p-crp-poc	mg/l	Source	281	142
p-crp-poc		Extracted	58	44
p-crp-poc		Source	80	56
p-crp-pt	mg/l	Source	28	23
p-crp-päi	mg/l	Source	122	92
p-crp-v	mg/l	Source	33	32
p-crp-vt	mg/l	Source	6868	3235
p-crp-vt		Extracted	729	425
p-crp-vt		Source	2410	1836
p-crp.	mg/l	Source	761	332
p-crp/pik	mg/l	Source	3425	2088
p-crp/pik		Extracted	66	52
p-crp/pika	mg/l	Source	5634	2510
p-crphoi	mg/l	Source	6213	3180
p-crphoi		Extracted	50	47
p-crphoi		Source	175	142
p-crpos	mg/l	Source	380	229
p-crppika	mg/l	Source	947	656
p-crppika		Extracted	25	24
p-crppika		Source	759	399
p-crpvieri	mg/l	Source	16	13
p-cu	umol/l	Source	220	197
p-cu		Extracted	60	36
p-cytomegalovirus,nukleiinihappo(kvant)	iu/ml	Source	49	11
p-cytomegalovirus,nukleiinihappo,(kvant)	iu/ml	Source	102	19
p-cytomegalovirus,nukleiinihappo,kvantitatiivi	iu/ml	Source	93	14
p-d-25	nmol/l	Source	55698	35179
p-d-25		Extracted	38077	21908
p-d-25		Source	27	24
p-d-25-oh	nmol/l	Source	21	17
p-d-vitamiini-25-oh	nmol/l	Source	1605	1484
p-d-vitamiini-25-oh		Extracted	8	8
p-dabi-ta	ug/l	Source	121	75
p-digoks	nmol/l	Source	889	307
p-digoks		Extracted	126	63
p-drvvt		Source	7	7
p-dvitamiini-25-oh	nmol/l	Source	28	25
p-ebvnh	gekv/ml	Source	464	104
p-ebvnh	iu/ml	Source	730	240
p-ebvnh	u/ml	Source	673	226
p-einr	inr	Source	2707	90
p-etanoli	g/l	Source	9	6
p-etanoli	promille	Source	155	118
p-etgly	mmol/l	Source	298	227
p-etoh	g/l	Source	50	37
p-etoh	mmol/l	Source	769	564
p-etoh	promille	Source	3768	2252
p-etoh	promillea	Source	167	131
p-etoh		Extracted	17	16
p-etprom	promille	Source	26	21
p-etyleeniglykoli	mmol/l	Source	27	26
p-f8paiv	%	Source	213	60
p-fakb	g/l	Source	120	114
p-fakb		Extracted	25	24
p-fakbb		Extracted	7	7
p-fe	umol/l	Source	2840	1754
p-fe		Extracted	489	366
p-ferrit	ug/l	Source	414832	136411
p-ferrit		Extracted	65256	32331
p-ferrit		Source	22	9
p-ferritiini	ug/l	Source	10171	6335
p-ferritin	ug/l	Source	95	59
p-fgf23	kru/l	Source	27	17
p-fibr	g/l	Source	38558	13841
p-fibr		Extracted	1216	745
p-fibr		Source	16	16
p-fibr.	g/l	Source	791	727
p-fibr.		Extracted	57	57
p-fibrag	g/l	Source	29	17
p-fibriinidimeerit	mg/l	Source	364	336
p-fibriinidimeerit,pika	mg/l	Source	15	13
p-fibriinind-dimeeri,vieritutkimus	mg/l	Source	11	8
p-fibriinind-dimeerit	mg/l	Source	974	852
p-fibriinind-dimeerit(kval)	mg/l	Source	56	50
p-fibriinind-dimeerit(kval),vieritutkimus		Extracted	8	8
p-fibriinind-dimeerit,laskimon.vierit.lab:ssa	mg/l	Source	96	76
p-fibriinind-dimeerit,pika	mg/l	Source	36	33
p-fibriinind-dimeerit,pikatesti	mg/l	Source	16	13
p-fibriinind-dimeerit,pikatutkimus	mg/l	Source	18	17
p-fibriinind-dimeerit,vieritestihoitoyksikössä	mg/l	Source	10	10
p-fibriinind-dimeerit,vieritestihoitoyksikössä		Extracted	6	6
p-fibriinind-dimeerit,vieritutkimus	mg/l	Source	8	8
p-fibriinind-dimeeritpika,hoitoyksiköt	mg/l	Source	86	84
p-fibriinind-dimeeritpika,hoitoyksiköt		Extracted	54	53
p-fibrinogeeni	g/l	Source	108	89
p-fibrinogeeni(huslab)	g/l	Source	8	8
p-fibrspr	g/l	Source	137	132
p-fibrspr		Extracted	34	31
p-fid-hy		Extracted	42	40
p-fid-hy		Source	27	26
p-fidd	mg/l	Source	116814	65720
p-fidd		Extracted	11796	9463
p-fidd		QCOut	47	45
p-fidd		Source	264	230
p-fidd(vieri)		Source	46	44
p-fidd,osoitus	mg/l	Source	17	17
p-fidd,osoituspika		Source	11	10
p-fidd,t		Extracted	42	37
p-fidd,tk		Source	281	250
p-fidd-hoi	mg/l	Source	8	8
p-fidd-hoi		Extracted	15	13
p-fidd-hy	mg/l	Source	119	114
p-fidd-hy		Extracted	41	39
p-fidd-lb	mg/l	Source	808	613
p-fidd-o	form	Source	49	46
p-fidd-o	mg/l	Source	13692	11090
p-fidd-o		Extracted	603	502
p-fidd-o		Source	67	64
p-fidd-opi		Source	41	37
p-fidd-os		Extracted	27	25
p-fidd-ospkl	mg/l	Source	12	11
p-fidd-p	mg/l	Source	7	7
p-fidd-po	mg/l	Source	7	7
p-fidd-poc	mg/l	Source	13	11
p-fidd-vt	mg/l	Source	618	498
p-fidd-vt		Extracted	114	106
p-fidd-vt		Source	78	76
p-fiddhoi	mg/l	Source	17	17
p-fiddhoi		Extracted	17	16
p-fiddosoitus	mg/l	Source	107	104
p-fiddp	mg/l	Source	33	20
p-fiddpik	mg/l	Source	310	275
p-fiddviitasaari	mg/l	Source	6	6
p-fii	%	Source	876	787
p-fii		Extracted	92	87
p-fii		Source	26	26
p-fix	%	Source	1415	1088
p-fix		Extracted	48	44
p-follikkeliastimuloivahormoni	u/l	Source	511	454
p-follikkeliastimuloivahormoni(pi)	u/l	Source	9	9
p-fosfaatti,epäorgaaninen	mmol/l	Source	436	122
p-fpsa	ug/l	Source	27	27
p-fs	s	Source	318	270
p-fs-mix		Source	81	73
p-fsh	u/l	Source	8372	6344
p-fsh		Extracted	1935	1629
p-fsl	s	Source	1808	1477
p-fsl		Extracted	26	22
p-fsl-aptt	s	Source	9	9
p-fsl-mix		Source	198	174
p-fsl/fs		Source	313	267
p-fv	%	Source	6898	2891
p-fv		Extracted	137	124
p-fv		Source	21	21
p-fvab		Source	20	16
p-fvii	%	Source	1813	1549
p-fvii		Extracted	125	112
p-fvii		Source	23	23
p-fviii	%	Source	4772	3427
p-fviii	form	Source	7	7
p-fviii		Extracted	315	264
p-fviii		Source	21	20
p-fviii.	%	Source	28713	11057
p-fviii.		Extracted	489	427
p-fviiiab	bu/ml	Source	28	13
p-fviiic	%	Source	13	12
p-fviiiis	%	Source	74	58
p-fviiikr	%	Source	124	28
p-fviiire	%	Source	249	39
p-fviiire	form	Source	23	6
p-fviiit	%	Source	361	145
p-fviiit		Extracted	12	11
p-fvpaiv	%	Source	14	11
p-fx	%	Source	911	780
p-fx		Extracted	97	89
p-fx		Source	24	24
p-fxi	%	Source	395	291
p-fxi		Extracted	10	10
p-fxii	%	Source	366	279
p-fxii		Extracted	11	10
p-fxiii	%	Source	2084	1172
p-fxiii		Extracted	112	104
p-fxiii		Source	24	24
p-fxiii.	%	Source	813	746
p-fxiii.		Extracted	22	22
p-gammagt	u/l	Source	46	32
p-gfr-kre	ml/min/173m2	Source	23	23
p-gfr-kre		Extracted	18	15
p-gfr-kre		Source	112	55
p-gfreepi	ml/min/173m2	Source	6373	1067
p-gfreepi		Source	1209	489
p-gfrtest		Extracted	1165	583
p-glkg	ng/l	Source	358	206
p-glkg		Extracted	55	27
p-glu/0	mmol/l	Source	1831	1314
p-glu/0		Extracted	11	11
p-glu/1h	mmol/l	Source	684	451
p-glu/2h	mmol/l	Source	1812	1306
p-glu/2h		Extracted	15	15
p-glu/30m	mmol/l	Source	228	213
p-gluc	mmol/l	Source	904	448
p-gluc-vt		Source	23	19
p-gluk	mmol	Source	468	374
p-gluk	mmol/l	Source	1187644	241245
p-gluk		Extracted	34387	23571
p-gluk		Source	561	444
p-gluk(2	mmol/l	Source	18	14
p-gluk,tk		Extracted	3899	1864
p-gluk,tk		Source	3391	1821
p-gluk-0	mmol/l	Source	264	197
p-gluk-0h	mmol/l	Source	761	548
p-gluk-0h		Source	8	8
p-gluk-1	mmol/l	Source	42	29
p-gluk-1h	mmol/l	Source	403	262
p-gluk-1h		Source	155	86
p-gluk-1t	mmol/l	Source	167	104
p-gluk-2	mmol/l	Source	57	40
p-gluk-2h	mmol/l	Source	887	651
p-gluk-2h		Extracted	54	47
p-gluk-2h		Source	171	105
p-gluk-2t	mmol/l	Source	462	316
p-gluk-2t		Extracted	6	6
p-gluk-a2	mmol/l	Source	1481	1210
p-gluk-a2		Extracted	255	208
p-gluk-hoi		Extracted	26	21
p-gluk-o	mmol/l	Source	1304	483
p-gluk-o		Extracted	128	47
p-gluk-o		Source	9	9
p-gluk-om		Extracted	26	25
p-gluk-oma		Extracted	82	57
p-gluk-p	mmol/l	Source	31	25
p-gluk-pa	mmol/l	Source	6	6
p-gluk-po	mmol/l	Source	820	282
p-gluk-po		Extracted	88	63
p-gluk-pt	mmol/l	Source	42	41
p-gluk-sn	mmol/l	Source	1252	343
p-gluk-vt	1	Source	40	27
p-gluk-vt	mmol/l	Source	2048	1376
p-gluk-vt		Extracted	1921	1037
p-gluk-vt		Source	1391	542
p-gluk-vt/0m	mmol/l	Source	27	20
p-gluk.	mmol/l	Source	752	269
p-gluk.		Source	27	23
p-gluk/120	mmol/l	Source	95	82
p-gluk/120		Source	28	23
p-gluk/1h	mmol/l	Source	60	48
p-gluk/2h	mmol/l	Source	204	186
p-gluk/2h		Source	15	12
p-gluk/60	mmol/l	Source	58	48
p-gluk/60		Source	17	13
p-gluk0	mmol/l	Source	205	181
p-gluk0		Extracted	79	72
p-gluk0		Source	50	36
p-gluk0h	mmol/l	Source	69	61
p-gluk120	mmol/l	Source	1667	1154
p-gluk120		Extracted	63	51
p-gluk120,osatutk.		Extracted	56	49
p-gluk1h	mmol/l	Source	181	129
p-gluk1h		Source	38	27
p-gluk2h	mmol/l	Source	92	78
p-gluk2h	mmoll/l	Source	169	114
p-gluk2h		Extracted	61	59
p-gluk2h		Source	68	51
p-gluk2t	mmol/l	Source	13	13
p-gluk60	mmol/l	Source	933	606
p-gluk60		Extracted	39	34
p-gluk60,osatutk.		Extracted	28	22
p-gluk60`	mmol/l	Source	7	6
p-gluk:	mmol/l	Source	627	281
p-glukgr2	mmol/l	Source	33	31
p-glukgr3	mmol/l	Source	33	31
p-glukhoi	mmol/l	Source	279	193
p-glukhoi		Extracted	379	291
p-glukoma	mmol/l	Source	17	16
p-glukoosi	mmol/l	Source	9345	5655
p-glukoosi		Extracted	80	54
p-glukoosi		Source	21	21
p-glukoosi,0-näyte	mmol/l	Source	21	19
p-glukoosi,120min-näyterasituksessa	mmol/l	Source	10	9
p-glukoosi,2h	mmol/l	Source	36	28
p-glukoosi,2hnäyte	mmol/l	Source	8	8
p-glukoosi,2tuntiaaterianjälkeen	mmol/l	Source	125	118
p-glukoosi,60min-näyterasituksessa	mmol/l	Source	7	6
p-glukoosi,hoitoyksikkötekee		Extracted	17	12
p-glukoosi,laboratorio,poc	mmol/l	Source	31	26
p-glukoosi,paikallisanalytiikka,kuivakemia	mmol/l	Source	165	152
p-glukoosi,pikamittari		Source	6	6
p-glukoosi,plasma	mmol/l	Source	32	18
p-glukoosi,potilas	mmol/l	Source	14	14
p-glukoosi,toimintakokeissa,1h	mmol/l	Source	126	93
p-glukoosi,toimintakokeissa,2h	mmol/l	Source	240	197
p-glukoosi,toimntakokeissa0m	mmol/l	Source	242	199
p-glukoosi,vieritutkimus	1	Source	29	15
p-glukoosi,vieritutkimus	mmol/l	Source	206	156
p-glukoosi,vieritutkimus		Extracted	46	34
p-glukoosi,vieritutkimus		Source	8	7
p-glukoosi,vieritutkimus(cit1000)	mmol/l	Source	18	16
p-glukoosi120	mmol/l	Source	20	20
p-glukoosi2h	mmol/l	Source	53	46
p-glukoosipikahoitoyksiköt	mmol/l	Source	241	160
p-glukoosipikahoitoyksiköt		Extracted	373	270
p-glukoosipotilaanomallamittarilla	mmol/l	Source	44	43
p-glukoosirasitus,0-näyte	mmol/l	Source	99	85
p-glukoosirasitus,0-näyte		Extracted	13	13
p-glukoosirasitus,120minnäyte	mmol/l	Source	194	178
p-glukoosirasitus,120minnäyte		Extracted	13	13
p-glukoosirasitus,60minnäyte	mmol/l	Source	66	53
p-glukoosirasitus,60minnäyte		Extracted	6	6
p-glukoosivieritestimittarilla		Extracted	14	10
p-glukoosivieritestimittarilla		Source	30	23
p-glukp	mmol/l	Source	174	170
p-glukpik	mmol/l	Source	200	134
p-glukpik		Source	18	17
p-glukpika	mmol/l	Source	19	19
p-glukpoc	mmol/l	Source	957	449
p-glukpoc		Extracted	1562	715
p-glukr0h	mmol/l	Source	535	344
p-glukr1h	mmol/l	Source	466	281
p-glukr2h	mmol/l	Source	1601	1280
p-glukr2h		Source	44	44
p-glutamyyliransferaasi,paikallisanalytiikka,kuivakemia	u/l	Source	168	154
p-glutamyylitransferaasi	u/l	Source	5833	3942
p-glutamyylitransferaasi		Extracted	11	10
p-gluveka	mmol/l	Source	1581	551
p-gt	mg/ml	Source	8	8
p-gt	u/l	Source	716550	230901
p-gt		Extracted	101194	45532
p-gt		Source	1920	1199
p-gt-pa	u/l	Source	12	12
p-happamuusaste		Source	29	27
p-happamuusaste(ionis.ca)		Extracted	22410	8169
p-happamuusaste(ionis.ca)		Source	4746	3198
p-haptog	g/l	Source	18301	11196
p-haptog		Extracted	1821	1584
p-haptoglobiini	g/l	Source	2101	1731
p-haptoglobiini		Extracted	6	6
p-hb	g/l	Source	34	22
p-hb	mg/l	Source	8492	1487
p-hb		Extracted	106	97
p-hb		Source	278	221
p-hcg	iu/l	Source	859	385
p-hcg	u/l	Source	11637	5226
p-hcg		Extracted	803	505
p-hcg,pika-hcg	u/l	Source	15	11
p-hcg-tot	iu/l	Source	3736	1882
p-hcg-tot		Extracted	1197	858
p-hco3	mmol/l	Source	267727	30586
p-hco3		Extracted	584	330
p-hcvnh	iu/ml	Source	198	143
p-hcvnh		Extracted	21	19
p-hcvnhty	iu/ml	Source	13	13
p-hcvnhty		Source	150	135
p-hcyst	umol/l	Source	4294	3090
p-hcyst		Extracted	198	175
p-he4	pmol/l	Source	2502	1864
p-hemoglobiini	mg/l	Source	12	12
p-hepyabg	eiu	Source	24	24
p-hiv1nh	u/ml	Source	1500	416
p-hivirus1,nukleiinihappo(kvant)	u/ml	Source	9	7
p-homokysteiini	umol/l	Source	31	24
p-homokysteiini,homokys	umol/l	Source	14	10
p-hs-crp	mg/l	Source	1315	501
p-hs-crp		Extracted	12	7
p-hstni	ng/l	Source	3261	1194
p-hyytymistekijäix	%	Source	23	22
p-hyytymistekijäv	%	Source	26	24
p-hyytymistekijävii	%	Source	15	15
p-hyytymistekijäviii	%	Source	189	157
p-hyytymistekijäviii(huslab)	%	Source	7	7
p-hyytymistekijäviii(t)	%	Source	108	38
p-hyytymistekijäviii,c	%	Source	12	10
p-hyytymistekijäviii.	%	Source	131	93
p-hyytymistekijäxiii	%	Source	21	20
p-hyytymistekijäxiii(huslab)	%	Source	6	6
p-iga	g/l	Source	52529	33986
p-iga		Extracted	9336	7996
p-iga		Source	7	7
p-ige	u/ml	Source	5461	4212
p-ige		Extracted	231	227
p-igg	g/l	Source	73214	24774
p-igg		Extracted	3709	2750
p-igg		Source	26	9
p-igm	g/l	Source	38211	20044
p-igm		Extracted	2450	2032
p-igm		Source	10	10
p-il2r	u/ml	Source	7227	2819
p-il2r		Extracted	23	22
p-il6	ng/l	Source	643	463
p-il6		Extracted	114	110
p-il8	ng/l	Source	36	29
p-immunoglobuliinia	g/l	Source	202	179
p-immunoglobuliinig	g/l	Source	564	325
p-immunoglobuliinim	g/l	Source	246	195
p-inr	form	Source	229	25
p-inr	inr	Source	73171	7185
p-inr	ng	Source	382	38
p-inr		Extracted	386279	19031
p-inr		QCOut	12	11
p-inr		Source	707986	33420
p-inr(pikamittari)		Extracted	479	69
p-inr-avh		Source	244	145
p-inr-hy		Extracted	6338	282
p-inr-hy		Source	13890	479
p-inr-hy,hoitoyksikkö	1	Source	460	53
p-inr-hy,hoitoyksikkö		Source	311	55
p-inr-hy,osoitushoitoyksikössä		Source	89	6
p-inr-o		Extracted	594	470
p-inr-o		Source	73	70
p-inr-oma		Extracted	192	28
p-inr-oma		Source	154	36
p-inr-pi		Source	2836	113
p-inr-pik	inr	Source	8	7
p-inr-pik		Extracted	1714	74
p-inr-pika	%	Source	829	62
p-inr-pika		Extracted	38	24
p-inr-pika		Source	2961	118
p-inr-poc	inr	Source	11	7
p-inr-poc		Extracted	203	30
p-inr-poc		Source	81	33
p-inr-pt	inruikk	Source	96	33
p-inr-pt		Source	81	16
p-inr-vt	inr	Source	1439	970
p-inr-vt		Extracted	3092	229
p-inr-vt		Source	5394	1274
p-inrhoi		Source	67	26
p-inrhoit		Extracted	10	8
p-inrhoit		Source	373	29
p-inrosoitus		Extracted	120	96
p-inrpika		Extracted	16	13
p-inrpika		Source	2481	1915
p-inrviitasaari	inr	Source	98	18
p-insu	mu/l	Source	452	164
p-insu		Extracted	58	48
p-insu60	mu/l	Source	54	14
p-interleukiini-2:nreseptori,liukoinen	u/ml	Source	41	31
p-interleukiini6	ng/l	Source	15	15
p-ipro	mmol/l	Source	297	228
p-isopropanoli	mmol/l	Source	28	27
p-jgluk	mmol/l	Source	101	100
p-k	mmol/l	Source	6736995	412757
p-k	mmol/mol	Source	148	130
p-k		Extracted	700550	140447
p-k		Source	386	330
p-k-hoi	mmol/l	Source	15	13
p-k-pa	mmol/l	Source	197	166
p-k-pika	mmol/l	Source	30	30
p-k-pt	mmol/l	Source	367	240
p-k-ses	mmol/l	Source	571	149
p-k-veka	mmol/l	Source	22023	7623
p-k-veka		Extracted	97	84
p-k-veka		Source	13	13
p-k-vieri	mmol/l	Source	99	84
p-k-vt	1	Source	40	27
p-k-vt	mmol/l	Source	2199	1103
p-k-vt		Extracted	1216	665
p-k-vt		Source	188	73
p-k.	mmol/l	Source	1513	743
p-k:	mmol/l	Source	625	280
p-kalium	mmol/l	Source	106850	33554
p-kalium	mmol/mol	Source	162	132
p-kalium		Extracted	363	286
p-kalium,paikallisanalytiikka,kuivakemia	mmol/l	Source	2353	1304
p-kalium,pikatutkimus(emmlisännyt)	mmol/l	Source	57	44
p-kalium,vieritutkimus	mmol/l	Source	228	143
p-kalium,vieritutkimus		Extracted	49	38
p-kalium,vieritutkimus		Source	9	9
p-kaliumpikahoitoyksiköt	mmol/l	Source	88	80
p-kaliumpikahoitoyksiköt		Extracted	230	165
p-kalsium	mmol/l	Source	5504	4244
p-kalsium(p-ca)	mmol/l	Source	76	73
p-kalsium,alb.korjattu	mmol/l	Source	1368	1212
p-kalsium,albumiinikorjattu	mmol/l	Source	8637	6504
p-kalsium,albumiinikorjattu,plasmasta	mmol/l	Source	29	25
p-kalsium,albumiinikorjattu,plasmasta		Source	50	41
p-kalsium,albumiinikorjattukalsium	mmol/l	Source	7	7
p-kalsium,ionisoitunut	mmol/l	Source	11149	4229
p-kalsium,ionisoitunut,aktuaalinen	mmol/l	Source	1282	688
p-kalsium,ionisoitunut,ph7.4korjattu	mmol/l	Source	33	29
p-kalsium,ionisoitunutpika,hoitoyksiköt	mmol/l	Source	44	36
p-kalsium,ionisoitunutpika,hoitoyksiköt		Extracted	209	147
p-kalsium,plasma(ko)	mmol/l	Source	38	35
p-kalsium-ioni,aktuaali	mmol/l	Source	14960	4960
p-kalsiumioni,aktuaali	mmol/l	Source	878	383
p-kardabg	gpl	Source	1024	894
p-kardabg	u/ml	Source	4429	3480
p-kardabg		Extracted	219	184
p-kardabg		Source	18	17
p-kardabm	mpl	Source	1054	899
p-kardabm	u/ml	Source	11	11
p-kardabm		Extracted	73	62
p-kardiolipiini,iggvasta-aineet	u/ml	Source	185	158
p-kardiolipiini,iggvasta-aineet,plasmasta	u/ml	Source	56	52
p-kardiolipiini-iggvasta-aineet(fosfolipidi,igg-	u/ml	Source	8	8
p-karsinoembryonaalinenantigeeni(pi)	ug/l	Source	6	6
p-ked.	mmol/l	Source	344	12
p-khoi	mmol/l	Source	47	47
p-khoi		Extracted	242	195
p-kjd.	mmol/l	Source	160	9
p-kloridi	mmol/l	Source	148	115
p-kloridi,vierilaitteella	mmol/l	Source	38	25
p-kloridipika,hoitoyksiköt	mmol/l	Source	238	161
p-ko-hdl	mmol/l	Source	298	275
p-kol	mmol/l	Source	235312	117062
p-kol		Extracted	63554	34727
p-kol		Source	36	35
p-kol-hdl	mmol/l	Source	221234	112948
p-kol-hdl		Extracted	61103	33327
p-kol-hdl		Source	38	36
p-kol-hdlviitasaar	mmol/l	Source	99	97
p-kol-ldl	mmol/l	Source	340811	137165
p-kol-ldl		Extracted	76303	39853
p-kol-ldl		Source	43	41
p-kolesteroli	mmol/l	Source	6602	5171
p-kolesteroli,hdl	mmol/l	Source	243	225
p-kolesteroli,highdensitylipoproteiinit	mmol/l	Source	3597	3009
p-kolesteroli,ldl	mmol/l	Source	471	424
p-kolesteroli,lowdensitylipoproteiinit	mmol/l	Source	7255	5330
p-kolesteroli-hdl	mmol/l	Source	86	74
p-kolesteroli-ldl	mmol/l	Source	132	100
p-kolkvot		Source	13	12
p-kolviitasaari	mmol/l	Source	99	97
p-komplementtic1q,vasta-aineet	u/ml	Source	6	6
p-kopept	pmol/l	Source	857	679
p-kopept		Extracted	126	119
p-kopeptiini	pmol/l	Source	8	8
p-kor/0	nmol/l	Source	22	19
p-kor/30	nmol/l	Source	20	17
p-kor/60	nmol/l	Source	14	14
p-kor/dxm	nmol/l	Source	120	113
p-kor120m	nmol/l	Source	25	19
p-koriongonadotropiini	u/l	Source	262	140
p-koriongonadotropiini,ihmisen	u/l	Source	273	172
p-koriongonadotropiini,totaali	iu/l	Source	95	52
p-koriongonadotropiini,totaali,plasmasta	u/l	Source	38	27
p-koriongonadotropiini;ihmisen	u/l	Source	11	6
p-kors-0m	nmol/l	Source	33	26
p-kors-9h	nmol/l	Source	211	186
p-kors-9h		Extracted	9	9
p-kors30m	nmol/l	Source	33	26
p-kors60m	nmol/l	Source	25	19
p-korsol	nmol/l	Source	51414	22605
p-korsol		Extracted	2443	1859
p-korsol		Source	62	28
p-korsol.	nmol/l	Source	102	94
p-kortisoli	nmol/l	Source	396	322
p-kortisoli(pi)	nmol/l	Source	16	15
p-kp	mmol/l	Source	346	110
p-kpika	mmol/l	Source	302	229
p-krea	ml/min/173m2	Source	185	124
p-krea	mmol/l	Source	7	7
p-krea	uml/l	Source	122	104
p-krea	umol	Source	1295	373
p-krea	umol/l	Source	7087385	406716
p-krea		Extracted	596372	123647
p-krea		Source	664	499
p-krea(gf	umol/l	Source	14	11
p-krea(gf		Extracted	19	19
p-krea(gfre)	umol/l	Source	92	63
p-krea+gfr,p-krea	umol/l	Source	5035	713
p-krea+gfr,p-krea		Extracted	7	6
p-krea+gfr,pt-gfre	ml/min/173m2	Source	4245	664
p-krea+gfr,pt-gfre-md	ml/min/173m2	Source	501	259
p-krea+gfr,pt-gfre-md		Extracted	7	6
p-krea+gfrviitasaar,p-krea	umol/l	Source	258	171
p-krea+gfrviitasaar,pt-gfre	ml/min/173m2	Source	274	180
p-krea,osatutki4600	umol/l	Source	503	150
p-krea,osatutkimus	umol/l	Source	713	244
p-krea-hoi	umol/l	Source	15	13
p-krea-pa	umol/l	Source	349	263
p-krea-pt	umol/l	Source	367	240
p-krea-vie		Extracted	12	12
p-krea-vieri		Source	59	53
p-krea-vt	1	Source	40	27
p-krea-vt	mmol/l	Source	44	35
p-krea-vt	umol/l	Source	2804	1386
p-krea-vt		Extracted	420	171
p-krea-vt		Source	329	141
p-krea.	umol/l	Source	1719	861
p-kreaed	umol/l	Source	227	11
p-kreahoi	umol/l	Source	282	229
p-kreajd	umol/l	Source	153	8
p-kreap	umol/l	Source	344	109
p-kreapik	umol/l	Source	311	238
p-kreapika	umol/l	Source	38	38
p-kreatiini,vieritutkimus	umol/l	Source	33	21
p-kreatiini,vieritutkimus		Source	9	8
p-kreatiinikinaasi	u/l	Source	2764	1961
p-kreatiinikinaasi,läh.ksks	u/l	Source	7	6
p-kreatiinikinaasi,mb-alayksikkö,massa	ug/l	Source	92	79
p-kreatiinikinaasi,plasmasta	u/l	Source	34	26
p-kreatiniini	umol/l	Source	116933	38268
p-kreatiniini		Extracted	1169	437
p-kreatiniini		Source	41	33
p-kreatiniini,paikallisanalytiikka,kuivakemia	umol/l	Source	1411	839
p-kreatiniini,paikallisanalytiikka,kuivakemiap-kreatiniini,paikallisanalytiikka,kuivakemia	umol/l	Source	760	412
p-kreatiniini,pika	umol/l	Source	6	6
p-kreatiniini,pikatutkimus(emmlisännyt)	umol/l	Source	56	43
p-kreatiniini,vieritutkimus	umol/l	Source	190	120
p-kreatiniini,vieritutkimus		Extracted	41	32
p-kreatiniini-vt	umol/l	Source	6	6
p-kreatiniini-vt		Source	204	149
p-kreatiniinipikahoitoyksiköt	umol/l	Source	321	220
p-kreatiniinitykslab	umol/l	Source	933	841
p-kreatiniinitykslab(osat.)	umol/l	Source	111	110
p-kreatiniinitykslab(sis.gfreepi)	umol/l	Source	476	457
p-kretiniini,vierilaitteella	umol/l	Source	7	7
p-kupari	umol/l	Source	83	80
p-kupari		Extracted	60	58
p-kysc	mg/l	Source	52851	11109
p-kysc		Extracted	2558	1549
p-kystatiinic	mg/l	Source	417	283
p-la1	s	Source	1058	917
p-la1		Extracted	26	22
p-la1-mix		Source	143	125
p-la1-rvtt	s	Source	8	8
p-la1/la2		Extracted	10	8
p-la1/la2		Source	491	402
p-la2	s	Source	494	404
p-la2		Extracted	8	6
p-la2-mix		Source	71	66
p-laite	ug/l	Source	106	85
p-laktaat	mmol/l	Source	21546	7393
p-laktaat		Extracted	8	6
p-laktaat		Source	41	33
p-laktaatti	mmol/l	Source	11611	4521
p-laktaattidehydrogenaasi	u/l	Source	3272	1025
p-laktaattipikahoitoyksiköt	mmol/l	Source	58	51
p-laktaattipikahoitoyksiköt		Extracted	222	162
p-lakthoi	mmol/l	Source	31	31
p-lakthoi		Extracted	228	188
p-lakveka	mmol/l	Source	1581	550
p-lam/m		Source	75	69
p-ld	u/l	Source	215599	48608
p-ld		Extracted	5715	3367
p-ld		Source	180	91
p-ldl-kolesteroli,lipidit,eipaasto	mmol/l	Source	43	43
p-ldl-kolesteroli,suoramittaus	mmol/l	Source	77	71
p-ldllaskennallinen	mmol/l	Source	654	608
p-lh	u/l	Source	4717	3575
p-lh		Extracted	926	779
p-lh/fsh		Extracted	278	260
p-lh/fsh		Source	613	527
p-lh:njafsh:nsuhde		Extracted	79	76
p-lh:njafsh:nsuhde		Source	17	17
p-lipoa1	g/l	Source	136	130
p-lipob	g/l	Source	137	129
p-lipob		Extracted	24	23
p-lipoproteiini,apoa1	g/l	Source	56	33
p-lipoproteiini,apob	g/l	Source	59	33
p-lipoproteiini,apob/apoa1-suhde		Source	33	33
p-luakptt	form	Source	7	6
p-luakptt	ratio	Source	1258	1066
p-luakptt		Extracted	420	395
p-luakptt		Source	1532	1392
p-luakrvv	form	Source	7	6
p-luakrvv	ratio	Source	1256	1065
p-luakrvv		Extracted	415	389
p-luakrvv		Source	1511	1372
p-luakrvw		Source	17	16
p-luakrw		Source	10	9
p-lupakptt	ratio	Source	10	10
p-lupdrvvt	ratio	Source	10	10
p-lupusak	form	Source	9	9
p-lupusak		QCOut	12	11
p-lupusak.		QCOut	171	124
p-lupusantikoagulantti		QCOut	7	6
p-lupusantikoagulantti,aptt	ratio	Source	13	11
p-lupusantikoagulantti,dptt	ratio	Source	13	11
p-luteinisoivahormoni	u/l	Source	198	175
p-lutenisoivahormoni	u/l	Source	30	29
p-magnesium	mmol/l	Source	1759	958
p-magnesium(ko)	mmol/l	Source	8	8
p-magnesium,plasmasta	mmol/l	Source	12	10
p-mb/ck		Extracted	116	103
p-mb/ck		Source	62	57
p-meoh	mmol/l	Source	316	242
p-metanef	nmol/l	Source	14	14
p-metanefriini	nmol/l	Source	10	8
p-metnef	nmol/l	Source	49	39
p-mg	mmol/l	Source	247648	65739
p-mg		Extracted	11958	6958
p-mg		Source	6	6
p-mitotan	mg/l	Source	265	16
p-myogl	ug/l	Source	34478	14984
p-myogl		Extracted	715	554
p-myoglobiini	ug/l	Source	462	293
p-mypa	mg/l	Source	1690	375
p-mypa		Extracted	43	22
p-mypa		Source	15	10
p-na	mmol/	Source	14	12
p-na	mmol/l	Source	6700201	413476
p-na		Extracted	615080	124560
p-na		Source	251	223
p-na-hoi	mmol/l	Source	15	13
p-na-pa	mmol/l	Source	200	168
p-na-pika	mmol/l	Source	31	31
p-na-pt	mmol/l	Source	367	240
p-na-ses	mmol/l	Source	454	141
p-na-veka	mmol/l	Source	22025	7620
p-na-veka		Extracted	99	86
p-na-veka		Source	13	13
p-na-vieri	mmol/l	Source	100	84
p-na-vt	1	Source	40	27
p-na-vt	mmol/l	Source	2849	1389
p-na-vt		Extracted	473	211
p-na-vt		Source	282	104
p-na.	mmol/l	Source	1467	727
p-na:	mmol/l	Source	621	280
p-naed.	mmol/l	Source	306	11
p-nahoi	mmol/l	Source	289	235
p-najd.	mmol/l	Source	154	8
p-nap	mmol/l	Source	342	109
p-napika	mmol/l	Source	305	229
p-natrium	mmol/l	Source	106413	33754
p-natrium		Extracted	10	6
p-natrium,paikallisanalytiikka,kuivakemia	mmol/l	Source	2324	1296
p-natrium,pikatutkimus(emmlisännyt)	mmol/l	Source	58	44
p-natrium,vieritutkimus	mmol/l	Source	232	145
p-natrium,vieritutkimus		Extracted	41	32
p-natrium,vieritutkimus		Source	13	12
p-natriumpika,hoitoyksiköt	mmol/l	Source	325	219
p-natriureett.peptidin-termin.propept.vieritl	ng/l	Source	118	81
p-natriureettinenpeptidi	ng/l	Source	29	21
p-natriureettinenpeptidi,b-tyypin(32-)	ng/l	Source	37	32
p-natriureettinenpeptidi,b-tyypin(32-)(pi)	ng/l	Source	14	14
p-natriureettinenpeptidi,b-tyypinn-termin.prop	ng/l	Source	80	65
p-natriureettinenpeptidi,b-tyypinn-termin.prop.	ng/l	Source	20	11
p-natriureettinenpeptidi,b-tyypinn-terminaalin	ng/l	Source	4678	2312
p-natriureettinenpeptidi,b-tyypinn-terminaalinenpropepti(ko)	ng/l	Source	19	18
p-natriureettinenpeptidi,b-tyypinn-terminaalinenpropeptidi	ng/l	Source	19	18
p-natriureettinenpeptidi,b-tyypinn-terminaalinenpropeptidivieritutkimus	ng/l	Source	6	6
p-natriureettinenpeptidi,b-tyypinterminaalinenpropeptidi	ng/l	Source	76	63
p-natriureettinenpeptidi,b-tyypn-term.propeptidi	ng/l	Source	1366	960
p-nest-vt		Extracted	11	11
p-nest-vt		Source	9	7
p-neste-pika,p-k		Source	241	120
p-neste-pika,p-krea		Source	237	118
p-neste-pika,p-na		Source	242	120
p-nestearvot,vieritutkimus		Source	9	9
p-neurofilamentti,kevytketju	ng/l	Source	7	7
p-nfl	ng/l	Source	79	70
p-ngal	ug/l	Source	31	28
p-ngal		Source	15	6
p-nh4-ion	umol/l	Source	1290	449
p-nh4-ion		Extracted	138	60
p-non-hdl		Extracted	327	327
p-noradr	nmol/l	Source	7	7
p-normet	nmol/l	Source	47	29
p-normetanefriini,plasmasta	nmol/l	Source	13	8
p-ntprobnp	ng/l	Source	1429	409
p-ohbut	mmol/l	Source	56	38
p-ohbut		Extracted	12	12
p-ohbutyr	mmol/l	Source	1034	385
p-ohbutyr		Extracted	19	17
p-okorsol	nmol/l	Source	206	113
p-omagluk	mmol/l	Source	254	205
p-omagluk		Extracted	1183	814
p-omagluk		Source	29	27
p-oreninm		Extracted	19	19
p-osmol	mosm/kgh2o	Source	493	279
p-osmol		Extracted	508	420
p-osmol		Source	60	55
p-osmolaliteetti	mosm/kgh2o	Source	35	32
p-pbnp-lb	ng/l	Source	1243	583
p-pbnp-o	ng/l	Source	223	165
p-pc	%	Source	7136	6450
p-pc	form	Source	12	11
p-pc		Extracted	581	559
p-pc		Source	18	18
p-pc-ag	%	Source	16	16
p-pct	ng/ml	Source	1499	842
p-pct	ug/l	Source	23099	11880
p-pct		Extracted	1867	1154
p-pct		Source	47	32
p-pctpika	ug/l	Source	141	108
p-pegtsh	mu/l	Source	19	15
p-pepsin1	ug/l	Source	37	37
p-pepsin1/pepsin2-suhde		Extracted	65	65
p-pepsin2	ug/l	Source	14	14
p-pg1/pg2		Extracted	17	15
p-pg1/pg2		Source	190	187
p-ph		Extracted	2502	1944
p-ph		Source	5125	2765
p-pi	mmol/l	Source	179614	26569
p-pi		Extracted	6621	3060
p-plasmanalbumiinikorjattukalsium	mmol/l	Source	19	19
p-plasmanneurofilamentti,kevytketju	ng/l	Source	15	13
p-plasmanneurofilamentti,kevytketju		Extracted	88	86
p-posturea	mmol/l	Source	1583	157
p-posturea		Extracted	144	67
p-pp	pmol/l	Source	84	37
p-prbnp-vt	ng/l	Source	20	16
p-prbnpvt	ng/l	Source	110	94
p-prbnpvt		Source	27	15
p-pre-urea	mmol/l	Source	338	35
p-prealb	g/l	Source	17703	9998
p-prealb	mg/l	Source	180	156
p-prealb		Extracted	1522	1097
p-prealb		QCOut	271	225
p-prealbumiini	g/l	Source	1203	864
p-preurea	mmol/l	Source	2928	178
p-preurea		Extracted	327	105
p-prl	mu/l	Source	8542	5165
p-prl	nmol/l	Source	16	12
p-prl		Extracted	1914	1482
p-pro-bnp	ng/l	Source	715	262
p-proaika	s	Source	388	52
p-probnp	ng/l	Source	317468	102335
p-probnp		Extracted	41685	21319
p-probnp		Source	78	70
p-probnp(	ng/l	Source	22	19
p-probnp(k	ng/l	Source	199	145
p-probnp(ksks)	ng/l	Source	593	297
p-probnp(pi)	ng/l	Source	14	13
p-probnp(pika)	ng/l	Source	103	61
p-probnp-o	ng/l	Source	8	7
p-probnp-osoitus	ng/l	Source	37	30
p-probnp-p	ng/l	Source	7	6
p-probnp-pika	ng/l	Source	22	19
p-probnpv	ng/l	Source	13	9
p-probnpviitasaari	ng/l	Source	10	9
p-probnpvt	ng/l	Source	196	86
p-progly	mmol/l	Source	285	220
p-prokalsitoniini	ng/ml	Source	100	76
p-prokalsitoniini	ug/l	Source	1920	1203
p-prokalsitoniini,kvantitatiivinen	ug/l	Source	107	82
p-prolaktiini	mu/l	Source	361	311
p-prop	%	Source	139	135
p-properdiini	%	Source	16	15
p-propyleeniglygoli	mmol/l	Source	21	21
p-prostataspesifantigeeni,sms-viestillätulos	ug/l	Source	344	110
p-prostataspesifinenantigeeni	ug/l	Source	5953	3990
p-prostataspesifinenantigeeni		Source	9	9
p-prostataspesifinenantigeeni(pi)	ug/l	Source	78	54
p-prostataspesifinenantigeeni,kokonais	ug/l	Source	725	569
p-prostataspesifinenantigeeni,suh.sis.paketin	%	Source	20	19
p-prostataspesifinenantigeeni,suhde	%	Source	1189	821
p-prostataspesifinenantigeeni,suhde,plasmasta	%	Source	306	256
p-prostataspesifinenantigeeni,vapaa	ug/l	Source	844	720
p-prostataspesifinenantigeeni,vapaa,osuus	%	Source	204	169
p-prostataspesifinenantigeeni,vapaa:totaali-suhde	%	Source	19	15
p-prostataspesifinenantigeeni,vapaajakokonais	ug/l	Source	12	12
p-prostataspesifinenantigeeniv/t	%	Source	9	7
p-prostataspesifinenantigeenivapaanjakok.psa:	%	Source	185	146
p-prot	g/l	Source	378	193
p-protc	%	Source	164	162
p-protc		Extracted	50	50
p-proteiinic	%	Source	150	146
p-proteiinis,antigeeni,vapaa	%	Source	110	106
p-proteiinis,antigeeni,vapaa,plasmasta	%	Source	26	26
p-proteiinis,vapaa,antigeeni	%	Source	14	14
p-protrom	%	Source	6	6
p-protrombiini	%	Source	8	8
p-ps	%	Source	1641	1573
p-ps		Extracted	303	295
p-ps		Source	22	22
p-ps-ag	%	Source	10	10
p-ps-agv	%	Source	5677	5076
p-ps-agv	form	Source	7	6
p-ps-agv		Extracted	347	326
p-psa	ug/l	Source	353553	81980
p-psa		Extracted	85243	31016
p-psa		Source	472	278
p-psa,leikattupotilas	ug/l	Source	641	185
p-psa,sädehoidettupotilas		Extracted	893	206
p-psa-i	%	Source	188	101
p-psa-suh	%	Source	93796	29667
p-psa-suh	form	Source	1063	372
p-psa-suh	ratio	Source	8	8
p-psa-suh	ug/l	Source	252	133
p-psa-suh		Extracted	20581	9482
p-psa-suh		Source	3743	1102
p-psa-suhd	%	Source	15	13
p-psa-t	ug/l	Source	11084	2276
p-psa-v	form	Source	7	7
p-psa-v	ug/l	Source	112760	40954
p-psa-v		Extracted	38731	16260
p-psa-v		Source	6	6
p-psa-v/t	%	Source	590	430
p-psagen	ug/l	Source	36	31
p-psagen		Extracted	935	271
p-psaleik	ug/l	Source	163	147
p-psamob	ug/l	Source	575	171
p-psasäde	ug/l	Source	1491	327
p-psavapaanosuustotaalista	%	Source	719	577
p-pt	s	Source	184	25
p-pthrp	pmol/l	Source	105	92
p-pthrp		Extracted	19	18
p-ptt		Source	9	9
p-punasoluvasta-aineet		QCOut	175	122
p-rasuraat	umol/l	Source	153	51
p-rauta	umol/l	Source	136	88
p-reniini,konsentraatio	mu/l	Source	75	64
p-reniinm	mu/l	Source	35	30
p-reninm	mu/l	Source	7339	4722
p-reninm		Extracted	489	423
p-reumafa	iu/ml	Source	66	61
p-reumafaktori	iu/ml	Source	1339	1210
p-reumafaktori	u/ml	Source	62	61
p-reumafaktori(pi)	iu/ml	Source	9	9
p-reumafaktori,määritys	iu/ml	Source	608	558
p-reumafaktori,plasmasta	iu/ml	Source	149	143
p-reumafaktori,rf	iu/ml	Source	350	298
p-rf	iu/ml	Source	10583	8952
p-rf	u/ml	Source	823	727
p-rf		Extracted	6212	5468
p-sc5b-9	ng/ml	Source	32	32
p-se	umol/l	Source	953	426
p-se		Extracted	163	147
p-shbg	nmol/l	Source	790	465
p-shbg		Extracted	719	405
p-sinkki	umol/l	Source	37	35
p-sldl	mmol/l	Source	2968	946
p-sldl		Extracted	38	37
p-sldlviitasaari	mmol/l	Source	100	98
p-sukupuolihormonejasitovaglobuliini	nmol/l	Source	151	130
p-supar	ug/l	Source	351	287
p-sytomegalovirus,nukleiinihappo(kvant)	iu/ml	Source	29	8
p-t3-v	pmol/l	Source	73828	19867
p-t3-v		Extracted	8189	4023
p-t3-vver	pmol/l	Source	43	27
p-t3v	pmol/l	Source	30	27
p-t4-v	pmol/l	Source	904186	245214
p-t4-v		Extracted	203327	68812
p-t4-v		Source	74	63
p-t4-vver	pmol/l	Source	86	59
p-t4v	pmol/l	Source	90249	28197
p-t4v		Extracted	20617	9727
p-tati	ug/l	Source	25	24
p-tau-217	ng/l	Source	114	113
p-tau-217		Extracted	14	14
p-tau-proteiini,217-fosforyloitu	ng/l	Source	74	74
p-tau217	ng/l	Source	10	10
p-tc1	nmol/l	Source	28	28
p-tc2	nmol/l	Source	29	29
p-tffesat	%	Source	2969	1611
p-tffesat		Extracted	44	29
p-tfr	mg/l	Source	152596	68841
p-tfr		Extracted	35705	20536
p-tfr		Source	21	18
p-tkfiddo	mg/l	Source	191	146
p-tkfiddo		Extracted	152	135
p-tni	ng/l	Source	218179	55613
p-tni	ug/l	Source	25059	7728
p-tni		Extracted	2409	1474
p-tni-o	ng/l	Source	27	25
p-tni-p		Extracted	19	17
p-tni-p		Source	21	18
p-tni-vt		Extracted	13	9
p-tni-vt		Source	8	6
p-tni.	ng/l	Source	6	6
p-tni.	ug/l	Source	155	125
p-tnih	ng/l	Source	1974	1014
p-tnios	ug/l	Source	8	8
p-tnl	ng/l	Source	124	100
p-tnl	ug/l	Source	179	105
p-tnt	ng/l	Source	400470	104218
p-tnt	ug/l	Source	73	58
p-tnt		Extracted	32877	16105
p-tnt		Source	10	10
p-tnt-hoi	ng/l	Source	20	11
p-tnt-hoi		Extracted	9	6
p-tnt-hy	ng/l	Source	52	40
p-tnt-hy		Source	43	31
p-tnt-lb	ng/l	Source	160	85
p-tnt-o	form	Source	29	12
p-tnt-o	ng/l	Source	1379	829
p-tnt-o		Extracted	215	129
p-tnt-o		Source	25	23
p-tnt-pt	ng/l	Source	113	78
p-tnt-vt	ng/l	Source	1257	600
p-tnt-vt		Extracted	19	18
p-tnt-vt		Source	33	23
p-tnt/pika		Extracted	11	11
p-tnthoi	ng/l	Source	11	9
p-tntp	ng/l	Source	19	11
p-tntpika	ng/l	Source	53	43
p-tntpika		Source	13	12
p-tpoab	iu/ml	Source	10	8
p-tpoab	u/ml	Source	2613	2187
p-tpoab		Extracted	790	739
p-traa	%	Source	13	12
p-tradp	%	Source	13	12
p-traihus	s	Source	15	15
p-traihus		Extracted	16	16
p-traika	s	Source	153	147
p-traika		Extracted	40	40
p-transferriininkyllästymisaste	%	Source	95	77
p-transferriininrautakyllästeisyys	%	Source	288	228
p-transferriininrautakyllästeisyys,fp-fe/tr,fp-fe/tran,fp-fe/trans	%	Source	627	423
p-transferriininreseptori,liukoinen	mg/l	Source	36	31
p-transferriinireseptori	mg/l	Source	1449	928
p-transferriinireseptori,liukoinen	mg/l	Source	1328	1065
p-transferriinireseptori,liukoinen(pi)	mg/l	Source	12	9
p-transferriinisaturaatio	%	Source	8	7
p-trigly	mmol/l	Source	219531	112741
p-trigly		Extracted	60058	33053
p-trigly		Source	32	31
p-triglyseridit	mmol/l	Source	3818	3211
p-trijodityroniini,vapaa	pmol/l	Source	637	364
p-trijodityroniini,vapaa(pi)	pmol/l	Source	15	7
p-trijodityroniini,vapaa,plasmasta	pmol/l	Source	505	231
p-trkoll	%	Source	8	7
p-trombai	s	Source	30542	12958
p-trombai		Extracted	186	170
p-trombai		Source	7	7
p-trombai.	s	Source	29	29
p-trombiiniaika	s	Source	111	92
p-trombiiniaika		Source	6	6
p-trombiiniaika(huslab)	s	Source	41	41
p-trombiiniaika(p-trombot-paketti)	s	Source	25	24
p-trombiiniaikahuslab	s	Source	6	6
p-tromboblastiiniaika	%	Source	559	385
p-tromboblastiiniaika(vuotot-paketti)	%	Source	20	20
p-tromboplastiiniaika	%	Source	2769	1788
p-tromboplastiiniaika		Source	364	61
p-tromboplastiiniaika,-tulostus	%	Source	36	19
p-tromboplastiiniaika,-tulostushuslab	%	Source	6	6
p-tromboplastiiniaika,aktivoitu,partiaalinen	s	Source	1686	1275
p-tromboplastiiniaika,aktivoitu,partiaalinen(huslab)	s	Source	8	8
p-tromboplastiiniaika,inr	inr	Source	45	25
p-tromboplastiiniaika,inr		Source	264	72
p-tromboplastiiniaika,inr,tt		Extracted	9455	1190
p-tromboplastiiniaika,inr-tulos	1	Source	5842	638
p-tromboplastiiniaika,inr-tulos	inr	Source	6341	1844
p-tromboplastiiniaika,inr-tulos		Source	8119	872
p-tromboplastiiniaika,inr-tulostus	1	Source	64	8
p-tromboplastiiniaika,inr-tulostus	inr	Source	92	28
p-tromboplastiiniaika,inr-tulostus		Extracted	1248	183
p-tromboplastiiniaika,inr-tulostus		Source	37134	6005
p-tromboplastiiniaika,inr-tulostus,pikatutkimus	inruikk|	Source	43	35
p-tromboplastiiniaika,inr-tulostus,pikatutkimus	inruikkã¶	Source	45	34
p-tromboplastiiniaika,inr-tulostus,vieritutkimus	inr	Source	112	104
p-tromboplastiiniaika,inr-tulostus,vieritutkimus		Extracted	81	23
p-tromboplastiiniaika,inr-tulostus,vieritutkimus		Source	82	13
p-tromboplastiiniaika,inrtulostus		Source	201	25
p-tromboplastiiniaika,normotest	%	Source	70	63
p-tromboplastiiniaika,nycotest,pt,inr-tuloste	inr	Source	89	6
p-tromboplastiiniaika,plasmasta	%	Source	11	10
p-tromboplastiiniaika,thrombotest(huslab)	%	Source	40	40
p-tromboplastiiniaika-pika,inrpika-tulos		Extracted	331	312
p-tromboplastiiniaika-pika,inrpika-tulostus		Source	10	10
p-tromboplastiiniaika.	%	Source	40	39
p-tromboplastiiniaikainr-tulos,vieritutkimus		Extracted	17	9
p-tromboplastiiniaikainr-tulos,vieritutkimus		Source	42	36
p-troponiini	ng/l	Source	51	43
p-troponiini-t	ng/l	Source	13	11
p-troponiinii	ng/l	Source	7299	3444
p-troponiinii,herkkä	ng/l	Source	455	304
p-troponiinit	ng/l	Source	9142	4471
p-troponiinit(kval)	ng/l	Source	42	32
p-troponiinit,kvantitatiivinen	ng/l	Source	1302	573
p-troponiinit,pikatutkimus	ng/l	Source	56	31
p-troponiinit,vieritesti	ng/l	Source	95	61
p-troponiinit,vieritutkimus	ng/l	Source	29	20
p-troponiinit,vieritutkimus		Extracted	8	6
p-troponiinit,vieritutkimus,plasmasta		Source	30	20
p-troponiinit:nosoituskoe	ng/l	Source	50	45
p-troponiinitpika,hoitoyksiköt	ng/l	Source	26	24
p-troptkon	ng/l	Source	14	12
p-troptkone	ng/l	Source	9	6
p-trristo	%	Source	12	11
p-trtrap	%	Source	10	9
p-tsh	miu/l	Source	32583	9286
p-tsh	mlu/l	Source	4705	1285
p-tsh	mu/l	Source	1315115	310808
p-tsh		Extracted	344038	111114
p-tsh		Source	68	62
p-tsh-ong	mu/l	Source	267	215
p-tsh/0	mu/l	Source	10	10
p-tsh/20	mu/l	Source	10	10
p-tsh/60	mu/l	Source	10	10
p-tsh1:10		Extracted	33	33
p-tsh1:10		Source	85	83
p-tsh1:2		Extracted	29	29
p-tsh1:2		Source	93	91
p-tsh1:5		Extracted	36	36
p-tsh1:5		Source	86	84
p-tsheri	mu/l	Source	81	61
p-tsheri2	mu/l	Source	15	10
p-tshmääritykseenvaikuttavienhäiriötekijöidenselvitys	mu/l	Source	91	84
p-tshrefl		Source	10	10
p-tshver	mu/l	Source	42	41
p-tt	%	Source	465481	109795
p-tt	form	Source	20	19
p-tt		Extracted	5990	3944
p-tt		Source	33	33
p-tt-	%	Source	1432	250
p-tt-hus	%	Source	15	14
p-tt-hus		Extracted	10	10
p-tt-in		Source	39	19
p-tt-inr	1	Source	23	9
p-tt-inr	form	Source	24198	751
p-tt-inr	inr	Source	339705	49267
p-tt-inr		Extracted	468683	59224
p-tt-inr		Source	558030	94396
p-tt-inr-o		Extracted	91	48
p-tt-inr-o		Source	108	66
p-tt-inrp	inr	Source	16	10
p-tt-inrp		Extracted	162	21
p-tt-inrp		Source	19	12
p-tt-inrqc	inr	Source	767	157
p-tt-inrqc		Extracted	245	67
p-tt-spa	%	Source	443	394
p-tt-spa		Extracted	94	91
p-tt-spa		Source	19	19
p-tt-spr	%	Source	510	463
p-tt-spr		Extracted	86	79
p-tt.	%	Source	5602	4956
p-tt.		Extracted	225	216
p-tthus		Extracted	6	6
p-ttinrsp	inr	Source	476	442
p-ttinrsp		Extracted	90	83
p-ttinrspr	inr	Source	6	6
p-ttr	%	Source	1114	419
p-ttr		Source	9	8
p-ttspr	%	Source	66	60
p-tyreoideaperoksidaasi,vasta-aineet	u/ml	Source	48	44
p-tyreotropiini	miu/l	Source	327	188
p-tyreotropiini	mu/l	Source	31675	20568
p-tyreotropiini		Extracted	361	204
p-tyreotropiini(ko)	mu/l	Source	218	167
p-tyreotropiini(ko)		Extracted	18	14
p-tyreotropiini(pi)	mu/l	Source	170	132
p-tyreotropiini,plasmasta,erimenetelmällä	mu/l	Source	25	17
p-tyreotropiini,plasmastaerimenetelmällä		Extracted	13	6
p-tyroksiini,vapaa	pmol/l	Source	27695	17673
p-tyroksiini,vapaa(ko)	pmol/l	Source	214	153
p-tyroksiini,vapaa(pi)	pmol/l	Source	114	88
p-uraat	mmol/l	Source	2892	1310
p-uraat	umol/l	Source	226132	81025
p-uraat		Extracted	37306	20440
p-uraat		Source	31	31
p-uraatlä	umol/l	Source	48	12
p-uraatti	umol/l	Source	6898	4531
p-uraatti,plasma(umol/l)	umol/l	Source	182	101
p-uraatti,rasburikaasihoidonyhteydessä	umol/l	Source	41	15
p-uraattiviitasaar	umol/l	Source	10	9
p-urarasb	umol/l	Source	371	123
p-urat	umol/l	Source	177	95
p-urea	mmol/l	Source	168276	23469
p-urea		Extracted	5607	1831
p-urea,10mindialyysinjälkeen	mmol/l	Source	136	29
p-urea,dialyysinjälkeen	mmol/l	Source	74	11
p-urea,ennendialyysiä	mmol/l	Source	139	29
p-urea,resirkulaatio	mmol/l	Source	200	66
p-urea-de	mmol/l	Source	1912	94
p-urea-dj	mmol/l	Source	7327	683
p-urea-dj		Extracted	83	51
p-urea-ed	mmol/l	Source	731	83
p-urea-jd	mmol/l	Source	699	82
p-ureaed	mmol/l	Source	233	35
p-ureajd	mmol/l	Source	213	34
p-varmtr	s	Source	1482	1152
p-varmtt	%	Source	1488	1154
p-veriryhmävasta-aineet,seulonta		QCOut	37	24
p-vip	pmol/l	Source	28	22
p-viskos	mpas	Source	210	116
p-viskos		Extracted	163	110
p-viskositeetti	mpas	Source	34	10
p-vkorsol	nmol/l	Source	160	114
p-vonwillebrand-tekijä,aktiivisuus(t)	%	Source	122	33
p-vonwillebrand-tekijä,antigeeni	%	Source	23	22
p-vonwillebrand-tekijä,antigeeni(vuotot-paketti)	%	Source	6	6
p-vonwillebrandtekijä,aktiivisuus(gpibsitout)	%	Source	15	14
p-vprobnp	ng/l	Source	109	46
p-vrab-0		QCOut	37	21
p-vrab-o		QCOut	185	112
p-vreninm	mu/l	Source	7	7
p-vreninm		Extracted	19	19
p-vwf-ag	%	Source	3315	1668
p-vwf-ag		Extracted	86	75
p-vwf-ak	%	Source	8	8
p-vwf-akt	%	Source	4338	2308
p-vwf-akt		Extracted	66	59
p-vwf-akt		Source	14	14
p-vwf-aktt	%	Source	211	130
p-vwf-aktt		Extracted	24	18
p-vwf-fl	%	Source	10	6
p-vwfcb	%	Source	98	67
p-vwfpaiv	%	Source	150	39
p-vwfrco	%	Source	35	33
p-vwfrco		Extracted	56	44
p-vwfrco		Source	11	10
p-zn	umol/l	Source	3557	2227
p-zn		Extracted	238	203
p.-trombai	s	Source	5471	4867
p.-trombai		Extracted	198	190
p.-trombiiniaika	s	Source	15	15
p.-trombiiniaika(vuotot-paketti)	s	Source	20	20
p2y12-inhibitioprosenttiverif	%	Source	25	14
p2y12-reseptoriestonseuranta		Source	6	6
p2y12-reseptoriestonseuranta(vasp)	%	Source	11	11
p2y12-reseptoriestonseuranta(vasp),veri	%	Source	19	19
p2y12-vastetulosverifynow-lai	pru	Source	25	14
pa-amyl	u/l	Source	181	85
paastoplasmankalsium-ioni,aktuaali	mmol/l	Source	757	388
paastoplasmanph		Source	174	114
paastoseeruminkalsium-ioni.	mmol/l	Source	575	385
paastoseeruminkalsium-ioni.aktuaali	mmol/l	Source	371	166
paastoseeruminkalsium.ioni.aktuaali	mmol/l	Source	1089	557
paastoseeruminph		Source	1457	721
paino	kg	Source	2621	430
paino		Source	8	8
painom	kg	Source	167	149
painonmitt	kg	Source	2013	1948
painonmuutoskg	kg	Source	2551	356
pakettib-hba1c	mmol/mol	Source	35	35
pakettib-hba1c		Extracted	11	10
pakettib-la	mm/h	Source	16	16
pakettib-la		Extracted	21	20
pakettib-perusverenkuvajatrombosyytit,paketti	form	Source	37	36
pakettifs-kreatiniini	umol/l	Source	22	21
pakettifs-lipidit	form	Source	22	22
pakettifs-lipidit		Extracted	15	15
pakettis-alaniiniaminotransferaasi	u/l	Source	43	41
pakettis-b12-vitamiini	pmol/l	Source	43	41
pakettis-ca-albk	mmol/l	Source	16	16
pakettis-d-25	nmol/l	Source	32	32
pakettis-d-25		Extracted	10	9
pakettis-ferritiini	ug/l	Source	20	19
pakettis-glutamyylitransferaasi	u/l	Source	40	38
pakettis-k	mmol/l	Source	33	33
pakettis-k		Extracted	11	10
pakettis-na	mmol/l	Source	33	33
pakettis-na		Extracted	12	11
pakettis-psa	ug/l	Source	13	12
pakettis-testosteroni	nmol/l	Source	15	14
pakettis-tsh	mu/l	Source	31	31
pakettis-tsh		Extracted	9	8
pakettis-tyroksiini,vapaa	pmol/l	Source	39	37
palmitiinihappo	%	Source	315	255
palmitoleiinihappo	%	Source	315	255
pappakmom		Extracted	9293	7577
pappakmom		Source	11371	8820
paprika	u/ml	Source	11	11
parainfluenssa,tyypit1-3,va:t(cf)/virus,laaja	titre	Source	6	6
parapähkin	u/ml	Source	16	16
parapähkin		Extracted	13	13
parathormoni	pmol/l	Source	10	10
parathormoni,plasmasta,paastotilassa	ng/l	Source	1651	697
patologisetlieriöt		QCOut	93	76
pax5	u/ml	Source	9	9
pax5		Extracted	15	15
pax6	u/ml	Source	17	17
pax6		Extracted	82	81
pb-be	mmol/l	Source	42	14
pb-hbo2	%	Source	49	21
pb-hbo2sat	%	Source	48	20
pb-pco2	kpa	Source	45	17
pb-ph		Extracted	40	12
pb-po2	kpa	Source	45	17
pb-shco3	mmol/l	Source	45	17
pd-alb	mg/l	Source	76	12
pd-eos	%	Source	126	23
pd-eryt	e6/l	Source	368	58
pd-eryt		Extracted	18	11
pd-gluk	mmol/l	Source	674	134
pd-gluk		Extracted	32	7
pd-krea	umol/l	Source	985	165
pd-leuk	e6/l	Source	1688	157
pd-leuk		Extracted	745	91
pd-leuk.	e6/l	Source	123	27
pd-leuk.		Extracted	18	11
pd-leukmuu	%	Source	149	24
pd-ly	%	Source	151	24
pd-lymf+mo	%	Source	135	23
pd-mononuk	%	Source	355	43
pd-mononuk	osuus	Source	65	11
pd-neut	%	Source	157	24
pd-neut+eo	%	Source	490	61
pd-polynuk	osuus	Source	65	11
pd-prot	g/l	Source	704	136
pd-solut	e6/l	Source	905	94
pd-urea	mmol/l	Source	946	162
pd-urea		Extracted	32	7
peak	l/min	Source	12	11
pef	ml	Source	10	10
pef-seurantavastaanotolla		Source	70	59
pekaanipäh		Extracted	9	9
pemfigoidi,bp180-antigeeni,vasta-aineet,seerumista	u/ml	Source	14	7
penicilliu		Extracted	10	9
penicillium(5lajia),igg	mg/l	Source	7	7
penicilliumspeciesige	u/ml	Source	15	15
pepsin1/pepsin2		Extracted	13	13
pepsin1/pepsin2suhde(osatutk)		Source	7	7
persikka	u/ml	Source	12	11
perusterveyspakettialat	u/l	Source	259	218
perusterveyspakettigluk	mmol/l	Source	258	217
perusterveyspakettigt	u/l	Source	258	218
perusterveyspakettihdl-kol	mmol/l	Source	259	218
perusterveyspakettikol	mmol/l	Source	259	218
perusterveyspakettikrea	umol/l	Source	258	217
perusterveyspakettilowdensitylipoprot	mmol/l	Source	256	216
perusterveyspakettitrigly	mmol/l	Source	259	218
perusverenkuvajatrombosyytit(pvk)	paketti	Source	7	7
pf-/p-ld		Source	33	30
pf-/s-prot		Source	36	31
pf-ace	u/l	Source	302	276
pf-ada	u/l	Source	3544	2819
pf-ada		Extracted	8	8
pf-ada		Source	25	22
pf-ada/s-ada		Extracted	121	109
pf-ada/s-ada-suhde		Source	11	9
pf-adenosiinideaminaasi	u/l	Source	30	22
pf-alb	g/l	Source	409	360
pf-alb	mg/l	Source	9	7
pf-amyl	u/l	Source	512	410
pf-c3	g/l	Source	143	128
pf-c4	g/l	Source	126	112
pf-c4		Source	7	6
pf-cea	ug/l	Source	727	606
pf-cea		Extracted	22	21
pf-diffi		Source	6	6
pf-eos	%	Source	1269	967
pf-eosinof	%	Source	10	9
pf-eryt	e6/l	Source	3474	2500
pf-eryt		Extracted	2085	1467
pf-eryt		Source	69	53
pf-erytrosyytit	e6/l	Source	65	52
pf-gluk	mmol/l	Source	5018	3833
pf-gluk		Extracted	75	70
pf-gluk		Source	18	17
pf-glukoosi	mmol/l	Source	46	39
pf-gran	%	Source	439	344
pf-happamuusaste		Extracted	162	134
pf-happamuusaste		Source	27	21
pf-happamuusaste,pleuranesteestä		Source	7	7
pf-hematokriitti		Extracted	10	10
pf-hkr		Source	24	20
pf-kol	mmol/l	Source	614	497
pf-kol		Extracted	6	6
pf-komplementtic3	g/l	Source	12	10
pf-komplementtic4	g/l	Source	11	9
pf-l/liusk	%	Source	317	241
pf-l/yksit	%	Source	317	241
pf-laktaat	mmol/l	Source	986	770
pf-laktaat		Extracted	51	48
pf-laktaatti	mmol/l	Source	125	106
pf-laktaatti,päivystystutkimus	mmol/l	Source	117	93
pf-laktaattidehydrogenaasi	u/l	Source	58	48
pf-laktteh	mmol/l	Source	350	267
pf-ld	u/l	Source	4777	3660
pf-ld		Extracted	28	27
pf-leuk	e6/l	Source	4958	3515
pf-leuk	e9/l	Source	49	47
pf-leuk		Extracted	2128	1496
pf-leuk		Source	17	16
pf-leukmuu	%	Source	383	316
pf-leukosyytit	e6/l	Source	56	43
pf-leukosyytit,liuskatumaiset	%	Source	103	83
pf-leukosyytit,liuskatumaiset		Extracted	6	6
pf-leukosyytit,yksitumaiset	%	Source	103	83
pf-leukosyytit,yksitumaiset		Extracted	6	6
pf-liuskat	%	Source	71	59
pf-liuskat		Source	16	13
pf-ly	%	Source	489	394
pf-ly+mo	%	Source	25	19
pf-ly+mono	%	Source	135	102
pf-ly+mono		Source	7	6
pf-lymf	%	Source	169	133
pf-lysotsyymi	mg/l	Source	11	8
pf-lzm	mg/l	Source	378	327
pf-makro	%	Source	29	16
pf-meso	%	Source	29	16
pf-mn		Extracted	16	14
pf-monit	%	Source	34	27
pf-mononuk	%	Source	792	594
pf-mononuk		Source	16	13
pf-mononukleaarisetsolut	%	Source	128	105
pf-mononukleaarisetvalkosolut	%	Source	173	144
pf-muutsol	%	Source	331	276
pf-muutsolut	%	Source	59	56
pf-neut	%	Source	1247	950
pf-neut+eo	%	Source	32	26
pf-neutrofiilitjaeosinofiilit	%	Source	125	102
pf-nse	ug/l	Source	24	23
pf-ph	ph	Source	29	20
pf-ph		Extracted	547	494
pf-ph		Source	1913	1497
pf-ph,punktioneste		Source	14	12
pf-ph-o		Source	23	22
pf-pmn	%	Source	562	398
pf-pmn		Extracted	15	13
pf-polymorfonukleaarisetvalkosolut	%	Source	173	144
pf-polynuk	%	Source	10	9
pf-probnp	ng/l	Source	142	115
pf-prot	g/l	Source	7339	5145
pf-prot		Extracted	186	157
pf-prot		Source	14	10
pf-proteiini	g/l	Source	66	52
pf-rf	iu/ml	Source	102	94
pf-sameus		Source	117	85
pf-sameus,pleuranesteestä		Source	9	8
pf-solut	e6/l	Source	1123	776
pf-solut		Extracted	8	8
pf-trigly	mmol/l	Source	535	427
pf-yksit	%	Source	34	27
pgi/pgii	ratio	Source	19	19
pgi/pgii		Source	11	11
pglukoosi,0-näyte	mmol/l	Source	17	15
ph	form	Source	10	10
ph		Extracted	48670	19954
ph		Source	115802	28728
ph(akt)	ph	Source	9841	4848
ph(akt)		Extracted	17	17
ph,ca-ionosatutkimus	1	Source	35	27
ph,ca-ionosatutkimus		Source	26	23
ph,seerumista		Extracted	198	154
ph,seerumista,osatutk		Source	1224	482
phadiatop	u/ml	Source	369	360
phadiatop		Extracted	350	337
phakt.	ph	Source	140	75
phaptoglobiini	g/l	Source	18	17
pienepi	u/field	Source	10	9
pienetepiteelisolut	e6/l	Source	264	245
pienetepiteelisolut		Extracted	8	8
pienetepiteelisolut		QCOut	155	117
pika		Extracted	15	15
pika-bas	%	Source	49	39
pika-ck		Extracted	52	42
pika-crp	mg/l	Source	3592	1628
pika-crp		Extracted	907	381
pika-crp		Source	349	208
pika-crp(pikatesti)	mg/l	Source	8	7
pika-crp-o	mg/l	Source	1103	473
pika-crp-o		Extracted	98	72
pika-crptyöterveysasemalla		Source	147	79
pika-dimee	mg/l	Source	73	69
pika-eos	%	Source	49	39
pika-ghb-a	mmol/mol	Source	24	16
pika-ghb-a,pika-ghb-a1c	%	Source	216	64
pika-ghb-a,pika-hba1c	mmol/mol	Source	216	64
pika-ghb-a1c,pika-ghb-a1c	%	Source	309	79
pika-ghb-a1c,pika-hba1c	mmol/mol	Source	305	79
pika-gluk	mmol/l	Source	1880	725
pika-gluk		Extracted	33	21
pika-hb	g/l	Source	1071	684
pika-hb		Extracted	35	25
pika-hb		Source	110	62
pika-hb-o		Extracted	17	14
pika-hba1c	mmol/mol	Source	38	25
pika-hba1c		QCOut	89	74
pika-hba1c		Source	13	12
pika-inr		Extracted	2717	101
pika-inr		Source	1751	119
pika-k	mmol/l	Source	147	91
pika-kalium	mmol/l	Source	145	81
pika-keto		Extracted	29	23
pika-kol	mmol/l	Source	7	7
pika-krea	umol/l	Source	144	91
pika-kreatiniini	umol/l	Source	142	81
pika-leuk		Extracted	108	72
pika-lym		Extracted	48	39
pika-mon	%	Source	50	39
pika-na	mmol/l	Source	145	90
pika-natrium	mmol/l	Source	145	80
pika-neu		Extracted	37	31
pika-neut		Extracted	75	57
pika-tnt		Extracted	30	22
pika-tropt		Extracted	72	54
pika-virts,u-ph		Extracted	43	39
pika-virts,u-suhti-o		Extracted	42	38
pika-virtsaliuska,u-ph		Extracted	168	109
pika-virtsaliuska,u-suhti-o		Extracted	167	108
pikacrp	mg/l	Source	574	198
pikadiffibasofiilit	%	Source	15	12
pikadiffieosinofiilit	%	Source	15	12
pikadiffilymfosyytit		Extracted	16	12
pikadiffimonosyytit	%	Source	15	12
pikadiffineutrofiilit		Extracted	19	15
pikafidd		Extracted	74	65
pikagluk		Source	501	287
pikahb		Extracted	419	277
pikahb		Source	686	408
pikainr		Extracted	982	148
pikainr		Source	37	18
pikatesti,c-reaktiivinenproteiini	mg/l	Source	315	191
pikatnt		Extracted	15	11
pikau-sti,u-eryt-o		Extracted	359	269
pikau-sti,u-eryt-o		Source	83	78
pikau-sti,u-gluk-o		Extracted	358	268
pikau-sti,u-gluk-o		Source	85	80
pikau-sti,u-keto-o		Extracted	359	269
pikau-sti,u-keto-o		Source	84	79
pikau-sti,u-leuk-o		Extracted	359	269
pikau-sti,u-leuk-o		Source	84	79
pikau-sti,u-nitr-o		Extracted	359	269
pikau-sti,u-nitr-o		Source	84	79
pikau-sti,u-ph		Extracted	358	268
pikau-sti,u-ph		Source	84	79
pikau-sti,u-prot-o		Extracted	359	269
pikau-sti,u-prot-o		Source	84	79
pikau-stix,u-eryt-o		Source	1335	838
pikau-stix,u-gluk-o		Source	1340	842
pikau-stix,u-keto-o		Source	1337	840
pikau-stix,u-leuk-o		Source	1324	831
pikau-stix,u-nitr-o		Source	1327	833
pikau-stix,u-ph		Source	1330	836
pikau-stix,u-prot-o		Source	1330	835
pistaasi	u/ml	Source	17	17
pistaasi		Extracted	6	6
pituus	cm	Source	2084	2015
pituus		Source	17	17
pituus(cm)		Extracted	4130	3399
plasmanalbumiini	g/l	Source	12	12
plasmanbilirubiini	umol/l	Source	57	43
plasmanc-reaktiivinenproteiiniosoitus	1	Source	36	33
plasmanc-reaktiivinenproteiiniosoitus	mg/l	Source	3244	2012
plasmanc-reaktiivinenproteiiniosoitus		Extracted	23	20
plasmanc-reaktiivinenproteiiniosoitus		Source	29	26
plasmanfibriinind-dimeerit,osoitus	mg/l	Source	11	10
plasmanglukoosi(k)	mmol/l	Source	53	48
plasmangt(k)	u/l	Source	73	51
plasmanhappamuusaste		Source	31	27
plasmaninr(k)		Extracted	299	53
plasmankalium(k)	mmol/l	Source	2406	636
plasmankalsium-ioni,aktuaali	mmol/l	Source	135	112
plasmankreatiinikinaasi	u/l	Source	28	26
plasmankreatiniini(k)	umol/l	Source	2427	634
plasmanlaktaattidehydrogenaasi	u/l	Source	9	9
plasmanmagnesium	mmol/l	Source	21	20
plasmannatrium(k)	mmol/l	Source	2417	635
plasmanneurofilamentti,kevytketju		Source	30	28
plasmanph	1	Source	29	29
plasmanph		Source	16	16
plasmanprostataspesifinenantigeeni(k)	ug/l	Source	24	22
plasmanrauta	umol/l	Source	252	172
plasmantransferriinisaturaatio	%	Source	53	49
plasmantromboplastiiniaika	%	Source	46	29
plasmanuraatti(k)	umol/l	Source	29	26
plasmaproteiinia,raskauteenliittyvä	mu/l	Source	315	284
plasmasta,bilirubiini(vastasyntyneistä)	umol/l	Source	26	20
plt	e9/l	Source	3107	564
poikkeavalämpötila	°c	Source	21361	2715
poliklinikkatroponiinit		Extracted	46	32
polymorfologisetleukosyytit	%	Source	10	10
polymorfologisetleukosyytit		Extracted	8	8
polynuk	osuus	Source	155	129
polynuk		Source	9	8
pos.kontr	mm	Source	11	11
pos.kontr		Extracted	11	11
post-urea	mmol/l	Source	259	31
pot.ikä		Extracted	22	21
pot.paino		Extracted	25	24
pot.syönyt(pvm,klo)		Extracted	37	24
potilaanlämpötila	°c	Source	5158	2673
potilasmittaringlukoosi,ihopisto	mmol/l	Source	749	496
potilasmittaringlukoosi,sensori	mmol/l	Source	201	138
potpit		Extracted	17	17
prealb	g/l	Source	1787	1551
prealb		Extracted	98	95
prealbumiini	g/l	Source	85	72
prealbumiini,plasma	g/l	Source	103	69
prealbumiini,seerumista	g/l	Source	194	162
probnp	ng/l	Source	25	9
prokalsitoniini,plasmasta	ug/l	Source	703	365
prolaktiini	mu/l	Source	131	106
prolaktiini,biologisestiakti	%	Source	6	6
prolaktiini,biologisestiaktiivinen	mu/l	Source	7	7
prolaktiini,biologisestiaktiivinen(s-prlmakrosatutkimus)	mu/l	Source	8	6
prolaktiini,plasmasta	mu/l	Source	201	164
prolaktiini,recovery	%	Source	8	6
prolaktiini,saanto	%	Source	8	7
prolaktiini,seerumi	mu/l	Source	237	176
prolaktiini,seerumista	mu/l	Source	50	43
prom	%	Source	4479	1618
prom		Extracted	1147	417
prom		Source	328	204
promyelosyytit	%	Source	1006	463
promyelosyytit,käsidiffi(),osatutk.b-diffi	%	Source	54	28
promyelosyytit,osuusleukosyyteistä	%	Source	53	23
prostataspesif.antig,vap.tot.suh.	%	Source	55	33
prostataspesifinenantigeeni	ug/l	Source	2969	2546
prostataspesifinenantigeeni,kokonais	ug/l	Source	174	122
prostataspesifinenantigeeni,osatutkimus	ug/l	Source	6	6
prostataspesifinenantigeeni,osuus	%	Source	108	57
prostataspesifinenantigeeni,suhde	%	Source	1495	1279
prostataspesifinenantigeeni,totaali	ug/l	Source	109	72
prostataspesifinenantigeeni,vapaa	%	Source	20	8
prostataspesifinenantigeeni,vapaa	ug/l	Source	289	233
prostataspesifinenantigeeni,vapaa		Source	9	8
prostataspesifinenantigeeni,vapaa(4900p-psa-v)	ug/l	Source	95	55
prostataspesifinenantigeeni,vapaa(p-psa-v)	ug/l	Source	113	65
prostataspesifinenantigeeni,vapaa(psa-v)	ug/l	Source	83	54
prostataspesifinenantigeeni,vapaa/kokonais-suhde	%	Source	30	18
prostataspesifinenantigeeni,vapaa/kokonais-suhde,osatutk.4637eikiinnit.	%	Source	156	92
prostataspesifinenantigeeni,vapaa/kokonais-suhdeeikiinnit	%	Source	16	14
prostataspesifinenantigeeni,vapaa/totaali	%	Source	65	51
prostataspesifinenantigeeni,vapaanosuus(vainlaboratorionkäytössä)	%	Source	1293	613
prostataspesifinenantigeenivapaa/kokonaispitois	%	Source	144	97
proteiini	g	Source	80	61
proteiini	g/l	Source	10	10
proteiini		Source	6	6
proteiini(kval)		Source	12	12
proteiini,nivelneste	g/l	Source	6	6
proteiini,selkäydinnesteestä	g/l	Source	104	93
proteiini,ty,seerumista	g/l	Source	663	238
proteiini,ty,vuorokausivirtsasta	g	Source	21	11
proteiini,vrk-virtsa	g	Source	47	33
proteiinic	%	Source	6	6
proteiinic,plasma	%	Source	86	83
proteiinic,plasmasta	%	Source	43	41
proteiinis,antigeeni,vapaa	%	Source	42	41
proteiinis,antigeeni,vapaa,plasma	%	Source	33	32
proteiinis,antigeeni,vapaa,plasmasta	%	Source	24	22
proteiinis,plasma	%	Source	12	12
proteiinis,plasmasta	%	Source	6	6
proteiinit,muupunktioneste	g/l	Source	8	6
protrombiini,plasma	%	Source	21	21
protrombiini,plasmasta	%	Source	13	12
ps-crp		Extracted	487	107
ps-gluk		Extracted	184	70
ps-infaag		QCOut	36	36
ps-inr		Extracted	303	11
ps-probnp	ng/l	Source	10	7
ps-stra-ag		QCOut	10	10
ps-straag	form	Source	13	11
ps-straag		Extracted	33	32
ps-straag		QCOut	233	205
ps-straagp		QCOut	6	6
ps-streptococcus,viljely(hemolyytt.streptokokit)		QCOut	76	71
ps-streptokokkipikatesti		QCOut	9	8
ps-strvi	form	Source	34	32
ps-strvi		QCOut	615	544
psa-v/psa	%	Source	25349	8375
psa-v/psa		Extracted	12988	4525
psa-v/psa		Source	139	71
psa-v/psa-suhde	%	Source	2697	1883
psa-v/psaeikäytössä	%	Source	36	25
psa-v/t	%	Source	8	6
psa-vapaa/totaali-suhde,plasmasta	%	Source	1183	523
psatotaali+vapaa	ug/l	Source	61	60
psavapaanjatotaalinsuhde	%	Source	61	43
pt-ada-i		Source	80	63
pt-ada-ind		Extracted	42	40
pt-ada-ind		Source	568	422
pt-ada-indeksi		Source	6	6
pt-afpmom	mom	Source	26	25
pt-apr!		Source	6	6
pt-apri		Extracted	331	280
pt-apri		Source	600	489
pt-arr	pmol/l:mu/l	Source	6	6
pt-arr	pmol/mu	Source	23	21
pt-asat/trombosyytit-indeksi		Extracted	33	25
pt-asat/trombosyytit-indeksi		Source	30	28
pt-astma		Source	10	10
pt-audio-1	form	Source	27	27
pt-audio-1		Extracted	36	33
pt-audio/i		Extracted	424	381
pt-audio/ilmajohto		Extracted	49	48
pt-audio/s		Extracted	66	66
pt-audio/seula		Extracted	9	9
pt-audit		Extracted	28	25
pt-audit		Source	82	82
pt-bdi		Extracted	26	24
pt-bmi	kg/m2	Source	325	317
pt-dxm-r1	nmol/l	Source	76	76
pt-dxm-r1		Source	13	13
pt-dxm-r1:p-korsol	nmol/l	Source	22	22
pt-ekg,12kytkentäälevossa	1	Source	55	50
pt-ekg,12kytkentäälevossa		Source	50	49
pt-ekg-12	form	Source	58	56
pt-ekg-12	tehtu	Source	12	11
pt-ekg-12		Extracted	797	477
pt-ekg-12		Source	1255	550
pt-ekg-atk		Extracted	88	84
pt-ekg-oma		Extracted	25	24
pt-ekg-oma		Source	42	39
pt-ekg-os		Extracted	68	58
pt-ekg-ospkl		Extracted	33	32
pt-enmg-2		Source	6	6
pt-fev1	%	Source	8	8
pt-fib-4		Extracted	4463	3691
pt-fib-4		Source	6047	4597
pt-fibrosis-4		Extracted	64	61
pt-fibrosis-4		Source	72	52
pt-fibrosis-4indeksi	1	Source	33	32
pt-fibrosis-4indeksi	u/l	Source	28	28
pt-fibrosis-4indeksi		Extracted	86	76
pt-fibrosis-4indeksi		Source	464	426
pt-fvspido		Extracted	294	261
pt-fvspido		Source	19	18
pt-fvspird	form	Source	98	91
pt-fvspird		Source	7	6
pt-fvspiro	%	Source	7	7
pt-fvspiro		Extracted	290	246
pt-galt1/2	min	Source	175	152
pt-gfr		Source	19	15
pt-gfr-arv	ml/min/173m2	Source	1248	682
pt-gfr-ccr	ml/min/173m2	Source	9	9
pt-gfre	form	Source	4090	1558
pt-gfre	ml/min/173m2	Source	1096391	193094
pt-gfre		Extracted	119180	32484
pt-gfre		Source	96631	39712
pt-gfre-3	ml/min/173m2	Source	1588	433
pt-gfre-3		Extracted	290	227
pt-gfre-cg	ml/min/173m2	Source	10060	4646
pt-gfre-cg		Extracted	967	704
pt-gfre-md	form	Source	16	15
pt-gfre-md	ml/min/173m2	Source	26940	11700
pt-gfre-md		Extracted	1678	1080
pt-gfre-md		Source	438	385
pt-gfre-md,p-krea		Extracted	11	10
pt-gfreep	ml/min/173m2	Source	12674	2687
pt-gfreep		Extracted	770	564
pt-gfreepi	form	Source	17028	3025
pt-gfreepi	ml/min/173m2	Source	1889081	227834
pt-gfreepi		Extracted	403097	92654
pt-gfreepi		Source	348756	58458
pt-gfreepinosatutkimus		Extracted	649	400
pt-gfreepinosatutkimus		Source	166	78
pt-gfreepio1	ml/min/173m2	Source	649	232
pt-gfreepio1		Extracted	434	104
pt-gfrekce	ml/min/173m2	Source	850	427
pt-gfrekce		Extracted	52	46
pt-gfrekce		Source	108	89
pt-gfrekce,glomerulussuodosnopeuskysc:stä	ml/min/173m2	Source	63	38
pt-gfrekys	ml/min/173m2	Source	6725	2474
pt-gfrekys		Extracted	563	445
pt-glom.filt.arviointi	ml/min/173m2	Source	9	9
pt-glomerolussuodosnopeus,estimoitu,ckd-epi-kaava	ml/min/173m2	Source	19	16
pt-glomerolussuodosnopeus,estimoitu,ckd-epi-kaava		Source	31	17
pt-glomerulussuodatusnopeus		Extracted	154	121
pt-glomerulussuodatusnopeus,estimoitu,ckd-epi-kaava	ml/min/173m2	Source	212	124
pt-glomerulussuodosnopeus		Extracted	201	169
pt-glomerulussuodosnopeus,ckd-epi-kaava	form	Source	12	12
pt-glomerulussuodosnopeus,ckd-epi-kaava	ml/min/173m2	Source	5605	2041
pt-glomerulussuodosnopeus,ckd-epi-kaava		Source	21252	4272
pt-glomerulussuodosnopeus,estimoitu	ml/min/173m2	Source	94712	25079
pt-glomerulussuodosnopeus,estimoitu,ckd-ep	ml/min/173m2	Source	1488	1036
pt-glomerulussuodosnopeus,estimoitu,ckd-epi-kaav	ml/min/173m2	Source	5281	1792
pt-glomerulussuodosnopeus,estimoitu,ckd-epi-kaava	1	Source	388	155
pt-glomerulussuodosnopeus,estimoitu,ckd-epi-kaava	ml/min/173m2	Source	202854	42367
pt-glomerulussuodosnopeus,estimoitu,ckd-epi-kaava		Extracted	3057	1408
pt-glomerulussuodosnopeus,estimoitu,ckd-epi-kaava		Source	2090	822
pt-glomerulussuodosnopeus,estimoitu,ckd-epi-kaava(p-kreaosatutkimus)	ml/min/173m2	Source	10	7
pt-glomerulussuodosnopeus,estimoitu,ckd-epi-kaava(p-kreaosatutkimus)		Extracted	171	133
pt-glomerulussuodosnopeus,estimoitu,ckd-epi-kaava(pt-gfre-3osatutkimus)	ml/min/173m2	Source	61771	8121
pt-glomerulussuodosnopeus,estimoitu,ckd-epi-kaavalla	ml/min/173m2	Source	39	37
pt-glomerulussuodosnopeus,estimoitu,ckd-epikaava		Source	94	32
pt-glomerulussuodosnopeus,estimoitu,kystatiinic-kaava	ml/min/173m2	Source	1128	352
pt-glomerulussuodosnopeus,estimoitu,mdrd-kaava	ml/min/173m2	Source	102	96
pt-glomerulussuodosnopeus,estimoitu,mdrd-tutkimuksenkaava(mittayksikkö:ml/min/1.73m2)	ml/min/173m2	Source	19	10
pt-glomerulussuodosnopeus,estimoituckd-epi-kaava	ml/min/173m2	Source	3484	2719
pt-glomerulussuodosnopeus,estimoituckd-epikaava	1	Source	29	19
pt-glomerulussuodosnopeus,estimoituckd-epikaava	ml/min/173m2	Source	17	14
pt-glomerulussuodosnopeus,estimoituckd-epikaava		Source	26	17
pt-glomerulussuodosnopeus,estimoituckd-epikaavallakystatiinic:stä	ml/min/173m2	Source	131	100
pt-glomerulussuodosnopeus,estimoituckd-epikaavallakystatiinic:stä		Extracted	147	95
pt-glomerulussuodosnopeus,estimoitukystatiinic:stä	ml/min/173m2	Source	73	50
pt-glomerulussuodosnopeus,pt-gfreepiestimoitu,ckd-epi-kaava	ml/min/173m2	Source	6933	3729
pt-glomerulussuodusnopeus,estimoitu,ckd-epi-kaava	ml/min/173m2	Source	15424	4819
pt-glomerulustensuodatusnopeudenmittau	ml/min/173m2	Source	57	46
pt-glomerulustensuodatusnopeudenmittaus	ml/min/173m2	Source	254	189
pt-glomerulustensuodatusnopeus	ml/min/173m2	Source	16	15
pt-glomerulustensuodatusnopeus,estimoitu,ckd-epi-kaava	ml/min/173m2	Source	30445	14208
pt-glomerulustensuodatusnopeus,estimoitu,mdrd-kaava	ml/min/173m2	Source	39	27
pt-glomerulustensuodatusnopeus,estimoitu,mdrd-kaava		Extracted	246	234
pt-gluk-0	mmol/l	Source	272	234
pt-gluk-0		Source	148	106
pt-gluk-0h	mmol/l	Source	955	621
pt-gluk-0h		Extracted	85	80
pt-gluk-0h		Source	49	47
pt-gluk-0h,tk		Source	42	39
pt-gluk-1h	mmol/l	Source	773	513
pt-gluk-2h	mmol/l	Source	1499	1089
pt-gluk-2h		Extracted	84	80
pt-gluk-2h		Source	53	48
pt-gluk-2h,tk		Source	41	38
pt-gluk-30		Extracted	80	80
pt-gluk-30		Source	47	46
pt-gluk-30min,tk		Source	39	39
pt-gluk-r-,0-n	mmol/l	Source	9	7
pt-gluk-r-,1t	mmol/l	Source	9	7
pt-gluk-r-,2t	mmol/l	Source	9	7
pt-gluk-r1	form	Source	34	31
pt-gluk-r1	mmol/l	Source	208	169
pt-gluk-r1		Extracted	8	8
pt-gluk-r1		Source	26	26
pt-gluk-r1/0h	mmol/l	Source	19	19
pt-gluk-r1:fp-gluk0-näyte	mmol/l	Source	174	164
pt-gluk-r1:p-gluk2hnäyte	mmol/l	Source	174	164
pt-gluk-r2	mmol/l	Source	21	21
pt-gluk-r6	mmol/l	Source	333	98
pt-gluk-r6:fp-gluk0-näyte	mmol/l	Source	195	145
pt-gluk-r6:p-gluk1hnäyte	mmol/l	Source	194	145
pt-gluk-r6:p-gluk2hnäyte	mmol/l	Source	194	145
pt-gluk0	mmol/l	Source	30	29
pt-gluk0h	mmol/l	Source	53	48
pt-gluk2	mmol/l	Source	30	29
pt-gluk2h	mmol/l	Source	53	48
pt-glukoosi,toimintakokeissa0m	mmol/l	Source	10	10
pt-glukoosi,toimintakokeissa2h	mmol/l	Source	10	10
pt-glukoosikoe0-arvo	mmol/l	Source	18	16
pt-glukoosikoe1h-arvo	mmol/l	Source	15	13
pt-glukoosikoe2h-arvo	mmol/l	Source	18	16
pt-glukoosirasitus-0arvo	mmol/l	Source	75	70
pt-glukoosirasitus-2h	mmol/l	Source	75	70
pt-glukoosirasitus0-näytevb	mmol/l	Source	12	12
pt-glukoosirasitus2h-näytevb	mmol/l	Source	12	12
pt-glukr-0	mmol/l	Source	296	247
pt-glukr1/2h	mmol/l	Source	19	19
pt-glumerulussuodosnopeus,estimoitu,cjd-epikaava	ml/min/173m2	Source	6297	2459
pt-gromerulussuodosnopeus,estimoituckd-epikaavallakystatiinic:stä	ml/min/173m2	Source	41	15
pt-hcgbmom	mom	Source	26	25
pt-hemodialyysinteho(daugirdas)		Source	63	10
pt-hepy-r	promille	Source	23	23
pt-hepy-r		Extracted	41	37
pt-hiki-r	mmol/l	Source	49	45
pt-icg-r	%	Source	77	72
pt-iho-r1	mm	Source	38	38
pt-ikä(dd)	v	Source	27	25
pt-kalsium,ionisoitunut	mmol/l	Source	978	590
pt-kalsiumionisoitunutph7.4	mmol/l	Source	976	589
pt-kelia-m,s-iga		Extracted	20	19
pt-klr-tje		Source	6	6
pt-krea-cl	ml/min/173m2	Source	28	24
pt-krea-cl	ml/s	Source	55	31
pt-krea-cl	ml/s/173	Source	185	142
pt-krea-cl	ml/s/173m2	Source	273	218
pt-krea-cl		Extracted	48	42
pt-krea-cl		Source	7	7
pt-kt/v		Extracted	23	19
pt-kt/v		Source	2251	132
pt-kt/v1		Extracted	2684	408
pt-kt/v1		Source	2746	400
pt-lakt-r1	mmol/l	Source	12	12
pt-laktoosi-koe20min	mmol/l	Source	12	12
pt-laktoosi-koe40min	mmol/l	Source	10	10
pt-lt01		Source	55	53
pt-lt03		Source	58	58
pt-lt05		Source	25	25
pt-lt07		Source	45	45
pt-lt08		Source	43	43
pt-lt09		Source	11	11
pt-lämpöt	%	Source	11	11
pt-lämpöt	°c	Source	66467	12754
pt-lämpöt		Extracted	104	76
pt-lämpöt		Source	16	16
pt-lämpötila	°c	Source	15508	5208
pt-nfs		Extracted	19	19
pt-nilkkuä	%	Source	9	9
pt-no-ex	form	Source	15	13
pt-no-ex	ppb	Source	283	181
pt-no-ex		Source	14	11
pt-paino	kg	Source	2690	905
pt-paino		Extracted	146	126
pt-papepyy		Source	13	12
pt-pef	form	Source	80	71
pt-pef	l/min	Source	27	24
pt-pef		Source	15	14
pt-pituus	cm	Source	347	334
pt-pulssi	times/min	Source	114	104
pt-pulssi		Extracted	18	18
pt-puoksm		Source	8	6
pt-rr	mmhg	Source	6	6
pt-sep	mg/l	Source	12	11
pt-sep		Source	68	51
pt-sper-1		Source	9	8
pt-spirom		Extracted	8	7
pt-spiromd		Extracted	28	26
pt-stareie		Extracted	11	11
pt-stareio		Extracted	11	11
pt-syke	times/min	Source	159	146
pt-ttr		Extracted	84	40
pt-ttr+inr	%	Source	1974	196
pt-tupakoi		Source	72	65
pt-tupakointi		Source	15	14
pt-urea-cl	ml/s/173m	Source	15	7
pt-ureaind		Source	687	81
pt-ureaindeksi		Extracted	27	21
pt-uresi	ml	Source	6	6
pt-vymp	cm	Source	40	39
pt3-v	pmol/l	Source	12	8
pu-sienvi		QCOut	73	61
pujo	mm	Source	40	40
pujo	u/ml	Source	120	117
pujo		Extracted	120	120
pujo,siitepöly	u/ml	Source	7	7
pujoe	u/ml	Source	213	197
pujoe		Extracted	19	18
pujonsiitepöly(w6),ige-vasta-aineet	u/ml	Source	11	10
pujonsiitepöly(w6),igevasta-aineet	u/ml	Source	15	14
pujonsiitepöly,ige-vasta-aineet,seerumista	u/ml	Source	8	8
pujonsiitepöly,igevasta-aineet	u/ml	Source	7	7
pulssi	form	Source	1315	1182
pulssi		Extracted	133	131
punasolojenkokojakauma	%	Source	1072	1022
punasolujenerittelylaskenta	%	Source	41	32
punasolujenerittelylaskenta		Extracted	404	288
punasolujenesiasteet(erytroblastit)	e9/l	Source	1036	738
punasolujenjakaumaleveys(rdw)	%	Source	38	38
punasolujenkokojakauma	%	Source	155703	44841
punasolujenkokojakauma		Extracted	13	12
punasolujenkokojakaumaparametri	%	Source	69	48
punasolujenkokojakautuma	%	Source	683	372
punasolujenkokojaukauma	%	Source	26	26
punasolujenkoonvaihtelu	%	Source	2026	1336
punasolut,kokojakauma	%	Source	120	109
pvwf-akt	%	Source	15	14
pähkinäpen	mm	Source	11	11
pähkinäpen	u/ml	Source	10	10
pähkinäpen		Extracted	21	21
pähkinät		Extracted	6	6
päivystysaik.hemoglobiinisormenpäästä		Extracted	32	28
päärynä	u/ml	Source	6	6
pöly-s	u/ml	Source	13	13
pölyerittely	u/ml	Source	19	19
pölyerittely,ige-vasta-aineet	u/ml	Source	27	26
pölyerittely,ige-vasta-aineet,seerumista	u/ml	Source	55	52
pölyerittely,ige:vat(s-)	u/ml	Source	83	79
pölyryhmä(phadiatop),ige-va:t(s-)	u/ml	Source	38	38
pölyryhmä(phadiatop),igevasta-aineet,seerumista	u/ml	Source	110	106
pölyryhmä,(phadiatop),igevasta-aineet	u/ml	Source	38	38
pölysekoitus	u/ml	Source	12	12
rakkoaika	h	Source	60961	21412
rakkoaika		Extracted	31	30
raskauksienmäärä,g		Extracted	6870	3960
raskausviikko		Extracted	37	33
rasvahappoprofiili	paketti	Source	245	212
rasvapaketti(lipidit)	paketti	Source	9	7
rauta	umol/l	Source	2589	1810
rauta		Extracted	94	61
rauta(4529fp-fe)	umol/l	Source	38	29
rauta(fe)	umol/l	Source	27	16
rauta(fp-fe)	umol/l	Source	34	31
rautaseerumista,paastotilassa	umol/l	Source	14	7
ravatar		Extracted	55	40
rcora14(f439,rekombinantti,hasselpähkinä),igevasta-aineet	u/ml	Source	49	49
rdw	%	Source	6214	2819
rdw		Source	106	86
redcelldistributionwidth	%	Source	3597	3223
reniini,konsentraatio	mu/l	Source	22	21
reniini,konsentraatio,plasmasta	mu/l	Source	9	9
residuaali	ml	Source	21	17
residuaali-mittaus	ml	Source	9	8
respiratorysyncytialvirus,nukleiinihaponosoitu		QCOut	8	8
retikulosyytit	%	Source	29	22
retikulosyytit	e9/l	Source	943	508
retikulosyytit		Extracted	12	10
retikulosyytit(lask.)	e9/l	Source	184	131
retikulosyytit,indeksi	osuus	Source	532	263
retikulosyytit,tuotantoindeksi	osuus	Source	918	522
retikulosyyttienabsoluuttinenmäärä	e9/l	Source	6	6
retikulosyyttienhemoglobiiniekvivalentti	pg	Source	6	6
retikulosyyttienkeskimääräine	pg	Source	1047	552
retikulosyyttienkeskimääräinenhemoglob	pg	Source	7	7
retikulosyyttienkeskimääräinenhemoglobiininmäärä	pg	Source	525	389
reumafaktori	iu/ml	Source	59	56
reumafaktori(rf)	iu/ml	Source	16	16
reumafaktori,määritys,seerumista	kiu/l	Source	99	94
reumafaktori,plasmasta	iu/ml	Source	26	25
reumafaktori,pleuraneste	iu/ml	Source	7	7
reumafaktori,seerumista,paastotilassa	iu/ml	Source	80	70
rf	iu/ml	Source	21	21
rf		Extracted	10	10
ribonukleoproteiini,nukleaarinen,vasta-aineet(s-rnpab)	u/ml	Source	7	6
ribonukleoproteiini,nukleaarinen,vasta-aineet,seerumista	u/ml	Source	48	45
ros-tutkim		Source	14	13
rs-virus,nukleiinihappo(kval)		QCOut	7	6
rte-cd4	%	Source	37	30
rte-cd4		Extracted	9	8
rte-cd8	%	Source	33	28
rte-cd8		Extracted	9	8
ruis,ruoka	u/ml	Source	25	23
ruis,sipö	u/ml	Source	12	12
ruoka-aine-erittely(fx5),igevasta-aineet	u/ml	Source	7	7
ruoka-aine-erittely,ige-vasta-aineet,seerumista	u/ml	Source	21	21
ruoka-aineryhmä	u/ml	Source	29	29
ruoka-aineryhmäjakomponentit	u/ml	Source	6	6
ruokaerittely(fx5),ige-vasta-aineet	u/ml	Source	7	7
ruokafx14		Extracted	6	6
ruokafx20	u/ml	Source	7	7
ruokafx26		Extracted	6	6
ruokafx5e		Extracted	15	15
ruokaryhmä(fx5),igevasta-aineet	u/ml	Source	7	7
ruokaryhmä,ige-va:t(s-)	u/ml	Source	15	15
ruokaryhmä,igevasta-aineet,seerumista	u/ml	Source	74	72
s-11dok	nmol/l	Source	21	18
s-17hprog	nmol/l	Source	645	327
s-17hprog		Extracted	17	13
s-5-ht	nmol/l	Source	224	167
s-5-ht		Extracted	21	8
s-5hiaa	nmol/l	Source	10292	3004
s-5hiaa		Extracted	29	28
s-9-hrisp	nmol/l	Source	313	207
s-9-hrisp		Extracted	110	58
s-9-hydroksirisperidoni	nmol/l	Source	70	50
s-9-ohrisp	nmol/l	Source	46	37
s-9-ohrisper	nmol/l	Source	7	6
s-9hrispe	nmol/l	Source	166	99
s-9hrispe	ug/l	Source	14	10
s-a1glob	g/l	Source	877	411
s-a1glob		Extracted	18	16
s-a2glob	g/l	Source	877	411
s-a2glob		Extracted	18	16
s-aaldos	pmol/l	Source	124	114
s-ace	u/l	Source	2199	1398
s-ace		Extracted	594	528
s-ace		Source	16	11
s-achr-ab	nmol/l	Source	560	499
s-achr-ab		Extracted	163	158
s-achrab	nmol/l	Source	45	41
s-achrab		Extracted	12	12
s-ackiabe	u/ml	Source	6	6
s-ackiabe		Extracted	60	60
s-ackiabg	mg/l	Source	6	6
s-acrkile	u/ml	Source	85	85
s-acrkile		Extracted	78	78
s-acrkilg	mg/l	Source	35	35
s-acsiroe	u/ml	Source	7	7
s-ada	u/l	Source	4092	2990
s-ada		Extracted	14	12
s-ada		Source	26	23
s-adali	mg/l	Source	1088	668
s-adali		Extracted	500	271
s-adaliab	au/ml	Source	254	199
s-adaliab		Extracted	13	10
s-adalimu	mg/l	Source	1973	957
s-adalimu		Extracted	134	97
s-adalimu		Source	7	6
s-adalimumabi	mg/l	Source	57	52
s-adalimumabi,pitoisuus	mg/l	Source	18	16
s-adalimumabi,seerumista	mg/l	Source	25	17
s-adalimumabipitoisuusmääritys	mg/l	Source	73	54
s-adalimumabipitoisuusmääritys	âug/ml	Source	15	14
s-adalimumabivasta-ainemääritys	au/ml	Source	18	15
s-adeabcf	titre	Source	53	45
s-adeabcf		Extracted	7	7
s-adenabg	eiu	Source	237	222
s-adencf	titre	Source	481	412
s-adencf		Extracted	43	40
s-adenosiinideaminaasi	u/l	Source	20	15
s-adioni	nmol/l	Source	1251	828
s-adioni		Extracted	34	33
s-adrab	titre	Source	47	41
s-afluu	%	Source	87	80
s-afluu	u/l	Source	80	69
s-afluust	u/l	Source	3035	2444
s-afluust		Extracted	177	167
s-afmakro	u/l	Source	2840	2281
s-afmakro		Extracted	210	197
s-afmaks1	u/l	Source	199	173
s-afmaks1		Extracted	13	13
s-afmaks2	u/l	Source	205	180
s-afmaks2		Extracted	6	6
s-afmaksa	%	Source	89	82
s-afmaksa	u/l	Source	2957	2377
s-afmaksa		Extracted	169	159
s-afmuut	u/l	Source	1489	1274
s-afmuut		Extracted	12	12
s-afos	iu/l	Source	240	188
s-afos	u/l	Source	62974	42215
s-afos		Extracted	588	543
s-afos		Source	41	34
s-afos(isoentsyymeihinliittyvä)	u/l	Source	80	76
s-afos,afos-is:nosanavitavastaus	u/l	Source	30	29
s-afos-is	u/l	Source	70	19
s-afos-lsapututkimus	u/l	Source	9	9
s-afos1ma	u/l	Source	77	68
s-afos2ma	u/l	Source	76	67
s-afosluu	u/l	Source	105	97
s-afosluu	ug/l	Source	30	26
s-afosluu		Extracted	14	14
s-afosluu		Source	17	16
s-afosma	u/l	Source	9	9
s-afosmx		Extracted	9	9
s-afospit	u/l	Source	177	155
s-afossuo	u/l	Source	44	40
s-afp	u/ml	Source	17947	5989
s-afp	ug/l	Source	2510	947
s-afp		Extracted	781	433
s-afp,down-seula	u/ml	Source	6	6
s-afp-w	u/ml	Source	18	18
s-afp/d	u/ml	Source	226	222
s-afp/d		Extracted	43	41
s-afpxmom	mom	Source	18	18
s-afsuol1	u/l	Source	1064	914
s-afsuol1		Extracted	156	146
s-afsuol2	u/l	Source	1070	918
s-afsuol2		Extracted	155	144
s-afsuol3	u/l	Source	1075	923
s-afsuol3		Extracted	156	145
s-afsuoli	%	Source	49	46
s-afsuoli	u/l	Source	189	160
s-agaabg		Source	6	6
s-agm1abg	index	Source	8	8
s-agm1abm	index	Source	8	8
s-ahvene		Extracted	12	11
s-aitneu		QCOut	40	33
s-aitpara		QCOut	23	20
s-al	umol/l	Source	37	34
s-alaniini	mmol/l	Source	265	244
s-alaniiniaminotransferaasi	u/l	Source	1811	1384
s-alat	iu/l	Source	251	195
s-alat	u/l	Source	323438	128728
s-alat		Extracted	185	142
s-alat		Source	560	440
s-alattth	u/l	Source	9	9
s-alb	%	Source	12	12
s-alb	g/l	Source	23178	16454
s-alb	mg/g	Source	7	7
s-alb		Extracted	1113	864
s-alb		Source	28	9
s-alb(li)		Source	94	78
s-alb-fr	g/l	Source	85	73
s-alb-fr		Extracted	7	6
s-alb/li	g/l	Source	55	52
s-albimm		Extracted	48	46
s-albind	g/l	Source	814	753
s-albind		Extracted	116	110
s-alboys	g/l	Source	7	7
s-albu	g/l	Source	554	164
s-albu		Extracted	8	8
s-album	g/l	Source	25430	10857
s-album		Extracted	2546	1940
s-albumiini	g/l	Source	780	718
s-albumiini(paketti)	g/l	Source	18	16
s-albumiini(valetietues-prot-fr)	g/l	Source	82	60
s-albumiini,indeksi	g/l	Source	114	110
s-albumiini,osatutkimuss-prot-fr	g/l	Source	109	95
s-albumiini-fraktio	g/l	Source	2356	1157
s-albumiinifraktio	g/l	Source	699	317
s-albål	g/l	Source	7	6
s-aldol	u/l	Source	3327	2296
s-aldol		Extracted	145	137
s-aldolaasi	u/l	Source	38	35
s-aldos	pmol/l	Source	5195	4065
s-aldos		Extracted	332	299
s-aldos-m	pmol/l	Source	88	80
s-aldos-m		Extracted	21	21
s-aldos-p	pmol/l	Source	824	707
s-aldos-p		Extracted	257	214
s-aldosteroni	pmol/l	Source	86	77
s-alfa-1	%	Source	11	11
s-alfa-1	g/l	Source	27708	11908
s-alfa-1		Extracted	2551	1944
s-alfa-1-antitrypsiini	g/l	Source	52	51
s-alfa-1-fetoproteiini	u/ml	Source	449	273
s-alfa-1-fraktio	g/l	Source	3049	1467
s-alfa-1-globuliini	g/l	Source	11	9
s-alfa-1-globuliini,fraktio	g/l	Source	60	57
s-alfa-1-globuliini,osatutkimuss-prot-fr	g/l	Source	109	95
s-alfa-2	%	Source	11	11
s-alfa-2	g/l	Source	27644	11849
s-alfa-2		Extracted	2554	1949
s-alfa-2-fraktio	g/l	Source	3044	1465
s-alfa-2-globuliini	g/l	Source	7	6
s-alfa-2-globuliini,fraktio	g/l	Source	60	57
s-alfa-2-globuliini,osatutkimuss-prot-fr	g/l	Source	109	95
s-alfa1	g/l	Source	1707	966
s-alfa1		Extracted	47	46
s-alfa1-globuliini(valetietues-prot-fr)	g/l	Source	82	60
s-alfa2	g/l	Source	1768	1011
s-alfa2		Extracted	47	46
s-alfa2-globuliini(valetietues-prot-fr)	g/l	Source	82	60
s-alfamye	u/ml	Source	30	30
s-alfamye		Extracted	7	7
s-alfgale	u/ml	Source	470	448
s-alfgale		Extracted	109	109
s-alkalinenfosfataasi	u/l	Source	368	316
s-alkalinenfosfataasi,luustomuoto(elektrof)	u/l	Source	38	35
s-alkalinenfosfataasi,luustoper.isoentsyymi(ele	u/l	Source	6	6
s-alkalinenfosfataasi,luustoper.isoentsyymi(elektrof)	u/l	Source	22	18
s-alkalinenfosfataasi,makromuoto(elektrof)	u/l	Source	65	58
s-alkalinenfosfataasi,maksaper.isoentsyymi(el	u/l	Source	38	35
s-alkalinenfosfataasi,maksaper.isoentsyymi(ele	u/l	Source	6	6
s-alkalinenfosfataasi,maksaper.isoentsyymi(elektrof)	u/l	Source	22	18
s-alkalinenfosfataasi,muut(elektrof)	u/l	Source	33	32
s-alkalinenfosfataasi,suolistoper.isoentsyymi(elektrof)	u/l	Source	6	6
s-all-m2	u/ml	Source	6	6
s-allergeeni,d.pteronyssinus(pölyp./kval.)d1	u/ml	Source	7	7
s-allergeeni,hevonen(hilse)/häst(mjäll)e3	u/ml	Source	8	8
s-allergeeni,kissa(hilse)/katt(mjäll)e1	u/ml	Source	12	12
s-allergeeni,koira(hilse)/hund(mjäll)e5	u/ml	Source	10	10
s-allergeeni,koivu(siitepöly)/björk(pollen)	u/ml	Source	13	13
s-allergeeni,pujo(siitepöly)/gråbo(pollen)w6	u/ml	Source	6	6
s-allergeeni,pölyerittely(phadiatop)/inhalations(pi)	u/ml	Source	24	24
s-allergeeni,timotei/timotej(pollen/siitep.)g6	u/ml	Source	12	12
s-allige	u/ml	Source	1752	653
s-allige,cashew-pähkinä	u/ml	Source	9	9
s-allige,cladosporiumherbarum,home/mögel	u/ml	Source	27	27
s-allige,dermatophagoidespteronyssinus,pölypun	u/ml	Source	67	67
s-allige,dermatophagoidespteronyssinus,pölypunkki/dammvalster	u/ml	Source	35	35
s-allige,hasselpähkinä/hasselnöt	u/ml	Source	21	21
s-allige,hasselpähkinä/hasselnötosa	u/ml	Source	7	7
s-allige,hevonen(hilse)/häst(mjäll)	u/ml	Source	73	73
s-allige,kala(turska)/fisk(torsk)	u/ml	Source	11	10
s-allige,kissa(hilse)/katt(mjäll)	u/ml	Source	109	109
s-allige,kissa(hilse)/katt(mjäll)osa	u/ml	Source	23	23
s-allige,koira(hilse)/hund(mjäl)	u/ml	Source	113	113
s-allige,koira(hilse)/hund(mjäll)osa	u/ml	Source	52	51
s-allige,koivu/björk	u/ml	Source	212	212
s-allige,maapähkinä/jordnöt	u/ml	Source	21	21
s-allige,maapähkinä/jordnötosatutkimus	u/ml	Source	12	11
s-allige,manteli/mandel	u/ml	Source	7	7
s-allige,munanvalkuainen/äggvita	u/ml	Source	6	6
s-allige,munanvalkuainen/äggvitaosa	u/ml	Source	8	7
s-allige,pujo/grabo	u/ml	Source	115	115
s-allige,rarah8pr-10(f352,rekombinantti,ma	u/ml	Source	6	6
s-allige,rcora1(f428,rekombinantti,hasselpäh	u/ml	Source	14	14
s-allige,saksanpähkinä(ruoka-aine)/valnöt(föd	u/ml	Source	6	6
s-allige,soijapapu/sojaböna	u/ml	Source	7	7
s-allige,timotei/timotej	u/ml	Source	198	198
s-allige,vehnä(jauho)/vete(mjöl)	u/ml	Source	12	11
s-altalte	u/ml	Source	34	33
s-altalte		Extracted	6	6
s-amh	ug/l	Source	9414	7234
s-amh		Extracted	173	163
s-ami	mg/l	Source	270	82
s-ami		Extracted	39	22
s-aminors	nmol/l	Source	47	30
s-aminors		Extracted	11	11
s-amiod	umol/l	Source	30	27
s-amisul	ug/l	Source	16	7
s-amisulpridi	ug/l	Source	32	17
s-amitrip	nmol/l	Source	122	86
s-amitrip		Extracted	13	11
s-amokige	u/ml	Source	55	54
s-amokse	u/ml	Source	172	169
s-ampi5e	u/ml	Source	24	24
s-ampiainen,rekombinantti(rvesv5,i209),igevasta-ain	u/ml	Source	8	7
s-ampiaisenmyrkky(i3),igevasta-aineet	u/ml	Source	7	7
s-ampiaisenmyrkky,rekombinantti(rvesv1phospholipasea1,i211),igeva	u/ml	Source	7	7
s-ampimye	u/ml	Source	7	7
s-ampise	u/ml	Source	100	98
s-ampmyre	u/ml	Source	359	322
s-ampmyre		Extracted	39	38
s-amyl	u/l	Source	10384	8915
s-amyl		Extracted	89	83
s-amyl		Source	16	12
s-amylaasi	u/l	Source	56	55
s-amylp	u/l	Source	279	252
s-amylp		Extracted	54	49
s-amyls	u/l	Source	256	232
s-amyls		Extracted	49	44
s-amyltot	u/l	Source	11	10
s-ana	titre	Source	16685	12783
s-ana		Extracted	1241	1076
s-ana		QCOut	7	7
s-ana		Source	6	6
s-ana(ait)	titre	Source	114	105
s-ana-ab	titre	Source	35	35
s-ana-ab		Extracted	31	28
s-ana-ty	u/ml	Source	12	10
s-ana-ty		QCOut	61	57
s-anaab	titre	Source	701	640
s-anaab		Extracted	512	466
s-anaabbl		QCOut	38	37
s-ananase	u/ml	Source	45	44
s-anca,perinukleaarinenvärjäytymiskuvio	titre	Source	8	8
s-anca-p	titre	Source	36	13
s-androstendioni	nmol/l	Source	9	8
s-angiotensiini-1-konvertaasi	u/l	Source	16	14
s-anti-myllerhormoni	ug/l	Source	30	27
s-antistreptolysiini	iu/ml	Source	33	31
s-antistreptolysiini	u/ml	Source	10	10
s-antitry	g/l	Source	6546	6051
s-antitry		Extracted	549	523
s-apim10e	u/ml	Source	84	81
s-apim10e		Extracted	18	18
s-apob/a1		Source	2605	2050
s-apob/a1-suhde		Extracted	793	701
s-apob/apoa1-suhde		Extracted	16804	15846
s-apolipoproteiinia1	g/l	Source	265	244
s-apolipoproteiinib	g/l	Source	265	244
s-appelse	u/ml	Source	80	78
s-appelse		Extracted	6	6
s-aprikoe	u/ml	Source	7	7
s-aqp4ab	titre	Source	13	10
s-aridhas	nmol/l	Source	16	14
s-aridhas	ug/l	Source	87	76
s-aridhas		Extracted	21	17
s-aripi	nmol/l	Source	681	335
s-aripi	ug/l	Source	115	88
s-aripi		Extracted	110	69
s-aripipr	nmol/l	Source	228	133
s-aripipr	ug/l	Source	156	91
s-aripipratsoli	nmol/l	Source	11	9
s-aripipratsoli	ug/l	Source	9	8
s-aripipratsolinjadehydroaripipratsolinsumma	ug/l	Source	9	8
s-aripipratsolinjadehydroaripipratsolinyht.lask.pitoisuus	ug/l	Source	24	14
s-asat	iu/l	Source	247	190
s-asat	u/l	Source	22998	15342
s-asat		Extracted	7	7
s-asat		Source	63	59
s-asca-aba	u/ml	Source	9	7
s-asca-abg	u/ml	Source	8	7
s-ascaba	u/ml	Source	74	69
s-ascaba		Extracted	10	10
s-ascabg	u/ml	Source	61	56
s-ascabg		Extracted	7	7
s-asetoni	mmol/l	Source	42	32
s-asetylkoliinireseptori,vasta-aineet,akor-va	nmol/l	Source	7	6
s-asetyylikoliinireseptori,vasta-aineet	nmol/l	Source	10	8
s-asfuabe	u/ml	Source	6	6
s-asfuabe		Extracted	60	60
s-asfuabg	mg/l	Source	6	6
s-asiroe	u/ml	Source	91	91
s-aspartaattiaminotransferaasi	u/l	Source	554	477
s-aspeag	index	Source	39	11
s-aspergillusfumigatus,igevasta-aineet	u/ml	Source	62	58
s-aspergillusfumigatus,igevasta-aineet,rast	u/ml	Source	6	6
s-aspflae	u/ml	Source	12	11
s-aspflag	mg/l	Source	26	22
s-aspflag		Extracted	16	15
s-aspfume	u/ml	Source	2380	1615
s-aspfume		Extracted	120	117
s-aspfumg	mg/l	Source	685	539
s-aspfumg		Extracted	82	79
s-aspnige	u/ml	Source	13	13
s-aspvere	u/ml	Source	106	106
s-aspvere		Extracted	75	75
s-aspverg	mg/l	Source	54	53
s-ast	iu/ml	Source	2042	1866
s-ast	titre	Source	7	7
s-ast	u/ml	Source	391	355
s-ast		Extracted	149	144
s-ast		Source	6	6
s-asta	iu/ml	Source	185	160
s-asta	u/ml	Source	10	10
s-asta		Extracted	45	41
s-asveabe	u/ml	Source	7	6
s-asveabe		Extracted	60	60
s-asveabg	mg/l	Source	6	6
s-aukusie	u/ml	Source	21	21
s-aurkuke	u/ml	Source	9	9
s-aurpule	u/ml	Source	43	42
s-aurpule		Extracted	6	6
s-aurpulg	mg/l	Source	70	68
s-aurpulg		Extracted	44	43
s-avocade	u/ml	Source	17	17
s-avokade	u/ml	Source	21	21
s-b-hcg/d	ug/l	Source	39	38
s-b12	pmol/l	Source	46	43
s-b12-akt	pmol/l	Source	3424	1989
s-b12-tc2	pmol/l	QCOut	9	9
s-b12-tc2	pmol/l	Source	176273	104570
s-b12-tc2		Extracted	45908	28640
s-b12-tc2		Source	154	123
s-b12-vit	pmol/l	Source	76508	49916
s-b12-vit		Extracted	20276	11973
s-b12-vit		Source	38	37
s-b12-vitamiini	pmol/l	Source	578	551
s-b12-vitamiini		Source	10	10
s-b12-vitamiini(ko)	pmol/l	Source	48	45
s-b12-vitamiini(pi)	pmol/l	Source	39	34
s-b12-vitamiini,aktiivinen	pmol/l	Source	1134	921
s-b12-vitamiini,transkobalamiiniii:eensit.	pmol/l	Source	81	72
s-b12-vitamiini,transkobalamiiniii:eensitoutun	pmol/l	Source	1736	1407
s-b12-vitamiini,transkobalamiiniii:eensitoutunut,seerumista	pmol/l	Source	75	64
s-b12-vitamiini,transkobalamiiniii:nsitoutunut	pmol/l	Source	1049	993
s-b12-vitamiini.aktiivinen	pmol/l	Source	1127	1068
s-b12t-c2	pmol/l	Source	132	81
s-b12vit	pmol/l	Source	147	127
s-b1glob	g/l	Source	877	411
s-b1glob		Extracted	18	16
s-b2glob	g/l	Source	877	411
s-b2glob		Extracted	18	16
s-b2gpabg	sgu	Source	45	33
s-b2gpabg	u/ml	Source	317	246
s-b2gpabg		Extracted	49	38
s-b2gpabg		Source	10	10
s-b2gpabm	u/ml	Source	47	36
s-b2gpabm		Extracted	11	8
s-b2miglo	mg/l	Source	5767	3253
s-b2miglo		Extracted	218	181
s-b6-vit	nmol/l	Source	586	522
s-banaane	u/ml	Source	127	123
s-bartab	titre	Source	14	8
s-basilie	u/ml	Source	13	13
s-beeta-1	g/l	Source	261	227
s-beeta-1		Extracted	7	6
s-beeta-1-globuliini	g/l	Source	8	7
s-beeta-1-globuliini,fraktio	g/l	Source	60	57
s-beeta-2	g/l	Source	260	226
s-beeta-2		Extracted	7	6
s-beeta-2-globuliini	g/l	Source	11	9
s-beeta-2-globuliini,fraktio	g/l	Source	60	57
s-beeta-2-mikroglobuliini	mg/l	Source	95	84
s-belacte	u/ml	Source	73	46
s-beta-1	%	Source	11	11
s-beta-1	g/l	Source	27387	11673
s-beta-1		Extracted	2539	1934
s-beta-1-fraktio	g/l	Source	3035	1456
s-beta-1-globuliini,osatutkimuss-prot-fr	g/l	Source	109	95
s-beta-2	%	Source	11	11
s-beta-2	g/l	Source	27334	11644
s-beta-2		Extracted	2540	1934
s-beta-2-fraktio	g/l	Source	3006	1436
s-beta-2-fraktio		Extracted	7	7
s-beta-2-globuliini,osatutkimuss-prot-fr	g/l	Source	109	95
s-beta1	g/l	Source	1765	1009
s-beta1		Extracted	47	46
s-beta1-globuliini(valetietues-prot-fr)	g/l	Source	82	60
s-beta2	g/l	Source	1772	1017
s-beta2		Extracted	56	54
s-beta2-globuliini(valetietues-prot-fr)	g/l	Source	82	60
s-bil	umol/l	Source	15102	11519
s-bil		Extracted	472	389
s-bil		Source	11	10
s-bil-kj	umol/l	Source	4382	3496
s-bil-kj		Extracted	13	13
s-bilirubiini	umol/l	Source	59	57
s-björk	u/ml	Source	13	12
s-bloods		Source	10	7
s-bopeaba	iu/ml	Source	1073	1000
s-bopeaba	responseequivalent	Source	9	9
s-bopeaba		Extracted	154	138
s-bopeabg	iu/ml	Source	1168	1091
s-bopeabg	responseequivalent	Source	34	30
s-bopeabg	titre	Source	63	57
s-bopeabg		Extracted	127	119
s-bopeabm	index	Source	113	89
s-bopeabm	titre	Source	54	49
s-bopeabm		Extracted	87	79
s-bor-abg	ru/ml	Source	15	11
s-bor-abg	u/ml	Source	25	19
s-bor-abm	au/ml	Source	13	12
s-bor-abm	ru/ml	Source	37	31
s-borabc6	au	Source	14	14
s-borabc6	li	Source	27	27
s-borabgv	au/ml	Source	320	260
s-borabgv		Extracted	173	147
s-borabgvosat.	au/ml	Source	27	23
s-borabjt		QCOut	6	6
s-borabm	au/ml	Source	7	6
s-borabmo	au/ml	Source	8	8
s-borabmv	au/ml	Source	617	510
s-borabmv		Extracted	253	216
s-borabmvosat.	au/ml	Source	56	46
s-borc6ab		QCOut	10	9
s-bordetellapertussis,igavasta-aineet	iu/ml	Source	22	21
s-bordetellapertussis,igg-vasta-aineet	iu/ml	Source	13	11
s-bordetellapertussis,iggvasta-aineet	iu/ml	Source	32	30
s-borrab	au/ml	Source	18	12
s-borrab		Extracted	37	33
s-borrab,c6-indeksi		Source	19	19
s-borrabc6	li	Source	6	6
s-borrabg	au/ml	Source	1987	1566
s-borrabg	form	Source	15	12
s-borrabg	responseequivalent/ml	Source	1755	1316
s-borrabg	ru/ml	Source	524	429
s-borrabg	titre	Source	6	6
s-borrabg	u/ml	Source	27	21
s-borrabg		Extracted	407	324
s-borrabg		QCOut	172	141
s-borrabm	au/ml	Source	3380	2845
s-borrabm	form	Source	19	17
s-borrabm	responseequivalent/ml	Source	2780	2162
s-borrabm	ru/ml	Source	2255	1925
s-borrabm	titre	Source	7	7
s-borrabm		Extracted	716	588
s-borrabm		QCOut	55	43
s-borrc6	au	Source	21	15
s-borrc6	li	Source	62	53
s-borrc6	u	Source	10	10
s-borrelia,iggvasta-aineet	au/ml	Source	105	93
s-borrelia,iggvasta-aineet	u/ml	Source	19	19
s-borrelia,igmvasta-aineet	au/ml	Source	71	67
s-borrelia,igmvasta-aineet	responseequivalent/ml	Source	6	6
s-borrelia,igmvasta-aineet	ru/ml	Source	14	13
s-borrelia,vasta-aineet	form	Source	8	6
s-borrelia,vasta-aineetiggvarmistustutkimus	au/ml	Source	201	161
s-borrelia,vasta-aineetiggvarmistustutkimus		Extracted	20	20
s-borrelia,vasta-aineetigmvarmistustutkimus	au/ml	Source	411	341
s-borrelia,vasta-aineetigmvarmistustutkimus		Extracted	47	46
s-borreliaburgdorferi,iggvasta-aineet	au/ml	Source	51	47
s-borreliaburgdorferi,igmvasta-aineet	au/ml	Source	66	62
s-borreliaburgdorferi,igmvasta-aineet	responseequivalent/ml	Source	19	18
s-borreliaburgdorferi,igmvasta-aineet,varmistus	au/ml	Source	18	17
s-borreliaigg,vasta-aineet	au/ml	Source	14	10
s-borrigg	u/ml	Source	58	52
s-borrigg	u/mol	Source	10	10
s-bp180ab	u/ml	Source	7	6
s-br	mmol/l	Source	127	9
s-brucab	titre	Source	14	11
s-bta-2-fraktio	g/l	Source	35	30
s-bupre	ng/ml	Source	44	19
s-bupre	ug/l	Source	94	41
s-bupre		Extracted	11	6
s-c-anca	titre	Source	307	143
s-c-anca		Extracted	28	12
s-c-anca-vasta-aineet,immunofluoresenssi	titre	Source	15	8
s-c-ancif	titre	Source	162	119
s-c-ancif		Extracted	9	9
s-c-pep-a	nmol/l	Source	2839	2248
s-c-pep-a		Extracted	323	276
s-c-pepaj	nmol/l	Source	64	54
s-c-pept	nmol/l	Source	1452	1086
s-c-pept		Extracted	114	107
s-c-pept		Source	31	30
s-c-pept-a		Source	11	11
s-c-pept-r	nmol/l	Source	27	27
s-c-peptidi+gluk(2tuntiaateriasta)	nmol/l	Source	12	12
s-c-peptidi,2haterianjälkeen	nmol/l	Source	14	13
s-c-peptidi,proinsul.2haterianjälkeen	nmol/l	Source	14	13
s-c-peptidi,proinsuliinin,aterianjälkeen	nmol/l	Source	63	57
s-c-peptidi1haterianjäkeen	nmol/l	Source	57	47
s-c-peptidi1haterianjälkeen	nmol/l	Source	274	245
s-c-peptidiaterianjälkeen	nmol/l	Source	150	140
s-c-peptidikaksituntiaaterianjälkeen	nmol/l	Source	82	75
s-c-reaktiivinenproteiini	mg/l	Source	773	612
s-c-reaktiivinenproteiini(kval)	form	Source	7	7
s-c-reaktiivinenproteiini,herkkä	mg/l	Source	813	739
s-c-reaktiivinenproteiini,herkkä,seerumista	mg/l	Source	51	28
s-c-reaktiivinenproteiini,herkkä,seerumista/vapaty2	mg/l	Source	17	17
s-c-reaktiivinenproteiini,pika	mg/l	Source	77	66
s-c-reaktiivinenproteiini,pika		Extracted	48	41
s-c-reaktiivinenproteiini/	mg/l	Source	191	168
s-c1-esteraasininhibiittori	g/l	Source	17	17
s-c1-esteraasininhibiittori,aktiivisuus	%	Source	12	12
s-c1inh	g/l	Source	1515	1267
s-c1inh		Extracted	429	372
s-c1inhbk	%	Source	404	366
s-c1inhbk	g/l	Source	8	8
s-c1inhbk		Extracted	22	22
s-c3	g/l	Source	10598	6594
s-c3		Extracted	302	256
s-c3h	g/l	Source	7	7
s-c4	g/l	Source	10431	6458
s-c4		Extracted	299	251
s-c4h	g/l	Source	7	7
s-ca	g/l	Source	8	6
s-ca	mmol/l	Source	19207	15153
s-ca		Extracted	66	64
s-ca		Source	6	6
s-ca(7.4)	mmol/l	Source	115492	29396
s-ca(7.4)	nmol/l	Source	93	78
s-ca(7.4)		Extracted	16037	8602
s-ca(7.4)		Source	394	204
s-ca(akt)	mmol/l	Source	86215	19634
s-ca(akt)		Extracted	11912	6859
s-ca++/7.40		Extracted	5861	4518
s-ca-17.4	mmol/l	Source	835	393
s-ca-akt	mmol/l	Source	5288	2755
s-ca-albk	mmol/l	Source	9050	7093
s-ca-albk		Extracted	55	48
s-ca-i7.4	mmol/l	Source	45579	14577
s-ca-i7.4		Extracted	1212	654
s-ca-i7.4		Source	20	20
s-ca-ion	mmol/l	Source	460023	114233
s-ca-ion		Extracted	25112	16676
s-ca-ion		Source	235	190
s-ca-iona	mmol/l	Source	382346	90333
s-ca-iona		Extracted	11922	7274
s-ca-iona		Source	386	315
s-ca12-5	u/ml	Source	43197	13093
s-ca12-5		Extracted	370	280
s-ca12-5		Source	9	7
s-ca12-5antigeeni	u/ml	Source	416	172
s-ca125kj	u/ml	Source	12	11
s-ca15-3	u/ml	Source	23048	6188
s-ca15-3		Extracted	48	41
s-ca15-3		Source	16	6
s-ca15-3antigeeni	u/ml	Source	784	383
s-ca153kym	u/ml	Source	71	67
s-ca153ver	u/ml	Source	231	222
s-ca19-9	u/ml	Source	44367	12589
s-ca19-9		Extracted	335	279
s-ca19-9antigeeni	u/ml	Source	583	246
s-ca19-9v	u/ml	Source	9	9
s-ca199ver	u/ml	Source	427	408
s-caalbk	mmol/l	Source	7	7
s-caio7.4	mmol/l	Source	860	372
s-caion7.4	mmol/l	Source	5310	1513
s-caionac	mmol/l	Source	863	372
s-caknab	index	Source	40	38
s-cakpqab	pmol/l	Source	10	10
s-campaba	titre	Source	480	455
s-campaba	u/ml	Source	52	51
s-campaba		Extracted	62	59
s-campabg	titre	Source	418	389
s-campabg	u/ml	Source	130	125
s-campabg		Extracted	53	47
s-campabm	titre	Source	543	510
s-campabm		Extracted	72	66
s-canalbe	u/ml	Source	26	26
s-caph7.4	mmol/l	Source	5238	2741
s-caph7.4		Extracted	51	33
s-cashewpähkinä(f202),igevasta-aineet	u/ml	Source	34	33
s-cashewpähkinä,igevasta-aineet	u/ml	Source	12	12
s-caspek	u/ml	Source	6	6
s-caspähe	u/ml	Source	894	826
s-caspähe		Extracted	21	20
s-ccpab	eliau/ml	Source	5657	5282
s-ccpab	form	Source	444	381
s-ccpab	u/ml	Source	30305	24723
s-ccpab		Extracted	7572	6676
s-ccpab		Source	39	37
s-cdt	%	Source	89543	52808
s-cdt	u/l	Source	35	30
s-cdt		Extracted	12283	8320
s-cdt		Source	150	114
s-cea	ug/l	Source	87770	23242
s-cea		Extracted	2338	1507
s-cea		Source	14	8
s-ceakaj	ug/l	Source	15	13
s-ceakym	ug/l	Source	141	118
s-ceaver	ug/l	Source	789	743
s-cefacie	u/ml	Source	177	174
s-cefacie		Extracted	8	8
s-cefacle	u/ml	Source	64	63
s-cenp	u/ml	Source	17	12
s-cenp-ab	u/ml	Source	169	131
s-cenp-ab		Extracted	18	18
s-cer1	umol/l	Source	109	108
s-cer1/3	umol/l	Source	111	110
s-cer2	umol/l	Source	110	109
s-cer2/3	umol/l	Source	111	110
s-cer3	umol/l	Source	111	110
s-cer4	umol/l	Source	111	110
s-cer4/3	umol/l	Source	117	116
s-ch100al	%	Source	1504	1179
s-ch100al		Extracted	6	6
s-ch100cl	%	Source	1516	1191
s-ch100cl		Extracted	8	8
s-ch100l	%	Source	1346	1037
s-ch100mbl	%	Source	143	135
s-che	u/ml	Source	7	6
s-chipipe	u/ml	Source	66	65
s-chlacf	titre	Source	27	26
s-chlamydiapneumoniae(twar),iggvasta-aineet	eiu	Source	20	19
s-chlamydiapneumoniae,abgvasta-aineet	bu/ml	Source	8	7
s-chlamydiapneumoniae,iga-vasta-aineet	au/ml	Source	27	22
s-chlamydiapneumoniae,igavasta-aineet	u/ml	Source	11	10
s-chlamydiapneumoniae,igavasta-aineet		Extracted	12	11
s-chlamydiapneumoniae,igg-vasta-aineet	eiu	Source	7	6
s-chlamydiapneumoniae,iggvasta-aineet	au/ml	Source	49	44
s-chlamydiapneumoniae,iggvasta-aineet	bu/ml	Source	12	12
s-chlamydiapneumoniae,iggvasta-aineet	eiu	Source	55	53
s-chlamydiapneumoniae,iggvasta-aineet	u/ml	Source	10	9
s-chlamydiapneumoniae,iggvasta-aineet		Extracted	12	11
s-chlamydiapneumoniae,igmvasta-aineet		Extracted	18	16
s-chlamydiatrachomatis,igg-vasta-aineet	au/ml	Source	13	11
s-chlorhe	u/ml	Source	18	18
s-chpnaba	au/ml	Source	9	8
s-chpnaba	eiu	Source	328	287
s-chpnaba	u/ml	Source	1649	1441
s-chpnaba		Extracted	35	35
s-chpnaba		QCOut	8	8
s-chpnaba		Source	642	584
s-chpnabg	au/ml	Source	29	22
s-chpnabg	bu/ml	Source	467	411
s-chpnabg	eiu	Source	1826	1680
s-chpnabg	form	Source	22	20
s-chpnabg	titre	Source	435	387
s-chpnabg	u/ml	Source	1518	1335
s-chpnabg		Extracted	639	585
s-chpnabg		Source	655	596
s-chpnabm	index	Source	841	747
s-chpnabm	u/ml	Source	23	22
s-chpnabm		Extracted	40	39
s-chpnabm		QCOut	14	14
s-chpnabm		Source	1314	1158
s-chtraba	u/ml	Source	43	43
s-chtraba		Extracted	8	7
s-chtraba		Source	17	16
s-chtrabg	au/ml	Source	20	19
s-chtrabg	eiu	Source	12	12
s-chtrabg	s/co	Source	8	7
s-chtrabg	s/cou	Source	20	19
s-chtrabg	titre	Source	13	13
s-chtrabg	u/ml	Source	713	684
s-chtrabg		Extracted	17	17
s-chtrabg		Source	27	24
s-cic	ugeq/ml	Source	622	555
s-ck	u/l	Source	11558	8894
s-ck		Extracted	30	30
s-ck		Source	24	23
s-ck-b	u/l	Source	17	17
s-ck-bb	%	Source	11	9
s-ck-bb	u/l	Source	62	60
s-ck-bb		Extracted	15	15
s-ck-mb	%	Source	100	92
s-ck-mb	u/l	Source	223	209
s-ck-mb		Extracted	36	28
s-ck-mbm	ug/l	Source	39	32
s-ck-mbm		Extracted	23	22
s-ck-mm	%	Source	113	104
s-ck-mm	u/l	Source	171	162
s-ck-mm		Extracted	37	30
s-ck-tot	u/l	Source	87	84
s-ckmb	ug/l	Source	6	6
s-cl	mmol/l	Source	194	122
s-cladcle	u/ml	Source	109	108
s-cladcle		Extracted	26	26
s-cladclg	mg/l	Source	21	21
s-cladhee	form	Source	7	7
s-cladhee	u/ml	Source	2129	2038
s-cladhee		Extracted	175	174
s-cladosporiumherbarum(m2),ige-vasta-aineet	u/ml	Source	162	162
s-cladosporiumherbarum(m2),igevasta-aineet	u/ml	Source	8	8
s-cladosporiumherbarum,igevasta-aineet	u/ml	Source	145	143
s-cladosporiumherbarum,igevasta-aineet(ko)	u/ml	Source	8	8
s-claher	form	Source	8	7
s-clahere	u/ml	Source	2058	1936
s-clahere		Extracted	118	118
s-clclabe	u/ml	Source	6	6
s-clclabe		Extracted	60	60
s-clostridiumtetani,iggvasta-aineet	iu/ml	Source	20	20
s-clostridiumtetani,vasta-aineet	iu/ml	Source	10	10
s-clteab	iu/ml	Source	313	283
s-clteab	spu/ml	Source	68	66
s-clteab		Extracted	212	183
s-clteab		Source	12	12
s-clteabg	iu/ml	Source	117	112
s-clteabg		Extracted	27	27
s-cmv-abg	eiu	Source	15	14
s-cmv-abg	u/ml	Source	8	7
s-cmvabg	au/ml	Source	3504	2738
s-cmvabg	eiu	Source	1562	1043
s-cmvabg	u/ml	Source	2766	2139
s-cmvabg		Extracted	286	255
s-cmvabg		QCOut	20	20
s-cmvabm	u/ml	Source	229	185
s-cmvabm		Extracted	150	130
s-cmvabm		QCOut	29	23
s-cmvavi	index	Source	119	110
s-cmvavi		Extracted	469	426
s-cmvavi		Source	272	265
s-cmvcf	titre	Source	10	10
s-cmvcf		Extracted	7	7
s-cob5abg	eiu	Source	173	162
s-cobuabg		Extracted	9	6
s-codiab	iu/ml	Source	254	218
s-codiab	spu/ml	Source	57	55
s-codiab		Extracted	171	147
s-codiab		Source	10	10
s-cora14e	u/ml	Source	784	707
s-cora14e		Extracted	115	114
s-cora9e	u/ml	Source	477	453
s-cora9e		Extracted	107	106
s-covid-19-koronavirustauti,iga-vasta-aineet		QCOut	99	72
s-covid-19-koronavirustauti,igg-vasta-aineet		QCOut	147	122
s-covid-19-koronavirustauti,piikkiproteiinivasta-aineet	au/ml	Source	87	69
s-cpept-a	nmol/l	Source	94	84
s-cpn-abg	eiu	Source	15	15
s-crmp5ab	index	Source	25	23
s-crp	form	Source	43	24
s-crp	mg/l	Source	153116	76305
s-crp	mg/ml	Source	7	7
s-crp		Extracted	686	398
s-crp		Source	909	400
s-crp,herkkä	mg/l	Source	6628	5400
s-crp,herkkämenete	mg/l	Source	21	21
s-crp-o	form	Source	302	200
s-crp-o	mg/l	Source	2521	1513
s-crp-o	u/ml	Source	10	10
s-crp-o		Extracted	658	388
s-crp-o		Source	1077	613
s-crpsens	mg/l	Source	17	16
s-crpsens		Extracted	11	10
s-ctdscr		Source	104	103
s-cu	umol/l	Source	1478	1112
s-cu		Extracted	130	109
s-currye	u/ml	Source	11	11
s-cv19abg		QCOut	60	58
s-cv19sab	au/ml	Source	149	140
s-cv19sab	u/ml	Source	15	13
s-cvdrisk	%	Source	10	7
s-cvdscor		Source	10	7
s-cytomegalovirus,abgvasta-aineet	u/ml	Source	16	16
s-cytomegalovirus,iggvasta-aineet	au/ml	Source	19	15
s-cytomegalovirus,iggvasta-aineet	eiu	Source	72	56
s-cytomegalovirus,iggvasta-aineet	u/ml	Source	58	55
s-cytomegalovirus,iggvasta-aineet,infektiotutkimus	u/ml	Source	8	8
s-d-1	pmol/l	Source	4661	3884
s-d-1		Extracted	50	50
s-d-1,25	pmol/l	Source	695	622
s-d-1,25		Extracted	630	550
s-d-1-1,2	pmol/l	Source	6	6
s-d-1-1,2		Extracted	18	17
s-d-1.25	pmol/l	Source	63	38
s-d-25	nmol/l	Source	380163	165586
s-d-25		Extracted	15426	10865
s-d-25		Source	70	61
s-d-25-32	nmol/l	Source	1938	1211
s-d-25-32		Extracted	75	73
s-d-vitamiini-1,25-oh	pmol/l	Source	40	38
s-d-vitamiini-25-oh	nmol/l	Source	6314	4705
s-d-vitamiini-25-oh,d3-jad2-muodot	nmol/l	Source	47	46
s-d-vitamiini-25-oh=kolekalsidioli	nmol/l	Source	28	27
s-d-vitamiini-oh	nmol/l	Source	254	242
s-d2+d3-25	nmol/l	Source	29	27
s-d2-25	nmol/l	Source	140	103
s-d2d3-25	nmol/l	Source	30	28
s-d3-25	nmol/l	Source	2262	1495
s-d3-25		Extracted	86	84
s-d3-vitamiini-25-oh	nmol/l	Source	46	45
s-damm-gr	u/ml	Source	38	35
s-dehydroaripipratsoli	ug/l	Source	33	22
s-dehydroepiandrosteroni	nmol/l	Source	7	6
s-dehydroepiandrosteroni,sulfaatti	umol/l	Source	29	27
s-dengabg	titre	Source	35	33
s-dermatohpagoidespteronyssinus(d1),igevasta-aineet	u/ml	Source	31	31
s-dermatomyosiittiantigeenimi2,vasta-aineet	u/ml	Source	23	22
s-dermatophagoidespteronyssimus(d1),igevasta-aineet	u/ml	Source	11	11
s-dermatophagoidespteronyssinus(d1),ige-vasta-aineet	u/ml	Source	50	50
s-dermatophagoidespteronyssinus(d1),igevasta-aineet	u/ml	Source	64	64
s-dermatophagoidespteronyssinus,igevasta-ainee	u/ml	Source	7	7
s-dermatophagoidespteronyssinus,igevasta-aineet	u/ml	Source	163	161
s-dermatophagoidespteronyssinus,igevasta-aineet,kotipölypunkki,rast,allergia	u/ml	Source	9	9
s-dermatophagoidespteronyssinusigevasta-aineet	u/ml	Source	27	27
s-derp10e	u/ml	Source	9	9
s-desamio	umol/l	Source	26	23
s-desialotransferriin	%	Source	42	36
s-desialotransferriini	%	Source	995	770
s-desialotransferriini	u/l	Source	17	16
s-desialotransferriini,-osuus	%	Source	87	74
s-desialotransferriini,kontrollitutkimus	mg/l	Source	54	49
s-desital	nmol/l	Source	36	33
s-desital		Extracted	12	10
s-desmetyyliklotsapiini	nmol/l	Source	1806	424
s-desmetyyliklotsapiini	umol/l	Source	42	13
s-desmetyyliklotsapiini,klotsapiininmetaboliitti	nmol/l	Source	15	7
s-desmetyylivenlafaksiini	nmol/l	Source	15	14
s-desvenl	nmol/l	Source	249	157
s-desvenl		Extracted	32	26
s-dfarine	u/ml	Source	49	49
s-dgpab	au	Source	10	10
s-dgpaba	au	Source	235	229
s-dgpaba	eliau/ml	Source	2482	2405
s-dgpaba	u/ml	Source	974	913
s-dgpaba		Extracted	129	115
s-dgpaba		Source	31	31
s-dgpabg	au	Source	590	569
s-dgpabg	eliau/ml	Source	1023	976
s-dgpabg	u/ml	Source	500	432
s-dgpabg		Extracted	469	429
s-dgpabg		Source	37	35
s-dharipi	nmol/l	Source	15	13
s-dharipi	ug/l	Source	88	76
s-dharipi		Extracted	20	16
s-dhea	nmol/l	Source	334	262
s-dhea		Extracted	23	20
s-dheas	umol/l	Source	3584	2814
s-dheas		Extracted	352	316
s-dhtesto	nmol/l	Source	31	27
s-diabetesresistenssi		Extracted	265	244
s-diabres		Source	10	7
s-digoks	nmol/l	Source	18447	6145
s-digoks	ug/l	Source	652	284
s-digoks		Extracted	3558	1564
s-digoksiini	nmol/l	Source	439	246
s-digoksiinipitoisuus	nmol/l	Source	15	13
s-digoxin	nmol/l	Source	43	13
s-dmicroe	u/ml	Source	13	13
s-dmklots	nmol/l	Source	13627	1506
s-dmklots	umol/l	QCOut	64	23
s-dmklots	umol/l	Source	8457	952
s-dmklots	âumol/l	Source	32	14
s-dmklots		Extracted	1915	420
s-dmklots		Source	22	12
s-dmriski	%	Source	16	16
s-dmriski	form	Source	8	7
s-dmriski		Extracted	15	15
s-dmriski		Source	29	29
s-dmriskiluku	%	Source	21	20
s-dmvenla	nmol/l	Source	8	7
s-dna,natiivi,vasta-aineet	iu/ml	Source	23	21
s-dna,natiivi,vasta-aineet	kiu/l	Source	310	248
s-dna,vasta-aineet(natiivi)	iu/ml	Source	32	12
s-dna,vasta-aineet,natiivi(doublestranded,eia)	kiu/l	Source	61	58
s-dnaab	iu/ml	Source	733	218
s-dnaab		Extracted	609	198
s-dnan-ab	iu/ml	Source	120	96
s-dnan-ab	titre	Source	55	14
s-dnanab	iu/ml	Source	3166	1496
s-dnanab	kiu/l	Source	1143	691
s-dnanab	titre	Source	46	31
s-dnanab	u/ml	Source	2078	1454
s-dnanab		Extracted	575	295
s-dnanab		Source	9	8
s-dnanab.	kiu/l	Source	1572	829
s-dnanab.		Extracted	1972	1284
s-dokosaheksaeenihaponsuhdekokonaisrasvahappoih	%	Source	255	236
s-dokosaheksaeenihappo	mmol/l	Source	256	237
s-dpteroe	form	Source	18	17
s-dpteroe	u/ml	Source	5301	4833
s-dpteroe		Extracted	441	431
s-dpterony	u/ml	Source	16	15
s-dsg1ab	iu	Source	10	8
s-dsg1ab	u/ml	Source	116	50
s-dsg3ab	iu	Source	18	14
s-dsg3ab	u/ml	Source	215	97
s-dt4v	pmol/l	Source	82	63
s-dvenlaf	nmol/l	Source	46	36
s-e-vit	umol/l	Source	10	8
s-e-vit		Extracted	10	8
s-e1	pmol/l	Source	123	111
s-e1		Extracted	7	7
s-e2	nmol/l	Source	9705	6668
s-e2		Extracted	744	600
s-ebavavi	%	Source	12	11
s-ebnaab	u/ml	Source	134	118
s-ebnaab		Extracted	15	13
s-ebstein-barriggvasta-aineet	u/ml	Source	8	8
s-ebv-abg	eiu	Source	8	7
s-ebv-abg	u/ml	Source	13	13
s-ebvabg	eiu	Source	810	665
s-ebvabg	form	Source	9	8
s-ebvabg	u/ml	Source	7537	6263
s-ebvabg		Extracted	408	396
s-ebvabg		QCOut	42	37
s-ebvabm	u/ml	Source	185	170
s-ebvabm		Extracted	52	47
s-ebvabm		QCOut	80	67
s-ebvavi	%	Source	221	199
s-ebvnabg	u/ml	Source	254	230
s-echiab	od	Source	15	15
s-echiab.	od	Source	72	66
s-ecp	mg/l	QCOut	11	11
s-ecp	ug/l	Source	4738	1949
s-ecp		Extracted	67	60
s-elf		Extracted	23	22
s-eläi1er	u/ml	Source	85	82
s-eläi1ry	u/ml	Source	11	11
s-eläiner	u/ml	Source	220	218
s-eläiner		Extracted	61	60
s-eläinerittely(ex1),igevasta-aineet	u/ml	Source	9	9
s-eläinerittely,igevasta-aineet	u/ml	Source	25	25
s-eläinryhmä,igevasta-aineet	u/ml	Source	25	25
s-eläiryh	u/ml	Source	42	38
s-eläiryh		Extracted	23	23
s-el�i1er	u/ml	Source	38	38
s-el�i1ry	u/ml	Source	14	14
s-emaaba	titre	Source	8	6
s-emaba	titre	Source	834	655
s-emaba		Extracted	144	114
s-emabg	titre	Source	13	11
s-ena		Extracted	35	32
s-ena		Source	520	493
s-ena,seu	ratio	Source	38	35
s-enaab	ratio	Source	235	180
s-enaab	u/ml	Source	1690	1397
s-enaab		Extracted	1793	1639
s-enaab		QCOut	95	85
s-enaab		Source	180	178
s-enaabl		Source	13	13
s-enaabla		QCOut	235	206
s-enaabla		Source	7	7
s-enaseul		QCOut	79	72
s-endoaba	titre	Source	7	6
s-endomysium,igavasta-aineet	titre	Source	22	21
s-endoteelikasvutekijänliukoinenreseptori	ng/l	Source	57	46
s-enteabg	index	Source	6	6
s-entlyse	u/ml	Source	49	41
s-envabcf	titre	Source	46	41
s-envopab	index	Source	6	6
s-eosinofiilistengranulos.kationinenproteiini	ug/l	Source	12	9
s-eosinofiilistengranulosyyttienkationinenprot	ug/l	Source	17	13
s-eosinofiilistengranylos.kationinenprot.	ug/l	Source	6	6
s-epo	iu/l	Source	2343	1853
s-epo	pmol/l	Source	44	39
s-epo	u/l	Source	5377	4248
s-epo		Extracted	951	874
s-epo		Source	12	9
s-epstein-barr-virus,iggva,immuniteet	u/ml	Source	12	11
s-epstein-barr-virus,iggvasta-aineet	u/ml	Source	17	17
s-epstein-barrinvirus,igg-vasta-aineet	u/ml	Source	12	10
s-epstein-barrvirus,abgvasta-aineet	u/ml	Source	18	18
s-epstein-barrvirus,iggvasta-aineet	u/ml	Source	75	70
s-epstein-barrvirus,iggvasta-aineet,immuniteettitutkimus	u/ml	Source	34	33
s-erytropoietiini	iu/l	Source	121	116
s-erytropoietiini	u/l	Source	269	257
s-estdio	nmol/l	Source	341	299
s-estdio		Extracted	82	80
s-estdiol	nmol/l	Source	648	351
s-estdiol		Extracted	36	33
s-estradioli	nmol/l	Source	45	42
s-estradioli,lapset	nmol/l	Source	14	12
s-estroni	pmol/l	Source	25	25
s-etane	mg/l	Source	255	199
s-etane		Extracted	31	26
s-etanersepti	mg/l	Source	11	10
s-etgly	mmol/l	Source	72	11
s-etoh	g/l	Source	84	63
s-etoh	mmol/l	Source	73	67
s-etoh	promille	Source	1369	1077
s-etoh		Extracted	713	583
s-etohgc	mmol/l	Source	44	41
s-etohgc		Extracted	15	13
s-etosux	umol/l	Source	60	16
s-evirabg	eiu	Source	277	259
s-evirabg		Extracted	8	7
s-evirabg		Source	15	15
s-evircf	titre	Source	408	354
s-evircf		Extracted	27	25
s-fabal		Source	10	7
s-fakb	g/l	Source	27	26
s-fascab	od	Source	120	113
s-fascab		Extracted	16	16
s-fascab.	od	Source	7	7
s-feld4e	u/ml	Source	7	7
s-fenob	umol/l	Source	228	27
s-fenyt	umol/l	Source	1397	446
s-fenyt		Extracted	94	31
s-fenytv	umol/l	Source	244	108
s-fenytv		Extracted	29	18
s-fenyylialaniini	mmol/l	Source	265	244
s-ferrit	ug/l	Source	228321	97993
s-ferrit	umol/l	Source	15	14
s-ferrit		Extracted	665	487
s-ferrit		Source	106	76
s-ferritiini	ug/l	Source	670	431
s-ferritiini(ko)	ug/l	Source	97	74
s-ferritiini(pi)	ug/l	Source	267	147
s-ffa	mmol/l	Source	518	96
s-fibrill	u/ml	Source	9	9
s-fibrilla	u/ml	Source	150	147
s-fibrillarin,vasta-aineet	u/ml	Source	48	45
s-filaab	od	Source	35	35
s-filaab		Extracted	25	24
s-filaab.	od	Source	100	93
s-fit/pgf		Extracted	59	50
s-fit/pgf		Source	76	59
s-flekain	umol/l	Source	325	189
s-flekain		Extracted	75	56
s-flt/pgf		Extracted	7	7
s-flt/pgf		Source	315	198
s-flunors	nmol/l	Source	14	12
s-fluoks	nmol/l	Source	43	26
s-follikkeliastimul.horm.	u/l	Source	6	6
s-follikkeliastimuloivahormoni	iu/l	Source	416	376
s-follikkeliastimuloivahormoni	u/l	Source	80	78
s-follikkeliastimuloivahormoni(ko)	u/l	Source	27	25
s-follikkeliastimuloivahormoni,seerumista	iu/l	Source	23	23
s-formale	u/ml	Source	6	6
s-formige	u/ml	Source	19	19
s-fosfaatti	mmol/l	Source	13	12
s-fosfolipaasi-a2-reseptori,vasta-aineet	titre	Source	34	11
s-fpsa	ug/l	Source	29	28
s-frtuab	titre	Source	108	87
s-frtuab		Extracted	21	14
s-frtuabg	titre	Source	9	8
s-fsh	iu/l	Source	14866	11577
s-fsh	u/l	Source	14214	11129
s-fsh		Extracted	6125	4800
s-fsh		Source	8	8
s-fumoabe	u/ml	Source	6	6
s-fumoabe		Extracted	60	60
s-fusariummoniliformae,igevasta-aineet	u/ml	Source	12	12
s-fusmone	u/ml	Source	104	104
s-fusmone		Extracted	58	58
s-fusmong	mg/l	Source	37	37
s-fx29ryh	u/ml	Source	9	9
s-fx31ryh	u/ml	Source	6	6
s-fx7ryh	u/ml	Source	6	6
s-gabapen	umol/l	Source	20	18
s-gad-ab	ru	Source	19	16
s-gadab	iu/ml	Source	1685	1551
s-gadab	ru	Source	443	404
s-gadab	u/l	Source	8	7
s-gadab	u/ml	Source	25	23
s-gadab		Extracted	1033	953
s-gamma	%	Source	11	11
s-gamma	g/l	Source	28537	12585
s-gamma		Extracted	2677	2041
s-gamma-fraktio	g/l	Source	2353	1153
s-gamma-globuliini(valetietues-prot-fr)	g/l	Source	82	60
s-gamma-globuliini,osatutkimuss-prot-fr	g/l	Source	109	95
s-gammafraktio	g/l	Source	694	313
s-gammaglobuliini	g/l	Source	7	6
s-gammaglobuliini,fraktio	g/l	Source	60	57
s-gangabg	%	Source	46	40
s-gangabg	index	Source	9	9
s-gangabg		Extracted	21	21
s-gangabm	%	Source	18	12
s-gangabm	index	Source	9	9
s-gangabm		Extracted	21	21
s-gastr17	pmol/l	Source	95	95
s-gbmab	u/ml	Source	106	11
s-gbmif	titre	Source	14	7
s-gd1aabg	index	Source	20	20
s-gd1aabm	index	Source	14	14
s-gdomese	u/ml	Source	34	34
s-gelate	u/ml	Source	18	17
s-gen	mg/l	Source	370	93
s-gen		Extracted	49	17
s-genta	mg/l	Source	49	20
s-gglobul	g/l	Source	877	411
s-gglobul		Extracted	18	16
s-gh	ug/l	Source	218	118
s-gh		Extracted	27	23
s-gliade	u/ml	Source	9	9
s-gliadie	u/ml	Source	522	493
s-gliadie		Extracted	111	110
s-gliadiini(f98),igevasta-aineet	u/ml	Source	11	11
s-gliadiinipeptidi,igavasta-aineet	au	Source	14	14
s-gliadiinipeptidi,iggvasta-aineet	au	Source	14	14
s-gliadiinipeptidit,deamidoidut,iga-vasta-aineet	u/ml	Source	304	299
s-gliadiinipeptidit,deamidoidut,igavasta-aineet	u/ml	Source	8	8
s-gliadiinipeptidit,deamidoidut,igg-vasta-aineet	u/ml	Source	95	93
s-glpeaba		Source	63	62
s-glpeabg		Source	63	62
s-glpepaba	u/ml	Source	16	16
s-glpepabg	au	Source	181	176
s-glpepabg	u/ml	Source	10	9
s-glpepabg		Extracted	9	8
s-glpepiga	au	Source	9	9
s-glpepiga		Source	8	8
s-glpepigg	au	Source	9	9
s-glpepigg		Source	8	8
s-gluk	mmol/l	Source	305	256
s-glukoosi	mmol/l	Source	265	244
s-glukoosi,2hnäyte	mmol/l	Source	13	13
s-glukr0h	mmol/l	Source	8	7
s-glukr2h	mmol/l	Source	11	11
s-glutamaattidekarboksylaasi(gad),vasta-aineet	iu/ml	Source	61	59
s-glutamaatttidekarboksylaasi(gad),vasta-aineet	iu/ml	Source	10	9
s-glutamyylitranferaasi-desialotransferriini		Extracted	8	7
s-glutamyylitransferaasi	u/l	Source	861	740
s-glutamyylitransferaasi-desialotransferriini		Extracted	45	42
s-glutamyylitransferaasi-desialotransferriini		Source	209	162
s-gluteee	u/ml	Source	123	121
s-gluteie	u/ml	Source	16	16
s-gluteie		Extracted	7	7
s-glykoproteiininasetylaatio	mmol/l	Source	265	244
s-glysiini	mmol/l	Source	265	244
s-golim	mg/l	Source	772	445
s-golim		Extracted	113	84
s-golimab	au/ml	Source	19	17
s-golimumabi	mg/l	Source	91	75
s-goodpab	u/ml	Source	80	29
s-goodpab		Extracted	24	17
s-goodpk	u/ml	Source	175	28
s-goodpk		Extracted	29	10
s-gpene	u/ml	Source	156	153
s-gpenige	u/ml	Source	61	60
s-gq1babg	index	Source	22	22
s-gq1babm	index	Source	20	20
s-gråbo	u/ml	Source	13	12
s-gt	iu/l	Source	216	174
s-gt	u/l	Source	178336	95682
s-gt		Extracted	236	195
s-gt		Source	454	377
s-gt-cdt	%	Source	13	6
s-gt-cdt		Extracted	20	10
s-gt-cdt		Source	2610	1269
s-haaraketjuistenaminohappojen(leusiini+isole	mmol/l	Source	264	243
s-hage		Source	10	7
s-halop	nmol/l	Source	30	13
s-halop	ug/l	Source	56	33
s-hamsepe	u/ml	Source	24	22
s-hamstee	u/ml	Source	12	12
s-happamuusaste		Source	2866	1120
s-happamuusaste,seerumi	ph	Source	41	22
s-haptog	g/l	Source	10330	6655
s-haptog		Extracted	996	896
s-haptog		Source	146	91
s-haptoglobiini	g/l	Source	99	89
s-haptryh	u/ml	Source	7	6
s-haspähe	u/ml	Source	50	49
s-haspähe		Extracted	6	6
s-hasp�he	u/ml	Source	632	604
s-hasp�he		Extracted	37	36
s-hasselpähkinä(f17),ige-vasta-aineet	u/ml	Source	14	14
s-hasselpähkinä,igevasta-aineet	u/ml	Source	6	6
s-hasspäe	u/ml	Source	469	448
s-hasspäe		Extracted	33	32
s-havab		QCOut	33	33
s-havabg		QCOut	98	96
s-havtot		QCOut	790	743
s-hbcab		QCOut	534	344
s-hbeab		QCOut	51	31
s-hbs-ab	iu/l	Source	29	29
s-hbs-ab	miu/ml	Source	28	27
s-hbsab	form	Source	14	12
s-hbsab	iu/l	Source	1584	1479
s-hbsab	miu/ml	Source	6885	5475
s-hbsab	mlu/l	Source	54	40
s-hbsab	u/l	Source	1267	1165
s-hbsab		Extracted	1017	925
s-hbvnh	iu/ml	Source	55	18
s-hbvnh		Extracted	56	22
s-hcg	iu/l	Source	1874	1025
s-hcg	u/l	Source	5922	2793
s-hcg		Extracted	630	469
s-hcg(tot)	iu/l	Source	10	9
s-hcg-a	pmol/l	Source	40	37
s-hcg-b	u/l	Source	58	38
s-hcg-b		Extracted	19	6
s-hcg-b-alayksikkö/down-seula	ug/l	Source	6	6
s-hcg-b-v	pmol/l	Source	1108	428
s-hcg-b-v	ug/l	Source	15974	10526
s-hcg-b-v		Extracted	2176	1937
s-hcg-b-v		Source	8	8
s-hcg-b/d	ug/l	Source	195	189
s-hcg-b/d		Extracted	42	40
s-hcg-o		QCOut	17	15
s-hcg-tot	iu/l	Source	49	31
s-hcg-tot	u/l	Source	131	79
s-hcgb	ug/l	Source	22	20
s-hcgb-alayksikkö,vapaa	ug/l	Source	212	205
s-hcgb-v	pmol/l	Source	10	10
s-hcgbsuh	%	Source	9	9
s-hcgbv	ug/l	Source	3397	2620
s-hcgbv		Extracted	691	653
s-hcgbv-w	ug/l	Source	18	18
s-hcgbv/d	ug/l	Source	14513	9986
s-hcgbv/d		Extracted	4989	3932
s-hcgbvtr	ug/l	Source	1332	1081
s-hcgxmom	mom	Source	478	453
s-hcrp	mg/l	Source	6474	5099
s-hcvab		QCOut	18	16
s-hcvnh	iu/ml	Source	52	45
s-hcvnh		Extracted	71	55
s-hcvnho		QCOut	21	19
s-hcvnhty		Extracted	9	9
s-hcvnhty		Source	79	73
s-hcyst	umol/l	Source	13	11
s-hdl-kolesteroli	mmol/l	Source	265	244
s-he4	pmol/l	Source	11192	7961
s-he4		Extracted	234	213
s-he4,epididym.ag4	pmol/l	Source	14	14
s-he4,ihmisenepididymaalinenantigeeni4	pmol/l	Source	204	125
s-he4ihmisenepididymaalinenproteiini4	pmol/l	Source	7	7
s-he4proteiini	pmol/l	Source	308	270
s-healthindex(nhi)		Extracted	265	244
s-hein1er	u/ml	Source	84	83
s-hein1er		Extracted	7	7
s-hein1ry	u/ml	Source	33	33
s-heiner	u/ml	Source	16	15
s-heinryh	u/ml	Source	36	33
s-heinryh		Extracted	18	18
s-heinäer	u/ml	Source	176	175
s-heinäer		Extracted	32	32
s-heinäerittely(gx1),igevasta-aineet	u/ml	Source	7	7
s-heinäerittely,igevasta-aineet	u/ml	Source	13	13
s-heinäre	u/ml	Source	23	22
s-heinäry	u/ml	Source	16	16
s-heliaba	u/ml	Source	21	17
s-heliabg	titre	Source	13	10
s-heliabg	u/ml	Source	24	20
s-helicobacterpylori,iga-vasta-aineet	u/ml	Source	8	8
s-helicobacterpylori,igavasta-aineet	u/ml	Source	19	18
s-helicobacterpylori,igavasta-aineeteia	u/ml	Source	46	45
s-helicobacterpylori,iggvasta-aineet	index	Source	64	58
s-helicobacterpylori,iggvasta-aineet	u/ml	Source	36	35
s-helicobacterpylori,iggvasta-aineeteia	u/ml	Source	44	43
s-helicobakterpylori,iggvasta-aineet	index	Source	14	14
s-hepatiittia-virus,vasta-aineet,immuniteettitutk.		QCOut	14	14
s-hepatiittib-virus,s-antigeeni,vasta-aineet	miu/ml	Source	358	163
s-hepatiittib-virus,vasta-aineetpinta-antigeen	miu/ml	Source	14	12
s-hepatiittib-virus,vasta-aineetpinta-antigeenille.	miu/ml	Source	21	15
s-hepatiittibvirus,s-antigeeni,vasta-aineet	iu/l	Source	17	16
s-hepatiittibvirus,s-antigeeni,vasta-aineet	miu/ml	Source	8	8
s-hepatiittibvirus,s-antigeeni,vasta-aineet	u/l	Source	27	21
s-hepatitisavirus,kokonaisva		QCOut	8	8
s-hepatitisbvirus,s-antigeeni,vasta-aineet	miu/ml	Source	97	88
s-hepatitisbvirus,s-antigeeni,vasta-aineet	u/l	Source	35	30
s-hepatitiscvirus,nukleiinihappo,kvantitatiiv	iu/ml	Source	8	7
s-hepsid	mmol/l	Source	15	14
s-hepsid	nmol/l	Source	867	541
s-hepsid		Extracted	40	36
s-hepsid		Source	9	8
s-hepvase	au/l	Source	8	7
s-hepyab	titre	Source	8	8
s-hepyaba	form	Source	31	27
s-hepyaba	responseequivalent	Source	57	55
s-hepyaba	u/ml	Source	4131	3904
s-hepyaba		Extracted	529	491
s-hepyaba		Source	22	20
s-hepyabg	eiu	Source	206	203
s-hepyabg	form	Source	34	31
s-hepyabg	index	Source	555	501
s-hepyabg	responseequivalent	Source	58	57
s-hepyabg	ru/ml	Source	38	37
s-hepyabg	titre	Source	62	58
s-hepyabg	u/ml	Source	4091	3848
s-hepyabg		Extracted	1282	1126
s-hepyabg		Source	26	23
s-hernee	u/ml	Source	104	96
s-herpessimplexvirus,iggvasta-aineet	eiu	Source	6	6
s-hevabg	index	Source	20	20
s-hevabg		QCOut	67	63
s-hevabg		Source	27	27
s-hevabm		Source	8	8
s-hevb11e	u/ml	Source	26	26
s-hevb11e		Extracted	7	7
s-hevkäre	u/ml	Source	7	7
s-hevohie	form	Source	12	11
s-hevohie	u/ml	Source	3107	2884
s-hevohie		Extracted	202	196
s-hevonee	u/ml	Source	1780	1702
s-hevonee		Extracted	160	159
s-hevonen	u/ml	Source	11	11
s-hevonen		Extracted	11	11
s-hevonen,igevasta-aineet	u/ml	Source	19	19
s-hevonene	u/ml	Source	22	21
s-hevonhie	u/ml	Source	128	127
s-hevonhie		Extracted	69	69
s-hevosenhilse(e3),ige-vasta-aineet	u/ml	Source	62	62
s-hevosenhilse(e3),igevasta-aineet	u/ml	Source	109	107
s-hevosenhilse,igevasta-aineet	u/ml	Source	151	148
s-hevosenhilse,igevasta-aineet(ko)	u/ml	Source	8	8
s-hevosennhilse,igevasta-aineet	u/ml	Source	22	22
s-hfostr	u/l	Source	905	328
s-hhv6abg	eiu	Source	720	640
s-hhv6abg		Extracted	7	7
s-hhv6abg		QCOut	16	15
s-hhv6abm		QCOut	6	6
s-hibab	mg/l	Source	39	31
s-hiirie	u/ml	Source	13	13
s-hirssie	u/ml	Source	11	11
s-hisabbl		QCOut	93	74
s-histab	u/ml	Source	20	15
s-histidiini	mmol/l	Source	263	242
s-hivab		Extracted	21	21
s-hivab		Source	165	160
s-hivag		Extracted	19	19
s-hivag		Source	165	160
s-hmgcr-ab	u/ml	Source	15	7
s-home-erittely,igevasta-aineet	u/ml	Source	27	26
s-home1er	u/ml	Source	73	72
s-home1er		Extracted	7	7
s-home1ry	u/ml	Source	51	51
s-home2ry	u/ml	Source	7	7
s-home4ry	u/ml	Source	6	6
s-homeer	u/ml	Source	282	280
s-homeer		Extracted	57	56
s-homeryh	u/ml	Source	103	100
s-homeryh		Extracted	26	26
s-homesienierittely(mx1),igevasta-aineet	u/ml	Source	10	10
s-homesieniryhmä(mx1),igevasta-aineet	u/ml	Source	9	9
s-hs-c-reaktiivinenproteiini	mg/l	Source	34	31
s-hs-crp	mg/l	Source	8482	3779
s-hs-crp		Extracted	130	88
s-hscrp	mg/l	Source	395	319
s-hslck-v	mg/l	Source	11	11
s-hstesto	nmol/l	Source	613	418
s-hstesto		Extracted	6	6
s-hstesvl	pmol/l	Source	86	73
s-hsv1abg	au	Source	65	62
s-hsv1abg	eiu	Source	488	440
s-hsv1abg	index	Source	144	132
s-hsv1abg	responseequivalent	Source	38	37
s-hsv1abg	u/ml	Source	12	12
s-hsv1abg		Extracted	26	25
s-hsv1abg		QCOut	44	35
s-hsv1abg		Source	253	232
s-hsv2abg	au	Source	44	41
s-hsv2abg	eiu	Source	246	225
s-hsv2abg	index	Source	44	42
s-hsv2abg	responseequivalent	Source	16	16
s-hsv2abg		Extracted	15	15
s-hsv2abg		QCOut	21	17
s-hsv2abg		Source	57	55
s-hsvabg	eiu	Source	514	457
s-hsvabg		Extracted	20	20
s-hsvabg		QCOut	9	9
s-hsvabg		Source	12	11
s-hsvabm	index	Source	58	54
s-hsvabm		Extracted	6	6
s-hsvabm		QCOut	25	22
s-hsvabm		Source	83	74
s-hsvcf	titre	Source	14	14
s-hsvcf		Extracted	17	17
s-humanherpesvirus6,iggvasta-aineet	eiu	Source	15	13
s-hummere	u/ml	Source	7	7
s-hunajae	u/ml	Source	16	16
s-hund	u/ml	Source	14	13
s-hyalur	ug/l	Source	24	23
s-hydroksi-indolyyliaset	nmol/l	Source	6	6
s-hydroksi-indolyyliasetaatti(5-)	nmol/l	Source	71	37
s-hydroksikarbatsepiini	umol/l	Source	21	15
s-hydroksikarbatsepiini(10)	umol/l	Source	10	6
s-hyttyne	u/ml	Source	7	7
s-hyvehne	u/ml	Source	24	24
s-i	nmol/l	Source	12	12
s-ia-2ab	ru	Source	14	14
s-ia-2ab		Extracted	6	6
s-ia2ab	ru	Source	9	9
s-ia2ab	u/ml	Source	59	57
s-ia2ab		Extracted	16	16
s-ica	jdfu	Source	57	56
s-ica		Extracted	23	23
s-ica-vier	mmol/l	Source	24	23
s-ica-vieri	mmol/l	Source	74	64
s-ictp	ug/l	Source	801	575
s-ictp	âug/l	Source	11	10
s-if-ab	au/ml	Source	20	20
s-ifx	mg/l	Source	1240	391
s-ifx-ab	au/ml	Source	47	41
s-ig-oc	g/l	Source	29	29
s-iga	g/l	Source	35623	29646
s-iga		Extracted	2356	2120
s-iga		Source	35	35
s-iga-eia	mg/l	Source	11	11
s-iga/pre		Extracted	18	17
s-iga/pre		Source	64	54
s-igd	g/l	Source	31	20
s-igd	mg/l	Source	173	100
s-igd		Extracted	33	26
s-ige	u/l	Source	9	9
s-ige	u/ml	Source	34187	26230
s-ige		Extracted	1423	1367
s-ige-2,pölyryhmä,seulonta	u/ml	Source	88	85
s-ige-2,pölyryhmäseulonta	u/ml	Source	15	15
s-ige-2,ruokaryhmä,seulonta	u/ml	Source	10	10
s-ige-pse	u/ml	Source	9	6
s-ige-ss	u/ml	Source	91	90
s-ige-sse	u/ml	Source	632	556
s-ige-sse,pähkinäryhmä2/nötter2	u/ml	Source	7	7
s-ige-sse,pölyryhmä:dpteroe,kissae,hevonene,koirae,timoteie,cladhee,koivue,pujoe	u/ml	Source	50	50
s-ige2pöl	u/ml	Source	495	460
s-ige2pöl		Extracted	95	92
s-ige2ruo	u/ml	Source	403	385
s-ige2ruo		Extracted	62	61
s-igf-1	nmol/l	Source	135	93
s-igf-1		Extracted	22	20
s-igf1	nmol/l	Source	9722	3956
s-igf1		Extracted	203	181
s-igf1sds	nmol/l	Source	85	68
s-igf1sds		Extracted	709	478
s-igf1sds		Source	614	394
s-igfbp3	mg/l	Source	86	65
s-igg	g/l	Source	20871	11439
s-igg		Extracted	1547	1101
s-igg,oligoklonaalinen	g/l	Source	42	40
s-igg-oc	g/l	Source	995	936
s-igg-oc		Extracted	55	55
s-igg-sum	g/l	Source	477	325
s-igg-sum		Extracted	1432	995
s-igg-summa	g/l	Source	51	46
s-igg/li	g/l	Source	54	51
s-igg1	g/l	Source	4826	3532
s-igg1		Extracted	1987	1477
s-igg2	g/l	Source	4814	3532
s-igg2		Extracted	1984	1475
s-igg3	g/l	Source	4826	3534
s-igg3		Extracted	1947	1441
s-igg4	g/l	Source	9778	6128
s-igg4		Extracted	2499	1800
s-iggoys	g/l	Source	8	8
s-iggål	g/l	Source	7	6
s-iglc-v		Source	33	21
s-iglck-v	mg/l	Source	39042	12081
s-iglck-v		Extracted	7873	2672
s-iglck-v2	mg/l	Source	8	8
s-iglcl-v	mg/l	Source	38822	12066
s-iglcl-v		Extracted	7668	2639
s-iglcl-v2	mg/l	Source	8	8
s-igm	g/l	Source	10860	7329
s-igm		Extracted	795	615
s-ihmisenepididymaalinenantigeeni4	pmol/l	Source	251	168
s-ihmisepididymaalag	pmol/l	Source	7	7
s-ihot-ab	titre	Source	16	7
s-ihotab	titre	Source	299	185
s-ihotab		Extracted	33	29
s-ihovab	titre	Source	248	190
s-ihovab		Extracted	22	15
s-il2r	u/ml	Source	421	338
s-immunoglob,kevyetketjut,vapaat,kappaosatutk	mg/l	Source	15	11
s-immunoglobuliini,alaluokkag3	g/l	Source	74	46
s-immunoglobuliini,kappa.lambda-suhde		Source	12	12
s-immunoglobuliini,kev.ketjut,vapaat,kappa	mg/l	Source	118	81
s-immunoglobuliini,kev.ketjut,vapaat,lambda	mg/l	Source	120	81
s-immunoglobuliini,kev.ketjutvap.kappa/lambda	ratio	Source	183	112
s-immunoglobuliini,kevyetketjut,k	mg/l	Source	81	37
s-immunoglobuliini,kevyetketjut,k/l		Source	81	37
s-immunoglobuliini,kevyetketjut,kappa-lambda-suh		Source	28	27
s-immunoglobuliini,kevyetketjut,kappa-lambda-suhde		Extracted	45	42
s-immunoglobuliini,kevyetketjut,l	mg/l	Source	81	37
s-immunoglobuliini,kevyetketjut,vapaat,kappa-	ratio	Source	249	48
s-immunoglobuliini,kevyetketjut,vapaat,kappa-l		Source	17	17
s-immunoglobuliini,kevyetketjut,vapaat,kappa-lambda-suhde		Extracted	2530	903
s-immunoglobuliini,kevyetketjut,vapaat,kappa-lambda-suhde		Source	32	32
s-immunoglobuliini,kevyetketjut,vapaat,kappa/lambdasuhdeosatutt		Source	12	9
s-immunoglobuliini,kevyetketjut,vapaat,lambdaosatutk	mg/l	Source	15	11
s-immunoglobuliini,kevytketju,vapaat,kappa-lambda		Source	29	27
s-immunoglobuliini,kevytketjut,kappa,vapaat	mg/l	Source	579	193
s-immunoglobuliini,kevytketjut,kappa-lambdasu		Source	573	192
s-immunoglobuliini,kevytketjut,lambda,vapaat	mg/l	Source	581	194
s-immunoglobuliini-g,summa	g/l	Source	74	46
s-immunoglobuliinia	g/l	Source	447	437
s-immunoglobuliiniaosatutkimus	g/l	Source	15	14
s-immunoglobuliinie	u/ml	Source	346	322
s-immunoglobuliinig	g/l	Source	32	32
s-immunoglobuliinig,alaluokka1	g/l	Source	171	133
s-immunoglobuliinig,alaluokka2	g/l	Source	169	131
s-immunoglobuliinig,alaluokka3	g/l	Source	168	131
s-immunoglobuliinig,alaluokka4	g/l	Source	245	200
s-immunoglobuliinig,summa	g/l	Source	27	24
s-immunoglobuliinig4	g/l	Source	74	46
s-immunoglobuliinim	g/l	Source	25	25
s-immunoglobuliiti,kappa/lamdasuhdeseerumista		Source	87	34
s-inaabcf	titre	Source	44	39
s-inaabcf		Extracted	7	7
s-inbabcf	titre	Source	68	58
s-inbabcf		Extracted	6	6
s-infaabg	eiu	Source	280	262
s-infaabg	u/ml	Source	31	27
s-infaabg		Extracted	7	7
s-infaabg		Source	6	6
s-infacf	titre	Source	315	277
s-infacf		Extracted	29	27
s-infbab	eiu	Source	75	70
s-infbab	u/ml	Source	20	16
s-infbabg	eiu	Source	202	188
s-infbcf	titre	Source	588	513
s-infbcf		Extracted	46	43
s-infl		Source	10	7
s-infli	mg/l	Source	4322	1374
s-infli	ug/l	Source	62	48
s-infli		Extracted	997	355
s-infliab	au/ml	Source	410	272
s-infliks	mg/l	Source	933	350
s-infliks		Extracted	213	114
s-infliksimabi	mg/l	Source	26	19
s-infliksimabi,pitoisuus	mg/l	Source	36	23
s-infliksimabi,seerumista	mg/l	Source	41	16
s-infliksimabi,vasta-aineet	au/ml	Source	17	15
s-infliksimabipitoisuus	mg/l	Source	32	31
s-inhibb	ng/l	Source	1492	644
s-inhibiinib	ng/l	Source	21	6
s-inhiblns	ng/l	Source	12	6
s-inkiväe	u/ml	Source	25	24
s-ins/0	mu/l	Source	9	9
s-ins/1h	mu/l	Source	9	9
s-ins/2h	mu/l	Source	9	9
s-insraba	ratio	Source	8	8
s-insu	mu/l	Source	8334	2280
s-insu		Extracted	117	87
s-insu-ab	%	Source	62	49
s-insu-ab	u/ml	Source	189	127
s-insuaab	ru	Source	13	13
s-insuaab		Extracted	43	42
s-insuab		Extracted	22	18
s-insuliini	mu/l	Source	9	9
s-insuliininkaltainenkasvutekijä(igf-1)	nmol/l	Source	32	27
s-insuliininkaltainenkasvutekijä(igf-1),somme	nmol/l	Source	28	14
s-insuliininkaltainenkasvutekijä1	nmol/l	Source	60	49
s-insuliininkaltainenkasvutekijä1(entsommedc	nmol/l	Source	18	17
s-interleukiini-2:nreseptori,liukoinen	u/ml	Source	38	23
s-interleukiini-2:nresptori,liukoinen	u/ml	Source	10	7
s-ipro	mmol/l	Source	16	12
s-isoleusiini	mmol/l	Source	265	244
s-itrakon	mg/l	Source	17	6
s-jcvab		QCOut	129	99
s-jgadab	iu/ml	Source	8	8
s-jo1ab	u/ml	Source	157	111
s-jo1ab		Extracted	83	70
s-jo1ab-o		QCOut	9	9
s-jo1abbl		QCOut	9	9
s-jyr70er	u/ml	Source	9	9
s-jyrsier	u/ml	Source	13	13
s-jyrsier		Extracted	6	6
s-k	mmol/l	Source	138249	71399
s-k		Extracted	2007	1637
s-k		Source	248	195
s-k/l-ex	ratio	Source	15	13
s-k/l-ex		Extracted	163	122
s-k/l-s-v	1	Source	17	17
s-k/l-s-v	ratio	Source	2440	974
s-k/l-s-v		Extracted	18280	6084
s-k/l-s-v		Source	19551	6307
s-k/l-s-v2	ratio	Source	8	8
s-k/l-va	ratio	Source	38	26
s-k220e	u/ml	Source	32	31
s-k220e		Extracted	7	7
s-kaakaoe	u/ml	Source	39	38
s-kaalie	u/ml	Source	8	8
s-kala2er	u/ml	Source	33	33
s-kala2ry	u/ml	Source	9	9
s-kalaer	u/ml	Source	38	36
s-kalaryh	u/ml	Source	17	17
s-kalaryhmä,igevasta-aineet	u/ml	Source	10	10
s-kalium	mmol/l	Source	897	700
s-kalkh�e	mmol/l	Source	7	7
s-kalsium	mmol/l	Source	1461	920
s-kalsium		Extracted	6	6
s-kalsium(paketti)	mmol/l	Source	18	16
s-kalsium,albumiinikorjattu	mmol/l	Source	38	36
s-kalsium,ionisoitunut	mmol/l	Source	33412	14094
s-kalsium,ionisoitunut		Extracted	297	245
s-kalsium,ionisoitunut		Source	136	116
s-kalsium,ionisoitunut(aktuaalinenpitoisuus)	mmol/l	Source	46	32
s-kalsium,ionisoitunut,aktuaali	mmol/l	Source	14590	5996
s-kalsium,ionisoitunut,aktuaali		Extracted	202	158
s-kalsium,ionisoitunut,aktuaalinen	mmol/l	Source	12499	5936
s-kalsium,ionisoitunut,aktuaalisessaph:ssa	mmol/l	Source	38	36
s-kalsium,ionisoitunut,ph7.4-korjattu	mmol/l	Source	14779	5879
s-kalsium,ionisoitunut,ph7.4:ssä	mmol/l	Source	85	78
s-kalsium,ionisoitunut,ph7.4korjattu	mmol/l	Source	6022	2174
s-kalsium,ionisoitunut,seerumista	mmol/l	Source	71	62
s-kalsium,ionisoitunutph7.4korjattu		Extracted	208	160
s-kalsium-ioni.aktuaali	mmol/l	Source	9632	3148
s-kalsiumionisoitunut,aktuaali	mmol/l	Source	27	15
s-kanahöe	u/ml	Source	6	6
s-kanalie	u/ml	Source	26	25
s-kanelie	u/ml	Source	28	28
s-kanie	u/ml	Source	39	39
s-kaniepe	mmol/l	Source	7	7
s-kaniepe	u/ml	Source	41	41
s-kap-ex	mg/l	Source	17	14
s-kap-ex		Extracted	166	123
s-kap-va	mg/l	Source	37	25
s-kappa-lambda-suhde,kevytketjut,vapaa	ratio	Source	420	199
s-kappa-lambda-suhde,kevytketjut,vapaat	ratio	Source	6	6
s-karabg		Source	8	8
s-karabm		Source	10	10
s-karba	umol/l	Source	3472	1166
s-karba		Extracted	446	214
s-karba-v	umol/l	Source	22	17
s-karbae	umol/l	Source	87	55
s-karbamatsepiini	umol/l	Source	41	33
s-kardab	titre	Source	908	212
s-kardab		Extracted	74	31
s-kardabg	gpl	Source	157	127
s-kardabg	u/ml	Source	83	64
s-kardabg		Extracted	78	69
s-kardabm	mpl	Source	294	247
s-kardabm		Extracted	58	50
s-kardeme	u/ml	Source	9	7
s-karmpue	u/ml	Source	8	8
s-karni	umol/l	Source	327	111
s-karni-t	umol/l	Source	15	10
s-karni-v	umol/l	Source	341	116
s-karpune	u/ml	Source	36	35
s-karsinoembryonaalinenantigeeni	ug/l	Source	1121	503
s-kaseiie	u/ml	Source	250	198
s-kaseiie		Extracted	8	8
s-katkare	u/ml	Source	172	167
s-katkare		Extracted	8	8
s-katt	u/ml	Source	12	12
s-kaurae	u/ml	Source	142	142
s-kaurjae	u/ml	Source	84	82
s-kaurjae		Extracted	6	6
s-kaurspe	u/ml	Source	10	10
s-kefakle	u/ml	Source	209	201
s-kertatyydyttymättömienrasvahappojensuhdekoko	%	Source	263	242
s-kertatyydyttymättömätrasvahapot	mmol/l	Source	263	242
s-kerulo	g/l	Source	1466	1391
s-kerulo	mg/l	Source	2182	2059
s-kerulo		Extracted	322	299
s-keruloplasmiini	g/l	Source	11	11
s-keruloplasmiini	mg/l	Source	50	48
s-ketiap	nmol/l	Source	678	419
s-ketiap		Extracted	198	98
s-ketiapiini	nmol/l	Source	20	11
s-keto,tk		Extracted	126	107
s-kiivie	u/ml	Source	99	98
s-kikhere	u/ml	Source	15	15
s-kimmyre	u/ml	Source	7	7
s-kirsike	u/ml	Source	16	15
s-kissa	form	Source	8	7
s-kissa	u/ml	Source	6	6
s-kissa,igevasta-aineet	u/ml	Source	39	39
s-kissae	u/ml	Source	2260	2141
s-kissae		Extracted	259	256
s-kissanhilse(e1),ige-vasta-aineet	u/ml	Source	173	173
s-kissanhilse(e1),igevasta-aineet	u/ml	Source	14	13
s-kissanhilse,igevasta-aineet	u/ml	Source	149	145
s-kissanhilse,igevasta-aineet(ko)	u/ml	Source	7	7
s-kissanhilse,igevasta-aineet,rast,kissa,allergia	u/ml	Source	10	10
s-kisshie	form	Source	10	10
s-kisshie	u/ml	Source	3900	3626
s-kisshie		Extracted	312	306
s-kkab	pmol/l	Source	71	67
s-klobat	umol/l	Source	365	75
s-klobat		Extracted	17	10
s-klobatsaami	umol/l	Source	9	6
s-klona	nmol/l	Source	73	32
s-klonors	nmol/l	Source	31	12
s-klopi	nmol/l	Source	141	57
s-klotsa	nmol/l	Source	37623	2643
s-klotsa	umol/l	Source	9451	1060
s-klotsa	âumol/l	Source	32	14
s-klotsa		Extracted	4395	737
s-klotsa		Source	13	7
s-klotsa,-dmklotsa	nmol/l	Source	19	8
s-klotsa,-dmklotsa	umol/l	Source	30	9
s-klotsaj	nmol/l	Source	76	35
s-klotsapiini	nmol/l	Source	1698	420
s-klotsapiini	umol/l	Source	99	59
s-klotsapiini,osatutk.		Extracted	25	9
s-klotsapiini,osavastaus-dmklotsa	umol/l	Source	28	6
s-koiheie	u/ml	Source	72	70
s-koihspe	u/ml	Source	9	9
s-koira	form	Source	8	7
s-koira	u/ml	Source	7	7
s-koira,igevasta-aineet	u/ml	Source	24	24
s-koirae	u/ml	Source	2289	2168
s-koirae		Extracted	266	263
s-koirag	mg/l	Source	6	6
s-koiranhilse(e5),ige-vasta-aineet	u/ml	Source	197	197
s-koiranhilse(e5),igevasta-aineet	u/ml	Source	21	21
s-koiranhilse,igevasta-aineet	u/ml	Source	198	192
s-koiranhilse,igevasta-aineet(ko)	u/ml	Source	6	6
s-koiranhilse,igevasta-aineet,rast,allergia	u/ml	Source	12	12
s-koirhie	form	Source	9	9
s-koirhie	u/ml	Source	3889	3619
s-koirhie		Extracted	322	313
s-koivspe	u/ml	Source	707	677
s-koivspe		Extracted	67	66
s-koivu	u/ml	Source	8	8
s-koivu,igevasta-aineet	u/ml	Source	67	67
s-koivue	u/ml	Source	6384	5763
s-koivue		Extracted	639	622
s-koivue.	u/ml	Source	8	7
s-koivunsiitepöly	u/ml	Source	7	7
s-koivunsiitepöly(t3),ige-vasta-aineet	u/ml	Source	22	22
s-koivunsiitepöly(t3),igevasta-aineet	u/ml	Source	123	121
s-koivunsiitepöly,igevasta-aineet	u/ml	Source	293	288
s-koivunsiitepöly,igevasta-aineet(ko)	u/ml	Source	6	6
s-koivunsiitepöly,igevasta-aineet,rast,allergia	u/ml	Source	15	15
s-kokonaisrasvahapot	mmol/l	Source	264	243
s-kol	mg/ml	Source	9	9
s-kol	mmol/l	Source	33507	28081
s-kol		Extracted	38	37
s-kol-hdl	mmol/l	Source	33871	27876
s-kol-hdl		Extracted	1985	1686
s-kol-ldl	mmol/l	Source	30028	26625
s-kol-ldl		Extracted	1796	1548
s-kol/hdl		Extracted	32	30
s-kol/kol-hdl-suhde		Extracted	80	62
s-kolbal		Source	10	7
s-kolesteroli	mmol/l	Source	50	49
s-kolesteroli(paketti)	mmol/l	Source	25	22
s-kolesteroli,eipaastoa	mmol/l	Source	88	79
s-kolesteroli,highdensitylipoproteiinit	mmol/l	Source	88	83
s-kolesteroli,highdensitylipoproteiinit(paketti)	mmol/l	Source	25	22
s-kolesteroli,lowdensitylipoproteiinit	mmol/l	Source	248	207
s-kolesteroli,lowdensitylipoproteiinit(paketti)	mmol/l	Source	25	22
s-kolesteroli,osatutkimushighdensitylipoproteiinit	mmol/l	Source	161	128
s-kolesteroli,triglyseridit	mmol/l	Source	41	37
s-kolesteroli/hdl-kolesteroli-suhdeosatutkimus		Extracted	28	27
s-kolesteroli/hdl-kolesterolisuhde		Extracted	56	54
s-kolesteroliosatutkimus	mmol/l	Source	161	128
s-kolesterolitasapaino		Extracted	265	244
s-kolestroli,highdensitylipoproteiinit	mmol/l	Source	47	42
s-kolestroli,lowdensitylipoproteiinit	mmol/l	Source	47	42
s-kolhdl2		Extracted	8	8
s-kolhdl3	mmol/l	Source	9	9
s-komplementtic1q	g/l	Source	11	10
s-komplementtic3	g/l	Source	163	138
s-komplementtic4	g/l	Source	98	74
s-konalbe	u/ml	Source	47	37
s-koopähe	u/ml	Source	67	67
s-koopähe		Extracted	13	12
s-koop�he	u/ml	Source	16	16
s-kopept	pmol/l	Source	415	317
s-kopept		Extracted	27	26
s-kopöryh	u/ml	Source	13	13
s-kor/0	nmol/l	Source	42	33
s-kor/30	nmol/l	Source	40	32
s-kor/60	nmol/l	Source	22	22
s-kor/dxm	nmol/l	Source	68	67
s-koriane	u/ml	Source	29	29
s-koriongonadotropiini,b-alayksikkö,vapaa	ug/l	Source	20	20
s-koriongonadotropiini,vapaa-b-ketju	ug/l	Source	114	110
s-koriongonadotropiini-b-alayksikkö,ihm.vap	ug/l	Source	309	309
s-koriongonadotropiini-b-alayksikkö,ihm.vap.	ug/l	Source	56	55
s-koriongonadotropiini-b-alayksikkö,ihmisen,vapaa	ug/l	Source	369	346
s-koriongonadotropiini-b-alayksikkö,ihmisen,vapaa(kasvainmerkkiaine)	ug/l	Source	110	106
s-koriongonadotropiini-b-alayksikkö,vapaa	ug/l	Source	136	134
s-koriongonadotropiini-b-alayksikkö,vapaa,1.trimesterinseula	ug/l	Source	67	64
s-koriongonadotropiini-b-alayksikkö,vapaa1.trimesterinseula	ug/l	Source	462	446
s-koriongonadotropiini-b-alayksikkö,vapaaxmom,down-seulassa	mom	Source	308	306
s-kors/r	nmol/l	Source	1095	944
s-korsol	nmol/l	Source	43706	20059
s-korsol		Extracted	1502	1243
s-kortisoli	nmol/l	Source	572	275
s-kortisoli(ko)	nmol/l	Source	15	13
s-kortisoli,toimintakokeissa0h	nmol/l	Source	6	6
s-kortisoli,toimintakokeissa24h	nmol/l	Source	6	6
s-kortisolirasitus,0-näyte	nmol/l	Source	19	15
s-kotiniini	ng/ml	Source	8	6
s-kotipölypunkki(d.pteronyssinus),igevasta-aineet(ko)	u/ml	Source	8	8
s-krea	umol/l	Source	7789	2777
s-krea		Extracted	46	31
s-kreatiinikinaasi	u/l	Source	41	38
s-kreatiniini	umol/l	Source	671	590
s-krtiin	umol/l	Source	332	249
s-kryog	g/l	Source	162	91
s-kryopre	g/l	Source	8	8
s-kudostransglutaminaasi,iga-vasta-aineet	u/ml	Source	36	35
s-kudostransglutaminaasi,igavasta-aineet	u/ml	Source	2058	1958
s-kudostransglutaminaasi,iggvasta-aineet	u/ml	Source	6	6
s-kukaale	u/ml	Source	6	6
s-kukkryh	u/ml	Source	7	6
s-kuminae	u/ml	Source	8	8
s-kupari	umol/l	Source	9	9
s-kurkkue	u/ml	Source	7	7
s-kurpite	u/ml	Source	6	6
s-kursiee	u/ml	Source	8	7
s-kuusie	u/ml	Source	18	18
s-kvriski	form	Source	9	8
s-kvriski		Extracted	16	16
s-kvriski		Source	213	201
s-kyhemag	titre	Source	133	78
s-kysc	mg/l	Source	5489	2476
s-kysc		Extracted	763	443
s-lakalbe	u/ml	Source	79	50
s-lakosam	mg/l	Source	9	8
s-laktaat	mmol/l	Source	30	26
s-laktaatti	mmol/l	Source	262	241
s-laktaattidehydrogenaasi	u/l	Source	6	6
s-laktaattidehydrogenaasi,isoentsyymi2	%	Source	9	9
s-laktaattidehydrogenaasi,isoentsyymi3	%	Source	9	9
s-laktaattidehydrogenaasi,isoentsyymi4	%	Source	9	9
s-laktaattidehydrogenaasi,pitoisuus(s-ld-is)	u/l	Source	6	6
s-laktaattidehydrogenaasi1(s-ld-is)	%	Source	7	7
s-laktaattidehydrogenaasi2(s-ld-is)	%	Source	6	6
s-laktaattidehydrogenaasi3(s-ld-is)	%	Source	6	6
s-laktaattidehydrogenaasi4(s-ld-is)	%	Source	6	6
s-laktaattidehydrogenaasi5(s-ld-is)	%	Source	7	7
s-lam-ex	mg/l	Source	15	13
s-lam-ex		Extracted	168	123
s-lam-va	mg/l	Source	37	25
s-lammepe	u/ml	Source	8	8
s-lamotr	umol/l	Source	25	16
s-lamotri	umol/l	Source	2475	1194
s-lamotri		Extracted	272	163
s-lamotrig	umol/l	Source	26	13
s-lamotrigiini	umol/l	Source	110	65
s-langab	jdf	Source	12	12
s-langab	titre	Source	56	54
s-latekse	mmol/l	Source	6	6
s-latekse	u/ml	Source	222	219
s-latekse		Extracted	7	7
s-lc1ab-o		QCOut	7	6
s-ld	u/l	Source	5177	2356
s-ld	u/ml	Source	8	8
s-ld-1	%	Source	208	200
s-ld-2	%	Source	198	190
s-ld-2		Extracted	6	6
s-ld-3	%	Source	196	188
s-ld-3		Extracted	7	7
s-ld-4	%	Source	193	187
s-ld-4		Extracted	7	7
s-ld-5	%	Source	207	199
s-ld-5		Extracted	7	7
s-ld1	%	Source	17	16
s-ld2	%	Source	17	16
s-ld3	%	Source	17	16
s-ld4	%	Source	17	16
s-ld5	%	Source	17	16
s-ldesrte	u/ml	Source	7	7
s-ldestre	u/ml	Source	85	83
s-ldl-kolesteroli	mmol/l	Source	265	244
s-ldpit	u/l	Source	144	138
s-ldpit		Extracted	23	23
s-legiabg	u/ml	Source	10	10
s-legiabm		Source	15	15
s-legp7ab	titre	Source	10	8
s-legp8ab	titre	Source	8	6
s-lehmhie	u/ml	Source	97	89
s-lehmhie		Extracted	6	6
s-lehmäe	u/ml	Source	56	56
s-lehmäe		Extracted	8	8
s-lehmäke	u/ml	Source	6	6
s-lehmänmaito,igevasta-aineet	u/ml	Source	22	22
s-leihiie	u/ml	Source	11	11
s-leppspe	u/ml	Source	13	13
s-leppäe	u/ml	Source	131	131
s-leppäe		Extracted	21	21
s-lepp�e	u/ml	Source	64	63
s-leptabg	u/ml	Source	29	21
s-leptabm	u/ml	Source	36	28
s-leptin	ug/l	Source	6	6
s-lepänsiitepöly,igevasta-aineet	u/ml	Source	15	15
s-leusiini	mmol/l	Source	264	243
s-leveti	mg/l	Source	22	18
s-leveti	umol/l	Source	464	206
s-leveti		Extracted	46	34
s-levetirasetaami	umol/l	Source	16	11
s-levomep	nmol/l	Source	11	8
s-lh	iu/l	Source	5756	4462
s-lh	u/l	Source	7086	5384
s-lh		Extracted	675	637
s-lh		Source	7	7
s-li	mmol/l	Source	33555	2781
s-li		Extracted	4642	798
s-limete	u/ml	Source	7	7
s-linetso		Extracted	13	7
s-linssie	u/ml	Source	16	15
s-lipidit	mmol/l	Source	11	11
s-lipoa1	g/l	Source	16694	15755
s-lipob	g/l	Source	16695	15756
s-lis1ba		Extracted	7	7
s-lis4ba		Extracted	6	6
s-litium	mmol/l	Source	486	166
s-lohie	u/ml	Source	261	242
s-lohie		Extracted	15	15
s-lupsiee	u/ml	Source	10	9
s-luteinisoivahormoni	iu/l	Source	178	157
s-luteinisoivahormoni	u/l	Source	26	25
s-luteinisoivahormoni(ko)	u/l	Source	6	6
s-luu	u/l	Source	22	20
s-luust	u/l	Source	100	91
s-luusto		Source	135	127
s-luustoentsyymi(afos)	u/l	Source	7	6
s-luustoisoentsyymi	u/l	Source	72	65
s-luustoisoentsyymi		Source	39	36
s-luustoisoentsyymi(afos)	u/l	Source	220	211
s-luustoperäinenisoentsyymi	%	Source	35	34
s-luustoperäinenisoentsyymi	u/l	Source	15	14
s-lysotse	u/ml	Source	30	29
s-lysotsyymi	mg/l	Source	163	141
s-lzm	mg/l	Source	24683	11634
s-lzm		Extracted	1021	897
s-m-komp1	g/l	Source	238	17
s-m-komponentti-1	g/l	Source	192	54
s-m-komponentti-1(valetietues-prot-fr)	g/l	Source	135	68
s-m-komponentti-2(valetietues-prot-fr)	g/l	Source	82	60
s-m-komponentti1	g/l	Source	64	61
s-m-komponentti2	g/l	Source	64	61
s-maapähe	u/ml	Source	989	886
s-maapähe		Extracted	121	118
s-maapähkinä(f13),ige-vasta-aineet	u/ml	Source	24	23
s-maapähkinä,igevasta-aineet	u/ml	Source	26	26
s-maap�he	u/ml	Source	887	827
s-maap�he		Extracted	20	20
s-macro-ck	u/l	Source	18	17
s-magab	u/ml	Source	40	14
s-magnesium	mmol/l	Source	34	33
s-maissie	u/ml	Source	60	60
s-maitaba	%	Source	23	23
s-maitabg	%	Source	25	25
s-maito(f2),ige-vasta-aineet	u/ml	Source	7	7
s-maitoe	u/ml	Source	1310	1107
s-maitoe		Extracted	112	110
s-makapäe	u/ml	Source	11	11
s-makapäe		Extracted	15	15
s-makro-ck	u/l	Source	6	6
s-maksa-1	u/l	Source	115	104
s-maksa-1-isoentsyymi	u/l	Source	189	176
s-maksa-1-isoentsyymi(afos)	u/l	Source	225	215
s-maksa-2	u/l	Source	110	99
s-maksa-2		Extracted	11	11
s-maksa-2-isoentsyymi	u/l	Source	188	175
s-maksa-2-isoentsyymi(afos)	u/l	Source	225	215
s-maksa1	u/l	Source	134	126
s-maksa2	u/l	Source	132	123
s-malasseziaspp(m227),igevasta-aineet	u/ml	Source	7	7
s-malsppe	u/ml	Source	20	18
s-mandare	u/ml	Source	21	21
s-mangoe	u/ml	Source	19	18
s-mansike	u/ml	Source	96	96
s-mantele	u/ml	Source	270	258
s-mantele		Extracted	45	44
s-manteli,igevasta-aineet	u/ml	Source	9	9
s-marsepe	u/ml	Source	20	20
s-marsue	u/ml	Source	15	15
s-matgrupp	u/ml	Source	31	30
s-maufx70	u/ml	Source	10	10
s-maufx71	u/ml	Source	8	8
s-mehiläinen,rekombinantti(rapim1phospholipasea2,i208),igevasta-ai	u/ml	Source	6	6
s-mehiläisenmyrkky,rekombinantti(rapim10,i217),igevasta-ain	u/ml	Source	7	7
s-mehmyre	u/ml	Source	290	274
s-mehmyre		Extracted	28	28
s-melonie	u/ml	Source	12	12
s-meoh	mmol/l	Source	13	9
s-metad	mg/l	Source	204	76
s-metad		Extracted	48	18
s-metalb	nmol/l	Source	27	26
s-metanef	nmol/l	Source	140	111
s-metanefriini	nmol/l	Source	348	304
s-metmal	form	Source	39	30
s-metmal	nmol/l	Source	191	171
s-metmal		Extracted	12	12
s-metnef	nmol/l	Source	5517	4346
s-metnef		Extracted	207	193
s-metnef		Source	10	7
s-metnefriini	nmol/l	Source	123	109
s-mg	mmol/l	Source	5614	4559
s-mg		Extracted	373	317
s-mg-ion	mmol/l	Source	4652	1644
s-mg-ion		Extracted	201	146
s-mi-2	u/ml	Source	80	75
s-micfaee	u/ml	Source	23	22
s-micfaee		Extracted	25	25
s-micfaeg	mg/l	Source	45	45
s-micfaeg		Extracted	20	20
s-minttue	u/ml	Source	6	6
s-mirtats	nmol/l	Source	21	14
s-mirtats		Extracted	11	10
s-mito-ab	titre	Source	8	8
s-mitoab	titre	Source	473	335
s-mitoab		Extracted	78	69
s-mkomp-1	g/l	Source	29826	12751
s-mkomp-1		Extracted	4884	2313
s-mkomp-2	g/l	Source	27016	11516
s-mkomp-2		Extracted	1702	1272
s-mkomp-3	g/l	Source	25589	10715
s-mkomp-3		Extracted	1541	1222
s-mkomp-4	g/l	Source	25572	10693
s-mkomp-4		Extracted	1433	1142
s-mkomponentti-2,seerumista	g/l	Source	12	8
s-mogab	titre	Source	7	7
s-monab-o		QCOut	89	88
s-monityydyttymättömienrasvahappojensuhdekerta		Extracted	254	236
s-monityydyttymättömienrasvahappojensuhdekokon	%	Source	255	237
s-monityydyttymättömätrasvahapot	mmol/l	Source	255	237
s-morbabg	au/ml	Source	89	88
s-morbabg	titre	Source	300	299
s-morbabg		Extracted	25	25
s-morbabg		QCOut	377	368
s-mpn-abg	eiu	Source	43	41
s-mpn-abg		Extracted	9	9
s-mpn-abm	s/co	Source	9	8
s-mpn-abm		Source	6	6
s-mpnabcf	titre	Source	14	14
s-mpoab	iu/ml	Source	269	69
s-mpoab	kiu/l	Source	24	9
s-mpoab	u/ml	Source	519	98
s-mpoab		Extracted	126	65
s-mpoabg	iu/ml	Source	1315	276
s-mpoabg	u/ml	Source	16	16
s-mpoabg		Extracted	1105	193
s-mpoabgk	iu/ml	Source	6	6
s-mta	nmol/l	Source	588	412
s-mta		Extracted	21	17
s-mtx	umol/l	Source	4829	512
s-mtx		Extracted	124	19
s-munakee	u/ml	Source	40	39
s-munanvalkuainen,igevasta-aineet	u/ml	Source	17	17
s-munaryh	u/ml	Source	23	22
s-munavae	u/ml	Source	1153	940
s-munavae		Extracted	90	88
s-muskab	u/ml	Source	68	68
s-muskab		Extracted	31	30
s-muspipe	u/ml	Source	37	37
s-muspähe	u/ml	Source	15	15
s-musteke	u/ml	Source	10	10
s-mustike	u/ml	Source	12	12
s-muu-abe	u/ml	Source	14	14
s-mx2ryh	u/ml	Source	42	42
s-mx4ryh	u/ml	Source	20	20
s-mx4ryh		Extracted	16	16
s-mycoplasmapneumoniae,igg-vasta-aineet	eiu	Source	21	18
s-mycoplasmapneumoniae,iggvasta-aineet	eiu	Source	292	251
s-mycoplasmapneumoniae,igm-vasta-aineet	s/co	Source	14	13
s-mycoplasmapneumoniae,igmvasta-aineet	s/co	Source	94	80
s-mycoplasmapneumoniaeigg,vasta-aineet	eiu	Source	31	29
s-myeloperoksidaasi,iggvasta-aineet	iu/ml	Source	18	9
s-myeloperoksidaasi,vasta-aineet	iu/ml	Source	17	11
s-myeloperoksidaasi,vasta-aineet	kiu/l	Source	25	12
s-myeloperoksidaasi,vasta-aineet	u/ml	Source	16	9
s-mykoplasma,iggvasta-aineet	eiu	Source	79	71
s-mykoplasma,igmvasta-aineet	s/co	Source	25	23
s-mykoplasmapneumoniae,igg-vasta-aineet	eiu	Source	7	6
s-mykoplasmapneumoniae,iggvasta-aineet	au/ml	Source	8	8
s-mykoplasmapneumoniae,iggvasta-aineet	eiu	Source	40	38
s-mykoplasmapneumoniae,iggvasta-aineet		Extracted	19	16
s-mykoplasmapneumoniae,igmvasta-aineet	index	Source	9	9
s-mykoplasmapneumoniae,igmvasta-aineet		Extracted	22	19
s-myogl	ug/l	Source	583	318
s-myogl		Extracted	31	30
s-myplabg	eiu	Source	40	38
s-myplabg		Source	16	15
s-myplcf	titre	Source	109	98
s-mypn-abg	eiu	Source	50	46
s-mypn-abm		QCOut	28	27
s-mypnab		Source	12	11
s-mypnab,igg		Extracted	17	17
s-mypnabg	au/ml	Source	1133	1072
s-mypnabg	eiu	Source	7286	6172
s-mypnabg	form	Source	53	44
s-mypnabg	ru/ml	Source	384	342
s-mypnabg		Extracted	1602	1364
s-mypnabg		Source	1325	1227
s-mypnabm	form	Source	16	13
s-mypnabm	index	Source	1445	1368
s-mypnabm	s/co	Source	1089	952
s-mypnabm		Extracted	157	136
s-mypnabm		QCOut	14	14
s-mypnabm		Source	1988	1851
s-mäntye	u/ml	Source	37	36
s-na	mmol/l	Source	124118	68077
s-na		Extracted	86	64
s-na		Source	218	177
s-nanac2e	u/ml	Source	9	9
s-natrium	mmol/l	Source	843	654
s-natriureettinenpeptidi,b-tyypinn-terminaalinenpropeptidi	ng/l	Source	17	14
s-naudlie	u/ml	Source	19	17
s-nbosd6e	u/ml	Source	67	50
s-negadab	mu/ml	Source	27	14
s-net	mg/l	Source	51	16
s-neurofilamentti,kevytketjut	ng/l	Source	61	59
s-neuronispesifinenenolaasi	ug/l	Source	105	46
s-neurospesifinenenolaasi	ug/l	Source	16	13
s-neutrofiiliensytoplasma-antigeeni	titre	Source	33	29
s-nfl	ng/l	Source	64	60
s-ngab/a1		Source	154	151
s-ngala	mmol/l	Source	10	7
s-ngalb	g/l	Source	10	7
s-ngapoa1	g/l	Source	10	7
s-ngapob	g/l	Source	10	7
s-ngdha	%	Source	10	7
s-ngdha	mmol/l	Source	10	7
s-ngfaw3	%	Source	10	7
s-ngfaw3	mmol/l	Source	10	7
s-ngfaw6	%	Source	9	6
s-ngfaw6	mmol/l	Source	9	6
s-nggluk	mmol/l	Source	10	7
s-nggly	mmol/l	Source	10	7
s-ngglyca	mmol/l	Source	10	7
s-nghis	mmol/l	Source	10	7
s-ngile	mmol/l	Source	10	7
s-ngk-hdl	mmol/l	Source	10	7
s-ngk-ldl	mmol/l	Source	10	7
s-ngkokonaiskolesteroli	mmol/l	Source	265	244
s-ngkol	mmol/l	Source	10	7
s-ngkrea	umol/l	Source	10	7
s-ngkvldl	mmol/l	Source	10	7
s-nglakt	mmol/l	Source	10	7
s-ngleu	mmol/l	Source	10	7
s-nglym5e	u/ml	Source	304	270
s-nglym5e		Extracted	44	43
s-nglym6e	u/ml	Source	314	281
s-nglym6e		Extracted	40	39
s-ngmufa	%	Source	10	7
s-ngmufa	mmol/l	Source	10	7
s-ngphe	mmol/l	Source	10	7
s-ngpu/mu		Source	9	6
s-ngpufa	%	Source	9	6
s-ngpufa	mmol/l	Source	9	6
s-ngsfa	%	Source	10	7
s-ngsfa	mmol/l	Source	10	7
s-ngtobca	mmol/l	Source	10	7
s-ngtotfa	mmol/l	Source	10	7
s-ngtrigl	mmol/l	Source	10	7
s-ngtyr	mmol/l	Source	10	7
s-ngval	mmol/l	Source	10	7
s-ngw6/w3		Source	9	6
s-nhi		Source	10	7
s-niitnue	u/ml	Source	59	57
s-niitspe	u/ml	Source	12	12
s-niittyne	u/ml	Source	9	9
s-nkaseie	u/ml	Source	181	139
s-non-hdl	mmol/l	Source	33	31
s-non-hdl-kolesteroliosatutkimus	mmol/l	Source	28	27
s-norbup	ng/ml	Source	15	10
s-norbupr	ug/l	Source	38	18
s-nordiat	umol/l	Source	7	7
s-norfluo	nmol/l	Source	47	29
s-norklob	umol/l	Source	384	80
s-norklob		Extracted	17	9
s-norkloj	nmol/l	Source	74	34
s-norklom	nmol/l	Source	129	49
s-norklomipramiini	nmol/l	Source	12	8
s-norklot	nmol/l	Source	22342	1096
s-norklot		Extracted	2538	305
s-norklots	nmol/l	Source	53	29
s-norklots		Extracted	157	38
s-norklotsapiini	nmol/l	Source	259	51
s-normet	nmol/l	Source	8222	6242
s-normet	umol/l	Source	10	7
s-normet		Extracted	262	248
s-normetanefriini	nmol/l	Source	196	182
s-nortrip	nmol/l	Source	159	101
s-nortrip		Extracted	24	18
s-nse	ug/l	Source	10077	5099
s-nse		Extracted	114	102
s-nse(pä)	ug/l	Source	11	7
s-nt	mm	Source	769	705
s-nt-2	mm	Source	6	6
s-ntmom	mom	Source	769	705
s-nurnate	u/ml	Source	83	81
s-nurnate		Extracted	8	8
s-nurnspe	u/ml	Source	8	8
s-o4.5.12	titre	Source	55	51
s-o4.5.12		Extracted	7	6
s-oaldos	pmol/l	Source	200	113
s-ohkarb	umol/l	Source	7	6
s-ohkarba	umol/l	Source	4079	1659
s-ohkarba		Extracted	370	179
s-ohkloro	umol/l	Source	125	75
s-ohkloro		Extracted	8	6
s-ohra(ravintoaine),igevasta-aineet	u/ml	Source	8	8
s-ohrae	u/ml	Source	135	135
s-ohrajae	u/ml	Source	84	82
s-ohraspe	u/ml	Source	9	9
s-okarba	umol/l	Source	146	80
s-okarba		Extracted	13	12
s-olants	nmol/l	Source	3999	1611
s-olants		Extracted	408	224
s-olantsapiini	nmol/l	Source	40	34
s-om5glie	u/ml	Source	775	735
s-om5glie		Extracted	210	207
s-omega-3-rasvahapot	mmol/l	Source	265	244
s-omega-3-rasvahappojensuhdekokonaisrasvahappoi	%	Source	264	243
s-omega-6-rasvahapot	mmol/l	Source	258	238
s-omega-6-rasvahappojensuhdekokonaisrasvahappoi	%	Source	258	238
s-omega-6-rasvahappojensuhdenomega-3-rasvahappo		Extracted	258	238
s-omenae	u/ml	Source	127	126
s-omenae		Extracted	14	14
s-oregane	u/ml	Source	9	9
s-osacdt	mg/l	Source	4575	2971
s-osacdt		Extracted	25	23
s-osacdt		Source	382	341
s-osacdtr	g/l	Source	4460	2886
s-osacdtr		Extracted	24	22
s-osacdtr		Source	381	340
s-osmol	form	Source	19	14
s-osmol	mo/kgh2o	Source	218	161
s-osmol	mo/kgho	Source	6	6
s-osmol	mosm/kgh2o	Source	4890	3275
s-osmol		Extracted	748	623
s-osmol		Source	138	127
s-osmolaliteetti	mosm/kgh2o	Source	189	151
s-osmolaliteetti		Extracted	21	21
s-osmolaliteetti,seerumi	mosm/kgh2o	Source	6	6
s-osteoca	ug/l	Source	52	43
s-ovalbue	u/ml	Source	85	71
s-ovarab	titre	Source	6	6
s-ovomuke	u/ml	Source	451	301
s-ovomuke		Extracted	12	12
s-ovomukoidi(f233,natiivi,ngald1),igevasta-aineet	u/ml	Source	12	12
s-p-anca	titre	Source	893	557
s-p-anca		Extracted	66	46
s-p-anca-vasta-aineet,immunofluoresenssi	titre	Source	10	10
s-p-ancab	titre	Source	31	29
s-p-ancif	titre	Source	759	602
s-p-ancif		Extracted	34	31
s-pajue	u/ml	Source	42	42
s-pajuspe	u/ml	Source	9	9
s-papaije	u/ml	Source	12	12
s-papmom,korjattumom	mom	Source	308	306
s-papp-a	mu/l	Source	533	410
s-papp-a		Extracted	330	242
s-pappa	form	Source	136	95
s-pappa	mu/l	Source	33727	22945
s-pappa		Extracted	8219	6599
s-pappa		Source	7	7
s-pappmom	mom	Source	461	439
s-paprike	u/ml	Source	107	104
s-papu,vihreä,ige-vasta-aineet	u/ml	Source	9	9
s-papuvae	u/ml	Source	21	21
s-parapäe	u/ml	Source	827	769
s-parapäe		Extracted	13	12
s-parapähkinä,igevasta-aineet	u/ml	Source	9	9
s-paras	umol/l	Source	2597	1198
s-paras		Extracted	19	15
s-parasetamoli	umol/l	Source	23	19
s-paroabg	au/ml	Source	72	71
s-paroabg	titre	Source	45	44
s-paroabg		Extracted	14	14
s-paroabg		QCOut	11	10
s-paroks	ug/l	Source	11	7
s-parpäh	u/ml	Source	8	8
s-parp�h	u/ml	Source	59	58
s-parp�h		Extracted	7	7
s-parvabg	eiu	Source	67	66
s-parvabg	index	Source	249	233
s-parvabg	iu/ml	Source	57	57
s-parvabg	titre	Source	510	433
s-parvabg		Extracted	141	132
s-parvabg		QCOut	115	100
s-parvabg		Source	29	27
s-parvabm		Source	16	15
s-parvavi	%	Source	13	11
s-parvavi		Source	27	22
s-parvigg	titre	Source	8	7
s-parvorokkovirus,iggvasta-aineet	iu/ml	Source	10	7
s-parvovirus,iggvasta-aineet	index	Source	16	16
s-parvovirus,iggvasta-aineet	iu/ml	Source	12	10
s-passhee	u/ml	Source	8	8
s-pcnaab	u/ml	Source	81	80
s-pcnaab		Extracted	8	8
s-pct	ug/l	Source	4418	2671
s-pct		Extracted	117	98
s-pdhab-o		QCOut	41	37
s-peak-1	g/l	Source	21	17
s-peak-1		Extracted	7	6
s-peak-2	g/l	Source	25	20
s-peak-3	g/l	Source	25	20
s-peak-4	g/l	Source	25	20
s-pekpähe	u/ml	Source	31	31
s-pelsiee	u/ml	Source	17	17
s-pemfiab	ru/ml	Source	14	11
s-pemfiab	titre	Source	12	10
s-pemfiab	u/ml	Source	1320	573
s-pemfiab		Extracted	37	31
s-pemfigoidi,bp180-antigeeni,vasta-aineet	u/ml	Source	21	17
s-pennote	u/ml	Source	13	13
s-pensppe	u/ml	Source	152	149
s-pensppe		Extracted	10	10
s-pensppg	mg/l	Source	115	113
s-pensppg		Extracted	51	50
s-perfen	nmol/l	Source	268	143
s-perfen		Extracted	19	13
s-perfenatsiini	nmol/l	Source	23	11
s-perinukleaarinenneutrofiiliensytoplasmava	titre	Source	27	26
s-perinukleaarinenp-anca	titre	Source	18	16
s-persike	u/ml	Source	41	40
s-persile	u/ml	Source	15	15
s-perunae	u/ml	Source	47	45
s-pespabe	u/ml	Source	6	6
s-pespabe		Extracted	60	60
s-pespabg	mg/l	Source	6	6
s-ph	1	Source	140	104
s-ph	ph	Source	28	20
s-ph		Extracted	161742	46339
s-ph		Source	234489	63875
s-ph(akt)	ph	Source	97114	24286
s-ph(akt)		Extracted	15822	8509
s-ph(akt)		Source	812	659
s-ph(s-kalsium,ionisoitunut)		Extracted	48	34
s-phomabetae,igevasta-aineet	u/ml	Source	9	9
s-phombee	u/ml	Source	22	22
s-phombee		Extracted	14	14
s-phombeg	mg/l	Source	6	6
s-pi	mmol/l	Source	80	58
s-pigf	ng/l	Source	164	124
s-piiinp	u/ml	Source	31	30
s-piiinp	ug/l	Source	2039	1235
s-piiinp		Extracted	183	127
s-pin1abg	eiu	Source	206	192
s-pinaate	u/ml	Source	7	6
s-pincf	titre	Source	702	603
s-pincf		Extracted	52	50
s-pinfabcf	titre	Source	89	77
s-pinfabcf		Extracted	8	8
s-pinp	ug/l	Source	3540	1641
s-pinsiee	u/ml	Source	24	24
s-pistaae	u/ml	Source	47	45
s-pistaae		Extracted	22	22
s-pitorbe	u/ml	Source	54	50
s-pitorbe		Extracted	19	19
s-pl-abm	mpl	Source	6	6
s-pl7ab-o		QCOut	19	15
s-pla2rab	titre	Source	360	49
s-plasentaalinenkasvutekijä	ng/l	Source	57	46
s-plasmaproteiini-a	mu/l	Source	8	8
s-plasmaproteiinia	mu/l	Source	231	224
s-plasmaproteiinia,raskauteenliittyvä	mu/l	Source	1757	1686
s-plasmaproteiinia,raskauteenliittyvä(sikiöseula)	mu/l	Source	183	175
s-plgf	ng/l	Source	289	185
s-pm-scl	u/ml	Source	166	161
s-pm-skleroderma,vasta-aineet	u/ml	Source	46	44
s-pm100-o		QCOut	7	6
s-pm75abo		QCOut	12	12
s-porkkae	u/ml	Source	64	64
s-pr3ab	iu/ml	Source	2324	406
s-pr3ab	kiu/l	Source	39	20
s-pr3ab	u/ml	Source	717	134
s-pr3ab		Extracted	1865	327
s-pr3abg	iu/ml	Source	54	23
s-pr3abg		Extracted	11	9
s-pr3abgk	iu/ml	Source	18	15
s-prealb	g/l	Source	33017	13048
s-prealb	mg/l	Source	38067	16019
s-prealb		Extracted	2233	1383
s-prealb		QCOut	955	682
s-prealbl	mg/l	Source	9	7
s-prealbumiini	g/l	Source	498	387
s-prealbumiini	mg/l	Source	385	236
s-pregaba		Extracted	9	8
s-prl	miu/l	Source	1647	1529
s-prl	mu/l	Source	28193	16830
s-prl	mul/l	Source	6	6
s-prl	nmol/l	Source	58	55
s-prl		Extracted	2983	2367
s-prlbio	miu/l	Source	43	40
s-prlbio	mu/l	Source	2537	1785
s-prlbio		Extracted	86	81
s-prlbio,biologisestiaktiivinenprolaktiini	mu/l	Source	81	61
s-prlpit	mu/l	Source	21	20
s-prlrec	%	Source	2571	1816
s-prlrec		Extracted	86	81
s-prlrec,saanto	%	Source	82	62
s-prltot	mu/l	Source	245	224
s-prltot		Extracted	19	17
s-probnp	ng/l	Source	2092	1753
s-probnp		Extracted	25	24
s-prog	nmol/l	Source	4206	2910
s-prog		Extracted	167	144
s-progesteroni	nmol/l	Source	32	27
s-prokollageenii:naminoterminaalinenpropeptidi	ug/l	Source	14	10
s-prokollageeniiii:naminoterminaalinenpropepti	ug/l	Source	16	14
s-prolaktiini	mu/l	Source	935	795
s-prolaktiini,bio,osatutkimuss-prlmakr	mu/l	Source	9	8
s-prolaktiini,biologisestiaktiivinen	mu/l	Source	61	55
s-prolaktiini,biologisestiaktiivinenosuus	%	Source	22	17
s-prolaktiini,rec	%	Source	12	12
s-prolaktiini,rec,osatutkimuss-prlmakr	%	Source	9	8
s-prolaktiini,saanto	%	Source	29	28
s-prolaktiini,saanto-	%	Source	7	7
s-prolaktiini,totaali	mu/l	Source	26	25
s-prostataspecifinenantigeeni	ug/l	Source	8	8
s-prostataspesifinenantig.,vapaa/totaali-suhde	%	Source	15	11
s-prostataspesifinenantigeeni	ug/l	Source	97	80
s-prostataspesifinenantigeeni		Extracted	165	148
s-prostataspesifinenantigeeni,kokonais	ug/l	Source	5061	3014
s-prostataspesifinenantigeeni,kokonais		Extracted	50	47
s-prostataspesifinenantigeeni,suhde	%	Source	16	12
s-prostataspesifinenantigeeni,vapaa	ug/l	Source	1170	737
s-prostataspesifinenantigeeni,vapaa,osuus	%	Source	14	9
s-prostataspesifinenantigeeni,vapaa/kokonais-su	%	Source	471	395
s-prostataspesifinenantigeeni,vapaa/kokonais-suhde	%	Source	1147	624
s-prostataspesifinenantigeeni,vapaa/kokonais-suhde		Extracted	39	34
s-prostataspesifinenantigeeni,vapaa/kokonaissu	%	Source	25	16
s-prostataspesifinenantigeeni,vapaa/totaali	%	Source	4123	2203
s-prostataspesifinenantigeeni,vapaansuhde	%	Source	30	25
s-prostataspesifinenantigeenit	ug/l	Source	12	11
s-prostataspesifinenantigeenivap/tot-suhde	%	Source	280	209
s-prostatspesifinenantigeeni,kokonais	ug/l	Source	98	65
s-prostatspesifinenantigeeni,kokonais		Extracted	16	6
s-prot	g/l	Source	87590	32839
s-prot		Extracted	5202	3881
s-prot		Source	38	15
s-prot-fr	g/l	Source	15	9
s-prot-fr		Source	9	9
s-proteiini	g/l	Source	1206	702
s-proteiini(s-prot-frvaletietue)	g/l	Source	82	60
s-proteiini,osatutk2522	g/l	Source	9	8
s-proteiinifraktioidenalbumiinifraktio	g/l	Source	244	65
s-proteiinifraktioidenalfa-1-fraktio	g/l	Source	244	65
s-proteiinifraktioidenalfa-2-fraktio	g/l	Source	244	65
s-proteiinifraktioidenbeeta-1-fraktio	g/l	Source	244	65
s-proteiinifraktioidenbeeta-2-fraktio	g/l	Source	244	65
s-proteiinifraktioidengammafraktio	g/l	Source	244	65
s-proteiinifraktioidenm-komponentti1	g/l	Source	108	8
s-proteinaasi3,vasta-aineet	iu/ml	Source	40	12
s-proteinaasi3,vasta-aineet	kiu/l	Source	22	16
s-proteinaasi3,vasta-aineet	u/ml	Source	15	10
s-protks	g/l	Source	215	158
s-psa	mg/l	Source	7	7
s-psa	ug/l	Source	88424	40096
s-psa		Extracted	2767	1913
s-psa		Source	356	237
s-psa(pi)	ug/l	Source	67	51
s-psa,vapaanjatotaalinsuhde	%	Source	14	11
s-psa-suh	%	Source	15340	7847
s-psa-suh	ug/l	Source	116	79
s-psa-suh		Extracted	685	409
s-psa-suh		Source	14	13
s-psa-suh,psa	ug/l	Source	23	16
s-psa-suh,psa-v/t		Extracted	7	6
s-psa-suh,s-psa	ug/l	Source	66	46
s-psa-suh,s-psa-v/t	%	Source	19	12
s-psa-t	ug/l	Source	35874	8704
s-psa-t		Extracted	133	71
s-psa-v	%	Source	63	50
s-psa-v	ug/l	Source	22261	10345
s-psa-v		Extracted	133	122
s-psa-v(pi)	ug/l	Source	21	16
s-psa-v/t	%	Source	13330	4289
s-psa-v/t		Extracted	584	274
s-psa-v/t		Source	33	20
s-psa-v/t(pi)	%	Source	21	16
s-psa/oma	ug/l	Source	183	100
s-psarj	ug/l	Source	8	7
s-psatot+v		Source	8	6
s-psav/t	%	Source	1108	370
s-psavapaanjatotaalinsuhde	%	Source	106	76
s-psolab	titre	Source	55	53
s-psolab	u/ml	Source	42	39
s-psolab		Extracted	15	15
s-pujo	u/ml	Source	10	10
s-pujoe	u/ml	Source	4814	4396
s-pujoe	ucor	Source	507	407
s-pujoe		Extracted	450	444
s-pujonsiitepöly(w6),ige-vasta-aineet	u/ml	Source	95	95
s-pujonsiitepöly(w6),igevasta-aineet	u/ml	Source	64	64
s-pujonsiitepöly,ige-vasta-aineet	u/ml	Source	46	46
s-pujonsiitepöly,igevasta-aineet	u/ml	Source	206	203
s-pujonsiitepöly,igevasta-aineet(ko)	u/ml	Source	8	8
s-pujonsiitepöly,igevasta-aineet,rast,allergia	u/ml	Source	7	7
s-pujospe	u/ml	Source	555	539
s-pujospe		Extracted	52	52
s-pumpule	mmol/l	Source	6	6
s-puu9er	u/ml	Source	54	50
s-puu9ry	u/ml	Source	17	17
s-puuer	u/ml	Source	125	124
s-puuer		Extracted	31	31
s-puuerittely,igevasta-aineet	u/ml	Source	37	37
s-puumabg	eiu	Source	82	78
s-puumabg		Extracted	7	7
s-puumabg		QCOut	108	105
s-puumabg		Source	361	341
s-puumabm		Source	347	328
s-puumavi		Source	16	15
s-puuryh	u/ml	Source	29	29
s-päh22er	u/ml	Source	41	41
s-pähk1er	u/ml	Source	14	14
s-pähk1ry	u/ml	Source	8	8
s-pähkier	u/ml	Source	83	82
s-pähkier		Extracted	13	12
s-pähkryh	u/ml	Source	31	31
s-pähkryh		Extracted	23	22
s-pähpene	u/ml	Source	89	89
s-pähpene		Extracted	9	9
s-pääryne	u/ml	Source	27	27
s-pöly-s	u/ml	Source	165	144
s-pölyer	estimate	Source	14	14
s-pölyer	form	Source	58	54
s-pölyer	u/ml	Source	7290	6853
s-pölyer		Extracted	1120	1099
s-pölyer(ent.phadiatop)	u/ml	Source	7	7
s-pölyer(ent.phadiatop)tykslab	u/ml	Source	124	124
s-pölyer.		Extracted	16	16
s-pölyeri	u/ml	Source	24	24
s-pölyerittely	u/ml	Source	222	218
s-pölyerittely(phad),igevasta-aineet	u/ml	Source	25	24
s-pölyerittely(phadiatop),igevasta-aineet	u/ml	Source	249	249
s-pölyerittely,ige-vasta-aineet	u/ml	Source	133	131
s-pölyerittely,igevasta-aineet	u/ml	Source	539	531
s-pölyry	u/ml	Source	42	41
s-pölyryh	u/ml	Source	228	225
s-pölyryh		Extracted	79	79
s-pölyryhmä	u/ml	Source	77	77
s-pölyryhmä(phadiatop),igevasta-aineet	u/ml	Source	6	6
s-pölyryhmä,igevasta-aineet	u/ml	Source	10	10
s-pölyryhmäjatarvittaessaerittely,igevasta-aineet	u/ml	Source	29	29
s-pölyryhmäjatarvittaessaerittely,igevasta-aineet(ko)	u/ml	Source	47	47
s-pölyss	u/ml	Source	7	7
s-pölyt	u/ml	Source	183	183
s-pölyt,igevasta-aineet	u/ml	Source	11	11
s-p�hk1er	u/ml	Source	28	28
s-p�hpene	u/ml	Source	9	9
s-p�ivke	ucarr	Source	507	407
s-p�lyer	u/ml	Source	7492	7012
s-p�lyer		Extracted	220	217
s-p�lyry	u/ml	Source	251	247
s-rabiab	iu/ml	Source	70	59
s-rabiab		Extracted	8	6
s-ractd8e	u/ml	Source	16	16
s-raiheie	u/ml	Source	72	70
s-ranao3e	u/ml	Source	501	451
s-ranao3e		Extracted	64	64
s-rapi10e	u/ml	Source	59	59
s-rapi10e		Extracted	14	13
s-rapig1e	u/ml	Source	28	28
s-rapim1e	u/ml	Source	223	207
s-rapim1e		Extracted	59	58
s-rapim2e	u/ml	Source	11	11
s-rapim3e	u/ml	Source	13	13
s-rapim5e	u/ml	Source	15	15
s-rapue	u/ml	Source	23	22
s-rarah1e	u/ml	Source	297	283
s-rarah1e		Extracted	108	107
s-rarah2e	u/ml	Source	846	699
s-rarah2e		Extracted	134	131
s-rarah3e	u/ml	Source	296	283
s-rarah3e		Extracted	97	96
s-rarah6e	u/ml	Source	379	343
s-rarah6e		Extracted	87	86
s-rarah8e	u/ml	Source	246	229
s-rarah8e		Extracted	20	20
s-rarah9e	u/ml	Source	277	263
s-rarah9e		Extracted	90	90
s-rasvahappotasapaino		Extracted	265	244
s-rbere1e	u/ml	Source	431	399
s-rbere1e		Extracted	39	38
s-rbetv1e	u/ml	Source	6	6
s-rcanf1e	u/ml	Source	8	8
s-rcor14e	u/ml	Source	22	22
s-rcora14	u/ml	Source	10	10
s-rcora14(f439,rekombinantti,hasselpähkinä),igevasta-aineet	u/ml	Source	11	10
s-rcora1e	u/ml	Source	253	247
s-rcora1e		Extracted	41	40
s-rcora8e	u/ml	Source	353	346
s-rcora8e		Extracted	84	84
s-rcora9e	u/ml	Source	384	365
s-rcora9e		Extracted	8	8
s-rcypc1e	u/ml	Source	158	152
s-rcypc1e		Extracted	36	33
s-rder10e	u/ml	Source	7	7
s-reumafaktori	kiu/l	Source	32	28
s-reumafaktori(ko)	kiu/l	Source	22	21
s-reumafaktori,määritys	iu/ml	Source	32	31
s-reumafaktori,määritys	kiu/l	Source	173	163
s-rf	iu/l	Source	9	9
s-rf	iu/ml	Source	11352	10236
s-rf	kiu/l	Source	4037	3478
s-rf	u/ml	Source	272	258
s-rf		Extracted	3009	2816
s-rf		Source	16	15
s-rfeld1e	u/ml	Source	6	6
s-rgadc1e	u/ml	Source	169	164
s-rgadc1e		Extracted	52	49
s-rglym4e	u/ml	Source	260	241
s-rglym4e		Extracted	23	23
s-rhd-ab		Source	49	33
s-rhev11e	u/ml	Source	54	54
s-rhevb1e	u/ml	Source	89	89
s-rhevb1e		Extracted	11	11
s-rhevb3e	u/ml	Source	84	84
s-rhevb3e		Extracted	11	11
s-rhevb5e	u/ml	Source	86	85
s-rhevb5e		Extracted	10	10
s-rhevb6e	u/ml	Source	52	52
s-rhevb8e	u/ml	Source	79	79
s-rhevb8e		Extracted	11	11
s-rib-pab	u/ml	Source	98	96
s-ribonukeliiniproteiini70,vasta-aineet	u/ml	Source	181	155
s-ribonukleoproteiini,nukleaarinen,vasta-aineet	u/ml	Source	54	42
s-ribonukleoproteiini,nukleaarinen,vasta-aineet(u1rnp)	u/ml	Source	87	65
s-ribonukleoproteiini,vasta-aineet	u/ml	Source	9	6
s-ribosomaalisetfosfoproteiinit,vasta-aineet	u/ml	Source	28	27
s-ricoab	titre	Source	6	6
s-riisie	u/ml	Source	35	35
s-ris+9hr	nmol/l	Source	17	12
s-ris9hrs	nmol/l	Source	16	12
s-ris9hrs	ug/l	Source	14	10
s-riski		Source	125	124
s-risp9hs	nmol/l	Source	16	10
s-risper	nmol/l	Source	373	252
s-risper	ug/l	Source	12	9
s-risper		Extracted	126	65
s-risperidoninja9-hydroksirisperidoninsumma	nmol/l	Source	13	8
s-risperidoninja9-hydroksirisperidoninsumma		Extracted	26	14
s-rjugr1e	u/ml	Source	500	451
s-rjugr1e		Extracted	71	71
s-rjugr3e	u/ml	Source	288	282
s-rjugr3e		Extracted	34	34
s-rmald1e	u/ml	Source	62	62
s-rmald3e	u/ml	Source	268	263
s-rmald3e		Extracted	30	30
s-rnapol3	u/ml	Source	26	26
s-rnapolymeraasiiii,vasta-aineet	u/ml	Source	12	10
s-rnp-ab	u/ml	Source	13	13
s-rnp70	u/ml	Source	11	10
s-rnp70-ab	u/ml	Source	262	225
s-rnp70ab	u/ml	Source	55	39
s-rnpab	u/ml	Source	2847	1877
s-rnpab		Extracted	856	637
s-rnpab		Source	15	12
s-rnpabbl		QCOut	40	29
s-ro214e	u/ml	Source	13	13
s-rocuroe	u/ml	Source	9	9
s-rottae	u/ml	Source	22	21
s-rpena1e	u/ml	Source	183	179
s-rpena1e		Extracted	33	32
s-rprup1e	u/ml	Source	46	46
s-rprup3e	u/ml	Source	353	341
s-rprup3e		Extracted	17	17
s-rprup4e	u/ml	Source	30	30
s-rsesi1e	u/ml	Source	10	10
s-rsvab	eiu	Source	92	86
s-rsvabcf	titre	Source	77	68
s-rsvabg	eiu	Source	136	127
s-rsvcf	titre	Source	597	515
s-rsvcf		Extracted	40	38
s-rtri14e	u/ml	Source	127	127
s-rubeabg	eiu	Source	80	76
s-rubeabg	iu/ml	Source	205	201
s-rubeabg		Extracted	24	24
s-ruis(ravintoaine),igevasta-aineet	u/ml	Source	9	9
s-ruise	u/ml	Source	141	139
s-ruisjae	u/ml	Source	97	96
s-ruisspe	u/ml	Source	12	12
s-ruo20er	u/ml	Source	8	8
s-ruoat	u/ml	Source	123	122
s-ruoat,igevasta-aineet	u/ml	Source	8	8
s-ruocome	u/ml	Source	725	694
s-ruocome		Extracted	33	33
s-ruoer	u/ml	Source	9	9
s-ruoerco	u/ml	Source	33	32
s-ruok5er	u/ml	Source	1747	1687
s-ruok5er		Extracted	116	113
s-ruok5ry	u/ml	Source	127	126
s-ruoka	u/ml	Source	8	8
s-ruoka-aine-erittely(fx5),igevasta-aineet	u/ml	Source	62	61
s-ruoka-aineryhmä	u/ml	Source	16	15
s-ruoka-aineryhmä(fx5),igevasta-aineet	u/ml	Source	7	7
s-ruoka-aineryhmäjakomponentit	u/ml	Source	8	8
s-ruoka-aineryhmäosat	u/ml	Source	8	7
s-ruoka-s	u/ml	Source	45	43
s-ruoka5e		Extracted	11	11
s-ruokae	u/ml	Source	17	16
s-ruokaer	u/ml	Source	1306	1256
s-ruokaer		Extracted	237	231
s-ruokaerittely	u/ml	Source	13	13
s-ruokaerittely,igevasta-aineet	u/ml	Source	55	55
s-ruokaerittelyjaerittelytarvittaessa,igevasta-aineet	u/ml	Source	16	16
s-ruokaerittelyjaerittelytarvittaessa,igevasta-aineet(ko)	u/ml	Source	17	16
s-ruokaerittelyjakomponentit,igevasta-aineet	u/ml	Source	12	12
s-ruokaryhmä,erittelyjakomponentit,igevasta-aineet	u/ml	Source	9	9
s-ruokryh	u/ml	Source	101	99
s-ruokryh		Extracted	43	43
s-rvesv1e	u/ml	Source	360	318
s-rvesv1e		Extracted	36	36
s-rvesv5e	u/ml	Source	360	316
s-rvesv5e		Extracted	51	49
s-s100	ug/l	Source	274	117
s-saksanpähkinä,igevasta-aineet	u/ml	Source	10	10
s-sakspäe	u/ml	Source	881	822
s-sakspäe		Extracted	23	23
s-salis	mmol/l	Source	56	12
s-salis	umol/l	Source	82	13
s-salmab	index	Source	12	12
s-salmab		Extracted	42	41
s-salmab		QCOut	10	10
s-salmaba	titre	Source	8	8
s-salmabm	titre	Source	34	32
s-sappih	umol/l	Source	9064	3648
s-sappih		Extracted	1037	680
s-sappihapot	umol/l	Source	24	19
s-scc-ag	ug/l	Source	957	497
s-scc-ag		Extracted	20	14
s-schiaab	od	Source	125	118
s-schiaab		Extracted	24	23
s-schimab	od	Source	126	119
s-schimab		Extracted	24	23
s-scl70-ab	u/ml	Source	121	90
s-scl70ab	u/ml	Source	851	615
s-scl70ab		Extracted	431	363
s-scl70bl	s	Source	6	6
s-scl70bl		QCOut	10	7
s-se	umol/l	Source	44	36
s-seeruminhappamuusaste		Source	1544	1107
s-seesame	u/ml	Source	24	24
s-seessie	u/ml	Source	36	36
s-seitie	u/ml	Source	33	31
s-seitie		Extracted	16	15
s-sellere	u/ml	Source	52	52
s-sentab	u/ml	Source	438	283
s-sentab		Extracted	213	185
s-sentabb		QCOut	72	58
s-sentbab	u/ml	Source	81	63
s-sentromeeri,vasta-aineet	u/ml	Source	55	41
s-sentromeerip,vasta-aineet	u/ml	Source	47	40
s-serto	mg/l	Source	108	93
s-sertoab	au/ml	Source	18	15
s-sertoab		Extracted	10	9
s-sertolitsumabi	mg/l	Source	7	7
s-sertral	nmol/l	Source	85	66
s-sertral		Extracted	15	10
s-sfit1	ng/l	Source	135	105
s-sflt-1	ng/l	Source	318	200
s-sflt-1:njas-pigt:nsuhde		Source	11	11
s-sflt-1:njas-plgf:nsuhde		Extracted	40	29
s-shbg	nmol/l	Source	28134	15509
s-shbg		Extracted	1174	872
s-shbg		Source	18	14
s-sikaepe	u/ml	Source	6	6
s-sikalie	u/ml	Source	15	14
s-sileälihas,vasta-aineet	titre	Source	16	16
s-sili-ab	titre	Source	11	11
s-siliab	titre	Source	1483	1280
s-siliab		Extracted	123	114
s-sillie	u/ml	Source	11	11
s-simpuke	u/ml	Source	15	15
s-sinappe	u/ml	Source	26	24
s-sindabg	titre	Source	44	37
s-sindabg		Extracted	7	7
s-sindabg		QCOut	8	7
s-sindabm		QCOut	11	9
s-sinkki	umol/l	Source	35	34
s-sinsime	u/ml	Source	22	21
s-sipulie	u/ml	Source	26	26
s-sital	nmol/l	Source	110	87
s-sital		Extracted	15	10
s-sitalop		Extracted	12	9
s-sitrulliinipeptidi,vast-aineet	u/ml	Source	29	29
s-sitrulliinipeptidi,vasta-aineet	u/ml	Source	1555	1477
s-sitruue	u/ml	Source	49	49
s-sitruue		Extracted	6	6
s-sjögreninsyndroma(b),vasta-aineet	u/ml	Source	13	6
s-sjögreninsyndroma,a(ro)-vasta-aineet	u/ml	Source	23	16
s-sjögreninsyndroma,a(ro52)-vasta-aineet	u/ml	Source	59	52
s-sjögreninsyndroma,a(ro60)-vasta-aineet	u/ml	Source	32	31
s-sjögreninsyndroma,b(la)-vasta-aineet	u/ml	Source	15	14
s-sjögreninsyndromaa(ro)-vasta-aineet	u/ml	Source	19	16
s-sjögreninsyndromaavasta-aineet	u/ml	Source	17	12
s-sjögreninsyndromab(la)-vasta-aineet	u/ml	Source	18	14
s-sjögreninsyndrooma,a(ro-),vasta-aineet	u/ml	Source	18	11
s-sjögreninsyndroomaa,(ro)-vasta-aineet	u/ml	Source	15	14
s-skleroderma,vasta-aineet	u/ml	Source	43	31
s-skleroderma70,vasta-aineet	u/ml	Source	31	29
s-slaab-o		QCOut	7	7
s-sldl	mmol/l	Source	2207	806
s-sm(smith),vasta-aineet	u/ml	Source	52	42
s-sm-ab	u/ml	Source	8	8
s-smab	u/ml	Source	1653	1199
s-smab		Extracted	554	431
s-smab		Source	6	6
s-smabbl	s	Source	8	8
s-smabbl		QCOut	41	31
s-soija,igevasta-aineet	u/ml	Source	10	10
s-soijae	u/ml	Source	320	296
s-soijae		Extracted	41	41
s-soijapapu(f14),ige-vasta-aineet	u/ml	Source	6	6
s-soijape	u/ml	Source	537	500
s-soijape		Extracted	31	31
s-spho3ry	u/ml	Source	6	6
s-ssa-52	u/ml	Source	329	236
s-ssa-52		Extracted	10	9
s-ssa-60	u/ml	Source	201	145
s-ssa-60		Extracted	9	8
s-ssa52-o		QCOut	44	44
s-ssaab	u/ml	Source	1429	945
s-ssaab		Extracted	308	269
s-ssaabbl		QCOut	164	139
s-ssbab	u/ml	Source	1136	744
s-ssbab		Extracted	302	243
s-ssbabbl	s	Source	6	6
s-ssbabbl		Extracted	7	6
s-ssbabbl		QCOut	60	51
s-staatrg	mg/l	Source	9	9
s-stachybotrysatra(chartarum),igevasta-aineet	u/ml	Source	8	8
s-statabe	u/ml	Source	6	6
s-statabe		Extracted	60	60
s-statrae	u/ml	Source	83	83
s-statrae		Extracted	83	83
s-statrag	mg/l	Source	22	22
s-stpn1	mg/l	Source	430	306
s-stpn1		Extracted	97	68
s-stpn10a	fmiau/ml	Source	29	21
s-stpn10a	ug/mlgmc	Source	43	26
s-stpn10a		Extracted	39	27
s-stpn11a	fmiau/ml	Source	30	21
s-stpn11a	ug/mlgmc	Source	46	28
s-stpn11a		Extracted	42	28
s-stpn12f	fmiau/ml	Source	11	10
s-stpn12f	ug/mlgmc	Source	29	23
s-stpn12f		Extracted	17	14
s-stpn14	mg/l	Source	409	288
s-stpn14		Extracted	81	58
s-stpn15b	fmiau/ml	Source	24	18
s-stpn15b	mg/l	Source	9	7
s-stpn15b	ug/mlgmc	Source	38	26
s-stpn15b		Extracted	43	28
s-stpn17f	fmiau/ml	Source	27	20
s-stpn17f	ug/mlgmc	Source	42	27
s-stpn17f		Extracted	30	22
s-stpn18c	mg/l	Source	500	337
s-stpn18c		Extracted	111	69
s-stpn19f	mg/l	Source	463	316
s-stpn19f		Extracted	96	63
s-stpn2	fmiau/ml	Source	25	19
s-stpn2	mg/l	Source	8	7
s-stpn2	ug/mlgmc	Source	37	25
s-stpn2		Extracted	34	24
s-stpn20	fmiau/ml	Source	29	20
s-stpn20		Extracted	39	28
s-stpn20a	ug/mlgmc	Source	40	27
s-stpn23f	mg/l	Source	484	324
s-stpn23f		Extracted	99	64
s-stpn33f	fmiau/ml	Source	22	18
s-stpn33f	ug/mlgmc	Source	39	26
s-stpn33f		Extracted	29	23
s-stpn4	mg/l	Source	400	282
s-stpn4		Extracted	90	66
s-stpn5	mg/l	Source	370	277
s-stpn5		Extracted	68	55
s-stpn6b	mg/l	Source	431	299
s-stpn6b		Extracted	98	65
s-stpn7f	mg/l	Source	492	327
s-stpn7f		Extracted	117	72
s-stpn8	fmiau/ml	Source	22	19
s-stpn8	mg/l	Source	7	6
s-stpn8	ug/mlgmc	Source	40	27
s-stpn8		Extracted	33	25
s-stpn9v	mg/l	Source	446	308
s-stpn9v		Extracted	104	68
s-strdnab	u/ml	Source	123	109
s-strdnab		Extracted	6	6
s-streptococcuspneumoniae,serot.18c,vasta-aineet		Extracted	10	6
s-streptococcuspneumoniae,serot.23f,vasta-aineet		Extracted	10	6
s-streptococcuspneumoniae,serot.7f,vasta-aineet		Extracted	9	6
s-stroab	od	Source	120	113
s-stroab		Extracted	15	15
s-stroab.	od	Source	7	7
s-sukupuolihormonejasitovaglobuliini	nmol/l	Source	359	256
s-sukupuolihormonejasitovaglobuliiniosat.	nmol/l	Source	21	15
s-sulfabm		Extracted	10	8
s-sulfabm		Source	20	11
s-sumklop	nmol/l	Source	10	6
s-sumrisp	nmol/l	Source	146	108
s-sumrisp		Extracted	9	9
s-suoli	u/l	Source	115	104
s-suoli		Extracted	7	7
s-suolist	u/l	Source	81	75
s-suolistoisoentsyymi	%	Source	20	20
s-suolistoisoentsyymi	u/l	Source	122	114
s-suolistoisoentsyymi(afos)	u/l	Source	125	122
s-sydämenikä		Extracted	265	244
s-sydäntautiriski	%	Source	265	244
s-sydäntautiriskinpisteytys		Extracted	265	244
s-syklinencitrullinoitupeptidi,vasta-aine	u/ml	Source	36	35
s-syklinensitrullinoitupeptidi,vasta-aineet	u/ml	Source	17	17
s-sytomegalovirus,igg-vasta-aineet	au/ml	Source	40	37
s-sytomegalovirus,iggvasta-aine	u/ml	Source	11	10
s-sänka		Source	92	71
s-t2drisk	%	Source	10	7
s-t2dscor		Source	10	7
s-t3-v	pmol/l	Source	18326	8176
s-t3-v		Extracted	1109	729
s-t3-v		Source	7	7
s-t3-vdi	pmol/l	Source	567	484
s-t3-vdi		Extracted	122	92
s-t3r	nmol/l	Source	13	12
s-t3v	pmol/l	Source	53	16
s-t3vdi	pmol/l	Source	15	14
s-t3vvert		Extracted	6	6
s-t4	nmol/l	Source	8	8
s-t4-v	pmol/l	Source	242498	113409
s-t4-v		Extracted	9405	6818
s-t4-v		Source	304	227
s-t4-vd	pmol/l	Source	46	38
s-t4-vd		Extracted	6	6
s-t4-vdi	pmol/l	Source	1923	1381
s-t4-vdi		Extracted	321	235
s-t4v	pmol/l	Source	1085	647
s-t4vhypo		Extracted	20	18
s-t4vvert	pmol/l	Source	12	12
s-taatele	u/ml	Source	6	6
s-taimene	u/ml	Source	6	6
s-tammie	u/ml	Source	33	33
s-tati	nmol/l	Source	548	482
s-tati	ug/l	Source	446	394
s-tati		Extracted	61	52
s-tattare	u/ml	Source	59	58
s-tbeabg	eiu	Source	74	63
s-tbeabg	ru/ml	Source	91	82
s-tbeabg	vieu/ml	Source	15	14
s-tbeabg		Extracted	12	11
s-tbeabm	index	Source	8	8
s-tbeabm		Extracted	8	8
s-tbeabm		Source	39	34
s-tbetot	titre	Source	88	76
s-tbg	nmol/l	Source	12	12
s-teicopl	mg/l	Source	39	13
s-teikab	titre	Source	14	14
s-teofy	mg/l	Source	10	9
s-teofy	umol/l	Source	618	346
s-teofy		Extracted	131	99
s-tes-vlik	pmol/l	Source	3055	2285
s-tesmsvl	pmol/l	Source	118	109
s-testab	titre	Source	6	6
s-testo	form	Source	21	17
s-testo	nmol	Source	11	9
s-testo	nmol/l	Source	77553	35821
s-testo	pmol/l	Source	25	20
s-testo		Extracted	6835	3855
s-testo		Source	117	81
s-testo,p	%	Source	8	8
s-testo,vap,laskmassasp	pmol/l	Source	192	165
s-testo,vapaa+kok+shbg	pmol/l	Source	15	15
s-testo,vapaa,laskettu	pmol/l	Source	16	13
s-testo-v	%	Source	15	15
s-testo-v	pmol/l	Source	1390	1082
s-testo-v		Extracted	152	112
s-testo-v		Source	15	11
s-testo-vi	pmol/l	Source	30	24
s-testo-vi		Extracted	19	11
s-testo-vl	pmol/l	Source	1583	911
s-testo-vl		Extracted	194	137
s-testoln	nmol/l	Source	18	17
s-testoms	nmol/l	Source	713	492
s-testoms		Extracted	10	10
s-testoms-vlmassaspektrometrinen,vapaalaskettu	pmol/l	Source	8	8
s-testosteroni	nmol/l	Source	708	496
s-testosteroni,herkkä	nmol/l	Source	13	13
s-testosteroni,herkkämenetelmä	nmol/l	Source	23	20
s-testosteroni,massaspektrometrinen	nmol/l	Source	88	79
s-testosteroni,massaspektrometrinen,seerumista	nmol/l	Source	134	120
s-testosteroni,seerumista	nmol/l	Source	395	252
s-testosteroni,vapaa	pmol/l	Source	11	10
s-testosteroni,vapaa,laskettu	pmol/l	Source	3226	2413
s-testosteroni,vapaa,laskettu		Extracted	23	19
s-testosteroni,vapaa,laskettu,seerumista	pmol/l	Source	33	26
s-testosteroni,vapaa,laskettu,voitilata	pmol/l	Source	6	6
s-testosteroni,vapaa,prosentti	%	Source	9	8
s-testosteroni,vapaalaskettu	pmol/l	Source	26	23
s-testosteroni,vapaalaskettu(ko)	pmol/l	Source	13	11
s-testosteronimassaspektrometrinenmenetelmä	nmol/l	Source	12	10
s-testosteronivapaalaskettu	pmol/l	Source	102	77
s-testosterooni,vapaa,lask.	pmol/l	Source	112	87
s-testostervapaalaske	pmol/l	Source	122	85
s-testostoni,vapaa,laskettu	pmol/l	Source	16	11
s-testotot	nmol/l	Source	6	6
s-testotot		Extracted	15	12
s-testov	%	Source	149	118
s-testov		Extracted	61	48
s-testovi	pmol/l	Source	85	62
s-testovl	pmol/l	Source	14452	8363
s-testovl		Extracted	567	462
s-testovl		Source	40	34
s-tfr	mg	Source	7	6
s-tfr	mg/l	Source	75736	36806
s-tfr		Extracted	2004	1417
s-tfr		Source	14	14
s-thevule	u/ml	Source	32	32
s-thevule		Extracted	36	36
s-thevulg	mg/l	Source	62	59
s-thevulg		Extracted	22	22
s-timjame	u/ml	Source	8	8
s-timospe	u/ml	Source	680	655
s-timospe		Extracted	71	70
s-timotee	u/ml	Source	5945	5423
s-timotee		Extracted	592	577
s-timotei	u/ml	Source	8	8
s-timotei,igevasta-aineet	u/ml	Source	23	23
s-timotei,igevasta-aineetosat.	u/ml	Source	46	46
s-timoteinsiitepöly(g6),ige-vasta-aineet	u/ml	Source	42	42
s-timoteinsiitepöly(g6),igevasta-aineet	u/ml	Source	125	124
s-timoteinsiitepöly,igevasta-aineet	u/ml	Source	256	251
s-timoteinsiitepöly,igevasta-aineet(ko)	u/ml	Source	7	7
s-timoteinsiitepöly,igevasta-aineet,rast,timotei,allergia	u/ml	Source	15	15
s-timotej	u/ml	Source	13	12
s-timp-1	ug/l	Source	23	22
s-tiosyan	umol/l	Source	36	25
s-tnf	ng/l	Source	100	69
s-tnf		Extracted	13	10
s-tni	ng/l	Source	63	61
s-tni	ug/l	Source	11	11
s-tnih	ng/l	Source	9	6
s-tnt	ng/l	Source	149	137
s-tnt		Extracted	46	42
s-tob	mg/l	Source	795	316
s-tob		Extracted	103	32
s-tocaab	od	Source	35	35
s-tocaab		Extracted	22	22
s-tocaab.	od	Source	100	93
s-toksoplasma,iggvasta-aineet	iu/ml	Source	6	6
s-tomaate	u/ml	Source	158	156
s-tomaate		Extracted	6	6
s-tomaatti,igevasta-aineet	u/ml	Source	10	10
s-tonnike	u/ml	Source	67	63
s-tonnike		Extracted	6	6
s-topira	mg/l	Source	34	17
s-topira		Extracted	10	6
s-topiram	mg/l	Source	17	11
s-topiram	umol/l	Source	13	10
s-tosilit	mg/l	Source	18	13
s-tox-abg	iu/ml	Source	7	6
s-toxabcf	titre	Source	23	19
s-toxoabg	iu/ml	Source	599	527
s-toxoabg		Extracted	356	328
s-toxoavi	index	Source	45	44
s-toxoavi		Extracted	65	64
s-toxoavi		Source	20	20
s-toxocf	titre	Source	120	108
s-toxocf		Extracted	9	9
s-tpha	titre	Source	893	252
s-tpha		Extracted	32	23
s-tpo-ab	iu/ml	Source	76	69
s-tpo-ab	u/ml	Source	12	11
s-tpo-ab		Extracted	37	34
s-tpoab	form	Source	13	11
s-tpoab	iu/ml	Source	7169	6165
s-tpoab	u/ml	Source	5054	4496
s-tpoab		Extracted	2442	2165
s-tpoab		Source	7	7
s-tputree	u/ml	Source	81	81
s-tr1tutkosatutkimus,papp-a:nosuus,seerumista	mu/l	Source	112	110
s-transferriininrautakyllästeisyyspaastotilassa		Source	14	10
s-transferriinireseptori	mg/l	Source	1934	1434
s-transferriinireseptori,liukoinen	mg/l	Source	125	95
s-transferriinireseptori,liukoinen(ko)	mg/l	Source	26	24
s-transglutaminaasivasta-aineet	u/ml	Source	12	9
s-treponemapallidum,hemagglutinaatio	titre	Source	21	7
s-tria14e	u/ml	Source	76	75
s-tria14e		Extracted	47	47
s-trigly	mmol/l	Source	30438	26948
s-trigly		Extracted	1990	1689
s-triglyseridit	mmol/l	Source	362	335
s-triglyseridit(paketti)	mmol/l	Source	25	22
s-triglyseriditosatutkimus	mmol/l	Source	162	128
s-trijodityroniini,vapaa	pmol/l	Source	58	46
s-trijodityroniini,vapaa(ko)	pmol/l	Source	8	8
s-trivire	u/ml	Source	9	9
s-trpaab		Extracted	12	12
s-trpaab		QCOut	12	12
s-trspab	od	Source	35	35
s-trspab		Extracted	27	26
s-trspab.	od	Source	100	93
s-trviabe	u/ml	Source	6	6
s-trviabe		Extracted	60	60
s-trvirie	u/ml	Source	57	57
s-trvirie		Extracted	64	64
s-trvirig	mg/l	Source	28	28
s-trypg2	ug/l	Source	457	104
s-trypg2		Extracted	27	11
s-trypt	ug/l	Source	3595	2339
s-trypt		Extracted	299	277
s-tryptaasi	ug/l	Source	350	284
s-tsh	miu/l	Source	95397	51387
s-tsh	mlu/l	Source	113	87
s-tsh	mu/l	Source	248419	128251
s-tsh	u/l	Source	141	86
s-tsh		Extracted	25847	18886
s-tsh		Source	377	287
s-tsh-abr	mu/l	Source	2402	947
s-tsh-abr		Extracted	26	21
s-tsh-peg	mu/l	Source	565	315
s-tsh-peg		Extracted	181	107
s-tsh-reseptori,vasta-aineet	iu/l	Source	425	282
s-tshrab	iu/l	Source	6615	3811
s-tshrab	iu/ml	QCOut	16	16
s-tshrab	u/l	Source	1221	720
s-tshrab		Extracted	3512	1971
s-tshrefl	mu/l	Source	1735	921
s-ttgaba	eliau/ml	Source	2714	2581
s-ttgaba	form	Source	156	153
s-ttgaba	u/ml	Source	32224	26887
s-ttgaba		Extracted	13730	10805
s-ttgaba		Source	36	36
s-ttgabg	eliau/ml	Source	34	32
s-ttgabg	u/ml	Source	305	260
s-ttgabg		Extracted	139	135
s-tulehdus		Extracted	265	244
s-tuma,liukag.va,laaja	ratio	Source	6	6
s-tuma,liukoisetantigeenit,vasta-aineet	ratio	Source	53	42
s-tuma,liukoisetva		Extracted	13	13
s-tuma,vasta-aineet	titre	Source	281	256
s-tuosime		Source	26	18
s-turska,igevasta-aineet	u/ml	Source	7	7
s-turskae	u/ml	Source	729	656
s-turskae		Extracted	56	55
s-tygl	ug/l	Source	8562	1704
s-tygl		Extracted	273	163
s-tygl-ab	u/ml	Source	16	8
s-tygl-va	u/ml	Source	1182	437
s-tygl-va		Extracted	31	28
s-tyglab	iu/ml	Source	1492	562
s-tyglab	u/ml	Source	826	449
s-tyglab		Extracted	179	132
s-tymidiinikinaasi	u/l	Source	237	121
s-tymidk	u/l	Source	1862	1000
s-tymidk		Extracted	48	41
s-tyreoglobuliini	ug/l	Source	201	112
s-tyreoglobuliini,vasta-aineet	iu/ml	Source	210	101
s-tyreoglobuliini,vasta-aineet	u/ml	Source	52	27
s-tyreoideaperoksidaasi,vasta-aineet	iu/ml	Source	204	194
s-tyreoideaperoksidaasi,vasta-aineet	u/ml	Source	84	74
s-tyreoideaperoksidaasi,vasta-aineet(ko)	iu/ml	Source	9	8
s-tyreoideaperoksidaasi,vasta-aineet(pi)	u/ml	Source	6	6
s-tyreotropiini	miu/l	Source	403	302
s-tyreotropiini	mu/l	Source	576	424
s-tyreotropiini(pakettiin)	mu/l	Source	71	42
s-tyreotropiini,elinvasta-aineristireaktio	mu/l	Source	82	59
s-tyreotropiini,peg-saostuksella	mu/l	Source	27	20
s-tyreotropiinipakettiin	mu/l	Source	10	9
s-tyroksiini,vapaa	pmol/l	Source	655	492
s-tyroksiini,vapaa(paketti)	pmol/l	Source	72	42
s-tyroksiini,vapaa,dialyysimenetelmä	pmol/l	Source	6	6
s-tyroksiini,vapaapakettiin	pmol/l	Source	7	6
s-tyrosiini	mmol/l	Source	265	244
s-tyydyttyneetrasvahapot	mmol/l	Source	265	244
s-tyydyttyneidenrasvahappojensuhdekokonaisrasv	%	Source	264	243
s-tyypin2diabetesriski	%	Source	265	244
s-tyypin2diabetesriskinpisteytys		Extracted	265	244
s-ucrp	mg/l	Source	3232	1929
s-ucrp		Extracted	224	208
s-uraat	mmol/l	Source	33	31
s-uraat	umol/l	Source	36443	23688
s-uraat		Extracted	19	17
s-uraat		Source	191	154
s-uraatti	umol/l	Source	621	544
s-urea	mmol/l	Source	9	7
s-urtikar		QCOut	14	14
s-ustek	mg/l	Source	158	84
s-usteki	mg/l	Source	757	324
s-usteki		Extracted	84	58
s-ustekin	mg/l	Source	48	32
s-ustekinumabi	mg/l	Source	45	36
s-ustekinumpitoisuus	mg/l	Source	6	6
s-vadelme	u/ml	Source	9	9
s-valdos	pmol/l	Source	160	114
s-valiini	mmol/l	Source	265	244
s-valkoinenpapu,ige-vasta-aineet	u/ml	Source	10	10
s-valksie	u/ml	Source	43	43
s-valp-v	umol/l	Source	21	11
s-valpr	%	Source	33	32
s-valpr	umol/l	Source	31508	6014
s-valpr		Extracted	4304	1416
s-valpr-v	umol/l	Source	818	475
s-valpr-v		Extracted	40	26
s-valpro	umol/l	Source	171	44
s-valproa	umol/l	Source	30	6
s-valproaatti	umol/l	Source	431	227
s-van	mg/l	Source	34483	5698
s-van		Extracted	2400	625
s-van-0	mg/l	Source	84	38
s-van-1	mg/l	Source	78	35
s-vancom	mg/l	Source	138	37
s-vani	mg/l	Source	78	8
s-vankomysiini	mg/l	Source	262	52
s-vapaanjakokonais-psa:nsuhde	%	Source	643	465
s-vapaantestosteroninindeksi	pmol/l	Source	27	21
s-varicella-zostervirus,iggvasta-aineet	eiu	Source	23	23
s-varicella-zostervirus,iggvasta-aineet	iu/l	Source	47	45
s-varicella-zostervirus,iggvasta-aineet	miu/ml	Source	7	7
s-varicellazostervirus,iggvasta-aineet	miu/ml	Source	21	21
s-varizella-zostervirus,igg-vasta-aineet	u/l	Source	85	84
s-vedol	mg/l	Source	1566	550
s-vedol		Extracted	194	102
s-vedoli	mg/l	Source	14	10
s-vedolitsumabi	mg/l	Source	20	10
s-vedolitsumabi,pitoisuus	mg/l	Source	41	27
s-vegf	ng/l	Source	31	22
s-vehnjae	u/ml	Source	480	439
s-vehnjae		Extracted	56	56
s-vehnjäe	u/ml	Source	8	8
s-vehnspe	u/ml	Source	21	21
s-vehnä(ravintoaine),igevasta-aineet	u/ml	Source	6	6
s-vehnä/ravintoaine,igevasta-aineet	u/ml	Source	6	6
s-vehnäe	u/ml	Source	272	263
s-vehnäe		Extracted	44	43
s-vehnäjauho(f4),ige-vasta-aineet	u/ml	Source	10	10
s-vehnäjauho(f4),igevasta-aineet	u/ml	Source	6	6
s-vehnäjauho,igevasta-aineet	u/ml	Source	26	26
s-vehn�e	u/ml	Source	528	498
s-vehn�e		Extracted	9	9
s-vendves	nmol/l	Source	182	117
s-vendves		Extracted	9	9
s-venlaf	nmol/l	Source	353	235
s-venlaf	ug/l	Source	12	12
s-venlaf		Extracted	41	32
s-venlafaksiini+desmetyylivenlafaksiini	nmol/l	Source	6	6
s-venlafaksiininosatutkimus	nmol/l	Source	16	12
s-venlafk	nmol/l	Source	10	7
s-verensokeri		Extracted	265	244
s-vesimee	u/ml	Source	6	6
s-vesirokkovirus,igg-vasta-aineet	iu/l	Source	13	12
s-vesirokkovirus,iggvasta-aineet	miu/ml	Source	55	54
s-vihpipe	u/ml	Source	7	7
s-viirype	u/ml	Source	14	13
s-vilj3er	u/ml	Source	39	38
s-vilj3ry	u/ml	Source	10	10
s-viljaer	u/ml	Source	32	32
s-viljaryhmä,igevasta-aineet	u/ml	Source	15	15
s-viljryh	u/ml	Source	53	53
s-viljryh		Extracted	6	6
s-viseabg	au/ml	Source	47	42
s-viseabg		Extracted	218	153
s-viseabg,borreliaburgdorferinvise-proteiini,vasta-aineetigg	au/ml	Source	34	27
s-viseabm	au/ml	Source	128	107
s-viseabm		Extracted	277	197
s-viseabm,borreliaburgdorferinvisejaospcproteiinit,vasta-aineet	au/ml	Source	17	15
s-viseabm,borreliaburgdorferinvisejaospcproteiinit,vasta-ainetigm	au/ml	Source	63	51
s-vldl-kolesteroli	mmol/l	Source	265	244
s-vlf+dmv	nmol/l	Source	8	7
s-vlseabg	au/ml	Source	1330	980
s-vlseabg		Extracted	210	153
s-vlseabg,borreliaburgdorferinvlse-proteiini,vasta-aineetigg	au/ml	Source	9	8
s-vlseabm	au/ml	Source	2303	1766
s-vlseabm		Extracted	372	286
s-vlseabm,borreliaburgdorferinvlsejaospcproteiinit,vasta-aineetigm	au/ml	Source	31	26
s-vorikon	mg/l	Source	457	102
s-vorikon		Extracted	26	13
s-vpene	u/ml	Source	171	168
s-vpenige	u/ml	Source	77	76
s-vrab-o		QCOut	4294	1928
s-vzv,iggvasta-aineet	miu/ml	Source	10	10
s-vzv-abg	eiu	Source	6	6
s-vzv-abg	u/l	Source	7	7
s-vzvabcf	titre	Source	6	6
s-vzvabg	eiu	Source	3320	3086
s-vzvabg	index	Source	76	76
s-vzvabg	iu/l	Source	1365	1223
s-vzvabg	miu/ml	Source	1484	1416
s-vzvabg	titre	Source	8	8
s-vzvabg	u/l	Source	56	54
s-vzvabg		Extracted	410	408
s-vzvabg		QCOut	212	210
s-vzvabg		Source	79	78
s-vzvabm		Extracted	53	52
s-vzvabm		QCOut	9	9
s-vzvabm		Source	52	52
s-vzvcf	titre	Source	18	17
s-vzvcf		Extracted	18	18
s-w-h:a	titre	Source	7	6
s-w-h:b	titre	Source	311	294
s-w-h:b		Extracted	32	31
s-w-h:d	titre	Source	151	134
s-w-h:d		Extracted	21	20
s-w-h:g.m	titre	Source	108	100
s-w-h:g.m		Extracted	18	16
s-w-h:i	titre	Source	215	200
s-w-h:i		Extracted	19	18
s-w-o6.7	titre	Source	68	65
s-w-o6.7		Extracted	15	13
s-w-o9.12	titre	Source	145	130
s-w-o9.12		Extracted	25	23
s-ye-col3	titre	Source	6	6
s-ye-col9	titre	Source	6	6
s-yer3ab	titre	Source	262	240
s-yer3ab		Extracted	19	18
s-yer9ab	titre	Source	112	99
s-yer9ab		Extracted	15	13
s-yerp1ab	titre	Source	146	144
s-yerp1ab		Extracted	11	10
s-yerp3ab	titre	Source	34	33
s-yerp3ab		Extracted	7	6
s-yersaba	index	Source	10	10
s-yersaba	ratio	Source	21	17
s-yersaba	responseequivalent	Source	36	32
s-yersaba		Extracted	24	19
s-yersabg	iu/ml	Source	19	19
s-yersabg	ratio	Source	44	38
s-yersabg	responseequivalent	Source	69	59
s-yersabg		Extracted	35	30
s-yersinia,iga-vasta-aineet	ratio	Source	13	12
s-yersinia,igg-vasta-aineet	ratio	Source	30	25
s-yersiniaenterocoliticao:3,vasta-aineet	titre	Source	6	6
s-ypstu3	titre	Source	6	6
s-zn	umol/l	Source	583	460
s-zn		Extracted	64	63
s-zuklop	nmol/l	Source	96	49
s-zuklop		Extracted	18	6
sa-kors	nmol/l	Source	45	10
sa-korsol	nmol	Source	46	36
sa-korsol	nmol/l	Source	3089	1928
sa-korsol		Extracted	133	100
sa-kortisoli	nmol/l	Source	11	10
saag	g/l	Source	57	50
saksanpähkinä(ruoka-aine),igevasta-aineet	u/ml	Source	33	32
saksanpähkinä,igevasta-aineet,seerumista	u/ml	Source	6	6
sakspä,ruo		Extracted	9	9
saline		Source	914	605
sao2		Extracted	2020	1331
sappihapot	umol/l	Source	161	59
sappihapot,seerumista,paastotilassa	umol/l	Source	23	17
sclerodermavasta-aineet	u/ml	Source	28	24
score	%	Source	80	79
se-/s-prot		Source	17	11
se-/s-trig		Source	17	11
se-alb	g/l	Source	6	6
se-amyl	u/l	Source	1666	626
se-bil	umol/l	Source	470	262
se-bilirubiini	umol/l	Source	59	37
se-eryt	e6/l	Source	24	22
se-erytrosyytit	e6/l	Source	9	9
se-gluk	mmol/l	Source	226	99
se-gluk		Extracted	45	39
se-glukoosi	mmol/l	Source	42	23
se-k	mmol/l	Source	28	24
se-krea	umol/l	Source	806	340
se-kreatiniini	umol/l	Source	81	40
se-leuk	e6/l	Source	657	135
se-mononukleaarisetvalkosolut	%	Source	33	18
se-na	mmol/l	Source	22	19
se-pmn	%	Source	79	48
se-polymorfonukleaarisetvalkosolut	%	Source	33	18
se-prot	g/l	Source	175	137
se-prot		Extracted	11	10
se-trigly	mmol/l	Source	326	236
se-triglyseridit	mmol/l	Source	12	9
se-urea	mmol/l	Source	498	110
se-urea		Extracted	28	22
seeruminhappamuusaste		Extracted	2429	1846
seeruminhappamuusaste		Source	5649	1890
seeruminkalsium-ioni.aktuaali	mmol/l	Source	569	383
seeruminph	1	Source	358	274
seeruminph		Source	215	160
seesam.sie	u/ml	Source	7	7
seleeni,seerumi	umol/l	Source	10	6
seleenikokoveren	umol/l	Source	350	281
sensori	mmol/l	Source	1224	482
sensori		Extracted	30	30
sentromeeri,vasta-aineet	u/ml	Source	16	12
sg	form	Source	9	9
shbg	nmol/l	Source	26	18
shepyabg	u/ml	Source	18	17
sianliha	u/ml	Source	10	10
sikiöluku		Source	28	25
siklosporiinia,massaspektrometrinen,verestä	ug/l	Source	418	57
siklosporiinia,massaspektrometrinen,veri	ug/l	Source	392	26
sileälihas,vasta-aineet	titre	Source	10	9
sinkki	umol/l	Source	30	29
sinkki,seerumi	umol/l	Source	17	13
sinkki,seerumista	umol/l	Source	8	8
sinkkipunasoluista	umol/l	Source	47	45
sisäilmayhteydenotto		Source	169	114
sitraatti,vuorokausivirtsa	mg/24h	Source	16	11
sitruliinipeptidi,vasta-aineet	u/ml	Source	360	354
sitrulliinipeptidi,vasta-aineet	u/ml	Source	486	459
sitrulliinipeptidi,vasta-aineet,seerumista	u/ml	Source	602	543
sitruuna	u/ml	Source	8	8
sjögreninsyndroma,b(la)vasta-aineet,seerumista	u/ml	Source	7	7
slco1b1-geeninnukleotidivariaatiot,dna-tutkimus		Extracted	23	23
sm(smith),vasta-aineet(s-smab)	u/ml	Source	7	6
sm,vasta-aineet,seerumista	u/ml	Source	17	17
smkomp-1	g/l	Source	33	29
smycoplasmapneumoniae,abgvasta-aineet	eiu	Source	23	20
snabb-crp		Source	1287	490
snabb-inr		Source	6265	103
snabbcrp		Source	34	23
so-b-cd19	%	Source	12	12
so-nk	%	Source	12	12
so-t-cd3	%	Source	149	121
so-t-cd4	%	Source	149	121
so-t-cd4/8		Extracted	7	7
so-t-cd8	%	Source	149	121
soijae	u/ml	Source	66	64
soijae		Extracted	8	7
soijapapu	u/ml	Source	6	6
soijapapu		Extracted	7	7
sokerirasitus,0-näyte	mmol/l	Source	66	54
sokerirasitus,2hnäyte	mmol/l	Source	81	65
solut,askitesneste	e6/l	Source	88	52
solut,aspiraatti	e6/l	Source	13	8
solut,bronkoalveolaarineste	e6/l	Source	136	131
solut,bursaneste	e6/l	Source	17	17
solut,nivelneste	e6/l	Source	593	415
solut,peritoneaalidialyysineste	e6/l	Source	161	16
solut,pleuraneste	e6/l	Source	144	107
sp-happamuusaste		Source	10	10
sp-liik.im	%	Source	28	23
sp-liik.np	%	Source	28	23
sp-liik.pr	%	Source	28	23
sp-ph		Source	29	23
sp-pr+np	%	Source	28	23
sp-pyör.s.	e6/ml	Source	28	24
sp-pyöreätsolut,sperma	e6/ml	Source	10	10
sp-s.yht	e6	Source	27	22
sp-siitt.	e6/ml	Source	29	23
sp-siittiöidenkokonaislukumäärä	e6	Source	10	10
sp-siittiöidenliikkuvuus,kaikkiliikkuvat	%	Source	7	7
sp-siittiöidenliikkuvuusim,liikkumattomat	%	Source	7	7
sp-siittiöidenliikkuvuusnp,paikallaanliikkuvat	%	Source	7	7
sp-siittiöidenliikkuvuuspr,eteenpäinliikkuvat	%	Source	7	7
sp-siittiötiheys	e6/ml	Source	10	10
sp-tilav.	ml	Source	30	24
sp-tilavuus	ml	Source	10	10
sp-vital	%	Source	16	16
sshbg	nmol/l	Source	33	23
stachybotrysatraige	u/ml	Source	15	15
stearidonihappo	%	Source	288	234
steariinihappo	%	Source	315	255
sterpapikatesti		QCOut	14	13
sthlm3-score	%	Source	61	60
stim-index		Source	20	18
stim-max	cpm	Source	20	18
stim-taust	cpm	Source	20	18
strepa-pikatesti,tth		QCOut	16	14
streptococcus,viljely(hemolyytt.streptokokit)		QCOut	11	11
streptococcuspyogenes(a),osoituskoe		QCOut	26	25
streptokokkia		Extracted	8	8
suhteellinentiheys	ratio	Source	17	6
suhteellinentiheys		Extracted	163	105
suhteellinentiheys		Source	8	8
suhteellinentiheys(kval)		Extracted	270	209
suhteellinentiheys,virtsasta		Source	1894	1291
suhteellinentiheys,virtsasta,osatutk.		Source	578	408
suhteellinentiheys,virtsasta,vieritesti		Source	448	336
sukupuolihormonejasitovaglobuliini	nmol/l	Source	177	108
sukupuolihormonejasitovaglobuliini,plasmasta	nmol/l	Source	12	11
sulfatidi,igmvasta-aineet	e6/l	Source	92	80
suolis-is	u/l	Source	619	560
suolis-is		Extracted	24	22
suolis-ls	u/l	Source	16	12
suolistoisoentsyymi	u/l	Source	53	52
sw-cl	mmol/l	Source	46	39
sy-diffi	granos	Source	18	17
sy-diffi		Source	39	35
sy-eos	%	Source	361	204
sy-eosinofiilit,nivelnesteestä	%	Source	50	38
sy-eryt	e6/l	Source	3559	2632
sy-eryt	e9/l	Source	35	33
sy-eryt		Extracted	222	208
sy-eryt		Source	69	50
sy-erytrosyytit	e6/l	Source	34	32
sy-erytrosyytit,nivelnesteestä	e6/l	Source	53	40
sy-gluk	mmol/l	Source	115	110
sy-gran	%	Source	1454	1025
sy-gran		Extracted	246	223
sy-l/liusk	%	Source	670	509
sy-l/liusk		Extracted	11	11
sy-l/yksit	%	Source	670	509
sy-l/yksit		Extracted	11	11
sy-laktaat	mmol/l	Source	243	207
sy-laktaat		Extracted	23	23
sy-leuk	e6/l	Source	11394	7621
sy-leuk	e9/l	Source	29	27
sy-leuk		Extracted	3879	2868
sy-leuk		Source	84	70
sy-leukmuu	%	Source	966	760
sy-leukmuu		Extracted	83	79
sy-leukosyytit	e6/l	Source	174	153
sy-leukosyytit,liuskatumaiset	%	Source	176	154
sy-leukosyytit,muut	%	Source	18	17
sy-leukosyytit,yksitumaiset	%	Source	176	154
sy-liuskat	%	Source	74	62
sy-liuskat		Source	31	28
sy-ly	%	Source	1170	907
sy-ly		Extracted	103	97
sy-ly+mono	%	Source	338	206
sy-ly+mono		Source	47	32
sy-lymf	%	Source	512	342
sy-lymf		Extracted	117	106
sy-lymfos	%	Source	13	12
sy-lymfosyytitjamonosyytit,nivelnesteestä	%	Source	50	38
sy-mn	%	Source	43	40
sy-mn		Extracted	81	75
sy-monit	%	Source	69	50
sy-monon	%	Source	165	128
sy-mononuk	%	Source	1750	1154
sy-mononuk	osuus	Source	231	167
sy-mononuk		Extracted	90	84
sy-mononuk		Source	82	71
sy-mononukleaarisetleukosyytit,nivelnesteestä	%	Source	7	7
sy-mononukleaarisetsolut	%	Source	314	262
sy-mononukleaarisetvalkosolut	%	Source	369	272
sy-mononukleaarisetvalkosolutmikroskopoidut	%	Source	9	9
sy-muut	%	Source	18	15
sy-muutsol	%	Source	654	460
sy-muutsol		Extracted	124	112
sy-muutsolut	%	Source	182	159
sy-neut	%	Source	1432	1026
sy-neut		Extracted	92	86
sy-neut+eo	%	Source	1687	1101
sy-neut+eo		Extracted	90	84
sy-neutrofiilit	%	Source	8	8
sy-neutrofiilit,nivelnesteestä	%	Source	50	38
sy-neutrofiilitjaeosinofiilit	%	Source	295	243
sy-pmn	%	Source	1206	793
sy-pmn		Extracted	79	73
sy-polymor	osuus	Source	231	167
sy-polymor		Source	49	41
sy-polymorfologisetleukosyytit,nivelnesteestä	%	Source	7	7
sy-polymorfonukleaarisetsolut	%	Source	13	13
sy-polymorfonukleaarisetvalkosolut	%	Source	371	274
sy-polymorfonukleaarisetvalkosolutmikroskopoidut	%	Source	9	9
sy-prot	g/l	Source	767	650
sy-prot		Extracted	97	89
sy-proteiini	g/l	Source	6	6
sy-sameus		Source	360	192
sy-sameus,nivelnesteestä		Source	56	41
sy-solut	e6/l	Source	3922	2405
sy-solut		Extracted	408	354
sy-solut,sy-eryt		Extracted	7	7
sy-solut,sy-leuk		Extracted	8	8
sy-uraat	umol/l	Source	39	38
sy-uraat		Extracted	12	12
sy-yksit	%	Source	69	50
synnytystenmäärä,p		Extracted	5868	3693
syntymäpaino?(g)	g	Source	35	34
t-auttajasolujenosuus(määritettynäcd3+cd4+soluina)	%	Source	665	349
t-auttajasolujenosuus(määritettynäcd3+cd4+soluista)	%	Source	74	36
t-estäjäsolujenosuus(määritettynäcd3+cd8+soluina)	%	Source	665	349
t-estäjäsolujenosuus(määritettynäcd3+cd8+soluista)	%	Source	74	36
t-solujenosuus	%	Source	739	383
t.vulgaris		Extracted	16	15
takrolimuusi,massaspektrometrinen	ug/l	Source	220	23
takrolimuusi,massaspektrometrinen,verestä	ug/l	Source	407	54
tartuntatautilainmukainensopivuusalle1vkanssasoteyks.(tar2)		Source	10	10
tartuntatautilainmukainensopivuussoteyksikössä(tar1)		Source	70	70
tattari	u/ml	Source	6	6
tau-proteiini,217-fosforyloitu	ng/l	Source	37	37
tau-proteiini,217-fosforyloitu,plasmasta	ng/l	Source	14	14
tau-proteiini,likvorista	ng/l	Source	11	11
tb1	iu/ml	Source	121	106
tb1		Extracted	102	92
tb1antigen-putki	iu/ml	Source	23	20
tb2	iu/ml	Source	130	112
tb2		Extracted	114	101
tb2antigen-putki	iu/ml	Source	21	18
tc02		Source	24	15
tcm-cd4	%	Source	37	30
tcm-cd4		Extracted	9	8
tcm-cd8	%	Source	34	30
tcm-cd8		Extracted	10	8
tcra/b+,cd3+,cd4-,cd8-dnt-solut	%	Source	9	8
tcra/b-dnt	%	Source	20	17
tcra/b-dnt		Extracted	9	8
tcrab-cd4	%	Source	18	17
tcrab-cd8	%	Source	16	15
tcrg/d+cd3+t-solut	%	Source	9	8
tcrg/d-cd3	%	Source	18	15
tcrg/d-cd3		Extracted	9	8
tcrgd-cd4	%	Source	19	17
tcrgd-cd8	%	Source	16	14
tehtyposantutk.rek.siirtoavarten	ug/l	Source	128	102
tem-cd4	%	Source	34	27
tem-cd4		Extracted	9	8
tem-cd8	%	Source	32	27
tem-cd8		Extracted	9	8
temp		Source	161	21
temra-cd4	%	Source	37	30
temra-cd4		Extracted	9	8
temra-cd8	%	Source	35	29
temra-cd8		Extracted	9	8
teratozoospermiaindeksi,pt-sper-2osatutkimus		Source	9	9
tervaleppä	mm	Source	29	29
testo	nmol/l	Source	26	18
testo/shbg		Extracted	141	121
testo/shbg		Source	523	439
testosteroni	nmol/l	Source	247	154
testosteroni	pmol/l	Source	6	6
testosteroni,herkkä	nmol/l	Source	98	78
testosteroni,massaspektrom.,seerumista	nmol/l	Source	8	8
testosteroni,massaspektrometrinen,seerumista	nmol/l	Source	30	26
testosteroni,osatutkimus	nmol/l	Source	75	54
testosteroni,vapaa	pmol/l	Source	11	9
testosteroni,vapaa,las	pmol/l	Source	15	11
testosteroni,vapaa,laskettu	pmol/l	Source	26	21
testosteroni,vapaa,laskettu,herkkämenetelmä	pmol/l	Source	15	15
testosteroni,vapaa,laskettu,seerumista	pmol/l	Source	10	7
testosteroni,vapaa,prosentti	%	Source	10	8
testosteroni,vapaalask	pmol/l	Source	913	704
testosteroni,vapaalaskettu	pmol/l	Source	549	316
testosteroni-vl	pmol/l	Source	11	6
testovl	pmol/l	Source	11	10
testvl	pmol/l	Source	12	11
tffesat	%	Source	900	689
tffesat		Extracted	2726	1823
til.yks.		Extracted	66	66
tilavuus(virtsankevytketjut)	ml	Source	40	26
tilavuus,keräysvirtsa	ml	Source	253	207
tilavuus,vuorokausivirtsa	ml	Source	246	191
timeintherapeuticrange(sis.inr:n)	%	Source	1521	92
timotee	u/ml	Source	232	209
timotee		Extracted	25	24
timotei	mm	Source	40	40
timotei	u/ml	Source	221	213
timotei		Extracted	207	199
timoteinsiitepöly(g6),ige-vasta-aineet	u/ml	Source	48	46
timoteinsiitepöly,ige-vasta-aineet,seerumista	u/ml	Source	9	9
timoteinsiitepöly,igevasta-aineet	u/ml	Source	7	7
tioguaani,veri	pmol/02ml	Source	21	17
tioguaniini,veri(osatutkimus		Extracted	21	21
tioguaniini,veri(osatutkimus)		Source	25	23
tir		Extracted	167	50
tk-pisteet		Source	88	88
tnipika	ug/l	Source	39	34
tnlpika	ug/l	Source	62	51
tnt(päiv.hoitaja)	ng/l	Source	7	7
tnt(päiv.hoitaja)		Extracted	84	51
tnt-vt		Source	9	9
tntvieri	ug/l	Source	22	18
tntvieritesti,terveyskeskuksille	ug/l	Source	16	15
tonnikala	u/ml	Source	7	7
tonnikala		Extracted	10	10
tpoab	u/ml	Source	9	9
transf-sat	%	Source	1643	688
transf-sat		Extracted	19	18
transferiininrautakyllästeisyys,seerumista,paastotilassa	osuus	Source	236	128
transferiininrautakyllästeisyys,seerumista,paastotilassa	paketti	Source	16	14
transferiininrautakyllästeisyys,seerumista,paastotilassa		Source	193	108
transferriini	g/l	Source	212	165
transferriini(4567fp-transf)	g/l	Source	35	26
transferriini(fp-transf)	g/l	Source	25	21
transferriini(transf)	g/l	Source	20	14
transferriini,rautakyllästeisyys	paketti	Source	89	79
transferriininrautakyllästeisyys	%	Source	2629	1598
transferriininrautakyllästeisyys(4606-trfesat)	%	Source	7	7
transferriininrautakyllästeisyys(fp-)	%	Source	596	448
transferriininrautakyllästeisyys(fp-trfesat)	%	Source	15	14
transferriininrautakyllästeisyys(trfesat)	%	Source	16	12
transferriininrautakyllästeisyys,osatutkimus	1	Source	15	12
transferriininrautakyllästeisyys,osatutkimus		Source	8	6
transferriinirautakyllästeisyys	%	Source	233	148
transferriinireseptori,liukoinen	mg/l	Source	196	147
transferriinireseptori,liukoinen(4720p-tfr)	mg/l	Source	27	23
transferriinireseptori,liukoinen(p-tfr)	mg/l	Source	24	18
transferriinireseptori,liukoinen(tfr)	mg/l	Source	17	13
transferriinireseptori,liukoinen,seerumista		Extracted	21	16
transferriinireseptori,plasmasta	mg/l	Source	37	35
transferriinisaturaatio	%	Source	292	239
treg-solut	%	Source	9	9
treg-solut(cd25hi,cd127lo,cd4+),osuuscd3+t-soluista	%	Source	9	8
treg/cd3	%	Source	17	14
treg/cd3		Extracted	9	8
treg/cd4	%	Source	20	17
treg/cd4		Extracted	9	8
tregsolut(cd25hi,cd127lo,cd4+),osuuscd4+t-soluista	%	Source	9	8
trfesat	%	Source	140	103
trichodermavirideige	u/ml	Source	15	15
triglyseridit	mmol/l	Source	15655	13364
triglyseridit		Extracted	55	49
triglyseridit		Source	7	7
triglyseridit(4568trigly)/lipiditosatutkimus	mmol/l	Source	56	56
triglyseridit(trigly)/lipidit	mmol/l	Source	2759	1792
triglyseridit(trigly)/lipidit		Extracted	14	9
triglyseridit(trigly)/lipiditosatutkimus	mmol/l	Source	1185	892
triglyseridit,plasmasta	mmol/l	Source	716	523
triglyseridit,plasmasta,paastotilassa(fp-trigly)	mmol/l	Source	3521	2434
triglyseridit/lipidit(4568trigly),osatutkimus	mmol/l	Source	11	11
triglyseridit/lipidit,osatutkimus(4568trigly)	mmol/l	Source	191	178
triglyseriditplasmasta,paastotila	mmol/l	Source	1212	713
triglyseriditplasmasta,paastotila		Extracted	78	53
triglyseriditplasmasta,paastotila(ko)	mmol/l	Source	103	100
trijodityroniini,vapaa	pmol/l	Source	275	186
trijodityroniini,vapaa(t3v)	pmol/l	Source	459	301
trijodityroniini,vapaa,plasmasta	pmol/l	Source	51	42
trijodityroniini,vapaa,verta	pmol/l	Source	14	14
trijodityroniini,vapaa,vertailumenetelmä	pmol/l	Source	13	13
trik-od		Source	80	38
trombiiniaika,hus	s	Source	54	54
trombiiniaika,plasma	s	Source	85	83
tromboplastiiniaika	%	Source	148	135
tromboplastiiniaika		Extracted	10	8
tromboplastiiniaika,akt,part.	s	Source	26	14
tromboplastiiniaika,aktivoitu	s	Source	16	16
tromboplastiiniaika,aktivoitu,partiaalinen,hus	s	Source	11	11
tromboplastiiniaika,aktivoitu,partiaalinen,plasma	s	Source	406	319
tromboplastiiniaika,aktivoitu,partiaalinen.plasma	s	Source	751	528
tromboplastiiniaika,hus	%	Source	49	49
tromboplastiiniaika,inr,vierimittaus,omaseuranta		Source	12	8
tromboplastiiniaika,inr-tulos	inr	Source	2713	381
tromboplastiiniaika,inr-tulostu	inr	Source	494	41
tromboplastiiniaika,inr-tulostus	inr	Source	9382	2334
tromboplastiiniaika,inr-tulostus,kapillaariverestä		Extracted	111	33
tromboplastiiniaika,inr-tulostus,kapillaariverestä		Source	490	83
tromboplastiiniaika,inr-tulostus,laaduntarkkailu	inr	Source	127	32
tromboplastiiniaika,inr-tulostus,pikatutkimus	inr	Source	55	45
tromboplastiiniaika,inr-tulostus,plasma	inr	Source	11740	2775
tromboplastiiniaika,inr-tulostus,plasma		Source	24	24
tromboplastiiniaika,inr-tulostus,plasmasta	inr	Source	15979	3481
tromboplastiiniaika,inr-tulostus,plasmasta		Source	1310	390
tromboplastiiniaika,inr-tulostus,vieritutkimus	inr	Source	19	15
tromboplastiiniaika,pikamääritys,plasmasta	inr	Source	128	123
tromboplastiiniaika,pikatesti	inr	Source	78	75
tromboplastiiniaika,pikatesti,veri	inr	Source	206	199
tromboplastiiniaika,pikatesti,veri		Source	34	29
tromboplastiiniaika,plasma	%	Source	674	494
tromboplastiiniaika,plasmasta	%	Source	56	43
tromboplastiiniaika,vieritutkimus		Extracted	15	8
tromboplastiiniaika,vieritutkimus		Source	29	9
trombosyytit	e9/l	Source	16801	4687
trombosyytit(b-tromb)	e9/l	Source	61	53
trombosyytit,pvkosatutkimus	e9/l	Source	83	46
trombosyytit,sitraattinäyte	e9/l	Source	8	6
trombosyytit,sitraattiveri	e9/l	Source	129	51
trombosyytit,verestä,pikatesti	e9/l	Source	27	25
trombosyytit/pvk	e9/l	Source	7285	3095
trop-t	ng/l	Source	53	38
troponiini	ng/l	Source	1588	1158
troponiini,pikatesti,veri	ng/l	Source	23	20
troponiini-t-pit.hoitoyksikkötekeevieritestilaitteella	ng/l	Source	7	6
troponiinii	ng/l	Source	26	18
troponiinii,plasmasta	ng/l	Source	150	90
troponiinimääritys,tk:ntekemä		Source	31	24
troponiinit	ng/l	Source	4956	2521
troponiinit(4532p-tnt)	ng/l	Source	28	26
troponiinit(p-tnt)	ng/l	Source	35	32
troponiinit,kvalitatiivinen,verestä	ng/l	Source	26	20
troponiinit,pikatesti,veri	ng/l	Source	56	49
troponiinit,plasma	ng/l	Source	5794	2125
troponiinit,plasmasta	ng/l	Source	1477	710
troponiinit,vieritutkimus	ng/l	Source	15	9
troponiinit,vieritutkimus		Source	6	6
troponiinit,vieritutkimus,plasmasta	ng/l	Source	10	10
tryptaasi	ug/l	Source	96	75
tryptaasi,seerumi	ug/l	Source	17	12
tryptaasi,seerumista	ug/l	Source	57	39
ts-laktaas	u/gprot	Source	38	37
ts-maltaas	u/gprot	Source	38	37
ts-pad-1	form	Source	14	13
ts-sakraas	u/gprot	Source	38	37
tsh-reseptori,vasta-aineet	iu/l	Source	121	102
tst	mmol/l	Source	11	6
tthp-crp+hb	mg/l	Source	6	6
tubulusepiteelit,virtsansolujenerittelylaskenta		Source	15	7
tug		Extracted	30	29
tuma,liukoisetantigeenit(ena),vasta-aineet	u/ml	Source	27	27
tuma,vasta-aineet,seerumista	titre	Source	33	26
tupakka	u/24h	Source	599	593
tupakointi	u/24h	Source	38	37
turskae	u/ml	Source	58	56
tuumoriinliittyvätrypsiini-inhibiittori,seerumi	nmol/l	Source	6	6
tuumoriinliittyvätrypsiini-inhibiittori,seerumista	nmol/l	Source	6	6
tyreoglobuliini	ug/l	Source	81	23
tyreoglobuliini,seerumista	ug/l	Source	65	25
tyreoglobuliini,vasta-aineet,seerumista	u/ml	Source	14	8
tyreoideaperoksidaasi,vasta-aineet	u/ml	Source	89	83
tyreoideaperoksidaasi,vasta-aineet,plasma	u/ml	Source	52	46
tyreoideaperoksidaasi,vasta-aineet,seerumi	u/ml	Source	27	24
tyreotropiini	mu/l	Source	851	750
tyreotropiini(tsh)	mu/l	Source	614	515
tyreotropiini(tsh)		Extracted	7	6
tyreotropiini,elinvasta-aineristireaktio	mu/l	Source	14	9
tyreotropiini,elinvasta-aineristireaktio,seerumista	mu/l	Source	72	38
tyreotropiini,plasmasta		Extracted	66	41
tyreotropiini,plasmasta,erimenetelmällä	mu/l	Source	76	61
tyreotropiini,plasmasta,erimenetelmällä		Extracted	12	12
tyreotropiini,plasmasta,erimenetelmällä		Source	22	18
tyreotropiiniseerumista	mu/l	Source	146	103
tyroideaperoksidaasi,vasta-aineet	u/ml	Source	443	390
tyroideaperoksidaasiva(tpoab)	u/ml	Source	14	13
tyroksiini,palsmasta		Extracted	53	30
tyroksiini,vapaa	pmol/l	Source	808	704
tyroksiini,vapaa(t4v)	pmol/l	Source	782	578
tyroksiini,vapaa,plasmasta	pmol/l	Source	153	95
tyroksiini,vapaa,vertailumen	pmol/l	Source	41	40
tyroksiini,vapaa,vertailumenetelmä	pmol/l	Source	22	21
tyroksiini,vapaaseerumista	pmol/l	Source	102	74
tyrophag.p	u/ml	Source	16	16
tyrophag.p		Extracted	6	6
työkyky	form	Source	207	206
työkyky0-10	form	Source	369	366
työkyky2	form	Source	165	165
työkyky2vuotta	form	Source	265	262
työkykyriski		Source	66	65
tzi		Source	24	23
u-7c-porf	nmol/l	Source	10	9
u-a1miglo	mg/l	Source	344	211
u-a1miglo		Extracted	1294	480
u-a1mikre		Extracted	99	61
u-aika	t	Source	19	14
u-al	umol/l	Source	77	63
u-alb	mg/l	Source	245848	82861
u-alb		Extracted	51996	23141
u-alb		Source	2474	809
u-alb-lb	mg/l	Source	70	51
u-alb-mi	mg/l	Source	6339	2540
u-alb-mi		Extracted	472	239
u-alb-mi		Source	677	492
u-alb-o	estimate	Source	115398	41197
u-alb-o	form	Source	287	180
u-alb-o		Extracted	40531	16053
u-alb-o		QCOut	2257	1382
u-alb-o		Source	904	572
u-alb/kre	g/mol	Source	142	67
u-alb/kre	mg/mmol	Source	2591	1381
u-alb/kre		Extracted	78	50
u-alb/kre,u-alb		Extracted	150	67
u-alb/kre,u-alb/krea	mg/mmol	Source	148	67
u-alb/kre,u-krea		Extracted	245	87
u-alb/krea	g/mol	Source	49	23
u-alb/krea	mg/mmol	Source	879	488
u-albkre	mg/mmol	Source	242625	79352
u-albkre		Extracted	51379	22833
u-albkre		Source	17	17
u-albkre,osatutk4511	mg/mmol	Source	34	22
u-albkrea	mg/mmol	Source	10589	5828
u-albkrea	mg/mmol/l	Source	81	49
u-albkrea		Extracted	4132	2363
u-albkres	mg/mmol	Source	10	9
u-albkrlb	mg/mmol	Source	41	30
u-albstix		Extracted	24	22
u-albu	%	Source	31	31
u-albumiini	mg/l	Source	16272	10871
u-albumiini		Extracted	34	22
u-albumiini(kval)	estimate	Source	10494	6324
u-albumiini(kval)		Extracted	29	27
u-albumiini(kval)		QCOut	1545	1059
u-albumiini,kval.	estimate	Source	90	73
u-albumiini,virtsasta,osatutkimus	mg/l	Source	21	18
u-albumiini-kreatiniini-suhde,osatutk.		Extracted	208	187
u-albumiini/kreatiniini-suhdemikroalbuminuria	mg/mmol	Source	25	22
u-albumiinifraktionosuus,elektroforeesi	%	Source	8	8
u-albumiinimikroalbuminuriamg/l(u-albkre)	mg/l	Source	1114	762
u-albumiininjakreatin	mg/mmol	Source	12	12
u-albumiininjakreatiniininsuhde	mg/mmol	Source	4773	3807
u-albumiininjakreatiniininsuhde(mikroalbumiini)	mg/mmol	Source	20	14
u-albumiininjakreatiniinisuhde	mg/mmol	Source	11	10
u-amfet-o		QCOut	367	206
u-amfetct		QCOut	14	10
u-amyl	u/l	Source	2761	2221
u-amyl		Extracted	97	91
u-amylp	u/l	Source	106	103
u-amylp		Extracted	12	12
u-annat	/sunf	Source	104	79
u-as-i	nmol/l	Source	16	13
u-as-i	ug/l	Source	20	17
u-asetoniaineet(kval)	estimate	Source	16819	9305
u-asetoniaineet(kval)		Extracted	31	29
u-asetoniaineet(kval)		QCOut	1114	1001
u-b2miglo	mg/l	Source	144	95
u-bact		Extracted	3529	2772
u-bact		Source	163	151
u-bact,mittaustulos		Extracted	24	23
u-bakt	e6/l	Source	12886	3692
u-bakt	estimate	Source	47	38
u-bakt	u/field	Source	11	10
u-bakt		QCOut	45645	24970
u-bakt		Source	817	454
u-bakt-vi		Extracted	125	94
u-bakt-vi		QCOut	17	12
u-bakt.	/sunf	Source	514	304
u-bakt.	/sunfält	Source	40	33
u-bakt.		QCOut	17	15
u-baktalv		Extracted	8	6
u-baktalv		Source	13	9
u-baktb		Extracted	201	139
u-baktbv	e6/l	Source	3962	1595
u-baktbv,u-bakteerit,virtsatieinfektionseulon	e6/l	Source	17	17
u-bakteeri,viljely	form	Source	22	19
u-bakteeri,viljely		QCOut	1219	858
u-bakteeri,viljely,virtsa		QCOut	61	36
u-bakteerit	e6/l	Source	1692	855
u-bakteerit		QCOut	386	304
u-bakteerit,virtsatieinfektionseulonta	e6/l	Source	1096	673
u-baktjvi		QCOut	6	6
u-baktv		Extracted	43	35
u-baktvi	e6/l	Source	58	23
u-baktvi	form	Source	10	6
u-baktvi		Extracted	362	205
u-baktvi		QCOut	2535	1966
u-baktvi		Source	14	13
u-baktvi/		Extracted	53	49
u-baktvi/oma		Extracted	17	16
u-bendi-o		QCOut	1144	599
u-bendict		QCOut	12	12
u-bil-de		Source	7	7
u-bil-o	estimate	Source	191	25
u-bkvnh	u/ml	Source	101	52
u-bld-o		Source	98	71
u-blod-0		Source	27	24
u-bupre-o		QCOut	543	178
u-buprect		QCOut	21	11
u-ca	mmol/l	Source	2045	954
u-ca		Extracted	62	60
u-cakre		Source	25	11
u-canna-o		QCOut	427	186
u-cannact		QCOut	6	6
u-cd	nmol/l	Source	31	24
u-chtrnho		QCOut	62	51
u-cl	mmol/l	Source	196	122
u-cl		Extracted	9	9
u-co	form	Source	15	14
u-co	nmol/l	Source	192	77
u-co	ug/l	Source	12	9
u-cokrea	ug/g	Source	24	11
u-cot	ng/ml	Source	23	19
u-cot	ug/l	Source	95	66
u-cr	form	Source	8	8
u-cr	ug/l	Source	25	19
u-cr	umol/l	Source	208	129
u-cr		Source	13	10
u-ctgcnho	umol/l	Source	8	8
u-cu	umol/l	Source	42	39
u-cu		Extracted	7	7
u-dala	umol/l	Source	109	89
u-diffi	e6/l	Source	10	10
u-dysmorf	%	Source	30	29
u-epi	e6/l	Source	8723	2678
u-epilevy	e6/l	Source	14634	8104
u-epilevy		Extracted	1298	888
u-epipien	e6/l	Source	16238	8712
u-epipien		Extracted	1465	1031
u-epit	e6/l	Source	168750	67070
u-epit	u	Source	37	31
u-epit	u/field	Source	324	235
u-epit		Extracted	17672	12185
u-epit		Source	462	280
u-epit,le	u/field	Source	15	15
u-epit-l		Source	76	42
u-epit-tu		Source	40	29
u-epit-vm		Source	56	37
u-epiteelisolu	e6/l	Source	2393	1466
u-epiteelisolut	e6/l	Source	21541	10373
u-epiteelisolut		Extracted	77	70
u-epiteelisolut,osatutkimus	e6/l	Source	116	88
u-epiteelisolut,osatutkimus1940		Extracted	6	6
u-epiteelit	e6/l	Source	2832	1785
u-epitel	/sunf	Source	1316	494
u-epitel	sunf	Source	66	53
u-epitel		Source	1120	473
u-epitla	e6/l	Source	2611	1464
u-epitlevy	u/field	Source	14	11
u-epitmuut	u/field	Source	13	10
u-ery		Extracted	12	11
u-ery		Source	11	10
u-erylier	u/field	Source	16	15
u-eryt	/sunf	Source	1182	446
u-eryt	e6/l	Source	273727	97791
u-eryt	form	Source	1189	540
u-eryt	u	Source	33	29
u-eryt	u/field	Source	2563	1545
u-eryt		Extracted	157101	58535
u-eryt		QCOut	9	9
u-eryt		Source	593	374
u-eryt,tk		Extracted	55	51
u-eryt-0		Source	13	12
u-eryt-o	estimate	Source	103663	38544
u-eryt-o	form	Source	705	476
u-eryt-o		Extracted	34260	15047
u-eryt-o		QCOut	796	606
u-eryt-o		Source	6198	1955
u-eryt.	e6/l	Source	10	8
u-eryt.		Extracted	292	264
u-erytla	e6/l	Source	2594	1461
u-erytrosyytit	e6/l	Source	29244	15574
u-erytrosyytit	u/field	Source	13	12
u-erytrosyytit		Extracted	45	42
u-erytrosyytit(kval)	estimate	Source	9326	5533
u-erytrosyytit(kval)		Extracted	81	63
u-erytrosyytit(kval)		QCOut	2441	1778
u-erytrosyytit,osatutkimus	e6/l	Source	94	73
u-erytstix		Extracted	34	31
u-fenta-o		QCOut	60	52
u-globul	%	Source	31	31
u-globuliiniifraktionosuus,elektroforeesi	%	Source	8	8
u-gluk	form	Source	17	16
u-gluk	g/l	Source	16	12
u-gluk	mmol/l	Source	46	30
u-gluk		Extracted	385	330
u-gluk-0		Source	4169	995
u-gluk-de		Source	151	150
u-gluk-o	estimate	Source	123942	41579
u-gluk-o	form	Source	842	483
u-gluk-o		Extracted	41866	16192
u-gluk-o		QCOut	9050	4964
u-gluk-o		Source	8166	2203
u-gluk-o.		QCOut	503	344
u-gluk-o.		Source	9	9
u-glukoosi(kval)	estimate	Source	14787	8413
u-glukoosi(kval)		Extracted	32	30
u-glukoosi(kval)		QCOut	1072	726
u-glukoosi,(kval)	estimate	Source	89	69
u-glukstix		Extracted	9	8
u-gralier	u/field	Source	16	15
u-gran	u/field	Source	491	410
u-gran		Extracted	187	176
u-hapaamuusaste(kval)		Source	801	547
u-happamuus		Source	203	136
u-happamuusaste	1	Source	229	155
u-happamuusaste	5170	Source	19	19
u-happamuusaste		Extracted	5381	3759
u-happamuusaste		Source	5242	2596
u-happamuusaste(kval)	form	Source	32	22
u-happamuusaste(kval)		Extracted	81	61
u-happamuusaste(kval)		Source	2791	1402
u-happamuusaste(kval.)		Source	21	18
u-happamuusaste,osatutkperustutkimuksissa		Source	96	70
u-happamuusaste,vieritestihoitoyksikössä		Extracted	80	71
u-happamuusaste,vieritestihoitoyksikössä		Source	319	241
u-hb		Source	8	8
u-hb-dec		Source	151	150
u-hb-o	A	Source	19	17
u-hb-o	form	Source	65	48
u-hb-o		Extracted	326	231
u-hb-o		QCOut	30876	16696
u-hb-o		Source	258	178
u-hb-o.		QCOut	2053	1316
u-hb-o.		Source	9	9
u-hcg	iu/l	Source	37	34
u-hcg	u/l	Source	15	15
u-hcg-o		Extracted	7	7
u-hcg-o		QCOut	68	67
u-hemoglobiini(kval)		Extracted	35	33
u-hg	nmol/l	Source	107	40
u-hiiva		QCOut	15	11
u-huum-10,lämpötila		Extracted	130	6
u-huum-10,ominaispaino		Extracted	193	10
u-huum-10,ominaispaino		Source	114	7
u-huum-10,ph		Extracted	246	10
u-huum-10,ph		Source	138	7
u-huum-7,ominaispaino		Extracted	257	6
u-huum-7,ph		Extracted	315	6
u-hva-lap	ug/mg	Source	44	12
u-hyalie	e6/l	Source	15276	4894
u-hyalie		Extracted	9	8
u-hyalier	e6/l	Source	11469	4232
u-hyalier	u/field	Source	100	95
u-hyalier		Extracted	564	404
u-hyaliinilieriöt	e6/l	Source	432	264
u-hyallie	e6/l	Source	146	99
u-i	ug/l	Source	309	243
u-i/u-kreaosatutkimus	ug/g	Source	129	113
u-igg	mg/l	Source	7	7
u-igg		Extracted	54	53
u-iglck	g/l	Source	51	47
u-iglck		Extracted	25	25
u-iglcl	g/l	Source	60	55
u-immunoglobuliini,kevyetketjut,kappa	mg/l	Source	12	12
u-immunoglobuliini,kevyetketjut,lambda	mg/l	Source	7	7
u-intp	nmol/mmol	Source	2097	1020
u-intp	nmol/mmolkr	Source	14	9
u-intp	ratio	Source	47	30
u-intp		Extracted	54	35
u-isuhtu-krea(osatutk)	ug/g	Source	88	82
u-jcvnh	u/ml	Source	45	20
u-jodidi	ug/l	Source	85	43
u-jyvlier	u/field	Source	42	41
u-jyvlier		Extracted	7	7
u-k	mmol/l	Source	3529	2628
u-k		Extracted	351	328
u-kalium	mmol/l	Source	51	51
u-kalsium	mmol/l	Source	6	6
u-kalsium,virtsasta	mmol/l	Source	11	10
u-kalsiumvm.	ml	Source	30	22
u-kappa	mg/l	Source	30	28
u-kappa		Extracted	10	9
u-kemiallinenseulonta,hoitoyksikönvieritesti,virtsa		Source	12	12
u-kemiallinenseulonta,osavastausu-ph	1	Source	43	29
u-kemiallinenseulonta,osavastausu-suhtih	1	Source	39	28
u-kemseu,op		Extracted	233	106
u-kemseu,ph		Extracted	282	148
u-kemseul	form	Source	61	48
u-kemseul		Extracted	83	73
u-kemseul		Source	506	291
u-kemseul,omin.p		Extracted	3444	889
u-kemseul,op		Extracted	345	167
u-kemseul,ph		Extracted	5356	1697
u-kemseul,ph		Source	2863	1016
u-kemseul,suhti		Extracted	21	17
u-kemseul,u-ph		Extracted	1825	524
u-kemseul,u-ph		Source	175	77
u-kemseul,u-sg		Extracted	168	64
u-kemseul,u-suhti		Extracted	1472	433
u-kemseul,u-suhtih		Source	168	77
u-kemseula,osavastausu-ph		Source	35	24
u-kemseula,osavastausu-suhtih		Source	32	23
u-kemseula,u-ph		Source	326	112
u-kemseula,u-suhtih		Source	310	110
u-kemvt,ph		Extracted	51	46
u-kemvt,sg		Extracted	189	119
u-ket-0		Source	15	14
u-ket-o		Source	74	59
u-keto		Source	24	23
u-keto,tk		Extracted	99	95
u-keto-0		Source	12	12
u-keto-de		Source	152	150
u-keto-o	estimate	Source	133623	43437
u-keto-o	form	Source	971	613
u-keto-o	l	Source	6640	1501
u-keto-o		Extracted	44240	16769
u-keto-o		QCOut	3236	2803
u-keto-o		Source	5320	1657
u-keto-o.		QCOut	144	129
u-keto-o.		Source	9	9
u-ketoaineet(päiv.hoitaja)		Extracted	11	11
u-ketoniaineetstix		Extracted	14	14
u-ki		Source	37	27
u-koka-o		QCOut	33	25
u-kollageenii:naminoterminaalinentelopeptidi	nmol/mmol	Source	8	8
u-kporf1	nmol/l	Source	18	16
u-kporf3	nmol/l	Source	18	16
u-krea	mmol/l	QCOut	12	9
u-krea	mmol/l	Source	389182	120792
u-krea	umol/l	Source	4281	2779
u-krea		Extracted	98777	38090
u-krea		Source	3799	1056
u-kreaetg	mmol/l	Source	92	32
u-kreaetg		Extracted	8	6
u-kreahu	mmol/l	Source	9	6
u-kreahuu	mmol/l	Source	213	84
u-krealb	mmol/l	Source	79	62
u-kreat	mmol/l	Source	2903	1916
u-kreatiini,virtsasta(u-intp)	mmol/l	Source	91	46
u-kreatiniini	mmol/l	Source	25030	16744
u-kreatiniini		Extracted	94	66
u-kreatiniini(huumeseulonnanyhteydessä)	mmol/l	Source	11	9
u-kreatiniini,huumeseulonnanyhteydessä	mmol/l	Source	35	33
u-kreatiniini,huumeseulonta	mmol/l	Source	7	6
u-kreatiniini,virtsasta(huumeseulonnanyhteydessä)	mmol/l	Source	398	354
u-kreatiniini,virtsasta,huumeseulonta	mmol/l	Source	36	25
u-kreatiniinimmol/l(u-albkre)	mmol/l	Source	1616	1116
u-kreatiniiniosatutkimus	mmol/l	Source	12	12
u-kreatiniinivm.	ml	Source	7	7
u-kreint	mmol/l	Source	9	9
u-kreintp	mmol/l	Source	857	572
u-kreintp		Extracted	58	56
u-lambda	mg/l	Source	30	21
u-leu/µl		Extracted	7	7
u-leuk	/sunf	Source	802	406
u-leuk	/sunfält	Source	7	6
u-leuk	e6/l	Source	294204	107042
u-leuk	u	Source	43	36
u-leuk	u/field	Source	1776	995
u-leuk		Extracted	156372	58541
u-leuk		QCOut	10	10
u-leuk		Source	407	279
u-leuk(pi)	e6/l	Source	10	10
u-leuk-0		Source	67	58
u-leuk-bv	e6/l	Source	17865	5621
u-leuk-bv		Extracted	1442	845
u-leuk-de		Source	151	150
u-leuk-o	A	Source	27	19
u-leuk-o	estimate	Source	102815	38693
u-leuk-o	form	Source	896	607
u-leuk-o	u/field	Source	53	48
u-leuk-o		Extracted	29898	14543
u-leuk-o		QCOut	4438	2937
u-leuk-o		Source	9164	2917
u-leuk-o.		QCOut	2534	1529
u-leuk-o.		Source	9	9
u-leuk.	e6/l	Source	10	8
u-leuk.		Extracted	292	264
u-leuk.		QCOut	28550	15128
u-leukb		Extracted	201	139
u-leukbv	e6/l	Source	3982	1601
u-leukbv,u-leukosyytit,virtasatieinfektionseu	e6/l	Source	17	17
u-leukla	e6/l	Source	2574	1461
u-leukosyystit	e6/l	Source	16	13
u-leukosyytit	e6/l	Source	20736	11106
u-leukosyytit	u/field	Source	14	13
u-leukosyytit(kval)	estimate	Source	11845	7411
u-leukosyytit(kval)		Extracted	7	7
u-leukosyytit(kval)		QCOut	2532	1842
u-leukosyytit,laus		Extracted	26	24
u-leukosyytit,virtsatieinfektionseulonta	e6/l	Source	1103	677
u-leukosyytitstix		Extracted	38	37
u-leukstix		Extracted	27	24
u-levyep	e6/l	Source	81770	35201
u-levyep	u/field	Source	387	333
u-levyep		Extracted	135472	48550
u-levyep		Source	6	6
u-levyepi	e6/l	Source	14	12
u-levyepi	u/field	Source	1272	519
u-levyepiteelisolut	e6/l	Source	8563	4927
u-levyepiteelisolut	u/field	Source	7	6
u-levyepiteelisolut		Extracted	15	11
u-levyepiteelisolut,uf5000	e6/l	Source	8	7
u-levyepiteelit	u/field	Source	77	65
u-levyepiteelit		Extracted	9	9
u-lier	e6/l	Source	195505	72382
u-lier		Extracted	155287	56661
u-lier		Source	44	33
u-lieri?t	e6/l	Source	406	295
u-lieriö	e6/l	Source	5122	1640
u-lieriö		Extracted	27	18
u-lieriö		Source	2077	906
u-lieriöt	e6/l	Source	59778	26154
u-lieriöt	u/field	Source	278	201
u-lieriöt		Extracted	2291	1541
u-lieriöt		Source	428	251
u-lieriöt,osatutk		Extracted	6	6
u-lieriöt,osatutkimus	e6/l	Source	8	7
u-lieriöt,osatutkuf1000	e6/l	Source	111	84
u-lierla	e6/l	Source	2608	1464
u-ly	u/field	Source	15	14
u-lymf		Extracted	10	10
u-lzm	mg/l	Source	17	17
u-makrof	u/field	Source	121	104
u-makrof		Extracted	11	10
u-makrof.	/sunf	Source	193	143
u-mapga	mmol/l	Source	24	12
u-mdma-o		QCOut	115	93
u-metad-o		QCOut	184	52
u-metam-o		QCOut	30	27
u-metnefl	umol/l	Source	6	6
u-mg	mmol/l	Source	122	95
u-mg		Extracted	16	16
u-momalap	ug/mg	Source	43	11
u-mukon	umol/l	Source	18	17
u-muu		Source	18	17
u-muulier	e6/l	Source	11537	4270
u-muulier		Extracted	537	380
u-muut	u/field	Source	7	6
u-muuta	u/field	Source	120	89
u-mygenho		QCOut	27	23
u-na	mmol/l	Source	8849	6308
u-na		Extracted	617	546
u-na		Source	10	10
u-naftol	form	Source	11	7
u-naftol	ug/l	Source	9	6
u-natrium	mmol/l	Source	144	134
u-natriumvm.	ml	Source	8	8
u-ngal	ug/l	Source	23	21
u-ni	form	Source	57	54
u-ni	ug/l	Source	64	45
u-ni	umol/l	Source	747	344
u-ni		Source	27	18
u-nikrea	ug/g	Source	16	6
u-nitr		Extracted	202	179
u-nitr-0		QCOut	56	46
u-nitr-0		Source	157	110
u-nitr-de		Source	151	150
u-nitr-o	estimate	Source	124875	42528
u-nitr-o	form	Source	833	574
u-nitr-o		Extracted	38608	16143
u-nitr-o		QCOut	12718	7417
u-nitr-o		Source	9927	3004
u-nitr-o.		QCOut	822	559
u-nitr-o.		Source	9	9
u-nitri-o		QCOut	29	27
u-nitriitti(kval)	estimate	Source	14979	8749
u-nitriitti(kval)		Extracted	28	27
u-nitriitti(kval)		QCOut	721	607
u-niturstix		QCOut	82	74
u-normetl	umol/l	Source	7	7
u-oksik-o		QCOut	31	31
u-om.p-r		Source	9	9
u-om.p.		Extracted	104	95
u-om.p.		Source	676	326
u-om.p.-o		Extracted	96	89
u-om.p.-o		Source	48	39
u-omin.p-		Extracted	361	242
u-omin.p-pika		Extracted	218	164
u-ominaisp		Extracted	300	218
u-ominaispaino	5170	Source	8	8
u-ominaispaino		Extracted	5476	4572
u-ominaispaino		Source	433	331
u-ominp-h		Extracted	6787	3100
u-ominp-h		Source	5760	2408
u-opiaa-o		QCOut	131	106
u-osmest	mosm/kgh2o	Source	89312	30567
u-osmest		Extracted	6300	4502
u-osmoe	mosm/kgh2o	Source	395	290
u-osmoest	e6/l	Source	2425	581
u-osmoest	mosm/kgh2o	Source	25255	7890
u-osmoest	mosm/l	Source	14289	5123
u-osmoest		Extracted	5163	2300
u-osmoest		QCOut	89	84
u-osmoest		Source	689	379
u-osmoest(pi)	mosm/kgh2o	Source	7	7
u-osmoet	mosm/kgh2o	Source	356	218
u-osmoie	mosm/kgh2o	Source	273	128
u-osmoie		Extracted	278	227
u-osmol	form	Source	27	23
u-osmol	mo/kgh2o	Source	295	232
u-osmol	mo/kgho	Source	10	9
u-osmol	mosm/kgh2o	Source	7279	5336
u-osmol		Extracted	2410	1967
u-osmol		Source	503	422
u-osmolaliteetti	mosm/kgh2o	Source	2715	1739
u-osmolaliteetti		Extracted	77	68
u-osmolaliteetti,estimoitu	mosm/kgh2o	Source	98	79
u-osmolaliteetti,estimoitu		Extracted	119	101
u-osmolaliteetti,virtsa	mosm/kgh2o	Source	9	9
u-osmolaliteetti,virtsasta	mosm/kgh2o	Source	23	22
u-osmolaliteettilaskennallinenosatutk		Extracted	6	6
u-osmolaliteettilaskennallinenosatutkuf1000	mosm/kgh2o	Source	110	83
u-osmole	mosm/kgh2o	Source	70655	30379
u-osmole		Extracted	8880	6245
u-osmole		Source	4272	2873
u-osmolie	mosm/kgh2o	Source	8	8
u-pbg	umol/l	Source	244	211
u-pbg	umol/mmol	Source	6	6
u-pbg		Extracted	16	15
u-ph	form	QCOut	20	20
u-ph	form	Source	17983	13526
u-ph	ph	Source	222	123
u-ph		Extracted	340226	114580
u-ph		QCOut	52	51
u-ph		Source	273768	97561
u-ph,huumetutkimuksiin		Extracted	15	11
u-ph,huumetutkimuksiin		Source	149	139
u-ph,huumetutkimuksiin/u-huumeseulonta,kval.		Extracted	44	39
u-ph-0		Source	1715	442
u-ph-huu		Extracted	6945	3121
u-ph-huu		Source	5917	2472
u-ph-hy		Extracted	646	520
u-ph-hy		Source	1793	1073
u-ph-o	N	Source	2076	585
u-ph-o	form	Source	1901	1421
u-ph-o		Extracted	11734	9394
u-ph-o		QCOut	24	24
u-ph-o		Source	36756	11643
u-ph-pika		Extracted	656	385
u-ph-r1		Source	6	6
u-ph.		Extracted	2874	1490
u-ph.		Source	21310	9463
u-phhu		Source	9	6
u-phpik		Source	32	28
u-phstix		Extracted	1286	982
u-phstix		Source	990	730
u-phv		Extracted	275	222
u-phv		Source	459	350
u-pi	mmol/l	Source	771	332
u-pi		Extracted	38	36
u-pien.ep	e6/l	Source	999	848
u-pienep	e6/l	Source	65516	29794
u-pienep		Extracted	135156	48414
u-pienepi	u/field	Source	20	20
u-pienepiteelisolut	e6/l	Source	62	54
u-pienetepiteelisolut	e6/l	Source	8456	4830
u-pienetepiteelisolut		Extracted	10	8
u-pikre		Source	18	10
u-prokre	g/mol	Source	969	222
u-prokre	mg/mmol	Source	1812	441
u-prot	g/l	Source	12034	3229
u-prot	mg/l	Source	14966	3875
u-prot		Extracted	1740	1097
u-prot		QCOut	135	113
u-prot		Source	570	219
u-prot,tk		Extracted	51	48
u-prot-0		Source	42	39
u-prot-de		Source	154	152
u-prot-o	form	Source	936	575
u-prot-o		Extracted	208	149
u-prot-o		QCOut	22499	12186
u-prot-o		Source	9652	2661
u-prot-o.		QCOut	1185	826
u-prot-o.		Source	9	9
u-prot12h	mg/l	Source	30	10
u-proteiini	g/l	Source	16	11
u-proteiini	mg/l	Source	353	111
u-proteiini,(u-prot-fr,valetietue)	g/l	Source	6	6
u-proteiini,virtsasta	g/l	Source	7	6
u-proteiini,virtsasta		Source	13	9
u-proteiininjakreatiniininsuhde	mg/mmol	Source	22	11
u-proteiinitstix		Extracted	25	25
u-protkre	mg/mmol	Source	121	20
u-protks	g/l	Source	8	7
u-punasolutstix		Extracted	27	27
u-rakkoai	h	Source	373	242
u-sakka,epit		Extracted	359	228
u-sakka,epit:		Extracted	36	27
u-sakka,eryt	u/field	Source	85	68
u-sakka,eryt		Extracted	1161	587
u-sakka,eryt:		Extracted	32	25
u-sakka,leuk	u/field	Source	85	64
u-sakka,leuk		Extracted	1002	559
u-sakka,leuk:		Extracted	31	24
u-sakka,lier		Extracted	346	223
u-sakka,makrof		Extracted	350	225
u-sakka,muuta		Extracted	338	230
u-seula,u-ph		Extracted	35	24
u-seulont,ph		Extracted	424	259
u-seulonta,ph		Extracted	786	424
u-sg	kg/l	Source	130	95
u-sg		Extracted	1159	881
u-sg		Source	2538	1568
u-solu.		Extracted	7	7
u-solu.		Source	17	17
u-solut	e6/l	Source	160	91
u-solut	u/field	Source	21	15
u-solut		Extracted	23	19
u-solut,bakt		Extracted	19	15
u-solut,epit		Extracted	25	21
u-solut,eryt		Extracted	23	20
u-solut,leuk		Extracted	25	21
u-solut,lieriöt		Extracted	20	16
u-solut,muut		Extracted	16	13
u-solut,välim.epit		Extracted	19	15
u-spma	ug/g	Source	6	6
u-stix,u-ph		Extracted	19	17
u-suht-hy		Extracted	453	379
u-suht-hy		Source	1633	1001
u-suhteellinentiheys	1	Source	262	186
u-suhteellinentiheys	kg/l	Source	68	48
u-suhteellinentiheys		Extracted	7961	5050
u-suhteellinentiheys		Source	9585	5561
u-suhteellinentiheys,kval		Source	2235	1202
u-suhteellinentiheys,kval,vierit.hoitoyksikös		Extracted	48	42
u-suhteellinentiheys,kval,vierit.hoitoyksikös		Source	293	220
u-suhteellinentiheys,osatutkimus		Extracted	145	67
u-suhteellinentiheys,osatutkperustutkimuksissa		Source	16	16
u-suhteellinentiheyskg/l		Source	1451	897
u-suhteellinentiheysstix		Extracted	564	472
u-suhteellinentiheysstix		Source	937	701
u-suhti	form	Source	38	31
u-suhti	g/ml	Source	3080	2230
u-suhti	kg/l	Source	41375	12717
u-suhti	ratio	Source	569	88
u-suhti		Extracted	142770	39565
u-suhti		QCOut	36	36
u-suhti		Source	118623	44664
u-suhti-o		Extracted	5267	2358
u-suhti-o		Source	40665	9804
u-suhti.		Extracted	2722	1442
u-suhti.		Source	21005	9374
u-suhtih	kg/l	Source	4621	1513
u-suhtih		Extracted	7667	2414
u-suhtih		Source	34309	11343
u-suhtih-o		Extracted	133	89
u-suhtiv		Extracted	35	26
u-suhtiv		Source	730	498
u-suhtpik		Source	25	23
u-tilav	ml	Source	19	14
u-tilav.		Source	8	7
u-trama-o		QCOut	80	63
u-trisy-o		QCOut	82	68
u-trypg-2		Extracted	10	7
u-trypg-2-ospkl		Source	6	6
u-trypg2	ug/l	Source	42	40
u-trypg2		Extracted	9	9
u-tub.ep	/sunf	Source	127	96
u-tublier	u/field	Source	22	21
u-tublier		Extracted	6	6
u-tubulep	u/field	Source	114	103
u-tubulep		Extracted	36	35
u-tutk-1	form	Source	10	9
u-tutk-1		Extracted	56	41
u-tutk-1		Source	220	130
u-tutk-1(oma),ph		Source	25	6
u-tutk-1,ph		Source	2507	688
u-tutk-1,sg		Source	984	304
u-tutk-1,u-omp		Source	172	68
u-tutk-1,u-ph		Source	192	74
u-tutk-1-,ph		Extracted	1671	757
u-tutk-1-,sg		Extracted	1352	662
u-tutk-1-oma,ph		Extracted	2466	899
u-tutk-1-oma,sg		Extracted	2058	805
u-tutkimus1,seulonta,osavastaussg		Extracted	165	117
u-ubg-de		Source	8	8
u-uporf1	nmol/l	Source	18	16
u-uporf3	nmol/l	Source	7	6
u-uraat	mmol/l	Source	106	95
u-uraat	umol/l	Source	16	16
u-uraat		Extracted	29	28
u-urea	mmol/l	Source	717	438
u-urea		Extracted	9	9
u-vahlier	u/field	Source	17	16
u-veri(kval)	estimate	Source	3055	1999
u-veri-o	form	Source	41	37
u-veri-o		Extracted	26	26
u-veri-o		QCOut	218	149
u-veri-o		Source	2498	774
u-virtsaliuska,pikatesti,osavastausu-ph		Extracted	66	50
u-virtsaliuska,pikatesti,osavastausu-suhti-o		Extracted	63	47
u-virtsanhemoglobiini	form	Source	7	7
u-virtsanleukosyytit	form	Source	7	6
u-virtsanominaispaino	form	Source	22	20
u-virtsanominaispainohuumemäärityksissä		Extracted	57	48
u-virtsanominaispainohuumemäärityksissä		Source	148	138
u-virtsanph	form	Source	24	21
u-vä.epit	u/field	Source	10	9
u-väliepi	u/field	Source	194	155
u-välim.e	u/field	Source	63	56
u-välim.ep	u/field	Source	10	8
u-välimep	u/field	Source	191	170
u-välimep		Extracted	59	57
u-välimuotoisetepiteelisolut	u/field	Source	6	6
u-välimuotoisetepiteelisolut		Extracted	15	10
u-välimuotoisetepiteelit	u/field	Source	75	63
u-välimuotoisetepiteelit		Extracted	7	7
u-zn	umol/l	Source	7	6
u-överg.ep	/sunf	Source	124	93
ua-be	mmol/l	Source	108	107
ua-be		Extracted	331	321
ua-emäsylimäärä,napavaltimo		Extracted	30	29
ua-happamuusaste,napavaltimo		Source	32	31
ua-happikyllästeisyys(hemoglobiini),napavaltimo	%	Source	31	30
ua-happiosapaine,napavaltimo	kpa	Source	30	29
ua-hb	g/l	Source	180	179
ua-hbo2sat	%	Source	78	73
ua-hco3-st	mmol/l	Source	359	352
ua-hiilidioksidiosapaine,napavaltimo	kpa	Source	32	31
ua-pco2	kpa	Source	394	381
ua-pco2		Extracted	48	48
ua-ph		Extracted	119	118
ua-ph		Source	323	311
ua-po2	kpa	Source	383	370
ua-po2		Extracted	48	48
ua-shco3	mmol/l	Source	73	68
ua-standardibikarbonaatti,napavaltimo	mmol/l	Source	31	30
ub-hb-pu	g/l	Source	66	6
ub-hkr-pu	%	Source	24	6
ue-mchc-pu	g/l	Source	24	6
ue-mcv-pu	fl	Source	24	6
ue-reti-pu	%	Source	23	6
uepit	u/field	Source	9	9
ug-pad-4	mmol/l	Source	15	14
uleuk	u/field	Source	9	9
ulevy	u/field	Source	9	9
ulier	u/field	Source	9	9
uloshengityksensekuntikapasiteetti		Source	8	7
uloshengityskaasuntyppioksidi	ppb	Source	6	6
ulosteencalprotectin	ug/g	Source	27	24
ulosteenhemoglobiini	ug/g	Source	65	58
uraatti	umol/l	Source	3560	2311
uraatti,plasma	umol/l	Source	1913	915
uraatti,plasmasta	umol/l	Source	3180	1244
urea	mmol	Source	39	26
urea	mmol/l	Source	10	8
urea,dialyysinjälkee	mmol/l	Source	133	32
urea,dialyysinjälkeen,plasmasta	mmol/l	Source	128	22
urea,ennendialyysia,plasmasta	mmol/l	Source	162	25
urea,ennendialyysiä	mmol/l	Source	141	32
urea,pikatesti	mmol/l	Source	203	147
ureapika	mmol/l	Source	894	721
ureavieri	mmol/	Source	44	41
ureavieri	mmol/l	Source	7	7
ureavieri		Extracted	35	30
ureavieri		Source	11	11
uricult		Extracted	11	11
us-epo	u/l	Source	7	7
us-tsh	mu/l	Source	412	412
us-tsh		Extracted	50	50
ustekinumabi,pitoisuus	mg/l	Source	49	35
ustekinumabi,pitoisuus,seerumi	mg/l	Source	16	12
usuhtihu		Source	9	6
uv-be	mmol/l	Source	35	35
uv-be		Extracted	120	113
uv-emäsylimäärä,napalaskimo		Extracted	30	30
uv-happamuusaste,napalaskimo		Source	32	32
uv-happikyllästeisyys(hemoglobiini),napalaskimo	%	Source	32	32
uv-happiosapaine,napalaskimo	kpa	Source	32	32
uv-hb	g/l	Source	42	42
uv-hbo2sat	%	Source	87	79
uv-hco3-st	mmol/l	Source	71	71
uv-hiilidioksidiosapaine,napalaskimo	kpa	Source	32	32
uv-pco2	kpa	Source	142	134
uv-pco2		Extracted	16	16
uv-ph		Extracted	39	39
uv-ph		Source	120	112
uv-po2	kpa	Source	140	132
uv-po2		Extracted	16	16
uv-shco3	mmol/l	Source	83	75
uv-standardibikarbonaatti,napalaskimo	mmol/l	Source	32	32
v-be		Source	34	32
v-hb		Source	210	124
v-hco3		Source	34	32
v-hct		Source	255	144
v-ica		Source	292	171
v-k		Source	263	149
v-na		Source	263	148
v-pco2		Source	34	32
v-ph		Source	39	34
v-po2		Source	34	32
v-so2		Source	15	15
v-tco2		Source	34	32
valko.papu	u/ml	Source	16	16
valkosolu,vasta-aineet,	titre	Source	30	29
vapaanjakokonais-psa:nsuhde	%	Source	20	16
varfariinihoitotavoitetasolla	%	Source	68	62
varheriskinarviointi		Source	12	12
varicella-zostervirus,iggvasta-aineet	iu/l	Source	16	16
vb-ahco3	mmol/l	Source	37230	10100
vb-ahco3		Extracted	11	11
vb-ahco3		Source	35	32
vb-ahco3vt	mmol/l	Source	353	236
vb-ahco3vt		Extracted	386	288
vb-ahco3vt		Source	20	18
vb-aktuaalibikarbonaatti	mmol/l	Source	1612	552
vb-aktuaalibikarbonaatti		Extracted	79	70
vb-aktuaalibikarbonaatti		Source	74	63
vb-aktuaalibikarbonaatti,vierilaitteella	mmol/l	Source	40	26
vb-aniongap-vt		Extracted	29	25
vb-be	mmol/l	Source	127083	34680
vb-be		Extracted	46342	13079
vb-be		Source	85	63
vb-be-vt	mmol/l	Source	372	279
vb-be-vt		Extracted	629	410
vb-be-vt		Source	15	13
vb-bepika	mmol/l	Source	574	484
vb-bepika		Extracted	324	265
vb-bikarbonaatti	mmol/l	Source	157	62
vb-bikarbonaatti		Extracted	53	51
vb-ca	mmol/l	Source	26	14
vb-ca++	mmol/l	Source	13	12
vb-ca++7.4	mmol/l	Source	11	10
vb-ca-i7.4	mmol/l	Source	2427	924
vb-ca-i7.4		Extracted	9	9
vb-ca-ion	mmol/l	Source	2428	925
vb-ca-ion-vt		Extracted	55	46
vb-caionvt	1	Source	40	27
vb-caionvt	mmol/l	Source	308	223
vb-caionvt		Extracted	420	300
vb-cl	mmol/l	Source	17	16
vb-cl-vt		Extracted	51	42
vb-cvo2sat	%	Source	82	28
vb-egfr-vt		Extracted	10	10
vb-emästase		Extracted	66	59
vb-emäsylimäärä	mmol/l	Source	12122	5164
vb-emäsylimäärä		Extracted	3576	1584
vb-emäsylimäärä		Source	56	48
vb-emäsylimäärä,vierilaitteella	mmol/l	Source	37	24
vb-erytrosyytit,tilavuusosuus,vierilaitteella		Extracted	19	13
vb-gluk	mmol/l	Source	16911	5742
vb-gluk		Extracted	103	90
vb-gluk		Source	13	13
vb-gluk-vt		Extracted	18	18
vb-glukoosi	mmol/l	Source	25	19
vb-happamuusaste	1	Source	59	47
vb-happamuusaste		Extracted	84	74
vb-happamuusaste		Source	2063	1053
vb-happamuusaste,vierilaitteella	1	Source	25	14
vb-happamuusaste,vierilaitteella		Extracted	19	13
vb-happikyllästeisyys(hemoglobiini)	%	Source	1073	609
vb-happikyllästeisyys(hemoglobiinin,osuustoimin	%	Source	263	92
vb-happikyllästeisyys(hemoglobiinin,osuustoiminnallisestahb:sta)	%	Source	46	24
vb-happiosapaine	kpa	Source	1362	721
vb-hb	g/l	Source	61616	16978
vb-hb		Extracted	98	85
vb-hb		Source	13	13
vb-hb-co	%	QCOut	43	36
vb-hb-co	%	Source	63013	20034
vb-hb-co		QCOut	106	89
vb-hb-co		Source	44	36
vb-hb-met	%	QCOut	316	131
vb-hb-met	%	Source	62450	19882
vb-hb-met		QCOut	40	32
vb-hb-met		Source	33	27
vb-hb-vt	1	Source	40	27
vb-hb-vt	g/l	Source	790	484
vb-hb-vt		Extracted	222	179
vb-hb-vt		Source	50	38
vb-hb02sat	%	Source	82	47
vb-hblask	g/l	Source	285	231
vb-hbo2	%	Source	32681	9444
vb-hbo2sat	%	Source	71454	21371
vb-hbo2sat		Extracted	51	41
vb-hbo2sat		Source	112	76
vb-hbo2svt	1	Source	8	7
vb-hco3	mmol/l	Source	1209	334
vb-hco3		Extracted	107	97
vb-hco3-st	mmol/l	Source	104777	21632
vb-hco3-st		Extracted	1120	750
vb-hco3-vt		Extracted	159	125
vb-he-tase,p-k	mmol/l	Source	48	36
vb-he-tase,p-na	mmol/l	Source	48	36
vb-he-tase,vb-be.b		Extracted	124	101
vb-he-tase,vb-beecf	mmol/l	Source	202	152
vb-he-tase,vb-hb		Extracted	94	77
vb-he-tase,vb-hb		Source	233	176
vb-he-tase,vb-hco3	mmol/l	Source	330	240
vb-he-tase,vb-k	mmol/l	Source	328	240
vb-he-tase,vb-na	mmol/l	Source	330	241
vb-he-tase,vb-pco2	kpa	Source	47	36
vb-he-tase,vb-pco2		Extracted	299	218
vb-he-tase,vb-pco2		Source	38	35
vb-he-tase,vb-ph		Source	384	278
vb-he-tase,vb-po2	kpa	Source	47	36
vb-he-tase-pika,p-k	mmol/l	Source	11	11
vb-he-tase-pika,p-na	mmol/l	Source	11	11
vb-he-tase-pika,vb-pco2	kpa	Source	10	10
vb-he-tase-pika,vb-ph		Source	10	10
vb-he-tase-pika,vb-po2	kpa	Source	10	10
vb-hemoglobiini	g/l	Source	2008	658
vb-hemoglobiini(totaali),laskimoveri	g/l	Source	89	26
vb-hemoglobiini,hiilimonoksidi	%	Source	633	313
vb-hiilidioksidiosapaine	kpa	Source	1545	748
vb-hiilidioksidiosapaine,vierilaitteella	kpa	Source	11	10
vb-hiilimonoksidi-hb	%	Source	11075	4229
vb-hiilimonoksidi-hb		QCOut	21	17
vb-hiilioksidiosapaine,vierilaitteella	kpa	Source	25	14
vb-hkr	osuus	Source	13	12
vb-hkr-vt	1	Source	40	27
vb-hkr-vt		Extracted	94	47
vb-hkr-vt		Source	8	8
vb-k	mmol/l	Source	16	15
vb-k		Extracted	13	12
vb-k-vt		Extracted	226	180
vb-kalsium,ionisoitunut,eitilattava	mmol/l	Source	458	245
vb-kalsium,ionisoitunut,ph7.4-korjattu	mmol/l	Source	468	247
vb-kokonaishemoglobiini,verikaasuanalysaattorista	g/l	Source	11980	4647
vb-krea-hy	umol/l	Source	17	16
vb-krea-vt		Extracted	57	47
vb-laktaat	mmol/l	Source	17590	6199
vb-laktaat		Extracted	103	90
vb-laktaat		Source	13	13
vb-lämpöti	°c	Source	544	84
vb-methemoglobiini	%	Source	11720	4524
vb-methemoglobiini		Extracted	11	11
vb-na	mmol/l	Source	30	27
vb-na-vt		Extracted	227	181
vb-natrium	mmol/l	Source	7	7
vb-o2-sis	%	Source	14860	5427
vb-o2-sis	ml/l	Source	15632	5643
vb-o2-sis		Source	16	16
vb-o2-vol	%	Source	15588	4778
vb-o2-vol		Extracted	11	10
vb-o2-vol		Source	9	9
vb-o2hb	%	Source	778	100
vb-o2sat	%	Source	36026	10443
vb-o2sat		Extracted	831	583
vb-o2sat1	%	Source	46	46
vb-o2sat2	%	Source	46	46
vb-o2sat3	%	Source	9	9
vb-o2sat4	%	Source	7	7
vb-pakesk	%	Source	9	8
vb-pco2	kpa	Source	187248	44581
vb-pco2		Extracted	3379	1722
vb-pco2		Source	135	99
vb-pco2(t)	kpa	Source	8	8
vb-pco2(t)		Extracted	9	8
vb-pco2-vt	1	Source	8	7
vb-pco2-vt	kpa	Source	336	237
vb-pco2-vt		Extracted	682	494
vb-ph	ph	Source	931	350
vb-ph		Extracted	85050	22156
vb-ph		Source	89689	23782
vb-ph(t)		Extracted	11	10
vb-ph(t)		Source	9	9
vb-ph-vt	1	Source	8	7
vb-ph-vt		Extracted	542	358
vb-ph-vt		Source	501	369
vb-phpika		Source	931	714
vb-po2	kpa	Source	134116	37173
vb-po2		Extracted	3373	1717
vb-po2		Source	124	88
vb-po2(t)	kpa	Source	9	9
vb-po2(t)		Extracted	9	8
vb-po2-vt	1	Source	8	7
vb-ra1	%	Source	7	6
vb-sbc	mmol/l	Source	86	79
vb-shco3	mmol/l	Source	21019	6903
vb-shco3		Extracted	31	22
vb-shco3		Source	87	55
vb-standardibikarbonaatti	mmol/l	Source	13752	5395
vb-temp	°c	Source	18946	6044
vb-temp		Source	13	13
vb-thb	g/l	Source	31101	11284
vb-thb		Extracted	17	11
vb-thb		Source	44	36
vb-to2c	ml/dl	Source	777	99
vb-urea-vt		Extracted	52	44
vb-vcs1	%	Source	8	7
vb-vekaas5,agapk	mmol/l	Source	72	43
vb-vekaas5,be(ecf)	mmol/l	Source	74	44
vb-vekaas5,ca++	mmol/l	Source	74	44
vb-vekaas5,chco3	mmol/l	Source	75	44
vb-vekaas5,chgb	g/l	Source	73	43
vb-vekaas5,cl-	mmol/l	Source	72	43
vb-vekaas5,crea	umol/l	Source	70	42
vb-vekaas5,cso2	%	Source	74	44
vb-vekaas5,ctc02	mmol/l	Source	73	43
vb-vekaas5,glu	mmol/l	Source	72	43
vb-vekaas5,hct	l/l	Source	73	43
vb-vekaas5,k+	mmol/l	Source	74	44
vb-vekaas5,lac	mmol/l	Source	72	43
vb-vekaas5,na+	mmol/l	Source	74	44
vb-vekaas5,pco2	kpa	Source	75	44
vb-vekaas5,ph		Source	75	44
vb-vekaas5,po2	kpa	Source	75	44
vbhco3pika	mmol/l	Source	26	24
vbpco2pika	kpa	Source	926	712
vedolitsumabi,pitoisuus	mg/l	Source	50	44
vehnjae	u/ml	Source	71	70
vehnjae		Extracted	10	9
vehnnä,rekombinantti(rtria19,omega-5gliadin,f416).igevasta-aineet,seer	u/ml	Source	6	6
vehnä,ruok	u/ml	Source	42	39
vehnä,ruok		Extracted	14	14
vehnä,sipö	u/ml	Source	11	11
verenhemoglobiini	g/l	Source	29	22
verenleukosyytit,hoitoyksikkötekeepikatestillä		Extracted	29	24
verenm.tuberculosis-herkistyneetsolut,gammainterferoni,eritys	iu/ml	Source	8	8
verenpaine		Source	55	55
verensokeri		Extracted	28	20
verensokeri,tk:ntekemä		Extracted	154	140
verensokeri,tk:ntekemä		Source	146	137
verensokeri,vieritutkimus		Extracted	41	27
verensokeri,vieritutkimus		Source	17	16
verensokeripikatesti	u	Source	18	11
verenvalkosolut	e9/l	Source	2841	644
veri		Source	11	11
verikaasuanalyysi+hbo2sat+hb+na+k+ca-ion+gluklaskimoveresrä,osavastausagapk	mmol/l	Source	22	10
verikaasuanalyysi+hbo2sat+hb+na+k+ca-ion+gluklaskimoveresrä,osavastausbe(ecf)	mmol/l	Source	25	12
verikaasuanalyysi+hbo2sat+hb+na+k+ca-ion+gluklaskimoveresrä,osavastausca++	mmol/l	Source	25	12
verikaasuanalyysi+hbo2sat+hb+na+k+ca-ion+gluklaskimoveresrä,osavastauschco3	mmol/l	Source	26	12
verikaasuanalyysi+hbo2sat+hb+na+k+ca-ion+gluklaskimoveresrä,osavastauschgb	g/l	Source	22	10
verikaasuanalyysi+hbo2sat+hb+na+k+ca-ion+gluklaskimoveresrä,osavastauscl-	mmol/l	Source	25	12
verikaasuanalyysi+hbo2sat+hb+na+k+ca-ion+gluklaskimoveresrä,osavastauscrea	umol/l	Source	25	12
verikaasuanalyysi+hbo2sat+hb+na+k+ca-ion+gluklaskimoveresrä,osavastauscso2	%	Source	25	12
verikaasuanalyysi+hbo2sat+hb+na+k+ca-ion+gluklaskimoveresrä,osavastausctc02	mmol/l	Source	22	10
verikaasuanalyysi+hbo2sat+hb+na+k+ca-ion+gluklaskimoveresrä,osavastausglu	mmol/l	Source	25	12
verikaasuanalyysi+hbo2sat+hb+na+k+ca-ion+gluklaskimoveresrä,osavastaushct	l/l	Source	22	10
verikaasuanalyysi+hbo2sat+hb+na+k+ca-ion+gluklaskimoveresrä,osavastausk+	mmol/l	Source	25	12
verikaasuanalyysi+hbo2sat+hb+na+k+ca-ion+gluklaskimoveresrä,osavastauslac	mmol/l	Source	25	12
verikaasuanalyysi+hbo2sat+hb+na+k+ca-ion+gluklaskimoveresrä,osavastausna+	mmol/l	Source	25	12
verikaasuanalyysi+hbo2sat+hb+na+k+ca-ion+gluklaskimoveresrä,osavastauspco2	kpa	Source	26	12
verikaasuanalyysi+hbo2sat+hb+na+k+ca-ion+gluklaskimoveresrä,osavastausph		Source	25	11
verikaasuanalyysi+hbo2sat+hb+na+k+ca-ion+gluklaskimoveresrä,osavastauspo2	kpa	Source	26	12
verinäytteenotto		Source	98	55
vertca12-5	u/ml	Source	15	13
vertca15-3	u/ml	Source	8	8
vertca19-9	u/ml	Source	16	15
vertcea	ug/l	Source	40	39
vesirokkovirus,igg-vasta-aineetseerumista	iu/l	Source	19	19
vesirokkovirus,iggvasta-aineet	eiu	Source	18	18
vesirokkovirus,iggvasta-aineet	miu/ml	Source	11	11
vieri-crp		Extracted	477	185
vieri-gluk		Extracted	39	36
vieri-hb		Extracted	8	7
vieri-inr	inr	Source	555	526
vihr.papu	u/ml	Source	17	17
viimp-kreaarvo		Extracted	93	87
virtsam.	ml	Source	1034	500
virtsam.		Extracted	306	180
virtsamärä?	ml	Source	608	324
virtsamäärä	ml	Source	4495	2728
virtsamäärä,vrk-virtsa	ml	Source	25	16
virtsanalb/kreasuhde	mg/mmol	Source	3051	2707
virtsanhappamuus		Source	15	13
virtsanhappamuus/emäksisyys		Extracted	83	50
virtsanlieriösolut		Extracted	7	6
virtsanlieriöt	e6/l	Source	12	9
virtsanmikroalbumiini:u-albumiininja-kreatiniininsuhde		Extracted	56	37
virtsanph		Source	30	30
virtsanph,vieritesti		Source	22	21
virtsansokeri		Extracted	16	16
virtsansolujenhl7-siirtoon	e6/l	Source	4818	3087
virtsansolujenhl7-siirtoon		Extracted	311	246
virtsanstixominaispaino		Source	9	8
virtsanstixph		Source	26	20
virtsansuhteellinentiheys	kg/l	Source	88	70
virtsansuhteellinentiheys		Extracted	85	57
virtsansuhteellinentiheys,vieritesti		Source	19	18
vldlkolestroli(osatutkimus)	mmol/l	Source	43	40
vonwillebrand-tekijä,aktiivi	%	Source	24	12
vonwillebrand-tekijä,antigeeni	%	Source	10	10
vp-ca-ion	mmol/l	Source	10809	4527
vp-cl	mmol/l	Source	10892	4604
vp-gluk	mmol/l	Source	10893	4605
vp-gluk-0h	mmol/l	Source	712	571
vp-gluk-0h		Extracted	382	308
vp-gluk-1h	mmol/l	Source	248	175
vp-gluk-1h		Extracted	131	101
vp-gluk-2h	mmol/l	Source	710	569
vp-gluk-2h		Extracted	366	293
vp-gluk20m		Extracted	11	11
vp-gluk40m		Extracted	11	11
vp-glukoosi,0-näyte	mmol/l	Source	63	60
vp-glukoosi,2h	mmol/l	Source	62	59
vp-happamuusaste		Source	2193	501
vp-hco3st	mmol/l	Source	123	45
vp-k	mmol/l	Source	10893	4607
vp-laktaat	mmol/l	Source	10894	4608
vp-na	mmol/l	Source	10896	4608
vp-ph		Extracted	20	15
vp-ph		Source	5037	1003
vp-shco3	mmol/l	Source	7251	1311
vp-shco3		Extracted	22	16
vpenisilliini(c2),igevasta-aineet,seerumista	u/ml	Source	9	9
vt-hbsab	iu/l	Source	127	108
vuoto-oirekyselynpistemäärä?		Extracted	23	23
vymp	cm	Source	181	178
vyötärönympäryys	cm	Source	45	45
vyötärönympäryys		Source	8	8
välimuotoisetepiteelit,virtsansolujenerittelylaskenta		Source	15	7
värinäköte		Extracted	49	48
värinäköte		Source	15	15
värinäkötesti		Source	8	8
wbc-largecellcount	e9/l	Source	489	41
wbc-middlecellratio	%	Source	489	41
xxbaso	%	Source	198	162
xxeos	%	Source	199	162
xxlymf	%	Source	200	162
xxmono	%	Source	199	162
xxneut	%	Source	199	162
yleislääkärinkonsultaatio		Source	7	7
zb-ahco3	mmol/l	Source	4376	606
zb-aktuaalibikarbonaatti	mmol/l	Source	393	119
zb-be	mmol/l	Source	2368	492
zb-be		Extracted	2350	577
zb-emäsylimäärä	mmol/l	Source	167	65
zb-emäsylimäärä		Extracted	208	90
zb-happamuusaste		Source	9	6
zb-happikyllästeisyys(hemoglobiini)	%	Source	393	119
zb-hbo2sat	%	Source	4476	607
zb-o2-vol	%	Source	4771	706
zb-o2-vol	vol%	Source	142	16
zb-pco2	kpa	Source	4736	704
zb-pco2(t)	kpa	Source	157	17
zb-ph		Extracted	55	19
zb-ph		Source	4217	596
zb-ph(t)		Source	157	17
zb-po2	kpa	Source	4752	704
zb-po2(t)	kpa	Source	157	17
äidinpaino		Source	27	25
