TEST_NAME	UNIT	group_id	evidence_level	records	reference_concept_id	omop_concept_id_gemini-2.5-pro	omop_concept_id_claude-sonnet-5	omop_concept_id_claude-opus-5	omop_concept_name_gemini-2.5-pro	omop_concept_name_claude-sonnet-5	omop_concept_name_claude-opus-5	loinc_name_guess_gemini-2.5-pro	loinc_name_guess_claude-sonnet-5	loinc_name_guess_claude-opus-5	certainty_gemini-2.5-pro	certainty_claude-sonnet-5	certainty_claude-opus-5
kudostransglutaminaasi,iga-vasta-aineet	u/ml	7	name+unit+values	620		3046538	3019050	3019050	Tissue transglutaminase IgA Ab [Units/volume] in Serum by Immunoassay	Tissue transglutaminase IgA Ab [Units/volume] in Serum	Tissue transglutaminase IgA Ab [Units/volume] in Serum	Transglutaminase IgA Ab [Units/volume] in Serum or Plasma	Transglutaminase IgA Ab [Units/volume] in Serum	Tissue transglutaminase IgA Ab [Units/volume] in Serum	high	high	high
kudostransglutaminaasi,iga-vasta-aineet		7	name	36	3019050	3046538	3019050	3019050	Tissue transglutaminase IgA Ab [Units/volume] in Serum by Immunoassay	Tissue transglutaminase IgA Ab [Units/volume] in Serum	Tissue transglutaminase IgA Ab [Units/volume] in Serum	Transglutaminase IgA Ab [Units/volume] in Serum or Plasma	Transglutaminase IgA Ab [Units/volume] in Serum	Tissue transglutaminase IgA Ab [Units/volume] in Serum	medium	medium	medium
kudostransglutaminaasi,iga-vasta-aineet,seerumista		7	name	134		3046538	3019050	3019050	Tissue transglutaminase IgA Ab [Units/volume] in Serum by Immunoassay	Tissue transglutaminase IgA Ab [Units/volume] in Serum	Tissue transglutaminase IgA Ab [Units/volume] in Serum	Transglutaminase IgA Ab [Units/volume] in Serum	Transglutaminase IgA Ab [Units/volume] in Serum	Tissue transglutaminase IgA Ab [Units/volume] in Serum	medium	medium	medium
kudostransglutaminaasi,igavasta-aineet	u/ml	7	name+unit+values	70	3019050	3046538	3019050	3019050	Tissue transglutaminase IgA Ab [Units/volume] in Serum by Immunoassay	Tissue transglutaminase IgA Ab [Units/volume] in Serum	Tissue transglutaminase IgA Ab [Units/volume] in Serum	Transglutaminase IgA Ab [Units/volume] in Serum or Plasma	Transglutaminase IgA Ab [Units/volume] in Serum	Tissue transglutaminase IgA Ab [Units/volume] in Serum	high	high	high
kudostransglutaminaasi,igavasta-aineet		7	name	62	3019050	3046538	3019050	3019050	Tissue transglutaminase IgA Ab [Units/volume] in Serum by Immunoassay	Tissue transglutaminase IgA Ab [Units/volume] in Serum	Tissue transglutaminase IgA Ab [Units/volume] in Serum	Transglutaminase IgA Ab [Units/volume] in Serum or Plasma	Transglutaminase IgA Ab [Units/volume] in Serum	Tissue transglutaminase IgA Ab [Units/volume] in Serum	medium	medium	medium
kudostransglutaminaasi,igavasta-aineet,seerumista␤	u/ml	7	name+unit	169		3046538	3019050	3019050	Tissue transglutaminase IgA Ab [Units/volume] in Serum by Immunoassay	Tissue transglutaminase IgA Ab [Units/volume] in Serum	Tissue transglutaminase IgA Ab [Units/volume] in Serum	Transglutaminase IgA Ab [Units/volume] in Serum	Transglutaminase IgA Ab [Units/volume] in Serum	Tissue transglutaminase IgA Ab [Units/volume] in Serum	high	high	high
kudostransglutaminaasi,igavasta-aineet,seerumista␤		7	name	508		3046538	3019050	3019050	Tissue transglutaminase IgA Ab [Units/volume] in Serum by Immunoassay	Tissue transglutaminase IgA Ab [Units/volume] in Serum	Tissue transglutaminase IgA Ab [Units/volume] in Serum	Transglutaminase IgA Ab [Units/volume] in Serum	Transglutaminase IgA Ab [Units/volume] in Serum	Tissue transglutaminase IgA Ab [Units/volume] in Serum	medium	medium	medium
kudostransglutaminaasi,igg-vasta-aineet		7	name	131	3046870	40759657	3046870	3046870	Tissue transglutaminase IgG Ab [Units/volume] in Serum by Immunoassay	Tissue transglutaminase IgG Ab [Units/volume] in Serum	Tissue transglutaminase IgG Ab [Units/volume] in Serum	Transglutaminase IgG Ab [Units/volume] in Serum or Plasma	Transglutaminase IgG Ab [Units/volume] in Serum	Tissue transglutaminase IgG Ab [Units/volume] in Serum	medium	medium	medium
s-kudostransglutaminaasi,iga-vasta-aineet	u/ml	7	name+unit	36	3019050	3046538	3019050	3019050	Tissue transglutaminase IgA Ab [Units/volume] in Serum by Immunoassay	Tissue transglutaminase IgA Ab [Units/volume] in Serum	Tissue transglutaminase IgA Ab [Units/volume] in Serum	Transglutaminase IgA Ab [Units/volume] in Serum	Transglutaminase IgA Ab [Units/volume] in Serum	Tissue transglutaminase IgA Ab [Units/volume] in Serum	high	high	high
s-kudostransglutaminaasi,iga-vasta-aineet		7	name	300	3019050	3046538	3019050	3019050	Tissue transglutaminase IgA Ab [Units/volume] in Serum by Immunoassay	Tissue transglutaminase IgA Ab [Units/volume] in Serum	Tissue transglutaminase IgA Ab [Units/volume] in Serum	Transglutaminase IgA Ab [Units/volume] in Serum	Transglutaminase IgA Ab [Units/volume] in Serum	Tissue transglutaminase IgA Ab [Units/volume] in Serum	medium	medium	medium
s-kudostransglutaminaasi,iga-vasta-aineetosatutk.		7	name	426		3046538	3019050	3019050	Tissue transglutaminase IgA Ab [Units/volume] in Serum by Immunoassay	Tissue transglutaminase IgA Ab [Units/volume] in Serum	Tissue transglutaminase IgA Ab [Units/volume] in Serum	Transglutaminase IgA Ab [Units/volume] in Serum	Transglutaminase IgA Ab [Units/volume] in Serum	Tissue transglutaminase IgA Ab [Units/volume] in Serum	medium	medium	medium
s-kudostransglutaminaasi,igavasta-aineet	eliau/ml	7	name+unit	10		3046538	3046538	3019050	Tissue transglutaminase IgA Ab [Units/volume] in Serum by Immunoassay	Tissue transglutaminase IgA Ab [Units/volume] in Serum by Immunoassay	Tissue transglutaminase IgA Ab [Units/volume] in Serum	Transglutaminase IgA Ab [Units/volume] in Serum	Transglutaminase IgA Ab [Units/volume] in Serum	Tissue transglutaminase IgA Ab [Units/volume] in Serum	high	medium	medium
s-kudostransglutaminaasi,igavasta-aineet	u/ml	7	name+unit+values	2058	3019050	3046538	3019050	3019050	Tissue transglutaminase IgA Ab [Units/volume] in Serum by Immunoassay	Tissue transglutaminase IgA Ab [Units/volume] in Serum	Tissue transglutaminase IgA Ab [Units/volume] in Serum	Transglutaminase IgA Ab [Units/volume] in Serum	Transglutaminase IgA Ab [Units/volume] in Serum	Tissue transglutaminase IgA Ab [Units/volume] in Serum	high	high	high
s-kudostransglutaminaasi,igavasta-aineet		7	name	3189	3019050	3046538	3019050	3019050	Tissue transglutaminase IgA Ab [Units/volume] in Serum by Immunoassay	Tissue transglutaminase IgA Ab [Units/volume] in Serum	Tissue transglutaminase IgA Ab [Units/volume] in Serum	Transglutaminase IgA Ab [Units/volume] in Serum	Transglutaminase IgA Ab [Units/volume] in Serum	Tissue transglutaminase IgA Ab [Units/volume] in Serum	medium	medium	medium
s-kudostransglutaminaasi,igavasta-aineet(keliakia)	u/ml	7	name+unit	5		3046538	3019050	3019050	Tissue transglutaminase IgA Ab [Units/volume] in Serum by Immunoassay	Tissue transglutaminase IgA Ab [Units/volume] in Serum	Tissue transglutaminase IgA Ab [Units/volume] in Serum	Transglutaminase IgA Ab [Units/volume] in Serum	Transglutaminase IgA Ab [Units/volume] in Serum	Tissue transglutaminase IgA Ab [Units/volume] in Serum	high	high	high
s-kudostransglutaminaasi,igavasta-aineet(keliakia)		7	name	149		3046538	3019050	3019050	Tissue transglutaminase IgA Ab [Units/volume] in Serum by Immunoassay	Tissue transglutaminase IgA Ab [Units/volume] in Serum	Tissue transglutaminase IgA Ab [Units/volume] in Serum	Transglutaminase IgA Ab [Units/volume] in Serum	Transglutaminase IgA Ab [Units/volume] in Serum	Tissue transglutaminase IgA Ab [Units/volume] in Serum	medium	medium	medium
s-kudostransglutaminaasi,igavasta-aineet,keliakiatutkimus		7	name	118		3046538	3019050	3019050	Tissue transglutaminase IgA Ab [Units/volume] in Serum by Immunoassay	Tissue transglutaminase IgA Ab [Units/volume] in Serum	Tissue transglutaminase IgA Ab [Units/volume] in Serum	Transglutaminase IgA Ab [Units/volume] in Serum	Transglutaminase IgA Ab [Units/volume] in Serum	Tissue transglutaminase IgA Ab [Units/volume] in Serum	medium	medium	medium
s-kudostransglutaminaasi,iggva(keliakia)		7	name	133	3046870	40759657	3046870	3046870	Tissue transglutaminase IgG Ab [Units/volume] in Serum by Immunoassay	Tissue transglutaminase IgG Ab [Units/volume] in Serum	Tissue transglutaminase IgG Ab [Units/volume] in Serum	Transglutaminase IgG Ab [Units/volume] in Serum	Transglutaminase IgG Ab [Units/volume] in Serum	Tissue transglutaminase IgG Ab [Units/volume] in Serum	medium	medium	medium
s-kudostransglutaminaasi,iggvasta-aineet	u/ml	7	name+unit	6		40759657	3046870	3046870	Tissue transglutaminase IgG Ab [Units/volume] in Serum by Immunoassay	Tissue transglutaminase IgG Ab [Units/volume] in Serum	Tissue transglutaminase IgG Ab [Units/volume] in Serum	Transglutaminase IgG Ab [Units/volume] in Serum	Transglutaminase IgG Ab [Units/volume] in Serum	Tissue transglutaminase IgG Ab [Units/volume] in Serum	high	high	high
s-kudostransglutaminaasi,iggvasta-aineet		7	name	2026	3046870	40759657	3046870	3046870	Tissue transglutaminase IgG Ab [Units/volume] in Serum by Immunoassay	Tissue transglutaminase IgG Ab [Units/volume] in Serum	Tissue transglutaminase IgG Ab [Units/volume] in Serum	Transglutaminase IgG Ab [Units/volume] in Serum	Transglutaminase IgG Ab [Units/volume] in Serum	Tissue transglutaminase IgG Ab [Units/volume] in Serum	medium	medium	medium
s-transglutaminaasivasta-aineet	u/ml	7	name+unit	12								Transglutaminase Ab [Units/volume] in Serum	Transglutaminase Ab [Units/volume] in Serum	Tissue transglutaminase Ab [Units/volume] in Serum			
s-transglutaminaasivasta-aineet		7	name	454								Transglutaminase Ab [Units/volume] in Serum	Transglutaminase Ab [Units/volume] in Serum	Tissue transglutaminase Ab [Units/volume] in Serum			
b-c-reaktiivinenproteiini	mg/l	14	name+unit	29		3020460	1091617	1091617	C reactive protein [Mass/volume] in Serum or Plasma	C reactive protein [Mass/volume] in Serum, Plasma or Blood	C reactive protein [Mass/volume] in Serum, Plasma or Blood	C-reactive protein [Mass/volume] in Blood	C reactive protein [Mass/volume] in Blood	C reactive protein [Mass/volume] in Blood	medium	medium	medium
b-c-reaktiivinenproteiini		14	name+values	262		3020460	1091617	1091617	C reactive protein [Mass/volume] in Serum or Plasma	C reactive protein [Mass/volume] in Serum, Plasma or Blood	C reactive protein [Mass/volume] in Serum, Plasma or Blood	C-reactive protein [Mass/volume] in Blood	C reactive protein [Mass/volume] in Blood	C reactive protein [Mass/volume] in Blood	medium	medium	medium
b-c-reaktiivinenproteiinipika		14	name+values	300		1469985	1469985	1469985	C reactive protein [Mass/volume] in Serum, Plasma or Blood by Rapid immunoassay	C reactive protein [Mass/volume] in Serum, Plasma or Blood by Rapid immunoassay	C reactive protein [Mass/volume] in Serum, Plasma or Blood by Rapid immunoassay	C-reactive protein [Mass/volume] in Blood	C reactive protein [Mass/volume] in Blood	C reactive protein [Mass/volume] in Blood	high	medium	medium
b-c-resktiivinenproteiini	mg/l	14	name+unit+values	1201	3020460	3020460	1091617	1091617	C reactive protein [Mass/volume] in Serum or Plasma	C reactive protein [Mass/volume] in Serum, Plasma or Blood	C reactive protein [Mass/volume] in Serum, Plasma or Blood	C-reactive protein [Mass/volume] in Blood	C reactive protein [Mass/volume] in Blood	C reactive protein [Mass/volume] in Blood	medium	medium	medium
b-c-resktiivinenproteiini		14	name	802		3020460	1091617	1091617	C reactive protein [Mass/volume] in Serum or Plasma	C reactive protein [Mass/volume] in Serum, Plasma or Blood	C reactive protein [Mass/volume] in Serum, Plasma or Blood	C-reactive protein [Mass/volume] in Blood	C reactive protein [Mass/volume] in Blood	C reactive protein [Mass/volume] in Blood	low	low	low
c-reaktiivinenproteiini	1	14	name+unit+values	925		3020460	3020460	3020460	C reactive protein [Mass/volume] in Serum or Plasma	C reactive protein [Mass/volume] in Serum or Plasma	C reactive protein [Mass/volume] in Serum or Plasma	C-reactive protein [Mass/volume] in Serum or Plasma	C reactive protein [Mass/volume] in Serum or Plasma	C reactive protein [Mass/volume] in Serum or Plasma	high	medium	medium
c-reaktiivinenproteiini	mg/l	14	name+unit+values	7963	3020460	3020460	3020460	3020460	C reactive protein [Mass/volume] in Serum or Plasma	C reactive protein [Mass/volume] in Serum or Plasma	C reactive protein [Mass/volume] in Serum or Plasma	C-reactive protein [Mass/volume] in Serum or Plasma	C reactive protein [Mass/volume] in Serum or Plasma	C reactive protein [Mass/volume] in Serum or Plasma	high	medium	high
c-reaktiivinenproteiini		14	name+values	7083		3020460	3020460	3020460	C reactive protein [Mass/volume] in Serum or Plasma	C reactive protein [Mass/volume] in Serum or Plasma	C reactive protein [Mass/volume] in Serum or Plasma	C-reactive protein [Mass/volume] in Serum or Plasma	C reactive protein [Mass/volume] in Serum or Plasma	C reactive protein [Mass/volume] in Serum or Plasma	high	medium	medium
c-reaktiivinenproteiini(4594p-crp)	mg/l	14	name+unit+values	143	3020460	3020460	3020460	3020460	C reactive protein [Mass/volume] in Serum or Plasma	C reactive protein [Mass/volume] in Serum or Plasma	C reactive protein [Mass/volume] in Serum or Plasma	C-reactive protein [Mass/volume] in Plasma	C reactive protein [Mass/volume] in Serum or Plasma	C reactive protein [Mass/volume] in Serum or Plasma	high	medium	high
c-reaktiivinenproteiini(4594p-crp)		14	name	74	3020460	3020460	3020460	3020460	C reactive protein [Mass/volume] in Serum or Plasma	C reactive protein [Mass/volume] in Serum or Plasma	C reactive protein [Mass/volume] in Serum or Plasma	C-reactive protein [Mass/volume] in Plasma	C reactive protein [Mass/volume] in Serum or Plasma	C reactive protein [Mass/volume] in Serum or Plasma	medium	low	medium
c-reaktiivinenproteiini(crp)	mg/l	14	name+unit+values	381	3020460	3020460	3020460	3020460	C reactive protein [Mass/volume] in Serum or Plasma	C reactive protein [Mass/volume] in Serum or Plasma	C reactive protein [Mass/volume] in Serum or Plasma	C-reactive protein [Mass/volume] in Serum or Plasma	C reactive protein [Mass/volume] in Serum or Plasma	C reactive protein [Mass/volume] in Serum or Plasma	high	medium	high
c-reaktiivinenproteiini(crp)		14	name	250	3020460	3020460	3020460	3020460	C reactive protein [Mass/volume] in Serum or Plasma	C reactive protein [Mass/volume] in Serum or Plasma	C reactive protein [Mass/volume] in Serum or Plasma	C-reactive protein [Mass/volume] in Serum or Plasma	C reactive protein [Mass/volume] in Serum or Plasma	C reactive protein [Mass/volume] in Serum or Plasma	medium	low	low
c-reaktiivinenproteiini(p-crp)	mg/l	14	name+unit+values	500	3020460	3020460	3020460	3020460	C reactive protein [Mass/volume] in Serum or Plasma	C reactive protein [Mass/volume] in Serum or Plasma	C reactive protein [Mass/volume] in Serum or Plasma	C-reactive protein [Mass/volume] in Plasma	C reactive protein [Mass/volume] in Serum or Plasma	C reactive protein [Mass/volume] in Serum or Plasma	high	medium	high
c-reaktiivinenproteiini(p-crp)		14	name	261	3020460	3020460	3020460	3020460	C reactive protein [Mass/volume] in Serum or Plasma	C reactive protein [Mass/volume] in Serum or Plasma	C reactive protein [Mass/volume] in Serum or Plasma	C-reactive protein [Mass/volume] in Plasma	C reactive protein [Mass/volume] in Serum or Plasma	C reactive protein [Mass/volume] in Serum or Plasma	medium	low	medium
c-reaktiivinenproteiini,herkkä	mg/l	14	name+unit+values	254	3010156	3010156	3010156	3010156	C reactive protein [Mass/volume] in Serum or Plasma by High sensitivity method	C reactive protein [Mass/volume] in Serum or Plasma by High sensitivity method	C reactive protein [Mass/volume] in Serum or Plasma by High sensitivity method	C-reactive protein.high sensitivity [Mass/volume] in Serum or Plasma	C reactive protein [Mass/volume] in Serum or Plasma by High sensitivity method	C reactive protein [Mass/volume] in Serum or Plasma by High sensitivity method	high	high	high
c-reaktiivinenproteiini,herkkä		14	name	18		3010156	3010156	3010156	C reactive protein [Mass/volume] in Serum or Plasma by High sensitivity method	C reactive protein [Mass/volume] in Serum or Plasma by High sensitivity method	C reactive protein [Mass/volume] in Serum or Plasma by High sensitivity method	C-reactive protein.high sensitivity [Mass/volume] in Serum or Plasma	C reactive protein [Mass/volume] in Serum or Plasma by High sensitivity method	C reactive protein [Mass/volume] in Serum or Plasma by High sensitivity method	medium	medium	medium
c-reaktiivinenproteiini,herkkä,seerumista	mg/l	14	name+unit+values	7396		3010156	3010156	3010156	C reactive protein [Mass/volume] in Serum or Plasma by High sensitivity method	C reactive protein [Mass/volume] in Serum or Plasma by High sensitivity method	C reactive protein [Mass/volume] in Serum or Plasma by High sensitivity method	C-reactive protein.high sensitivity [Mass/volume] in Serum	C reactive protein [Mass/volume] in Serum by High sensitivity method	C reactive protein [Mass/volume] in Serum or Plasma by High sensitivity method	high	high	high
c-reaktiivinenproteiini,herkkä,seerumista		14	name	36		3010156	3010156	3010156	C reactive protein [Mass/volume] in Serum or Plasma by High sensitivity method	C reactive protein [Mass/volume] in Serum or Plasma by High sensitivity method	C reactive protein [Mass/volume] in Serum or Plasma by High sensitivity method	C-reactive protein.high sensitivity [Mass/volume] in Serum	C reactive protein [Mass/volume] in Serum by High sensitivity method	C reactive protein [Mass/volume] in Serum or Plasma by High sensitivity method	medium	medium	medium
c-reaktiivinenproteiini,pika	mg/l	14	name+unit+values	111	3010156	1469985	1469985	1469985	C reactive protein [Mass/volume] in Serum, Plasma or Blood by Rapid immunoassay	C reactive protein [Mass/volume] in Serum, Plasma or Blood by Rapid immunoassay	C reactive protein [Mass/volume] in Serum, Plasma or Blood by Rapid immunoassay	C-reactive protein [Mass/volume] in Serum or Plasma	C reactive protein [Mass/volume] in Blood	C reactive protein [Mass/volume] in Serum or Plasma	high	medium	medium
c-reaktiivinenproteiini,pika		14	name	49		1469985	1469985	1469985	C reactive protein [Mass/volume] in Serum, Plasma or Blood by Rapid immunoassay	C reactive protein [Mass/volume] in Serum, Plasma or Blood by Rapid immunoassay	C reactive protein [Mass/volume] in Serum, Plasma or Blood by Rapid immunoassay	C-reactive protein [Mass/volume] in Serum or Plasma	C reactive protein [Mass/volume] in Blood	C reactive protein [Mass/volume] in Serum or Plasma	medium	low	low
c-reaktiivinenproteiini,pika,tehdäänitse	mg/l	14	name+unit+values	997		1469985	1469985	1469985	C reactive protein [Mass/volume] in Serum, Plasma or Blood by Rapid immunoassay	C reactive protein [Mass/volume] in Serum, Plasma or Blood by Rapid immunoassay	C reactive protein [Mass/volume] in Serum, Plasma or Blood by Rapid immunoassay	C-reactive protein [Mass/volume] in Serum or Plasma	C reactive protein [Mass/volume] in Blood	C reactive protein [Mass/volume] in Serum or Plasma	high	medium	medium
c-reaktiivinenproteiini,pika,tehdäänitse		14	name	820		1469985	1469985	1469985	C reactive protein [Mass/volume] in Serum, Plasma or Blood by Rapid immunoassay	C reactive protein [Mass/volume] in Serum, Plasma or Blood by Rapid immunoassay	C reactive protein [Mass/volume] in Serum, Plasma or Blood by Rapid immunoassay	C-reactive protein [Mass/volume] in Serum or Plasma	C reactive protein [Mass/volume] in Blood	C reactive protein [Mass/volume] in Serum or Plasma	medium	low	low
c-reaktiivinenproteiini,pikatesti,veri	mg/l	14	name+unit+values	174	3020460	1469985	1469985	1469985	C reactive protein [Mass/volume] in Serum, Plasma or Blood by Rapid immunoassay	C reactive protein [Mass/volume] in Serum, Plasma or Blood by Rapid immunoassay	C reactive protein [Mass/volume] in Serum, Plasma or Blood by Rapid immunoassay	C-reactive protein [Mass/volume] in Blood	C reactive protein [Mass/volume] in Blood	C reactive protein [Mass/volume] in Blood	high	medium	medium
c-reaktiivinenproteiini,pikatesti,veri		14	name+values	1656		1469985	1469985	1469985	C reactive protein [Mass/volume] in Serum, Plasma or Blood by Rapid immunoassay	C reactive protein [Mass/volume] in Serum, Plasma or Blood by Rapid immunoassay	C reactive protein [Mass/volume] in Serum, Plasma or Blood by Rapid immunoassay	C-reactive protein [Mass/volume] in Blood	C reactive protein [Mass/volume] in Blood	C reactive protein [Mass/volume] in Blood	high	medium	medium
c-reaktiivinenproteiini,pikatesti,veri(23318b-crp-pt)	mg/l	14	name+unit+values	803	3020460	1469985	1469985	1469985	C reactive protein [Mass/volume] in Serum, Plasma or Blood by Rapid immunoassay	C reactive protein [Mass/volume] in Serum, Plasma or Blood by Rapid immunoassay	C reactive protein [Mass/volume] in Serum, Plasma or Blood by Rapid immunoassay	C-reactive protein [Mass/volume] in Blood	C reactive protein [Mass/volume] in Blood	C reactive protein [Mass/volume] in Blood	high	medium	medium
c-reaktiivinenproteiini,pikatesti,veri(23318b-crp-pt)		14	name	240	3020460	1469985	1469985	1469985	C reactive protein [Mass/volume] in Serum, Plasma or Blood by Rapid immunoassay	C reactive protein [Mass/volume] in Serum, Plasma or Blood by Rapid immunoassay	C reactive protein [Mass/volume] in Serum, Plasma or Blood by Rapid immunoassay	C-reactive protein [Mass/volume] in Blood	C reactive protein [Mass/volume] in Blood	C reactive protein [Mass/volume] in Blood	medium	low	low
c-reaktiivinenproteiini,pikatutkimus	mg/l	14	name+unit+values	106		1469985	1469985	1469985	C reactive protein [Mass/volume] in Serum, Plasma or Blood by Rapid immunoassay	C reactive protein [Mass/volume] in Serum, Plasma or Blood by Rapid immunoassay	C reactive protein [Mass/volume] in Serum, Plasma or Blood by Rapid immunoassay	C-reactive protein [Mass/volume] in Serum or Plasma	C reactive protein [Mass/volume] in Blood	C reactive protein [Mass/volume] in Serum or Plasma	high	medium	medium
c-reaktiivinenproteiini,pikatutkimus		14	name	66		1469985	1469985	1469985	C reactive protein [Mass/volume] in Serum, Plasma or Blood by Rapid immunoassay	C reactive protein [Mass/volume] in Serum, Plasma or Blood by Rapid immunoassay	C reactive protein [Mass/volume] in Serum, Plasma or Blood by Rapid immunoassay	C-reactive protein [Mass/volume] in Serum or Plasma	C reactive protein [Mass/volume] in Blood	C reactive protein [Mass/volume] in Serum or Plasma	medium	low	low
c-reaktiivinenproteiini,plasmasta,vieritesti	mg/l	14	name+unit+values	699		1469985	1469985	3020460	C reactive protein [Mass/volume] in Serum, Plasma or Blood by Rapid immunoassay	C reactive protein [Mass/volume] in Serum, Plasma or Blood by Rapid immunoassay	C reactive protein [Mass/volume] in Serum or Plasma	C-reactive protein [Mass/volume] in Plasma	C reactive protein [Mass/volume] in Serum or Plasma	C reactive protein [Mass/volume] in Serum or Plasma	high	high	medium
c-reaktiivinenproteiini,plasmasta,vieritesti		14	name	274		1469985	1469985	3020460	C reactive protein [Mass/volume] in Serum, Plasma or Blood by Rapid immunoassay	C reactive protein [Mass/volume] in Serum, Plasma or Blood by Rapid immunoassay	C reactive protein [Mass/volume] in Serum or Plasma	C-reactive protein [Mass/volume] in Plasma	C reactive protein [Mass/volume] in Serum or Plasma	C reactive protein [Mass/volume] in Serum or Plasma	medium	medium	low
c-reaktiivinenproteiini,tk:ntekemä		14	name+values	1605		3020460	3020460	3020460	C reactive protein [Mass/volume] in Serum or Plasma	C reactive protein [Mass/volume] in Serum or Plasma	C reactive protein [Mass/volume] in Serum or Plasma	C-reactive protein [Mass/volume] in Serum or Plasma	C reactive protein [Mass/volume] in Serum or Plasma	C reactive protein [Mass/volume] in Serum or Plasma	high	medium	medium
c-reaktiivinenproteiini,vieritesti	mg/l	14	name+unit	47		1469985	1469985	3020460	C reactive protein [Mass/volume] in Serum, Plasma or Blood by Rapid immunoassay	C reactive protein [Mass/volume] in Serum, Plasma or Blood by Rapid immunoassay	C reactive protein [Mass/volume] in Serum or Plasma	C-reactive protein [Mass/volume] in Serum or Plasma	C reactive protein [Mass/volume] in Blood	C reactive protein [Mass/volume] in Serum or Plasma	high	medium	medium
c-reaktiivinenproteiini,vieritesti		14	name+values	944		1469985	1469985	3020460	C reactive protein [Mass/volume] in Serum, Plasma or Blood by Rapid immunoassay	C reactive protein [Mass/volume] in Serum, Plasma or Blood by Rapid immunoassay	C reactive protein [Mass/volume] in Serum or Plasma	C-reactive protein [Mass/volume] in Serum or Plasma	C reactive protein [Mass/volume] in Blood	C reactive protein [Mass/volume] in Serum or Plasma	high	medium	medium
c-reaktiivinenproteiini,vieritutkimus	mg/l	14	name+unit+values	525	3010156	1469985	1469985	3020460	C reactive protein [Mass/volume] in Serum, Plasma or Blood by Rapid immunoassay	C reactive protein [Mass/volume] in Serum, Plasma or Blood by Rapid immunoassay	C reactive protein [Mass/volume] in Serum or Plasma	C-reactive protein [Mass/volume] in Serum or Plasma	C reactive protein [Mass/volume] in Blood	C reactive protein [Mass/volume] in Serum or Plasma	high	medium	medium
c-reaktiivinenproteiini,vieritutkimus		14	name+values	631		1469985	1469985	3020460	C reactive protein [Mass/volume] in Serum, Plasma or Blood by Rapid immunoassay	C reactive protein [Mass/volume] in Serum, Plasma or Blood by Rapid immunoassay	C reactive protein [Mass/volume] in Serum or Plasma	C-reactive protein [Mass/volume] in Serum or Plasma	C reactive protein [Mass/volume] in Blood	C reactive protein [Mass/volume] in Serum or Plasma	high	medium	medium
c-reaktiivinenproteiini,vieritutkimus,plasmasta	mg/l	14	name+unit	1205		1469985	1469985	3020460	C reactive protein [Mass/volume] in Serum, Plasma or Blood by Rapid immunoassay	C reactive protein [Mass/volume] in Serum, Plasma or Blood by Rapid immunoassay	C reactive protein [Mass/volume] in Serum or Plasma	C-reactive protein [Mass/volume] in Plasma	C reactive protein [Mass/volume] in Serum or Plasma	C reactive protein [Mass/volume] in Serum or Plasma	high	high	medium
c-reaktiivinenproteiini,vieritutkimus,plasmasta		14	name+values	318		1469985	1469985	3020460	C reactive protein [Mass/volume] in Serum, Plasma or Blood by Rapid immunoassay	C reactive protein [Mass/volume] in Serum, Plasma or Blood by Rapid immunoassay	C reactive protein [Mass/volume] in Serum or Plasma	C-reactive protein [Mass/volume] in Plasma	C reactive protein [Mass/volume] in Serum or Plasma	C reactive protein [Mass/volume] in Serum or Plasma	high	medium	medium
c-reaktiivinenproteiini,vieritutkimusnordlab	mg/l	14	name+unit+values	92	3010156	1469985	1469985	3020460	C reactive protein [Mass/volume] in Serum, Plasma or Blood by Rapid immunoassay	C reactive protein [Mass/volume] in Serum, Plasma or Blood by Rapid immunoassay	C reactive protein [Mass/volume] in Serum or Plasma	C-reactive protein [Mass/volume] in Serum or Plasma	C reactive protein [Mass/volume] in Blood	C reactive protein [Mass/volume] in Serum or Plasma	high	medium	medium
c-reaktiivinenproteiini,vieritutkimusnordlab		14	name	99		1469985	1469985	3020460	C reactive protein [Mass/volume] in Serum, Plasma or Blood by Rapid immunoassay	C reactive protein [Mass/volume] in Serum, Plasma or Blood by Rapid immunoassay	C reactive protein [Mass/volume] in Serum or Plasma	C-reactive protein [Mass/volume] in Serum or Plasma	C reactive protein [Mass/volume] in Blood	C reactive protein [Mass/volume] in Serum or Plasma	medium	low	low
c-reaktiivinenproteiini-pika(4594crp-pika)	mg/l	14	name+unit+values	136	3020460	1469985	1469985	1469985	C reactive protein [Mass/volume] in Serum, Plasma or Blood by Rapid immunoassay	C reactive protein [Mass/volume] in Serum, Plasma or Blood by Rapid immunoassay	C reactive protein [Mass/volume] in Serum, Plasma or Blood by Rapid immunoassay	C-reactive protein [Mass/volume] in Serum or Plasma	C reactive protein [Mass/volume] in Blood	C reactive protein [Mass/volume] in Serum or Plasma	high	medium	medium
c-reaktiivinenproteiini-pika(4594crp-pika)		14	name	47	3020460	1469985	1469985	1469985	C reactive protein [Mass/volume] in Serum, Plasma or Blood by Rapid immunoassay	C reactive protein [Mass/volume] in Serum, Plasma or Blood by Rapid immunoassay	C reactive protein [Mass/volume] in Serum, Plasma or Blood by Rapid immunoassay	C-reactive protein [Mass/volume] in Serum or Plasma	C reactive protein [Mass/volume] in Blood	C reactive protein [Mass/volume] in Serum or Plasma	medium	low	low
c-reaktiivinenproteiini-pika(crp-pika)	mg/l	14	name+unit+values	1488	3020460	1469985	1469985	1469985	C reactive protein [Mass/volume] in Serum, Plasma or Blood by Rapid immunoassay	C reactive protein [Mass/volume] in Serum, Plasma or Blood by Rapid immunoassay	C reactive protein [Mass/volume] in Serum, Plasma or Blood by Rapid immunoassay	C-reactive protein [Mass/volume] in Serum or Plasma	C reactive protein [Mass/volume] in Blood	C reactive protein [Mass/volume] in Serum or Plasma	high	medium	medium
c-reaktiivinenproteiini-pika(crp-pika)		14	name	505	3020460	1469985	1469985	1469985	C reactive protein [Mass/volume] in Serum, Plasma or Blood by Rapid immunoassay	C reactive protein [Mass/volume] in Serum, Plasma or Blood by Rapid immunoassay	C reactive protein [Mass/volume] in Serum, Plasma or Blood by Rapid immunoassay	C-reactive protein [Mass/volume] in Serum or Plasma	C reactive protein [Mass/volume] in Blood	C reactive protein [Mass/volume] in Serum or Plasma	medium	low	low
cp-c-reaktiivinenproteiini,ihopiston,hoitoyksikössä	mg/l	14	name+unit+values	1826		3051387	3051387	3051387	C reactive protein [Mass/volume] in Capillary blood	C reactive protein [Mass/volume] in Capillary blood	C reactive protein [Mass/volume] in Capillary blood	C-reactive protein [Mass/volume] in Capillary blood	C reactive protein [Mass/volume] in Blood	C reactive protein [Mass/volume] in Capillary blood	high	high	high
cp-c-reaktiivinenproteiini,ihopiston,hoitoyksikössä		14	name+values	497		3051387	3051387	3051387	C reactive protein [Mass/volume] in Capillary blood	C reactive protein [Mass/volume] in Capillary blood	C reactive protein [Mass/volume] in Capillary blood	C-reactive protein [Mass/volume] in Capillary blood	C reactive protein [Mass/volume] in Blood	C reactive protein [Mass/volume] in Capillary blood	high	medium	medium
fs-c-reaktiivinenproteiini	mg/l	14	name+unit	241	3020460	3020460	3020460	3020460	C reactive protein [Mass/volume] in Serum or Plasma	C reactive protein [Mass/volume] in Serum or Plasma	C reactive protein [Mass/volume] in Serum or Plasma	C-reactive protein [Mass/volume] in Serum	C reactive protein [Mass/volume] in Serum or Plasma	C reactive protein [Mass/volume] in Serum or Plasma	high	medium	high
fs-c-reaktiivinenproteiini		14	name	184		3020460	3020460	3020460	C reactive protein [Mass/volume] in Serum or Plasma	C reactive protein [Mass/volume] in Serum or Plasma	C reactive protein [Mass/volume] in Serum or Plasma	C-reactive protein [Mass/volume] in Serum	C reactive protein [Mass/volume] in Serum or Plasma	C reactive protein [Mass/volume] in Serum or Plasma	medium	low	medium
p-c-reaktiininenproteiini,vieritutkimus	mg/l	14	name+unit+values	258		1469985	1469985	3020460	C reactive protein [Mass/volume] in Serum, Plasma or Blood by Rapid immunoassay	C reactive protein [Mass/volume] in Serum, Plasma or Blood by Rapid immunoassay	C reactive protein [Mass/volume] in Serum or Plasma	C-reactive protein [Mass/volume] in Plasma	C reactive protein [Mass/volume] in Serum or Plasma	C reactive protein [Mass/volume] in Serum or Plasma	high	medium	medium
p-c-reaktiininenproteiini,vieritutkimus		14	name	224		1469985	1469985	3020460	C reactive protein [Mass/volume] in Serum, Plasma or Blood by Rapid immunoassay	C reactive protein [Mass/volume] in Serum, Plasma or Blood by Rapid immunoassay	C reactive protein [Mass/volume] in Serum or Plasma	C-reactive protein [Mass/volume] in Plasma	C reactive protein [Mass/volume] in Serum or Plasma	C reactive protein [Mass/volume] in Serum or Plasma	medium	low	low
p-c-reaktiivinenproteiini	mg/l	14	name+unit+values	41046	3020460	3020460	3020460	3020460	C reactive protein [Mass/volume] in Serum or Plasma	C reactive protein [Mass/volume] in Serum or Plasma	C reactive protein [Mass/volume] in Serum or Plasma	C-reactive protein [Mass/volume] in Plasma	C reactive protein [Mass/volume] in Serum or Plasma	C reactive protein [Mass/volume] in Serum or Plasma	high	high	high
p-c-reaktiivinenproteiini		14	name	24714	3020460	3020460	3020460	3020460	C reactive protein [Mass/volume] in Serum or Plasma	C reactive protein [Mass/volume] in Serum or Plasma	C reactive protein [Mass/volume] in Serum or Plasma	C-reactive protein [Mass/volume] in Plasma	C reactive protein [Mass/volume] in Serum or Plasma	C reactive protein [Mass/volume] in Serum or Plasma	medium	low	medium
p-c-reaktiivinenproteiini(kval)	mg/l	14	name+unit+values	187		3020460	3020460	3020460	C reactive protein [Mass/volume] in Serum or Plasma	C reactive protein [Mass/volume] in Serum or Plasma	C reactive protein [Mass/volume] in Serum or Plasma	C-reactive protein [Mass/volume] in Plasma	C reactive protein [Mass/volume] in Serum or Plasma	C reactive protein [Mass/volume] in Serum or Plasma	high	medium	medium
p-c-reaktiivinenproteiini(kval)		14	name	142		3020460	3020460	3020460	C reactive protein [Mass/volume] in Serum or Plasma	C reactive protein [Mass/volume] in Serum or Plasma	C reactive protein [Mass/volume] in Serum or Plasma	C-reactive protein [Mass/volume] in Plasma	C reactive protein [Mass/volume] in Serum or Plasma	C reactive protein [Mass/volume] in Serum or Plasma	medium	low	low
p-c-reaktiivinenproteiini(kval)␤	mg/l	14	name+unit	111		3020460	3020460	3020460	C reactive protein [Mass/volume] in Serum or Plasma	C reactive protein [Mass/volume] in Serum or Plasma	C reactive protein [Mass/volume] in Serum or Plasma	C-reactive protein [Mass/volume] in Plasma	C reactive protein [Mass/volume] in Serum or Plasma	C reactive protein [Mass/volume] in Serum or Plasma	high	low	medium
p-c-reaktiivinenproteiini(kval)␤		14	name	130		3020460	3020460	3020460	C reactive protein [Mass/volume] in Serum or Plasma	C reactive protein [Mass/volume] in Serum or Plasma	C reactive protein [Mass/volume] in Serum or Plasma	C-reactive protein [Mass/volume] in Plasma	C reactive protein [Mass/volume] in Serum or Plasma	C reactive protein [Mass/volume] in Serum or Plasma	medium	low	low
p-c-reaktiivinenproteiini(pikanäyte)	mg/l	14	name+unit	6		3020460	1469985	3020460	C reactive protein [Mass/volume] in Serum or Plasma	C reactive protein [Mass/volume] in Serum, Plasma or Blood by Rapid immunoassay	C reactive protein [Mass/volume] in Serum or Plasma	C-reactive protein [Mass/volume] in Plasma	C reactive protein [Mass/volume] in Serum or Plasma	C reactive protein [Mass/volume] in Serum or Plasma	medium	medium	medium
p-c-reaktiivinenproteiini(pikanäyte)		14	name+values	352		3020460	1469985	3020460	C reactive protein [Mass/volume] in Serum or Plasma	C reactive protein [Mass/volume] in Serum, Plasma or Blood by Rapid immunoassay	C reactive protein [Mass/volume] in Serum or Plasma	C-reactive protein [Mass/volume] in Plasma	C reactive protein [Mass/volume] in Serum or Plasma	C reactive protein [Mass/volume] in Serum or Plasma	medium	medium	medium
p-c-reaktiivinenproteiini,crp	mg/l	14	name+unit	110		3020460	3020460	3020460	C reactive protein [Mass/volume] in Serum or Plasma	C reactive protein [Mass/volume] in Serum or Plasma	C reactive protein [Mass/volume] in Serum or Plasma	C-reactive protein [Mass/volume] in Plasma	C reactive protein [Mass/volume] in Serum or Plasma	C reactive protein [Mass/volume] in Serum or Plasma	high	medium	high
p-c-reaktiivinenproteiini,crp		14	name	8		3020460	3020460	3020460	C reactive protein [Mass/volume] in Serum or Plasma	C reactive protein [Mass/volume] in Serum or Plasma	C reactive protein [Mass/volume] in Serum or Plasma	C-reactive protein [Mass/volume] in Plasma	C reactive protein [Mass/volume] in Serum or Plasma	C reactive protein [Mass/volume] in Serum or Plasma	medium	low	medium
p-c-reaktiivinenproteiini,hoitoyksikkö	1	14	name+unit	40		1469985	3000965	3020460	C reactive protein [Mass/volume] in Serum, Plasma or Blood by Rapid immunoassay	C reactive protein [Presence] in Serum or Plasma	C reactive protein [Mass/volume] in Serum or Plasma	C-reactive protein [Mass/volume] in Plasma	C reactive protein [Mass/volume] in Serum or Plasma	C reactive protein [Mass/volume] in Serum or Plasma	medium	low	low
p-c-reaktiivinenproteiini,hoitoyksikkö	alle	14	name+unit	5		1469985	1469985	3020460	C reactive protein [Mass/volume] in Serum, Plasma or Blood by Rapid immunoassay	C reactive protein [Mass/volume] in Serum, Plasma or Blood by Rapid immunoassay	C reactive protein [Mass/volume] in Serum or Plasma	C-reactive protein [Mass/volume] in Plasma	C reactive protein [Mass/volume] in Serum or Plasma	C reactive protein [Mass/volume] in Serum or Plasma	low	low	low
p-c-reaktiivinenproteiini,hoitoyksikkö	mg/l	14	name+unit+values	81		1469985	1469985	3020460	C reactive protein [Mass/volume] in Serum, Plasma or Blood by Rapid immunoassay	C reactive protein [Mass/volume] in Serum, Plasma or Blood by Rapid immunoassay	C reactive protein [Mass/volume] in Serum or Plasma	C-reactive protein [Mass/volume] in Plasma	C reactive protein [Mass/volume] in Serum or Plasma	C reactive protein [Mass/volume] in Serum or Plasma	high	medium	medium
p-c-reaktiivinenproteiini,hoitoyksikkö		14	name+values	156		1469985	1469985	3020460	C reactive protein [Mass/volume] in Serum, Plasma or Blood by Rapid immunoassay	C reactive protein [Mass/volume] in Serum, Plasma or Blood by Rapid immunoassay	C reactive protein [Mass/volume] in Serum or Plasma	C-reactive protein [Mass/volume] in Plasma	C reactive protein [Mass/volume] in Serum or Plasma	C reactive protein [Mass/volume] in Serum or Plasma	high	medium	medium
p-c-reaktiivinenproteiini,pikatesti	mg/l	14	name+unit	190		1469985	1469985	1469985	C reactive protein [Mass/volume] in Serum, Plasma or Blood by Rapid immunoassay	C reactive protein [Mass/volume] in Serum, Plasma or Blood by Rapid immunoassay	C reactive protein [Mass/volume] in Serum, Plasma or Blood by Rapid immunoassay	C-reactive protein [Mass/volume] in Plasma	C reactive protein [Mass/volume] in Serum or Plasma	C reactive protein [Mass/volume] in Serum or Plasma	high	medium	medium
p-c-reaktiivinenproteiini,pikatesti		14	name+values	3095		1469985	1469985	1469985	C reactive protein [Mass/volume] in Serum, Plasma or Blood by Rapid immunoassay	C reactive protein [Mass/volume] in Serum, Plasma or Blood by Rapid immunoassay	C reactive protein [Mass/volume] in Serum, Plasma or Blood by Rapid immunoassay	C-reactive protein [Mass/volume] in Plasma	C reactive protein [Mass/volume] in Serum or Plasma	C reactive protein [Mass/volume] in Serum or Plasma	high	medium	medium
p-c-reaktiivinenproteiini,vieritutkimus	mg/l	14	name+unit	53		1469985	1469985	3020460	C reactive protein [Mass/volume] in Serum, Plasma or Blood by Rapid immunoassay	C reactive protein [Mass/volume] in Serum, Plasma or Blood by Rapid immunoassay	C reactive protein [Mass/volume] in Serum or Plasma	C-reactive protein [Mass/volume] in Plasma	C reactive protein [Mass/volume] in Serum or Plasma	C reactive protein [Mass/volume] in Serum or Plasma	high	medium	medium
p-c-reaktiivinenproteiini,vieritutkimus		14	name	122		1469985	1469985	3020460	C reactive protein [Mass/volume] in Serum, Plasma or Blood by Rapid immunoassay	C reactive protein [Mass/volume] in Serum, Plasma or Blood by Rapid immunoassay	C reactive protein [Mass/volume] in Serum or Plasma	C-reactive protein [Mass/volume] in Plasma	C reactive protein [Mass/volume] in Serum or Plasma	C reactive protein [Mass/volume] in Serum or Plasma	medium	low	low
p-c-reaktiivinenproteiini,vieritutkimus,plasmasta	mg/l	14	name+unit+values	202		1469985	1469985	3020460	C reactive protein [Mass/volume] in Serum, Plasma or Blood by Rapid immunoassay	C reactive protein [Mass/volume] in Serum, Plasma or Blood by Rapid immunoassay	C reactive protein [Mass/volume] in Serum or Plasma	C-reactive protein [Mass/volume] in Plasma	C reactive protein [Mass/volume] in Serum or Plasma	C reactive protein [Mass/volume] in Serum or Plasma	high	medium	medium
p-c-reaktiivinenproteiini,vieritutkimus,plasmasta		14	name	120		1469985	1469985	3020460	C reactive protein [Mass/volume] in Serum, Plasma or Blood by Rapid immunoassay	C reactive protein [Mass/volume] in Serum, Plasma or Blood by Rapid immunoassay	C reactive protein [Mass/volume] in Serum or Plasma	C-reactive protein [Mass/volume] in Plasma	C reactive protein [Mass/volume] in Serum or Plasma	C reactive protein [Mass/volume] in Serum or Plasma	medium	low	low
p-c-reaktiivinenproteiini.pika		14	name+values	316		1469985	1469985	1469985	C reactive protein [Mass/volume] in Serum, Plasma or Blood by Rapid immunoassay	C reactive protein [Mass/volume] in Serum, Plasma or Blood by Rapid immunoassay	C reactive protein [Mass/volume] in Serum, Plasma or Blood by Rapid immunoassay	C-reactive protein [Mass/volume] in Plasma	C reactive protein [Mass/volume] in Serum or Plasma	C reactive protein [Mass/volume] in Serum or Plasma	high	medium	medium
p-c-reaktiivinenproteiinipikahoitoyksiköt	mg/l	14	name+unit+values	4601	3020460	1469985	1469985	1469985	C reactive protein [Mass/volume] in Serum, Plasma or Blood by Rapid immunoassay	C reactive protein [Mass/volume] in Serum, Plasma or Blood by Rapid immunoassay	C reactive protein [Mass/volume] in Serum, Plasma or Blood by Rapid immunoassay	C-reactive protein [Mass/volume] in Plasma	C reactive protein [Mass/volume] in Serum or Plasma	C reactive protein [Mass/volume] in Serum or Plasma	high	medium	medium
p-c-reaktiivinenproteiinipikahoitoyksiköt		14	name+values	1925	3020460	1469985	1469985	1469985	C reactive protein [Mass/volume] in Serum, Plasma or Blood by Rapid immunoassay	C reactive protein [Mass/volume] in Serum, Plasma or Blood by Rapid immunoassay	C reactive protein [Mass/volume] in Serum, Plasma or Blood by Rapid immunoassay	C-reactive protein [Mass/volume] in Plasma	C reactive protein [Mass/volume] in Serum or Plasma	C reactive protein [Mass/volume] in Serum or Plasma	low	medium	medium
p-c-reaktiivinenproteiinipikamittari		14	name+values	399		1469985	1469985	1469985	C reactive protein [Mass/volume] in Serum, Plasma or Blood by Rapid immunoassay	C reactive protein [Mass/volume] in Serum, Plasma or Blood by Rapid immunoassay	C reactive protein [Mass/volume] in Serum, Plasma or Blood by Rapid immunoassay	C-reactive protein [Mass/volume] in Plasma	C reactive protein [Mass/volume] in Serum or Plasma	C reactive protein [Mass/volume] in Serum or Plasma	high	medium	medium
pikatesti,c-reaktiivinenproteiini	mg/l	14	name+unit+values	315	3020460	1469985	1469985	1469985	C reactive protein [Mass/volume] in Serum, Plasma or Blood by Rapid immunoassay	C reactive protein [Mass/volume] in Serum, Plasma or Blood by Rapid immunoassay	C reactive protein [Mass/volume] in Serum, Plasma or Blood by Rapid immunoassay	C-reactive protein [Mass/volume] in Serum or Plasma	C reactive protein [Mass/volume] in Blood	C reactive protein [Mass/volume] in Serum or Plasma	high	medium	medium
pikatesti,c-reaktiivinenproteiini		14	name	386		1469985	1469985	1469985	C reactive protein [Mass/volume] in Serum, Plasma or Blood by Rapid immunoassay	C reactive protein [Mass/volume] in Serum, Plasma or Blood by Rapid immunoassay	C reactive protein [Mass/volume] in Serum, Plasma or Blood by Rapid immunoassay	C-reactive protein [Mass/volume] in Serum or Plasma	C reactive protein [Mass/volume] in Blood	C reactive protein [Mass/volume] in Serum or Plasma	medium	low	low
plasmanc-reaktiivinenproteiiniosoitus	1	14	name+unit	36		3020460	3000965	3020460	C reactive protein [Mass/volume] in Serum or Plasma	C reactive protein [Presence] in Serum or Plasma	C reactive protein [Mass/volume] in Serum or Plasma	C-reactive protein [Mass/volume] in Plasma	C reactive protein [Mass/volume] in Serum or Plasma	C reactive protein [Mass/volume] in Serum or Plasma	medium	medium	low
plasmanc-reaktiivinenproteiiniosoitus	mg/l	14	name+unit+values	3255	3020460	3020460	3020460	3020460	C reactive protein [Mass/volume] in Serum or Plasma	C reactive protein [Mass/volume] in Serum or Plasma	C reactive protein [Mass/volume] in Serum or Plasma	C-reactive protein [Mass/volume] in Plasma	C reactive protein [Mass/volume] in Serum or Plasma	C reactive protein [Mass/volume] in Serum or Plasma	high	medium	high
plasmanc-reaktiivinenproteiiniosoitus		14	name	2589	3020460	3020460		3020460	C reactive protein [Mass/volume] in Serum or Plasma		C reactive protein [Mass/volume] in Serum or Plasma	C-reactive protein [Mass/volume] in Plasma	C reactive protein [Mass/volume] in Serum or Plasma	C reactive protein [Mass/volume] in Serum or Plasma	medium		medium
s-c-reaktiivinenproteiini	mg/l	14	name+unit+values	773	3020460	3020460	3020460	3020460	C reactive protein [Mass/volume] in Serum or Plasma	C reactive protein [Mass/volume] in Serum or Plasma	C reactive protein [Mass/volume] in Serum or Plasma	C-reactive protein [Mass/volume] in Serum	C reactive protein [Mass/volume] in Serum	C reactive protein [Mass/volume] in Serum or Plasma	high	medium	medium
s-c-reaktiivinenproteiini		14	name	121	3020460	3020460	3020460	3020460	C reactive protein [Mass/volume] in Serum or Plasma	C reactive protein [Mass/volume] in Serum or Plasma	C reactive protein [Mass/volume] in Serum or Plasma	C-reactive protein [Mass/volume] in Serum	C reactive protein [Mass/volume] in Serum	C reactive protein [Mass/volume] in Serum or Plasma	medium	low	medium
s-c-reaktiivinenproteiini,herkkä	mg/l	14	name+unit+values	813	3010156	3010156	3010156	3010156	C reactive protein [Mass/volume] in Serum or Plasma by High sensitivity method	C reactive protein [Mass/volume] in Serum or Plasma by High sensitivity method	C reactive protein [Mass/volume] in Serum or Plasma by High sensitivity method	C-reactive protein.high sensitivity [Mass/volume] in Serum	C reactive protein [Mass/volume] in Serum by High sensitivity method	C reactive protein [Mass/volume] in Serum or Plasma by High sensitivity method	high	high	high
s-c-reaktiivinenproteiini,herkkä		14	name	34		3010156	3010156	3010156	C reactive protein [Mass/volume] in Serum or Plasma by High sensitivity method	C reactive protein [Mass/volume] in Serum or Plasma by High sensitivity method	C reactive protein [Mass/volume] in Serum or Plasma by High sensitivity method	C-reactive protein.high sensitivity [Mass/volume] in Serum	C reactive protein [Mass/volume] in Serum by High sensitivity method	C reactive protein [Mass/volume] in Serum or Plasma by High sensitivity method	medium	medium	medium
s-c-reaktiivinenproteiini,pika	mg/l	14	name+unit+values	77	3010156	1469985	1469985	1469985	C reactive protein [Mass/volume] in Serum, Plasma or Blood by Rapid immunoassay	C reactive protein [Mass/volume] in Serum, Plasma or Blood by Rapid immunoassay	C reactive protein [Mass/volume] in Serum, Plasma or Blood by Rapid immunoassay	C-reactive protein [Mass/volume] in Serum	C reactive protein [Mass/volume] in Serum	C reactive protein [Mass/volume] in Serum or Plasma	high	medium	medium
s-c-reaktiivinenproteiini,pika		14	name	199		1469985	1469985	1469985	C reactive protein [Mass/volume] in Serum, Plasma or Blood by Rapid immunoassay	C reactive protein [Mass/volume] in Serum, Plasma or Blood by Rapid immunoassay	C reactive protein [Mass/volume] in Serum, Plasma or Blood by Rapid immunoassay	C-reactive protein [Mass/volume] in Serum	C reactive protein [Mass/volume] in Serum	C reactive protein [Mass/volume] in Serum or Plasma	medium	low	low
s-c-reaktiivinenproteiini/	mg/l	14	name+unit+values	191	3020460	3020460	3020460	3020460	C reactive protein [Mass/volume] in Serum or Plasma	C reactive protein [Mass/volume] in Serum or Plasma	C reactive protein [Mass/volume] in Serum or Plasma	C-reactive protein [Mass/volume] in Serum	C reactive protein [Mass/volume] in Serum	C reactive protein [Mass/volume] in Serum or Plasma	high	medium	medium
s-c-reaktiivinenproteiini/		14	name	5		3020460	3020460	3020460	C reactive protein [Mass/volume] in Serum or Plasma	C reactive protein [Mass/volume] in Serum or Plasma	C reactive protein [Mass/volume] in Serum or Plasma	C-reactive protein [Mass/volume] in Serum	C reactive protein [Mass/volume] in Serum	C reactive protein [Mass/volume] in Serum or Plasma	medium	low	low
ehec(enterohemorraaginene.coli)		20	name	1317		3020489	1469822	1469822	Escherichia coli shiga-like toxin [Presence] in Stool by Immunoassay	Escherichia coli shiga-like toxin DNA [Presence] in Stool by NAA with probe detection	Escherichia coli shiga-like toxin DNA [Presence] in Stool by NAA with probe detection	Escherichia coli.enterohemorrhagic [Presence] in Stool	Escherichia coli.enterohemorrhagic [Presence] in Stool	Escherichia coli enterohemorrhagic DNA [Presence] in Stool by NAA with probe detection	medium	low	low
ekg,12kytkentäälevossa		20	name	6937		3044889	3044889	3044889	12 lead EKG panel	12 lead EKG panel	12 lead EKG panel	12 lead EKG panel	12 lead EKG panel	12 lead EKG panel	high	high	high
ekg,12kytkentäälevossa(asi		20	name	8872		3044889	3044889	3044889	12 lead EKG panel	12 lead EKG panel	12 lead EKG panel	12 lead EKG panel	12 lead EKG panel	12 lead EKG panel	high	high	high
ekg,12kytkentäälevossa(asiakkaanottama)		20	name	2232		3044889	3044889	3044889	12 lead EKG panel	12 lead EKG panel	12 lead EKG panel	12 lead EKG panel	12 lead EKG panel	12 lead EKG panel	high	high	high
ekg,12kytkentäälevossa(asiakkanottama)		20	name	1287		3044889	3044889	3044889	12 lead EKG panel	12 lead EKG panel	12 lead EKG panel	12 lead EKG panel	12 lead EKG panel	12 lead EKG panel	high	high	high
ekg-12kytkentäälevossa		20	name	2227		3044889	3044889	3044889	12 lead EKG panel	12 lead EKG panel	12 lead EKG panel	12 lead EKG panel	12 lead EKG panel	12 lead EKG panel	high	high	high
enteroaggregatiivinene.colinho		20	name	229		1616645	1616645	1616645	Escherichia coli enteroaggregative DNA [Presence] in Stool by NAA with probe detection	Escherichia coli enteroaggregative DNA [Presence] in Stool by NAA with probe detection	Escherichia coli enteroaggregative DNA [Presence] in Stool by NAA with probe detection	Escherichia coli.enteroaggregative [Presence] in Stool by NAA with probe detection	Escherichia coli.enteroaggregative [Presence] in Stool	Escherichia coli enteroaggregative DNA [Presence] in Stool by NAA with probe detection	high	medium	high
enterohemorraginene.colinho		20	name	383		1469822	1469822	1469822	Escherichia coli shiga-like toxin DNA [Presence] in Stool by NAA with probe detection	Escherichia coli shiga-like toxin DNA [Presence] in Stool by NAA with probe detection	Escherichia coli shiga-like toxin DNA [Presence] in Stool by NAA with probe detection	Escherichia coli.enterohemorrhagic [Presence] in Stool by NAA with probe detection	Escherichia coli.enterohemorrhagic [Presence] in Stool	Escherichia coli enterohemorrhagic DNA [Presence] in Stool by NAA with probe detection	high	medium	low
enteropatogeeninene.colinho		20	name	229		1616308	1616308	1616308	Escherichia coli enteropathogenic DNA [Presence] in Stool by NAA with probe detection	Escherichia coli enteropathogenic DNA [Presence] in Stool by NAA with probe detection	Escherichia coli enteropathogenic DNA [Presence] in Stool by NAA with probe detection	Escherichia coli.enteropathogenic [Presence] in Stool by NAA with probe detection	Escherichia coli.enteropathogenic [Presence] in Stool	Escherichia coli enteropathogenic DNA [Presence] in Stool by NAA with probe detection	high	medium	high
enterotoksigeeninene.colinho		20	name	383		1617228	1617228	1617228	Escherichia coli enterotoxigenic DNA [Presence] in Stool by NAA with probe detection	Escherichia coli enterotoxigenic DNA [Presence] in Stool by NAA with probe detection	Escherichia coli enterotoxigenic DNA [Presence] in Stool by NAA with probe detection	Escherichia coli.enterotoxigenic [Presence] in Stool by NAA with probe detection	Escherichia coli.enterotoxigenic [Presence] in Stool	Escherichia coli enterotoxigenic DNA [Presence] in Stool by NAA with probe detection	high	medium	high
etec(enterotoksigeeninene.coli)		20	name	1317			1091127	1617228		Escherichia coli enterotoxigenic ltA+st1a+st1b genes [Presence] in Stool	Escherichia coli enterotoxigenic DNA [Presence] in Stool by NAA with probe detection	Escherichia coli.enterotoxigenic [Presence] in Stool	Escherichia coli.enterotoxigenic [Presence] in Stool	Escherichia coli enterotoxigenic DNA [Presence] in Stool by NAA with probe detection		low	medium
f-campylobacterspp.(jejuni&coli)nukl.haponos		20	name	607		1469649	1616367	1469649	Campylobacter sp DNA [Presence] in Stool by NAA with probe detection	Campylobacter coli+jejuni+upsaliensis DNA [Presence] in Stool by NAA with probe detection	Campylobacter sp DNA [Presence] in Stool by NAA with probe detection	Campylobacter sp [Presence] in Stool by NAA with probe detection	Campylobacter jejuni/coli DNA [Presence] in Stool by NAA with probe detection	Campylobacter jejuni+coli DNA [Presence] in Stool by NAA with probe detection	high	medium	medium
f-ehec(enterohemorraaginene.coli)nukl.haponos		20	name	607		1469822	1469822	1469822	Escherichia coli shiga-like toxin DNA [Presence] in Stool by NAA with probe detection	Escherichia coli shiga-like toxin DNA [Presence] in Stool by NAA with probe detection	Escherichia coli shiga-like toxin DNA [Presence] in Stool by NAA with probe detection	Escherichia coli.enterohemorrhagic [Presence] in Stool by NAA with probe detection	Escherichia coli.enterohemorrhagic DNA [Presence] in Stool by NAA with probe detection	Escherichia coli enterohemorrhagic DNA [Presence] in Stool by NAA with probe detection	high	medium	low
f-etec(enterotoksigeeninene.coli)nukl.haponos		20	name	607		1617228	1617228	1617228	Escherichia coli enterotoxigenic DNA [Presence] in Stool by NAA with probe detection	Escherichia coli enterotoxigenic DNA [Presence] in Stool by NAA with probe detection	Escherichia coli enterotoxigenic DNA [Presence] in Stool by NAA with probe detection	Escherichia coli.enterotoxigenic [Presence] in Stool by NAA with probe detection	Escherichia coli.enterotoxigenic DNA [Presence] in Stool by NAA with probe detection	Escherichia coli enterotoxigenic DNA [Presence] in Stool by NAA with probe detection	high	high	high
f-plesiomonasshigelloidesnukl.haponos.		20	name	607		42868767	42868767	42868767	Plesiomonas shigelloides DNA [Presence] in Stool by NAA with probe detection	Plesiomonas shigelloides DNA [Presence] in Stool by NAA with probe detection	Plesiomonas shigelloides DNA [Presence] in Stool by NAA with probe detection	Plesiomonas shigelloides [Presence] in Stool by NAA with probe detection	Plesiomonas shigelloides DNA [Presence] in Stool by NAA with probe detection	Plesiomonas shigelloides DNA [Presence] in Stool by NAA with probe detection	high	high	high
f-salmonellaspp.nukl.haponos		20	name	607		1616933	1616933	1616933	Salmonella sp DNA [Presence] in Stool by NAA with probe detection	Salmonella sp DNA [Presence] in Stool by NAA with probe detection	Salmonella sp DNA [Presence] in Stool by NAA with probe detection	Salmonella sp [Presence] in Stool by NAA with probe detection	Salmonella species DNA [Presence] in Stool by NAA with probe detection	Salmonella sp DNA [Presence] in Stool by NAA with probe detection	high	high	high
f-shigellaspp./eiec(enteroinvasiivinene.coli)nukl.haponos		20	name	616		1469633	1469633	1469633	Shigella species+EIEC DNA [Presence] in Stool by NAA with probe detection	Shigella species+EIEC DNA [Presence] in Stool by NAA with probe detection	Shigella species+EIEC DNA [Presence] in Stool by NAA with probe detection	Shigella sp+Escherichia coli.enteroinvasive [Presence] in Stool by NAA with probe detection	Shigella species/Escherichia coli.enteroinvasive DNA [Presence] in Stool by NAA with probe detection	Shigella sp+Escherichia coli enteroinvasive DNA [Presence] in Stool by NAA with probe detection	high	high	high
f-yersiniaenterocoliticanukl.haponos.		20	name	607		37020818	37020818	37020818	Yersinia enterocolitica DNA [Presence] in Stool by NAA with probe detection	Yersinia enterocolitica DNA [Presence] in Stool by NAA with probe detection	Yersinia enterocolitica DNA [Presence] in Stool by NAA with probe detection	Yersinia enterocolitica [Presence] in Stool by NAA with probe detection	Yersinia enterocolitica DNA [Presence] in Stool by NAA with probe detection	Yersinia enterocolitica DNA [Presence] in Stool by NAA with probe detection	high	high	high
li-cryptococcusneoformans,nukl.haponos.		20	name	129		1988916	1988916	1988916	Cryptococcus gattii+neoformans DNA [Presence] in Cerebral spinal fluid by NAA with probe detection	Cryptococcus gattii+neoformans DNA [Presence] in Cerebral spinal fluid by NAA with probe detection	Cryptococcus gattii+neoformans DNA [Presence] in Cerebral spinal fluid by NAA with probe detection	Cryptococcus neoformans [Presence] in Cerebral spinal fluid by NAA with probe detection	Cryptococcus neoformans DNA [Presence] in Cerebral spinal fluid by NAA with probe detection	Cryptococcus neoformans DNA [Presence] in Cerebral spinal fluid by NAA with probe detection	medium	medium	medium
li-cytomegalovirusnukl.haponos.		20	name	129		3011927	3011927	3011927	Cytomegalovirus DNA [Presence] in Cerebral spinal fluid by NAA with probe detection	Cytomegalovirus DNA [Presence] in Cerebral spinal fluid by NAA with probe detection	Cytomegalovirus DNA [Presence] in Cerebral spinal fluid by NAA with probe detection	Cytomegalovirus [Presence] in Cerebral spinal fluid by NAA with probe detection	Cytomegalovirus DNA [Presence] in Cerebral spinal fluid by NAA with probe detection	Cytomegalovirus DNA [Presence] in Cerebral spinal fluid by NAA with probe detection	high	high	high
li-escherichiacolik1nukl.haponos.		20	name	129		1988643	1988643	1988643	Escherichia coli K1 DNA [Presence] in Cerebral spinal fluid by NAA with probe detection	Escherichia coli K1 DNA [Presence] in Cerebral spinal fluid by NAA with probe detection	Escherichia coli K1 DNA [Presence] in Cerebral spinal fluid by NAA with probe detection	Escherichia coli.K1 [Presence] in Cerebral spinal fluid by NAA with probe detection	Escherichia coli K1 DNA [Presence] in Cerebral spinal fluid by NAA with probe detection	Escherichia coli K1 DNA [Presence] in Cerebral spinal fluid by NAA with probe detection	high	high	high
li-herpessimplex1,nukl.haponos.		20	name	129		3023671	3023671	3023671	Herpes simplex virus 1 DNA [Presence] in Cerebral spinal fluid by NAA with probe detection	Herpes simplex virus 1 DNA [Presence] in Cerebral spinal fluid by NAA with probe detection	Herpes simplex virus 1 DNA [Presence] in Cerebral spinal fluid by NAA with probe detection	Herpes simplex virus 1 [Presence] in Cerebral spinal fluid by NAA with probe detection	Herpes simplex virus 1 DNA [Presence] in Cerebral spinal fluid by NAA with probe detection	Human herpesvirus 1 DNA [Presence] in Cerebral spinal fluid by NAA with probe detection	high	high	high
li-herpessimplex2,nukl.haponos.		20	name	129		3033564	3033564	3033564	Herpes simplex virus 2 DNA [Presence] in Cerebral spinal fluid by NAA with probe detection	Herpes simplex virus 2 DNA [Presence] in Cerebral spinal fluid by NAA with probe detection	Herpes simplex virus 2 DNA [Presence] in Cerebral spinal fluid by NAA with probe detection	Herpes simplex virus 2 [Presence] in Cerebral spinal fluid by NAA with probe detection	Herpes simplex virus 2 DNA [Presence] in Cerebral spinal fluid by NAA with probe detection	Human herpesvirus 2 DNA [Presence] in Cerebral spinal fluid by NAA with probe detection	high	high	high
li-l.monocytogenesnukl.haponos.		20	name	129		1988744	1988744	1988744	Listeria monocytogenes DNA [Presence] in Cerebral spinal fluid by NAA with probe detection	Listeria monocytogenes DNA [Presence] in Cerebral spinal fluid by NAA with probe detection	Listeria monocytogenes DNA [Presence] in Cerebral spinal fluid by NAA with probe detection	Listeria monocytogenes [Presence] in Cerebral spinal fluid by NAA with probe detection	Listeria monocytogenes DNA [Presence] in Cerebral spinal fluid by NAA with probe detection	Listeria monocytogenes DNA [Presence] in Cerebral spinal fluid by NAA with probe detection	high	high	high
li-neisseriameningitidisnukl.haponos.		20	name	129		1988730	1988730	1988730	Neisseria meningitidis DNA [Presence] in Cerebral spinal fluid by NAA with probe detection	Neisseria meningitidis DNA [Presence] in Cerebral spinal fluid by NAA with probe detection	Neisseria meningitidis DNA [Presence] in Cerebral spinal fluid by NAA with probe detection	Neisseria meningitidis [Presence] in Cerebral spinal fluid by NAA with probe detection	Neisseria meningitidis DNA [Presence] in Cerebral spinal fluid by NAA with probe detection	Neisseria meningitidis DNA [Presence] in Cerebral spinal fluid by NAA with probe detection	high	high	high
li-streptococcusagalactiaenukl.haponos.		20	name	129		1988894	1988894	1988894	Streptococcus agalactiae DNA [Presence] in Cerebral spinal fluid by NAA with probe detection	Streptococcus agalactiae DNA [Presence] in Cerebral spinal fluid by NAA with probe detection	Streptococcus agalactiae DNA [Presence] in Cerebral spinal fluid by NAA with probe detection	Streptococcus agalactiae [Presence] in Cerebral spinal fluid by NAA with probe detection	Streptococcus agalactiae DNA [Presence] in Cerebral spinal fluid by NAA with probe detection	Streptococcus agalactiae DNA [Presence] in Cerebral spinal fluid by NAA with probe detection	high	high	high
li-streptococcuspneumoniaenukl.haponos.		20	name	129		1988899	1988899	1988899	Streptococcus pneumoniae DNA [Presence] in Cerebral spinal fluid by NAA with probe detection	Streptococcus pneumoniae DNA [Presence] in Cerebral spinal fluid by NAA with probe detection	Streptococcus pneumoniae DNA [Presence] in Cerebral spinal fluid by NAA with probe detection	Streptococcus pneumoniae [Presence] in Cerebral spinal fluid by NAA with probe detection	Streptococcus pneumoniae DNA [Presence] in Cerebral spinal fluid by NAA with probe detection	Streptococcus pneumoniae DNA [Presence] in Cerebral spinal fluid by NAA with probe detection	high	high	high
li-varicella-zosternukl.haponos.		20	name	129		3016894	3016894		Varicella zoster virus DNA [Presence] in Cerebral spinal fluid by NAA with probe detection	Varicella zoster virus DNA [Presence] in Cerebral spinal fluid by NAA with probe detection		Varicella zoster virus [Presence] in Cerebral spinal fluid by NAA with probe detection	Varicella-zoster virus DNA [Presence] in Cerebral spinal fluid by NAA with probe detection	Human herpesvirus 3 DNA [Presence] in Cerebral spinal fluid by NAA with probe detection	high	high	
pt-ekg,12kytkentälevossa		20	name	243		3044889	3044889	3044889	12 lead EKG panel	12 lead EKG panel	12 lead EKG panel	12 lead EKG panel	12 lead EKG panel	12 lead EKG panel	high	high	high
pt-ekg,12kytkentää6tk		20	name	368		3044889	3044889	3044889	12 lead EKG panel	12 lead EKG panel	12 lead EKG panel	12 lead EKG panel	12 lead EKG panel	12 lead EKG panel	high	high	medium
pt-ekg,12kytkentääep-terveyskeskus		20	name	206		3044889	3044889	3044889	12 lead EKG panel	12 lead EKG panel	12 lead EKG panel	12 lead EKG panel	12 lead EKG panel	12 lead EKG panel	high	high	medium
pt-ekg,12kytkentäälevossa	1	20	name+unit	55		3044889	3044889	3044889	12 lead EKG panel	12 lead EKG panel	12 lead EKG panel	12 lead EKG panel	12 lead EKG panel	12 lead EKG panel	high	high	high
pt-ekg,12kytkentäälevossa		20	name	54957	3013512	3044889	3044889	3044889	12 lead EKG panel	12 lead EKG panel	12 lead EKG panel	12 lead EKG panel	12 lead EKG panel	12 lead EKG panel	high	high	high
pt-ekg,12kytkentäälevossa(k-pks:n)(ko)		20	name	272		3044889	3044889	3044889	12 lead EKG panel	12 lead EKG panel	12 lead EKG panel	12 lead EKG panel	12 lead EKG panel	12 lead EKG panel	high	high	high
pt-ekg,12kytkentäälevossa(ot.tk:ssa)		20	name	210		3044889	3044889	3044889	12 lead EKG panel	12 lead EKG panel	12 lead EKG panel	12 lead EKG panel	12 lead EKG panel	12 lead EKG panel	high	high	high
pt-ekg,12kytkentäälevossa,omarekisteröintimuseen		20	name	2847		3044889	3044889	3044889	12 lead EKG panel	12 lead EKG panel	12 lead EKG panel	12 lead EKG panel	12 lead EKG panel	12 lead EKG panel	high	high	high
pt-ekg,12kytkentäälevossaosastolla		20	name	193		3044889	3044889	3044889	12 lead EKG panel	12 lead EKG panel	12 lead EKG panel	12 lead EKG panel	12 lead EKG panel	12 lead EKG panel	high	high	high
pt-ekg,12kytkentäälevossa␤		20	name	2419		3044889	3044889	3044889	12 lead EKG panel	12 lead EKG panel	12 lead EKG panel	12 lead EKG panel	12 lead EKG panel	12 lead EKG panel	high	high	high
pt-ekg,eteisvärinänseulonta,valvontamonitori-ekg		20	name	477								Atrial fibrillation [Interpretation] by EKG.monitor	Atrial fibrillation screening EKG monitor panel	Cardiac monitor EKG panel for atrial fibrillation screening			
pt-ekg,eteisvärinänseulonta,valvontamonitori-ekg,lisätallenne		20	name	625								Atrial fibrillation [Interpretation] by EKG.monitor	Atrial fibrillation screening EKG monitor panel	Cardiac monitor EKG panel for atrial fibrillation screening			
pt-ekg,sisältäentietokoneanalyysin		20	name	8257	3013512	3044889	3044889	3013512	12 lead EKG panel	12 lead EKG panel	EKG study	12 lead EKG panel	12 lead EKG panel by Machine interpretation	EKG study with computer analysis panel	high	medium	low
pt-ekg,sisältäentietokoneanalyysin(malmin)(pi)		20	name	226		3044889	3044889	3013512	12 lead EKG panel	12 lead EKG panel	EKG study	12 lead EKG panel	12 lead EKG panel by Machine interpretation	EKG study with computer analysis panel	high	medium	low
pt-ekg,sisältäätietokoneanalyysin		20	name	4178		3044889	3044889	3013512	12 lead EKG panel	12 lead EKG panel	EKG study	12 lead EKG panel	12 lead EKG panel by Machine interpretation	EKG study with computer analysis panel	high	medium	low
pt-ekgsis[lt[entietokoneanalyysin		20	name	305		3044889	3044889	3013512	12 lead EKG panel	12 lead EKG panel	EKG study	12 lead EKG panel	12 lead EKG panel by Machine interpretation	EKG study with computer analysis panel	high	medium	low
pt-ekgsisältäentietokoneanalyysin		20	name	347		3044889	3044889	3013512	12 lead EKG panel	12 lead EKG panel	EKG study	12 lead EKG panel	12 lead EKG panel by Machine interpretation	EKG study with computer analysis panel	high	medium	low
shigella/eiec(enteroinvasiivinene.coli)		20	name	1318			1469633	1469633		Shigella species+EIEC DNA [Presence] in Stool by NAA with probe detection	Shigella species+EIEC DNA [Presence] in Stool by NAA with probe detection	Shigella sp+Escherichia coli.enteroinvasive [Presence] in Stool	Shigella species/Escherichia coli.enteroinvasive [Presence] in Stool	Shigella sp+Escherichia coli enteroinvasive DNA [Presence] in Stool by NAA with probe detection		low	medium
fp-transferriininrautakyllästeisyys	%	21	name+unit+values	3193	40763571	3009814	3009814	3009814	Iron saturation [Molar fraction] in Serum or Plasma	Iron saturation [Molar fraction] in Serum or Plasma	Iron saturation [Molar fraction] in Serum or Plasma	Transferrin saturation [Molar ratio] in Serum or Plasma	Iron saturation [Molar ratio] in Serum or Plasma	Iron saturation [Mass Fraction] in Serum or Plasma	high	high	medium
fp-transferriininrautakyllästeisyys		21	name	13	40763571	3009814		3009814	Iron saturation [Molar fraction] in Serum or Plasma		Iron saturation [Molar fraction] in Serum or Plasma	Transferrin saturation [Molar ratio] in Serum or Plasma	Iron saturation [Molar ratio] in Serum or Plasma	Iron saturation [Mass Fraction] in Serum or Plasma	medium		low
fp-transferriininrautasaturaatio	%	21	name+unit+values	401		3009814	3009814	3009814	Iron saturation [Molar fraction] in Serum or Plasma	Iron saturation [Molar fraction] in Serum or Plasma	Iron saturation [Molar fraction] in Serum or Plasma	Transferrin saturation [Molar ratio] in Serum or Plasma	Iron saturation [Molar ratio] in Serum or Plasma	Iron saturation [Mass Fraction] in Serum or Plasma	high	high	medium
fs-transferiininrautakyllästeisyys		21	name+values	2368		3009814	3009814	3009814	Iron saturation [Molar fraction] in Serum or Plasma	Iron saturation [Molar fraction] in Serum or Plasma	Iron saturation [Molar fraction] in Serum or Plasma	Transferrin saturation [Molar ratio] in Serum or Plasma	Iron saturation [Molar ratio] in Serum or Plasma	Iron saturation [Mass Fraction] in Serum or Plasma	high	medium	medium
fs-transferiininrautakyllästeisyys,paastotilassa		21	name+values	139		3009814	3009814	3009814	Iron saturation [Molar fraction] in Serum or Plasma	Iron saturation [Molar fraction] in Serum or Plasma	Iron saturation [Molar fraction] in Serum or Plasma	Transferrin saturation [Molar ratio] in Serum or Plasma	Iron saturation [Molar ratio] in Serum or Plasma	Iron saturation [Mass Fraction] in Serum or Plasma	high	medium	medium
fs-transferriininrautakyllästeisyys	%	21	name+unit+values	144		3009814	3009814	3009814	Iron saturation [Molar fraction] in Serum or Plasma	Iron saturation [Molar fraction] in Serum or Plasma	Iron saturation [Molar fraction] in Serum or Plasma	Transferrin saturation [Molar ratio] in Serum or Plasma	Iron saturation [Molar ratio] in Serum or Plasma	Iron saturation [Mass Fraction] in Serum or Plasma	high	high	medium
fs-transferriininrautakyllästeisyys		21	name+values	230		3009814	3009814	3009814	Iron saturation [Molar fraction] in Serum or Plasma	Iron saturation [Molar fraction] in Serum or Plasma	Iron saturation [Molar fraction] in Serum or Plasma	Transferrin saturation [Molar ratio] in Serum or Plasma	Iron saturation [Molar ratio] in Serum or Plasma	Iron saturation [Mass Fraction] in Serum or Plasma	high	medium	medium
p-transferriininrautakyllästeisyys	%	21	name+unit+values	288	40763571	3009814	3009814	3009814	Iron saturation [Molar fraction] in Serum or Plasma	Iron saturation [Molar fraction] in Serum or Plasma	Iron saturation [Molar fraction] in Serum or Plasma	Transferrin saturation [Molar ratio] in Serum or Plasma	Iron saturation [Molar ratio] in Serum or Plasma	Iron saturation [Mass Fraction] in Serum or Plasma	high	high	medium
p-transferriininrautakyllästeisyys,fp-fe/tr,fp-fe/tran,fp-fe/trans	%	21	name+unit+values	628		3009814	3009814	3009814	Iron saturation [Molar fraction] in Serum or Plasma	Iron saturation [Molar fraction] in Serum or Plasma	Iron saturation [Molar fraction] in Serum or Plasma	Transferrin saturation [Molar ratio] in Serum or Plasma	Iron saturation [Molar ratio] in Serum or Plasma	Iron saturation [Mass Fraction] in Serum or Plasma	high	high	medium
p-transferriinireseptori	mg/l	21	name+unit+values	1449	3015399	3015399	3015399	3015399	Transferrin receptor.soluble [Mass/volume] in Serum or Plasma	Transferrin receptor.soluble [Mass/volume] in Serum or Plasma	Transferrin receptor.soluble [Mass/volume] in Serum or Plasma	Soluble transferrin receptor [Mass/volume] in Serum or Plasma	Transferrin receptor [Mass/volume] in Serum or Plasma	Transferrin receptor [Mass/volume] in Serum or Plasma	high	high	medium
p-transferriinireseptori		21	name	176	3015399	3015399		3015399	Transferrin receptor.soluble [Mass/volume] in Serum or Plasma		Transferrin receptor.soluble [Mass/volume] in Serum or Plasma	Soluble transferrin receptor [Mass/volume] in Serum or Plasma	Transferrin receptor [Mass/volume] in Serum or Plasma	Transferrin receptor [Mass/volume] in Serum or Plasma	medium		low
p-transferriinireseptori,liukoinen	mg/l	21	name+unit+values	1328		3015399	3015399	3015399	Transferrin receptor.soluble [Mass/volume] in Serum or Plasma	Transferrin receptor.soluble [Mass/volume] in Serum or Plasma	Transferrin receptor.soluble [Mass/volume] in Serum or Plasma	Soluble transferrin receptor [Mass/volume] in Serum or Plasma	Transferrin receptor, soluble [Mass/volume] in Serum or Plasma	Transferrin receptor.soluble [Mass/volume] in Serum or Plasma	high	high	high
p-transferriinireseptori,liukoinen		21	name	42		3015399		3015399	Transferrin receptor.soluble [Mass/volume] in Serum or Plasma		Transferrin receptor.soluble [Mass/volume] in Serum or Plasma	Soluble transferrin receptor [Mass/volume] in Serum or Plasma	Transferrin receptor, soluble [Mass/volume] in Serum or Plasma	Transferrin receptor.soluble [Mass/volume] in Serum or Plasma	medium		low
s-transferriinireseptori	mg/l	21	name+unit+values	1934		3015399	3015399	3015399	Transferrin receptor.soluble [Mass/volume] in Serum or Plasma	Transferrin receptor.soluble [Mass/volume] in Serum or Plasma	Transferrin receptor.soluble [Mass/volume] in Serum or Plasma	Soluble transferrin receptor [Mass/volume] in Serum or Plasma	Transferrin receptor [Mass/volume] in Serum or Plasma	Transferrin receptor [Mass/volume] in Serum or Plasma	high	high	medium
s-transferriinireseptori,liukoinen	mg/l	21	name+unit+values	129	3015399	3015399	3015399	3015399	Transferrin receptor.soluble [Mass/volume] in Serum or Plasma	Transferrin receptor.soluble [Mass/volume] in Serum or Plasma	Transferrin receptor.soluble [Mass/volume] in Serum or Plasma	Soluble transferrin receptor [Mass/volume] in Serum or Plasma	Transferrin receptor, soluble [Mass/volume] in Serum or Plasma	Transferrin receptor.soluble [Mass/volume] in Serum or Plasma	high	high	high
transferiininrautakyllästeisyys,seerumista,paastotilassa	osuus	21	name+unit+values	236		3009814	3009814	3009814	Iron saturation [Molar fraction] in Serum or Plasma	Iron saturation [Molar fraction] in Serum or Plasma	Iron saturation [Molar fraction] in Serum or Plasma	Transferrin saturation [Molar ratio] in Serum or Plasma	Iron saturation [Molar ratio] in Serum or Plasma	Iron saturation [Mass Fraction] in Serum or Plasma	high	high	medium
transferiininrautakyllästeisyys,seerumista,paastotilassa	paketti	21	name+unit	16			3031616	3009814		Iron and Iron binding capacity panel - Serum or Plasma	Iron saturation [Molar fraction] in Serum or Plasma	Transferrin saturation [Molar ratio] in Serum or Plasma	Iron and total iron binding capacity panel - Serum	Iron saturation [Mass Fraction] in Serum or Plasma		medium	low
transferiininrautakyllästeisyys,seerumista,paastotilassa		21	name+values	205	40763571	3009814	3009814	3009814	Iron saturation [Molar fraction] in Serum or Plasma	Iron saturation [Molar fraction] in Serum or Plasma	Iron saturation [Molar fraction] in Serum or Plasma	Transferrin saturation [Molar ratio] in Serum or Plasma	Iron saturation [Molar ratio] in Serum or Plasma	Iron saturation [Mass Fraction] in Serum or Plasma	high	medium	medium
transferriininrautakyllästeisyys	%	21	name+unit+values	1179	40763571	3009814	3009814	3009814	Iron saturation [Molar fraction] in Serum or Plasma	Iron saturation [Molar fraction] in Serum or Plasma	Iron saturation [Molar fraction] in Serum or Plasma	Transferrin saturation [Molar ratio] in Serum or Plasma	Iron saturation [Molar ratio] in Serum or Plasma	Iron saturation [Mass Fraction] in Serum or Plasma	high	high	medium
transferriininrautakyllästeisyys		21	name	26	40763571	3009814		3009814	Iron saturation [Molar fraction] in Serum or Plasma		Iron saturation [Molar fraction] in Serum or Plasma	Transferrin saturation [Molar ratio] in Serum or Plasma	Iron saturation [Molar ratio] in Serum or Plasma	Iron saturation [Mass Fraction] in Serum or Plasma	medium		low
transferriininrautakyllästeisyys(fp-)	%	21	name+unit+values	596	40763571	3009814	3009814	3009814	Iron saturation [Molar fraction] in Serum or Plasma	Iron saturation [Molar fraction] in Serum or Plasma	Iron saturation [Molar fraction] in Serum or Plasma	Transferrin saturation [Molar ratio] in Serum or Plasma	Iron saturation [Molar ratio] in Serum or Plasma	Iron saturation [Mass Fraction] in Serum or Plasma	high	high	medium
transferriininrautakyllästeisyys(fp-)		21	name	16	40763571	3009814		3009814	Iron saturation [Molar fraction] in Serum or Plasma		Iron saturation [Molar fraction] in Serum or Plasma	Transferrin saturation [Molar ratio] in Serum or Plasma	Iron saturation [Molar ratio] in Serum or Plasma	Iron saturation [Mass Fraction] in Serum or Plasma	medium		low
transferriininrautakyllästeisyys␤	%	21	name+unit	1453		3009814	3009814	3009814	Iron saturation [Molar fraction] in Serum or Plasma	Iron saturation [Molar fraction] in Serum or Plasma	Iron saturation [Molar fraction] in Serum or Plasma	Transferrin saturation [Molar ratio] in Serum or Plasma	Iron saturation [Molar ratio] in Serum or Plasma	Iron saturation [Mass Fraction] in Serum or Plasma	high	high	medium
transferriininrautakyllästeisyys␤		21	name	5		3009814		3009814	Iron saturation [Molar fraction] in Serum or Plasma		Iron saturation [Molar fraction] in Serum or Plasma	Transferrin saturation [Molar ratio] in Serum or Plasma	Iron saturation [Molar ratio] in Serum or Plasma	Iron saturation [Mass Fraction] in Serum or Plasma	medium		low
transferriinirautakyllästeisyys	%	21	name+unit+values	233		3009814	3009814	3009814	Iron saturation [Molar fraction] in Serum or Plasma	Iron saturation [Molar fraction] in Serum or Plasma	Iron saturation [Molar fraction] in Serum or Plasma	Transferrin saturation [Molar ratio] in Serum or Plasma	Iron saturation [Molar ratio] in Serum or Plasma	Iron saturation [Mass Fraction] in Serum or Plasma	high	high	medium
transferriinireseptori,liukoinen	mg/l	21	name+unit+values	196	3015399	3015399	3015399	3015399	Transferrin receptor.soluble [Mass/volume] in Serum or Plasma	Transferrin receptor.soluble [Mass/volume] in Serum or Plasma	Transferrin receptor.soluble [Mass/volume] in Serum or Plasma	Soluble transferrin receptor [Mass/volume] in Serum or Plasma	Transferrin receptor, soluble [Mass/volume] in Serum or Plasma	Transferrin receptor.soluble [Mass/volume] in Serum or Plasma	high	high	high
transferriinireseptori,liukoinen		21	name	48	3015399	3015399		3015399	Transferrin receptor.soluble [Mass/volume] in Serum or Plasma		Transferrin receptor.soluble [Mass/volume] in Serum or Plasma	Soluble transferrin receptor [Mass/volume] in Serum or Plasma	Transferrin receptor, soluble [Mass/volume] in Serum or Plasma	Transferrin receptor.soluble [Mass/volume] in Serum or Plasma	medium		low
transferriinisaturaatio	%	21	name+unit+values	292		3009814	3009814	3009814	Iron saturation [Molar fraction] in Serum or Plasma	Iron saturation [Molar fraction] in Serum or Plasma	Iron saturation [Molar fraction] in Serum or Plasma	Transferrin saturation [Molar ratio] in Serum or Plasma	Iron saturation [Molar ratio] in Serum or Plasma	Iron saturation [Mass Fraction] in Serum or Plasma	high	high	medium
-metisilliiniresistentinstaphylococcusaureus(mrsa),viljely		33	name	161		3019902	3019902	3019902	Methicillin resistant Staphylococcus aureus [Presence] in Specimen by Organism specific culture	Methicillin resistant Staphylococcus aureus [Presence] in Specimen by Organism specific culture	Methicillin resistant Staphylococcus aureus [Presence] in Specimen by Organism specific culture	Staphylococcus aureus.methicillin resistant [Presence] in Specimen by Organism specific culture	Staphylococcus aureus.methicillin resistant [Presence] in Specimen by Organism specific culture	Methicillin resistant Staphylococcus aureus [Presence] in Specimen by Organism specific culture	high	medium	high
-metisilliiniresistenttistaph.aureus,viljelynenästä		33	name	578		3039355	3039355	3039355	Methicillin resistant Staphylococcus aureus [Presence] in Nose by Organism specific culture	Methicillin resistant Staphylococcus aureus [Presence] in Nose by Organism specific culture	Methicillin resistant Staphylococcus aureus [Presence] in Nose by Organism specific culture	Staphylococcus aureus.methicillin resistant [Presence] in Nose by Organism specific culture	Staphylococcus aureus.methicillin resistant [Presence] in Nose by Organism specific culture	Methicillin resistant Staphylococcus aureus [Presence] in Nose by Organism specific culture	high	high	high
-metisilliiniresistenttistaph.aureus,viljelynielusta		33	name	578		46235760	46235760	46235760	Methicillin resistant Staphylococcus aureus [Presence] in Pharynx by Organism specific culture	Methicillin resistant Staphylococcus aureus [Presence] in Pharynx by Organism specific culture	Methicillin resistant Staphylococcus aureus [Presence] in Pharynx by Organism specific culture	Staphylococcus aureus.methicillin resistant [Presence] in Throat by Organism specific culture	Staphylococcus aureus.methicillin resistant [Presence] in Throat by Organism specific culture	Methicillin resistant Staphylococcus aureus [Presence] in Throat by Organism specific culture	high	high	high
-metisilliiniresistenttistaph.aureus,viljelyperineumista		33	name	576		3019902	3019902		Methicillin resistant Staphylococcus aureus [Presence] in Specimen by Organism specific culture	Methicillin resistant Staphylococcus aureus [Presence] in Specimen by Organism specific culture		Staphylococcus aureus.methicillin resistant [Presence] in Perineum by Organism specific culture	Staphylococcus aureus.methicillin resistant [Presence] in Perineum by Organism specific culture	Methicillin resistant Staphylococcus aureus [Presence] in Perineum by Organism specific culture	high	low	
ennaltamääritellyngeenineksonienemäsmuutostenjapientenkopiolukumuutostentutkimusngs-menetelmällä		33	name	160				3036449			Gene mutations tested for in Blood or Tissue by Molecular genetics method Nominal	Gene variants and Copy number variants panel - Specimen by NGS	Gene sequence variants [Identifier] in Blood or Tissue by Next generation sequencing	Gene mutations tested for in Blood or Tissue by Sequencing			low
huumeseula(amfet,bents,opiaat,kannab,koka)		33	name	129		40768439	40768439	40768439	Drugs of abuse 5 panel - Urine by Screen method	Drugs of abuse 5 panel - Urine by Screen method	Drugs of abuse 5 panel - Urine by Screen method	Amphetamines & Benzodiazepines & Cannabinoids & Cocaine & Opiates screen panel - Urine	Amphetamines/Benzodiazepines/Opiates/Cannabinoids/Cocaine screen panel - Urine	Drugs of abuse 5 panel - Urine by Screen method	high	medium	medium
huumeseulonta(amfet.,bents.,opiaatit,kannabis,kokaiini,buprenorfiini)		33	name	544		42870589	42870589	42870589	Drugs of abuse panel - Urine by Screen method	Drugs of abuse panel - Urine by Screen method	Drugs of abuse panel - Urine by Screen method	Amphetamines & Benzodiazepines & Buprenorphine & Cannabinoids & Cocaine & Opiates screen panel - Urine	Amphetamines/Benzodiazepines/Opiates/Cannabinoids/Cocaine/Buprenorphine screen panel - Urine	Drugs of abuse 6 panel - Urine by Screen method	medium	medium	medium
metisilliiniresistentinstaphylococcusaureus(mrs		33	name	166		3019902	3019902	3019902	Methicillin resistant Staphylococcus aureus [Presence] in Specimen by Organism specific culture	Methicillin resistant Staphylococcus aureus [Presence] in Specimen by Organism specific culture	Methicillin resistant Staphylococcus aureus [Presence] in Specimen by Organism specific culture	Staphylococcus aureus.methicillin resistant [Presence] in Specimen by Organism specific culture	Staphylococcus aureus.methicillin resistant [Presence] in Specimen by Organism specific culture	Methicillin resistant Staphylococcus aureus [Presence] in Specimen by Organism specific culture	high	medium	medium
metisilliiniresistenttistaph.aureus,viljelyne		33	name	294		3039355	3039355	3039355	Methicillin resistant Staphylococcus aureus [Presence] in Nose by Organism specific culture	Methicillin resistant Staphylococcus aureus [Presence] in Nose by Organism specific culture	Methicillin resistant Staphylococcus aureus [Presence] in Nose by Organism specific culture	Staphylococcus aureus.methicillin resistant [Presence] in Nose by Organism specific culture	Staphylococcus aureus.methicillin resistant [Presence] in Nose by Organism specific culture	Methicillin resistant Staphylococcus aureus [Presence] in Nose by Organism specific culture	high	medium	medium
metisilliiniresistenttistaph.aureus,viljelynenästä		33	name	436		3039355	3039355	3039355	Methicillin resistant Staphylococcus aureus [Presence] in Nose by Organism specific culture	Methicillin resistant Staphylococcus aureus [Presence] in Nose by Organism specific culture	Methicillin resistant Staphylococcus aureus [Presence] in Nose by Organism specific culture	Staphylococcus aureus.methicillin resistant [Presence] in Nose by Organism specific culture	Staphylococcus aureus.methicillin resistant [Presence] in Nose by Organism specific culture	Methicillin resistant Staphylococcus aureus [Presence] in Nose by Organism specific culture	high	high	high
metisilliiniresistenttistaph.aureus,viljelyni		33	name	295		46235760	46235760	46235760	Methicillin resistant Staphylococcus aureus [Presence] in Pharynx by Organism specific culture	Methicillin resistant Staphylococcus aureus [Presence] in Pharynx by Organism specific culture	Methicillin resistant Staphylococcus aureus [Presence] in Pharynx by Organism specific culture	Staphylococcus aureus.methicillin resistant [Presence] in Throat by Organism specific culture	Staphylococcus aureus.methicillin resistant [Presence] in Throat by Organism specific culture	Methicillin resistant Staphylococcus aureus [Presence] in Throat by Organism specific culture	high	medium	medium
metisilliiniresistenttistaph.aureus,viljelynielusta		33	name	442		46235760	46235760	46235760	Methicillin resistant Staphylococcus aureus [Presence] in Pharynx by Organism specific culture	Methicillin resistant Staphylococcus aureus [Presence] in Pharynx by Organism specific culture	Methicillin resistant Staphylococcus aureus [Presence] in Pharynx by Organism specific culture	Staphylococcus aureus.methicillin resistant [Presence] in Throat by Organism specific culture	Staphylococcus aureus.methicillin resistant [Presence] in Throat by Organism specific culture	Methicillin resistant Staphylococcus aureus [Presence] in Throat by Organism specific culture	high	high	high
metisilliiniresistenttistaph.aureus,viljelype		33	name	296		3019902	3019902		Methicillin resistant Staphylococcus aureus [Presence] in Specimen by Organism specific culture	Methicillin resistant Staphylococcus aureus [Presence] in Specimen by Organism specific culture		Staphylococcus aureus.methicillin resistant [Presence] in Perineum by Organism specific culture	Staphylococcus aureus.methicillin resistant [Presence] in Perineum by Organism specific culture	Methicillin resistant Staphylococcus aureus [Presence] in Perineum by Organism specific culture	high	low	
metisilliiniresistenttistaph.aureus,viljelyperineumista		33	name	433		3019902	3019902		Methicillin resistant Staphylococcus aureus [Presence] in Specimen by Organism specific culture	Methicillin resistant Staphylococcus aureus [Presence] in Specimen by Organism specific culture		Staphylococcus aureus.methicillin resistant [Presence] in Perineum by Organism specific culture	Staphylococcus aureus.methicillin resistant [Presence] in Perineum by Organism specific culture	Methicillin resistant Staphylococcus aureus [Presence] in Perineum by Organism specific culture	high	low	
metisilliiniresistenttistaphylococcusaureus(mrsa),seulontaviljely␤		33	name	111		3019902	3019902	3019902	Methicillin resistant Staphylococcus aureus [Presence] in Specimen by Organism specific culture	Methicillin resistant Staphylococcus aureus [Presence] in Specimen by Organism specific culture	Methicillin resistant Staphylococcus aureus [Presence] in Specimen by Organism specific culture	Staphylococcus aureus.methicillin resistant [Presence] in Specimen by Organism specific culture	Staphylococcus aureus.methicillin resistant [Presence] in Specimen by Organism specific culture	Methicillin resistant Staphylococcus aureus [Presence] in Specimen by Organism specific culture	high	high	high
pt-ekg,pitkäaikaisrekisteröinti(24h),kytkentä,analys,lausunto		33	name	322		3010479	3010479	3010479	Ambulatory cardiac rhythm monitor (Holter) study	Ambulatory cardiac rhythm monitor (Holter) study	Ambulatory cardiac rhythm monitor (Holter) study	EKG 24 hour study	24 hour Holter electrocardiogram monitoring panel - Heart	Holter extended ambulatory EKG study 24 hour panel	high	medium	medium
pt-ekg,pitkäaikaisrekisteröinti(24h),kytkentä,analysointi,lausunto		33	name	138		3010479	3010479	3010479	Ambulatory cardiac rhythm monitor (Holter) study	Ambulatory cardiac rhythm monitor (Holter) study	Ambulatory cardiac rhythm monitor (Holter) study	EKG 24 hour study	24 hour Holter electrocardiogram monitoring panel - Heart	Holter extended ambulatory EKG study 24 hour panel	high	medium	medium
pt-ekg,pitkäaikaisrekisteröinti(48h),kytkentä,analysointi,lausunto		33	name	136		3010479	3010479	3010479	Ambulatory cardiac rhythm monitor (Holter) study	Ambulatory cardiac rhythm monitor (Holter) study	Ambulatory cardiac rhythm monitor (Holter) study	EKG 48 hour study	48 hour Holter electrocardiogram monitoring panel - Heart	Holter extended ambulatory EKG study 48 hour panel	high	medium	medium
työpaikanhuumetutkimus6a(amfetamiini,bentsodiatsepiinit,buprenorfiini,kannabis,kokaiini,opi		33	name	108		42870589	42870589	42870589	Drugs of abuse panel - Urine by Screen method	Drugs of abuse panel - Urine by Screen method	Drugs of abuse panel - Urine by Screen method	Amphetamines & Benzodiazepines & Buprenorphine & Cannabinoids & Cocaine & Opiates screen panel - Urine	Amphetamines/Benzodiazepines/Buprenorphine/Cannabinoids/Cocaine/Opiates screen panel - Urine	Drugs of abuse 6 panel - Urine by Screen method	medium	medium	medium
u-huum6a:amfetamiinit,bentsodiatsepiinit,buprenorfiini,kannabis,kokaiinijaopiaatit.vainsop.		33	name	113		42870589	42870589	42870589	Drugs of abuse panel - Urine by Screen method	Drugs of abuse panel - Urine by Screen method	Drugs of abuse panel - Urine by Screen method	Amphetamines & Benzodiazepines & Buprenorphine & Cannabinoids & Cocaine & Opiates screen panel - Urine	Amphetamines/Benzodiazepines/Buprenorphine/Cannabinoids/Cocaine/Opiates screen panel - Urine	Drugs of abuse 6 panel - Urine by Screen method	medium	medium	medium
u-huumeseulonta(amfet.,bents.,opiaatit,kannabis,kokaiini,buprenorfiini)		33	name	731		42870589	42870589	42870589	Drugs of abuse panel - Urine by Screen method	Drugs of abuse panel - Urine by Screen method	Drugs of abuse panel - Urine by Screen method	Amphetamines & Benzodiazepines & Buprenorphine & Cannabinoids & Cocaine & Opiates screen panel - Urine	Amphetamines/Benzodiazepines/Opiates/Cannabinoids/Cocaine/Buprenorphine screen panel - Urine	Drugs of abuse 6 panel - Urine by Screen method	medium	medium	high
-streptococcusagalactie(str.ryhmäb,gbs),nukleiinihaponosoitus		34	name	140		3048882	3048882	3048882	Streptococcus agalactiae DNA [Presence] in Specimen by NAA with probe detection	Streptococcus agalactiae DNA [Presence] in Specimen by NAA with probe detection	Streptococcus agalactiae DNA [Presence] in Specimen by NAA with probe detection	Streptococcus agalactiae DNA [Presence] by NAA with probe detection	Streptococcus agalactiae [Presence] by NAA with probe detection	Streptococcus agalactiae DNA [Presence] in Specimen by NAA with probe detection	high	medium	medium
fl-streptococcusagalactie(b),nukleiinihaponosoitus		34	name	354		1175573	1175573	1175573	Streptococcus agalactiae DNA [Presence] in Vaginal fluid by NAA with probe detection	Streptococcus agalactiae DNA [Presence] in Vaginal fluid by NAA with probe detection	Streptococcus agalactiae DNA [Presence] in Vaginal fluid by NAA with probe detection	Streptococcus agalactiae DNA [Presence] in Vagina by NAA with probe detection	Streptococcus agalactiae [Presence] in Vaginal fluid by NAA with probe detection	Streptococcus agalactiae DNA [Presence] in Vaginal fluid by NAA with probe detection	high	high	high
ps-streptococcus,viljely(-hemolyyttisetstrepto		34	name	151		3024135	3024135	3024135	Streptococcus.beta-hemolytic [Presence] in Throat by Organism specific culture	Streptococcus.beta-hemolytic [Presence] in Throat by Organism specific culture	Streptococcus.beta-hemolytic [Presence] in Throat by Organism specific culture	Streptococcus.beta-hemolytic identified in Throat by Organism specific culture	Streptococcus.beta-hemolytic [Presence] in Throat by Organism specific culture	Streptococcus.beta-hemolytic [Presence] in Throat by Organism specific culture	high	high	high
ps-streptococcus,viljely(beeta-hemolyyttisetstr		34	name	110		3024135	3024135	3024135	Streptococcus.beta-hemolytic [Presence] in Throat by Organism specific culture	Streptococcus.beta-hemolytic [Presence] in Throat by Organism specific culture	Streptococcus.beta-hemolytic [Presence] in Throat by Organism specific culture	Streptococcus.beta-hemolytic identified in Throat by Organism specific culture	Streptococcus.beta-hemolytic [Presence] in Throat by Organism specific culture	Streptococcus.beta-hemolytic [Presence] in Throat by Organism specific culture	high	high	high
ps-streptococcus,viljely(hemolyytt.streptokokit)		34	name	327		3024135	3024135	3024135	Streptococcus.beta-hemolytic [Presence] in Throat by Organism specific culture	Streptococcus.beta-hemolytic [Presence] in Throat by Organism specific culture	Streptococcus.beta-hemolytic [Presence] in Throat by Organism specific culture	Streptococcus.beta-hemolytic identified in Throat by Organism specific culture	Streptococcus.beta-hemolytic [Presence] in Throat by Organism specific culture	Streptococcus.beta-hemolytic [Presence] in Throat by Organism specific culture	high	high	high
ps-streptococcus,viljely(hemolyytt.streptokokitnielusta)		34	name	414		3024135	3024135	3024135	Streptococcus.beta-hemolytic [Presence] in Throat by Organism specific culture	Streptococcus.beta-hemolytic [Presence] in Throat by Organism specific culture	Streptococcus.beta-hemolytic [Presence] in Throat by Organism specific culture	Streptococcus.beta-hemolytic identified in Throat by Organism specific culture	Streptococcus.beta-hemolytic [Presence] in Throat by Organism specific culture	Streptococcus.beta-hemolytic [Presence] in Throat by Organism specific culture	high	high	high
ps-streptococcus,viljely(hemolyyttisetstreptok)		34	name	162		3024135	3024135	3024135	Streptococcus.beta-hemolytic [Presence] in Throat by Organism specific culture	Streptococcus.beta-hemolytic [Presence] in Throat by Organism specific culture	Streptococcus.beta-hemolytic [Presence] in Throat by Organism specific culture	Streptococcus.beta-hemolytic identified in Throat by Organism specific culture	Streptococcus.beta-hemolytic [Presence] in Throat by Organism specific culture	Streptococcus.beta-hemolytic [Presence] in Throat by Organism specific culture	high	high	high
ps-streptococcus,viljely(hemolyyttisetstreptokokit)		34	name	339		3024135	3024135	3024135	Streptococcus.beta-hemolytic [Presence] in Throat by Organism specific culture	Streptococcus.beta-hemolytic [Presence] in Throat by Organism specific culture	Streptococcus.beta-hemolytic [Presence] in Throat by Organism specific culture	Streptococcus.beta-hemolytic identified in Throat by Organism specific culture	Streptococcus.beta-hemolytic [Presence] in Throat by Organism specific culture	Streptococcus.beta-hemolytic [Presence] in Throat by Organism specific culture	high	high	high
ps-streptococcus,viljelynielusta(hemolyytt)		34	name	238		3024135	3024135	3024135	Streptococcus.beta-hemolytic [Presence] in Throat by Organism specific culture	Streptococcus.beta-hemolytic [Presence] in Throat by Organism specific culture	Streptococcus.beta-hemolytic [Presence] in Throat by Organism specific culture	Streptococcus.beta-hemolytic identified in Throat by Organism specific culture	Streptococcus.beta-hemolytic [Presence] in Throat by Organism specific culture	Streptococcus.beta-hemolytic [Presence] in Throat by Organism specific culture	high	high	high
ps-streptococcuspyogenes(a),antigeeni		34	name	735		3033319	3033319	3033319	Streptococcus pyogenes Ag [Presence] in Throat	Streptococcus pyogenes Ag [Presence] in Throat	Streptococcus pyogenes Ag [Presence] in Throat	Streptococcus pyogenes Ag [Presence] in Throat by Immunoassay	Streptococcus pyogenes Ag [Presence] in Throat by Immunoassay	Streptococcus pyogenes Ag [Presence] in Throat	high	medium	high
ps-streptococcuspyogenes(a),nukleiinihappo(kval)		34	name	150		40763543	40763543	40763543	Streptococcus pyogenes DNA [Presence] in Throat by NAA with probe detection	Streptococcus pyogenes DNA [Presence] in Throat by NAA with probe detection	Streptococcus pyogenes DNA [Presence] in Throat by NAA with probe detection	Streptococcus pyogenes DNA [Presence] in Throat by NAA with probe detection	Streptococcus pyogenes [Presence] in Throat by NAA with probe detection	Streptococcus pyogenes DNA [Presence] in Throat by NAA with probe detection	high	medium	high
ps-streptococcuspyogenis(a)antig,vierithoitoy		34	name	124		21491660	21491660	21491660	Streptococcus pyogenes Ag [Presence] in Throat by Rapid immunoassay	Streptococcus pyogenes Ag [Presence] in Throat by Rapid immunoassay	Streptococcus pyogenes Ag [Presence] in Throat by Rapid immunoassay	Streptococcus pyogenes Ag [Presence] in Throat by Rapid immunoassay	Streptococcus pyogenes Ag [Presence] in Throat by Immunoassay	Streptococcus pyogenes Ag [Presence] in Throat	high	high	medium
streptococcus,viljely(hemolyyt.streptokokitnielusta)		34	name	333		3024135	3024135	3024135	Streptococcus.beta-hemolytic [Presence] in Throat by Organism specific culture	Streptococcus.beta-hemolytic [Presence] in Throat by Organism specific culture	Streptococcus.beta-hemolytic [Presence] in Throat by Organism specific culture	Streptococcus.beta-hemolytic identified in Throat by Organism specific culture	Streptococcus.beta-hemolytic [Presence] in Throat by Organism specific culture	Streptococcus.beta-hemolytic [Presence] in Throat by Organism specific culture	high	high	high
streptococcus,viljely(hemolyytt.streptokokit)		34	name	454		3024740	3024740	3024740	Streptococcus.beta-hemolytic [Presence] in Specimen by Organism specific culture	Streptococcus.beta-hemolytic [Presence] in Specimen by Organism specific culture	Streptococcus.beta-hemolytic [Presence] in Specimen by Organism specific culture	Streptococcus.beta-hemolytic identified in Specimen by Organism specific culture	Streptococcus.beta-hemolytic [Presence] in Throat by Organism specific culture	Streptococcus.beta-hemolytic [Presence] in Throat by Organism specific culture	high	medium	medium
streptococcusagalactiae(b),nukleiinihaponosoitus,fluori,vieritesti		34	name	304		1175573	1175573	1175573	Streptococcus agalactiae DNA [Presence] in Vaginal fluid by NAA with probe detection	Streptococcus agalactiae DNA [Presence] in Vaginal fluid by NAA with probe detection	Streptococcus agalactiae DNA [Presence] in Vaginal fluid by NAA with probe detection	Streptococcus agalactiae DNA [Presence] in Vagina by NAA with probe detection	Streptococcus agalactiae [Presence] by NAA with probe detection	Streptococcus agalactiae DNA [Presence] in Vaginal fluid by NAA with probe detection	high	low	medium
streptococcusagalactie(b),nukleiinihaponosoitus		34	name	242		3048882	3048882	3048882	Streptococcus agalactiae DNA [Presence] in Specimen by NAA with probe detection	Streptococcus agalactiae DNA [Presence] in Specimen by NAA with probe detection	Streptococcus agalactiae DNA [Presence] in Specimen by NAA with probe detection	Streptococcus agalactiae DNA [Presence] in Vagina by NAA with probe detection	Streptococcus agalactiae [Presence] by NAA with probe detection	Streptococcus agalactiae DNA [Presence] in Specimen by NAA with probe detection	high	medium	medium
streptococcuspyogenes(a),nukleiinihappo-osoitus		34	name	228		1260031	1260031	1260031	Streptococcus pyogenes DNA [Presence] in Specimen by NAA with probe detection	Streptococcus pyogenes DNA [Presence] in Specimen by NAA with probe detection	Streptococcus pyogenes DNA [Presence] in Specimen by NAA with probe detection	Streptococcus pyogenes DNA [Presence] in Throat by NAA with probe detection	Streptococcus pyogenes [Presence] in Throat by NAA with probe detection	Streptococcus pyogenes DNA [Presence] in Specimen by NAA with probe detection	high	medium	medium
streptococcuspyogenes(a),osoituskoe		34	name	396		3017906	3008051	3008051	Streptococcus pyogenes Ag [Presence] in Specimen by Immunoassay	Streptococcus pyogenes Ag [Presence] in Specimen	Streptococcus pyogenes Ag [Presence] in Specimen	Streptococcus pyogenes Ag [Presence] in Throat by Immunoassay	Streptococcus pyogenes Ag [Presence] in Throat by Immunoassay	Streptococcus pyogenes Ag [Presence] in Specimen	high	low	medium
-histologinensolublokkisytologisestanäytteestä		37	name	214			3025986			Microscopic observation [Identifier] in Specimen by Cyto stain		Cell block preparation [Procedure] in Cytology specimen by Histology	Cytopathology study in Cell block by Light microscopy	Histopathology study in Tissue by Cell block		low	
-humanpapillomavirusgenotyyppi16		37	name	301		40764133	40764133	40764133	Human papilloma virus 16 DNA [Presence] in Specimen by NAA with probe detection	Human papilloma virus 16 DNA [Presence] in Specimen by NAA with probe detection	Human papilloma virus 16 DNA [Presence] in Specimen by NAA with probe detection	Human papilloma virus 16 DNA [Presence] in Specimen by NAA with probe detection	Human papillomavirus 16 [Presence] in Cervix by NAA with probe detection	Human papilloma virus 16 DNA [Presence] in Cervix by NAA with probe detection	high	medium	medium
-humanpapillomavirusgenotyyppi18		37	name	301		40764134	40764134	40764134	Human papilloma virus 18 DNA [Presence] in Specimen by NAA with probe detection	Human papilloma virus 18 DNA [Presence] in Specimen by NAA with probe detection	Human papilloma virus 18 DNA [Presence] in Specimen by NAA with probe detection	Human papilloma virus 18 DNA [Presence] in Specimen by NAA with probe detection	Human papillomavirus 18 [Presence] in Cervix by NAA with probe detection	Human papilloma virus 18 DNA [Presence] in Cervix by NAA with probe detection	high	medium	medium
-humanpapillomavirusgenotyyppimuupatogeeninenhpv		37	name	252		3029511			Human papilloma virus DNA [Presence] in Specimen by NAA with probe detection			Human papilloma virus high risk types DNA [Presence] in Specimen by NAA with probe detection	Human papillomavirus high risk types other than 16 and 18 [Presence] in Cervix by NAA with probe detection	Human papilloma virus other high risk types DNA [Presence] in Cervix by NAA with probe detection	medium		
-lisämaksukiireellisenäpyydetyllenäytteelle		37	name	584													
-lisätutkimuspyyntöaiemmintutkitullenäytteelle		37	name	191													
-lisävastaus2laskutuskuitatullenäytteelle		37	name	438													
-lisävastauslaskutuskuitatullenäytteelle		37	name	2865	3019284												
-moniresistentitgram-negatiivisetsauvat,viljely		37	name	122		21491103	21491103	21491103	Multiple drug resistant gram negative organism [Identifier] in Specimen by Culture	Multiple drug resistant gram negative organism [Identifier] in Specimen by Culture	Multiple drug resistant gram negative organism [Identifier] in Specimen by Culture	Bacteria.Gram negative.multidrug resistant identified in Specimen by Culture	Multidrug resistant Gram negative rods identified in Specimen by Culture	Multidrug resistant gram negative rods [Presence] in Specimen by Organism specific culture	high	medium	high
-moniresistentitgramnegatiivisetsauvat,viljely		37	name	163		21491103	21491103	21491103	Multiple drug resistant gram negative organism [Identifier] in Specimen by Culture	Multiple drug resistant gram negative organism [Identifier] in Specimen by Culture	Multiple drug resistant gram negative organism [Identifier] in Specimen by Culture	Bacteria.Gram negative.multidrug resistant identified in Specimen by Culture	Multidrug resistant Gram negative rods identified in Specimen by Culture	Multidrug resistant gram negative rods [Presence] in Specimen by Organism specific culture	high	medium	high
-resistentitgramnegatiivisetsauvat,viljely		37	name	314			21491103	21491103		Multiple drug resistant gram negative organism [Identifier] in Specimen by Culture	Multiple drug resistant gram negative organism [Identifier] in Specimen by Culture	Bacteria.Gram negative.resistant identified in Specimen by Culture	Resistant Gram negative rods identified in Specimen by Culture	Resistant gram negative rods [Presence] in Specimen by Organism specific culture		low	low
-staphylococcusaureus,metilliiniresist.viljely		37	name	248		3019902	3019902	3019902	Methicillin resistant Staphylococcus aureus [Presence] in Specimen by Organism specific culture	Methicillin resistant Staphylococcus aureus [Presence] in Specimen by Organism specific culture	Methicillin resistant Staphylococcus aureus [Presence] in Specimen by Organism specific culture	Staphylococcus aureus.methicillin resistant [Presence] in Specimen by Organism specific culture	Staphylococcus aureus.methicillin resistant [Presence] in Specimen by Culture	Staphylococcus aureus.methicillin resistant [Presence] in Specimen by Organism specific culture	high	high	high
-staphylococcusaureus,metisilliiniresistentti,v		37	name	540		3019902	3019902	3019902	Methicillin resistant Staphylococcus aureus [Presence] in Specimen by Organism specific culture	Methicillin resistant Staphylococcus aureus [Presence] in Specimen by Organism specific culture	Methicillin resistant Staphylococcus aureus [Presence] in Specimen by Organism specific culture	Staphylococcus aureus.methicillin resistant [Presence] in Specimen by Organism specific culture	Staphylococcus aureus.methicillin resistant [Presence] in Specimen by Culture	Staphylococcus aureus.methicillin resistant [Presence] in Specimen by Organism specific culture	high	high	high
b-glukoosi,hoitoyksikönvieritesti,kokoveri		37	name+values	687		3020491	3020491	3020491	Glucose [Moles/volume] in Blood	Glucose [Moles/volume] in Blood	Glucose [Moles/volume] in Blood	Glucose [Moles/volume] in Blood	Glucose [Moles/volume] in Blood	Glucose [Moles/volume] in Blood	high	high	high
b-hematologisenpotilaanperuskaryotyypinmääritys		37	name	125		3025939	40765089	3025939	Karyotype [Identifier] in Blood or Tissue Nominal	Chromosome analysis panel - Blood by G-banded	Karyotype [Identifier] in Blood or Tissue Nominal	Karyotype [Identifier] in Blood for Hematology-Oncology	Chromosome analysis in Blood by Karyotyping	Karyotype [Identifier] in Blood by Cytogenetics	high	medium	medium
b-kreatiniini,hoitoyksikönvieritesti,veri		37	name+values	167		40762887	40762887	40762887	Creatinine [Moles/volume] in Blood	Creatinine [Moles/volume] in Blood	Creatinine [Moles/volume] in Blood	Creatinine [Moles/volume] in Blood	Creatinine [Moles/volume] in Blood	Creatinine [Moles/volume] in Blood	high	high	high
bakteerit,virtsasta,partikkelinlaskijalla,osatutk.		37	name	212		3031040	3031040	3031040	Bacteria [#/volume] in Urine by Automated count	Bacteria [#/volume] in Urine by Automated count	Bacteria [#/volume] in Urine by Automated count	Bacteria [#/volume] in Urine by Automated count	Bacteria [#/volume] in Urine by Automated count	Bacteria [#/volume] in Urine by Automated count	high	high	high
bm-pahanlaatuisenveritaudinimmunofenotyypitys		37	name	191		3966204			Leukemia and lymphoma immunophenotyping in Specimen Document by Flow cytometry (FC)			Leukemia-Lymphoma immunophenotyping panel - Bone marrow	Immunophenotyping panel - Bone marrow by Flow cytometry	Cell marker immunophenotyping panel - Bone marrow by Flow cytometry	medium		
bm-pahanlaatuisenveritaudinimmunofenotyyppinenjäännöstautianalyysi		37	name	162								Minimal residual disease panel - Bone marrow by Flow cytometry (FC)	Minimal residual disease immunophenotyping panel - Bone marrow by Flow cytometry	Minimal residual disease [Presence] in Bone marrow by Flow cytometry			
cb-hemoglobiini,vieritestihoitoyksikössä	g/l	37	name+unit+values	101		3006184	3006184	3006184	Hemoglobin [Mass/volume] in Capillary blood	Hemoglobin [Mass/volume] in Capillary blood	Hemoglobin [Mass/volume] in Capillary blood	Hemoglobin [Mass/volume] in Capillary blood	Hemoglobin [Mass/volume] in Blood	Hemoglobin [Mass/volume] in Capillary blood	high	high	high
cp-glukoosi,ihopistosn,vieritestihoitoyksikössä	mmol/l	37	name+unit+values	5203		3001501	3040151	3040151	Glucose [Moles/volume] in Capillary blood by Glucometer	Glucose [Moles/volume] in Capillary blood	Glucose [Moles/volume] in Capillary blood	Glucose [Moles/volume] in Capillary plasma	Glucose [Moles/volume] in Capillary blood	Glucose [Moles/volume] in Capillary blood	high	high	high
cp-glukoosi,ihopistosn,vieritestihoitoyksikössä		37	name+values	19		3001501	3040151	3040151	Glucose [Moles/volume] in Capillary blood by Glucometer	Glucose [Moles/volume] in Capillary blood	Glucose [Moles/volume] in Capillary blood	Glucose [Moles/volume] in Capillary plasma	Glucose [Moles/volume] in Capillary blood	Glucose [Moles/volume] in Capillary blood	high	high	high
crp-pitoisuus,hoitoyksikkömittaavieritestilaitteella	mg/l	37	name+unit+values	771		1469985	1091617	3020460	C reactive protein [Mass/volume] in Serum, Plasma or Blood by Rapid immunoassay	C reactive protein [Mass/volume] in Serum, Plasma or Blood	C reactive protein [Mass/volume] in Serum or Plasma	C-reactive protein [Mass/volume] in Serum or Plasma	C reactive protein [Mass/volume] in Serum or Plasma	C reactive protein [Mass/volume] in Serum or Plasma	high	medium	medium
crp-pitoisuus,hoitoyksikkömittaavieritestilaitteella		37	name	192		1469985	1091617	3020460	C reactive protein [Mass/volume] in Serum, Plasma or Blood by Rapid immunoassay	C reactive protein [Mass/volume] in Serum, Plasma or Blood	C reactive protein [Mass/volume] in Serum or Plasma	C-reactive protein [Mass/volume] in Serum or Plasma	C reactive protein [Mass/volume] in Serum or Plasma	C reactive protein [Mass/volume] in Serum or Plasma	high	low	medium
e-retikulosyyttienkeskimääräinenhemoglobiininmäärä	pg	37	name+unit+values	438		42869451	3029080	3029080	Hemoglobin [Entitic mass] in Reticulocytes by Automated count	Hemoglobin [Entitic mass] in Reticulocytes	Hemoglobin [Entitic mass] in Reticulocytes	Reticulocyte hemoglobin content [Entitic mass] in Blood	Reticulocytes.mean cell hemoglobin [Entitic mass] in Blood	Reticulocytes Hemoglobin [Entitic mass] in Red Blood Cells	high	high	high
e-retikulosyyttienkeskimääräinenhemoglobiininmäärä		37	name	15		42869451	3029080	3029080	Hemoglobin [Entitic mass] in Reticulocytes by Automated count	Hemoglobin [Entitic mass] in Reticulocytes	Hemoglobin [Entitic mass] in Reticulocytes	Reticulocyte hemoglobin content [Entitic mass] in Blood	Reticulocytes.mean cell hemoglobin [Entitic mass] in Blood	Reticulocytes Hemoglobin [Entitic mass] in Red Blood Cells	high	medium	medium
emäsylimäärä,laskimoverestä,pikatesti␤	mmol/l	37	name+unit	373		3002032	3002032	3002032	Base excess in Venous blood by calculation	Base excess in Venous blood by calculation	Base excess in Venous blood by calculation	Base excess [Moles/volume] in Venous blood	Base excess in Venous blood	Base excess in Venous blood	high	medium	high
emäsylimäärä,laskimoverestä,pikatesti␤		37	name	339		3002032	3002032	3002032	Base excess in Venous blood by calculation	Base excess in Venous blood by calculation	Base excess in Venous blood by calculation	Base excess [Moles/volume] in Venous blood	Base excess in Venous blood	Base excess in Venous blood	high	medium	medium
epiteelisolut,virtsasta,partikkelinlaskijalla,osatutk.	e6/l	37	name+unit+values	203		36303442	36303442	36303442	Epithelial cells [#/volume] in Urine by Automated	Epithelial cells [#/volume] in Urine by Automated	Epithelial cells [#/volume] in Urine by Automated	Epithelial cells [#/volume] in Urine by Automated count	Epithelial cells [#/volume] in Urine by Automated count	Epithelial cells [#/volume] in Urine by Automated count	high	high	high
epiteelisolut,virtsasta,partikkelinlaskijalla,osatutk.		37	name	9		36303442	36303442	36303442	Epithelial cells [#/volume] in Urine by Automated	Epithelial cells [#/volume] in Urine by Automated	Epithelial cells [#/volume] in Urine by Automated	Epithelial cells [#/volume] in Urine by Automated count	Epithelial cells [#/volume] in Urine by Automated count	Epithelial cells [#/volume] in Urine by Automated count	high	medium	medium
epstein-barrvirus(ebv),nhkvantitatiivinen,plasmasta	iu/ml	37	name+unit	24		3043849	3043849	3043849	Epstein Barr virus DNA [Units/volume] (viral load) in Serum or Plasma by NAA with probe detection	Epstein Barr virus DNA [Units/volume] (viral load) in Serum or Plasma by NAA with probe detection	Epstein Barr virus DNA [Units/volume] (viral load) in Serum or Plasma by NAA with probe detection	Epstein-Barr virus DNA [Units/volume] in Plasma by NAA with probe detection	Epstein-Barr virus DNA [Units/volume] in Plasma by NAA with probe detection	Epstein Barr virus DNA [Units/volume] (viral load) in Plasma by NAA with probe detection	high	high	high
epstein-barrvirus(ebv),nhkvantitatiivinen,plasmasta		37	name	241		3043849	3043849	3043849	Epstein Barr virus DNA [Units/volume] (viral load) in Serum or Plasma by NAA with probe detection	Epstein Barr virus DNA [Units/volume] (viral load) in Serum or Plasma by NAA with probe detection	Epstein Barr virus DNA [Units/volume] (viral load) in Serum or Plasma by NAA with probe detection	Epstein-Barr virus DNA [Units/volume] in Plasma by NAA with probe detection	Epstein-Barr virus DNA [Units/volume] in Plasma by NAA with probe detection	Epstein Barr virus DNA [Units/volume] (viral load) in Plasma by NAA with probe detection	high	medium	medium
erytrosyytit,virtsasta,partikkelinlaskijalla,osatutk.	e6/l	37	name+unit+values	202		3002864	3002864	3002864	Erythrocytes [#/volume] in Urine by Automated count	Erythrocytes [#/volume] in Urine by Automated count	Erythrocytes [#/volume] in Urine by Automated count	Erythrocytes [#/volume] in Urine by Automated count	Erythrocytes [#/volume] in Urine by Automated count	Erythrocytes [#/volume] in Urine by Automated count	high	high	high
erytrosyytit,virtsasta,partikkelinlaskijalla,osatutk.		37	name	10		3002864	3002864	3002864	Erythrocytes [#/volume] in Urine by Automated count	Erythrocytes [#/volume] in Urine by Automated count	Erythrocytes [#/volume] in Urine by Automated count	Erythrocytes [#/volume] in Urine by Automated count	Erythrocytes [#/volume] in Urine by Automated count	Erythrocytes [#/volume] in Urine by Automated count	high	medium	medium
fp-kollageenii:nbeta-karboksiterminaalinentelopeptidi	ug/l	37	name+unit+values	299		3041449	3041449	3041449	Collagen crosslinked C-telopeptide [Mass/volume] in Serum or Plasma	Collagen crosslinked C-telopeptide [Mass/volume] in Serum or Plasma	Collagen crosslinked C-telopeptide [Mass/volume] in Serum or Plasma	Telopeptide.beta C-terminal.collagen type I [Mass/volume] in Plasma	Collagen type 1 crosslinked C-telopeptide [Mass/volume] in Serum or Plasma	Collagen crosslinked C-telopeptide.beta [Mass/volume] in Serum or Plasma	high	high	high
happamusaste,kapillaariverestä,pikatesti␤		37	name	1262		3009343	3009343	3009343	pH of Capillary blood	pH of Capillary blood	pH of Capillary blood	pH [Logarithmic Content] in Capillary blood	pH of Blood	pH of Capillary blood	high	medium	high
happamuusaste,laskimoverestä,pikatesti␤		37	name	712		3012544	3012544	3012544	pH of Venous blood	pH of Venous blood	pH of Venous blood	pH [Logarithmic Content] in Venous blood	pH of Venous blood	pH of Venous blood	high	high	high
happiosapaine,kapillaariverestä,pikatesti␤	kpa	37	name+unit	1260		3028626	3028626	3028626	Oxygen [Partial pressure] in Capillary blood	Oxygen [Partial pressure] in Capillary blood	Oxygen [Partial pressure] in Capillary blood	Oxygen [Partial pressure] in Capillary blood	Oxygen [Partial pressure] in Blood	Oxygen [Partial pressure] in Capillary blood	high	high	high
happoemästasejahappi,laskimoverestä,pikatesti␤		37	name	643		3000991	3000991	3000991	Gas panel - Venous blood	Gas panel - Venous blood	Gas panel - Venous blood	Blood gas panel - Venous blood	Blood gas panel - Venous blood	Gas panel - Venous blood	high	medium	high
hepatiittic-virus,nh,jatkotutkimus,plasmasta		37	name	512		3021125	3021125	3021125	Hepatitis C virus RNA [Presence] in Serum or Plasma by NAA with probe detection	Hepatitis C virus RNA [Presence] in Serum or Plasma by NAA with probe detection	Hepatitis C virus RNA [Presence] in Serum or Plasma by NAA with probe detection	Hepatitis C virus RNA [Presence] in Plasma by NAA with probe detection	Hepatitis C virus RNA [Presence] in Plasma by NAA with probe detection	Hepatitis C virus RNA [Presence] in Plasma by NAA with probe detection	high	medium	medium
hiilidioksidiosapaine,laskimoverestä,pikatesti␤	kpa	37	name+unit	707		3021447	3021447	3021447	Carbon dioxide [Partial pressure] in Venous blood	Carbon dioxide [Partial pressure] in Venous blood	Carbon dioxide [Partial pressure] in Venous blood	Carbon dioxide [Partial pressure] in Venous blood	Carbon dioxide [Partial pressure] in Venous blood	Carbon dioxide [Partial pressure] in Venous blood	high	high	high
hiilidioksidiosapaine,laskimoverestä,pikatesti␤		37	name	5		3021447	3021447	3021447	Carbon dioxide [Partial pressure] in Venous blood	Carbon dioxide [Partial pressure] in Venous blood	Carbon dioxide [Partial pressure] in Venous blood	Carbon dioxide [Partial pressure] in Venous blood	Carbon dioxide [Partial pressure] in Venous blood	Carbon dioxide [Partial pressure] in Venous blood	high	medium	high
hpv-gt16aptimapanther,apututkimustulostensiirtoon		37	name	149			42528601	645339		Human papilloma virus 16 E6+E7 mRNA [Presence] in Cervix by NAA with probe detection			Human papillomavirus 16 [Presence] in Cervix by NAA with probe detection	Human papilloma virus 16 E6+E7 mRNA [Presence] in Cervix by NAA with probe detection		low	medium
hpv-gt18-45aptimapanther,apututkimustulostensiirtoon		37	name	149			645864	645864					Human papillomavirus 18+45 [Presence] in Cervix by NAA with probe detection	Human papilloma virus 18+45 E6+E7 mRNA [Presence] in Cervix by NAA with probe detection		medium	medium
hpvaptimapanther,apututkimustulostensiirtoon		37	name	413				36660114			Human papilloma virus E6+E7 mRNA [Presence] in Specimen by NAA with probe detection		Human papillomavirus [Presence] in Cervix by NAA with probe detection	Human papilloma virus E6+E7 mRNA [Presence] in Cervix by NAA with probe detection			medium
humanimmunodeficiencyvirus,antigeenijavasta-		37	name	192		40760007	1091714	40760007	HIV 1+2 Ab+HIV1 p24 Ag [Presence] in Serum or Plasma by Immunoassay	HIV 1+2 Ab+HIV1 p24 Ag [Presence] in Serum or Plasma	HIV 1+2 Ab+HIV1 p24 Ag [Presence] in Serum or Plasma by Immunoassay	HIV 1+2 Ab and p24 Ag [Presence] in Serum or Plasma	HIV 1 and 2 Ab and HIV1 Ag [Presence] in Serum or Plasma	HIV 1 and 2 Ab and HIV1 p24 Ag [Presence] in Serum or Plasma by Immunoassay	high	medium	medium
humanimmunodeficiencyvirus,antigeenijavasta-aineet,yhd		37	name	260		40760007	1091714	40760007	HIV 1+2 Ab+HIV1 p24 Ag [Presence] in Serum or Plasma by Immunoassay	HIV 1+2 Ab+HIV1 p24 Ag [Presence] in Serum or Plasma	HIV 1+2 Ab+HIV1 p24 Ag [Presence] in Serum or Plasma by Immunoassay	HIV 1+2 Ab and p24 Ag [Presence] in Serum or Plasma	HIV 1 and 2 Ab and HIV1 Ag [Presence] in Serum or Plasma	HIV 1 and 2 Ab and HIV1 p24 Ag [Presence] in Serum or Plasma by Immunoassay	high	medium	medium
huume-jalääkeainetutkimus,laaja,varmistus		37	name	448			3042009	3042009		Drugs identified in Urine by Confirmatory method	Drugs identified in Urine by Confirmatory method	Drugs of abuse confirmation panel - Urine	Drugs of abuse panel - Urine by Confirmatory method	Drugs of abuse panel - Urine by Confirmatory method		low	low
huumeseulonta,kvalitatiivinen,virtsasta␤		37	name	140		42870589	42870589	3011288	Drugs of abuse panel - Urine by Screen method	Drugs of abuse panel - Urine by Screen method	Drugs identified in Urine by Screen method Nominal	Drugs of abuse screen panel - Urine	Drugs of abuse panel - Urine	Drugs of abuse panel - Urine by Screen method	high	high	medium
kalium,hoitoyksikönvieritesti,veri	mmol/l	37	name+unit+values	166		3005456	3005456	3005456	Potassium [Moles/volume] in Blood	Potassium [Moles/volume] in Blood	Potassium [Moles/volume] in Blood	Potassium [Moles/volume] in Blood	Potassium [Moles/volume] in Blood	Potassium [Moles/volume] in Blood	high	high	high
kalium,hoitoyksikönvieritesti,veri		37	name+values	290		3005456	3005456	3005456	Potassium [Moles/volume] in Blood	Potassium [Moles/volume] in Blood	Potassium [Moles/volume] in Blood	Potassium [Moles/volume] in Blood	Potassium [Moles/volume] in Blood	Potassium [Moles/volume] in Blood	high	high	high
kreatiniini,hoitoyksikönvieritesti,veri	mmol/l	37	name+unit+values	163		40762887	40762887	40762887	Creatinine [Moles/volume] in Blood	Creatinine [Moles/volume] in Blood	Creatinine [Moles/volume] in Blood	Creatinine [Moles/volume] in Blood	Creatinine [Moles/volume] in Blood	Creatinine [Moles/volume] in Blood	high	high	high
kreatiniini,virtsasta(huumeseulonnanyhteydessä)	mmol/l	37	name+unit+values	874	3009508	3009508	3009508	3009508	Creatinine [Moles/volume] in Urine	Creatinine [Moles/volume] in Urine	Creatinine [Moles/volume] in Urine	Creatinine [Moles/volume] in Urine	Creatinine [Moles/volume] in Urine	Creatinine [Moles/volume] in Urine	high	high	high
kreatiniini,virtsasta(huumeseulonnanyhteydessä)		37	name	6		3009508	3009508	3009508	Creatinine [Moles/volume] in Urine	Creatinine [Moles/volume] in Urine	Creatinine [Moles/volume] in Urine	Creatinine [Moles/volume] in Urine	Creatinine [Moles/volume] in Urine	Creatinine [Moles/volume] in Urine	high	medium	low
laajahuumeseulonta,varmistustasoinen,virtsasta		37	name	944			3042009	3042009		Drugs identified in Urine by Confirmatory method	Drugs identified in Urine by Confirmatory method	Drugs of abuse confirmation panel - Urine	Drugs of abuse panel - Urine by Confirmatory method	Drugs of abuse panel - Urine by Confirmatory method		high	medium
lieriöt,virtsasta,partikkelinlaskijalla,osatutk.	e6/l	37	name+unit+values	203		3030467	3030467	3030467	Casts [#/volume] in Urine by Automated count	Casts [#/volume] in Urine by Automated count	Casts [#/volume] in Urine by Automated count	Casts [#/volume] in Urine by Automated count	Casts [#/volume] in Urine by Automated count	Casts [#/volume] in Urine by Automated count	high	high	high
lieriöt,virtsasta,partikkelinlaskijalla,osatutk.		37	name	9		3030467	3030467	3030467	Casts [#/volume] in Urine by Automated count	Casts [#/volume] in Urine by Automated count	Casts [#/volume] in Urine by Automated count	Casts [#/volume] in Urine by Automated count	Casts [#/volume] in Urine by Automated count	Casts [#/volume] in Urine by Automated count	high	medium	medium
lisävastauslaskutuskuitatullenäytteelle		37	name	214													
luuntiheysmittaus,2kohdetta(nk6sa),lausuttuna		37	name	145		42529473	42529473	3051343	Bone density quantitative measurement by DXA panel	Bone density quantitative measurement by DXA panel	DXA Bone [Mass/Area] Bone density	Bone density study panel	Bone density panel - 2 sites by DXA	Bone mineral density [Mass/Area] by DXA	high	medium	medium
marevan-hoidonseur.tatesti,hoitoyksikkötekeesormenpäänäyte		37	name	168		3051593	3051593	3051593	INR in Capillary blood by Coagulation assay	INR in Capillary blood by Coagulation assay	INR in Capillary blood by Coagulation assay	INR [Ratio] in Capillary blood	INR [International normalized ratio] in Blood by Coagulation assay	INR in Capillary blood by Coagulation assay	high	high	high
moniresistentitgramnegatiivisetsauvat,viljely		37	name	206		21491103	21491103	21491103	Multiple drug resistant gram negative organism [Identifier] in Specimen by Culture	Multiple drug resistant gram negative organism [Identifier] in Specimen by Culture	Multiple drug resistant gram negative organism [Identifier] in Specimen by Culture	Bacteria.Gram negative.multidrug resistant identified in Specimen by Culture	Multidrug resistant Gram negative rods identified in Specimen by Culture	Multidrug resistant gram negative rods [Presence] in Specimen by Organism specific culture	high	medium	high
natrium,hoitoyksikönvieritesti,veri	mmol/l	37	name+unit+values	163		3000285	3000285	3000285	Sodium [Moles/volume] in Blood	Sodium [Moles/volume] in Blood	Sodium [Moles/volume] in Blood	Sodium [Moles/volume] in Blood	Sodium [Moles/volume] in Blood	Sodium [Moles/volume] in Blood	high	high	high
natrium,hoitoyksikönvieritesti,veri		37	name+values	292		3000285	3000285	3000285	Sodium [Moles/volume] in Blood	Sodium [Moles/volume] in Blood	Sodium [Moles/volume] in Blood	Sodium [Moles/volume] in Blood	Sodium [Moles/volume] in Blood	Sodium [Moles/volume] in Blood	high	high	high
natriureettinenpeptidi,b-tyypinn-terminaalinenpropeptidi,plasmasta	ng/l	37	name+unit+values	159		42529224	3029187	3029187	Natriuretic peptide.B prohormone N-Terminal [Mass/volume] in Serum or Plasma by Immunoassay	Natriuretic peptide.B prohormone N-Terminal [Mass/volume] in Serum or Plasma	Natriuretic peptide.B prohormone N-Terminal [Mass/volume] in Serum or Plasma	Natriuretic peptide B.N-terminal pro [Mass/volume] in Plasma	Natriuretic peptide.B type prohormone N-Terminal [Mass/volume] in Plasma	Natriuretic peptide.B prohormone N-Terminal [Mass/volume] in Serum or Plasma	high	high	high
nk-solujenosuus(määritettynäcd3-/cd16+/cd56+-soluina)	%	37	name+unit+values	665			3027831	3027831		CD3-CD16+CD56+ (Natural killer) cells/cells in Blood	CD3-CD16+CD56+ (Natural killer) cells/cells in Blood	NK cells/Lymphocytes [# Ratio] in Blood	Natural killer cells/100 leukocytes in Blood by Flow cytometry	Natural killer cells/100 cells in Blood by Flow cytometry		high	high
osmolaliteetti,virtsasta,partikkelinlaskijalla,osatutk.	mosm/kgh2o	37	name+unit+values	203		3026782	3026782	3026782	Osmolality of Urine	Osmolality of Urine	Osmolality of Urine	Osmolality [Osmolality] in Urine	Osmolality of Urine	Osmolality [Osmolality] in Urine	high	medium	high
osmolaliteetti,virtsasta,partikkelinlaskijalla,osatutk.		37	name	9		3026782	3026782	3026782	Osmolality of Urine	Osmolality of Urine	Osmolality of Urine	Osmolality [Osmolality] in Urine	Osmolality of Urine	Osmolality [Osmolality] in Urine	high	medium	medium
p-natriureett.peptidin-termin.propept.vieritl	ng/l	37	name+unit+values	118		1469712	3029187	3029187	Natriuretic peptide.B prohormone N-Terminal [Mass/volume] in Serum, Plasma or Blood by Rapid immunoassay	Natriuretic peptide.B prohormone N-Terminal [Mass/volume] in Serum or Plasma	Natriuretic peptide.B prohormone N-Terminal [Mass/volume] in Serum or Plasma	Natriuretic peptide B.N-terminal pro [Mass/volume] in Plasma	Natriuretic peptide.B type prohormone N-Terminal [Mass/volume] in Plasma	Natriuretic peptide.B prohormone N-Terminal [Mass/volume] in Serum or Plasma	high	high	medium
p-natriureett.peptidin-termin.propept.vieritl		37	name	20		1469712	3029187	3029187	Natriuretic peptide.B prohormone N-Terminal [Mass/volume] in Serum, Plasma or Blood by Rapid immunoassay	Natriuretic peptide.B prohormone N-Terminal [Mass/volume] in Serum or Plasma	Natriuretic peptide.B prohormone N-Terminal [Mass/volume] in Serum or Plasma	Natriuretic peptide B.N-terminal pro [Mass/volume] in Plasma	Natriuretic peptide.B type prohormone N-Terminal [Mass/volume] in Plasma	Natriuretic peptide.B prohormone N-Terminal [Mass/volume] in Serum or Plasma	high	medium	medium
p-natriureettinenpeptidi,b-tyypinn-terminaalin	ng/l	37	name+unit+values	4682		42529224	3029187	3029187	Natriuretic peptide.B prohormone N-Terminal [Mass/volume] in Serum or Plasma by Immunoassay	Natriuretic peptide.B prohormone N-Terminal [Mass/volume] in Serum or Plasma	Natriuretic peptide.B prohormone N-Terminal [Mass/volume] in Serum or Plasma	Natriuretic peptide B.N-terminal pro [Mass/volume] in Plasma	Natriuretic peptide.B type prohormone N-Terminal [Mass/volume] in Plasma	Natriuretic peptide.B prohormone N-Terminal [Mass/volume] in Serum or Plasma	high	high	high
p-natriureettinenpeptidi,b-tyypinn-terminaalin		37	name	149		42529224	3029187	3029187	Natriuretic peptide.B prohormone N-Terminal [Mass/volume] in Serum or Plasma by Immunoassay	Natriuretic peptide.B prohormone N-Terminal [Mass/volume] in Serum or Plasma	Natriuretic peptide.B prohormone N-Terminal [Mass/volume] in Serum or Plasma	Natriuretic peptide B.N-terminal pro [Mass/volume] in Plasma	Natriuretic peptide.B type prohormone N-Terminal [Mass/volume] in Plasma	Natriuretic peptide.B prohormone N-Terminal [Mass/volume] in Serum or Plasma	high	medium	medium
p-natriureettinenpeptidi,b-tyypn-term.propeptidi	ng/l	37	name+unit+values	1366		42529224	3029187	3029187	Natriuretic peptide.B prohormone N-Terminal [Mass/volume] in Serum or Plasma by Immunoassay	Natriuretic peptide.B prohormone N-Terminal [Mass/volume] in Serum or Plasma	Natriuretic peptide.B prohormone N-Terminal [Mass/volume] in Serum or Plasma	Natriuretic peptide B.N-terminal pro [Mass/volume] in Plasma	Natriuretic peptide.B type prohormone N-Terminal [Mass/volume] in Plasma	Natriuretic peptide.B prohormone N-Terminal [Mass/volume] in Serum or Plasma	high	high	high
p-natriureettinenpeptidi,b-tyypn-term.propeptidi		37	name	107		42529224	3029187	3029187	Natriuretic peptide.B prohormone N-Terminal [Mass/volume] in Serum or Plasma by Immunoassay	Natriuretic peptide.B prohormone N-Terminal [Mass/volume] in Serum or Plasma	Natriuretic peptide.B prohormone N-Terminal [Mass/volume] in Serum or Plasma	Natriuretic peptide B.N-terminal pro [Mass/volume] in Plasma	Natriuretic peptide.B type prohormone N-Terminal [Mass/volume] in Plasma	Natriuretic peptide.B prohormone N-Terminal [Mass/volume] in Serum or Plasma	high	medium	medium
parasiitit,ulosteesta(alkueläintenkystat,madot,madonmunat,toukat)		37	name	120		3003327	3003327	3003327	Ova and parasites identified in Stool by Light microscopy	Ova and parasites identified in Stool by Light microscopy	Ova and parasites identified in Stool by Light microscopy	Ova and Parasites identified in Stool by Microscopy	Parasites identified in Stool by Microscopy	Ova and parasites identified in Stool by Light microscopy	high	high	high
pienikudoskoepala,enintään1-3samankokonaisuudennäytettä		37	name	234		3039150		40768804	Biopsy [Interpretation] in Specimen Narrative		Tissue Pathology biopsy report	Tissue examination.gross and microscopic [Interpretation] in Tissue	Histology study in Tissue	Histopathology study in Tissue	high		low
pika:m10inabnhp,rsvnhp,cv19nhp,yhdistelmävierit.		37	name	267		36031861	36031861	36031861	Influenza virus A and B and SARS-CoV-2 (COVID-19) and Respiratory syncytial virus RNA panel - Respiratory system specimen by NAA with probe detection	Influenza virus A and B and SARS-CoV-2 (COVID-19) and Respiratory syncytial virus RNA panel - Respiratory system specimen by NAA with probe detection	Influenza virus A and B and SARS-CoV-2 (COVID-19) and Respiratory syncytial virus RNA panel - Respiratory system specimen by NAA with probe detection	Influenza virus A+B and Respiratory syncytial virus and SARS-CoV-2 RNA panel - Respiratory specimen by NAA with probe detection	Influenza A and B virus, RSV, and SARS-CoV-2 RNA panel - Nasopharynx by NAA with probe detection	Influenza virus A and B and SARS-CoV-2 and Respiratory syncytial virus RNA panel - Respiratory specimen by NAA with probe detection	high	medium	high
pt-diffuusiokapasiteetti,single-breath-menetelmä,tavallinenperusmittaus		37	name	3577		3008905	3008905	3008905	Diffusion capacity.carbon monoxide	Diffusion capacity.carbon monoxide	Diffusion capacity.carbon monoxide	Carbon monoxide diffusing capacity [Volume/time/Pressure] in Exhaled gas	Diffusing capacity of lung for Carbon monoxide by Single breath method	Carbon monoxide diffusing capacity of the lung by Single breath method	high	medium	medium
pt-lausuntoneurofysiologisestatutkimuksesta,hälytysindikaatiot		37	name	113									Neurophysiologic study findings [Interpretation] in Patient	Clinical neurophysiology study report [Interpretation]			
pt-luuntiheysmittaus,2kohdetta,ilmanlausuntoa		37	name	120		42529473	42529473	3051343	Bone density quantitative measurement by DXA panel	Bone density quantitative measurement by DXA panel	DXA Bone [Mass/Area] Bone density	Bone density 2 sites [Mass/area] by DXA	Bone density panel - 2 sites by DXA	Bone mineral density [Mass/Area] by DXA	high	medium	medium
pt-sydämenkattavarakenteellinenjatoiminnallinenuä(fm1ee)		37	name	177		3044933	3044933	3021725	Cardiac 2D echo panel	Cardiac 2D echo panel	Central cardiovascular Study observation by US	Echocardiogram.comprehensive panel	Echocardiography study panel - Heart	Echocardiography study observation in Heart by US	high	medium	low
pt-uloshengityksenhuippuvirtaus,vuorokausivaihtelunseuranta		37	name	474			3023329	3043729		Maximum expiratory gas flow Respiratory system airway by Peak flow meter	Maximum expiratory gas flow Respiratory system airway	Peak expiratory flow rate diurnal variation	Peak expiratory flow rate panel --diurnal variation	Peak expiratory flow rate [Volume Rate] in Respiratory system		low	medium
pt-yöpolygrafia,ambulatorinen,hyvinsuppeaunirekisteröintikotona		37	name	542				1002224			Polysomnography panel	Sleep study.home limited panel	Sleep study panel - Patient by Polygraphy	Polysomnography panel			medium
pt-yöpolygrafia,ambulatorinen,jalkaliikerekisteröinnein		37	name	102				1002224			Polysomnography panel	Sleep study.home panel	Sleep study with limb movement panel - Patient by Polygraphy	Polysomnography panel			medium
pu-aerobinenjaanaerobinenbakteerityypitysjaan		37	name	147		46234833		1469525	Bacteria identified in Abscess by Anaerobe+Aerobe culture		Bacteria identified in Pus by Culture	Bacteria identified in Pus by Aerobic and Anaerobic culture	Bacteria identified in Pus by Aerobic and anaerobic culture	Bacteria identified in Pus by Aerobic and anaerobic culture	high		medium
resistentitgramnegatiivisetsauvat,viljely		37	name	320			21491103	21491103		Multiple drug resistant gram negative organism [Identifier] in Specimen by Culture	Multiple drug resistant gram negative organism [Identifier] in Specimen by Culture	Bacteria.Gram negative.resistant identified in Specimen by Culture	Resistant Gram negative rods identified in Specimen by Culture	Resistant gram negative rods [Presence] in Specimen by Organism specific culture		medium	low
retikulosyyttienkeskimääräinenhemoglobiininmäärä	pg	37	name+unit+values	525		42869451	3029080	3029080	Hemoglobin [Entitic mass] in Reticulocytes by Automated count	Hemoglobin [Entitic mass] in Reticulocytes	Hemoglobin [Entitic mass] in Reticulocytes	Reticulocyte hemoglobin content [Entitic mass] in Blood	Reticulocytes.mean cell hemoglobin [Entitic mass] in Blood	Reticulocytes Hemoglobin [Entitic mass] in Red Blood Cells	high	high	high
retikulosyyttienkeskimääräinenhemoglobiininmäärä		37	name	5		42869451	3029080	3029080	Hemoglobin [Entitic mass] in Reticulocytes by Automated count	Hemoglobin [Entitic mass] in Reticulocytes	Hemoglobin [Entitic mass] in Reticulocytes	Reticulocyte hemoglobin content [Entitic mass] in Blood	Reticulocytes.mean cell hemoglobin [Entitic mass] in Blood	Reticulocytes Hemoglobin [Entitic mass] in Red Blood Cells	high	medium	medium
s-humanimmunodeficiencyvirus,antigeenijavast		37	name	1221		40760007	1091714	40760007	HIV 1+2 Ab+HIV1 p24 Ag [Presence] in Serum or Plasma by Immunoassay	HIV 1+2 Ab+HIV1 p24 Ag [Presence] in Serum or Plasma	HIV 1+2 Ab+HIV1 p24 Ag [Presence] in Serum or Plasma by Immunoassay	HIV 1+2 Ab and p24 Ag [Presence] in Serum	HIV 1 and 2 Ab and HIV1 Ag [Presence] in Serum or Plasma	HIV 1 and 2 Ab and HIV1 p24 Ag [Presence] in Serum by Immunoassay	high	medium	medium
sikiöperäisendna:ntutkimusäidinverinäytteestä		37	name	104		43533989	43533989	43533989	Noninvasive prenatal fetal aneuploidy panel - Plasma cell-free DNA	Noninvasive prenatal fetal aneuploidy panel - Plasma cell-free DNA	Noninvasive prenatal fetal aneuploidy panel - Plasma cell-free DNA	Fetal aneuploidy screen panel - Maternal blood by DNA analysis	Fetal cell-free DNA analysis in Maternal blood	Cell free fetal DNA [Identifier] in Maternal blood by Sequencing	high	medium	medium
staphylococcusaureus,metisilliiniresistenssiviljely␤		37	name	134		3019902	3019902	3019902	Methicillin resistant Staphylococcus aureus [Presence] in Specimen by Organism specific culture	Methicillin resistant Staphylococcus aureus [Presence] in Specimen by Organism specific culture	Methicillin resistant Staphylococcus aureus [Presence] in Specimen by Organism specific culture	Staphylococcus aureus.methicillin resistant [Presence] in Specimen by Organism specific culture	Staphylococcus aureus.methicillin resistant [Presence] in Specimen by Culture	Staphylococcus aureus.methicillin resistant [Presence] in Specimen by Organism specific culture	high	high	high
staphylococcusaureus,metisilliiniresistentti(mrsa),viljely		37	name	627		3019902	3019902	3019902	Methicillin resistant Staphylococcus aureus [Presence] in Specimen by Organism specific culture	Methicillin resistant Staphylococcus aureus [Presence] in Specimen by Organism specific culture	Methicillin resistant Staphylococcus aureus [Presence] in Specimen by Organism specific culture	Staphylococcus aureus.methicillin resistant [Presence] in Specimen by Organism specific culture	Staphylococcus aureus.methicillin resistant [Presence] in Specimen by Culture	Staphylococcus aureus.methicillin resistant [Presence] in Specimen by Organism specific culture	high	high	high
t-auttajasolujenosuus(määritettynäcd3+cd4+soluina)	%	37	name+unit+values	665				3014037			CD3+CD4+ (T4 helper) cells/cells in Blood	T-helper cells/Lymphocytes [# Ratio] in Blood	T cells.CD4/100 leukocytes in Blood by Flow cytometry	CD3+CD4+ (T4 helper) cells/100 cells in Blood by Flow cytometry			high
t-estäjäsolujenosuus(määritettynäcd3+cd8+soluina)	%	37	name+unit+values	665		3007449		3007449	CD3+CD8+ (T8 suppressor) cells/cells in Blood		CD3+CD8+ (T8 suppressor) cells/cells in Blood	T-suppressor cells/Lymphocytes [# Ratio] in Blood	T cells.CD8/100 leukocytes in Blood by Flow cytometry	CD3+CD8+ (T8 suppressor cells)/100 cells in Blood by Flow cytometry	high		high
troponiini-t-pit.hoitoyksikkötekeevieritestilaitteella	ng/l	37	name+unit	7		1469828	1469858	3019800	Troponin I.cardiac [Mass/volume] in Serum, Plasma or Blood by High sensitivity method	Troponin T.cardiac [Mass/volume] in Serum, Plasma or Blood by Rapid immunoassay	Troponin T.cardiac [Mass/volume] in Serum or Plasma	Troponin T [Mass/volume] in Blood	Troponin T.cardiac [Mass/volume] in Serum or Plasma	Troponin T.cardiac [Mass/volume] in Serum or Plasma	high	medium	medium
troponiini-t-pit.hoitoyksikkötekeevieritestilaitteella		37	name	97		1469828	1469858	3019800	Troponin I.cardiac [Mass/volume] in Serum, Plasma or Blood by High sensitivity method	Troponin T.cardiac [Mass/volume] in Serum, Plasma or Blood by Rapid immunoassay	Troponin T.cardiac [Mass/volume] in Serum or Plasma	Troponin T [Mass/volume] in Blood	Troponin T.cardiac [Mass/volume] in Serum or Plasma	Troponin T.cardiac [Mass/volume] in Serum or Plasma	high	low	medium
ts-histologinentutkimus,1-3kudosnäytettä		37	name	160		3039150		40768804	Biopsy [Interpretation] in Specimen Narrative		Tissue Pathology biopsy report		Histology study in Tissue	Histopathology study in Tissue	high		medium
ts-histologinentutkimus,1-3näytettä		37	name	945		3039150		40768804	Biopsy [Interpretation] in Specimen Narrative		Tissue Pathology biopsy report	Tissue examination.gross and microscopic [Interpretation] in Tissue	Histology study in Tissue	Histopathology study in Tissue	high		medium
työpaikanhuumeseulontajavarmistus,4yhdistettä		37	name	469			3042009	36305828		Drugs identified in Urine by Confirmatory method	Drugs of abuse screen W Reflex confirm panel - Urine	Workplace drugs of abuse screen and confirmation 4 panel - Urine	Drugs of abuse panel - Urine by Confirmatory method	Drugs of abuse 4 panel - Urine by Confirmatory method		medium	low
työpaikanhuumeseulontajavarmistus,7yhdistettä		37	name	312			3042009	36305828		Drugs identified in Urine by Confirmatory method	Drugs of abuse screen W Reflex confirm panel - Urine	Workplace drugs of abuse screen and confirmation 7 panel - Urine	Drugs of abuse panel - Urine by Confirmatory method	Drugs of abuse 7 panel - Urine by Confirmatory method		medium	low
täydellinennimi:pt-näytteenotto0maksu,kierronulkopuolisetnäytteet		37	name	1481													
täydellinenverenkuva,sis.perusverenkuvanjaleukosyyttienerittelylaskennan␤		37	name	9742		40760140	40760140	42870592	CBC W Auto Differential panel - Blood	CBC W Auto Differential panel - Blood	CBC W Differential panel, method unspecified - Blood	CBC with Differential panel - Blood	CBC panel with differential - Blood by Automated count	CBC W Auto Differential panel - Blood	high	high	medium
u-amfetamiinijametamfetamiini,enantiomeerienerittely		37	name	120			3044552	1616954		Amphetamine+Methamphetamine [Presence] in Urine	Amphetamines panel - Urine by Confirmatory method	Amphetamine and Methamphetamine enantiomers panel - Urine	Amphetamine and Methamphetamine enantiomers [Presence] in Urine by Chiral chromatography	Amphetamine and Methamphetamine enantiomers identified in Urine by Confirmatory method		low	low
u-asetoniaineet,kval,vieritestihoitoyksikössä		37	name	421		3035350	3035350	3035350	Ketones [Presence] in Urine by Test strip	Ketones [Presence] in Urine by Test strip	Ketones [Presence] in Urine by Test strip	Ketones [Presence] in Urine by Test strip	Ketones [Presence] in Urine by Test strip	Ketones [Presence] in Urine by Test strip	high	high	high
u-erytrosyytit,kval,vieritestihoitoyksikössä		37	name	413		3011397	3045424	3009105	Hemoglobin [Presence] in Urine by Test strip	Erythrocytes [Presence] in Urine	Erythrocytes [#/volume] in Urine by Test strip	Hemoglobin [Presence] in Urine by Test strip	Erythrocytes [Presence] in Urine by Test strip	Erythrocytes [Presence] in Urine by Test strip	high	medium	medium
u-glukoosi,kvalvieritestihoitoyksikössä		37	name	423		3009261	3009261	3009261	Glucose [Presence] in Urine by Test strip	Glucose [Presence] in Urine by Test strip	Glucose [Presence] in Urine by Test strip	Glucose [Presence] in Urine by Test strip	Glucose [Presence] in Urine by Test strip	Glucose [Presence] in Urine by Test strip	high	high	high
u-happamuusaste,vieritestihoitoyksikössä		37	name+values	400		3022621	3022621	3022621	pH of Urine by Test strip	pH of Urine by Test strip	pH of Urine by Test strip	pH [Logarithmic Content] in Urine by Test strip	pH of Urine by Test strip	pH of Urine by Test strip	high	high	high
u-huume-jalääkeainetutkimus,laaja,varmistus		37	name	175			3042009	3042009		Drugs identified in Urine by Confirmatory method	Drugs identified in Urine by Confirmatory method	Drugs of abuse confirmation panel - Urine	Drugs of abuse panel - Urine by Confirmatory method	Drugs of abuse panel - Urine by Confirmatory method		high	medium
u-huume-jalääkeainetutkimus,semikvantitatiivinen,virtsa␤sta		37	name	121		42870589	42870589	3011288	Drugs of abuse panel - Urine by Screen method	Drugs of abuse panel - Urine by Screen method	Drugs identified in Urine by Screen method Nominal	Drugs of abuse screen panel - Urine	Drugs of abuse panel - Urine	Drugs of abuse panel - Urine	medium	medium	low
u-huumeseulonta,laaja(kvalitatiivinenlc-tof-ms)		37	name	144		42870589	3042009	3011288	Drugs of abuse panel - Urine by Screen method	Drugs identified in Urine by Confirmatory method	Drugs identified in Urine by Screen method Nominal	Drugs of abuse screen panel - Urine	Drugs of abuse panel - Urine by LC/MS	Drugs of abuse panel - Urine by Screen method	high	medium	medium
u-kemiallinenseulonta,vieritestihoitoyksikössä		37	name	104		3037467	3029361	3037467	Urinalysis macro (dipstick) panel - Urine	Urinalysis dipstick panel - Urine by Automated test strip	Urinalysis macro (dipstick) panel - Urine	Urinalysis macro (dipstick) panel - Urine	Urinalysis panel - Urine by Test strip	Urinalysis macro (dipstick) panel - Urine by Test strip	high	medium	medium
u-kreatiniini,virtsasta(huumeseulonnanyhteydessä)	mmol/l	37	name+unit+values	398	3009508	3009508	3009508	3009508	Creatinine [Moles/volume] in Urine	Creatinine [Moles/volume] in Urine	Creatinine [Moles/volume] in Urine	Creatinine [Moles/volume] in Urine	Creatinine [Moles/volume] in Urine	Creatinine [Moles/volume] in Urine	high	high	high
u-laajahuume-jalääkeainetutkimus,semikvantitatiivinen		37	name	421		42870589	42870589	3011288	Drugs of abuse panel - Urine by Screen method	Drugs of abuse panel - Urine by Screen method	Drugs identified in Urine by Screen method Nominal	Drugs of abuse screen panel - Urine	Drugs of abuse panel - Urine	Drugs of abuse panel - Urine	medium	medium	low
u-leukosyytit,kval,vieritestihoitoyksikössä		37	name	429		3000348	3000348	3014749	Leukocyte esterase [Presence] in Urine by Test strip	Leukocyte esterase [Presence] in Urine by Test strip	Leukocytes [#/volume] in Urine by Test strip	Leukocyte esterase [Presence] in Urine by Test strip	Leukocyte esterase [Presence] in Urine by Test strip	Leukocytes [Presence] in Urine by Test strip	high	high	medium
u-nitriitti,kval,vieritestihoitoyksikössä		37	name	421		3021601	3021601	3021601	Nitrite [Presence] in Urine by Test strip	Nitrite [Presence] in Urine by Test strip	Nitrite [Presence] in Urine by Test strip	Nitrite [Presence] in Urine by Test strip	Nitrite [Presence] in Urine by Test strip	Nitrite [Presence] in Urine by Test strip	high	high	high
u-proteiini,kval,vieritestihoitoyksikössä		37	name	425		3014051	3014051	3014051	Protein [Presence] in Urine by Test strip	Protein [Presence] in Urine by Test strip	Protein [Presence] in Urine by Test strip	Protein [Presence] in Urine by Test strip	Protein [Presence] in Urine by Test strip	Protein [Presence] in Urine by Test strip	high	high	high
vieritestilaite(epoc)verikaasuanalyysilaskimonäytteestä		37	name	162		3000991	3000991	3000991	Gas panel - Venous blood	Gas panel - Venous blood	Gas panel - Venous blood	Blood gas panel - Venous blood	Blood gas panel - Venous blood	Gas panel - Venous blood	high	medium	high
yersinia(lajitenterocolitica,pseudotuberculosis,pestis)nho,ulosteesta␤		37	name	484				3050126			Yersinia sp DNA [Identifier] in Specimen by NAA with probe detection	Yersinia enterocolitica+pseudotuberculosis+pestis DNA panel - Stool by NAA with probe detection	Yersinia species DNA [Presence] in Stool by NAA with probe detection	Yersinia enterocolitica and Yersinia pseudotuberculosis and Yersinia pestis DNA [Presence] in Stool by NAA with probe detection			low
ab-na	mmol/l	42	name+unit+values	1125		3043706	3043706	3043706	Sodium [Moles/volume] in Arterial blood	Sodium [Moles/volume] in Arterial blood	Sodium [Moles/volume] in Arterial blood	Sodium [Moles/volume] in Arterial blood	Sodium [Moles/volume] in Arterial blood	Sodium [Moles/volume] in Arterial blood	high	high	high
ap-lakt	mmol/l	42	name+unit+values	1456	3018405	3020410	3020410	3020410	Lactate [Moles/volume] in Arterial plasma	Lactate [Moles/volume] in Arterial plasma	Lactate [Moles/volume] in Arterial plasma	Lactate [Moles/volume] in Arterial plasma	Lactate [Moles/volume] in Arterial blood	Lactate [Moles/volume] in Arterial blood	high	high	medium
ap-lakt		42	name	18	3018405	3020410	3020410	3020410	Lactate [Moles/volume] in Arterial plasma	Lactate [Moles/volume] in Arterial plasma	Lactate [Moles/volume] in Arterial plasma	Lactate [Moles/volume] in Arterial plasma	Lactate [Moles/volume] in Arterial blood	Lactate [Moles/volume] in Arterial blood	medium	medium	low
ap-na	%	42	name+unit	24		3019550	3019550	3043706	Sodium [Moles/volume] in Serum or Plasma	Sodium [Moles/volume] in Serum or Plasma	Sodium [Moles/volume] in Arterial blood	Sodium [Moles/volume] in Arterial plasma	Sodium [Moles/volume] in Arterial blood	Sodium [Moles/volume] in Arterial blood	medium	low	low
ap-na	g/l	42	name+unit	6		3019550	3019550	3043706	Sodium [Moles/volume] in Serum or Plasma	Sodium [Moles/volume] in Serum or Plasma	Sodium [Moles/volume] in Arterial blood	Sodium [Moles/volume] in Arterial plasma	Sodium [Moles/volume] in Arterial blood	Sodium [Moles/volume] in Arterial blood	medium	low	low
ap-na	kpa	42	name+unit	12		3019550	3019550	3043706	Sodium [Moles/volume] in Serum or Plasma	Sodium [Moles/volume] in Serum or Plasma	Sodium [Moles/volume] in Arterial blood	Sodium [Moles/volume] in Arterial plasma	Sodium [Moles/volume] in Arterial blood	Sodium [Moles/volume] in Arterial blood	medium	low	low
ap-na	mmol/l	42	name+unit+values	50270	3019550	3019550	3019550	3043706	Sodium [Moles/volume] in Serum or Plasma	Sodium [Moles/volume] in Serum or Plasma	Sodium [Moles/volume] in Arterial blood	Sodium [Moles/volume] in Arterial plasma	Sodium [Moles/volume] in Arterial blood	Sodium [Moles/volume] in Arterial blood	high	medium	medium
ap-na	°c	42	name+unit	6		3019550	3019550	3043706	Sodium [Moles/volume] in Serum or Plasma	Sodium [Moles/volume] in Serum or Plasma	Sodium [Moles/volume] in Arterial blood	Sodium [Moles/volume] in Arterial plasma	Sodium [Moles/volume] in Arterial blood	Sodium [Moles/volume] in Arterial blood	medium	low	low
ap-na		42	name	233	3019550	3019550	3019550	3043706	Sodium [Moles/volume] in Serum or Plasma	Sodium [Moles/volume] in Serum or Plasma	Sodium [Moles/volume] in Arterial blood	Sodium [Moles/volume] in Arterial plasma	Sodium [Moles/volume] in Arterial blood	Sodium [Moles/volume] in Arterial blood	medium	low	low
ap-nak		42	name	155		3045783	3045783	44786996	Sodium and Potassium panel [Moles/volume] - Serum or Plasma	Sodium and Potassium panel [Moles/volume] - Serum or Plasma	Sodium and Potassium panel [Moles/volume] - Blood	Sodium and Potassium panel - Arterial plasma	Sodium and Potassium panel - Arterial blood	Sodium and Potassium panel - Blood	high	medium	low
b-na	mmol/l	42	name+unit+values	59360	3019550	3000285	3000285	3000285	Sodium [Moles/volume] in Blood	Sodium [Moles/volume] in Blood	Sodium [Moles/volume] in Blood	Sodium [Moles/volume] in Blood	Sodium [Moles/volume] in Blood	Sodium [Moles/volume] in Blood	high	high	high
b-na		42	name+values	9740	3019550	3000285	3000285	3000285	Sodium [Moles/volume] in Blood	Sodium [Moles/volume] in Blood	Sodium [Moles/volume] in Blood	Sodium [Moles/volume] in Blood	Sodium [Moles/volume] in Blood	Sodium [Moles/volume] in Blood	high	high	high
cp-na	mmol/l	42	name+unit+values	305	3019550	3038702	3038702	3038702	Sodium [Moles/volume] in Capillary blood	Sodium [Moles/volume] in Capillary blood	Sodium [Moles/volume] in Capillary blood	Sodium [Moles/volume] in Capillary plasma	Sodium [Moles/volume] in Capillary blood	Sodium [Moles/volume] in Capillary blood	high	medium	medium
cp-na		42	name	18	3019550	3038702	3038702	3038702	Sodium [Moles/volume] in Capillary blood	Sodium [Moles/volume] in Capillary blood	Sodium [Moles/volume] in Capillary blood	Sodium [Moles/volume] in Capillary plasma	Sodium [Moles/volume] in Capillary blood	Sodium [Moles/volume] in Capillary blood	medium	low	low
di-na	mmol/l	42	name+unit	307		3002190	3002190	3002190	Sodium [Moles/volume] in Dialysis fluid	Sodium [Moles/volume] in Dialysis fluid	Sodium [Moles/volume] in Dialysis fluid	Sodium [Moles/volume] in Dialysis fluid	Sodium [Moles/volume] in Dialysis fluid	Sodium [Moles/volume] in Dialysis fluid	high	high	high
di-na		42	name	5		3002190	3002190	3002190	Sodium [Moles/volume] in Dialysis fluid	Sodium [Moles/volume] in Dialysis fluid	Sodium [Moles/volume] in Dialysis fluid	Sodium [Moles/volume] in Dialysis fluid	Sodium [Moles/volume] in Dialysis fluid	Sodium [Moles/volume] in Dialysis fluid	medium	medium	medium
du-na	mmol	42	name+unit+values	2785		3002079	3002079	3002079	Sodium [Moles/time] in 24 hour Urine	Sodium [Moles/time] in 24 hour Urine	Sodium [Moles/time] in 24 hour Urine	Sodium [Moles/time] in 24 hour Urine	Sodium [Moles/time] in 24 hour Urine	Sodium [Moles/time] in 24 hour Urine	high	high	high
du-na	mmol/24h	42	name+unit	60	3002079	3002079	3002079	3002079	Sodium [Moles/time] in 24 hour Urine	Sodium [Moles/time] in 24 hour Urine	Sodium [Moles/time] in 24 hour Urine	Sodium [Moles/time] in 24 hour Urine	Sodium [Moles/time] in 24 hour Urine	Sodium [Moles/time] in 24 hour Urine	high	high	high
du-na		42	name+values	1021		3002079	3002079	3002079	Sodium [Moles/time] in 24 hour Urine	Sodium [Moles/time] in 24 hour Urine	Sodium [Moles/time] in 24 hour Urine	Sodium [Moles/time] in 24 hour Urine	Sodium [Moles/time] in 24 hour Urine	Sodium [Moles/time] in 24 hour Urine	high	high	high
fp-ctx	ng/l	42	name+unit	34		3041449	3041449	3041449	Collagen crosslinked C-telopeptide [Mass/volume] in Serum or Plasma	Collagen crosslinked C-telopeptide [Mass/volume] in Serum or Plasma	Collagen crosslinked C-telopeptide [Mass/volume] in Serum or Plasma	Collagen type I C-terminal telopeptide [Mass/volume] in Serum or Plasma	C-telopeptide crosslinked [Mass/volume] in Plasma	Collagen crosslinked C-telopeptide [Mass/volume] in Serum or Plasma	high	medium	medium
fp-ctx	ug/l	42	name+unit+values	1281	3041449	3041449	3041449	3041449	Collagen crosslinked C-telopeptide [Mass/volume] in Serum or Plasma	Collagen crosslinked C-telopeptide [Mass/volume] in Serum or Plasma	Collagen crosslinked C-telopeptide [Mass/volume] in Serum or Plasma	Collagen type I C-terminal telopeptide [Mass/volume] in Serum or Plasma	C-telopeptide crosslinked [Mass/volume] in Plasma	Collagen crosslinked C-telopeptide [Mass/volume] in Serum or Plasma	high	high	high
fp-ctx		42	name+values	491	3041449	3041449	3041449	3041449	Collagen crosslinked C-telopeptide [Mass/volume] in Serum or Plasma	Collagen crosslinked C-telopeptide [Mass/volume] in Serum or Plasma	Collagen crosslinked C-telopeptide [Mass/volume] in Serum or Plasma	Collagen type I C-terminal telopeptide [Mass/volume] in Serum or Plasma	C-telopeptide crosslinked [Mass/volume] in Plasma	Collagen crosslinked C-telopeptide [Mass/volume] in Serum or Plasma	high	high	high
fp-gt	u/l	42	name+unit+values	772	3026910	3026910	3026910	3026910	Gamma glutamyl transferase [Enzymatic activity/volume] in Serum or Plasma	Gamma glutamyl transferase [Enzymatic activity/volume] in Serum or Plasma	Gamma glutamyl transferase [Enzymatic activity/volume] in Serum or Plasma	Gamma glutamyl transferase [Enzymatic activity/volume] in Serum or Plasma	Gamma glutamyl transferase [Enzymatic activity/volume] in Plasma	Gamma glutamyl transferase [Enzymatic activity/volume] in Serum or Plasma	high	high	high
fp-gt		42	name	11	3026910	3026910	3026910	3026910	Gamma glutamyl transferase [Enzymatic activity/volume] in Serum or Plasma	Gamma glutamyl transferase [Enzymatic activity/volume] in Serum or Plasma	Gamma glutamyl transferase [Enzymatic activity/volume] in Serum or Plasma	Gamma glutamyl transferase [Enzymatic activity/volume] in Serum or Plasma	Gamma glutamyl transferase [Enzymatic activity/volume] in Plasma	Gamma glutamyl transferase [Enzymatic activity/volume] in Serum or Plasma	medium	medium	medium
fp-na	mmol/l	42	name+unit+values	6047	3019550	3019550	3019550	3019550	Sodium [Moles/volume] in Serum or Plasma	Sodium [Moles/volume] in Serum or Plasma	Sodium [Moles/volume] in Serum or Plasma	Sodium [Moles/volume] in Serum or Plasma	Sodium [Moles/volume] in Plasma	Sodium [Moles/volume] in Serum or Plasma	high	high	high
fp-na		42	name	18	3019550	3019550	3019550	3019550	Sodium [Moles/volume] in Serum or Plasma	Sodium [Moles/volume] in Serum or Plasma	Sodium [Moles/volume] in Serum or Plasma	Sodium [Moles/volume] in Serum or Plasma	Sodium [Moles/volume] in Plasma	Sodium [Moles/volume] in Serum or Plasma	medium	medium	medium
p-acth	ng/l	42	name+unit+values	10045	3035637	3035637	3035637	3035637	Corticotropin [Mass/volume] in Plasma	Corticotropin [Mass/volume] in Plasma	Corticotropin [Mass/volume] in Plasma	Adrenocorticotropic hormone [Mass/volume] in Plasma	Corticotropin [Mass/volume] in Plasma	Corticotropin [Mass/volume] in Plasma	high	high	high
p-acth	pmol/l	42	name+unit	7	3035963	3035963	3035963	3035963	Corticotropin [Moles/volume] in Plasma	Corticotropin [Moles/volume] in Plasma	Corticotropin [Moles/volume] in Plasma	Adrenocorticotropic hormone [Moles/volume] in Plasma	Corticotropin [Moles/volume] in Plasma	Corticotropin [Moles/volume] in Plasma	high	high	high
p-acth		42	name+values	1461		3035637	3035637	3035637	Corticotropin [Mass/volume] in Plasma	Corticotropin [Mass/volume] in Plasma	Corticotropin [Mass/volume] in Plasma	Adrenocorticotropic hormone [Mass/volume] in Plasma	Corticotropin [Mass/volume] in Plasma	Corticotropin [Mass/volume] in Plasma	high	medium	medium
p-at3	%	42	name+unit+values	33387	3000515	3000515	3018676	3000515	Antithrombin actual/normal in Platelet poor plasma by Chromogenic method	Antithrombin [Units/volume] in Platelet poor plasma by Chromogenic method	Antithrombin actual/normal in Platelet poor plasma by Chromogenic method	Antithrombin III activity [Ratio] in Plasma	Antithrombin [Units/volume] in Plasma	Antithrombin actual/normal in Platelet poor plasma	high	medium	medium
p-at3	form	42	name+unit	18		3000515	3018676	3000515	Antithrombin actual/normal in Platelet poor plasma by Chromogenic method	Antithrombin [Units/volume] in Platelet poor plasma by Chromogenic method	Antithrombin actual/normal in Platelet poor plasma by Chromogenic method	Antithrombin III activity [Ratio] in Plasma	Antithrombin [Units/volume] in Plasma	Antithrombin actual/normal in Platelet poor plasma	medium	low	low
p-at3		42	name+values	750	3000515	3000515	3018676	3000515	Antithrombin actual/normal in Platelet poor plasma by Chromogenic method	Antithrombin [Units/volume] in Platelet poor plasma by Chromogenic method	Antithrombin actual/normal in Platelet poor plasma by Chromogenic method	Antithrombin III activity [Ratio] in Plasma	Antithrombin [Units/volume] in Plasma	Antithrombin actual/normal in Platelet poor plasma	high	medium	medium
p-at3.	%	42	name+unit+values	4852	3000515	3000515	3018676	3000515	Antithrombin actual/normal in Platelet poor plasma by Chromogenic method	Antithrombin [Units/volume] in Platelet poor plasma by Chromogenic method	Antithrombin actual/normal in Platelet poor plasma by Chromogenic method	Antithrombin III activity [Ratio] in Plasma	Antithrombin [Units/volume] in Plasma	Antithrombin actual/normal in Platelet poor plasma	high	medium	medium
p-at3.		42	name+values	269	3000515	3000515	3018676	3000515	Antithrombin actual/normal in Platelet poor plasma by Chromogenic method	Antithrombin [Units/volume] in Platelet poor plasma by Chromogenic method	Antithrombin actual/normal in Platelet poor plasma by Chromogenic method	Antithrombin III activity [Ratio] in Plasma	Antithrombin [Units/volume] in Plasma	Antithrombin actual/normal in Platelet poor plasma	high	medium	medium
p-efa	form	42	name+unit	5		3042943		3042943	Fatty acid essential (C12-C22) panel - Serum or Plasma		Fatty acid essential (C12-C22) panel - Serum or Plasma	Essential fatty acids panel - Plasma	Fatty acids.essential in Plasma	Fatty acids panel - Serum or Plasma	high		medium
p-efa		42	name	125		3042943		3042943	Fatty acid essential (C12-C22) panel - Serum or Plasma		Fatty acid essential (C12-C22) panel - Serum or Plasma	Essential fatty acids panel - Plasma	Fatty acids.essential in Plasma	Fatty acids panel - Serum or Plasma	high		medium
p-fakb	g/l	42	name+unit+values	120	3002568	3002568	3002568	3002568	Complement factor B [Mass/volume] in Serum or Plasma	Complement factor B [Mass/volume] in Serum or Plasma	Complement factor B [Mass/volume] in Serum or Plasma	Complement factor B [Mass/volume] in Plasma	Complement factor B [Mass/volume] in Plasma	Complement factor B [Mass/volume] in Serum or Plasma	high	high	high
p-fakb		42	name	35	3002568	3002568	3002568	3002568	Complement factor B [Mass/volume] in Serum or Plasma	Complement factor B [Mass/volume] in Serum or Plasma	Complement factor B [Mass/volume] in Serum or Plasma	Complement factor B [Mass/volume] in Plasma	Complement factor B [Mass/volume] in Plasma	Complement factor B [Mass/volume] in Serum or Plasma	medium	medium	medium
p-fe	umol/l	42	name+unit+values	2840	3022948	3022948	3022948	3022948	Iron [Moles/volume] in Serum or Plasma	Iron [Moles/volume] in Serum or Plasma	Iron [Moles/volume] in Serum or Plasma	Iron [Moles/volume] in Serum or Plasma	Iron [Moles/volume] in Plasma	Iron [Moles/volume] in Serum or Plasma	high	high	high
p-fe		42	name+values	740	3022948	3022948	3022948	3022948	Iron [Moles/volume] in Serum or Plasma	Iron [Moles/volume] in Serum or Plasma	Iron [Moles/volume] in Serum or Plasma	Iron [Moles/volume] in Serum or Plasma	Iron [Moles/volume] in Plasma	Iron [Moles/volume] in Serum or Plasma	high	medium	high
p-fs	s	42	name+unit+values	319		3036489		3018677	Thrombin time		aPTT in Platelet poor plasma by Coagulation assay	Thrombin time [Time] in Plasma	Fibrinogen in Plasma	aPTT in Platelet poor plasma by Coagulation assay	medium		low
p-fs		42	name	1586								Thrombin time [Time] in Plasma	Fibrinogen in Plasma	aPTT in Platelet poor plasma by Coagulation assay			
p-fv	%	42	name+unit+values	6911	3005757	3005757	3006924	3005757	Coagulation factor V activity actual/normal in Platelet poor plasma by Coagulation assay	Coagulation factor V activated [Units/volume] in Platelet poor plasma by Coagulation assay	Coagulation factor V activity actual/normal in Platelet poor plasma by Coagulation assay	Coagulation factor V activity [Ratio] in Plasma	Factor V [Units/volume] in Plasma	Coagulation factor V activity actual/normal in Platelet poor plasma by Coagulation assay	high	high	high
p-fv		42	name+values	261	3005757	3005757	3006924	3005757	Coagulation factor V activity actual/normal in Platelet poor plasma by Coagulation assay	Coagulation factor V activated [Units/volume] in Platelet poor plasma by Coagulation assay	Coagulation factor V activity actual/normal in Platelet poor plasma by Coagulation assay	Coagulation factor V activity [Ratio] in Plasma	Factor V [Units/volume] in Plasma	Coagulation factor V activity actual/normal in Platelet poor plasma by Coagulation assay	high	medium	high
p-fx	%	42	name+unit+values	916	3004409	3004409	3005445	3004409	Coagulation factor X activity actual/normal in Platelet poor plasma by Coagulation assay	Coagulation factor X activated [Units/volume] in Platelet poor plasma by Coagulation assay	Coagulation factor X activity actual/normal in Platelet poor plasma by Coagulation assay	Coagulation factor X activity [Ratio] in Plasma	Factor X [Units/volume] in Plasma	Coagulation factor X activity actual/normal in Platelet poor plasma by Coagulation assay	high	medium	medium
p-fx		42	name+values	949	3004409	3004409	3005445	3004409	Coagulation factor X activity actual/normal in Platelet poor plasma by Coagulation assay	Coagulation factor X activated [Units/volume] in Platelet poor plasma by Coagulation assay	Coagulation factor X activity actual/normal in Platelet poor plasma by Coagulation assay	Coagulation factor X activity [Ratio] in Plasma	Factor X [Units/volume] in Plasma	Coagulation factor X activity actual/normal in Platelet poor plasma by Coagulation assay	high	medium	medium
p-gt	mg/ml	42	name+unit	8		3026910	3026910	3026910	Gamma glutamyl transferase [Enzymatic activity/volume] in Serum or Plasma	Gamma glutamyl transferase [Enzymatic activity/volume] in Serum or Plasma	Gamma glutamyl transferase [Enzymatic activity/volume] in Serum or Plasma	Gamma glutamyl transferase [Enzymatic activity/volume] in Serum or Plasma	Gamma glutamyl transferase [Enzymatic activity/volume] in Plasma	Gamma glutamyl transferase [Enzymatic activity/volume] in Serum or Plasma	high	low	low
p-gt	u/l	42	name+unit+values	820178	3026910	3026910	3026910	3026910	Gamma glutamyl transferase [Enzymatic activity/volume] in Serum or Plasma	Gamma glutamyl transferase [Enzymatic activity/volume] in Serum or Plasma	Gamma glutamyl transferase [Enzymatic activity/volume] in Serum or Plasma	Gamma glutamyl transferase [Enzymatic activity/volume] in Serum or Plasma	Gamma glutamyl transferase [Enzymatic activity/volume] in Plasma	Gamma glutamyl transferase [Enzymatic activity/volume] in Serum or Plasma	high	high	high
p-gt		42	name+values	15977	3026910	3026910	3026910	3026910	Gamma glutamyl transferase [Enzymatic activity/volume] in Serum or Plasma	Gamma glutamyl transferase [Enzymatic activity/volume] in Serum or Plasma	Gamma glutamyl transferase [Enzymatic activity/volume] in Serum or Plasma	Gamma glutamyl transferase [Enzymatic activity/volume] in Serum or Plasma	Gamma glutamyl transferase [Enzymatic activity/volume] in Plasma	Gamma glutamyl transferase [Enzymatic activity/volume] in Serum or Plasma	high	high	high
p-hstni	ng/l	42	name+unit+values	3261	3021337	36306105	36306105	36306105	Troponin I.cardiac [Mass/volume] in Serum or Plasma by High sensitivity method	Troponin I.cardiac [Mass/volume] in Serum or Plasma by High sensitivity method	Troponin I.cardiac [Mass/volume] in Serum or Plasma by High sensitivity method	Troponin I.cardiac [Mass/volume] in Plasma by High sensitivity method	Troponin I.cardiac [Mass/volume] in Plasma by High sensitivity method	Troponin I.cardiac [Mass/volume] in Serum or Plasma by High sensitivity method	high	high	high
p-k+na		42	name	69230	3045783	3045783	3045783	3045783	Sodium and Potassium panel [Moles/volume] - Serum or Plasma	Sodium and Potassium panel [Moles/volume] - Serum or Plasma	Sodium and Potassium panel [Moles/volume] - Serum or Plasma	Potassium and Sodium panel - Plasma	Potassium and Sodium panel - Plasma	Sodium and Potassium panel - Serum or Plasma	high	medium	medium
p-k,na		42	name	2518		3045783	3045783	3045783	Sodium and Potassium panel [Moles/volume] - Serum or Plasma	Sodium and Potassium panel [Moles/volume] - Serum or Plasma	Sodium and Potassium panel [Moles/volume] - Serum or Plasma	Potassium and Sodium panel - Plasma	Potassium and Sodium panel - Plasma	Sodium and Potassium panel - Serum or Plasma	high	medium	medium
p-k-na	mmol/l	42	name+unit	594		3045783	3045783	3045783	Sodium and Potassium panel [Moles/volume] - Serum or Plasma	Sodium and Potassium panel [Moles/volume] - Serum or Plasma	Sodium and Potassium panel [Moles/volume] - Serum or Plasma	Potassium and Sodium panel - Plasma	Potassium and Sodium panel - Plasma	Sodium and Potassium panel - Serum or Plasma	high	medium	medium
p-k-na		42	name	186		3045783	3045783	3045783	Sodium and Potassium panel [Moles/volume] - Serum or Plasma	Sodium and Potassium panel [Moles/volume] - Serum or Plasma	Sodium and Potassium panel [Moles/volume] - Serum or Plasma	Potassium and Sodium panel - Plasma	Potassium and Sodium panel - Plasma	Sodium and Potassium panel - Serum or Plasma	high	medium	medium
p-k-pa	mmol/l	42	name+unit+values	197		3023103	3023103	3023103	Potassium [Moles/volume] in Serum or Plasma	Potassium [Moles/volume] in Serum or Plasma	Potassium [Moles/volume] in Serum or Plasma	Potassium [Moles/volume] in Serum or Plasma	Potassium [Moles/volume] in Plasma	Potassium [Moles/volume] in Plasma	high	high	medium
p-k/na		42	name	321		3000288		3045783	Sodium/Potassium [Molar ratio] in Serum or Plasma		Sodium and Potassium panel [Moles/volume] - Serum or Plasma	Potassium/Sodium [Molar ratio] in Plasma	Potassium/Sodium [Molar ratio] in Plasma	Sodium and Potassium panel - Serum or Plasma	high		low
p-ked.	mmol/l	42	name+unit	344			3004707	3039651		Ketones [Moles/volume] in Specimen	Potassium [Moles/volume] in Serum or Plasma --pre dialysis		Ketone bodies [Moles/volume] in Plasma	Potassium [Moles/volume] in Serum or Plasma --pre dialysis		low	medium
p-kjd.	mmol/l	42	name+unit	160			3004707	3015066		Ketones [Moles/volume] in Specimen	Potassium [Moles/volume] in Serum or Plasma --post dialysis		Ketone bodies [Moles/volume] in Plasma	Potassium [Moles/volume] in Serum or Plasma --post dialysis		low	medium
p-la1	s	42	name+unit+values	1064				3019174			dRVVT (LA screen)	Lupus anticoagulant screen [Time] in Platelet poor plasma	Lupus anticoagulant screen [Time] in Plasma by Coagulation assay	Lupus anticoagulant dRVVT screen [Time] in Platelet poor plasma by Coagulation assay			medium
p-la1		42	name	52				3019174			dRVVT (LA screen)	Lupus anticoagulant screen [Time] in Platelet poor plasma	Lupus anticoagulant screen [Time] in Plasma by Coagulation assay	Lupus anticoagulant dRVVT screen [Time] in Platelet poor plasma by Coagulation assay			low
p-la2	s	42	name+unit+values	498				3027627			Lupus anticoagulant neutralization high phospholipid [Time] in Platelet poor plasma by Coagulation assay	Lupus anticoagulant confirm [Time] in Platelet poor plasma	Lupus anticoagulant confirmation [Time] in Plasma by Coagulation assay	Lupus anticoagulant dRVVT confirmation [Time] in Platelet poor plasma by Coagulation assay			low
p-la2		42	name	1411				3027627			Lupus anticoagulant neutralization high phospholipid [Time] in Platelet poor plasma by Coagulation assay	Lupus anticoagulant confirm [Time] in Platelet poor plasma	Lupus anticoagulant confirmation [Time] in Plasma by Coagulation assay	Lupus anticoagulant dRVVT confirmation [Time] in Platelet poor plasma by Coagulation assay			low
p-mypa	mg/l	42	name+unit+values	1692	3027653	3027653	3027653	3027653	Mycophenolate [Mass/volume] in Serum or Plasma	Mycophenolate [Mass/volume] in Serum or Plasma	Mycophenolate [Mass/volume] in Serum or Plasma	Mycophenolic acid [Mass/volume] in Plasma	Mycophenolic acid [Mass/volume] in Plasma	Mycophenolate [Mass/volume] in Serum or Plasma	high	high	high
p-mypa		42	name	245	3027653	3027653	3027653	3027653	Mycophenolate [Mass/volume] in Serum or Plasma	Mycophenolate [Mass/volume] in Serum or Plasma	Mycophenolate [Mass/volume] in Serum or Plasma	Mycophenolic acid [Mass/volume] in Plasma	Mycophenolic acid [Mass/volume] in Plasma	Mycophenolate [Mass/volume] in Serum or Plasma	medium	medium	low
p-na	mmol/	42	name+unit	14		3019550	3019550	3019550	Sodium [Moles/volume] in Serum or Plasma	Sodium [Moles/volume] in Serum or Plasma	Sodium [Moles/volume] in Serum or Plasma	Sodium [Moles/volume] in Serum or Plasma	Sodium [Moles/volume] in Plasma	Sodium [Moles/volume] in Serum or Plasma	high	high	high
p-na	mmol/l	42	name+unit+values	7320578	3019550	3019550	3019550	3019550	Sodium [Moles/volume] in Serum or Plasma	Sodium [Moles/volume] in Serum or Plasma	Sodium [Moles/volume] in Serum or Plasma	Sodium [Moles/volume] in Serum or Plasma	Sodium [Moles/volume] in Plasma	Sodium [Moles/volume] in Serum or Plasma	high	high	high
p-na		42	name+values	81059	3019550	3019550	3019550	3019550	Sodium [Moles/volume] in Serum or Plasma	Sodium [Moles/volume] in Serum or Plasma	Sodium [Moles/volume] in Serum or Plasma	Sodium [Moles/volume] in Serum or Plasma	Sodium [Moles/volume] in Plasma	Sodium [Moles/volume] in Serum or Plasma	high	high	high
p-na.	mmol/l	42	name+unit+values	1467	3019550	3019550	3019550	3019550	Sodium [Moles/volume] in Serum or Plasma	Sodium [Moles/volume] in Serum or Plasma	Sodium [Moles/volume] in Serum or Plasma	Sodium [Moles/volume] in Serum or Plasma	Sodium [Moles/volume] in Plasma	Sodium [Moles/volume] in Serum or Plasma	high	high	high
p-na:	mmol/l	42	name+unit+values	621	3019550	3019550	3019550	3019550	Sodium [Moles/volume] in Serum or Plasma	Sodium [Moles/volume] in Serum or Plasma	Sodium [Moles/volume] in Serum or Plasma	Sodium [Moles/volume] in Serum or Plasma	Sodium [Moles/volume] in Plasma	Sodium [Moles/volume] in Serum or Plasma	high	high	high
p-naed.	mmol/l	42	name+unit	306		3019550	3019550	3019550	Sodium [Moles/volume] in Serum or Plasma	Sodium [Moles/volume] in Serum or Plasma	Sodium [Moles/volume] in Serum or Plasma	Sodium [Moles/volume] in Serum or Plasma	Sodium [Moles/volume] in Plasma	Sodium [Moles/volume] in Serum or Plasma --pre dialysis	high	medium	low
p-najd.	mmol/l	42	name+unit	154		3019550	3019550	44816586	Sodium [Moles/volume] in Serum or Plasma	Sodium [Moles/volume] in Serum or Plasma	Sodium [Moles/volume] in Serum or Plasma --post dialysis	Sodium [Moles/volume] in Serum or Plasma	Sodium [Moles/volume] in Plasma	Sodium [Moles/volume] in Serum or Plasma --post dialysis	high	medium	medium
p-nak		42	name	259040	3045783	3045783	3045783	3045783	Sodium and Potassium panel [Moles/volume] - Serum or Plasma	Sodium and Potassium panel [Moles/volume] - Serum or Plasma	Sodium and Potassium panel [Moles/volume] - Serum or Plasma	Potassium and Sodium panel - Plasma	Sodium and Potassium panel - Plasma	Sodium and Potassium panel - Serum or Plasma	high	medium	medium
p-nap	mmol/l	42	name+unit+values	342	3019550	3019550	3019550	3019550	Sodium [Moles/volume] in Serum or Plasma	Sodium [Moles/volume] in Serum or Plasma	Sodium [Moles/volume] in Serum or Plasma	Sodium [Moles/volume] in Serum or Plasma	Sodium [Moles/volume] in Plasma	Sodium [Moles/volume] in Plasma	high	high	medium
p-supar	ug/l	42	name+unit+values	351		3965350	3965350	3965350	Soluble urokinase plasminogen activator receptor [Mass/volume] in Plasma	Soluble urokinase plasminogen activator receptor [Mass/volume] in Plasma	Soluble urokinase plasminogen activator receptor [Mass/volume] in Plasma	Soluble urokinase plasminogen activator receptor [Mass/volume] in Plasma	Urokinase plasminogen activator surface receptor, soluble [Mass/volume] in Plasma	Urokinase plasminogen activator receptor soluble [Mass/volume] in Serum or Plasma	high	high	medium
p-supar		42	name	16		3965350	3965350	3965350	Soluble urokinase plasminogen activator receptor [Mass/volume] in Plasma	Soluble urokinase plasminogen activator receptor [Mass/volume] in Plasma	Soluble urokinase plasminogen activator receptor [Mass/volume] in Plasma	Soluble urokinase plasminogen activator receptor [Mass/volume] in Plasma	Urokinase plasminogen activator surface receptor, soluble [Mass/volume] in Plasma	Urokinase plasminogen activator receptor soluble [Mass/volume] in Serum or Plasma	medium	medium	low
p-t3-v	pmol/l	42	name+unit+values	82081	3026989	3026989	3026989	3026989	Triiodothyronine (T3) Free [Moles/volume] in Serum or Plasma	Triiodothyronine (T3) Free [Moles/volume] in Serum or Plasma	Triiodothyronine (T3) Free [Moles/volume] in Serum or Plasma	Triiodothyronine (T3).free [Moles/volume] in Serum or Plasma	Triiodothyronine.free [Moles/volume] in Plasma	Triiodothyronine (T3) Free [Moles/volume] in Serum or Plasma	high	high	high
p-t3-v		42	name+values	921	3026989	3026989	3026989	3026989	Triiodothyronine (T3) Free [Moles/volume] in Serum or Plasma	Triiodothyronine (T3) Free [Moles/volume] in Serum or Plasma	Triiodothyronine (T3) Free [Moles/volume] in Serum or Plasma	Triiodothyronine (T3).free [Moles/volume] in Serum or Plasma	Triiodothyronine.free [Moles/volume] in Plasma	Triiodothyronine (T3) Free [Moles/volume] in Serum or Plasma	high	high	high
p-t4-v	pmol/l	42	name+unit+values	1108128	3008486	3008486	3008486	3008486	Thyroxine (T4) free [Moles/volume] in Serum or Plasma	Thyroxine (T4) free [Moles/volume] in Serum or Plasma	Thyroxine (T4) free [Moles/volume] in Serum or Plasma	Thyroxine (T4).free [Moles/volume] in Serum or Plasma	Thyroxine.free [Moles/volume] in Plasma	Thyroxine (T4) free [Moles/volume] in Serum or Plasma	high	high	high
p-t4-v		42	name+values	19446	3008486	3008486	3008486	3008486	Thyroxine (T4) free [Moles/volume] in Serum or Plasma	Thyroxine (T4) free [Moles/volume] in Serum or Plasma	Thyroxine (T4) free [Moles/volume] in Serum or Plasma	Thyroxine (T4).free [Moles/volume] in Serum or Plasma	Thyroxine.free [Moles/volume] in Plasma	Thyroxine (T4) free [Moles/volume] in Serum or Plasma	high	high	high
p-t4v	pmol/l	42	name+unit+values	110881	3008486	3008486	3008486	3008486	Thyroxine (T4) free [Moles/volume] in Serum or Plasma	Thyroxine (T4) free [Moles/volume] in Serum or Plasma	Thyroxine (T4) free [Moles/volume] in Serum or Plasma	Thyroxine (T4).free [Moles/volume] in Serum or Plasma	Thyroxine.free [Moles/volume] in Plasma	Thyroxine (T4) free [Moles/volume] in Serum or Plasma	high	high	high
p-t4v		42	name+values	4743	3008486	3008486	3008486	3008486	Thyroxine (T4) free [Moles/volume] in Serum or Plasma	Thyroxine (T4) free [Moles/volume] in Serum or Plasma	Thyroxine (T4) free [Moles/volume] in Serum or Plasma	Thyroxine (T4).free [Moles/volume] in Serum or Plasma	Thyroxine.free [Moles/volume] in Plasma	Thyroxine (T4) free [Moles/volume] in Serum or Plasma	high	high	high
p-tfr	mg/l	42	name+unit+values	188406	3015399	3015399	3015399	3015399	Transferrin receptor.soluble [Mass/volume] in Serum or Plasma	Transferrin receptor.soluble [Mass/volume] in Serum or Plasma	Transferrin receptor.soluble [Mass/volume] in Serum or Plasma	Soluble transferrin receptor [Mass/volume] in Serum or Plasma	Transferrin receptor, soluble [Mass/volume] in Plasma	Transferrin receptor [Mass/volume] in Serum or Plasma	high	high	high
p-tfr		42	name+values	15951	3015399	3015399	3015399	3015399	Transferrin receptor.soluble [Mass/volume] in Serum or Plasma	Transferrin receptor.soluble [Mass/volume] in Serum or Plasma	Transferrin receptor.soluble [Mass/volume] in Serum or Plasma	Soluble transferrin receptor [Mass/volume] in Serum or Plasma	Transferrin receptor, soluble [Mass/volume] in Plasma	Transferrin receptor [Mass/volume] in Serum or Plasma	high	high	high
p-tni	ng/l	42	name+unit+values	220095	3021337	3021337	3021337	3021337	Troponin I.cardiac [Mass/volume] in Serum or Plasma	Troponin I.cardiac [Mass/volume] in Serum or Plasma	Troponin I.cardiac [Mass/volume] in Serum or Plasma	Troponin I.cardiac [Mass/volume] in Plasma	Troponin I.cardiac [Mass/volume] in Plasma	Troponin I.cardiac [Mass/volume] in Serum or Plasma	high	high	high
p-tni	ug/l	42	name+unit+values	25579	3021337	3021337	3021337	3021337	Troponin I.cardiac [Mass/volume] in Serum or Plasma	Troponin I.cardiac [Mass/volume] in Serum or Plasma	Troponin I.cardiac [Mass/volume] in Serum or Plasma	Troponin I.cardiac [Mass/volume] in Plasma	Troponin I.cardiac [Mass/volume] in Plasma	Troponin I.cardiac [Mass/volume] in Serum or Plasma	high	high	high
p-tni		42	name+values	70910	3021337	3021337	3021337	3021337	Troponin I.cardiac [Mass/volume] in Serum or Plasma	Troponin I.cardiac [Mass/volume] in Serum or Plasma	Troponin I.cardiac [Mass/volume] in Serum or Plasma	Troponin I.cardiac [Mass/volume] in Plasma	Troponin I.cardiac [Mass/volume] in Plasma	Troponin I.cardiac [Mass/volume] in Serum or Plasma	medium	medium	medium
p-tni.	ng/l	42	name+unit	6	3021337	3021337	3021337	3021337	Troponin I.cardiac [Mass/volume] in Serum or Plasma	Troponin I.cardiac [Mass/volume] in Serum or Plasma	Troponin I.cardiac [Mass/volume] in Serum or Plasma	Troponin I.cardiac [Mass/volume] in Plasma	Troponin I.cardiac [Mass/volume] in Plasma	Troponin I.cardiac [Mass/volume] in Serum or Plasma	high	medium	medium
p-tni.	ug/l	42	name+unit+values	155	3021337	3021337	3021337	3021337	Troponin I.cardiac [Mass/volume] in Serum or Plasma	Troponin I.cardiac [Mass/volume] in Serum or Plasma	Troponin I.cardiac [Mass/volume] in Serum or Plasma	Troponin I.cardiac [Mass/volume] in Plasma	Troponin I.cardiac [Mass/volume] in Plasma	Troponin I.cardiac [Mass/volume] in Serum or Plasma	high	high	high
p-tni.		42	name	28	3021337	3021337	3021337	3021337	Troponin I.cardiac [Mass/volume] in Serum or Plasma	Troponin I.cardiac [Mass/volume] in Serum or Plasma	Troponin I.cardiac [Mass/volume] in Serum or Plasma	Troponin I.cardiac [Mass/volume] in Plasma	Troponin I.cardiac [Mass/volume] in Plasma	Troponin I.cardiac [Mass/volume] in Serum or Plasma	medium	low	medium
p-tnih	ng/l	42	name+unit+values	1974	3021337	36306105	36306105	36306105	Troponin I.cardiac [Mass/volume] in Serum or Plasma by High sensitivity method	Troponin I.cardiac [Mass/volume] in Serum or Plasma by High sensitivity method	Troponin I.cardiac [Mass/volume] in Serum or Plasma by High sensitivity method	Troponin I.cardiac [Mass/volume] in Plasma by High sensitivity method	Troponin I.cardiac [Mass/volume] in Plasma by High sensitivity method	Troponin I.cardiac [Mass/volume] in Serum or Plasma by High sensitivity method	high	high	medium
p-tnih		42	name	440	3021337	36306105	36306105	36306105	Troponin I.cardiac [Mass/volume] in Serum or Plasma by High sensitivity method	Troponin I.cardiac [Mass/volume] in Serum or Plasma by High sensitivity method	Troponin I.cardiac [Mass/volume] in Serum or Plasma by High sensitivity method	Troponin I.cardiac [Mass/volume] in Plasma by High sensitivity method	Troponin I.cardiac [Mass/volume] in Plasma by High sensitivity method	Troponin I.cardiac [Mass/volume] in Serum or Plasma by High sensitivity method	medium	medium	low
p-tnl	ng/l	42	name+unit+values	124	3021337	3021337	3021337	3021337	Troponin I.cardiac [Mass/volume] in Serum or Plasma	Troponin I.cardiac [Mass/volume] in Serum or Plasma	Troponin I.cardiac [Mass/volume] in Serum or Plasma	Troponin I.cardiac [Mass/volume] in Plasma	Troponin I.cardiac [Mass/volume] in Plasma	Troponin I.cardiac [Mass/volume] in Serum or Plasma	high	medium	low
p-tnl	ug/l	42	name+unit+values	179	3021337	3021337	3021337	3021337	Troponin I.cardiac [Mass/volume] in Serum or Plasma	Troponin I.cardiac [Mass/volume] in Serum or Plasma	Troponin I.cardiac [Mass/volume] in Serum or Plasma	Troponin I.cardiac [Mass/volume] in Plasma	Troponin I.cardiac [Mass/volume] in Plasma	Troponin I.cardiac [Mass/volume] in Serum or Plasma	high	medium	low
p-tnl		42	name	36		3021337	3021337	3021337	Troponin I.cardiac [Mass/volume] in Serum or Plasma	Troponin I.cardiac [Mass/volume] in Serum or Plasma	Troponin I.cardiac [Mass/volume] in Serum or Plasma	Troponin I.cardiac [Mass/volume] in Plasma	Troponin I.cardiac [Mass/volume] in Plasma	Troponin I.cardiac [Mass/volume] in Serum or Plasma	medium	low	low
p-tnt	ng/l	42	name+unit+values	437584	3019800	3019800	3019800	3019800	Troponin T.cardiac [Mass/volume] in Serum or Plasma	Troponin T.cardiac [Mass/volume] in Serum or Plasma	Troponin T.cardiac [Mass/volume] in Serum or Plasma	Troponin T.cardiac [Mass/volume] in Plasma	Troponin T.cardiac [Mass/volume] in Plasma	Troponin T.cardiac [Mass/volume] in Serum or Plasma	high	high	high
p-tnt	ug/l	42	name+unit	76	3019800	3019800	3019800	3019800	Troponin T.cardiac [Mass/volume] in Serum or Plasma	Troponin T.cardiac [Mass/volume] in Serum or Plasma	Troponin T.cardiac [Mass/volume] in Serum or Plasma	Troponin T.cardiac [Mass/volume] in Plasma	Troponin T.cardiac [Mass/volume] in Plasma	Troponin T.cardiac [Mass/volume] in Serum or Plasma	high	medium	high
p-tnt		42	name+values	80220	3019800	3019800	3019800	3019800	Troponin T.cardiac [Mass/volume] in Serum or Plasma	Troponin T.cardiac [Mass/volume] in Serum or Plasma	Troponin T.cardiac [Mass/volume] in Serum or Plasma	Troponin T.cardiac [Mass/volume] in Plasma	Troponin T.cardiac [Mass/volume] in Plasma	Troponin T.cardiac [Mass/volume] in Serum or Plasma	medium	high	high
p-tt	%	42	name+unit+values	472003	3033658	3033658		3023542	Prothrombin time (PT) actual/Normal		Prothrombin index in Platelet poor plasma by Coagulation assay	Prothrombin time [Ratio] in Plasma	Prothrombin time [Units/volume] in Plasma by Coagulation assay	Prothrombin time (PT) actual/normal in Platelet poor plasma by Coagulation assay	high		medium
p-tt	form	42	name+unit	20		3033658		3023542	Prothrombin time (PT) actual/Normal		Prothrombin index in Platelet poor plasma by Coagulation assay	Prothrombin time [Ratio] in Plasma	Prothrombin time [Units/volume] in Plasma by Coagulation assay	Prothrombin time (PT) actual/normal in Platelet poor plasma by Coagulation assay	medium		low
p-tt		42	name+values	4462	3033658	3033658		3023542	Prothrombin time (PT) actual/Normal		Prothrombin index in Platelet poor plasma by Coagulation assay	Prothrombin time [Ratio] in Plasma	Prothrombin time [Units/volume] in Plasma by Coagulation assay	Prothrombin time (PT) actual/normal in Platelet poor plasma by Coagulation assay	high		medium
p-tt-	%	42	name+unit+values	1432	3033658	3033658		3023542	Prothrombin time (PT) actual/Normal		Prothrombin index in Platelet poor plasma by Coagulation assay	Prothrombin time [Ratio] in Plasma	Prothrombin time [Units/volume] in Plasma by Coagulation assay	Prothrombin time (PT) actual/normal in Platelet poor plasma by Coagulation assay	high		medium
p-tt-		42	name	29	3033658	3033658		3023542	Prothrombin time (PT) actual/Normal		Prothrombin index in Platelet poor plasma by Coagulation assay	Prothrombin time [Ratio] in Plasma	Prothrombin time [Units/volume] in Plasma by Coagulation assay	Prothrombin time (PT) actual/normal in Platelet poor plasma by Coagulation assay	medium		low
p-tt.	%	42	name+unit+values	5628	3033658	3033658		3023542	Prothrombin time (PT) actual/Normal		Prothrombin index in Platelet poor plasma by Coagulation assay	Prothrombin time [Ratio] in Plasma	Prothrombin time [Units/volume] in Plasma by Coagulation assay	Prothrombin time (PT) actual/normal in Platelet poor plasma by Coagulation assay	high		medium
p-tt.		42	name+values	328	3033658	3033658		3023542	Prothrombin time (PT) actual/Normal		Prothrombin index in Platelet poor plasma by Coagulation assay	Prothrombin time [Ratio] in Plasma	Prothrombin time [Units/volume] in Plasma by Coagulation assay	Prothrombin time (PT) actual/normal in Platelet poor plasma by Coagulation assay	high		medium
p-ttr	%	42	name+unit+values	1114	43055246	3033658		43055246	Prothrombin time (PT) actual/Normal		Days in therapeutic INR range/Days INR result determined [Ratio]	Prothrombin time [Ratio] in Plasma	Prothrombin time [Units/volume] in Plasma by Coagulation assay	INR time in therapeutic range [Percent]	high		medium
p-ttr		42	name	89	43055246	3033658		43055246	Prothrombin time (PT) actual/Normal		Days in therapeutic INR range/Days INR result determined [Ratio]	Prothrombin time [Ratio] in Plasma	Prothrombin time [Units/volume] in Plasma by Coagulation assay	INR time in therapeutic range [Percent]	medium		low
pdgfr		42	name	461		3047891			FGFR2 gene targeted mutation analysis in Blood or Tissue by Molecular genetics method			PDGFR gene targeted mutation analysis	PDGFRA gene rearrangement [Presence] in Blood by Molecular genetics method	PDGFRA gene rearrangement [Presence] in Blood or Tissue by FISH	medium		
peak	l/min	42	name+unit	12		3023329	3023329	3043729	Maximum expiratory gas flow Respiratory system airway by Peak flow meter	Maximum expiratory gas flow Respiratory system airway by Peak flow meter	Maximum expiratory gas flow Respiratory system airway	Peak expiratory flow rate [Volume Rate]	Peak expiratory flow rate	Maximum expiratory gas flow Respiratory system airway	high	medium	medium
peak		42	name	104		3023329	3023329	3043729	Maximum expiratory gas flow Respiratory system airway by Peak flow meter	Maximum expiratory gas flow Respiratory system airway by Peak flow meter	Maximum expiratory gas flow Respiratory system airway	Peak expiratory flow rate [Volume Rate]	Peak expiratory flow rate	Maximum expiratory gas flow Respiratory system airway	medium	low	low
pef-pa		42	name	7844			3023329	3043729		Maximum expiratory gas flow Respiratory system airway by Peak flow meter	Maximum expiratory gas flow Respiratory system airway	Peak expiratory flow rate during monitoring period	Peak expiratory flow rate	Maximum expiratory gas flow Respiratory system airway --serial measurement		low	low
pef-ras		42	name	242		3019794	3023329		Maximum expiratory gas flow Respiratory system airway by Peak flow meter --post therapy	Maximum expiratory gas flow Respiratory system airway by Peak flow meter		Peak expiratory flow rate [Volume Rate] --post exercise	Peak expiratory flow rate --post exercise	Maximum expiratory gas flow Respiratory system airway --post exercise	medium	low	
pf-ace	u/l	42	name+unit+values	313	3040491	3040491	3040491	3040491	Angiotensin converting enzyme [Enzymatic activity/volume] in Pleural fluid	Angiotensin converting enzyme [Enzymatic activity/volume] in Pleural fluid	Angiotensin converting enzyme [Enzymatic activity/volume] in Pleural fluid	Angiotensin converting enzyme [Enzymatic activity/volume] in Pleural fluid	Angiotensin converting enzyme [Enzymatic activity/volume] in Pleural fluid	Angiotensin converting enzyme [Enzymatic activity/volume] in Pleural fluid	high	high	high
pf-ace		42	name	161	3040491	3040491	3040491	3040491	Angiotensin converting enzyme [Enzymatic activity/volume] in Pleural fluid	Angiotensin converting enzyme [Enzymatic activity/volume] in Pleural fluid	Angiotensin converting enzyme [Enzymatic activity/volume] in Pleural fluid	Angiotensin converting enzyme [Enzymatic activity/volume] in Pleural fluid	Angiotensin converting enzyme [Enzymatic activity/volume] in Pleural fluid	Angiotensin converting enzyme [Enzymatic activity/volume] in Pleural fluid	medium	medium	medium
pf-ada	u/l	42	name+unit+values	3550	3036428	3036428	3036428	3036428	Adenosine deaminase [Enzymatic activity/volume] in Pleural fluid	Adenosine deaminase [Enzymatic activity/volume] in Pleural fluid	Adenosine deaminase [Enzymatic activity/volume] in Pleural fluid	Adenosine deaminase [Enzymatic activity/volume] in Pleural fluid	Adenosine deaminase [Enzymatic activity/volume] in Pleural fluid	Adenosine deaminase [Enzymatic activity/volume] in Pleural fluid	high	high	high
pf-ada		42	name	365	3036428	3036428	3036428	3036428	Adenosine deaminase [Enzymatic activity/volume] in Pleural fluid	Adenosine deaminase [Enzymatic activity/volume] in Pleural fluid	Adenosine deaminase [Enzymatic activity/volume] in Pleural fluid	Adenosine deaminase [Enzymatic activity/volume] in Pleural fluid	Adenosine deaminase [Enzymatic activity/volume] in Pleural fluid	Adenosine deaminase [Enzymatic activity/volume] in Pleural fluid	medium	medium	medium
pneag		42	name	244	3007625		3007625	3007625		Streptococcus pneumoniae Ag [Presence] in Specimen	Streptococcus pneumoniae Ag [Presence] in Specimen		Streptococcus pneumoniae Ag [Presence]	Streptococcus pneumoniae Ag [Presence] in Urine		low	low
s-na	mmol/l	42	name+unit+values	124118	3019550	3019550	3019550	3019550	Sodium [Moles/volume] in Serum or Plasma	Sodium [Moles/volume] in Serum or Plasma	Sodium [Moles/volume] in Serum or Plasma	Sodium [Moles/volume] in Serum or Plasma	Sodium [Moles/volume] in Serum	Sodium [Moles/volume] in Serum or Plasma	high	high	high
s-na	mol/l	42	name+unit	5		3019550	3019550	3019550	Sodium [Moles/volume] in Serum or Plasma	Sodium [Moles/volume] in Serum or Plasma	Sodium [Moles/volume] in Serum or Plasma	Sodium [Moles/volume] in Serum or Plasma	Sodium [Moles/volume] in Serum	Sodium [Moles/volume] in Serum or Plasma	high	low	medium
s-na		42	name+values	931	3019550	3019550	3019550	3019550	Sodium [Moles/volume] in Serum or Plasma	Sodium [Moles/volume] in Serum or Plasma	Sodium [Moles/volume] in Serum or Plasma	Sodium [Moles/volume] in Serum or Plasma	Sodium [Moles/volume] in Serum	Sodium [Moles/volume] in Serum or Plasma	high	high	high
s-t3-v	pmol/l	42	name+unit+values	18657	3026989	3026989	3026989	3026989	Triiodothyronine (T3) Free [Moles/volume] in Serum or Plasma	Triiodothyronine (T3) Free [Moles/volume] in Serum or Plasma	Triiodothyronine (T3) Free [Moles/volume] in Serum or Plasma	Triiodothyronine (T3).free [Moles/volume] in Serum or Plasma	Triiodothyronine.free [Moles/volume] in Serum	Triiodothyronine (T3) Free [Moles/volume] in Serum or Plasma	high	high	high
s-t3-v		42	name+values	1623	3026989	3026989	3026989	3026989	Triiodothyronine (T3) Free [Moles/volume] in Serum or Plasma	Triiodothyronine (T3) Free [Moles/volume] in Serum or Plasma	Triiodothyronine (T3) Free [Moles/volume] in Serum or Plasma	Triiodothyronine (T3).free [Moles/volume] in Serum or Plasma	Triiodothyronine.free [Moles/volume] in Serum	Triiodothyronine (T3) Free [Moles/volume] in Serum or Plasma	high	high	high
s-t4-v	pmol/l	42	name+unit+values	252259	3008486	3008486	3008486	3008486	Thyroxine (T4) free [Moles/volume] in Serum or Plasma	Thyroxine (T4) free [Moles/volume] in Serum or Plasma	Thyroxine (T4) free [Moles/volume] in Serum or Plasma	Thyroxine (T4).free [Moles/volume] in Serum or Plasma	Thyroxine.free [Moles/volume] in Serum	Thyroxine (T4) free [Moles/volume] in Serum or Plasma	high	high	high
s-t4-v		42	name+values	9900	3008486	3008486	3008486	3008486	Thyroxine (T4) free [Moles/volume] in Serum or Plasma	Thyroxine (T4) free [Moles/volume] in Serum or Plasma	Thyroxine (T4) free [Moles/volume] in Serum or Plasma	Thyroxine (T4).free [Moles/volume] in Serum or Plasma	Thyroxine.free [Moles/volume] in Serum	Thyroxine (T4) free [Moles/volume] in Serum or Plasma	high	high	high
s-t4v	pmol/l	42	name+unit+values	1086	3008486	3008486	3008486	3008486	Thyroxine (T4) free [Moles/volume] in Serum or Plasma	Thyroxine (T4) free [Moles/volume] in Serum or Plasma	Thyroxine (T4) free [Moles/volume] in Serum or Plasma	Thyroxine (T4).free [Moles/volume] in Serum or Plasma	Thyroxine.free [Moles/volume] in Serum	Thyroxine (T4) free [Moles/volume] in Serum or Plasma	high	high	high
s-tfr	mg	42	name+unit	7		3015399	3015399	3015399	Transferrin receptor.soluble [Mass/volume] in Serum or Plasma	Transferrin receptor.soluble [Mass/volume] in Serum or Plasma	Transferrin receptor.soluble [Mass/volume] in Serum or Plasma	Soluble transferrin receptor [Mass/volume] in Serum or Plasma	Transferrin receptor, soluble [Mass/volume] in Serum	Transferrin receptor [Mass/volume] in Serum or Plasma	medium	low	medium
s-tfr	mg/l	42	name+unit+values	77760	3015399	3015399	3015399	3015399	Transferrin receptor.soluble [Mass/volume] in Serum or Plasma	Transferrin receptor.soluble [Mass/volume] in Serum or Plasma	Transferrin receptor.soluble [Mass/volume] in Serum or Plasma	Soluble transferrin receptor [Mass/volume] in Serum or Plasma	Transferrin receptor, soluble [Mass/volume] in Serum	Transferrin receptor [Mass/volume] in Serum or Plasma	high	high	high
s-tfr		42	name+values	1379	3015399	3015399	3015399	3015399	Transferrin receptor.soluble [Mass/volume] in Serum or Plasma	Transferrin receptor.soluble [Mass/volume] in Serum or Plasma	Transferrin receptor.soluble [Mass/volume] in Serum or Plasma	Soluble transferrin receptor [Mass/volume] in Serum or Plasma	Transferrin receptor, soluble [Mass/volume] in Serum	Transferrin receptor [Mass/volume] in Serum or Plasma	high	high	high
s-tnf	ng/l	42	name+unit+values	100	3004282	3004282	3004282	3004282	Tumor necrosis factor.alpha [Mass/volume] in Serum or Plasma	Tumor necrosis factor.alpha [Mass/volume] in Serum or Plasma	Tumor necrosis factor.alpha [Mass/volume] in Serum or Plasma	Tumor necrosis factor alpha [Mass/volume] in Serum	Tumor necrosis factor alpha [Mass/volume] in Serum	Tumor necrosis factor.alpha [Mass/volume] in Serum or Plasma	high	high	high
s-tnf		42	name	50	3004282	3004282	3004282	3004282	Tumor necrosis factor.alpha [Mass/volume] in Serum or Plasma	Tumor necrosis factor.alpha [Mass/volume] in Serum or Plasma	Tumor necrosis factor.alpha [Mass/volume] in Serum or Plasma	Tumor necrosis factor alpha [Mass/volume] in Serum	Tumor necrosis factor alpha [Mass/volume] in Serum	Tumor necrosis factor.alpha [Mass/volume] in Serum or Plasma	medium	medium	medium
s-tni	ng/l	42	name+unit+values	63	3021337	3021337	3021337	3021337	Troponin I.cardiac [Mass/volume] in Serum or Plasma	Troponin I.cardiac [Mass/volume] in Serum or Plasma	Troponin I.cardiac [Mass/volume] in Serum or Plasma	Troponin I.cardiac [Mass/volume] in Serum	Troponin I.cardiac [Mass/volume] in Serum	Troponin I.cardiac [Mass/volume] in Serum or Plasma	high	high	high
s-tni	ug/l	42	name+unit	11	3021337	3021337	3021337	3021337	Troponin I.cardiac [Mass/volume] in Serum or Plasma	Troponin I.cardiac [Mass/volume] in Serum or Plasma	Troponin I.cardiac [Mass/volume] in Serum or Plasma	Troponin I.cardiac [Mass/volume] in Serum	Troponin I.cardiac [Mass/volume] in Serum	Troponin I.cardiac [Mass/volume] in Serum or Plasma	high	medium	high
s-tni		42	name	171	3021337	3021337	3021337	3021337	Troponin I.cardiac [Mass/volume] in Serum or Plasma	Troponin I.cardiac [Mass/volume] in Serum or Plasma	Troponin I.cardiac [Mass/volume] in Serum or Plasma	Troponin I.cardiac [Mass/volume] in Serum	Troponin I.cardiac [Mass/volume] in Serum	Troponin I.cardiac [Mass/volume] in Serum or Plasma	medium	medium	medium
s-tnt	ng/l	42	name+unit+values	149	3019800	3019800	3019800	3019800	Troponin T.cardiac [Mass/volume] in Serum or Plasma	Troponin T.cardiac [Mass/volume] in Serum or Plasma	Troponin T.cardiac [Mass/volume] in Serum or Plasma	Troponin T.cardiac [Mass/volume] in Serum	Troponin T.cardiac [Mass/volume] in Serum	Troponin T.cardiac [Mass/volume] in Serum or Plasma	high	high	high
s-tnt		42	name	7446	3019800	3019800	3019800	3019800	Troponin T.cardiac [Mass/volume] in Serum or Plasma	Troponin T.cardiac [Mass/volume] in Serum or Plasma	Troponin T.cardiac [Mass/volume] in Serum or Plasma	Troponin T.cardiac [Mass/volume] in Serum	Troponin T.cardiac [Mass/volume] in Serum	Troponin T.cardiac [Mass/volume] in Serum or Plasma	medium	medium	medium
s-tob	mg/l	42	name+unit+values	805	3035509	3035509	3035509	3035509	Tobramycin [Mass/volume] in Serum or Plasma	Tobramycin [Mass/volume] in Serum or Plasma	Tobramycin [Mass/volume] in Serum or Plasma	Tobramycin [Mass/volume] in Serum	Tobramycin [Mass/volume] in Serum	Tobramycin [Mass/volume] in Serum or Plasma	high	high	high
s-tob		42	name	560	3035509	3035509	3035509	3035509	Tobramycin [Mass/volume] in Serum or Plasma	Tobramycin [Mass/volume] in Serum or Plasma	Tobramycin [Mass/volume] in Serum or Plasma	Tobramycin [Mass/volume] in Serum	Tobramycin [Mass/volume] in Serum	Tobramycin [Mass/volume] in Serum or Plasma	medium	medium	medium
sp-pak		42	name	196		3008607	3008607	3008607	Semen analysis panel	Semen analysis panel	Semen analysis panel	Semen analysis panel - Semen	Semen analysis panel	Semen analysis panel - Semen	high	high	low
sp-pakd		42	name	138		3008607	3008607		Semen analysis panel	Semen analysis panel		Semen analysis panel - Semen	Semen analysis panel	Semen analysis panel - Semen	high	medium	
u-na	mmol/l	42	name+unit+values	8969	3003181	3003181	3003181	3003181	Sodium [Moles/volume] in Urine	Sodium [Moles/volume] in Urine	Sodium [Moles/volume] in Urine	Sodium [Moles/volume] in Urine	Sodium [Moles/volume] in Urine	Sodium [Moles/volume] in Urine	high	high	high
u-na		42	name+values	2662	3003181	3003181	3003181	3003181	Sodium [Moles/volume] in Urine	Sodium [Moles/volume] in Urine	Sodium [Moles/volume] in Urine	Sodium [Moles/volume] in Urine	Sodium [Moles/volume] in Urine	Sodium [Moles/volume] in Urine	high	high	high
v-na		42	name+values	265		3000285	3041473	3041473	Sodium [Moles/volume] in Blood	Sodium [Moles/volume] in Venous blood	Sodium [Moles/volume] in Venous blood	Sodium [Moles/volume] in Blood	Sodium [Moles/volume] in Venous blood	Sodium [Moles/volume] in Venous blood	high	medium	medium
vp-na	mmol/l	42	name+unit+values	10896	3019550	3019550	3019550	3041473	Sodium [Moles/volume] in Serum or Plasma	Sodium [Moles/volume] in Serum or Plasma	Sodium [Moles/volume] in Venous blood	Sodium [Moles/volume] in Serum or Plasma	Sodium [Moles/volume] in Plasma	Sodium [Moles/volume] in Venous blood	high	medium	medium
vp-na		42	name	174	3019550	3019550	3019550	3041473	Sodium [Moles/volume] in Serum or Plasma	Sodium [Moles/volume] in Serum or Plasma	Sodium [Moles/volume] in Venous blood	Sodium [Moles/volume] in Serum or Plasma	Sodium [Moles/volume] in Plasma	Sodium [Moles/volume] in Venous blood	medium	low	low
-ana	titre	43	name+unit	21	3037522	3037522	3037522	3037522	Nuclear Ab [Titer] in Serum	Nuclear Ab [Titer] in Serum	Nuclear Ab [Titer] in Serum	Nuclear antibody [Titer] in Serum	Antinuclear antibody [Titer] in Serum	Nuclear Ab [Titer] in Serum	high	medium	medium
-ana		43	name	169	3037522	3037522	3037522	3004616	Nuclear Ab [Titer] in Serum	Nuclear Ab [Titer] in Serum	Nuclear Ab [Presence] in Serum	Nuclear antibody [Titer] in Serum	Antinuclear antibody [Titer] in Serum	Nuclear Ab [Presence] in Serum	medium	medium	low
am-epo	iu/l	43	name+unit	76								Erythropoietin [Units/volume] in Amniotic fluid	Erythropoietin [Units/volume] in Amniotic fluid	Erythropoietin [Units/volume] in Amniotic fluid			
am-epo	u/l	43	name+unit+values	267								Erythropoietin [Units/volume] in Amniotic fluid	Erythropoietin [Units/volume] in Amniotic fluid	Erythropoietin [Units/volume] in Amniotic fluid			
am-epo		43	name	31								Erythropoietin [Units/volume] in Amniotic fluid	Erythropoietin in Amniotic fluid	Erythropoietin [Units/volume] in Amniotic fluid			
b-adp	auc	43	name+unit	28			3042234	3042234		Platelet aggregation ADP induced [Units/volume] in Blood	Platelet aggregation ADP induced [Units/volume] in Blood	Platelet aggregation ADP induced [Area under curve] in Blood	Platelet aggregation, ADP induced in Blood	Platelet aggregation ADP induced in Blood		medium	medium
b-adp		43	name	340				3042234			Platelet aggregation ADP induced [Units/volume] in Blood	Platelet aggregation ADP induced [Area under curve] in Blood	Platelet aggregation, ADP induced in Blood	Platelet aggregation ADP induced in Blood			low
b-aspi	auc	43	name+unit	28			3039998	3039998		Platelet aggregation arachidonate induced [Units/volume] in Blood	Platelet aggregation arachidonate induced [Units/volume] in Blood	Platelet aggregation arachidonic acid induced [Area under curve] in Blood	Platelet aggregation, Arachidonic acid induced in Blood	Platelet aggregation Arachidonic acid induced in Blood		medium	medium
b-aspi		43	name	340				3039998			Platelet aggregation arachidonate induced [Units/volume] in Blood	Platelet aggregation arachidonic acid induced [Area under curve] in Blood	Platelet aggregation, Arachidonic acid induced in Blood	Platelet aggregation Arachidonic acid induced in Blood			low
b-vasp	%	43	name+unit+values	165								Vasodilator stimulated phosphoprotein phosphorylation [Ratio] in Platelets	Platelet vasodilator-stimulated phosphoprotein phosphorylation index [Mass fraction] in Blood by Flow cytometry	Vasodilator-stimulated phosphoprotein platelet reactivity index in Blood by Flow cytometry			
b-vasp		43	name	67								Vasodilator stimulated phosphoprotein phosphorylation [Ratio] in Platelets	Platelet vasodilator-stimulated phosphoprotein phosphorylation index in Blood by Flow cytometry	Vasodilator-stimulated phosphoprotein platelet reactivity index in Blood by Flow cytometry			
du-5hiaa	umol	43	name+unit+values	332		3009461	3009461	3009461	5-Hydroxyindoleacetate [Moles/time] in 24 hour Urine	5-Hydroxyindoleacetate [Moles/time] in 24 hour Urine	5-Hydroxyindoleacetate [Moles/time] in 24 hour Urine	5-Hydroxyindoleacetic acid [Moles/time] in 24 hour Urine	5-Hydroxyindoleacetate [Moles/time] in 24 hour Urine	5-Hydroxyindoleacetate [Moles/time] in 24 hour Urine	high	medium	high
du-5hiaa	umol/24h	43	name+unit+values	175	3009461	3009461	3009461	3009461	5-Hydroxyindoleacetate [Moles/time] in 24 hour Urine	5-Hydroxyindoleacetate [Moles/time] in 24 hour Urine	5-Hydroxyindoleacetate [Moles/time] in 24 hour Urine	5-Hydroxyindoleacetic acid [Moles/time] in 24 hour Urine	5-Hydroxyindoleacetate [Moles/time] in 24 hour Urine	5-Hydroxyindoleacetate [Moles/time] in 24 hour Urine	high	high	high
du-5hiaa	umol/l	43	name+unit	25	3010801	3010801	3010801	3010801	5-Hydroxyindoleacetate [Moles/volume] in 24 hour Urine	5-Hydroxyindoleacetate [Moles/volume] in 24 hour Urine	5-Hydroxyindoleacetate [Moles/volume] in 24 hour Urine	5-Hydroxyindoleacetic acid [Moles/volume] in 24 hour Urine	5-Hydroxyindoleacetate [Moles/volume] in 24 hour Urine	5-Hydroxyindoleacetate [Moles/volume] in Urine	high	medium	medium
du-5hiaa		43	name	147				3009461			5-Hydroxyindoleacetate [Moles/time] in 24 hour Urine	5-Hydroxyindoleacetic acid [Moles/time] in 24 hour Urine	5-Hydroxyindoleacetate [Moles/time] in 24 hour Urine	5-Hydroxyindoleacetate [Moles/time] in 24 hour Urine			low
fs-ace	u/l	43	name+unit+values	33401	3034780	3034780	3034780	3034780	Angiotensin converting enzyme [Enzymatic activity/volume] in Serum or Plasma	Angiotensin converting enzyme [Enzymatic activity/volume] in Serum or Plasma	Angiotensin converting enzyme [Enzymatic activity/volume] in Serum or Plasma	Angiotensin converting enzyme [Enzymatic activity/volume] in Serum or Plasma	Angiotensin converting enzyme [Enzymatic activity/volume] in Serum	Angiotensin converting enzyme [Enzymatic activity/volume] in Serum or Plasma	high	high	high
fs-ace		43	name+values	3291	3034780	3034780	3034780	3034780	Angiotensin converting enzyme [Enzymatic activity/volume] in Serum or Plasma	Angiotensin converting enzyme [Enzymatic activity/volume] in Serum or Plasma	Angiotensin converting enzyme [Enzymatic activity/volume] in Serum or Plasma	Angiotensin converting enzyme [Enzymatic activity/volume] in Serum or Plasma	Angiotensin converting enzyme [Enzymatic activity/volume] in Serum	Angiotensin converting enzyme [Enzymatic activity/volume] in Serum or Plasma	high	high	high
fs-apot		43	name	258								Apolipoprotein [Mass/volume] in Serum or Plasma	Apolipoprotein A-I [Mass/volume] in Serum	Apolipoprotein A1 and Apolipoprotein B panel - Serum or Plasma			
fs-ffa	mmol/l	43	name+unit+values	170		3009471	3009471	3009471	Fatty acids.nonesterified [Moles/volume] in Serum or Plasma	Fatty acids.nonesterified [Moles/volume] in Serum or Plasma	Fatty acids.nonesterified [Moles/volume] in Serum or Plasma	Fatty acids.free [Moles/volume] in Serum or Plasma	Fatty acids.nonesterified [Moles/volume] in Serum	Fatty acids.free [Moles/volume] in Serum or Plasma	high	high	high
fs-ffa		43	name	19		3009471		3009471	Fatty acids.nonesterified [Moles/volume] in Serum or Plasma		Fatty acids.nonesterified [Moles/volume] in Serum or Plasma	Fatty acids.free [Moles/volume] in Serum or Plasma	Fatty acids.nonesterified [Moles/volume] in Serum	Fatty acids.free [Moles/volume] in Serum or Plasma	medium		low
fs-tp-1		43	name	1698									Triglyceride [Moles/volume] in Serum	Protein.total [Mass/volume] in Serum or Plasma			
fs-tp-3		43	name	867									Triglyceride [Moles/volume] in Serum	Protein.total [Mass/volume] in Serum or Plasma			
fs-tp-4		43	name	926									Triglyceride [Moles/volume] in Serum	Protein.total [Mass/volume] in Serum or Plasma			
fs-tp-7		43	name	400									Triglyceride [Moles/volume] in Serum	Protein.total [Mass/volume] in Serum or Plasma			
li-tpha	titre	43	name+unit	12		3031591	3031591	3031591	Treponema pallidum Ab [Titer] in Cerebral spinal fluid by Hemagglutination	Treponema pallidum Ab [Titer] in Cerebral spinal fluid by Hemagglutination	Treponema pallidum Ab [Titer] in Cerebral spinal fluid by Hemagglutination	Treponema pallidum Ab [Titer] in Cerebral spinal fluid by Hemagglutination	Treponema pallidum antibody [Titer] in Cerebral spinal fluid	Treponema pallidum Ab [Titer] in Cerebral spinal fluid by Hemagglutination	high	high	high
li-tpha		43	name	526		3031591	3031591	3029998	Treponema pallidum Ab [Titer] in Cerebral spinal fluid by Hemagglutination	Treponema pallidum Ab [Titer] in Cerebral spinal fluid by Hemagglutination	Treponema pallidum Ab [Presence] in Cerebral spinal fluid by Hemagglutination	Treponema pallidum Ab [Titer] in Cerebral spinal fluid by Hemagglutination	Treponema pallidum antibody [Titer] in Cerebral spinal fluid	Treponema pallidum Ab [Presence] in Cerebral spinal fluid by Hemagglutination	high	medium	low
p-hae		43	name	461			3003245	3022493		Complement C1 esterase inhibitor [Mass/volume] in Serum or Plasma	Free Hemoglobin [Mass/volume] in Plasma		C1 esterase inhibitor [Mass/volume] in Plasma	Hemoglobin [Mass/volume] in Plasma		medium	low
p-hcg	iu/l	43	name+unit+values	858	3018171	3018171	3018171	3018171	Choriogonadotropin [Units/volume] in Serum or Plasma	Choriogonadotropin [Units/volume] in Serum or Plasma	Choriogonadotropin [Units/volume] in Serum or Plasma	Choriogonadotropin [Units/volume] in Serum or Plasma	Choriogonadotropin [Units/volume] in Plasma	Choriogonadotropin [Units/volume] in Serum or Plasma	high	high	high
p-hcg	u/l	43	name+unit+values	13156	3018171	3018171	3018171	3018171	Choriogonadotropin [Units/volume] in Serum or Plasma	Choriogonadotropin [Units/volume] in Serum or Plasma	Choriogonadotropin [Units/volume] in Serum or Plasma	Choriogonadotropin [Units/volume] in Serum or Plasma	Choriogonadotropin [Units/volume] in Plasma	Choriogonadotropin [Units/volume] in Serum or Plasma	high	high	high
p-hcg		43	name+values	15471	3018171	3018171	3018171	3018171	Choriogonadotropin [Units/volume] in Serum or Plasma	Choriogonadotropin [Units/volume] in Serum or Plasma	Choriogonadotropin [Units/volume] in Serum or Plasma	Choriogonadotropin [Units/volume] in Serum or Plasma	Choriogonadotropin [Units/volume] in Plasma	Choriogonadotropin [Units/volume] in Serum or Plasma	high	medium	medium
p-he4	pmol/l	43	name+unit+values	2505	40758310	40758310	40758310	40758310	Human epididymis protein 4 [Moles/volume] in Serum or Plasma	Human epididymis protein 4 [Moles/volume] in Serum or Plasma	Human epididymis protein 4 [Moles/volume] in Serum or Plasma	HE4 protein [Moles/volume] in Serum or Plasma	HE4 [Moles/volume] in Plasma	Human epididymis protein 4 [Moles/volume] in Serum or Plasma	high	high	high
p-he4		43	name	6	40758310	40758310		40758310	Human epididymis protein 4 [Moles/volume] in Serum or Plasma		Human epididymis protein 4 [Moles/volume] in Serum or Plasma	HE4 protein [Moles/volume] in Serum or Plasma	HE4 [Moles/volume] in Plasma	Human epididymis protein 4 [Moles/volume] in Serum or Plasma	high		low
p-hepg		43	name	107				3003728			Hepatitis G virus RNA [Presence] in Serum by NAA with probe detection		Hepcidin [Mass/volume] in Plasma	Hepatitis G virus RNA [Presence] in Plasma by NAA with probe detection			low
p-hok		43	name	397				3016724			Homocysteine [Moles/volume] in Serum or Plasma			Homocysteine [Moles/volume] in Serum or Plasma			medium
p-shbg	nmol/l	43	name+unit+values	791	3004248	3004248	3004248	3004248	Sex hormone binding globulin [Moles/volume] in Serum or Plasma	Sex hormone binding globulin [Moles/volume] in Serum or Plasma	Sex hormone binding globulin [Moles/volume] in Serum or Plasma	Sex hormone binding globulin [Moles/volume] in Serum or Plasma	Sex hormone binding globulin [Moles/volume] in Plasma	Sex hormone binding globulin [Moles/volume] in Serum or Plasma	high	high	high
p-shbg		43	name+values	758	3004248	3004248	3004248	3004248	Sex hormone binding globulin [Moles/volume] in Serum or Plasma	Sex hormone binding globulin [Moles/volume] in Serum or Plasma	Sex hormone binding globulin [Moles/volume] in Serum or Plasma	Sex hormone binding globulin [Moles/volume] in Serum or Plasma	Sex hormone binding globulin [Moles/volume] in Plasma	Sex hormone binding globulin [Moles/volume] in Serum or Plasma	high	high	high
s-5hiaa	nmol/l	43	name+unit+values	10313	3030136	3030136	3030136	3030136	5-Hydroxyindoleacetate [Moles/volume] in Serum or Plasma	5-Hydroxyindoleacetate [Moles/volume] in Serum or Plasma	5-Hydroxyindoleacetate [Moles/volume] in Serum or Plasma	5-Hydroxyindoleacetic acid [Moles/volume] in Serum or Plasma	5-Hydroxyindoleacetate [Moles/volume] in Serum	5-Hydroxyindoleacetate [Moles/volume] in Serum or Plasma	high	high	high
s-5hiaa		43	name	153	3030136	3030136		3030136	5-Hydroxyindoleacetate [Moles/volume] in Serum or Plasma		5-Hydroxyindoleacetate [Moles/volume] in Serum or Plasma	5-Hydroxyindoleacetic acid [Moles/volume] in Serum or Plasma	5-Hydroxyindoleacetate [Moles/volume] in Serum	5-Hydroxyindoleacetate [Moles/volume] in Serum or Plasma	high		low
s-ace	u/l	43	name+unit+values	2203	3034780	3034780	3034780	3034780	Angiotensin converting enzyme [Enzymatic activity/volume] in Serum or Plasma	Angiotensin converting enzyme [Enzymatic activity/volume] in Serum or Plasma	Angiotensin converting enzyme [Enzymatic activity/volume] in Serum or Plasma	Angiotensin converting enzyme [Enzymatic activity/volume] in Serum or Plasma	Angiotensin converting enzyme [Enzymatic activity/volume] in Serum	Angiotensin converting enzyme [Enzymatic activity/volume] in Serum or Plasma	high	high	high
s-ace		43	name+values	769	3034780	3034780	3034780	3034780	Angiotensin converting enzyme [Enzymatic activity/volume] in Serum or Plasma	Angiotensin converting enzyme [Enzymatic activity/volume] in Serum or Plasma	Angiotensin converting enzyme [Enzymatic activity/volume] in Serum or Plasma	Angiotensin converting enzyme [Enzymatic activity/volume] in Serum or Plasma	Angiotensin converting enzyme [Enzymatic activity/volume] in Serum	Angiotensin converting enzyme [Enzymatic activity/volume] in Serum or Plasma	high	high	high
s-ada	u/l	43	name+unit+values	4147	3052649	3052649	3052649	3052649	Adenosine deaminase [Enzymatic activity/volume] in Serum or Plasma	Adenosine deaminase [Enzymatic activity/volume] in Serum or Plasma	Adenosine deaminase [Enzymatic activity/volume] in Serum or Plasma	Adenosine deaminase [Enzymatic activity/volume] in Serum or Plasma	Adenosine deaminase [Enzymatic activity/volume] in Serum	Adenosine deaminase [Enzymatic activity/volume] in Serum or Plasma	high	high	high
s-ada		43	name	259	3052649	3052649	3052649	3052649	Adenosine deaminase [Enzymatic activity/volume] in Serum or Plasma	Adenosine deaminase [Enzymatic activity/volume] in Serum or Plasma	Adenosine deaminase [Enzymatic activity/volume] in Serum or Plasma	Adenosine deaminase [Enzymatic activity/volume] in Serum or Plasma	Adenosine deaminase [Enzymatic activity/volume] in Serum	Adenosine deaminase [Enzymatic activity/volume] in Serum or Plasma	high	medium	medium
s-afp	u/ml	43	name+unit+values	18186	3015916	3015916	3015916	3015916	Alpha-1-Fetoprotein [Units/volume] in Serum or Plasma	Alpha-1-Fetoprotein [Units/volume] in Serum or Plasma	Alpha-1-Fetoprotein [Units/volume] in Serum or Plasma	Alpha-1-fetoprotein [Units/volume] in Serum or Plasma	Alpha-1-Fetoprotein [Units/volume] in Serum	Alpha-1-Fetoprotein [Units/volume] in Serum or Plasma	high	high	high
s-afp	ug/l	43	name+unit+values	2515	3009306	3009306	3009306	3009306	Alpha-1-Fetoprotein [Mass/volume] in Serum or Plasma	Alpha-1-Fetoprotein [Mass/volume] in Serum or Plasma	Alpha-1-Fetoprotein [Mass/volume] in Serum or Plasma	Alpha-1-fetoprotein [Mass/volume] in Serum or Plasma	Alpha-1-Fetoprotein [Mass/volume] in Serum	Alpha-1-Fetoprotein [Mass/volume] in Serum or Plasma	high	high	high
s-afp		43	name+values	4026		3015916	3009306	3009306	Alpha-1-Fetoprotein [Units/volume] in Serum or Plasma	Alpha-1-Fetoprotein [Mass/volume] in Serum or Plasma	Alpha-1-Fetoprotein [Mass/volume] in Serum or Plasma	Alpha-1-fetoprotein [Units/volume] in Serum or Plasma	Alpha-1-Fetoprotein [Mass/volume] in Serum	Alpha-1-Fetoprotein [Mass/volume] in Serum or Plasma	medium	medium	low
s-afp/d	u/ml	43	name+unit+values	234	3015916	3015916	3015916	3015916	Alpha-1-Fetoprotein [Units/volume] in Serum or Plasma	Alpha-1-Fetoprotein [Units/volume] in Serum or Plasma	Alpha-1-Fetoprotein [Units/volume] in Serum or Plasma	Alpha-1-fetoprotein [Units/volume] in Serum or Plasma	Alpha-1-Fetoprotein [Units/volume] in Serum	Alpha-1-Fetoprotein [Units/volume] in Serum	high	medium	medium
s-afp/d		43	name	49		3015916		3015916	Alpha-1-Fetoprotein [Units/volume] in Serum or Plasma		Alpha-1-Fetoprotein [Units/volume] in Serum or Plasma	Alpha-1-fetoprotein [Units/volume] in Serum or Plasma	Alpha-1-Fetoprotein [Units/volume] in Serum	Alpha-1-Fetoprotein [Units/volume] in Serum	medium		low
s-amh	ug/l	43	name+unit+values	9545	3047826	3047826	3047826	3047826	Mullerian inhibiting substance [Mass/volume] in Serum or Plasma	Mullerian inhibiting substance [Mass/volume] in Serum or Plasma	Mullerian inhibiting substance [Mass/volume] in Serum or Plasma	Anti-Mullerian hormone [Mass/volume] in Serum or Plasma	Anti-Mullerian hormone [Mass/volume] in Serum	Mullerian inhibiting substance [Mass/volume] in Serum or Plasma	high	high	high
s-amh		43	name+values	1328	3047826	3047826	3047826	3047826	Mullerian inhibiting substance [Mass/volume] in Serum or Plasma	Mullerian inhibiting substance [Mass/volume] in Serum or Plasma	Mullerian inhibiting substance [Mass/volume] in Serum or Plasma	Anti-Mullerian hormone [Mass/volume] in Serum or Plasma	Anti-Mullerian hormone [Mass/volume] in Serum	Mullerian inhibiting substance [Mass/volume] in Serum or Plasma	high	high	medium
s-ami	mg/l	43	name+unit+values	294	21494227	3036152	3036152	3036152	Amikacin [Mass/volume] in Serum or Plasma	Amikacin [Mass/volume] in Serum or Plasma	Amikacin [Mass/volume] in Serum or Plasma	Amikacin [Mass/volume] in Serum or Plasma	Amikacin [Mass/volume] in Serum	Amikacin [Mass/volume] in Serum or Plasma	high	high	high
s-ami		43	name	308	21494227	3036152		3036152	Amikacin [Mass/volume] in Serum or Plasma		Amikacin [Mass/volume] in Serum or Plasma	Amikacin [Mass/volume] in Serum or Plasma	Amikacin [Mass/volume] in Serum	Amikacin [Mass/volume] in Serum or Plasma	high		low
s-ana	titre	43	name+unit+values	21493	3037522	3037522	3037522	3037522	Nuclear Ab [Titer] in Serum	Nuclear Ab [Titer] in Serum	Nuclear Ab [Titer] in Serum	Nuclear antibody [Titer] in Serum	Antinuclear antibody [Titer] in Serum	Nuclear Ab [Titer] in Serum	high	high	high
s-ana		43	name+values	62781	3037522	3037522	3037522	3037522	Nuclear Ab [Titer] in Serum	Nuclear Ab [Titer] in Serum	Nuclear Ab [Titer] in Serum	Nuclear antibody [Titer] in Serum	Antinuclear antibody [Titer] in Serum	Nuclear Ab [Titer] in Serum	high	high	high
s-apot		43	name	754								Apolipoprotein [Mass/volume] in Serum or Plasma	Apolipoprotein A-I [Mass/volume] in Serum	Apolipoprotein A1 and Apolipoprotein B panel - Serum or Plasma			
s-asca	u/ml	43	name+unit	89		40759904	40759904	40759904	Baker's yeast Ab [Units/volume] in Serum	Baker's yeast Ab [Units/volume] in Serum	Baker's yeast Ab [Units/volume] in Serum	Saccharomyces cerevisiae Ab [Units/volume] in Serum	Saccharomyces cerevisiae antibody [Units/volume] in Serum	Saccharomyces cerevisiae Ab [Units/volume] in Serum	high	medium	medium
s-asca		43	name	316	3041672	40759904	40759904	40759904	Baker's yeast Ab [Units/volume] in Serum	Baker's yeast Ab [Units/volume] in Serum	Baker's yeast Ab [Units/volume] in Serum	Saccharomyces cerevisiae Ab [Units/volume] in Serum	Saccharomyces cerevisiae antibody [Units/volume] in Serum	Saccharomyces cerevisiae Ab [Units/volume] in Serum	high	medium	low
s-ast	iu/ml	43	name+unit+values	2404	3021236	3021236	3021236	3021236	Streptolysin O Ab [Units/volume] in Serum or Plasma	Streptolysin O Ab [Units/volume] in Serum or Plasma	Streptolysin O Ab [Units/volume] in Serum or Plasma	Streptolysin O Ab [Units/volume] in Serum	Streptolysin O antibody [Units/volume] in Serum	Streptolysin O Ab [Units/volume] in Serum	high	high	high
s-ast	titre	43	name+unit	7	3028050	3028050	3028050	3028050	Streptolysin O Ab [Titer] in Serum	Streptolysin O Ab [Titer] in Serum	Streptolysin O Ab [Titer] in Serum	Streptolysin O Ab [Titer] in Serum	Streptolysin O antibody [Titer] in Serum	Streptolysin O Ab [Titer] in Serum	high	high	medium
s-ast	u/ml	43	name+unit+values	408	3021236	3021236	3021236	3021236	Streptolysin O Ab [Units/volume] in Serum or Plasma	Streptolysin O Ab [Units/volume] in Serum or Plasma	Streptolysin O Ab [Units/volume] in Serum or Plasma	Streptolysin O Ab [Units/volume] in Serum	Streptolysin O antibody [Units/volume] in Serum	Streptolysin O Ab [Units/volume] in Serum	high	high	high
s-ast		43	name+values	2603		3021236	3021236	3021236	Streptolysin O Ab [Units/volume] in Serum or Plasma	Streptolysin O Ab [Units/volume] in Serum or Plasma	Streptolysin O Ab [Units/volume] in Serum or Plasma	Streptolysin O Ab [Units/volume] in Serum	Streptolysin O antibody [Units/volume] in Serum	Streptolysin O Ab [Units/volume] in Serum	high	medium	medium
s-asta	iu/ml	43	name+unit+values	256	3035947	3035947	3035947	3035947	Staphylolysin Ab [Units/volume] in Serum	Staphylolysin Ab [Units/volume] in Serum	Staphylolysin Ab [Units/volume] in Serum	Staphylolysin Ab [Units/volume] in Serum	Staphylolysin antibody [Units/volume] in Serum	Staphylolysin Ab [Units/volume] in Serum	high	high	high
s-asta	u/ml	43	name+unit	10	3035947	3035947	3035947	3035947	Staphylolysin Ab [Units/volume] in Serum	Staphylolysin Ab [Units/volume] in Serum	Staphylolysin Ab [Units/volume] in Serum	Staphylolysin Ab [Units/volume] in Serum	Staphylolysin antibody [Units/volume] in Serum	Staphylolysin Ab [Units/volume] in Serum	high	high	medium
s-asta		43	name	2266	3035947	3035947	3035947	3035947	Staphylolysin Ab [Units/volume] in Serum	Staphylolysin Ab [Units/volume] in Serum	Staphylolysin Ab [Units/volume] in Serum	Staphylolysin Ab [Units/volume] in Serum	Staphylolysin antibody [Units/volume] in Serum	Staphylolysin Ab [Units/volume] in Serum	high	medium	low
s-br	mmol/l	43	name+unit	130		3018308	3018308	3018308	Bromide [Moles/volume] in Serum or Plasma	Bromide [Moles/volume] in Serum or Plasma	Bromide [Moles/volume] in Serum or Plasma	Bromide [Moles/volume] in Serum or Plasma	Bromide [Moles/volume] in Serum	Bromide [Moles/volume] in Serum or Plasma	high	high	high
s-dhea	nmol/l	43	name+unit+values	398		3027880	3027880	3027880	Dehydroepiandrosterone (DHEA) [Moles/volume] in Serum or Plasma	Dehydroepiandrosterone (DHEA) [Moles/volume] in Serum or Plasma	Dehydroepiandrosterone (DHEA) [Moles/volume] in Serum or Plasma	Dehydroepiandrosterone [Moles/volume] in Serum or Plasma	Dehydroepiandrosterone [Moles/volume] in Serum	Dehydroepiandrosterone [Moles/volume] in Serum or Plasma	high	high	high
s-dhea		43	name	74		3027880		3027880	Dehydroepiandrosterone (DHEA) [Moles/volume] in Serum or Plasma		Dehydroepiandrosterone (DHEA) [Moles/volume] in Serum or Plasma	Dehydroepiandrosterone [Moles/volume] in Serum or Plasma	Dehydroepiandrosterone [Moles/volume] in Serum	Dehydroepiandrosterone [Moles/volume] in Serum or Plasma	high		low
s-dheas	umol/l	43	name+unit+values	3797	3016616	3016616	3016616	3016616	Dehydroepiandrosterone sulfate (DHEA-S) [Moles/volume] in Serum or Plasma	Dehydroepiandrosterone sulfate (DHEA-S) [Moles/volume] in Serum or Plasma	Dehydroepiandrosterone sulfate (DHEA-S) [Moles/volume] in Serum or Plasma	Dehydroepiandrosterone sulfate [Moles/volume] in Serum or Plasma	Dehydroepiandrosterone sulfate [Moles/volume] in Serum	Dehydroepiandrosterone sulfate [Moles/volume] in Serum or Plasma	high	high	high
s-dheas		43	name+values	331	3016616	3016616	3016616	3016616	Dehydroepiandrosterone sulfate (DHEA-S) [Moles/volume] in Serum or Plasma	Dehydroepiandrosterone sulfate (DHEA-S) [Moles/volume] in Serum or Plasma	Dehydroepiandrosterone sulfate (DHEA-S) [Moles/volume] in Serum or Plasma	Dehydroepiandrosterone sulfate [Moles/volume] in Serum or Plasma	Dehydroepiandrosterone sulfate [Moles/volume] in Serum	Dehydroepiandrosterone sulfate [Moles/volume] in Serum or Plasma	high	medium	high
s-e1	pmol/l	43	name+unit+values	123	3014339	3014339	3014339	3014339	Estrone (E1) [Moles/volume] in Serum or Plasma	Estrone (E1) [Moles/volume] in Serum or Plasma	Estrone (E1) [Moles/volume] in Serum or Plasma	Estrone [Moles/volume] in Serum or Plasma	Estrone [Moles/volume] in Serum	Estrone [Moles/volume] in Serum or Plasma	high	high	high
s-e1		43	name	30	3014339	3014339		3014339	Estrone (E1) [Moles/volume] in Serum or Plasma		Estrone (E1) [Moles/volume] in Serum or Plasma	Estrone [Moles/volume] in Serum or Plasma	Estrone [Moles/volume] in Serum	Estrone [Moles/volume] in Serum or Plasma	high		low
s-e2	nmol/l	43	name+unit+values	10351	3026725	3026725	3026725	3026725	Estradiol (E2) [Moles/volume] in Serum or Plasma	Estradiol (E2) [Moles/volume] in Serum or Plasma	Estradiol (E2) [Moles/volume] in Serum or Plasma	Estradiol [Moles/volume] in Serum or Plasma	Estradiol [Moles/volume] in Serum	Estradiol [Moles/volume] in Serum or Plasma	high	high	high
s-e2		43	name+values	2381	3026725	3026725	3026725	3026725	Estradiol (E2) [Moles/volume] in Serum or Plasma	Estradiol (E2) [Moles/volume] in Serum or Plasma	Estradiol (E2) [Moles/volume] in Serum or Plasma	Estradiol [Moles/volume] in Serum or Plasma	Estradiol [Moles/volume] in Serum	Estradiol [Moles/volume] in Serum or Plasma	high	high	high
s-ema		43	name	2245		3011229	3011229	3014854	Endomysium Ab [Titer] in Serum	Endomysium Ab [Titer] in Serum	Endomysium Ab [Presence] in Serum	Endomysial Ab [Titer] in Serum	Endomysial antibody [Titer] in Serum	Endomysium Ab [Presence] in Serum	high	medium	low
s-ena		43	name+values	1469			3015171	3015171		Extractable nuclear Ab [Units/volume] in Serum	Extractable nuclear Ab [Units/volume] in Serum	Extractable nuclear Ab [Ratio] in Serum	Extractable nuclear antigen antibody [Ratio] in Serum	Extractable nuclear Ab [Units/volume] in Serum		low	medium
s-enal		43	name	832		3029075		3013293	Extractable nuclear Ab panel - Serum		Extractable nuclear Ab [Presence] in Serum	Extractable nuclear Ab panel - Serum	Enalapril [Mass/volume] in Serum	Extractable nuclear Ab [Presence] in Serum	high		low
s-epo	iu/l	43	name+unit+values	2353	3024172	3024172	3024172	3024172	Erythropoietin (EPO) [Units/volume] in Serum or Plasma	Erythropoietin (EPO) [Units/volume] in Serum or Plasma	Erythropoietin (EPO) [Units/volume] in Serum or Plasma	Erythropoietin [Units/volume] in Serum or Plasma	Erythropoietin [Units/volume] in Serum	Erythropoietin [Units/volume] in Serum or Plasma	high	high	high
s-epo	pmol/l	43	name+unit	44				3024172			Erythropoietin (EPO) [Units/volume] in Serum or Plasma	Erythropoietin [Moles/volume] in Serum or Plasma	Erythropoietin [Moles/volume] in Serum	Erythropoietin [Moles/volume] in Serum or Plasma			low
s-epo	u/l	43	name+unit+values	5380	3024172	3024172	3024172	3024172	Erythropoietin (EPO) [Units/volume] in Serum or Plasma	Erythropoietin (EPO) [Units/volume] in Serum or Plasma	Erythropoietin (EPO) [Units/volume] in Serum or Plasma	Erythropoietin [Units/volume] in Serum or Plasma	Erythropoietin [Units/volume] in Serum	Erythropoietin [Units/volume] in Serum or Plasma	high	high	high
s-epo		43	name+values	1209	3024172	3024172	3024172	3024172	Erythropoietin (EPO) [Units/volume] in Serum or Plasma	Erythropoietin (EPO) [Units/volume] in Serum or Plasma	Erythropoietin (EPO) [Units/volume] in Serum or Plasma	Erythropoietin [Units/volume] in Serum or Plasma	Erythropoietin [Units/volume] in Serum	Erythropoietin [Units/volume] in Serum or Plasma	high	medium	high
s-ffa	mmol/l	43	name+unit+values	518	3009471	3009471	3009471	3009471	Fatty acids.nonesterified [Moles/volume] in Serum or Plasma	Fatty acids.nonesterified [Moles/volume] in Serum or Plasma	Fatty acids.nonesterified [Moles/volume] in Serum or Plasma	Fatty acids.free [Moles/volume] in Serum or Plasma	Fatty acids.nonesterified [Moles/volume] in Serum	Fatty acids.free [Moles/volume] in Serum or Plasma	high	high	high
s-gen	mg/l	43	name+unit+values	373	3035510	3035510	3035510	3035510	Gentamicin [Mass/volume] in Serum or Plasma	Gentamicin [Mass/volume] in Serum or Plasma	Gentamicin [Mass/volume] in Serum or Plasma	Gentamicin [Mass/volume] in Serum or Plasma	Gentamicin [Mass/volume] in Serum	Gentamicin [Mass/volume] in Serum or Plasma	high	high	high
s-gen		43	name	339	3035510	3035510		3035510	Gentamicin [Mass/volume] in Serum or Plasma		Gentamicin [Mass/volume] in Serum or Plasma	Gentamicin [Mass/volume] in Serum or Plasma	Gentamicin [Mass/volume] in Serum	Gentamicin [Mass/volume] in Serum or Plasma	high		low
s-hae		43	name	751			3003245	3001257		Complement C1 esterase inhibitor [Mass/volume] in Serum or Plasma	Free Hemoglobin [Mass/volume] in Serum		C1 esterase inhibitor [Mass/volume] in Serum	Hemoglobin [Mass/volume] in Serum		medium	low
s-hbe		43	name	347			3027974	3027974		Hepatitis B virus e Ag [Presence] in Serum	Hepatitis B virus e Ag [Presence] in Serum		Hepatitis B virus e antigen [Presence] in Serum	Hepatitis B virus e Ag [Presence] in Serum		medium	low
s-hcg	iu/l	43	name+unit+values	2181	3018171	3018171	3018171	3018171	Choriogonadotropin [Units/volume] in Serum or Plasma	Choriogonadotropin [Units/volume] in Serum or Plasma	Choriogonadotropin [Units/volume] in Serum or Plasma	Choriogonadotropin [Units/volume] in Serum or Plasma	Choriogonadotropin [Units/volume] in Serum	Choriogonadotropin [Units/volume] in Serum or Plasma	high	high	high
s-hcg	u/l	43	name+unit+values	5914	3018171	3018171	3018171	3018171	Choriogonadotropin [Units/volume] in Serum or Plasma	Choriogonadotropin [Units/volume] in Serum or Plasma	Choriogonadotropin [Units/volume] in Serum or Plasma	Choriogonadotropin [Units/volume] in Serum or Plasma	Choriogonadotropin [Units/volume] in Serum	Choriogonadotropin [Units/volume] in Serum or Plasma	high	high	high
s-hcg		43	name+values	16592	3018171	3018171	3018171	3018171	Choriogonadotropin [Units/volume] in Serum or Plasma	Choriogonadotropin [Units/volume] in Serum or Plasma	Choriogonadotropin [Units/volume] in Serum or Plasma	Choriogonadotropin [Units/volume] in Serum or Plasma	Choriogonadotropin [Units/volume] in Serum	Choriogonadotropin [Units/volume] in Serum or Plasma	high	medium	medium
s-he4	pmol/l	43	name+unit+values	11193	40758310	40758310	40758310	40758310	Human epididymis protein 4 [Moles/volume] in Serum or Plasma	Human epididymis protein 4 [Moles/volume] in Serum or Plasma	Human epididymis protein 4 [Moles/volume] in Serum or Plasma	HE4 protein [Moles/volume] in Serum or Plasma	HE4 [Moles/volume] in Serum	Human epididymis protein 4 [Moles/volume] in Serum or Plasma	high	high	high
s-he4		43	name+values	420	40758310	40758310	40758310	40758310	Human epididymis protein 4 [Moles/volume] in Serum or Plasma	Human epididymis protein 4 [Moles/volume] in Serum or Plasma	Human epididymis protein 4 [Moles/volume] in Serum or Plasma	HE4 protein [Moles/volume] in Serum or Plasma	HE4 [Moles/volume] in Serum	Human epididymis protein 4 [Moles/volume] in Serum or Plasma	high	high	medium
s-kem		43	name	1473									Clinical chemistry panel - Serum	General chemistry panel - Serum or Plasma			
s-kyhemag	titre	43	name+unit+values	180	3001686	3001686	3001686	3001686	Cold agglutinin [Titer] in Serum or Plasma	Cold agglutinin [Titer] in Serum or Plasma	Cold agglutinin [Titer] in Serum or Plasma	Cold agglutinin [Titer] in Serum	Cold agglutinin [Titer] in Serum	Cold agglutinin [Titer] in Serum	high	high	high
s-kyhemag		43	name	826	3001686	3001686	3001686	3029759	Cold agglutinin [Titer] in Serum or Plasma	Cold agglutinin [Titer] in Serum or Plasma	Cold agglutinin [Presence] in Serum or Plasma	Cold agglutinin [Titer] in Serum	Cold agglutinin [Titer] in Serum	Cold agglutinin [Presence] in Serum	high	medium	low
s-shbg	nmol/l	43	name+unit+values	29338	3004248	3004248	3004248	3004248	Sex hormone binding globulin [Moles/volume] in Serum or Plasma	Sex hormone binding globulin [Moles/volume] in Serum or Plasma	Sex hormone binding globulin [Moles/volume] in Serum or Plasma	Sex hormone binding globulin [Moles/volume] in Serum or Plasma	Sex hormone binding globulin [Moles/volume] in Serum	Sex hormone binding globulin [Moles/volume] in Serum or Plasma	high	high	high
s-shbg		43	name+values	614		3004248	3004248	3004248	Sex hormone binding globulin [Moles/volume] in Serum or Plasma	Sex hormone binding globulin [Moles/volume] in Serum or Plasma	Sex hormone binding globulin [Moles/volume] in Serum or Plasma	Sex hormone binding globulin [Moles/volume] in Serum or Plasma	Sex hormone binding globulin [Moles/volume] in Serum	Sex hormone binding globulin [Moles/volume] in Serum or Plasma	high	high	high
s-tati	nmol/l	43	name+unit+values	551								Tumor associated trypsin inhibitor [Moles/volume] in Serum or Plasma	Tumor-associated trypsin inhibitor [Moles/volume] in Serum	Tumor associated trypsin inhibitor [Moles/volume] in Serum or Plasma			
s-tati	ug/l	43	name+unit+values	446								Tumor associated trypsin inhibitor [Mass/volume] in Serum or Plasma	Tumor-associated trypsin inhibitor [Mass/volume] in Serum	Tumor associated trypsin inhibitor [Mass/volume] in Serum or Plasma			
s-tati		43	name	86								Tumor associated trypsin inhibitor [Moles/volume] in Serum or Plasma	Tumor-associated trypsin inhibitor [Mass/volume] in Serum	Tumor associated trypsin inhibitor [Mass/volume] in Serum or Plasma			
s-tpha	titre	43	name+unit+values	1665	3019539	3019539	3019539	3019539	Treponema pallidum Ab [Titer] in Serum by Hemagglutination	Treponema pallidum Ab [Titer] in Serum by Hemagglutination	Treponema pallidum Ab [Titer] in Serum by Hemagglutination	Treponema pallidum Ab [Titer] in Serum by Hemagglutination	Treponema pallidum antibody [Titer] in Serum	Treponema pallidum Ab [Titer] in Serum by Hemagglutination	high	high	high
s-tpha		43	name	9799	3019539	3019539	3019539	3028061	Treponema pallidum Ab [Titer] in Serum by Hemagglutination	Treponema pallidum Ab [Titer] in Serum by Hemagglutination	Treponema pallidum Ab [Presence] in Serum by Hemagglutination	Treponema pallidum Ab [Titer] in Serum by Hemagglutination	Treponema pallidum antibody [Titer] in Serum	Treponema pallidum Ab [Presence] in Serum by Hemagglutination	high	medium	medium
s-van	mg/l	43	name+unit+values	36935	3005715	3005715	3005715	3005715	Vancomycin [Mass/volume] in Serum or Plasma	Vancomycin [Mass/volume] in Serum or Plasma	Vancomycin [Mass/volume] in Serum or Plasma	Vancomycin [Mass/volume] in Serum or Plasma	Vancomycin [Mass/volume] in Serum	Vancomycin [Mass/volume] in Serum or Plasma	high	high	high
s-van		43	name+values	1695	3005715	3005715	3005715	3005715	Vancomycin [Mass/volume] in Serum or Plasma	Vancomycin [Mass/volume] in Serum or Plasma	Vancomycin [Mass/volume] in Serum or Plasma	Vancomycin [Mass/volume] in Serum or Plasma	Vancomycin [Mass/volume] in Serum	Vancomycin [Mass/volume] in Serum or Plasma	high	high	high
ts-res		43	name	1353		3000481	3000481	3000481	Estrogen+Progesterone receptor Ag [Presence] in Tissue by Immune stain	Estrogen+Progesterone receptor Ag [Presence] in Tissue by Immune stain	Estrogen+Progesterone receptor Ag [Presence] in Tissue by Immune stain	Estrogen and Progesterone receptor panel - Tissue	Estrogen receptor [Presence] in Tissue by Immune stain	Estrogen and Progesterone receptor panel - Tissue	high	low	low
u-hcg	iu/l	43	name+unit	93		3023511	3023511	3023511	Choriogonadotropin [Units/volume] in Urine	Choriogonadotropin [Units/volume] in Urine	Choriogonadotropin [Units/volume] in Urine	Choriogonadotropin [Units/volume] in Urine	Choriogonadotropin [Units/volume] in Urine	Choriogonadotropin [Units/volume] in Urine	high	high	high
u-hcg	u/l	43	name+unit	15		3023511	3023511	3023511	Choriogonadotropin [Units/volume] in Urine	Choriogonadotropin [Units/volume] in Urine	Choriogonadotropin [Units/volume] in Urine	Choriogonadotropin [Units/volume] in Urine	Choriogonadotropin [Units/volume] in Urine	Choriogonadotropin [Units/volume] in Urine	high	high	high
u-hcg		43	name	227		3018954		3023511	Choriogonadotropin [Presence] in Urine		Choriogonadotropin [Units/volume] in Urine	Choriogonadotropin [Presence] in Urine	Choriogonadotropin [Presence] in Urine	Choriogonadotropin [Units/volume] in Urine	high		low
-bil	umol/l	44	name+unit+values	433	3006140	3006140	3006140	3036768	Bilirubin.total [Moles/volume] in Serum or Plasma	Bilirubin.total [Moles/volume] in Serum or Plasma	Bilirubin.total [Moles/volume] in Specimen	Bilirubin.total [Moles/volume] in Serum or Plasma	Bilirubin [Moles/volume] in Serum or Plasma	Bilirubin.total [Moles/volume] in Serum or Plasma	high	medium	low
-bil		44	name	85								Bilirubin.total in Serum or Plasma	Bilirubin [Moles/volume] in Serum or Plasma	Bilirubin.total [Moles/volume] in Serum or Plasma			
b-bio		44	name	4183		3009454	3023368		Biotin [Presence] in Blood	Bacteria identified in Blood by Culture		Biotin in Blood	Microorganism identified in Blood by Culture		medium	medium	
b-hg	nmol/l	44	name+unit	64	3035060	3035060	3035060	3035060	Mercury [Moles/volume] in Blood	Mercury [Moles/volume] in Blood	Mercury [Moles/volume] in Blood	Mercury [Moles/volume] in Blood	Mercury [Moles/volume] in Blood	Mercury [Moles/volume] in Blood	high	high	high
b-hg		44	name	51	3035060			3035060			Mercury [Moles/volume] in Blood	Mercury in Blood	Mercury [Moles/volume] in Blood	Mercury [Moles/volume] in Blood			low
cb-bil	umol/l	44	name+unit+values	331	40757494	1616780	1616780	1616780	Bilirubin.total [Moles/volume] in Capillary blood	Bilirubin.total [Moles/volume] in Capillary blood	Bilirubin.total [Moles/volume] in Capillary blood	Bilirubin.total [Moles/volume] in Capillary blood	Bilirubin [Moles/volume] in Capillary blood	Bilirubin.total [Moles/volume] in Capillary blood	high	high	high
cb-bil		44	name	4244	40757494			1616780			Bilirubin.total [Moles/volume] in Capillary blood	Bilirubin.total in Capillary blood	Bilirubin [Moles/volume] in Capillary blood	Bilirubin.total [Moles/volume] in Capillary blood			low
du-mg	mmol	44	name+unit+values	580		3017937	3017937	3017937	Magnesium [Moles/time] in 24 hour Urine	Magnesium [Moles/time] in 24 hour Urine	Magnesium [Moles/time] in 24 hour Urine	Magnesium [Moles/time] in 24 hour Urine	Magnesium [Moles/time] in 24 hour Urine	Magnesium [Moles/time] in 24 hour Urine	high	high	high
du-mg		44	name	154	3017937			3017937			Magnesium [Moles/time] in 24 hour Urine	Magnesium in 24 hour Urine	Magnesium [Moles/time] in 24 hour Urine	Magnesium [Moles/time] in 24 hour Urine			low
du-pi	mmol	44	name+unit+values	591		3010600	3010600	3010600	Phosphate [Moles/time] in 24 hour Urine	Phosphate [Moles/time] in 24 hour Urine	Phosphate [Moles/time] in 24 hour Urine	Phosphate [Moles/time] in 24 hour Urine	Phosphate [Moles/time] in 24 hour Urine	Phosphate [Moles/time] in 24 hour Urine	high	high	high
du-pi		44	name	118	3032333			3010600			Phosphate [Moles/time] in 24 hour Urine	Phosphate in 24 hour Urine	Phosphate [Moles/time] in 24 hour Urine	Phosphate [Moles/time] in 24 hour Urine			low
fl-koh		44	name	285		40758442	40758436	40758436	Yeast [Presence] in Vaginal fluid by KOH preparation	Fungus [Presence] in Vaginal fluid by KOH preparation	Fungus [Presence] in Vaginal fluid by KOH preparation	Potassium hydroxide [Presence] in Vaginal fluid by Wet mount	Fungal elements [Presence] in Vaginal fluid by KOH preparation	Fungus identified in Vaginal fluid by KOH preparation	high	medium	medium
fp-bil	umol/l	44	name+unit+values	111	40757494	3006140	3006140	3006140	Bilirubin.total [Moles/volume] in Serum or Plasma	Bilirubin.total [Moles/volume] in Serum or Plasma	Bilirubin.total [Moles/volume] in Serum or Plasma	Bilirubin.total [Moles/volume] in Plasma	Bilirubin [Moles/volume] in Plasma	Bilirubin.total [Moles/volume] in Serum or Plasma	high	high	high
fp-kol	mmol	44	name+unit	7		3019900	3019900	3019900	Cholesterol [Moles/volume] in Serum or Plasma	Cholesterol [Moles/volume] in Serum or Plasma	Cholesterol [Moles/volume] in Serum or Plasma	Cholesterol.total [Moles/volume] in Plasma	Cholesterol [Moles/volume] in Serum or Plasma	Cholesterol [Moles/volume] in Serum or Plasma	high	high	medium
fp-kol	mmol/	44	name+unit	7		3019900	3019900	3019900	Cholesterol [Moles/volume] in Serum or Plasma	Cholesterol [Moles/volume] in Serum or Plasma	Cholesterol [Moles/volume] in Serum or Plasma	Cholesterol.total [Moles/volume] in Plasma	Cholesterol [Moles/volume] in Serum or Plasma	Cholesterol [Moles/volume] in Serum or Plasma	high	high	medium
fp-kol	mmol/l	44	name+unit+values	1407523	3019900	3019900	3019900	3019900	Cholesterol [Moles/volume] in Serum or Plasma	Cholesterol [Moles/volume] in Serum or Plasma	Cholesterol [Moles/volume] in Serum or Plasma	Cholesterol.total [Moles/volume] in Plasma	Cholesterol [Moles/volume] in Serum or Plasma	Cholesterol [Moles/volume] in Serum or Plasma	high	high	high
fp-kol		44	name+values	17406	3019900	3019900	3019900	3019900	Cholesterol [Moles/volume] in Serum or Plasma	Cholesterol [Moles/volume] in Serum or Plasma	Cholesterol [Moles/volume] in Serum or Plasma	Cholesterol.total [Moles/volume] in Plasma	Cholesterol [Moles/volume] in Serum or Plasma	Cholesterol [Moles/volume] in Serum or Plasma	high	medium	high
fp-vip	pmol/l	44	name+unit+values	391	3051252	3051252	3051252	3051252	Vasoactive intestinal peptide [Moles/volume] in Serum or Plasma	Vasoactive intestinal peptide [Moles/volume] in Serum or Plasma	Vasoactive intestinal peptide [Moles/volume] in Serum or Plasma	Vasoactive intestinal peptide [Moles/volume] in Plasma	Vasoactive intestinal peptide [Moles/volume] in Plasma	Vasoactive intestinal peptide [Moles/volume] in Plasma	high	high	high
fp-vip		44	name	61	3051252			3051252			Vasoactive intestinal peptide [Moles/volume] in Serum or Plasma	Vasoactive intestinal peptide in Plasma	Vasoactive intestinal peptide [Moles/volume] in Plasma	Vasoactive intestinal peptide [Moles/volume] in Plasma			low
fs-kol	mmol/	44	name+unit	7		3019900	3019900	3019900	Cholesterol [Moles/volume] in Serum or Plasma	Cholesterol [Moles/volume] in Serum or Plasma	Cholesterol [Moles/volume] in Serum or Plasma	Cholesterol.total [Moles/volume] in Serum	Cholesterol [Moles/volume] in Serum or Plasma	Cholesterol [Moles/volume] in Serum or Plasma	high	high	medium
fs-kol	mmol/l	44	name+unit+values	259011	3019900	3019900	3019900	3019900	Cholesterol [Moles/volume] in Serum or Plasma	Cholesterol [Moles/volume] in Serum or Plasma	Cholesterol [Moles/volume] in Serum or Plasma	Cholesterol.total [Moles/volume] in Serum	Cholesterol [Moles/volume] in Serum or Plasma	Cholesterol [Moles/volume] in Serum or Plasma	high	high	high
fs-kol		44	name+values	481	3019900	3019900	3019900	3019900	Cholesterol [Moles/volume] in Serum or Plasma	Cholesterol [Moles/volume] in Serum or Plasma	Cholesterol [Moles/volume] in Serum or Plasma	Cholesterol.total [Moles/volume] in Serum	Cholesterol [Moles/volume] in Serum or Plasma	Cholesterol [Moles/volume] in Serum or Plasma	high	high	high
li-bio		44	name	161			3016914			Bacteria identified in Cerebral spinal fluid by Culture		Biotin in Cerebral spinal fluid	Microorganism identified in Cerebral spinal fluid by Culture			medium	
mmse		44	name	524								Mini-mental state examination	Mini-Mental State Examination total score	Mini Mental State Exam (MMSE) total score			
p-bil	umol/l	44	name+unit+values	1420468	3006140	3006140	3006140	3006140	Bilirubin.total [Moles/volume] in Serum or Plasma	Bilirubin.total [Moles/volume] in Serum or Plasma	Bilirubin.total [Moles/volume] in Serum or Plasma	Bilirubin.total [Moles/volume] in Plasma	Bilirubin [Moles/volume] in Plasma	Bilirubin.total [Moles/volume] in Serum or Plasma	high	high	high
p-bil		44	name+values	51285	3006140	3006140	3006140	3006140	Bilirubin.total [Moles/volume] in Serum or Plasma	Bilirubin.total [Moles/volume] in Serum or Plasma	Bilirubin.total [Moles/volume] in Serum or Plasma	Bilirubin.total [Moles/volume] in Plasma	Bilirubin [Moles/volume] in Plasma	Bilirubin.total [Moles/volume] in Serum or Plasma	high	high	high
p-bnp	ng/l	44	name+unit+values	92283	3011960	3011960	3011960	3011960	Natriuretic peptide B [Mass/volume] in Serum or Plasma	Natriuretic peptide B [Mass/volume] in Serum or Plasma	Natriuretic peptide B [Mass/volume] in Serum or Plasma	Natriuretic peptide.B [Mass/volume] in Plasma	Natriuretic peptide.B type [Mass/volume] in Plasma	Natriuretic peptide B [Mass/volume] in Serum or Plasma	high	high	high
p-bnp	ng/ml	44	name+unit	14	3011960	3011960	3011960	3011960	Natriuretic peptide B [Mass/volume] in Serum or Plasma	Natriuretic peptide B [Mass/volume] in Serum or Plasma	Natriuretic peptide B [Mass/volume] in Serum or Plasma	Natriuretic peptide.B [Mass/volume] in Plasma	Natriuretic peptide.B type [Mass/volume] in Plasma	Natriuretic peptide B [Mass/volume] in Serum or Plasma	medium	high	medium
p-bnp		44	name+values	5638	3011960	3011960	3011960	3011960	Natriuretic peptide B [Mass/volume] in Serum or Plasma	Natriuretic peptide B [Mass/volume] in Serum or Plasma	Natriuretic peptide B [Mass/volume] in Serum or Plasma	Natriuretic peptide.B [Mass/volume] in Plasma	Natriuretic peptide.B type [Mass/volume] in Plasma	Natriuretic peptide B [Mass/volume] in Serum or Plasma	high	high	high
p-fsh	u/l	44	name+unit+values	10309	42529215	3023323	3023323	3023323	Follitropin [Units/volume] in Serum or Plasma	Follitropin [Units/volume] in Serum or Plasma	Follitropin [Units/volume] in Serum or Plasma	Follicle stimulating hormone [Units/volume] in Plasma	Follitropin [Units/volume] in Serum or Plasma	Follitropin [Units/volume] in Serum or Plasma	high	high	high
p-fsh		44	name+values	155	42529215	3023323	3023323	3023323	Follitropin [Units/volume] in Serum or Plasma	Follitropin [Units/volume] in Serum or Plasma	Follitropin [Units/volume] in Serum or Plasma	Follicle stimulating hormone [Units/volume] in Plasma	Follitropin [Units/volume] in Serum or Plasma	Follitropin [Units/volume] in Serum or Plasma	high	medium	high
p-fsl	s	44	name+unit+values	1808	3034426		3018677			aPTT in Platelet poor plasma by Coagulation assay		Coagulation FSL [Time] in Plasma	Activated partial thromboplastin time in Platelet poor plasma	Lupus anticoagulant screen [Time] in Platelet poor plasma by Coagulation assay		high	
p-fsl		44	name	86			3018677			aPTT in Platelet poor plasma by Coagulation assay		Coagulation FSL in Plasma	Activated partial thromboplastin time in Platelet poor plasma	Lupus anticoagulant screen [Time] in Platelet poor plasma by Coagulation assay		medium	
p-kol	mmol/l	44	name+unit+values	298985	3019900	3019900	3019900	3019900	Cholesterol [Moles/volume] in Serum or Plasma	Cholesterol [Moles/volume] in Serum or Plasma	Cholesterol [Moles/volume] in Serum or Plasma	Cholesterol.total [Moles/volume] in Plasma	Cholesterol [Moles/volume] in Serum or Plasma	Cholesterol [Moles/volume] in Serum or Plasma	high	high	high
p-kol		44	name+values	2034	3019900	3019900	3019900	3019900	Cholesterol [Moles/volume] in Serum or Plasma	Cholesterol [Moles/volume] in Serum or Plasma	Cholesterol [Moles/volume] in Serum or Plasma	Cholesterol.total [Moles/volume] in Plasma	Cholesterol [Moles/volume] in Serum or Plasma	Cholesterol [Moles/volume] in Serum or Plasma	high	high	high
p-mg	mmol/l	44	name+unit+values	259826	3012095	3012095	3012095	3012095	Magnesium [Moles/volume] in Serum or Plasma	Magnesium [Moles/volume] in Serum or Plasma	Magnesium [Moles/volume] in Serum or Plasma	Magnesium [Moles/volume] in Plasma	Magnesium [Moles/volume] in Serum or Plasma	Magnesium [Moles/volume] in Serum or Plasma	high	high	high
p-mg		44	name+values	2225	3012095	3012095	3012095	3012095	Magnesium [Moles/volume] in Serum or Plasma	Magnesium [Moles/volume] in Serum or Plasma	Magnesium [Moles/volume] in Serum or Plasma	Magnesium [Moles/volume] in Plasma	Magnesium [Moles/volume] in Serum or Plasma	Magnesium [Moles/volume] in Serum or Plasma	high	high	high
p-se	umol/l	44	name+unit+values	1087	3010015	3010015	3010015	3010015	Selenium [Moles/volume] in Serum or Plasma	Selenium [Moles/volume] in Serum or Plasma	Selenium [Moles/volume] in Serum or Plasma	Selenium [Moles/volume] in Plasma	Selenium [Moles/volume] in Serum or Plasma	Selenium [Moles/volume] in Serum or Plasma	high	high	high
p-se		44	name+values	55	3010015	3010015	3010015	3010015	Selenium [Moles/volume] in Serum or Plasma	Selenium [Moles/volume] in Serum or Plasma	Selenium [Moles/volume] in Serum or Plasma	Selenium [Moles/volume] in Plasma	Selenium [Moles/volume] in Serum or Plasma	Selenium [Moles/volume] in Serum or Plasma	high	high	high
p-tsh	miu/l	44	name+unit+values	32584	3009201	3009201	3009201	3009201	Thyrotropin [Units/volume] in Serum or Plasma	Thyrotropin [Units/volume] in Serum or Plasma	Thyrotropin [Units/volume] in Serum or Plasma	Thyrotropin [Units/volume] in Plasma	Thyrotropin [Units/volume] in Serum or Plasma	Thyrotropin [Units/volume] in Serum or Plasma	high	high	high
p-tsh	mlu/l	44	name+unit+values	4705		3009201	3009201	3009201	Thyrotropin [Units/volume] in Serum or Plasma	Thyrotropin [Units/volume] in Serum or Plasma	Thyrotropin [Units/volume] in Serum or Plasma	Thyrotropin [Units/volume] in Plasma	Thyrotropin [Units/volume] in Serum or Plasma	Thyrotropin [Units/volume] in Serum or Plasma	high	high	high
p-tsh	mu/l	44	name+unit+values	1660849	3009201	3009201	3009201	3009201	Thyrotropin [Units/volume] in Serum or Plasma	Thyrotropin [Units/volume] in Serum or Plasma	Thyrotropin [Units/volume] in Serum or Plasma	Thyrotropin [Units/volume] in Plasma	Thyrotropin [Units/volume] in Serum or Plasma	Thyrotropin [Units/volume] in Serum or Plasma	high	high	high
p-tsh		44	name+values	53377	3009201	3009201	3009201	3009201	Thyrotropin [Units/volume] in Serum or Plasma	Thyrotropin [Units/volume] in Serum or Plasma	Thyrotropin [Units/volume] in Serum or Plasma	Thyrotropin [Units/volume] in Plasma	Thyrotropin [Units/volume] in Serum or Plasma	Thyrotropin [Units/volume] in Serum or Plasma	high	high	high
pf-kol	mmol/l	44	name+unit+values	614	3041918	3041918	3041918	3041918	Cholesterol [Moles/volume] in Pleural fluid	Cholesterol [Moles/volume] in Pleural fluid	Cholesterol [Moles/volume] in Pleural fluid	Cholesterol.total [Moles/volume] in Pleural fluid	Cholesterol [Moles/volume] in Pleural fluid	Cholesterol [Moles/volume] in Pleural fluid	high	high	high
pf-kol		44	name	361	3041918			3041918			Cholesterol [Moles/volume] in Pleural fluid	Cholesterol.total in Pleural fluid	Cholesterol [Moles/volume] in Pleural fluid	Cholesterol [Moles/volume] in Pleural fluid			low
s-bil	umol/l	44	name+unit+values	15554	3006140	3006140	3006140	3006140	Bilirubin.total [Moles/volume] in Serum or Plasma	Bilirubin.total [Moles/volume] in Serum or Plasma	Bilirubin.total [Moles/volume] in Serum or Plasma	Bilirubin.total [Moles/volume] in Serum	Bilirubin [Moles/volume] in Serum or Plasma	Bilirubin.total [Moles/volume] in Serum or Plasma	high	high	high
s-bil		44	name+values	183	3006140	3006140	3006140	3006140	Bilirubin.total [Moles/volume] in Serum or Plasma	Bilirubin.total [Moles/volume] in Serum or Plasma	Bilirubin.total [Moles/volume] in Serum or Plasma	Bilirubin.total [Moles/volume] in Serum	Bilirubin [Moles/volume] in Serum or Plasma	Bilirubin.total [Moles/volume] in Serum or Plasma	high	high	high
s-bio		44	name	11283								Biotin in Serum	Microorganism identified in Serum by Culture				
s-biol		44	name	508								Biotin in Serum	Microorganism identified in Serum by Culture				
s-fsh	iu/l	44	name+unit+values	21045	3023323	3023323	3023323	3023323	Follitropin [Units/volume] in Serum or Plasma	Follitropin [Units/volume] in Serum or Plasma	Follitropin [Units/volume] in Serum or Plasma	Follicle stimulating hormone [Units/volume] in Serum	Follitropin [Units/volume] in Serum or Plasma	Follitropin [Units/volume] in Serum or Plasma	high	high	high
s-fsh	u/l	44	name+unit+values	14312	3023323	3023323	3023323	3023323	Follitropin [Units/volume] in Serum or Plasma	Follitropin [Units/volume] in Serum or Plasma	Follitropin [Units/volume] in Serum or Plasma	Follicle stimulating hormone [Units/volume] in Serum	Follitropin [Units/volume] in Serum or Plasma	Follitropin [Units/volume] in Serum or Plasma	high	high	high
s-fsh		44	name+values	1106	3023323	3023323	3023323	3023323	Follitropin [Units/volume] in Serum or Plasma	Follitropin [Units/volume] in Serum or Plasma	Follitropin [Units/volume] in Serum or Plasma	Follicle stimulating hormone [Units/volume] in Serum	Follitropin [Units/volume] in Serum or Plasma	Follitropin [Units/volume] in Serum or Plasma	high	medium	high
s-kol	mg/ml	44	name+unit	9	3027114	3027114	3027114	3027114	Cholesterol [Mass/volume] in Serum or Plasma	Cholesterol [Mass/volume] in Serum or Plasma	Cholesterol [Mass/volume] in Serum or Plasma	Cholesterol.total [Mass/volume] in Serum	Cholesterol [Mass/volume] in Serum or Plasma	Cholesterol [Mass/volume] in Serum or Plasma	low	high	low
s-kol	mmol/l	44	name+unit+values	35285	3019900	3019900	3019900	3019900	Cholesterol [Moles/volume] in Serum or Plasma	Cholesterol [Moles/volume] in Serum or Plasma	Cholesterol [Moles/volume] in Serum or Plasma	Cholesterol.total [Moles/volume] in Serum	Cholesterol [Moles/volume] in Serum or Plasma	Cholesterol [Moles/volume] in Serum or Plasma	high	high	high
s-kol		44	name	396				3019900			Cholesterol [Moles/volume] in Serum or Plasma	Cholesterol.total in Serum	Cholesterol [Moles/volume] in Serum or Plasma	Cholesterol [Moles/volume] in Serum or Plasma			low
s-mg	mmol/l	44	name+unit+values	5982	3012095	3012095	3012095	3012095	Magnesium [Moles/volume] in Serum or Plasma	Magnesium [Moles/volume] in Serum or Plasma	Magnesium [Moles/volume] in Serum or Plasma	Magnesium [Moles/volume] in Serum	Magnesium [Moles/volume] in Serum or Plasma	Magnesium [Moles/volume] in Serum or Plasma	high	high	high
s-mg		44	name+values	23	3012095	3012095	3012095	3012095	Magnesium [Moles/volume] in Serum or Plasma	Magnesium [Moles/volume] in Serum or Plasma	Magnesium [Moles/volume] in Serum or Plasma	Magnesium [Moles/volume] in Serum	Magnesium [Moles/volume] in Serum or Plasma	Magnesium [Moles/volume] in Serum or Plasma	high	high	high
s-nse	ug/l	44	name+unit+values	10085	3028531	3028531	3028531	3028531	Enolase.neuron specific [Mass/volume] in Serum or Plasma	Enolase.neuron specific [Mass/volume] in Serum or Plasma	Enolase.neuron specific [Mass/volume] in Serum or Plasma	Neuron specific enolase [Mass/volume] in Serum	Enolase.neuron specific [Mass/volume] in Serum	Neuron specific enolase [Mass/volume] in Serum or Plasma	high	high	high
s-nse		44	name+values	210	3028531	3028531	3028531	3028531	Enolase.neuron specific [Mass/volume] in Serum or Plasma	Enolase.neuron specific [Mass/volume] in Serum or Plasma	Enolase.neuron specific [Mass/volume] in Serum or Plasma	Neuron specific enolase [Mass/volume] in Serum	Enolase.neuron specific [Mass/volume] in Serum	Neuron specific enolase [Mass/volume] in Serum or Plasma	high	high	high
s-tsh	miu/l	44	name+unit+values	117078	3009201	3009201	3009201	3009201	Thyrotropin [Units/volume] in Serum or Plasma	Thyrotropin [Units/volume] in Serum or Plasma	Thyrotropin [Units/volume] in Serum or Plasma	Thyrotropin [Units/volume] in Serum	Thyrotropin [Units/volume] in Serum or Plasma	Thyrotropin [Units/volume] in Serum or Plasma	high	high	high
s-tsh	mlu/l	44	name+unit+values	113		3009201	3009201	3009201	Thyrotropin [Units/volume] in Serum or Plasma	Thyrotropin [Units/volume] in Serum or Plasma	Thyrotropin [Units/volume] in Serum or Plasma	Thyrotropin [Units/volume] in Serum	Thyrotropin [Units/volume] in Serum or Plasma	Thyrotropin [Units/volume] in Serum or Plasma	high	high	high
s-tsh	mu/l	44	name+unit+values	253056	3009201	3009201	3009201	3009201	Thyrotropin [Units/volume] in Serum or Plasma	Thyrotropin [Units/volume] in Serum or Plasma	Thyrotropin [Units/volume] in Serum or Plasma	Thyrotropin [Units/volume] in Serum	Thyrotropin [Units/volume] in Serum or Plasma	Thyrotropin [Units/volume] in Serum or Plasma	high	high	high
s-tsh	u/l	44	name+unit+values	142		3009201	3009201	3009201	Thyrotropin [Units/volume] in Serum or Plasma	Thyrotropin [Units/volume] in Serum or Plasma	Thyrotropin [Units/volume] in Serum or Plasma	Thyrotropin [Units/volume] in Serum	Thyrotropin [Units/volume] in Serum or Plasma	Thyrotropin [Units/volume] in Serum or Plasma	high	high	high
s-tsh		44	name+values	4491	3009201	3009201	3009201	3009201	Thyrotropin [Units/volume] in Serum or Plasma	Thyrotropin [Units/volume] in Serum or Plasma	Thyrotropin [Units/volume] in Serum or Plasma	Thyrotropin [Units/volume] in Serum	Thyrotropin [Units/volume] in Serum or Plasma	Thyrotropin [Units/volume] in Serum or Plasma	high	high	high
se-bil	umol/l	44	name+unit+values	526		3012310	3012310	3006140	Bilirubin.total [Moles/volume] in Body fluid	Bilirubin.total [Moles/volume] in Body fluid	Bilirubin.total [Moles/volume] in Serum or Plasma	Bilirubin.total [Moles/volume] in Secretion	Bilirubin [Moles/volume] in Body fluid	Bilirubin.total [Moles/volume] in Serum or Plasma	high	high	medium
se-bil		44	name	102				3006140			Bilirubin.total [Moles/volume] in Serum or Plasma	Bilirubin.total in Secretion	Bilirubin [Moles/volume] in Body fluid	Bilirubin.total [Moles/volume] in Serum or Plasma			low
u-al	umol/l	44	name+unit+values	81	3040794	3040794	3040794	3040794	Aluminum [Moles/volume] in Urine	Aluminum [Moles/volume] in Urine	Aluminum [Moles/volume] in Urine	Aluminum [Moles/volume] in Urine	Aluminum [Moles/volume] in Urine	Aluminum [Moles/volume] in Urine	high	high	high
u-al		44	name	87				3040794			Aluminum [Moles/volume] in Urine	Aluminum in Urine	Aluminum [Moles/volume] in Urine	Aluminum [Moles/volume] in Urine			low
u-amp		44	name	158		3027944	1091049	3023596	Amphetamines [Presence] in Urine	Amphetamine [Presence] in Urine	Amphetamines [Presence] in Urine by Screen method	Amphetamines [Presence] in Urine	Amphetamine [Presence] in Urine	Amphetamines [Presence] in Urine by Screen method	high	high	medium
u-as-i	nmol/l	44	name+unit	16		3030458	3030458	3030458	Arsenic.inorganic [Moles/volume] in Urine	Arsenic.inorganic [Moles/volume] in Urine	Arsenic.inorganic [Moles/volume] in Urine	Arsenic.inorganic [Moles/volume] in Urine	Arsenic.inorganic [Moles/volume] in Urine	Arsenic.inorganic [Moles/volume] in Urine	high	high	high
u-as-i	ug/l	44	name+unit	20		3013494	3013494	3013494	Arsenic.inorganic [Mass/volume] in Urine	Arsenic.inorganic [Mass/volume] in Urine	Arsenic.inorganic [Mass/volume] in Urine	Arsenic.inorganic [Mass/volume] in Urine	Arsenic.inorganic [Mass/volume] in Urine	Arsenic.inorganic [Mass/volume] in Urine	high	high	high
u-as-i		44	name	107								Arsenic.inorganic in Urine	Arsenic.inorganic in Urine	Arsenic.inorganic [Moles/volume] in Urine			
u-bil		44	name	441		3018834	3011258	3011258	Bilirubin.total [Presence] in Urine by Test strip	Bilirubin.total [Presence] in Urine	Bilirubin.total [Presence] in Urine	Bilirubin [Presence] in Urine by Test strip	Bilirubin [Presence] in Urine by Test strip	Bilirubin [Presence] in Urine by Test strip	high	medium	low
u-bio		44	name	2387			3026008			Bacteria identified in Urine by Culture		Biotin in Urine	Microorganism identified in Urine by Culture			high	
u-bup		44	name	145		3007463	3007463	3007463	Buprenorphine [Presence] in Urine	Buprenorphine [Presence] in Urine	Buprenorphine [Presence] in Urine	Buprenorphine [Presence] in Urine	Buprenorphine [Presence] in Urine	Buprenorphine [Presence] in Urine by Screen method	high	high	medium
u-bzd		44	name	143		3000764	3000764	3000764	Benzodiazepines [Presence] in Urine	Benzodiazepines [Presence] in Urine	Benzodiazepines [Presence] in Urine	Benzodiazepines [Presence] in Urine	Benzodiazepines [Presence] in Urine	Benzodiazepines [Presence] in Urine by Screen method	high	high	medium
u-cl	mmol/l	44	name+unit+values	200	3007733	3007733	3007733	3007733	Chloride [Moles/volume] in Urine	Chloride [Moles/volume] in Urine	Chloride [Moles/volume] in Urine	Chloride [Moles/volume] in Urine	Chloride [Moles/volume] in Urine	Chloride [Moles/volume] in Urine	high	high	high
u-cl		44	name	33	3007733			3007733			Chloride [Moles/volume] in Urine	Chloride in Urine	Chloride [Moles/volume] in Urine	Chloride [Moles/volume] in Urine			low
u-dala	umol/l	44	name+unit+values	111		3044590	3044590	3044590	Delta aminolevulinate [Moles/volume] in Urine	Delta aminolevulinate [Moles/volume] in Urine	Delta aminolevulinate [Moles/volume] in Urine	Aminolevulinic acid [Moles/volume] in Urine	Delta-aminolevulinate [Moles/volume] in Urine	delta-Aminolevulinate [Moles/volume] in Urine	high	high	high
u-ds4a		44	name	461			42870589	42870589		Drugs of abuse panel - Urine by Screen method	Drugs of abuse panel - Urine by Screen method		Drug screen panel - Urine	Drug screen panel - Urine		low	low
u-ds5		44	name	133			3021257	40768439		Drugs of abuse 5 panel - Urine	Drugs of abuse 5 panel - Urine by Screen method		Drug screen panel - Urine	Drug screen panel - Urine		medium	low
u-ds5b		44	name	1156			40768439	40768439		Drugs of abuse 5 panel - Urine by Screen method	Drugs of abuse 5 panel - Urine by Screen method		Drug screen panel - Urine	Drug screen panel - Urine		medium	low
u-ds6		44	name	386			42870589	42870589		Drugs of abuse panel - Urine by Screen method	Drugs of abuse panel - Urine by Screen method		Drug screen panel - Urine	Drug screen panel - Urine		low	low
u-ds6a		44	name	1325			42870589	42870589		Drugs of abuse panel - Urine by Screen method	Drugs of abuse panel - Urine by Screen method		Drug screen panel - Urine	Drug screen panel - Urine		low	low
u-ery		44	name	3788		3045424	3002582	3002582	Erythrocytes [Presence] in Urine	Erythrocytes [#/volume] in Urine	Erythrocytes [#/volume] in Urine	Erythrocytes [Presence] in Urine	Erythrocytes [#/volume] in Urine by Microscopy	Erythrocytes [#/volume] in Urine	high	medium	medium
u-fyl		44	name	145		3004176	3004176	3013184	fentaNYL [Presence] in Urine	fentaNYL [Presence] in Urine	Phencyclidine [Presence] in Urine by Screen method	Fentanyl [Presence] in Urine	Fentanyl [Presence] in Urine	Phencyclidine [Presence] in Urine by Screen method	high	high	low
u-hg	nmol/l	44	name+unit	108	3044316	3044316	3044316	3044316	Mercury [Moles/volume] in Urine	Mercury [Moles/volume] in Urine	Mercury [Moles/volume] in Urine	Mercury [Moles/volume] in Urine	Mercury [Moles/volume] in Urine	Mercury [Moles/volume] in Urine	high	high	high
u-hg		44	name	25	3044316			3044316			Mercury [Moles/volume] in Urine	Mercury in Urine	Mercury [Moles/volume] in Urine	Mercury [Moles/volume] in Urine			low
u-i	ug/l	44	name+unit+values	309		3030704	3030704	3030704	Iodide [Mass/volume] in Urine	Iodide [Mass/volume] in Urine	Iodide [Mass/volume] in Urine	Iodide [Mass/volume] in Urine	Iodide [Mass/volume] in Urine	Iodide [Mass/volume] in Urine	high	high	high
u-i		44	name	18			3030704	3030704		Iodide [Mass/volume] in Urine	Iodide [Mass/volume] in Urine	Iodide in Urine	Iodide [Mass/volume] in Urine	Iodide [Mass/volume] in Urine		medium	low
u-inf		44	name	51657		3026008	3037467		Bacteria identified in Urine by Culture	Urinalysis macro (dipstick) panel - Urine		Bacteria identified in Urine by Culture	Urinalysis panel - Urine	Bacteria identified in Urine by Culture	high	medium	
u-intp	nmol/mmol	44	name+unit+values	2098		3010391	3010391	3010391	Collagen crosslinked N-telopeptide/Creatinine [Molar ratio] in Urine	Collagen crosslinked N-telopeptide/Creatinine [Molar ratio] in Urine	Collagen crosslinked N-telopeptide/Creatinine [Molar ratio] in Urine	Collagen type I telopeptide.N-terminal/Creatinine [Molar ratio] in Urine	Collagen type I cross-linked N-telopeptide/Creatinine [Molar ratio] in Urine	Collagen crosslinked N-telopeptide/Creatinine [Molar ratio] in Urine	high	high	high
u-intp	nmol/mmolkr	44	name+unit	14		3010391	3010391	3010391	Collagen crosslinked N-telopeptide/Creatinine [Molar ratio] in Urine	Collagen crosslinked N-telopeptide/Creatinine [Molar ratio] in Urine	Collagen crosslinked N-telopeptide/Creatinine [Molar ratio] in Urine	Collagen type I telopeptide.N-terminal/Creatinine [Molar ratio] in Urine	Collagen type I cross-linked N-telopeptide/Creatinine [Molar ratio] in Urine	Collagen crosslinked N-telopeptide/Creatinine [Molar ratio] in Urine	high	high	high
u-intp	ratio	44	name+unit	47		3010391	3010391	3010391	Collagen crosslinked N-telopeptide/Creatinine [Molar ratio] in Urine	Collagen crosslinked N-telopeptide/Creatinine [Molar ratio] in Urine	Collagen crosslinked N-telopeptide/Creatinine [Molar ratio] in Urine	Collagen type I telopeptide.N-terminal/Creatinine [Molar ratio] in Urine	Collagen type I cross-linked N-telopeptide/Creatinine [Molar ratio] in Urine	Collagen crosslinked N-telopeptide/Creatinine [Molar ratio] in Urine	medium	high	low
u-intp		44	name	1030	3014038			3010391			Collagen crosslinked N-telopeptide/Creatinine [Molar ratio] in Urine	Collagen type I telopeptide.N-terminal/Creatinine in Urine	Collagen type I cross-linked N-telopeptide/Creatinine [Molar ratio] in Urine	Collagen crosslinked N-telopeptide/Creatinine [Molar ratio] in Urine			low
u-kivi	form	44	name+unit	60			44787089			Stone analysis panel		Calculus composition identified in Urinary stone	Kidney stone composition analysis	Stone composition [Identifier] in Urinary stone		medium	
u-kivi		44	name	1820			44787089			Stone analysis panel		Calculus composition identified in Urinary stone	Kidney stone composition analysis	Stone composition [Identifier] in Urinary stone		medium	
u-mg	mmol/l	44	name+unit+values	123	3017400	3017400	3017400	3017400	Magnesium [Moles/volume] in Urine	Magnesium [Moles/volume] in Urine	Magnesium [Moles/volume] in Urine	Magnesium [Moles/volume] in Urine	Magnesium [Moles/volume] in Urine	Magnesium [Moles/volume] in Urine	high	high	high
u-mg		44	name	26	3017400			3017400			Magnesium [Moles/volume] in Urine	Magnesium in Urine	Magnesium [Moles/volume] in Urine	Magnesium [Moles/volume] in Urine			low
u-mtd		44	name	144		3036180	3036180	3036180	Methadone [Presence] in Urine	Methadone [Presence] in Urine	Methadone [Presence] in Urine	Methadone [Presence] in Urine	Methadone [Presence] in Urine	Methadone [Presence] in Urine by Screen method	high	high	medium
u-ni	form	44	name+unit	57			3023920			Nickel [Presence] in Urine		Nickel in Urine	Nickel in Urine	Nickel [Moles/volume] in Urine		low	
u-ni	ug/l	44	name+unit	65		3025942	3025942	3025942	Nickel [Mass/volume] in Urine	Nickel [Mass/volume] in Urine	Nickel [Mass/volume] in Urine	Nickel [Mass/volume] in Urine	Nickel [Mass/volume] in Urine	Nickel [Mass/volume] in Urine	high	high	high
u-ni	umol/l	44	name+unit+values	754		3044943	3044943	3044943	Nickel [Moles/volume] in Urine	Nickel [Moles/volume] in Urine	Nickel [Moles/volume] in Urine	Nickel [Moles/volume] in Urine	Nickel [Moles/volume] in Urine	Nickel [Moles/volume] in Urine	high	high	high
u-ni		44	name	323								Nickel in Urine	Nickel in Urine	Nickel [Moles/volume] in Urine			
u-pbg	umol/l	44	name+unit+values	248		3002395	3002395	3002395	Porphobilinogen [Moles/volume] in Urine	Porphobilinogen [Moles/volume] in Urine	Porphobilinogen [Moles/volume] in Urine	Porphobilinogen [Moles/volume] in Urine	Porphobilinogen [Moles/volume] in Urine	Porphobilinogen [Moles/volume] in Urine	high	high	high
u-pbg	umol/mmol	44	name+unit	6		3044597	3044597	3044597	Porphobilinogen/Creatinine [Molar ratio] in Urine	Porphobilinogen/Creatinine [Molar ratio] in Urine	Porphobilinogen/Creatinine [Molar ratio] in Urine	Porphobilinogen/Creatinine [Molar ratio] in Urine	Porphobilinogen/Creatinine [Molar ratio] in Urine	Porphobilinogen/Creatinine [Molar ratio] in Urine	high	high	medium
u-pbg		44	name	33								Porphobilinogen in Urine	Porphobilinogen in Urine	Porphobilinogen [Moles/volume] in Urine			
u-pgb		44	name	144		3034719			Porphobilinogen [Presence] in Urine			Porphobilinogen in Urine	Porphobilinogen in Urine	Porphobilinogen [Moles/volume] in Urine	medium		
u-ph.		44	name+values	24516	3022621	3015736	3015736	3015736	pH of Urine	pH of Urine	pH of Urine	pH of Urine	pH of Urine	pH of Urine	high	high	medium
u-phv		44	name+values	737	3022621	3015736	3015736	3015736	pH of Urine	pH of Urine	pH of Urine	pH of Urine	pH of Urine	pH of Urine by Test strip	high	high	low
u-pi	mmol/l	44	name+unit+values	772	3022229	3022229	3022229	3022229	Phosphate [Moles/volume] in Urine	Phosphate [Moles/volume] in Urine	Phosphate [Moles/volume] in Urine	Phosphate [Moles/volume] in Urine	Phosphate [Moles/volume] in Urine	Phosphate [Moles/volume] in Urine	high	high	high
u-pi		44	name	84	3022229			3022229			Phosphate [Moles/volume] in Urine	Phosphate in Urine	Phosphate [Moles/volume] in Urine	Phosphate [Moles/volume] in Urine			low
u-pyr	form	44	name+unit	7								1-Hydroxypyrene in Urine	1-Hydroxypyrene in Urine	1-Hydroxypyrene [Moles/volume] in Urine			
u-pyr	ug/l	44	name+unit	6								1-Hydroxypyrene [Mass/volume] in Urine	1-Hydroxypyrene [Mass/volume] in Urine	1-Hydroxypyrene [Mass/volume] in Urine			
u-pyr		44	name	88								1-Hydroxypyrene in Urine	1-Hydroxypyrene in Urine	1-Hydroxypyrene [Moles/volume] in Urine			
u-sed		44	name	2162		3022113	3022113	3022113	Urinalysis microscopic panel - Urine sediment	Urinalysis microscopic panel - Urine sediment	Urinalysis microscopic panel - Urine sediment	Urinalysis sediment microscopy panel - Urine	Urinalysis microscopic (sediment) panel - Urine	Urinalysis microscopic panel - Urine by Microscopy	high	high	medium
u-sg	kg/l	44	name+unit+values	3827		3033543	3033543	3033543	Specific gravity of Urine	Specific gravity of Urine	Specific gravity of Urine	Specific gravity of Urine	Specific gravity of Urine	Specific gravity of Urine	high	high	high
u-sg		44	name+values	75		3033543	3033543	3033543	Specific gravity of Urine	Specific gravity of Urine	Specific gravity of Urine	Specific gravity of Urine	Specific gravity of Urine	Specific gravity of Urine	high	high	high
u-thc		44	name	157		3028300	3028064	3028300	Cannabinoids [Presence] in Urine	Tetrahydrocannabinol [Presence] in Urine	Cannabinoids [Presence] in Urine	Cannabinoids [Presence] in Urine	Cannabinoids [Presence] in Urine	Cannabinoids [Presence] in Urine by Screen method	high	high	medium
u-tml		44	name	145		3045284	3045284	3045284	traMADol [Presence] in Urine	traMADol [Presence] in Urine	traMADol [Presence] in Urine	Tramadol [Presence] in Urine	Tramadol [Presence] in Urine	Tramadol [Presence] in Urine by Screen method	high	high	medium
u-ubg		44	name	441		3037426	3016360	3016360	Urobilinogen [Presence] in Urine by Test strip	Urobilinogen [Presence] in Urine	Urobilinogen [Presence] in Urine	Urobilinogen [Presence] in Urine by Test strip	Urobilinogen in Urine	Urobilinogen [Presence] in Urine by Test strip	high	medium	medium
us-tsh	mu/l	44	name+unit+values	415	42870560	42870560	42870560	42870560	Thyrotropin [Units/volume] in Cord blood	Thyrotropin [Units/volume] in Cord blood	Thyrotropin [Units/volume] in Cord blood	Thyrotropin [Units/volume] in Umbilical cord blood serum	Thyrotropin [Units/volume] in Cord blood	Thyrotropin [Units/volume] in Cord blood	high	high	medium
us-tsh		44	name	75	42870560		42870560	42870560		Thyrotropin [Units/volume] in Cord blood	Thyrotropin [Units/volume] in Cord blood	Thyrotropin in Umbilical cord blood serum	Thyrotropin [Units/volume] in Cord blood	Thyrotropin [Units/volume] in Cord blood		medium	low
vp-dop		44	name	154		3031203			Blood pressure panel			Blood pressure Doppler panel	Arterial pressure by Doppler ultrasound	Systolic blood pressure by Doppler	medium		
-adenag		51	name	1964	3016845	3003330		3003330	Adenovirus Ag [Presence] in Specimen		Adenovirus Ag [Presence] in Specimen	Adenovirus Ag [Presence] in Respiratory specimen	Adenovirus Ag [Presence] in Nasopharynx	Adenovirus Ag [Presence] in Respiratory specimen	high		medium
-bokaag		51	name	187		3049806		3049806	Human bocavirus Ag [Presence] in Specimen by Immunofluorescence		Human bocavirus Ag [Presence] in Specimen by Immunofluorescence	Human bocavirus Ag [Presence] in Respiratory specimen	Human bocavirus Ag [Presence] in Nasopharynx	Human bocavirus Ag [Presence] in Respiratory specimen	medium		low
-coinrsv		51	name	2490		3001684		36031861	Respiratory syncytial virus Ag [Presence] in Specimen		Influenza virus A and B and SARS-CoV-2 (COVID-19) and Respiratory syncytial virus RNA panel - Respiratory system specimen by NAA with probe detection	Respiratory syncytial virus Ag [Presence] in Respiratory specimen	SARS-CoV-2 and Respiratory syncytial virus antigen panel - Nasopharynx	SARS-CoV-2 and Influenza virus A and B and Respiratory syncytial virus RNA panel - Respiratory specimen by NAA with probe detection	high		medium
-inabrsv		51	name	19142				648704				Influenza virus A+B+Respiratory syncytial virus Ag [Presence] in Respiratory specimen	Influenza virus A and B and Respiratory syncytial virus antigen panel - Nasopharynx	Influenza virus A and B and Respiratory syncytial virus panel - Respiratory specimen			low
-infaag		51	name	10730	3002523	3002523		3002523	Influenza virus A Ag [Presence] in Specimen		Influenza virus A Ag [Presence] in Specimen	Influenza virus A Ag [Presence] in Respiratory specimen	Influenza A virus Ag [Presence] in Nasopharynx	Influenza virus A Ag [Presence] in Respiratory specimen	high		high
-infabag		51	name	15107	3024891	3024891		3024891	Influenza virus A+B Ag [Presence] in Specimen		Influenza virus A+B Ag [Presence] in Specimen	Influenza virus A+B Ag [Presence] in Respiratory specimen	Influenza virus A and B antigen panel - Nasopharynx	Influenza virus A and B Ag panel - Respiratory specimen	high		high
-infabnh		51	name	961		3965803		40765199	Influenza virus A+B RNA [Presence] in Respiratory system specimen by NAA with probe detection		Influenza virus A+B RNA [Presence] in Specimen by NAA with probe detection	Influenza virus A+B RNA [Presence] in Respiratory specimen by NAA	Influenza virus A and B RNA panel - Nasopharynx by NAA with probe detection	Influenza virus A and B RNA [Presence] in Respiratory specimen by NAA with probe detection	high		high
-infah03		51	name	227				3032731			Influenza virus A H3 RNA [Presence] in Specimen by NAA with probe detection	Influenza virus A H3 Ag [Presence] in Respiratory specimen	Influenza A virus Ag [Presence] in Nasopharynx	Influenza virus A H3 RNA [Presence] in Respiratory specimen by NAA with probe detection			medium
-infah09		51	name	488				40758594			Influenza virus A H1 2009 pandemic RNA [Presence] in Specimen by NAA with probe detection	Influenza virus A H1N1(2009) Ag [Presence] in Respiratory specimen	Influenza A virus 2009 H1N1 Ag [Presence] in Nasopharynx	Influenza virus A H1 2009 pandemic RNA [Presence] in Respiratory specimen by NAA with probe detection			medium
-infah1		51	name	480				3030120			Influenza virus A H1 RNA [Presence] in Specimen by NAA with probe detection	Influenza virus A H1 Ag [Presence] in Respiratory specimen	Influenza A virus H1 Ag [Presence] in Nasopharynx	Influenza virus A H1 RNA [Presence] in Respiratory specimen by NAA with probe detection			medium
-infah3		51	name	261				3032731			Influenza virus A H3 RNA [Presence] in Specimen by NAA with probe detection	Influenza virus A H3 Ag [Presence] in Respiratory specimen	Influenza A virus H3 Ag [Presence] in Nasopharynx	Influenza virus A H3 RNA [Presence] in Respiratory specimen by NAA with probe detection			medium
-infavt		51	name	1271		3001507		3048858	Influenza virus A identified in Specimen by Bioassay		Influenza virus A [Presence] in Specimen by Organism specific culture	Influenza virus A identified in Respiratory specimen	Influenza A virus identified in Nasopharynx by Culture	Influenza virus A [Presence] in Respiratory specimen by Organism specific culture	medium		medium
-infbag		51	name	10722	3003740	3003740		3003740	Influenza virus B Ag [Presence] in Specimen		Influenza virus B Ag [Presence] in Specimen	Influenza virus B Ag [Presence] in Respiratory specimen	Influenza B virus Ag [Presence] in Nasopharynx	Influenza virus B Ag [Presence] in Respiratory specimen	high		high
-infbvt		51	name	1271				3048627			Influenza virus B [Presence] in Specimen by Organism specific culture	Influenza virus B identified in Respiratory specimen	Influenza B virus identified in Nasopharynx by Culture	Influenza virus B [Presence] in Respiratory specimen by Organism specific culture			medium
-infl.a		51	name	220		3002523		3002523	Influenza virus A Ag [Presence] in Specimen		Influenza virus A Ag [Presence] in Specimen	Influenza virus A Ag [Presence] in Respiratory specimen	Influenza A virus Ag [Presence] in Nasopharynx	Influenza virus A Ag [Presence] in Respiratory specimen	high		low
-infl.b		51	name	220		3003740		3003740	Influenza virus B Ag [Presence] in Specimen		Influenza virus B Ag [Presence] in Specimen	Influenza virus B Ag [Presence] in Respiratory specimen	Influenza B virus Ag [Presence] in Nasopharynx	Influenza virus B Ag [Presence] in Respiratory specimen	high		low
-infrpak		51	name	1338								Respiratory viruses Ag panel - Respiratory specimen	Respiratory virus antigen panel - Nasopharynx	Respiratory virus panel - Respiratory specimen			
-infrsv		51	name	162				648704				Influenza virus+Respiratory syncytial virus Ag [Presence] in Respiratory specimen	Influenza virus A and B and Respiratory syncytial virus antigen panel - Nasopharynx	Influenza virus A and B and Respiratory syncytial virus Ag panel - Respiratory specimen			low
-ivf-et		51	name	194								Embryo transfer	In vitro fertilization embryo transfer procedure				
-koroag		51	name	625		3034661		3034661	Human coronavirus Ag [Presence] in Specimen by Immunofluorescence		Human coronavirus Ag [Presence] in Specimen by Immunofluorescence	Coronavirus Ag [Presence] in Respiratory specimen	SARS-CoV-2 Ag [Presence] in Nasopharynx	Coronavirus Ag [Presence] in Respiratory specimen	high		low
-metpnag		51	name	370		40763480		40763480	Human metapneumovirus Ag [Presence] in Specimen		Human metapneumovirus Ag [Presence] in Specimen	Human metapneumovirus Ag [Presence] in Respiratory specimen	Human metapneumovirus Ag [Presence] in Nasopharynx	Human metapneumovirus Ag [Presence] in Respiratory specimen	high		medium
-pin1ag		51	name	1146	3010464	3010464		3010464	Parainfluenza virus 1 Ag [Presence] in Specimen		Parainfluenza virus 1 Ag [Presence] in Specimen	Parainfluenza virus 1 Ag [Presence] in Respiratory specimen	Parainfluenza virus 1 Ag [Presence] in Nasopharynx	Parainfluenza virus 1 Ag [Presence] in Respiratory specimen	high		high
-pin2ag		51	name	1147	3021578	3021578		3021578	Parainfluenza virus 2 Ag [Presence] in Specimen		Parainfluenza virus 2 Ag [Presence] in Specimen	Parainfluenza virus 2 Ag [Presence] in Respiratory specimen	Parainfluenza virus 2 Ag [Presence] in Nasopharynx	Parainfluenza virus 2 Ag [Presence] in Respiratory specimen	high		high
-pin3ag		51	name	1147	3005880	3005880		3005880	Parainfluenza virus 3 Ag [Presence] in Specimen		Parainfluenza virus 3 Ag [Presence] in Specimen	Parainfluenza virus 3 Ag [Presence] in Respiratory specimen	Parainfluenza virus 3 Ag [Presence] in Nasopharynx	Parainfluenza virus 3 Ag [Presence] in Respiratory specimen	high		high
-pinf1ag		51	name	235		3010464		3010464	Parainfluenza virus 1 Ag [Presence] in Specimen		Parainfluenza virus 1 Ag [Presence] in Specimen	Parainfluenza virus 1 Ag [Presence] in Respiratory specimen	Parainfluenza virus 1 Ag [Presence] in Nasopharynx	Parainfluenza virus 1 Ag [Presence] in Respiratory specimen	high		medium
-pinf2ag		51	name	235		3021578		3021578	Parainfluenza virus 2 Ag [Presence] in Specimen		Parainfluenza virus 2 Ag [Presence] in Specimen	Parainfluenza virus 2 Ag [Presence] in Respiratory specimen	Parainfluenza virus 2 Ag [Presence] in Nasopharynx	Parainfluenza virus 2 Ag [Presence] in Respiratory specimen	high		medium
-pinf3ag		51	name	235		3005880		3005880	Parainfluenza virus 3 Ag [Presence] in Specimen		Parainfluenza virus 3 Ag [Presence] in Specimen	Parainfluenza virus 3 Ag [Presence] in Respiratory specimen	Parainfluenza virus 3 Ag [Presence] in Nasopharynx	Parainfluenza virus 3 Ag [Presence] in Respiratory specimen	high		medium
-pnjiag		51	name	188		3003221		3003221	Pneumocystis jirovecii Ag [Presence] in Specimen		Pneumocystis jirovecii Ag [Presence] in Specimen	Pneumocystis jirovecii Ag [Presence] in Respiratory specimen	Pneumocystis jirovecii Ag [Presence] in Specimen	Pneumocystis jirovecii Ag [Presence] in Respiratory specimen	high		medium
-rvirag		51	name	3025				40757376			Respiratory virus Ag [Identifier] in Specimen by Immunofluorescence	Respiratory viruses Ag panel - Respiratory specimen	Respiratory virus antigen panel - Nasopharynx	Respiratory virus Ag panel - Respiratory specimen			medium
-stpnag		51	name	4094	3011363	3007625		3007625	Streptococcus pneumoniae Ag [Presence] in Specimen		Streptococcus pneumoniae Ag [Presence] in Specimen	Streptococcus pneumoniae Ag [Presence] in Respiratory specimen	Streptococcus pneumoniae Ag [Presence] in Specimen	Streptococcus pneumoniae Ag [Presence] in Unspecified specimen	high		medium
bi-inflamm		51	name	311								Inflammatory marker [Presence] in Bile	Leukocytes [Presence] in Bile	Inflammation panel - Serum or Plasma			
f-adenag		51	name	863	3020393	3020393		3020393	Adenovirus Ag [Presence] in Stool		Adenovirus Ag [Presence] in Stool	Adenovirus Ag [Presence] in Stool	Adenovirus Ag [Presence] in Stool	Adenovirus Ag [Presence] in Stool	high		high
f-giarag		51	name	218		3004762		3004762	Giardia lamblia Ag [Presence] in Stool		Giardia lamblia Ag [Presence] in Stool	Giardia lamblia Ag [Presence] in Stool	Giardia lamblia Ag [Presence] in Stool	Giardia lamblia Ag [Presence] in Stool	high		high
f-gicrag		51	name	163		3052347		3052347	Giardia lamblia+Cryptosporidium sp Ag [Presence] in Stool		Giardia lamblia+Cryptosporidium sp Ag [Presence] in Stool	Giardia lamblia+Cryptosporidium Ag [Presence] in Stool	Giardia lamblia and Cryptosporidium Ag panel - Stool	Giardia lamblia and Cryptosporidium Ag panel - Stool	high		medium
f-noroag		51	name	1048	3052592	3052592		3052592	Norovirus Ag [Presence] in Stool		Norovirus Ag [Presence] in Stool	Norovirus Ag [Presence] in Stool	Norovirus Ag [Presence] in Stool	Norovirus Ag [Presence] in Stool	high		high
f-rotaag		51	name	886		3008284		3008284	Rotavirus Ag [Presence] in Stool		Rotavirus Ag [Presence] in Stool	Rotavirus Ag [Presence] in Stool	Rotavirus Ag [Presence] in Stool	Rotavirus Ag [Presence] in Stool	high		high
f-virag		51	name	489				3040380			Adenovirus+Rotavirus Ag [Presence] in Stool	Enteric viruses Ag panel - Stool	Enteric virus Ag [Presence] in Stool	Rotavirus and Adenovirus Ag panel - Stool			low
li-adenabg		51	name	215								Adenovirus IgG Ab [Presence] in Cerebral spinal fluid	Adenovirus IgG Ab [Units/volume] in Cerebral spinal fluid	Adenovirus IgG Ab [Units/volume] in Cerebral spinal fluid			
li-infaabg	eiu	51	name+unit	40				3048553			Influenza virus A IgG Ab [Mass/volume] in Cerebral spinal fluid	Influenza virus A IgG Ab [Units/volume] in Cerebral spinal fluid	Influenza A virus IgG Ab [Units/volume] in Cerebral spinal fluid	Influenza virus A IgG Ab [Units/volume] in Cerebral spinal fluid			low
li-infaabg		51	name	240				3048553			Influenza virus A IgG Ab [Mass/volume] in Cerebral spinal fluid	Influenza virus A IgG Ab [Presence] in Cerebral spinal fluid	Influenza A virus IgG Ab [Units/volume] in Cerebral spinal fluid	Influenza virus A IgG Ab [Units/volume] in Cerebral spinal fluid			low
li-infbabg	eiu	51	name+unit	18				3048901			Influenza virus B IgG Ab [Mass/volume] in Cerebral spinal fluid	Influenza virus B IgG Ab [Units/volume] in Cerebral spinal fluid	Influenza B virus IgG Ab [Units/volume] in Cerebral spinal fluid	Influenza virus B IgG Ab [Units/volume] in Cerebral spinal fluid			low
li-infbabg		51	name	258				3048901			Influenza virus B IgG Ab [Mass/volume] in Cerebral spinal fluid	Influenza virus B IgG Ab [Presence] in Cerebral spinal fluid	Influenza B virus IgG Ab [Units/volume] in Cerebral spinal fluid	Influenza virus B IgG Ab [Units/volume] in Cerebral spinal fluid			low
li-mypnab		51	name	614	3035929			3035929			Mycoplasma pneumoniae Ab [Units/volume] in Cerebral spinal fluid	Mycoplasma pneumoniae Ab [Presence] in Cerebral spinal fluid	Mycoplasma pneumoniae Ab [Units/volume] in Cerebral spinal fluid	Mycoplasma pneumoniae Ab [Units/volume] in Cerebral spinal fluid			medium
li-mypnabg	eiu	51	name+unit	32		3002823		3002823	Mycoplasma pneumoniae IgG Ab [Units/volume] in Cerebral spinal fluid		Mycoplasma pneumoniae IgG Ab [Units/volume] in Cerebral spinal fluid	Mycoplasma pneumoniae IgG Ab [Units/volume] in Cerebral spinal fluid	Mycoplasma pneumoniae IgG Ab [Units/volume] in Cerebral spinal fluid	Mycoplasma pneumoniae IgG Ab [Units/volume] in Cerebral spinal fluid	high		high
li-mypnabg		51	name	1292	3002823			3002823			Mycoplasma pneumoniae IgG Ab [Units/volume] in Cerebral spinal fluid	Mycoplasma pneumoniae IgG Ab [Presence] in Cerebral spinal fluid	Mycoplasma pneumoniae IgG Ab [Units/volume] in Cerebral spinal fluid	Mycoplasma pneumoniae IgG Ab [Units/volume] in Cerebral spinal fluid			medium
li-mypnabm		51	name	1314	3037677			3016955			Mycoplasma pneumoniae IgM Ab [Units/volume] in Cerebral spinal fluid	Mycoplasma pneumoniae IgM Ab [Presence] in Cerebral spinal fluid	Mycoplasma pneumoniae IgM Ab [Units/volume] in Cerebral spinal fluid	Mycoplasma pneumoniae IgM Ab [Units/volume] in Cerebral spinal fluid			medium
li-pin1abg	eiu	51	name+unit	7								Parainfluenza virus 1 IgG Ab [Units/volume] in Cerebral spinal fluid	Parainfluenza virus 1 IgG Ab [Units/volume] in Cerebral spinal fluid	Parainfluenza virus 1 IgG Ab [Units/volume] in Cerebral spinal fluid			
li-pin1abg		51	name	161								Parainfluenza virus 1 IgG Ab [Presence] in Cerebral spinal fluid	Parainfluenza virus 1 IgG Ab [Units/volume] in Cerebral spinal fluid	Parainfluenza virus 1 IgG Ab [Units/volume] in Cerebral spinal fluid			
ns-infab/r		51	name	181		3044408			Influenza virus A+B Ag [Presence] in Nose			Influenza virus A+B+Respiratory syncytial virus Ag [Presence] in Nasal specimen	Influenza A and B virus Ag [Presence] in Nasal specimen	Influenza virus A and B and Respiratory syncytial virus Ag panel - Nose	high		
ps-adenag		51	name	1955		3035162		3035162	Adenovirus Ag [Presence] in Nasopharynx		Adenovirus Ag [Presence] in Nasopharynx	Adenovirus Ag [Presence] in Nasopharynx	Adenovirus Ag [Presence] in Nasopharynx	Adenovirus Ag [Presence] in Nasopharynx	high		high
ps-infaag		51	name	11885	3046524	3003551		3044141	Influenza virus A Ag [Presence] in Throat		Influenza virus A Ag [Presence] in Nasopharynx	Influenza virus A Ag [Presence] in Pharynx	Influenza A virus Ag [Presence] in Nasopharynx	Influenza virus A Ag [Presence] in Nasopharynx	high		high
ps-infbag		51	name	11881	3043362	3000251		3045831	Influenza virus B Ag [Presence] in Throat		Influenza virus B Ag [Presence] in Nasopharynx	Influenza virus B Ag [Presence] in Pharynx	Influenza B virus Ag [Presence] in Nasopharynx	Influenza virus B Ag [Presence] in Nasopharynx	high		high
rvirag-o		51	name	340				40757376			Respiratory virus Ag [Identifier] in Specimen by Immunofluorescence	Respiratory viruses Ag panel - Respiratory specimen	Respiratory virus Ag [Presence] in Nasopharynx	Respiratory virus Ag [Presence] in Respiratory specimen			low
s-adenabg	eiu	51	name+unit+values	240		3010959		3010959	Adenovirus IgG Ab [Units/volume] in Serum		Adenovirus IgG Ab [Units/volume] in Serum	Adenovirus IgG Ab [Units/volume] in Serum	Adenovirus IgG Ab [Units/volume] in Serum	Adenovirus IgG Ab [Units/volume] in Serum	high		high
s-adenabg		51	name	30		3040947		3010959	Adenovirus IgG Ab [Presence] in Serum		Adenovirus IgG Ab [Units/volume] in Serum	Adenovirus IgG Ab [Presence] in Serum	Adenovirus IgG Ab [Units/volume] in Serum	Adenovirus IgG Ab [Units/volume] in Serum	high		medium
s-infaabg	eiu	51	name+unit+values	288		3015147		3015147	Influenza virus A IgG Ab [Units/volume] in Serum		Influenza virus A IgG Ab [Units/volume] in Serum	Influenza virus A IgG Ab [Units/volume] in Serum	Influenza A virus IgG Ab [Units/volume] in Serum	Influenza virus A IgG Ab [Units/volume] in Serum	high		high
s-infaabg	u/ml	51	name+unit	31	3015147	3015147		3015147	Influenza virus A IgG Ab [Units/volume] in Serum		Influenza virus A IgG Ab [Units/volume] in Serum	Influenza virus A IgG Ab [Units/volume] in Serum	Influenza A virus IgG Ab [Units/volume] in Serum	Influenza virus A IgG Ab [Units/volume] in Serum	high		high
s-infaabg		51	name	46	3015147	3042885		3015147	Influenza virus A IgG Ab [Presence] in Serum		Influenza virus A IgG Ab [Units/volume] in Serum	Influenza virus A IgG Ab [Presence] in Serum	Influenza A virus IgG Ab [Units/volume] in Serum	Influenza virus A IgG Ab [Units/volume] in Serum	high		medium
s-infbab	eiu	51	name+unit+values	84		3018940		3018940	Influenza virus B Ab [Units/volume] in Serum		Influenza virus B Ab [Units/volume] in Serum	Influenza virus B Ab [Units/volume] in Serum	Influenza B virus Ab [Units/volume] in Serum	Influenza virus B Ab [Units/volume] in Serum	high		high
s-infbab	u/ml	51	name+unit	20		3018940		3018940	Influenza virus B Ab [Units/volume] in Serum		Influenza virus B Ab [Units/volume] in Serum	Influenza virus B Ab [Units/volume] in Serum	Influenza B virus Ab [Units/volume] in Serum	Influenza virus B Ab [Units/volume] in Serum	high		high
s-infbab		51	name	20	3002853	3042988		3018940	Influenza virus B Ab [Presence] in Serum		Influenza virus B Ab [Units/volume] in Serum	Influenza virus B Ab [Presence] in Serum	Influenza B virus Ab [Units/volume] in Serum	Influenza virus B Ab [Units/volume] in Serum	high		medium
s-infbabg	eiu	51	name+unit+values	202		3016413		3016413	Influenza virus B IgG Ab [Units/volume] in Serum		Influenza virus B IgG Ab [Units/volume] in Serum	Influenza virus B IgG Ab [Units/volume] in Serum	Influenza B virus IgG Ab [Units/volume] in Serum	Influenza virus B IgG Ab [Units/volume] in Serum	high		high
s-infbabg	u/ml	51	name+unit	5		3016413		3016413	Influenza virus B IgG Ab [Units/volume] in Serum		Influenza virus B IgG Ab [Units/volume] in Serum	Influenza virus B IgG Ab [Units/volume] in Serum	Influenza B virus IgG Ab [Units/volume] in Serum	Influenza virus B IgG Ab [Units/volume] in Serum	high		high
s-infbabg		51	name	19		3045344		3016413	Influenza virus B IgG Ab [Presence] in Serum		Influenza virus B IgG Ab [Units/volume] in Serum	Influenza virus B IgG Ab [Presence] in Serum	Influenza B virus IgG Ab [Units/volume] in Serum	Influenza virus B IgG Ab [Units/volume] in Serum	high		medium
s-infli	mg/l	51	name+unit+values	4337	3042299	3042299		3042299	inFLIXimab [Mass/volume] in Serum or Plasma		inFLIXimab [Mass/volume] in Serum or Plasma	Infliximab [Mass/volume] in Serum or Plasma	Infliximab [Mass/volume] in Serum	Infliximab [Mass/volume] in Serum or Plasma	high		high
s-infli	ug/l	51	name+unit	62		3042299		3042299	inFLIXimab [Mass/volume] in Serum or Plasma		inFLIXimab [Mass/volume] in Serum or Plasma	Infliximab [Mass/volume] in Serum or Plasma	Infliximab [Mass/volume] in Serum	Infliximab [Mass/volume] in Serum or Plasma	high		high
s-infli	âug/ml	51	name+unit	5		3042299		3042299	inFLIXimab [Mass/volume] in Serum or Plasma		inFLIXimab [Mass/volume] in Serum or Plasma	Infliximab [Mass/volume] in Serum or Plasma	Infliximab [Mass/volume] in Serum	Infliximab [Mass/volume] in Serum or Plasma	high		medium
s-infli		51	name+values	1486	3042299	3042299		3042299	inFLIXimab [Mass/volume] in Serum or Plasma		inFLIXimab [Mass/volume] in Serum or Plasma	Infliximab [Mass/volume] in Serum or Plasma	Infliximab [Mass/volume] in Serum	Infliximab [Mass/volume] in Serum or Plasma	high		high
s-infliab	au/ml	51	name+unit+values	413	1175556	1175556		1175556	inFLIXimab Ab [Units/volume] in Serum by Immunoassay		inFLIXimab Ab [Units/volume] in Serum by Immunoassay	Infliximab Ab [Units/volume] in Serum or Plasma	Infliximab Ab [Units/volume] in Serum	Infliximab Ab [Units/volume] in Serum or Plasma	high		medium
s-infliab		51	name	4455	1175556							Infliximab Ab [Presence] in Serum or Plasma	Infliximab Ab [Units/volume] in Serum	Infliximab Ab [Units/volume] in Serum or Plasma			
s-infliks	mg/l	51	name+unit+values	951	3042299	3042299		3042299	inFLIXimab [Mass/volume] in Serum or Plasma		inFLIXimab [Mass/volume] in Serum or Plasma	Infliximab [Mass/volume] in Serum or Plasma	Infliximab [Mass/volume] in Serum	Infliximab [Mass/volume] in Serum or Plasma	high		high
s-infliks		51	name+values	310	3042299	3042299		3042299	inFLIXimab [Mass/volume] in Serum or Plasma		inFLIXimab [Mass/volume] in Serum or Plasma	Infliximab [Mass/volume] in Serum or Plasma	Infliximab [Mass/volume] in Serum	Infliximab [Mass/volume] in Serum or Plasma	high		medium
s-inflipa		51	name	4630		1259853		1259853	Infliximab and Infliximab Ab Panel - Serum or Plasma		Infliximab and Infliximab Ab Panel - Serum or Plasma	Infliximab and Infliximab Ab panel - Serum or Plasma	Infliximab and Infliximab antibody panel - Serum	Infliximab and Infliximab antibody panel - Serum or Plasma	high		medium
s-micfaeg	mg/l	51	name+unit	45		3013870		40761519	Mycophenolate glucuronide [Mass/volume] in Serum or Plasma		Micafungin [Mass/volume] in Serum or Plasma	Mycophenolic acid glucuronide [Mass/volume] in Serum or Plasma	Mycophenolic acid [Mass/volume] in Serum	Micafungin [Mass/volume] in Serum or Plasma	high		high
s-micfaeg		51	name	90		3013870		40761519	Mycophenolate glucuronide [Mass/volume] in Serum or Plasma		Micafungin [Mass/volume] in Serum or Plasma	Mycophenolic acid glucuronide [Mass/volume] in Serum or Plasma	Mycophenolic acid [Mass/volume] in Serum	Micafungin [Mass/volume] in Serum or Plasma	medium		medium
s-mypnab		51	name	19694	3027545	3035420		3007522	Mycoplasma pneumoniae Ab [Presence] in Serum		Mycoplasma pneumoniae Ab [Units/volume] in Serum	Mycoplasma pneumoniae Ab [Presence] in Serum	Mycoplasma pneumoniae Ab [Units/volume] in Serum	Mycoplasma pneumoniae Ab [Units/volume] in Serum	high		medium
s-mypnabg	au/ml	51	name+unit+values	2298	3018387	3024072		3018387	Mycoplasma pneumoniae IgG Ab [Units/volume] in Serum by Immunoassay		Mycoplasma pneumoniae IgG Ab [Units/volume] in Serum	Mycoplasma pneumoniae IgG Ab [Units/volume] in Serum	Mycoplasma pneumoniae IgG Ab [Units/volume] in Serum	Mycoplasma pneumoniae IgG Ab [Units/volume] in Serum	high		high
s-mypnabg	eiu	51	name+unit+values	9577		3024072		3018387	Mycoplasma pneumoniae IgG Ab [Units/volume] in Serum by Immunoassay		Mycoplasma pneumoniae IgG Ab [Units/volume] in Serum	Mycoplasma pneumoniae IgG Ab [Units/volume] in Serum	Mycoplasma pneumoniae IgG Ab [Units/volume] in Serum	Mycoplasma pneumoniae IgG Ab [Units/volume] in Serum	high		high
s-mypnabg	form	51	name+unit	53		3046684		3018387	Mycoplasma pneumoniae IgG Ab [Presence] in Serum		Mycoplasma pneumoniae IgG Ab [Units/volume] in Serum	Mycoplasma pneumoniae IgG Ab [Presence] in Serum	Mycoplasma pneumoniae IgG Ab [Units/volume] in Serum	Mycoplasma pneumoniae IgG Ab [Units/volume] in Serum	high		medium
s-mypnabg	ru/ml	51	name+unit+values	384		3024072		3018387	Mycoplasma pneumoniae IgG Ab [Units/volume] in Serum by Immunoassay		Mycoplasma pneumoniae IgG Ab [Units/volume] in Serum	Mycoplasma pneumoniae IgG Ab [Units/volume] in Serum	Mycoplasma pneumoniae IgG Ab [Units/volume] in Serum	Mycoplasma pneumoniae IgG Ab [Units/volume] in Serum	high		high
s-mypnabg		51	name+values	4994	3018387	3024072		3018387	Mycoplasma pneumoniae IgG Ab [Units/volume] in Serum by Immunoassay		Mycoplasma pneumoniae IgG Ab [Units/volume] in Serum	Mycoplasma pneumoniae IgG Ab [Units/volume] in Serum	Mycoplasma pneumoniae IgG Ab [Units/volume] in Serum	Mycoplasma pneumoniae IgG Ab [Units/volume] in Serum	high		medium
s-mypnabm	form	51	name+unit	16		3021082		3008417	Mycoplasma pneumoniae IgM Ab [Presence] in Serum		Mycoplasma pneumoniae IgM Ab [Units/volume] in Serum	Mycoplasma pneumoniae IgM Ab [Presence] in Serum	Mycoplasma pneumoniae IgM Ab [Units/volume] in Serum	Mycoplasma pneumoniae IgM Ab [Units/volume] in Serum	high		medium
s-mypnabm	index	51	name+unit+values	3618				3008417			Mycoplasma pneumoniae IgM Ab [Units/volume] in Serum	Mycoplasma pneumoniae IgM Ab [Ratio] in Serum	Mycoplasma pneumoniae IgM Ab [Units/volume] in Serum	Mycoplasma pneumoniae IgM Ab [Units/volume] in Serum by Immunoassay			low
s-mypnabm	s/co	51	name+unit+values	1089				3008417			Mycoplasma pneumoniae IgM Ab [Units/volume] in Serum	Mycoplasma pneumoniae IgM Ab [Ratio] in Serum	Mycoplasma pneumoniae IgM Ab [Units/volume] in Serum	Mycoplasma pneumoniae IgM Ab [Units/volume] in Serum by Immunoassay			low
s-mypnabm		51	name+values	12775	3010521			3008417			Mycoplasma pneumoniae IgM Ab [Units/volume] in Serum	Mycoplasma pneumoniae IgM Ab [Ratio] in Serum	Mycoplasma pneumoniae IgM Ab [Units/volume] in Serum	Mycoplasma pneumoniae IgM Ab [Units/volume] in Serum			medium
s-pin1abg	eiu	51	name+unit+values	209		3035523		3035523	Parainfluenza virus 1 IgG Ab [Units/volume] in Serum		Parainfluenza virus 1 IgG Ab [Units/volume] in Serum	Parainfluenza virus 1 IgG Ab [Units/volume] in Serum	Parainfluenza virus 1 IgG Ab [Units/volume] in Serum	Parainfluenza virus 1 IgG Ab [Units/volume] in Serum	high		high
s-pin1abg		51	name	9		3034468		3035523	Parainfluenza virus 1 IgG Ab [Presence] in Serum		Parainfluenza virus 1 IgG Ab [Units/volume] in Serum	Parainfluenza virus 1 IgG Ab [Presence] in Serum	Parainfluenza virus 1 IgG Ab [Units/volume] in Serum	Parainfluenza virus 1 IgG Ab [Units/volume] in Serum	high		medium
s-scc-ag	ug/l	51	name+unit+values	959	3005411	3005411		3005411	Squamous cell carcinoma Ag [Mass/volume] in Serum or Plasma		Squamous cell carcinoma Ag [Mass/volume] in Serum or Plasma	Squamous cell carcinoma Ag [Mass/volume] in Serum or Plasma	Squamous cell carcinoma Ag [Mass/volume] in Serum	Squamous cell carcinoma antigen [Mass/volume] in Serum or Plasma	high		high
s-scc-ag		51	name	493	3005411	3005411		3005411	Squamous cell carcinoma Ag [Mass/volume] in Serum or Plasma		Squamous cell carcinoma Ag [Mass/volume] in Serum or Plasma	Squamous cell carcinoma Ag [Mass/volume] in Serum or Plasma	Squamous cell carcinoma Ag [Mass/volume] in Serum	Squamous cell carcinoma antigen [Mass/volume] in Serum or Plasma	medium		medium
u-lepnag		51	name	3943		3033152		3003479	Legionella pneumophila 1 Ag [Presence] in Urine by Immunoassay		Legionella pneumophila Ag [Presence] in Urine	Legionella pneumophila serogroup 1 Ag [Presence] in Urine	Legionella pneumophila Ag [Presence] in Urine	Legionella pneumophila Ag [Presence] in Urine	high		high
u-pneuag		51	name	2058		3011363		3011363	Streptococcus pneumoniae Ag [Presence] in Urine		Streptococcus pneumoniae Ag [Presence] in Urine	Streptococcus pneumoniae Ag [Presence] in Urine	Streptococcus pneumoniae Ag [Presence] in Urine	Streptococcus pneumoniae Ag [Presence] in Urine	high		high
u-stpnag		51	name	2546		3011363		3011363	Streptococcus pneumoniae Ag [Presence] in Urine		Streptococcus pneumoniae Ag [Presence] in Urine	Streptococcus pneumoniae Ag [Presence] in Urine	Streptococcus pneumoniae Ag [Presence] in Urine	Streptococcus pneumoniae Ag [Presence] in Urine	high		high
-amyl	u/l	68	name+unit+values	4274	3016771	3016771		3012133	Amylase [Enzymatic activity/volume] in Serum or Plasma		Amylase [Enzymatic activity/volume] in Body fluid	Amylase [Enzymatic activity/volume] in Serum or Plasma	Amylase [Enzymatic activity/volume] in Serum or Plasma	Amylase [Enzymatic activity/volume] in Body fluid	high		low
-amyl		68	name	352								Amylase [Enzymatic activity/volume] in Serum or Plasma	Amylase [Enzymatic activity/volume] in Serum or Plasma	Amylase [Enzymatic activity/volume] in Serum or Plasma			
alfa-1	g/l	68	name+unit+values	903	3015322	3015322		3015322	Alpha 1 globulin [Mass/volume] in Serum or Plasma by Electrophoresis		Alpha 1 globulin [Mass/volume] in Serum or Plasma by Electrophoresis	Alpha 1 globulin [Mass/volume] in Serum	Alpha-1 Globulin [Mass/volume] in Serum or Plasma by Electrophoresis	Alpha 1 globulin [Mass/volume] in Serum or Plasma by Electrophoresis	high		medium
alfa-2	g/l	68	name+unit+values	907	3005229	3005229		3005229	Alpha 2 globulin [Mass/volume] in Serum or Plasma by Electrophoresis		Alpha 2 globulin [Mass/volume] in Serum or Plasma by Electrophoresis	Alpha 2 globulin [Mass/volume] in Serum	Alpha-2 Globulin [Mass/volume] in Serum or Plasma by Electrophoresis	Alpha 2 globulin [Mass/volume] in Serum or Plasma by Electrophoresis	high		medium
amylaasi	u/l	68	name+unit+values	1380		3016771		3016771	Amylase [Enzymatic activity/volume] in Serum or Plasma		Amylase [Enzymatic activity/volume] in Serum or Plasma	Amylase [Enzymatic activity/volume] in Serum or Plasma	Amylase [Enzymatic activity/volume] in Serum or Plasma	Amylase [Enzymatic activity/volume] in Serum or Plasma	high		high
amylaasi		68	name	28				3016771			Amylase [Enzymatic activity/volume] in Serum or Plasma	Amylase [Enzymatic activity/volume] in Serum or Plasma	Amylase [Enzymatic activity/volume] in Serum or Plasma	Amylase [Enzymatic activity/volume] in Serum or Plasma			low
as-amyl	u/l	68	name+unit+values	277	3008691	3008691		3008691	Amylase [Enzymatic activity/volume] in Peritoneal fluid		Amylase [Enzymatic activity/volume] in Peritoneal fluid	Amylase [Enzymatic activity/volume] in Ascitic fluid	Amylase [Enzymatic activity/volume] in Ascitic fluid	Amylase [Enzymatic activity/volume] in Peritoneal fluid	high		high
as-amyl		68	name	47	3008691			3008691			Amylase [Enzymatic activity/volume] in Peritoneal fluid	Amylase [Enzymatic activity/volume] in Ascitic fluid	Amylase [Enzymatic activity/volume] in Ascitic fluid	Amylase [Enzymatic activity/volume] in Peritoneal fluid			medium
du-aldos	nmol	68	name+unit+values	1126		3000690		3000690	Aldosterone [Moles/time] in 24 hour Urine		Aldosterone [Moles/time] in 24 hour Urine	Aldosterone [Moles/time] in 24 hour Urine	Aldosterone [Moles/time] in 24 hour Urine	Aldosterone [Moles/time] in 24 hour Urine	high		high
du-aldos	nmol/24h	68	name+unit	31	3000690	3000690		3000690	Aldosterone [Moles/time] in 24 hour Urine		Aldosterone [Moles/time] in 24 hour Urine	Aldosterone [Moles/time] in 24 hour Urine	Aldosterone [Moles/time] in 24 hour Urine	Aldosterone [Moles/time] in 24 hour Urine	high		high
du-aldos	nmol/l	68	name+unit	25	3004541	3019985		3019985	Aldosterone [Moles/volume] in 24 hour Urine		Aldosterone [Moles/volume] in 24 hour Urine	Aldosterone [Moles/volume] in 24 hour Urine	Aldosterone [Moles/volume] in 24 hour Urine	Aldosterone [Moles/volume] in 24 hour Urine	high		high
du-aldos	ug/24h	68	name+unit	12		3019677		3019677	Aldosterone [Mass/time] in 24 hour Urine		Aldosterone [Mass/time] in 24 hour Urine	Aldosterone [Mass/time] in 24 hour Urine	Aldosterone [Mass/time] in 24 hour Urine	Aldosterone [Mass/time] in 24 hour Urine	high		high
du-aldos		68	name+values	191		3000690		3000690	Aldosterone [Moles/time] in 24 hour Urine		Aldosterone [Moles/time] in 24 hour Urine	Aldosterone [Moles/time] in 24 hour Urine	Aldosterone [Moles/time] in 24 hour Urine	Aldosterone [Moles/time] in 24 hour Urine	high		medium
fp-afos	u/l	68	name+unit+values	595	3035995	3035995		3035995	Alkaline phosphatase [Enzymatic activity/volume] in Serum or Plasma		Alkaline phosphatase [Enzymatic activity/volume] in Serum or Plasma	Alkaline phosphatase [Enzymatic activity/volume] in Plasma	Alkaline phosphatase [Enzymatic activity/volume] in Serum or Plasma	Alkaline phosphatase [Enzymatic activity/volume] in Serum or Plasma	high		high
fp-aldos	pmol/l	68	name+unit+values	759	3001788	3001788		3001788	Aldosterone [Moles/volume] in Serum or Plasma		Aldosterone [Moles/volume] in Serum or Plasma	Aldosterone [Moles/volume] in Plasma	Aldosterone [Moles/volume] in Serum or Plasma	Aldosterone [Moles/volume] in Serum or Plasma	high		high
fp-aldos		68	name	70				3001788			Aldosterone [Moles/volume] in Serum or Plasma	Aldosterone [Moles/volume] in Plasma	Aldosterone [Moles/volume] in Serum or Plasma	Aldosterone [Moles/volume] in Serum or Plasma			low
fp-amyl	u/l	68	name+unit+values	166	3016771	40771878		3016771	Amylase [Enzymatic activity/volume] in Serum or Plasma --fasting		Amylase [Enzymatic activity/volume] in Serum or Plasma	Amylase [Enzymatic activity/volume] in Plasma	Amylase [Enzymatic activity/volume] in Serum or Plasma	Amylase [Enzymatic activity/volume] in Serum or Plasma	high		high
p-afos	u/l	68	name+unit+values	2633385	3035995	3035995		3035995	Alkaline phosphatase [Enzymatic activity/volume] in Serum or Plasma		Alkaline phosphatase [Enzymatic activity/volume] in Serum or Plasma	Alkaline phosphatase [Enzymatic activity/volume] in Plasma	Alkaline phosphatase [Enzymatic activity/volume] in Serum or Plasma	Alkaline phosphatase [Enzymatic activity/volume] in Serum or Plasma	high		high
p-afos		68	name+values	28410	3035995	3035995		3035995	Alkaline phosphatase [Enzymatic activity/volume] in Serum or Plasma		Alkaline phosphatase [Enzymatic activity/volume] in Serum or Plasma	Alkaline phosphatase [Enzymatic activity/volume] in Plasma	Alkaline phosphatase [Enzymatic activity/volume] in Serum or Plasma	Alkaline phosphatase [Enzymatic activity/volume] in Serum or Plasma	high		high
p-aldos	pmol/l	68	name+unit+values	978	3001788	3001788		3001788	Aldosterone [Moles/volume] in Serum or Plasma		Aldosterone [Moles/volume] in Serum or Plasma	Aldosterone [Moles/volume] in Plasma	Aldosterone [Moles/volume] in Serum or Plasma	Aldosterone [Moles/volume] in Serum or Plasma	high		high
p-aldos		68	name	71	3001788			3001788			Aldosterone [Moles/volume] in Serum or Plasma	Aldosterone [Moles/volume] in Plasma	Aldosterone [Moles/volume] in Serum or Plasma	Aldosterone [Moles/volume] in Serum or Plasma			low
p-amyl	u/l	68	name+unit+values	368852	3016771	3016771		3016771	Amylase [Enzymatic activity/volume] in Serum or Plasma		Amylase [Enzymatic activity/volume] in Serum or Plasma	Amylase [Enzymatic activity/volume] in Plasma	Amylase [Enzymatic activity/volume] in Serum or Plasma	Amylase [Enzymatic activity/volume] in Serum or Plasma	high		high
p-amyl		68	name+values	5758	3016771	3016771		3016771	Amylase [Enzymatic activity/volume] in Serum or Plasma		Amylase [Enzymatic activity/volume] in Serum or Plasma	Amylase [Enzymatic activity/volume] in Plasma	Amylase [Enzymatic activity/volume] in Serum or Plasma	Amylase [Enzymatic activity/volume] in Serum or Plasma	high		high
p-amylaasi	u/l	68	name+unit+values	1560	3016771	3016771		3016771	Amylase [Enzymatic activity/volume] in Serum or Plasma		Amylase [Enzymatic activity/volume] in Serum or Plasma	Amylase [Enzymatic activity/volume] in Plasma	Amylase [Enzymatic activity/volume] in Serum or Plasma	Amylase [Enzymatic activity/volume] in Serum or Plasma	high		high
p-amylaasi		68	name	28	3016771			3016771			Amylase [Enzymatic activity/volume] in Serum or Plasma	Amylase [Enzymatic activity/volume] in Plasma	Amylase [Enzymatic activity/volume] in Serum or Plasma	Amylase [Enzymatic activity/volume] in Serum or Plasma			medium
p-amylp	u/l	68	name+unit+values	96538	3016417	3016417		3016417	Amylase.pancreatic [Enzymatic activity/volume] in Serum or Plasma		Amylase.pancreatic [Enzymatic activity/volume] in Serum or Plasma	Amylase.pancreatic [Enzymatic activity/volume] in Plasma	Amylase.pancreatic [Enzymatic activity/volume] in Serum or Plasma	Amylase.pancreatic [Enzymatic activity/volume] in Serum or Plasma	high		high
p-amylp		68	name+values	16102	3016417	3016417		3016417	Amylase.pancreatic [Enzymatic activity/volume] in Serum or Plasma		Amylase.pancreatic [Enzymatic activity/volume] in Serum or Plasma	Amylase.pancreatic [Enzymatic activity/volume] in Plasma	Amylase.pancreatic [Enzymatic activity/volume] in Serum or Plasma	Amylase.pancreatic [Enzymatic activity/volume] in Serum or Plasma	high		high
p-sldl	mmol/l	68	name+unit+values	2968	3001308	1617569		3001308	Cholesterol.in LDL.small dense [Moles/volume] in Serum or Plasma		Cholesterol in LDL [Moles/volume] in Serum or Plasma	LDL cholesterol.small dense [Moles/volume] in Plasma	Cholesterol in Small dense LDL [Moles/volume] in Plasma	Cholesterol in LDL [Moles/volume] in Serum or Plasma	high		medium
p-sldl		68	name	282	3001308			3001308			Cholesterol in LDL [Moles/volume] in Serum or Plasma	LDL cholesterol.small dense [Moles/volume] in Plasma	Cholesterol in Small dense LDL [Moles/volume] in Plasma	Cholesterol in LDL [Moles/volume] in Serum or Plasma			low
pa-amyl	u/l	68	name+unit+values	181	3016417			3012133			Amylase [Enzymatic activity/volume] in Body fluid	Amylase [Enzymatic activity/volume] in Pancreatic fluid	Amylase [Enzymatic activity/volume] in Pancreatic fluid	Amylase [Enzymatic activity/volume] in Pancreatic juice			low
pa-amyl		68	name	13	3016417							Amylase [Enzymatic activity/volume] in Pancreatic fluid	Amylase [Enzymatic activity/volume] in Pancreatic fluid	Amylase [Enzymatic activity/volume] in Pancreatic juice			
pf-amyl	u/l	68	name+unit+values	512	3015401	3015401		3015401	Amylase [Enzymatic activity/volume] in Pleural fluid		Amylase [Enzymatic activity/volume] in Pleural fluid	Amylase [Enzymatic activity/volume] in Pleural fluid	Amylase [Enzymatic activity/volume] in Pleural fluid	Amylase [Enzymatic activity/volume] in Pleural fluid	high		high
pf-amyl		68	name	216	3015401			3015401			Amylase [Enzymatic activity/volume] in Pleural fluid	Amylase [Enzymatic activity/volume] in Pleural fluid	Amylase [Enzymatic activity/volume] in Pleural fluid	Amylase [Enzymatic activity/volume] in Pleural fluid			medium
s-aaldos	pmol/l	68	name+unit+values	125	3001788	3033031		3001788	Aldosterone [Moles/volume] in Serum or Plasma --post XXX challenge		Aldosterone [Moles/volume] in Serum or Plasma	Aldosterone [Moles/volume] in Serum	Aldosterone [Moles/volume] in Serum	Aldosterone [Moles/volume] in Serum or Plasma	medium		low
s-adali	mg/l	68	name+unit+values	1092	44786774	44786774		44786774	Adalimumab [Mass/volume] in Serum or Plasma		Adalimumab [Mass/volume] in Serum or Plasma	Adalimumab [Mass/volume] in Serum or Plasma	Adalimumab [Mass/volume] in Serum	Adalimumab [Mass/volume] in Serum or Plasma	high		high
s-adali		68	name+values	600	44786774	44786774		44786774	Adalimumab [Mass/volume] in Serum or Plasma		Adalimumab [Mass/volume] in Serum or Plasma	Adalimumab [Mass/volume] in Serum or Plasma	Adalimumab [Mass/volume] in Serum	Adalimumab [Mass/volume] in Serum or Plasma	high		high
s-adaliab	au/ml	68	name+unit+values	257	36304052	36304052		36304052	Adalimumab Ab [Units/volume] in Serum or Plasma		Adalimumab Ab [Units/volume] in Serum or Plasma	Adalimumab Ab [Units/volume] in Serum or Plasma	Adalimumab Ab [Units/volume] in Serum	Adalimumab antibody [Units/volume] in Serum	high		medium
s-adaliab		68	name	2149	36304052			36304052			Adalimumab Ab [Units/volume] in Serum or Plasma	Adalimumab Ab [Units/volume] in Serum or Plasma	Adalimumab Ab [Units/volume] in Serum	Adalimumab antibody [Units/volume] in Serum			low
s-adalimu	mg/l	68	name+unit+values	2004	44786774	44786774		44786774	Adalimumab [Mass/volume] in Serum or Plasma		Adalimumab [Mass/volume] in Serum or Plasma	Adalimumab [Mass/volume] in Serum or Plasma	Adalimumab [Mass/volume] in Serum	Adalimumab [Mass/volume] in Serum or Plasma	high		high
s-adalimu		68	name+values	271	44786774	44786774		44786774	Adalimumab [Mass/volume] in Serum or Plasma		Adalimumab [Mass/volume] in Serum or Plasma	Adalimumab [Mass/volume] in Serum or Plasma	Adalimumab [Mass/volume] in Serum	Adalimumab [Mass/volume] in Serum or Plasma	high		high
s-adalip		68	name	274				44786774			Adalimumab [Mass/volume] in Serum or Plasma	Adalimumab [Mass/volume] in Serum or Plasma	Adalimumab [Mass/volume] in Serum	Adalimumab [Mass/volume] in Serum or Plasma			low
s-adalipa		68	name	1304								Adalimumab [Mass/volume] in Serum or Plasma	Adalimumab [Mass/volume] in Serum	Adalimumab antibody [Units/volume] in Serum			
s-afluu	%	68	name+unit+values	92	3036955	3002069		3002069	Alkaline phosphatase.bone/Alkaline phosphatase.total in Serum or Plasma		Alkaline phosphatase.bone/Alkaline phosphatase.total in Serum or Plasma	Alkaline phosphatase.bone/Alkaline phosphatase.total [Enzyme fraction] in Serum	Alkaline phosphatase.bone/Alkaline phosphatase.total [Mass Fraction] in Serum	Alkaline phosphatase.bone/Alkaline phosphatase.total in Serum or Plasma	high		medium
s-afluu	u/l	68	name+unit+values	80		3001467		3001467	Alkaline phosphatase.bone [Enzymatic activity/volume] in Serum or Plasma		Alkaline phosphatase.bone [Enzymatic activity/volume] in Serum or Plasma	Alkaline phosphatase.bone [Enzymatic activity/volume] in Serum	Alkaline phosphatase.bone [Enzymatic activity/volume] in Serum	Alkaline phosphatase.bone [Enzymatic activity/volume] in Serum or Plasma	high		high
s-afluu		68	name	9								Alkaline phosphatase.bone [Enzymatic activity/volume] in Serum	Alkaline phosphatase.bone [Enzymatic activity/volume] in Serum	Alkaline phosphatase.bone [Enzymatic activity/volume] in Serum or Plasma			
s-afluust	u/l	68	name+unit+values	3036	3001467	3001467		3001467	Alkaline phosphatase.bone [Enzymatic activity/volume] in Serum or Plasma		Alkaline phosphatase.bone [Enzymatic activity/volume] in Serum or Plasma	Alkaline phosphatase.bone [Enzymatic activity/volume] in Serum	Alkaline phosphatase.bone [Enzymatic activity/volume] in Serum	Alkaline phosphatase.bone [Enzymatic activity/volume] in Serum or Plasma	high		high
s-afluust		68	name+values	488	3001467	3001467		3001467	Alkaline phosphatase.bone [Enzymatic activity/volume] in Serum or Plasma		Alkaline phosphatase.bone [Enzymatic activity/volume] in Serum or Plasma	Alkaline phosphatase.bone [Enzymatic activity/volume] in Serum	Alkaline phosphatase.bone [Enzymatic activity/volume] in Serum	Alkaline phosphatase.bone [Enzymatic activity/volume] in Serum or Plasma	high		high
s-afmuut	u/l	68	name+unit+values	1555		3045684		3045684	Alkaline phosphatase.other fractions [Enzymatic activity/volume] in Serum or Plasma		Alkaline phosphatase.other fractions [Enzymatic activity/volume] in Serum or Plasma	Alkaline phosphatase.other [Enzymatic activity/volume] in Serum	Alkaline phosphatase.other [Enzymatic activity/volume] in Serum	Alkaline phosphatase.other [Enzymatic activity/volume] in Serum or Plasma	high		high
s-afmuut		68	name	316				3045684			Alkaline phosphatase.other fractions [Enzymatic activity/volume] in Serum or Plasma	Alkaline phosphatase.other [Enzymatic activity/volume] in Serum	Alkaline phosphatase.other [Enzymatic activity/volume] in Serum	Alkaline phosphatase.other [Enzymatic activity/volume] in Serum or Plasma			low
s-afos	iu/l	68	name+unit+values	240	3035995	3035995		3035995	Alkaline phosphatase [Enzymatic activity/volume] in Serum or Plasma		Alkaline phosphatase [Enzymatic activity/volume] in Serum or Plasma	Alkaline phosphatase [Enzymatic activity/volume] in Serum or Plasma	Alkaline phosphatase [Enzymatic activity/volume] in Serum	Alkaline phosphatase [Enzymatic activity/volume] in Serum or Plasma	high		high
s-afos	u/l	68	name+unit+values	62976	3035995	3035995		3035995	Alkaline phosphatase [Enzymatic activity/volume] in Serum or Plasma		Alkaline phosphatase [Enzymatic activity/volume] in Serum or Plasma	Alkaline phosphatase [Enzymatic activity/volume] in Serum or Plasma	Alkaline phosphatase [Enzymatic activity/volume] in Serum	Alkaline phosphatase [Enzymatic activity/volume] in Serum or Plasma	high		high
s-afos		68	name+values	986	3035995	3035995		3035995	Alkaline phosphatase [Enzymatic activity/volume] in Serum or Plasma		Alkaline phosphatase [Enzymatic activity/volume] in Serum or Plasma	Alkaline phosphatase [Enzymatic activity/volume] in Serum or Plasma	Alkaline phosphatase [Enzymatic activity/volume] in Serum	Alkaline phosphatase [Enzymatic activity/volume] in Serum or Plasma	high		high
s-afos-is	u/l	68	name+unit	70	3021952	3028564		3028564	Alkaline phosphatase isoenz panel - Serum or Plasma		Alkaline phosphatase isoenz panel - Serum or Plasma	Alkaline phosphatase isoenzymes panel - Serum	Alkaline phosphatase isoenzymes panel - Serum	Alkaline phosphatase isoenzymes [Enzymatic activity/volume] in Serum by Electrophoresis	high		low
s-afos-is		68	name	9083	3021952	3028564		3028564	Alkaline phosphatase isoenz panel - Serum or Plasma		Alkaline phosphatase isoenz panel - Serum or Plasma	Alkaline phosphatase isoenzymes panel - Serum	Alkaline phosphatase isoenzymes panel - Serum	Alkaline phosphatase isoenzymes panel - Serum by Electrophoresis	high		medium
s-afosluu	u/l	68	name+unit+values	106	3001467	3001467		3001467	Alkaline phosphatase.bone [Enzymatic activity/volume] in Serum or Plasma		Alkaline phosphatase.bone [Enzymatic activity/volume] in Serum or Plasma	Alkaline phosphatase.bone [Enzymatic activity/volume] in Serum	Alkaline phosphatase.bone [Enzymatic activity/volume] in Serum	Alkaline phosphatase.bone [Enzymatic activity/volume] in Serum or Plasma	high		high
s-afosluu	ug/l	68	name+unit	30	3018910	3018910		3018910	Alkaline phosphatase.bone [Mass/volume] in Serum or Plasma		Alkaline phosphatase.bone [Mass/volume] in Serum or Plasma	Alkaline phosphatase.bone [Mass/volume] in Serum	Alkaline phosphatase.bone [Mass/volume] in Serum	Alkaline phosphatase.bone [Mass/volume] in Serum or Plasma	high		high
s-afosluu		68	name	35								Alkaline phosphatase.bone [Enzymatic activity/volume] in Serum	Alkaline phosphatase.bone [Enzymatic activity/volume] in Serum	Alkaline phosphatase.bone [Enzymatic activity/volume] in Serum or Plasma			
s-afospit	u/l	68	name+unit+values	177	3035995	3035995		3035995	Alkaline phosphatase [Enzymatic activity/volume] in Serum or Plasma		Alkaline phosphatase [Enzymatic activity/volume] in Serum or Plasma	Alkaline phosphatase [Enzymatic activity/volume] in Serum or Plasma	Alkaline phosphatase [Enzymatic activity/volume] in Serum	Alkaline phosphatase [Enzymatic activity/volume] in Serum or Plasma	medium		medium
s-afospit		68	name	8		3035995		3035995	Alkaline phosphatase [Enzymatic activity/volume] in Serum or Plasma		Alkaline phosphatase [Enzymatic activity/volume] in Serum or Plasma	Alkaline phosphatase [Enzymatic activity/volume] in Serum or Plasma	Alkaline phosphatase [Enzymatic activity/volume] in Serum	Alkaline phosphatase [Enzymatic activity/volume] in Serum or Plasma	low		medium
s-afsuol1	u/l	68	name+unit+values	1064	3020013	3020013		3020013	Alkaline phosphatase.intestinal [Enzymatic activity/volume] in Serum or Plasma		Alkaline phosphatase.intestinal [Enzymatic activity/volume] in Serum or Plasma	Alkaline phosphatase.intestinal [Enzymatic activity/volume] in Serum	Alkaline phosphatase.intestinal [Enzymatic activity/volume] in Serum	Alkaline phosphatase.intestinal [Enzymatic activity/volume] in Serum or Plasma	high		low
s-afsuol1		68	name+values	158	3020013	3020013		3020013	Alkaline phosphatase.intestinal [Enzymatic activity/volume] in Serum or Plasma		Alkaline phosphatase.intestinal [Enzymatic activity/volume] in Serum or Plasma	Alkaline phosphatase.intestinal [Enzymatic activity/volume] in Serum	Alkaline phosphatase.intestinal [Enzymatic activity/volume] in Serum	Alkaline phosphatase.intestinal [Enzymatic activity/volume] in Serum or Plasma	high		low
s-afsuol2	u/l	68	name+unit+values	1070		42870305		42870305	Alkaline phosphatase.intestinal 2 [Enzymatic activity/volume] in Serum or Plasma		Alkaline phosphatase.intestinal 2 [Enzymatic activity/volume] in Serum or Plasma	Alkaline phosphatase.intestinal [Enzymatic activity/volume] in Serum	Alkaline phosphatase.intestinal [Enzymatic activity/volume] in Serum	Alkaline phosphatase.intestinal [Enzymatic activity/volume] in Serum or Plasma	high		medium
s-afsuol2		68	name+values	156		42870305		42870305	Alkaline phosphatase.intestinal 2 [Enzymatic activity/volume] in Serum or Plasma		Alkaline phosphatase.intestinal 2 [Enzymatic activity/volume] in Serum or Plasma	Alkaline phosphatase.intestinal [Enzymatic activity/volume] in Serum	Alkaline phosphatase.intestinal [Enzymatic activity/volume] in Serum	Alkaline phosphatase.intestinal [Enzymatic activity/volume] in Serum or Plasma	high		medium
s-afsuol3	u/l	68	name+unit+values	1075	3020013	42870306		42870306	Alkaline phosphatase.intestinal 3 [Enzymatic activity/volume] in Serum or Plasma		Alkaline phosphatase.intestinal 3 [Enzymatic activity/volume] in Serum or Plasma	Alkaline phosphatase.intestinal [Enzymatic activity/volume] in Serum	Alkaline phosphatase.intestinal [Enzymatic activity/volume] in Serum	Alkaline phosphatase.intestinal [Enzymatic activity/volume] in Serum or Plasma	high		medium
s-afsuol3		68	name+values	157		42870306		42870306	Alkaline phosphatase.intestinal 3 [Enzymatic activity/volume] in Serum or Plasma		Alkaline phosphatase.intestinal 3 [Enzymatic activity/volume] in Serum or Plasma	Alkaline phosphatase.intestinal [Enzymatic activity/volume] in Serum	Alkaline phosphatase.intestinal [Enzymatic activity/volume] in Serum	Alkaline phosphatase.intestinal [Enzymatic activity/volume] in Serum or Plasma	high		medium
s-afsuoli	%	68	name+unit	53		3020990		3020990	Alkaline phosphatase.intestinal/Alkaline phosphatase.total in Serum or Plasma		Alkaline phosphatase.intestinal/Alkaline phosphatase.total in Serum or Plasma	Alkaline phosphatase.intestinal/Alkaline phosphatase.total [Enzyme fraction] in Serum	Alkaline phosphatase.intestinal/Alkaline phosphatase.total [Mass Fraction] in Serum	Alkaline phosphatase.intestinal/Alkaline phosphatase.total in Serum or Plasma	high		medium
s-afsuoli	u/l	68	name+unit+values	189	3020013	3020013		3020013	Alkaline phosphatase.intestinal [Enzymatic activity/volume] in Serum or Plasma		Alkaline phosphatase.intestinal [Enzymatic activity/volume] in Serum or Plasma	Alkaline phosphatase.intestinal [Enzymatic activity/volume] in Serum	Alkaline phosphatase.intestinal [Enzymatic activity/volume] in Serum	Alkaline phosphatase.intestinal [Enzymatic activity/volume] in Serum or Plasma	high		high
s-afsuoli		68	name	182								Alkaline phosphatase.intestinal [Enzymatic activity/volume] in Serum	Alkaline phosphatase.intestinal [Enzymatic activity/volume] in Serum	Alkaline phosphatase.intestinal [Enzymatic activity/volume] in Serum or Plasma			
s-albind	g/l	68	name+unit+values	815	3024561	3024561		3024561	Albumin [Mass/volume] in Serum or Plasma		Albumin [Mass/volume] in Serum or Plasma	Albumin [Mass/volume] in Serum	Albumin [Mass/volume] in Serum	Albumin [Mass/volume] in Serum or Plasma	high		medium
s-albind		68	name+values	155	3024561	3024561		3024561	Albumin [Mass/volume] in Serum or Plasma		Albumin [Mass/volume] in Serum or Plasma	Albumin [Mass/volume] in Serum	Albumin [Mass/volume] in Serum	Albumin [Mass/volume] in Serum or Plasma	high		high
s-albu	g/l	68	name+unit+values	554	3024561	3024561		3024561	Albumin [Mass/volume] in Serum or Plasma		Albumin [Mass/volume] in Serum or Plasma	Albumin [Mass/volume] in Serum	Albumin [Mass/volume] in Serum	Albumin [Mass/volume] in Serum or Plasma	high		high
s-albu		68	name	12	3024561	3024561		3024561	Albumin [Mass/volume] in Serum or Plasma		Albumin [Mass/volume] in Serum or Plasma	Albumin [Mass/volume] in Serum	Albumin [Mass/volume] in Serum	Albumin [Mass/volume] in Serum or Plasma	medium		low
s-album	g/l	68	name+unit+values	27997	3024561	3024561		3024561	Albumin [Mass/volume] in Serum or Plasma		Albumin [Mass/volume] in Serum or Plasma	Albumin [Mass/volume] in Serum	Albumin [Mass/volume] in Serum	Albumin [Mass/volume] in Serum or Plasma	high		high
s-album		68	name+values	49	3024561	3024561		3024561	Albumin [Mass/volume] in Serum or Plasma		Albumin [Mass/volume] in Serum or Plasma	Albumin [Mass/volume] in Serum	Albumin [Mass/volume] in Serum	Albumin [Mass/volume] in Serum or Plasma	high		high
s-aldol	u/l	68	name+unit+values	3331	3027953	3027953		3027953	Aldolase [Enzymatic activity/volume] in Serum or Plasma		Aldolase [Enzymatic activity/volume] in Serum or Plasma	Aldolase [Enzymatic activity/volume] in Serum or Plasma	Aldolase [Enzymatic activity/volume] in Serum	Aldolase [Enzymatic activity/volume] in Serum or Plasma	high		high
s-aldol		68	name+values	603	3027953	3027953		3027953	Aldolase [Enzymatic activity/volume] in Serum or Plasma		Aldolase [Enzymatic activity/volume] in Serum or Plasma	Aldolase [Enzymatic activity/volume] in Serum or Plasma	Aldolase [Enzymatic activity/volume] in Serum	Aldolase [Enzymatic activity/volume] in Serum or Plasma	high		high
s-aldos	pmol/l	68	name+unit+values	5247	3001788	3001788		3001788	Aldosterone [Moles/volume] in Serum or Plasma		Aldosterone [Moles/volume] in Serum or Plasma	Aldosterone [Moles/volume] in Serum	Aldosterone [Moles/volume] in Serum	Aldosterone [Moles/volume] in Serum or Plasma	high		high
s-aldos		68	name+values	1207	3001788	3001788		3001788	Aldosterone [Moles/volume] in Serum or Plasma		Aldosterone [Moles/volume] in Serum or Plasma	Aldosterone [Moles/volume] in Serum	Aldosterone [Moles/volume] in Serum	Aldosterone [Moles/volume] in Serum or Plasma	high		high
s-aldos-m	pmol/l	68	name+unit+values	88	3004280	3004280		3004280	Aldosterone [Moles/volume] in Serum or Plasma --supine		Aldosterone [Moles/volume] in Serum or Plasma --supine	Aldosterone [Moles/volume] in Serum --supine	Aldosterone [Moles/volume] in Serum --supine	Aldosterone [Moles/volume] in Serum or Plasma --supine	high		high
s-aldos-m		68	name	66	3004280	3004280		3004280	Aldosterone [Moles/volume] in Serum or Plasma --supine		Aldosterone [Moles/volume] in Serum or Plasma --supine	Aldosterone [Moles/volume] in Serum --supine	Aldosterone [Moles/volume] in Serum --supine	Aldosterone [Moles/volume] in Serum or Plasma --supine	high		low
s-aldos-p	pmol/l	68	name+unit+values	824	3003171	3003171		3003171	Aldosterone [Moles/volume] in Serum or Plasma --upright		Aldosterone [Moles/volume] in Serum or Plasma --upright	Aldosterone [Moles/volume] in Serum --upright	Aldosterone [Moles/volume] in Serum --standing	Aldosterone [Moles/volume] in Serum or Plasma --upright	high		high
s-aldos-p		68	name+values	329	3003171	3003171		3003171	Aldosterone [Moles/volume] in Serum or Plasma --upright		Aldosterone [Moles/volume] in Serum or Plasma --upright	Aldosterone [Moles/volume] in Serum --upright	Aldosterone [Moles/volume] in Serum --standing	Aldosterone [Moles/volume] in Serum or Plasma --upright	high		high
s-alfa-1	%	68	name+unit	11		43055428		3024800	Alpha 1 globulin/Protein.total [Pure mass fraction] in Serum or Plasma by Electrophoresis		Alpha 1 globulin/Protein.total in Serum or Plasma by Electrophoresis	Alpha 1 globulin/Protein.total [Mass Fraction] in Serum	Alpha-1 Globulin/Protein.total in Serum	Alpha 1 globulin/Protein.total in Serum or Plasma by Electrophoresis	high		medium
s-alfa-1	g/l	68	name+unit+values	30281	3015322	3015322		3015322	Alpha 1 globulin [Mass/volume] in Serum or Plasma by Electrophoresis		Alpha 1 globulin [Mass/volume] in Serum or Plasma by Electrophoresis	Alpha 1 globulin [Mass/volume] in Serum	Alpha-1 Globulin [Mass/volume] in Serum	Alpha 1 globulin [Mass/volume] in Serum or Plasma by Electrophoresis	high		high
s-alfa-1		68	name+values	50	3015322	3015322		3015322	Alpha 1 globulin [Mass/volume] in Serum or Plasma by Electrophoresis		Alpha 1 globulin [Mass/volume] in Serum or Plasma by Electrophoresis	Alpha 1 globulin [Mass/volume] in Serum	Alpha-1 Globulin [Mass/volume] in Serum	Alpha 1 globulin [Mass/volume] in Serum or Plasma by Electrophoresis	high		high
s-alfa-2	%	68	name+unit	11		43055424		3006330	Alpha 2 globulin/Protein.total [Pure mass fraction] in Serum or Plasma by Electrophoresis		Alpha 2 globulin/Protein.total in Serum or Plasma by Electrophoresis	Alpha 2 globulin/Protein.total [Mass Fraction] in Serum	Alpha-2 Globulin/Protein.total in Serum	Alpha 2 globulin/Protein.total in Serum or Plasma by Electrophoresis	high		medium
s-alfa-2	g/l	68	name+unit+values	30219	3005229	3005229		3005229	Alpha 2 globulin [Mass/volume] in Serum or Plasma by Electrophoresis		Alpha 2 globulin [Mass/volume] in Serum or Plasma by Electrophoresis	Alpha 2 globulin [Mass/volume] in Serum	Alpha-2 Globulin [Mass/volume] in Serum	Alpha 2 globulin [Mass/volume] in Serum or Plasma by Electrophoresis	high		high
s-alfa-2		68	name+values	50	3005229	3005229		3005229	Alpha 2 globulin [Mass/volume] in Serum or Plasma by Electrophoresis		Alpha 2 globulin [Mass/volume] in Serum or Plasma by Electrophoresis	Alpha 2 globulin [Mass/volume] in Serum	Alpha-2 Globulin [Mass/volume] in Serum	Alpha 2 globulin [Mass/volume] in Serum or Plasma by Electrophoresis	high		high
s-alfa1	g/l	68	name+unit+values	1708		3015322		3015322	Alpha 1 globulin [Mass/volume] in Serum or Plasma by Electrophoresis		Alpha 1 globulin [Mass/volume] in Serum or Plasma by Electrophoresis	Alpha 1 globulin [Mass/volume] in Serum	Alpha-1 Globulin [Mass/volume] in Serum	Alpha 1 globulin [Mass/volume] in Serum or Plasma by Electrophoresis	high		high
s-alfa1		68	name	92		3015322			Alpha 1 globulin [Mass/volume] in Serum or Plasma by Electrophoresis			Alpha 1 globulin [Mass/volume] in Serum	Alpha-1 Globulin [Mass/volume] in Serum	Alpha 1 globulin [Mass/volume] in Serum or Plasma by Electrophoresis	medium		
s-alfa2	g/l	68	name+unit+values	1768	3005229	3005229		3005229	Alpha 2 globulin [Mass/volume] in Serum or Plasma by Electrophoresis		Alpha 2 globulin [Mass/volume] in Serum or Plasma by Electrophoresis	Alpha 2 globulin [Mass/volume] in Serum	Alpha-2 Globulin [Mass/volume] in Serum	Alpha 2 globulin [Mass/volume] in Serum or Plasma by Electrophoresis	high		high
s-alfa2		68	name	92		3005229			Alpha 2 globulin [Mass/volume] in Serum or Plasma by Electrophoresis			Alpha 2 globulin [Mass/volume] in Serum	Alpha-2 Globulin [Mass/volume] in Serum	Alpha 2 globulin [Mass/volume] in Serum or Plasma by Electrophoresis	medium		
s-allige	mg/l	68	name+unit	14				21492784			Miscellaneous allergen IgE Ab [Units/volume] in Serum	Allergen specific IgE Ab [Mass/volume] in Serum	Allergen specific IgE Ab [Units/volume] in Serum	Allergen IgE Ab [Units/volume] in Serum			low
s-allige	u/ml	68	name+unit+values	1753	3002670	21492784		21492784	Miscellaneous allergen IgE Ab [Units/volume] in Serum		Miscellaneous allergen IgE Ab [Units/volume] in Serum	Allergen specific IgE Ab [Units/volume] in Serum	Allergen specific IgE Ab [Units/volume] in Serum	Allergen IgE Ab [Units/volume] in Serum	medium		medium
s-allige		68	name	2748	3002670	21492784		21492784	Miscellaneous allergen IgE Ab [Units/volume] in Serum		Miscellaneous allergen IgE Ab [Units/volume] in Serum	Allergen specific IgE Ab [Units/volume] in Serum	Allergen specific IgE Ab [Units/volume] in Serum	Allergen IgE Ab [Units/volume] in Serum	medium		low
s-amyl	u/l	68	name+unit+values	10387	3016771	3016771		3016771	Amylase [Enzymatic activity/volume] in Serum or Plasma		Amylase [Enzymatic activity/volume] in Serum or Plasma	Amylase [Enzymatic activity/volume] in Serum	Amylase [Enzymatic activity/volume] in Serum	Amylase [Enzymatic activity/volume] in Serum or Plasma	high		high
s-amyl		68	name+values	129	3016771	3016771		3016771	Amylase [Enzymatic activity/volume] in Serum or Plasma		Amylase [Enzymatic activity/volume] in Serum or Plasma	Amylase [Enzymatic activity/volume] in Serum	Amylase [Enzymatic activity/volume] in Serum	Amylase [Enzymatic activity/volume] in Serum or Plasma	high		high
s-amyl-is	form	68	name+unit	15				3033598			Amylase isoenzymes [Interpretation] in Serum or Plasma	Amylase isoenzymes panel - Serum	Amylase isoenzymes panel - Serum	Amylase isoenzymes [Enzymatic activity/volume] in Serum by Electrophoresis			low
s-amyl-is		68	name	434	3009876			3033598			Amylase isoenzymes [Interpretation] in Serum or Plasma	Amylase isoenzymes panel - Serum	Amylase isoenzymes panel - Serum	Amylase isoenzymes [Enzymatic activity/volume] in Serum by Electrophoresis			low
s-amylp	u/l	68	name+unit+values	280	3016417	3016417		3016417	Amylase.pancreatic [Enzymatic activity/volume] in Serum or Plasma		Amylase.pancreatic [Enzymatic activity/volume] in Serum or Plasma	Amylase.pancreatic [Enzymatic activity/volume] in Serum	Amylase.pancreatic [Enzymatic activity/volume] in Serum	Amylase.pancreatic [Enzymatic activity/volume] in Serum or Plasma	high		high
s-amylp		68	name	66	3016417	3016417		3016417	Amylase.pancreatic [Enzymatic activity/volume] in Serum or Plasma		Amylase.pancreatic [Enzymatic activity/volume] in Serum or Plasma	Amylase.pancreatic [Enzymatic activity/volume] in Serum	Amylase.pancreatic [Enzymatic activity/volume] in Serum	Amylase.pancreatic [Enzymatic activity/volume] in Serum or Plasma	medium		low
s-amyls	u/l	68	name+unit+values	256	3005685	3005685		3005685	Amylase.salivary [Enzymatic activity/volume] in Serum or Plasma		Amylase.salivary [Enzymatic activity/volume] in Serum or Plasma	Amylase.salivary [Enzymatic activity/volume] in Serum	Amylase.salivary [Enzymatic activity/volume] in Serum	Amylase.salivary [Enzymatic activity/volume] in Serum or Plasma	high		high
s-amyls		68	name	61	3005685	3005685		3005685	Amylase.salivary [Enzymatic activity/volume] in Serum or Plasma		Amylase.salivary [Enzymatic activity/volume] in Serum or Plasma	Amylase.salivary [Enzymatic activity/volume] in Serum	Amylase.salivary [Enzymatic activity/volume] in Serum	Amylase.salivary [Enzymatic activity/volume] in Serum or Plasma	medium		low
s-dmklots	nmol/l	68	name+unit+values	15078	3008832	3008832		3008832	Norclozapine [Moles/volume] in Serum or Plasma		Norclozapine [Moles/volume] in Serum or Plasma	Desmethylclozapine [Moles/volume] in Serum or Plasma	Desmethylclozapine [Moles/volume] in Serum	Norclozapine [Moles/volume] in Serum or Plasma	high		high
s-dmklots	umol/l	68	name+unit+values	9051	3008832	3008832		3008832	Norclozapine [Moles/volume] in Serum or Plasma		Norclozapine [Moles/volume] in Serum or Plasma	Desmethylclozapine [Moles/volume] in Serum or Plasma	Desmethylclozapine [Moles/volume] in Serum	Norclozapine [Moles/volume] in Serum or Plasma	high		high
s-dmklots	âumol/l	68	name+unit	32				3008832			Norclozapine [Moles/volume] in Serum or Plasma	Desmethylclozapine [Moles/volume] in Serum or Plasma	Desmethylclozapine [Moles/volume] in Serum	Norclozapine [Moles/volume] in Serum or Plasma			medium
s-dmklots		68	name+values	1117	3008832	3008832		3008832	Norclozapine [Moles/volume] in Serum or Plasma		Norclozapine [Moles/volume] in Serum or Plasma	Desmethylclozapine [Moles/volume] in Serum or Plasma	Desmethylclozapine [Moles/volume] in Serum	Norclozapine [Moles/volume] in Serum or Plasma	high		medium
s-gliade	u/ml	68	name+unit	23				36031415			Gliadin IgE Ab [Units/volume] in Serum	Gliadin deamidated Ab [Units/volume] in Serum	Gliadin Ab [Units/volume] in Serum	Gliadin IgE Ab [Units/volume] in Serum			medium
s-gliade		68	name	84				36031415			Gliadin IgE Ab [Units/volume] in Serum	Gliadin deamidated Ab [Units/volume] in Serum	Gliadin Ab [Units/volume] in Serum	Gliadin IgE Ab [Units/volume] in Serum			low
s-gliadie	u/ml	68	name+unit+values	531				36031415			Gliadin IgE Ab [Units/volume] in Serum	Gliadin deamidated IgE Ab [Units/volume] in Serum	Gliadin Ab [Units/volume] in Serum	Gliadin IgE Ab [Units/volume] in Serum			high
s-gliadie		68	name+values	118				36031415			Gliadin IgE Ab [Units/volume] in Serum	Gliadin deamidated IgE Ab [Units/volume] in Serum	Gliadin Ab [Units/volume] in Serum	Gliadin IgE Ab [Units/volume] in Serum			medium
s-hladsa		68	name	847		647081						HLA donor specific Ab [Presence] in Serum	HLA Ab.donor specific [Presence] in Serum	HLA-DQ2 and DQ8 [Presence] in Blood by Molecular genetics method	medium		
s-kalatue		68	name	132				3026610			Fish IgE Ab [Units/volume] in Serum		Fish IgE Ab [Units/volume] in Serum	Fish IgE Ab [Units/volume] in Serum			low
s-kolaige	u/ml	68	name+unit	14		3014133			Dog dander IgE Ab [Units/volume] in Serum			Dog (Canis familiaris) dander IgE Ab [Units/volume] in Serum	Allergen specific IgE Ab [Units/volume] in Serum	Allergen IgE Ab [Units/volume] in Serum	high		
s-kolaige		68	name	181		3014133			Dog dander IgE Ab [Units/volume] in Serum			Dog (Canis familiaris) dander IgE Ab [Units/volume] in Serum	Allergen specific IgE Ab [Units/volume] in Serum	Allergen IgE Ab [Units/volume] in Serum	high		
s-kudosab		68	name	1042								Tissue Ab [Presence] in Serum	Tissue autoantibodies [Presence] in Serum	Tissue autoantibodies panel - Serum by Immunofluorescence			
s-ngmuut		68	name	16771										Allergen IgE Ab [Units/volume] in Serum			
s-oaldos	pmol/l	68	name+unit+values	200				3001788			Aldosterone [Moles/volume] in Serum or Plasma	Aldosterone [Moles/volume] in Serum	Aldosterone [Moles/volume] in Serum	Aldosterone [Moles/volume] in Serum or Plasma			low
s-olants	nmol/l	68	name+unit+values	4003	3040370	3040370		3040370	OLANZapine [Moles/volume] in Serum or Plasma		OLANZapine [Moles/volume] in Serum or Plasma	Olanzapine [Moles/volume] in Serum or Plasma	Olanzapine [Moles/volume] in Serum	Olanzapine [Moles/volume] in Serum or Plasma	high		high
s-olants		68	name+values	595	3040370	3040370		3040370	OLANZapine [Moles/volume] in Serum or Plasma		OLANZapine [Moles/volume] in Serum or Plasma	Olanzapine [Moles/volume] in Serum or Plasma	Olanzapine [Moles/volume] in Serum	Olanzapine [Moles/volume] in Serum or Plasma	high		high
s-ovalbue	u/ml	68	name+unit+values	86		3000998		3000998	Ovalbumin IgE Ab [Units/volume] in Serum		Ovalbumin IgE Ab [Units/volume] in Serum	Ovalbumin IgE Ab [Units/volume] in Serum	Egg white IgE Ab [Units/volume] in Serum	Ovalbumin IgE Ab [Units/volume] in Serum	high		high
s-ovalbue		68	name	16		3000998		3000998	Ovalbumin IgE Ab [Units/volume] in Serum		Ovalbumin IgE Ab [Units/volume] in Serum	Ovalbumin IgE Ab [Units/volume] in Serum	Egg white IgE Ab [Units/volume] in Serum	Ovalbumin IgE Ab [Units/volume] in Serum	high		medium
s-salis	mmol/l	68	name+unit	56	3017950	3017950		3017950	Salicylates [Moles/volume] in Serum or Plasma		Salicylates [Moles/volume] in Serum or Plasma	Salicylate [Moles/volume] in Serum or Plasma	Salicylate [Moles/volume] in Serum	Salicylates [Moles/volume] in Serum or Plasma	high		high
s-salis	umol/l	68	name+unit	87	3017950	3017950		3017950	Salicylates [Moles/volume] in Serum or Plasma		Salicylates [Moles/volume] in Serum or Plasma	Salicylate [Moles/volume] in Serum or Plasma	Salicylate [Moles/volume] in Serum	Salicylates [Moles/volume] in Serum or Plasma	high		high
s-salis		68	name	121	3017950	3017950		3017950	Salicylates [Moles/volume] in Serum or Plasma		Salicylates [Moles/volume] in Serum or Plasma	Salicylate [Moles/volume] in Serum or Plasma	Salicylate [Moles/volume] in Serum	Salicylates [Moles/volume] in Serum or Plasma	medium		low
s-scl-t		68	name	833		3000049		3014568	SCL-70 extractable nuclear Ab [Presence] in Serum by Immunoassay		SCL-70 extractable nuclear Ab [Presence] in Serum	Scl 70 Ab [Presence] in Serum	Scleroderma (Scl-70) Ab [Units/volume] in Serum	Scleroderma extractable nuclear Ab [Presence] in Serum	medium		low
s-sfit1	ng/l	68	name+unit+values	135		44816654		44816654	Soluble fms-like tyrosine kinase-1 [Mass/volume] in Serum		Soluble fms-like tyrosine kinase-1 [Mass/volume] in Serum	Soluble fms-like tyrosine kinase 1 [Mass/volume] in Serum or Plasma	Vascular endothelial growth factor receptor 1.soluble [Mass/volume] in Serum	Soluble fms-like tyrosine kinase 1 [Mass/volume] in Serum	high		high
s-sflt-1	ng/l	68	name+unit+values	318		44816654		44816654	Soluble fms-like tyrosine kinase-1 [Mass/volume] in Serum		Soluble fms-like tyrosine kinase-1 [Mass/volume] in Serum	Soluble fms-like tyrosine kinase 1 [Mass/volume] in Serum or Plasma	Vascular endothelial growth factor receptor 1.soluble [Mass/volume] in Serum	Soluble fms-like tyrosine kinase 1 [Mass/volume] in Serum	high		high
s-sldl	mmol/l	68	name+unit+values	2207	3001308	1617569		3001308	Cholesterol.in LDL.small dense [Moles/volume] in Serum or Plasma		Cholesterol in LDL [Moles/volume] in Serum or Plasma	LDL cholesterol.small dense [Moles/volume] in Serum	Cholesterol in Small dense LDL [Moles/volume] in Serum	Cholesterol in LDL [Moles/volume] in Serum or Plasma	high		medium
s-sldl		68	name	177	3001308	1617569		3001308	Cholesterol.in LDL.small dense [Moles/volume] in Serum or Plasma		Cholesterol in LDL [Moles/volume] in Serum or Plasma	LDL cholesterol.small dense [Moles/volume] in Serum	Cholesterol in Small dense LDL [Moles/volume] in Serum	Cholesterol in LDL [Moles/volume] in Serum or Plasma	medium		low
s-suoli	u/l	68	name+unit+values	115	3020013	3020013		3020013	Alkaline phosphatase.intestinal [Enzymatic activity/volume] in Serum or Plasma		Alkaline phosphatase.intestinal [Enzymatic activity/volume] in Serum or Plasma	Alkaline phosphatase.intestinal [Enzymatic activity/volume] in Serum	Alkaline phosphatase.intestinal [Enzymatic activity/volume] in Serum	Alkaline phosphatase.intestinal [Enzymatic activity/volume] in Serum or Plasma	high		medium
s-suoli		68	name	10		3020013		3020013	Alkaline phosphatase.intestinal [Enzymatic activity/volume] in Serum or Plasma		Alkaline phosphatase.intestinal [Enzymatic activity/volume] in Serum or Plasma	Alkaline phosphatase.intestinal [Enzymatic activity/volume] in Serum	Alkaline phosphatase.intestinal [Enzymatic activity/volume] in Serum	Alkaline phosphatase.intestinal [Enzymatic activity/volume] in Serum or Plasma	medium		low
s-suolist	u/l	68	name+unit+values	81		3020013		3020013	Alkaline phosphatase.intestinal [Enzymatic activity/volume] in Serum or Plasma		Alkaline phosphatase.intestinal [Enzymatic activity/volume] in Serum or Plasma	Alkaline phosphatase.intestinal [Enzymatic activity/volume] in Serum	Alkaline phosphatase.intestinal [Enzymatic activity/volume] in Serum	Alkaline phosphatase.intestinal [Enzymatic activity/volume] in Serum or Plasma	high		medium
s-suolist		68	name	63		3020013		3020013	Alkaline phosphatase.intestinal [Enzymatic activity/volume] in Serum or Plasma		Alkaline phosphatase.intestinal [Enzymatic activity/volume] in Serum or Plasma	Alkaline phosphatase.intestinal [Enzymatic activity/volume] in Serum	Alkaline phosphatase.intestinal [Enzymatic activity/volume] in Serum	Alkaline phosphatase.intestinal [Enzymatic activity/volume] in Serum or Plasma	medium		low
s-valdos	pmol/l	68	name+unit+values	157	3001788			3001788			Aldosterone [Moles/volume] in Serum or Plasma	Aldosterone [Moles/volume] in Serum	Aldosterone [Moles/volume] in Serum	Aldosterone [Moles/volume] in Serum or Plasma			low
s-vedol	mg/l	68	name+unit+values	1566	36305075	36305075		36305075	Vedolizumab [Mass/volume] in Serum or Plasma by Immunoassay		Vedolizumab [Mass/volume] in Serum or Plasma by Immunoassay	Vedolizumab [Mass/volume] in Serum or Plasma	Vedolizumab [Mass/volume] in Serum	Vedolizumab [Mass/volume] in Serum or Plasma	high		medium
s-vedol		68	name+values	221	36305075	36305075		36305075	Vedolizumab [Mass/volume] in Serum or Plasma by Immunoassay		Vedolizumab [Mass/volume] in Serum or Plasma by Immunoassay	Vedolizumab [Mass/volume] in Serum or Plasma	Vedolizumab [Mass/volume] in Serum	Vedolizumab [Mass/volume] in Serum or Plasma	high		low
saline		68	name+values	946				3046011			Blood group antibody screen [Presence] in Serum or Plasma by Saline method			Saline control [Presence] in Serum by Agglutination			low
se-amyl	u/l	68	name+unit+values	1679	3021162	3012133		3012133	Amylase [Enzymatic activity/volume] in Body fluid		Amylase [Enzymatic activity/volume] in Body fluid	Amylase [Enzymatic activity/volume] in Secretion	Amylase [Enzymatic activity/volume] in Body fluid	Amylase [Enzymatic activity/volume] in Body fluid	medium		medium
se-amyl		68	name	248	3021162			3012133			Amylase [Enzymatic activity/volume] in Body fluid	Amylase [Enzymatic activity/volume] in Secretion	Amylase [Enzymatic activity/volume] in Body fluid	Amylase [Enzymatic activity/volume] in Body fluid			low
sp-suld		68	name	262				3012282			Liquefaction [Time] in Semen		Sperm count in Semen	Liquefaction of Semen			low
u-amyl	u/l	68	name+unit+values	2762	3017315	3017315		3017315	Amylase [Enzymatic activity/volume] in Urine		Amylase [Enzymatic activity/volume] in Urine	Amylase [Enzymatic activity/volume] in Urine	Amylase [Enzymatic activity/volume] in Urine	Amylase [Enzymatic activity/volume] in Urine	high		high
u-amyl		68	name+values	192	3017315	3017315		3017315	Amylase [Enzymatic activity/volume] in Urine		Amylase [Enzymatic activity/volume] in Urine	Amylase [Enzymatic activity/volume] in Urine	Amylase [Enzymatic activity/volume] in Urine	Amylase [Enzymatic activity/volume] in Urine	high		high
u-amylp	u/l	68	name+unit+values	106	3019396	3019396		3019396	Amylase.pancreatic [Enzymatic activity/volume] in Urine		Amylase.pancreatic [Enzymatic activity/volume] in Urine	Amylase.pancreatic [Enzymatic activity/volume] in Urine	Amylase.pancreatic [Enzymatic activity/volume] in Urine	Amylase.pancreatic [Enzymatic activity/volume] in Urine	high		high
u-amylp		68	name	15	3019396	3019396		3019396	Amylase.pancreatic [Enzymatic activity/volume] in Urine		Amylase.pancreatic [Enzymatic activity/volume] in Urine	Amylase.pancreatic [Enzymatic activity/volume] in Urine	Amylase.pancreatic [Enzymatic activity/volume] in Urine	Amylase.pancreatic [Enzymatic activity/volume] in Urine	medium		medium
-calpro	mg/l	70	name+unit+values	368		42529010		3965143	Calprotectin [Mass/volume] in Stool		Calprotectin [Mass/volume] in Serum or Plasma	Calprotectin [Mass/volume] in Body fluid	Calprotectin [Mass/volume] in Serum or Plasma	Calprotectin [Mass/volume] in Serum or Plasma	medium		low
-calpro	ug/g	70	name+unit	37		3048689		3048689	Calprotectin [Mass/mass] in Stool		Calprotectin [Mass/mass] in Stool	Calprotectin [Mass/mass] in Stool	Calprotectin [Mass/mass] in Stool	Calprotectin [Mass/mass] in Stool	high		medium
-calpro		70	name	23								Calprotectin [Mass/mass] in Stool	Calprotectin [Mass/volume] in Serum or Plasma	Calprotectin [Mass/mass] in Stool			
4184sk-padihot		70	name	107		3011173		40768443	Microscopic observation [Identifier] in Tissue by Hematoxylin and eosin stain		Skin Pathology biopsy report	Microscopic observation [Identifier] in Skin by Histology	Skin biopsy pathology study (histology)	Histopathology study of Skin	medium		medium
b-karyot		70	name	686		3025939		3025939	Karyotype [Identifier] in Blood or Tissue Nominal		Karyotype [Identifier] in Blood or Tissue Nominal	Karyotype [Identifier] in Blood	Karyotype (chromosome analysis) in Blood	Karyotype [Identifier] in Blood	high		medium
b-malarv		70	name	127		3004446		3004446	Plasmodium sp identified in Blood by Light microscopy		Plasmodium sp identified in Blood by Light microscopy	Plasmodium sp identified in Blood by Light microscopy	Plasmodium species identified in Blood by Light microscopy	Plasmodium sp identified in Blood by Light microscopy	high		medium
b-nakkrea		70	name	424									Creatinine [Moles/volume] in Cord Blood	Sodium, potassium and creatinine panel - Serum or Plasma			
b-pakk-e		70	name	249													
b-vara		70	name	254													
b-varaspr		70	name	331													
b.parapert		70	name	619								Bordetella parapertussis [Presence] in Blood	Bordetella parapertussis antibody [Titer] in Serum	Bordetella parapertussis [Presence] in Specimen			
du-parprot		70	name	369		3044927			Protein electrophoresis panel - Urine			Paraprotein [Presence] in 24 hour Urine	Protein.monoclonal [Mass/volume] in 24 hour Urine by Electrophoresis	Monoclonal protein in 24 hour Urine by Electrophoresis	medium		
f-calpro	ug/g	70	name+unit+values	144892	3048689	3048689		3048689	Calprotectin [Mass/mass] in Stool		Calprotectin [Mass/mass] in Stool	Calprotectin [Mass/mass] in Stool	Calprotectin [Mass/mass] in Stool	Calprotectin [Mass/mass] in Stool	high		high
f-calpro		70	name+values	17874	3048689	3048689		3048689	Calprotectin [Mass/mass] in Stool		Calprotectin [Mass/mass] in Stool	Calprotectin [Mass/mass] in Stool	Calprotectin [Mass/mass] in Stool	Calprotectin [Mass/mass] in Stool	high		medium
f-calpro2	ug/g	70	name+unit+values	395	3048689	3048689		3048689	Calprotectin [Mass/mass] in Stool		Calprotectin [Mass/mass] in Stool	Calprotectin [Mass/mass] in Stool	Calprotectin [Mass/mass] in Stool	Calprotectin [Mass/mass] in Stool	high		high
f-calpro2		70	name	97				3048689			Calprotectin [Mass/mass] in Stool	Calprotectin [Mass/mass] in Stool	Calprotectin [Mass/mass] in Stool	Calprotectin [Mass/mass] in Stool			low
fs-bkarot	nmol/l	70	name+unit	18				3011592			Carotene [Moles/volume] in Serum or Plasma	Beta carotene [Moles/volume] in Serum or Plasma	Beta carotene [Moles/volume] in Serum	Beta carotene [Moles/volume] in Serum or Plasma			medium
fs-bkarot	umol/l	70	name+unit+values	318				3011592			Carotene [Moles/volume] in Serum or Plasma	Beta carotene [Moles/volume] in Serum or Plasma	Beta carotene [Moles/volume] in Serum	Beta carotene [Moles/volume] in Serum or Plasma			medium
fs-sappih	umol/l	70	name+unit+values	5416	3034274	3034274		3028110	Bile acid [Moles/volume] in Serum --fasting		Bile acid [Moles/volume] in Serum or Plasma	Bile acids.total [Moles/volume] in Serum or Plasma	Bile acids [Moles/volume] in Serum	Bile acids [Moles/volume] in Serum or Plasma	high		medium
fs-sappih		70	name+values	686	3034274	3034274		3028110	Bile acid [Moles/volume] in Serum --fasting		Bile acid [Moles/volume] in Serum or Plasma	Bile acids.total [Moles/volume] in Serum or Plasma	Bile acids [Moles/volume] in Serum	Bile acids [Moles/volume] in Serum or Plasma	high		medium
fs-sappihapot	umol/l	70	name+unit+values	198		3034274		3028110	Bile acid [Moles/volume] in Serum --fasting		Bile acid [Moles/volume] in Serum or Plasma	Bile acids.total [Moles/volume] in Serum or Plasma	Bile acids [Moles/volume] in Serum	Bile acids [Moles/volume] in Serum or Plasma	high		medium
fs-sappihapot		70	name	30				3028110			Bile acid [Moles/volume] in Serum or Plasma	Bile acids.total [Moles/volume] in Serum or Plasma	Bile acids [Moles/volume] in Serum	Bile acids [Moles/volume] in Serum or Plasma			low
li-kardab	titre	70	name+unit	7		3044788		3006157	Reagin Ab [Titer] in Cerebral spinal fluid		Reagin Ab [Titer] in Cerebral spinal fluid by VDRL	Cardiolipin Ab [Titer] in Cerebral spinal fluid	Cardiolipin Ab [Titer] in Cerebrospinal fluid	Reagin Ab [Titer] in Cerebral spinal fluid by VDRL	high		high
li-kardab		70	name	204		3044788		3002446	Reagin Ab [Titer] in Cerebral spinal fluid		Reagin Ab [Presence] in Cerebral spinal fluid by VDRL	Cardiolipin Ab [Titer] in Cerebral spinal fluid	Cardiolipin Ab [Titer] in Cerebrospinal fluid	Reagin Ab [Presence] in Cerebral spinal fluid by VDRL	high		medium
li-varlikv		70	name	111													
p-kardabg	gpl	70	name+unit+values	1101		3035544		3035544	Cardiolipin IgG Ab [Units/volume] in Serum or Plasma		Cardiolipin IgG Ab [Units/volume] in Serum or Plasma	Cardiolipin IgG Ab [Units/volume] in Serum or Plasma	Cardiolipin IgG antibody [Units/volume] in Serum or Plasma	Cardiolipin IgG Ab [Units/volume] in Serum or Plasma	high		high
p-kardabg	u/ml	70	name+unit+values	4443	3009041	3035544		3035544	Cardiolipin IgG Ab [Units/volume] in Serum or Plasma		Cardiolipin IgG Ab [Units/volume] in Serum or Plasma	Cardiolipin IgG Ab [Units/volume] in Serum or Plasma	Cardiolipin IgG antibody [Units/volume] in Serum or Plasma	Cardiolipin IgG Ab [Units/volume] in Serum or Plasma	high		high
p-kardabg		70	name+values	4985	3009041	3035544		3035544	Cardiolipin IgG Ab [Units/volume] in Serum or Plasma		Cardiolipin IgG Ab [Units/volume] in Serum or Plasma	Cardiolipin IgG Ab [Units/volume] in Serum or Plasma	Cardiolipin IgG antibody [Units/volume] in Serum or Plasma	Cardiolipin IgG Ab [Units/volume] in Serum or Plasma	high		medium
p-kardabm	mpl	70	name+unit+values	1111		3015813		3037492	Cardiolipin IgM Ab [Units/volume] in Serum by Immunoassay		Cardiolipin IgM Ab [Units/volume] in Serum or Plasma	Cardiolipin IgM Ab [Units/volume] in Serum or Plasma	Cardiolipin IgM antibody [Units/volume] in Serum or Plasma	Cardiolipin IgM Ab [Units/volume] in Serum or Plasma	high		high
p-kardabm	u/ml	70	name+unit	11		3015813		3037492	Cardiolipin IgM Ab [Units/volume] in Serum by Immunoassay		Cardiolipin IgM Ab [Units/volume] in Serum or Plasma	Cardiolipin IgM Ab [Units/volume] in Serum or Plasma	Cardiolipin IgM antibody [Units/volume] in Serum or Plasma	Cardiolipin IgM Ab [Units/volume] in Serum or Plasma	high		high
p-kardabm		70	name+values	724	44806071	3015813		3037492	Cardiolipin IgM Ab [Units/volume] in Serum by Immunoassay		Cardiolipin IgM Ab [Units/volume] in Serum or Plasma	Cardiolipin IgM Ab [Units/volume] in Serum or Plasma	Cardiolipin IgM antibody [Units/volume] in Serum or Plasma	Cardiolipin IgM Ab [Units/volume] in Serum or Plasma	high		medium
p-pakk-si		70	name	260													
p-varainr		70	name	8332				3022217			INR in Platelet poor plasma by Coagulation assay			INR in Platelet poor plasma by Coagulation assay			medium
p-varmtr	s	70	name+unit+values	1488				3037666			Prothrombin time (PT) in Platelet poor plasma by Coagulation 1:1 saline	Coagulation time [Time] in Platelet poor plasma	Thrombin time in Platelet poor Plasma	Prothrombin time (PT) in Platelet poor plasma by Coagulation assay			medium
p-varmtr		70	name	111								Coagulation time [Time] in Platelet poor plasma	Thrombin time in Platelet poor Plasma	Prothrombin time (PT) in Platelet poor plasma by Coagulation assay			
p-varmtt	%	70	name+unit+values	1494		42870499		3005353	Thrombin time actual/Normal		Prothrombin activity actual/normal in Platelet poor plasma by Coagulation assay	Thrombin time [Ratio] in Platelet poor plasma	Prothrombin time (Owren) [Activity/volume] in Platelet poor Plasma	Prothrombin time (PT) actual/normal in Platelet poor plasma by Coagulation assay	medium		low
p-varmtt		70	name	105								Thrombin time [Ratio] in Platelet poor plasma	Prothrombin time (Owren) [Activity/volume] in Platelet poor Plasma	Prothrombin time (PT) actual/normal in Platelet poor plasma by Coagulation assay			
s-afmakro	u/l	70	name+unit+values	2842	3045684							Macroalkaline phosphatase [Enzymatic activity/volume] in Serum or Plasma	Alkaline phosphatase.macro form [Enzymatic activity/volume] in Serum	Alkaline phosphatase.macro [Enzymatic activity/volume] in Serum or Plasma			
s-afmakro		70	name+values	523	3045684							Macroalkaline phosphatase [Enzymatic activity/volume] in Serum or Plasma	Alkaline phosphatase.macro form [Enzymatic activity/volume] in Serum	Alkaline phosphatase.macro [Enzymatic activity/volume] in Serum or Plasma			
s-afmaks1	u/l	70	name+unit+values	199	3035062	3035062		3035062	Alkaline phosphatase.liver 1 [Enzymatic activity/volume] in Serum or Plasma		Alkaline phosphatase.liver 1 [Enzymatic activity/volume] in Serum or Plasma	Alkaline phosphatase.liver isoenzyme [Enzymatic activity/volume] in Serum or Plasma	Alkaline phosphatase.liver [Enzymatic activity/volume] in Serum	Alkaline phosphatase.liver [Enzymatic activity/volume] in Serum or Plasma	high		medium
s-afmaks1		70	name	13				3035062			Alkaline phosphatase.liver 1 [Enzymatic activity/volume] in Serum or Plasma	Alkaline phosphatase.liver isoenzyme [Enzymatic activity/volume] in Serum or Plasma	Alkaline phosphatase.liver [Enzymatic activity/volume] in Serum	Alkaline phosphatase.liver [Enzymatic activity/volume] in Serum or Plasma			low
s-afmaks2	u/l	70	name+unit+values	205	3036185	3036185		3036185	Alkaline phosphatase.liver 2 [Enzymatic activity/volume] in Serum or Plasma		Alkaline phosphatase.liver 2 [Enzymatic activity/volume] in Serum or Plasma	Alkaline phosphatase isoenzyme [Enzymatic activity/volume] in Serum or Plasma	Alkaline phosphatase.bone [Enzymatic activity/volume] in Serum	Alkaline phosphatase.liver [Enzymatic activity/volume] in Serum or Plasma	high		medium
s-afmaks2		70	name	7				3036185			Alkaline phosphatase.liver 2 [Enzymatic activity/volume] in Serum or Plasma	Alkaline phosphatase isoenzyme [Enzymatic activity/volume] in Serum or Plasma	Alkaline phosphatase.bone [Enzymatic activity/volume] in Serum	Alkaline phosphatase.liver [Enzymatic activity/volume] in Serum or Plasma			low
s-afmaksa	%	70	name+unit+values	94	3036955	3036955		3036955	Alkaline phosphatase.liver/Alkaline phosphatase.total in Serum or Plasma		Alkaline phosphatase.liver/Alkaline phosphatase.total in Serum or Plasma	Alkaline phosphatase.liver/Alkaline phosphatase.total [Enzymatic activity Ratio] in Serum or Plasma	Alkaline phosphatase.liver/Alkaline phosphatase.total in Serum	Alkaline phosphatase.liver/Alkaline phosphatase.total in Serum or Plasma	high		medium
s-afmaksa	u/l	70	name+unit+values	2958	3035400	3035400		3035400	Alkaline phosphatase.liver [Enzymatic activity/volume] in Serum or Plasma		Alkaline phosphatase.liver [Enzymatic activity/volume] in Serum or Plasma	Alkaline phosphatase.liver isoenzyme [Enzymatic activity/volume] in Serum or Plasma	Alkaline phosphatase.liver [Enzymatic activity/volume] in Serum	Alkaline phosphatase.liver [Enzymatic activity/volume] in Serum or Plasma	high		medium
s-afmaksa		70	name+values	489	3035400	3035400		3035400	Alkaline phosphatase.liver [Enzymatic activity/volume] in Serum or Plasma		Alkaline phosphatase.liver [Enzymatic activity/volume] in Serum or Plasma	Alkaline phosphatase.liver isoenzyme [Enzymatic activity/volume] in Serum or Plasma	Alkaline phosphatase.liver [Enzymatic activity/volume] in Serum	Alkaline phosphatase.liver [Enzymatic activity/volume] in Serum or Plasma	high		medium
s-caspähe	u/ml	70	name+unit+values	895	3011897	3007015		3007015	Cashew nut IgE Ab [Units/volume] in Serum		Cashew nut IgE Ab [Units/volume] in Serum	Cashew nut IgE Ab [Units/volume] in Serum	Cashew nut IgE Ab [Units/volume] in Serum	Cashew nut IgE Ab [Units/volume] in Serum	high		high
s-caspähe		70	name	106				3007015			Cashew nut IgE Ab [Units/volume] in Serum	Cashew nut IgE Ab [Units/volume] in Serum	Cashew nut IgE Ab [Units/volume] in Serum	Cashew nut IgE Ab [Units/volume] in Serum			medium
s-haspähe	u/ml	70	name+unit	683	3012932	3012932		3012932	Hazelnut IgE Ab [Units/volume] in Serum		Hazelnut IgE Ab [Units/volume] in Serum	Hazelnut (f17) IgE Ab [Units/volume] in Serum	Hazelnut IgE Ab [Units/volume] in Serum	Hazelnut IgE Ab [Units/volume] in Serum	high		high
s-haspähe		70	name	162	3012932			3012932			Hazelnut IgE Ab [Units/volume] in Serum	Hazelnut (f17) IgE Ab [Units/volume] in Serum	Hazelnut IgE Ab [Units/volume] in Serum	Hazelnut IgE Ab [Units/volume] in Serum			medium
s-hasspäe	u/ml	70	name+unit+values	476		3012932		3012932	Hazelnut IgE Ab [Units/volume] in Serum		Hazelnut IgE Ab [Units/volume] in Serum	Hazelnut IgE Ab [Units/volume] in Serum	Hazelnut IgE Ab [Units/volume] in Serum	Hazelnut IgE Ab [Units/volume] in Serum	high		high
s-hasspäe		70	name	72				3012932			Hazelnut IgE Ab [Units/volume] in Serum	Hazelnut IgE Ab [Units/volume] in Serum	Hazelnut IgE Ab [Units/volume] in Serum	Hazelnut IgE Ab [Units/volume] in Serum			medium
s-karba	umol/l	70	name+unit+values	3476	3018980	3018980		3018980	carBAMazepine [Moles/volume] in Serum or Plasma		carBAMazepine [Moles/volume] in Serum or Plasma	Carbamazepine [Moles/volume] in Serum or Plasma	Carbamazepine [Moles/volume] in Serum	Carbamazepine [Moles/volume] in Serum or Plasma	high		high
s-karba		70	name+values	1101	3018980	3018980		3018980	carBAMazepine [Moles/volume] in Serum or Plasma		carBAMazepine [Moles/volume] in Serum or Plasma	Carbamazepine [Moles/volume] in Serum or Plasma	Carbamazepine [Moles/volume] in Serum	Carbamazepine [Moles/volume] in Serum or Plasma	high		high
s-karbae	umol/l	70	name+unit	88		3014435		3014435	Carbamazepine 10,11-Epoxide [Moles/volume] in Serum or Plasma		Carbamazepine 10,11-Epoxide [Moles/volume] in Serum or Plasma	Carbamazepine 10,11-epoxide [Moles/volume] in Serum or Plasma	Carbamazepine-10,11-epoxide [Moles/volume] in Serum	Carbamazepine-10,11-epoxide [Moles/volume] in Serum or Plasma	high		high
s-karbae		70	name	21				3014435			Carbamazepine 10,11-Epoxide [Moles/volume] in Serum or Plasma	Carbamazepine 10,11-epoxide [Moles/volume] in Serum or Plasma	Carbamazepine-10,11-epoxide [Moles/volume] in Serum	Carbamazepine-10,11-epoxide [Moles/volume] in Serum or Plasma			medium
s-kardab	titre	70	name+unit+values	1640	3029634			3029634			Reagin Ab [Titer] in Serum by VDRL	Cardiolipin Ab [Titer] in Serum or Plasma	Cardiolipin antibody [Titer] in Serum	Cardiolipin Ab [Titer] in Serum			medium
s-kardab		70	name	14614	3029634			3019428			Reagin Ab [Presence] in Serum by VDRL	Cardiolipin Ab [Titer] in Serum or Plasma	Cardiolipin antibody [Titer] in Serum	Cardiolipin Ab [Units/volume] in Serum			low
s-kardabg	gpl	70	name+unit+values	222		3035544		3035544	Cardiolipin IgG Ab [Units/volume] in Serum or Plasma		Cardiolipin IgG Ab [Units/volume] in Serum or Plasma	Cardiolipin IgG Ab [Units/volume] in Serum or Plasma	Cardiolipin IgG antibody [Units/volume] in Serum	Cardiolipin IgG Ab [Units/volume] in Serum	high		medium
s-kardabg	u/ml	70	name+unit+values	83	3035544	3035544		3035544	Cardiolipin IgG Ab [Units/volume] in Serum or Plasma		Cardiolipin IgG Ab [Units/volume] in Serum or Plasma	Cardiolipin IgG Ab [Units/volume] in Serum or Plasma	Cardiolipin IgG antibody [Units/volume] in Serum	Cardiolipin IgG Ab [Units/volume] in Serum	high		medium
s-kardabg		70	name+values	1591	3035544	3035544		3035544	Cardiolipin IgG Ab [Units/volume] in Serum or Plasma		Cardiolipin IgG Ab [Units/volume] in Serum or Plasma	Cardiolipin IgG Ab [Units/volume] in Serum or Plasma	Cardiolipin IgG antibody [Units/volume] in Serum	Cardiolipin IgG Ab [Units/volume] in Serum	high		medium
s-kardabm	mpl	70	name+unit+values	359		3015813		3037492	Cardiolipin IgM Ab [Units/volume] in Serum by Immunoassay		Cardiolipin IgM Ab [Units/volume] in Serum or Plasma	Cardiolipin IgM Ab [Units/volume] in Serum or Plasma	Cardiolipin IgM antibody [Units/volume] in Serum	Cardiolipin IgM Ab [Units/volume] in Serum	high		medium
s-kardabm		70	name	1672	3006441			3037492			Cardiolipin IgM Ab [Units/volume] in Serum or Plasma	Cardiolipin IgM Ab [Units/volume] in Serum or Plasma	Cardiolipin IgM antibody [Units/volume] in Serum	Cardiolipin IgM Ab [Units/volume] in Serum			medium
s-karni	umol/l	70	name+unit+values	328	3033882	3033882		3033882	Carnitine [Moles/volume] in Serum or Plasma		Carnitine [Moles/volume] in Serum or Plasma	Carnitine [Moles/volume] in Serum or Plasma	Carnitine [Moles/volume] in Serum	Carnitine [Moles/volume] in Serum or Plasma	high		high
s-karni		70	name	16	3033882			3033882			Carnitine [Moles/volume] in Serum or Plasma	Carnitine [Moles/volume] in Serum or Plasma	Carnitine [Moles/volume] in Serum	Carnitine [Moles/volume] in Serum or Plasma			medium
s-karni-v	umol/l	70	name+unit+values	342	3000722	3000722		3000722	Carnitine free (C0) [Moles/volume] in Serum or Plasma		Carnitine free (C0) [Moles/volume] in Serum or Plasma	Carnitine.free [Moles/volume] in Serum or Plasma	Carnitine.free [Moles/volume] in Serum	Carnitine.free [Moles/volume] in Serum or Plasma	high		high
s-karni-v		70	name	7	3000722			3000722			Carnitine free (C0) [Moles/volume] in Serum or Plasma	Carnitine.free [Moles/volume] in Serum or Plasma	Carnitine.free [Moles/volume] in Serum	Carnitine.free [Moles/volume] in Serum or Plasma			medium
s-koopähe	u/ml	70	name+unit+values	83		3005398		3005398	Coconut IgE Ab [Units/volume] in Serum		Coconut IgE Ab [Units/volume] in Serum	Coconut (f36) IgE Ab [Units/volume] in Serum	Coconut IgE Ab [Units/volume] in Serum	Coconut IgE Ab [Units/volume] in Serum	high		high
s-koopähe		70	name	65				3005398			Coconut IgE Ab [Units/volume] in Serum	Coconut (f36) IgE Ab [Units/volume] in Serum	Coconut IgE Ab [Units/volume] in Serum	Coconut IgE Ab [Units/volume] in Serum			medium
s-leppäe	u/ml	70	name+unit+values	196	3014591	3028136		3028136	Grey Alder IgE Ab [Units/volume] in Serum		Grey Alder IgE Ab [Units/volume] in Serum	Alder (t2) IgE Ab [Units/volume] in Serum	Alder pollen IgE Ab [Units/volume] in Serum	Alder IgE Ab [Units/volume] in Serum	high		medium
s-leppäe		70	name	167				3028136			Grey Alder IgE Ab [Units/volume] in Serum	Alder (t2) IgE Ab [Units/volume] in Serum	Alder pollen IgE Ab [Units/volume] in Serum	Alder IgE Ab [Units/volume] in Serum			medium
s-maapähe	u/ml	70	name+unit+values	1974	3012494	3012494		3012494	Peanut IgE Ab [Units/volume] in Serum		Peanut IgE Ab [Units/volume] in Serum	Peanut (f13) IgE Ab [Units/volume] in Serum	Peanut IgE Ab [Units/volume] in Serum	Peanut IgE Ab [Units/volume] in Serum	high		high
s-maapähe		70	name+values	2541	3012494	3012494		3012494	Peanut IgE Ab [Units/volume] in Serum		Peanut IgE Ab [Units/volume] in Serum	Peanut (f13) IgE Ab [Units/volume] in Serum	Peanut IgE Ab [Units/volume] in Serum	Peanut IgE Ab [Units/volume] in Serum	high		high
s-maksa		70	name	108		3013094		3013094	Hepatic function 2000 panel - Serum or Plasma		Hepatic function 2000 panel - Serum or Plasma	Liver function panel - Serum or Plasma	Hepatic function panel - Serum	Hepatic function 2000 panel - Serum or Plasma	high		low
s-maksa-1	u/l	70	name+unit+values	115	3035062	3006923		3035062	Alanine aminotransferase [Enzymatic activity/volume] in Serum or Plasma		Alkaline phosphatase.liver 1 [Enzymatic activity/volume] in Serum or Plasma	Alanine aminotransferase [Enzymatic activity/volume] in Serum or Plasma	Alanine aminotransferase [Enzymatic activity/volume] in Serum	Alkaline phosphatase.liver [Enzymatic activity/volume] in Serum or Plasma	medium		low
s-maksa-1		70	name	6				3035062			Alkaline phosphatase.liver 1 [Enzymatic activity/volume] in Serum or Plasma	Alanine aminotransferase [Enzymatic activity/volume] in Serum or Plasma	Alanine aminotransferase [Enzymatic activity/volume] in Serum	Alkaline phosphatase.liver [Enzymatic activity/volume] in Serum or Plasma			low
s-maksa-2	u/l	70	name+unit+values	110	3036185	3013721		3036185	Aspartate aminotransferase [Enzymatic activity/volume] in Serum or Plasma		Alkaline phosphatase.liver 2 [Enzymatic activity/volume] in Serum or Plasma	Aspartate aminotransferase [Enzymatic activity/volume] in Serum or Plasma	Aspartate aminotransferase [Enzymatic activity/volume] in Serum	Alkaline phosphatase.liver [Enzymatic activity/volume] in Serum or Plasma	medium		low
s-maksa-2		70	name	12	3036185			3036185			Alkaline phosphatase.liver 2 [Enzymatic activity/volume] in Serum or Plasma	Aspartate aminotransferase [Enzymatic activity/volume] in Serum or Plasma	Aspartate aminotransferase [Enzymatic activity/volume] in Serum	Alkaline phosphatase.liver [Enzymatic activity/volume] in Serum or Plasma			low
s-maksa1	u/l	70	name+unit+values	134	3035062	3006923		3035062	Alanine aminotransferase [Enzymatic activity/volume] in Serum or Plasma		Alkaline phosphatase.liver 1 [Enzymatic activity/volume] in Serum or Plasma	Alanine aminotransferase [Enzymatic activity/volume] in Serum or Plasma	Alanine aminotransferase [Enzymatic activity/volume] in Serum	Alkaline phosphatase.liver [Enzymatic activity/volume] in Serum or Plasma	medium		low
s-maksa1		70	name	9	3035062			3035062			Alkaline phosphatase.liver 1 [Enzymatic activity/volume] in Serum or Plasma	Alanine aminotransferase [Enzymatic activity/volume] in Serum or Plasma	Alanine aminotransferase [Enzymatic activity/volume] in Serum	Alkaline phosphatase.liver [Enzymatic activity/volume] in Serum or Plasma			low
s-maksa2	u/l	70	name+unit+values	132	3036185	3013721		3036185	Aspartate aminotransferase [Enzymatic activity/volume] in Serum or Plasma		Alkaline phosphatase.liver 2 [Enzymatic activity/volume] in Serum or Plasma	Aspartate aminotransferase [Enzymatic activity/volume] in Serum or Plasma	Aspartate aminotransferase [Enzymatic activity/volume] in Serum	Alkaline phosphatase.liver [Enzymatic activity/volume] in Serum or Plasma	medium		low
s-maksa2		70	name	11	3036185			3036185			Alkaline phosphatase.liver 2 [Enzymatic activity/volume] in Serum or Plasma	Aspartate aminotransferase [Enzymatic activity/volume] in Serum or Plasma	Aspartate aminotransferase [Enzymatic activity/volume] in Serum	Alkaline phosphatase.liver [Enzymatic activity/volume] in Serum or Plasma			low
s-maksaab		70	name	1108		36659620			Liver diseases autoimmune Ab panel - Serum or Plasma			Liver autoantibody panel - Serum	Liver autoantibody [Titer] in Serum	Liver Ab [Presence] in Serum	high		
s-maksap		70	name	147		3013094		3013094	Hepatic function 2000 panel - Serum or Plasma		Hepatic function 2000 panel - Serum or Plasma	Liver function panel - Serum or Plasma	Hepatic function panel - Serum	Hepatic function 2000 panel - Serum or Plasma	high		low
s-makspak		70	name	778		3013094		3013094	Hepatic function 2000 panel - Serum or Plasma		Hepatic function 2000 panel - Serum or Plasma	Liver function panel - Serum or Plasma	Hepatic function panel - Serum	Hepatic function 2000 panel - Serum or Plasma	high		low
s-ohkarba	umol/l	70	name+unit+values	4080	3048469	3048469		3048469	10-Hydroxycarbazepine [Moles/volume] in Serum or Plasma		10-Hydroxycarbazepine [Moles/volume] in Serum or Plasma	Oxcarbazepine 10-hydroxy metabolite [Moles/volume] in Serum or Plasma	10-Hydroxycarbazepine [Moles/volume] in Serum	10-Hydroxycarbazepine [Moles/volume] in Serum or Plasma	high		high
s-ohkarba		70	name+values	797	3048469	3048469		3048469	10-Hydroxycarbazepine [Moles/volume] in Serum or Plasma		10-Hydroxycarbazepine [Moles/volume] in Serum or Plasma	Oxcarbazepine 10-hydroxy metabolite [Moles/volume] in Serum or Plasma	10-Hydroxycarbazepine [Moles/volume] in Serum	10-Hydroxycarbazepine [Moles/volume] in Serum or Plasma	high		high
s-okarba	umol/l	70	name+unit+values	163		3027159		3027159	OXcarbazepine [Moles/volume] in Serum or Plasma		OXcarbazepine [Moles/volume] in Serum or Plasma	Oxcarbazepine [Moles/volume] in Serum or Plasma	Oxcarbazepine [Moles/volume] in Serum	Oxcarbazepine [Moles/volume] in Serum or Plasma	high		high
s-okarba		70	name	168				3027159			OXcarbazepine [Moles/volume] in Serum or Plasma	Oxcarbazepine [Moles/volume] in Serum or Plasma	Oxcarbazepine [Moles/volume] in Serum	Oxcarbazepine [Moles/volume] in Serum or Plasma			medium
s-ovarab	titre	70	name+unit	22		3044866		3044866	Ovary Ab [Titer] in Serum		Ovary Ab [Titer] in Serum	Ovary Ab [Titer] in Serum	Ovary antibody [Titer] in Serum	Ovary Ab [Titer] in Serum	high		high
s-ovarab		70	name	250		3044866		3018359	Ovary Ab [Titer] in Serum		Ovary Ab [Presence] in Serum	Ovary Ab [Titer] in Serum	Ovary antibody [Titer] in Serum	Ovary Ab [Presence] in Serum	medium		low
s-pakast5		70	name	880													
s-pakast7		70	name	106													
s-pakaste		70	name	345													
s-pakkas		70	name	1423													
s-pakkase		70	name	262													
s-pakkask		70	name	1061													
s-pakkasl		70	name	919													
s-pakkasn		70	name	563													
s-pakkasv		70	name	357													
s-papp-a	mu/l	70	name+unit+values	533		3021584		3021584	Pregnancy associated plasma protein A [Units/volume] in Serum or Plasma		Pregnancy associated plasma protein A [Units/volume] in Serum or Plasma	Pregnancy associated plasma protein A [Units/volume] in Serum	Pregnancy-associated plasma protein A [Units/volume] in Serum	Pregnancy-associated plasma protein A [Units/volume] in Serum	high		high
s-papp-a		70	name+values	338		3021584		3021584	Pregnancy associated plasma protein A [Units/volume] in Serum or Plasma		Pregnancy associated plasma protein A [Units/volume] in Serum or Plasma	Pregnancy associated plasma protein A [Units/volume] in Serum	Pregnancy-associated plasma protein A [Units/volume] in Serum	Pregnancy-associated plasma protein A [Units/volume] in Serum	high		medium
s-pappa	form	70	name+unit+values	136		3021584		3021584	Pregnancy associated plasma protein A [Units/volume] in Serum or Plasma		Pregnancy associated plasma protein A [Units/volume] in Serum or Plasma	Pregnancy associated plasma protein A [Units/volume] in Serum	Pregnancy-associated plasma protein A [Units/volume] in Serum	Pregnancy-associated plasma protein A [Units/volume] in Serum	high		medium
s-pappa	mu/l	70	name+unit+values	41976	3021584	3021584		3021584	Pregnancy associated plasma protein A [Units/volume] in Serum or Plasma		Pregnancy associated plasma protein A [Units/volume] in Serum or Plasma	Pregnancy associated plasma protein A [Units/volume] in Serum	Pregnancy-associated plasma protein A [Units/volume] in Serum	Pregnancy-associated plasma protein A [Units/volume] in Serum	high		high
s-pappa		70	name+values	357	3021584	3021584		3021584	Pregnancy associated plasma protein A [Units/volume] in Serum or Plasma		Pregnancy associated plasma protein A [Units/volume] in Serum or Plasma	Pregnancy associated plasma protein A [Units/volume] in Serum	Pregnancy-associated plasma protein A [Units/volume] in Serum	Pregnancy-associated plasma protein A [Units/volume] in Serum	high		medium
s-pappmom	mom	70	name+unit+values	461	3014064	3014064		3014064	Pregnancy associated plasma protein A [Multiple of the median] in Serum or Plasma		Pregnancy associated plasma protein A [Multiple of the median] in Serum or Plasma	Pregnancy associated plasma protein A MoM [Ratio] in Serum	Pregnancy-associated plasma protein A [Multiple of the median] in Serum	Pregnancy-associated plasma protein A [Multiple of the median] in Serum	high		high
s-parapäe	u/ml	70	name+unit+values	829		3007315		3007315	Brazil Nut IgE Ab [Units/volume] in Serum		Brazil Nut IgE Ab [Units/volume] in Serum	Brazil nut IgE Ab [Units/volume] in Serum	Parapähkinä IgE Ab [Units/volume] in Serum	Brazil nut IgE Ab [Units/volume] in Serum	high		high
s-parapäe		70	name	34				3007315			Brazil Nut IgE Ab [Units/volume] in Serum	Brazil nut IgE Ab [Units/volume] in Serum	Parapähkinä IgE Ab [Units/volume] in Serum	Brazil nut IgE Ab [Units/volume] in Serum			medium
s-paras	umol/l	70	name+unit+values	2680	3020485	3020485		3020485	Acetaminophen [Moles/volume] in Serum or Plasma		Acetaminophen [Moles/volume] in Serum or Plasma	Acetaminophen [Moles/volume] in Serum or Plasma	Acetaminophen [Moles/volume] in Serum	Acetaminophen [Moles/volume] in Serum or Plasma	high		high
s-paras		70	name	2490	3020485			3020485			Acetaminophen [Moles/volume] in Serum or Plasma	Acetaminophen [Moles/volume] in Serum or Plasma	Acetaminophen [Moles/volume] in Serum	Acetaminophen [Moles/volume] in Serum or Plasma			medium
s-paroab		70	name	212		3035903		3035903	Mumps virus Ab [Presence] in Serum		Mumps virus Ab [Presence] in Serum	Mumps virus Ab [Presence] in Serum	Mumps virus antibody [Titer] in Serum	Mumps virus Ab [Presence] in Serum	high		low
s-paroabg	au/ml	70	name+unit+values	72		3018867		3018867	Mumps virus IgG Ab [Units/volume] in Serum		Mumps virus IgG Ab [Units/volume] in Serum	Mumps virus IgG Ab [Units/volume] in Serum	Mumps virus IgG antibody [Units/volume] in Serum	Mumps virus IgG Ab [Units/volume] in Serum	high		high
s-paroabg	titre	70	name+unit	45		3024981		3024981	Mumps virus IgG Ab [Titer] in Serum		Mumps virus IgG Ab [Titer] in Serum	Mumps virus IgG Ab [Titer] in Serum	Mumps virus IgG antibody [Titer] in Serum	Mumps virus IgG Ab [Titer] in Serum	high		high
s-paroabg		70	name	172		3018867		3018867	Mumps virus IgG Ab [Units/volume] in Serum		Mumps virus IgG Ab [Units/volume] in Serum	Mumps virus IgG Ab [Units/volume] in Serum	Mumps virus IgG antibody [Units/volume] in Serum	Mumps virus IgG Ab [Units/volume] in Serum	low		low
s-paroabm		70	name	197		3011268		3011268	Mumps virus IgM Ab [Presence] in Serum		Mumps virus IgM Ab [Presence] in Serum	Mumps virus IgM Ab [Presence] in Serum	Mumps virus IgM antibody [Units/volume] in Serum	Mumps virus IgM Ab [Presence] in Serum	high		low
s-parprot		70	name	1578	3046299	36660625			Protein.monoclonal [Presence] in Serum or Plasma			Paraprotein [Presence] in Serum	Protein.monoclonal [Mass/volume] in Serum by Electrophoresis	Monoclonal protein in Serum by Electrophoresis	high		
s-parpäh	u/ml	70	name+unit	67		3007315		3007315	Brazil Nut IgE Ab [Units/volume] in Serum		Brazil Nut IgE Ab [Units/volume] in Serum	Brazil nut (f18) IgE Ab [Units/volume] in Serum	Brazil nut IgE Ab [Units/volume] in Serum	Brazil nut IgE Ab [Units/volume] in Serum	high		high
s-parpäh		70	name	184				3007315			Brazil Nut IgE Ab [Units/volume] in Serum	Brazil nut (f18) IgE Ab [Units/volume] in Serum	Brazil nut IgE Ab [Units/volume] in Serum	Brazil nut IgE Ab [Units/volume] in Serum			medium
s-parvab		70	name	3096								Parvovirus B19 Ab [Presence] in Serum	Parvovirus B19 antibody [Titer] in Serum	Parvovirus B19 Ab [Presence] in Serum			
s-parvabg	eiu	70	name+unit+values	67		3006120		3006120	Parvovirus B19 IgG Ab [Units/volume] in Serum		Parvovirus B19 IgG Ab [Units/volume] in Serum	Parvovirus B19 IgG Ab [Units/volume] in Serum	Parvovirus B19 IgG antibody [Units/volume] in Serum	Parvovirus B19 IgG Ab [Units/volume] in Serum	high		medium
s-parvabg	ie/ml	70	name+unit	5		3006120		3006120	Parvovirus B19 IgG Ab [Units/volume] in Serum		Parvovirus B19 IgG Ab [Units/volume] in Serum	Parvovirus B19 IgG Ab [Units/volume] in Serum	Parvovirus B19 IgG antibody [Units/volume] in Serum	Parvovirus B19 IgG Ab [Units/volume] in Serum	high		medium
s-parvabg	index	70	name+unit+values	250				3006120			Parvovirus B19 IgG Ab [Units/volume] in Serum	Parvovirus B19 IgG Ab [Ratio] in Serum	Parvovirus B19 IgG antibody [Units/volume] in Serum	Parvovirus B19 IgG Ab [Units/volume] in Serum			low
s-parvabg	iu/ml	70	name+unit	57		3006120		3006120	Parvovirus B19 IgG Ab [Units/volume] in Serum		Parvovirus B19 IgG Ab [Units/volume] in Serum	Parvovirus B19 IgG Ab [Units/volume] in Serum	Parvovirus B19 IgG antibody [Units/volume] in Serum	Parvovirus B19 IgG Ab [Units/volume] in Serum	high		medium
s-parvabg	titre	70	name+unit+values	558	3009550	3009550		3009550	Parvovirus B19 IgG Ab [Titer] in Serum		Parvovirus B19 IgG Ab [Titer] in Serum	Parvovirus B19 IgG Ab [Titer] in Serum	Parvovirus B19 IgG antibody [Titer] in Serum	Parvovirus B19 IgG Ab [Titer] in Serum	high		high
s-parvabg		70	name+values	2056	3009550	3009550		3009550	Parvovirus B19 IgG Ab [Titer] in Serum		Parvovirus B19 IgG Ab [Titer] in Serum	Parvovirus B19 IgG Ab [Titer] in Serum	Parvovirus B19 IgG antibody [Titer] in Serum	Parvovirus B19 IgG Ab [Titer] in Serum	high		low
s-parvabm		70	name	2965	3026515	3008321		3008321	Parvovirus B19 IgM Ab [Presence] in Serum		Parvovirus B19 IgM Ab [Presence] in Serum	Parvovirus B19 IgM Ab [Presence] in Serum	Parvovirus B19 IgM antibody [Units/volume] in Serum	Parvovirus B19 IgM Ab [Presence] in Serum	high		medium
s-parvavi	%	70	name+unit	13								Parvovirus B19 IgG Ab Avidity [Ratio] in Serum	Parvovirus B19 antibody avidity [Presence] in Serum	Parvovirus B19 IgG Ab avidity in Serum			
s-parvavi		70	name	600								Parvovirus B19 IgG Ab Avidity [Ratio] in Serum	Parvovirus B19 antibody avidity [Presence] in Serum	Parvovirus B19 IgG Ab avidity in Serum			
s-pekpähe	u/ml	70	name+unit	31		3013226		3013226	Pecan or Hickory Nut IgE Ab [Units/volume] in Serum		Pecan or Hickory Nut IgE Ab [Units/volume] in Serum	Pecan nut IgE Ab [Units/volume] in Serum	Pecan nut IgE Ab [Units/volume] in Serum	Pecan nut IgE Ab [Units/volume] in Serum	high		medium
s-pekpähe		70	name	77				3013226			Pecan or Hickory Nut IgE Ab [Units/volume] in Serum	Pecan nut IgE Ab [Units/volume] in Serum	Pecan nut IgE Ab [Units/volume] in Serum	Pecan nut IgE Ab [Units/volume] in Serum			low
s-sakspäe	u/ml	70	name+unit+values	883		3006451		3006451	Walnut IgE Ab [Units/volume] in Serum		Walnut IgE Ab [Units/volume] in Serum	Walnut IgE Ab [Units/volume] in Serum	Walnut IgE Ab [Units/volume] in Serum	Walnut IgE Ab [Units/volume] in Serum	high		medium
s-sakspäe		70	name	95				3006451			Walnut IgE Ab [Units/volume] in Serum	Walnut IgE Ab [Units/volume] in Serum	Walnut IgE Ab [Units/volume] in Serum	Walnut IgE Ab [Units/volume] in Serum			medium
s-sappih	umol/l	70	name+unit+values	9172	3034274	3028110		3028110	Bile acid [Moles/volume] in Serum or Plasma		Bile acid [Moles/volume] in Serum or Plasma	Bile acids.total [Moles/volume] in Serum or Plasma	Bile acids [Moles/volume] in Serum	Bile acids [Moles/volume] in Serum or Plasma	high		high
s-sappih		70	name+values	1955	3034274	3028110		3028110	Bile acid [Moles/volume] in Serum or Plasma		Bile acid [Moles/volume] in Serum or Plasma	Bile acids.total [Moles/volume] in Serum or Plasma	Bile acids [Moles/volume] in Serum	Bile acids [Moles/volume] in Serum or Plasma	high		medium
s-valpr	%	70	name+unit	33	3009466	3009466		3009466	Valproate [Moles/volume] in Serum or Plasma		Valproate [Moles/volume] in Serum or Plasma	Valproate [Moles/volume] in Serum or Plasma	Valproate [Moles/volume] in Serum	Valproate [Moles/volume] in Serum or Plasma	low		low
s-valpr	umol/l	70	name+unit+values	35853	3009466	3009466		3009466	Valproate [Moles/volume] in Serum or Plasma		Valproate [Moles/volume] in Serum or Plasma	Valproate [Moles/volume] in Serum or Plasma	Valproate [Moles/volume] in Serum	Valproate [Moles/volume] in Serum or Plasma	high		high
s-valpr		70	name+values	1583	3009466	3009466		3009466	Valproate [Moles/volume] in Serum or Plasma		Valproate [Moles/volume] in Serum or Plasma	Valproate [Moles/volume] in Serum or Plasma	Valproate [Moles/volume] in Serum	Valproate [Moles/volume] in Serum or Plasma	high		high
s-valpr-v	umol/l	70	name+unit+values	818		3022915		3022915	Valproate Free [Moles/volume] in Serum or Plasma		Valproate Free [Moles/volume] in Serum or Plasma	Valproate.free [Moles/volume] in Serum or Plasma	Valproate.free [Moles/volume] in Serum	Valproate.free [Moles/volume] in Serum or Plasma	high		high
s-valpr-v		70	name	221				3022915			Valproate Free [Moles/volume] in Serum or Plasma	Valproate.free [Moles/volume] in Serum or Plasma	Valproate.free [Moles/volume] in Serum	Valproate.free [Moles/volume] in Serum or Plasma			medium
s-valpro	umol/l	70	name+unit	171		3009466		3009466	Valproate [Moles/volume] in Serum or Plasma		Valproate [Moles/volume] in Serum or Plasma	Valproate [Moles/volume] in Serum or Plasma	Valproate [Moles/volume] in Serum	Valproate [Moles/volume] in Serum or Plasma	high		high
s-valpro		70	name	5				3009466			Valproate [Moles/volume] in Serum or Plasma	Valproate [Moles/volume] in Serum or Plasma	Valproate [Moles/volume] in Serum	Valproate [Moles/volume] in Serum or Plasma			medium
s-vara		70	name	340													
s-varah		70	name	253													
sappihapot	umol/l	70	name+unit	161		3028110		3028110	Bile acid [Moles/volume] in Serum or Plasma		Bile acid [Moles/volume] in Serum or Plasma	Bile acids.total [Moles/volume] in Serum or Plasma	Bile acids [Moles/volume] in Serum	Bile acids [Moles/volume] in Serum or Plasma	high		medium
sappihapot		70	name	14				3028110			Bile acid [Moles/volume] in Serum or Plasma	Bile acids.total [Moles/volume] in Serum or Plasma	Bile acids [Moles/volume] in Serum	Bile acids [Moles/volume] in Serum or Plasma			low
sk-padihot		70	name	24730	40768443	3011173		40768443	Microscopic observation [Identifier] in Tissue by Hematoxylin and eosin stain		Skin Pathology biopsy report	Microscopic observation [Identifier] in Skin by Histology	Skin biopsy pathology study (histology)	Histopathology study of Skin	high		medium
tupakka	u/24h	70	name+unit+values	599								Cotinine [Mass/time] in 24 hour Urine	Cigarettes smoked per day	Cigarettes smoked per day [#/time]			
tupakka		70	name	104		3015883			Cotinine [Presence] in Urine			Cotinine [Presence] in Urine	Cigarettes smoked per day	Tobacco smoking status	medium		
u-gluprot		70	name	2097		3043821		3043821	Protein and Glucose panel - Urine by Test strip		Protein and Glucose panel - Urine by Test strip	Glucose and Protein panel - Urine	Glycoprotein [Mass/volume] in Urine	Glucose and Protein panel - Urine by Test strip	high		medium
u-partik		70	name	14759	40761535	3022113		3022113	Urinalysis microscopic panel - Urine sediment		Urinalysis microscopic panel - Urine sediment	Urinalysis sediment microscopy panel - Urine	Particles [#/volume] in Urine by Automated count	Urine sediment particle panel - Urine	high		low
u-partikk		70	name	5466		3022113		3022113	Urinalysis microscopic panel - Urine sediment		Urinalysis microscopic panel - Urine sediment	Urinalysis sediment microscopy panel - Urine	Particles [#/volume] in Urine by Automated count	Urine sediment particle panel - Urine	high		low
u-rakkoai	h	70	name+unit+values	373				3016750			Collection duration of Urine	Bladder dwell time [Time]	Bladder urine collection time interval	Collection duration of Urine			medium
u-rakkoai		70	name	5				3016750			Collection duration of Urine	Bladder dwell time [Time]	Bladder urine collection time interval	Collection duration of Urine			low
u-sakka		70	name	2736		3022113		3022113	Urinalysis microscopic panel - Urine sediment		Urinalysis microscopic panel - Urine sediment	Urinalysis sediment microscopy panel - Urine	Sediment examination in Urine by Microscopy	Urine sediment panel - Urine by Light microscopy	high		low
u-valvott		70	name	1125													
u-varabak		70	name	206				3026008			Bacteria identified in Urine by Culture			Bacteria identified in Urine by Culture			low
-hinfnho		73	name	311		37020338		40764127	Haemophilus influenzae DNA [Presence] in Respiratory system specimen by NAA with probe detection		Haemophilus influenzae DNA [Presence] in Specimen by NAA with probe detection	Haemophilus influenzae DNA [Presence] in Respiratory specimen by NAA with probe detection	Influenza virus RNA [Presence] in Respiratory specimen by NAA with probe detection	Haemophilus influenzae DNA [Presence] in Respiratory specimen by NAA with probe detection	high		medium
-hinnho		73	name	3618	40764127	37020338		40764127	Haemophilus influenzae DNA [Presence] in Respiratory system specimen by NAA with probe detection		Haemophilus influenzae DNA [Presence] in Specimen by NAA with probe detection		Influenza virus RNA [Presence] in Respiratory specimen by NAA with probe detection	Haemophilus influenzae DNA [Presence] in Respiratory specimen by NAA with probe detection	medium		medium
-inabnho		73	name	4313		3965803		40765199	Influenza virus A+B RNA [Presence] in Respiratory system specimen by NAA with probe detection		Influenza virus A+B RNA [Presence] in Specimen by NAA with probe detection	Influenza virus A+B RNA [Presence] in Respiratory specimen by NAA with probe detection	Influenza virus A and B panel - Respiratory specimen by NAA with probe detection	Influenza virus A and Influenza virus B RNA [Presence] in Respiratory specimen by NAA with probe detection	high		medium
-inabnhoho		73	name	387		3965803		40765199	Influenza virus A+B RNA [Presence] in Respiratory system specimen by NAA with probe detection		Influenza virus A+B RNA [Presence] in Specimen by NAA with probe detection	Influenza virus A+B RNA [Presence] in Respiratory specimen by NAA with probe detection	Influenza virus A and B panel - Respiratory specimen by NAA with probe detection	Influenza virus A and Influenza virus B RNA [Presence] in Respiratory specimen by NAA with probe detection	medium		medium
-inabrsnho		73	name	432		648704		648704				Influenza virus A+B and Respiratory syncytial virus RNA panel - Respiratory specimen by NAA with probe detection	Influenza virus A and B and Respiratory syncytial virus panel - Respiratory specimen by NAA with probe detection	Influenza virus A and Influenza virus B and Respiratory syncytial virus RNA panel - Respiratory specimen by NAA with probe detection	medium		medium
-inanho		73	name	356		37020635		3044938	Influenza virus A RNA [Presence] in Respiratory system specimen by NAA with probe detection		Influenza virus A RNA [Presence] in Specimen by NAA with probe detection	Influenza virus A RNA [Presence] in Respiratory specimen by NAA with probe detection	Influenza virus A RNA [Presence] in Respiratory specimen by NAA with probe detection	Influenza virus A RNA [Presence] in Respiratory specimen by NAA with probe detection	high		medium
-inanhoho		73	name	409		37020635		3044938	Influenza virus A RNA [Presence] in Respiratory system specimen by NAA with probe detection		Influenza virus A RNA [Presence] in Specimen by NAA with probe detection	Influenza virus A RNA [Presence] in Respiratory specimen by NAA with probe detection	Influenza virus A RNA [Presence] in Respiratory specimen by NAA with probe detection	Influenza virus A RNA [Presence] in Respiratory specimen by NAA with probe detection	medium		medium
-inbnho		73	name	356		37021252		3038288	Influenza virus B RNA [Presence] in Respiratory system specimen by NAA with probe detection		Influenza virus B RNA [Presence] in Specimen by NAA with probe detection	Influenza virus B RNA [Presence] in Respiratory specimen by NAA with probe detection	Influenza virus B RNA [Presence] in Respiratory specimen by NAA with probe detection	Influenza virus B RNA [Presence] in Respiratory specimen by NAA with probe detection	high		medium
-inbnhoho		73	name	411		37021252		3038288	Influenza virus B RNA [Presence] in Respiratory system specimen by NAA with probe detection		Influenza virus B RNA [Presence] in Specimen by NAA with probe detection	Influenza virus B RNA [Presence] in Respiratory specimen by NAA with probe detection	Influenza virus B RNA [Presence] in Respiratory specimen by NAA with probe detection	Influenza virus B RNA [Presence] in Respiratory specimen by NAA with probe detection	medium		medium
-infanho		73	name	122873	3044938	37020635		3044938	Influenza virus A RNA [Presence] in Respiratory system specimen by NAA with probe detection		Influenza virus A RNA [Presence] in Specimen by NAA with probe detection	Influenza virus A RNA [Presence] in Respiratory specimen by NAA with probe detection	Influenza virus A RNA [Presence] in Respiratory specimen by NAA with probe detection	Influenza virus A RNA [Presence] in Respiratory specimen by NAA with probe detection	high		high
-infbnho		73	name	95902	3038288	37021252		3038288	Influenza virus B RNA [Presence] in Respiratory system specimen by NAA with probe detection		Influenza virus B RNA [Presence] in Specimen by NAA with probe detection	Influenza virus B RNA [Presence] in Respiratory specimen by NAA with probe detection	Influenza virus B RNA [Presence] in Respiratory specimen by NAA with probe detection	Influenza virus B RNA [Presence] in Respiratory specimen by NAA with probe detection	high		high
-infvnho		73	name	1260	40757373	3020346			Influenza virus A subtype [Identifier] in Specimen by NAA with probe detection			Influenza virus A subtype identified in Respiratory specimen by NAA with probe detection	Influenza virus A variant RNA [Presence] in Respiratory specimen by NAA with probe detection	Influenza virus A variant RNA [Presence] in Respiratory specimen by NAA with probe detection	high		
-pin1nho		73	name	9246	44790047	37019589		3025634	Parainfluenza virus 1 RNA [Presence] in Respiratory system specimen by NAA with probe detection		Parainfluenza virus 1 RNA [Presence] in Specimen by NAA with probe detection	Parainfluenza virus 1 RNA [Presence] in Respiratory specimen by NAA with probe detection	Parainfluenza virus 1 RNA [Presence] in Respiratory specimen by NAA with probe detection	Parainfluenza virus 1 RNA [Presence] in Respiratory specimen by NAA with probe detection	high		high
-pin2nho		73	name	9244	44790048	37019613		3012158	Parainfluenza virus 2 RNA [Presence] in Respiratory system specimen by NAA with probe detection		Parainfluenza virus 2 RNA [Presence] in Specimen by NAA with probe detection	Parainfluenza virus 2 RNA [Presence] in Respiratory specimen by NAA with probe detection	Parainfluenza virus 2 RNA [Presence] in Respiratory specimen by NAA with probe detection	Parainfluenza virus 2 RNA [Presence] in Respiratory specimen by NAA with probe detection	high		high
-pin3nho		73	name	9240	44790049	37021465		3006262	Parainfluenza virus 3 RNA [Presence] in Respiratory system specimen by NAA with probe detection		Parainfluenza virus 3 RNA [Presence] in Specimen by NAA with probe detection	Parainfluenza virus 3 RNA [Presence] in Respiratory specimen by NAA with probe detection	Parainfluenza virus 3 RNA [Presence] in Respiratory specimen by NAA with probe detection	Parainfluenza virus 3 RNA [Presence] in Respiratory specimen by NAA with probe detection	high		high
-pin4nho		73	name	9240	44806118	37020335		3038297	Parainfluenza virus 4 RNA [Presence] in Respiratory system specimen by NAA with probe detection		Parainfluenza virus 4 RNA [Presence] in Specimen by NAA with probe detection	Parainfluenza virus 4 RNA [Presence] in Respiratory specimen by NAA with probe detection	Parainfluenza virus 4 RNA [Presence] in Respiratory specimen by NAA with probe detection	Parainfluenza virus 4 RNA [Presence] in Respiratory specimen by NAA with probe detection	high		high
-pinfnho		73	name	5018	40764126	40764126		40764126	Parainfluenza virus RNA [Presence] in Specimen by NAA with probe detection		Parainfluenza virus RNA [Presence] in Specimen by NAA with probe detection	Parainfluenza virus RNA [Presence] in Respiratory specimen by NAA with probe detection	Parainfluenza virus RNA [Presence] in Respiratory specimen by NAA with probe detection	Parainfluenza virus RNA [Presence] in Respiratory specimen by NAA with probe detection	medium		medium
-rinonho		73	name	7403	3025023	37020003		3025023	Rhinovirus RNA [Presence] in Respiratory system specimen by NAA with probe detection		Rhinovirus RNA [Presence] in Specimen by NAA with probe detection	Rhinovirus RNA [Presence] in Respiratory specimen by NAA with probe detection	Rhinovirus RNA [Presence] in Respiratory specimen by NAA with probe detection	Rhinovirus RNA [Presence] in Respiratory specimen by NAA with probe detection	high		high
-tintnho		73	name	595				3045342			Trichomonas vaginalis rRNA [Presence] in Specimen by NAA with probe detection		Human metapneumovirus RNA [Presence] in Respiratory specimen by NAA with probe detection	Trichomonas vaginalis DNA [Presence] in Unspecified specimen by NAA with probe detection			low
hinflnho		73	name	745		37020338		40764127	Haemophilus influenzae DNA [Presence] in Respiratory system specimen by NAA with probe detection		Haemophilus influenzae DNA [Presence] in Specimen by NAA with probe detection	Haemophilus influenzae DNA [Presence] in Respiratory specimen by NAA with probe detection	Influenza virus RNA [Presence] in Respiratory specimen by NAA with probe detection	Haemophilus influenzae DNA [Presence] in Respiratory specimen by NAA with probe detection	medium		medium
inanho		73	name	7494	3044938	37020635		3044938	Influenza virus A RNA [Presence] in Respiratory system specimen by NAA with probe detection		Influenza virus A RNA [Presence] in Specimen by NAA with probe detection	Influenza virus A RNA [Presence] in Respiratory specimen by NAA with probe detection	Influenza virus A RNA [Presence] in Respiratory specimen by NAA with probe detection	Influenza virus A RNA [Presence] in Respiratory specimen by NAA with probe detection	high		medium
inbnho		73	name	7494		37021252		3038288	Influenza virus B RNA [Presence] in Respiratory system specimen by NAA with probe detection		Influenza virus B RNA [Presence] in Specimen by NAA with probe detection	Influenza virus B RNA [Presence] in Respiratory specimen by NAA with probe detection	Influenza virus B RNA [Presence] in Respiratory specimen by NAA with probe detection	Influenza virus B RNA [Presence] in Respiratory specimen by NAA with probe detection	high		medium
infanho		73	name	12417	3044938	37020635		3044938	Influenza virus A RNA [Presence] in Respiratory system specimen by NAA with probe detection		Influenza virus A RNA [Presence] in Specimen by NAA with probe detection	Influenza virus A RNA [Presence] in Respiratory specimen by NAA with probe detection	Influenza virus A RNA [Presence] in Respiratory specimen by NAA with probe detection	Influenza virus A RNA [Presence] in Respiratory specimen by NAA with probe detection	high		medium
infbnho		73	name	34660	46235759	37021252		3038288	Influenza virus B RNA [Presence] in Respiratory system specimen by NAA with probe detection		Influenza virus B RNA [Presence] in Specimen by NAA with probe detection	Influenza virus B RNA [Presence] in Respiratory specimen by NAA with probe detection	Influenza virus B RNA [Presence] in Respiratory specimen by NAA with probe detection	Influenza virus B RNA [Presence] in Respiratory specimen by NAA with probe detection	high		medium
infnho		73	name	766		3965803		40765199	Influenza virus A+B RNA [Presence] in Respiratory system specimen by NAA with probe detection		Influenza virus A+B RNA [Presence] in Specimen by NAA with probe detection	Influenza virus RNA [Presence] in Respiratory specimen by NAA with probe detection	Influenza virus RNA [Presence] in Respiratory specimen by NAA with probe detection	Influenza virus A and Influenza virus B RNA [Presence] in Respiratory specimen by NAA with probe detection	medium		low
pin1nho		73	name	4037	3025634	37019589		3025634	Parainfluenza virus 1 RNA [Presence] in Respiratory system specimen by NAA with probe detection		Parainfluenza virus 1 RNA [Presence] in Specimen by NAA with probe detection	Parainfluenza virus 1 RNA [Presence] in Respiratory specimen by NAA with probe detection	Parainfluenza virus 1 RNA [Presence] in Respiratory specimen by NAA with probe detection	Parainfluenza virus 1 RNA [Presence] in Respiratory specimen by NAA with probe detection	high		medium
pin2nho		73	name	4036	3012158	37019613		3012158	Parainfluenza virus 2 RNA [Presence] in Respiratory system specimen by NAA with probe detection		Parainfluenza virus 2 RNA [Presence] in Specimen by NAA with probe detection	Parainfluenza virus 2 RNA [Presence] in Respiratory specimen by NAA with probe detection	Parainfluenza virus 2 RNA [Presence] in Respiratory specimen by NAA with probe detection	Parainfluenza virus 2 RNA [Presence] in Respiratory specimen by NAA with probe detection	high		medium
pin3nho		73	name	4036	3006262	37021465		3006262	Parainfluenza virus 3 RNA [Presence] in Respiratory system specimen by NAA with probe detection		Parainfluenza virus 3 RNA [Presence] in Specimen by NAA with probe detection	Parainfluenza virus 3 RNA [Presence] in Respiratory specimen by NAA with probe detection	Parainfluenza virus 3 RNA [Presence] in Respiratory specimen by NAA with probe detection	Parainfluenza virus 3 RNA [Presence] in Respiratory specimen by NAA with probe detection	high		medium
pin4nho		73	name	4034	3038297	37020335		3038297	Parainfluenza virus 4 RNA [Presence] in Respiratory system specimen by NAA with probe detection		Parainfluenza virus 4 RNA [Presence] in Specimen by NAA with probe detection	Parainfluenza virus 4 RNA [Presence] in Respiratory specimen by NAA with probe detection	Parainfluenza virus 4 RNA [Presence] in Respiratory specimen by NAA with probe detection	Parainfluenza virus 4 RNA [Presence] in Respiratory specimen by NAA with probe detection	high		medium
rinonho		73	name	245		37020003		3025023	Rhinovirus RNA [Presence] in Respiratory system specimen by NAA with probe detection		Rhinovirus RNA [Presence] in Specimen by NAA with probe detection	Rhinovirus RNA [Presence] in Respiratory specimen by NAA with probe detection	Rhinovirus RNA [Presence] in Respiratory specimen by NAA with probe detection	Rhinovirus RNA [Presence] in Respiratory specimen by NAA with probe detection	high		medium
-aspenho		74	name	680		3033060		3033060	Aspergillus sp DNA [Presence] in Specimen by NAA with probe detection		Aspergillus sp DNA [Presence] in Specimen by NAA with probe detection	Aspergillus sp DNA [Presence] in Specimen by NAA with probe detection	Aspergillus sp DNA [Presence] in Respiratory specimen by NAA with probe detection	Aspergillus sp DNA [Presence] in Specimen by NAA with probe detection	high		high
-baktnho		74	name	14771	40769539	1092116		1092116	Bacteria DNA [Presence] in Specimen by NAA with probe detection		Bacteria DNA [Presence] in Specimen by NAA with probe detection	Bacteria identified in Specimen by NAA with probe detection	Bacteria DNA [Presence] by NAA with probe detection	Bacteria DNA [Presence] in Specimen by NAA with probe detection	high		medium
-bocanho		74	name	1008		40765161		40765161	Human bocavirus DNA [Presence] in Specimen by NAA with probe detection		Human bocavirus DNA [Presence] in Specimen by NAA with probe detection	Human bocavirus DNA [Presence] in Specimen by NAA with probe detection	Human bocavirus DNA [Presence] in Respiratory specimen by NAA with probe detection	Human bocavirus DNA [Presence] in Specimen by NAA with probe detection	high		high
-bokanho		74	name	13005	40765161	40765161		40765161	Human bocavirus DNA [Presence] in Specimen by NAA with probe detection		Human bocavirus DNA [Presence] in Specimen by NAA with probe detection	Human bocavirus DNA [Presence] in Specimen by NAA with probe detection	Human bocavirus DNA [Presence] in Respiratory specimen by NAA with probe detection	Human bocavirus DNA [Presence] in Specimen by NAA with probe detection	high		high
-bopanho		74	name	1739		3012477		3037875	Bordetella pertussis DNA [Presence] in Specimen by NAA with probe detection		Bordetella parapertussis DNA [Presence] in Specimen by NAA with probe detection	Bordetella pertussis DNA [Presence] in Specimen by NAA with probe detection	Bordetella parapertussis DNA [Presence] in Respiratory specimen by NAA with probe detection	Bordetella parapertussis DNA [Presence] in Specimen by NAA with probe detection	medium		medium
-bopenho		74	name	12052	3012477	3012477		3012477	Bordetella pertussis DNA [Presence] in Specimen by NAA with probe detection		Bordetella pertussis DNA [Presence] in Specimen by NAA with probe detection	Bordetella pertussis DNA [Presence] in Specimen by NAA with probe detection	Bordetella pertussis DNA [Presence] in Respiratory specimen by NAA with probe detection	Bordetella pertussis DNA [Presence] in Specimen by NAA with probe detection	high		high
-bopenho.		74	name	1314		3012477		3012477	Bordetella pertussis DNA [Presence] in Specimen by NAA with probe detection		Bordetella pertussis DNA [Presence] in Specimen by NAA with probe detection	Bordetella pertussis DNA [Presence] in Specimen by NAA with probe detection	Bordetella pertussis DNA [Presence] in Respiratory specimen by NAA with probe detection	Bordetella pertussis DNA [Presence] in Specimen by NAA with probe detection	high		high
-boppnho		74	name	3753	3037875	40766162		3037875	Bordetella sp DNA [Presence] in Specimen by NAA with probe detection		Bordetella parapertussis DNA [Presence] in Specimen by NAA with probe detection	Bordetella pertussis+Bordetella parapertussis DNA [Presence] in Specimen by NAA with probe detection	Bordetella pertussis+parapertussis DNA [Presence] in Respiratory specimen by NAA with probe detection	Bordetella parapertussis DNA [Presence] in Specimen by NAA with probe detection	medium		medium
-borrnho		74	name	1762	3030429	648686		648686				Borrelia sp DNA [Presence] in Specimen by NAA with probe detection	Borrelia sp DNA [Presence] by NAA with probe detection	Borrelia sp DNA [Presence] in Specimen by NAA with probe detection	high		medium
-bparnho		74	name	314		3037875		3037875	Bordetella parapertussis DNA [Presence] in Specimen by NAA with probe detection		Bordetella parapertussis DNA [Presence] in Specimen by NAA with probe detection	Bordetella parapertussis DNA [Presence] in Specimen by NAA with probe detection	Bordetella parapertussis DNA [Presence] in Respiratory specimen by NAA with probe detection	Bordetella parapertussis DNA [Presence] in Specimen by NAA with probe detection	high		medium
-rbaktnho		74	name	4646								Bacteria identified in Respiratory specimen by NAA with probe detection	Bacteria DNA [Presence] in Respiratory specimen by NAA with probe detection	Bacteria DNA [Presence] in Respiratory specimen by NAA with probe detection			
baktnho		74	name	328		1092116		1092116	Bacteria DNA [Presence] in Specimen by NAA with probe detection		Bacteria DNA [Presence] in Specimen by NAA with probe detection	Bacteria identified in Specimen by NAA with probe detection	Bacteria DNA [Presence] by NAA with probe detection	Bacteria DNA [Presence] in Specimen by NAA with probe detection	high		medium
bokanho		74	name	222		40765161		40765161	Human bocavirus DNA [Presence] in Specimen by NAA with probe detection		Human bocavirus DNA [Presence] in Specimen by NAA with probe detection	Human bocavirus DNA [Presence] in Specimen by NAA with probe detection	Human bocavirus DNA [Presence] in Respiratory specimen by NAA with probe detection	Human bocavirus DNA [Presence] in Specimen by NAA with probe detection	high		high
bopenho		74	name	608		3012477		3012477	Bordetella pertussis DNA [Presence] in Specimen by NAA with probe detection		Bordetella pertussis DNA [Presence] in Specimen by NAA with probe detection	Bordetella pertussis DNA [Presence] in Specimen by NAA with probe detection	Bordetella pertussis DNA [Presence] in Respiratory specimen by NAA with probe detection	Bordetella pertussis DNA [Presence] in Specimen by NAA with probe detection	high		high
bparanho		74	name	1650		3037875		3037875	Bordetella parapertussis DNA [Presence] in Specimen by NAA with probe detection		Bordetella parapertussis DNA [Presence] in Specimen by NAA with probe detection	Bordetella parapertussis DNA [Presence] in Specimen by NAA with probe detection	Bordetella parapertussis DNA [Presence] in Respiratory specimen by NAA with probe detection	Bordetella parapertussis DNA [Presence] in Specimen by NAA with probe detection	high		high
f-baktnho		74	name	17469	37019628							Bacteria identified in Stool by NAA with probe detection	Bacteria DNA [Presence] in Stool by NAA with probe detection	Bacteria DNA [Presence] in Stool by NAA with probe detection			
f-paranho		74	name	14240	3003327	1092353			Enteric parasite panel - Stool by NAA with probe detection			Parasites identified in Stool by NAA with probe detection	Parasite DNA [Presence] in Stool by NAA with probe detection	Parasite DNA [Presence] in Stool by NAA with probe detection	high		
f-salmnho		74	name	2354		1616933		1616933	Salmonella sp DNA [Presence] in Stool by NAA with probe detection		Salmonella sp DNA [Presence] in Stool by NAA with probe detection	Salmonella sp DNA [Presence] in Stool by NAA with probe detection	Salmonella sp DNA [Presence] in Stool by NAA with probe detection	Salmonella sp DNA [Presence] in Stool by NAA with probe detection	high		high
f-saponho		74	name	4057	37020957			42869862			Sapovirus RNA [Presence] in Specimen by NAA with probe detection	Sapovirus RNA [Presence] in Stool by NAA with probe detection	Sapovirus RNA [Presence] in Stool by NAA with probe detection	Sapovirus RNA [Presence] in Stool by NAA with probe detection			medium
kv229enho		74	name	5976	3041642	3041642		3041642	Human coronavirus 229E RNA [Presence] in Specimen by NAA with probe detection		Human coronavirus 229E RNA [Presence] in Specimen by NAA with probe detection	Human coronavirus 229E RNA [Presence] in Specimen by NAA with probe detection	Human coronavirus 229E RNA [Presence] in Respiratory specimen by NAA with probe detection	Human coronavirus 229E RNA [Presence] in Specimen by NAA with probe detection	high		high
kvhku1nho		74	name	537		40765160		40765160	Human coronavirus HKU1 RNA [Presence] in Specimen by NAA with probe detection		Human coronavirus HKU1 RNA [Presence] in Specimen by NAA with probe detection	Human coronavirus HKU1 RNA [Presence] in Specimen by NAA with probe detection	Human coronavirus HKU1 RNA [Presence] in Respiratory specimen by NAA with probe detection	Human coronavirus HKU1 RNA [Presence] in Specimen by NAA with probe detection	high		high
kvnl63nho		74	name	5975	3040359	3040359		3040359	Human coronavirus NL63 RNA [Presence] in Specimen by NAA with probe detection		Human coronavirus NL63 RNA [Presence] in Specimen by NAA with probe detection	Human coronavirus NL63 RNA [Presence] in Specimen by NAA with probe detection	Human coronavirus NL63 RNA [Presence] in Respiratory specimen by NAA with probe detection	Human coronavirus NL63 RNA [Presence] in Specimen by NAA with probe detection	high		high
kvoc43nho		74	name	5977	3038546	3038546		3038546	Human coronavirus OC43 RNA [Presence] in Specimen by NAA with probe detection		Human coronavirus OC43 RNA [Presence] in Specimen by NAA with probe detection	Human coronavirus OC43 RNA [Presence] in Specimen by NAA with probe detection	Human coronavirus OC43 RNA [Presence] in Respiratory specimen by NAA with probe detection	Human coronavirus OC43 RNA [Presence] in Specimen by NAA with probe detection	high		high
li-baktnho		74	name	268								Bacteria identified in Cerebral spinal fluid by NAA with probe detection	Bacteria DNA [Presence] in Cerebral spinal fluid by NAA with probe detection	Bacteria DNA [Presence] in Cerebral spinal fluid by NAA with probe detection			
resbaktnho		74	name	770								Bacteria identified in Respiratory specimen by NAA with probe detection	Bacteria DNA [Presence] in Respiratory specimen by NAA with probe detection	Bacteria DNA [Presence] in Respiratory specimen by NAA with probe detection			
s-parvnho		74	name	208	3015822	3015822		3015822	Parvovirus B19 DNA [Presence] in Serum by NAA with probe detection		Parvovirus B19 DNA [Presence] in Serum by NAA with probe detection	Parvovirus B19 DNA [Presence] in Serum by NAA with probe detection	Parvovirus B19 DNA [Presence] in Serum or Plasma by NAA with probe detection	Parvovirus B19 DNA [Presence] in Serum by NAA with probe detection	high		high
salmnho		74	name	8183	3024522	3032674		3032674	Salmonella sp DNA [Presence] in Specimen by NAA with probe detection		Salmonella sp DNA [Presence] in Specimen by NAA with probe detection	Salmonella sp DNA [Presence] in Specimen by NAA with probe detection	Salmonella sp DNA [Presence] in Stool by NAA with probe detection	Salmonella sp DNA [Presence] in Specimen by NAA with probe detection	high		medium
cu-alb-mi	ug/min	79	name+unit+values	7258	3050449	3050449		3049506	Albumin [Mass/time] in Urine collected for unspecified duration		Microalbumin [Mass/time] in Urine collected for unspecified duration	Albumin [Mass/time] in Collected Urine	Albumin [Mass/time] in Urine	Microalbumin [Mass/time] in Urine	high		medium
cu-alb-mi		79	name+values	1830	3050449	3050449		3049506	Albumin [Mass/time] in Urine collected for unspecified duration		Microalbumin [Mass/time] in Urine collected for unspecified duration	Albumin [Mass/time] in Collected Urine	Albumin [Mass/time] in Urine	Microalbumin [Mass/time] in Urine	medium		medium
nu-alb-mi	mg/12h	79	name+unit	12		3043771		3043771	Microalbumin [Mass/time] in 12 hour Urine		Microalbumin [Mass/time] in 12 hour Urine	Albumin [Mass/time] in 12 hour Urine	Albumin [Mass/time] in Urine	Microalbumin [Mass/time] in 12 hour Urine	high		medium
nu-alb-mi	ug/min	79	name+unit+values	155	3049506	3043771		3043771	Microalbumin [Mass/time] in 12 hour Urine		Microalbumin [Mass/time] in 12 hour Urine	Albumin [Mass/time] in Timed Urine	Albumin [Mass/time] in Urine	Microalbumin [Mass/time] in Urine	high		low
nu-alb-mi		79	name	157	3049506	3043771			Microalbumin [Mass/time] in 12 hour Urine			Albumin [Mass/time] in Timed Urine	Albumin [Mass/time] in Urine	Microalbumin [Mass/time] in Urine	low		
nu-albkre	mg/mmol	79	name+unit+values	438	3020682	3001802		3034485	Microalbumin/Creatinine [Mass Ratio] in Urine		Albumin/Creatinine [Mass Ratio] in Urine	Albumin/Creatinine [Mass Ratio] in Timed Urine	Albumin/Creatinine [Mass Ratio] in Urine	Albumin/Creatinine [Mass Ratio] in Urine	high		medium
nu-albkre		79	name+values	2191	3020682	3001802		3034485	Microalbumin/Creatinine [Mass Ratio] in Urine		Albumin/Creatinine [Mass Ratio] in Urine	Albumin/Creatinine [Mass Ratio] in Timed Urine	Albumin/Creatinine [Mass Ratio] in Urine	Albumin/Creatinine [Mass Ratio] in Urine	medium		medium
nu-albkrea	mg/mmol	79	name+unit+values	20929	3020682	3001802		3034485	Microalbumin/Creatinine [Mass Ratio] in Urine		Albumin/Creatinine [Mass Ratio] in Urine	Albumin/Creatinine [Mass Ratio] in Timed Urine	Albumin/Creatinine [Mass Ratio] in Urine	Albumin/Creatinine [Mass Ratio] in Urine	high		medium
nu-albkrea		79	name+values	26197	3020682	3001802		3034485	Microalbumin/Creatinine [Mass Ratio] in Urine		Albumin/Creatinine [Mass Ratio] in Urine	Albumin/Creatinine [Mass Ratio] in Timed Urine	Albumin/Creatinine [Mass Ratio] in Urine	Albumin/Creatinine [Mass Ratio] in Urine	medium		medium
u-a1mikre		79	name+values	113		3051409		3051409	Alpha-1-Microglobulin/Creatinine [Mass Ratio] in Urine		Alpha-1-Microglobulin/Creatinine [Mass Ratio] in Urine	Alpha-1-Microglobulin/Creatinine [Mass Ratio] in Urine	Alpha-1-Microglobulin/Creatinine [Mass Ratio] in Urine	Alpha-1-Microglobulin/Creatinine [Mass Ratio] in Urine	high		medium
u-alb-0		79	name	992		3025987		3025987	Albumin [Presence] in Urine		Albumin [Presence] in Urine	Albumin [Presence] in Urine	Albumin [Presence] in Urine	Albumin [Presence] in Urine by Test strip	medium		medium
u-alb-lb	mg/l	79	name+unit	70	3012516	3012516		3012516	Albumin [Mass/volume] in Urine		Albumin [Mass/volume] in Urine	Albumin [Mass/volume] in Urine	Albumin [Mass/volume] in Urine	Albumin [Mass/volume] in Urine	high		medium
u-alb-lb		79	name	50	3012516							Albumin [Mass/volume] in Urine	Albumin [Mass/volume] in Urine	Albumin [Mass/volume] in Urine			
u-alb-mi	mg/l	79	name+unit+values	7488	3000034	3012516		3000034	Albumin [Mass/volume] in Urine		Microalbumin [Mass/volume] in Urine	Albumin [Mass/volume] in Urine	Albumin [Mass/volume] in Urine	Microalbumin [Mass/volume] in Urine	high		high
u-alb-mi		79	name+values	3031	3000034	3012516		3000034	Albumin [Mass/volume] in Urine		Microalbumin [Mass/volume] in Urine	Albumin [Mass/volume] in Urine	Albumin [Mass/volume] in Urine	Microalbumin [Mass/volume] in Urine	medium		medium
u-alb-o	estimate	79	name+unit+values	161670	3029937	3025987		3025987	Albumin [Presence] in Urine		Albumin [Presence] in Urine	Albumin [Presence] in Urine	Albumin [Presence] in Urine	Albumin [Presence] in Urine by Test strip	high		medium
u-alb-o	form	79	name+unit+values	287		3025987		3025987	Albumin [Presence] in Urine		Albumin [Presence] in Urine	Albumin [Presence] in Urine	Albumin [Presence] in Urine	Albumin [Presence] in Urine by Test strip	high		medium
u-alb-o		79	name+values	312867	3029937	3025987		3025987	Albumin [Presence] in Urine		Albumin [Presence] in Urine	Albumin [Presence] in Urine	Albumin [Presence] in Urine	Albumin [Presence] in Urine by Test strip	high		medium
u-alb/kre	g/mol	79	name+unit+values	142	3020682	3001802		3034485	Microalbumin/Creatinine [Mass Ratio] in Urine		Albumin/Creatinine [Mass Ratio] in Urine	Albumin/Creatinine [Mass Ratio] in Urine	Albumin/Creatinine [Mass Ratio] in Urine	Albumin/Creatinine [Mass Ratio] in Urine	high		medium
u-alb/kre	mg/mmol	79	name+unit+values	2591	3020682	3001802		3034485	Microalbumin/Creatinine [Mass Ratio] in Urine		Albumin/Creatinine [Mass Ratio] in Urine	Albumin/Creatinine [Mass Ratio] in Urine	Albumin/Creatinine [Mass Ratio] in Urine	Albumin/Creatinine [Mass Ratio] in Urine	high		medium
u-alb/kre		79	name	2491	3020682			3034485			Albumin/Creatinine [Mass Ratio] in Urine	Albumin/Creatinine [Mass Ratio] in Urine	Albumin/Creatinine [Mass Ratio] in Urine	Albumin/Creatinine [Mass Ratio] in Urine			low
u-alb/kre,u-alb		79	name+values	247		3012516		3012516	Albumin [Mass/volume] in Urine		Albumin [Mass/volume] in Urine	Albumin [Mass/volume] in Urine	Albumin [Mass/volume] in Urine	Albumin [Mass/volume] in Urine	medium		medium
u-alb/kre,u-alb/krea	mg/mmol	79	name+unit+values	148	3020682	3001802		3034485	Microalbumin/Creatinine [Mass Ratio] in Urine		Albumin/Creatinine [Mass Ratio] in Urine	Albumin/Creatinine [Mass Ratio] in Urine	Albumin/Creatinine [Mass Ratio] in Urine	Albumin/Creatinine [Mass Ratio] in Urine	high		medium
u-alb/kre,u-alb/krea		79	name	99	3020682			3034485			Albumin/Creatinine [Mass Ratio] in Urine	Albumin/Creatinine [Mass Ratio] in Urine	Albumin/Creatinine [Mass Ratio] in Urine	Albumin/Creatinine [Mass Ratio] in Urine			low
u-alb/kre,u-krea		79	name+values	247		3009508		3009508	Creatinine [Moles/volume] in Urine		Creatinine [Moles/volume] in Urine	Creatinine [Moles/volume] in Urine	Creatinine [Moles/volume] in Urine	Creatinine [Moles/volume] in Urine	high		high
u-alb/krea	g/mol	79	name+unit	49	3020682	3001802		3034485	Microalbumin/Creatinine [Mass Ratio] in Urine		Albumin/Creatinine [Mass Ratio] in Urine	Albumin/Creatinine [Mass Ratio] in Urine	Albumin/Creatinine [Mass Ratio] in Urine	Albumin/Creatinine [Mass Ratio] in Urine	high		medium
u-alb/krea	mg/mmol	79	name+unit+values	879	3020682	3001802		3034485	Microalbumin/Creatinine [Mass Ratio] in Urine		Albumin/Creatinine [Mass Ratio] in Urine	Albumin/Creatinine [Mass Ratio] in Urine	Albumin/Creatinine [Mass Ratio] in Urine	Albumin/Creatinine [Mass Ratio] in Urine	high		medium
u-alb/krea		79	name	812	3020682			3034485			Albumin/Creatinine [Mass Ratio] in Urine	Albumin/Creatinine [Mass Ratio] in Urine	Albumin/Creatinine [Mass Ratio] in Urine	Albumin/Creatinine [Mass Ratio] in Urine			low
u-albkre	g/mol	79	name+unit	10		3001802		3034485	Microalbumin/Creatinine [Mass Ratio] in Urine		Albumin/Creatinine [Mass Ratio] in Urine	Albumin/Creatinine [Mass Ratio] in Urine	Albumin/Creatinine [Mass Ratio] in Urine	Albumin/Creatinine [Mass Ratio] in Urine	high		medium
u-albkre	mg/mmol	79	name+unit+values	294883	3020682	3001802		3034485	Microalbumin/Creatinine [Mass Ratio] in Urine		Albumin/Creatinine [Mass Ratio] in Urine	Albumin/Creatinine [Mass Ratio] in Urine	Albumin/Creatinine [Mass Ratio] in Urine	Albumin/Creatinine [Mass Ratio] in Urine	high		high
u-albkre		79	name+values	200553	3020682	3001802		3034485	Microalbumin/Creatinine [Mass Ratio] in Urine		Albumin/Creatinine [Mass Ratio] in Urine	Albumin/Creatinine [Mass Ratio] in Urine	Albumin/Creatinine [Mass Ratio] in Urine	Albumin/Creatinine [Mass Ratio] in Urine	medium		medium
u-albkrea	mg/mmol	79	name+unit+values	10590	3020682	3001802		3034485	Microalbumin/Creatinine [Mass Ratio] in Urine		Albumin/Creatinine [Mass Ratio] in Urine	Albumin/Creatinine [Mass Ratio] in Urine	Albumin/Creatinine [Mass Ratio] in Urine	Albumin/Creatinine [Mass Ratio] in Urine	high		medium
u-albkrea	mg/mmol/l	79	name+unit	81				3034485			Albumin/Creatinine [Mass Ratio] in Urine	Albumin/Creatinine [Mass Ratio] in Urine	Albumin/Creatinine [Mass Ratio] in Urine	Albumin/Creatinine [Mass Ratio] in Urine			medium
u-albkrea		79	name+values	15486	3020682	3001802		3034485	Microalbumin/Creatinine [Mass Ratio] in Urine		Albumin/Creatinine [Mass Ratio] in Urine	Albumin/Creatinine [Mass Ratio] in Urine	Albumin/Creatinine [Mass Ratio] in Urine	Albumin/Creatinine [Mass Ratio] in Urine	medium		medium
u-alvhu4a		79	name	760													
u-alvhu5b		79	name	912													
u-alvhu6a		79	name	1273													
u-cakre		79	name	106	3002481			3017754			Calcium/Creatinine [Molar ratio] in Urine	Calcium/Creatinine [Ratio] in Urine	Calcium/Creatinine [Mass Ratio] in Urine	Calcium/Creatinine [Molar ratio] in Urine			low
u-happamuus		79	name+values	204		3015736		3015736	pH of Urine		pH of Urine	pH of Urine	pH of Urine	pH of Urine	high		high
u-prokre	g/mol	79	name+unit+values	973	3045462	3001582		3001582	Protein/Creatinine [Mass Ratio] in Urine		Protein/Creatinine [Mass Ratio] in Urine	Protein.total/Creatinine [Mass Ratio] in Urine	Protein/Creatinine [Mass Ratio] in Urine	Protein/Creatinine [Mass Ratio] in Urine	high		high
u-prokre	mg/mmol	79	name+unit+values	1813	3045462	3001582		3001582	Protein/Creatinine [Mass Ratio] in Urine		Protein/Creatinine [Mass Ratio] in Urine	Protein.total/Creatinine [Mass Ratio] in Urine	Protein/Creatinine [Mass Ratio] in Urine	Protein/Creatinine [Mass Ratio] in Urine	high		high
u-prokre		79	name	646	3045462			3001582			Protein/Creatinine [Mass Ratio] in Urine	Protein.total/Creatinine [Mass Ratio] in Urine	Protein/Creatinine [Mass Ratio] in Urine	Protein/Creatinine [Mass Ratio] in Urine			medium
u-protkre	mg/mmol	79	name+unit	121		3001582		3001582	Protein/Creatinine [Mass Ratio] in Urine		Protein/Creatinine [Mass Ratio] in Urine	Protein.total/Creatinine [Mass Ratio] in Urine	Protein/Creatinine [Mass Ratio] in Urine	Protein/Creatinine [Mass Ratio] in Urine	high		high
u-protkre		79	name	9				3001582			Protein/Creatinine [Mass Ratio] in Urine	Protein.total/Creatinine [Mass Ratio] in Urine	Protein/Creatinine [Mass Ratio] in Urine	Protein/Creatinine [Mass Ratio] in Urine			low
u-sakka,bakt		79	name	330		3004562		3004562	Bacteria [Presence] in Urine sediment by Light microscopy		Bacteria [Presence] in Urine sediment by Light microscopy	Bacteria [Presence] in Urine sediment by Microscopy	Bacteria [Presence] in Urine sediment by Microscopy	Bacteria [Presence] in Urine sediment by Light microscopy	high		medium
u-sakka,epit		79	name+values	1251		3010189		3010189	Epithelial cells [#/area] in Urine sediment by Microscopy high power field		Epithelial cells [#/area] in Urine sediment by Microscopy high power field	Epithelial cells [#/area] in Urine sediment by Microscopy	Epithelial cells [#/area] in Urine sediment by Microscopy high power field	Epithelial cells [#/area] in Urine sediment by Microscopy high power field	high		medium
u-sakka,eryt	u/field	79	name+unit+values	1247	3048402	3035124		3035124	Erythrocytes [#/area] in Urine sediment by Microscopy high power field		Erythrocytes [#/area] in Urine sediment by Microscopy high power field	Erythrocytes [#/area] in Urine sediment by Microscopy	Erythrocytes [#/area] in Urine sediment by Microscopy high power field	Erythrocytes [#/area] in Urine sediment by Microscopy high power field	high		high
u-sakka,eryt		79	name+values	121	3048402	3035124		3035124	Erythrocytes [#/area] in Urine sediment by Microscopy high power field		Erythrocytes [#/area] in Urine sediment by Microscopy high power field	Erythrocytes [#/area] in Urine sediment by Microscopy	Erythrocytes [#/area] in Urine sediment by Microscopy high power field	Erythrocytes [#/area] in Urine sediment by Microscopy high power field	high		medium
u-sakka,leuk	u/field	79	name+unit+values	1087	3051014	3035583		3035583	Leukocytes [#/area] in Urine sediment by Microscopy high power field		Leukocytes [#/area] in Urine sediment by Microscopy high power field	Leukocytes [#/area] in Urine sediment by Microscopy	Leukocytes [#/area] in Urine sediment by Microscopy high power field	Leukocytes [#/area] in Urine sediment by Microscopy high power field	high		high
u-sakka,leuk		79	name+values	261	3051014	3035583		3035583	Leukocytes [#/area] in Urine sediment by Microscopy high power field		Leukocytes [#/area] in Urine sediment by Microscopy high power field	Leukocytes [#/area] in Urine sediment by Microscopy	Leukocytes [#/area] in Urine sediment by Microscopy high power field	Leukocytes [#/area] in Urine sediment by Microscopy high power field	high		medium
u-sakka,lier		79	name+values	367		3009292		3005658	Casts [#/area] in Urine sediment by Microscopy high power field		Casts [#/area] in Urine sediment by Microscopy low power field	Casts [#/area] in Urine sediment by Microscopy	Casts [#/area] in Urine sediment by Microscopy high power field	Casts [#/area] in Urine sediment by Microscopy low power field	high		medium
u-sakka,makrof		79	name+values	367		43055190		43055190	Macrophages [#/area] in Urine sediment by Microscopy high power field		Macrophages [#/area] in Urine sediment by Microscopy high power field	Macrophages [#/area] in Urine sediment by Microscopy	Macrophages [#/area] in Urine sediment by Microscopy high power field	Macrophages [#/area] in Urine sediment by Microscopy high power field	high		medium
u-sakka,muuta		79	name+values	456		3038224			Microscopic observation [Identifier] in Urine sediment by Light microscopy			Microscopic observation [Identifier] in Urine sediment	Cells [#/area] in Urine sediment by Microscopy	Other cells [#/area] in Urine sediment by Microscopy high power field	high		
u-solut,muut		79	name	136								Cells.other [#/area] in Urine sediment by Microscopy	Cells [#/area] in Urine sediment by Microscopy	Other cells [#/area] in Urine sediment by Microscopy high power field			
alvhuumott		84	name	120								Drug screen specimen collection procedure					
bm-notto		84	name	364	4212803							Bone marrow specimen collection procedure					
gyn.notto		84	name	1682								Cervical specimen collection procedure					
huumn.otto		84	name	1041								Drug screen specimen collection procedure					
n-otto		84	name	165								Specimen collection procedure					
n.otto		84	name	258								Specimen collection procedure					
notto		84	name	4008								Specimen collection procedure					
notto,neuv		84	name	634								Specimen collection and counseling procedure					
notto,tyks		84	name	416								Specimen collection procedure					
notto/eris		84	name	444								Specimen collection procedure					
nottocovid		84	name	1700								SARS-CoV-2 (COVID-19) specimen collection					
nottopkl		84	name	3516								Specimen collection procedure					
nottoverikoe		84	name	1735								Blood specimen collection procedure					
näyt.käsit		84	name	520								Specimen processing procedure					
näyt.ot-1		84	name	174								Specimen collection procedure					
näyt.ot.		84	name	10018								Specimen collection procedure					
näyt.otto		84	name	5060								Specimen collection procedure					
näytekulje		84	name	408								Specimen transport procedure					
näytt.otto		84	name	7199								Specimen collection procedure					
näytteenot		84	name	600								Specimen collection procedure					
näytteenotto		84	name	1441								Specimen collection procedure					
ottotapa	h	84	name+unit+values	452		3042242		3042242	Collection method - Specimen		Collection method - Specimen	Specimen collection method		Collection duration of Urine	high		low
ottotapa		84	name	73358		3042242		3042242	Collection method - Specimen		Collection method - Specimen	Specimen collection method		Specimen collection method	high		medium
u-ottotap		84	name	363		3025954		3015749	Urinalysis specimen collection method		Type of Urine collection method	Urine specimen collection method		Collection method of Urine	high		medium
u-tutk/ottotapa		84	name	5714		3025954		3015749	Urinalysis specimen collection method		Type of Urine collection method	Urine specimen collection method		Collection method of Urine	high		medium
valv.notto		84	name	502		1989324			Specimen collection supervision level			Supervised specimen collection procedure			high		
-aerobivi		85	name	314		3013867		3013867	Bacteria identified in Specimen by Aerobe culture		Bacteria identified in Specimen by Aerobe culture	Bacteria aerobic identified in Unspecified specimen by Culture	Bacteria identified by Aerobic culture	Bacteria identified in Unspecified specimen by Aerobe culture	high		medium
-anaerobi		85	name	320		3011298		3011298	Bacteria identified in Specimen by Anaerobe culture		Bacteria identified in Specimen by Anaerobe culture	Bacteria anaerobic identified in Unspecified specimen by Culture	Bacteria identified by Anaerobic culture	Bacteria identified in Unspecified specimen by Anaerobe culture	high		medium
-omactgc		85	name	591		3035800		3036736	Chlamydia trachomatis and Neisseria gonorrhoeae DNA [Identifier] in Specimen by NAA with probe detection		Chlamydia trachomatis+Neisseria gonorrhoeae DNA [Presence] in Specimen by NAA with probe detection	Chlamydia trachomatis+Neisseria gonorrhoeae DNA [Presence] in Unspecified specimen by NAA	Chlamydia trachomatis and Neisseria gonorrhoeae panel by NAA with probe detection	Chlamydia trachomatis and Neisseria gonorrhoeae DNA panel - Unspecified specimen by NAA with probe detection	medium		low
annosvoim		85	name	182													
b-koboltti	ug/l	85	name+unit+values	157	3026470	3026470		3026470	Cobalt [Mass/volume] in Blood		Cobalt [Mass/volume] in Blood	Cobalt [Mass/volume] in Blood	Cobalt [Mass/volume] in Blood	Cobalt [Mass/volume] in Blood	high		high
cand-odl.		85	name	542		3026389		3026389	Candida sp identified in Specimen by Organism specific culture		Candida sp identified in Specimen by Organism specific culture	Candida sp identified in Unspecified specimen by Culture	Candida species identified by Culture	Candida sp identified in Unspecified specimen by Organism specific culture	high		medium
cand.nativ		85	name	286		3047178		3047178	Yeast [Presence] in Specimen by Wet preparation		Yeast [Presence] in Specimen by Wet preparation	Candida sp [Presence] in Unspecified specimen by Wet mount	Fungi identified by Light microscopy	Candida sp [Presence] in Unspecified specimen by Direct microscopic examination	high		low
cladosp.he	mm	85	name+unit	11								Cladosporium herbarum Ab [Length] in Skin by Skin test	Cladosporium herbarum wheal [Length] by Skin prick test	Cladosporium herbarum [Diameter] in Skin by Scratch test			
cladosp.he	u/ml	85	name+unit+values	69	3005136	3005136		3005136	Cladosporium herbarum IgE Ab [Units/volume] in Serum		Cladosporium herbarum IgE Ab [Units/volume] in Serum	Cladosporium herbarum IgE Ab [Units/volume] in Serum	Cladosporium herbarum IgE Ab [Units/volume] in Serum	Cladosporium herbarum IgE Ab [Units/volume] in Serum	high		high
cladosp.he		85	name	680	3005136	3005136		3005136	Cladosporium herbarum IgE Ab [Units/volume] in Serum		Cladosporium herbarum IgE Ab [Units/volume] in Serum	Cladosporium herbarum IgE Ab [Presence] in Serum	Cladosporium herbarum IgE Ab in Serum	Cladosporium herbarum IgE Ab [Units/volume] in Serum	medium		low
corona229e		85	name	619		3965970		3041642	Human coronavirus 229E RNA [Presence] in Respiratory system specimen by NAA with probe detection		Human coronavirus 229E RNA [Presence] in Specimen by NAA with probe detection	Coronavirus 229E RNA [Presence] in Respiratory specimen by NAA	Human coronavirus 229E RNA [Presence] in Specimen by NAA with probe detection	Human coronavirus 229E RNA [Presence] in Respiratory specimen by NAA with probe detection	high		medium
coronahku1		85	name	619		3964787		40765160	Human coronavirus HKU1 RNA [Presence] in Respiratory system specimen by NAA with probe detection		Human coronavirus HKU1 RNA [Presence] in Specimen by NAA with probe detection	Coronavirus HKU1 RNA [Presence] in Respiratory specimen by NAA	Human coronavirus HKU1 RNA [Presence] in Specimen by NAA with probe detection	Human coronavirus HKU1 RNA [Presence] in Respiratory specimen by NAA with probe detection	high		medium
coronanl63		85	name	619		3965395		3040359	Human coronavirus NL63 RNA [Presence] in Respiratory system specimen by NAA with probe detection		Human coronavirus NL63 RNA [Presence] in Specimen by NAA with probe detection	Coronavirus NL63 RNA [Presence] in Respiratory specimen by NAA	Human coronavirus NL63 RNA [Presence] in Specimen by NAA with probe detection	Human coronavirus NL63 RNA [Presence] in Respiratory specimen by NAA with probe detection	high		medium
coronaoc43		85	name	619		3966673		3038546	Human coronavirus OC43 RNA [Presence] in Respiratory system specimen by NAA with probe detection		Human coronavirus OC43 RNA [Presence] in Specimen by NAA with probe detection	Coronavirus OC43 RNA [Presence] in Respiratory specimen by NAA	Human coronavirus OC43 RNA [Presence] in Specimen by NAA with probe detection	Human coronavirus OC43 RNA [Presence] in Respiratory specimen by NAA with probe detection	high		medium
f-norogi		85	name	261		40758035		40758035	Norovirus genogroup I RNA [Presence] in Stool by NAA with probe detection		Norovirus genogroup I RNA [Presence] in Stool by NAA with probe detection	Norovirus G1 RNA [Presence] in Stool by NAA	Norovirus genogroup I Ag [Presence] in Stool	Norovirus genogroup I RNA [Presence] in Stool by NAA with probe detection	high		high
f-norogii		85	name	261		40758036		40758036	Norovirus genogroup II RNA [Presence] in Stool by NAA with probe detection		Norovirus genogroup II RNA [Presence] in Stool by NAA with probe detection	Norovirus G2 RNA [Presence] in Stool by NAA	Norovirus genogroup II Ag [Presence] in Stool	Norovirus genogroup II RNA [Presence] in Stool by NAA with probe detection	high		high
f-projekti		85	name	469													
hpvpapctgc		85	name	116								Human papillomavirus DNA+Chlamydia trachomatis DNA+Neisseria gonorrhoeae DNA [Presence] in Cervix by NAA	Human Papillomavirus and Chlamydia trachomatis and Neisseria gonorrhoeae panel - Cervix by NAA with probe detection	Human papilloma virus DNA [Presence] in Cervix by NAA with probe detection			
hpvrefctgc		85	name	135								Human papillomavirus DNA [Presence] in Cervix by NAA	Human Papillomavirus reflex Chlamydia trachomatis and Neisseria gonorrhoeae panel - Cervix by NAA with probe detection	Human papilloma virus DNA [Presence] in Cervix by NAA with probe detection			
norogi		85	name	139		1616677		1616677	Norovirus genogroup I RNA [Presence] in Specimen by NAA with probe detection		Norovirus genogroup I RNA [Presence] in Specimen by NAA with probe detection	Norovirus G1 RNA [Presence] in Unspecified specimen by NAA	Norovirus genogroup I RNA [Presence] in Stool by NAA with probe detection	Norovirus genogroup I RNA [Presence] in Stool by NAA with probe detection	high		medium
norogii		85	name	139		1616915		1616915	Norovirus genogroup II RNA [Presence] in Specimen by NAA with probe detection		Norovirus genogroup II RNA [Presence] in Specimen by NAA with probe detection	Norovirus G2 RNA [Presence] in Unspecified specimen by NAA	Norovirus genogroup II RNA [Presence] in Stool by NAA with probe detection	Norovirus genogroup II RNA [Presence] in Stool by NAA with probe detection	high		medium
p-asetoni	mmol/l	85	name+unit+values	171		3020710		3020710	Acetone [Moles/volume] in Serum or Plasma		Acetone [Moles/volume] in Serum or Plasma	Acetone [Moles/volume] in Serum or Plasma	Acetone [Moles/volume] in Plasma	Acetone [Moles/volume] in Serum or Plasma	high		high
p-asetoni		85	name	305		3037286		3020710	Acetone [Presence] in Serum or Plasma by Screen method		Acetone [Moles/volume] in Serum or Plasma	Acetone [Presence] in Serum or Plasma	Acetone in Plasma	Acetone [Moles/volume] in Serum or Plasma	medium		low
p-uraatti	umol/l	85	name+unit+values	6902		3026493		3026493	Urate [Moles/volume] in Serum or Plasma		Urate [Moles/volume] in Serum or Plasma	Urate [Moles/volume] in Serum or Plasma	Urate [Moles/volume] in Plasma	Urate [Moles/volume] in Serum or Plasma	high		high
p-uraatti		85	name	32		3026493		3026493	Urate [Moles/volume] in Serum or Plasma		Urate [Moles/volume] in Serum or Plasma	Urate [Moles/volume] in Serum or Plasma	Urate [Moles/volume] in Plasma	Urate [Moles/volume] in Serum or Plasma	high		medium
projekti1		85	name	160													
s-asetoni	mmol/l	85	name+unit	42		3020710		3020710	Acetone [Moles/volume] in Serum or Plasma		Acetone [Moles/volume] in Serum or Plasma	Acetone [Moles/volume] in Serum or Plasma	Acetone [Moles/volume] in Serum	Acetone [Moles/volume] in Serum or Plasma	high		high
s-asetoni		85	name	414		3037286		3020710	Acetone [Presence] in Serum or Plasma by Screen method		Acetone [Moles/volume] in Serum or Plasma	Acetone [Presence] in Serum or Plasma	Acetone [Moles/volume] in Serum	Acetone [Moles/volume] in Serum or Plasma	medium		low
s-uraatti	umol/l	85	name+unit+values	621	3026493	3026493		3026493	Urate [Moles/volume] in Serum or Plasma		Urate [Moles/volume] in Serum or Plasma	Urate [Moles/volume] in Serum or Plasma	Urate [Moles/volume] in Serum	Urate [Moles/volume] in Serum or Plasma	high		high
s-uraatti		85	name	38		3026493		3026493	Urate [Moles/volume] in Serum or Plasma		Urate [Moles/volume] in Serum or Plasma	Urate [Moles/volume] in Serum or Plasma	Urate [Moles/volume] in Serum	Urate [Moles/volume] in Serum or Plasma	high		medium
s-valproaatti	umol/l	85	name+unit+values	431		3009466		3009466	Valproate [Moles/volume] in Serum or Plasma		Valproate [Moles/volume] in Serum or Plasma	Valproic acid [Moles/volume] in Serum or Plasma	Valproic acid [Moles/volume] in Serum	Valproate [Moles/volume] in Serum or Plasma	high		high
s-valproaatti		85	name	16		3009466		3009466	Valproate [Moles/volume] in Serum or Plasma		Valproate [Moles/volume] in Serum or Plasma	Valproic acid [Moles/volume] in Serum or Plasma	Valproic acid [Moles/volume] in Serum	Valproate [Moles/volume] in Serum or Plasma	high		medium
ts-abortti		85	name	315		3007597			Pathology report gross observation Narrative			Gross description in Products of conception by Macroscopy	Products of conception Pathology study	Products of conception dissection study [Interpretation] in Tissue	low		
u-omactgc		85	name	480		3045281		3045281	Chlamydia trachomatis+Neisseria gonorrhoeae DNA [Presence] in Urine by NAA with probe detection		Chlamydia trachomatis+Neisseria gonorrhoeae DNA [Presence] in Urine by NAA with probe detection	Chlamydia trachomatis+Neisseria gonorrhoeae DNA [Presence] in Urine by NAA	Chlamydia trachomatis and Neisseria gonorrhoeae panel - Urine by NAA with probe detection	Chlamydia trachomatis and Neisseria gonorrhoeae DNA panel - Urine by NAA with probe detection	high		medium
uraatti	umol/l	85	name+unit+values	3560	3026493	3026493		3026493	Urate [Moles/volume] in Serum or Plasma		Urate [Moles/volume] in Serum or Plasma	Urate [Moles/volume] in Serum or Plasma	Urate [Moles/volume] in Serum or Plasma	Urate [Moles/volume] in Serum or Plasma	high		medium
uraatti		85	name	19		3026493		3026493	Urate [Moles/volume] in Serum or Plasma		Urate [Moles/volume] in Serum or Plasma	Urate [Moles/volume] in Serum or Plasma	Urate [Moles/volume] in Serum or Plasma	Urate [Moles/volume] in Serum or Plasma	high		low
-hpvseul		89	name	3483		1091602		3029511	Human papilloma virus DNA [Presence] in Specimen		Human papilloma virus DNA [Presence] in Specimen by NAA with probe detection	Human papillomavirus DNA [Presence] in Cervicovaginal specimen	Human papilloma virus [Presence] in Cervix by NAA with probe detection	Human papilloma virus DNA [Presence] in Cervix by NAA with probe detection	medium		medium
hoikemseul		89	name	526				3037467			Urinalysis macro (dipstick) panel - Urine		Urinalysis panel - Urine	Urinalysis macro (dipstick) panel - Urine			low
hpvseul		89	name	402		1091602		3029511	Human papilloma virus DNA [Presence] in Specimen		Human papilloma virus DNA [Presence] in Specimen by NAA with probe detection	Human papillomavirus DNA [Presence] in Cervicovaginal specimen	Human papilloma virus [Presence] in Cervix by NAA with probe detection	Human papilloma virus DNA [Presence] in Cervix by NAA with probe detection	medium		medium
hörsel		89	name	112		3050943			Newborn hearing screening panel			Hearing screen	Audiometry panel	Hearing screening panel	medium		
luov.seul.		89	name	114		646145						Blood donor infectious disease screen panel - Serum or Plasma	Blood donor screening panel - Blood	Blood donor infectious disease screening panel - Serum or Plasma	low		
näköseula		89	name+values	207		1989068			Visual acuity panel			Vision screen	Visual acuity screen panel	Vision screening [Interpretation]	medium		
oma-kemseu		89	name	242		3037467		3037467	Urinalysis macro (dipstick) panel - Urine		Urinalysis macro (dipstick) panel - Urine	Urinalysis macro (dipstick) panel - Urine	Chemical panel - Serum or Plasma	Urinalysis macro (dipstick) panel - Urine	high		medium
oma-kemseula		89	name	108		3037467		3037467	Urinalysis macro (dipstick) panel - Urine		Urinalysis macro (dipstick) panel - Urine	Urinalysis macro (dipstick) panel - Urine	Chemical panel - Serum or Plasma	Urinalysis macro (dipstick) panel - Urine	high		medium
oma-u-kems		89	name	761		3037467		3037467	Urinalysis macro (dipstick) panel - Urine		Urinalysis macro (dipstick) panel - Urine	Urinalysis macro (dipstick) panel - Urine	Urinalysis panel - Urine	Urinalysis macro (dipstick) panel - Urine	high		medium
oma-u-kemseul		89	name	230		3037467		3037467	Urinalysis macro (dipstick) panel - Urine		Urinalysis macro (dipstick) panel - Urine	Urinalysis macro (dipstick) panel - Urine	Urinalysis panel - Urine	Urinalysis macro (dipstick) panel - Urine	high		medium
rhdnegseul		89	name	161				1761368			RHD gene allele [Identifier] in Plasma cell-free DNA Nominal--fetus	Rh(D) Ab [Presence] in Serum or Plasma	Erythrocyte antibody screen [Presence] in Serum or Plasma	Fetal RHD gene [Presence] in Plasma by Molecular genetics method			low
s-enaseul		89	name	1344		3029075		3013293	Extractable nuclear Ab panel - Serum		Extractable nuclear Ab [Presence] in Serum	Extractable nuclear Ab panel - Serum	Extractable nuclear antigen antibody panel - Serum	Extractable nuclear Ab [Presence] in Serum	high		high
s-ivfseul		89	name	168		646145						IVF screen panel - Serum	Infectious disease antibody screen panel - Serum	Infectious disease screening panel - Serum	medium		
s-tr1seul		89	name	26880	3050129	3050129		3050129	First trimester maternal screen panel - Serum or Plasma		First trimester maternal screen panel - Serum or Plasma	First trimester maternal screen panel - Serum	First trimester fetal aneuploidy screen panel - Serum	First trimester maternal screen panel - Serum	high		high
s-tr2seul		89	name	527				3029318			Maternal screen for fetal abnormalities such as Open Neural Tube Defects, Trisomy 21 or Trisomy 18 panel - Serum or Plasma	Second trimester maternal screen panel - Serum	Second trimester fetal aneuploidy screen panel - Serum	Second trimester maternal screen panel - Serum			low
s-trseul		89	name	125		3029318		3029318	Maternal screen for fetal abnormalities such as Open Neural Tube Defects, Trisomy 21 or Trisomy 18 panel - Serum or Plasma		Maternal screen for fetal abnormalities such as Open Neural Tube Defects, Trisomy 21 or Trisomy 18 panel - Serum or Plasma	Maternal screen panel - Serum	Maternal serum trimester screen panel - Serum	Maternal serum screen panel - Serum	medium		low
s-äit-seul		89	name	7521		3029318		646145	Maternal screen for fetal abnormalities such as Open Neural Tube Defects, Trisomy 21 or Trisomy 18 panel - Serum or Plasma			Maternal screen panel - Serum	Maternal serum screen panel - Serum	Prenatal infectious disease screening panel - Serum	medium		low
s-äit-seula		89	name	117		3029318		646145	Maternal screen for fetal abnormalities such as Open Neural Tube Defects, Trisomy 21 or Trisomy 18 panel - Serum or Plasma			Maternal screen panel - Serum	Maternal serum screen panel - Serum	Prenatal infectious disease screening panel - Serum	medium		low
s-äitseul		89	name	24752		3029318		646145	Maternal screen for fetal abnormalities such as Open Neural Tube Defects, Trisomy 21 or Trisomy 18 panel - Serum or Plasma			Maternal screen panel - Serum	Maternal serum screen panel - Serum	Prenatal infectious disease screening panel - Serum	medium		low
u-huseula		89	name	2519		42870589		42870589	Drugs of abuse panel - Urine by Screen method		Drugs of abuse panel - Urine by Screen method	Drugs of abuse screen panel - Urine	Drugs of abuse panel - Urine	Drugs of abuse screen panel - Urine	high		medium
u-kemseu		89	name	15207	3037467	3037467		3037467	Urinalysis macro (dipstick) panel - Urine		Urinalysis macro (dipstick) panel - Urine	Urinalysis macro (dipstick) panel - Urine	Urinalysis panel - Urine	Urinalysis macro (dipstick) panel - Urine	high		medium
u-kemseul	form	89	name+unit	1298		3037467		3037467	Urinalysis macro (dipstick) panel - Urine		Urinalysis macro (dipstick) panel - Urine	Urinalysis macro (dipstick) panel - Urine	Urinalysis panel - Urine	Urinalysis macro (dipstick) panel - Urine	high		medium
u-kemseul	h	89	name+unit	100		3037467		3037467	Urinalysis macro (dipstick) panel - Urine		Urinalysis macro (dipstick) panel - Urine	Urinalysis macro (dipstick) panel - Urine	Urinalysis panel - Urine	Urinalysis macro (dipstick) panel - Urine	high		medium
u-kemseul		89	name+values	1336031	3037467	3037467		3037467	Urinalysis macro (dipstick) panel - Urine		Urinalysis macro (dipstick) panel - Urine	Urinalysis macro (dipstick) panel - Urine	Urinalysis panel - Urine	Urinalysis macro (dipstick) panel - Urine	high		medium
u-kemseul,		89	name	257		3037467		3037467	Urinalysis macro (dipstick) panel - Urine		Urinalysis macro (dipstick) panel - Urine	Urinalysis macro (dipstick) panel - Urine	Urinalysis panel - Urine	Urinalysis macro (dipstick) panel - Urine	high		medium
u-kemseula		89	name	124		3037467		3037467	Urinalysis macro (dipstick) panel - Urine		Urinalysis macro (dipstick) panel - Urine	Urinalysis macro (dipstick) panel - Urine	Urinalysis panel - Urine	Urinalysis macro (dipstick) panel - Urine	high		medium
u-kemseup		89	name	5478		3037467		3037467	Urinalysis macro (dipstick) panel - Urine		Urinalysis macro (dipstick) panel - Urine	Urinalysis macro (dipstick) panel - Urine	Urinalysis panel - Urine	Urinalysis macro (dipstick) panel - Urine	high		low
äit-seula		89	name	210		3029318		646145	Maternal screen for fetal abnormalities such as Open Neural Tube Defects, Trisomy 21 or Trisomy 18 panel - Serum or Plasma			Maternal screen panel - Serum	Maternal serum screen panel - Serum	Prenatal infectious disease screening panel - Serum	medium		low
b-pvk	%	105	name+unit+values	1036		3019897		3002385	Erythrocyte [DistWidth] in Red Blood Cells by Automated count		Erythrocyte [DistWidth] in Red Blood Cells	Erythrocyte distribution width [Ratio] in Blood by Automated count	Erythrocyte distribution width [Ratio] in Blood	Erythrocyte distribution width [Ratio] in Blood by Automated count	high		medium
b-pvk	e12/l	105	name+unit	180		3020416		3026361	Erythrocytes [#/volume] in Blood by Automated count		Erythrocytes [#/volume] in Blood	Erythrocytes [#/volume] in Blood by Automated count	Erythrocytes [#/volume] in Blood	Erythrocytes [#/volume] in Blood by Automated count	high		medium
b-pvk	e9/l	105	name+unit	180		3000905			Leukocytes [#/volume] in Blood by Automated count			Leukocytes [#/volume] in Blood by Automated count	Leukocytes [#/volume] in Blood	Leukocytes [#/volume] in Blood by Automated count	high		
b-pvk	fl	105	name+unit	191		3023599		3024731	MCV [Entitic mean volume] in Red Blood Cells by Automated count		MCV [Entitic mean volume] in Red Blood Cells	Erythrocyte mean volume [Entitic volume] in Blood by Automated count	Erythrocyte mean corpuscular volume [Entitic volume] in Blood	MCV [Entitic volume] in Blood by Automated count	high		medium
b-pvk	form	105	name+unit	6		40761511		40761511	CBC panel - Blood by Automated count		CBC panel - Blood by Automated count	CBC with platelet panel - Blood by Automated count	CBC panel - Blood	CBC panel - Blood by Automated count	high		medium
b-pvk	g/l	105	name+unit+values	371		3000963		3000963	Hemoglobin [Mass/volume] in Blood		Hemoglobin [Mass/volume] in Blood	Hemoglobin [Mass/volume] in Blood	Hemoglobin [Mass/volume] in Blood	Hemoglobin [Mass/volume] in Blood	high		high
b-pvk	paketti	105	name+unit+values	261		40761511		40761511	CBC panel - Blood by Automated count		CBC panel - Blood by Automated count	CBC with platelet panel - Blood by Automated count	CBC panel - Blood	CBC panel - Blood by Automated count	high		medium
b-pvk	pg	105	name+unit	191		3012030		3035941	MCH [Entitic mass] by Automated count		MCH [Entitic mass]	Erythrocyte mean hemoglobin [Entitic mass] in Blood by Automated count	Erythrocyte mean corpuscular hemoglobin [Entitic mass] in Blood	MCH [Entitic mass] in Blood by Automated count	high		medium
b-pvk		105	name	1084645	40761511	40761511		40761511	CBC panel - Blood by Automated count		CBC panel - Blood by Automated count	CBC with platelet panel - Blood by Automated count	CBC panel - Blood	CBC panel - Blood by Automated count	high		high
b-pvk(pi)		105	name	994		40761511		40761511	CBC panel - Blood by Automated count		CBC panel - Blood by Automated count	CBC with platelet panel - Blood by Automated count	CBC panel - Blood	CBC panel - Blood by Automated count	medium		low
b-pvk+eo		105	name	1355	40758558	40760140		40761511	CBC W Auto Differential panel - Blood		CBC panel - Blood by Automated count	CBC with platelet panel - Blood by Automated count	Eosinophils in Blood	CBC panel - Blood by Automated count	medium		low
b-pvk+kd		105	name	335		40760140		40760140	CBC W Auto Differential panel - Blood		CBC W Auto Differential panel - Blood	CBC with automated differential panel - Blood	CBC with differential panel - Blood	CBC W Auto Differential panel - Blood	high		medium
b-pvk+ne		105	name	301325	40758558	40760140		40761511	CBC W Auto Differential panel - Blood		CBC panel - Blood by Automated count	CBC with platelet panel - Blood by Automated count	Neutrophils in Blood	CBC panel - Blood by Automated count	medium		low
b-pvk+ner		105	name	551				40761511			CBC panel - Blood by Automated count	CBC with platelet panel - Blood by Automated count	CBC panel - Blood	CBC panel - Blood by Automated count			low
b-pvk+t	%	105	name+unit+values	16337		3008342			Neutrophils/Leukocytes in Blood by Automated count			Neutrophils/Leukocytes [# Ratio] in Blood by Automated count	Erythrocyte distribution width [Ratio] in Blood	Lymphocytes/100 leukocytes in Blood by Automated count	low		
b-pvk+t	%g	105	name+unit	229		3011185		3035933	Granulocytes/Leukocytes in Blood by Automated count		Granulocytes/Leukocytes in Blood	Granulocytes/Leukocytes [# Ratio] in Blood by Automated count	Granulocytes/100 leukocytes in Blood	Granulocytes/100 leukocytes in Blood by Automated count	high		low
b-pvk+t	%l	105	name+unit+values	229		3037511		3002030	Lymphocytes/Leukocytes in Blood by Automated count		Lymphocytes/Leukocytes in Blood	Lymphocytes/Leukocytes [# Ratio] in Blood by Automated count	Lymphocytes/100 leukocytes in Blood	Lymphocytes/100 leukocytes in Blood by Automated count	high		medium
b-pvk+t	%m	105	name+unit+values	229		3011948		3019069	Monocytes/Leukocytes in Blood by Automated count		Monocytes/Leukocytes in Blood	Monocytes/Leukocytes [# Ratio] in Blood by Automated count	Monocytes/100 leukocytes in Blood	Monocytes/100 leukocytes in Blood by Automated count	high		medium
b-pvk+t	e12/l	105	name+unit	8		3020416		3026361	Erythrocytes [#/volume] in Blood by Automated count		Erythrocytes [#/volume] in Blood	Erythrocytes [#/volume] in Blood by Automated count	Erythrocytes [#/volume] in Blood	Erythrocytes [#/volume] in Blood by Automated count	high		medium
b-pvk+t	e9/l	105	name+unit+values	4647		3000905		3010813	Leukocytes [#/volume] in Blood by Automated count		Leukocytes [#/volume] in Blood	Leukocytes [#/volume] in Blood by Automated count	Platelets [#/volume] in Blood	Leukocytes [#/volume] in Blood by Automated count	high		low
b-pvk+t	fl	105	name+unit	8		3023599		3024731	MCV [Entitic mean volume] in Red Blood Cells by Automated count		MCV [Entitic mean volume] in Red Blood Cells	Erythrocyte mean volume [Entitic volume] in Blood by Automated count	Platelet mean volume [Entitic volume] in Blood	MCV [Entitic volume] in Blood by Automated count	high		medium
b-pvk+t	form	105	name+unit+values	361		40761511		40761511	CBC panel - Blood by Automated count		CBC panel - Blood by Automated count	CBC with platelet panel - Blood by Automated count	CBC and platelets panel - Blood	CBC panel - Blood by Automated count	high		medium
b-pvk+t	g/l	105	name+unit+values	2746		3009744		3003338	MCHC [Entitic Mass/volume] in Red Blood Cells by Automated count		MCHC [Entitic Mass/volume] in Red Blood Cells	Erythrocyte mean hemoglobin concentration [Mass/volume] in Blood by Automated count	Hemoglobin [Mass/volume] in Blood	MCHC [Mass/volume] in Blood by Automated count	high		high
b-pvk+t	l/l	105	name+unit	6		3023314		3009542	Hematocrit [Volume Fraction] of Blood by Automated count		Hematocrit [Volume Fraction] of Blood by calculation	Hematocrit [Volume Fraction] in Blood by Automated count	Hematocrit [Volume Fraction] in Blood	Hematocrit [Volume Fraction] of Blood by Automated count	high		medium
b-pvk+t	paketti	105	name+unit+values	269		40761511		40761511	CBC panel - Blood by Automated count		CBC panel - Blood by Automated count	CBC with platelet panel - Blood by Automated count	CBC and platelets panel - Blood	CBC panel - Blood by Automated count	high		medium
b-pvk+t	pg	105	name+unit+values	2769		3012030		3035941	MCH [Entitic mass] by Automated count		MCH [Entitic mass]	Erythrocyte mean hemoglobin [Entitic mass] in Blood by Automated count	Erythrocyte mean corpuscular hemoglobin [Entitic mass] in Blood	MCH [Entitic mass] in Blood by Automated count	high		high
b-pvk+t		105	name+values	4547373	40761511	40761511		40761511	CBC panel - Blood by Automated count		CBC panel - Blood by Automated count	CBC with platelet panel - Blood by Automated count	CBC and platelets panel - Blood	CBC panel - Blood by Automated count	high		high
b-pvk+t+e		105	name	1491		40760140		40761511	CBC W Auto Differential panel - Blood		CBC panel - Blood by Automated count	CBC with platelet panel - Blood by Automated count	CBC and platelets panel - Blood	CBC panel - Blood by Automated count	medium		low
b-pvk+t+n		105	name	20012		40760140		40761511	CBC W Auto Differential panel - Blood		CBC panel - Blood by Automated count	CBC with platelet panel - Blood by Automated count	CBC and platelets panel - Blood	CBC panel - Blood by Automated count	medium		low
b-pvk+t+ne		105	name	1150		40760140		40761511	CBC W Auto Differential panel - Blood		CBC panel - Blood by Automated count	CBC with platelet panel - Blood by Automated count	CBC and platelets panel - Blood	CBC panel - Blood by Automated count	medium		low
b-pvk+t+r		105	name	713				40761511			CBC panel - Blood by Automated count	CBC with platelet and reticulocyte panel - Blood by Automated count	CBC and platelets panel - Blood	CBC panel - Blood by Automated count			low
b-pvk+tk		105	name	466		40761511		40761511	CBC panel - Blood by Automated count		CBC panel - Blood by Automated count	CBC with platelet panel - Blood by Automated count	CBC with differential panel - Blood	CBC panel - Blood by Automated count	medium		low
b-pvk+tkd	%	105	name+unit+values	567		3037511			Lymphocytes/Leukocytes in Blood by Automated count			CBC with automated differential panel - Blood	CBC with differential and platelets panel - Blood	CBC W Auto Differential panel - Blood	medium		
b-pvk+tkd	e9/l	105	name+unit	5								CBC with automated differential panel - Blood	CBC with differential and platelets panel - Blood	Leukocytes [#/volume] in Blood by Automated count			
b-pvk+tkd		105	name+values	347141	40758558	40760140		40760140	CBC W Auto Differential panel - Blood		CBC W Auto Differential panel - Blood	CBC with automated differential panel - Blood	CBC with differential and platelets panel - Blood	CBC W Auto Differential panel - Blood	high		high
b-pvk+tkd,baso	%	105	name+unit+values	4387	3022096	3013869		3013869	Basophils/Leukocytes in Blood by Automated count		Basophils/Leukocytes in Blood by Automated count	Basophils/Leukocytes [# Ratio] in Blood by Automated count	Basophils/100 leukocytes in Blood	Basophils/100 leukocytes in Blood by Automated count	high		high
b-pvk+tkd,baso	e9/l	105	name+unit+values	4345	3006315	3013429		3013429	Basophils [#/volume] in Blood by Automated count		Basophils [#/volume] in Blood by Automated count	Basophils [#/volume] in Blood by Automated count	Basophils [#/volume] in Blood	Basophils [#/volume] in Blood by Automated count	high		high
b-pvk+tkd,baso		105	name	28		3013869			Basophils/Leukocytes in Blood by Automated count			Basophils/Leukocytes [# Ratio] in Blood by Automated count	Basophils in Blood	Basophils [#/volume] in Blood by Automated count	high		
b-pvk+tkd,eo	%	105	name+unit+values	4389	3006504	3010457		3010457	Eosinophils/Leukocytes in Blood by Automated count		Eosinophils/Leukocytes in Blood by Automated count	Eosinophils/Leukocytes [# Ratio] in Blood by Automated count	Eosinophils/100 leukocytes in Blood	Eosinophils/100 leukocytes in Blood by Automated count	high		high
b-pvk+tkd,eo	e9/l	105	name+unit+values	4355	3013115	3028615		3028615	Eosinophils [#/volume] in Blood by Automated count		Eosinophils [#/volume] in Blood by Automated count	Eosinophils [#/volume] in Blood by Automated count	Eosinophils [#/volume] in Blood	Eosinophils [#/volume] in Blood by Automated count	high		high
b-pvk+tkd,eo		105	name	35		3010457			Eosinophils/Leukocytes in Blood by Automated count			Eosinophils/Leukocytes [# Ratio] in Blood by Automated count	Eosinophils in Blood	Eosinophils [#/volume] in Blood by Automated count	high		
b-pvk+tkd,eryt	e12/l	105	name+unit+values	4432	3026361	3020416		3020416	Erythrocytes [#/volume] in Blood by Automated count		Erythrocytes [#/volume] in Blood by Automated count	Erythrocytes [#/volume] in Blood by Automated count	Erythrocytes [#/volume] in Blood	Erythrocytes [#/volume] in Blood by Automated count	high		high
b-pvk+tkd,eryt		105	name	28	3026361	3020416		3020416	Erythrocytes [#/volume] in Blood by Automated count		Erythrocytes [#/volume] in Blood by Automated count	Erythrocytes [#/volume] in Blood by Automated count	Erythrocytes in Blood	Erythrocytes [#/volume] in Blood by Automated count	high		medium
b-pvk+tkd,hb	g/l	105	name+unit+values	4431	3000963	3000963		3000963	Hemoglobin [Mass/volume] in Blood		Hemoglobin [Mass/volume] in Blood	Hemoglobin [Mass/volume] in Blood	Hemoglobin [Mass/volume] in Blood	Hemoglobin [Mass/volume] in Blood	high		high
b-pvk+tkd,hb		105	name	28	3000963	3000963		3000963	Hemoglobin [Mass/volume] in Blood		Hemoglobin [Mass/volume] in Blood	Hemoglobin [Mass/volume] in Blood	Hemoglobin in Blood	Hemoglobin [Mass/volume] in Blood	high		medium
b-pvk+tkd,hkr	osuus	105	name+unit+values	4430		3023314		3023314	Hematocrit [Volume Fraction] of Blood by Automated count		Hematocrit [Volume Fraction] of Blood by Automated count	Hematocrit [Volume Fraction] in Blood by Automated count	Hematocrit [Volume Fraction] in Blood	Hematocrit [Volume Fraction] of Blood by Automated count	high		high
b-pvk+tkd,hkr		105	name	28	3009542	3023314		3023314	Hematocrit [Volume Fraction] of Blood by Automated count		Hematocrit [Volume Fraction] of Blood by Automated count	Hematocrit [Volume Fraction] in Blood by Automated count	Hematocrit in Blood	Hematocrit [Volume Fraction] of Blood by Automated count	high		medium
b-pvk+tkd,ig	%	105	name+unit+values	4380	3034092	42869452		42869452	Immature granulocytes/Leukocytes in Blood by Automated count		Immature granulocytes/Leukocytes in Blood by Automated count	Immature granulocytes/Leukocytes [# Ratio] in Blood by Automated count	Immature granulocytes/100 leukocytes in Blood	Immature granulocytes/100 leukocytes in Blood by Automated count	high		high
b-pvk+tkd,ig	e9/l	105	name+unit+values	4329		3041084		3041084	Immature granulocytes [#/volume] in Blood by Automated count		Immature granulocytes [#/volume] in Blood by Automated count	Immature granulocytes [#/volume] in Blood by Automated count	Immature granulocytes [#/volume] in Blood	Immature granulocytes [#/volume] in Blood by Automated count	high		high
b-pvk+tkd,ig		105	name	27	3034092	42869452			Immature granulocytes/Leukocytes in Blood by Automated count			Immature granulocytes/Leukocytes [# Ratio] in Blood by Automated count	Immature granulocytes in Blood	Immature granulocytes [#/volume] in Blood by Automated count	high		
b-pvk+tkd,leuk	e9/l	105	name+unit+values	4441	3010813	3000905		3000905	Leukocytes [#/volume] in Blood by Automated count		Leukocytes [#/volume] in Blood by Automated count	Leukocytes [#/volume] in Blood by Automated count	Leukocytes [#/volume] in Blood	Leukocytes [#/volume] in Blood by Automated count	high		high
b-pvk+tkd,leuk		105	name+values	23	3010813	3000905		3000905	Leukocytes [#/volume] in Blood by Automated count		Leukocytes [#/volume] in Blood by Automated count	Leukocytes [#/volume] in Blood by Automated count	Leukocytes [#/volume] in Blood	Leukocytes [#/volume] in Blood by Automated count	high		high
b-pvk+tkd,lymph	%	105	name+unit+values	4402	3002030	3037511		3037511	Lymphocytes/Leukocytes in Blood by Automated count		Lymphocytes/Leukocytes in Blood by Automated count	Lymphocytes/Leukocytes [# Ratio] in Blood by Automated count	Lymphocytes/100 leukocytes in Blood	Lymphocytes/100 leukocytes in Blood by Automated count	high		high
b-pvk+tkd,lymph	e9/l	105	name+unit+values	4366	3019198	3004327		3004327	Lymphocytes [#/volume] in Blood by Automated count		Lymphocytes [#/volume] in Blood by Automated count	Lymphocytes [#/volume] in Blood by Automated count	Lymphocytes [#/volume] in Blood	Lymphocytes [#/volume] in Blood by Automated count	high		high
b-pvk+tkd,lymph		105	name	39		3037511			Lymphocytes/Leukocytes in Blood by Automated count			Lymphocytes/Leukocytes [# Ratio] in Blood by Automated count	Lymphocytes in Blood	Lymphocytes [#/volume] in Blood by Automated count	high		
b-pvk+tkd,mch	pg	105	name+unit+values	4427	3035941	3012030		3012030	MCH [Entitic mass] by Automated count		MCH [Entitic mass] by Automated count	Erythrocyte mean hemoglobin [Entitic mass] in Blood by Automated count	Erythrocyte mean corpuscular hemoglobin [Entitic mass] in Blood	MCH [Entitic mass] in Blood by Automated count	high		high
b-pvk+tkd,mch		105	name	26	3035941	3012030		3012030	MCH [Entitic mass] by Automated count		MCH [Entitic mass] by Automated count	Erythrocyte mean hemoglobin [Entitic mass] in Blood by Automated count	Erythrocyte mean corpuscular hemoglobin in Blood	MCH [Entitic mass] in Blood by Automated count	high		medium
b-pvk+tkd,mchc	g/l	105	name+unit+values	4422	3003338	3009744		3009744	MCHC [Entitic Mass/volume] in Red Blood Cells by Automated count		MCHC [Entitic Mass/volume] in Red Blood Cells by Automated count	Erythrocyte mean hemoglobin concentration [Mass/volume] in Blood by Automated count	Erythrocyte mean corpuscular hemoglobin concentration [Mass/volume] in Blood	MCHC [Mass/volume] in Blood by Automated count	high		high
b-pvk+tkd,mchc		105	name	27	3003338	3009744		3009744	MCHC [Entitic Mass/volume] in Red Blood Cells by Automated count		MCHC [Entitic Mass/volume] in Red Blood Cells by Automated count	Erythrocyte mean hemoglobin concentration [Mass/volume] in Blood by Automated count	Erythrocyte mean corpuscular hemoglobin concentration in Blood	MCHC [Mass/volume] in Blood by Automated count	high		medium
b-pvk+tkd,mcv	fl	105	name+unit+values	4432	3024731	3023599		3023599	MCV [Entitic mean volume] in Red Blood Cells by Automated count		MCV [Entitic mean volume] in Red Blood Cells by Automated count	Erythrocyte mean volume [Entitic volume] in Blood by Automated count	Erythrocyte mean corpuscular volume [Entitic volume] in Blood	MCV [Entitic volume] in Blood by Automated count	high		high
b-pvk+tkd,mcv		105	name	25	3024731	3023599		3023599	MCV [Entitic mean volume] in Red Blood Cells by Automated count		MCV [Entitic mean volume] in Red Blood Cells by Automated count	Erythrocyte mean volume [Entitic volume] in Blood by Automated count	Erythrocyte mean corpuscular volume in Blood	MCV [Entitic volume] in Blood by Automated count	high		medium
b-pvk+tkd,mono	%	105	name+unit+values	4397	3019069	3011948		3011948	Monocytes/Leukocytes in Blood by Automated count		Monocytes/Leukocytes in Blood by Automated count	Monocytes/Leukocytes [# Ratio] in Blood by Automated count	Monocytes/100 leukocytes in Blood	Monocytes/100 leukocytes in Blood by Automated count	high		high
b-pvk+tkd,mono	e9/l	105	name+unit+values	4364	3001604	3033575		3033575	Monocytes [#/volume] in Blood by Automated count		Monocytes [#/volume] in Blood by Automated count	Monocytes [#/volume] in Blood by Automated count	Monocytes [#/volume] in Blood	Monocytes [#/volume] in Blood by Automated count	high		high
b-pvk+tkd,mono		105	name	32		3011948			Monocytes/Leukocytes in Blood by Automated count			Monocytes/Leukocytes [# Ratio] in Blood by Automated count	Monocytes in Blood	Monocytes [#/volume] in Blood by Automated count	high		
b-pvk+tkd,neut	%	105	name+unit+values	4407	3018010	3008342		3008342	Neutrophils/Leukocytes in Blood by Automated count		Neutrophils/Leukocytes in Blood by Automated count	Neutrophils/Leukocytes [# Ratio] in Blood by Automated count	Neutrophils/100 leukocytes in Blood	Neutrophils/100 leukocytes in Blood by Automated count	high		high
b-pvk+tkd,neut	e9/l	105	name+unit+values	4373	3017732	3013650		3013650	Neutrophils [#/volume] in Blood by Automated count		Neutrophils [#/volume] in Blood by Automated count	Neutrophils [#/volume] in Blood by Automated count	Neutrophils [#/volume] in Blood	Neutrophils [#/volume] in Blood by Automated count	high		high
b-pvk+tkd,neut		105	name	34		3008342			Neutrophils/Leukocytes in Blood by Automated count			Neutrophils/Leukocytes [# Ratio] in Blood by Automated count	Neutrophils in Blood	Neutrophils [#/volume] in Blood by Automated count	high		
b-pvk+tkd,rdw	%	105	name+unit+values	4298	3019897	3019897		3019897	Erythrocyte [DistWidth] in Red Blood Cells by Automated count		Erythrocyte [DistWidth] in Red Blood Cells by Automated count	Erythrocyte distribution width [Ratio] in Blood by Automated count	Erythrocyte distribution width [Ratio] in Blood	Erythrocyte distribution width [Ratio] in Blood by Automated count	high		medium
b-pvk+tkd,rdw		105	name	30	3019897	3019897		3019897	Erythrocyte [DistWidth] in Red Blood Cells by Automated count		Erythrocyte [DistWidth] in Red Blood Cells by Automated count	Erythrocyte distribution width [Ratio] in Blood by Automated count	Erythrocyte distribution width in Blood	Erythrocyte distribution width [Ratio] in Blood by Automated count	high		low
b-pvk+tkd,trom	eg/l	105	name+unit+values	4413		3024929		3024929	Platelets [#/volume] in Blood by Automated count		Platelets [#/volume] in Blood by Automated count	Platelets [#/volume] in Blood by Automated count	Platelets [#/volume] in Blood	Platelets [#/volume] in Blood by Automated count	high		high
b-pvk+tkd,trom		105	name	31		3024929		3024929	Platelets [#/volume] in Blood by Automated count		Platelets [#/volume] in Blood by Automated count	Platelets [#/volume] in Blood by Automated count	Platelets in Blood	Platelets [#/volume] in Blood by Automated count	high		medium
b-pvk+tmd	%	105	name+unit	108	3007461							CBC with 3 part differential panel - Blood	CBC with mini differential and platelets panel - Blood	CBC W Auto Differential panel - Blood			
b-pvk+tmd		105	name	31394	3007461			40760140			CBC W Auto Differential panel - Blood	CBC with 3 part differential panel - Blood	CBC with mini differential and platelets panel - Blood	CBC W Auto Differential panel - Blood			medium
b-pvk-päi		105	name	120		40761511		40761511	CBC panel - Blood by Automated count		CBC panel - Blood by Automated count	CBC with platelet panel - Blood by Automated count	CBC panel - Blood	CBC panel - Blood by Automated count	medium		low
b-pvk-t		105	name	1651		40761511		40761511	CBC panel - Blood by Automated count		CBC panel - Blood by Automated count	CBC with platelet panel - Blood by Automated count	CBC and platelets panel - Blood	CBC panel - Blood by Automated count	high		medium
b-pvk-tkd		105	name	5227		40760140		40760140	CBC W Auto Differential panel - Blood		CBC W Auto Differential panel - Blood	CBC with automated differential panel - Blood	CBC with differential and platelets panel - Blood	CBC W Auto Differential panel - Blood	high		medium
b-pvkt		105	name	540592	40761511	40761511		40761511	CBC panel - Blood by Automated count		CBC panel - Blood by Automated count	CBC with platelet panel - Blood by Automated count	CBC and platelets panel - Blood	CBC panel - Blood by Automated count	high		medium
b-pvkt+re		105	name	3032				40761511			CBC panel - Blood by Automated count	CBC with platelet and reticulocyte panel - Blood by Automated count	CBC, platelets and reticulocytes panel - Blood	CBC panel - Blood by Automated count			low
b-pvktkdr		105	name	6444	40758558			40760140			CBC W Auto Differential panel - Blood	CBC with automated differential and reticulocyte panel - Blood	CBC with differential, platelets and reticulocytes panel - Blood	CBC W Auto Differential panel - Blood			low
b-pvktmdl		105	name	275				40760140			CBC W Auto Differential panel - Blood	CBC with 3 part differential panel - Blood	CBC with mini differential and platelets panel - Blood	CBC W Auto Differential panel - Blood			low
b-pvktmdp		105	name	1012				40760140			CBC W Auto Differential panel - Blood	CBC with 3 part differential panel - Blood	CBC with mini differential and platelets panel - Blood	CBC W Auto Differential panel - Blood			low
b-pvktnee		105	name	9809	40758558	40760140		40761511	CBC W Auto Differential panel - Blood		CBC panel - Blood by Automated count	CBC with platelet panel - Blood by Automated count	CBC panel - Blood	CBC panel - Blood by Automated count	medium		low
b-pvktp		105	name	5212		40761511		40761511	CBC panel - Blood by Automated count		CBC panel - Blood by Automated count	CBC with platelet panel - Blood by Automated count	CBC and platelets panel - Blood	CBC panel - Blood by Automated count	medium		low
b-tvk	%	105	name+unit+values	505		3010457			Eosinophils/Leukocytes in Blood by Automated count			CBC with automated differential panel - Blood	Neutrophils/100 leukocytes in Blood	CBC W Differential panel - Blood	medium		
b-tvk	e9/l	105	name+unit+values	368		3013429		3006315	Basophils [#/volume] in Blood by Automated count		Basophils [#/volume] in Blood	Basophils [#/volume] in Blood by Automated count	Basophils [#/volume] in Blood	Basophils [#/volume] in Blood by Automated count	high		low
b-tvk	fl	105	name+unit	17		3023599		3024731	MCV [Entitic mean volume] in Red Blood Cells by Automated count		MCV [Entitic mean volume] in Red Blood Cells	Erythrocyte mean volume [Entitic volume] in Blood by Automated count	Erythrocyte mean corpuscular volume [Entitic volume] in Blood	MCV [Entitic volume] in Blood by Automated count	high		low
b-tvk	form	105	name+unit	11		40760140		40760140	CBC W Auto Differential panel - Blood		CBC W Auto Differential panel - Blood	CBC with automated differential panel - Blood	Complete blood count panel - Blood	CBC W Differential panel - Blood	high		medium
b-tvk	g/l	105	name+unit	19		3000963			Hemoglobin [Mass/volume] in Blood			Hemoglobin [Mass/volume] in Blood	Hemoglobin [Mass/volume] in Blood	Hemoglobin [Mass/volume] in Blood	high		
b-tvk	paketti	105	name+unit	22		40760140		40760140	CBC W Auto Differential panel - Blood		CBC W Auto Differential panel - Blood	CBC with automated differential panel - Blood	Complete blood count panel - Blood	CBC W Differential panel - Blood	high		medium
b-tvk	pg	105	name+unit	17		3012030		3035941	MCH [Entitic mass] by Automated count		MCH [Entitic mass]	Erythrocyte mean hemoglobin [Entitic mass] in Blood by Automated count	Erythrocyte mean corpuscular hemoglobin [Entitic mass] in Blood	MCH [Entitic mass] in Blood by Automated count	high		medium
b-tvk		105	name	466809	40760892	40760140		40760140	CBC W Auto Differential panel - Blood		CBC W Auto Differential panel - Blood	CBC with automated differential panel - Blood	Complete blood count panel - Blood	CBC W Auto Differential panel - Blood	high		medium
b-tvk+r		105	name	465				40760140			CBC W Auto Differential panel - Blood	CBC with automated differential and reticulocyte panel - Blood	Complete blood count and reticulocytes panel - Blood	CBC W Auto Differential panel - Blood			low
-bakt-he		106	name	111		3020896		3020896	Bacterial susceptibility panel		Bacterial susceptibility panel	Bacteria susceptibility panel - Isolate	Bacteria [Susceptibility]	Bacterial susceptibility panel - Isolate by Minimum inhibitory concentration	high		medium
-bakt-lm		106	name	545		3031246		3027247	Bacteria identified in Isolate		Bacteria identified in Specimen	Bacteria identified in Isolate	Bacteria identified	Bacteria identified in Specimen by Culture	high		low
-baktvi		106	name	1515	3002619	3002619		3002619	Bacteria identified in Specimen by Culture		Bacteria identified in Specimen by Culture	Bacteria identified in Specimen by Culture	Bacteria identified by Culture	Bacteria identified in Specimen by Culture	high		medium
-baktvr		106	name	22025	36305247			3037167			Microscopic observation [Identifier] in Specimen by Gram stain	Bacteria identified in Specimen by Stain	Bacteria identified by Gram stain	Microscopic observation [Identifier] in Specimen by Gram stain			medium
af-baktvi		106	name	262		3043614		3043614	Bacteria identified in Aspirate by Culture		Bacteria identified in Aspirate by Culture	Bacteria identified in Aspirate by Culture	Bacteria identified in Aspirate by Culture	Bacteria identified in Aspirate by Culture	high		medium
as-baktvr		106	name	252				3033336			Microscopic observation [Identifier] in Peritoneal fluid by Gram stain	Bacteria identified in Ascites by Stain	Bacteria identified in Ascitic fluid by Gram stain	Microscopic observation [Identifier] in Peritoneal fluid by Gram stain			medium
b-bakt-vi		106	name	1757		3023368		3023368	Bacteria identified in Blood by Culture		Bacteria identified in Blood by Culture	Bacteria identified in Blood by Culture	Bacteria identified in Blood by Culture	Bacteria identified in Blood by Culture	high		high
b-baktjvi		106	name	28084	3023368			3023368			Bacteria identified in Blood by Culture	Bacteria identified in Blood by Subculture	Bacteria identified in Blood by Culture	Bacteria identified in Blood by Culture			medium
b-baktsvi		106	name	6514		3023368		3023368	Bacteria identified in Blood by Culture		Bacteria identified in Blood by Culture	Bacteria identified in Blood by Culture	Bacteria identified in Blood by Culture	Bacteria identified in Blood by Culture	medium		low
b-baktvi		106	name	506538	3023368	3023368		3023368	Bacteria identified in Blood by Culture		Bacteria identified in Blood by Culture	Bacteria identified in Blood by Culture	Bacteria identified in Blood by Culture	Bacteria identified in Blood by Culture	high		high
b-baktvi.		106	name	2240	3023368	3023368		3023368	Bacteria identified in Blood by Culture		Bacteria identified in Blood by Culture	Bacteria identified in Blood by Culture	Bacteria identified in Blood by Culture	Bacteria identified in Blood by Culture	high		medium
b-baktvij		106	name	1818				3023368			Bacteria identified in Blood by Culture	Bacteria identified in Blood by Subculture	Bacteria identified in Blood by Culture	Bacteria identified in Blood by Culture			medium
bakteerit		106	name	6114		3027247		3042736	Bacteria identified in Specimen		Bacteria [Presence] in Specimen	Bacteria identified in Specimen	Bacteria identified	Bacteria [Presence] in Specimen	high		low
baktlm		106	name	897		3031246		3027247	Bacteria identified in Isolate		Bacteria identified in Specimen	Bacteria identified in Isolate	Bacteria identified	Bacteria identified in Specimen by Culture	high		low
baktvr		106	name	339				3037167			Microscopic observation [Identifier] in Specimen by Gram stain	Bacteria identified in Specimen by Stain	Bacteria identified by Gram stain	Microscopic observation [Identifier] in Specimen by Gram stain			medium
bl-baktvi		106	name	303		1092251		1092251	Bacteria identified in Bronchoalveolar lavage by Culture		Bacteria identified in Bronchoalveolar lavage by Culture	Bacteria identified in Bronchoalveolar lavage by Culture	Bacteria identified in Bronchoalveolar lavage by Culture	Bacteria identified in Bronchoalveolar lavage by Culture	high		medium
bo-baktvi		106	name	312	46234834	46234834		3014398	Bacteria identified in Bone by Anaerobe+Aerobe culture		Bacteria identified in Bone by Aerobe culture	Bacteria identified in Bone by Culture	Bacteria identified in Bone by Culture	Bacteria identified in Bone by Culture	medium		low
ca-baktvi		106	name	1564		3009986		3009986	Bacteria identified in Catheter tip by Culture		Bacteria identified in Catheter tip by Culture	Bacteria identified in Catheter tip by Culture	Bacteria identified in Catheter tip by Culture	Bacteria identified in Catheter tip by Culture	high		high
d-baktvi		106	name	120		3016727			Bacteria identified in Body fluid by Culture			Bacteria identified in Drainage fluid by Culture	Bacteria identified by Culture	Bacteria identified in Drain fluid by Culture	medium		
ex-baktvi		106	name	14096	3023419	3023419		3023419	Bacteria identified in Sputum by Culture		Bacteria identified in Sputum by Culture	Bacteria identified in Sputum by Culture	Bacteria identified in Sputum by Culture	Bacteria identified in Sputum by Culture	high		high
ex-baktvr		106	name	3217				3002516			Microscopic observation [Identifier] in Sputum by Gram stain	Bacteria identified in Sputum by Stain	Bacteria identified in Sputum by Gram stain	Microscopic observation [Identifier] in Sputum by Gram stain			medium
f-baktjvi		106	name	281				3025941			Bacteria identified in Stool by Culture	Bacteria identified in Stool by Subculture	Bacteria identified in Stool by Culture	Bacteria identified in Stool by Culture			medium
f-baktvi1		106	name	32771	3025941	42529411		3025941	Gastrointestinal pathogens panel - Stool by Culture		Bacteria identified in Stool by Culture	Enteric organisms panel - Stool by Culture	Salmonella sp/Shigella sp/Yersinia sp/Campylobacter sp culture panel - Stool by Culture	Bacteria identified in Stool by Enteric bacteria culture	medium		medium
f-baktvi2		106	name	739				3025941			Bacteria identified in Stool by Culture	Stool pathogens panel - Stool by Culture	Clostridium difficile/Staphylococcus aureus/Candida sp culture panel - Stool by Culture	Bacteria identified in Stool by Culture			medium
f-baktvi3		106	name	1380		42529411		3025941	Gastrointestinal pathogens panel - Stool by Culture		Bacteria identified in Stool by Culture	Enteric organisms panel - Stool by Culture	Enteric pathogen extended culture panel - Stool by Culture	Bacteria identified in Stool by Enteric bacteria culture	medium		medium
f-baktvip		106	name	17284		3025941		3025941	Bacteria identified in Stool by Culture		Bacteria identified in Stool by Culture	Bacteria identified in Stool by Culture	Bacteria identified in Stool by Culture	Bacteria identified in Stool by Culture	high		medium
fl-baktna		106	name	154		1092116		44816533	Bacteria DNA [Presence] in Specimen by NAA with probe detection		Bacterial vaginosis DNA panel - Vaginal fluid by NAA with probe detection	Bacteria DNA [Presence] in Vaginal fluid by NAA	Bacteria [Presence] in Vaginal fluid by Light microscopy	Bacteria identified in Vaginal fluid by NAA with probe detection	low		low
fl-baktvr		106	name	11637	3000855	3000855		3000855	Microscopic observation [Identifier] in Vaginal fluid by Gram stain		Microscopic observation [Identifier] in Vaginal fluid by Gram stain	Bacteria identified in Vaginal fluid by Gram stain	Bacteria identified in Vaginal fluid by Gram stain	Microscopic observation [Identifier] in Vaginal fluid by Gram stain	high		high
li-baktvi		106	name	7020	3016914	3016914		3016914	Bacteria identified in Cerebral spinal fluid by Culture		Bacteria identified in Cerebral spinal fluid by Culture	Bacteria identified in Cerebral spinal fluid by Culture	Bacteria identified in Cerebral spinal fluid by Culture	Bacteria identified in Cerebral spinal fluid by Culture	high		high
li-baktvr		106	name	3747	3033386	3001886		3001886	Microscopic observation [Identifier] in Cerebral spinal fluid by Gram stain		Microscopic observation [Identifier] in Cerebral spinal fluid by Gram stain	Bacteria identified in Cerebral spinal fluid by Gram stain	Bacteria identified in Cerebral spinal fluid by Gram stain	Microscopic observation [Identifier] in Cerebral spinal fluid by Gram stain	high		high
pd-baktvi		106	name	917	40763091	40763091		40763091	Bacteria identified in Peritoneal dialysis fluid by Culture		Bacteria identified in Peritoneal dialysis fluid by Culture	Bacteria identified in Peritoneal dialysis fluid by Culture	Bacteria identified in Peritoneal dialysis fluid by Culture	Bacteria identified in Peritoneal dialysis fluid by Culture	high		high
pf-baktvr		106	name	258		3005384		3005384	Microscopic observation [Identifier] in Pleural fluid by Gram stain		Microscopic observation [Identifier] in Pleural fluid by Gram stain	Bacteria identified in Pleural fluid by Stain	Bacteria identified in Pleural fluid by Gram stain	Microscopic observation [Identifier] in Pleural fluid by Gram stain	high		medium
pp-baktnh		106	name	445				1092116			Bacteria DNA [Presence] in Specimen by NAA with probe detection	Bacteria DNA [#/volume] in Gingival crevicular fluid by NAA	Bacteria DNA [#/volume] in Periodontal pocket fluid by Probe	Bacteria identified in Gingival pocket by NAA with probe detection			low
ps-baktvi		106	name	3894		3012475		3012475	Bacteria identified in Throat by Culture		Bacteria identified in Throat by Culture	Bacteria identified in Throat by Culture	Bacteria identified in Throat by Culture	Bacteria identified in Throat by Culture	high		high
pu-baktvi1		106	name	132179	3042936	1469525		3017227	Bacteria identified in Pus by Culture		Bacteria identified in Wound deep by Anaerobe culture	Bacteria identified in Pus by Culture	Bacteria identified in Pus by Culture	Bacteria identified in Wound by Anaerobe culture	high		medium
pu-baktvi2		106	name	97752	3007853	3013867		3014137	Bacteria identified in Specimen by Aerobe culture		Bacteria identified in Wound shallow by Aerobe culture	Bacteria identified in Pus by Aerobic culture	Bacteria identified in Pus by Culture	Bacteria identified in Wound by Aerobe culture	medium		medium
sy-baktvr		106	name	1225		3002389		3002389	Microscopic observation [Identifier] in Synovial fluid by Gram stain		Microscopic observation [Identifier] in Synovial fluid by Gram stain	Bacteria identified in Synovial fluid by Stain	Bacteria identified in Synovial fluid by Gram stain	Microscopic observation [Identifier] in Synovial fluid by Gram stain	high		medium
u-bact		106	name+values	4570	3031040	3031040		1091200	Bacteria [#/volume] in Urine by Automated count		Bacteria [#/volume] in Urine	Bacteria [#/volume] in Urine by Automated count	Bacteria [#/volume] in Urine	Bacteria [#/volume] in Urine by Automated count	high		medium
u-bakt	e6/l	106	name+unit+values	12886	3031040	3031040		1091200	Bacteria [#/volume] in Urine by Automated count		Bacteria [#/volume] in Urine	Bacteria [#/volume] in Urine by Automated count	Bacteria [#/volume] in Urine	Bacteria [#/volume] in Urine by Automated count	high		medium
u-bakt	estimate	106	name+unit	14084	36304419	3004562		36304419	Bacteria [Presence] in Urine sediment by Light microscopy		Bacteria [Presence] in Urine	Bacteria [Presence] in Urine sediment by Microscopy light	Bacteria [Presence] in Urine	Bacteria [Presence] in Urine by Light microscopy	high		low
u-bakt	u/field	106	name+unit	11		1092248		3025255	Bacteria [#/area] in Urine sediment by Microscopy		Bacteria [#/area] in Urine sediment by Microscopy high power field	Bacteria [#/area] in Urine sediment by Microscopy light	Bacteria [#/area] in Urine sediment by Microscopy high power field	Bacteria [#/area] in Urine sediment by Microscopy high power field	high		medium
u-bakt		106	name+values	377251	36304419	3004562		36304419	Bacteria [Presence] in Urine sediment by Light microscopy		Bacteria [Presence] in Urine	Bacteria [Presence] in Urine sediment by Microscopy light	Bacteria [#/volume] in Urine	Bacteria [Presence] in Urine by Light microscopy	high		low
u-bakt-vi		106	name+values	14923		1761482		3026008	Bacteria [#/volume] in Urine by Culture		Bacteria identified in Urine by Culture	Bacteria [#/volume] in Urine by Culture	Bacteria [#/volume] in Urine by Culture	Bacteria identified in Urine by Culture	high		medium
u-bakt.	/sunf	106	name+unit+values	514		3025255		3025255	Bacteria [#/area] in Urine sediment by Microscopy high power field		Bacteria [#/area] in Urine sediment by Microscopy high power field	Bacteria [#/area] in Urine sediment by Microscopy light	Bacteria [#/area] in Urine sediment by Microscopy high power field	Bacteria [#/area] in Urine sediment by Microscopy high power field	high		medium
u-bakt.	/sunfält	106	name+unit	40		3025255		3025255	Bacteria [#/area] in Urine sediment by Microscopy high power field		Bacteria [#/area] in Urine sediment by Microscopy high power field	Bacteria [#/area] in Urine sediment by Microscopy light	Bacteria [#/area] in Urine sediment by Microscopy high power field	Bacteria [#/area] in Urine sediment by Microscopy high power field	high		medium
u-bakt.		106	name	1617		3004562		36304419	Bacteria [Presence] in Urine sediment by Light microscopy		Bacteria [Presence] in Urine	Bacteria [Presence] in Urine sediment	Bacteria [Presence] in Urine	Bacteria [Presence] in Urine	medium		low
u-baktalv		106	name	2258		3026008		3026008	Bacteria identified in Urine by Culture		Bacteria identified in Urine by Culture	Bacteria identified in Urine by Slide culture	Bacteria identified in Urine by Culture.slide	Bacteria identified in Urine by Culture	medium		medium
u-baktb		106	name+values	210		3031040		1091200	Bacteria [#/volume] in Urine by Automated count		Bacteria [#/volume] in Urine	Bacteria [#/volume] in Urine by Automated count	Bacteria [#/volume] in Urine	Bacteria [#/volume] in Urine by Automated count	high		medium
u-baktbv	e6/l	106	name+unit+values	3962	3031040	3031040		1091200	Bacteria [#/volume] in Urine by Automated count		Bacteria [#/volume] in Urine	Bacteria [#/volume] in Urine by Automated count	Bacteria [#/volume] in Urine	Bacteria [#/volume] in Urine by Automated count	high		medium
u-baktbv		106	name	93	3031040	3031040			Bacteria [#/volume] in Urine by Automated count			Bacteria [#/volume] in Urine by Automated count	Bacteria [#/volume] in Urine	Bacteria [#/volume] in Urine	medium		
u-bakteeri		106	name	1711		36304419		36304419	Bacteria [Presence] in Urine		Bacteria [Presence] in Urine	Bacteria [Presence] in Urine	Bacteria [Presence] in Urine	Bacteria [Presence] in Urine	high		low
u-bakteerit	e6/l	106	name+unit+values	1692	3031040	3031040		1091200	Bacteria [#/volume] in Urine by Automated count		Bacteria [#/volume] in Urine	Bacteria [#/volume] in Urine by Automated count	Bacteria [#/volume] in Urine	Bacteria [#/volume] in Urine by Automated count	high		medium
u-bakteerit		106	name	16840	3031040	3031040		36304419	Bacteria [#/volume] in Urine by Automated count		Bacteria [Presence] in Urine	Bacteria [#/volume] in Urine by Automated count	Bacteria [Presence] in Urine	Bacteria [Presence] in Urine by Light microscopy	medium		low
u-baktevi		106	name	18799	3026008			3026008			Bacteria identified in Urine by Culture	Bacteria identified in Urine by Organism specific culture	Bacteria identified in Urine by Culture	Bacteria identified in Urine by Culture			medium
u-baktjvi		106	name	390824	3026008			3026008			Bacteria identified in Urine by Culture	Bacteria identified in Urine by Subculture	Bacteria identified in Urine by Culture	Bacteria identified in Urine by Culture			medium
u-baktjvi.		106	name	11570	3026008			3026008			Bacteria identified in Urine by Culture	Bacteria identified in Urine by Subculture	Bacteria identified in Urine by Culture	Bacteria identified in Urine by Culture			medium
u-baktla		106	name	4577		36304419		3026008	Bacteria [Presence] in Urine		Bacteria identified in Urine by Culture	Bacteria [Presence] in Urine	Bacteria identified in Urine by Culture	Bacteria identified in Urine by Culture	medium		low
u-baktlm		106	name	1437		3031246		3026008	Bacteria identified in Isolate		Bacteria identified in Urine by Culture	Bacteria identified in Urine by Organism specific culture	Bacteria identified in Urine	Bacteria identified in Urine by Culture	high		low
u-baktnim		106	name	111		3031246		3026008	Bacteria identified in Isolate		Bacteria identified in Urine by Culture	Bacteria identified in Urine by Organism specific culture	Bacteria identified in Urine	Bacteria identified in Urine by Culture	high		low
u-bakts		106	name	1045		3021601		3026008	Nitrite [Presence] in Urine by Test strip		Bacteria identified in Urine by Culture	Bacteria [Presence] in Urine by Test strip	Bacteria [Presence] in Urine	Bacteria identified in Urine by Culture	high		low
u-baktseu		106	name	39886	1761482	3021601		36304419	Nitrite [Presence] in Urine by Test strip		Bacteria [Presence] in Urine	Bacteria [Presence] in Urine by Test strip	Bacteria [Presence] in Urine by Screen test	Bacteria identified in Urine by Culture	high		low
u-baktsjvi		106	name	539		3026008		3026008	Bacteria identified in Urine by Culture		Bacteria identified in Urine by Culture	Bacteria identified in Urine by Culture	Bacteria identified in Urine by Culture	Bacteria identified in Urine by Culture	low		low
u-bakttun		106	name	653		3031246		3026008	Bacteria identified in Isolate		Bacteria identified in Urine by Culture	Bacteria identified in Urine by Organism specific culture	Bacteria identified in Urine	Bacteria identified in Urine by Culture	high		low
u-baktv		106	name	1154		3026008		3026008	Bacteria identified in Urine by Culture		Bacteria identified in Urine by Culture	Bacteria identified in Urine by Culture	Bacteria [Presence] in Urine	Bacteria identified in Urine by Culture	medium		low
u-baktvi	e6	106	name+unit	45		1761482		1761482	Bacteria [#/volume] in Urine by Culture		Bacteria [#/volume] in Urine by Culture	Bacteria [#/volume] in Urine by Culture	Bacteria [#/volume] in Urine by Culture	Colony count [#/volume] in Urine by Culture	high		medium
u-baktvi	e6/l	106	name+unit	60	3031040	1761482		1761482	Bacteria [#/volume] in Urine by Culture		Bacteria [#/volume] in Urine by Culture	Bacteria [#/volume] in Urine by Culture	Bacteria [#/volume] in Urine by Culture	Colony count [#/volume] in Urine by Culture	high		medium
u-baktvi	form	106	name+unit	10		3026008		3026008	Bacteria identified in Urine by Culture		Bacteria identified in Urine by Culture	Bacteria identified in Urine by Culture	Bacteria identified in Urine by Culture	Bacteria identified in Urine by Culture	high		medium
u-baktvi		106	name+values	1324678	3031040	1761482		3026008	Bacteria [#/volume] in Urine by Culture		Bacteria identified in Urine by Culture	Bacteria [#/volume] in Urine by Culture	Bacteria [#/volume] in Urine by Culture	Bacteria identified in Urine by Culture	high		high
u-baktvi/		106	name	562		3026008		3026008	Bacteria identified in Urine by Culture		Bacteria identified in Urine by Culture	Bacteria identified in Urine by Culture	Bacteria identified in Urine by Culture	Bacteria identified in Urine by Culture	high		medium
u-baktvi/oma		106	name	629		3026008		3026008	Bacteria identified in Urine by Culture		Bacteria identified in Urine by Culture	Bacteria identified in Urine by Culture	Bacteria identified in Urine by Culture	Bacteria identified in Urine by Culture	high		medium
u-baktvi2		106	name	283				3026008			Bacteria identified in Urine by Culture	Bacteria identified in Urine by Organism specific culture	Bacteria identified in Urine by Culture	Bacteria identified in Urine by Culture			low
u-baktvtk		106	name	1637		36304419		3026008	Bacteria [Presence] in Urine		Bacteria identified in Urine by Culture	Bacteria identified in Urine	Bacteria identified in Urine	Bacteria identified in Urine by Culture	low		low
b-b-cd19	e6/l	110	name+unit+values	913		3010503		3010503	CD19 cells [#/volume] in Blood		CD19 cells [#/volume] in Blood	CD19+ B-lymphocytes [#/volume] in Blood	CD19 cells [#/volume] in Blood by Flow cytometry	CD19 cells [#/volume] in Blood	high		high
b-b-cd19	e9/l	110	name+unit+values	3083	3000060	3010503		3010503	CD19 cells [#/volume] in Blood		CD19 cells [#/volume] in Blood	CD19+ B-lymphocytes [#/volume] in Blood	CD19 cells [#/volume] in Blood by Flow cytometry	CD19 cells [#/volume] in Blood	high		high
b-b-cd19		110	name+values	569	3000060	3010503		3010503	CD19 cells [#/volume] in Blood		CD19 cells [#/volume] in Blood	CD19+ B-lymphocytes [#/volume] in Blood	CD19 cells [#/volume] in Blood by Flow cytometry	CD19 cells [#/volume] in Blood	high		medium
b-cd16/56	e6/l	110	name+unit	12		3020358		3020358	CD16+CD56+ cells [#/volume] in Blood		CD16+CD56+ cells [#/volume] in Blood	CD16+56+ NK cells [#/volume] in Blood	CD16+CD56 cells [#/volume] in Blood by Flow cytometry	Natural killer cells.CD16+CD56+ [#/volume] in Blood	high		medium
b-cd16/56	e9/l	110	name+unit+values	2606		3020358		3020358	CD16+CD56+ cells [#/volume] in Blood		CD16+CD56+ cells [#/volume] in Blood	CD16+56+ NK cells [#/volume] in Blood	CD16+CD56 cells [#/volume] in Blood by Flow cytometry	Natural killer cells.CD16+CD56+ [#/volume] in Blood	high		high
b-cd16/56		110	name	108		3020358		3020358	CD16+CD56+ cells [#/volume] in Blood		CD16+CD56+ cells [#/volume] in Blood	CD16+56+ NK cells [#/volume] in Blood	CD16+CD56 cells [#/volume] in Blood by Flow cytometry	Natural killer cells.CD16+CD56+ [#/volume] in Blood	high		medium
b-cd16/cd56	e9/l	110	name+unit+values	263		3020358		3020358	CD16+CD56+ cells [#/volume] in Blood		CD16+CD56+ cells [#/volume] in Blood	CD16+56+ NK cells [#/volume] in Blood	CD16+CD56 cells [#/volume] in Blood by Flow cytometry	Natural killer cells.CD16+CD56+ [#/volume] in Blood	high		high
b-cd16/cd56		110	name	15		3020358		3020358	CD16+CD56+ cells [#/volume] in Blood		CD16+CD56+ cells [#/volume] in Blood	CD16+56+ NK cells [#/volume] in Blood	CD16+CD56 cells [#/volume] in Blood by Flow cytometry	Natural killer cells.CD16+CD56+ [#/volume] in Blood	high		medium
b-cd19	e6/l	110	name+unit+values	3891	3010503	3010503		3010503	CD19 cells [#/volume] in Blood		CD19 cells [#/volume] in Blood	CD19+ B-lymphocytes [#/volume] in Blood	CD19 cells [#/volume] in Blood by Flow cytometry	CD19 cells [#/volume] in Blood	high		high
b-cd19	e9/l	110	name+unit+values	2870	3010503	3010503		3010503	CD19 cells [#/volume] in Blood		CD19 cells [#/volume] in Blood	CD19+ B-lymphocytes [#/volume] in Blood	CD19 cells [#/volume] in Blood by Flow cytometry	CD19 cells [#/volume] in Blood	high		high
b-cd19		110	name	175	3010503	3010503		3010503	CD19 cells [#/volume] in Blood		CD19 cells [#/volume] in Blood	CD19+ B-lymphocytes [#/volume] in Blood	CD19 cells [#/volume] in Blood by Flow cytometry	CD19 cells [#/volume] in Blood	high		medium
b-cd3	e6/l	110	name+unit	3892	3011412	3011412		3011412	CD3 cells [#/volume] in Blood		CD3 cells [#/volume] in Blood	CD3+ T-lymphocytes [#/volume] in Blood	CD3 cells [#/volume] in Blood by Flow cytometry	CD3 cells [#/volume] in Blood	high		high
b-cd3	e9/l	110	name+unit	2868	3011412	3011412		3011412	CD3 cells [#/volume] in Blood		CD3 cells [#/volume] in Blood	CD3+ T-lymphocytes [#/volume] in Blood	CD3 cells [#/volume] in Blood by Flow cytometry	CD3 cells [#/volume] in Blood	high		high
b-cd3		110	name	204	3011412	3011412		3011412	CD3 cells [#/volume] in Blood		CD3 cells [#/volume] in Blood	CD3+ T-lymphocytes [#/volume] in Blood	CD3 cells [#/volume] in Blood by Flow cytometry	CD3 cells [#/volume] in Blood	high		medium
b-cd34	e6/l	110	name+unit+values	193		3019724		3019724	CD34 cells [#/volume] in Blood		CD34 cells [#/volume] in Blood	CD34+ cells [#/volume] in Blood	CD34 cells [#/volume] in Blood by Flow cytometry	CD34 cells [#/volume] in Blood	high		high
b-cd34		110	name	27		3019724		3019724	CD34 cells [#/volume] in Blood		CD34 cells [#/volume] in Blood	CD34+ cells [#/volume] in Blood	CD34 cells [#/volume] in Blood by Flow cytometry	CD34 cells [#/volume] in Blood	high		medium
b-cd4	e6/l	110	name+unit+values	3893	3028167	3028167		3028167	CD3+CD4+ (T4 helper) cells [#/volume] in Blood		CD3+CD4+ (T4 helper) cells [#/volume] in Blood	CD4+ T-lymphocytes [#/volume] in Blood	CD4 cells [#/volume] in Blood by Flow cytometry	CD4 cells [#/volume] in Blood	high		medium
b-cd4	e9/l	110	name+unit+values	2870		3028167		3028167	CD3+CD4+ (T4 helper) cells [#/volume] in Blood		CD3+CD4+ (T4 helper) cells [#/volume] in Blood	CD4+ T-lymphocytes [#/volume] in Blood	CD4 cells [#/volume] in Blood by Flow cytometry	CD4 cells [#/volume] in Blood	high		medium
b-cd4		110	name	172	3028167	3028167		3028167	CD3+CD4+ (T4 helper) cells [#/volume] in Blood		CD3+CD4+ (T4 helper) cells [#/volume] in Blood	CD4+ T-lymphocytes [#/volume] in Blood	CD4 cells [#/volume] in Blood by Flow cytometry	CD4 cells [#/volume] in Blood	high		medium
b-cd8	e6/l	110	name+unit+values	3892	3001405	3001405		3001405	CD3+CD8+ (T8 suppressor) cells [#/volume] in Blood		CD3+CD8+ (T8 suppressor) cells [#/volume] in Blood	CD8+ T-lymphocytes [#/volume] in Blood	CD8 cells [#/volume] in Blood by Flow cytometry	CD8 cells [#/volume] in Blood	high		medium
b-cd8	e9/l	110	name+unit+values	2870		3001405		3001405	CD3+CD8+ (T8 suppressor) cells [#/volume] in Blood		CD3+CD8+ (T8 suppressor) cells [#/volume] in Blood	CD8+ T-lymphocytes [#/volume] in Blood	CD8 cells [#/volume] in Blood by Flow cytometry	CD8 cells [#/volume] in Blood	high		medium
b-cd8		110	name	172	3001405	3001405		3001405	CD3+CD8+ (T8 suppressor) cells [#/volume] in Blood		CD3+CD8+ (T8 suppressor) cells [#/volume] in Blood	CD8+ T-lymphocytes [#/volume] in Blood	CD8 cells [#/volume] in Blood by Flow cytometry	CD8 cells [#/volume] in Blood	high		medium
b-lcd34	e6/l	110	name+unit+values	251		3019724		3019724	CD34 cells [#/volume] in Blood		CD34 cells [#/volume] in Blood	CD34+ cells [#/volume] in Blood	CD34 cells [#/volume] in Blood by Flow cytometry	CD34 cells [#/volume] in Blood	high		high
b-lcd34	e9/l	110	name+unit+values	475		3019724		3019724	CD34 cells [#/volume] in Blood		CD34 cells [#/volume] in Blood	CD34+ cells [#/volume] in Blood	CD34 cells [#/volume] in Blood by Flow cytometry	CD34 cells [#/volume] in Blood	high		high
b-lcd34		110	name	66		3019724		3019724	CD34 cells [#/volume] in Blood		CD34 cells [#/volume] in Blood	CD34+ cells [#/volume] in Blood	CD34 cells [#/volume] in Blood by Flow cytometry	CD34 cells [#/volume] in Blood	high		medium
b-lycd4		110	name	496		3028167		3028167	CD3+CD4+ (T4 helper) cells [#/volume] in Blood		CD3+CD4+ (T4 helper) cells [#/volume] in Blood	CD4+ T-lymphocytes [#/volume] in Blood	CD4 cells [#/volume] in Blood by Flow cytometry	CD4 cells [#/volume] in Blood	high		low
b-t-cd3	e6/l	110	name+unit	1174	3011412	3011412		3011412	CD3 cells [#/volume] in Blood		CD3 cells [#/volume] in Blood	CD3+ T-lymphocytes [#/volume] in Blood	CD3 cells [#/volume] in Blood by Flow cytometry	CD3+ (T) cells [#/volume] in Blood	high		high
b-t-cd3	e9/l	110	name+unit	2692	3011412	3011412		3011412	CD3 cells [#/volume] in Blood		CD3 cells [#/volume] in Blood	CD3+ T-lymphocytes [#/volume] in Blood	CD3 cells [#/volume] in Blood by Flow cytometry	CD3+ (T) cells [#/volume] in Blood	high		high
b-t-cd3		110	name	304	3011412	3011412		3011412	CD3 cells [#/volume] in Blood		CD3 cells [#/volume] in Blood	CD3+ T-lymphocytes [#/volume] in Blood	CD3 cells [#/volume] in Blood by Flow cytometry	CD3+ (T) cells [#/volume] in Blood	high		medium
b-t-cd4	e6/l	110	name+unit+values	1609		3028167		3028167	CD3+CD4+ (T4 helper) cells [#/volume] in Blood		CD3+CD4+ (T4 helper) cells [#/volume] in Blood	CD4+ T-lymphocytes [#/volume] in Blood	CD4 cells [#/volume] in Blood by Flow cytometry	CD3+CD4+ (T4 helper) cells [#/volume] in Blood	high		high
b-t-cd4	e9/l	110	name+unit+values	6105	3028167	3028167		3028167	CD3+CD4+ (T4 helper) cells [#/volume] in Blood		CD3+CD4+ (T4 helper) cells [#/volume] in Blood	CD4+ T-lymphocytes [#/volume] in Blood	CD4 cells [#/volume] in Blood by Flow cytometry	CD3+CD4+ (T4 helper) cells [#/volume] in Blood	high		high
b-t-cd4		110	name+values	475		3028167		3028167	CD3+CD4+ (T4 helper) cells [#/volume] in Blood		CD3+CD4+ (T4 helper) cells [#/volume] in Blood	CD4+ T-lymphocytes [#/volume] in Blood	CD4 cells [#/volume] in Blood by Flow cytometry	CD3+CD4+ (T4 helper) cells [#/volume] in Blood	high		high
b-t-cd8	e6/l	110	name+unit+values	1174	3001405	3001405		3001405	CD3+CD8+ (T8 suppressor) cells [#/volume] in Blood		CD3+CD8+ (T8 suppressor) cells [#/volume] in Blood	CD8+ T-lymphocytes [#/volume] in Blood	CD8 cells [#/volume] in Blood by Flow cytometry	CD3+CD8+ (T8 suppressor cells) [#/volume] in Blood	high		high
b-t-cd8	e9/l	110	name+unit+values	2753	3001405	3001405		3001405	CD3+CD8+ (T8 suppressor) cells [#/volume] in Blood		CD3+CD8+ (T8 suppressor) cells [#/volume] in Blood	CD8+ T-lymphocytes [#/volume] in Blood	CD8 cells [#/volume] in Blood by Flow cytometry	CD3+CD8+ (T8 suppressor cells) [#/volume] in Blood	high		high
b-t-cd8		110	name	311	3001405	3001405		3001405	CD3+CD8+ (T8 suppressor) cells [#/volume] in Blood		CD3+CD8+ (T8 suppressor) cells [#/volume] in Blood	CD8+ T-lymphocytes [#/volume] in Blood	CD8 cells [#/volume] in Blood by Flow cytometry	CD3+CD8+ (T8 suppressor cells) [#/volume] in Blood	high		medium
bl-cd4/cd8	form	110	name+unit	42		1469655		1469655	CD3+CD4+ (T4 helper) cells/CD3+CD8+ (T8 suppressor cells) cells [# Ratio] in Bronchoalveolar lavage by Flow cytometry (FC)		CD3+CD4+ (T4 helper) cells/CD3+CD8+ (T8 suppressor cells) cells [# Ratio] in Bronchoalveolar lavage by Flow cytometry (FC)	CD4+ T-lymphocytes/CD8+ T-lymphocytes [# Ratio] in Bronchoalveolar lavage	CD4/CD8 [Ratio] in Bronchoalveolar lavage by Flow cytometry	CD4 cells/CD8 cells [# Ratio] in Bronchoalveolar lavage	medium		medium
bl-cd4/cd8		110	name	91		1469655		1469655	CD3+CD4+ (T4 helper) cells/CD3+CD8+ (T8 suppressor cells) cells [# Ratio] in Bronchoalveolar lavage by Flow cytometry (FC)		CD3+CD4+ (T4 helper) cells/CD3+CD8+ (T8 suppressor cells) cells [# Ratio] in Bronchoalveolar lavage by Flow cytometry (FC)	CD4+ T-lymphocytes/CD8+ T-lymphocytes [# Ratio] in Bronchoalveolar lavage	CD4/CD8 [Ratio] in Bronchoalveolar lavage by Flow cytometry	CD4 cells/CD8 cells [# Ratio] in Bronchoalveolar lavage	medium		medium
cd4/cd8		110	name+values	3940	40757349	40757349		40757349	CD3+CD4+ (T4 helper) cells/CD3+CD8+ (T8 suppressor cells) cells [# Ratio] in Blood		CD3+CD4+ (T4 helper) cells/CD3+CD8+ (T8 suppressor cells) cells [# Ratio] in Blood	CD4+ T-lymphocytes/CD8+ T-lymphocytes [# Ratio] in Blood	CD4/CD8 [Ratio] in Blood by Flow cytometry	CD4 cells/CD8 cells [# Ratio] in Blood	high		medium
l-cd34	%	110	name+unit+values	481		3023256		3023256	CD34 cells/cells in Blood		CD34 cells/cells in Blood	CD34+ cells/Leukocytes [# Ratio] in Blood	CD34 cells/100 leukocytes in Blood by Flow cytometry	CD34 cells/100 cells in Blood	medium		high
l-cd34		110	name	41		3023256		3023256	CD34 cells/cells in Blood		CD34 cells/cells in Blood	CD34+ cells/Leukocytes [# Ratio] in Blood	CD34 cells/100 leukocytes in Blood by Flow cytometry	CD34 cells/100 cells in Blood	medium		medium
la-cd34	e6/kg	110	name+unit+values	156		46236971		46236971	CD34 dose in hematopoietic progenitor cell transfusion [#/mass] per recipient body mass		CD34 dose in hematopoietic progenitor cell transfusion [#/mass] per recipient body mass	CD34+ cells [#/Mass] in Apheresis product	CD34 cells [#/mass] in Blood by Flow cytometry	CD34 cells [#/mass] in Leukapheresis product	high		low
la-cd34	e9/l	110	name+unit+values	393		3045389		3045389	CD34 cells [#/volume] in Blood from Blood product unit		CD34 cells [#/volume] in Blood from Blood product unit	CD34+ cells [#/volume] in Apheresis product	CD34 cells [#/volume] in Blood by Flow cytometry	CD34 cells [#/volume] in Leukapheresis product	high		low
la-cd34-ks		110	name	395		36032071			CD34 cells [#] in Blood product unit			CD34+ cells [#] in Apheresis product	CD34 cells [#/volume] in Blood by Flow cytometry	CD34 cells [#/volume] in Leukapheresis product	high		
la-cd34-os	%	110	name+unit+values	393		3030044		3030044	CD34 cells/cells in Blood from Blood product unit		CD34 cells/cells in Blood from Blood product unit	CD34+ cells/Nucleated cells [# Ratio] in Apheresis product	CD34 cells/100 cells in Blood by Flow cytometry	CD34 cells/100 cells in Leukapheresis product	high		low
la-t-cd3	e9/l	110	name+unit	149		1470003		1470003	CD3 cells [#/volume] in Hematopoietic progenitor cells from Blood product unit		CD3 cells [#/volume] in Hematopoietic progenitor cells from Blood product unit	CD3+ T-lymphocytes [#/volume] in Apheresis product	CD3 cells [#/volume] in Blood by Flow cytometry	CD3+ (T) cells [#/volume] in Leukapheresis product	high		low
la-t-cd3		110	name	6		1470003		1470003	CD3 cells [#/volume] in Hematopoietic progenitor cells from Blood product unit		CD3 cells [#/volume] in Hematopoietic progenitor cells from Blood product unit	CD3+ T-lymphocytes [#/volume] in Apheresis product	CD3 cells [#/volume] in Blood by Flow cytometry	CD3+ (T) cells [#/volume] in Leukapheresis product	high		low
la-t-cd4	e9/l	110	name+unit	149				3001694			CD3+CD4+ (T4 helper) cells [#/volume] in Specimen	CD4+ T-lymphocytes [#/volume] in Apheresis product	CD4 cells [#/volume] in Blood by Flow cytometry	CD3+CD4+ (T4 helper) cells [#/volume] in Leukapheresis product			low
la-t-cd4		110	name	6				3001694			CD3+CD4+ (T4 helper) cells [#/volume] in Specimen	CD4+ T-lymphocytes [#/volume] in Apheresis product	CD4 cells [#/volume] in Blood by Flow cytometry	CD3+CD4+ (T4 helper) cells [#/volume] in Leukapheresis product			low
la-t-cd8	e9/l	110	name+unit	149				3038211			CD3+CD8+ (T8 suppressor) cells [#/volume] in Specimen	CD8+ T-lymphocytes [#/volume] in Apheresis product	CD8 cells [#/volume] in Blood by Flow cytometry	CD3+CD8+ (T8 suppressor cells) [#/volume] in Leukapheresis product			low
la-t-cd8		110	name	6				3038211			CD3+CD8+ (T8 suppressor) cells [#/volume] in Specimen	CD8+ T-lymphocytes [#/volume] in Apheresis product	CD8 cells [#/volume] in Blood by Flow cytometry	CD3+CD8+ (T8 suppressor cells) [#/volume] in Leukapheresis product			low
ly-b-cd19	%	110	name+unit+values	1504	3006245	1092118		3016228	CD19 cells/Lymphocytes in Blood		CD19 cells/cells in Blood	CD19+ B-lymphocytes/Lymphocytes [# Ratio] in Blood	CD19 cells/100 lymphocytes in Blood by Flow cytometry	CD19 cells/100 cells in Blood	high		high
ly-b-cd19		110	name	950	3006245	1092118		3016228	CD19 cells/Lymphocytes in Blood		CD19 cells/cells in Blood	CD19+ B-lymphocytes/Lymphocytes [# Ratio] in Blood	CD19 cells/100 lymphocytes in Blood by Flow cytometry	CD19 cells/100 cells in Blood	high		medium
ly-cd16/56	%	110	name+unit+values	3462	3027831	3027831		3015455	CD3-CD16+CD56+ (Natural killer) cells/cells in Blood		CD16+CD56+ cells/cells in Blood	CD16+56+ NK cells/Lymphocytes [# Ratio] in Blood	CD16+CD56 cells/100 lymphocytes in Blood by Flow cytometry	Natural killer cells.CD16+CD56+/100 cells in Blood	medium		medium
ly-cd16/56		110	name	107		3027831		3015455	CD3-CD16+CD56+ (Natural killer) cells/cells in Blood		CD16+CD56+ cells/cells in Blood	CD16+56+ NK cells/Lymphocytes [# Ratio] in Blood	CD16+CD56 cells/100 lymphocytes in Blood by Flow cytometry	Natural killer cells.CD16+CD56+/100 cells in Blood	medium		medium
ly-cd16/cd56	%	110	name+unit+values	262		3027831		3015455	CD3-CD16+CD56+ (Natural killer) cells/cells in Blood		CD16+CD56+ cells/cells in Blood	CD16+56+ NK cells/Lymphocytes [# Ratio] in Blood	CD16+CD56 cells/100 lymphocytes in Blood by Flow cytometry	Natural killer cells.CD16+CD56+/100 cells in Blood	medium		medium
ly-cd16/cd56		110	name	15		3027831		3015455	CD3-CD16+CD56+ (Natural killer) cells/cells in Blood		CD16+CD56+ cells/cells in Blood	CD16+56+ NK cells/Lymphocytes [# Ratio] in Blood	CD16+CD56 cells/100 lymphocytes in Blood by Flow cytometry	Natural killer cells.CD16+CD56+/100 cells in Blood	medium		medium
ly-cd19	%	110	name+unit+values	3462	3016228	3016228		3016228	CD19 cells/cells in Blood		CD19 cells/cells in Blood	CD19+ B-lymphocytes/Lymphocytes [# Ratio] in Blood	CD19 cells/100 lymphocytes in Blood by Flow cytometry	CD19 cells/100 cells in Blood	high		high
ly-cd19		110	name	107	3016228	3016228		3016228	CD19 cells/cells in Blood		CD19 cells/cells in Blood	CD19+ B-lymphocytes/Lymphocytes [# Ratio] in Blood	CD19 cells/100 lymphocytes in Blood by Flow cytometry	CD19 cells/100 cells in Blood	high		medium
ly-cd19-b	%	110	name+unit+values	2507	3006245	3016228		3016228	CD19 cells/cells in Blood		CD19 cells/cells in Blood	CD19+ B-lymphocytes/Lymphocytes [# Ratio] in Blood	CD19 cells/100 lymphocytes in Blood by Flow cytometry	CD19 cells/100 cells in Blood	high		high
ly-cd19-b		110	name	19	3006245	3016228		3016228	CD19 cells/cells in Blood		CD19 cells/cells in Blood	CD19+ B-lymphocytes/Lymphocytes [# Ratio] in Blood	CD19 cells/100 lymphocytes in Blood by Flow cytometry	CD19 cells/100 cells in Blood	high		medium
ly-cd3	%	110	name+unit+values	3726	1175426	1175426		3022533	CD3 cells/Lymphocytes in Blood		CD3 cells/cells in Blood	CD3+ T-lymphocytes/Lymphocytes [# Ratio] in Blood	CD3 cells/100 lymphocytes in Blood by Flow cytometry	CD3 cells/100 cells in Blood	high		high
ly-cd3		110	name	122	1175426	1175426		3022533	CD3 cells/Lymphocytes in Blood		CD3 cells/cells in Blood	CD3+ T-lymphocytes/Lymphocytes [# Ratio] in Blood	CD3 cells/100 lymphocytes in Blood by Flow cytometry	CD3 cells/100 cells in Blood	high		medium
ly-cd4	%	110	name+unit+values	3726	21494815	21494815		3014037	CD4 cells/Lymphocytes in Specimen		CD3+CD4+ (T4 helper) cells/cells in Blood	CD4+ T-lymphocytes/Lymphocytes [# Ratio] in Blood	CD4 cells/100 lymphocytes in Blood by Flow cytometry	CD4 cells/100 cells in Blood	high		medium
ly-cd4		110	name	122		21494815		3014037	CD4 cells/Lymphocytes in Specimen		CD3+CD4+ (T4 helper) cells/cells in Blood	CD4+ T-lymphocytes/Lymphocytes [# Ratio] in Blood	CD4 cells/100 lymphocytes in Blood by Flow cytometry	CD4 cells/100 cells in Blood	high		medium
ly-cd4+8+	%	110	name+unit	41		3037816		3037816	CD4+CD8+ cells/cells in Blood		CD4+CD8+ cells/cells in Blood	CD4+CD8+ T-lymphocytes/Lymphocytes [# Ratio] in Blood	CD4+CD8+ cells/100 lymphocytes in Blood by Flow cytometry	CD4+CD8+ cells/100 cells in Blood	medium		high
ly-cd4+8+		110	name	75		3037816		3037816	CD4+CD8+ cells/cells in Blood		CD4+CD8+ cells/cells in Blood	CD4+CD8+ T-lymphocytes/Lymphocytes [# Ratio] in Blood	CD4+CD8+ cells/100 lymphocytes in Blood by Flow cytometry	CD4+CD8+ cells/100 cells in Blood	medium		medium
ly-cd4-8-	%	110	name+unit+values	207								CD4-CD8- cells/Lymphocytes [# Ratio] in Blood	CD4-CD8- cells/100 lymphocytes in Blood by Flow cytometry	CD4-CD8- cells/100 cells in Blood			
ly-cd4-8-		110	name	77								CD4-CD8- cells/Lymphocytes [# Ratio] in Blood	CD4-CD8- cells/100 lymphocytes in Blood by Flow cytometry	CD4-CD8- cells/100 cells in Blood			
ly-cd4-t	%	110	name+unit+values	4576	21494815	21494815		3014037	CD4 cells/Lymphocytes in Specimen		CD3+CD4+ (T4 helper) cells/cells in Blood	CD4+ T-lymphocytes/Lymphocytes [# Ratio] in Blood	CD4 cells/100 lymphocytes in Blood by Flow cytometry	CD3+CD4+ (T4 helper) cells/100 cells in Blood	high		high
ly-cd4-t		110	name+values	170		21494815		3014037	CD4 cells/Lymphocytes in Specimen		CD3+CD4+ (T4 helper) cells/cells in Blood	CD4+ T-lymphocytes/Lymphocytes [# Ratio] in Blood	CD4 cells/100 lymphocytes in Blood by Flow cytometry	CD3+CD4+ (T4 helper) cells/100 cells in Blood	high		high
ly-cd4/cd8		110	name+values	2752	3020073	40757349		40757349	CD3+CD4+ (T4 helper) cells/CD3+CD8+ (T8 suppressor cells) cells [# Ratio] in Blood		CD3+CD4+ (T4 helper) cells/CD3+CD8+ (T8 suppressor cells) cells [# Ratio] in Blood	CD4+ T-lymphocytes/CD8+ T-lymphocytes [# Ratio] in Blood	CD4/CD8 [Ratio] in Blood by Flow cytometry	CD4 cells/CD8 cells [# Ratio] in Blood	high		high
ly-cd4/cd8suhde		110	name+values	278		40757349		40757349	CD3+CD4+ (T4 helper) cells/CD3+CD8+ (T8 suppressor cells) cells [# Ratio] in Blood		CD3+CD4+ (T4 helper) cells/CD3+CD8+ (T8 suppressor cells) cells [# Ratio] in Blood	CD4+ T-lymphocytes/CD8+ T-lymphocytes [# Ratio] in Blood	CD4/CD8 [Ratio] in Blood by Flow cytometry	CD4 cells/CD8 cells [# Ratio] in Blood	high		high
ly-cd8	%	110	name+unit+values	3725	21494814	21494814		3007449	CD8 cells/Lymphocytes in Specimen		CD3+CD8+ (T8 suppressor) cells/cells in Blood	CD8+ T-lymphocytes/Lymphocytes [# Ratio] in Blood	CD8 cells/100 lymphocytes in Blood by Flow cytometry	CD8 cells/100 cells in Blood	high		medium
ly-cd8		110	name	122		21494814		3007449	CD8 cells/Lymphocytes in Specimen		CD3+CD8+ (T8 suppressor) cells/cells in Blood	CD8+ T-lymphocytes/Lymphocytes [# Ratio] in Blood	CD8 cells/100 lymphocytes in Blood by Flow cytometry	CD8 cells/100 cells in Blood	high		medium
ly-t-cd3	%	110	name+unit+values	3926	1175426	1175426		3022533	CD3 cells/Lymphocytes in Blood		CD3 cells/cells in Blood	CD3+ T-lymphocytes/Lymphocytes [# Ratio] in Blood	CD3 cells/100 lymphocytes in Blood by Flow cytometry	CD3+ (T) cells/100 cells in Blood	high		high
ly-t-cd3		110	name	264	1175426	1175426		3022533	CD3 cells/Lymphocytes in Blood		CD3 cells/cells in Blood	CD3+ T-lymphocytes/Lymphocytes [# Ratio] in Blood	CD3 cells/100 lymphocytes in Blood by Flow cytometry	CD3+ (T) cells/100 cells in Blood	high		medium
ly-t-cd4	%	110	name+unit+values	2006	3014037	21494815		3014037	CD4 cells/Lymphocytes in Specimen		CD3+CD4+ (T4 helper) cells/cells in Blood	CD4+ T-lymphocytes/Lymphocytes [# Ratio] in Blood	CD4 cells/100 lymphocytes in Blood by Flow cytometry	CD3+CD4+ (T4 helper) cells/100 cells in Blood	high		high
ly-t-cd4		110	name	3875	3014037	21494815		3014037	CD4 cells/Lymphocytes in Specimen		CD3+CD4+ (T4 helper) cells/cells in Blood	CD4+ T-lymphocytes/Lymphocytes [# Ratio] in Blood	CD4 cells/100 lymphocytes in Blood by Flow cytometry	CD3+CD4+ (T4 helper) cells/100 cells in Blood	high		high
ly-t-cd4.	%	110	name+unit+values	1462	3014037	21494815		3014037	CD4 cells/Lymphocytes in Specimen		CD3+CD4+ (T4 helper) cells/cells in Blood	CD4+ T-lymphocytes/Lymphocytes [# Ratio] in Blood	CD4 cells/100 lymphocytes in Blood by Flow cytometry	CD3+CD4+ (T4 helper) cells/100 cells in Blood	high		high
ly-t-cd4.		110	name	36		21494815		3014037	CD4 cells/Lymphocytes in Specimen		CD3+CD4+ (T4 helper) cells/cells in Blood	CD4+ T-lymphocytes/Lymphocytes [# Ratio] in Blood	CD4 cells/100 lymphocytes in Blood by Flow cytometry	CD3+CD4+ (T4 helper) cells/100 cells in Blood	high		medium
ly-t-cd4/8	ratio	110	name+unit+values	1816		40757349		40757349	CD3+CD4+ (T4 helper) cells/CD3+CD8+ (T8 suppressor cells) cells [# Ratio] in Blood		CD3+CD4+ (T4 helper) cells/CD3+CD8+ (T8 suppressor cells) cells [# Ratio] in Blood	CD4+ T-lymphocytes/CD8+ T-lymphocytes [# Ratio] in Blood	CD4/CD8 [Ratio] in Blood by Flow cytometry	CD4 cells/CD8 cells [# Ratio] in Blood	high		high
ly-t-cd4/8		110	name+values	224		40757349		40757349	CD3+CD4+ (T4 helper) cells/CD3+CD8+ (T8 suppressor cells) cells [# Ratio] in Blood		CD3+CD4+ (T4 helper) cells/CD3+CD8+ (T8 suppressor cells) cells [# Ratio] in Blood	CD4+ T-lymphocytes/CD8+ T-lymphocytes [# Ratio] in Blood	CD4/CD8 [Ratio] in Blood by Flow cytometry	CD4 cells/CD8 cells [# Ratio] in Blood	high		high
ly-t-cd8	%	110	name+unit+values	2895	3007449	21494814		3007449	CD8 cells/Lymphocytes in Specimen		CD3+CD8+ (T8 suppressor) cells/cells in Blood	CD8+ T-lymphocytes/Lymphocytes [# Ratio] in Blood	CD8 cells/100 lymphocytes in Blood by Flow cytometry	CD3+CD8+ (T8 suppressor cells)/100 cells in Blood	high		high
ly-t-cd8		110	name	245	3007449	21494814		3007449	CD8 cells/Lymphocytes in Specimen		CD3+CD8+ (T8 suppressor) cells/cells in Blood	CD8+ T-lymphocytes/Lymphocytes [# Ratio] in Blood	CD8 cells/100 lymphocytes in Blood by Flow cytometry	CD3+CD8+ (T8 suppressor cells)/100 cells in Blood	high		high
ly-tcd4/8.		110	name+values	2179		40757349		40757349	CD3+CD4+ (T4 helper) cells/CD3+CD8+ (T8 suppressor cells) cells [# Ratio] in Blood		CD3+CD4+ (T4 helper) cells/CD3+CD8+ (T8 suppressor cells) cells [# Ratio] in Blood	CD4+ T-lymphocytes/CD8+ T-lymphocytes [# Ratio] in Blood	CD4/CD8 [Ratio] in Blood by Flow cytometry	CD4 cells/CD8 cells [# Ratio] in Blood	high		high
ly-tt-cd8	%	110	name+unit+values	1219	3007449	21494814		3007449	CD8 cells/Lymphocytes in Specimen		CD3+CD8+ (T8 suppressor) cells/cells in Blood	CD8+ T-lymphocytes/Lymphocytes [# Ratio] in Blood	CD8 cells/100 lymphocytes in Blood by Flow cytometry	CD3+CD8+ (T8 suppressor cells)/100 cells in Blood	medium		medium
ly-tt-cd8		110	name	5		21494814		3007449	CD8 cells/Lymphocytes in Specimen		CD3+CD8+ (T8 suppressor) cells/cells in Blood	CD8+ T-lymphocytes/Lymphocytes [# Ratio] in Blood	CD8 cells/100 lymphocytes in Blood by Flow cytometry	CD3+CD8+ (T8 suppressor cells)/100 cells in Blood	medium		medium
s-gt-cdt	%	110	name+unit	13	3003031	3052708		3052708	Transferrin.carbohydrate deficient/Transferrin.total in Serum or Plasma		Transferrin.carbohydrate deficient/Transferrin.total in Serum or Plasma	Carbohydrate deficient transferrin/Transferrin [Mass Ratio] in Serum	Carbohydrate-deficient transferrin/Transferrin.total [Mass Fraction] in Serum or Plasma	Carbohydrate deficient transferrin/Transferrin.total [Mass Fraction] in Serum	high		medium
s-gt-cdt		110	name+values	2807	3003031	3052708		3052708	Transferrin.carbohydrate deficient/Transferrin.total in Serum or Plasma		Transferrin.carbohydrate deficient/Transferrin.total in Serum or Plasma	Carbohydrate deficient transferrin/Transferrin [Mass Ratio] in Serum	Carbohydrate-deficient transferrin/Transferrin.total [Mass Fraction] in Serum or Plasma	Carbohydrate deficient transferrin/Transferrin.total [Mass Fraction] in Serum	high		medium
so-t-cd3	%	110	name+unit+values	149		3014686			CD3 cells/cells in Specimen			CD3+ T-lymphocytes/Lymphocytes [# Ratio] in Specimen	CD3 cells/100 lymphocytes in Blood by Flow cytometry	CD3+ (T) cells/100 cells in Blood	medium		
so-t-cd3		110	name	6		3014686			CD3 cells/cells in Specimen			CD3+ T-lymphocytes/Lymphocytes [# Ratio] in Specimen	CD3 cells/100 lymphocytes in Blood by Flow cytometry	CD3+ (T) cells/100 cells in Blood	medium		
so-t-cd4	%	110	name+unit+values	149		3000739		3000739	CD3+CD4+ (T4 helper) cells/cells in Specimen		CD3+CD4+ (T4 helper) cells/cells in Specimen	CD4+ T-lymphocytes/Lymphocytes [# Ratio] in Specimen	CD4 cells/100 lymphocytes in Blood by Flow cytometry	CD3+CD4+ (T4 helper) cells/100 cells in Blood	medium		low
so-t-cd4		110	name	6		3000739		3000739	CD3+CD4+ (T4 helper) cells/cells in Specimen		CD3+CD4+ (T4 helper) cells/cells in Specimen	CD4+ T-lymphocytes/Lymphocytes [# Ratio] in Specimen	CD4 cells/100 lymphocytes in Blood by Flow cytometry	CD3+CD4+ (T4 helper) cells/100 cells in Blood	medium		low
so-t-cd8	%	110	name+unit+values	149				3033899			CD3+CD8+ (T8 suppressor) cells/cells in Specimen	CD8+ T-lymphocytes/Lymphocytes [# Ratio] in Specimen	CD8 cells/100 lymphocytes in Blood by Flow cytometry	CD3+CD8+ (T8 suppressor cells)/100 cells in Blood			low
so-t-cd8		110	name	6				3033899			CD3+CD8+ (T8 suppressor) cells/cells in Specimen	CD8+ T-lymphocytes/Lymphocytes [# Ratio] in Specimen	CD8 cells/100 lymphocytes in Blood by Flow cytometry	CD3+CD8+ (T8 suppressor cells)/100 cells in Blood			low
-c19agvt		111	name	139				723477			SARS-CoV-2 (COVID-19) Ag [Presence] in Respiratory system specimen by Rapid immunoassay	SARS-CoV-2 (COVID-19) Ag [Presence] in Respiratory specimen	SARS-CoV-2 Ag [Presence] in Nasopharynx by Rapid immunoassay	SARS-CoV-2 (COVID-19) Ag [Presence] in Respiratory specimen by Rapid immunoassay			medium
-covidjt		111	name	396								SARS-CoV-2 (COVID-19) [Presence] in Respiratory specimen	SARS-CoV-2 [Presence] in Nasopharynx by NAA with probe detection	SARS-CoV-2 (COVID-19) RNA [Presence] in Respiratory specimen by NAA with probe detection			
-cv19ag	%	111	name+unit	13		36033641		723477	SARS-CoV-2 (COVID-19) Ag [Presence] in Upper respiratory specimen by Rapid immunoassay		SARS-CoV-2 (COVID-19) Ag [Presence] in Respiratory system specimen by Rapid immunoassay	SARS-CoV-2 (COVID-19) Ag [Presence] in Respiratory specimen	SARS-CoV-2 Ag [Presence] in Nasopharynx by Rapid immunoassay	SARS-CoV-2 (COVID-19) Ag [Presence] in Respiratory specimen by Rapid immunoassay	low		low
-cv19ag	e12/l	111	name+unit	7		36033641		723477	SARS-CoV-2 (COVID-19) Ag [Presence] in Upper respiratory specimen by Rapid immunoassay		SARS-CoV-2 (COVID-19) Ag [Presence] in Respiratory system specimen by Rapid immunoassay	SARS-CoV-2 (COVID-19) Ag [Presence] in Respiratory specimen	SARS-CoV-2 Ag [Presence] in Nasopharynx by Rapid immunoassay	SARS-CoV-2 (COVID-19) Ag [Presence] in Respiratory specimen by Rapid immunoassay	low		low
-cv19ag	e9/l	111	name+unit	19		36033641		723477	SARS-CoV-2 (COVID-19) Ag [Presence] in Upper respiratory specimen by Rapid immunoassay		SARS-CoV-2 (COVID-19) Ag [Presence] in Respiratory system specimen by Rapid immunoassay	SARS-CoV-2 (COVID-19) Ag [Presence] in Respiratory specimen	SARS-CoV-2 Ag [Presence] in Nasopharynx by Rapid immunoassay	SARS-CoV-2 (COVID-19) Ag [Presence] in Respiratory specimen by Rapid immunoassay	low		low
-cv19ag	fl	111	name+unit	8		36033641		723477	SARS-CoV-2 (COVID-19) Ag [Presence] in Upper respiratory specimen by Rapid immunoassay		SARS-CoV-2 (COVID-19) Ag [Presence] in Respiratory system specimen by Rapid immunoassay	SARS-CoV-2 (COVID-19) Ag [Presence] in Respiratory specimen	SARS-CoV-2 Ag [Presence] in Nasopharynx by Rapid immunoassay	SARS-CoV-2 (COVID-19) Ag [Presence] in Respiratory specimen by Rapid immunoassay	low		low
-cv19ag	g/l	111	name+unit	15		36033641		723477	SARS-CoV-2 (COVID-19) Ag [Presence] in Upper respiratory specimen by Rapid immunoassay		SARS-CoV-2 (COVID-19) Ag [Presence] in Respiratory system specimen by Rapid immunoassay	SARS-CoV-2 (COVID-19) Ag [Presence] in Respiratory specimen	SARS-CoV-2 Ag [Presence] in Nasopharynx by Rapid immunoassay	SARS-CoV-2 (COVID-19) Ag [Presence] in Respiratory specimen by Rapid immunoassay	low		low
-cv19ag	mmol/l	111	name+unit	25		36033641		723477	SARS-CoV-2 (COVID-19) Ag [Presence] in Upper respiratory specimen by Rapid immunoassay		SARS-CoV-2 (COVID-19) Ag [Presence] in Respiratory system specimen by Rapid immunoassay	SARS-CoV-2 (COVID-19) Ag [Presence] in Respiratory specimen	SARS-CoV-2 Ag [Presence] in Nasopharynx by Rapid immunoassay	SARS-CoV-2 (COVID-19) Ag [Presence] in Respiratory specimen by Rapid immunoassay	low		low
-cv19ag	pg	111	name+unit	8		36033641		723477	SARS-CoV-2 (COVID-19) Ag [Presence] in Upper respiratory specimen by Rapid immunoassay		SARS-CoV-2 (COVID-19) Ag [Presence] in Respiratory system specimen by Rapid immunoassay	SARS-CoV-2 (COVID-19) Ag [Presence] in Respiratory specimen	SARS-CoV-2 Ag [Presence] in Nasopharynx by Rapid immunoassay	SARS-CoV-2 (COVID-19) Ag [Presence] in Respiratory specimen by Rapid immunoassay	low		low
-cv19ag	u/l	111	name+unit	5		36033641		723477	SARS-CoV-2 (COVID-19) Ag [Presence] in Upper respiratory specimen by Rapid immunoassay		SARS-CoV-2 (COVID-19) Ag [Presence] in Respiratory system specimen by Rapid immunoassay	SARS-CoV-2 (COVID-19) Ag [Presence] in Respiratory specimen	SARS-CoV-2 Ag [Presence] in Nasopharynx by Rapid immunoassay	SARS-CoV-2 (COVID-19) Ag [Presence] in Respiratory specimen by Rapid immunoassay	low		low
-cv19ag	ug/l	111	name+unit	6		36033641		723477	SARS-CoV-2 (COVID-19) Ag [Presence] in Upper respiratory specimen by Rapid immunoassay		SARS-CoV-2 (COVID-19) Ag [Presence] in Respiratory system specimen by Rapid immunoassay	SARS-CoV-2 (COVID-19) Ag [Presence] in Respiratory specimen	SARS-CoV-2 Ag [Presence] in Nasopharynx by Rapid immunoassay	SARS-CoV-2 (COVID-19) Ag [Presence] in Respiratory specimen by Rapid immunoassay	low		low
-cv19ag	umol/l	111	name+unit	6		36033641		723477	SARS-CoV-2 (COVID-19) Ag [Presence] in Upper respiratory specimen by Rapid immunoassay		SARS-CoV-2 (COVID-19) Ag [Presence] in Respiratory system specimen by Rapid immunoassay	SARS-CoV-2 (COVID-19) Ag [Presence] in Respiratory specimen	SARS-CoV-2 Ag [Presence] in Nasopharynx by Rapid immunoassay	SARS-CoV-2 (COVID-19) Ag [Presence] in Respiratory specimen by Rapid immunoassay	low		low
-cv19ag		111	name	11991	36032419	36033641		723477	SARS-CoV-2 (COVID-19) Ag [Presence] in Upper respiratory specimen by Rapid immunoassay		SARS-CoV-2 (COVID-19) Ag [Presence] in Respiratory system specimen by Rapid immunoassay	SARS-CoV-2 (COVID-19) Ag [Presence] in Respiratory specimen	SARS-CoV-2 Ag [Presence] in Nasopharynx by Rapid immunoassay	SARS-CoV-2 (COVID-19) Ag [Presence] in Respiratory specimen by Rapid immunoassay	medium		medium
-cv19ag0		111	name	3845		36033641		723477	SARS-CoV-2 (COVID-19) Ag [Presence] in Upper respiratory specimen by Rapid immunoassay		SARS-CoV-2 (COVID-19) Ag [Presence] in Respiratory system specimen by Rapid immunoassay	SARS-CoV-2 (COVID-19) Ag [Presence] in Respiratory specimen by Rapid immunoassay	SARS-CoV-2 Ag [Presence] in Nasopharynx by Rapid immunoassay	SARS-CoV-2 (COVID-19) Ag [Presence] in Respiratory specimen by Rapid immunoassay	high		high
-cv19ag1		111	name	504		36033641		723477	SARS-CoV-2 (COVID-19) Ag [Presence] in Upper respiratory specimen by Rapid immunoassay		SARS-CoV-2 (COVID-19) Ag [Presence] in Respiratory system specimen by Rapid immunoassay	SARS-CoV-2 (COVID-19) Ag [Presence] in Respiratory specimen by Rapid immunoassay	SARS-CoV-2 Ag [Presence] in Nasopharynx by Rapid immunoassay	SARS-CoV-2 (COVID-19) Ag [Presence] in Respiratory specimen by Rapid immunoassay	high		high
-cv19ag2		111	name	204		36033641		723477	SARS-CoV-2 (COVID-19) Ag [Presence] in Upper respiratory specimen by Rapid immunoassay		SARS-CoV-2 (COVID-19) Ag [Presence] in Respiratory system specimen by Rapid immunoassay	SARS-CoV-2 (COVID-19) Ag [Presence] in Respiratory specimen by Rapid immunoassay	SARS-CoV-2 Ag [Presence] in Nasopharynx by Rapid immunoassay	SARS-CoV-2 (COVID-19) Ag [Presence] in Respiratory specimen by Rapid immunoassay	high		medium
-cv19ag3		111	name	270		36033641		36033643	SARS-CoV-2 (COVID-19) Ag [Presence] in Upper respiratory specimen by Rapid immunoassay		Influenza virus A and B and SARS-CoV-2 (COVID-19) Ag panel - Upper respiratory specimen by Rapid immunoassay	SARS-CoV-2 (COVID-19) Ag [Presence] in Respiratory specimen by Rapid immunoassay	Influenza virus A+B and Respiratory syncytial virus Ag panel - Nasopharynx by Rapid immunoassay	SARS-CoV-2 (COVID-19) and Influenza virus A and B Ag panel - Respiratory specimen by Rapid immunoassay	high		low
-cv19ag4		111	name	20852	36032419	36033641		723477	SARS-CoV-2 (COVID-19) Ag [Presence] in Upper respiratory specimen by Rapid immunoassay		SARS-CoV-2 (COVID-19) Ag [Presence] in Respiratory system specimen by Rapid immunoassay	SARS-CoV-2 (COVID-19) Ag [Presence] in Respiratory specimen by Rapid immunoassay	SARS-CoV-2 Ag [Presence] in Nasopharynx by Rapid immunoassay	SARS-CoV-2 (COVID-19) Ag [Presence] in Respiratory specimen by Rapid immunoassay	high		high
-cv19ag5		111	name	15481	36033641	36033641		723477	SARS-CoV-2 (COVID-19) Ag [Presence] in Upper respiratory specimen by Rapid immunoassay		SARS-CoV-2 (COVID-19) Ag [Presence] in Respiratory system specimen by Rapid immunoassay	SARS-CoV-2 (COVID-19) Ag [Presence] in Respiratory specimen by Rapid immunoassay	SARS-CoV-2 Ag [Presence] in Nasopharynx by Rapid immunoassay	SARS-CoV-2 (COVID-19) Ag [Presence] in Respiratory specimen by Rapid immunoassay	high		high
-cv19agj		111	name	1370		36033641		723477	SARS-CoV-2 (COVID-19) Ag [Presence] in Upper respiratory specimen by Rapid immunoassay		SARS-CoV-2 (COVID-19) Ag [Presence] in Respiratory system specimen by Rapid immunoassay	SARS-CoV-2 (COVID-19) Ag [Presence] in Respiratory specimen	SARS-CoV-2 Ag [Presence] in Nasopharynx by Rapid immunoassay	SARS-CoV-2 (COVID-19) Ag [Presence] in Respiratory specimen by Rapid immunoassay	medium		medium
-cv19agl		111	name	391		36033641		723477	SARS-CoV-2 (COVID-19) Ag [Presence] in Upper respiratory specimen by Rapid immunoassay		SARS-CoV-2 (COVID-19) Ag [Presence] in Respiratory system specimen by Rapid immunoassay	SARS-CoV-2 (COVID-19) Ag [Presence] in Respiratory specimen	SARS-CoV-2 Ag [Presence] in Nasopharynx by Rapid immunoassay	SARS-CoV-2 (COVID-19) Ag [Presence] in Respiratory specimen by Rapid immunoassay	medium		medium
-cv19nho		111	name	891531	706163	706163		706163	SARS-CoV-2 (COVID-19) RNA [Presence] in Respiratory system specimen by NAA with probe detection		SARS-CoV-2 (COVID-19) RNA [Presence] in Respiratory system specimen by NAA with probe detection	SARS-CoV-2 (COVID-19) RNA [Presence] in Respiratory specimen by NAA with probe detection	SARS-CoV-2 RNA [Presence] in Respiratory specimen by NAA with probe detection	SARS-CoV-2 (COVID-19) RNA [Presence] in Respiratory specimen by NAA with probe detection	high		high
-cv19pika		111	name	8349	586526	36033641		723477	SARS-CoV-2 (COVID-19) Ag [Presence] in Upper respiratory specimen by Rapid immunoassay		SARS-CoV-2 (COVID-19) Ag [Presence] in Respiratory system specimen by Rapid immunoassay	SARS-CoV-2 (COVID-19) Ag [Presence] in Respiratory specimen by Rapid immunoassay	SARS-CoV-2 Ag [Presence] in Nasopharynx by Rapid immunoassay	SARS-CoV-2 (COVID-19) Ag [Presence] in Respiratory specimen by Rapid immunoassay	high		medium
-cv19vt		111	name	1271				723477			SARS-CoV-2 (COVID-19) Ag [Presence] in Respiratory system specimen by Rapid immunoassay	SARS-CoV-2 (COVID-19) [Presence] in Respiratory specimen	SARS-CoV-2 antibody [Presence] in Serum	SARS-CoV-2 (COVID-19) Ag [Presence] in Respiratory specimen by Rapid immunoassay			low
b-cv19ab-o		111	name	325		586515		36661369	SARS-CoV-2 (COVID-19) Ab [Presence] in Serum or Plasma by Immunoassay		SARS-CoV-2 (COVID-19) Ab [Presence] in Serum, Plasma or Blood by Rapid immunoassay	SARS-CoV-2 (COVID-19) Ab [Presence] in Serum or Plasma	SARS-CoV-2 antibody [Presence] in Blood	SARS-CoV-2 (COVID-19) Ab [Presence] in Serum or Plasma by Rapid immunoassay	high		medium
b-cv19abg		111	name	232		706177		706181	SARS-CoV-2 (COVID-19) IgG Ab [Units/volume] in Serum or Plasma by Immunoassay		SARS-CoV-2 (COVID-19) IgG Ab [Presence] in Serum, Plasma or Blood by Rapid immunoassay	SARS-CoV-2 (COVID-19) IgG Ab [Units/volume] in Serum or Plasma	SARS-CoV-2 antibody.IgG [Presence] in Blood	SARS-CoV-2 (COVID-19) IgG Ab [Presence] in Serum or Plasma by Rapid immunoassay	high		medium
b-cv19abm		111	name	233		706178		706180	SARS-CoV-2 (COVID-19) IgM Ab [Units/volume] in Serum or Plasma by Immunoassay		SARS-CoV-2 (COVID-19) IgM Ab [Presence] in Serum, Plasma or Blood by Rapid immunoassay	SARS-CoV-2 (COVID-19) IgM Ab [Units/volume] in Serum or Plasma	SARS-CoV-2 antibody.IgM [Presence] in Blood	SARS-CoV-2 (COVID-19) IgM Ab [Presence] in Serum or Plasma by Rapid immunoassay	high		medium
cldinho		111	name	111	3051552	3006093		3966351	Chlamydia trachomatis DNA [Presence] in Specimen by NAA with probe detection		Clostridioides difficile DNA [Presence] in Stool by NAA with probe detection	Chlamydia trachomatis DNA [Presence] in Specimen by NAA with probe detection	Chlamydia trachomatis DNA [Presence] by NAA with probe detection	Clostridioides difficile toxin A+B gene [Presence] in Stool by NAA with probe detection	high		low
covid-19aghoi		111	name	476		36033641		723477	SARS-CoV-2 (COVID-19) Ag [Presence] in Upper respiratory specimen by Rapid immunoassay		SARS-CoV-2 (COVID-19) Ag [Presence] in Respiratory system specimen by Rapid immunoassay	SARS-CoV-2 (COVID-19) Ag [Presence] in Respiratory specimen by Rapid immunoassay	SARS-CoV-2 Ag [Presence] in Nasopharynx by Rapid immunoassay	SARS-CoV-2 (COVID-19) Ag [Presence] in Respiratory specimen by Rapid immunoassay	medium		medium
cv19ag		111	name	985		36033641		723477	SARS-CoV-2 (COVID-19) Ag [Presence] in Upper respiratory specimen by Rapid immunoassay		SARS-CoV-2 (COVID-19) Ag [Presence] in Respiratory system specimen by Rapid immunoassay	SARS-CoV-2 (COVID-19) Ag [Presence] in Respiratory specimen	SARS-CoV-2 Ag [Presence] in Nasopharynx by Rapid immunoassay	SARS-CoV-2 (COVID-19) Ag [Presence] in Respiratory specimen by Rapid immunoassay	medium		medium
cv19infrs		111	name	7932		36031861		36031861	Influenza virus A and B and SARS-CoV-2 (COVID-19) and Respiratory syncytial virus RNA panel - Respiratory system specimen by NAA with probe detection		Influenza virus A and B and SARS-CoV-2 (COVID-19) and Respiratory syncytial virus RNA panel - Respiratory system specimen by NAA with probe detection	Influenza virus A and B and SARS-CoV-2 (COVID-19) and Respiratory syncytial virus RNA panel - Respiratory specimen by NAA	SARS-CoV-2, Influenza virus A+B and Respiratory syncytial virus RNA panel - Respiratory specimen by NAA with probe detection	SARS-CoV-2 (COVID-19) and Influenza virus A and B and Respiratory syncytial virus RNA panel - Respiratory specimen by NAA with probe detection	high		medium
cv19nho		111	name	71412	706163	706163		706163	SARS-CoV-2 (COVID-19) RNA [Presence] in Respiratory system specimen by NAA with probe detection		SARS-CoV-2 (COVID-19) RNA [Presence] in Respiratory system specimen by NAA with probe detection	SARS-CoV-2 (COVID-19) RNA [Presence] in Respiratory specimen by NAA with probe detection	SARS-CoV-2 RNA [Presence] in Respiratory specimen by NAA with probe detection	SARS-CoV-2 (COVID-19) RNA [Presence] in Respiratory specimen by NAA with probe detection	high		high
cv19nhopth		111	name	159		706163		706163	SARS-CoV-2 (COVID-19) RNA [Presence] in Respiratory system specimen by NAA with probe detection		SARS-CoV-2 (COVID-19) RNA [Presence] in Respiratory system specimen by NAA with probe detection	SARS-CoV-2 (COVID-19) RNA [Presence] in Respiratory specimen by NAA with probe detection	SARS-CoV-2 RNA [Presence] in Respiratory specimen by NAA with probe detection	SARS-CoV-2 (COVID-19) RNA [Presence] in Respiratory specimen by NAA with probe detection	high		medium
cv19sekv		111	name	120		36033652		36033667	SARS-CoV-2 (COVID-19) lineage [Identifier] in Specimen by Molecular genetics method		SARS-CoV-2 (COVID-19) variant [Type] in Specimen by Sequencing	SARS-CoV-2 (COVID-19) whole genome [Identifier] in Respiratory specimen by Sequencing	SARS-CoV-2 [Identifier] in Respiratory specimen by Sequencing	SARS-CoV-2 (COVID-19) variant identified in Respiratory specimen by Sequencing	high		medium
oma-covid-o		111	name	1391		36033641		723477	SARS-CoV-2 (COVID-19) Ag [Presence] in Upper respiratory specimen by Rapid immunoassay		SARS-CoV-2 (COVID-19) Ag [Presence] in Respiratory system specimen by Rapid immunoassay	SARS-CoV-2 (COVID-19) Ag [Presence] in Nasal specimen by Rapid immunoassay	SARS-CoV-2 Ag [Presence] in Nasopharynx by Rapid immunoassay	SARS-CoV-2 (COVID-19) Ag [Presence] in Respiratory specimen by Rapid immunoassay	high		low
p-c1qabg	u/ml	111	name+unit	88	3042951			3042951			Complement C1q Ab [Units/volume] in Serum	Complement C1q IgG Ab [Units/volume] in Plasma	Complement C1q antibody.IgG [Units/volume] in Plasma	Complement C1q IgG Ab [Units/volume] in Serum or Plasma			low
p-c1qabg		111	name	195	3042951							Complement C1q IgG Ab [Units/volume] in Plasma	Complement C1q antibody.IgG [Units/volume] in Plasma	Complement C1q IgG Ab [Units/volume] in Serum or Plasma			
pika-covid-19ag		111	name	290		36033641		723477	SARS-CoV-2 (COVID-19) Ag [Presence] in Upper respiratory specimen by Rapid immunoassay		SARS-CoV-2 (COVID-19) Ag [Presence] in Respiratory system specimen by Rapid immunoassay	SARS-CoV-2 (COVID-19) Ag [Presence] in Respiratory specimen by Rapid immunoassay	SARS-CoV-2 Ag [Presence] in Nasopharynx by Rapid immunoassay	SARS-CoV-2 (COVID-19) Ag [Presence] in Respiratory specimen by Rapid immunoassay	high		high
s-cv19ab	au/ml	111	name+unit	36		586522		586522	SARS-CoV-2 (COVID-19) Ab [Units/volume] in Serum or Plasma by Immunoassay		SARS-CoV-2 (COVID-19) Ab [Units/volume] in Serum or Plasma by Immunoassay	SARS-CoV-2 (COVID-19) Ab [Units/volume] in Serum	SARS-CoV-2 antibody [Units/volume] in Serum	SARS-CoV-2 (COVID-19) Ab [Units/volume] in Serum or Plasma by Immunoassay	high		medium
s-cv19ab		111	name	3692		586522		586515	SARS-CoV-2 (COVID-19) Ab [Units/volume] in Serum or Plasma by Immunoassay		SARS-CoV-2 (COVID-19) Ab [Presence] in Serum or Plasma by Immunoassay	SARS-CoV-2 (COVID-19) Ab [Units/volume] in Serum	SARS-CoV-2 antibody in Serum	SARS-CoV-2 (COVID-19) Ab [Presence] in Serum or Plasma by Immunoassay	high		low
s-cv19aba		111	name	270	723473	723459		723473	SARS-CoV-2 (COVID-19) IgA Ab [Units/volume] in Serum or Plasma by Immunoassay		SARS-CoV-2 (COVID-19) IgA Ab [Presence] in Serum or Plasma by Immunoassay	SARS-CoV-2 (COVID-19) IgA Ab [Units/volume] in Serum	SARS-CoV-2 antibody.IgA in Serum	SARS-CoV-2 (COVID-19) IgA Ab [Presence] in Serum or Plasma by Immunoassay	high		medium
s-cv19abg		111	name	1259	723474	706177		723474	SARS-CoV-2 (COVID-19) IgG Ab [Units/volume] in Serum or Plasma by Immunoassay		SARS-CoV-2 (COVID-19) IgG Ab [Presence] in Serum or Plasma by Immunoassay	SARS-CoV-2 (COVID-19) IgG Ab [Units/volume] in Serum	SARS-CoV-2 antibody.IgG in Serum	SARS-CoV-2 (COVID-19) IgG Ab [Presence] in Serum or Plasma by Immunoassay	high		medium
s-cv19abm		111	name	101		706178		723475	SARS-CoV-2 (COVID-19) IgM Ab [Units/volume] in Serum or Plasma by Immunoassay		SARS-CoV-2 (COVID-19) IgM Ab [Presence] in Serum or Plasma by Immunoassay	SARS-CoV-2 (COVID-19) IgM Ab [Units/volume] in Serum	SARS-CoV-2 antibody.IgM in Serum	SARS-CoV-2 (COVID-19) IgM Ab [Presence] in Serum or Plasma by Immunoassay	high		medium
s-cv19abp		111	name	153		586522			SARS-CoV-2 (COVID-19) Ab [Units/volume] in Serum or Plasma by Immunoassay			SARS-CoV-2 (COVID-19) Ab [Units/volume] in Serum	SARS-CoV-2 antibody [Presence] in Serum by Rapid immunoassay	SARS-CoV-2 (COVID-19) S protein Ab [Units/volume] in Serum or Plasma by Immunoassay	medium		
s-cv19sab	au/ml	111	name+unit+values	149				586522			SARS-CoV-2 (COVID-19) Ab [Units/volume] in Serum or Plasma by Immunoassay	SARS-CoV-2 (COVID-19) Spike protein Ab [Units/volume] in Serum	SARS-CoV-2 spike protein antibody [Units/volume] in Serum	SARS-CoV-2 (COVID-19) S protein Ab [Units/volume] in Serum or Plasma by Immunoassay			low
s-cv19sab	u/ml	111	name+unit	15				586522			SARS-CoV-2 (COVID-19) Ab [Units/volume] in Serum or Plasma by Immunoassay	SARS-CoV-2 (COVID-19) Spike protein Ab [Units/volume] in Serum	SARS-CoV-2 spike protein antibody [Units/volume] in Serum	SARS-CoV-2 (COVID-19) S protein Ab [Units/volume] in Serum or Plasma by Immunoassay			low
s-cv19sab		111	name	106								SARS-CoV-2 (COVID-19) Spike protein Ab [Units/volume] in Serum	SARS-CoV-2 spike protein antibody in Serum	SARS-CoV-2 (COVID-19) S protein Ab [Units/volume] in Serum or Plasma by Immunoassay			
-ctr-d		121	name	115				3050252			CFTR gene targeted mutation analysis in Blood or Tissue by Molecular genetics method			CFTR gene targeted mutation analysis in Blood by Molecular genetics method			low
-fishhyb	form	121	name+unit	48				40765108			Chromosome analysis panel by FISH	FISH analysis [Identifier] in Tissue by FISH	Gene rearrangement [Presence] in Blood by FISH	Chromosome analysis in Specimen by FISH			low
-fishhyb		121	name	174				40765108			Chromosome analysis panel by FISH	FISH analysis [Identifier] in Tissue by FISH	Gene rearrangement [Presence] in Blood by FISH	Chromosome analysis in Specimen by FISH			low
b-apoe-d		121	name	146		3011498		3011498	APOE gene mutations found [Identifier] in Blood or Tissue by Molecular genetics method Nominal		APOE gene mutations found [Identifier] in Blood or Tissue by Molecular genetics method Nominal	Apolipoprotein E gene genotype [Identifier] in Blood by Molgen	APOE gene mutation analysis in Blood by Molecular genetics method	APOE gene allele [Identifier] in Blood by Molecular genetics method	high		medium
b-aso2-qd		121	name	102									Immunoglobulin/T-cell receptor gene rearrangement quantitation in Blood by Molecular genetics method	Minimal residual disease in Blood by Molecular genetics method			
b-atrytyd	form	121	name+unit	7				3003648			SERPINA1 gene mutations found [Identifier] in Blood or Tissue by Molecular genetics method Nominal	Alpha-1-antitrypsin genotype [Identifier] in Blood by Molgen	SERPINA1 (Alpha-1-antitrypsin) gene mutation analysis in Blood by Molecular genetics method	Alpha-1-antitrypsin SERPINA1 gene allele [Identifier] in Blood by Molecular genetics method			medium
b-atrytyd		121	name	283				3003648			SERPINA1 gene mutations found [Identifier] in Blood or Tissue by Molecular genetics method Nominal	Alpha-1-antitrypsin genotype [Identifier] in Blood by Molgen	SERPINA1 (Alpha-1-antitrypsin) gene mutation analysis in Blood by Molecular genetics method	Alpha-1-antitrypsin SERPINA1 gene allele [Identifier] in Blood by Molecular genetics method			medium
b-auria10		121	name	1807													
b-bcr-qr	form	121	name+unit	159		3049056		3049056	t(9;22)(q34.1;q11)(ABL1,BCR) fusion transcript/control transcript [# Ratio] in Blood or Tissue by Molecular genetics method		t(9;22)(q34.1;q11)(ABL1,BCR) fusion transcript/control transcript [# Ratio] in Blood or Tissue by Molecular genetics method	BCR gene/ABL1 gene fusion transcript [# Ratio] in Blood by NAA	BCR/ABL1 fusion transcript quantitation in Blood by Molecular genetics method	BCR-ABL1 fusion transcript/ABL1 total transcript [Ratio] in Blood by Molecular genetics method	high		medium
b-bcr-qr		121	name	1562	3042391	3049056		3049056	t(9;22)(q34.1;q11)(ABL1,BCR) fusion transcript/control transcript [# Ratio] in Blood or Tissue by Molecular genetics method		t(9;22)(q34.1;q11)(ABL1,BCR) fusion transcript/control transcript [# Ratio] in Blood or Tissue by Molecular genetics method	BCR gene/ABL1 gene fusion transcript [# Ratio] in Blood by NAA	BCR/ABL1 fusion transcript quantitation in Blood by Molecular genetics method	BCR-ABL1 fusion transcript/ABL1 total transcript [Ratio] in Blood by Molecular genetics method	high		medium
b-blapcr		121	name	138				3017312			HC gene rearrangements [Presence] in Blood or Tissue by Molecular genetics method	B-lymphocyte Ig gene rearrangement analysis [Presence] in Blood by PCR	BCR/ABL1 fusion transcript [Presence] in Blood by Molecular genetics method	Immunoglobulin heavy chain gene rearrangement [Presence] in Blood by Molecular genetics method			low
b-bo3-d		121	name	963									Hereditary cancer gene panel mutation analysis in Blood by Molecular genetics method	Gene mutation analysis in Blood by Molecular genetics method			
b-brcay-d		121	name	519		3029984		3029984	BRCA1+BRCA2 gene targeted mutation analysis in Blood or Tissue by Molecular genetics method		BRCA1+BRCA2 gene targeted mutation analysis in Blood or Tissue by Molecular genetics method	BRCA gene analysis panel - Blood	BRCA1 and BRCA2 gene mutation analysis in Blood by Molecular genetics method	BRCA1 and BRCA2 gene mutation analysis in Blood by Sequencing	high		medium
b-brovcore		121	name	356				1616323			Hereditary breast and gynecologic cancer multigene analysis in Blood or Tissue by Molecular genetics method		Hereditary breast and ovarian cancer gene panel mutation analysis in Blood by Molecular genetics method	Hereditary breast and ovarian cancer gene panel in Blood by Sequencing			medium
b-calr-d		121	name	421		46237016		42528716	CALR gene exon 9 mutations found [Identifier] in Blood or Tissue by Molecular genetics method Nominal		CALR gene exon 9 full mutation analysis in Blood or Tissue by Molecular genetics method	CALR gene mutation [Presence] in Blood by Molgen	CALR gene mutation analysis in Blood by Molecular genetics method	CALR gene mutation analysis in Blood by Molecular genetics method	high		medium
b-cmlpcr		121	name	553		3013321		3013321	t(9;22)(q34.1;q11)(ABL1,BCR) fusion transcript [Presence] in Blood or Tissue by Molecular genetics method		t(9;22)(q34.1;q11)(ABL1,BCR) fusion transcript [Presence] in Blood or Tissue by Molecular genetics method	BCR gene/ABL1 gene fusion transcript [Presence] in Blood by PCR	BCR/ABL1 fusion transcript [Presence] in Blood by Molecular genetics method	BCR-ABL1 fusion transcript [Presence] in Blood by Molecular genetics method	high		medium
b-crco		121	name	3627									Colorectal cancer gene panel mutation analysis in Blood by Molecular genetics method	Chromium and Cobalt panel - Blood			
b-crcoti		121	name	1359									Colorectal cancer gene panel mutation analysis in Blood by Molecular genetics method	Chromium, Cobalt and Titanium panel - Blood			
b-dm2alld	form	121	name+unit	19		21494571		21494571	CNBP gene CCTG repeat analysis in Blood or Tissue by Molecular genetics method		CNBP gene CCTG repeat analysis in Blood or Tissue by Molecular genetics method	ZNF9 gene repeat analysis [Identifier] in Blood by Molgen	ZNF9 (CNBP) gene repeat expansion analysis in Blood by Molecular genetics method	CNBP (ZNF9) gene CCTG repeat expansion analysis in Blood by Molecular genetics method	high		high
b-dm2alld		121	name	149	3040668	21494571		21494571	CNBP gene CCTG repeat analysis in Blood or Tissue by Molecular genetics method		CNBP gene CCTG repeat analysis in Blood or Tissue by Molecular genetics method	ZNF9 gene repeat analysis [Identifier] in Blood by Molgen	ZNF9 (CNBP) gene repeat expansion analysis in Blood by Molecular genetics method	CNBP (ZNF9) gene CCTG repeat expansion analysis in Blood by Molecular genetics method	high		high
b-dpyd-d	form	121	name+unit	211		3046976		1001873	DPYD gene mutations found [Identifier] in Blood or Tissue by Molecular genetics method Nominal		DPYD gene targeted mutation analysis in Blood or Tissue by Molecular genetics method	DPYD gene mutations found [Identifier] in Blood by Molgen	DPYD gene mutation analysis in Blood by Molecular genetics method	DPYD gene targeted mutation analysis in Blood by Molecular genetics method	high		high
b-dpyd-d		121	name	3111		3046976		1001873	DPYD gene mutations found [Identifier] in Blood or Tissue by Molecular genetics method Nominal		DPYD gene targeted mutation analysis in Blood or Tissue by Molecular genetics method	DPYD gene mutations found [Identifier] in Blood by Molgen	DPYD gene mutation analysis in Blood by Molecular genetics method	DPYD gene targeted mutation analysis in Blood by Molecular genetics method	high		high
b-dpydl-d		121	name	101		1001873		36659909	DPYD gene targeted mutation analysis in Blood or Tissue by Molecular genetics method		DPYD gene full mutation analysis in Blood or Tissue by Sequencing	DPYD gene mutation analysis panel - Blood	DPYD gene mutation analysis in Blood by Molecular genetics method	DPYD gene mutation analysis in Blood by Sequencing	medium		medium
b-exkon-d		121	name	147				36203728			Whole exome sequence analysis in Blood or Tissue by Molecular genetics method		Gene exon sequencing analysis in Blood by Molecular genetics method	Whole exome sequence analysis in Blood by Sequencing			low
b-extri-d		121	name	136				36203728			Whole exome sequence analysis in Blood or Tissue by Molecular genetics method		Gene trio sequencing analysis in Blood by Molecular genetics method	Whole exome sequence analysis in Blood by Sequencing			low
b-farma-d		121	name	594		3039049		3039049	Pharmacogenetic DNA analysis panel		Pharmacogenetic DNA analysis panel	Pharmacogenetics panel - Blood	Pharmacogenomic gene mutation analysis in Blood by Molecular genetics method	Pharmacogenetic gene panel - Blood by Molecular genetics method	high		medium
b-farml-d		121	name	190		3039049		3039049	Pharmacogenetic DNA analysis panel		Pharmacogenetic DNA analysis panel	Pharmacogenetics extensive panel - Blood	Pharmacogenomic gene panel mutation analysis in Blood by Molecular genetics method	Pharmacogenetic gene panel - Blood by Molecular genetics method	medium		medium
b-fii-d	form	121	name+unit	138				3026139			F2 gene mutations tested for in Blood or Tissue by Molecular genetics method Nominal	Prothrombin gene.G20210A mut [Presence] in Blood by Molgen	Prothrombin (F2) gene mutation analysis in Blood by Molecular genetics method	Prothrombin F2 gene targeted mutation analysis in Blood by Molecular genetics method			low
b-fii-d		121	name	7712				3026139			F2 gene mutations tested for in Blood or Tissue by Molecular genetics method Nominal	Prothrombin gene.G20210A mut [Presence] in Blood by Molgen	Prothrombin (F2) gene mutation analysis in Blood by Molecular genetics method	Prothrombin F2 gene targeted mutation analysis in Blood by Molecular genetics method			low
b-finngen		121	name	736									Genome sequencing analysis in Blood by Molecular genetics method	Genetic variant analysis in Blood by Molecular genetics method			
b-fishhem		121	name	130				3030728			Chromosome analysis.interphase [Interpretation] in Blood by FISH Narrative	FISH analysis panel for hematologic disorders - Blood	Chromosome analysis for hematologic malignancy by FISH in Blood	Chromosome analysis in Blood by FISH			low
b-frax-d	form	121	name+unit	5		3035795		3035795	FMR1 gene targeted mutation analysis in Blood or Tissue by Molecular genetics method		FMR1 gene targeted mutation analysis in Blood or Tissue by Molecular genetics method	FMR1 gene repeat analysis [Identifier] in Blood by Molgen	FMR1 gene repeat expansion analysis in Blood by Molecular genetics method	FMR1 gene CGG repeat expansion analysis in Blood by Molecular genetics method	high		medium
b-frax-d		121	name	347	21494429	3035795		3035795	FMR1 gene targeted mutation analysis in Blood or Tissue by Molecular genetics method		FMR1 gene targeted mutation analysis in Blood or Tissue by Molecular genetics method	FMR1 gene repeat analysis [Identifier] in Blood by Molgen	FMR1 gene repeat expansion analysis in Blood by Molecular genetics method	FMR1 gene CGG repeat expansion analysis in Blood by Molecular genetics method	high		medium
b-fuus-mr	form	121	name+unit	26				36659738			Gene fusion transcript details in Blood or Tissue by Molecular genetics method Narrative		Gene fusion transcript [Presence] in Blood by Molecular genetics method	Fusion gene transcripts identified in Blood by Molecular genetics method			medium
b-fuus-mr		121	name	177	42869858			36659738			Gene fusion transcript details in Blood or Tissue by Molecular genetics method Narrative		Gene fusion transcript [Presence] in Blood by Molecular genetics method	Fusion gene transcripts identified in Blood by Molecular genetics method			medium
b-fv-d	form	121	name+unit	139		3015816		3016347	F5 gene p.Arg506Gln [Presence] in Blood or Tissue by Molecular genetics method		F5 gene mutations tested for in Blood or Tissue by Molecular genetics method Nominal	Coagulation factor V gene.R506Q mut [Presence] in Blood by Molgen	Factor V Leiden gene mutation analysis in Blood by Molecular genetics method	Factor V Leiden F5 gene mutation analysis in Blood by Molecular genetics method	high		low
b-fv-d		121	name	8156	3015816	3015816		3016347	F5 gene p.Arg506Gln [Presence] in Blood or Tissue by Molecular genetics method		F5 gene mutations tested for in Blood or Tissue by Molecular genetics method Nominal	Coagulation factor V gene.R506Q mut [Presence] in Blood by Molgen	Factor V Leiden gene mutation analysis in Blood by Molecular genetics method	Factor V Leiden F5 gene mutation analysis in Blood by Molecular genetics method	high		low
b-fvfii-d	form	121	name+unit	52		1092115		36660277	Hereditary thrombosis disorders multigene analysis in Blood by Molecular genetics method		F2 gene.c.20210G>A and c.1691G>A panel - Blood or Tissue by Molecular genetics method	Thrombophilia DNA mutation analysis panel - Blood	Factor V Leiden and Prothrombin gene mutation analysis in Blood by Molecular genetics method	F5 and F2 gene mutation analysis panel - Blood by Molecular genetics method	high		medium
b-fvfii-d		121	name	765		1092115		36660277	Hereditary thrombosis disorders multigene analysis in Blood by Molecular genetics method		F2 gene.c.20210G>A and c.1691G>A panel - Blood or Tissue by Molecular genetics method	Thrombophilia DNA mutation analysis panel - Blood	Factor V Leiden and Prothrombin gene mutation analysis in Blood by Molecular genetics method	F5 and F2 gene mutation analysis panel - Blood by Molecular genetics method	high		medium
b-hfe-d		121	name	730		3026001		3044643	HFE gene mutations found [Identifier] in Blood or Tissue by Molecular genetics method Nominal		HFE gene targeted mutation analysis in Blood or Tissue by Molecular genetics method	HFE gene mutations found [Identifier] in Blood by Molgen	HFE gene mutation analysis in Blood by Molecular genetics method	HFE gene targeted mutation analysis in Blood by Molecular genetics method	high		high
b-hnpcy-d		121	name	175		46235504		46235504	MSH2 gene+MLH1 gene+MSH6 gene mutation analysis limited to known familial mutations in Blood or Tissue by Molecular genetics method		MSH2 gene+MLH1 gene+MSH6 gene mutation analysis limited to known familial mutations in Blood or Tissue by Molecular genetics method	MLH1+MSH2+MSH6 gene targeted mutation analysis [Presence] in Blood by Molgen	MLH1, MSH2 and MSH6 gene mutation analysis in Blood by Molecular genetics method	MLH1, MSH2 and MSH6 gene targeted mutation analysis in Blood by Molecular genetics method	high		high
b-jak2-d	form	121	name+unit	139		3046498		3048870	JAK2 gene p.Val617Phe [Presence] in Blood or Tissue by Molecular genetics method		JAK2 gene targeted mutation analysis in Blood or Tissue by Molecular genetics method	JAK2 gene.V617F mut [Presence] in Blood by Molgen	JAK2 gene mutation analysis in Blood by Molecular genetics method	JAK2 gene p.V617F mutation [Presence] in Blood by Molecular genetics method	high		medium
b-jak2-d		121	name	5494	21494670	3046498		3048870	JAK2 gene p.Val617Phe [Presence] in Blood or Tissue by Molecular genetics method		JAK2 gene targeted mutation analysis in Blood or Tissue by Molecular genetics method	JAK2 gene.V617F mut [Presence] in Blood by Molgen	JAK2 gene mutation analysis in Blood by Molecular genetics method	JAK2 gene p.V617F mutation [Presence] in Blood by Molecular genetics method	high		medium
b-kim-d		121	name	197		1092212			Cells.recipient derived/Cells in Blood or Tissue by Molecular genetics method --post stem cell transplant			Chimerism analysis [Identifier] in Blood by Molgen	Chimerism analysis in Blood by Molecular genetics method	Chimerism analysis in Blood by Molecular genetics method	high		
b-kim-fd		121	name	1367		3964788			Bone marrow transplant chimerism panel - Plasma cell-free DNA by Sequencing			Post-transplant chimerism analysis panel - Blood	Donor chimerism [Fraction] in Blood by Molecular genetics method	Chimerism analysis in Blood cell fraction by Molecular genetics method	medium		
b-kml-qr		121	name	1809	40771901	3049056		3049056	t(9;22)(q34.1;q11)(ABL1,BCR) fusion transcript/control transcript [# Ratio] in Blood or Tissue by Molecular genetics method		t(9;22)(q34.1;q11)(ABL1,BCR) fusion transcript/control transcript [# Ratio] in Blood or Tissue by Molecular genetics method	BCR gene/ABL1 gene fusion transcript [# Ratio] in Blood by NAA	BCR/ABL1 fusion transcript quantitation in Blood by Molecular genetics method	BCR-ABL1 fusion transcript/ABL1 total transcript [Ratio] in Blood by Molecular genetics method	high		medium
b-lakt-d	form	121	name+unit	18		40762031			LCT gene mutations found [Type] in Blood or Tissue by Molecular genetics method			Lactase gene genotype [Identifier] in Blood by Molgen	LCT (Lactase) gene mutation analysis in Blood by Molecular genetics method	Lactase LCT gene targeted mutation analysis in Blood by Molecular genetics method	high		
b-lakt-d		121	name	27791	43534045	40762031			LCT gene mutations found [Type] in Blood or Tissue by Molecular genetics method			Lactase gene genotype [Identifier] in Blood by Molgen	LCT (Lactase) gene mutation analysis in Blood by Molecular genetics method	Lactase LCT gene targeted mutation analysis in Blood by Molecular genetics method	high		
b-ldlre-4	form	121	name+unit	53				40759280			LDLR gene mutations found [Identifier] in Blood or Tissue by Molecular genetics method Nominal		LDLR gene mutation analysis in Blood by Molecular genetics method	LDLR gene targeted mutation analysis in Blood by Molecular genetics method			low
b-ldlre-4		121	name	135				40759280			LDLR gene mutations found [Identifier] in Blood or Tissue by Molecular genetics method Nominal		LDLR gene mutation analysis in Blood by Molecular genetics method	LDLR gene targeted mutation analysis in Blood by Molecular genetics method			low
b-ldlre-d		121	name	1121		40759280		40759280	LDLR gene mutations found [Identifier] in Blood or Tissue by Molecular genetics method Nominal		LDLR gene mutations found [Identifier] in Blood or Tissue by Molecular genetics method Nominal	LDLR gene mutation [Presence] in Blood by Molgen	LDLR gene mutation analysis in Blood by Molecular genetics method	LDLR gene mutation analysis in Blood by Molecular genetics method	high		low
b-ngs-d		121	name	277		3049122			Sequencing methodology panel - Blood or Tissue by Molecular genetics method			Next generation sequencing panel - Blood	Gene panel next generation sequencing analysis in Blood by Molecular genetics method	Targeted gene panel analysis in Blood by Sequencing	medium		
b-nphs1-d		121	name	272		3044589		3044589	NPHS1 gene targeted mutation analysis in Blood or Tissue by Molecular genetics method		NPHS1 gene targeted mutation analysis in Blood or Tissue by Molecular genetics method	NPHS1 gene targeted mutations [Identifier] in Blood by Molgen	NPHS1 gene mutation analysis in Blood by Molecular genetics method	NPHS1 gene targeted mutation analysis in Blood by Molecular genetics method	high		high
b-pgx-d		121	name	2778		3039049		3039049	Pharmacogenetic DNA analysis panel		Pharmacogenetic DNA analysis panel	Pharmacogenetics panel - Blood	Pharmacogenomic gene mutation analysis in Blood by Molecular genetics method	Pharmacogenetic gene panel - Blood by Molecular genetics method	high		medium
b-sekvy-d	form	121	name+unit	59				36031843			Gene XXX mutation analysis limited to known familial mutations in Blood or Tissue by Molecular genetics method		Gene sequencing analysis in Blood by Molecular genetics method	Gene sequence analysis in Blood by Sequencing			low
b-sekvy-d		121	name	1268				36031843			Gene XXX mutation analysis limited to known familial mutations in Blood or Tissue by Molecular genetics method		Gene sequencing analysis in Blood by Molecular genetics method	Gene sequence analysis in Blood by Sequencing			low
b-tp53-d		121	name	211		3009106		1259990	TP53 gene mutations found [Identifier] in Blood or Tissue by Molecular genetics method Nominal		TP53 gene full mutation analysis in Blood or Tissue by Molecular genetics method	TP53 gene mutations found [Identifier] in Blood by Molgen	TP53 gene mutation analysis in Blood by Molecular genetics method	TP53 gene mutation analysis in Blood by Molecular genetics method	high		low
b-tpmt-d	form	121	name+unit	30		3042168		3037060	TPMT gene mutations found [Identifier] in Blood or Tissue by Molecular genetics method Nominal		TPMT gene targeted mutation analysis in Blood or Tissue by Molecular genetics method	TPMT gene mutations found [Identifier] in Blood by Molgen	TPMT gene mutation analysis in Blood by Molecular genetics method	TPMT gene allele [Identifier] in Blood by Molecular genetics method	high		medium
b-tpmt-d		121	name	615	42870298	3042168		3037060	TPMT gene mutations found [Identifier] in Blood or Tissue by Molecular genetics method Nominal		TPMT gene targeted mutation analysis in Blood or Tissue by Molecular genetics method	TPMT gene mutations found [Identifier] in Blood by Molgen	TPMT gene mutation analysis in Blood by Molecular genetics method	TPMT gene allele [Identifier] in Blood by Molecular genetics method	high		medium
b-varfa-d		121	name	643		40757581		40757581	CYP2C9 and VKORC1 panel - Blood or Tissue by Molecular genetics method		CYP2C9 and VKORC1 panel - Blood or Tissue by Molecular genetics method	VKORC1 gene and CYP2C9 gene panel - Blood	VKORC1 and CYP2C9 gene mutation analysis in Blood by Molecular genetics method	CYP2C9 and VKORC1 gene targeted mutation analysis in Blood by Molecular genetics method	high		medium
b-ykrom-d	form	121	name+unit	7		3034599			Y chromosome deletion [Identifier] in Blood or Tissue Nominal			Y chromosome microdeletions analysis [Presence] in Blood by Molgen	Y chromosome microdeletion analysis in Blood by Molecular genetics method	Y chromosome microdeletion analysis in Blood by Molecular genetics method	high		
b-ykrom-d		121	name	142		3034599			Y chromosome deletion [Identifier] in Blood or Tissue Nominal			Y chromosome microdeletions analysis [Presence] in Blood by Molgen	Y chromosome microdeletion analysis in Blood by Molecular genetics method	Y chromosome microdeletion analysis in Blood by Molecular genetics method	high		
bl-bal		121	name	919								Bronchoalveolar lavage fluid analysis panel - Bronchoalveolar lavage fluid	Bronchoalveolar lavage panel - Bronchoalveolar lavage fluid	Bronchoalveolar lavage panel - Bronchial alveolar lavage			
bl-bal-1		121	name	3636								Leukocyte differential count panel - Bronchoalveolar lavage fluid	Cell count and differential in Bronchoalveolar lavage fluid	Cell count and differential panel - Bronchial alveolar lavage			
bl-balfc		121	name	397								Flow cytometry immunophenotyping panel - Bronchoalveolar lavage fluid	Leukocyte immunophenotyping panel - Bronchoalveolar lavage fluid by Flow cytometry	Cell surface marker panel - Bronchial alveolar lavage by Flow cytometry			
bm-aso-qd		121	name	224									Immunoglobulin/T-cell receptor gene rearrangement quantitation in Bone marrow by Molecular genetics method	Minimal residual disease in Bone marrow by Molecular genetics method			
bm-aso2-qd	form	121	name+unit	6									Immunoglobulin/T-cell receptor gene rearrangement quantitation in Bone marrow by Molecular genetics method	Minimal residual disease in Bone marrow by Molecular genetics method			
bm-aso2-qd		121	name	511									Immunoglobulin/T-cell receptor gene rearrangement quantitation in Bone marrow by Molecular genetics method	Minimal residual disease in Bone marrow by Molecular genetics method			
bm-aspir		121	name	1994	3048879	3048879		3048879	Bone marrow aspiration report		Bone marrow aspiration report	Microscopic observation [Identifier] in Bone marrow aspirate by Light microscopy	Bone marrow aspirate morphologic examination	Bone marrow aspirate examination [Interpretation] in Bone marrow	high		medium
bm-bcr-qr		121	name	152	42868452			42529041			t(9;22)(q34.1;q11)(ABL1,BCR) fusion transcript/control transcript [Log Number Ratio] in Bone marrow by Molecular genetics method	BCR gene/ABL1 gene fusion transcript [# Ratio] in Bone marrow by NAA	BCR/ABL1 fusion transcript quantitation in Bone marrow by Molecular genetics method	BCR-ABL1 fusion transcript/ABL1 total transcript [Ratio] in Bone marrow by Molecular genetics method			low
bm-blapcr		121	name	753				40763629			HC gene rearrangements [Presence] in Bone marrow by Molecular genetics method	B-lymphocyte Ig gene rearrangement analysis [Presence] in Bone marrow by PCR	BCR/ABL1 fusion transcript [Presence] in Bone marrow by Molecular genetics method	Immunoglobulin heavy chain gene rearrangement [Presence] in Bone marrow by Molecular genetics method			low
bm-bpvalm		121	name	145									Bone marrow morphologic evaluation	Bone marrow smear preparation in Bone marrow			
bm-fish	form	121	name+unit	48				3029715			Chromosome analysis.interphase [Interpretation] in Bone marrow by FISH Narrative	FISH analysis [Identifier] in Bone marrow by FISH	Chromosome analysis by FISH in Bone marrow	Chromosome analysis in Bone marrow by FISH			low
bm-fish		121	name	943	3029715			3029715			Chromosome analysis.interphase [Interpretation] in Bone marrow by FISH Narrative	FISH analysis [Identifier] in Bone marrow by FISH	Chromosome analysis by FISH in Bone marrow	Chromosome analysis in Bone marrow by FISH			low
bm-fish-mm		121	name	127				1616983			Plasma cell proliferation analysis in Bone marrow by FISH	Multiple myeloma FISH panel - Bone marrow	Chromosome analysis for multiple myeloma by FISH in Bone marrow	Chromosome analysis for multiple myeloma in Bone marrow by FISH			low
bm-fish2	form	121	name+unit	29				3029715			Chromosome analysis.interphase [Interpretation] in Bone marrow by FISH Narrative		Chromosome analysis by FISH in Bone marrow	Chromosome analysis in Bone marrow by FISH			low
bm-fish2		121	name	81				3029715			Chromosome analysis.interphase [Interpretation] in Bone marrow by FISH Narrative		Chromosome analysis by FISH in Bone marrow	Chromosome analysis in Bone marrow by FISH			low
bm-fishhem	form	121	name+unit	7				3029715			Chromosome analysis.interphase [Interpretation] in Bone marrow by FISH Narrative	FISH analysis panel for hematologic disorders - Bone marrow	Chromosome analysis for hematologic malignancy by FISH in Bone marrow	Chromosome analysis in Bone marrow by FISH			low
bm-fishhem		121	name	414				3029715			Chromosome analysis.interphase [Interpretation] in Bone marrow by FISH Narrative	FISH analysis panel for hematologic disorders - Bone marrow	Chromosome analysis for hematologic malignancy by FISH in Bone marrow	Chromosome analysis in Bone marrow by FISH			low
bm-fishmm	form	121	name+unit	28				1616983			Plasma cell proliferation analysis in Bone marrow by FISH	Multiple myeloma FISH panel - Bone marrow	Chromosome analysis for multiple myeloma by FISH in Bone marrow	Chromosome analysis for multiple myeloma in Bone marrow by FISH			low
bm-fishmm		121	name	147				1616983			Plasma cell proliferation analysis in Bone marrow by FISH	Multiple myeloma FISH panel - Bone marrow	Chromosome analysis for multiple myeloma by FISH in Bone marrow	Chromosome analysis for multiple myeloma in Bone marrow by FISH			low
bm-fishvar		121	name	141				3029715			Chromosome analysis.interphase [Interpretation] in Bone marrow by FISH Narrative		Chromosome analysis by FISH in Bone marrow	Chromosome analysis in Bone marrow by FISH			low
bm-flt3-d	form	121	name+unit	9		40757578		40757578	FLT3 gene targeted mutation analysis in Bone marrow by Molecular genetics method		FLT3 gene targeted mutation analysis in Bone marrow by Molecular genetics method	FLT3 gene mutation analysis [Identifier] in Bone marrow by Molgen	FLT3 gene mutation analysis in Bone marrow by Molecular genetics method	FLT3 gene mutation analysis in Bone marrow by Molecular genetics method	high		medium
bm-flt3-d		121	name	138	40757578	40757578		40757578	FLT3 gene targeted mutation analysis in Bone marrow by Molecular genetics method		FLT3 gene targeted mutation analysis in Bone marrow by Molecular genetics method	FLT3 gene mutation analysis [Identifier] in Bone marrow by Molgen	FLT3 gene mutation analysis in Bone marrow by Molecular genetics method	FLT3 gene mutation analysis in Bone marrow by Molecular genetics method	high		medium
bm-fuus-mr	form	121	name+unit	14				36659738			Gene fusion transcript details in Blood or Tissue by Molecular genetics method Narrative		Gene fusion transcript [Presence] in Bone marrow by Molecular genetics method	Fusion gene transcripts identified in Bone marrow by Molecular genetics method			low
bm-fuus-mr		121	name	268	42869858			36659738			Gene fusion transcript details in Blood or Tissue by Molecular genetics method Narrative		Gene fusion transcript [Presence] in Bone marrow by Molecular genetics method	Fusion gene transcripts identified in Bone marrow by Molecular genetics method			low
bm-fuus-qr	form	121	name+unit	21									Gene fusion transcript quantitation in Bone marrow by Molecular genetics method	Fusion gene transcript [Ratio] in Bone marrow by Molecular genetics method			
bm-fuus-qr		121	name	81									Gene fusion transcript quantitation in Bone marrow by Molecular genetics method	Fusion gene transcript [Ratio] in Bone marrow by Molecular genetics method			
bm-mgg		121	name	314		3014837		3014837	Microscopic observation [Identifier] in Bone marrow by Wright Giemsa stain		Microscopic observation [Identifier] in Bone marrow by Wright Giemsa stain	Microscopic observation [Identifier] in Bone marrow aspirate by MGG stain	Bone marrow smear morphologic examination by May-Grunwald-Giemsa stain	Bone marrow cell morphology [Interpretation] in Bone marrow by Wright Giemsa stain	high		low
bm-mggfe	form	121	name+unit	660				3051861			Differential panel - Bone marrow	Bone marrow aspirate morphology and iron stain panel - Bone marrow	Bone marrow smear examination by May-Grunwald-Giemsa and Iron stain	Bone marrow examination and Iron stain panel - Bone marrow			low
bm-mggfe		121	name	11527	3042111			3051861			Differential panel - Bone marrow	Bone marrow aspirate morphology and iron stain panel - Bone marrow	Bone marrow smear examination by May-Grunwald-Giemsa and Iron stain	Bone marrow examination and Iron stain panel - Bone marrow			low
bm-mm-ift		121	name	651	1002183	37020002			Multiple myeloma minimal residual disease panel - Bone marrow by Flow cytometry (FC)			Multiple myeloma immunophenotyping panel - Bone marrow	Plasma cell immunophenotyping in Bone marrow by Flow cytometry	Cell surface marker immunophenotyping panel - Bone marrow by Flow cytometry	medium		
bm-mmpcr		121	name	128		40763629		40763629	HC gene rearrangements [Presence] in Bone marrow by Molecular genetics method		HC gene rearrangements [Presence] in Bone marrow by Molecular genetics method	IgH gene rearrangement analysis [Presence] in Bone marrow by PCR	Immunoglobulin gene rearrangement [Presence] in Bone marrow by Molecular genetics method	Immunoglobulin heavy chain gene rearrangement [Presence] in Bone marrow by Molecular genetics method	high		low
bm-morflkl		121	name	278				3042111			Morphology [Interpretation] in Bone marrow Narrative		Bone marrow morphologic examination for leukemia classification	Bone marrow cell morphology [Interpretation] in Bone marrow			low
bm-mrd-all		121	name	416								Minimal residual disease for ALL panel - Bone marrow	Leukemia minimal residual disease evaluation in Bone marrow	Minimal residual disease in Bone marrow by Flow cytometry			
bm-mrd-vs		121	name	666								Minimal residual disease panel - Bone marrow	Leukemia minimal residual disease evaluation in Bone marrow	Minimal residual disease in Bone marrow by Flow cytometry			
bm-mrdmut		121	name	198								Minimal residual disease [Presence] in Bone marrow by NAA	Minimal residual disease mutation analysis in Bone marrow by Molecular genetics method	Minimal residual disease in Bone marrow by Molecular genetics method			
bm-npm1-qd	form	121	name+unit	23								NPM1 gene mutation [Presence] in Bone marrow by Molgen	NPM1 gene mutation quantitation in Bone marrow by Molecular genetics method	NPM1 gene mutation analysis in Bone marrow by Molecular genetics method			
bm-npm1-qd		121	name	182								NPM1 gene mutation [Presence] in Bone marrow by Molgen	NPM1 gene mutation quantitation in Bone marrow by Molecular genetics method	NPM1 gene mutation analysis in Bone marrow by Molecular genetics method			
-gluk-tbr	%	126	name+unit+values	118		1469878		1469878	Time below range, low in Reporting Period Interstitial fluid by calculation		Time below range, low in Reporting Period Interstitial fluid by calculation	Glucose.time below range (TBR) [Time Fraction] in Interstitial fluid	Glucose.below target range [Time Fraction] in Body fluid by Continuous glucose monitor	Glucose time below range [Time Fraction] in Interstitial fluid by Continuous glucose monitoring	high		medium
-gluk-tir	%	126	name+unit+values	120				1617716			Glucose measurements in range out of Total glucose measurements during reporting period	Glucose.time in range (TIR) [Time Fraction] in Interstitial fluid	Glucose.in target range [Time Fraction] in Body fluid by Continuous glucose monitor	Glucose time in target range [Time Fraction] in Interstitial fluid by Continuous glucose monitoring			low
gluk-vieri		126	name+values	309		3001501		3020491	Glucose [Moles/volume] in Capillary blood by Glucometer		Glucose [Moles/volume] in Blood	Glucose [Moles/volume] in Blood by Test strip	Glucose [Moles/volume] in Blood	Glucose [Moles/volume] in Blood by Glucometer	high		medium
gluk0	mmol/l	126	name+unit+values	143	3048522	3007821		3007821	Glucose [Moles/volume] in Serum or Plasma --baseline		Glucose [Moles/volume] in Serum or Plasma --baseline	Glucose [Moles/volume] in Serum or Plasma	Glucose [Moles/volume] in Serum or Plasma --baseline	Glucose [Moles/volume] in Serum or Plasma --baseline	high		medium
gluk0		126	name	10		3007821		3007821	Glucose [Moles/volume] in Serum or Plasma --baseline		Glucose [Moles/volume] in Serum or Plasma --baseline	Glucose [Moles/volume] in Serum or Plasma	Glucose [Moles/volume] in Serum or Plasma --baseline	Glucose [Moles/volume] in Serum or Plasma --baseline	medium		low
gluk0min		126	name+values	368		3007821		3007821	Glucose [Moles/volume] in Serum or Plasma --baseline		Glucose [Moles/volume] in Serum or Plasma --baseline	Glucose [Moles/volume] in Serum or Plasma	Glucose [Moles/volume] in Serum or Plasma --baseline	Glucose [Moles/volume] in Serum or Plasma --baseline	high		high
gluk120min		126	name+values	349	3016701	3016701		3016701	Glucose [Moles/volume] in Serum or Plasma --2 hours post dose glucose		Glucose [Moles/volume] in Serum or Plasma --2 hours post dose glucose	Glucose [Moles/volume] in Serum or Plasma --2 hours post dose glucose	Glucose [Moles/volume] in Serum or Plasma --2 hours post dose glucose	Glucose [Moles/volume] in Serum or Plasma --2 hours post dose glucose	high		high
gluk1h	mmol/l	126	name+unit+values	282	3015024	3015024		3015024	Glucose [Moles/volume] in Serum or Plasma --1 hour post dose glucose		Glucose [Moles/volume] in Serum or Plasma --1 hour post dose glucose	Glucose [Moles/volume] in Serum or Plasma --1 hour post dose glucose	Glucose [Moles/volume] in Serum or Plasma --1 hour post dose glucose	Glucose [Moles/volume] in Serum or Plasma --1 hour post dose glucose	high		high
gluk2h	mmol/l	126	name+unit+values	280	3016701	3016701		3016701	Glucose [Moles/volume] in Serum or Plasma --2 hours post dose glucose		Glucose [Moles/volume] in Serum or Plasma --2 hours post dose glucose	Glucose [Moles/volume] in Serum or Plasma --2 hours post dose glucose	Glucose [Moles/volume] in Serum or Plasma --2 hours post dose glucose	Glucose [Moles/volume] in Serum or Plasma --2 hours post dose glucose	high		high
gluk2h		126	name	6		3016701		3016701	Glucose [Moles/volume] in Serum or Plasma --2 hours post dose glucose		Glucose [Moles/volume] in Serum or Plasma --2 hours post dose glucose	Glucose [Moles/volume] in Serum or Plasma --2 hours post dose glucose	Glucose [Moles/volume] in Serum or Plasma --2 hours post dose glucose	Glucose [Moles/volume] in Serum or Plasma --2 hours post dose glucose	medium		low
gluk30min		126	name+values	362		3008799		3008799	Glucose [Moles/volume] in Serum or Plasma --30 minutes post dose glucose		Glucose [Moles/volume] in Serum or Plasma --30 minutes post dose glucose	Glucose [Moles/volume] in Serum or Plasma --30 minutes post dose glucose	Glucose [Moles/volume] in Serum or Plasma --30 minutes post dose glucose	Glucose [Moles/volume] in Serum or Plasma --30 minutes post dose glucose	high		high
gluk60min		126	name+values	359		3015024		3015024	Glucose [Moles/volume] in Serum or Plasma --1 hour post dose glucose		Glucose [Moles/volume] in Serum or Plasma --1 hour post dose glucose	Glucose [Moles/volume] in Serum or Plasma --1 hour post dose glucose	Glucose [Moles/volume] in Serum or Plasma --1 hour post dose glucose	Glucose [Moles/volume] in Serum or Plasma --1 hour post dose glucose	high		high
glukbel-vp	mmol/l	126	name+unit+values	664		3013826		3013826	Glucose [Moles/volume] in Serum or Plasma		Glucose [Moles/volume] in Serum or Plasma	Glucose [Moles/volume] in Serum or Plasma	Glucose [Moles/volume] in Serum or Plasma --post dose glucose	Glucose [Moles/volume] in Serum or Plasma	high		low
glukbel-vp		126	name	209		3013826		3013826	Glucose [Moles/volume] in Serum or Plasma		Glucose [Moles/volume] in Serum or Plasma	Glucose [Moles/volume] in Serum or Plasma	Glucose [Moles/volume] in Serum or Plasma --post dose glucose	Glucose [Moles/volume] in Serum or Plasma	medium		low
glukoosi120min	mmol/l	126	name+unit+values	119	3016701	3016701		3016701	Glucose [Moles/volume] in Serum or Plasma --2 hours post dose glucose		Glucose [Moles/volume] in Serum or Plasma --2 hours post dose glucose	Glucose [Moles/volume] in Serum or Plasma --2 hours post dose glucose	Glucose [Moles/volume] in Serum or Plasma --2 hours post dose glucose	Glucose [Moles/volume] in Serum or Plasma --2 hours post dose glucose	high		high
glukr-0	mmol/l	126	name+unit+values	144	3048522	3007821		3007821	Glucose [Moles/volume] in Serum or Plasma --baseline		Glucose [Moles/volume] in Serum or Plasma --baseline	Glucose [Moles/volume] in Serum or Plasma	Glucose [Moles/volume] in Serum or Plasma --baseline	Glucose [Moles/volume] in Serum or Plasma --baseline	high		high
glukr-1h	mmol/l	126	name+unit+values	125	3015024	3015024		3015024	Glucose [Moles/volume] in Serum or Plasma --1 hour post dose glucose		Glucose [Moles/volume] in Serum or Plasma --1 hour post dose glucose	Glucose [Moles/volume] in Serum or Plasma --1 hour post dose glucose	Glucose [Moles/volume] in Serum or Plasma --1 hour post dose glucose	Glucose [Moles/volume] in Serum or Plasma --1 hour post dose glucose	high		high
glukr-2h	mmol/l	126	name+unit+values	144	3016701	3016701		3016701	Glucose [Moles/volume] in Serum or Plasma --2 hours post dose glucose		Glucose [Moles/volume] in Serum or Plasma --2 hours post dose glucose	Glucose [Moles/volume] in Serum or Plasma --2 hours post dose glucose	Glucose [Moles/volume] in Serum or Plasma --2 hours post dose glucose	Glucose [Moles/volume] in Serum or Plasma --2 hours post dose glucose	high		high
glukr0	mmol/l	126	name+unit+values	204	3048522	3007821		3007821	Glucose [Moles/volume] in Serum or Plasma --baseline		Glucose [Moles/volume] in Serum or Plasma --baseline	Glucose [Moles/volume] in Serum or Plasma	Glucose [Moles/volume] in Serum or Plasma --baseline	Glucose [Moles/volume] in Serum or Plasma --baseline	high		high
glukr0-n	mmol/l	126	name+unit+values	618		3007821		3007821	Glucose [Moles/volume] in Serum or Plasma --baseline		Glucose [Moles/volume] in Serum or Plasma --baseline	Glucose [Moles/volume] in Serum or Plasma	Glucose [Moles/volume] in Serum or Plasma --baseline	Glucose [Moles/volume] in Serum or Plasma --baseline	high		medium
glukr1h	mmol/l	126	name+unit+values	381	3015024	3015024		3015024	Glucose [Moles/volume] in Serum or Plasma --1 hour post dose glucose		Glucose [Moles/volume] in Serum or Plasma --1 hour post dose glucose	Glucose [Moles/volume] in Serum or Plasma --1 hour post dose glucose	Glucose [Moles/volume] in Serum or Plasma --1 hour post dose glucose	Glucose [Moles/volume] in Serum or Plasma --1 hour post dose glucose	high		high
glukr1valm		126	name	333				43054914			Glucose tolerance 2 hours panel - Serum or Plasma		Glucose [Moles/volume] in Serum or Plasma --baseline	Glucose tolerance panel - Serum or Plasma			low
glukr2h	mmol/l	126	name+unit+values	780	3016701	3016701		3016701	Glucose [Moles/volume] in Serum or Plasma --2 hours post dose glucose		Glucose [Moles/volume] in Serum or Plasma --2 hours post dose glucose	Glucose [Moles/volume] in Serum or Plasma --2 hours post dose glucose	Glucose [Moles/volume] in Serum or Plasma --2 hours post dose glucose	Glucose [Moles/volume] in Serum or Plasma --2 hours post dose glucose	high		high
glukras-0	mmol/l	126	name+unit+values	97	3048522	3007821		3007821	Glucose [Moles/volume] in Serum or Plasma --baseline		Glucose [Moles/volume] in Serum or Plasma --baseline	Glucose [Moles/volume] in Serum or Plasma	Glucose [Moles/volume] in Serum or Plasma --baseline	Glucose [Moles/volume] in Serum or Plasma --baseline	high		high
glukras-0		126	name	30		3007821		3007821	Glucose [Moles/volume] in Serum or Plasma --baseline		Glucose [Moles/volume] in Serum or Plasma --baseline	Glucose [Moles/volume] in Serum or Plasma	Glucose [Moles/volume] in Serum or Plasma --baseline	Glucose [Moles/volume] in Serum or Plasma --baseline	medium		low
glukras120	mmol/l	126	name+unit+values	153	3016701	3016701		3016701	Glucose [Moles/volume] in Serum or Plasma --2 hours post dose glucose		Glucose [Moles/volume] in Serum or Plasma --2 hours post dose glucose	Glucose [Moles/volume] in Serum or Plasma --2 hours post dose glucose	Glucose [Moles/volume] in Serum or Plasma --2 hours post dose glucose	Glucose [Moles/volume] in Serum or Plasma --2 hours post dose glucose	high		high
glukrvalm		126	name	2563				43054914			Glucose tolerance 2 hours panel - Serum or Plasma		Glucose [Moles/volume] in Serum or Plasma --baseline	Glucose tolerance panel - Serum or Plasma			low
glukvieri	mmol/l	126	name+unit+values	823		3001501		3020491	Glucose [Moles/volume] in Capillary blood by Glucometer		Glucose [Moles/volume] in Blood	Glucose [Moles/volume] in Blood by Test strip	Glucose [Moles/volume] in Blood	Glucose [Moles/volume] in Blood by Glucometer	high		medium
glukvieri		126	name+values	251		3001501		3020491	Glucose [Moles/volume] in Capillary blood by Glucometer		Glucose [Moles/volume] in Blood	Glucose [Moles/volume] in Blood by Test strip	Glucose [Moles/volume] in Blood	Glucose [Moles/volume] in Blood by Glucometer	high		medium
pt-fvsirod		129	name	396		21493451		21493451	Spirometry panel		Spirometry panel	Spirometry panel	Spirometry panel	Spirometry panel --post bronchodilation	high		medium
pt-fvspdo6		129	name	226		21493451		21493451	Spirometry panel		Spirometry panel	Spirometry panel	Spirometry panel	Spirometry panel	high		medium
pt-fvspid		129	name	451		21493451		21493451	Spirometry panel		Spirometry panel	Spirometry panel	Spirometry panel	Spirometry panel --post bronchodilation	high		medium
pt-fvspidl		129	name	4654		21493451		21493451	Spirometry panel		Spirometry panel	Spirometry panel	Spirometry panel	Spirometry panel --post bronchodilation	high		medium
pt-fvspido		129	name+values	17640	4010399	21493451		21493451	Spirometry panel		Spirometry panel	Spirometry panel	Spirometry panel	Spirometry panel --post bronchodilation	high		medium
pt-fvspio		129	name	1411	3000492	21493451		21493451	Spirometry panel		Spirometry panel	Spirometry panel	Spirometry panel	Spirometry panel	high		medium
pt-fvspird	form	129	name+unit+values	18		21493451		21493451	Spirometry panel		Spirometry panel	Spirometry panel	Spirometry panel	Spirometry panel --post bronchodilation	high		medium
pt-fvspird		129	name	7795	3000492	21493451		21493451	Spirometry panel		Spirometry panel	Spirometry panel	Spirometry panel	Spirometry panel --post bronchodilation	high		medium
pt-fvspiro	form	129	name+unit	26		21493451		21493451	Spirometry panel		Spirometry panel	Spirometry panel	Spirometry panel	Spirometry panel	high		medium
pt-fvspiro		129	name+values	1641	3000492	21493451		21493451	Spirometry panel		Spirometry panel	Spirometry panel	Spirometry panel	Spirometry panel	high		medium
pt-sper-1	u/nke	129	name+unit	5		3008607		3008607	Semen analysis panel		Semen analysis panel	Semen analysis panel - Semen	Semen analysis panel	Semen analysis panel - Semen	high		medium
pt-sper-1		129	name	714		3008607		3008607	Semen analysis panel		Semen analysis panel	Semen analysis panel - Semen	Semen analysis panel	Semen analysis panel - Semen	high		medium
pt-sper-2	form	129	name+unit	39		3008607		3008607	Semen analysis panel		Semen analysis panel	Semen analysis panel - Semen	Semen analysis panel	Semen analysis panel - Semen	medium		medium
pt-sper-2		129	name	480	4038314	3008607		3008607	Semen analysis panel		Semen analysis panel	Semen analysis panel - Semen	Semen analysis panel	Semen analysis panel - Semen	medium		medium
pt-sper-3		129	name	663		3008607		3008607	Semen analysis panel		Semen analysis panel	Semen analysis panel - Semen	Semen analysis panel	Semen analysis panel - Semen	medium		low
pt-sperma		129	name	159		3008607		3008607	Semen analysis panel		Semen analysis panel	Semen analysis panel - Semen	Semen analysis panel	Semen analysis panel - Semen	high		medium
pt-spird-x		129	name	8902	3000492	21493451		21493451	Spirometry panel		Spirometry panel	Spirometry panel	Spirometry panel	Spirometry panel --post bronchodilation	high		medium
pt-spirlau		129	name	493		21493451		21493451	Spirometry panel		Spirometry panel	Spirometry panel	Spirometry panel	Spirometry panel	high		medium
pt-spiro-x		129	name	775		21493451		21493451	Spirometry panel		Spirometry panel	Spirometry panel	Spirometry panel	Spirometry panel	high		medium
pt-spirob,		129	name	746		21493451		21493451	Spirometry panel		Spirometry panel	Spirometry with bronchodilator panel	Spirometry panel	Spirometry panel --post bronchodilation	medium		medium
pt-spirob,tk		129	name	986		21493451		21493451	Spirometry panel		Spirometry panel	Spirometry with bronchodilator panel	Spirometry panel	Spirometry panel --post bronchodilation	medium		medium
pt-spirom		129	name	814	4133840	21493451		21493451	Spirometry panel		Spirometry panel	Spirometry panel	Spirometry panel	Spirometry panel	high		medium
pt-spiromd		129	name	547		21493451		21493451	Spirometry panel		Spirometry panel	Spirometry panel	Spirometry panel	Spirometry panel --post bronchodilation	high		medium
pt-sppesu		129	name	141		3008607			Semen analysis panel			Semen analysis panel - Washed semen	Semen analysis panel	Spermatozoa preparation panel - Semen	medium		
pt-st-temp		129	name	111								Thermal sensory test panel	Thermal sensory threshold study	Thermal sensory threshold [Interpretation] in Patient			
pt-sydperg		129	name	117								Myocardium perfusion study	Myocardial perfusion imaging study	Heart Myocardial perfusion study [Interpretation] by Nuclear medicine			
pt-sydperq		129	name	923								Myocardium perfusion study	Myocardial perfusion imaging study, quantitative	Heart Myocardial perfusion study [Interpretation] by Nuclear medicine			
pt-sydrasq		129	name	197		3019512			Cardiac stress study Procedure			Exercise stress test panel	Cardiac stress test, quantitative	Exercise stress test panel	high		
pt-sydrtuä		129	name	139		40762373		40762373	Cardiac stress echo study		Cardiac stress echo study	Stress echocardiography study	Heart rhythm study	Heart Stress echocardiogram study by US	high		medium
pt-sydänuä		129	name	3154		3009203		3009203	Cardiac echo study Procedure		Cardiac echo study Procedure	Echocardiography study	Echocardiography panel - Heart	Heart Echocardiography study by US	high		low
alaniiniaminotransferaasi	u/l	160	name+unit+values	17127	3006923	3006923		3006923	Alanine aminotransferase [Enzymatic activity/volume] in Serum or Plasma		Alanine aminotransferase [Enzymatic activity/volume] in Serum or Plasma	Alanine aminotransferase [Enzymatic activity/volume] in Serum or Plasma	Alanine aminotransferase [Enzymatic activity/volume] in Serum or Plasma	Alanine aminotransferase [Enzymatic activity/volume] in Serum or Plasma	high		high
alaniiniaminotransferaasi		160	name	1818	3006923	3006923		3006923	Alanine aminotransferase [Enzymatic activity/volume] in Serum or Plasma		Alanine aminotransferase [Enzymatic activity/volume] in Serum or Plasma	Alanine aminotransferase [Enzymatic activity/volume] in Serum or Plasma	Alanine aminotransferase [Enzymatic activity/volume] in Serum or Plasma	Alanine aminotransferase [Enzymatic activity/volume] in Serum or Plasma	medium		medium
alaniiniaminotransferaasi,plasmasta	u/l	160	name+unit	97		3006923		3006923	Alanine aminotransferase [Enzymatic activity/volume] in Serum or Plasma		Alanine aminotransferase [Enzymatic activity/volume] in Serum or Plasma	Alanine aminotransferase [Enzymatic activity/volume] in Serum or Plasma	Alanine aminotransferase [Enzymatic activity/volume] in Plasma	Alanine aminotransferase [Enzymatic activity/volume] in Serum or Plasma	high		high
alaniiniaminotransferaasi,plasmasta		160	name	5		3006923		3006923	Alanine aminotransferase [Enzymatic activity/volume] in Serum or Plasma		Alanine aminotransferase [Enzymatic activity/volume] in Serum or Plasma	Alanine aminotransferase [Enzymatic activity/volume] in Serum or Plasma	Alanine aminotransferase [Enzymatic activity/volume] in Plasma	Alanine aminotransferase [Enzymatic activity/volume] in Serum or Plasma	medium		medium
aspartaattiaminotransferaasi	u/l	160	name+unit+values	333	3013721	3013721		3013721	Aspartate aminotransferase [Enzymatic activity/volume] in Serum or Plasma		Aspartate aminotransferase [Enzymatic activity/volume] in Serum or Plasma	Aspartate aminotransferase [Enzymatic activity/volume] in Serum or Plasma	Aspartate aminotransferase [Enzymatic activity/volume] in Serum or Plasma	Aspartate aminotransferase [Enzymatic activity/volume] in Serum or Plasma	high		high
aspartaattiaminotransferaasi		160	name	112	3013721	3013721		3013721	Aspartate aminotransferase [Enzymatic activity/volume] in Serum or Plasma		Aspartate aminotransferase [Enzymatic activity/volume] in Serum or Plasma	Aspartate aminotransferase [Enzymatic activity/volume] in Serum or Plasma	Aspartate aminotransferase [Enzymatic activity/volume] in Serum or Plasma	Aspartate aminotransferase [Enzymatic activity/volume] in Serum or Plasma	medium		medium
fp-glutamyylitransferaasi	u/l	160	name+unit	102		3026910		3026910	Gamma glutamyl transferase [Enzymatic activity/volume] in Serum or Plasma		Gamma glutamyl transferase [Enzymatic activity/volume] in Serum or Plasma	Gamma-glutamyltransferase [Enzymatic activity/volume] in Serum or Plasma	Gamma glutamyl transferase [Enzymatic activity/volume] in Plasma	Gamma glutamyl transferase [Enzymatic activity/volume] in Serum or Plasma	high		high
fs-alaniiniaminotransferaasi	u/l	160	name+unit+values	404	3006923	3006923		3006923	Alanine aminotransferase [Enzymatic activity/volume] in Serum or Plasma		Alanine aminotransferase [Enzymatic activity/volume] in Serum or Plasma	Alanine aminotransferase [Enzymatic activity/volume] in Serum or Plasma	Alanine aminotransferase [Enzymatic activity/volume] in Serum	Alanine aminotransferase [Enzymatic activity/volume] in Serum or Plasma	high		high
glutamyylitransferaasi	u/l	160	name+unit+values	1299	3026910	3026910		3026910	Gamma glutamyl transferase [Enzymatic activity/volume] in Serum or Plasma		Gamma glutamyl transferase [Enzymatic activity/volume] in Serum or Plasma	Gamma-glutamyltransferase [Enzymatic activity/volume] in Serum or Plasma	Gamma glutamyl transferase [Enzymatic activity/volume] in Serum or Plasma	Gamma glutamyl transferase [Enzymatic activity/volume] in Serum or Plasma	high		high
glutamyylitransferaasi		160	name	147	3026910	3026910		3026910	Gamma glutamyl transferase [Enzymatic activity/volume] in Serum or Plasma		Gamma glutamyl transferase [Enzymatic activity/volume] in Serum or Plasma	Gamma-glutamyltransferase [Enzymatic activity/volume] in Serum or Plasma	Gamma glutamyl transferase [Enzymatic activity/volume] in Serum or Plasma	Gamma glutamyl transferase [Enzymatic activity/volume] in Serum or Plasma	medium		medium
p-alaniiniaminotransferaasi	u/l	160	name+unit+values	56170	3006923	3006923		3006923	Alanine aminotransferase [Enzymatic activity/volume] in Serum or Plasma		Alanine aminotransferase [Enzymatic activity/volume] in Serum or Plasma	Alanine aminotransferase [Enzymatic activity/volume] in Serum or Plasma	Alanine aminotransferase [Enzymatic activity/volume] in Plasma	Alanine aminotransferase [Enzymatic activity/volume] in Serum or Plasma	high		high
p-alaniiniaminotransferaasi		160	name+values	2147	3006923	3006923		3006923	Alanine aminotransferase [Enzymatic activity/volume] in Serum or Plasma		Alanine aminotransferase [Enzymatic activity/volume] in Serum or Plasma	Alanine aminotransferase [Enzymatic activity/volume] in Serum or Plasma	Alanine aminotransferase [Enzymatic activity/volume] in Plasma	Alanine aminotransferase [Enzymatic activity/volume] in Serum or Plasma	high		high
p-aspartaattiaminotransferaasi	u/l	160	name+unit+values	7811	3013721	3013721		3013721	Aspartate aminotransferase [Enzymatic activity/volume] in Serum or Plasma		Aspartate aminotransferase [Enzymatic activity/volume] in Serum or Plasma	Aspartate aminotransferase [Enzymatic activity/volume] in Serum or Plasma	Aspartate aminotransferase [Enzymatic activity/volume] in Plasma	Aspartate aminotransferase [Enzymatic activity/volume] in Serum or Plasma	high		high
p-aspartaattiaminotransferaasi		160	name	129	3013721	3013721		3013721	Aspartate aminotransferase [Enzymatic activity/volume] in Serum or Plasma		Aspartate aminotransferase [Enzymatic activity/volume] in Serum or Plasma	Aspartate aminotransferase [Enzymatic activity/volume] in Serum or Plasma	Aspartate aminotransferase [Enzymatic activity/volume] in Plasma	Aspartate aminotransferase [Enzymatic activity/volume] in Serum or Plasma	medium		medium
p-glutamyylitransferaasi	u/l	160	name+unit+values	5844	3026910	3026910		3026910	Gamma glutamyl transferase [Enzymatic activity/volume] in Serum or Plasma		Gamma glutamyl transferase [Enzymatic activity/volume] in Serum or Plasma	Gamma-glutamyltransferase [Enzymatic activity/volume] in Serum or Plasma	Gamma glutamyl transferase [Enzymatic activity/volume] in Plasma	Gamma glutamyl transferase [Enzymatic activity/volume] in Serum or Plasma	high		high
p-glutamyylitransferaasi		160	name	33	3026910	3026910		3026910	Gamma glutamyl transferase [Enzymatic activity/volume] in Serum or Plasma		Gamma glutamyl transferase [Enzymatic activity/volume] in Serum or Plasma	Gamma-glutamyltransferase [Enzymatic activity/volume] in Serum or Plasma	Gamma glutamyl transferase [Enzymatic activity/volume] in Plasma	Gamma glutamyl transferase [Enzymatic activity/volume] in Serum or Plasma	medium		medium
s-alaniiniaminotransferaasi	u/l	160	name+unit+values	1811	3006923	3006923		3006923	Alanine aminotransferase [Enzymatic activity/volume] in Serum or Plasma		Alanine aminotransferase [Enzymatic activity/volume] in Serum or Plasma	Alanine aminotransferase [Enzymatic activity/volume] in Serum or Plasma	Alanine aminotransferase [Enzymatic activity/volume] in Serum	Alanine aminotransferase [Enzymatic activity/volume] in Serum or Plasma	high		high
s-alaniiniaminotransferaasi		160	name	52	3006923	3006923		3006923	Alanine aminotransferase [Enzymatic activity/volume] in Serum or Plasma		Alanine aminotransferase [Enzymatic activity/volume] in Serum or Plasma	Alanine aminotransferase [Enzymatic activity/volume] in Serum or Plasma	Alanine aminotransferase [Enzymatic activity/volume] in Serum	Alanine aminotransferase [Enzymatic activity/volume] in Serum or Plasma	medium		medium
s-aspartaattiaminotransferaasi	u/l	160	name+unit+values	554	3013721	3013721		3013721	Aspartate aminotransferase [Enzymatic activity/volume] in Serum or Plasma		Aspartate aminotransferase [Enzymatic activity/volume] in Serum or Plasma	Aspartate aminotransferase [Enzymatic activity/volume] in Serum or Plasma	Aspartate aminotransferase [Enzymatic activity/volume] in Serum	Aspartate aminotransferase [Enzymatic activity/volume] in Serum or Plasma	high		high
s-aspartaattiaminotransferaasi		160	name	8	3013721	3013721		3013721	Aspartate aminotransferase [Enzymatic activity/volume] in Serum or Plasma		Aspartate aminotransferase [Enzymatic activity/volume] in Serum or Plasma	Aspartate aminotransferase [Enzymatic activity/volume] in Serum or Plasma	Aspartate aminotransferase [Enzymatic activity/volume] in Serum	Aspartate aminotransferase [Enzymatic activity/volume] in Serum or Plasma	medium		medium
s-glutamyylitransferaasi	u/l	160	name+unit+values	861	3026910	3026910		3026910	Gamma glutamyl transferase [Enzymatic activity/volume] in Serum or Plasma		Gamma glutamyl transferase [Enzymatic activity/volume] in Serum or Plasma	Gamma-glutamyltransferase [Enzymatic activity/volume] in Serum or Plasma	Gamma glutamyl transferase [Enzymatic activity/volume] in Serum	Gamma glutamyl transferase [Enzymatic activity/volume] in Serum or Plasma	high		high
b-fosfatidyylietanoli	umol/l	161	name+unit+values	4792				44816559			Phosphatidylethanol [Mass/volume] in Blood	Phosphatidylethanol [Moles/volume] in Blood	Phosphatidylethanol [Moles/volume] in Blood	Phosphatidylethanol [Moles/volume] in Blood			medium
b-fosfatidyylietanoli		161	name+values	4963				44816559			Phosphatidylethanol [Mass/volume] in Blood	Phosphatidylethanol [Moles/volume] in Blood	Phosphatidylethanol [Moles/volume] in Blood	Phosphatidylethanol [Moles/volume] in Blood			medium
b-fosfatidyylietanoli,verestä	umol/l	161	name+unit+values	1555				44816559			Phosphatidylethanol [Mass/volume] in Blood	Phosphatidylethanol [Moles/volume] in Blood	Phosphatidylethanol [Moles/volume] in Blood	Phosphatidylethanol [Moles/volume] in Blood			medium
b-fosfatidyylietanoli,verestä		161	name	1534				44816559			Phosphatidylethanol [Mass/volume] in Blood	Phosphatidylethanol [Moles/volume] in Blood	Phosphatidylethanol [Moles/volume] in Blood	Phosphatidylethanol [Moles/volume] in Blood			low
b-fosfatidyylietanolivita	umol/l	161	name+unit	43				44816559			Phosphatidylethanol [Mass/volume] in Blood	Phosphatidylethanol [Moles/volume] in Blood	Phosphatidylethanol [Moles/volume] in Blood	Phosphatidylethanol [Moles/volume] in Blood			low
b-fosfatidyylietanolivita		161	name	69				44816559			Phosphatidylethanol [Mass/volume] in Blood	Phosphatidylethanol [Moles/volume] in Blood	Phosphatidylethanol [Moles/volume] in Blood	Phosphatidylethanol [Moles/volume] in Blood			low
b-haemophilusinfluenzae		161	name	144								Haemophilus influenzae [Presence] in Blood	Haemophilus influenzae identified in Blood by Culture	Haemophilus influenzae DNA [Presence] in Blood by NAA with probe detection			
b-suuretvärjäytymättömätsolut	e9/l	161	name+unit+values	171		3024944		3023993	Large unstained cells [#/volume] in Blood by Automated count		Large unstained cells [#/volume] in Blood	Large unstained cells [#/volume] in Blood by Automated count	Large unstained cells [#/volume] in Blood	Large unstained cells [#/volume] in Blood by Automated count	high		high
chlamydiapneumoniae,nukleiin		161	name	109		3031478		3031478	Chlamydophila pneumoniae DNA [Presence] in Specimen by NAA with probe detection		Chlamydophila pneumoniae DNA [Presence] in Specimen by NAA with probe detection	Chlamydia pneumoniae DNA [Presence] in Specimen by NAA	Chlamydophila pneumoniae DNA [Presence] in Respiratory specimen by NAA with probe detection	Chlamydia pneumoniae DNA [Presence] in Respiratory specimen by NAA with probe detection	high		medium
follikkeliastimuloivahormoni	u/l	161	name+unit+values	138	3023323	3023323		3023323	Follitropin [Units/volume] in Serum or Plasma		Follitropin [Units/volume] in Serum or Plasma	Follicle stimulating hormone [Units/volume] in Serum or Plasma	Follitropin [Units/volume] in Serum or Plasma	Follitropin [Units/volume] in Serum or Plasma	high		medium
fosfatidyylietanoli	umol/l	161	name+unit+values	1540				44816559			Phosphatidylethanol [Mass/volume] in Blood	Phosphatidylethanol [Moles/volume] in Blood	Phosphatidylethanol [Moles/volume] in Blood	Phosphatidylethanol [Moles/volume] in Blood			medium
fosfatidyylietanoli		161	name+values	1635				44816559			Phosphatidylethanol [Mass/volume] in Blood	Phosphatidylethanol [Moles/volume] in Blood	Phosphatidylethanol [Moles/volume] in Blood	Phosphatidylethanol [Moles/volume] in Blood			medium
fosfatidyylietanoli,verestä	umol/l	161	name+unit+values	3284				44816559			Phosphatidylethanol [Mass/volume] in Blood	Phosphatidylethanol [Moles/volume] in Blood	Phosphatidylethanol [Moles/volume] in Blood	Phosphatidylethanol [Moles/volume] in Blood			medium
fosfatidyylietanoli,verestä		161	name	3273				44816559			Phosphatidylethanol [Mass/volume] in Blood	Phosphatidylethanol [Moles/volume] in Blood	Phosphatidylethanol [Moles/volume] in Blood	Phosphatidylethanol [Moles/volume] in Blood			low
fosfatidyylietanoli,verestätth	umol/l	161	name+unit	35				44816559			Phosphatidylethanol [Mass/volume] in Blood	Phosphatidylethanol [Moles/volume] in Blood	Phosphatidylethanol [Moles/volume] in Blood	Phosphatidylethanol [Moles/volume] in Blood			low
fosfatidyylietanoli,verestätth		161	name	66				44816559			Phosphatidylethanol [Mass/volume] in Blood	Phosphatidylethanol [Moles/volume] in Blood	Phosphatidylethanol [Moles/volume] in Blood	Phosphatidylethanol [Moles/volume] in Blood			low
fosfatidyylietanoli,veri	umol/l	161	name+unit+values	335				44816559			Phosphatidylethanol [Mass/volume] in Blood	Phosphatidylethanol [Moles/volume] in Blood	Phosphatidylethanol [Moles/volume] in Blood	Phosphatidylethanol [Moles/volume] in Blood			medium
fosfatidyylietanoli,veri		161	name	333				44816559			Phosphatidylethanol [Mass/volume] in Blood	Phosphatidylethanol [Moles/volume] in Blood	Phosphatidylethanol [Moles/volume] in Blood	Phosphatidylethanol [Moles/volume] in Blood			low
haemophilusinfluenzaenukleii		161	name	459		40764127		40764127	Haemophilus influenzae DNA [Presence] in Specimen by NAA with probe detection		Haemophilus influenzae DNA [Presence] in Specimen by NAA with probe detection	Haemophilus influenzae DNA [Presence] in Specimen by NAA	Haemophilus influenzae DNA [Presence] in Respiratory specimen by NAA with probe detection	Haemophilus influenzae DNA [Presence] in Specimen by NAA with probe detection	high		medium
humaanimetapneumovirus,nukle		161	name	109		3042194		3042194	Human metapneumovirus RNA [Presence] in Specimen by NAA with probe detection		Human metapneumovirus RNA [Presence] in Specimen by NAA with probe detection	Human metapneumovirus RNA [Presence] in Specimen by NAA	Human metapneumovirus RNA [Presence] in Respiratory specimen by NAA with probe detection	Human metapneumovirus RNA [Presence] in Respiratory specimen by NAA with probe detection	high		medium
humanmetapneumovirus,ag		161	name	102		40763480		40763480	Human metapneumovirus Ag [Presence] in Specimen		Human metapneumovirus Ag [Presence] in Specimen	Human metapneumovirus Ag [Presence] in Specimen by Immunoassay	Human metapneumovirus Ag [Presence] in Respiratory specimen by Immunoassay	Human metapneumovirus Ag [Presence] in Respiratory specimen	high		medium
l-suuretvärjääntymättömätsolut	%	161	name+unit+values	171		3024117		3010224	Large unstained cells/Leukocytes in Blood by Automated count		Large unstained cells/Leukocytes in Blood	Large unstained cells/Leukocytes in Blood by Automated count	Large unstained cells/100 leukocytes in Blood	Large unstained cells/100 leukocytes in Blood by Automated count	high		high
legionellapneumoniaenukleiin		161	name	109		3020565		3020565	Legionella pneumophila DNA [Presence] in Specimen by NAA with probe detection		Legionella pneumophila DNA [Presence] in Specimen by NAA with probe detection	Legionella pneumophila DNA [Presence] in Specimen by NAA	Legionella pneumophila DNA [Presence] in Respiratory specimen by NAA with probe detection	Legionella pneumophila DNA [Presence] in Respiratory specimen by NAA with probe detection	high		medium
li-haemophilusinfluenzaenukl.haponos.		161	name	119		1988720		1988720	Haemophilus influenzae DNA [Presence] in Cerebral spinal fluid by NAA with probe detection		Haemophilus influenzae DNA [Presence] in Cerebral spinal fluid by NAA with probe detection	Haemophilus influenzae DNA [Presence] in Cerebral spinal fluid by NAA	Haemophilus influenzae DNA [Presence] in Cerebral spinal fluid by NAA with probe detection	Haemophilus influenzae DNA [Presence] in Cerebral spinal fluid by NAA with probe detection	high		high
mycoplasmapneumoniae,nukleii		161	name	141		3002482		3002482	Mycoplasma pneumoniae DNA [Presence] in Specimen by NAA with probe detection		Mycoplasma pneumoniae DNA [Presence] in Specimen by NAA with probe detection	Mycoplasma pneumoniae DNA [Presence] in Specimen by NAA	Mycoplasma pneumoniae DNA [Presence] in Respiratory specimen by NAA with probe detection	Mycoplasma pneumoniae DNA [Presence] in Respiratory specimen by NAA with probe detection	high		medium
p-follikkeliastimuloivahormoni	u/l	161	name+unit+values	511	3023323	3023323		3023323	Follitropin [Units/volume] in Serum or Plasma		Follitropin [Units/volume] in Serum or Plasma	Follicle stimulating hormone [Units/volume] in Serum or Plasma	Follitropin [Units/volume] in Serum or Plasma	Follitropin [Units/volume] in Serum or Plasma	high		high
p-glukoosi,2tuntiaaterianjälkeen	mmol/l	161	name+unit+values	125		3012413		3012413	Glucose [Moles/volume] in Serum or Plasma --2 hours post meal		Glucose [Moles/volume] in Serum or Plasma --2 hours post meal	Glucose [Moles/volume] in Plasma --2 hours post meal	Glucose [Moles/volume] in Serum or Plasma --2 hours post meal	Glucose [Moles/volume] in Serum or Plasma --2 hours post meal	high		high
p-glukoosi,toimintakokeissa,1h	mmol/l	161	name+unit+values	126		3015024		3015024	Glucose [Moles/volume] in Serum or Plasma --1 hour post dose glucose		Glucose [Moles/volume] in Serum or Plasma --1 hour post dose glucose	Glucose [Moles/volume] in Plasma --1 hour post 75 g glucose PO	Glucose [Moles/volume] in Serum or Plasma --1 hour post dose glucose	Glucose [Moles/volume] in Serum or Plasma --1 hour post dose glucose	medium		high
p-glukoosi,toimintakokeissa,2h	mmol/l	161	name+unit+values	240		3016701		3016701	Glucose [Moles/volume] in Serum or Plasma --2 hours post dose glucose		Glucose [Moles/volume] in Serum or Plasma --2 hours post dose glucose	Glucose [Moles/volume] in Plasma --2 hours post 75 g glucose PO	Glucose [Moles/volume] in Serum or Plasma --2 hours post dose glucose	Glucose [Moles/volume] in Serum or Plasma --2 hours post dose glucose	medium		high
p-glukoosi,toimntakokeissa0m	mmol/l	161	name+unit+values	242		3004067		3007821	Glucose [Moles/volume] in Serum or Plasma --pre 75 g glucose PO		Glucose [Moles/volume] in Serum or Plasma --baseline	Glucose [Moles/volume] in Plasma --pre 75 g glucose PO	Glucose [Moles/volume] in Serum or Plasma	Glucose [Moles/volume] in Serum or Plasma --baseline	medium		high
p-luteinisoivahormoni	u/l	161	name+unit+values	198		3009214		3009214	Lutropin [Units/volume] in Serum or Plasma		Lutropin [Units/volume] in Serum or Plasma	Luteinizing hormone [Units/volume] in Serum or Plasma	Lutropin [Units/volume] in Serum or Plasma	Lutropin [Units/volume] in Serum or Plasma	high		high
p-luteinisoivahormoni		161	name	10				3009214			Lutropin [Units/volume] in Serum or Plasma	Luteinizing hormone [Units/volume] in Serum or Plasma	Lutropin [Units/volume] in Serum or Plasma	Lutropin [Units/volume] in Serum or Plasma			low
p-omagluk,,potilasmittaringlukoosi		161	name	1376		3001501		43055143	Glucose [Moles/volume] in Capillary blood by Glucometer		Glucose [Moles/volume] in Blood by Automated test strip	Glucose [Moles/volume] in Capillary blood by Test strip	Glucose [Moles/volume] in Capillary blood by Glucometer	Glucose [Moles/volume] in Blood by Glucometer	high		low
potilasmittaringlukoosi,ihopisto	mmol/l	161	name+unit+values	749		3001501		3001501	Glucose [Moles/volume] in Capillary blood by Glucometer		Glucose [Moles/volume] in Capillary blood by Glucometer	Glucose [Moles/volume] in Capillary blood by Test strip	Glucose [Moles/volume] in Capillary blood by Glucometer	Glucose [Moles/volume] in Capillary blood by Glucometer	high		high
potilasmittaringlukoosi,ihopisto		161	name	638		3001501		3001501	Glucose [Moles/volume] in Capillary blood by Glucometer		Glucose [Moles/volume] in Capillary blood by Glucometer	Glucose [Moles/volume] in Capillary blood by Test strip	Glucose [Moles/volume] in Capillary blood by Glucometer	Glucose [Moles/volume] in Capillary blood by Glucometer	medium		medium
potilasmittaringlukoosi,sensori	mmol/l	161	name+unit+values	201		1091284		1091284	Glucose [Moles/volume] in Interstitial fluid		Glucose [Moles/volume] in Interstitial fluid	Glucose [Moles/volume] in Interstitial fluid by Continuous glucose monitoring	Glucose [Moles/volume] in Interstitial fluid	Glucose [Moles/volume] in Interstitial fluid	high		high
potilasmittaringlukoosi,sensori		161	name	568		1091284		1091284	Glucose [Moles/volume] in Interstitial fluid		Glucose [Moles/volume] in Interstitial fluid	Glucose [Moles/volume] in Interstitial fluid by Continuous glucose monitoring	Glucose [Moles/volume] in Interstitial fluid	Glucose [Moles/volume] in Interstitial fluid	medium		medium
s-c-peptidi1haterianjälkeen	nmol/l	161	name+unit+values	275	40759040			40759040			C peptide [Moles/volume] in Serum or Plasma --post meal	C-peptide [Moles/volume] in Serum or Plasma --1 hour post meal	C peptide [Moles/volume] in Serum or Plasma --1 hour post meal	C peptide [Moles/volume] in Serum or Plasma --1 hour post meal			medium
s-c-peptidi1haterianjälkeen		161	name	10	40759040			40759040			C peptide [Moles/volume] in Serum or Plasma --post meal	C-peptide [Moles/volume] in Serum or Plasma --1 hour post meal	C peptide [Moles/volume] in Serum or Plasma --1 hour post meal	C peptide [Moles/volume] in Serum or Plasma --1 hour post meal			low
s-c-peptidiaterianjälkeen	nmol/l	161	name+unit+values	150		40759040		40759040	C peptide [Moles/volume] in Serum or Plasma --post meal		C peptide [Moles/volume] in Serum or Plasma --post meal	C-peptide [Moles/volume] in Serum or Plasma --post meal	C peptide [Moles/volume] in Serum or Plasma --post meal	C peptide [Moles/volume] in Serum or Plasma --post meal	high		high
s-follikkeliastimuloivahormoni	iu/l	161	name+unit+values	416	3023323	3023323		3023323	Follitropin [Units/volume] in Serum or Plasma		Follitropin [Units/volume] in Serum or Plasma	Follicle stimulating hormone [Units/volume] in Serum or Plasma	Follitropin [Units/volume] in Serum or Plasma	Follitropin [Units/volume] in Serum or Plasma	high		high
s-follikkeliastimuloivahormoni	u/l	161	name+unit+values	80	3023323	3023323		3023323	Follitropin [Units/volume] in Serum or Plasma		Follitropin [Units/volume] in Serum or Plasma	Follicle stimulating hormone [Units/volume] in Serum or Plasma	Follitropin [Units/volume] in Serum or Plasma	Follitropin [Units/volume] in Serum or Plasma	high		high
s-follikkeliastimuloivahormoni		161	name	7	3023323			3023323			Follitropin [Units/volume] in Serum or Plasma	Follicle stimulating hormone [Units/volume] in Serum or Plasma	Follitropin [Units/volume] in Serum or Plasma	Follitropin [Units/volume] in Serum or Plasma			low
s-kertatyydyttymättömätrasvahapot	mmol/l	161	name+unit+values	263		3032911		3032911	Monounsaturated fatty acids [Moles/volume] in Serum or Plasma		Monounsaturated fatty acids [Moles/volume] in Serum or Plasma	Monounsaturated fatty acids [Moles/volume] in Serum or Plasma	Fatty acids.monounsaturated [Moles/volume] in Serum or Plasma	Monounsaturated fatty acids [Moles/volume] in Serum or Plasma	high		high
s-luteinisoivahormoni	iu/l	161	name+unit+values	178		3009214		3009214	Lutropin [Units/volume] in Serum or Plasma		Lutropin [Units/volume] in Serum or Plasma	Luteinizing hormone [Units/volume] in Serum or Plasma	Lutropin [Units/volume] in Serum or Plasma	Lutropin [Units/volume] in Serum or Plasma	high		high
s-luteinisoivahormoni	u/l	161	name+unit	26		3009214		3009214	Lutropin [Units/volume] in Serum or Plasma		Lutropin [Units/volume] in Serum or Plasma	Luteinizing hormone [Units/volume] in Serum or Plasma	Lutropin [Units/volume] in Serum or Plasma	Lutropin [Units/volume] in Serum or Plasma	high		high
s-luteinisoivahormoni		161	name	14				3009214			Lutropin [Units/volume] in Serum or Plasma	Luteinizing hormone [Units/volume] in Serum or Plasma	Lutropin [Units/volume] in Serum or Plasma	Lutropin [Units/volume] in Serum or Plasma			low
s-monityydyttymättömätrasvahapot	mmol/l	161	name+unit+values	255		3032924		3032924	Polyunsaturated fatty acids [Moles/volume] in Serum or Plasma		Polyunsaturated fatty acids [Moles/volume] in Serum or Plasma	Polyunsaturated fatty acids [Moles/volume] in Serum or Plasma	Fatty acids.polyunsaturated [Moles/volume] in Serum or Plasma	Polyunsaturated fatty acids [Moles/volume] in Serum or Plasma	high		high
s-monityydyttymättömätrasvahapot		161	name	11		3032924		3032924	Polyunsaturated fatty acids [Moles/volume] in Serum or Plasma		Polyunsaturated fatty acids [Moles/volume] in Serum or Plasma	Polyunsaturated fatty acids [Moles/volume] in Serum or Plasma	Fatty acids.polyunsaturated [Moles/volume] in Serum or Plasma	Polyunsaturated fatty acids [Moles/volume] in Serum or Plasma	medium		medium
s-tyydyttyneetrasvahapot	mmol/l	161	name+unit+values	265		3032897		3032897	Saturated fatty acids [Moles/volume] in Serum or Plasma		Saturated fatty acids [Moles/volume] in Serum or Plasma	Saturated fatty acids [Moles/volume] in Serum or Plasma	Fatty acids.saturated [Moles/volume] in Serum or Plasma	Saturated fatty acids [Moles/volume] in Serum or Plasma	high		high
ulosteenripulivirukset,nukle		161	name	109		37021229		37021229	Gastrointestinal viral pathogens panel - Stool by NAA with probe detection		Gastrointestinal viral pathogens panel - Stool by NAA with probe detection	Viral gastroenteritis panel - Stool by NAA	Gastrointestinal pathogen panel - Stool by NAA with probe detection	Gastrointestinal pathogen virus panel - Stool by NAA with probe detection	high		medium
-cd4-solujensuhdecd8-soluihin		162	name+values	667		40757349		40757349	CD3+CD4+ (T4 helper) cells/CD3+CD8+ (T8 suppressor cells) cells [# Ratio] in Blood		CD3+CD4+ (T4 helper) cells/CD3+CD8+ (T8 suppressor cells) cells [# Ratio] in Blood	CD4/CD8 [# Ratio] in Blood	Lymphocytes.CD4/Lymphocytes.CD8 [Ratio] in Blood	CD4 Cells/CD8 Cells [# Ratio] in Blood	high		medium
-kt/v,daugirdaksenkaava		162	name+values	176								Kt/V dialysis adequacy [Ratio] by Daugirdas formula	Kt/V [Dimensionless] by Daugirdas method	Urea clearance x time/Volume of distribution of urea (Kt/V) [Ratio] by calculation			
-sieni,natiivivalmiste		162	name	244		40758434		40758434	Fungus [Presence] in Specimen by KOH preparation		Fungus [Presence] in Specimen by KOH preparation	Fungus [Presence] in Specimen by Wet mount	Fungi identified in Unspecified specimen by Wet preparation	Fungus [Presence] in Specimen by Direct microscopic examination (KOH preparation)	high		low
ab-aktuaalibikarbonaatti	mmol/l	162	name+unit+values	14354	3008152	3008152		3008152	Bicarbonate [Moles/volume] in Arterial blood		Bicarbonate [Moles/volume] in Arterial blood	Bicarbonate [Moles/volume] in Arterial blood	Bicarbonate [Moles/volume] in Arterial blood	Bicarbonate [Moles/volume] in Arterial blood	high		high
ab-aktuaalibikarbonaatti		162	name	47		3008152		3008152	Bicarbonate [Moles/volume] in Arterial blood		Bicarbonate [Moles/volume] in Arterial blood	Bicarbonate [Moles/volume] in Arterial blood	Bicarbonate [Moles/volume] in Arterial blood	Bicarbonate [Moles/volume] in Arterial blood	high		medium
ab-lämpötila(he-tase)	aste	162	name+unit+values	418		3020891		3020891	Body temperature		Body temperature	Temperature [Temperature] of Patient	Temperature of Arterial blood	Body temperature	high		medium
ab-standardibikarbonaatti	mmol/l	162	name+unit+values	4434	3014218	3014218		3014218	Bicarbonate [Moles/volume] standard in Arterial blood		Bicarbonate [Moles/volume] standard in Arterial blood	Bicarbonate.standard [Moles/volume] in Arterial blood	Bicarbonate.standard [Moles/volume] in Arterial blood	Bicarbonate [Moles/volume] standard in Arterial blood	high		high
ab-standardibikarbonaatti		162	name	20		3014218		3014218	Bicarbonate [Moles/volume] standard in Arterial blood		Bicarbonate [Moles/volume] standard in Arterial blood	Bicarbonate.standard [Moles/volume] in Arterial blood	Bicarbonate.standard [Moles/volume] in Arterial blood	Bicarbonate [Moles/volume] standard in Arterial blood	high		medium
alkalinenfosfataasi	u/l	162	name+unit+values	4090	3035995	3035995		3035995	Alkaline phosphatase [Enzymatic activity/volume] in Serum or Plasma		Alkaline phosphatase [Enzymatic activity/volume] in Serum or Plasma	Alkaline phosphatase [Enzymatic activity/volume] in Serum or Plasma	Alkaline phosphatase [Enzymatic activity/volume] in Serum or Plasma	Alkaline phosphatase [Enzymatic activity/volume] in Serum or Plasma	high		high
alkalinenfosfataasi		162	name	409		3035995		3035995	Alkaline phosphatase [Enzymatic activity/volume] in Serum or Plasma		Alkaline phosphatase [Enzymatic activity/volume] in Serum or Plasma	Alkaline phosphatase [Enzymatic activity/volume] in Serum or Plasma	Alkaline phosphatase [Enzymatic activity/volume] in Serum or Plasma	Alkaline phosphatase [Enzymatic activity/volume] in Serum or Plasma	high		medium
angiotensiini-1-konvertaasi	u/l	162	name+unit+values	286		3034780		3034780	Angiotensin converting enzyme [Enzymatic activity/volume] in Serum or Plasma		Angiotensin converting enzyme [Enzymatic activity/volume] in Serum or Plasma	Angiotensin converting enzyme [Enzymatic activity/volume] in Serum or Plasma	Angiotensin converting enzyme [Enzymatic activity/volume] in Serum or Plasma	Angiotensin converting enzyme [Enzymatic activity/volume] in Serum or Plasma	high		high
angiotensiini-1-konvertaasi		162	name	20		3034780		3034780	Angiotensin converting enzyme [Enzymatic activity/volume] in Serum or Plasma		Angiotensin converting enzyme [Enzymatic activity/volume] in Serum or Plasma	Angiotensin converting enzyme [Enzymatic activity/volume] in Serum or Plasma	Angiotensin converting enzyme [Enzymatic activity/volume] in Serum or Plasma	Angiotensin converting enzyme [Enzymatic activity/volume] in Serum or Plasma	high		medium
b-diffi,erittelylaskenta,klooni		162	name	142				42870588			Differential panel, method unspecified - Blood	Clonality study [Interpretation] in Blood by Manual count	Leukocyte differential count, clonal analysis in Blood by Flow cytometry	Leukocyte differential panel - Blood			low
cb-standardibikarbonaatti	mmol/l	162	name+unit+values	10798	3015235	3004490		3004490	Bicarbonate [Moles/volume] standard in Capillary blood		Bicarbonate [Moles/volume] standard in Capillary blood	Bicarbonate.standard [Moles/volume] in Capillary blood	Bicarbonate.standard [Moles/volume] in Capillary blood	Bicarbonate [Moles/volume] standard in Capillary blood	high		high
cb-standardibikarbonaatti		162	name	90	3015235	3004490		3004490	Bicarbonate [Moles/volume] standard in Capillary blood		Bicarbonate [Moles/volume] standard in Capillary blood	Bicarbonate.standard [Moles/volume] in Capillary blood	Bicarbonate.standard [Moles/volume] in Capillary blood	Bicarbonate [Moles/volume] standard in Capillary blood	high		medium
d-vitamiini-25-oh,d3-jad2-muodot	nmol/l	162	name+unit+values	219	40771025	40771025		40771025	25-Hydroxyvitamin D3+25-Hydroxyvitamin D2 [Moles/volume] in Serum or Plasma		25-Hydroxyvitamin D3+25-Hydroxyvitamin D2 [Moles/volume] in Serum or Plasma	Hydroxyvitamin D3+D2 [Moles/volume] in Serum or Plasma	25-Hydroxyvitamin D2+D3 [Moles/volume] in Serum or Plasma	25-hydroxyvitamin D2+25-hydroxyvitamin D3 [Moles/volume] in Serum or Plasma	high		high
d-vitamiini-25-oh,plasmasta	nmol/l	162	name+unit+values	694	40771025	40771025		3024390	25-Hydroxyvitamin D3+25-Hydroxyvitamin D2 [Moles/volume] in Serum or Plasma		25-hydroxyvitamin D3 [Moles/volume] in Serum or Plasma	Hydroxyvitamin D (25) [Moles/volume] in Plasma	25-Hydroxyvitamin D2+D3 [Moles/volume] in Plasma	25-hydroxyvitamin D3 [Moles/volume] in Serum or Plasma	high		medium
e-punasolujenkokojakaum	%	162	name+unit+values	55570	3002385	3019897		3002385	Erythrocyte [DistWidth] in Red Blood Cells by Automated count		Erythrocyte [DistWidth] in Red Blood Cells	Erythrocyte distribution width [Ratio] in Blood by Automated count	Erythrocyte distribution width [Ratio] in Blood	Erythrocyte distribution width [Ratio] in Blood by Automated count	high		medium
e-punasolujenkokojakaum		162	name	7		3019897		3002385	Erythrocyte [DistWidth] in Red Blood Cells by Automated count		Erythrocyte [DistWidth] in Red Blood Cells	Erythrocyte distribution width [Ratio] in Blood by Automated count	Erythrocyte distribution width [Ratio] in Blood	Erythrocyte distribution width [Ratio] in Blood by Automated count	high		low
e-punasolujenkokojakauma	%	162	name+unit+values	196935	3002385	3019897		3002385	Erythrocyte [DistWidth] in Red Blood Cells by Automated count		Erythrocyte [DistWidth] in Red Blood Cells	Erythrocyte distribution width [Ratio] in Blood by Automated count	Erythrocyte distribution width [Ratio] in Blood	Erythrocyte distribution width [Ratio] in Blood by Automated count	high		medium
e-punasolujenkokojakauma		162	name+values	1688	3002385	3019897		3002385	Erythrocyte [DistWidth] in Red Blood Cells by Automated count		Erythrocyte [DistWidth] in Red Blood Cells	Erythrocyte distribution width [Ratio] in Blood by Automated count	Erythrocyte distribution width [Ratio] in Blood	Erythrocyte distribution width [Ratio] in Blood by Automated count	high		medium
e-rdw,punasolujenkokojakauma	%	162	name+unit+values	25929		3019897		3002385	Erythrocyte [DistWidth] in Red Blood Cells by Automated count		Erythrocyte [DistWidth] in Red Blood Cells	Erythrocyte distribution width [Ratio] in Blood by Automated count	Erythrocyte distribution width [Ratio] in Blood	Erythrocyte distribution width [Ratio] in Blood by Automated count	high		medium
e-rdw,punasolujenkokojakauma		162	name	76		3019897		3002385	Erythrocyte [DistWidth] in Red Blood Cells by Automated count		Erythrocyte [DistWidth] in Red Blood Cells	Erythrocyte distribution width [Ratio] in Blood by Automated count	Erythrocyte distribution width [Ratio] in Blood	Erythrocyte distribution width [Ratio] in Blood by Automated count	high		low
ekg,hoitoyksikönottama		162	name	213		3044889		3013512	12 lead EKG panel		EKG study	12 lead EKG panel	12 lead EKG panel	12 lead EKG panel	high		low
ekgasiakkaanottama		162	name	257		3044889		3013512	12 lead EKG panel		EKG study	12 lead EKG panel	12 lead EKG panel	12 lead EKG panel	high		low
erikoislääkärinkonsultaatio		162	name	118										Consultation note			
folaatti(fe-folaat)	nmol/l	162	name+unit+values	320	3019309	3019309		3019309	Folate [Moles/volume] in Red Blood Cells		Folate [Moles/volume] in Red Blood Cells	Folate [Moles/volume] in Red Blood Cells	Folate [Moles/volume] in Red Blood Cells	Folate [Moles/volume] in Red Blood Cells	high		high
folaatti(fe-folaat)		162	name	12	3019309	3019309		3019309	Folate [Moles/volume] in Red Blood Cells		Folate [Moles/volume] in Red Blood Cells	Folate [Moles/volume] in Red Blood Cells	Folate [Moles/volume] in Red Blood Cells	Folate [Moles/volume] in Red Blood Cells	high		low
fosfaatti,epäorgaaninen	mmol/l	162	name+unit+values	275		3003458		3003458	Phosphate [Moles/volume] in Serum or Plasma		Phosphate [Moles/volume] in Serum or Plasma	Phosphate [Moles/volume] in Serum or Plasma	Phosphate [Moles/volume] in Serum or Plasma	Phosphate [Moles/volume] in Serum or Plasma	high		high
fosfaatti,epäorgaaninen		162	name	13		3003458		3003458	Phosphate [Moles/volume] in Serum or Plasma		Phosphate [Moles/volume] in Serum or Plasma	Phosphate [Moles/volume] in Serum or Plasma	Phosphate [Moles/volume] in Serum or Plasma	Phosphate [Moles/volume] in Serum or Plasma	high		medium
fp-fosfaatti,epäorgaaninen	mmol/l	162	name+unit+values	1537		3003458		3003458	Phosphate [Moles/volume] in Serum or Plasma		Phosphate [Moles/volume] in Serum or Plasma	Phosphate [Moles/volume] in Plasma	Phosphate [Moles/volume] in Serum or Plasma	Phosphate [Moles/volume] in Serum or Plasma	high		high
fp-fosfaatti,epäorgaaninen		162	name	7		3003458		3003458	Phosphate [Moles/volume] in Serum or Plasma		Phosphate [Moles/volume] in Serum or Plasma	Phosphate [Moles/volume] in Plasma	Phosphate [Moles/volume] in Serum or Plasma	Phosphate [Moles/volume] in Serum or Plasma	high		medium
fp-parathormoni(intakti)	ng/l	162	name+unit+values	167		3000067		3000067	Parathyrin.intact [Mass/volume] in Serum or Plasma		Parathyrin.intact [Mass/volume] in Serum or Plasma	Parathyrin.intact [Mass/volume] in Plasma	Parathyrin.intact [Mass/volume] in Serum or Plasma	Parathyrin.intact [Mass/volume] in Serum or Plasma	high		high
fp-parathormoni,intakti	ng/l	162	name+unit+values	443	3037534	3000067		3000067	Parathyrin.intact [Mass/volume] in Serum or Plasma		Parathyrin.intact [Mass/volume] in Serum or Plasma	Parathyrin.intact [Mass/volume] in Plasma	Parathyrin.intact [Mass/volume] in Serum or Plasma	Parathyrin.intact [Mass/volume] in Serum or Plasma	high		high
fp-parathormoni,intakti	pmol/l	162	name+unit+values	213		3010566		3010566	Parathyrin.intact [Moles/volume] in Serum or Plasma		Parathyrin.intact [Moles/volume] in Serum or Plasma	Parathyrin.intact [Moles/volume] in Plasma	Parathyrin.intact [Moles/volume] in Serum or Plasma	Parathyrin.intact [Moles/volume] in Serum or Plasma	high		high
fp-parathormoni,intakti		162	name	5		3000067			Parathyrin.intact [Mass/volume] in Serum or Plasma			Parathyrin.intact [Mass/volume] in Plasma	Parathyrin.intact [Moles/volume] in Serum or Plasma	Parathyrin.intact [Mass/volume] in Serum or Plasma	high		
fp-reniini,konsentraatio	mu/l	162	name+unit+values	275	3011985	3011985		3011985	Renin [Units/volume] in Plasma		Renin [Units/volume] in Plasma	Renin [Units/volume] in Plasma	Renin [Units/volume] in Plasma	Renin [Units/volume] in Plasma	high		high
fp-reniini,konsentraatio		162	name	9	3011985	3011985		3011985	Renin [Units/volume] in Plasma		Renin [Units/volume] in Plasma	Renin [Units/volume] in Plasma	Renin [Units/volume] in Plasma	Renin [Units/volume] in Plasma	high		low
fras,oksidatiivinenstressi		162	name	508								Free radicals [Arbitrary Concentration] in Serum or Plasma	Reactive oxygen metabolites [Mass/volume] in Serum	Antioxidant capacity [Mass/volume] in Serum			
fs-alkalinenfosfataasi	u/l	162	name+unit	114	3035995	3035995		3035995	Alkaline phosphatase [Enzymatic activity/volume] in Serum or Plasma		Alkaline phosphatase [Enzymatic activity/volume] in Serum or Plasma	Alkaline phosphatase [Enzymatic activity/volume] in Serum	Alkaline phosphatase [Enzymatic activity/volume] in Serum or Plasma	Alkaline phosphatase [Enzymatic activity/volume] in Serum or Plasma	high		high
fs-angiotensiini-1-konvertaasi	u/l	162	name+unit+values	168		3034780		3034780	Angiotensin converting enzyme [Enzymatic activity/volume] in Serum or Plasma		Angiotensin converting enzyme [Enzymatic activity/volume] in Serum or Plasma	Angiotensin converting enzyme [Enzymatic activity/volume] in Serum	Angiotensin converting enzyme [Enzymatic activity/volume] in Serum or Plasma	Angiotensin converting enzyme [Enzymatic activity/volume] in Serum or Plasma	high		high
fs-angiotensiini-1-konvertaasi		162	name	17		3034780		3034780	Angiotensin converting enzyme [Enzymatic activity/volume] in Serum or Plasma		Angiotensin converting enzyme [Enzymatic activity/volume] in Serum or Plasma	Angiotensin converting enzyme [Enzymatic activity/volume] in Serum	Angiotensin converting enzyme [Enzymatic activity/volume] in Serum or Plasma	Angiotensin converting enzyme [Enzymatic activity/volume] in Serum or Plasma	high		medium
fs-monikanava4-7tthperuspaketti		162	name	125								Occupational health panel - Serum	Comprehensive metabolic panel - Serum or Plasma	Occupational health basic screening panel - Serum			
fs-työterveyshuollonperuspaketti		162	name	141								Occupational health panel - Serum	Occupational health basic panel - Serum or Plasma	Occupational health basic screening panel - Serum			
ilmajohtotarv.luujohto		162	name	785				36305393			Pure tone threshold audiometry panel	Hearing evaluation panel	Audiometry air and bone conduction panel	Audiometry panel			low
korona-rs-influenssa,pcrpikatesti		162	name	6428		36031861		36031886	Influenza virus A and B and SARS-CoV-2 (COVID-19) and Respiratory syncytial virus RNA panel - Respiratory system specimen by NAA with probe detection		Parathyrin.1-84 [Moles/volume] in Serum or Plasma by Immunoassay	SARS-CoV-2 & Influenza virus & Respiratory syncytial virus RNA panel - Respiratory specimen by NAA	SARS-CoV-2, Influenza virus and RSV RNA panel - Nasopharynx by NAA with probe detection	SARS-CoV-2 and Influenza virus A+B and Respiratory syncytial virus RNA panel - Respiratory specimen by NAA with probe detection	high		medium
kreatiinikinaasi	u/l	162	name+unit+values	821		3007220		3007220	Creatine kinase [Enzymatic activity/volume] in Serum or Plasma		Creatine kinase [Enzymatic activity/volume] in Serum or Plasma	Creatine kinase [Enzymatic activity/volume] in Serum or Plasma	Creatine kinase [Enzymatic activity/volume] in Serum or Plasma	Creatine kinase [Enzymatic activity/volume] in Serum or Plasma	high		high
l-basofiilit,automaatio	%	162	name+unit+values	10670	3022096	3013869		3013869	Basophils/Leukocytes in Blood by Automated count		Basophils/Leukocytes in Blood by Automated count	Basophils/Leukocytes in Blood by Automated count	Basophils/100 leukocytes in Blood by Automated count	Basophils/100 leukocytes in Blood by Automated count	high		high
l-eosinofiilit,automaatio	%	162	name+unit+values	10670	3006504	3010457		3010457	Eosinophils/Leukocytes in Blood by Automated count		Eosinophils/Leukocytes in Blood by Automated count	Eosinophils/Leukocytes in Blood by Automated count	Eosinophils/100 leukocytes in Blood by Automated count	Eosinophils/100 leukocytes in Blood by Automated count	high		high
l-lymfosyytit,automaatio	%	162	name+unit+values	19279	3002030	3037511		3037511	Lymphocytes/Leukocytes in Blood by Automated count		Lymphocytes/Leukocytes in Blood by Automated count	Lymphocytes/Leukocytes in Blood by Automated count	Lymphocytes/100 leukocytes in Blood by Automated count	Lymphocytes/100 leukocytes in Blood by Automated count	high		high
l-lymfosyytit,automaatio		162	name	23	3002030	3037511		3037511	Lymphocytes/Leukocytes in Blood by Automated count		Lymphocytes/Leukocytes in Blood by Automated count	Lymphocytes/Leukocytes in Blood by Automated count	Lymphocytes/100 leukocytes in Blood by Automated count	Lymphocytes/100 leukocytes in Blood by Automated count	high		medium
l-monosyytit,automaatio	%	162	name+unit+values	19276	3019069	3011948		3011948	Monocytes/Leukocytes in Blood by Automated count		Monocytes/Leukocytes in Blood by Automated count	Monocytes/Leukocytes in Blood by Automated count	Monocytes/100 leukocytes in Blood by Automated count	Monocytes/100 leukocytes in Blood by Automated count	high		high
l-monosyytit,automaatio		162	name	23	3019069	3011948		3011948	Monocytes/Leukocytes in Blood by Automated count		Monocytes/Leukocytes in Blood by Automated count	Monocytes/Leukocytes in Blood by Automated count	Monocytes/100 leukocytes in Blood by Automated count	Monocytes/100 leukocytes in Blood by Automated count	high		medium
l-neutrofiilit,automaatio	%	162	name+unit+values	19277	3018010	3008342		3008342	Neutrophils/Leukocytes in Blood by Automated count		Neutrophils/Leukocytes in Blood by Automated count	Neutrophils/Leukocytes in Blood by Automated count	Neutrophils/100 leukocytes in Blood by Automated count	Neutrophils/100 leukocytes in Blood by Automated count	high		high
l-neutrofiilit,automaatio		162	name	23	3018010	3008342		3008342	Neutrophils/Leukocytes in Blood by Automated count		Neutrophils/Leukocytes in Blood by Automated count	Neutrophils/Leukocytes in Blood by Automated count	Neutrophils/100 leukocytes in Blood by Automated count	Neutrophils/100 leukocytes in Blood by Automated count	high		medium
laktaattidehydrogenaasi	u/l	162	name+unit+values	112	3022250	3016436		3016436	Lactate dehydrogenase [Enzymatic activity/volume] in Serum or Plasma		Lactate dehydrogenase [Enzymatic activity/volume] in Serum or Plasma	Lactate dehydrogenase [Enzymatic activity/volume] in Serum or Plasma	Lactate dehydrogenase [Enzymatic activity/volume] in Serum or Plasma	Lactate dehydrogenase [Enzymatic activity/volume] in Serum or Plasma	high		high
p-aktuaalinenbikarbonaatti	mmol/l	162	name+unit+values	1258		3016293		3016293	Bicarbonate [Moles/volume] in Serum or Plasma		Bicarbonate [Moles/volume] in Serum or Plasma	Bicarbonate [Moles/volume] in Plasma	Bicarbonate [Moles/volume] in Plasma	Bicarbonate [Moles/volume] in Serum or Plasma	high		high
p-alkaalinenfosfataasi	u/l	162	name+unit+values	218		3035995		3035995	Alkaline phosphatase [Enzymatic activity/volume] in Serum or Plasma		Alkaline phosphatase [Enzymatic activity/volume] in Serum or Plasma	Alkaline phosphatase [Enzymatic activity/volume] in Plasma	Alkaline phosphatase [Enzymatic activity/volume] in Serum or Plasma	Alkaline phosphatase [Enzymatic activity/volume] in Serum or Plasma	high		high
p-alkaalinenfosfataasi		162	name	6		3035995		3035995	Alkaline phosphatase [Enzymatic activity/volume] in Serum or Plasma		Alkaline phosphatase [Enzymatic activity/volume] in Serum or Plasma	Alkaline phosphatase [Enzymatic activity/volume] in Plasma	Alkaline phosphatase [Enzymatic activity/volume] in Serum or Plasma	Alkaline phosphatase [Enzymatic activity/volume] in Serum or Plasma	high		medium
p-alkalinenfosfataasi	u/l	162	name+unit+values	26335	3035995	3035995		3035995	Alkaline phosphatase [Enzymatic activity/volume] in Serum or Plasma		Alkaline phosphatase [Enzymatic activity/volume] in Serum or Plasma	Alkaline phosphatase [Enzymatic activity/volume] in Plasma	Alkaline phosphatase [Enzymatic activity/volume] in Serum or Plasma	Alkaline phosphatase [Enzymatic activity/volume] in Serum or Plasma	high		high
p-alkalinenfosfataasi		162	name	74		3035995		3035995	Alkaline phosphatase [Enzymatic activity/volume] in Serum or Plasma		Alkaline phosphatase [Enzymatic activity/volume] in Serum or Plasma	Alkaline phosphatase [Enzymatic activity/volume] in Plasma	Alkaline phosphatase [Enzymatic activity/volume] in Serum or Plasma	Alkaline phosphatase [Enzymatic activity/volume] in Serum or Plasma	high		medium
p-bilirubiinikonjugaatit	umol/l	162	name+unit+values	1839	3005772	3005772		3028638	Bilirubin.conjugated [Moles/volume] in Serum or Plasma		Bilirubin.direct [Moles/volume] in Serum or Plasma	Bilirubin.conjugated [Moles/volume] in Plasma	Bilirubin.conjugated [Moles/volume] in Serum or Plasma	Bilirubin.direct [Moles/volume] in Serum or Plasma	high		medium
p-bilirubiinikonjugaatit		162	name	168	3005772	3005772		3028638	Bilirubin.conjugated [Moles/volume] in Serum or Plasma		Bilirubin.direct [Moles/volume] in Serum or Plasma	Bilirubin.conjugated [Moles/volume] in Plasma	Bilirubin.conjugated [Moles/volume] in Serum or Plasma	Bilirubin.direct [Moles/volume] in Serum or Plasma	high		medium
p-fosfaatti,epäorgaaninen	mmol/l	162	name+unit+values	436		3003458		3003458	Phosphate [Moles/volume] in Serum or Plasma		Phosphate [Moles/volume] in Serum or Plasma	Phosphate [Moles/volume] in Plasma	Phosphate [Moles/volume] in Serum or Plasma	Phosphate [Moles/volume] in Serum or Plasma	high		high
p-kreatiinikinaasi	u/l	162	name+unit+values	2765	3007220	3007220		3007220	Creatine kinase [Enzymatic activity/volume] in Serum or Plasma		Creatine kinase [Enzymatic activity/volume] in Serum or Plasma	Creatine kinase [Enzymatic activity/volume] in Plasma	Creatine kinase [Enzymatic activity/volume] in Serum or Plasma	Creatine kinase [Enzymatic activity/volume] in Serum or Plasma	high		high
p-kreatiinikinaasi		162	name	21	3007220	3007220		3007220	Creatine kinase [Enzymatic activity/volume] in Serum or Plasma		Creatine kinase [Enzymatic activity/volume] in Serum or Plasma	Creatine kinase [Enzymatic activity/volume] in Plasma	Creatine kinase [Enzymatic activity/volume] in Serum or Plasma	Creatine kinase [Enzymatic activity/volume] in Serum or Plasma	high		medium
p-laktaattidehydrogenaasi	u/l	162	name+unit+values	3272	3022250	3016436		3016436	Lactate dehydrogenase [Enzymatic activity/volume] in Serum or Plasma		Lactate dehydrogenase [Enzymatic activity/volume] in Serum or Plasma	Lactate dehydrogenase [Enzymatic activity/volume] in Plasma	Lactate dehydrogenase [Enzymatic activity/volume] in Serum or Plasma	Lactate dehydrogenase [Enzymatic activity/volume] in Serum or Plasma	high		high
p-laktaattidehydrogenaasi		162	name	29	3022250	3016436		3016436	Lactate dehydrogenase [Enzymatic activity/volume] in Serum or Plasma		Lactate dehydrogenase [Enzymatic activity/volume] in Serum or Plasma	Lactate dehydrogenase [Enzymatic activity/volume] in Plasma	Lactate dehydrogenase [Enzymatic activity/volume] in Serum or Plasma	Lactate dehydrogenase [Enzymatic activity/volume] in Serum or Plasma	high		medium
p-lupusantikoagulantti		162	name	220		3027184		3027184	Lupus anticoagulant [Interpretation] in Platelet poor plasma		Lupus anticoagulant [Interpretation] in Platelet poor plasma	Lupus anticoagulant [Presence] in Platelet poor plasma	Lupus anticoagulant [Presence] in Platelet poor plasma	Lupus anticoagulant [Presence] in Platelet poor plasma	high		low
p-psavapaanosuustotaalista	%	162	name+unit+values	719		3001784		3001784	Prostate Specific Ag Free/Prostate specific Ag.total in Serum or Plasma		Prostate Specific Ag Free/Prostate specific Ag.total in Serum or Plasma	Prostate specific Ag.free/Prostate specific Ag.total [Ratio] in Plasma	Prostate specific Ag.free/Prostate specific Ag.total in Serum or Plasma	Prostate specific antigen.free/Prostate specific antigen.total in Serum or Plasma	high		high
p-urea,resirkulaatio	mmol/l	162	name+unit+values	200		3020779		3020779	Urea [Moles/volume] in Serum or Plasma		Urea [Moles/volume] in Serum or Plasma	Urea [Moles/volume] in Plasma	Urea [Moles/volume] in Plasma	Urea [Moles/volume] in Serum or Plasma	high		medium
psa-vapaa/totaali-suhde,plasmasta	%	162	name+unit+values	1183	3001784	3001784		3001784	Prostate Specific Ag Free/Prostate specific Ag.total in Serum or Plasma		Prostate Specific Ag Free/Prostate specific Ag.total in Serum or Plasma	Prostate specific Ag.free/Prostate specific Ag.total [Ratio] in Plasma	Prostate specific Ag.free/Prostate specific Ag.total in Serum or Plasma	Prostate specific antigen.free/Prostate specific antigen.total in Serum or Plasma	high		high
psa-vapaa/totaali-suhde,plasmasta		162	name	3428	3001784	3001784		3001784	Prostate Specific Ag Free/Prostate specific Ag.total in Serum or Plasma		Prostate Specific Ag Free/Prostate specific Ag.total in Serum or Plasma	Prostate specific Ag.free/Prostate specific Ag.total [Ratio] in Plasma	Prostate specific Ag.free/Prostate specific Ag.total in Serum or Plasma	Prostate specific antigen.free/Prostate specific antigen.total in Serum or Plasma	high		medium
psavapaanjatotaalinsuhde	%	162	name+unit	62	3001784	3001784		3001784	Prostate Specific Ag Free/Prostate specific Ag.total in Serum or Plasma		Prostate Specific Ag Free/Prostate specific Ag.total in Serum or Plasma	Prostate specific Ag.free/Prostate specific Ag.total [Ratio] in Serum or Plasma	Prostate specific Ag.free/Prostate specific Ag.total in Serum or Plasma	Prostate specific antigen.free/Prostate specific antigen.total in Serum or Plasma	high		medium
psavapaanjatotaalinsuhde		162	name	180	3001784	3001784		3001784	Prostate Specific Ag Free/Prostate specific Ag.total in Serum or Plasma		Prostate Specific Ag Free/Prostate specific Ag.total in Serum or Plasma	Prostate specific Ag.free/Prostate specific Ag.total [Ratio] in Serum or Plasma	Prostate specific Ag.free/Prostate specific Ag.total in Serum or Plasma	Prostate specific antigen.free/Prostate specific antigen.total in Serum or Plasma	high		medium
pt-vaativainhalaatiohoito		162	name	114													
punasolojenkokojakauma	%	162	name+unit+values	1068		3019897		3002385	Erythrocyte [DistWidth] in Red Blood Cells by Automated count		Erythrocyte [DistWidth] in Red Blood Cells	Erythrocyte distribution width [Ratio] in Blood by Automated count	Erythrocyte distribution width [Ratio] in Blood	Erythrocyte distribution width [Ratio] in Blood by Automated count	high		medium
punasolojenkokojakauma		162	name	7		3019897		3002385	Erythrocyte [DistWidth] in Red Blood Cells by Automated count		Erythrocyte [DistWidth] in Red Blood Cells	Erythrocyte distribution width [Ratio] in Blood by Automated count	Erythrocyte distribution width [Ratio] in Blood	Erythrocyte distribution width [Ratio] in Blood by Automated count	high		low
punasolujenerittelylaskenta	%	162	name+unit	41		40761509		3002385	Erythrocyte morphology panel - Blood		Erythrocyte [DistWidth] in Red Blood Cells	Erythrocyte morphology [Interpretation] in Blood by Manual count	Erythrocyte distribution width [Ratio] in Blood	Erythrocyte distribution width [Ratio] in Blood by Automated count	medium		low
punasolujenerittelylaskenta		162	name+values	433		40761509		3002385	Erythrocyte morphology panel - Blood		Erythrocyte [DistWidth] in Red Blood Cells	Erythrocyte morphology [Interpretation] in Blood by Manual count	Erythrocyte distribution width [Ratio] in Blood	Erythrocyte distribution width [Ratio] in Blood by Automated count	medium		low
punasolujenesiasteet(erytroblastit)	e9/l	162	name+unit+values	1040	3021589	3001490		3001490	Nucleated erythrocytes [#/volume] in Blood		Nucleated erythrocytes [#/volume] in Blood	Erythroblasts [#/volume] in Blood	Nucleated erythrocytes [#/volume] in Blood by Automated count	Nucleated erythrocytes [#/volume] in Blood by Automated count	high		medium
punasolujenesiasteet(erytroblastit)		162	name	24	3021589	3001490		3001490	Nucleated erythrocytes [#/volume] in Blood		Nucleated erythrocytes [#/volume] in Blood	Erythroblasts [#/volume] in Blood	Nucleated erythrocytes [#/volume] in Blood by Automated count	Nucleated erythrocytes [#/volume] in Blood by Automated count	high		low
punasolujenkokojakauma	%	162	name+unit+values	155883	3002385	3019897		3002385	Erythrocyte [DistWidth] in Red Blood Cells by Automated count		Erythrocyte [DistWidth] in Red Blood Cells	Erythrocyte distribution width [Ratio] in Blood by Automated count	Erythrocyte distribution width [Ratio] in Blood	Erythrocyte distribution width [Ratio] in Blood by Automated count	high		medium
punasolujenkokojakauma		162	name	2478	3002385	3019897		3002385	Erythrocyte [DistWidth] in Red Blood Cells by Automated count		Erythrocyte [DistWidth] in Red Blood Cells	Erythrocyte distribution width [Ratio] in Blood by Automated count	Erythrocyte distribution width [Ratio] in Blood	Erythrocyte distribution width [Ratio] in Blood by Automated count	high		low
punasolujenkokojakautuma	%	162	name+unit+values	683	3002385	3019897		3002385	Erythrocyte [DistWidth] in Red Blood Cells by Automated count		Erythrocyte [DistWidth] in Red Blood Cells	Erythrocyte distribution width [Ratio] in Blood by Automated count	Erythrocyte distribution width [Ratio] in Blood	Erythrocyte distribution width [Ratio] in Blood by Automated count	high		medium
punasolujenkoonvaihtelu	%	162	name+unit+values	2031		3019897		3002385	Erythrocyte [DistWidth] in Red Blood Cells by Automated count		Erythrocyte [DistWidth] in Red Blood Cells	Erythrocyte distribution width [Ratio] in Blood by Automated count	Erythrocyte distribution width [Ratio] in Blood	Erythrocyte distribution width [Ratio] in Blood by Automated count	high		medium
punasolut,kokojakauma	%	162	name+unit+values	121		3019897		3002385	Erythrocyte [DistWidth] in Red Blood Cells by Automated count		Erythrocyte [DistWidth] in Red Blood Cells	Erythrocyte distribution width [Ratio] in Blood by Automated count	Erythrocyte distribution width [Ratio] in Blood	Erythrocyte distribution width [Ratio] in Blood by Automated count	high		medium
s-alkalinenfosfataasi	u/l	162	name+unit+values	368	3035995	3035995		3035995	Alkaline phosphatase [Enzymatic activity/volume] in Serum or Plasma		Alkaline phosphatase [Enzymatic activity/volume] in Serum or Plasma	Alkaline phosphatase [Enzymatic activity/volume] in Serum	Alkaline phosphatase [Enzymatic activity/volume] in Serum or Plasma	Alkaline phosphatase [Enzymatic activity/volume] in Serum or Plasma	high		high
s-alkalinenfosfataasi,isoentsyymit		162	name	318		3028564		3037908	Alkaline phosphatase isoenz panel - Serum or Plasma		Alkaline phosphatase isoenzymes [Interpretation] in Serum or Plasma	Alkaline phosphatase isoenzymes panel - Serum by Electrophoresis	Alkaline phosphatase.isoenzymes in Serum by Electrophoresis	Alkaline phosphatase isoenzymes [Enzymatic activity/volume] in Serum or Plasma by Electrophoresis	high		low
s-glykoproteiininasetylaatio	mmol/l	162	name+unit+values	265		42528887		42528887	GlycA [Moles/volume] in Serum or Plasma		GlycA [Moles/volume] in Serum or Plasma	Glycoprotein.acetyls [Moles/volume] in Serum	Glycoprotein acetylation (GlycA) [Moles/volume] in Serum	Glycoprotein acetyls [Moles/volume] in Serum or Plasma by NMR	high		high
s-neuronispesifinenenolaasi	ug/l	162	name+unit	105		3028531		3028531	Enolase.neuron specific [Mass/volume] in Serum or Plasma		Enolase.neuron specific [Mass/volume] in Serum or Plasma	Neuron specific enolase [Mass/volume] in Serum	Neuron specific enolase [Mass/volume] in Serum	Neuron specific enolase [Mass/volume] in Serum or Plasma	high		high
s-nightingale-mittaus		162	name	265								Metabolites panel - Serum by NMR	NMR metabolomics panel - Serum	Metabolomics panel - Serum by NMR			
s-psavapaanjatotaalinsuhde	%	162	name+unit+values	106	3001784	3001784		3001784	Prostate Specific Ag Free/Prostate specific Ag.total in Serum or Plasma		Prostate Specific Ag Free/Prostate specific Ag.total in Serum or Plasma	Prostate specific Ag.free/Prostate specific Ag.total [Ratio] in Serum	Prostate specific Ag.free/Prostate specific Ag.total in Serum	Prostate specific antigen.free/Prostate specific antigen.total in Serum or Plasma	high		high
s-psavapaanjatotaalinsuhde		162	name	264	3001784	3001784		3001784	Prostate Specific Ag Free/Prostate specific Ag.total in Serum or Plasma		Prostate Specific Ag Free/Prostate specific Ag.total in Serum or Plasma	Prostate specific Ag.free/Prostate specific Ag.total [Ratio] in Serum	Prostate specific Ag.free/Prostate specific Ag.total in Serum	Prostate specific antigen.free/Prostate specific antigen.total in Serum or Plasma	high		medium
s-tymidiinikinaasi	u/l	162	name+unit+values	237		3045066		3045066	Thymidine kinase [Enzymatic activity/volume] in Serum		Thymidine kinase [Enzymatic activity/volume] in Serum	Thymidine kinase [Enzymatic activity/volume] in Serum	Thymidine kinase [Enzymatic activity/volume] in Serum	Thymidine kinase [Enzymatic activity/volume] in Serum	high		high
s-vapaanjakokonais-psa:nsuhde	%	162	name+unit+values	643		3001784		3001784	Prostate Specific Ag Free/Prostate specific Ag.total in Serum or Plasma		Prostate Specific Ag Free/Prostate specific Ag.total in Serum or Plasma	Prostate specific Ag.free/Prostate specific Ag.total [Ratio] in Serum	Prostate specific Ag.free/Prostate specific Ag.total in Serum	Prostate specific antigen.free/Prostate specific antigen.total in Serum or Plasma	high		high
s-vapaanjakokonais-psa:nsuhde		162	name	1561		3001784		3001784	Prostate Specific Ag Free/Prostate specific Ag.total in Serum or Plasma		Prostate Specific Ag Free/Prostate specific Ag.total in Serum or Plasma	Prostate specific Ag.free/Prostate specific Ag.total [Ratio] in Serum	Prostate specific Ag.free/Prostate specific Ag.total in Serum	Prostate specific antigen.free/Prostate specific antigen.total in Serum or Plasma	high		medium
sars-cov-2,influenssaa,bja		162	name	161		36661376		1761840	Influenza virus A and B and SARS-CoV-2 (COVID-19) RNA panel - Respiratory system specimen by NAA with probe detection		Influenza virus A and B and SARS-CoV-2 (COVID-19) RNA panel - Specimen by NAA with probe detection	SARS-CoV-2 & Influenza virus A & Influenza virus B RNA panel - Respiratory specimen by NAA	SARS-CoV-2 and Influenza virus A+B panel - Nasopharynx	SARS-CoV-2 and Influenza virus A and Influenza virus B RNA panel - Respiratory specimen by NAA with probe detection	high		low
sars-cov-2-antigeenitesti,pikatesti		162	name	101		723477		723477	SARS-CoV-2 (COVID-19) Ag [Presence] in Respiratory system specimen by Rapid immunoassay		SARS-CoV-2 (COVID-19) Ag [Presence] in Respiratory system specimen by Rapid immunoassay	SARS-CoV-2 Ag [Presence] in Respiratory specimen by Rapid immunoassay	SARS-CoV-2 Ag [Presence] in Nasopharynx by Rapid immunoassay	SARS-CoV-2 Ag [Presence] in Respiratory specimen by Rapid immunoassay	high		medium
tth-pakettia(ilmanpaastoa)		162	name	1079								Occupational health panel - Serum or Plasma	Occupational health basic panel - Serum or Plasma	Occupational health screening panel - Serum or Plasma			
tth:ssavirtsanprotjagluk		162	name	294		3043821		3043821	Protein and Glucose panel - Urine by Test strip		Protein and Glucose panel - Urine by Test strip	Urinalysis protein and glucose panel - Urine by Test strip	Protein and Glucose panel - Urine	Glucose and Protein panel - Urine by Test strip	high		medium
u-solut,peruslaskenta		162	name	1772				3029287			Urinalysis microscopic panel [#/volume] - Urine by Automated count	Leukocytes+Erythrocytes [#/volume] in Urine by Automated count	Urinalysis microscopic panel - Urine	Urine cell count panel - Urine by Automated count			low
vb-aktuaalibikarbonaatti	mmol/l	162	name+unit+values	1612		3027273		3027273	Bicarbonate [Moles/volume] in Venous blood		Bicarbonate [Moles/volume] in Venous blood	Bicarbonate [Moles/volume] in Venous blood	Bicarbonate [Moles/volume] in Venous blood	Bicarbonate [Moles/volume] in Venous blood	high		high
vb-aktuaalibikarbonaatti		162	name+values	185		3027273		3027273	Bicarbonate [Moles/volume] in Venous blood		Bicarbonate [Moles/volume] in Venous blood	Bicarbonate [Moles/volume] in Venous blood	Bicarbonate [Moles/volume] in Venous blood	Bicarbonate [Moles/volume] in Venous blood	high		medium
vb-standardibikarbonaatti	mmol/l	162	name+unit+values	13754	3007628	3007628		3007628	Bicarbonate [Moles/volume] standard in Venous blood		Bicarbonate [Moles/volume] standard in Venous blood	Bicarbonate.standard [Moles/volume] in Venous blood	Bicarbonate.standard [Moles/volume] in Venous blood	Bicarbonate [Moles/volume] standard in Venous blood	high		high
vb-standardibikarbonaatti		162	name	44		3007628		3007628	Bicarbonate [Moles/volume] standard in Venous blood		Bicarbonate [Moles/volume] standard in Venous blood	Bicarbonate.standard [Moles/volume] in Venous blood	Bicarbonate.standard [Moles/volume] in Venous blood	Bicarbonate [Moles/volume] standard in Venous blood	high		medium
virtsansolujenhl7-siirtoon	e6/l	162	name+unit+values	5551								Cells [#/volume] in Urine by Automated count	Cells [#/volume] in Urine by Automated count	Cells [#/volume] in Urine by Automated count			
virtsansolujenhl7-siirtoon		162	name+values	353								Cells [#/volume] in Urine by Automated count	Cells [#/volume] in Urine by Automated count	Cells [#/volume] in Urine by Automated count			
zb-aktuaalibikarbonaatti	mmol/l	162	name+unit+values	394		1616794		1616794	Bicarbonate [Moles/volume] in Central venous blood		Bicarbonate [Moles/volume] in Central venous blood	Bicarbonate [Moles/volume] in Central venous blood	Bicarbonate [Moles/volume] in Blood	Bicarbonate [Moles/volume] in Blood	high		low
b-erybla,osatutkimus(19978b-erybla)	e9/l	167	name+unit+values	1575		3001490		3001490	Nucleated erythrocytes [#/volume] in Blood		Nucleated erythrocytes [#/volume] in Blood	Nucleated erythrocytes [#/volume] in Blood	Nucleated red cells [#/volume] in Blood	Nucleated erythrocytes [#/volume] in Blood by Automated count	high		high
b-erybla,osatutkimus(b-erybla)	e9/l	167	name+unit+values	3732	3021589	3001490		3001490	Nucleated erythrocytes [#/volume] in Blood		Nucleated erythrocytes [#/volume] in Blood	Nucleated erythrocytes [#/volume] in Blood	Nucleated red cells [#/volume] in Blood	Nucleated erythrocytes [#/volume] in Blood by Automated count	high		high
b-erybla,osatutkimus(b-erybla)		167	name	8				3001490			Nucleated erythrocytes [#/volume] in Blood	Nucleated erythrocytes [#/volume] in Blood	Nucleated red cells [#/volume] in Blood	Nucleated erythrocytes [#/volume] in Blood			low
b-neut,osatutkimus(689b-neut)	e9/l	167	name+unit+values	114		3017732		3017732	Neutrophils [#/volume] in Blood		Neutrophils [#/volume] in Blood	Neutrophils [#/volume] in Blood	Neutrophils [#/volume] in Blood	Neutrophils [#/volume] in Blood	high		high
basofiilit,absol.arvot,osatutkimus(40b-baso)	e9/l	167	name+unit+values	114		3006315		3006315	Basophils [#/volume] in Blood		Basophils [#/volume] in Blood	Basophils [#/volume] in Blood	Basophils [#/volume] in Blood	Basophils [#/volume] in Blood	high		high
basofiilit,konediffi(),osatutk.b-diffi	%	167	name+unit+values	1040		3013869		3013869	Basophils/Leukocytes in Blood by Automated count		Basophils/Leukocytes in Blood by Automated count	Basophils/Leukocytes [# Ratio] in Blood by Automated count	Basophils/100 leukocytes in Blood by Automated count	Basophils/100 leukocytes in Blood by Automated count	high		high
basofiilit,osatutkimus(692l-baso)	%	167	name+unit+values	128		3022096		3022096	Basophils/Leukocytes in Blood		Basophils/Leukocytes in Blood	Basophils/Leukocytes [# Ratio] in Blood	Basophils/100 leukocytes in Blood	Basophils/100 leukocytes in Blood	high		high
e-rdw,osatutkimus(19976e-rdw)	%	167	name+unit+values	1577	3019897	3002385		3002385	Erythrocyte [DistWidth] in Red Blood Cells		Erythrocyte [DistWidth] in Red Blood Cells	Erythrocyte distribution width [Ratio] in Blood	Erythrocyte distribution width [Ratio] in Blood	Erythrocyte distribution width [Ratio] in Blood by Automated count	high		medium
e-rdw,osatutkimus(e-rdw)	%	167	name+unit+values	3731	3019897	3002385		3002385	Erythrocyte [DistWidth] in Red Blood Cells		Erythrocyte [DistWidth] in Red Blood Cells	Erythrocyte distribution width [Ratio] in Blood	Erythrocyte distribution width [Ratio] in Blood	Erythrocyte distribution width [Ratio] in Blood by Automated count	high		medium
e-rdw,osatutkimus(e-rdw)		167	name	8	3019897							Erythrocyte distribution width [Ratio] in Blood	Erythrocyte distribution width [Ratio] in Blood	Erythrocyte distribution width [Ratio] in Blood by Automated count			
eosinofiilit,absol.arvot,osatutkimus(39b-eos)	e9/l	167	name+unit+values	114		3013115		3013115	Eosinophils [#/volume] in Blood		Eosinophils [#/volume] in Blood	Eosinophils [#/volume] in Blood	Eosinophils [#/volume] in Blood	Eosinophils [#/volume] in Blood	high		high
eosinofiilit,konediffi(),osatutk.b-diffi	%	167	name+unit+values	1041		3010457		3010457	Eosinophils/Leukocytes in Blood by Automated count		Eosinophils/Leukocytes in Blood by Automated count	Eosinophils/Leukocytes [# Ratio] in Blood by Automated count	Eosinophils/100 leukocytes in Blood by Automated count	Eosinophils/100 leukocytes in Blood by Automated count	high		high
eosinofiilit,osatutkimus(690l-eos)	%	167	name+unit+values	114		3006504		3006504	Eosinophils/Leukocytes in Blood		Eosinophils/Leukocytes in Blood	Eosinophils/Leukocytes [# Ratio] in Blood	Eosinophils/100 leukocytes in Blood	Eosinophils/100 leukocytes in Blood	high		high
eosinofiilitabs,konediffi,osatutk.b-diffi	e9/l	167	name+unit+values	1041		3028615		3028615	Eosinophils [#/volume] in Blood by Automated count		Eosinophils [#/volume] in Blood by Automated count	Eosinophils [#/volume] in Blood by Automated count	Eosinophils [#/volume] in Blood by Automated count	Eosinophils [#/volume] in Blood by Automated count	high		high
kalsium,osatutkimus(p-ca)	mmol/l	167	name+unit+values	167	3015377	3015377		3015377	Calcium [Moles/volume] in Serum or Plasma		Calcium [Moles/volume] in Serum or Plasma	Calcium [Moles/volume] in Serum or Plasma	Calcium [Moles/volume] in Serum or Plasma	Calcium [Moles/volume] in Serum or Plasma	high		high
l-neut,osatutkimus(688l-neut)	%	167	name+unit+values	114		3018010		3018010	Neutrophils/Leukocytes in Blood		Neutrophils/Leukocytes in Blood	Neutrophils/Leukocytes [# Ratio] in Blood	Neutrophils/100 leukocytes in Blood	Neutrophils/100 leukocytes in Blood	high		high
lymfosyytit,absol.arvot,osatutkimus(43b-lymf)	e9/l	167	name+unit+values	114		3019198		3019198	Lymphocytes [#/volume] in Blood		Lymphocytes [#/volume] in Blood	Lymphocytes [#/volume] in Blood	Lymphocytes [#/volume] in Blood	Lymphocytes [#/volume] in Blood	high		high
lymfosyytit,konediffi(),osatutk.b-diffi	%	167	name+unit+values	1041		3037511		3037511	Lymphocytes/Leukocytes in Blood by Automated count		Lymphocytes/Leukocytes in Blood by Automated count	Lymphocytes/Leukocytes [# Ratio] in Blood by Automated count	Lymphocytes/100 leukocytes in Blood by Automated count	Lymphocytes/100 leukocytes in Blood by Automated count	high		high
lymfosyytit,osatutkimus(46l-lymf)	%	167	name+unit+values	114		3002030		3002030	Lymphocytes/Leukocytes in Blood		Lymphocytes/Leukocytes in Blood	Lymphocytes/Leukocytes [# Ratio] in Blood	Lymphocytes/100 leukocytes in Blood	Lymphocytes/100 leukocytes in Blood	high		high
monosyytit,absol.arvot,osatutkimus(42b-monos)	e9/l	167	name+unit+values	114		3001604		3001604	Monocytes [#/volume] in Blood		Monocytes [#/volume] in Blood	Monocytes [#/volume] in Blood	Monocytes [#/volume] in Blood	Monocytes [#/volume] in Blood	high		high
monosyytit,konediffi(),osatutk.b-diffi	%	167	name+unit+values	1041		3011948		3011948	Monocytes/Leukocytes in Blood by Automated count		Monocytes/Leukocytes in Blood by Automated count	Monocytes/Leukocytes [# Ratio] in Blood by Automated count	Monocytes/100 leukocytes in Blood by Automated count	Monocytes/100 leukocytes in Blood by Automated count	high		high
monosyytit,osatutkimus(693l-monos)	%	167	name+unit+values	114		3019069		3019069	Monocytes/Leukocytes in Blood		Monocytes/Leukocytes in Blood	Monocytes/Leukocytes [# Ratio] in Blood	Monocytes/100 leukocytes in Blood	Monocytes/100 leukocytes in Blood	high		high
neutrofiiliset,konediffi(),osatutk.b-diffi	%	167	name+unit+values	1041		3008342		3008342	Neutrophils/Leukocytes in Blood by Automated count		Neutrophils/Leukocytes in Blood by Automated count	Neutrophils/Leukocytes [# Ratio] in Blood by Automated count	Neutrophils/100 leukocytes in Blood by Automated count	Neutrophils/100 leukocytes in Blood by Automated count	high		high
neutrofiilitabs,konediffi,osatutk.b-diffi	e9/l	167	name+unit+values	1041		3013650		3013650	Neutrophils [#/volume] in Blood by Automated count		Neutrophils [#/volume] in Blood by Automated count	Neutrophils [#/volume] in Blood by Automated count	Neutrophils [#/volume] in Blood by Automated count	Neutrophils [#/volume] in Blood by Automated count	high		high
s-albumiini,osatutkimuss-prot-fr	g/l	167	name+unit+values	109		3028286		3028286	Albumin [Mass/volume] in Serum or Plasma by Electrophoresis		Albumin [Mass/volume] in Serum or Plasma by Electrophoresis	Albumin [Mass/volume] in Serum or Plasma by Electrophoresis	Albumin [Mass/volume] in Serum or Plasma by Electrophoresis	Albumin [Mass/volume] in Serum or Plasma by Electrophoresis	high		high
s-alfa-1-globuliini,osatutkimuss-prot-fr	g/l	167	name+unit+values	109		3015322		3015322	Alpha 1 globulin [Mass/volume] in Serum or Plasma by Electrophoresis		Alpha 1 globulin [Mass/volume] in Serum or Plasma by Electrophoresis	Alpha 1 globulin [Mass/volume] in Serum or Plasma by Electrophoresis	Alpha-1 globulin [Mass/volume] in Serum or Plasma by Electrophoresis	Alpha 1 globulin [Mass/volume] in Serum or Plasma by Electrophoresis	high		high
s-alfa-2-globuliini,osatutkimuss-prot-fr	g/l	167	name+unit+values	109		3005229		3005229	Alpha 2 globulin [Mass/volume] in Serum or Plasma by Electrophoresis		Alpha 2 globulin [Mass/volume] in Serum or Plasma by Electrophoresis	Alpha 2 globulin [Mass/volume] in Serum or Plasma by Electrophoresis	Alpha-2 globulin [Mass/volume] in Serum or Plasma by Electrophoresis	Alpha 2 globulin [Mass/volume] in Serum or Plasma by Electrophoresis	high		high
s-beta-1-globuliini,osatutkimuss-prot-fr	g/l	167	name+unit+values	109		3043723		3043723	Beta 1 globulin [Mass/volume] in Serum or Plasma by Electrophoresis		Beta 1 globulin [Mass/volume] in Serum or Plasma by Electrophoresis	Beta 1 globulin [Mass/volume] in Serum or Plasma by Electrophoresis	Beta-1 globulin [Mass/volume] in Serum or Plasma by Electrophoresis	Beta 1 globulin [Mass/volume] in Serum or Plasma by Electrophoresis	high		high
s-beta-2-globuliini,osatutkimuss-prot-fr	g/l	167	name+unit+values	109		3043747		3043747	Beta 2 globulin [Mass/volume] in Serum or Plasma by Electrophoresis		Beta 2 globulin [Mass/volume] in Serum or Plasma by Electrophoresis	Beta 2 globulin [Mass/volume] in Serum or Plasma by Electrophoresis	Beta-2 globulin [Mass/volume] in Serum or Plasma by Electrophoresis	Beta 2 globulin [Mass/volume] in Serum or Plasma by Electrophoresis	high		high
s-gamma-globuliini,osatutkimuss-prot-fr	g/l	167	name+unit+values	109		3023465		3023465	Gamma globulin [Mass/volume] in Serum or Plasma by Electrophoresis		Gamma globulin [Mass/volume] in Serum or Plasma by Electrophoresis	Gamma globulin [Mass/volume] in Serum or Plasma by Electrophoresis	Gamma globulin [Mass/volume] in Serum or Plasma by Electrophoresis	Gamma globulin [Mass/volume] in Serum or Plasma by Electrophoresis	high		high
s-m-komponentti-1(valetietues-prot-fr)	g/l	167	name+unit+values	135		3029713		3046299	Protein.monoclonal band 1 [Mass/volume] in Serum or Plasma by Electrophoresis		Protein.monoclonal [Mass/volume] in Serum or Plasma by Electrophoresis	Monoclonal protein 1 [Mass/volume] in Serum or Plasma by Electrophoresis	Monoclonal protein [Mass/volume] in Serum or Plasma by Electrophoresis	Monoclonal protein [Mass/volume] in Serum by Electrophoresis	high		medium
s-m-komponentti-1(valetietues-prot-fr)		167	name	93				3046299			Protein.monoclonal [Mass/volume] in Serum or Plasma by Electrophoresis	Monoclonal protein 1 [Mass/volume] in Serum or Plasma by Electrophoresis	Monoclonal protein [Mass/volume] in Serum or Plasma by Electrophoresis	Monoclonal protein [Mass/volume] in Serum by Electrophoresis			low
s-m-komponentti-2(valetietues-prot-fr)	g/l	167	name+unit+values	82		3035797		3046299	Protein.monoclonal band 2 [Mass/volume] in Serum or Plasma by Electrophoresis		Protein.monoclonal [Mass/volume] in Serum or Plasma by Electrophoresis	Monoclonal protein 2 [Mass/volume] in Serum or Plasma by Electrophoresis	Monoclonal protein [Mass/volume] in Serum or Plasma by Electrophoresis	Monoclonal protein [Mass/volume] in Serum by Electrophoresis	high		medium
s-m-komponentti-2(valetietues-prot-fr)		167	name	133				3046299			Protein.monoclonal [Mass/volume] in Serum or Plasma by Electrophoresis	Monoclonal protein 2 [Mass/volume] in Serum or Plasma by Electrophoresis	Monoclonal protein [Mass/volume] in Serum or Plasma by Electrophoresis	Monoclonal protein [Mass/volume] in Serum by Electrophoresis			low
s-m-komponentti-3(valetietues-prot-fr)		167	name	131				3046299			Protein.monoclonal [Mass/volume] in Serum or Plasma by Electrophoresis	Monoclonal protein 3 [Mass/volume] in Serum or Plasma by Electrophoresis	Monoclonal protein [Mass/volume] in Serum or Plasma by Electrophoresis	Monoclonal protein [Mass/volume] in Serum by Electrophoresis			low
