TEST_NAME_ABBREVIATION	stringdist_group_id	position_in_group	group_size
-abcg2	1	1	136
-ctr-d	1	2	136
-fishhyb	1	3	136
ab-heräpak	1	4	136
ab-hkr	1	5	136
ab-tehopak	1	6	136
ab-temp	1	7	136
ab-vkteho	1	8	136
ab-vktemp	1	9	136
b-6-me-mp	1	10	136
b-6-tgn	1	11	136
b-apoe-d	1	12	136
b-aptem	1	13	136
b-aso2-qd	1	14	136
b-atrytyd	1	15	136
b-auria10	1	16	136
b-bcr-qr	1	17	136
b-blapcr	1	18	136
b-bnp-v	1	19	136
b-bo3-d	1	20	136
b-brcay-d	1	21	136
b-brovcore	1	22	136
b-c/epi	1	23	136
b-calr-d	1	24	136
b-cmlpcr	1	25	136
b-crco	1	26	136
b-crcoti	1	27	136
b-dm2alld	1	28	136
b-dpyd-d	1	29	136
b-dpydl-d	1	30	136
b-elinkim	1	31	136
b-everoli	1	32	136
b-everoms	1	33	136
b-exkon-d	1	34	136
b-extem	1	35	136
b-extri-d	1	36	136
b-farma-d	1	37	136
b-farml-d	1	38	136
b-fibtem	1	39	136
b-fii-d	1	40	136
b-finngen	1	41	136
b-fishhem	1	42	136
b-frax-d	1	43	136
b-fuus-mr	1	44	136
b-fv-d	1	45	136
b-fvfii-d	1	46	136
b-heptem	1	47	136
b-hfe-d	1	48	136
b-hkr	1	49	136
b-hkr.fol	1	50	136
b-hkrp	1	51	136
b-hnpcy-d	1	52	136
b-igshm	1	53	136
b-intem	1	54	136
b-jak2-d	1	55	136
b-kim-d	1	56	136
b-kim-fd	1	57	136
b-kml-qr	1	58	136
b-lakt-d	1	59	136
b-ldlre-4	1	60	136
b-ldlre-d	1	61	136
b-ngs-d	1	62	136
b-nphs1-d	1	63	136
b-nrbc	1	64	136
b-p2y12	1	65	136
b-pcr-kim	1	66	136
b-peth	1	67	136
b-pgx-d	1	68	136
b-pnh-la	1	69	136
b-pnhfc	1	70	136
b-pyruv	1	71	136
b-rdw	1	72	136
b-rethe	1	73	136
b-retik	1	74	136
b-retind	1	75	136
b-retlnd	1	76	136
b-rotem	1	77	136
b-sekvy-d	1	78	136
b-tacro	1	79	136
b-tacrolimus	1	80	136
b-tacroms	1	81	136
b-tem	1	82	136
b-temp	1	83	136
b-tni-v	1	84	136
b-tni-vt	1	85	136
b-tnt	1	86	136
b-tnt-	1	87	136
b-tntp	1	88	136
b-tp53-d	1	89	136
b-tpmt-d	1	90	136
b-varfa-d	1	91	136
b-vervi1	1	92	136
b-vervi2	1	93	136
b-xveri	1	94	136
b-ykrom-d	1	95	136
bl-bal	1	96	136
bl-bal-1	1	97	136
bl-balfc	1	98	136
bm-aso-qd	1	99	136
bm-aso2-qd	1	100	136
bm-aspir	1	101	136
bm-bcr-qr	1	102	136
bm-blapcr	1	103	136
bm-bpvalm	1	104	136
bm-fish	1	105	136
bm-fish-mm	1	106	136
bm-fish2	1	107	136
bm-fishhem	1	108	136
bm-fishmm	1	109	136
bm-fishvar	1	110	136
bm-flt3-d	1	111	136
bm-fuus-mr	1	112	136
bm-fuus-qr	1	113	136
bm-mgg	1	114	136
bm-mggfe	1	115	136
bm-mm-ift	1	116	136
bm-mmpcr	1	117	136
bm-morflkl	1	118	136
bm-mrd-all	1	119	136
bm-mrd-vs	1	120	136
bm-mrdmut	1	121	136
bm-npm1-qd	1	122	136
bm-resid	1	123	136
botnia	1	124	136
e-cdw	1	125	136
e-fragm	1	126	136
e-rdv	1	127	136
e-rdw	1	128	136
e-rdw(ko)	1	129	136
e-rdw␤	1	130	136
e-rethe	1	131	136
e-retik	1	132	136
e-rh-ty	1	133	136
e-vr-ty	1	134	136
e-vrtark	1	135	136
vb-temp	1	136	136
-diffi	2	1	67
-fidd-vt	2	2	67
ab-bio-0	2	3	67
afer-diffi	2	4	67
as-diffi	2	5	67
b-bio-0	2	6	67
b-biomam	2	7	67
b-biomamd	2	8	67
b-cd34-fc	2	9	67
b-diff	2	10	67
b-diff-mik	2	11	67
b-diffi	2	12	67
b-diffi-k	2	13	67
b-diffi-kd	2	14	67
b-diffi-m	2	15	67
b-diffi-o	2	16	67
b-diffihy	2	17	67
b-diffik	2	18	67
b-diffim	2	19	67
b-diffmik	2	20	67
b-difftark	2	21	67
b-diflave	2	22	67
b-difmorf	2	23	67
b-fidd	2	24	67
b-fidd-o	2	25	67
b-fidd-pt	2	26	67
b-fidd-vt	2	27	67
b-fiddp	2	28	67
b-lydiff	2	29	67
b-lydiff-t	2	30	67
b-lydikll	2	31	67
b-lytbifn	2	32	67
b-smb-fc	2	33	67
b-tbifng	2	34	67
b-tdif-fc	2	35	67
bm-biopsia	2	36	67
bm-lydikll	2	37	67
bu-diffi	2	38	67
hc-diffi	2	39	67
li-diffi	2	40	67
p-bil-kj	2	41	67
p-bil-lap	2	42	67
p-bil-vt	2	43	67
p-bilit	2	44	67
p-fidd	2	45	67
p-fidd,tk	2	46	67
p-fidd-hy	2	47	67
p-fidd-lb	2	48	67
p-fidd-o	2	49	67
p-fidd-vt	2	50	67
p-fiddpik	2	51	67
p-fimo-o	2	52	67
p-tkfiddo	2	53	67
pd-diffi	2	54	67
pf-diffi	2	55	67
pt-biomam	2	56	67
pt-biop	2	57	67
pt-biops-l	2	58	67
s-bil-kj	2	59	67
s-biomam	2	60	67
se-diffi	2	61	67
sy-diffi	2	62	67
u-bil-o	2	63	67
u-bld-o	2	64	67
u-blod-0	2	65	67
u-diffi	2	66	67
u.-bil-o	2	67	67
-activi	3	1	108
-amebvr	3	2	108
-caauvi	3	3	108
-cand-vi	3	4	108
-candvi	3	5	108
-em-bl	3	6	108
-ervr	3	7	108
-esblvi	3	8	108
-gcvi	3	9	108
-hsvpvi	3	10	108
-hsvvi	3	11	108
-hygvi	3	12	108
-ifkuvio	3	13	108
-inaagvt	3	14	108
-inbagvt	3	15	108
-ircagvt	3	16	108
-kat-vi	3	17	108
-mdrsjvi	3	18	108
-mdrsvi	3	19	108
-mrsajvi	3	20	108
-mrsavi	3	21	108
-mrsavine	3	22	108
-mrsavini	3	23	108
-mrsrivi	3	24	108
-nocavi	3	25	108
-palovvi	3	26	108
-psvs	3	27	108
-respvt	3	28	108
-rsv	3	29	108
-rsvagvt	3	30	108
-rsvvt	3	31	108
-sien-vi	3	32	108
-sien-vr	3	33	108
-sienlm	3	34	108
-sienna	3	35	108
-sienvi	3	36	108
-sienvr	3	37	108
-staupvl	3	38	108
-stauvi	3	39	108
-straag-vt	3	40	108
-strag	3	41	108
-strjvi	3	42	108
-strvi	3	43	108
-tbevi	3	44	108
-tbpvr	3	45	108
-tbvi	3	46	108
-tbvivr	3	47	108
-tbvr	3	48	108
-tbvrvi	3	49	108
-trvaag	3	50	108
-vi	3	51	108
-virvi	3	52	108
-vrevi	3	53	108
-väri	3	54	108
1.savuk	3	55	108
b-sienvi	3	56	108
b-tbevi	3	57	108
candvi	3	58	108
ex-sienvi	3	59	108
ex-tbvi	3	60	108
ex-tbvivr	3	61	108
ex-tbvr	3	62	108
ex-tbvrvi	3	63	108
f-aurvi	3	64	108
f-bacevi	3	65	108
f-camp-vi	3	66	108
f-campvi	3	67	108
f-cereuvi	3	68	108
f-clpevi	3	69	108
f-salm-vi	3	70	108
f-salmvi	3	71	108
f-shigvi	3	72	108
f-stafvi	3	73	108
fl-candvi	3	74	108
hsvpvi	3	75	108
l-sauv	3	76	108
l-sauva	3	77	108
l-sauvat	3	78	108
mm-hygvi	3	79	108
mrsavi	3	80	108
ns-mrsavi	3	81	108
ns-staurvi	3	82	108
ps-mrsavi	3	83	108
pu-sienvi	3	84	108
rasvat	3	85	108
resgnsvi	3	86	108
rsv	3	87	108
sc-hygvi	3	88	108
sien-vi	3	89	108
sienvi	3	90	108
sienvr	3	91	108
sk-mrsavi	3	92	108
sk-sien-vi	3	93	108
sk-sienivi	3	94	108
sk-sienvi	3	95	108
straag	3	96	108
straag-o	3	97	108
straag-vt	3	98	108
strvi	3	99	108
tbvi	3	100	108
tbvr	3	101	108
tbvrvi	3	102	108
u-mrsavi	3	103	108
u-tbvi	3	104	108
veri	3	105	108
vi	3	106	108
vre-vi	3	107	108
vrevi	3	108	108
-aerobivi	4	1	114
-anaerobi	4	2	114
-kiiretutk	4	3	114
-llajitt	4	4	114
-mesillinaami	4	5	114
-neuvola1	4	6	114
-omactgc	4	7	114
-ro52(ssa)	4	8	114
-ro52ssa	4	9	114
adenovirus	4	10	114
afosluusto	4	11	114
afosmaksa1	4	12	114
afosmaksa2	4	13	114
afossuoli	4	14	114
alkopuhall	4	15	114
amoxycilli	4	16	114
annosvoim	4	17	114
askivuosia	4	18	114
astrivirus	4	19	114
b-koboltti	4	20	114
bio-nla-b	4	21	114
bio-nla-p	4	22	114
bio-nla-s	4	23	114
bioctdna	4	24	114
bioneuvola	4	25	114
biopctdna	4	26	114
biopdna	4	27	114
biopplasma	4	28	114
biopseerum	4	29	114
cand-odl.	4	30	114
cand.nativ	4	31	114
cladosp.he	4	32	114
corona229e	4	33	114
coronahku1	4	34	114
coronanl63	4	35	114
coronaoc43	4	36	114
crl-mitta	4	37	114
diabetes	4	38	114
diabetes-p	4	39	114
dialysointiteho	4	40	114
digiekgmak	4	41	114
eivoitu	4	42	114
erisopimus	4	43	114
f-norogi	4	44	114
f-norogii	4	45	114
f-projekti	4	46	114
fibrillar	4	47	114
globuliini	4	48	114
gluteeni	4	49	114
hpvpapctgc	4	50	114
hpvrefctgc	4	51	114
igekissa	4	52	114
igekoira	4	53	114
igekoivu	4	54	114
ihopisto	4	55	114
infavirus	4	56	114
infbvirus	4	57	114
inr/hoito	4	58	114
kiirelisä	4	59	114
kiirgenlab	4	60	114
koira,hils	4	61	114
kokaiini	4	62	114
kol.kvot	4	63	114
kroon.inf.	4	64	114
levofloxac	4	65	114
mecillinam	4	66	114
mesillin	4	67	114
nakglupika	4	68	114
neuvola1	4	69	114
neuvolanäy	4	70	114
nitrofur	4	71	114
nitrofuran	4	72	114
norfloksas	4	73	114
norfloxaci	4	74	114
norogi	4	75	114
norogii	4	76	114
norovirus	4	77	114
p-asetoni	4	78	114
p-uraatti	4	79	114
pad2luomea	4	80	114
paksupisar	4	81	114
projekti1	4	82	114
provtagnin	4	83	114
psa-v/psa	4	84	114
rin/entnho	4	85	114
rinoentero	4	86	114
ro52(ssa)	4	87	114
s-asetoni	4	88	114
s-fibrilla	4	89	114
s-timospe	4	90	114
s-timotee	4	91	114
s-uraatti	4	92	114
s-valproaatti	4	93	114
sitrver3.8	4	94	114
til.yks.	4	95	114
timotee	4	96	114
timotei	4	97	114
toimitusdg	4	98	114
trhicl-na	4	99	114
trich.nat.	4	100	114
trimethop	4	101	114
trimetop	4	102	114
trimetopri	4	103	114
ts-abortti	4	104	114
u-omactgc	4	105	114
uraatti	4	106	114
veri-toim	4	107	114
veriryh+va	4	108	114
vieri-crp	4	109	114
vieri-inr	4	110	114
virtaus	4	111	114
virtsam.	4	112	114
virtsamärä?	4	113	114
virtsamäärä	4	114	114
-agglut	5	1	123
-alk-sul	5	2	123
-eiaikaa	5	3	123
-eos	5	4	123
-hdl/kol	5	5	123
-hdl/kol.	5	6	123
-kefaleksiimi	5	7	123
-kefuroksiimi	5	8	123
-lab-läh	5	9	123
-labkulj	5	10	123
-labtutk	5	11	123
-liik.im	5	12	123
-liik.np	5	13	123
-liik.pr	5	14	123
-liikk.a	5	15	123
-liikk.b	5	16	123
-liikk.c	5	17	123
-liikk.d	5	18	123
-patlis2	5	19	123
-pes.jäl	5	20	123
-pes.til	5	21	123
-punavs2	5	22	123
-pyör.s.	5	23	123
-tb-lh	5	24	123
-tilav.	5	25	123
-tunnist	5	26	123
afer-cd34	5	27	123
afer-hkr	5	28	123
afer-leuk	5	29	123
afer-leukt	5	30	123
afer-mns	5	31	123
afer-mnst	5	32	123
afer-trom	5	33	123
as-eos	5	34	123
auditkysely	5	35	123
b-agalak	5	36	123
b-eos	5	37	123
b-eosin	5	38	123
b-eos␤	5	39	123
b-hlakeli	5	40	123
b-sively	5	41	123
b.pertus	5	42	123
bentsod	5	43	123
bf-eos	5	44	123
bpdna-os	5	45	123
bpplasm-os	5	46	123
bpserum-os	5	47	123
cu-tilav	5	48	123
d.pteronys	5	49	123
di-eos	5	50	123
dna-läh	5	51	123
dpteroe	5	52	123
du-sitraat	5	53	123
du-tilav	5	54	123
du-tilavu	5	55	123
eosin	5	56	123
eso-pai	5	57	123
esozpa	5	58	123
ex-eos	5	59	123
fentanyyli	5	60	123
fertil.sel	5	61	123
globul	5	62	123
hb(nla)	5	63	123
hdl/kol	5	64	123
hdl/kol.	5	65	123
hengalp	5	66	123
histamp	5	67	123
hitachi	5	68	123
hyytlaus	5	69	123
igakeli	5	70	123
kefaleks	5	71	123
kefuksoks	5	72	123
kefuroks	5	73	123
kol-hdl/kol	5	74	123
kol/hdl	5	75	123
kol/hdl-su	5	76	123
kol/hdlsuh	5	77	123
käsittely	5	78	123
l-eos	5	79	123
l-eos-hy	5	80	123
l-eos-kd	5	81	123
l-eos-m	5	82	123
l-eosin	5	83	123
li-eos	5	84	123
mediscrn	5	85	123
mna-lyhyt	5	86	123
muut,3-osa	5	87	123
muuthav.	5	88	123
muuttutk	5	89	123
ns-eos	5	90	123
p-etanoli	5	91	123
pd-eos	5	92	123
penicilg	5	93	123
penicilv	5	94	123
perus-s	5	95	123
pf-eos	5	96	123
pituus	5	97	123
pituus(cm)	5	98	123
pt-pituus	5	99	123
pt-pulssi	5	100	123
pulssi	5	101	123
s-dpteroe	5	102	123
s-gglobul	5	103	123
s-igakeli	5	104	123
sensori	5	105	123
snabb-crp	5	106	123
snabb-inr	5	107	123
sy-eos	5	108	123
testo/shbg	5	109	123
ts-fish	5	110	123
ts-lisähis	5	111	123
tu-fish	5	112	123
tunnistus	5	113	123
työteli1	5	114	123
työteli5	5	115	123
työtepe	5	116	123
u-stix-vt	5	117	123
vagicul	5	118	123
vehnä,ruok	5	119	123
vekapak1	5	120	123
vekapak4	5	121	123
xxeos	5	122	123
yersinia	5	123	123
alvhuumott	6	1	25
bm-notto	6	2	25
gyn.notto	6	3	25
huumn.otto	6	4	25
n-otto	6	5	25
n.otto	6	6	25
notto	6	7	25
notto,neuv	6	8	25
notto,tyks	6	9	25
notto/eris	6	10	25
nottocovid	6	11	25
nottopkl	6	12	25
nottoverikoe	6	13	25
näyt.käsit	6	14	25
näyt.ot-1	6	15	25
näyt.ot.	6	16	25
näyt.otto	6	17	25
näytekulje	6	18	25
näytt.otto	6	19	25
näytteenot	6	20	25
näytteenotto	6	21	25
ottotapa	6	22	25
u-ottotap	6	23	25
u-tutk/ottotapa	6	24	25
valv.notto	6	25	25
-bakt-he	7	1	62
-bakt-lm	7	2	62
-baktvi	7	3	62
-baktvr	7	4	62
af-baktvi	7	5	62
as-baktvr	7	6	62
b-bakt-vi	7	7	62
b-baktjvi	7	8	62
b-baktsvi	7	9	62
b-baktvi	7	10	62
b-baktvi.	7	11	62
b-baktvij	7	12	62
bakteerit	7	13	62
baktlm	7	14	62
baktvr	7	15	62
bl-baktvi	7	16	62
bo-baktvi	7	17	62
ca-baktvi	7	18	62
d-baktvi	7	19	62
ex-baktvi	7	20	62
ex-baktvr	7	21	62
f-baktjvi	7	22	62
f-baktvi1	7	23	62
f-baktvi2	7	24	62
f-baktvi3	7	25	62
f-baktvip	7	26	62
fl-baktna	7	27	62
fl-baktvr	7	28	62
li-baktvi	7	29	62
li-baktvr	7	30	62
pd-baktvi	7	31	62
pf-baktvr	7	32	62
pp-baktnh	7	33	62
ps-baktvi	7	34	62
pu-baktvi1	7	35	62
pu-baktvi2	7	36	62
sy-baktvr	7	37	62
u-bact	7	38	62
u-bakt	7	39	62
u-bakt-vi	7	40	62
u-bakt.	7	41	62
u-baktalv	7	42	62
u-baktb	7	43	62
u-baktbv	7	44	62
u-bakteeri	7	45	62
u-bakteerit	7	46	62
u-baktevi	7	47	62
u-baktjvi	7	48	62
u-baktjvi.	7	49	62
u-baktla	7	50	62
u-baktlm	7	51	62
u-baktnim	7	52	62
u-bakts	7	53	62
u-baktseu	7	54	62
u-baktsjvi	7	55	62
u-bakttun	7	56	62
u-baktv	7	57	62
u-baktvi	7	58	62
u-baktvi/	7	59	62
u-baktvi/oma	7	60	62
u-baktvi2	7	61	62
u-baktvtk	7	62	62
-baso	8	1	83
-listvi	8	2	83
-lisäma1	8	3	83
-lähete	8	4	83
b-bas	8	5	83
b-baso	8	6	83
b-basof	8	7	83
b-erblas	8	8	83
b-erblast	8	9	83
b-lasko	8	10	83
b-plas-o	8	11	83
b-plas-p	8	12	83
baso	8	13	83
basof	8	14	83
blankko	8	15	83
blasti	8	16	83
blastit	8	17	83
e-plas-o	8	18	83
erblast	8	19	83
esat-6	8	20	83
f-elast1	8	21	83
f-uloste	8	22	83
gastro	8	23	83
l-bas	8	24	83
l-baso	8	25	83
l-baso-hy	8	26	83
l-baso-kd	8	27	83
l-baso-m	8	28	83
l-basof	8	29	83
l-bla	8	30	83
l-blas-m	8	31	83
l-blast	8	32	83
l-blast-m	8	33	83
l-blasti	8	34	83
l-blastit	8	35	83
l-blastit␤	8	36	83
l-erblast	8	37	83
lasko	8	38	83
laushetr	8	39	83
li-/s-alb	8	40	83
li-ace	8	41	83
li-ada	8	42	83
li-alb	8	43	83
li-alz	8	44	83
li-alzheim	8	45	83
li-ba42/40	8	46	83
li-bam40	8	47	83
li-bam42	8	48	83
li-blastit	8	49	83
li-cnab	8	50	83
li-cxcl13	8	51	83
li-fostau	8	52	83
li-igg	8	53	83
li-igg-ind	8	54	83
li-igg-oc	8	55	83
li-igg.	8	56	83
li-igg/alb	8	57	83
li-kkab	8	58	83
li-spektri	8	59	83
li-tau	8	60	83
lisälaus	8	61	83
lisäpyyntö	8	62	83
lisäpyyntö␤	8	63	83
lisätutkim	8	64	83
lisäv2	8	65	83
lisävast	8	66	83
lisävast2	8	67	83
lisävast3	8	68	83
ly-bsc-fc	8	69	83
ly-hla	8	70	83
ly-hlab27	8	71	83
ly-tbspota	8	72	83
ly-tbspotb	8	73	83
ly-tbspppd	8	74	83
ly-tsc-fc	8	75	83
lähetys	8	76	83
nlaatu	8	77	83
p-alko	8	78	83
pt-lähetys	8	79	83
pvlisäm	8	80	83
s-alko	8	81	83
vb-hblask	8	82	83
xxbaso	8	83	83
-c19agvt	9	1	108
-covidjt	9	2	108
-crp-o	9	3	108
-cv19ag	9	4	108
-cv19ag0	9	5	108
-cv19ag1	9	6	108
-cv19ag2	9	7	108
-cv19ag3	9	8	108
-cv19ag4	9	9	108
-cv19ag5	9	10	108
-cv19agj	9	11	108
-cv19agl	9	12	108
-cv19nho	9	13	108
-cv19pika	9	14	108
-cv19vt	9	15	108
-cyp2b6	9	16	108
-cyp2c19	9	17	108
-cyp2c9	9	18	108
-cyp2d6	9	19	108
-cyp3a5	9	20	108
-cyp4f2	9	21	108
-hcgbsuh	9	22	108
b-ckmbmv	9	23	108
b-crp-0	9	24	108
b-crp-o	9	25	108
b-crp-os	9	26	108
b-crp-poc	9	27	108
b-crp-pt	9	28	108
b-crp-tth	9	29	108
b-crp-v	9	30	108
b-crp-vt	9	31	108
b-cv19ab-o	9	32	108
b-cv19abg	9	33	108
b-cv19abm	9	34	108
b-cyp2c19	9	35	108
b-cyp2d6	9	36	108
cb-crp(qr)	9	37	108
cldinho	9	38	108
covid-19aghoi	9	39	108
cp-crp-hy	9	40	108
cp-crp-lb	9	41	108
cv19ag	9	42	108
cv19infrs	9	43	108
cv19nho	9	44	108
cv19nhopth	9	45	108
cv19sekv	9	46	108
fp-c-pept	9	47	108
fs-c-pept	9	48	108
fs-jc-pept	9	49	108
oma-covid-o	9	50	108
p-c-pept	9	51	108
p-c-pepta	9	52	108
p-c-peptidi	9	53	108
p-c1inh	9	54	108
p-c1inhbk	9	55	108
p-c1qabg	9	56	108
p-ca12-5	9	57	108
p-ca15-3	9	58	108
p-ca19-9	9	59	108
p-ck-mb	9	60	108
p-ck-mbm	9	61	108
p-ckmbm	9	62	108
p-crp-hoi	9	63	108
p-crp-hy	9	64	108
p-crp-o	9	65	108
p-crp-oma	9	66	108
p-crp-p	9	67	108
p-crp-poc	9	68	108
p-crp-päi	9	69	108
p-crp-vt	9	70	108
p-crphoi	9	71	108
p-crpos	9	72	108
p-hcg-tot	9	73	108
pika-covid-19ag	9	74	108
s-c-pep-a	9	75	108
s-c-pept	9	76	108
s-c1inh	9	77	108
s-c1inhbk	9	78	108
s-ca12-5	9	79	108
s-ca15-3	9	80	108
s-ca19-9	9	81	108
s-ch100	9	82	108
s-ch100al	9	83	108
s-ch100cl	9	84	108
s-ch100l	9	85	108
s-ch100mbl	9	86	108
s-ck-bb	9	87	108
s-ck-mb	9	88	108
s-ck-mm	9	89	108
s-crp-o	9	90	108
s-cv19ab	9	91	108
s-cv19aba	9	92	108
s-cv19abg	9	93	108
s-cv19abm	9	94	108
s-cv19abp	9	95	108
s-cv19sab	9	96	108
s-hcg-b	9	97	108
s-hcg-b-v	9	98	108
s-hcg-b/d	9	99	108
s-hcg-o	9	100	108
s-hcg-tot	9	101	108
s-hcgbsuh	9	102	108
s-hcgbv	9	103	108
s-hcgbv/d	9	104	108
s-hcgbvtr	9	105	108
s-hcgxmom	9	106	108
u-hcg-o	9	107	108
u-hcgo-lb	9	108	108
-crp-pika	10	1	82
-crppika	10	2	82
b-crp-pik	10	3	82
b-crp-pika	10	4	82
b-ghba1c/pika	10	5	82
b-ghbpika	10	6	82
b-gluk-pika	10	7	82
b-gluk/pika	10	8	82
b-hb-pika	10	9	82
b-hb/pika	10	10	82
b-hba1c/pika	10	11	82
b-hbpika	10	12	82
b-keto/pik	10	13	82
b-leuk-pika	10	14	82
b-leupika	10	15	82
b-napika	10	16	82
b-tnipika	10	17	82
b-tnt-o-pika	10	18	82
b-tnt-pika	10	19	82
b-tnt/pik	10	20	82
b-tnt/pika	10	21	82
c-ancapika	10	22	82
ca-ionpika	10	23	82
cb-bepika	10	24	82
cb-phpika	10	25	82
cbhco3pika	10	26	82
cbpco2pika	10	27	82
cbpo2pika	10	28	82
crp-pika	10	29	82
crphbpika	10	30	82
crppika	10	31	82
ghbpika	10	32	82
gluk-pika	10	33	82
glukpika	10	34	82
hb-pika	10	35	82
hba1c-pika	10	36	82
hba1cpika	10	37	82
hbpika	10	38	82
hema-pika	10	39	82
inr-pika	10	40	82
inrpika	10	41	82
k-pika	10	42	82
kpika	10	43	82
krea-pika	10	44	82
kreapika	10	45	82
laktpika	10	46	82
leuk-pika	10	47	82
leukpika	10	48	82
na-pika	10	49	82
napika	10	50	82
p-ancapika	10	51	82
p-aptaika	10	52	82
p-crp/pik	10	53	82
p-crp/pika	10	54	82
p-crppika	10	55	82
p-kpika	10	56	82
p-napika	10	57	82
p-pctpika	10	58	82
p-proaika	10	59	82
p-tnt/pik	10	60	82
p-tnt/pika	10	61	82
p-tntpika	10	62	82
p-traika	10	63	82
rakkoaika	10	64	82
ras.aika	10	65	82
tnlpika	10	66	82
tropopika	10	67	82
ts-ihpika	10	68	82
u-eryt-pika	10	69	82
u-gluk-pika	10	70	82
u-keto-pika	10	71	82
u-leuk-pik	10	72	82
u-leuk-pika	10	73	82
u-liuska-pika	10	74	82
u-nitr-pika	10	75	82
u-ph-pika	10	76	82
u-prot-pika	10	77	82
ureapika	10	78	82
vb-bepika	10	79	82
vb-ionpak	10	80	82
vb-phpika	10	81	82
vbpco2pika	10	82	82
-ctgcnh,tk	11	1	86
-ctnh,tk	11	2	86
-eryt	11	3	86
-gcnh,tk	11	4	86
-näythem	11	5	86
-näytkäs	11	6	86
-syto	11	7	86
4078u-syto-1	11	8	86
as-eryt	11	9	86
as-syto	11	10	86
b-erybla	11	11	86
b-eryt	11	12	86
b-erytbl	11	13	86
b-erytp	11	14	86
b-hb,tk	11	15	86
b-sopnäyt	11	16	86
b-tnt,tk	11	17	86
bf-syto	11	18	86
crp,tk	11	19	86
e-erybla	11	20	86
e-erytbla	11	21	86
eikäytössä	11	22	86
eryt	11	23	86
ex-syto	11	24	86
ex-syto-1	11	25	86
ex-syto-1c	11	26	86
fd-syto	11	27	86
i-stat-8	11	28	86
i-statcl	11	29	86
i-statcrea	11	30	86
i-statglu	11	31	86
i-stathb	11	32	86
i-stathct	11	33	86
i-statk	11	34	86
i-statna	11	35	86
i-staturea	11	36	86
ikäryhmä	11	37	86
inr,tk	11	38	86
li-eryt	11	39	86
li-eryt-1	11	40	86
li-eryt-3	11	41	86
li-syto	11	42	86
näyte	11	43	86
p-hepnäyt	11	44	86
patonäyte	11	45	86
pd-eryt	11	46	86
pf-eryt	11	47	86
pf-syto	11	48	86
ps-srtep,tk	11	49	86
pt-neunäyt	11	50	86
s-keto,tk	11	51	86
s-statrae	11	52	86
sy-eryt	11	53	86
syto	11	54	86
ts-näytker	11	55	86
ts-sytobl	11	56	86
u-ctgcnh,tk	11	57	86
u-ctnho,tk	11	58	86
u-eryt	11	59	86
u-eryt,tk	11	60	86
u-eryt-0	11	61	86
u-eryt-fk	11	62	86
u-eryt-hy	11	63	86
u-eryt-o	11	64	86
u-eryt-ov	11	65	86
u-eryt-pi	11	66	86
u-eryt.	11	67	86
u-erytdys	11	68	86
u-erytla	11	69	86
u-gcnho,tk	11	70	86
u-keto,tk	11	71	86
u-näytk10	11	72	86
u-näytkäs	11	73	86
u-prot,tk	11	74	86
u-suht-hy	11	75	86
u-suhti	11	76	86
u-suhti-o	11	77	86
u-suhti.	11	78	86
u-suhtih	11	79	86
u-suhtih-o	11	80	86
u-suhtihu	11	81	86
u-suhtiv	11	82	86
u-syto	11	83	86
u-syto-1	11	84	86
ut-syto	11	85	86
verinäyte	11	86	86
(pikacrp)	12	1	135
(pikahb)	12	2	135
-diagn.	12	3	135
-diagn..	12	4	135
-h-ind	12	5	135
-i-ind	12	6	135
-l-ind	12	7	135
-pakfin1	12	8	135
-pakfinag3	12	9	135
-pikacrp	12	10	135
-pr+np	12	11	135
-transf	12	12	135
am-lamel	12	13	135
as-gran	12	14	135
as-prot	12	15	135
b-gran	12	16	135
b-pikacrp	12	17	135
bmind	12	18	135
di-prot	12	19	135
du-prot	12	20	135
du-prot.	12	21	135
du-uraat	12	22	135
f-transfo	12	23	135
fp-alat	12	24	135
fp-aminohh	12	25	135
fp-insu	12	26	135
fp-pepsin1	12	27	135
fp-rauta	12	28	135
fp-renin	12	29	135
fp-renin-p	12	30	135
fp-reninm	12	31	135
fp-transf	12	32	135
fp-uraat	12	33	135
fs-insu	12	34	135
fs-pepsin1	12	35	135
fs-pepsin2	12	36	135
fs-rauta	12	37	135
fs-transf	12	38	135
fvspido	12	39	135
fvspio	12	40	135
fvspird	12	41	135
fvspiro	12	42	135
l-gran	12	43	135
laimtsh	12	44	135
li-gran	12	45	135
li-prot	12	46	135
maito	12	47	135
np-pikcv19	12	48	135
np-pinfrsv	12	49	135
np-pkorsi	12	50	135
np-päivinf	12	51	135
np-päivrsv	12	52	135
np-respiag	12	53	135
p-alat	12	54	135
p-alat.	12	55	135
p-aminoh	12	56	135
p-asat	12	57	135
p-cl:	12	58	135
p-einr	12	59	135
p-fibr	12	60	135
p-fibr.	12	61	135
p-fibrspr	12	62	135
p-il2r	12	63	135
p-il6	12	64	135
p-inr	12	65	135
p-insu	12	66	135
p-ipro	12	67	135
p-laite	12	68	135
p-lam/m	12	69	135
p-proh	12	70	135
p-prop	12	71	135
p-prot	12	72	135
p-protc	12	73	135
p-rasuraat	12	74	135
p-rauta	12	75	135
p-reninm	12	76	135
p-uraat	12	77	135
p-urat	12	78	135
paino	12	79	135
painom	12	80	135
parainf1	12	81	135
parainf2	12	82	135
parainf3	12	83	135
parainf4	12	84	135
pd-prot	12	85	135
pf-gran	12	86	135
pf-prot	12	87	135
ph(akt)	12	88	135
phadiatop	12	89	135
phakt.	12	90	135
pika-crp	12	91	135
pika-crp-o	12	92	135
pika-ekg	12	93	135
pika-hb	12	94	135
pika-hba1c	12	95	135
pika-inr	12	96	135
pika-k	12	97	135
pika-krea	12	98	135
pika-na	12	99	135
pika-tnt	12	100	135
pika-tropt	12	101	135
pikacrp	12	102	135
pikahb	12	103	135
pikainr	12	104	135
pikatnt	12	105	135
ps-inr	12	106	135
s-alat	12	107	135
s-asat	12	108	135
s-il2r	12	109	135
s-insu	12	110	135
s-ipro	12	111	135
s-nproh	12	112	135
s-ph(akt)	12	113	135
s-piiinp	12	114	135
s-pinp	12	115	135
s-prog	12	116	135
s-prot	12	117	135
s-protks	12	118	135
s-uraat	12	119	135
se-prot	12	120	135
sipro	12	121	135
sp-pesu	12	122	135
sp-pesud	12	123	135
spirom	12	124	135
spiromd	12	125	135
sy-gran	12	126	135
sy-prot	12	127	135
tupakointi	12	128	135
tyyppi16hpv	12	129	135
tyyppi18hpv	12	130	135
u-aminoh	12	131	135
u-gran	12	132	135
u-prot	12	133	135
u-uraat	12	134	135
yliannos	12	135	135
-viskos.	13	1	112
b-lakteh	13	2	112
b-laktevt	13	3	112
b-laktteh	13	4	112
b-ohbutm	13	5	112
b-ohbutvt	13	6	112
b-ohbutyr	13	7	112
b-sop.koe	13	8	112
b-sopkoe	13	9	112
b-talt.kn	13	10	112
b-talt.kt	13	11	112
cp-ohbutlb	13	12	112
li-laktteh	13	13	112
li-talt.kn	13	14	112
li-talteen	13	15	112
mb-k-veka	13	16	112
mb-na-veka	13	17	112
p-adam13	13	18	112
p-afxaapi	13	19	112
p-afxariv	13	20	112
p-apcres	13	21	112
p-apcres.	13	22	112
p-apot	13	23	112
p-aptt	13	24	112
p-aptt-l	13	25	112
p-aptt.	13	26	112
p-apttm/m	13	27	112
p-apttspr	13	28	112
p-ca++hoi	13	29	112
p-citratm	13	30	112
p-clhoi	13	31	112
p-f8paiv	13	32	112
p-fii	13	33	112
p-fix	13	34	112
p-fs-mix	13	35	112
p-fsl-mix	13	36	112
p-fsl/fs	13	37	112
p-fvii	13	38	112
p-fviii	13	39	112
p-fviii.	13	40	112
p-fviiikr	13	41	112
p-fviiire	13	42	112
p-fviiit	13	43	112
p-fxi	13	44	112
p-fxii	13	45	112
p-fxiii	13	46	112
p-fxiii.	13	47	112
p-gluveka	13	48	112
p-haglund	13	49	112
p-haptog	13	50	112
p-hbcfdn	13	51	112
p-hbcfdna	13	52	112
p-hyyerik	13	53	112
p-hyyttek	13	54	112
p-k-ses	13	55	112
p-k-veka	13	56	112
p-khoi	13	57	112
p-la1-mix	13	58	112
p-la1/la2	13	59	112
p-la2-mix	13	60	112
p-laaptct	13	61	112
p-laaptva	13	62	112
p-lakthoi	13	63	112
p-lakveka	13	64	112
p-larvvct	13	65	112
p-larvvva	13	66	112
p-lh/fsh	13	67	112
p-luakptt	13	68	112
p-luakrvv	13	69	112
p-mb/ck	13	70	112
p-mitotan	13	71	112
p-na-ses	13	72	112
p-na-veka	13	73	112
p-nahoi	13	74	112
p-ohbut	13	75	112
p-ohbutyr	13	76	112
p-pg1/pg2	13	77	112
p-rvvt-l	13	78	112
p-sit3.1	13	79	112
p-sitr3.8	13	80	112
p-talt.kn	13	81	112
p-talt.kt	13	82	112
p-tau-217	13	83	112
p-troptkon	13	84	112
p-viskos	13	85	112
p-vuotope	13	86	112
p-vuotot	13	87	112
p-vwf-ag	13	88	112
p-vwf-akt	13	89	112
p-vwf-aktt	13	90	112
p-vwfcb	13	91	112
p-vwfpaiv	13	92	112
p-vwfrco	13	93	112
pf-chylus	13	94	112
pf-laktteh	13	95	112
pf-phglula	13	96	112
pt-dehglur	13	97	112
pt-hyytek	13	98	112
pt-ivfal	13	99	112
s-17hprog	13	100	112
s-fit/pgf	13	101	112
s-flt/pgf	13	102	112
s-haglund	13	103	112
s-haptog	13	104	112
s-havtot	13	105	112
s-hbvtut	13	106	112
s-hivab+tod	13	107	112
s-talt.kn	13	108	112
s-talt.kt	13	109	112
s-talteen	13	110	112
s-tbetot	13	111	112
u-talt.kt	13	112	112
-dmriski	14	1	115
-kvriski	14	2	115
1.savuke(min)	14	3	115
adalimumabi	14	4	115
b-inrvieri	14	5	115
cenp-a-ib	14	6	115
cenp-b-ib	14	7	115
crp-vieri	14	8	115
crpvieri	14	9	115
cv19vieri	14	10	115
down-riski	14	11	115
down-riskisuhde	14	12	115
down-risuh	14	13	115
ekgvieri	14	14	115
f-cldiag	14	15	115
f-cldiseul	14	16	115
f-clditox	14	17	115
f-cldivi	14	18	115
f-cldivit	14	19	115
f-cldivtx	14	20	115
f-tricna	14	21	115
fev/brdil	14	22	115
fev1/brdil	14	23	115
fish-dg	14	24	115
fish-i-kll	14	25	115
fish-i-mm	14	26	115
fish-mrd	14	27	115
fl-clue	14	28	115
fl-clue-na	14	29	115
fl-clue-o	14	30	115
fl-flag	14	31	115
fl-fluor	14	32	115
fl-gyn-hoi	14	33	115
fl-hiiva	14	34	115
fl-hiivana	14	35	115
fl-hiivavi	14	36	115
fl-natiivi	14	37	115
fl-str-bvi	14	38	115
fl-strb-vi	14	39	115
fl-strbvi	14	40	115
fl-trhi-vi	14	41	115
fl-tric	14	42	115
fl-tric-na	14	43	115
fl-trihina	14	44	115
fl-trihivi	14	45	115
fvc/brdil	14	46	115
hb-vieri	14	47	115
hba1c-vieri	14	48	115
hba1cvieri	14	49	115
hbvieri	14	50	115
histoni-ib	14	51	115
ikäriski	14	52	115
infliksimabi	14	53	115
inr-vieri	14	54	115
inrvieri	14	55	115
jo-1-ib	14	56	115
kalsium(7.4)	14	57	115
ks-viabil	14	58	115
ku-ab(ib)	14	59	115
li-evirab	14	60	115
li-evirabg	14	61	115
li-evirabm	14	62	115
li-säilyt	14	63	115
li-vara	14	64	115
li-vireia	14	65	115
li-väri	14	66	115
li-värinat	14	67	115
li-värisup	14	68	115
linkkiweblabiin	14	69	115
luusto-is	14	70	115
maksa-1-is	14	71	115
maksa-2-is	14	72	115
o2-virt	14	73	115
pf-väri	14	74	115
pl-12-ab(ib)	14	75	115
pl-7-ab(ib)	14	76	115
ribos-p-ib	14	77	115
rnp-70k-ib	14	78	115
rnp-a-ib	14	79	115
rnp-c-ib	14	80	115
s-evirab	14	81	115
s-evirabg	14	82	115
s-evirabm	14	83	115
s-evircf	14	84	115
s-kvriski	14	85	115
s-riski	14	86	115
s-vireia	14	87	115
scl-70-ib	14	88	115
sm-b-ib	14	89	115
sm-d-ib	14	90	115
spr-nla	14	91	115
sprkiirlis	14	92	115
sprv-helau	14	93	115
sprv-laus	14	94	115
sprv-lelau	14	95	115
sprv-neula	14	96	115
sprvlaus	14	97	115
ss-a-52-ib	14	98	115
ss-a-60-ib	14	99	115
ss-b-ib	14	100	115
strbvieri	14	101	115
strvi1.vrk	14	102	115
strvi1vrk	14	103	115
strvi2.vrk	14	104	115
strvi2vrk	14	105	115
suolis-is	14	106	115
sy-väri	14	107	115
t18-riski	14	108	115
tntvieri	14	109	115
tr13riskisuhde	14	110	115
tr13risuh	14	111	115
tr18riskisuhde	14	112	115
tr18risuh	14	113	115
tri18risuh	14	114	115
ts-värj	14	115	115
-extem/a10	15	1	34
-extem/a15	15	2	34
-extem/a5	15	3	34
-extem/cft	15	4	34
-extem/ct	15	5	34
-extem/mcf	15	6	34
-extem/ml	15	7	34
b-edt	15	8	34
b-edta	15	9	34
b-edta-blo	15	10	34
b-edta-nä	15	11	34
b-edta-näy	15	12	34
b-edta10ml	15	13	34
b-edta2	15	14	34
b-edta20	15	15	34
b-edta20ml	15	16	34
b-edta5/4	15	17	34
b-edtanäy	15	18	34
b-edtaproj	15	19	34
b-edtaputk	15	20	34
b-edtatutk	15	21	34
beeta-1	15	22	34
beeta-1-gl	15	23	34
beeta-2	15	24	34
beeta-2-gl	15	25	34
edta-vara	15	26	34
edta-veril	15	27	34
fibtem/a10	15	28	34
fibtem/a15	15	29	34
fibtem/a5	15	30	34
fibtem/mcf	15	31	34
p-edta	15	32	34
p-edta2	15	33	34
p-edtapak	15	34	34
-generik	16	1	118
-kemerik	16	2	118
-mikerik	16	3	118
b-aivoinr	16	4	118
b-biodna	16	5	118
b-niptdel	16	6	118
b-niptseu	16	7	118
b-nipttri	16	8	118
b-sikiör	16	9	118
b-sikiörh	16	10	118
ckd-epi-yhtälö	16	11	118
du-immfix	16	12	118
e-coli.	16	13	118
epiteelit	16	14	118
levyepiteelit	16	15	118
li-aitneu	16	16	118
li-aitpara	16	17	118
lieriöt	16	18	118
nitr	16	19	118
nitr-o	16	20	118
nitrf	16	21	118
p-osmol	16	22	118
p-seulkre	16	23	118
s-9-hrisp	16	24	118
s-9hrispe	16	25	118
s-aitma	16	26	118
s-aitneu	16	27	118
s-aitpara	16	28	118
s-aitsu	16	29	118
s-amitrip	16	30	118
s-aripi	16	31	118
s-aripipr	16	32	118
s-dharipi	16	33	118
s-immfix	16	34	118
s-lamotri	16	35	118
s-litium	16	36	118
s-nortrip	16	37	118
s-osmol	16	38	118
s-sumrisp	16	39	118
sul-trim	16	40	118
sul/trim	16	41	118
sy-alitsvr	16	42	118
u-albstix	16	43	118
u-amf-o	16	44	118
u-amfekir	16	45	118
u-amfet-o	16	46	118
u-amfetct	16	47	118
u-color	16	48	118
u-epi	16	49	118
u-epilevy	16	50	118
u-epipien	16	51	118
u-epit	16	52	118
u-epiteelit	16	53	118
u-epitel	16	54	118
u-epitla	16	55	118
u-erytstix	16	56	118
u-glukstix	16	57	118
u-hyalie	16	58	118
u-hyalier	16	59	118
u-hyallie	16	60	118
u-immfix	16	61	118
u-ketostix	16	62	118
u-leukstix	16	63	118
u-levyep	16	64	118
u-levyepi	16	65	118
u-lier	16	66	118
u-lieri?t	16	67	118
u-lieriö	16	68	118
u-lieriöt	16	69	118
u-lierla	16	70	118
u-manip	16	71	118
u-muulier	16	72	118
u-nitr	16	73	118
u-nitr-0	16	74	118
u-nitr-de	16	75	118
u-nitr-hy	16	76	118
u-nitr-o	16	77	118
u-nitr-o.	16	78	118
u-nitr-ov	16	79	118
u-nitr-pi	16	80	118
u-nitri-o	16	81	118
u-nitro-0	16	82	118
u-nitrstix	16	83	118
u-nitur	16	84	118
u-niturstix	16	85	118
u-odling	16	86	118
u-om.p.	16	87	118
u-om.p.-o	16	88	118
u-omin.p-	16	89	118
u-omin.p-pika	16	90	118
u-ominaisp	16	91	118
u-ominaispaino	16	92	118
u-ominp-h	16	93	118
u-opiaa-o	16	94	118
u-opiaact	16	95	118
u-osmest	16	96	118
u-osmoe	16	97	118
u-osmoest	16	98	118
u-osmoet	16	99	118
u-osmoie	16	100	118
u-osmol	16	101	118
u-osmole	16	102	118
u-phstix	16	103	118
u-pien.ep	16	104	118
u-pienep	16	105	118
u-punasolutstix	16	106	118
u-seul-os	16	107	118
u-seul.hy	16	108	118
u-seulakr	16	109	118
u-sokeristix	16	110	118
u-spice-o	16	111	118
u-stix	16	112	118
u-tub.ep	16	113	118
u-tubulep	16	114	118
u-uricult	16	115	118
u-väliepi	16	116	118
u-välimep	16	117	118
u-överg.ep	16	118	118
-legi-o	17	1	89
-leginho	17	2	89
-legivi	17	3	89
cu-kesto	17	4	89
e-reti-ma	17	5	89
f-enve-o	17	6	89
f-heli-ag	17	7	89
f-para-o	17	8	89
p-dabi-ta	17	9	89
p-keto-o	17	10	89
pt-keli-la	17	11	89
pt-keli-su	17	12	89
pt-keli-xl	17	13	89
pt-kelia-m	17	14	89
pt-kelilaa	17	15	89
pt-keliseu	17	16	89
s-k/l-s-v	17	17	89
s-keli-s	17	18	89
s-keli-t	17	19	89
s-keli-tl	17	20	89
s-kelia-l	17	21	89
s-kelia-m	17	22	89
s-kelia-se	17	23	89
s-keliakia	17	24	89
s-keliat1	17	25	89
s-kelila	17	26	89
s-keliseu	17	27	89
s-keliseul	17	28	89
s-kelisu	17	29	89
s-keto-o	17	30	89
s-verialt	17	31	89
s-verikoh	17	32	89
s-veriläh	17	33	89
s-vet-koh	17	34	89
s-vorikon	17	35	89
u-barb-o	17	36	89
u-bendi-o	17	37	89
u-bendict	17	38	89
u-bupre-0	17	39	89
u-bupre-o	17	40	89
u-buprect	17	41	89
u-dxpro-o	17	42	89
u-eddp-o	17	43	89
u-fensy-o	17	44	89
u-fenta-o	17	45	89
u-gensenho	17	46	89
u-hemsi-o	17	47	89
u-kems-hy	17	48	89
u-kemse-o	17	49	89
u-kemvt,blo	17	50	89
u-kemvt,glu	17	51	89
u-kemvt,ket	17	52	89
u-kemvt,leu	17	53	89
u-kemvt,nit	17	54	89
u-kemvt,pro	17	55	89
u-kemvt,sg	17	56	89
u-ket	17	57	89
u-ket-o	17	58	89
u-keto	17	59	89
u-keto-0	17	60	89
u-keto-de	17	61	89
u-keto-hy	17	62	89
u-keto-o	17	63	89
u-keto-o.	17	64	89
u-keto-ov	17	65	89
u-keto-pi	17	66	89
u-koka-o	17	67	89
u-kreintp	17	68	89
u-legi-o	17	69	89
u-mdma-o	17	70	89
u-met	17	71	89
u-metad-o	17	72	89
u-metadct	17	73	89
u-metaf-o	17	74	89
u-metam-o	17	75	89
u-metamf-o	17	76	89
u-metfe-o	17	77	89
u-metfect	17	78	89
u-oksik-o	17	79	89
u-oxy-o	17	80	89
u-paras-o	17	81	89
u-resist.	17	82	89
u-trama-o	17	83	89
u-trisy-o	17	84	89
u-tryp2-o	17	85	89
u-veri(kval)	17	86	89
u-veri-0	17	87	89
u-veri-o	17	88	89
u-veri-ou	17	89	89
-hpvseul	18	1	118
-neut	18	2	118
-solut	18	3	118
af-solut	18	4	118
as-muutsol	18	5	118
as-neut	18	6	118
as-neut+eo	18	7	118
as-solut	18	8	118
b-brcamut	18	9	118
b-brovmut	18	10	118
b-crcmut	18	11	118
b-dextro	18	12	118
b-muubat	18	13	118
b-muut	18	14	118
b-myelmut	18	15	118
b-neu	18	16	118
b-neu/abs	18	17	118
b-neut	18	18	118
b-neutab	18	19	118
b-neutabs	18	20	118
b-neutp	18	21	118
b-neutr	18	22	118
b-neutrof	18	23	118
b-neut␤	18	24	118
b-neuvspr	18	25	118
b-pseudtr	18	26	118
b-pseutro	18	27	118
b-pseutrom	18	28	118
b-pvk+neut	18	29	118
b-vasseu2	18	30	118
b-vt-leuk	18	31	118
bl-solut	18	32	118
bm-myelmut	18	33	118
bu-solut	18	34	118
c-solubl	18	35	118
di-neut	18	36	118
di-solut	18	37	118
eitullut	18	38	118
epit.solut	18	39	118
ex-neut	18	40	118
extra	18	41	118
hoikemseul	18	42	118
hpvseul	18	43	118
hörsel	18	44	118
l-muut	18	45	118
l-muuta	18	46	118
l-neut	18	47	118
l-neut(a)	18	48	118
l-neut-hy	18	49	118
l-neut-kd	18	50	118
l-neut-m	18	51	118
l-neutr	18	52	118
l-neutrof	18	53	118
la-t-solut	18	54	118
li-muut	18	55	118
li-muutsol	18	56	118
li-muutsolut	18	57	118
li-neu	18	58	118
li-neur1	18	59	118
li-neut	18	60	118
li-neut+eo	18	61	118
li-solut	18	62	118
luov.seul.	18	63	118
neutro	18	64	118
neutrof	18	65	118
neutros	18	66	118
ns-neut	18	67	118
näköseula	18	68	118
oma-kemseu	18	69	118
oma-kemseula	18	70	118
oma-u-kems	18	71	118
oma-u-kemseul	18	72	118
p-nest-pt	18	73	118
p-nest-vt	18	74	118
pd-muutsol	18	75	118
pd-neut	18	76	118
pd-neut+eo	18	77	118
pd-solut	18	78	118
pf-muutsol	18	79	118
pf-muutsolut	18	80	118
pf-neut	18	81	118
pf-solut	18	82	118
pvk+neut	18	83	118
rhdnegseul	18	84	118
s-enaseul	18	85	118
s-extra	18	86	118
s-extra2	18	87	118
s-ivfseul	18	88	118
s-ldestre	18	89	118
s-neu	18	90	118
s-neur1	18	91	118
s-tr1seul	18	92	118
s-tr2seul	18	93	118
s-trseul	18	94	118
s-äit-seul	18	95	118
s-äit-seula	18	96	118
s-äitseul	18	97	118
se-solut	18	98	118
sy-muut	18	99	118
sy-muutsol	18	100	118
sy-muutsolut	18	101	118
sy-neut	18	102	118
sy-neut+eo	18	103	118
sy-solut	18	104	118
u-huseula	18	105	118
u-kemseu	18	106	118
u-kemseul	18	107	118
u-kemseul,	18	108	118
u-kemseula	18	109	118
u-kemseup	18	110	118
u-muuta	18	111	118
u-solu	18	112	118
u-solu.	18	113	118
u-solut	18	114	118
u-solut.	18	115	118
u-solutla	18	116	118
xxneut	18	117	118
äit-seula	18	118	118
-imm-ong	19	1	83
-matolm	19	2	83
-mono	19	3	83
-mycohe	19	4	83
-mycoty	19	5	83
-mygehe	19	6	83
-myhecp	19	7	83
-mypnhe	19	8	83
-myrkyt	19	9	83
am-mksyn	19	10	83
amfetam	19	11	83
as-mononuk	19	12	83
b-mito	19	13	83
b-mito.	19	14	83
b-mksyn	19	15	83
b-mkvan	19	16	83
b-mn	19	17	83
b-mon	19	18	83
b-mono	19	19	83
b-monos	19	20	83
b-monos␤	19	21	83
b-mut-d	19	22	83
b-myrkky	19	23	83
b-myrkkyv	19	24	83
b-myrkkyveri	19	25	83
b-myrkyt	19	26	83
du-metnef	19	27	83
du-metnor	19	28	83
f-mm-o	19	29	83
f-mm-touk	19	30	83
fs-metabol	19	31	83
l-baso(a)	19	32	83
l-eos(a)	19	33	83
l-lmono	19	34	83
l-meta	19	35	83
l-meta-m	19	36	83
l-metam	19	37	83
l-metamy	19	38	83
l-metamye	19	39	83
l-metamyel	19	40	83
l-metmye	19	41	83
l-mon	19	42	83
l-mono	19	43	83
l-mono(a)	19	44	83
l-mono+muu	19	45	83
l-mono-hy	19	46	83
l-mono-kd	19	47	83
l-mono-m	19	48	83
l-monos	19	49	83
l-monos-m	19	50	83
l-myel	19	51	83
l-myel-m	19	52	83
l-myelo	19	53	83
l-myelos	19	54	83
l-segm	19	55	83
li-mikrobx	19	56	83
li-mononuk	19	57	83
li-monos	19	58	83
lmono(a)	19	59	83
meta	19	60	83
metak-p	19	61	83
metam	19	62	83
mon	19	63	83
mono	19	64	83
mononuk	19	65	83
monos	19	66	83
mpmut-d	19	67	83
pd-mononuk	19	68	83
pf-mononuk	19	69	83
polynuk	19	70	83
s-etane	19	71	83
s-metad	19	72	83
s-metanef	19	73	83
s-metmal	19	74	83
s-metnef	19	75	83
s-metnor	19	76	83
s-mikrobx	19	77	83
sy-monon	19	78	83
sy-mononuk	19	79	83
ts-mksyn	19	80	83
u-makrof	19	81	83
u-makrof.	19	82	83
xxmono	19	83	83
-inrc-vt	20	1	89
-inrs-vt	20	2	89
-unäkö-n	20	3	89
am-unäkö	20	4	89
as-unäkö-n	20	5	89
as-unäkö-o	20	6	89
b-crp-ospkl	20	7	89
b-inr-oma	20	8	89
b-inr-pik	20	9	89
b-inr-pika	20	10	89
b-inr-pt	20	11	89
b-inr-vt	20	12	89
b-inrpika	20	13	89
b-tnt-hy	20	14	89
b-tnt-o	20	15	89
b-tnt-o-p	20	16	89
b-tnt-oho	20	17	89
b-tnt-os	20	18	89
b-tnt-ospkl	20	19	89
b-tnt-pt	20	20	89
b-tnt-vt	20	21	89
b-tt-inrv	20	22	89
cb-inr-hoi	20	23	89
cb-inr-o	20	24	89
cb-inr-oma	20	25	89
cb-inr-vt	20	26	89
cb-inrati	20	27	89
cb-inratio	20	28	89
cb-inrc-c	20	29	89
cb-inrpika	20	30	89
cb-tt-inr	20	31	89
cb-tt-inrp	20	32	89
cb-tt-inrpika	20	33	89
cb-ttinrvt	20	34	89
cp-inr-hy	20	35	89
cp-inr-vt	20	36	89
di-unäkö-o	20	37	89
li-unäkö	20	38	89
li-unäkö-n	20	39	89
li-unäkö-o	20	40	89
li-unäkö-s	20	41	89
p-inr+ttr	20	42	89
p-inr-avh	20	43	89
p-inr-hy	20	44	89
p-inr-o	20	45	89
p-inr-oma	20	46	89
p-inr-pi	20	47	89
p-inr-pik	20	48	89
p-inr-pika	20	49	89
p-inr-poc	20	50	89
p-inr-pt	20	51	89
p-inr-ttr	20	52	89
p-inr-vt	20	53	89
p-inrhoit	20	54	89
p-inrpika	20	55	89
p-tni-o	20	56	89
p-tnt-hoi	20	57	89
p-tnt-hy	20	58	89
p-tnt-lb	20	59	89
p-tnt-o	20	60	89
p-tnt-poc	20	61	89
p-tnt-pt	20	62	89
p-tnt-vt	20	63	89
p-tnthoi	20	64	89
p-tt-inr	20	65	89
p-tt-inr-o	20	66	89
p-tt-inrp	20	67	89
p-tt-inrqc	20	68	89
p-ttinrsp	20	69	89
pd-unäkö-o	20	70	89
pf-unäkö-n	20	71	89
pf-unäkö-o	20	72	89
pt-hepy-r	20	73	89
pt-keupv-g	20	74	89
pt-tutkn-2	20	75	89
pt-tutkn-3	20	76	89
pt-utp-1	20	77	89
pt-utp-2	20	78	89
pt-utp-3	20	79	89
sy-unäkö-0	20	80	89
sy-unäkö-n	20	81	89
sy-unäkö-o	20	82	89
u-tutk-1	20	83	89
u-tutk-2	20	84	89
u-tutk-3	20	85	89
u-tutk-ped	20	86	89
u-tutkesi	20	87	89
u-unäkö-o	20	88	89
ulkonäkö	20	89	89
-kor229e	21	1	164
-korhku1	21	2	164
-kornl63	21	3	164
-koroc43	21	4	164
-kvhku1	21	5	164
-vkorc1	21	6	164
-xkoenäy	21	7	164
ab-kloridi	21	8	164
am-kromos	21	9	164
b-jxkoe	21	10	164
b-kllfish	21	11	164
b-kloridi	21	12	164
b-ko/adp1	21	13	164
b-ko/adp2	21	14	164
b-ko/epi1	21	15	164
b-ko/epi2	21	16	164
b-kromhem	21	17	164
b-kromi	21	18	164
b-kromos	21	19	164
b-molbiol	21	20	164
b-morfo	21	21	164
b-ntprobnp	21	22	164
b-probnp	21	23	164
b-probnp-o	21	24	164
b-proteussp.	21	25	164
b-solusäi	21	26	164
b-trfupfa	21	27	164
b-trimatp	21	28	164
b-trmulti	21	29	164
b-trom	21	30	164
b-trom-s	21	31	164
b-tromb	21	32	164
b-trombos	21	33	164
b-trombot	21	34	164
b-tromp	21	35	164
b-tromsit	21	36	164
b-tromto	21	37	164
b-trveadp	21	38	164
b-trveasa	21	39	164
b-xkoe	21	40	164
b-xkoespr	21	41	164
b-xkoever	21	42	164
bm-kromhem	21	43	164
bm-kromos	21	44	164
bm-molbiol	21	45	164
bm-molbiot	21	46	164
bm-soluvi	21	47	164
cv-kromos	21	48	164
du-kors-v	21	49	164
du-normet	21	50	164
du-oksal	21	51	164
du-prot-fr	21	52	164
e-abo-rh	21	53	164
e-abo/xko	21	54	164
e-aborh	21	55	164
e-aborh-t	21	56	164
e-aborhab	21	57	164
e-aborhne	21	58	164
e-aborhsp	21	59	164
e-aborht	21	60	164
e-aborhvp	21	61	164
e-abotark	21	62	164
e-abovarm	21	63	164
e-cmbc3c	21	64	164
e-cmbc3d	21	65	164
e-cmbiga	21	66	164
e-cmbigg	21	67	164
e-cmbigm	21	68	164
e-coomb-o	21	69	164
e-coombm	21	70	164
e-coombp	21	71	164
e-coombs-c3d	21	72	164
e-coombs-igg	21	73	164
e-coombso	21	74	164
e-coomc3d	21	75	164
e-coomigg	21	76	164
e-coomspr	21	77	164
ex-kolonvi	21	78	164
fp-kol-hdl	21	79	164
fp-kol-ind	21	80	164
fp-kol-ldl	21	81	164
fp-kolhdl	21	82	164
fs-kol-hdl	21	83	164
fs-kol-ldl	21	84	164
fs-non-hdl	21	85	164
kortisoli	21	86	164
l-prom	21	87	164
l-prom-m	21	88	164
l-promye	21	89	164
l-promyel	21	90	164
l:e-abo-rh	21	91	164
l:e-coombo	21	92	164
lks-kokeet	21	93	164
lykopeeni	21	94	164
m-komp-1	21	95	164
m-komp1	21	96	164
mkomp-1	21	97	164
mkomp-2	21	98	164
mkomp-3	21	99	164
non-hdl	21	100	164
p-akorsol	21	101	164
p-kloridi	21	102	164
p-ko-hdl	21	103	164
p-kol-hdl	21	104	164
p-kol-ldl	21	105	164
p-kopept	21	106	164
p-kor/dxm	21	107	164
p-kors-9h	21	108	164
p-korsol	21	109	164
p-korsol.	21	110	164
p-kortisoli	21	111	164
p-non-hdl	21	112	164
p-ntprobnp	21	113	164
p-okorsol	21	114	164
p-pbnp-lb	21	115	164
p-pbnp-o	21	116	164
p-porf-o	21	117	164
p-prbnpvt	21	118	164
p-pro-bnp	21	119	164
p-probnp	21	120	164
p-probnp(k	21	121	164
p-probnp(ksks)	21	122	164
p-probnp(pika)	21	123	164
p-probnpvt	21	124	164
p-trombai	21	125	164
p-trombot	21	126	164
p-vkorsol	21	127	164
p-vprobnp	21	128	164
p.-trombai	21	129	164
pf-probnp	21	130	164
s-kol-hdl	21	131	164
s-kol-ldl	21	132	164
s-kopept	21	133	164
s-kors/r	21	134	164
s-korsol	21	135	164
s-kortisoli	21	136	164
s-m-komp1	21	137	164
s-mkomp-1	21	138	164
s-mkomp-2	21	139	164
s-mkomp-3	21	140	164
s-mkomp-4	21	141	164
s-normet	21	142	164
s-probnp	21	143	164
s-prot+fr	21	144	164
s-prot-fr	21	145	164
sa-korsol	21	146	164
sk-kromos	21	147	164
sp-morfo	21	148	164
sprxkoe1	21	149	164
ts-kromhem	21	150	164
ts-kromos	21	151	164
tu-kromos	21	152	164
u-morf-o	21	153	164
u-proj.nä	21	154	164
u-prot,u-gluk	21	155	164
u-prot-0	21	156	164
u-prot-de	21	157	164
u-prot-fr	21	158	164
u-prot-hy	21	159	164
u-prot-o	21	160	164
u-prot-o.	21	161	164
u-prot-ou	21	162	164
u-prot-ov	21	163	164
u-prot-pi	21	164	164
-krea	22	1	53
as-krea	22	2	53
b-krea	22	3	53
b-krea-pt	22	4	53
b-krea-vt	22	5	53
b-kreases	22	6	53
di-krea	22	7	53
di-urea	22	8	53
du-krea	22	9	53
du-urea	22	10	53
fp-krea	22	11	53
fp-urea	22	12	53
fp-ureaed	22	13	53
fp-ureajd	22	14	53
fs-krea	22	15	53
fs-urea	22	16	53
p-krea	22	17	53
p-krea+gfr	22	18	53
p-krea-pa	22	19	53
p-krea-pt	22	20	53
p-krea-vt	22	21	53
p-krea.	22	22	53
p-kreaed	22	23	53
p-kreahoi	22	24	53
p-kreajd	22	25	53
p-kreap	22	26	53
p-kreapik	22	27	53
p-posturea	22	28	53
p-pre-urea	22	29	53
p-preurea	22	30	53
p-urea	22	31	53
p-urea-de	22	32	53
p-urea-dj	22	33	53
p-urea-ed	22	34	53
p-urea-jd	22	35	53
p-ureaed	22	36	53
p-ureajd	22	37	53
pd-krea	22	38	53
pd-urea	22	39	53
post-urea	22	40	53
pt-krea-cl	22	41	53
pt-ureaind	22	42	53
s-krea	22	43	53
se-krea	22	44	53
se-urea	22	45	53
u-krea	22	46	53
u-kreahu	22	47	53
u-kreahuu	22	48	53
u-kreat	22	49	53
u-krea␤	22	50	53
u-orgah	22	51	53
u-pregact	22	52	53
u-urea	22	53	53
-leuk	23	1	129
ab-laaj-he	23	2	129
ab-lämpö	23	3	129
ab-lämpöti	23	4	129
as-l/liusk	23	5	129
as-l/yksit	23	6	129
as-leuk	23	7	129
as-leukmuu	23	8	129
as-lymf	23	9	129
b-blamark	23	10	129
b-leuc	23	11	129
b-leuc-v	23	12	129
b-leuk	23	13	129
b-leuk-hoi	23	14	129
b-leuk-o	23	15	129
b-leuk-pt	23	16	129
b-leuk-vt	23	17	129
b-leuk/pi	23	18	129
b-leukp	23	19	129
b-leukpä	23	20	129
b-leukvt	23	21	129
b-liuskat	23	22	129
b-lmark	23	23	129
b-lymf	23	24	129
b-lymf-m	23	25	129
b-lymfo	23	26	129
b-lymfos	23	27	129
b-lymfosy	23	28	129
b-ly␤mf	23	29	129
b-lääk-hu	23	30	129
bm-blamark	23	31	129
bm-lmark	23	32	129
bm-lmark-h	23	33	129
cb-leuk	23	34	129
cb-leuk-hy	23	35	129
cb-leuk-o	23	36	129
cp-gluk-oliuska	23	37	129
di-leuk	23	38	129
di-ly+mono	23	39	129
fb-leuk	23	40	129
fl-leuk	23	41	129
fp-lipaas	23	42	129
fp-lipider	23	43	129
fp-lipidi	23	44	129
fp-lipidit	23	45	129
fp-lipidit(pi)	23	46	129
fs-apob/a1	23	47	129
fs-lipaas	23	48	129
fs-lipalat	23	49	129
fs-lipider	23	50	129
fs-lipidit	23	51	129
fs-lipo(a)	23	52	129
fs-lipoa1	23	53	129
fs-lipob	23	54	129
inr-liuska	23	55	129
l-liusk	23	56	129
l-liuska	23	57	129
l-liuskat	23	58	129
l-lymf	23	59	129
l-lymf(a)	23	60	129
l-lymf-hy	23	61	129
l-lymf-kd	23	62	129
l-lymf-m	23	63	129
l-lymfos	23	64	129
li-l/liusk	23	65	129
li-l/yksit	23	66	129
li-leuk	23	67	129
li-leuk-3	23	68	129
li-leukmuu	23	69	129
li-liuskat	23	70	129
li-lmark	23	71	129
li-lmark-h	23	72	129
li-lymf	23	73	129
li-lymf+mo	23	74	129
lipidit	23	75	129
ln-blamark	23	76	129
p-apob/a1	23	77	129
p-lipidit	23	78	129
p-lipoa1	23	79	129
p-lipob	23	80	129
pd-leuk	23	81	129
pd-leuk.	23	82	129
pd-leukmuu	23	83	129
pd-lymf+mo	23	84	129
pf-l/liusk	23	85	129
pf-l/yksit	23	86	129
pf-leuk	23	87	129
pf-leukmuu	23	88	129
pf-liuskat	23	89	129
pf-ly+mono	23	90	129
pf-lymf	23	91	129
pn-blamark	23	92	129
pt-lämpöt	23	93	129
pt-lämpötila	23	94	129
s-apob/a1	23	95	129
s-leukpra	23	96	129
s-lipalat	23	97	129
s-lipidit	23	98	129
s-lipoa1	23	99	129
s-lipob	23	100	129
s-ngab/a1	23	101	129
se-leuk	23	102	129
sy-l/liusk	23	103	129
sy-l/yksit	23	104	129
sy-leuk	23	105	129
sy-leukmuu	23	106	129
sy-liuskat	23	107	129
sy-ly+mono	23	108	129
sy-lymf	23	109	129
ts-lmark	23	110	129
ts-lmarkfc	23	111	129
u-leuk	23	112	129
u-leuk-0	23	113	129
u-leuk-bv	23	114	129
u-leuk-de	23	115	129
u-leuk-hy	23	116	129
u-leuk-o	23	117	129
u-leuk-o.	23	118	129
u-leuk-ov	23	119	129
u-leuk.	23	120	129
u-leukb	23	121	129
u-leukbv	23	122	129
u-leukla	23	123	129
u-leuko-o	23	124	129
u-liuska	23	125	129
u-liuska-	23	126	129
u-liuskakokeet	23	127	129
vb-lämpöti	23	128	129
xxlymf	23	129	129
-trfe-sa	24	1	56
-trfesat	24	2	56
ab-hb02sat	24	3	56
ab-hbo2sat	24	4	56
ab-hbo2svt	24	5	56
ab-laktaat	24	6	56
ab-laktaatti	24	7	56
ab-o2sat	24	8	56
ap-laktaat	24	9	56
ap-laktaatti	24	10	56
b-hbo2sat	24	11	56
b-laktaat	24	12	56
cb-hbo2sat	24	13	56
cb-laktaat	24	14	56
cb-o2sat	24	15	56
cbhbo2satp	24	16	56
cp-laktaat	24	17	56
f-elastaasi-1	24	18	56
f-elastaasi1	24	19	56
fb-folaat	24	20	56
fb-folat	24	21	56
fe-folaat	24	22	56
fe-folaatt	24	23	56
fp-folaat	24	24	56
fp-fosfaatti	24	25	56
fp-laktaat	24	26	56
fp-laktaatti	24	27	56
fp-parathormoni	24	28	56
fp-rauta(osat.)	24	29	56
fp-tffesat	24	30	56
fp-trfe-sa	24	31	56
fp-trfesat	24	32	56
fs-folaat	24	33	56
fs-folaatti	24	34	56
fs-trfesat	24	35	56
li-laktaat	24	36	56
li-oreksa	24	37	56
mb-hbo2sat	24	38	56
mb-laktaat	24	39	56
mb-o2sat	24	40	56
p-laboratorio	24	41	56
p-laktaat	24	42	56
p-laktaatti	24	43	56
p-tffesat	24	44	56
pf-laktaat	24	45	56
pf-laktaatti	24	46	56
s-laktaatti	24	47	56
sy-laktaat	24	48	56
tffesat	24	49	56
transf-sat	24	50	56
trfesat	24	51	56
vb-hbo2sat	24	52	56
vb-laktaat	24	53	56
vb-o2sat	24	54	56
vp-laktaat	24	55	56
zb-hbo2sat	24	56	56
-trigly	25	1	64
0hp-gluk	25	2	64
0mgluk	25	3	64
120mgluk	25	4	64
120mp-glu	25	5	64
120mp-gluk	25	6	64
1hgluk	25	7	64
2hgluk	25	8	64
60mgluk	25	9	64
ab-gluk	25	10	64
alfa-1-glo	25	11	64
alfa-2-glo	25	12	64
alfa1-glob	25	13	64
alfa2-glob	25	14	64
ap-gluk	25	15	64
as-gluk	25	16	64
b-gluk	25	17	64
beta1-glob	25	18	64
beta2-glob	25	19	64
cb-gluk	25	20	64
cb-glukr	25	21	64
cp-gluk	25	22	64
cu-a1miglo	25	23	64
di-gluk	25	24	64
fb-gluc	25	25	64
fb-gluk	25	26	64
fp-gluk	25	27	64
fp-trigl	25	28	64
fp-trigly	25	29	64
fs-gluk	25	30	64
fs-trigly	25	31	64
gamma-glob	25	32	64
hoigluk	25	33	64
hoiglukstx	25	34	64
li-gluk	25	35	64
mb-gluk	25	36	64
oma-cp-glu	25	37	64
oma-fp-glu	25	38	64
oma-fp-gluk	25	39	64
oma-gluk	25	40	64
oma-p-gluk	25	41	64
p-gluc	25	42	64
p-gluk	25	43	64
p-jgluk	25	44	64
p-omagluk	25	45	64
p-trigly	25	46	64
pd-gluk	25	47	64
pf-gluk	25	48	64
pf-trigly	25	49	64
pika-gluk	25	50	64
pika-leuk	25	51	64
pikagluk	25	52	64
ps-gluk	25	53	64
s-b2miglo	25	54	64
s-gluk	25	55	64
s-trigly	25	56	64
se-gluk	25	57	64
se-trigly	25	58	64
sy-gluk	25	59	64
u-a1miglo	25	60	64
u-b2miglo	25	61	64
u-gluk	25	62	64
vb-gluk	25	63	64
vp-gluk	25	64	64
ab-ahco3	26	1	163
ab-ahco3vt	26	2	163
ab-be-vt	26	3	163
ab-ca++	26	4	163
ab-hb-co	26	5	163
ab-hb-met	26	6	163
ab-hb-vt	26	7	163
ab-hbo2	26	8	163
ab-hco3	26	9	163
ab-hco3-st	26	10	163
ab-o2-sis	26	11	163
ab-o2-vol	26	12	163
ab-o2hb	26	13	163
ab-pco2	26	14	163
ab-pco2(t)	26	15	163
ab-pco2-vt	26	16	163
ab-ph(t)	26	17	163
ab-ph-vt	26	18	163
ab-po2	26	19	163
ab-po2(t)	26	20	163
ab-po2-vt	26	21	163
ab-shco3	26	22	163
ab-to2c	26	23	163
ap-hco3st	26	24	163
ap-shco3	26	25	163
b-ca++-v	26	26	163
b-cya-mit	26	27	163
b-cya-ms	26	28	163
b-hb-co	26	29	163
b-hb-co.	26	30	163
b-hb-ef	26	31	163
b-hb-f	26	32	163
b-hb-f-vr	26	33	163
b-hb-fr	26	34	163
b-hb-hoi	26	35	163
b-hb-ief	26	36	163
b-hb-met	26	37	163
b-hb-met.	26	38	163
b-hb-o	26	39	163
b-hb-poc	26	40	163
b-hb-pt	26	41	163
b-hb-s	26	42	163
b-hb-vt	26	43	163
b-hbf-fc	26	44	163
b-hbfvol	26	45	163
b-hbhoi	26	46	163
b-hbhplc	26	47	163
b-hbpoc	26	48	163
b-hco3	26	49	163
b-hkrhoi	26	50	163
b-k-pt	26	51	163
b-k-v	26	52	163
b-k-vt	26	53	163
b-na-pt	26	54	163
b-na-v	26	55	163
b-na-vt	26	56	163
b-pco2	26	57	163
b-po2	26	58	163
cb-ahco3	26	59	163
cb-hb-hy	26	60	163
cb-hb-v	26	61	163
cb-hco3	26	62	163
cb-hco3-st	26	63	163
cb-o2-sis	26	64	163
cb-o2hb	26	65	163
cb-pco2	26	66	163
cb-po2	26	67	163
cb-shco3	26	68	163
cb-to2c	26	69	163
cp-hco3st	26	70	163
cp-shco3	26	71	163
f-hb-hum	26	72	163
f-hb-o	26	73	163
f-hb-o2	26	74	163
f-hb-o3	26	75	163
f-hhb-1	26	76	163
f-hhb-2	26	77	163
f-hhb-o	26	78	163
f-hhb-ox3	26	79	163
fb-b1-vit	26	80	163
fb-b6-vit	26	81	163
fe-b2-vit	26	82	163
fp-a-vit	26	83	163
fp-b6-vit	26	84	163
fp-c-vit	26	85	163
fp-e-vit	26	86	163
fp-hcyst	26	87	163
fs-a-vit	26	88	163
fs-b12-vit	26	89	163
fs-e-vit	26	90	163
mb-ahco3	26	91	163
mb-hb-co	26	92	163
mb-hb-met	26	93	163
mb-hbo2	26	94	163
mb-hco3-st	26	95	163
mb-o2-vol	26	96	163
mb-pco2	26	97	163
mb-phhco3	26	98	163
mb-po2	26	99	163
p-b12-bc	26	100	163
p-b12-tc2	26	101	163
p-b12-vit	26	102	163
p-cl-vt	26	103	163
p-hco3	26	104	163
p-hcyst	26	105	163
p-k-pt	26	106	163
p-k-vt	26	107	163
p-na-pa	26	108	163
p-na-pt	26	109	163
p-na-vt	26	110	163
s-b12-akt	26	111	163
s-b12-tc2	26	112	163
s-b12-vit	26	113	163
s-b12t-c2	26	114	163
s-b12vit	26	115	163
s-b6-vit	26	116	163
u-hb-dec	26	117	163
u-hb-o	26	118	163
u-hb-o.	26	119	163
u-inh-o	26	120	163
u-pbg-o	26	121	163
u-ph-0	26	122	163
u-ph-huu	26	123	163
u-ph-hy	26	124	163
u-ph-o	26	125	163
u-phhu	26	126	163
u-ubg-o	26	127	163
ua-hco3-st	26	128	163
ua-pco2	26	129	163
ua-po2	26	130	163
uv-pco2	26	131	163
uv-po2	26	132	163
vb-ahco3	26	133	163
vb-ahco3vt	26	134	163
vb-be-vt	26	135	163
vb-hb-co	26	136	163
vb-hb-met	26	137	163
vb-hb-vt	26	138	163
vb-hbo2	26	139	163
vb-hco3	26	140	163
vb-hco3-st	26	141	163
vb-hco3-vt	26	142	163
vb-hkr-vt	26	143	163
vb-k-vt	26	144	163
vb-na-vt	26	145	163
vb-o2-sis	26	146	163
vb-o2-vol	26	147	163
vb-o2hb	26	148	163
vb-pco2	26	149	163
vb-pco2-vt	26	150	163
vb-ph-vt	26	151	163
vb-po2	26	152	163
vb-shco3	26	153	163
vb-to2c	26	154	163
vp-hco3st	26	155	163
vp-shco3	26	156	163
zb-ahco3	26	157	163
zb-o2-vol	26	158	163
zb-pco2	26	159	163
zb-pco2(t)	26	160	163
zb-ph(t)	26	161	163
zb-po2	26	162	163
zb-po2(t)	26	163	163
ab-ca++7.4	27	1	52
ab-ca-i7.4	27	2	52
ab-ca-ion	27	3	52
ab-caionvt	27	4	52
ap-ca-ion	27	5	52
b-caionpf	27	6	52
ca++/7.40	27	7	52
ca++/ph7.4	27	8	52
ca++ph7.4	27	9	52
ca-ion	27	10	52
cb-ca-i7.4	27	11	52
cb-ca-ion	27	12	52
cp-ca-ion	27	13	52
di-ca-ion	27	14	52
di-ca-iona	27	15	52
fb-nh4-ion	27	16	52
fp-ca-ion	27	17	52
fp-ca-ion.	27	18	52
fp-ca-iona	27	19	52
fp-nh4-ion	27	20	52
fs-ca++/7.40	27	21	52
fs-ca++7.4	27	22	52
fs-ca-7.40	27	23	52
fs-ca-ion	27	24	52
fs-ca-ion/ph7.40	27	25	52
fs-ca-iona	27	26	52
fs-ph(ca-ion)	27	27	52
mb-ca(7.4)	27	28	52
mb-ca-ion	27	29	52
p-ca(7.4)	27	30	52
p-ca-ion	27	31	52
p-ca-ion.	27	32	52
p-ca-ion:	27	33	52
p-ca-iona	27	34	52
p-caio7.4:	27	35	52
p-caion7.4	27	36	52
p-nh4-ion	27	37	52
s-ca(7.4)	27	38	52
s-ca++/7.40	27	39	52
s-ca-17.4	27	40	52
s-ca-i7.4	27	41	52
s-ca-ion	27	42	52
s-ca-iona	27	43	52
s-caio7.4	27	44	52
s-caion7.4	27	45	52
s-caionac	27	46	52
s-caph7.4	27	47	52
s-mg-ion	27	48	52
vb-ca-i7.4	27	49	52
vb-ca-ion	27	50	52
vb-caionvt	27	51	52
vp-ca-ion	27	52	52
ab-he-tase	28	1	54
ab-het-ion	28	2	54
ab-het-oks	28	3	54
ab-hetiogl	28	4	54
ab-veion	28	5	54
ab-veka+el	28	6	54
ab-vekaas	28	7	54
ab-vekaasl	28	8	54
ab-vekaast	28	9	54
ab-vekael3	28	10	54
ab-vekaion	28	11	54
ab-vekapkt	28	12	54
ab-vka-o2s	28	13	54
ab-vklaaja	28	14	54
ab-vkperus	28	15	54
cb-he-tase	28	16	54
cb-het-ion	28	17	54
cb-heta+el	28	18	54
cb-hetaypk	28	19	54
cb-hetiong	28	20	54
cb-veion	28	21	54
cb-vekaas	28	22	54
cb-vekaasl	28	23	54
cb-vekacg4	28	24	54
cb-vekaos	28	25	54
cb-vekapak	28	26	54
cb-vekapkt	28	27	54
cb-vklaaja	28	28	54
cb-vkperus	28	29	54
mb-he-tase	28	30	54
mb-vekaion	28	31	54
ua-hetashb	28	32	54
ua-vekaas	28	33	54
vb-he-tase	28	34	54
vb-het-ion	28	35	54
vb-het-oks	28	36	54
vb-hetiogl	28	37	54
vb-hetiong	28	38	54
vb-veion	28	39	54
vb-veionos	28	40	54
vb-veka+el	28	41	54
vb-vekaas	28	42	54
vb-vekaasl	28	43	54
vb-vekaast	28	44	54
vb-vekacg4	28	45	54
vb-vekaion	28	46	54
vb-vekalab	28	47	54
vb-vekapkt	28	48	54
vb-vka-o2s	28	49	54
vb-vklaaja	28	50	54
vb-vkperus	28	51	54
väsymyslaaja	28	52	54
zb-vklaaja	28	53	54
zb-vkperus	28	54	54
ab-kalium	29	1	26
ab-natrium	29	2	26
aika/ed.virt	29	3	26
ap-kalium	29	4	26
ap-kalium␤	29	5	26
ap-natrium	29	6	26
ap-natrium␤	29	7	26
b-kalium	29	8	26
b-natrium	29	9	26
du-kalsium	29	10	26
kalium	29	11	26
kalsium	29	12	26
natrium	29	13	26
p-kalium	29	14	26
p-kalium+natrium	29	15	26
p-kalsium	29	16	26
p-magnesium	29	17	26
p-natrium	29	18	26
p-natrium,kalium	29	19	26
p-natriumjakalium	29	20	26
pika-kalium	29	21	26
pika-natrium	29	22	26
s-kalium	29	23	26
s-kalsium	29	24	26
s-natrium	29	25	26
u-natrium	29	26	26
b-b-cd19	30	1	46
b-cd16/56	30	2	46
b-cd16/cd56	30	3	46
b-cd19	30	4	46
b-cd3	30	5	46
b-cd34	30	6	46
b-cd4	30	7	46
b-cd8	30	8	46
b-lcd34	30	9	46
b-lycd4	30	10	46
b-t-cd3	30	11	46
b-t-cd4	30	12	46
b-t-cd8	30	13	46
bl-cd4/cd8	30	14	46
cd4/cd8	30	15	46
l-cd34	30	16	46
la-cd34	30	17	46
la-cd34-ks	30	18	46
la-cd34-os	30	19	46
la-t-cd3	30	20	46
la-t-cd4	30	21	46
la-t-cd8	30	22	46
ly-b-cd19	30	23	46
ly-cd16/56	30	24	46
ly-cd16/cd56	30	25	46
ly-cd19	30	26	46
ly-cd19-b	30	27	46
ly-cd3	30	28	46
ly-cd4	30	29	46
ly-cd4+8+	30	30	46
ly-cd4-8-	30	31	46
ly-cd4-t	30	32	46
ly-cd4/cd8	30	33	46
ly-cd4/cd8suhde	30	34	46
ly-cd8	30	35	46
ly-t-cd3	30	36	46
ly-t-cd4	30	37	46
ly-t-cd4.	30	38	46
ly-t-cd4/8	30	39	46
ly-t-cd8	30	40	46
ly-tcd4/8.	30	41	46
ly-tt-cd8	30	42	46
s-gt-cdt	30	43	46
so-t-cd3	30	44	46
so-t-cd4	30	45	46
so-t-cd8	30	46	46
b-ghb-a1c	31	1	54
b-ghb-a1c,tk	31	2	54
b-ghb-a1cv	31	3	54
b-ghba1c	31	4	54
b-ghba1c-	31	5	54
b-ghba1c-oma	31	6	54
b-ghba1c/	31	7	54
b-ghba1c/p	31	8	54
b-ghba1cp	31	9	54
b-ghba1cv	31	10	54
b-ghba1cvt	31	11	54
b-hb-a1c	31	12	54
b-hba1c	31	13	54
b-hba1c,t	31	14	54
b-hba1c,tk	31	15	54
b-hba1c-o	31	16	54
b-hba1c-om	31	17	54
b-hba1c-oma	31	18	54
b-hba1c-p	31	19	54
b-hba1c/p	31	20	54
b-hba1c/pi	31	21	54
b-hba1chy	31	22	54
b-hba1cp	31	23	54
b-hba1cpi	31	24	54
b-hba1cvt	31	25	54
b-hla-bw	31	26	54
b-hla1mun	31	27	54
b-hla1pk	31	28	54
b-hla2frk	31	29	54
b-hla2prk	31	30	54
b-hlaabac	31	31	54
b-hlaad	31	32	54
b-hlaadt	31	33	54
b-hlaag	31	34	54
b-hlabd	31	35	54
b-hlabdt	31	36	54
b-hlabg	31	37	54
b-hlacdt	31	38	54
b-hlacg	31	39	54
b-hladpb1g	31	40	54
b-hladpbd	31	41	54
b-hladqb1g	31	42	54
b-hladqbd	31	43	54
b-hladrb1g	31	44	54
b-hladrbd	31	45	54
b-hladrld	31	46	54
b-hlamaks	31	47	54
b-hlasyke	31	48	54
b-hlatrb	31	49	54
b-vthba1c	31	50	54
cb-hba1cnla	31	51	54
hba1c	31	52	54
hoighb-a1c	31	53	54
hoihba1c	31	54	54
b-pvk	32	1	41
b-pvk(pi)	32	2	41
b-pvk+eo	32	3	41
b-pvk+kd	32	4	41
b-pvk+ne	32	5	41
b-pvk+ner	32	6	41
b-pvk+t	32	7	41
b-pvk+t+e	32	8	41
b-pvk+t+n	32	9	41
b-pvk+t+ne	32	10	41
b-pvk+t+r	32	11	41
b-pvk+tk	32	12	41
b-pvk+tkd	32	13	41
b-pvk+tkd,baso	32	14	41
b-pvk+tkd,eo	32	15	41
b-pvk+tkd,eryt	32	16	41
b-pvk+tkd,hb	32	17	41
b-pvk+tkd,hkr	32	18	41
b-pvk+tkd,ig	32	19	41
b-pvk+tkd,leuk	32	20	41
b-pvk+tkd,lymph	32	21	41
b-pvk+tkd,mch	32	22	41
b-pvk+tkd,mchc	32	23	41
b-pvk+tkd,mcv	32	24	41
b-pvk+tkd,mono	32	25	41
b-pvk+tkd,neut	32	26	41
b-pvk+tkd,rdw	32	27	41
b-pvk+tkd,trom	32	28	41
b-pvk+tmd	32	29	41
b-pvk-päi	32	30	41
b-pvk-t	32	31	41
b-pvk-tkd	32	32	41
b-pvkt	32	33	41
b-pvkt+re	32	34	41
b-pvktkdr	32	35	41
b-pvktmdl	32	36	41
b-pvktmdp	32	37	41
b-pvktnee	32	38	41
b-pvktp	32	39	41
b-tvk	32	40	41
b-tvk+r	32	41	41
cu-alb-mi	33	1	31
nu-alb-mi	33	2	31
nu-albkre	33	3	31
nu-albkrea	33	4	31
u-a1mikre	33	5	31
u-alb-0	33	6	31
u-alb-lb	33	7	31
u-alb-mi	33	8	31
u-alb-o	33	9	31
u-alb/kre	33	10	31
u-alb/kre,u-alb	33	11	31
u-alb/kre,u-alb/krea	33	12	31
u-alb/kre,u-krea	33	13	31
u-alb/krea	33	14	31
u-albkre	33	15	31
u-albkrea	33	16	31
u-alvhu4a	33	17	31
u-alvhu5b	33	18	31
u-alvhu6a	33	19	31
u-cakre	33	20	31
u-happamuus	33	21	31
u-prokre	33	22	31
u-protkre	33	23	31
u-sakka,bakt	33	24	31
u-sakka,epit	33	25	31
u-sakka,eryt	33	26	31
u-sakka,leuk	33	27	31
u-sakka,lier	33	28	31
u-sakka,makrof	33	29	31
u-sakka,muuta	33	30	31
u-solut,muut	33	31	31
hoi-crp-pi	34	1	51
oma,pvk+t	34	2	51
oma,pvk+tv	34	3	51
oma-audio	34	4	51
oma-b-fid	34	5	51
oma-b-fidd	34	6	51
oma-b-hb	34	7	51
oma-b-pvk+	34	8	51
oma-ca++epoc	34	9	51
oma-chco3-epoc	34	10	51
oma-chgbepoc	34	11	51
oma-cl-epoc	34	12	51
oma-crp	34	13	51
oma-crp-pi	34	14	51
oma-crp-pika	34	15	51
oma-ekg	34	16	51
oma-ghb-a1	34	17	51
oma-ghb-a1c	34	18	51
oma-ghba1c	34	19	51
oma-gluepoc	34	20	51
oma-hb	34	21	51
oma-hb-a1c	34	22	51
oma-hba1c	34	23	51
oma-hcg-o	34	24	51
oma-hctepoc	34	25	51
oma-huums-o	34	26	51
oma-huumse	34	27	51
oma-i-stat	34	28	51
oma-inr	34	29	51
oma-inr-pi	34	30	51
oma-inr-pika	34	31	51
oma-k+epoc	34	32	51
oma-kol	34	33	51
oma-kreaepoc	34	34	51
oma-lacepoc	34	35	51
oma-na+epoc	34	36	51
oma-p-crp	34	37	51
oma-p-tnt	34	38	51
oma-pco2epoc	34	39	51
oma-phepoc	34	40	51
oma-po2epoc	34	41	51
oma-pt-ekg	34	42	51
oma-straag	34	43	51
oma-strag	34	44	51
oma-strepa	34	45	51
oma-strept	34	46	51
oma-strepta	34	47	51
oma-tnt	34	48	51
oma-trop-2	34	49	51
oma-tropon	34	50	51
oma-u-tutk	34	51	51
-adenag	35	1	137
-bokaag	35	2	137
-coinrsv	35	3	137
-dnaex	35	4	137
-inabrsv	35	5	137
-infaag	35	6	137
-infabag	35	7	137
-infabnh	35	8	137
-infah03	35	9	137
-infah09	35	10	137
-infah1	35	11	137
-infah3	35	12	137
-infavt	35	13	137
-infbag	35	14	137
-infbvt	35	15	137
-infl.a	35	16	137
-infl.b	35	17	137
-infrpak	35	18	137
-infrsv	35	19	137
-ivf-et	35	20	137
-koroag	35	21	137
-metpnag	35	22	137
-pin1ag	35	23	137
-pin2ag	35	24	137
-pin3ag	35	25	137
-pinf1ag	35	26	137
-pinf2ag	35	27	137
-pinf3ag	35	28	137
-pnjiag	35	29	137
-rvirag	35	30	137
-stpnag	35	31	137
3990ts-fnab	35	32	137
angap	35	33	137
b-angap	35	34	137
b-anionivaje	35	35	137
b-dnabpg	35	36	137
b-dnaex	35	37	137
b-dnamut	35	38	137
b-rna.kt	35	39	137
bi-inflamm	35	40	137
bm-cd138ex	35	41	137
bm-dnaex	35	42	137
bm-dnamut	35	43	137
c-anca	35	44	137
dnaex	35	45	137
e-anti-c3d	35	46	137
e-anti-igg	35	47	137
f-adenag	35	48	137
f-antitry	35	49	137
f-giarag	35	50	137
f-gicrag	35	51	137
f-noroag	35	52	137
f-rotaag	35	53	137
f-virag	35	54	137
kannab	35	55	137
li-adenabg	35	56	137
li-infaabg	35	57	137
li-infbabg	35	58	137
li-mypnab	35	59	137
li-mypnabg	35	60	137
li-mypnabm	35	61	137
li-pin1abg	35	62	137
ns-infab/r	35	63	137
p-anca	35	64	137
p-angap	35	65	137
p-antifxa	35	66	137
p-antitro	35	67	137
ps-adenag	35	68	137
ps-infaag	35	69	137
ps-infbag	35	70	137
pt-vainaja	35	71	137
rvirag-o	35	72	137
s-adeabcf	35	73	137
s-adenabg	35	74	137
s-adencf	35	75	137
s-ana(ait)	35	76	137
s-ana-ab	35	77	137
s-ana-ib	35	78	137
s-ana-ty	35	79	137
s-anaab-a	35	80	137
s-anaabbl	35	81	137
s-anaty-jt	35	82	137
s-anca	35	83	137
s-anca-t	35	84	137
s-ancabk	35	85	137
s-ancak	35	86	137
s-ancatut	35	87	137
s-ancif	35	88	137
s-antitry	35	89	137
s-c-anca	35	90	137
s-c-ancab	35	91	137
s-c-ancif	35	92	137
s-c-def	35	93	137
s-c3nef	35	94	137
s-envabcf	35	95	137
s-inaabcf	35	96	137
s-inbabcf	35	97	137
s-infaabg	35	98	137
s-infacf	35	99	137
s-infbab	35	100	137
s-infbabg	35	101	137
s-infbcf	35	102	137
s-infli	35	103	137
s-infliab	35	104	137
s-infliks	35	105	137
s-inflipa	35	106	137
s-micfaeg	35	107	137
s-mpnabcf	35	108	137
s-myplcf	35	109	137
s-mypnab	35	110	137
s-mypnabg	35	111	137
s-mypnabm	35	112	137
s-p-anca	35	113	137
s-p-ancab	35	114	137
s-p-ancif	35	115	137
s-pigf	35	116	137
s-pin1abg	35	117	137
s-pincf	35	118	137
s-pinfabcf	35	119	137
s-plgf	35	120	137
s-qfevcf	35	121	137
s-rsvabcf	35	122	137
s-rsvcf	35	123	137
s-scc-ag	35	124	137
s-vancom	35	125	137
ts-dnafc	35	126	137
ts-dnaflow	35	127	137
ts-dnamut	35	128	137
ts-fnab	35	129	137
ts-fnab-p	35	130	137
u-annat	35	131	137
u-canna-o	35	132	137
u-cannact	35	133	137
u-lepnag	35	134	137
u-pneuag	35	135	137
u-stpnag	35	136	137
vainaja	35	137	137
-amyl	36	1	185
-kskäynt	36	2	185
-ku72/86	36	3	185
-nudt15	36	4	185
-s.yht.	36	5	185
-selvtyö	36	6	185
-siitt.	36	7	185
alfa-1	36	8	185
alfa-2	36	9	185
amylaasi	36	10	185
as-amyl	36	11	185
audit	36	12	185
audit-c	36	13	185
b-myogl-v	36	14	185
dnauut1	36	15	185
du-aldos	36	16	185
f-crypag	36	17	185
f-crypvr	36	18	185
f-kystat	36	19	185
fp-afos	36	20	185
fp-aldos	36	21	185
fp-amyl	36	22	185
iga/prealb	36	23	185
ku72/86	36	24	185
p-afos	36	25	185
p-aldos	36	26	185
p-amyl	36	27	185
p-amylaasi	36	28	185
p-amylp	36	29	185
p-d-25	36	30	185
p-etgly	36	31	185
p-kryog-o	36	32	185
p-kysc	36	33	185
p-myogl	36	34	185
p-nkäs10	36	35	185
p-prealb	36	36	185
p-progly	36	37	185
p-sldl	36	38	185
pa-amyl	36	39	185
pd-polynuk	36	40	185
pf-amyl	36	41	185
prealb	36	42	185
pöly-er	36	43	185
s-5-ht	36	44	185
s-a1glob	36	45	185
s-a2glob	36	46	185
s-aaldos	36	47	185
s-adali	36	48	185
s-adaliab	36	49	185
s-adalimu	36	50	185
s-adalip	36	51	185
s-adalipa	36	52	185
s-afluu	36	53	185
s-afluust	36	54	185
s-afmuut	36	55	185
s-afos	36	56	185
s-afos-is	36	57	185
s-afosluu	36	58	185
s-afospit	36	59	185
s-afsuol1	36	60	185
s-afsuol2	36	61	185
s-afsuol3	36	62	185
s-afsuoli	36	63	185
s-albind	36	64	185
s-albu	36	65	185
s-album	36	66	185
s-aldol	36	67	185
s-aldos	36	68	185
s-aldos-m	36	69	185
s-aldos-p	36	70	185
s-alfa-1	36	71	185
s-alfa-2	36	72	185
s-alfa1	36	73	185
s-alfa2	36	74	185
s-allige	36	75	185
s-amyl	36	76	185
s-amyl-is	36	77	185
s-amylp	36	78	185
s-amyls	36	79	185
s-b1glob	36	80	185
s-b2glob	36	81	185
s-ck-is	36	82	185
s-ctdscr	36	83	185
s-d-1,25	36	84	185
s-d-25	36	85	185
s-d-25-32	36	86	185
s-d2-25	36	87	185
s-d3-25	36	88	185
s-dmklots	36	89	185
s-etgly	36	90	185
s-etglygc	36	91	185
s-gliade	36	92	185
s-gliadie	36	93	185
s-gråbo	36	94	185
s-halop	36	95	185
s-hladsa	36	96	185
s-kalatue	36	97	185
s-kb-lop	36	98	185
s-ketiap	36	99	185
s-kid10	36	100	185
s-kipa	36	101	185
s-klobat	36	102	185
s-klona	36	103	185
s-klopi	36	104	185
s-klotsa	36	105	185
s-kolaige	36	106	185
s-krtiin	36	107	185
s-kryog	36	108	185
s-kryog-o	36	109	185
s-kubico	36	110	185
s-kudosab	36	111	185
s-kysc	36	112	185
s-käsmak	36	113	185
s-ld-1	36	114	185
s-ld-2	36	115	185
s-ld-3	36	116	185
s-ld-4	36	117	185
s-ld-5	36	118	185
s-ld-is	36	119	185
s-ldpit	36	120	185
s-liv2x10	36	121	185
s-myogl	36	122	185
s-nglym5e	36	123	185
s-nglym6e	36	124	185
s-ngmuut	36	125	185
s-norklob	36	126	185
s-norklom	36	127	185
s-norklot	36	128	185
s-norklots	36	129	185
s-o4.5.12	36	130	185
s-oaldos	36	131	185
s-ohkloro	36	132	185
s-olants	36	133	185
s-ovalbue	36	134	185
s-pm-scl	36	135	185
s-pmdm-t	36	136	185
s-prealb	36	137	185
s-prkäsit	36	138	185
s-prlbio	36	139	185
s-prlrec	36	140	185
s-prltot	36	141	185
s-propgly	36	142	185
s-pöly-s	36	143	185
s-pölyer	36	144	185
s-pölyry	36	145	185
s-pölyryh	36	146	185
s-pölyryhmä	36	147	185
s-pölyt	36	148	185
s-rglym4e	36	149	185
s-salis	36	150	185
s-scl-t	36	151	185
s-sfit1	36	152	185
s-sflt-1	36	153	185
s-sldl	36	154	185
s-suoli	36	155	185
s-suolist	36	156	185
s-trypg2	36	157	185
s-trypt	36	158	185
s-tryptaasi	36	159	185
s-tygl	36	160	185
s-tygl-va	36	161	185
s-tyglab	36	162	185
s-valdos	36	163	185
s-vedol	36	164	185
s-w-h:a	36	165	185
s-w-h:b	36	166	185
s-w-h:d	36	167	185
s-w-h:g.m	36	168	185
s-w-h:i	36	169	185
s-w-o6.7	36	170	185
s-w-o9.12	36	171	185
s-yskät	36	172	185
s-zuklop	36	173	185
saline	36	174	185
se-amyl	36	175	185
siproflok	36	176	185
sjukhus	36	177	185
sp-suld	36	178	185
sukup.tau1	36	179	185
sukup1	36	180	185
sukup2	36	181	185
sy-polymor	36	182	185
u-amyl	36	183	185
u-amylp	36	184	185
u-käsma	36	185	185
-askirje	37	1	148
-kiire	37	2	148
b-d-dimer	37	3	148
b-geneseq	37	4	148
b-genesik	37	5	148
b-hemocue	37	6	148
b-hemok-d	37	7	148
b-mkimer	37	8	148
b-mon,tmd	37	9	148
b-ven.sec	37	10	148
bm-genesik	37	11	148
cladhee	37	12	148
d-dimer	37	13	148
e-allover	37	14	148
e-luov-vr	37	15	148
hevonee	37	16	148
hevonen	37	17	148
igehevonen	37	18	148
kiire	37	19	148
koirae	37	20	148
na-hepveri	37	21	148
pt-kiire	37	22	148
pt-venesek	37	23	148
pt-äänesk	37	24	148
s-10mlgeel	37	25	148
s-acrkile	37	26	148
s-alfgale	37	27	148
s-allcome	37	28	148
s-altalte	37	29	148
s-amokige	37	30	148
s-amokse	37	31	148
s-ampmyre	37	32	148
s-apim10e	37	33	148
s-appelse	37	34	148
s-asiroe	37	35	148
s-aspfume	37	36	148
s-aspfumg	37	37	148
s-aspvere	37	38	148
s-banaane	37	39	148
s-bupre	37	40	148
s-ca153ver	37	41	148
s-ca199ver	37	42	148
s-cladcle	37	43	148
s-cladhee	37	44	148
s-clahere	37	45	148
s-cora14e	37	46	148
s-cora9e	37	47	148
s-desvenl	37	48	148
s-eläi1er	37	49	148
s-eläiner	37	50	148
s-fusmone	37	51	148
s-gluteee	37	52	148
s-gpene	37	53	148
s-gpenige	37	54	148
s-hein1er	37	55	148
s-heinäer	37	56	148
s-hernee	37	57	148
s-hevohie	37	58	148
s-hevonee	37	59	148
s-hevonhie	37	60	148
s-k/l-ex	37	61	148
s-kaniepe	37	62	148
s-kap-ex	37	63	148
s-kaseiie	37	64	148
s-katkare	37	65	148
s-kaurae	37	66	148
s-kaurjae	37	67	148
s-kiivie	37	68	148
s-kissae	37	69	148
s-kisshie	37	70	148
s-koirae	37	71	148
s-koirhie	37	72	148
s-koivspe	37	73	148
s-koivue	37	74	148
s-lam-ex	37	75	148
s-leveti	37	76	148
s-lohie	37	77	148
s-maissie	37	78	148
s-maitoe	37	79	148
s-mansike	37	80	148
s-mantele	37	81	148
s-munavae	37	82	148
s-muskab	37	83	148
s-nbosd6e	37	84	148
s-nkaseie	37	85	148
s-nurnate	37	86	148
s-ohrae	37	87	148
s-ohrajae	37	88	148
s-om5glie	37	89	148
s-omenae	37	90	148
s-ovomuke	37	91	148
s-paprike	37	92	148
s-pensppe	37	93	148
s-pensppg	37	94	148
s-porkkae	37	95	148
s-pro.seer	37	96	148
s-puuer	37	97	148
s-pähcome	37	98	148
s-pähkier	37	99	148
s-pähpene	37	100	148
s-päivke	37	101	148
s-raiheie	37	102	148
s-ranao3e	37	103	148
s-rapim1e	37	104	148
s-rarah1e	37	105	148
s-rarah2e	37	106	148
s-rarah3e	37	107	148
s-rarah6e	37	108	148
s-rarah8e	37	109	148
s-rarah9e	37	110	148
s-rbere1e	37	111	148
s-rcor14e	37	112	148
s-rcora1e	37	113	148
s-rcora8e	37	114	148
s-rcora9e	37	115	148
s-rcypc1e	37	116	148
s-rgadc1e	37	117	148
s-rhevb1e	37	118	148
s-rhevb3e	37	119	148
s-rhevb5e	37	120	148
s-rhevb8e	37	121	148
s-risper	37	122	148
s-rjugr1e	37	123	148
s-rjugr3e	37	124	148
s-rmald3e	37	125	148
s-rpena1e	37	126	148
s-rprup3e	37	127	148
s-rtri14e	37	128	148
s-ruise	37	129	148
s-ruisjae	37	130	148
s-ruocome	37	131	148
s-rvesv1e	37	132	148
s-rvesv5e	37	133	148
s-soijae	37	134	148
s-soijape	37	135	148
s-tattare	37	136	148
s-tonnike	37	137	148
s-tputree	37	138	148
s-tria14e	37	139	148
s-trvirie	37	140	148
s-turskae	37	141	148
s-varseer	37	142	148
s-vendves	37	143	148
s-vilj3er	37	144	148
s-vpene	37	145	148
s-vpenige	37	146	148
ts-kiire	37	147	148
u-menetel	37	148	148
-aspeag	38	1	121
-cmvvi	38	2	121
-frtuab	38	3	121
ab-artkaas	38	4	121
b-ba/abs	38	5	121
b-basabs	38	6	121
b-eosabs	38	7	121
b-jcv-ab	38	8	121
b-jcvab	38	9	121
b-ly/abs	38	10	121
b-mo/abs	38	11	121
b-ristaus	38	12	121
b-vr+vrab	38	13	121
cu-aika(s)	38	14	121
li-casp2ab	38	15	121
li-cob5abg	38	16	121
li-tbeab	38	17	121
li-tbeabg	38	18	121
li-tbeabm	38	19	121
p-aboabag	38	20	121
p-aboabam	38	21	121
p-aboabbg	38	22	121
p-aboabbm	38	23	121
p-aboabg	38	24	121
p-aboabm	38	25	121
p-b2gpabg	38	26	121
p-b2gpabm	38	27	121
p-ca-albk	38	28	121
p-urarasb	38	29	121
s-aridhas	38	30	121
s-ascaba	38	31	121
s-ascabg	38	32	121
s-aspeag	38	33	121
s-b2gpabg	38	34	121
s-b2gpabm	38	35	121
s-bopeab	38	36	121
s-bopeaba	38	37	121
s-bopeabg	38	38	121
s-bopeabm	38	39	121
s-ca(akt)	38	40	121
s-ca-akt	38	41	121
s-ca-albk	38	42	121
s-campab	38	43	121
s-campaba	38	44	121
s-campabg	38	45	121
s-campabm	38	46	121
s-casp2ab	38	47	121
s-chlaab	38	48	121
s-chlacf	38	49	121
s-chpnab	38	50	121
s-chpnaba	38	51	121
s-chpnabg	38	52	121
s-chpnabm	38	53	121
s-chtrab	38	54	121
s-chtraba	38	55	121
s-chtrabg	38	56	121
s-chtrabm	38	57	121
s-clteab	38	58	121
s-clteabg	38	59	121
s-cmvab	38	60	121
s-cmvabg	38	61	121
s-cmvabm	38	62	121
s-cmvavi	38	63	121
s-cob5abg	38	64	121
s-cobuab	38	65	121
s-cobuabg	38	66	121
s-cobuabm	38	67	121
s-crneag	38	68	121
s-ebnaab	38	69	121
s-ebvab	38	70	121
s-ebvabg	38	71	121
s-ebvabm	38	72	121
s-ebvabmo	38	73	121
s-ebvavi	38	74	121
s-ebvnabg	38	75	121
s-ema-aba	38	76	121
s-emaaba	38	77	121
s-emaba	38	78	121
s-emabg	38	79	121
s-enaab	38	80	121
s-enaabj	38	81	121
s-enaabla	38	82	121
s-enaabse	38	83	121
s-endoaba	38	84	121
s-enteabg	38	85	121
s-fascab	38	86	121
s-filaab.	38	87	121
s-frtuab	38	88	121
s-frtuaba	38	89	121
s-frtuabg	38	90	121
s-frtuabm	38	91	121
s-glpepabg	38	92	121
s-htlvab	38	93	121
s-htlvjt	38	94	121
s-jcvab	38	95	121
s-natsuab	38	96	121
s-tbeab	38	97	121
s-tbeabg	38	98	121
s-tbeabm	38	99	121
s-tocaab	38	100	121
s-tocaab.	38	101	121
s-tomaate	38	102	121
s-tox-abg	38	103	121
s-toxabcf	38	104	121
s-toxoab	38	105	121
s-toxoaba	38	106	121
s-toxoabg	38	107	121
s-toxoabm	38	108	121
s-toxoavi	38	109	121
s-toxocf	38	110	121
s-trpaab	38	111	121
s-ttgaba	38	112	121
s-ttgabg	38	113	121
s-vaskuab	38	114	121
s-viseabg	38	115	121
s-viseabm	38	116	121
s-vlseabg	38	117	121
s-vlseabm	38	118	121
sp-sperabg	38	119	121
ts-em-valu	38	120	121
u-raskaus	38	121	121
-cnab	39	1	110
-hivagab	39	2	110
li-amparab	39	3	110
li-gabarab	39	4	110
li-lgi1ab	39	5	110
li-nmdarab	39	6	110
p-dnegab	39	7	110
p-plab	39	8	110
p-tpoab	39	9	110
päivhivab	39	10	110
s-achr-ab	39	11	110
s-achrab	39	12	110
s-adrab	39	13	110
s-amparab	39	14	110
s-anaab	39	15	110
s-ancaab	39	16	110
s-aqp4ab	39	17	110
s-bp230ab	39	18	110
s-ccpab	39	19	110
s-cenp-ab	39	20	110
s-chikvab	39	21	110
s-cnab	39	22	110
s-codiab	39	23	110
s-denagab	39	24	110
s-dengab	39	25	110
s-dengabg	39	26	110
s-dengabm	39	27	110
s-dengag	39	28	110
s-dgpab	39	29	110
s-dgpaba	39	30	110
s-dgpabg	39	31	110
s-dnaab	39	32	110
s-dnan-ab	39	33	110
s-dnanab	39	34	110
s-dnanab.	39	35	110
s-dsg1ab	39	36	110
s-dsg3ab	39	37	110
s-dsgab	39	38	110
s-gabarab	39	39	110
s-gadab	39	40	110
s-gangab	39	41	110
s-gangabg	39	42	110
s-gangabm	39	43	110
s-gbmab	39	44	110
s-gbmif	39	45	110
s-glyrab	39	46	110
s-golim	39	47	110
s-golimab	39	48	110
s-goodpab	39	49	110
s-goodpk	39	50	110
s-gp210ab	39	51	110
s-hcvagab	39	52	110
s-heliabg	39	53	110
s-hivagab	39	54	110
s-hivagabt	39	55	110
s-hmgcrab	39	56	110
s-ia2ab	39	57	110
s-ifx-ab	39	58	110
s-igaab	39	59	110
s-ihoab	39	60	110
s-ihot-ab	39	61	110
s-ihotab	39	62	110
s-ihovab	39	63	110
s-inhibb	39	64	110
s-insu-ab	39	65	110
s-jgadab	39	66	110
s-keliab	39	67	110
s-kkab	39	68	110
s-langab	39	69	110
s-legiab	39	70	110
s-legiabg	39	71	110
s-legiabm	39	72	110
s-lgi1ab	39	73	110
s-lkmab	39	74	110
s-magab	39	75	110
s-matoab	39	76	110
s-mito-ab	39	77	110
s-mitoab	39	78	110
s-mogab	39	79	110
s-mpoab	39	80	110
s-mpoabg	39	81	110
s-myosab	39	82	110
s-negadab	39	83	110
s-nmdarab	39	84	110
s-pcnaab	39	85	110
s-pemfiab	39	86	110
s-pla2rab	39	87	110
s-plab	39	88	110
s-pmlab	39	89	110
s-pr3ab	39	90	110
s-pr3abg	39	91	110
s-psolab	39	92	110
s-raab	39	93	110
s-rabiab	39	94	110
s-rnpab	39	95	110
s-schiaab	39	96	110
s-schimab	39	97	110
s-siliab	39	98	110
s-smab	39	99	110
s-sp100ab	39	100	110
s-ssaab	39	101	110
s-ssbab	39	102	110
s-titiab	39	103	110
s-tpo-ab	39	104	110
s-tpoab	39	105	110
s-tsh-abr	39	106	110
s-tshrab	39	107	110
s-tyrab	39	108	110
s-virab	39	109	110
vt-hivagab	39	110	110
-slco1b1	40	1	52
-sytoblok	40	2	52
-sytokiir	40	3	52
b-sirolim	40	4	52
b-siroms	40	5	52
b-slco1b1	40	6	52
e-sprcoom	40	7	52
s-brucab	40	8	52
s-ckmakr	40	9	52
s-hisabbl	40	10	52
s-prlmakr	40	11	52
s-rib-pab	40	12	52
s-rickab	40	13	52
s-rnapoab	40	14	52
s-rnapol3	40	15	52
s-rnp70	40	16	52
s-rnp70-ab	40	17	52
s-rnp70ab	40	18	52
s-rnpabbl	40	19	52
s-rrnpabb	40	20	52
s-rubeab	40	21	52
s-rubeabg	40	22	52
s-rubeabm	40	23	52
s-ruoat	40	24	52
s-ruok5er	40	25	52
s-ruok5ry	40	26	52
s-ruokaer	40	27	52
s-ruokryh	40	28	52
s-salmab	40	29	52
s-salmaba	40	30	52
s-salmabg	40	31	52
s-salmabm	40	32	52
s-scl70-ab	40	33	52
s-scl70ab	40	34	52
s-scl70bl	40	35	52
s-serol-n	40	36	52
s-sindab	40	37	52
s-sindabg	40	38	52
s-sindabm	40	39	52
s-sindhi	40	40	52
s-smabbl	40	41	52
s-spnabnv	40	42	52
s-spnabvt	40	43	52
s-ssaabbl	40	44	52
s-ssbabbl	40	45	52
s-sterols	40	46	52
s-strdnab	40	47	52
s-stroab	40	48	52
s-trspab	40	49	52
s-trspab.	40	50	52
s-verensokeri	40	51	52
sms-1mak	40	52	52
li-borrab	41	1	20
li-borrabg	41	2	20
li-borrabl	41	3	20
li-borrabm	41	4	20
s-bor-abg	41	5	20
s-bor-abm	41	6	20
s-borabgjt	41	7	20
s-borabgv	41	8	20
s-borabjt	41	9	20
s-borabmjt	41	10	20
s-borabmv	41	11	20
s-borc6ab	41	12	20
s-borrab	41	13	20
s-borrab-l	41	14	20
s-borrabg	41	15	20
s-borrabm	41	16	20
s-borrc6	41	17	20
s-morbab	41	18	20
s-morbabg	41	19	20
s-morbabm	41	20	20
-calpro	42	1	92
4184sk-padihot	42	2	92
b-karyot	42	3	92
b-malarv	42	4	92
b-nakkrea	42	5	92
b-pakk-e	42	6	92
b-vara	42	7	92
b-varaspr	42	8	92
b.parapert	42	9	92
du-parprot	42	10	92
f-calpro	42	11	92
f-calpro2	42	12	92
fs-bkarot	42	13	92
fs-sappih	42	14	92
fs-sappihapot	42	15	92
li-kardab	42	16	92
li-varlikv	42	17	92
p-kardabg	42	18	92
p-kardabm	42	19	92
p-pakk-si	42	20	92
p-varainr	42	21	92
p-varmtr	42	22	92
p-varmtt	42	23	92
s-afmakro	42	24	92
s-afmaks1	42	25	92
s-afmaks2	42	26	92
s-afmaksa	42	27	92
s-caspähe	42	28	92
s-haspähe	42	29	92
s-hasspäe	42	30	92
s-karba	42	31	92
s-karbae	42	32	92
s-kardab	42	33	92
s-kardabg	42	34	92
s-kardabm	42	35	92
s-karni	42	36	92
s-karni-v	42	37	92
s-koopähe	42	38	92
s-leppäe	42	39	92
s-maapähe	42	40	92
s-maksa	42	41	92
s-maksa-1	42	42	92
s-maksa-2	42	43	92
s-maksa1	42	44	92
s-maksa2	42	45	92
s-maksaab	42	46	92
s-maksap	42	47	92
s-makspak	42	48	92
s-ohkarba	42	49	92
s-okarba	42	50	92
s-ovarab	42	51	92
s-pakast5	42	52	92
s-pakast7	42	53	92
s-pakaste	42	54	92
s-pakkas	42	55	92
s-pakkase	42	56	92
s-pakkask	42	57	92
s-pakkasl	42	58	92
s-pakkasn	42	59	92
s-pakkasv	42	60	92
s-papp-a	42	61	92
s-pappa	42	62	92
s-pappmom	42	63	92
s-parapäe	42	64	92
s-paras	42	65	92
s-paroab	42	66	92
s-paroabg	42	67	92
s-paroabm	42	68	92
s-parprot	42	69	92
s-parpäh	42	70	92
s-parvab	42	71	92
s-parvabg	42	72	92
s-parvabm	42	73	92
s-parvavi	42	74	92
s-pekpähe	42	75	92
s-sakspäe	42	76	92
s-sappih	42	77	92
s-valpr	42	78	92
s-valpr-v	42	79	92
s-valpro	42	80	92
s-vara	42	81	92
s-varah	42	82	92
sappihapot	42	83	92
sk-padihot	42	84	92
tupakka	42	85	92
u-gluprot	42	86	92
u-partik	42	87	92
u-partikk	42	88	92
u-rakkoai	42	89	92
u-sakka	42	90	92
u-valvott	42	91	92
u-varabak	42	92	92
-genläh	43	1	167
-genpyy	43	2	167
as-perust	43	3	167
cefalexin	43	4	167
clue-celle	43	5	167
e-fenoty	43	6	167
f-perfrvi	43	7	167
f-yersnh	43	8	167
f-yersnho	43	9	167
f-yersvi	43	10	167
fp-gastpan	43	11	167
fs-gastr	43	12	167
fs-gastr17	43	13	167
lateksi	43	14	167
li-perust	43	15	167
li-perust1	43	16	167
li-perust2	43	17	167
li-perust3	43	18	167
p-etoh	43	19	167
p-ferrit	43	20	167
p-meoh	43	21	167
p-reumafa	43	22	167
p-tsh-ong	43	23	167
p-tsh1:10	43	24	167
p-tsh1:2	43	25	167
p-tsh1:5	43	26	167
pd-perust	43	27	167
pf-perust	43	28	167
ph,seerumista	43	29	167
s-aurpulg	43	30	167
s-bartab	43	31	167
s-beeta-1	43	32	167
s-beeta-2	43	33	167
s-beta-1	43	34	167
s-beta-2	43	35	167
s-beta1	43	36	167
s-beta2	43	37	167
s-biofmc	43	38	167
s-ceakym	43	39	167
s-ceaver	43	40	167
s-cefacie	43	41	167
s-cenp	43	42	167
s-cer1	43	43	167
s-cer1/3	43	44	167
s-cer2	43	45	167
s-cer2/3	43	46	167
s-cer3	43	47	167
s-cer4	43	48	167
s-cer4/3	43	49	167
s-ecp	43	50	167
s-estdio	43	51	167
s-estdiol	43	52	167
s-etoh	43	53	167
s-etohgc	43	54	167
s-fenob	43	55	167
s-fenyt	43	56	167
s-fenytv	43	57	167
s-ferrit	43	58	167
s-flekain	43	59	167
s-gastr17	43	60	167
s-histab	43	61	167
s-hstesto	43	62	167
s-kefakle	43	63	167
s-kem10.1	43	64	167
s-kemkäs	43	65	167
s-kerulo	43	66	167
s-latekse	43	67	167
s-lehmhie	43	68	167
s-lehmäe	43	69	167
s-leptab	43	70	167
s-leu-eo	43	71	167
s-leu-es	43	72	167
s-leuab1	43	73	167
s-leuab2	43	74	167
s-leuabco	43	75	167
s-leuabi	43	76	167
s-leuabii	43	77	167
s-leuabpr	43	78	167
s-leuk-abo	43	79	167
s-leukab	43	80	167
s-leukab1	43	81	167
s-leukab2	43	82	167
s-leukabo	43	83	167
s-leukabw	43	84	167
s-leusyto	43	85	167
s-leuxcdc	43	86	167
s-listab	43	87	167
s-luusto	43	88	167
s-maitab	43	89	167
s-mehmyre	43	90	167
s-meoh	43	91	167
s-perfen	43	92	167
s-pistaae	43	93	167
s-pisto1	43	94	167
s-pisto2	43	95	167
s-puumab	43	96	167
s-puumabg	43	97	167
s-puumabm	43	98	167
s-puumabo	43	99	167
s-puumavi	43	100	167
s-puumpik	43	101	167
s-reumapa	43	102	167
s-reumpak	43	103	167
s-sae1-o	43	104	167
s-seer.tip	43	105	167
s-seerp	43	106	167
s-seerumi	43	107	167
s-seerumn	43	108	167
s-seerutip	43	109	167
s-sentab	43	110	167
s-sentabb	43	111	167
s-sentbab	43	112	167
s-serto	43	113	167
s-sertral	43	114	167
s-sital	43	115	167
s-t3-vdi	43	116	167
s-t4-vdi	43	117	167
s-teikab	43	118	167
s-teofy	43	119	167
s-tes-vlik	43	120	167
s-tesmsvl	43	121	167
s-testab	43	122	167
s-testo	43	123	167
s-testo-v	43	124	167
s-testo-vl	43	125	167
s-testoms	43	126	167
s-testov	43	127	167
s-testovi	43	128	167
s-testovl	43	129	167
s-thevulg	43	130	167
s-tk-äpkl	43	131	167
s-tr1horm	43	132	167
s-tr1kem	43	133	167
s-tr1tutk	43	134	167
s-tsh,s-t4v	43	135	167
s-tsh-peg	43	136	167
s-tshrefl	43	137	167
s-tshreflpt	43	138	167
s-tulehdus	43	139	167
s-tymidk	43	140	167
s-urtikar	43	141	167
s-ustek	43	142	167
s-ustekab	43	143	167
s-usteki	43	144	167
s-vedolab	43	145	167
s-vedolpa	43	146	167
s-vehnjae	43	147	167
s-vehnäe	43	148	167
s-venlaf	43	149	167
s-ye-col3	43	150	167
s-ye-col9	43	151	167
s-yer3ab	43	152	167
s-yer9ab	43	153	167
s-yerp1ab	43	154	167
s-yerp3ab	43	155	167
s-yersab	43	156	167
s-yersaba	43	157	167
s-yersabg	43	158	167
s-yersabl	43	159	167
s-ypstu1a	43	160	167
s-ypstu3	43	161	167
satks,haj	43	162	167
seerumi	43	163	167
seerumi10	43	164	167
seeruminph	43	165	167
sy-perust	43	166	167
ts-tmrfuus	43	167	167
-hhpvgt	44	1	89
-hhpvty	44	2	89
-hmpvag	44	3	89
-hpv16	44	4	89
-hpv18	44	5	89
-hpvohr	44	6	89
-hpvpapa	44	7	89
-hpvrf	44	8	89
-hsvag	44	9	89
-hvag	44	10	89
-mpvag	44	11	89
-rsvag	44	12	89
-vzvag	44	13	89
b-hemafc	44	14	89
b-hemat	44	15	89
b-heparab	44	16	89
b-heparin	44	17	89
b-hepartp	44	18	89
bm-hemafc	44	19	89
e-hypokr	44	20	89
f-hepyag	44	21	89
hmpvag	44	22	89
hpvpapa	44	23	89
hpvrefpapa	44	24	89
li-hemafc	44	25	89
li-hhv6abg	44	26	89
li-hhv6abm	44	27	89
li-hsv1abg	44	28	89
li-hsv2abg	44	29	89
li-hsvab	44	30	89
li-hsvabg	44	31	89
li-hsvabm	44	32	89
li-rsvabg	44	33	89
li-vzvab	44	34	89
li-vzvabg	44	35	89
li-vzvabm	44	36	89
p-hepar10	44	37	89
p-hepar5	44	38	89
p-heparm	44	39	89
ps-rsvag	44	40	89
s-havab	44	41	89
s-havabg	44	42	89
s-havabm	44	43	89
s-hbc-ab	44	44	89
s-hbcab	44	45	89
s-hbcabm	44	46	89
s-hbeab	44	47	89
s-hbeag	44	48	89
s-hbs-ab	44	49	89
s-hbs-ag	44	50	89
s-hbsab	44	51	89
s-hbsag	44	52	89
s-hbvpak	44	53	89
s-hcv-ab	44	54	89
s-hcvab	44	55	89
s-hdvab	44	56	89
s-hepabc	44	57	89
s-hepbc	44	58	89
s-hephiv	44	59	89
s-hepsid	44	60	89
s-hepyab	44	61	89
s-hepyaba	44	62	89
s-hepyabg	44	63	89
s-hevab	44	64	89
s-hevabg	44	65	89
s-hevabm	44	66	89
s-hhv6ab	44	67	89
s-hhv6abg	44	68	89
s-hhv6abm	44	69	89
s-hivab	44	70	89
s-hivag	44	71	89
s-hsv1abg	44	72	89
s-hsv2abg	44	73	89
s-hsvab	44	74	89
s-hsvabg	44	75	89
s-hsvabm	44	76	89
s-rsvab	44	77	89
s-rsvabg	44	78	89
s-vzvab	44	79	89
s-vzvabg	44	80	89
s-vzvabm	44	81	89
ts-hemafc	44	82	89
ts-hepyvi	44	83	89
vt-hbcab	44	84	89
vt-hbsab	44	85	89
vt-hbsag	44	86	89
vt-hcvab	44	87	89
vt-hcvkomb	44	88	89
vt-phivab	44	89	89
-igg	45	1	51
b-digoks	45	2	51
b-intoks	45	3	51
c6-indeksi	45	4	51
cu-igg	45	5	51
du-iglc	45	6	51
du-iglck	45	7	51
du-iglcl	45	8	51
iga+g+m	45	9	51
p-digoks	45	10	51
p-ig	45	11	51
p-iga	45	12	51
p-iga+g+m	45	13	51
p-ige	45	14	51
p-igg	45	15	51
p-igm	45	16	51
s-digoks	45	17	51
s-ifx	45	18	51
s-ig-oc	45	19	51
s-iga	45	20	51
s-iga+g+m	45	21	51
s-igd	45	22	51
s-ige	45	23	51
s-ige-ps	45	24	51
s-ige-pse	45	25	51
s-ige-ss	45	26	51
s-ige-sse	45	27	51
s-ige2pöl	45	28	51
s-ige2ruo	45	29	51
s-ige3pöl	45	30	51
s-igesiru	45	31	51
s-igf-1	45	32	51
s-igf1	45	33	51
s-igf1sds	45	34	51
s-igg	45	35	51
s-igg-oc	45	36	51
s-igg-sc	45	37	51
s-igg-sum	45	38	51
s-igg1	45	39	51
s-igg2	45	40	51
s-igg3	45	41	51
s-igg4	45	42	51
s-iglc-v	45	43	51
s-iglck-v	45	44	51
s-iglcl-v	45	45	51
s-iglcvex	45	46	51
s-igm	45	47	51
ts-digoks	45	48	51
u-iglck	45	49	51
u-iglcl	45	50	51
u-intoks	45	51	51
-inabcv19	46	1	28
-inrscov	46	2	28
-merscov	46	3	28
-paksucv19	46	4	28
-pmscl10	46	5	28
-pmscl75	46	6	28
-poccv19	46	7	28
-rajcv19	46	8	28
-rescov	46	9	28
-respcv19	46	10	28
glucocheck	46	11	28
kemiachem8	46	12	28
mers-cov	46	13	28
perus-screen	46	14	28
pm-sc1100	46	15	28
pm-sc175	46	16	28
pm-scl100	46	17	28
pm-scl75	46	18	28
rajcv19	46	19	28
sars-cov-2	46	20	28
tth-scng	46	21	28
tth-scrcdt	46	22	28
tth-screen	46	23	28
tth-screensuppea	46	24	28
tth-scrlaa	46	25	28
tth-scrpet	46	26	28
tth-scrsup	46	27	28
vitascreen	46	28	28
-pad	47	1	38
-tupa15	47	2	38
6146br-pad-4	47	3	38
6147gi-pad-4	47	4	38
bm-pad	47	5	38
bo-pad	47	6	38
bo-pad-4	47	7	38
br-pad-4	47	8	38
cn-pad	47	9	38
fs-mbopak6	47	10	38
fs-mbopak7	47	11	38
fs-mbopak9	47	12	38
fs-pak-1	47	13	38
fs-pak-3	47	14	38
fs-pak-4	47	15	38
fs-pak-8	47	16	38
fs-pak7	47	17	38
fs-ttpak11	47	18	38
fs-ttpaka	47	19	38
fs-ttpakmu	47	20	38
fs-ubikin	47	21	38
gi-pad-4	47	22	38
he-pad	47	23	38
ki-pad	47	24	38
ki-pad-if	47	25	38
ln-pad	47	26	38
lr-pad	47	27	38
lu-pad	47	28	38
lu-pad-4	47	29	38
m-pad	47	30	38
mbopak-7	47	31	38
mbopak-9	47	32	38
pi-pad	47	33	38
pl-pad	47	34	38
s-ttpaka	47	35	38
sk-pad-if	47	36	38
ts-tupa15	47	37	38
ug-pad-4	47	38	38
-psa-v/t	48	1	59
-sameus	48	2	59
b-panel-l	48	3	59
b-panel-m	48	4	59
b-panel-s	48	5	59
b-pax-dna	48	6	59
b-paxgenp	48	7	59
chlampneum	48	8	59
crp,herkkä	48	9	59
li-samenat	48	10	59
li-samesup	48	11	59
li-sameus	48	12	59
ln-padsenf	48	13	59
ln-padsent	48	14	59
metapneumo	48	15	59
mrsa-nenä	48	16	59
mrsa-nielu	48	17	59
mrsa-perin	48	18	59
mrsa-sevi	48	19	59
mrsaneni	48	20	59
mrsaperin	48	21	59
mrsasevi	48	22	59
mycoppneum	48	23	59
ngspanel	48	24	59
p-ps-agv	48	25	59
p-psa-i	48	26	59
p-psa-suh	48	27	59
p-psa-t	48	28	59
p-psa-v	48	29	59
p-psa-v/t	48	30	59
p-psagen	48	31	59
p-psaleik	48	32	59
p-psamob	48	33	59
p-psasäde	48	34	59
paxgene	48	35	59
pf-sameus	48	36	59
psa-v/psa-suhde	48	37	59
s-aitendo	48	38	59
s-crp,herkkä	48	39	59
s-osacdt	48	40	59
s-osacdtr	48	41	59
s-psa-suh	48	42	59
s-psa-suh,psa	48	43	59
s-psa-t	48	44	59
s-psa-v	48	45	59
s-psa-v/t	48	46	59
s-psa/oma	48	47	59
s-psatot+v	48	48	59
s-psav/t	48	49	59
s-ssa-52	48	50	59
s-ssa-60	48	51	59
s-sydämenikä	48	52	59
sk-padnerv	48	53	59
sp-anal-s	48	54	59
sy-sameus	48	55	59
sydämenuä	48	56	59
ts-pad-endo	48	57	59
ts-padendo	48	58	59
ts-panel-l	48	59	59
4043ts-padgast	49	1	64
4044pt-papa-1	49	2	64
4054ts-pad-1	49	3	64
4056ts-pad-3	49	4	64
4191ts-pad-ih	49	5	64
4194ts-pad-4	49	6	64
4764ts-padcolo	49	7	64
6388ts-padkolp	49	8	64
6389ts-padendo	49	9	64
ts-aa-o	49	10	64
ts-pad	49	11	64
ts-pad-0	49	12	64
ts-pad-0-u	49	13	64
ts-pad-1	49	14	64
ts-pad-1co	49	15	64
ts-pad-1tk	49	16	64
ts-pad-1tu	49	17	64
ts-pad-1x2	49	18	64
ts-pad-1x3	49	19	64
ts-pad-2	49	20	64
ts-pad-2tu	49	21	64
ts-pad-3	49	22	64
ts-pad-3co	49	23	64
ts-pad-3tu	49	24	64
ts-pad-4	49	25	64
ts-pad-4tu	49	26	64
ts-pad-5	49	27	64
ts-pad-5tu	49	28	64
ts-pad-bio	49	29	64
ts-pad-em	49	30	64
ts-pad-ev	49	31	64
ts-pad-if	49	32	64
ts-pad-ih	49	33	64
ts-pad-ih2	49	34	64
ts-pad-ihu	49	35	64
ts-pad-ish	49	36	64
ts-pad-lau	49	37	64
ts-pad-pnb	49	38	64
ts-pad-pol	49	39	64
ts-pad-tk	49	40	64
ts-pad-y	49	41	64
ts-pad1	49	42	64
ts-pad2	49	43	64
ts-pad4-hn	49	44	64
ts-padbrea	49	45	64
ts-padcns	49	46	64
ts-padcolo	49	47	64
ts-padfish	49	48	64
ts-padgas	49	49	64
ts-padgas2	49	50	64
ts-padgast	49	51	64
ts-padgyn	49	52	64
ts-padkolp	49	53	64
ts-padlis1	49	54	64
ts-padmakr	49	55	64
ts-padpak2	49	56	64
ts-padpak3	49	57	64
ts-padpika	49	58	64
ts-padpros	49	59	64
ts-padsuu	49	60	64
ts-padtuor	49	61	64
ts-patlask	49	62	64
ts.pad-ih	49	63	64
tspadbrea	49	64	64
b-egfr-pt	50	1	39
b-tcr-d	50	2	39
b-tcrg-d	50	3	39
bm-tcrg-d	50	4	39
oskhi-r	50	5	39
s-hfostr	50	6	39
s-home1er	50	7	39
s-homeer	50	8	39
s-homeryh	50	9	39
ts-basave	50	10	39
ts-braf-d	50	11	39
ts-brcamut	50	12	39
ts-breast	50	13	39
ts-ca1mut	50	14	39
ts-colotk	50	15	39
ts-colseul	50	16	39
ts-egfr-d	50	17	39
ts-egfrish	50	18	39
ts-gas1-tk	50	19	39
ts-gasttk	50	20	39
ts-her2ish	50	21	39
ts-hercish	50	22	39
ts-hnpcc	50	23	39
ts-hnpccih	50	24	39
ts-host	50	25	39
ts-hrd-d	50	26	39
ts-hs1mut	50	27	39
ts-igh-d	50	28	39
ts-jääleik	50	29	39
ts-kras-d	50	30	39
ts-makon-d	50	31	39
ts-mgmtmet	50	32	39
ts-ngssca1	50	33	39
ts-ngsshs1	50	34	39
ts-nras-d	50	35	39
ts-resepto	50	36	39
ts-tcr-d	50	37	39
ts-tcrg-d	50	38	39
ts-vgh-ml	50	39	39
b-verab-o	51	1	57
b-vrab-gr	51	2	57
b-vrab-ne	51	3	57
b-vrab-o	51	4	57
b-vrabgrs	51	5	57
b-vrabtnä	51	6	57
b-vrabtsp	51	7	57
b-vrabtu	51	8	57
b-vrabtu1	51	9	57
b-vrabtu4	51	10	57
b-vrabtu5	51	11	57
b-vrabtua	51	12	57
b-vrabtus	51	13	57
fs-monab-o	51	14	57
hbsag-o/ko	51	15	57
hbsag-o/lä	51	16	57
hcvab-o/ko	51	17	57
hcvab-o/lä	51	18	57
hivagab/ko	51	19	57
hivagab/lä	51	20	57
p-monab-o	51	21	57
p-vrab-0	51	22	57
p-vrab-o	51	23	57
p-vrabne	51	24	57
p-vrabo	51	25	57
p-vrabosp	51	26	57
s-ejab-o	51	27	57
s-hbcab-o	51	28	57
s-hbsag-o	51	29	57
s-hcvab-o	51	30	57
s-jo1ab	51	31	57
s-jo1ab-o	51	32	57
s-jo1abbl	51	33	57
s-kuab-o	51	34	57
s-lc1ab-o	51	35	57
s-lkmab-o	51	36	57
s-mda5-o	51	37	57
s-mi-2a-o	51	38	57
s-mi-2b-o	51	39	57
s-monab-o	51	40	57
s-monabo	51	41	57
s-mypabm-o	51	42	57
s-nxp2-o	51	43	57
s-ojab-o	51	44	57
s-pdhab-o	51	45	57
s-pl12-o	51	46	57
s-pl7ab-o	51	47	57
s-pm100-o	51	48	57
s-pm75abo	51	49	57
s-slaab-o	51	50	57
s-srpab-o	51	51	57
s-ssa52-o	51	52	57
s-tif1g-o	51	53	57
s-vrab-o	51	54	57
s-vrabtu	51	55	57
se-likvo-o	51	56	57
sy-kide-o	51	57	57
ps-str-vi	52	1	36
ps-str1vrk	52	2	36
ps-stra-ag	52	3	36
ps-stra-o	52	4	36
ps-straag	52	5	36
ps-straagp	52	6	36
ps-straag␤	52	7	36
ps-stragho	52	8	36
ps-stranho	52	9	36
ps-straohy	52	10	36
ps-straolb	52	11	36
ps-stravt	52	12	36
ps-strcult	52	13	36
ps-strjvi	52	14	36
ps-strnho	52	15	36
ps-strtunn	52	16	36
ps-strvi	52	17	36
s-stpn1	52	18	36
s-stpn10a	52	19	36
s-stpn11a	52	20	36
s-stpn12f	52	21	36
s-stpn14	52	22	36
s-stpn15b	52	23	36
s-stpn17f	52	24	36
s-stpn18c	52	25	36
s-stpn19f	52	26	36
s-stpn2	52	27	36
s-stpn20a	52	28	36
s-stpn23f	52	29	36
s-stpn33f	52	30	36
s-stpn4	52	31	36
s-stpn5	52	32	36
s-stpn6b	52	33	36
s-stpn7f	52	34	36
s-stpn8	52	35	36
s-stpn9v	52	36	36
-adennho	53	1	87
-calbnho	53	2	87
-chtrnho	53	3	87
-ctgcnho	53	4	87
-ctjtnho	53	5	87
-ctngnho	53	6	87
-riennho	53	7	87
-rievnho	53	8	87
-siennho	53	9	87
-staunho	53	10	87
-stinho	53	11	87
-stpnnho	53	12	87
-strbnho	53	13	87
adennho	53	14	87
akustrhino	53	15	87
am-trinho	53	16	87
campnho	53	17	87
chtrnho	53	18	87
ctgcnho	53	19	87
cv-trinho	53	20	87
ehecnho	53	21	87
etecnho	53	22	87
f-adennho	53	23	87
f-adenonho	53	24	87
f-astrnho	53	25	87
f-astronho	53	26	87
f-campnho	53	27	87
f-cdltnho	53	28	87
f-cidtnho	53	29	87
f-cldnhok	53	30	87
f-cldtnho	53	31	87
f-crypnho	53	32	87
f-cyclnho	53	33	87
f-dienho	53	34	87
f-diennho	53	35	87
f-difrnho	53	36	87
f-eaecnho	53	37	87
f-ehec	53	38	87
f-ehecnho	53	39	87
f-ehecvtx	53	40	87
f-ehisnho	53	41	87
f-ehistnho	53	42	87
f-entanho	53	43	87
f-epecnho	53	44	87
f-etecnho	53	45	87
f-giarnho	53	46	87
f-mikrnho	53	47	87
f-rotanho	53	48	87
f-shigellanho	53	49	87
f-shignho	53	50	87
f-vibrnho	53	51	87
f-vichnho	53	52	87
f-virnho	53	53	87
f-vparnho	53	54	87
f-vvulnho	53	55	87
fl-strbnho	53	56	87
li-crnenho	53	57	87
li-crypnho	53	58	87
li-eck1nho	53	59	87
li-ecolnho	53	60	87
li-evirnho	53	61	87
li-hainnho	53	62	87
li-hinfnho	53	63	87
li-limonho	53	64	87
li-lmonnho	53	65	87
li-mennho	53	66	87
li-mibnho	53	67	87
li-mikrnho	53	68	87
li-mikrobinho	53	69	87
li-nemenho	53	70	87
li-nmennho	53	71	87
li-parenho	53	72	87
li-spnenho	53	73	87
li-stpnnho	53	74	87
li-strbnho	53	75	87
p-adennh	53	76	87
p-adennho	53	77	87
sh/eiecnho	53	78	87
siennho	53	79	87
stpnnho	53	80	87
ts-trinho	53	81	87
u-chtrnh	53	82	87
u-chtrnh-o	53	83	87
u-chtrnho	53	84	87
u-ctgcnho	53	85	87
u-ctngnh0	53	86	87
u-ctngnho	53	87	87
-aspenho	54	1	148
-baktnho	54	2	148
-bocanho	54	3	148
-bokanho	54	4	148
-bopanho	54	5	148
-bopenho	54	6	148
-bopenho.	54	7	148
-boppnho	54	8	148
-borrnho	54	9	148
-bparnho	54	10	148
-canho	54	11	148
-chpnnh	54	12	148
-chpnnho	54	13	148
-ctnho	54	14	148
-dermnho	54	15	148
-eflonho	54	16	148
-epflnho	54	17	148
-evirnho	54	18	148
-gcnho	54	19	148
-gcnho/kau	54	20	148
-hcvnho	54	21	148
-hepynho	54	22	148
-hhpvnho	54	23	148
-hinfnho	54	24	148
-hinnho	54	25	148
-hmpvnho	54	26	148
-hpvnho	54	27	148
-hr16nho	54	28	148
-hr18nho	54	29	148
-hrnho	54	30	148
-hsvnho	54	31	148
-inabnho	54	32	148
-inabnhoho	54	33	148
-inabrsnho	54	34	148
-inanho	54	35	148
-inanhoho	54	36	148
-inbnho	54	37	148
-inbnhoho	54	38	148
-infanho	54	39	148
-infbnho	54	40	148
-infrsvnho	54	41	148
-infvnho	54	42	148
-inrscvnho	54	43	148
-koronho	54	44	148
-lepnnho	54	45	148
-maudnho	54	46	148
-mcannho	54	47	148
-micanho	54	48	148
-mygenho	54	49	148
-myhonho	54	50	148
-mypnnho	54	51	148
-ncovnhj	54	52	148
-ncovnho	54	53	148
-piconh0	54	54	148
-piconho	54	55	148
-pin1nho	54	56	148
-pin2nho	54	57	148
-pin3nho	54	58	148
-pin4nho	54	59	148
-pinfnho	54	60	148
-pncanho	54	61	148
-pnjinho	54	62	148
-pvlnho	54	63	148
-rbaktnho	54	64	148
-rcomnho	54	65	148
-resnho	54	66	148
-respnho	54	67	148
-rinonho	54	68	148
-rmiknho	54	69	148
-rsnho	54	70	148
-rsvanho	54	71	148
-rsvbnho	54	72	148
-rsvnho	54	73	148
-rvirnho	54	74	148
-tbennho	54	75	148
-tbnho	54	76	148
-tintnho	54	77	148
-tmennho	54	78	148
-toxonho	54	79	148
-trrunho	54	80	148
-trubnho	54	81	148
-trvanho	54	82	148
-ttonnho	54	83	148
-tvernho	54	84	148
-tvionho	54	85	148
-urpanho	54	86	148
-ururnho	54	87	148
-zoonnho	54	88	148
baktnho	54	89	148
bokanho	54	90	148
bopenho	54	91	148
bparanho	54	92	148
chpnnho	54	93	148
e-plasnho	54	94	148
enrirsvnho	54	95	148
evirnho	54	96	148
f-baktnho	54	97	148
f-noronho	54	98	148
f-paranho	54	99	148
f-plesnho	54	100	148
f-salmnho	54	101	148
f-saponho	54	102	148
gcnho	54	103	148
hepynho	54	104	148
hhpvnho	54	105	148
hinflnho	54	106	148
hmpvnho	54	107	148
hpvnho	54	108	148
hsvnho	54	109	148
inanho	54	110	148
inbnho	54	111	148
infanho	54	112	148
infbnho	54	113	148
infnho	54	114	148
infrsvnho	54	115	148
kv229enho	54	116	148
kvhku1nho	54	117	148
kvnl63nho	54	118	148
kvoc43nho	54	119	148
lepnnho	54	120	148
li-baktnho	54	121	148
mersnho	54	122	148
mygenho	54	123	148
myhonho	54	124	148
mypnnho	54	125	148
pin1nho	54	126	148
pin2nho	54	127	148
pin3nho	54	128	148
pin4nho	54	129	148
plesnho	54	130	148
resbaktnho	54	131	148
respnho	54	132	148
resvirnho	54	133	148
rinonho	54	134	148
rsnho	54	135	148
rsvanho	54	136	148
rsvbnho	54	137	148
rsvnhho	54	138	148
rsvnho	54	139	148
s-parvnho	54	140	148
salmnho	54	141	148
tricnho	54	142	148
u-gcnho	54	143	148
u-mygenho	54	144	148
urpanho	54	145	148
ururnho	54	146	148
vibrnho	54	147	148
yersnho	54	148	148
-bkvnh	55	1	49
-cmvnh	55	2	49
-cmvnho	55	3	49
-ebvnh	55	4	49
-hbvnh	55	5	49
-hcvnhty	55	6	49
-hhv6nh	55	7	49
-hhv6nho	55	8	49
-hpvnh	55	9	49
-hpvnhty	55	10	49
-hsv1nho	55	11	49
-hsv2nho	55	12	49
-jcvnh	55	13	49
-povnh	55	14	49
-vzvnho	55	15	49
b-hhv6nh	55	16	49
bkvnh	55	17	49
jcvnh	55	18	49
li-cmvnho	55	19	49
li-hhv6nh	55	20	49
li-hhv6nho	55	21	49
li-hhvnh1	55	22	49
li-hhvnh2	55	23	49
li-hhvnho	55	24	49
li-hsv1nho	55	25	49
li-hsv2nho	55	26	49
li-hsvnho	55	27	49
li-jcvnh	55	28	49
li-vzvnho	55	29	49
p-bkvnh	55	30	49
p-cmvnh	55	31	49
p-ebvnh	55	32	49
p-hcvnh	55	33	49
p-hcvnhjt	55	34	49
p-hcvnho	55	35	49
p-hcvnhty	55	36	49
p-hiv1nh	55	37	49
p-hivnhre	55	38	49
p-jcvnh	55	39	49
povnh	55	40	49
s-hbvnh	55	41	49
s-hbvnho	55	42	49
s-hcvnh	55	43	49
s-hcvnho	55	44	49
s-hcvnhty	55	45	49
s-hevnh	55	46	49
u-bkvnh	55	47	49
u-jcvnh	55	48	49
u-povnh	55	49	49
-adenovirus,nukleiinihaponosoitus	56	1	37
-influenssaavirus,nukleiinihaponosoitus	56	2	37
-influenssavirusb,nukleiinihaponositus(kval)	56	3	37
-koronavirus229e,nukleiinihaponosoitus	56	4	37
-koronavirusnl63,nukleiinihaponosoitus	56	5	37
-koronavirusoc43,nukleiinihaponosoitus	56	6	37
-metapneumovirus,nukleiinihaponosoitus	56	7	37
-parainfluenssa1virus,nukleiinihaponosoittaminen(kval)	56	8	37
-parainfluenssa2virus,nukleiinihaponosoittaminen(kval)	56	9	37
-parainfluenssa3virus,nukleiinihaponosoittaminen(kval)	56	10	37
-parainfluenssa4virus,nukleiinihaponosoitus	56	11	37
adenovirus,nukleiinihaponosoitus	56	12	37
adenovirus,nukleiinihappoosoitus	56	13	37
coronavirus229e,nukleiinihappoosoitus	56	14	37
coronavirushku1,nukleiinihappoosoitus	56	15	37
coronavirusnl63,nukleiinihappoosoitus	56	16	37
coronavirusoc43,nukleiinihappoosoitus	56	17	37
covid-19,influenssaajab,rs-virus,nukleiinihaponosoitus	56	18	37
f-bakteeripatogeenit,nukleiinihaponosoitus(pcr)	56	19	37
f-ulosteenbakteeripatogeenit,nukleiinihaponosoitus	56	20	37
influenssaa,nukleiinihaponosoitus(kval)	56	21	37
influenzaavirus,nukleiinihappoosoitus	56	22	37
influenzabvirus,nukleiinihappoosoitus	56	23	37
inluenssab-virus,nukleiinihaponosoittaminen,osatutk.8340	56	24	37
koronavirushku1,nukleiinihaponosoitus(pcr)	56	25	37
mers-koronavirus,nukleiinihaponosoitus(pcr)	56	26	37
metapneumovirus,nukleiinihaponosoitus␤	56	27	37
metapneumovirus,nukleiinihappoosoitus	56	28	37
np-rino-entero-rs-virus,nukleiinihaponosoitus(kval)	56	29	37
parainfluenza1,nukleiinihappoosoitus	56	30	37
parainfluenza2,nukleiinihappoosoitus	56	31	37
parainfluenzavirus3,nukleiinihappoosoitus	56	32	37
rinovirus/enterovirus,nukleiinihaponosoitus(pcr)	56	33	37
ulosteenbakteeripatogeenit,nukleiinihaponosoitus(pcr)	56	34	37
ulosteenbakteeripatogeenit,nukleiinihaponosoitus(pcr)␤	56	35	37
ulosteenripulivirukset,nukleiinihaponosoittaminen(kval)	56	36	37
ulosteenripulivirukset,nukleiinihappo-osoitus(kval)	56	37	37
-adenovirus,nukleiinihappo(kval)	57	1	67
-bakteeri,nukleiinihappo-osoitus	57	2	67
-bocavirus,nukleenihappo	57	3	67
-gardnerellavaginalis,nukleiinihappo	57	4	67
-herpessimplex-virus1,nukleiinihappo	57	5	67
-herpessimplex2,nukleiinihappo	57	6	67
-herpessimplexvirus,nukleiinihappo(kval)	57	7	67
-jc-virusnukleiinihappo(kvant)	57	8	67
-koronavirus,nukleiinihappo(kval)	57	9	67
-koronavirus229e,nukleiinihappo	57	10	67
-koronavirushku1,nukleiinihappo	57	11	67
-koronavirusnl63,nukleiinihappo	57	12	67
-koronavirusoc43,nukleiinihappo	57	13	67
-polyomavirus,nukleiinihappo(kvant)	57	14	67
-rino-/enterovirus,nukleiinihappo(kval)	57	15	67
-rino/enterovirus,nukleiinihappo	57	16	67
-rs-virus,nukeliinihapon(kval)	57	17	67
-rs-virus,nukleiinihappo(kav)	57	18	67
-rs-virus,nukleiinihappo(kva)	57	19	67
-rs-virus,nukleiinihappo(kval)	57	20	67
-sieninukleiinihappo	57	21	67
adenovirus,nukeliinihappo(kval)␤	57	22	67
adenovirus,nukleiinihappo(kv	57	23	67
adenovirus,nukleiinihappo(kval)	57	24	67
bakteeri,nukleiinihaponosoittaminen(kval)␤	57	25	67
bakteeri,nukleiinihappo(kval)	57	26	67
bakteerit,nukleiinihappo(kva	57	27	67
bakteerit,nukleiinihappo(kval),uloste	57	28	67
bk-virus,nukleiinihappo	57	29	67
bk-virus,nukleiinihappo(kvant)	57	30	67
blastocystishominis,nukleiinihappo	57	31	67
bokavirus,nukleiinihappo(kva	57	32	67
bokavirus,nukleiinihappo(kval)	57	33	67
covid-19,nukleiinihappo	57	34	67
cytomegalovirus,nukleiinihappo	57	35	67
cytomegalovirus,nukleiinihappo(kvant),plasmasta␤	57	36	67
epstein-barrvirus,nukleiinihappo(kvant)	57	37	67
f-adenovirus,nukleiinihappo(kval)	57	38	67
f-mikrobit,nukleiinihaponosoitus(kval)ulosteesta	57	39	67
f-norovirus,nukleiinihappo(kval)	57	40	67
f-rotavirus,nukleiinihappo	57	41	67
f-rotavirus,nukleiinihappo(kval)	57	42	67
f-sapovirus,nukleiinihappo(kval)	57	43	67
jc-virus,nukleiinihappo	57	44	67
jc-virus,nukleiinihappo(kvant)	57	45	67
koronavirus,nukleiinihappo(k	57	46	67
koronavirus,nukleiinihappo(kval)	57	47	67
mikrobit,nukleiinihappo(kval),uloste	57	48	67
norovirus,nukleiinihappo(kval)	57	49	67
p-bk-virus,nukleiinihappo(kvant)	57	50	67
p-cytomegalovirus,nukleiinihappo(kvant)	57	51	67
p-cytomegalovirus,nukleiinihappo,(kvant)	57	52	67
p-cytomegalovirus,nukleiinihappo,kvantitatiivi	57	53	67
p-sytomegalovirus,nukleiinihappo(kvant)	57	54	67
papillomavirus,nukleiinihappo(kval)	57	55	67
pikornavirus,nukleiinihappo	57	56	67
pikornavirus,nukleiinihappo(kval)	57	57	67
polyomavirus,nukleiinihappo(kvant)␤	57	58	67
polyoomavirus,nukleiinihappo	57	59	67
rino7enterovirus,nukleiinihappoosoitus	57	60	67
rs-virus,nukleiinihappo	57	61	67
rs-virus,nukleiinihappo(kval	57	62	67
rs-virus,nukleiinihappo(kval)	57	63	67
rsvnukleiinihappo(kval)	57	64	67
ulosteenadenovirus,nukleiinihappo	57	65	67
ulosteenastrovirus,nukleiinihappo	57	66	67
ulosteensapovirus,nukleiinihappo	57	67	67
-alb	58	1	134
-ej-ab	58	2	134
-ld	58	3	134
-oj-ab	58	4	134
-ph	58	5	134
-pl-12	58	6	134
-pl-7	58	7	134
ab-be	58	8	134
ab-chb	58	9	134
ab-hb	58	10	134
ab-ph	58	11	134
ab-sbc	58	12	134
ab-thb	58	13	134
ab-thb-	58	14	134
ap-ph	58	15	134
as-alb	58	16	134
as-ld	58	17	134
as-ly	58	18	134
b-be	58	19	134
b-gal	58	20	134
b-hb	58	21	134
b-hb:	58	22	134
b-hbp	58	23	134
b-hbs	58	24	134
b-hhb	58	25	134
b-la	58	26	134
b-lap	58	27	134
b-lt	58	28	134
b-ly	58	29	134
b-ly-s	58	30	134
b-lym	58	31	134
b-lyp	58	32	134
b-ly␤	58	33	134
b-nil	58	34	134
b-pb	58	35	134
b-ph	58	36	134
b-tb1	58	37	134
b-tb2	58	38	134
b-thb	58	39	134
b-ti	58	40	134
b-zn	58	41	134
bl-alb	58	42	134
bla	58	43	134
bodypl	58	44	134
brdil	58	45	134
cb-be	58	46	134
cb-chb	58	47	134
cb-hb	58	48	134
cb-ph	58	49	134
cb-sbc	58	50	134
cfp-10	58	51	134
cp-ph	58	52	134
cu-alb	58	53	134
dcos-b1	58	54	134
di-ph	58	55	134
du-alb	58	56	134
ej-ab	58	57	134
f-hhb	58	58	134
fl-ph	58	59	134
fp-fe	58	60	134
fp-ph	58	61	134
fp-pi	58	62	134
fp-pth	58	63	134
fp-pthint	58	64	134
fp-rf	58	65	134
fp-tth	58	66	134
fp-zn	58	67	134
fs-ct	58	68	134
fs-fe	58	69	134
fs-gh	58	70	134
fs-ph	58	71	134
fs-pi	58	72	134
fs-pp	58	73	134
fs-pt	58	74	134
fs-pth	58	75	134
fs-rf	58	76	134
fs-tth	58	77	134
fyl10	58	78	134
gds-15	58	79	134
l-ly	58	80	134
l-lym	58	81	134
l-ly␤	58	82	134
li-ly	58	83	134
li-lzm	58	84	134
mb-be	58	85	134
mb-hb	58	86	134
mb-ph	58	87	134
no-ex	58	88	134
nu-alb	58	89	134
oj-ab	58	90	134
p-alb	58	91	134
p-hb	58	92	134
p-ld	58	93	134
p-lh	58	94	134
p-ph	58	95	134
p-pthrp	58	96	134
p-rf	58	97	134
p-zn	58	98	134
pco-ex	58	99	134
pd-ly	58	100	134
pf-alb	58	101	134
pf-ld	58	102	134
pf-ly	58	103	134
pf-lzm	58	104	134
pf-ph	58	105	134
pf-rf	58	106	134
pl-12	58	107	134
pl-7	58	108	134
s-alb	58	109	134
s-gh	58	110	134
s-ld	58	111	134
s-lh	58	112	134
s-li	58	113	134
s-lzm	58	114	134
s-ph	58	115	134
s-rf	58	116	134
s-zn	58	117	134
sy-ly	58	118	134
u-alb	58	119	134
u-hb	58	120	134
u-ph	58	121	134
ua-be	58	122	134
ua-hb	58	123	134
ua-ph	58	124	134
uv-be	58	125	134
uv-ph	58	126	134
v-hb	58	127	134
vb-be	58	128	134
vb-hb	58	129	134
vb-ph	58	130	134
vb-thb	58	131	134
vp-ph	58	132	134
zb-be	58	133	134
zb-ph	58	134	134
-aldrc	59	1	73
-c3d	59	2	73
-cdt	59	3	73
-cea	59	4	73
-ckdrc	59	5	73
-copdrc	59	6	73
-cvdrc	59	7	73
-fibrc	59	8	73
-lcrc	59	9	73
-mikrx	59	10	73
-mirc	59	11	73
-pocabrc	59	12	73
-t2drc	59	13	73
ab-cl	59	14	73
ap-cl	59	15	73
b-cl	59	16	73
b-co	59	17	73
b-cr	59	18	73
b-crp	59	19	73
b-crpp	59	20	73
b-cya	59	21	73
b-qr-crp	59	22	73
b-trap	59	23	73
cb-crp	59	24	73
cp-crp	59	25	73
du-ca	59	26	73
du-cl	59	27	73
du-cu	59	28	73
fp-ca	59	29	73
fp-cga	59	30	73
fp-crp	59	31	73
fs-ca	59	32	73
fs-cga	59	33	73
mb-cl	59	34	73
p-c3	59	35	73
p-c4	59	36	73
p-ca	59	37	73
p-cea	59	38	73
p-ck	59	39	73
p-cl	59	40	73
p-crp	59	41	73
p-crp.	59	42	73
p-cu	59	43	73
p-hs-crp	59	44	73
pf-c3	59	45	73
pf-c4	59	46	73
pf-cea	59	47	73
pocabrc	59	48	73
ps-crp	59	49	73
s-c3	59	50	73
s-c4	59	51	73
s-ca	59	52	73
s-cdt	59	53	73
s-cea	59	54	73
s-cic	59	55	73
s-ck	59	56	73
s-cl	59	57	73
s-crp	59	58	73
s-cu	59	59	73
s-hcrp	59	60	73
s-hs-crp	59	61	73
s-hscrp	59	62	73
s-ictp	59	63	73
s-pct	59	64	73
s-ucrp	59	65	73
ts-cc	59	66	73
u-ca	59	67	73
u-co	59	68	73
u-cot	59	69	73
u-cr	59	70	73
v-hct	59	71	73
v-ica	59	72	73
vp-cl	59	73	73
-ana	60	1	123
-bil	60	2	123
am-epo	60	3	123
b-adp	60	4	123
b-aspi	60	5	123
b-bio	60	6	123
b-hg	60	7	123
b-vasp	60	8	123
cb-bil	60	9	123
du-5hiaa	60	10	123
du-mg	60	11	123
du-pi	60	12	123
fl-koh	60	13	123
fp-bil	60	14	123
fp-kol	60	15	123
fp-vip	60	16	123
fs-ace	60	17	123
fs-apot	60	18	123
fs-ffa	60	19	123
fs-kol	60	20	123
fs-tp-1	60	21	123
fs-tp-3	60	22	123
fs-tp-4	60	23	123
fs-tp-7	60	24	123
li-bio	60	25	123
li-tpha	60	26	123
mmse	60	27	123
p-bil	60	28	123
p-bnp	60	29	123
p-fsh	60	30	123
p-fsl	60	31	123
p-hae	60	32	123
p-hcg	60	33	123
p-he4	60	34	123
p-hepg	60	35	123
p-hok	60	36	123
p-kol	60	37	123
p-mg	60	38	123
p-se	60	39	123
p-shbg	60	40	123
p-tsh	60	41	123
pf-kol	60	42	123
s-5hiaa	60	43	123
s-ace	60	44	123
s-ada	60	45	123
s-afp	60	46	123
s-afp/d	60	47	123
s-amh	60	48	123
s-ami	60	49	123
s-ana	60	50	123
s-apot	60	51	123
s-asca	60	52	123
s-ast	60	53	123
s-asta	60	54	123
s-bil	60	55	123
s-bio	60	56	123
s-biol	60	57	123
s-br	60	58	123
s-dhea	60	59	123
s-dheas	60	60	123
s-e1	60	61	123
s-e2	60	62	123
s-ema	60	63	123
s-ena	60	64	123
s-enal	60	65	123
s-epo	60	66	123
s-ffa	60	67	123
s-fsh	60	68	123
s-gen	60	69	123
s-hae	60	70	123
s-hbe	60	71	123
s-hcg	60	72	123
s-he4	60	73	123
s-kem	60	74	123
s-kol	60	75	123
s-kyhemag	60	76	123
s-mg	60	77	123
s-nse	60	78	123
s-shbg	60	79	123
s-tati	60	80	123
s-tpha	60	81	123
s-tsh	60	82	123
s-van	60	83	123
se-bil	60	84	123
ts-res	60	85	123
u-al	60	86	123
u-amp	60	87	123
u-as-i	60	88	123
u-bil	60	89	123
u-bio	60	90	123
u-bup	60	91	123
u-bzd	60	92	123
u-cl	60	93	123
u-dala	60	94	123
u-ds4a	60	95	123
u-ds5	60	96	123
u-ds5b	60	97	123
u-ds6	60	98	123
u-ds6a	60	99	123
u-ery	60	100	123
u-fyl	60	101	123
u-hcg	60	102	123
u-hg	60	103	123
u-i	60	104	123
u-inf	60	105	123
u-intp	60	106	123
u-kivi	60	107	123
u-mg	60	108	123
u-mtd	60	109	123
u-ni	60	110	123
u-pbg	60	111	123
u-pgb	60	112	123
u-ph.	60	113	123
u-phv	60	114	123
u-pi	60	115	123
u-pyr	60	116	123
u-sed	60	117	123
u-sg	60	118	123
u-thc	60	119	123
u-tml	60	120	123
u-ubg	60	121	123
us-tsh	60	122	123
vp-dop	60	123	123
ab-na	61	1	103
ap-lakt	61	2	103
ap-na	61	3	103
ap-nak	61	4	103
b-na	61	5	103
cp-na	61	6	103
di-na	61	7	103
du-na	61	8	103
fp-ctx	61	9	103
fp-gt	61	10	103
fp-na	61	11	103
happi	61	12	103
j-papa	61	13	103
p-acth	61	14	103
p-at3	61	15	103
p-at3.	61	16	103
p-efa	61	17	103
p-fakb	61	18	103
p-fe	61	19	103
p-fs	61	20	103
p-fv	61	21	103
p-fx	61	22	103
p-gt	61	23	103
p-hstni	61	24	103
p-k+na	61	25	103
p-k,na	61	26	103
p-k-na	61	27	103
p-k-pa	61	28	103
p-k/na	61	29	103
p-ked.	61	30	103
p-kjd.	61	31	103
p-la1	61	32	103
p-la2	61	33	103
p-mypa	61	34	103
p-na	61	35	103
p-na.	61	36	103
p-na:	61	37	103
p-naed.	61	38	103
p-najd.	61	39	103
p-nak	61	40	103
p-nap	61	41	103
p-pc	61	42	103
p-pct	61	43	103
p-pi	61	44	103
p-prl	61	45	103
p-ps	61	46	103
p-psa	61	47	103
p-pt	61	48	103
p-supar	61	49	103
p-t3-v	61	50	103
p-t4-v	61	51	103
p-t4v	61	52	103
p-tfr	61	53	103
p-tni	61	54	103
p-tni.	61	55	103
p-tnih	61	56	103
p-tnl	61	57	103
p-tnt	61	58	103
p-tt	61	59	103
p-tt-	61	60	103
p-tt.	61	61	103
p-ttr	61	62	103
papa	61	63	103
pdgfr	61	64	103
peak	61	65	103
pef-pa	61	66	103
pef-ras	61	67	103
pf-ace	61	68	103
pf-ada	61	69	103
pipelle	61	70	103
pneag	61	71	103
pt-rr-pa	61	72	103
pt-vp-ple	61	73	103
pujo	61	74	103
pujoe	61	75	103
rr-pa	61	76	103
s-na	61	77	103
s-prl	61	78	103
s-psa	61	79	103
s-pujoe	61	80	103
s-pujospe	61	81	103
s-t3-v	61	82	103
s-t4-v	61	83	103
s-t4v	61	84	103
s-tfr	61	85	103
s-tnf	61	86	103
s-tni	61	87	103
s-tnt	61	88	103
s-tob	61	89	103
sp-pak	61	90	103
sp-pakd	61	91	103
strep-a	61	92	103
strepa	61	93	103
trik-od	61	94	103
trop-t	61	95	103
tropo	61	96	103
trpaab	61	97	103
trpaab.	61	98	103
ttpaasto	61	99	103
u-na	61	100	103
v-na	61	101	103
vp-na	61	102	103
vp-ple	61	103	103
-dpyd	62	1	114
-jo-1	62	2	114
-nt	62	3	114
-nxp2	62	4	114
-sae1	62	5	114
-srp	62	6	114
-tpmt	62	7	114
ab-k	62	8	114
ab-t	62	9	114
acl	62	10	114
alb-o	62	11	114
album	62	12	114
amp	62	13	114
ap-k	62	14	114
b-k	62	15	114
b-nk	62	16	114
bup	62	17	114
bup10	62	18	114
ca++	62	19	114
cd4	62	20	114
cerad	62	21	114
coc	62	22	114
cp-k	62	23	114
cpd	62	24	114
crp	62	25	114
crp-p	62	26	114
crp-vt	62	27	114
du-k	62	28	114
ekg	62	29	114
eo	62	30	114
eos	62	31	114
fev	62	32	114
fev1	62	33	114
fp-k	62	34	114
fvc	62	35	114
fyl	62	36	114
gra	62	37	114
gran	62	38	114
hb	62	39	114
hb-o	62	40	114
hcov	62	41	114
hct	62	42	114
hgb	62	43	114
jak1	62	44	114
jo-1	62	45	114
jäku	62	46	114
kef	62	47	114
kt/v	62	48	114
l-nlt	62	49	114
l-nst	62	50	114
leuc	62	51	114
leuk	62	52	114
leuk-o	62	53	114
ly	62	54	114
ly-nk	62	55	114
lym	62	56	114
mch	62	57	114
mchc	62	58	114
mes	62	59	114
met	62	60	114
mns	62	61	114
mpd	62	62	114
mtd	62	63	114
muut	62	64	114
mxd	62	65	114
myel	62	66	114
neut	62	67	114
nlt	62	68	114
no/an	62	69	114
nor90	62	70	114
nst	62	71	114
nt-	62	72	114
nxp2	62	73	114
oxy	62	74	114
p-k	62	75	114
p-k.	62	76	114
p-k:	62	77	114
p-kp	62	78	114
pad	62	79	114
pad1	62	80	114
pax6	62	81	114
pef	62	82	114
pgb	62	83	114
ph	62	84	114
plt	62	85	114
prom	62	86	114
pt-v	62	87	114
rdw	62	88	114
rp11	62	89	114
rp155	62	90	114
rr	62	91	114
s-gt	62	92	114
s-k	62	93	114
s-nt	62	94	114
sae1	62	95	114
sao2	62	96	114
srp	62	97	114
tark1	62	98	114
tark2	62	99	114
tark2b	62	100	114
tark4	62	101	114
tb1	62	102	114
tb2	62	103	114
th/to	62	104	114
thc	62	105	114
thc50	62	106	114
tir	62	107	114
tml	62	108	114
trim	62	109	114
työt	62	110	114
u-k	62	111	114
u-oxy	62	112	114
v-k	62	113	114
vp-k	62	114	114
-lymph	63	1	80
-mda5	63	2	80
-mi-2a	63	3	80
-mi-2b	63	4	80
-tif1y	63	5	80
amp300	63	6	80
as-pmn	63	7	80
b-mcv	63	8	80
b-mpadp	63	9	80
b-mxa	63	10	80
b-mxd	63	11	80
b-mxdp	63	12	80
bzd300	63	13	80
coc300	63	14	80
cu-vm	63	15	80
dmpak	63	16	80
dmvuk	63	17	80
du-moma	63	18	80
du-vm	63	19	80
du-vmml	63	20	80
e-mch	63	21	80
e-mchc	63	22	80
e-mchcp	63	23	80
e-mchp	63	24	80
e-mcv	63	25	80
e-mcvp	63	26	80
gamma	63	27	80
hcgbvkmom	63	28	80
hoicrp	63	29	80
hoiekg	63	30	80
hoihb	63	31	80
hoiinr	63	32	80
iga	63	33	80
igg-summa	63	34	80
immi	63	35	80
immii	63	36	80
immuno	63	37	80
kipa	63	38	80
kissa	63	39	80
kissae	63	40	80
koivu	63	41	80
koivue	63	42	80
konsulf	63	43	80
l-mdx	63	44	80
l-mid	63	45	80
l-mxd	63	46	80
lymf	63	47	80
lymfo	63	48	80
lymfos	63	49	80
lymph	63	50	80
lymängd	63	51	80
lämpöt.	63	52	80
lääkmää	63	53	80
mda5	63	54	80
mdma	63	55	80
met300	63	56	80
mi-2a	63	57	80
mi-2b	63	58	80
mor/opi300	63	59	80
mtd300	63	60	80
ntkmom	63	61	80
oxy100	63	62	80
pappakmom	63	63	80
pf-pmn	63	64	80
rauta	63	65	80
reuma	63	66	80
s-gamma	63	67	80
s-mi-2	63	68	80
s-mta	63	69	80
s-mtx	63	70	80
s-ntmom	63	71	80
s-s100	63	72	80
se-pmn	63	73	80
sy-mn	63	74	80
sy-pmn	63	75	80
temp	63	76	80
tif1y	63	77	80
tml100	63	78	80
vymp	63	79	80
xtc/mdm500	63	80	80
ekg,omalab	64	1	16
ekg-12	64	2	16
ekg-15	64	3	16
ekg-24a	64	4	16
ekg-24h	64	5	16
ekg-24o	64	6	16
ekg-48a	64	7	16
ekg-48l	64	8	16
ekg-atk	64	9	16
ekg-oma	64	10	16
ekg-pao	64	11	16
ekg-te	64	12	16
työkyky	64	13	16
työkyky0-10	64	14	16
työkyky2	64	15	16
työkyky2vuotta	64	16	16
-albumiini,seerumi,elektroforeesifraktio(g/l)	65	1	13
-alfa-1-globuliini,seerumi,elektroforeesifraktio	65	2	13
-alfa-2-globuliini,seerumi,elektroforeesifraktio	65	3	13
-beta-1-globuliini,seerumi,elektroforeesifraktio	65	4	13
-beta-2-globuliini,seerumi,elektroforeesifraktio	65	5	13
-gammaglobuliini,seerumi,elektroforeesifraktio	65	6	13
-m-komponentti-1,seerumi,elektroforeesifraktio(g/l)	65	7	13
albumiini,seerumi,elektroforeesifraktio(g/l),osatutk.2522	65	8	13
alfa1-globuliini,seerumi,elektroforeesifraktio,osatutk.2522	65	9	13
alfa2-globuliini,seerumi,elektroforeesifraktio,osatutk.2522	65	10	13
beta1-globuliini,seerumi,elektroforeesifraktio,osatutk.2522	65	11	13
beta2-globuliini,seerumi,elektroforeesifraktio,osatutk.2522	65	12	13
gamma-globuliini,seerumi,elektroforeesifraktio,osatutk.2522	65	13	13
-anaerobibakteeriviljely	66	1	29
-bakteeri,viljely	66	2	29
-hiiva,viljely	66	3	29
-streptokokki,viljely	66	4	29
b-bakteeri,jatkoviljely	66	5	29
b-bakteeri,veriviljely	66	6	29
b-bakteeri,viljely	66	7	29
bakteeri,jatkoviljely	66	8	29
ex-bakteeri,viljely	66	9	29
f-campylobacter,viljely	66	10	29
f-campylobakteeri,viljely	66	11	29
f-salmonella,viljely	66	12	29
f-shigella,viljely	66	13	29
f-yersinia,viljely	66	14	29
fl-hiiva,viljely	66	15	29
ps-bakteeri,viljely	66	16	29
ps-streptococcus,viljely	66	17	29
pu-bakteeri,viljely1	66	18	29
pu-sieni,viljely	66	19	29
sieni,viljely	66	20	29
sk-sieni,viljely	66	21	29
u-bakteeri,jatkoviljely	66	22	29
u-bakteeri,viljely	66	23	29
u-bakteerijatkoviljely	66	24	29
u-bakteerit,lausunt	66	25	29
u-bakteeriviljely	66	26	29
u-jatkoviljely	66	27	29
virtsanbakteeriviljely	66	28	29
ysköksenkolonisaatioviljely	66	29	29
-bakteeri,värjäys	67	1	47
-sieni,värjäys	67	2	47
bakt.vilj.,virtsasta	67	3	47
bakteeri,värjäys	67	4	47
bakteeri,värjäys␤	67	5	47
bakteerit,virtsa	67	6	47
bakteeritvirtsasta	67	7	47
c-peptidi,plasmasta	67	8	47
epiteelisolut,virtsa	67	9	47
epiteelisolut,virtsasta	67	10	47
etanoli,plasma	67	11	47
fl-bakteerivärjäys	67	12	47
fp-triglyseriditplasmasta	67	13	47
kalium,plasma	67	14	47
kalium,plasmasta	67	15	47
kalsium,plasma	67	16	47
kloridi,plasma	67	17	47
lieriöt,virtsa	67	18	47
lieriöt,virtsasta	67	19	47
lipidit,paasto	67	20	47
lipidit,plasma	67	21	47
multistix-vieri,alb	67	22	47
multistix-vieri,eryt	67	23	47
multistix-vieri,gluk	67	24	47
multistix-vieri,keto	67	25	47
multistix-vieri,leuk	67	26	47
multistix-vieri,nitr	67	27	47
multistix-vieri,ph	67	28	47
natrium,plasma	67	29	47
natrium,plasmasta	67	30	47
prokalsitoniini,plasmasta␤	67	31	47
prolaktiini,plasmasta	67	32	47
s-lipiditeipaast	67	33	47
sieni,värjäys	67	34	47
solut,virtsa	67	35	47
solut,virtsasta	67	36	47
solut,virtsasta␤	67	37	47
sy-bakteeri,värjäys	67	38	47
tilavuus,keräysvirtsa	67	39	47
tilavuus,vuorokausivirtsa	67	40	47
triglyseridit,plasmasta	67	41	47
troponiinii,plasmasta	67	42	47
troponiinit,plasma	67	43	47
troponiinit,plasmasta	67	44	47
uraatti,plasma	67	45	47
uraatti,plasmasta	67	46	47
uraatti,plasmasta␤	67	47	47
-candida,viljely	68	1	133
-candidaalbicansnho	68	2	133
-candidaauris,viljely	68	3	133
-candidaparapsilosisnho	68	4	133
-koronavirus229e,nho	68	5	133
-koronavirushku1,nho	68	6	133
-koronavirusnl63,nho	68	7	133
-koronavirusoc43,nho	68	8	133
-microsporumaudouiniinho	68	9	133
-microsporumcanis	68	10	133
-microsporumcanis/ferrugineumnho	68	11	133
-nannizziagypseanho	68	12	133
-papilloomavirus,tyyppi16	68	13	133
-papilloomavirus,tyyppi18	68	14	133
-pocabrc,-cv19nho	68	15	133
-pocabrc,-infanho	68	16	133
-rino/enterovirus,nho	68	17	133
aa/epasuhdeluku	68	18	133
alfalinoleenihappo	68	19	133
arakidonihappo	68	20	133
b-6-metyyli-merkaptopuriini	68	21	133
b-candidaalbicans	68	22	133
b-candidaauris	68	23	133
b-candidaglabrata	68	24	133
b-candidakrusei	68	25	133
b-candidaparapsilosis	68	26	133
b-candidatropicalis	68	27	133
ca12-5antigeeni	68	28	133
ca19-9antigeeni	68	29	133
campylobacter	68	30	133
campylobakteerinho	68	31	133
desmetyyliklotsapiini	68	32	133
dihomo-gamma-linoleenihappo	68	33	133
dokosaheksaeenihappo	68	34	133
dokosapentaeenihappo	68	35	133
eikosadieenihappo	68	36	133
eikosapentaeenihappo	68	37	133
eikoseenihappo	68	38	133
fl-candidanatiivi(kval)	68	39	133
fosfori,kokoveren	68	40	133
fp-triglyviitasaari	68	41	133
gamma-linoleenihappo	68	42	133
geenipaneeli,veri	68	43	133
genetiikanyleispyyntö	68	44	133
glom.suod.nopeusckd-epi	68	45	133
glukoosi,koneveri	68	46	133
hdl-kol/kol-suhde	68	47	133
kalium,kokoveren	68	48	133
kalium,koneveri	68	49	133
keliakiaseulonta	68	50	133
kilpirauhastutkimus	68	51	133
kloridi,koneveri	68	52	133
koriongonadotropiini	68	53	133
laktaatti,koneveri	68	54	133
linoleenihappo	68	55	133
ly-kudosantigeenib27	68	56	133
magnesium,kokoveren	68	57	133
microsporumspp.	68	58	133
myristiinihappo	68	59	133
natrium,koneveri	68	60	133
np-resplaajasiscv19ag	68	61	133
oleiinihappo	68	62	133
omega6/omega3suhdeluku	68	63	133
osmolaliteetti,seerumi	68	64	133
p-adrenokortikotropiini	68	65	133
p-amylaasi,haimaperäinen	68	66	133
p-ca12-5antigeeni	68	67	133
p-ca15-3antigeeni	68	68	133
p-ca19-9antigeeni	68	69	133
p-kol-hdlviitasaar	68	70	133
p-kolviitasaari	68	71	133
p-koriongonadotropiini	68	72	133
p-ldllaskennallinen	68	73	133
p-sldlviitasaari	68	74	133
palmitiinihappo	68	75	133
palmitoleiinihappo	68	76	133
papilloomavirus,seulonta	68	77	133
papiloomavirusseulonta	68	78	133
parainfluenzavirus4	68	79	133
patologisetlieriöt	68	80	133
pef-kotiseuranta	68	81	133
poikkeavalämpötila	68	82	133
potilaanlämpötila	68	83	133
prolaktiini,seerumi	68	84	133
psatotaali+vapaa	68	85	133
pt-yöpolygrafia	68	86	133
rasvahappoprofiili	68	87	133
rasvapaketti,seuranta	68	88	133
s-alfa-1-fetoproteiini	68	89	133
s-allige,koivu/björk	68	90	133
s-allige,pujo/grabo	68	91	133
s-allige,timotei/timotej	68	92	133
s-apob/a1-suhde	68	93	133
s-apob/apoa1-suhde	68	94	133
s-apolipoproteiinia1	68	95	133
s-apolipoproteiinib	68	96	133
s-ca12-5antigeeni	68	97	133
s-ca15-3antigeeni	68	98	133
s-ca19-9antigeeni	68	99	133
s-desmetyyliklotsapiini	68	100	133
s-dokosaheksaeenihappo	68	101	133
s-hcgb-alayksikkö,vapaa	68	102	133
s-keliakia,seulonta	68	103	133
s-keliakia,totaaliiga	68	104	133
s-keliakiapakmedium	68	105	133
s-keliakiapakseulonta	68	106	133
s-keliakiaseulonta	68	107	133
s-kilpirauhashormonit	68	108	133
s-kokonaisrasvahapot	68	109	133
s-kol/kol-hdl-suhde	68	110	133
s-lipoprota1,b,b/a1	68	111	133
s-mycoplasmapnigm,kval	68	112	133
s-omega-3-rasvahapot	68	113	133
s-omega-6-rasvahapot	68	114	133
s-plasmaproteiinia	68	115	133
s-rasvahappotasapaino	68	116	133
s-s-keliakia,seulonta	68	117	133
s-trpaab,s-tpha	68	118	133
salmonellaakteerinho	68	119	133
seleenikokoveren	68	120	133
stearidonihappo	68	121	133
steariinihappo	68	122	133
u-hyaliinilieriöt	68	123	133
unipolygrafia,suppea	68	124	133
varanäytepyyntö,likvori	68	125	133
varanäytepyyntö,seerumi	68	126	133
varaputki,seerumi	68	127	133
verenkuva+konediffi	68	128	133
virtsanalb/kreasuhde	68	129	133
wbc-largecellcount	68	130	133
wbc-middlecellratio	68	131	133
yersiniabakteerinho	68	132	133
äänesaudiometria	68	133	133
-crppikatesti	69	1	169
-komplementtic3d	69	2	169
-vainajansäilytys	69	3	169
ab-bikarbonaatti	69	4	169
ab-glukoosi	69	5	169
ab-verikaasupaketti	69	6	169
ammonium-ioni	69	7	169
astmatesti	69	8	169
astmatesti,tk	69	9	169
b-baktvi-aerobi	69	10	169
b-baktvi-anaerobi	69	11	169
b-ctx-m-geeni	69	12	169
b-gluk(vo.hoitaja)	69	13	169
b-kromijakoboltti	69	14	169
b-kromikobolttititaani	69	15	169
b-mcr-1-geeni	69	16	169
b-meca/c-geeni	69	17	169
b-meca/cjamrej	69	18	169
b-multiplateadp	69	19	169
b-perusverenkuva	69	20	169
b-salmonellasp.	69	21	169
b-serratiamarcescens	69	22	169
b-solujenosuus	69	23	169
b-vana/b-geeni	69	24	169
b-verensokeripikatesti	69	25	169
c-reakt.prot,oma	69	26	169
cb-bikarbonaatti	69	27	169
cb-glukoosi,pikatesti	69	28	169
cb-inr,pikamääritys	69	29	169
covid-19,vieritesti	69	30	169
crp(hoitaja)	69	31	169
crp(päiv.hoitaja)	69	32	169
crp(vo.hoitaja)	69	33	169
crp,pikaquikread	69	34	169
crp-pikamääritys	69	35	169
crp-pikatesti	69	36	169
crppäiv.aikana	69	37	169
crpvastaanotolla	69	38	169
crpvieritesti	69	39	169
diabetespaketti	69	40	169
e-kokojakauma	69	41	169
e-rdw,kokojakauma	69	42	169
ekg(hoitaja)	69	43	169
ekg(päiv.hoitaja)	69	44	169
erik.näyte	69	45	169
erikois-nä	69	46	169
erikoiskäsittely	69	47	169
erikoisnäyte	69	48	169
fl-fluor,candna	69	49	169
fl-fluor,candvi	69	50	169
fl-fluor,muuta	69	51	169
fl-fluor,nsv	69	52	169
fl-fluor,tricna	69	53	169
fluor,nat,fl-clue	69	54	169
fluor,nat,fl-hiiva	69	55	169
fluor,nat,fl-leuk	69	56	169
fluor,nat,muuta	69	57	169
fp-ammonium-ioni	69	58	169
fp-glukoosi	69	59	169
fp-glukoosi(gluk.ras0)	69	60	169
fp-glukoosi(gluk.ras2h)	69	61	169
fp-glukoosi,paastonäyte	69	62	169
fp-kol-paketti	69	63	169
fs-glukoosi	69	64	169
fs-reumafaktori	69	65	169
ghb-a1c(vo.hoitaja)	69	66	169
glukoosi	69	67	169
glukoosi(hoitaja)	69	68	169
glukoosi(kval)	69	69	169
glukoosi(päiv.hoitaja)	69	70	169
glukoosi,pikatesti,veri	69	71	169
glukoosi,vieritesti	69	72	169
glukoosinpikamittaus	69	73	169
hb(hoitaja)	69	74	169
hb(päiv.hoitaja)	69	75	169
hba1cpikatesti	69	76	169
ikäriski,trisomia	69	77	169
inrvieritesti	69	78	169
itsetehtävätnt-pikatesti	69	79	169
keräyksenkesto	69	80	169
kupari,punasolun	69	81	169
laktaatti,verestä,pikatesti␤	69	82	169
li-solut,1.putki	69	83	169
li-solut,3.putki	69	84	169
likvorivaraputki	69	85	169
lipidipaketti	69	86	169
metaboliapaketti	69	87	169
neuvolapaketti1	69	88	169
non-hdl(paasto)	69	89	169
omaastmat	69	90	169
omaastmatesti	69	91	169
osastonottamaekg␤	69	92	169
p-fibrinogeeni	69	93	169
p-fiddosoitus	69	94	169
p-glukoosi	69	95	169
p-inr(pikamittari)	69	96	169
p-inrosoitus	69	97	169
p-reumafaktori	69	98	169
p-reumafaktori,rf	69	99	169
paastoplasmanph	69	100	169
paastoseeruminph	69	101	169
painonmitt	69	102	169
painonmuutoskg	69	103	169
plasmaninr(k)	69	104	169
plasmankalium(k)	69	105	169
plasmankreatiniini(k)	69	106	169
plasmannatrium(k)	69	107	169
plasmanrauta	69	108	169
pt-fibrosis-4	69	109	169
pt-glukoosikoe	69	110	169
puristusvoima	69	111	169
reumafaktori	69	112	169
reumapaketti	69	113	169
s-aldosteroni	69	114	169
s-alfa-1-fraktio	69	115	169
s-alfa-2-fraktio	69	116	169
s-beta-1-fraktio	69	117	169
s-beta-2-fraktio	69	118	169
s-diabetesresistenssi	69	119	169
s-gamma-fraktio	69	120	169
s-gammafraktio	69	121	169
s-glukoosi	69	122	169
s-healthindex(nhi)	69	123	169
s-komplementtic3	69	124	169
s-m-komponentti-1	69	125	169
s-m-komponentti-2	69	126	169
s-osmolaliteetti	69	127	169
s-papmom,korjattumom	69	128	169
s-pölyerittely	69	129	169
s-reumafaktori	69	130	169
s-ruokaerittely	69	131	169
s-testosteroni	69	132	169
salmonellaspp.	69	133	169
sisäilmayhteydenotto	69	134	169
sterpapikatesti	69	135	169
strepa(päiv.hoitaja)	69	136	169
strepa-pikatesti,tth	69	137	169
t-solujenosuus	69	138	169
tark1(eipaasto)	69	139	169
tark2(paasto)	69	140	169
tark2b(eipaasto)	69	141	169
tark4(paasto)	69	142	169
tarkastuspaketti	69	143	169
tarkastuspaketti1	69	144	169
tarkastuspaketti3	69	145	169
tarkastuspaketti4	69	146	169
tb1antigen-putki	69	147	169
tb2antigen-putki	69	148	169
terveystarkeipaastoa	69	149	169
testosteroni	69	150	169
thoraxinröntgen	69	151	169
tnt(päiv.hoitaja)	69	152	169
tth-paketti	69	153	169
tth-pakettia	69	154	169
u-glukoosi(kval)	69	155	169
u-glukoosi,(kval)	69	156	169
u-glukoosi,kval	69	157	169
u-glukoosiosoitus	69	158	169
u-ketoaineet(päiv.hoitaja)	69	159	169
u-osmolaliteetti	69	160	169
u-solutsiskem.seul	69	161	169
u-soluttykslab	69	162	169
urea,pikatesti␤	69	163	169
uristix(nla)	69	164	169
vb-bikarbonaatti	69	165	169
vb-verikaasupaketti	69	166	169
veritapaturmatutk,kohde	69	167	169
veritartunnankohde	69	168	169
vitascreen,paketti	69	169	169
ab-happamuusaste	70	1	48
ab-happikyllästeisyys	70	2	48
ab-happiosapaine	70	3	48
b-happamuusaste	70	4	48
cb-happamuusaste	70	5	48
cb-happiosapaine	70	6	48
cb-happoemästase	70	7	48
ej-ab,vasta-aine	70	8	48
happamuusaste	70	9	48
jo-1,vasta-aine	70	10	48
mda5,vasta-aine	70	11	48
mi-2a,vasta-aine	70	12	48
mi-2b,vasta-aine	70	13	48
nxp2,vasta-aine	70	14	48
oj-ab,vasta-aine	70	15	48
p-krea+gfr,p-krea	70	16	48
p-krea+gfr,pt-gfre	70	17	48
p-krea+gfr,pt-gfre-md	70	18	48
p-krea+gfrviitasaar,p-krea	70	19	48
p-krea+gfrviitasaar,pt-gfre	70	20	48
pf-happamuusaste	70	21	48
pika-ghb-a,pika-ghb-a1c	70	22	48
pika-ghb-a,pika-hba1c	70	23	48
pika-ghb-a1c,pika-ghb-a1c	70	24	48
pika-ghb-a1c,pika-hba1c	70	25	48
pl-12,vasta-aine	70	26	48
pl-7,vasta-aine	70	27	48
pm-sc1100,vasta-aine	70	28	48
ro52(ssa),vasta-aine	70	29	48
s-happamuusaste	70	30	48
s-seeruminhappamuusaste	70	31	48
sae1,vasta-aine	70	32	48
seeruminhappamuusaste	70	33	48
srp,vasta-aine	70	34	48
tif1y,vasta-aine	70	35	48
u-happamuusaste	70	36	48
vb-happamuusaste	70	37	48
vb-happiosapaine	70	38	48
vb-happoemästase	70	39	48
vb-he-tase,vb-be.b	70	40	48
vb-he-tase,vb-beecf	70	41	48
vb-he-tase,vb-hb	70	42	48
vb-he-tase,vb-hco3	70	43	48
vb-he-tase,vb-k	70	44	48
vb-he-tase,vb-na	70	45	48
vb-he-tase,vb-pco2	70	46	48
vb-he-tase,vb-ph	70	47	48
vp-happamuusaste	70	48	48
albumiini(kval)	71	1	83
albumiini,osoitus,virtsa	71	2	83
albumiini,proteiinifraktio	71	3	83
amfetamiini(kval)	71	4	83
amfetamiini,kval	71	5	83
asetoniaineet(kval)	71	6	83
b-fibriinind-dimeerit	71	7	83
b-troponiinit(kval)	71	8	83
b12-vitamiini	71	9	83
b3-vitamiini(niasiini)	71	10	83
bentsodiatsepiinit(kval)	71	11	83
bentsodiatsepiinit,varmistus	71	12	83
bentsodiatsepiinitkval	71	13	83
buprenorfiini(kval)	71	14	83
buprenorfiini,kval	71	15	83
buprenorfiini,varmistus	71	16	83
d-vitamiini-25-oh	71	17	83
du-proteiini,fraktiot	71	18	83
f-calprotectin	71	19	83
f-kalprotektiini	71	20	83
f-kalprotektiini,feia	71	21	83
f-kalprotektiini,ulosteesta	71	22	83
f-parasiitit(kval)	71	23	83
fb-b1-vitamiini	71	24	83
fb-b6-vitamiini	71	25	83
fibrosis-4-indeksi	71	26	83
fibrosis-4indeksi	71	27	83
hemolyysi-indeksi	71	28	83
kalprotektiini,uloste	71	29	83
kannabis(kval)	71	30	83
kannabis,kval	71	31	83
kokaiini(kval)	71	32	83
kokaiini,kval	71	33	83
lipemia-indeksi	71	34	83
metadoni(kval)	71	35	83
metadoni,kval	71	36	83
nitriitti(kval)	71	37	83
opiaatit(kval)	71	38	83
p-b-12-vitamiini	71	39	83
p-d-vitamiini-25-oh	71	40	83
p-fibriinidimeerit	71	41	83
p-fibriinind-dimeerit	71	42	83
p-proteiinis,antigeeni,vapaa	71	43	83
proteiini(kval)	71	44	83
pt-fibrosis-4indeksi	71	45	83
pt-ureaindeksi	71	46	83
s-albumiini,indeksi	71	47	83
s-albumiini-fraktio	71	48	83
s-albumiinifraktio	71	49	83
s-b12-vitamiini	71	50	83
s-b12-vitamiini,aktiivinen	71	51	83
s-b12-vitamiini.aktiivinen	71	52	83
s-d-vitamiini-25-oh	71	53	83
s-d-vitamiini-oh	71	54	83
s-proteiini,fraktiot	71	55	83
sy-kiteet(kval)	71	56	83
sy-ulkonäkö(kval)	71	57	83
u-albumiini(kval)	71	58	83
u-albumiini,kval	71	59	83
u-albumiini,kval.	71	60	83
u-albumiinijaglukoosi	71	61	83
u-amfetamiini(kval)	71	62	83
u-amfetamiini,enantiomeerit	71	63	83
u-asetoniaineet(kval)	71	64	83
u-asetoniaineet(kval),eitil	71	65	83
u-asetoniaineet(kval)␤	71	66	83
u-asetoniaineet,kval	71	67	83
u-barbituraatit(kval)	71	68	83
u-bentsodiatsepiinit(kval)	71	69	83
u-buprenorfiini(kval)	71	70	83
u-kannabis(kval)	71	71	83
u-ketoaineet,kval	71	72	83
u-ketoniaineetstix	71	73	83
u-kokaiini(kval)	71	74	83
u-metadoni(kval)	71	75	83
u-nitriitti(kval)	71	76	83
u-nitriitti(kval)tykslab.	71	77	83
u-nitriitti,kval	71	78	83
u-oksikodoni(kval)	71	79	83
u-opiaatit(kval)	71	80	83
u-proteiini(kval)	71	81	83
u-proteiinikval	71	82	83
u-proteiinitstix	71	83	83
b-basofiilit	72	1	67
b-diffi,bas	72	2	67
b-diffi,eos	72	3	67
b-diffi,l-mon	72	4	67
b-diffi,lymf	72	5	67
b-diffi,mon	72	6	67
b-diffi,nlt	72	7	67
b-diffi,nst	72	8	67
b-eosinofiilit	72	9	67
b-eosinofiilit,verestä	72	10	67
b-kdiffi,b-baso	72	11	67
b-kdiffi,b-eos	72	12	67
b-kdiffi,b-lymf	72	13	67
b-kdiffi,b-monos	72	14	67
b-kdiffi,b-neut	72	15	67
b-kdiffi,baso	72	16	67
b-kdiffi,eos	72	17	67
b-kdiffi,lymf	72	18	67
b-kdiffi,mono	72	19	67
b-kdiffi,neut	72	20	67
b-konedif,baso	72	21	67
b-konedif,eos	72	22	67
b-konedif,lymf	72	23	67
b-konedif,lymph	72	24	67
b-konedif,monos	72	25	67
b-konedif,mxd	72	26	67
b-konedif,neut	72	27	67
b-konedif,neutro	72	28	67
b-konedif,neuttot	72	29	67
b-neutrofiilit	72	30	67
b-neutrofiilit,3-osa	72	31	67
basofiilit	72	32	67
basofiilit,5-osa	72	33	67
basofiilit-osuus	72	34	67
basofiilitosuus	72	35	67
eosinofiil.	72	36	67
eosinofiilit	72	37	67
eosinofiilit,5-osa	72	38	67
eosinofiilit,osuus	72	39	67
eosinofiilit-osuus	72	40	67
eosinofiilitosuus	72	41	67
konediffi,baso	72	42	67
konediffi,eos	72	43	67
konediffi,lym	72	44	67
konediffi,mono	72	45	67
konediffi,neut	72	46	67
konediffi,neuttot	72	47	67
kroonineninfektio/y	72	48	67
l-basofiili	72	49	67
l-basofiilisetsolut	72	50	67
l-basofiilit	72	51	67
l-basofiilit(l-baso)	72	52	67
l-basofiilit␤	72	53	67
l-eosinifiilit(l-eos)	72	54	67
l-eosinofiili	72	55	67
l-eosinofiilit	72	56	67
l-eosinofiilit␤	72	57	67
l-eosonofiilit	72	58	67
l-neutrofiilit	72	59	67
l-neutrofiilit(l-neut)	72	60	67
l-neutrofiilit␤	72	61	67
neutrofiilit	72	62	67
neutrofiilit,3-osa	72	63	67
neutrofiilit,5-osa	72	64	67
neutrofiilit,osuus	72	65	67
neutrofiilit-osuus	72	66	67
neutrofiilitosuus	72	67	67
-bakteeriviljely,aerobi	73	1	45
-bakteeriviljely,anaerobi	73	2	45
-s.aureus-viljely,nenästä	73	3	45
-tuberkuloosibakteeri,viljely(sisältääainamyös	73	4	45
-tuberkuloosibakteeri,värjäysjaviljely	73	5	45
b-bakteeri,jatkotutkimus,nho	73	6	45
b-bakteeri,jatkoviljely(verestä),seulottunäyte␤	73	7	45
b-bakteeri,jatkoviljely,seulottunäyte	73	8	45
b-bakteeri,veriviljely,seulonta	73	9	45
b-bakteeri,viljely,seulonta	73	10	45
b-bakteeri,viljelyverestä	73	11	45
bakteeri,jatkoviljelyvirtsasta	73	12	45
bakteeri,jatkoviljelyvirtsastakäytössä	73	13	45
bakteeri,maljaviljely,virtsasta␤	73	14	45
bakteeri,seulontajaviljely␤	73	15	45
bakteeri,seulontavirtsasta	73	16	45
bakteeri,viljely(verestä)	73	17	45
bakteeri,viljely(virtsasta)	73	18	45
bakteeri,viljely,verestä	73	19	45
bakteeri,viljely,verestä␤	73	20	45
bakteeri,viljely,virtsasta	73	21	45
bakteeri,viljely,ysköksestä	73	22	45
bakteeri,viljelyjanuk	73	23	45
bakteeri,viljelyvirtsasta	73	24	45
bakteeriulosteviljelyjanho	73	25	45
bakteeriviljely,virtsasta	73	26	45
bakteeriviljelyverestä	73	27	45
ex-tuberkuloosibakteeri,värjäysjaviljely	73	28	45
f-bakt.viljelyjanho	73	29	45
fl-bakteeri,värjäys(jorvinpyyntö)	73	30	45
ps-streptokokki,jatkoviljely(seulottunäyte)	73	31	45
tuberkuloosibakteeri,värjäysjaviljely,muunäyte	73	32	45
tuberkuloosibakteeri,värjäysjaviljely,ysköksestä	73	33	45
u-bakteeri,jatkoviljely,herkkyydet	73	34	45
u-bakteeri,jatkoviljely,seulottun{yt	73	35	45
u-bakteeri,jatkoviljely,seulottunäyt	73	36	45
u-bakteeri,jatkoviljely,seulottunäyte	73	37	45
u-bakteeri,jatkoviljelyseulottunäyte	73	38	45
u-bakteeri,partikkelilask.jatko	73	39	45
u-bakteeri,viljely(virtsa)	73	40	45
u-bakteeri,viljely,virtsa	73	41	45
u-bakteeri,viljelyvirtsasta	73	42	45
u-bakteerijatkoviljely,seulottunäyte	73	43	45
u-bakteerintunnistusjaherkkyys	73	44	45
virtsanjatkoviljely,seulottunäyte	73	45	45
-bordetellaparapertussis,nukleiinihappo	74	1	69
-bordetellapertussis,nukleiinihappo(kval)	74	2	69
-chlamydiapneumoniae,nukleiinihappo(kval)	74	3	69
-dermatofyytti(silsasieni),nukleiinihappo	74	4	69
-humaanimetapneumovirus,nukleiinihappo(kval)	74	5	69
-legionellapneumophila,nukleiinihappo(kval)	74	6	69
-metapneumovirus,nukleiinihappo(kval)	74	7	69
-mycoplasmapneumoniae,nukleiinihappo(kval)	74	8	69
-respiratorisetmikrobit,nukleiinihappo	74	9	69
bordetellaparapertussis,nukleiinihappo(kval)	74	10	69
bordetellaparapertussis,nukleiinihappoosoitus	74	11	69
bordetellaparapertussisnukle	74	12	69
bordetellaparapertussisnukleiinihappo(kval)	74	13	69
bordetellapertussis,nukleiin	74	14	69
bordetellapertussis,nukleiinihaponosoit.(kval)	74	15	69
bordetellapertussis,nukleiinihappo,(kval)	74	16	69
bordetellapertussis,nukleiinihappoosoitus	74	17	69
chlamydiapneumoniae,nukleiinihappo(kval)	74	18	69
chlamydiapneumoniae,nukleiinihappoosoitus	74	19	69
chlamydiapneumoniae,nukleiiniohaponosoitus(pcr)	74	20	69
cryptosporidiumspp.,nukleiinihappo-osoitus	74	21	69
cryptosporidiumspp.nukleiinihappo	74	22	69
cyclosporacayetanensis,nukleiinihappo	74	23	69
dermatofyytit,nukleiinihappo	74	24	69
dermatofyytit,nukleiinihappo(kval)	74	25	69
dientamoebafragilis,nukleiinihappo	74	26	69
dientamoebafragilis,nukleiinihappo-osoitus	74	27	69
entamoebahistolytica,nukleiinihappo	74	28	69
entamoebahistolytica,nukleiinihappo-osoitus	74	29	69
epidermophytonfloccosum,nukleiinihappo(kval)	74	30	69
f-cryptosporidiumspp.,nukleiinihappo(kval)	74	31	69
f-cryptosporidiumspp.nukleiinihappo(kval)	74	32	69
f-cyclosporacayetanensis,nukleiinihappo(kval)	74	33	69
f-dientamoebafragilis,nukleiinihappo	74	34	69
f-eaec(enteroaggregatiivinene.coli),nukleiinihappo(kval)	74	35	69
f-entamoebahistolytica,nukleiinihappo	74	36	69
f-entamoebahistolytica,nukleiinihappo(kval)	74	37	69
f-entamoebahistolytica,nukleiinihappo-osoitus	74	38	69
f-entamoebahistolyticanukl.haponosoitus	74	39	69
f-entamoebahistolyticanukleiinihappo(kval)	74	40	69
f-epec(enteropatogeeninene.coli),nukleiinihappo(kval)	74	41	69
f-giardialamblia,nukleiinihappo	74	42	69
f-giardialamblia,nukleiinihappo(kval)	74	43	69
f-giardialamblia,nukleiinihappo-osoitus	74	44	69
f-giardialamblianuk.hapososoitus	74	45	69
f-giardialamblianukleiinihappo	74	46	69
f-giardialamblianukleiinihappo(kval)	74	47	69
f-ulosteenparasiitit,nukleiinihappo(kval)	74	48	69
f-vibrioparahaemolyticus,nukleiinihappo(kval)	74	49	69
f-vibriovulnificus,nukleiinihappo(kval)	74	50	69
f-viruspatogeenit,nukleiinihappo(kval)	74	51	69
giardialamblia,nukleiinihappo	74	52	69
giardialamblia,nukleiinihappo-osoitus	74	53	69
haemophilusinfluenzae,nukleiinihappo(kval)	74	54	69
haemophilusinfluenzaenukleiinihappo(kval)	74	55	69
humaanimetapneumovirus,nukleiinihappo(kval)	74	56	69
legionellapneumoniaenukleiinihappo(kval)	74	57	69
microsporumcanis,nukleiinihappo(kval)	74	58	69
mycoplasmapneumoniae,nukleiinihaponosoit(kval)	74	59	69
mycoplasmapneumoniae,nukleiinihappo(kval)	74	60	69
mycoplasmapneumoniae,nukleiinihappoosoitus	74	61	69
p-hepatiittic,iggvasta-aineetjanukleiinihappo,(kvant)	74	62	69
respiratorisetmikrobit,nukleiinihappo(kval)	74	63	69
seksivälitteisetmikrobit,nukleiinihappo(kval)	74	64	69
streptococcuspneumoniae,nukleiinihappo(kval)	74	65	69
streptococcuspneumoniaenukleiinihappo(kval)	74	66	69
trichophytonrubrum,nukleiinihappo(kval)	74	67	69
ulosteenparasiitit,nukleiinihappo(kval)	74	68	69
ulosteenparasiitit,nukleiinihappo-osoitus	74	69	69
-bordetellapertussis,nukleiinihappo(kval),osatutkimus	75	1	19
-influenssaa-virus,nukleiinihappo(kval)sis.h7n9)	75	2	19
-mycoplasmagenitalium,nukleiinihappo(kval),refleksinäherkkyysmääritys	75	3	19
adenovirus,nukleiinihaponosoittaminen(kval),ulosteesta	75	4	19
astrovirus,nukleiinihaponosoittaminen(kval),ulosteesta	75	5	19
cryptococcusneoformans,nukleiinihappo(kval),likvori	75	6	19
enterovirus,nukleiinihappo(kval),likvori	75	7	19
herpessimplex-virus1,nukleiinihappo(kval),likvori	75	8	19
herpessimplex-virus2,nukleiinihappo(kval),likvori	75	9	19
influenssaavirus,nukleiinihappo(kval),osatutk.	75	10	19
influenssab-virus,nukleiinihappo(kval),osatutkimus	75	11	19
listeriamonocytogenes,nukleiinihappo(kval),likvori	75	12	19
mikrobit,nukleiinihappo(kval),likvori	75	13	19
neisseriameningitidis,nukleiinihappo(kval),likvori	75	14	19
norovirus,nukleiinihaponosoittaminen(kval),ulosteesta␤	75	15	19
parechovirus,nukleiinihappo(kval),likvori	75	16	19
rs-virus,nukleiinihappo(kval)␤,osatutkimus	75	17	19
sapovirus,nukleiinihaponosoittaminen(kval),ulosteesta	75	18	19
vesirokkovirus,nukleiinihappo(kval),likvori	75	19	19
-cd4-solujensuhdecd8-soluihin	76	1	153
-kt/v,daugirdaksenkaava	76	2	153
-sieni,natiivivalmiste	76	3	153
ab-aktuaalibikarbonaatti	76	4	153
ab-lämpötila(he-tase)	76	5	153
ab-standardibikarbonaatti	76	6	153
alaniiniaminotransferaasi	76	7	153
alaniiniaminotransferaasi,plasmasta	76	8	153
alkalinenfosfataasi	76	9	153
angiotensiini-1-konvertaasi	76	10	153
aspartaattiaminotransferaasi	76	11	153
b-basofiilisetleukosyytit	76	12	153
b-cd3-positiivisett-lymfosyytit	76	13	153
b-cd4-positiivisett-lymfosyytit	76	14	153
b-cd8-positiivisett-lymfosyytit	76	15	153
b-diffi,erittelylaskenta,klooni	76	16	153
b-fosfatidyylietanoli	76	17	153
b-fosfatidyylietanoli,verestä	76	18	153
b-fosfatidyylietanolivita	76	19	153
b-haemophilusinfluenzae	76	20	153
b-hemoglobiinipikahoitoyksiköt	76	21	153
b-suuretvärjäytymättömätsolut	76	22	153
basofiilisetleukosyytit	76	23	153
blastit,osuusleukosyyteistä	76	24	153
cb-standardibikarbonaatti	76	25	153
chlamydiapneumoniae,nukleiin	76	26	153
d-vitamiini-25-oh,d3-jad2-muodot	76	27	153
d-vitamiini-25-oh,plasmasta	76	28	153
e-punasolujenkokojakaum	76	29	153
e-punasolujenkokojakauma	76	30	153
e-rdw,punasolujenkokojakauma	76	31	153
ekg,hoitoyksikönottama	76	32	153
ekgasiakkaanottama	76	33	153
erikoislääkärinkonsultaatio	76	34	153
folaatti(fe-folaat)	76	35	153
follikkeliastimuloivahormoni	76	36	153
fosfaatti,epäorgaaninen	76	37	153
fosfatidyylietanoli	76	38	153
fosfatidyylietanoli,verestä	76	39	153
fosfatidyylietanoli,verestätth	76	40	153
fosfatidyylietanoli,veri	76	41	153
fp-fosfaatti,epäorgaaninen	76	42	153
fp-glutamyylitransferaasi	76	43	153
fp-parathormoni(intakti)	76	44	153
fp-parathormoni,intakti	76	45	153
fp-reniini,konsentraatio	76	46	153
fras,oksidatiivinenstressi	76	47	153
fs-alaniiniaminotransferaasi	76	48	153
fs-alkalinenfosfataasi	76	49	153
fs-angiotensiini-1-konvertaasi	76	50	153
fs-monikanava4-7tthperuspaketti	76	51	153
fs-työterveyshuollonperuspaketti	76	52	153
glutamyylitransferaasi	76	53	153
haemophilusinfluenzaenukleii	76	54	153
humaanimetapneumovirus,nukle	76	55	153
humanmetapneumovirus,ag	76	56	153
ilmajohtotarv.luujohto	76	57	153
korona-rs-influenssa,pcrpikatesti	76	58	153
kreatiinikinaasi	76	59	153
l-basofiilisetleukosyytit	76	60	153
l-basofiilit,automaatio	76	61	153
l-eosinofiilit,automaatio	76	62	153
l-lymfosyytit,automaatio	76	63	153
l-monosyytit,automaatio	76	64	153
l-neutrofiilit,automaatio	76	65	153
l-suuretvärjääntymättömätsolut	76	66	153
laktaattidehydrogenaasi	76	67	153
legionellapneumoniaenukleiin	76	68	153
li-haemophilusinfluenzaenukl.haponos.	76	69	153
luustoisoentsyymi	76	70	153
maksa-1-isoentsyymi	76	71	153
metamyelosyytit,osuusleukosyyteistä	76	72	153
mycoplasmapneumoniae,nukleii	76	73	153
myelosyytit,osuusleukosyysteistä	76	74	153
p-aktuaalinenbikarbonaatti	76	75	153
p-alaniiniaminotransferaasi	76	76	153
p-alkaalinenfosfataasi	76	77	153
p-alkalinenfosfataasi	76	78	153
p-aspartaattiaminotransferaasi	76	79	153
p-bilirubiinikonjugaatit	76	80	153
p-crp-hy,osoitushoitoyksikössä	76	81	153
p-follikkeliastimuloivahormoni	76	82	153
p-fosfaatti,epäorgaaninen	76	83	153
p-glukoosi,2tuntiaaterianjälkeen	76	84	153
p-glukoosi,toimintakokeissa,1h	76	85	153
p-glukoosi,toimintakokeissa,2h	76	86	153
p-glukoosi,toimntakokeissa0m	76	87	153
p-glukoosipikahoitoyksiköt	76	88	153
p-glutamyylitransferaasi	76	89	153
p-inr-hy,hoitoyksikkö	76	90	153
p-kaliumpikahoitoyksiköt	76	91	153
p-kloridipika,hoitoyksiköt	76	92	153
p-kreatiinikinaasi	76	93	153
p-kreatiniinipikahoitoyksiköt	76	94	153
p-laktaattidehydrogenaasi	76	95	153
p-laktaattipikahoitoyksiköt	76	96	153
p-lupusantikoagulantti	76	97	153
p-luteinisoivahormoni	76	98	153
p-natriumpika,hoitoyksiköt	76	99	153
p-omagluk,,potilasmittaringlukoosi	76	100	153
p-psavapaanosuustotaalista	76	101	153
p-troponiinitpika,hoitoyksiköt	76	102	153
p-urea,resirkulaatio	76	103	153
potilasmittaringlukoosi,ihopisto	76	104	153
potilasmittaringlukoosi,sensori	76	105	153
psa-vapaa/totaali-suhde,plasmasta	76	106	153
psavapaanjatotaalinsuhde	76	107	153
pt-vaativainhalaatiohoito	76	108	153
punasolojenkokojakauma	76	109	153
punasolujenerittelylaskenta	76	110	153
punasolujenesiasteet(erytroblastit)	76	111	153
punasolujenkokojakauma	76	112	153
punasolujenkokojakautuma	76	113	153
punasolujenkoonvaihtelu	76	114	153
punasolut,kokojakauma	76	115	153
s-alaniiniaminotransferaasi	76	116	153
s-alkalinenfosfataasi	76	117	153
s-alkalinenfosfataasi,isoentsyymit	76	118	153
s-aspartaattiaminotransferaasi	76	119	153
s-c-peptidi1haterianjälkeen	76	120	153
s-c-peptidiaterianjälkeen	76	121	153
s-follikkeliastimuloivahormoni	76	122	153
s-glutamyylitransferaasi	76	123	153
s-glykoproteiininasetylaatio	76	124	153
s-kertatyydyttymättömätrasvahapot	76	125	153
s-luteinisoivahormoni	76	126	153
s-luustoisoentsyymi	76	127	153
s-luustoisoentsyymi(afos)	76	128	153
s-maksa-1-isoentsyymi	76	129	153
s-maksa-1-isoentsyymi(afos)	76	130	153
s-maksa-2-isoentsyymi	76	131	153
s-maksa-2-isoentsyymi(afos)	76	132	153
s-monityydyttymättömätrasvahapot	76	133	153
s-neuronispesifinenenolaasi	76	134	153
s-nightingale-mittaus	76	135	153
s-psavapaanjatotaalinsuhde	76	136	153
s-suolistoisoentsyymi	76	137	153
s-suolistoisoentsyymi(afos)	76	138	153
s-tymidiinikinaasi	76	139	153
s-tyydyttyneetrasvahapot	76	140	153
s-vapaanjakokonais-psa:nsuhde	76	141	153
sars-cov-2,influenssaa,bja	76	142	153
sars-cov-2-antigeenitesti,pikatesti	76	143	153
suolistoisoentsyymi	76	144	153
tth-pakettia(ilmanpaastoa)	76	145	153
tth:ssavirtsanprotjagluk	76	146	153
u-liuska,seulontahoitoyksiköt	76	147	153
u-solut,peruslaskenta	76	148	153
ulosteenripulivirukset,nukle	76	149	153
vb-aktuaalibikarbonaatti	76	150	153
vb-standardibikarbonaatti	76	151	153
virtsansolujenhl7-siirtoon	76	152	153
zb-aktuaalibikarbonaatti	76	153	153
-dialyysinjälkeen,p-urea	77	1	73
-ennendialyysiä,p-urea	77	2	73
alfa-1-fetoproteiini,seerumista	77	3	73
dialyysiaedeltäväp-urea	77	4	73
dialyysinjälkeinenp-urea	77	5	73
dialyysinriittävyydensuhdeluku␤	77	6	73
ex-sieni,viljely,yskös	77	7	73
gamma-fraktio,seerumista␤	77	8	73
hiiva,viljely,limakalvo␤	77	9	73
immunofiksaatio,seerumista	77	10	73
klotsapiini,seerumi	77	11	73
klotsapiini,seerumista␤	77	12	73
kreatiinikinaasi,mb-alayksikkö	77	13	73
kreatiniini(4600p-krea)	77	14	73
kreatiniini(krea)	77	15	73
kreatiniini(p-krea)	77	16	73
kreatiniini(u-maniposat.)	77	17	73
kreatiniini,pika	77	18	73
kreatiniini,pikatesti	77	19	73
kreatiniini,plasma	77	20	73
kreatiniini,plasmasta	77	21	73
m-komponentti-1,seerumista	77	22	73
mm-hygienianäyte,viljely(äidinmaito)	77	23	73
p-kreatiinikinaasi,mb-alayksikkö,massa	77	24	73
p-kreatiniinitykslab	77	25	73
p-kreatiniinitykslab(osat.)	77	26	73
p-kreatiniinitykslab(sis.gfreepi)	77	27	73
p-reumafaktori,määritys	77	28	73
p-reumafaktori,plasmasta	77	29	73
p-trijodityroniini,vapaa	77	30	73
p-trijodityroniini,vapaa,plasmasta	77	31	73
p-tyroksiini,vapaa	77	32	73
p-tyroksiini,vapaa(ko)	77	33	73
p-tyroksiini,vapaa(pi)	77	34	73
p-urea,10mindialyysinjälkeen	77	35	73
p-urea,ennendialyysiä	77	36	73
prealbumiini,plasma	77	37	73
prealbumiini,seerumista␤	77	38	73
proteiini,fraktiot,seerumi	77	39	73
proteiini,fraktiot,seerumista	77	40	73
proteiini,fraktiot,seerumista␤	77	41	73
proteiini,ty,seerumista	77	42	73
reumafaktori,määritys,seerumista	77	43	73
reumafaktori,plasmasta	77	44	73
s-proteiini,fraktiot,seerumi	77	45	73
s-reumafaktori,määritys	77	46	73
s-testo,vap,laskmassasp	77	47	73
s-testosteroni,herkkä	77	48	73
s-testosteroni,seerumista	77	49	73
s-testosteroni,vapaa,laskettu	77	50	73
s-testosteronivapaalaskettu	77	51	73
s-testosterooni,vapaa,lask.	77	52	73
s-testostervapaalaske	77	53	73
s-tyroksiini,vapaa	77	54	73
sieni,viljely(syvänäyte)	77	55	73
sieni,viljelyjanatiivi	77	56	73
sk-sieni,viljely(pintanäyte)	77	57	73
sk-sieni,viljely(pintasieni)	77	58	73
testosteroni,vapaalask	77	59	73
testosteroni,vapaalaskettu	77	60	73
trijodityroniini,vapaa	77	61	73
trijodityroniini,vapaa(t3v)	77	62	73
tyreoglobuliini,seerumista	77	63	73
tyreotropiiniseerumista	77	64	73
tyroksiini,vapaa	77	65	73
tyroksiini,vapaa(t4v)	77	66	73
tyroksiini,vapaa,plasmasta	77	67	73
tyroksiini,vapaaseerumista	77	68	73
u-kreatiniinimmol/l(u-albkre)	77	69	73
urea,dialyysinjälkee	77	70	73
urea,dialyysinjälkeen,plasmasta␤	77	71	73
urea,ennendialyysia,plasmasta␤	77	72	73
urea,ennendialyysiä	77	73	73
-respiratoristenmikrobientutkimus	78	1	85
aikuistyypindiabetes,vuosikontrolli	78	2	85
b-talteen.kttutkimusnäytteille	78	3	85
b-täydellinenverenkuva	78	4	85
b-täydellinenverenkuva(pi)	78	5	85
happisaturaatiovastaanotolla	78	6	85
hba1cvieritestipoliklinikoille	78	7	85
kemiallinenseulonta	78	8	85
kemiallinenseulonta,virtsasta	78	9	85
kemiallinenseulonta,virtsasta␤	78	10	85
keuhkoahtaumatautiriski(tupakoivilla)	78	11	85
keuhkosyöpäriski(tupakoivilla)	78	12	85
konsultaatiopyyntöerikoislääkärille	78	13	85
l-liuskatumaisetneutrofiilit␤	78	14	85
liuskatumaisetneutrofiilit	78	15	85
middleeastrespiratorysyndro	78	16	85
mittaustulos(mg/l)	78	17	85
mittaustulos(mmol/l)	78	18	85
moniresistentitgramnegatiivis	78	19	85
n-terminaalinenpro-bnp(nt-probnp)	78	20	85
näyteenlaatu,lipehemoikte,advia	78	21	85
näytteenotto(nordlab)	78	22	85
näytteenottoislab	78	23	85
näytteenottomaksu	78	24	85
osmolaliteetinestimaatti	78	25	85
osmolaliteetti,virtsa	78	26	85
osmolaliteetti,virtsasta␤	78	27	85
osmolaliteettiestimoitu	78	28	85
otettujenpurkkien/putkienlkm	78	29	85
p-talteen.kttutkimusnäytteille	78	30	85
p-uraatti,plasma(umol/l)	78	31	85
patologianlaskutus,päijät-häme	78	32	85
patologiannäytteenkäsittely	78	33	85
pef-seurantavastaanotolla	78	34	85
perusterveyspakettialat	78	35	85
perusterveyspakettigluk	78	36	85
perusterveyspakettigt	78	37	85
perusterveyspakettihdl-kol	78	38	85
perusterveyspakettikol	78	39	85
perusterveyspakettikrea	78	40	85
perusterveyspakettilowdensitylipoprot	78	41	85
perusterveyspakettitrigly	78	42	85
pika-crptyöterveysasemalla	78	43	85
pt-ekg,tavallinen12kytkentää	78	44	85
pt-näytteenotto,normaali	78	45	85
pt-näytteenotto,päivystys	78	46	85
pt-näytteenottomaksu(oletus)	78	47	85
pt-näytteensaapuminenjakäsittely	78	48	85
rasvapaketti(6027fp-lipidit)	78	49	85
rasvapaketti(fp-lipidit)	78	50	85
rasvapaketti(lipidit)	78	51	85
respiratorisetbakteerit,nukl	78	52	85
respiratorisetmikrobit,nukle	78	53	85
respiratorisetvirukset,nukle	78	54	85
s-näytteenotto,veriviljely	78	55	85
s-talteen.kttutkimusnäytteille	78	56	85
seerumisilmätippojennäytteenottoja-käsittely	78	57	85
suhteellinentiheys	78	58	85
suhteellinentiheys(kval)	78	59	85
suhteellinentiheys,virtsasta	78	60	85
suhteellinentiheys,virtsasta,osatutk.	78	61	85
suhteellinentiheys,virtsasta,vieritesti	78	62	85
talteen(plasma,kts.näytteenotto-ohje)	78	63	85
talteen(seerumi,kts.näytteenotto-ohje)	78	64	85
timeintherapeuticrange(sis.inr:n)	78	65	85
tntvieritesti,terveyskeskuksille	78	66	85
täydellinenverenkuva	78	67	85
u-kemiallinenseulonta	78	68	85
u-kemiallinenseulonta,otsikko,osatutk	78	69	85
u-kemiallinenseulontatykslab	78	70	85
u-kemseul,kemiallisetosoituskokeet	78	71	85
u-osmolaliteetti,estimoitu	78	72	85
u-osmolaliteettilaskennallinenosatutkuf1000	78	73	85
u-suhteellinentiheys	78	74	85
u-suhteellinentiheys,kval	78	75	85
u-suhteellinentiheys,kval,vierit.hoitoyksikös	78	76	85
u-suhteellinentiheyskg/l	78	77	85
u-suhteellinentiheysstix	78	78	85
ultramaxtutkimusvastaanotolla	78	79	85
verenpainetauti,erotusdiagnostiikka	78	80	85
verenpainetauti,laajakontrolli	78	81	85
verikaasut,elektrolyytitym.,	78	82	85
verikaasut,metaboliititym.,	78	83	85
virtsankemiallinenseulonta	78	84	85
virtsansuhteellinentiheys	78	85	85
-chl.trach.janeisser.gonorrh,nukl.hapon(kval)	79	1	28
-neisseriagonnorrhoeae,nukleiinihappo(kval)	79	2	28
-neisseriagonorrhoea,nukleiinihaponosoittaminen	79	3	28
-neisseriagonorrhoeae(gonokokki),nukleiiihapp	79	4	28
-neisseriagonorrhoeae,nukleiinihaponosoittaminen	79	5	28
-neisseriagonorrhoeae,nukleiinihappo(kval)	79	6	28
-neisseriagonorrhoeae,nukleiinihappo/kauklahti	79	7	28
-neisseriagonorrhoeae,nukleiinihappokotona(kval)	79	8	28
..-gonokokki/neisserea,nukl.haponos.(kval),pcr	79	9	28
c.trachomatisjan.gonnorreae,nukeliinihappomuistanäytteistä	79	10	28
c.trachomatisjan.gonorrhoeae,nukleiinihappovirtsasta	79	11	28
chl.trachom.jan.gonorrhoeae,nukleiinihappo(	79	12	28
chl.trachom.jan.gonorrhoeae,nukleiinihappo(kval)	79	13	28
chl.trachomatisjan.gonorrhoenukleiinihappo(kval	79	14	28
chlamydiatrachomatisjan.gonorrhoeae,nukleiinihaponos.,virtsasta	79	15	28
neisseriagononorrhoeae,nukleiinihappo(kval)	79	16	28
neisseriagonorr.nho	79	17	28
neisseriagonorrhoea,nukleiinihaponos.,osatutk.1738	79	18	28
neisseriagonorrhoea,nukleiinihaponos.,virtsasta,osatutk.4816	79	19	28
neisseriagonorrhoeae,nho	79	20	28
neisseriagonorrhoeae,nukleiinihappo(kval)	79	21	28
neisseriagonorrhoeaevirtsasta	79	22	28
u-chl.trach.janeisser.gonorrh.nukl.happo(kval)	79	23	28
u-neisseriagonorrhoeae,nho(kval)	79	24	28
u-neisseriagonorrhoeae,nukl.os.(kval)	79	25	28
u-neisseriagonorrhoeae,nukleiinihaponosoitus	79	26	28
u-neisseriagonorrhoeae,nukleiinihappo(kval)	79	27	28
u-neisseriagonorrhoeae,nukleiinihappokotona(kval)	79	28	28
-chlamydiatrachomatis,nukleiinihaponosoittaminen	80	1	22
-chlamydiatrachomatis,nukleiinihaponosoitus	80	2	22
-chlamydiatrachomatis,nukleiinihappo(kval)	80	3	22
-chlamydiatrachomatis,nukleiinihappokotona	80	4	22
-chlamydiatrachomatis,osoittaminennukleiinihap	80	5	22
..-chlamydiatrachomatis,nukl.haponos.(kval)	80	6	22
chlamydiatrachom.janeissgono(kval)	80	7	22
chlamydiatrachom.nho	80	8	22
chlamydiatrachomatis,nhosoitus	80	9	22
chlamydiatrachomatis,nukeliinihappo(kval)	80	10	22
chlamydiatrachomatis,nukleiinihaponos.,osatutk.1738	80	11	22
chlamydiatrachomatis,nukleiinihaponos.,virtsasta,osatutk.4816	80	12	22
chlamydiatrachomatis,nukleiinihaponosoittaminen	80	13	22
chlamydiatrachomatis,nukleiinihappo(kval)	80	14	22
chlamydiatrachomatis,nukleiinihappovirtsasta	80	15	22
u-chlamydiatrachomatis,nho(kval)	80	16	22
u-chlamydiatrachomatis,nukleiinihaponosoitus	80	17	22
u-chlamydiatrachomatis,nukleiinihappo	80	18	22
u-chlamydiatrachomatis,nukleiinihappo(kval)	80	19	22
u-chlamydiatrachomatis,nukleiinihappokotona(kval)	80	20	22
u-chlamydiatrachomatis,virtsasta,osnukleiinihappo	80	21	22
␤␤␤␤␤chlamydiatrachomatis,nukleiinihappo(kval)	80	22	22
-chlamydiatrachomatisjaneisseriagonorrhoea,	81	1	17
-chlamydiatrachomatisjaneisseriagonorrhoeae,n	81	2	17
-chlamydiatrachomatisjaneisseriagonorrhoeae,nukleiinihappo(kval)	81	3	17
-chlamydiatrachomatisjaneisseriagonorrhoeae,nukleiinihappo(kval),klamydia	81	4	17
-chlamydiatrachomatisjaneisseriagonorrhoeae,nukleiinihappokotona(kval)	81	5	17
chlamydiatrachomatisjaneisseriagonorrhoeae,nho,limakalvoilta␤	81	6	17
chlamydiatrachomatisjaneisseriagonorrhoeae,nho,virtsasta␤	81	7	17
chlamydiatrachomatisjaneisseriagonorrhoeae,nukl.happo(kval)limakalvolta	81	8	17
chlamydiatrachomatisjaneisseriagonorrhoeae,nukleiinihappo(kval)	81	9	17
chlamydiatrachomatisjaneisseriagonorrhoeae,nukleiinihappo(kval),virtsasta	81	10	17
klamydia,tippuri.chlamydiatrachomatisjaneisseriagonorrhoeae,nukleiinihappo(kval)	81	11	17
u-chlam.trachomatisjaneisseriagonorr,nukleiinihappo(kval)	81	12	17
u-chlamydiatrachomatis+neisseriagonorrhoeae,nu	81	13	17
u-chlamydiatrachomatisjaneisseriagonorrhoeae,	81	14	17
u-chlamydiatrachomatisjaneisseriagonorrhoeae,nukleiinihappo(kval)	81	15	17
u-chlamydiatrachomatisjaneisseriagonorrhoeaennukleiinihappo(kval),virtsa	81	16	17
u-chlamydiatrachomatisjaneisseriagonorrhoeanukleiinihappo	81	17	17
-covid-19-koronavirustauti,antigeeni	82	1	14
-covid-19-koronavirustauti,nho(kval)	82	2	14
-covid-19-koronavirustauti,nho-pikatesti(kval)	82	3	14
-covid-19-koronavirustauti,nukleiinihappo(kval)	82	4	14
-cv19nho-covid-19koronavirustauti,nukleiinihappo(kval)	82	5	14
covid-19-koronavirustauti,nhovtm10,vieritutkimus	82	6	14
covid-19-koronavirustauti,nuk	82	7	14
covid-19-koronavirustauti,nukleiinihappo	82	8	14
covid-19-koronavirustauti,nukleiinihappo(kval)	82	9	14
covid-19-koronavirustauti,nukleiinihappo,osatutkimus	82	10	14
covid-19-koronavirustauti,poistettukäytöstä1.11.2023	82	11	14
covid-19koronavirus,2019-ncov,pcr-tutkimus	82	12	14
s-covid-19-koronavirustauti,iga-vasta-aineet	82	13	14
s-covid-19-koronavirustauti,igg-vasta-aineet	82	14	14
-epidermophytonfloccosumnho	83	1	167
-niskaturvotus	83	2	167
-pan-dermatofyytit,nukl	83	3	167
-pan-dermatofyyttinho	83	4	167
-scopulariopsisbrevicaulisnho	83	5	167
alkoholimaksasairausriski	83	6	167
antifaktorix-aktiivisuus	83	7	167
b-b-cd19,b-solut	83	8	167
b-bacteroidesfragilis	83	9	167
b-enterobacterales	83	10	167
b-enterobactercloacaecomplex	83	11	167
b-enterococcusfaecalis	83	12	167
b-enterococcusfaecium	83	13	167
b-escherichiacoli	83	14	167
b-klebsiellaaerogenes	83	15	167
b-klebsiellaoxytoca	83	16	167
b-klebsiellapneumoniaegroup	83	17	167
b-listeriamonocytogenes	83	18	167
b-neisseriameningitidis	83	19	167
b-nk,nk-solut	83	20	167
b-pseudomonasaeruginosa	83	21	167
b-sopivuuskoenäyte	83	22	167
b-sopivuusnäyte	83	23	167
b-stenotrophomonasmaltophilia	83	24	167
b-t-cd3,t-solut	83	25	167
b-t-cd4,t-auttajasolut	83	26	167
b-t-cd8,t-estäjäsolut	83	27	167
b-verensopivuuskoe	83	28	167
b-verensopivuuskoenäyte	83	29	167
b1-vitentsyymiaktiivisuus	83	30	167
b2-vitentsyymiaktiivisuus	83	31	167
b6-vitentsyymiaktiivisuus	83	32	167
deksametasoni-koe,lyhyt	83	33	167
down-riskisuhde,2.-sikiö	83	34	167
e-redcelldistributionwidth	83	35	167
e-veriryhmä,abojarh	83	36	167
e-veriryhmä,abojarh(neuvola)	83	37	167
e-veriryhmä,tarkistus	83	38	167
e-veriryhmäjarh	83	39	167
e-veriryhmätarkistus	83	40	167
eosinofiilit,pleuraneste	83	41	167
epidermophytonfloccosum	83	42	167
fp-kolesteroli	83	43	167
fs-kolesteroli	83	44	167
fs-kolesteroli/hdl-kolesteroli-suhde	83	45	167
fs-kolesterolinjahdl-kolesterolinsuhde	83	46	167
hdl-kolesteroli	83	47	167
hpv+nestepapa,refleksitutkimus	83	48	167
hpv+nestepapayhdistelmä	83	49	167
hpvjaehdollinennestepapa	83	50	167
hpvnho,nestepapa	83	51	167
hpvnhojarefnestepapa	83	52	167
kiteet(kval),nivelnesteestä␤	83	53	167
kiteet(kval)nivelneste	83	54	167
kolesteroli	83	55	167
kolesteroli,lowdensity	83	56	167
kolesteroli/hdl-kolesteroli-suhde	83	57	167
kolesteroli/hdl-suhde	83	58	167
kolesteroli/lipidit	83	59	167
kolesteroli/lipiditosatutkimus	83	60	167
kolesterolinjahdl-kolest.suhde	83	61	167
kolesterolinjahdl-kolesterolinsuhde	83	62	167
kolesteroliplasmasta	83	63	167
kudosn.hist.tutk.2näyt	83	64	167
kudosnäyte1-3biopsiaa	83	65	167
ldl-kolesteroli	83	66	167
levyepiteelisolut	83	67	167
ly-b-cd19,b-solujenosuus	83	68	167
ly-nk,nk-solujenosuus	83	69	167
ly-t-auttajasojenosuus	83	70	167
ly-t-cd3,t-solujenosuus	83	71	167
ly-t-cd4/cd8,t-auttaja/estäjäsolujensuhde	83	72	167
lähetefysikaaliseenhoitoon	83	73	167
lähetetyöpsykologille	83	74	167
läheteyleislääkärille	83	75	167
maksanfibroosijakirroosiriski	83	76	167
muuhpvtyyppikuin16/18	83	77	167
muutsolut,askitesneste	83	78	167
muutsolut,nivelneste	83	79	167
muutsolut,pleuraneste	83	80	167
muutsolut,selkäydinneste	83	81	167
neulanpistopaketti(kohde)	83	82	167
neutrofiilit,pleuraneste	83	83	167
neuvolanäytteenotto	83	84	167
nielunag(strepa+adeno)	83	85	167
non-hdl-kolesteroli	83	86	167
non-hdl-kolesteroli(-non-hdl)	83	87	167
non-hdl-kolesteroli,paastoplasma	83	88	167
non-hdl-kolesteroli,plasma	83	89	167
ntmomk2,2.-sikiö	83	90	167
p-glukoosirasitus,120minnäyte	83	91	167
p-hyytymistekijäviii	83	92	167
p-hyytymistekijäviii(t)	83	93	167
p-hyytymistekijäviii.	83	94	167
p-kolesteroli	83	95	167
p-kolesteroli,hdl	83	96	167
p-kolesteroli,ldl	83	97	167
p-kolesteroli-ldl	83	98	167
p-ldl-kolesteroli,suoramittaus	83	99	167
p-psa,leikattupotilas	83	100	167
p-psa,sädehoidettupotilas	83	101	167
p-vonwillebrand-tekijä,aktiivisuus(t)	83	102	167
perustutkimus,esitiedot	83	103	167
ph,seerumista,osatutk	83	104	167
pienetepiteelisolut	83	105	167
plesiomonasshigelloides	83	106	167
polikliininennäytteenotto	83	107	167
proteiini,selkäydinnesteestä␤	83	108	167
pt-biopankkinäyte	83	109	167
pt-deksametasonikoe,lyhyt	83	110	167
pt-eristysnäytteenotto	83	111	167
pt-gluk-r1:fp-gluk0-näyte	83	112	167
pt-gluk-r1:p-gluk2hnäyte	83	113	167
pt-gluk-r6:fp-gluk0-näyte	83	114	167
pt-gluk-r6:p-gluk1hnäyte	83	115	167
pt-gluk-r6:p-gluk2hnäyte	83	116	167
pt-gynekol.irtosolututk	83	117	167
pt-nenänielunäytteenotto	83	118	167
pt-sprneuvolanäytteet	83	119	167
pt-tutkimusnäyte3	83	120	167
redcelldistributionwidth	83	121	167
s-hdl-kolesteroli	83	122	167
s-kolesteroliosatutkimus	83	123	167
s-kolesterolitasapaino	83	124	167
s-ldl-kolesteroli	83	125	167
s-neulanpisto,altistunut	83	126	167
s-ngkokonaiskolesteroli	83	127	167
s-niskaturvotus,2.-sikiö	83	128	167
s-pölyer(ent.phadiatop)tykslab	83	129	167
s-sydäntautiriski	83	130	167
s-sydäntautiriskinpisteytys	83	131	167
s-triglyseriditosatutkimus	83	132	167
s-tyypin2diabetesriski	83	133	167
s-tyypin2diabetesriskinpisteytys	83	134	167
s-vldl-kolesteroli	83	135	167
sokerirasitus,2hnäyte	83	136	167
solut,bronkoalveolaarineste	83	137	167
solut,nivelneste	83	138	167
solut,pleuraneste	83	139	167
solut,selkäydinneste	83	140	167
sopivuuskoe,verestä	83	141	167
suppealeikkausnäyte,kudosnos	83	142	167
sydän-javerisuonitautiriski	83	143	167
sydäninfarktiriski	83	144	167
tr13riskisuhde,2.-sikiö	83	145	167
tr18riskisuhde,2.-sikiö	83	146	167
ts-kudospankkinäyte	83	147	167
tth-screenlaajapethnextgen	83	148	167
tth-screennextgen	83	149	167
tth-screenpethnextgen	83	150	167
tyypin2diabetesriski	83	151	167
u-bakteeritosatutkuf1000	83	152	167
u-epiteelisolu	83	153	167
u-epiteelisolut	83	154	167
u-levyepiteelisolut	83	155	167
u-lieriöt,osatutkuf1000	83	156	167
u-pienetepiteelisolut	83	157	167
valvottuvirtsanäytteenotto	83	158	167
verensopivuuskoe,verestä	83	159	167
verensopivuuskoenäyte	83	160	167
verenvalkosolut	83	161	167
veriryhmä,abojarh,punasoluista	83	162	167
veriryhmä,tarkistus	83	163	167
veriryhmäjarh	83	164	167
veriryhmäjarh,spr	83	165	167
veriryhmäjarh,tarkistus,osatutk	83	166	167
veriryhmätarkistus/sopivuuskoe	83	167	167
-gluk-tbr	84	1	24
-gluk-tir	84	2	24
gluk-vieri	84	3	24
gluk0	84	4	24
gluk0min	84	5	24
gluk120min	84	6	24
gluk1h	84	7	24
gluk2h	84	8	24
gluk30min	84	9	24
gluk60min	84	10	24
glukbel-vp	84	11	24
glukoosi120min	84	12	24
glukr-0	84	13	24
glukr-1h	84	14	24
glukr-2h	84	15	24
glukr0	84	16	24
glukr0-n	84	17	24
glukr1h	84	18	24
glukr1valm	84	19	24
glukr2h	84	20	24
glukras-0	84	21	24
glukras120	84	22	24
glukrvalm	84	23	24
glukvieri	84	24	24
gt-cdt-ind	85	1	184
p-at3-spr	85	2	184
p-lupusak	85	3	184
p-lupusak.	85	4	184
p-pbmcbio	85	5	184
p-traispr	85	6	184
p-tt-spa	85	7	184
p-tt-spr	85	8	184
patlislaus	85	9	184
pd-bavikäs	85	10	184
pf-ada/s-ada	85	11	184
ps-nieluag	85	12	184
pt-abiras	85	13	184
pt-acth-r1	85	14	184
pt-acth-ro	85	15	184
pt-acthrma	85	16	184
pt-acthrmk	85	17	184
pt-ada-ind	85	18	184
pt-aiv-pet	85	19	184
pt-aktig	85	20	184
pt-aktig-2	85	21	184
pt-angirtg	85	22	184
pt-aud-koj	85	23	184
pt-audio	85	24	184
pt-audio,	85	25	184
pt-audio,tk	85	26	184
pt-audio-1	85	27	184
pt-audio/i	85	28	184
pt-audit	85	29	184
pt-cert	85	30	184
pt-dcosb-x	85	31	184
pt-dcosb1	85	32	184
pt-diabet	85	33	184
pt-diascr	85	34	184
pt-dopatrg	85	35	184
pt-downiri	85	36	184
pt-downris	85	37	184
pt-dxm-r1	85	38	184
pt-erist	85	39	184
pt-esopais	85	40	184
pt-esozmot	85	41	184
pt-fdg-pet	85	42	184
pt-fdgvpet	85	43	184
pt-fib-4	85	44	184
pt-fvsirod	85	45	184
pt-fvspdo6	85	46	184
pt-fvspid	85	47	184
pt-fvspidl	85	48	184
pt-fvspido	85	49	184
pt-fvspio	85	50	184
pt-fvspird	85	51	184
pt-fvspiro	85	52	184
pt-gal-r3	85	53	184
pt-galt1/2	85	54	184
pt-glomfr	85	55	184
pt-hembio	85	56	184
pt-hertta	85	57	184
pt-hpvlbc	85	58	184
pt-iho-r1	85	59	184
pt-iho-r3	85	60	184
pt-imutieg	85	61	184
pt-kauvduä	85	62	184
pt-kons-1	85	63	184
pt-konsn-1	85	64	184
pt-konsnh	85	65	184
pt-konsul	85	66	184
pt-konsulp	85	67	184
pt-koveeg1	85	68	184
pt-koveegj	85	69	184
pt-kt/v	85	70	184
pt-kt/v1	85	71	184
pt-kudsop	85	72	184
pt-laihdu	85	73	184
pt-lakt-r1	85	74	184
pt-lausklf	85	75	184
pt-lisäla2	85	76	184
pt-lisäla3	85	77	184
pt-lisälau	85	78	184
pt-lisäsyt	85	79	184
pt-luuspeg	85	80	184
pt-luustog	85	81	184
pt-luutih2	85	82	184
pt-luutih3	85	83	184
pt-luutil2	85	84	184
pt-luutil3	85	85	184
pt-meet2	85	86	184
pt-meetin	85	87	184
pt-meeting	85	88	184
pt-miesl	85	89	184
pt-miesp	85	90	184
pt-miestp	85	91	184
pt-munfung	85	92	184
pt-nainenl	85	93	184
pt-nainenp	85	94	184
pt-naistp	85	95	184
pt-nmus-1	85	96	184
pt-nohuume	85	97	184
pt-notsd	85	98	184
pt-notto	85	99	184
pt-notto-h	85	100	184
pt-notto1	85	101	184
pt-notto2	85	102	184
pt-notto3	85	103	184
pt-notto4	85	104	184
pt-nottono	85	105	184
pt-nottopä	85	106	184
pt-nselv	85	107	184
pt-näesiv	85	108	184
pt-näkös	85	109	184
pt-näysaap	85	110	184
pt-näytott	85	111	184
pt-obd-1	85	112	184
pt-obd-his	85	113	184
pt-omaekg	85	114	184
pt-paino	85	115	184
pt-papa	85	116	184
pt-papa-1	85	117	184
pt-papa-2	85	118	184
pt-papa-tk	85	119	184
pt-papa1	85	120	184
pt-papahpv	85	121	184
pt-papalbc	85	122	184
pt-papanes	85	123	184
pt-papepyy	85	124	184
pt-paratyg	85	125	184
pt-pef-ras	85	126	184
pt-pef-vrk	85	127	184
pt-pentaca	85	128	184
pt-pha-avs	85	129	184
pt-poamlm1	85	130	184
pt-pol-as	85	131	184
pt-pol-eil	85	132	184
pt-polamb	85	133	184
pt-polamb1	85	134	184
pt-polambl	85	135	184
pt-polambs	85	136	184
pt-psg-amb	85	137	184
pt-psmapet	85	138	184
pt-punktio	85	139	184
pt-radjodh	85	140	184
pt-rasukg	85	141	184
pt-rinoman	85	142	184
pt-rrkoti	85	143	184
pt-selvit	85	144	184
pt-skoorah	85	145	184
pt-som-pet	85	146	184
pt-sper-1	85	147	184
pt-sper-2	85	148	184
pt-sper-3	85	149	184
pt-sperma	85	150	184
pt-spird-x	85	151	184
pt-spirlau	85	152	184
pt-spiro-x	85	153	184
pt-spirob,	85	154	184
pt-spirob,tk	85	155	184
pt-spirom	85	156	184
pt-spiromd	85	157	184
pt-sppesu	85	158	184
pt-spr/thl	85	159	184
pt-st-temp	85	160	184
pt-syd-pet	85	161	184
pt-sydperg	85	162	184
pt-sydperq	85	163	184
pt-sydrasq	85	164	184
pt-sydrtuä	85	165	184
pt-sydänuä	85	166	184
pt-tahdist	85	167	184
pt-taksim1	85	168	184
pt-taksim3	85	169	184
pt-terta	85	170	184
pt-tk-ekg	85	171	184
pt-tko-ekg	85	172	184
pt-tthscr1	85	173	184
pt-ttlaite	85	174	184
pt-ttr+inr	85	175	184
pt-vai-tk	85	176	184
pt-valtim	85	177	184
pt-valvot	85	178	184
pt-vartig	85	179	184
pt-vartspq	85	180	184
pt-vitascr	85	181	184
pt-vitrif	85	182	184
puheaudio	85	183	184
äänesaudio	85	184	184
klr-spie	86	1	44
klr-tje	86	2	44
klr-tjj	86	3	44
klr-vap	86	4	44
p-gfr-kre	86	5	44
p-gfreepi	86	6	44
p-gfrtest	86	7	44
pt-apri	86	8	44
pt-ar-r	86	9	44
pt-bmi	86	10	44
pt-brdil	86	11	44
pt-ekg	86	12	44
pt-enmg	86	13	44
pt-gfr-arv	86	14	44
pt-gfr-las	86	15	44
pt-gfre	86	16	44
pt-gfre-3	86	17	44
pt-gfre-cg	86	18	44
pt-gfre-md	86	19	44
pt-gfreep	86	20	44
pt-gfreepi	86	21	44
pt-gfreepio1	86	22	44
pt-gfrekce	86	23	44
pt-gfrekys	86	24	44
pt-icsi	86	25	44
pt-klr-spi	86	26	44
pt-klr-tau	86	27	44
pt-klr-tje	86	28	44
pt-klr-tjm	86	29	44
pt-lis	86	30	44
pt-neni	86	31	44
pt-pef	86	32	44
pt-pol	86	33	44
pt-psg	86	34	44
pt-rr	86	35	44
pt-sep	86	36	44
pt-sik	86	37	44
pt-spr	86	38	44
pt-syke	86	39	44
pt-syn	86	40	44
pt-säil	86	41	44
pt-uvb	86	42	44
pt-vscr	86	43	44
pt-warm	86	44	44
b-gluk-o	87	1	100
b-gluk-pi	87	2	100
b-gluk-pt	87	3	100
b-gluk-vt	87	4	100
b-gluk/pi	87	5	100
b-gluk/pik	87	6	100
b-gluk/tt	87	7	100
b-glukhoi	87	8	100
cb-gluk-0	87	9	100
cb-gluk-v	87	10	100
cb-gluk-vt	87	11	100
cfp-glucos	87	12	100
cp-glucos	87	13	100
cp-gluk-hy	87	14	100
cp-gluk-lb	87	15	100
cp-gluk-o	87	16	100
cp-gluk-po	87	17	100
cp-glukpaa	87	18	100
cp-glukpot	87	19	100
fp-gluk,t	87	20	100
fp-gluk,tk	87	21	100
fp-gluk-0h	87	22	100
fp-gluk-1	87	23	100
fp-gluk-2	87	24	100
fp-gluk-2h	87	25	100
fp-gluk-o	87	26	100
fp-gluk-p	87	27	100
fp-gluk-sn	87	28	100
fp-gluk/0	87	29	100
fp-gluk/pi	87	30	100
fp-gluk0	87	31	100
fp-glukos	87	32	100
fp-glukr0	87	33	100
fp-glukr0h	87	34	100
p-glkg	87	35	100
p-glu/0	87	36	100
p-glu/1h	87	37	100
p-glu/2h	87	38	100
p-glu/30m	87	39	100
p-gluk,tk	87	40	100
p-gluk-0	87	41	100
p-gluk-0h	87	42	100
p-gluk-1h	87	43	100
p-gluk-1t	87	44	100
p-gluk-2h	87	45	100
p-gluk-2t	87	46	100
p-gluk-a2	87	47	100
p-gluk-o	87	48	100
p-gluk-po	87	49	100
p-gluk-sn	87	50	100
p-gluk-vt	87	51	100
p-gluk.	87	52	100
p-gluk/120	87	53	100
p-gluk/2h	87	54	100
p-gluk0	87	55	100
p-gluk120	87	56	100
p-gluk1h	87	57	100
p-gluk2h	87	58	100
p-gluk60	87	59	100
p-gluk:	87	60	100
p-glukhoi	87	61	100
p-glukp	87	62	100
p-glukpik	87	63	100
p-glukpoc	87	64	100
p-glukr0h	87	65	100
p-glukr1h	87	66	100
p-glukr2h	87	67	100
pt-gluk,0	87	68	100
pt-gluk-0	87	69	100
pt-gluk-0h	87	70	100
pt-gluk-1h	87	71	100
pt-gluk-2h	87	72	100
pt-gluk-30	87	73	100
pt-gluk-r	87	74	100
pt-gluk-r1	87	75	100
pt-gluk-r2	87	76	100
pt-gluk-r2,tk	87	77	100
pt-gluk-r4	87	78	100
pt-gluk-r5	87	79	100
pt-gluk-r6	87	80	100
pt-gluk-r8	87	81	100
pt-gluk-rg	87	82	100
pt-gluk-sd	87	83	100
pt-glukoos	87	84	100
pt-glukr-0	87	85	100
pt-glukr1p	87	86	100
pt-glukr1v	87	87	100
pt-glukr2h	87	88	100
pt-glur3-g	87	89	100
pt-glur3-i	87	90	100
u-gluk-0	87	91	100
u-gluk-de	87	92	100
u-gluk-hy	87	93	100
u-gluk-o	87	94	100
u-gluk-o.	87	95	100
u-gluk-ov	87	96	100
u-gluk-pi	87	97	100
vp-gluk-0h	87	98	100
vp-gluk-1h	87	99	100
vp-gluk-2h	87	100	100
pt-eeg-1	88	1	47
pt-eeg-2	88	2	47
pt-eeg-3	88	3	47
pt-eeg-tav	88	4	47
pt-eeg-ud	88	5	47
pt-eeg-ud2	88	6	47
pt-eeg-ud3	88	7	47
pt-eegilta	88	8	47
pt-ekg+ryt	88	9	47
pt-ekg,tk	88	10	47
pt-ekg-12	88	11	47
pt-ekg-15	88	12	47
pt-ekg-24a	88	13	47
pt-ekg-24h	88	14	47
pt-ekg-48l	88	15	47
pt-ekg-6tk	88	16	47
pt-ekg-atk	88	17	47
pt-ekg-fal	88	18	47
pt-ekg-fas	88	19	47
pt-ekg-mon	88	20	47
pt-ekg-muu	88	21	47
pt-ekg-oma	88	22	47
pt-ekg-os	88	23	47
pt-ekg-pa	88	24	47
pt-ekg-pa1	88	25	47
pt-ekg-pika	88	26	47
pt-ekg-ras	88	27	47
pt-ekg-te	88	28	47
pt-ekg-tk	88	29	47
pt-ekg/päi	88	30	47
pt-ekg/päiv	88	31	47
pt-ekg12os	88	32	47
pt-ekg15	88	33	47
pt-ekghoi	88	34	47
pt-ekgkipu	88	35	47
pt-ekgkons	88	36	47
pt-ekgoma	88	37	47
pt-eneg-0	88	38	47
pt-eneg-1	88	39	47
pt-eneg-2	88	40	47
pt-enmg-1	88	41	47
pt-enmg-2	88	42	47
pt-enmg-3	88	43	47
pt-enmg-et	88	44	47
pt-enmg-my	88	45	47
pt-enmgbo1	88	46	47
pt-enmgbo2	88	47	47
-glutamyylitransferaasi-desialotransferriini-indeksi	89	1	6
:glutamyylitransferaasi-desialotransferriini-indeksi	89	2	6
glutamyylitransferaasi-desialotransferriini,seerumista	89	3	6
glutamyylitransferaasi-desialotransferriini-indeks	89	4	6
glutamyylitransferaasi-desialotransferriini-indeksi	89	5	6
s-glutamyylitransferaasi-desialotransferriini	89	6	6
-histologinensolublokkisytologisestanäytteestä	90	1	40
-humanpapillomavirusgenotyyppi16	90	2	40
-humanpapillomavirusgenotyyppi18	90	3	40
-humanpapillomavirusgenotyyppimuupatogeeninenhpv	90	4	40
-lisämaksukiireellisenäpyydetyllenäytteelle	90	5	40
-lisätutkimuspyyntöaiemmintutkitullenäytteelle	90	6	40
-lisävastaus2laskutuskuitatullenäytteelle	90	7	40
-lisävastauslaskutuskuitatullenäytteelle	90	8	40
b-hematologisenpotilaanperuskaryotyypinmääritys	90	9	40
bm-pahanlaatuisenveritaudinimmunofenotyypitys	90	10	40
bm-pahanlaatuisenveritaudinimmunofenotyyppinenjäännöstautianalyysi	90	11	40
e-retikulosyyttienkeskimääräinenhemoglobiininmäärä	90	12	40
emäsylimäärä,laskimoverestä,pikatesti␤	90	13	40
epstein-barrvirus(ebv),nhkvantitatiivinen,plasmasta	90	14	40
happamusaste,kapillaariverestä,pikatesti␤	90	15	40
happamuusaste,laskimoverestä,pikatesti␤	90	16	40
happiosapaine,kapillaariverestä,pikatesti␤	90	17	40
happoemästasejahappi,laskimoverestä,pikatesti␤	90	18	40
hepatiittic-virus,nh,jatkotutkimus,plasmasta	90	19	40
hiilidioksidiosapaine,laskimoverestä,pikatesti␤	90	20	40
humanimmunodeficiencyvirus,antigeenijavasta-	90	21	40
humanimmunodeficiencyvirus,antigeenijavasta-aineet,yhd	90	22	40
huume-jalääkeainetutkimus,laaja,varmistus	90	23	40
huumeseulonta,kvalitatiivinen,virtsasta␤	90	24	40
laajahuumeseulonta,varmistustasoinen,virtsasta	90	25	40
lisävastauslaskutuskuitatullenäytteelle	90	26	40
pienikudoskoepala,enintään1-3samankokonaisuudennäytettä	90	27	40
pika:m10inabnhp,rsvnhp,cv19nhp,yhdistelmävierit.	90	28	40
retikulosyyttienkeskimääräinenhemoglobiininmäärä	90	29	40
s-humanimmunodeficiencyvirus,antigeenijavast	90	30	40
sikiöperäisendna:ntutkimusäidinverinäytteestä	90	31	40
ts-histologinentutkimus,1-3kudosnäytettä	90	32	40
ts-histologinentutkimus,1-3näytettä	90	33	40
työpaikanhuumeseulontajavarmistus,4yhdistettä	90	34	40
työpaikanhuumeseulontajavarmistus,7yhdistettä	90	35	40
u-huume-jalääkeainetutkimus,laaja,varmistus	90	36	40
u-huume-jalääkeainetutkimus,semikvantitatiivinen,virtsa␤sta	90	37	40
u-huumeseulonta,laaja(kvalitatiivinenlc-tof-ms)	90	38	40
u-laajahuume-jalääkeainetutkimus,semikvantitatiivinen	90	39	40
vieritestilaite(epoc)verikaasuanalyysilaskimonäytteestä	90	40	40
-immunoglobuliinig	91	1	113
-nitrofurantoiini	91	2	113
-norfloksasiini	91	3	113
-sulfa-trimetopriimi	91	4	113
-trimethopriimi	91	5	113
ab-hemoglobiini	91	6	113
ab-methemoglobiini	91	7	113
albumiini	91	8	113
alfa-1-mikroglobuliini,	91	9	113
b-hemoglobiini	91	10	113
b-hemoglobiini-a1c	91	11	113
b-hemoglopiini	91	12	113
b-tioguaniini	91	13	113
bilirubiini	91	14	113
cb-hemoglobiini	91	15	113
du-proteiini	91	16	113
du-proteiini␤	91	17	113
erytropoietiini	91	18	113
f-gryptosporidium	91	19	113
ferritiini	91	20	113
fp-kreatiniini	91	21	113
fp-transferriini	91	22	113
fp-triglyseridit	91	23	113
fs-kreatiniini	91	24	113
fs-kromograniinia	91	25	113
fs-transferriini	91	26	113
fs-triglyseridit	91	27	113
hemoglobiini	91	28	113
hemoglobiini-a1c	91	29	113
hoitajienhemoglobiini-a1c	91	30	113
immunoglobuliinia	91	31	113
klotsapiini	91	32	113
kreatiniini	91	33	113
kromograniinia	91	34	113
metanefriini	91	35	113
methemoglobiini,veri	91	36	113
mikroskooppidiffi	91	37	113
oma-troponiini	91	38	113
omap-troponiinit	91	39	113
p-albumiini	91	40	113
p-antitrombiiniiii	91	41	113
p-bilirubiini	91	42	113
p-ferritiini	91	43	113
p-haptoglobiini	91	44	113
p-immunoglobuliinia	91	45	113
p-immunoglobuliinig	91	46	113
p-immunoglobuliinim	91	47	113
p-kreatiniini	91	48	113
p-kreatiniini-vt	91	49	113
p-kystatiinic	91	50	113
p-myoglobiini	91	51	113
p-prealbumiini	91	52	113
p-prokalsitoniini	91	53	113
p-prolaktiini	91	54	113
p-proteiinic	91	55	113
p-triglyseridit	91	56	113
p-trombiiniaika	91	57	113
p-troponiinii	91	58	113
p-troponiinit	91	59	113
p-tyreotropiini	91	60	113
p-tyreotropiini(ko)	91	61	113
p-tyreotropiini(pi)	91	62	113
pika-kreatiniini	91	63	113
poliklinikkatroponiinit	91	64	113
prolaktiini	91	65	113
proteiini	91	66	113
s-adioni	91	67	113
s-alaniini	91	68	113
s-albumiini	91	69	113
s-antistreptolysiini	91	70	113
s-desialotransferriini	91	71	113
s-digoksiini	91	72	113
s-erytropoietiini	91	73	113
s-fenyylialaniini	91	74	113
s-ferritiini	91	75	113
s-ferritiini(pi)	91	76	113
s-glysiini	91	77	113
s-haptoglobiini	91	78	113
s-he4proteiini	91	79	113
s-histidiini	91	80	113
s-immunoglobuliinia	91	81	113
s-immunoglobuliinie	91	82	113
s-isoleusiini	91	83	113
s-klotsapiini	91	84	113
s-kreatiniini	91	85	113
s-lamotrigiini	91	86	113
s-leusiini	91	87	113
s-metanefriini	91	88	113
s-metnefriini	91	89	113
s-norklotsapiini	91	90	113
s-normetanefriini	91	91	113
s-prealbumiini	91	92	113
s-prolaktiini	91	93	113
s-proteiini	91	94	113
s-triglyseridit	91	95	113
s-tyreoglobuliini	91	96	113
s-tyreotropiini	91	97	113
s-tyrosiini	91	98	113
s-valiini	91	99	113
s-vankomysiini	91	100	113
transferriini	91	101	113
triglyseridit	91	102	113
troponiini	91	103	113
troponiinit	91	104	113
tyreoglobuliini	91	105	113
tyreotropiini	91	106	113
tyreotropiini(tsh)	91	107	113
u-albumiini	91	108	113
u-kreatiniini	91	109	113
u-proteiini	91	110	113
ulosteenhemoglobiini	91	111	113
vb-hemoglobiini	91	112	113
vb-methemoglobiini	91	113	113
-influenssaa,bjarsv-virus,nukleiinihappo	92	1	37
-influenssaa-rna-osoitus	92	2	37
-influenssaa-virus(a/h-2009),variantti,nho(kval)	92	3	37
-influenssaa-virus(a/h3),variantti,nho(kval)	92	4	37
-influenssaa-virus,nukeliinihapon(kval)	92	5	37
-influenssaa-virus,nukl.happo(kval)	92	6	37
-influenssaa-virus,nukleiinihappo(kval)	92	7	37
-influenssaah1nho(kval)	92	8	37
-influenssaavirus,nukleiinihappo(kval)	92	9	37
-influenssab-virus,nukeliinihapon(kval)	92	10	37
-influenssab-virus,nukleiinihappo(kval)	92	11	37
-influenssabvirus,nukleiinihappo(kval)	92	12	37
-parainfluenssa1-virus,nukleiinihappo	92	13	37
-parainfluenssa1virus,nukleiinihappo(kval)	92	14	37
-parainfluenssa2virus,nukleiinihappo(kval)	92	15	37
-parainfluenssa3virus,nukleiinihappo(kval)	92	16	37
-parainfluenssa4virus,nukleiinihappo(kval)	92	17	37
-parainfluenssavirus4,nukleiinihappo(kval)	92	18	37
-parinfluenssa2-virus,nukleiinihappo	92	19	37
-parinfluenssa3-virus,nukleiinihappo	92	20	37
influenssaa,b,rsv,sars-cov-2,	92	21	37
influenssaa-virus,nukleiinih	92	22	37
influenssaa-virus,nukleiinihappo(kval)	92	23	37
influenssaajab,cv19jarsvantigeeni(kval)	92	24	37
influenssaavirus,nukleiinih	92	25	37
influenssaavirus,nukleiinihappo	92	26	37
influenssaavirus,nukleiinihappo(kval)	92	27	37
influenssab-virus,nukleiinih	92	28	37
influenssab-virus,nukleiinihappo(kval)	92	29	37
influenssabvirus,nukeliinihappo(kval)	92	30	37
influenssabvirus,nukleiinih	92	31	37
influenssabvirus,nukleiinihappo	92	32	37
li-varicella-zostervirus,nukleiinihappo(kval)	92	33	37
parainfluenssavirus,nukleiini	92	34	37
parainfluenssavirus,nukleiinihappo(kval)	92	35	37
sars-cov-2,influenssaa,bjarsv,nukleiinihappo(kval)	92	36	37
sars-cov-2influenssaa,bjarsvnukleiinihappo(kval)	92	37	37
-influenssaa,b,rs-virusjacovid-19-koronavirustauti,nukl.ihaponoso.	93	1	11
-influenssaa,b,rs-virusjacovid-19-koronavirustauti,nukleiinihaponosoitus	93	2	11
-influenssaa,b,rs-virusjacv19,nukleiinihappo(kval)	93	3	11
-influenssaa,b,rsvjacovid-19nukleiinihappo(kval)	93	4	11
-influenssaa/b,rsvjacovid-19-koronav,poc-nukl	93	5	11
-influenssaa/b,rsvjacovid-19-koronavirus,poc-nukl	93	6	11
-influenssaa/b,rsvjacovid-19-koronavirus,poc-nukleiinihaponosoitus(kval)	93	7	11
influenssaa,b,rsv,sars-cov-2,(kval),hoitoyks.vieritesti	93	8	11
influenssaa,b,rsv,sars-cov-2,(kval)hoitoyks.vieritesti	93	9	11
influenssaa,b,rsvjacovid-19nukleiinihappo(kval)	93	10	11
influenssaajabjarsvjacovid-19nukleiinihappo(kval)	93	11	11
-kudosnäytteenhistologinentutkimus,makropreparaatti	94	1	12
br-rinnanhistologinentutkimus,laajaleikkauspreparaatti	94	2	12
gi-alueennäytteenhistologinentutkimus,laajaleikkauspreparaatti	94	3	12
kudosnäyte-suppealeikkauspreparaatti	94	4	12
kudosnäytteenhist.tutk.,suppealeikkauspreparaatti	94	5	12
kudosnäytteenhistologinentutkimus,laajaleikkauspreparaatti	94	6	12
kudosnäytteenhistologinentutkimus,suppealeikkauspreparaatti	94	7	12
rinnanhistologinentutkimus,laajaleikkauspreparaatti	94	8	12
ts-kudoksenhistologinentutkimus,laajaleikkauspreparaatti	94	9	12
ts-kudoksenhistologinentutkimus,suppealeikkauspreparaatti	94	10	12
ts-kudosnäytteenhist.tutk.,suppealeikkauspreparaatti␤	94	11	12
ts-kudosnäytteenhist.tutkimus,laajaleikkauspreparaatti␤	94	12	12
-metisilliiniresistentinstaphylococcusaureus(mrsa),viljely	95	1	12
-metisilliiniresistenttistaph.aureus,viljelynenästä	95	2	12
-metisilliiniresistenttistaph.aureus,viljelynielusta	95	3	12
-metisilliiniresistenttistaph.aureus,viljelyperineumista	95	4	12
metisilliiniresistentinstaphylococcusaureus(mrs	95	5	12
metisilliiniresistenttistaph.aureus,viljelyne	95	6	12
metisilliiniresistenttistaph.aureus,viljelynenästä	95	7	12
metisilliiniresistenttistaph.aureus,viljelyni	95	8	12
metisilliiniresistenttistaph.aureus,viljelynielusta	95	9	12
metisilliiniresistenttistaph.aureus,viljelype	95	10	12
metisilliiniresistenttistaph.aureus,viljelyperineumista	95	11	12
metisilliiniresistenttistaphylococcusaureus(mrsa),seulontaviljely␤	95	12	12
!pak.maitoigavasta-aineet	96	1	144
!pak.maitoiggvasta-aineet	96	2	144
-mikrobi-x,vasta-aineet	96	3	144
allergeeni,igevasta-aineet	96	4	144
beeta-2-glykoproteiini,iggvasta-aineet,plasma	96	5	144
beeta-2-glykoproteiini,igmvasta-aineet,plasma	96	6	144
borrelia,vasta-aineet	96	7	144
cladosporiumherbarum(m2),ige-vasta-aineet	96	8	144
dna,natiivi,vasta-aineet	96	9	144
fosfolipidi,vasta-aineet,plasma	96	10	144
glutamaattidekarboksylaasi,vasta-aineet	96	11	144
hepatiitticvirus,vasta-aineet	96	12	144
histidyyli-trna-syntetaasi,vasta-aineet,seerumista␤	96	13	144
infliksimabi,vasta-aineet	96	14	144
kardiolipiini,iggvasta-aineet,plasma	96	15	144
kardiolipiini,igmvasta-aineet,plasma	96	16	144
keliakiavasta-aineet	96	17	144
myeloperoksidaasi,vasta-aine	96	18	144
p-beeta-2-glykoproteiini,iggvasta-aine	96	19	144
p-kardiolipiini,iggvasta-aineet	96	20	144
p-punasoluvasta-aineet	96	21	144
p-tyreoideaperoksidaasi,vasta-aineet	96	22	144
proteinaasi3,vasta-aineet	96	23	144
s-allige,cladosporiumherbarum,home/mögel	96	24	144
s-bordetellapertussis,igavasta-aineet	96	25	144
s-bordetellapertussis,iggvasta-aineet	96	26	144
s-bordetellapertussis,vasta-aineet	96	27	144
s-borrelia,iggvasta-aineet	96	28	144
s-borrelia,igmvasta-aineet	96	29	144
s-borrelia,vasta-aineet	96	30	144
s-borrelia,vasta-aineet,lausunto	96	31	144
s-borreliaigg,vasta-aineet	96	32	144
s-borreliaigm,vasta-aineet	96	33	144
s-chlamydiapneumoniae,iggvasta-aineet	96	34	144
s-chlamydiapneumoniae,igmvasta-aineet	96	35	144
s-cladosporiumherbarum(m2),ige-vasta-aineet	96	36	144
s-cladosporiumherbarum,igevasta-aineet	96	37	144
s-cytomegalovirus,iggvasta-aineet	96	38	144
s-cytomegalovirus,igmvasta-aineet	96	39	144
s-cytomegalovirus,vasta-aineet	96	40	144
s-dermatophagoidespteronyssinus,igevasta-aineet	96	41	144
s-dna,natiivi,vasta-aineet	96	42	144
s-endomysium,igavasta-aineet	96	43	144
s-endomysium,iggvasta-aineet	96	44	144
s-epstein-barrinvirus,vasta-aineet	96	45	144
s-epstein-barrvirus,iggvasta-aineet	96	46	144
s-epstein-barrvirus,igmvasta-aineet	96	47	144
s-epstein-barrvirus,vasta-aineet	96	48	144
s-fosfolipaasi-a2-reseptori,vasta-aineet	96	49	144
s-francisellatularensis,vasta-aineet	96	50	144
s-gliadiinipeptidit,deamidoidut,iga-vasta-aineet	96	51	144
s-gliadiinipeptidit,deamidoidut,igg-vasta-aineet	96	52	144
s-glomerulustyvikalvo,vasta-aineet	96	53	144
s-glutamaattidekarboksylaasi(gad),vasta-aineet	96	54	144
s-helicobakt.vasta-ainee	96	55	144
s-hepatiittia-virus,igmvasta-aineet	96	56	144
s-hepatiittia-virus,vasta-aineet	96	57	144
s-hepatiittiavirus,kokonaisvasta-aineet	96	58	144
s-hepatiittic-virus,iggvasta-aineet	96	59	144
s-hepatiittic-virus,vasta-aineet	96	60	144
s-hepatiittie-virus,igg-vasta-aineet	96	61	144
s-hepatiittie-virus,igm-vasta-aineet	96	62	144
s-hepatitisavirus,igmvasta-aineet	96	63	144
s-hepatitisavirus,vasta-aineet	96	64	144
s-hepatitisc-virus,vasta-aineet	96	65	144
s-hepatitiscvirus,vasta-aineet	96	66	144
s-hevonen,igevasta-aineet	96	67	144
s-hevosenhilse(e3),igevasta-aineet	96	68	144
s-hevosenhilse,igevasta-aineet	96	69	144
s-histidyyli-trna-syntetaasi,vasta-aineet	96	70	144
s-infliksimabi,vasta-aineet	96	71	144
s-kissa,igevasta-aineet	96	72	144
s-kissanhilse(e1),ige-vasta-aineet	96	73	144
s-kissanhilse,igevasta-aineet	96	74	144
s-koiranhilse(e5),ige-vasta-aineet	96	75	144
s-koiranhilse,igevasta-aineet	96	76	144
s-koivu,igevasta-aineet	96	77	144
s-koivunsiitepöly(t3),igevasta-aineet	96	78	144
s-koivunsiitepöly,igevasta-aineet	96	79	144
s-kudos,vasta-aineet	96	80	144
s-kudosvasta-aineet	96	81	144
s-maapähkinä,igevasta-aineet	96	82	144
s-maksa-jamunuaismikrosomi,vasta-aineet	96	83	144
s-mitokondria,vasta-aineet	96	84	144
s-mononukleoosi,vasta-aineet(kval)	96	85	144
s-mycoplasmapneumoniae,iggvasta-aineet	96	86	144
s-mycoplasmapneumoniae,igmvasta-aineet	96	87	144
s-mycoplasmapneumoniae,vasta-aineet	96	88	144
s-mycoplasmapneumoniae,vasta-aineet,lausunto	96	89	144
s-myeloperoksidaasi,iggvasta-aineet	96	90	144
s-myeloperoksidaasi,vasta-aineet	96	91	144
s-mykoplasmapneumoniae,iggvasta-aineet	96	92	144
s-myosiittitutkimus,vasta-aineet	96	93	144
s-parvovirus,iggvasta-aineet	96	94	144
s-parvovirus,igmvasta-aineet	96	95	144
s-parvovirus,vasta-aineet	96	96	144
s-proteinaasi3,vasta-aineet	96	97	144
s-pujonsiitepöly(w6),igevasta-aineet	96	98	144
s-pujonsiitepöly,igevasta-aineet	96	99	144
s-puumalavirus,iggvasta-aineet	96	100	144
s-puumalavirus,igmpikatesti	96	101	144
s-puumalavirus,igmvasta-aineet	96	102	144
s-puumalavirus,vasta-aineet	96	103	144
s-pölyerittely(phadiatop),igevasta-aineet	96	104	144
s-pölyerittely,ige-vasta-aineet	96	105	144
s-pölyerittely,igevasta-aineet	96	106	144
s-ribonukeliiniproteiini70,vasta-aineet	96	107	144
s-ribonukleoproteiini,vasta-aineet	96	108	144
s-ribosomip-proteiini,vasta-aineet,immunoblott	96	109	144
s-ruoka-aine-erittely(fx5),igevasta-aineet	96	110	144
s-sentromeeri(cenp-b),vasta-aineet	96	111	144
s-sentromeeri,vasta-aineet	96	112	144
s-sentromeerip,vasta-aineet	96	113	144
s-sileälihas,vasta-aineet	96	114	144
s-sitrulliinipeptidi,vasta-aineet	96	115	144
s-sitrulliinipeptidi,vasta-aineet␤	96	116	144
s-skleroderma,vasta-aineet	96	117	144
s-skleroderma70,vasta-aineet	96	118	144
s-sm(smith),vasta-aineet	96	119	144
s-syklinensitrullinoitupeptidi,vasta-aineet	96	120	144
s-timoteinsiitepöly(g6),igevasta-aineet	96	121	144
s-timoteinsiitepöly,igevasta-aineet	96	122	144
s-treponeemapallidum,vasta-aineet	96	123	144
s-treponemapallidum,vasta-aineet	96	124	144
s-treponemapallidum,vasta-aineetosatutkimus	96	125	144
s-tsh-reseptori,vasta-aineet	96	126	144
s-tsh-reseptori,vasta-aineet␤	96	127	144
s-tuma,vasta-aineet	96	128	144
s-tyreoglobuliini,vasta-aineet	96	129	144
s-tyreoideaperoksidaasi,vasta-aineet	96	130	144
s-varicella-zostervirus,iggvasta-aineet	96	131	144
s-varizella-zostervirus,vasta-aineet,lausunto	96	132	144
s-vesirokkovirus,vasta-aineet	96	133	144
sitruliinipeptidi,vasta-aineet	96	134	144
sitrulliinipeptidi,vasta-aineet	96	135	144
sitrulliinipeptidi,vasta-aineet,seerumista␤	96	136	144
treponemapallidum,vasta-aineet	96	137	144
treponemapallidum,vasta-aineet,seerumista␤	96	138	144
tsh-reseptori,vasta-aineet	96	139	144
tyreoideaperoksidaasi,vasta-aineet	96	140	144
tyreoideaperoksidaasi,vasta-aineet,plasma	96	141	144
tyroideaperoksidaasi,vasta-aineet	96	142	144
valkosolu,vasta-aineet,	96	143	144
veriryhmävasta-aineet	96	144	144
-moniresistentitgram-negatiivisetsauvat,viljely	97	1	9
-moniresistentitgramnegatiivisetsauvat,viljely	97	2	9
-resistentitgramnegatiivisetsauvat,viljely	97	3	9
-staphylococcusaureus,metilliiniresist.viljely	97	4	9
-staphylococcusaureus,metisilliiniresistentti,v	97	5	9
moniresistentitgramnegatiivisetsauvat,viljely	97	6	9
resistentitgramnegatiivisetsauvat,viljely	97	7	9
staphylococcusaureus,metisilliiniresistenssiviljely␤	97	8	9
staphylococcusaureus,metisilliiniresistentti(mrsa),viljely	97	9	9
-mycobacterium,viljelyjavärjäys	98	1	16
-mycobacteriumtuberculosis,nukleiinihaponosoitus	98	2	16
-mycobacteriumtuberculosis,nukleiinihappo(kval)	98	3	16
-mycobacteriumtuberculosis,pikavärjäys	98	4	16
-mycobacteriumtuberculosis,viljely	98	5	16
-mycobacteriumtuberculosis,värjäys	98	6	16
-mycobacteriumtuberculossis,värjäys	98	7	16
ex-mycobacteriumtuberculosis,viljelyjavärjäys	98	8	16
mycobacterium,viljelyjavärjäys	98	9	16
mycobacterium,viljelyjavärjäys,yskös	98	10	16
mycobacterium,värjäysjaviljely,punktionäytteetjakudospalat	98	11	16
mycobacteriumtuberculosis,nuklh.os.(kval)	98	12	16
mycobacteriumtuberculosis,värjäys	98	13	16
mycobacteriumtuberculosis-herkistyn.solut,tb1antigeeni	98	14	16
mycobacteriumtuberculosis-herkistyn.solut,tb2antigeeni	98	15	16
mycobakteriumtuberculosis-her	98	16	16
-papilloomavirus(hpv),nukleiinihappo(kval)	99	1	10
-papilloomavirus(hpv),nukleiinihappo(kval),suu	99	2	10
-papilloomavirus(hpv),suurenriskin,dna-osoitus	99	3	10
-papilloomavirus,muukorkeanriskintyyppi	99	4	10
-papilloomavirus,muusuurenriskintyyppi,nuklei	99	5	10
-papilloomavirus,tyyppi16,nukleiinihappo(kval)	99	6	10
-papilloomavirus,tyyppi18,nukleiinihappo(kval)	99	7	10
-polyomavirus(jcv,bkv),nukleiinihaponos.(pcr)kvant.	99	8	10
papilloomavirus(hpv),nukleiinihappo(kval)	99	9	10
papilloomavirus(hpv),suurenriskin,mrna-osoitus␤	99	10	10
-respiratorisetvirukset,nukleiinihaponosoittaminen(kval)	100	1	12
-respiratorisetviruksetjabakteerit,nukleiinihappo	100	2	12
-respiratorysyncytialavirus,nukleiinihaponosoittaminen(kval)	100	3	12
-respiratorysyncytialavirus,nukleiinihappo	100	4	12
-respiratorysyncytialbvirus,nukleiinihaponosoittaminen(kval)	100	5	12
-respiratorysyncytialbvirus,nukleiinihappo	100	6	12
respiratorisetbakteerit,nukleiinihaponosoitus(pcr)	100	7	12
respiratorisetviruksetjabakteerit,nukleiinihaponosoitus	100	8	12
respiratoristenbakteereidennukleiinihaponosoitus	100	9	12
respiratorysyncytialvirus,nukleiinihaponosoitu	100	10	12
respiratorysyncytialvirus,nukleiinihaponosoitusosatutkimus	100	11	12
respiratorysyncyticalvirus,nukleiinihappoosoitus	100	12	12
-streptococcusagalactie(str.ryhmäb,gbs),nukleiinihaponosoitus	101	1	18
fl-streptococcusagalactie(b),nukleiinihaponosoitus	101	2	18
ps-streptococcus,viljely(-hemolyyttisetstrepto	101	3	18
ps-streptococcus,viljely(beeta-hemolyyttisetstr	101	4	18
ps-streptococcus,viljely(hemolyytt.streptokokit)	101	5	18
ps-streptococcus,viljely(hemolyytt.streptokokitnielusta)	101	6	18
ps-streptococcus,viljely(hemolyyttisetstreptok)	101	7	18
ps-streptococcus,viljely(hemolyyttisetstreptokokit)	101	8	18
ps-streptococcus,viljelynielusta(hemolyytt)	101	9	18
ps-streptococcuspyogenes(a),antigeeni	101	10	18
ps-streptococcuspyogenes(a),nukleiinihappo(kval)	101	11	18
ps-streptococcuspyogenis(a)antig,vierithoitoy	101	12	18
streptococcus,viljely(hemolyyt.streptokokitnielusta)	101	13	18
streptococcus,viljely(hemolyytt.streptokokit)	101	14	18
streptococcusagalactiae(b),nukleiinihaponosoitus,fluori,vieritesti	101	15	18
streptococcusagalactie(b),nukleiinihaponosoitus	101	16	18
streptococcuspyogenes(a),nukleiinihappo-osoitus	101	17	18
streptococcuspyogenes(a),osoituskoe	101	18	18
-trichophytonbenhamiaenho	102	1	29
-trichophytoninterdigitale/mentagrophytesnho	102	2	29
-trichophytoninterdigitalenho	102	3	29
-trichophytonmentagrophytesnho	102	4	29
-trichophytonrubrum	102	5	29
-trichophytonrubrumnho	102	6	29
-trichophytonschoenleinii/quinckeanumnho	102	7	29
-trichophytontonsuransnho	102	8	29
-trichophytonverrucosumnho	102	9	29
-trichophytonviolaceumnho	102	10	29
b-cryptococcusneoformans/gattii	102	11	29
b-staphylococcusaureus	102	12	29
b-staphylococcusepidermidis	102	13	29
b-staphylococcuslugdunensis	102	14	29
b-staphylococcussp.	102	15	29
b-streptococcusagalactiae	102	16	29
b-streptococcuspneumoniae	102	17	29
b-streptococcuspyogenes	102	18	29
b-streptococcussp.	102	19	29
fl-streptococcusagalactiae(b),viljely	102	20	29
fl-streptococcusagalactiaeb,viljely,emätinerit	102	21	29
staphylococcusaureus,viljely	102	22	29
staphylococcusaureus-viljely,nenästä␤	102	23	29
streptococcusa,c,g,osoitus(kval.)	102	24	29
streptococcuspneumoniae,antigeeni	102	25	29
streptococcuspneumoniaenukle	102	26	29
trichophytonmentagrophytescomplex	102	27	29
trichophytonrubrumcomplex	102	28	29
trichophytontonsurans	102	29	29
(alv)huumeseulonta5b	103	1	166
(alv)huumeseulonta6a	103	2	166
huumeseulonta(kval)	103	3	166
huumeseulonta,virtsa	103	4	166
huumeseulonta6	103	5	166
huumeseulonta6a(9582u-huum6a),alv	103	6	166
huumeseulonta6pt	103	7	166
p-neste-pika,p-k	103	8	166
p-neste-pika,p-krea	103	9	166
p-neste-pika,p-na	103	10	166
u-huum-10	103	11	166
u-huum-10,amp	103	12	166
u-huum-10,bup	103	13	166
u-huum-10,bzd	103	14	166
u-huum-10,coc	103	15	166
u-huum-10,lämpötila	103	16	166
u-huum-10,mdma	103	17	166
u-huum-10,met	103	18	166
u-huum-10,mtd	103	19	166
u-huum-10,ominaispaino	103	20	166
u-huum-10,opi	103	21	166
u-huum-10,ph	103	22	166
u-huum-10,thc	103	23	166
u-huum-10,tml	103	24	166
u-huum-7,amp	103	25	166
u-huum-7,bup	103	26	166
u-huum-7,bzd	103	27	166
u-huum-7,coc	103	28	166
u-huum-7,met	103	29	166
u-huum-7,ominaispaino	103	30	166
u-huum-7,opi	103	31	166
u-huum-7,ph	103	32	166
u-huum-7,thc	103	33	166
u-huum-ct	103	34	166
u-huum-o	103	35	166
u-huum-op	103	36	166
u-huum-ps	103	37	166
u-huum-su	103	38	166
u-huum-vt	103	39	166
u-huum4a	103	40	166
u-huum5b	103	41	166
u-huum6a	103	42	166
u-huume-5b	103	43	166
u-huume-6a	103	44	166
u-huume-o	103	45	166
u-huumeseulonta	103	46	166
u-huumeseulonta(kval)	103	47	166
u-huuml-o	103	48	166
u-huumlct	103	49	166
u-huumoct	103	50	166
u-huumpika	103	51	166
u-huumtof	103	52	166
u-huupika	103	53	166
u-kemseu,eryt	103	54	166
u-kemseu,gluk	103	55	166
u-kemseu,ket	103	56	166
u-kemseu,leuk	103	57	166
u-kemseu,nit	103	58	166
u-kemseu,op	103	59	166
u-kemseu,ph	103	60	166
u-kemseu,prot	103	61	166
u-kemseul,bil	103	62	166
u-kemseul,bld	103	63	166
u-kemseul,eryt	103	64	166
u-kemseul,glu	103	65	166
u-kemseul,gluk	103	66	166
u-kemseul,ket	103	67	166
u-kemseul,keto	103	68	166
u-kemseul,leu	103	69	166
u-kemseul,leuk	103	70	166
u-kemseul,nit	103	71	166
u-kemseul,nitr	103	72	166
u-kemseul,omin.p	103	73	166
u-kemseul,op	103	74	166
u-kemseul,ph	103	75	166
u-kemseul,pro	103	76	166
u-kemseul,prot	103	77	166
u-kemseul,u-alb-o	103	78	166
u-kemseul,u-eryt	103	79	166
u-kemseul,u-gluk	103	80	166
u-kemseul,u-gluk-o	103	81	166
u-kemseul,u-hb-o	103	82	166
u-kemseul,u-keto	103	83	166
u-kemseul,u-keto-o	103	84	166
u-kemseul,u-leuc	103	85	166
u-kemseul,u-leuk-o	103	86	166
u-kemseul,u-nitr	103	87	166
u-kemseul,u-nitr-o	103	88	166
u-kemseul,u-ph	103	89	166
u-kemseul,u-prot	103	90	166
u-kemseul,u-prot-o	103	91	166
u-kemseul,u-sg	103	92	166
u-kemseul,u-suhti	103	93	166
u-kemseul,u-suhtih	103	94	166
u-kemseul,u-veri-o	103	95	166
u-kemseul,urobil	103	96	166
u-kemseula,u-alb-o	103	97	166
u-kemseula,u-gluk-o	103	98	166
u-kemseula,u-keto-o	103	99	166
u-kemseula,u-leuk-o	103	100	166
u-kemseula,u-nitr-o	103	101	166
u-kemseula,u-ph	103	102	166
u-kemseula,u-suhtih	103	103	166
u-kemseula,u-veri-o	103	104	166
u-seul-pika,gluk	103	105	166
u-seul-pika,ket	103	106	166
u-seul-pika,leuk	103	107	166
u-seul-pika,nitr	103	108	166
u-seul-pika,prot	103	109	166
u-seul-pika,veri	103	110	166
u-seulont,bld	103	111	166
u-seulont,glu	103	112	166
u-seulont,ket	103	113	166
u-seulont,leu	103	114	166
u-seulont,nit	103	115	166
u-seulont,ph	103	116	166
u-seulont,pro	103	117	166
u-seulonta	103	118	166
u-seulonta(liuskakoe)	103	119	166
u-seulonta,bld	103	120	166
u-seulonta,glu	103	121	166
u-seulonta,ket	103	122	166
u-seulonta,leu	103	123	166
u-seulonta,nit	103	124	166
u-seulonta,ph	103	125	166
u-seulonta,pro	103	126	166
u-tutk-1,bld	103	127	166
u-tutk-1,eryt	103	128	166
u-tutk-1,eryt-0	103	129	166
u-tutk-1,gluk	103	130	166
u-tutk-1,gluk-0	103	131	166
u-tutk-1,keto	103	132	166
u-tutk-1,keto-0	103	133	166
u-tutk-1,leuk	103	134	166
u-tutk-1,leuk-0	103	135	166
u-tutk-1,nitr	103	136	166
u-tutk-1,nitr-0	103	137	166
u-tutk-1,ph	103	138	166
u-tutk-1,prot	103	139	166
u-tutk-1,prot-0	103	140	166
u-tutk-1,sg	103	141	166
u-tutk-1,u-gluk	103	142	166
u-tutk-1,u-keto	103	143	166
u-tutk-1,u-leuk	103	144	166
u-tutk-1,u-nitr	103	145	166
u-tutk-1,u-omp	103	146	166
u-tutk-1,u-ph	103	147	166
u-tutk-1,u-prot	103	148	166
u-tutk-1,u-veri	103	149	166
u-tutk-1-,blo	103	150	166
u-tutk-1-,glu	103	151	166
u-tutk-1-,ket	103	152	166
u-tutk-1-,leu	103	153	166
u-tutk-1-,nit	103	154	166
u-tutk-1-,ph	103	155	166
u-tutk-1-,pro	103	156	166
u-tutk-1-,sg	103	157	166
u-tutk-1-oma	103	158	166
u-tutk-1-oma,blo	103	159	166
u-tutk-1-oma,glu	103	160	166
u-tutk-1-oma,ket	103	161	166
u-tutk-1-oma,leu	103	162	166
u-tutk-1-oma,nit	103	163	166
u-tutk-1-oma,ph	103	164	166
u-tutk-1-oma,pro	103	165	166
u-tutk-1-oma,sg	103	166	166
ab-arteriaverikaasuanalyysi	104	1	24
bikarbonaatti(aktuaali),kapi	104	2	24
bikarbonaatti(aktuaali),kapillaariveri	104	3	24
bikarbonaatti(aktuaali),koneveri	104	4	24
bikarbonaatti(aktuaali),lask	104	5	24
bikarbonaatti(aktuaali),laskimoveri	104	6	24
bikarbonaatti(aktuaali),valt	104	7	24
bikarbonaatti(aktuaali),valtimoveri	104	8	24
glukoosi(verikaasulaite),kap	104	9	24
glukoosi(verikaasulaite),kapillaariveri	104	10	24
glukoosi(verikaasulaite),laskimoveri	104	11	24
glukoosi(verikaasulaite),val	104	12	24
glukoosi(verikaasulaite),valtimoveri	104	13	24
kalium(verikaasulaite),plasm	104	14	24
kalium(verikaasulaite),plasma	104	15	24
kalium,verikaasuosatutk.	104	16	24
laktaatti(verikaasulaite),ka	104	17	24
laktaatti(verikaasulaite),kapillaariveri	104	18	24
laktaatti(verikaasulaite),laskimoveri	104	19	24
laktaatti(verikaasulaite),va	104	20	24
laktaatti(verikaasulaite),valtimoveri	104	21	24
natrium(verikaasulaite),plas	104	22	24
natrium(verikaasulaite),plasma	104	23	24
natrium,verikaasuosatutk.	104	24	24
ab-emäsylimäärä	105	1	111
asat/trombosyytit-indeksi	105	2	111
b-b-lymfosyytit	105	3	111
b-eosinofiilit,lukumäärä	105	4	111
b-erytroblasti	105	5	111
b-erytroblastit	105	6	111
b-erytrosyytit	105	7	111
b-leukosyytit	105	8	111
b-leukosyytit␤	105	9	111
b-ly-tyyps	105	10	111
b-lymfosyytit	105	11	111
b-lymfosyytit,3-osa	105	12	111
b-lymfosyytit,abs	105	13	111
b-lymfosyytit,lukumäärä	105	14	111
b-lymfosyytitsuhde	105	15	111
b-lymfosyytit␤	105	16	111
b-lymfosyyttienerittely	105	17	111
b-monosyytit	105	18	111
b-monosyytitsuhde	105	19	111
b-monosyytit␤	105	20	111
b-monosyytti	105	21	111
b-neutrofiilit,lukumäärä	105	22	111
b-retikulos.hb-ekvivalentti␤	105	23	111
b-retikulosyytit	105	24	111
b-retikulosyytit,tuotantoindeksi	105	25	111
b-retikulosyyttientuotantoindeksi	105	26	111
b-trombosyytit	105	27	111
b-trombosyytit,sitraattiveri	105	28	111
b-trombosyytit-pvk:nosana	105	29	111
basofiilienabs.määrä	105	30	111
cb-emäsylimäärä	105	31	111
cb-leukosyytit(kval)	105	32	111
e-fenotyypitys	105	33	111
e-retikulosyytit	105	34	111
erytroblastit	105	35	111
erytrosyytit	105	36	111
erytrosyytit(kval)	105	37	111
erytrosyytit,virtsa	105	38	111
fb-leukosyytit	105	39	111
fb-leukosyytit/ima	105	40	111
l-erytroblastit	105	41	111
l-lymfosyytit	105	42	111
l-lymfosyytit(l-ly)	105	43	111
l-lymfosyytit␤	105	44	111
l-lymfosyytti	105	45	111
l-metamyelosyytit	105	46	111
l-metamyelosyytit␤	105	47	111
l-metamyelosyytti	105	48	111
l-monosyytit	105	49	111
l-monosyytit(l-mono)	105	50	111
l-monosyytit+muut	105	51	111
l-monosyytit␤	105	52	111
l-monosyytti	105	53	111
l-myelosyytit	105	54	111
l-myelosyytit␤	105	55	111
l-myelosyytti	105	56	111
l-promyelosyytit	105	57	111
l-promyelosyytit␤	105	58	111
l-promyelosyytti	105	59	111
leukosyytit	105	60	111
leukosyytit(kval)	105	61	111
leukosyytit,verestä,osatutk.2474	105	62	111
leukosyytit,vieritesti	105	63	111
leukosyytit,virtsa	105	64	111
leukosyytit,virtsasta␤	105	65	111
li-erytrosyytit	105	66	111
li-erytrosyytit,likvor	105	67	111
li-leukosyytit	105	68	111
li-leukosyytit,likvor	105	69	111
ly-cd19lymfosyytit	105	70	111
lymfosyytit	105	71	111
lymfosyytit,3-osa	105	72	111
lymfosyytit,5-osa	105	73	111
lymfosyytit,erittely	105	74	111
lymfosyytit-osuus	105	75	111
lymfosyytitosuus	105	76	111
lymfosyyttienabsol.määrä	105	77	111
metamyelosyytit	105	78	111
monosyytit	105	79	111
monosyytit,5-osa	105	80	111
monosyytit-osuus	105	81	111
monosyytit/tvk	105	82	111
monosyytitosuus	105	83	111
monosyyttienabs.määrä	105	84	111
myelosyytit	105	85	111
pot.syönyt(pvm,klo)	105	86	111
promyelosyytit	105	87	111
raskauksienmäärä,g	105	88	111
retikulosyytit	105	89	111
retikulosyytit(lask.)	105	90	111
retikulosyytit,indeksi	105	91	111
retikulosyytit,tuotantoindeksi	105	92	111
retikulosyyttienkeskimääräine	105	93	111
s-lysotsyymi	105	94	111
se-erytrosyytit	105	95	111
sy-leukosyytit	105	96	111
synnytystenmäärä,p	105	97	111
trombosyytit	105	98	111
trombosyytit,sitraattiveri	105	99	111
trombosyytit/pvk	105	100	111
u-erytrosyytit	105	101	111
u-erytrosyytit(kval)	105	102	111
u-erytrosyytit,kval	105	103	111
u-erytrosyytitkval	105	104	111
u-leukosyytit	105	105	111
u-leukosyytit(kval)	105	106	111
u-leukosyytit,kval	105	107	111
u-leukosyytit,laus	105	108	111
u-leukosyytitstix	105	109	111
vb-emäsylimäärä	105	110	111
zb-emäsylimäärä	105	111	111
ab-erytrosyytit,tilavuusosuus	106	1	58
b-erytrosyytit(tilavuusosuus)	106	2	58
b-erytrosyytit,kokojakaumaprosentti	106	3	58
b-erytrosyytit,normoblastit,mikroskopointi	106	4	58
b-erytrosyytit,poc-tutkimus	106	5	58
b-erytrosyytit,tilavuusosuus	106	6	58
b-erytrosyytit,tilavuusosuus(hematokriitti)	106	7	58
b-erytrosyytit,tilavuusosuus,pikahoitoyksiköt	106	8	58
b-erytrosyytit,tilavuusosuuspoc-tutkimus	106	9	58
b-erytrosyyttientilavuusosuus	106	10	58
b-hkr(erytrosyytit,tilavuusosuus)	106	11	58
b-leukosyytit,poc-tutkimus	106	12	58
b-leukosyytit,vieritutkimus	106	13	58
b-lymfosyytit,b-cd19-solut	106	14	58
b-lymfosyytit,t-cd3-solut	106	15	58
b-lymfosyytit,t-cd4-solut	106	16	58
b-lymfosyytit,t-cd8-solut	106	17	58
b-trombosyytit,poc-tutkimus	106	18	58
e-erytrosyytiit,kokojakaumaprosentti	106	19	58
e-erytrosyytit,keskitilavuus	106	20	58
e-erytrosyytit,keskitilavuus,poc-tutkimus	106	21	58
e-erytrosyytit,kokojakauma	106	22	58
e-erytrosyytit,kokojakaumaindeksi	106	23	58
e-erytrosyytit,kokojakaumaprosentti	106	24	58
e-erytrosyytit,kokojakumaprosentti	106	25	58
e-erytrosyytit,tilavuus	106	26	58
e-erytrosyyttienkeskitilavuus	106	27	58
e-mcv(erytrosyytit,keskitilavuus)	106	28	58
erytrosyytit,keskitilavuus	106	29	58
erytrosyytit,kokojakauma	106	30	58
erytrosyytit,kokojakaumaindeksi,osatutk.2474	106	31	58
erytrosyytit,pvkosatutkimus	106	32	58
erytrosyytit,tilavuusosuus	106	33	58
fb-leukosyytitpvk:nosatutkimus	106	34	58
l-blastit,mikroskopointi	106	35	58
l-leukosyytit,basofiiliset,mikroskopointi	106	36	58
l-leukosyytit,eosinofiiliset,mikroskopointi	106	37	58
l-lymfosyytit,mikroskopointi	106	38	58
l-metamyelosyytit,mikroskopointi	106	39	58
l-monosyytit,mikroskopointi	106	40	58
l-myelosyytit,mikroskopointi	106	41	58
l-neutrofiilit,liuskatumaiset	106	42	58
l-neutrofiilit,mikroskopointi	106	43	58
l-neutrofiilit,sauvatumaiset	106	44	58
l-promyelosyytit,mikroskopointi	106	45	58
li-leukosyytit,liuskatumaiset	106	46	58
li-leukosyytit,yksitumaiset	106	47	58
ly-lymfosyytit,b-cd19-solujenosuus	106	48	58
ly-lymfosyytit,nk-solujenosuus	106	49	58
ly-lymfosyytit,t-cd3-solujenosuus	106	50	58
ly-lymfosyytit,t-cd4/cd8-suhde	106	51	58
ly-lymfosyytit,t-estäjäsolujenosuus	106	52	58
pf-leukosyytit,liuskatumaiset	106	53	58
pf-leukosyytit,yksitumaiset	106	54	58
sy-leukosyytit,liuskatumaiset	106	55	58
sy-leukosyytit,yksitumaiset	106	56	58
u-erytrosyytit(kval),osatutkimus	106	57	58
u-erytrosyytit,osatutkimus	106	58	58
ab-happamuusaste,lämpötilakorjattu	107	1	73
ab-happiosapaine,lämpötilakorjattu	107	2	73
ab-happoemästase,laajapaketti	107	3	73
ab-hiilidioksidiosapaine	107	4	73
ab-hiilidioksidiosapaine,lämpötilakorjattu	107	5	73
ab-hiilimonoksidi-hb	107	6	73
ab-hiilimonoksidihemoglobiini	107	7	73
b-acinetobactercalcoaceticus-baumannii	107	8	73
b-crp,pikatesti,veri	107	9	73
b-imp,karbapenemaasigeeni	107	10	73
b-kalium,pikatesti,veri	107	11	73
b-kpc,karbapenemaasigeeni	107	12	73
b-kreatiniini,pikatesti,veri	107	13	73
b-natrium,pikatesti,veri	107	14	73
b-ndm,karbapenemaasigeeni	107	15	73
b-oxa-48,karbapenemaasigeeni	107	16	73
b-vim,karbapenemaasigeeni	107	17	73
cb-hiilidioksidiosapaine	107	18	73
emäsylimäärä,kapillaariveri	107	19	73
emäsylimäärä,koneveri	107	20	73
emäsylimäärä,laskimoveri	107	21	73
emäsylimäärä,valtimoveri	107	22	73
f-helicobacterpylori,antigeeni	107	23	73
happamuusaste,kapillaariveri	107	24	73
happamuusaste,koneveri	107	25	73
happamuusaste,laskimoveri	107	26	73
happamuusaste,pleuraneste	107	27	73
happamuusaste,seerumi	107	28	73
happamuusaste,valtimoveri	107	29	73
happamuusaste,virtsasta	107	30	73
happamuusaste,virtsasta,osatutk.	107	31	73
happamuusaste,virtsasta,vieritesti	107	32	73
happiosapaine,kapillaariveri	107	33	73
happiosapaine,koneveri	107	34	73
happiosapaine,laskimoveri	107	35	73
happisisältö,kapillaariveri	107	36	73
happisisältö,laskimoveri	107	37	73
happisisältö,valtimoveri	107	38	73
happoemästase,laskimoverestä␤	107	39	73
happoemästasejahappi,kapillaariverestä␤	107	40	73
helicobacterpylori,antigeeni	107	41	73
hiilidioksidiosapaine,kapillaariveri	107	42	73
hiilidioksidiosapaine,koneveri	107	43	73
hiilidioksidiosapaine,laskimoveri	107	44	73
kalium,pikatesti,veri	107	45	73
karsinoembryonaalinenantigeeni	107	46	73
kreatiniini,pikatesti,veri	107	47	73
leukosyytit,pikatesti,verestä	107	48	73
leukosyytit,pikatesti,veri	107	49	73
leukosyytti,pikatesti,veri	107	50	73
natrium,pikatesti,veri	107	51	73
oma-ca++(kalsiumioni)epoc	107	52	73
oma-chco3-(karbonaatti)epoc	107	53	73
oma-chgb(hemoglobiini)epoc	107	54	73
oma-cl-(kloridi)epoc	107	55	73
oma-glu(glukoosi)epoc	107	56	73
oma-hct(hematokriitti)epoc	107	57	73
oma-k+(kalium)epoc	107	58	73
oma-lac(laktaatti)epoc	107	59	73
oma-na+(natrium)epoc	107	60	73
oma-pco2(hiilidioksidiosapaine)epoc	107	61	73
oma-po2(happiosapaine)epoc	107	62	73
p-happamuusaste(ionis.ca)	107	63	73
s-he4,ihmisenepididymaalinenantigeeni4	107	64	73
s-helicobacterpylori,iggvasta-aineet	107	65	73
s-ihmisenepididymaalinenantigeeni4	107	66	73
s-karsinoembryonaalinenantigeeni	107	67	73
troponiini,pikatesti,veri	107	68	73
troponiinit,pikatesti,veri	107	69	73
u-hapaamuusaste(kval)	107	70	73
u-happamuusaste(kval)	107	71	73
vb-hiilidioksidiosapaine	107	72	73
vb-hiilimonoksidi-hb	107	73	73
ab-happikyllästeisyys(hemoglobiini)	108	1	10
ab-happikyllästeisyys(hemoglobiini),eitilattava	108	2	10
cb-happikyllästeisyys(hemoglobiinin,osuustoiminnallisestahb:sta)	108	3	10
happikyllästeisyys(hemoglobiini),kapillaariverestä,pikatesti␤	108	4	10
happikyllästeisyys(hemoglobiini),kapillaariveri	108	5	10
happikyllästeisyys(hemoglobiini),koneveri	108	6	10
happikyllästeisyys(hemoglobiini),laskimoveri	108	7	10
vb-happikyllästeisyys(hemoglobiini)	108	8	10
vb-happikyllästeisyys(hemoglobiinin,osuustoimin	108	9	10
zb-happikyllästeisyys(hemoglobiini)	108	10	10
ab-hemoglobiini,hiilimonoksidi	109	1	45
ab-hemoglobiini,kokonais-	109	2	45
ab-kokonaishemoglobiini,verikaasuanalysaattorista	109	3	45
b-hemoglobiini,poc-tutkimus	109	4	45
b-hemoglobiini,vieritutkimus	109	5	45
b-hemoglobiini-a1c,(mmol/mol)pika,hoitoyksiköt	109	6	45
b-hemoglobiini-a1c,glykoitunut	109	7	45
b-hemoglobiini-a1c,verestä	109	8	45
b-hemoglobiini-a1c,vieritesti	109	9	45
b-hemoglobiinipvk:nosana	109	10	45
e-hemoglobiini(massa)	109	11	45
e-hemoglobiini(massakonsentraatio)	109	12	45
e-hemoglobiini,keskimassa	109	13	45
e-hemoglobiini,keskimassa,poc-tutkimus	109	14	45
e-hemoglobiini,keskimassakonsentraatio	109	15	45
e-hemoglobiini,keskimassakonsentraatiopoc-tutkimus	109	16	45
e-hemoglobiinikeskimassa	109	17	45
f-hemoglobiini(kval)(ko)	109	18	45
f-hemoglobiini,ihmisen(kval)	109	19	45
f-hemoglobiini,ihmisen(kvant)	109	20	45
f-hemoglobiini,uloste(kvant)	109	21	45
hemoglobiini(kval)ulosteesta(f-hhb-o)	109	22	45
hemoglobiini(totaali),kapill	109	23	45
hemoglobiini(totaali),kapillaariveri	109	24	45
hemoglobiini(totaali),koneveri	109	25	45
hemoglobiini(totaali),laskim	109	26	45
hemoglobiini(totaali),laskimoveri	109	27	45
hemoglobiini(totaali),valtim	109	28	45
hemoglobiini(totaali),valtimoveri	109	29	45
hemoglobiini,hiilimonoksidi,	109	30	45
hemoglobiini,hiilimonoksidi,veri	109	31	45
hemoglobiini,ihmisen(kval),uloste	109	32	45
hemoglobiini,ihmisen(kval),ulosteesta␤	109	33	45
hemoglobiini,keskimassa	109	34	45
hemoglobiini,pikatesti,veri	109	35	45
hemoglobiini,pikatesti␤	109	36	45
hemoglobiini,verestä,vieritesti	109	37	45
hemoglobiini,vieritutkimus	109	38	45
hemoglobiini-a1c,glykoitunut(6128b-hba1c)	109	39	45
hemoglobiini-a1c,glykoitunut(b-hba1c)	109	40	45
hemoglobiini-a1c,verestä	109	41	45
u-hemoglobiini(kval)	109	42	45
vb-hemoglobiini(totaali),laskimoveri	109	43	45
vb-hemoglobiini,hiilimonoksidi	109	44	45
vb-kokonaishemoglobiini,verikaasuanalysaattorista	109	45	45
ab-kalsium,ionisoitunut,aktuaalinen	110	1	40
ab-kalsium,ionisoitunut,eitilattava	110	2	40
ab-kalsium,ionisoitunut,ph7.4-korjattu	110	3	40
ab-kalsium,ionisoitunut,ph7.4:ssa	110	4	40
cb-kalsium,ionisoitunut	110	5	40
cb-kalsium,ionisoitunut,ph7.4-korjattu	110	6	40
fp-kalsium,ionisoitunut	110	7	40
fs-kalsium,ionisoitunut	110	8	40
fs-kalsium,ionisoitunut,aktuaal.	110	9	40
fs-kalsium,ionisoitunut,ph7.4:ssa	110	10	40
kalsium,ionisoitunut	110	11	40
kalsium,ionisoitunut(7.4)	110	12	40
kalsium,ionisoitunut(7.4),pl	110	13	40
kalsium,ionisoitunut(7.4),plasma	110	14	40
kalsium,ionisoitunut(7.4),seerumi	110	15	40
kalsium,ionisoitunut(akt)	110	16	40
kalsium,ionisoitunut(akt),plasma	110	17	40
kalsium,ionisoitunut(s-)	110	18	40
kalsium,ionisoitunut,aktuaali	110	19	40
kalsium,ionisoitunut,aktuaaliosatutk.	110	20	40
kalsium,ionisoitunut,koneveri	110	21	40
kalsium,ionisoitunut,ph7.4-korjattu	110	22	40
kalsium,ionisoitunut,ph7.4-korjattu,seerumista	110	23	40
kalsium,ionisoitunut,ph7.4-korjattu,seerumista,osatutk	110	24	40
kalsium,ionisoitunutph	110	25	40
kalsium,ionsoitunut(7.4),koneveri	110	26	40
p-kalsium,ionisoitunut	110	27	40
p-kalsium,ionisoitunut,aktuaalinen	110	28	40
p-kalsium,ionisoitunutpika,hoitoyksiköt	110	29	40
pt-kalsium,ionisoitunut	110	30	40
pt-kalsiumionisoitunutph7.4	110	31	40
s-kalsium,ionisoitunut	110	32	40
s-kalsium,ionisoitunut,aktuaali	110	33	40
s-kalsium,ionisoitunut,aktuaalinen	110	34	40
s-kalsium,ionisoitunut,ph7,4	110	35	40
s-kalsium,ionisoitunut,ph7.4-korjattu	110	36	40
s-kalsium,ionisoitunut,ph7.4korjattu	110	37	40
s-kalsium,ionisoitunutph7.4korjattu	110	38	40
vb-kalsium,ionisoitunut,eitilattava	110	39	40
vb-kalsium,ionisoitunut,ph7.4-korjattu	110	40	40
ab-verikaasuanalyysi,laaja	111	1	19
ab-verikaasuanalyysi,laaja,astrupl	111	2	19
ab-verikaasuanalyysi,perus	111	3	19
ab-verikaasuanalyysi,teho	111	4	19
ab-verikaasuanalyysilaaja,elektrolyytit,glu,lakt	111	5	19
cb-verikaasuanalyysi(po2,pco2,ph,laskenta)	111	6	19
cb-verikaasuanalyysi,kapillaarinäyte	111	7	19
cb-verikaasuanalyysi,laaja	111	8	19
cb-verikaasuanalyysi,perus	111	9	19
vb-verikaasuanalyysi(po2,pco2,ph,laskenta)	111	10	19
vb-verikaasuanalyysi,laaja	111	11	19
vb-verikaasuanalyysi,laskimoveri	111	12	19
vb-verikaasuanalyysi,perus	111	13	19
vb-verikaasuanalyysilaaja,elektrolyytit,glu,lakt	111	14	19
verikaasuanalyysi,kapillaariveri	111	15	19
verikaasuanalyysi,laskimoveri	111	16	19
verikaasuanalyysi,valtimoveri	111	17	19
zb-verikaasuanalyysi,laaja	111	18	19
zb-verikaasuanalyysi,perus	111	19	19
abcg2-geeninnukleotidivariaatiot,dna-tutkimus	112	1	12
cyp2b6-geeninnukleotidivariaatiot,dna-tutkimus	112	2	12
cyp2c19-geeninnukleotidivariaatiot,dna-tutkimus	112	3	12
cyp2c9-geeninnukleotidivariaatiot,dna-tutkimus	112	4	12
cyp3a5-geeninnukleotidivariaatiot,dna-tutkimus	112	5	12
cyp4f2-geeninnukleotidivariaatiot,dna-tutkimus	112	6	12
dpyd-geeninnukleotidivariaatiot,dna-tutkimus	112	7	12
dpyd-geeninnuleotidivariaatiot,dna-tutkimus	112	8	12
nudt15-geeninnukleotidivariaatiot,dna-tutkimus	112	9	12
slco1b1-geeninnukleotidivariaatiot,dna-tutkimus	112	10	12
tpmt-geeninnukleotidivariaatiot,dna-tutkimus	112	11	12
vkorc1-geeninnukleotidivariaatiot,dna-tutkimus	112	12	12
adalimumabi,pitoisuusjavasta-aine-paketti	113	1	108
b-erytroblastit,absoluuttiset,automaattidiffi	113	2	108
b-lymfosyyttienimmunofenotyypitys,suppea	113	3	108
b-non-invasiivinenprenataalitutkimus,seulonta	113	4	108
b-punasoluvasta-aineidentunnistus(neuvola)	113	5	108
b-sikiönrhd-veriryhmäsuojaustavarten	113	6	108
b-sopivuuskoelaskutustavarten	113	7	108
biopankkinäyte,veri,helsinginbiobankki	113	8	108
biopankkinäyte,veri,helsinginbiopankki	113	9	108
coombs,suora(mono-/polyspes.antis.(kval)	113	10	108
coombs,suora(polyspesifinenantiseerumi)(kval),punasoluista	113	11	108
crp(vo:nyhteydessäotettu),tth	113	12	108
e-abo-jarh-veriryhmämääritys,neuvolanäyte	113	13	108
e-coombs,suora(mono-taipolysp.antiseerumi)(	113	14	108
e-coombs,suora(polyspesifinen)(kval)	113	15	108
ekg,24hrekisteröinti	113	16	108
ekg,pitkäaikaisrekisteröinti	113	17	108
elektroneuromyografia,rannekanava	113	18	108
fibriinind-dimeerit,pikatesti,veri	113	19	108
fs-lipidit,paketti(kol,hdl,trigly,ldl)	113	20	108
hemoglobiini(vo:nyhteydessäotettu),tth	113	21	108
ikär.paketti(lipa,s-gt,s-alat,fs-gluk,pvk)	113	22	108
insuliininkaltainenkasvutekijä1	113	23	108
insuliininkaltainenkasvutekijä1,sd-score,seerumi	113	24	108
kappa-lambda-suhde,kevytketju	113	25	108
kappa/lambda-suhde,kevytketjut,vapaat	113	26	108
krooninenmunuaistenvajaatoimintariski	113	27	108
lupusantikoagulantti,drvvt,plasma	113	28	108
lupusantikoagulantti,ptt,plasma	113	29	108
metanefriinijanormetanefriini,seerumi	113	30	108
mononukleaarisetsolut,peritoneaalidialyysineste	113	31	108
muutsolut,peritoneaalidialyysineste	113	32	108
natrium,kalium,glukoosijakreatiniini,pikatesti	113	33	108
neulanpistopaketti(kohde)pyydäerikseenp-alat	113	34	108
non-invasiivinenprenataalitutkimus,seulonta	113	35	108
normaaliekgrekisteröinti,osastollaotettava␤	113	36	108
p-antifactorix-aktiivisuus(hep.estovaikutusak	113	37	108
p-fibriinind-dimeerit,laskimon.vierit.lab:ssa	113	38	108
p-fibriinind-dimeeritpika,hoitoyksiköt	113	39	108
p-lupusantikoagulantti,aptt,varm.	113	40	108
p-lupusantikoagulantti,aptt,varmistus	113	41	108
p-lupusantikoagulantti,drvv,varmistus	113	42	108
p-lupusantikoagulantti,drvvt,varm.	113	43	108
p-plasmanneurofilamentti,kevytketju	113	44	108
p-prokalsitoniini,kvantitatiivinen	113	45	108
p-sukupuolihormonejasitovaglobuliini	113	46	108
p-troponiinit,kvantitatiivinen	113	47	108
ps-streptokokki,viljely,nielu	113	48	108
ps-streptokokkia,antigeeni,hoitoyksiköt	113	49	108
pt-down,trisomianmääritettyriskisuhde	113	50	108
pt-down,äidiniänmukainenriskisuhde	113	51	108
pt-ekg,pitkäaikaisrekisteröinti	113	52	108
pt-glukoosi-koe,raskaudenaikainen	113	53	108
pt-kliininenrasituskoe,spiroergometria	113	54	108
pt-kliininenrasituskoe,työjohteinen,pyöräergometria	113	55	108
pt-lisälausuntoilmanlaboratoriotyötä	113	56	108
pt-potilastapkliinispat.käsitt.kokous,eilisälau	113	57	108
pt-verenpaine,pitkäaikaisrekisteröinti(24h)	113	58	108
pt-yöpolygrafia,suppea,ambulatorinen	113	59	108
raskaudenaikaineninfektioseula,seerumista␤	113	60	108
s-allige,dermatophagoidespteronyssinus,pölypun	113	61	108
s-allige,dermatophagoidespteronyssinus,pölypunkki/dammvalster	113	62	108
s-allige,hevonen(hilse)/häst(mjäll)	113	63	108
s-allige,kala(turska)/fisk(torsk)	113	64	108
s-allige,kissa(hilse)/katt(mjäll)	113	65	108
s-allige,koira(hilse)/hund(mjäl)	113	66	108
s-allige,koira(hilse)/hund(mjäll)osa	113	67	108
s-allige,vehnä(jauho)/vete(mjöl)	113	68	108
s-anca,perinukleaarinenvärjäytymiskuvio	113	69	108
s-anca,sytoplasminenvärjäytymiskuvio	113	70	108
s-apututkimusneuvolalletr1seulvarten	113	71	108
s-haaraketjuistenaminohappojen(leusiini+isole	113	72	108
s-infektioseulonta,raskaudenaikainen	113	73	108
s-infliksimabi,pitoisuusjavasta-aine-paketti	113	74	108
s-kappa-lambda-suhde,kevytketjut,vapaa	113	75	108
s-leukosyyttivasta-aineet,elinsiirtoaodottava	113	76	108
s-raskaudenaikaisetinfektioseulonnat	113	77	108
s-sukupuolihormonejasitovaglobuliini	113	78	108
s-äitiysneuvoloideninfektioseulontapaketti	113	79	108
seeruminkokonais-iga-pitoisuusphadiaprimella	113	80	108
seeruminkokonaisiga-pitoisuusphadiaprimella	113	81	108
solut,peritoneaalidialyysineste	113	82	108
spirometria,tavall.dyn.aikatilavuusmittaus	113	83	108
streptokokki,viljely,nielueritteestä␤	113	84	108
streptokokkiviljelynielusta	113	85	108
sukupuolihormonejasitovaglobuliini	113	86	108
tehtyposantutk.rek.siirtoavarten	113	87	108
triglyseridit(trigly)/lipidit	113	88	108
triglyseridit(trigly)/lipiditosatutkimus	113	89	108
triglyseridit/lipidit,osatutkimus(4568trigly)	113	90	108
tromboositaipumuksenselvittely,veri	113	91	108
ts-kolonoskopianäyte,suolisto-syöpäseulonta	113	92	108
ts-kolonoskopianäyte,suolistosyöpäseulonta	113	93	108
u-bakteerit,virtsatieinfektionseulonta	113	94	108
u-buprenorfiini,kvalitatiivinen	113	95	108
u-huumeseulonta,kvalitatiivinen	113	96	108
u-leukosyytit,virtsatieinfektionseulonta	113	97	108
u-metyleenidioksimetamfetamiini(kval)	113	98	108
u-partikkelienperuslaskenta,koneellinen	113	99	108
u-pneumokokki,antigeeninosoitus	113	100	108
u-pregabaliini,kvalitatiivinen	113	101	108
u-solut,partikkelienperuslaskenta=u-sakka	113	102	108
u-virtsanominaispainohuumemäärityksissä	113	103	108
verensopivuuskoe(vainlaboratorionkäyttöön)	113	104	108
virtsanpartikkelienlaskenta(solut)	113	105	108
virtsanpartikkelienperuslaskenta	113	106	108
virtsatutkimus(vo:nyhteydessäotettu),tth	113	107	108
äitiysneuvoloidenseulontatutkimus	113	108	108
albumiininjakreatiininsuhde(virtsa)	114	1	22
albumiininjakreatiniininsuh	114	2	22
albumiininjakreatiniininsuhde	114	3	22
albumiininjakreatiniininsuhde,virtsasta	114	4	22
plasmaproteiinia,raskauteenliittyvä	114	5	22
s-b12-vitamiini,transkobalamiiniii:eensit.	114	6	22
s-b12-vitamiini,transkobalamiiniii:eensitoutun	114	7	22
s-b12-vitamiini,transkobalamiiniii:eensitoutunut,seerumista	114	8	22
s-b12-vitamiini,transkobalamiiniii:nsitoutunut	114	9	22
s-plasmaproteiinia,raskauteenliittyvä	114	10	22
s-plasmaproteiinia,raskauteenliittyvä(sikiöseula)	114	11	22
s-proteiinifraktioidenalbumiinifraktio	114	12	22
s-proteiinifraktioidenalfa-1-fraktio	114	13	22
s-proteiinifraktioidenalfa-2-fraktio	114	14	22
s-proteiinifraktioidenbeeta-1-fraktio	114	15	22
s-proteiinifraktioidenbeeta-2-fraktio	114	16	22
s-proteiinifraktioidengammafraktio	114	17	22
s-proteiinifraktioidenm-komponentti1	114	18	22
u-albumiini-kreatiniini-suhde,osatutk.	114	19	22
u-albumiinimikroalbuminuriamg/l(u-albkre)	114	20	22
u-albumiininjakreatiniininsuhde	114	21	22
u-albumiininjakreatiniininsuhde(mikroalbumiini)	114	22	22
asetoniaineet(kval),virtsasta,osatutk.	115	1	29
asetoniaineet(kval),virtsasta,vieritesti	115	2	29
buprenorfiini(kval),virtsasta	115	3	29
erytrosyytit(kval),virtsasta,vieritesti	115	4	29
glukoosi(kval),virtsasta,osatutk.	115	5	29
glukoosi(kval),virtsasta,vieritesti	115	6	29
kannabis(kval),virtsasta	115	7	29
klonatsepaamin(7acl)osoitusvirtsasta.	115	8	29
kokaiini(kval),virtsasta	115	9	29
leukosyytit(kval),virtsasta,vieritesti	115	10	29
leukosyytit,virtsasta,osoitus,osatutk.	115	11	29
metadoni(kval),virtsasta	115	12	29
metamfetamiini(kval),virtsasta	115	13	29
metyylifenidaatinosoitus,virtsasta	115	14	29
nitriitti(kval),virtsasta,osatutk.	115	15	29
nitriitti(kval),virtsasta,vieritesti	115	16	29
opiaatit(kval),virtsasta	115	17	29
proteiini(kval),virtsasta,vieritesti	115	18	29
proteiini,(kval),virtsasta,osatutk.	115	19	29
tramadol(kval),virtsasta	115	20	29
trisyklisetantidepressantit(kval),virtsasta	115	21	29
u-albumiini(kval)tykslab.osat.	115	22	29
u-asetoniaineet(kval)tykslabosat.	115	23	29
u-buprenorfiini(kval),virtsasta	115	24	29
u-erytrosyytit(kval)tykslab.osat.	115	25	29
u-glukoosi(kval)tykslabosastutk.	115	26	29
u-leukosyytit(kval)tykslab.osat.	115	27	29
u-trisyklisetantidepressantit(kval)	115	28	29
veri,virtsasta(osoitus),osatutk.	115	29	29
b-basofiilit-act5diffillä	116	1	29
b-eosinifiilit-act5diffillä	116	2	29
b-neutrofiilit-absact5diffillä	116	3	29
b-neutrofiilitabsoluuttinenarvo	116	4	29
basofiilit,absol.arvot	116	5	29
basofiilit,absoluuttiset	116	6	29
basofiilit-osuus(diffi)	116	7	29
eosinofiilit,absol.arvot	116	8	29
eosinofiilit-osuus(diffi)	116	9	29
l-neutrofiilit-act5diffillä	116	10	29
li-neutrofiilitjaeosinofiilit	116	11	29
lymfosyytit,absol.arvot	116	12	29
lymfosyytit,absoluuttiset	116	13	29
lymfosyytit-osuus(diffi)	116	14	29
monosyytit,absol.arvot	116	15	29
monosyytit,absoluuttiset	116	16	29
monosyytit-osuus(diffi)	116	17	29
monosyytitabsol.arvot	116	18	29
neutrofiilit+eosinofiilit,niv	116	19	29
neutrofiilit+eosinofiilit,nivelneste	116	20	29
neutrofiilit+eosinofiilit,peritoneaalidialyysineste	116	21	29
neutrofiilit+eosinofiilit,s	116	22	29
neutrofiilit+eosinofiilit,selkäydinneste	116	23	29
neutrofiilit,absol.arvot	116	24	29
neutrofiilit,absoluuttiset	116	25	29
neutrofiilit-osuus(diffi)	116	26	29
neutrofiilit.absol.arvot	116	27	29
pf-neutrofiilitjaeosinofiilit	116	28	29
sy-neutrofiilitjaeosinofiilit	116	29	29
b-c-reaktiivinenproteiini	117	1	43
b-c-reaktiivinenproteiinipika	117	2	43
b-c-resktiivinenproteiini	117	3	43
c-reaktiivinenproteiini	117	4	43
c-reaktiivinenproteiini(4594p-crp)	117	5	43
c-reaktiivinenproteiini(crp)	117	6	43
c-reaktiivinenproteiini(p-crp)	117	7	43
c-reaktiivinenproteiini,herkkä	117	8	43
c-reaktiivinenproteiini,herkkä,seerumista	117	9	43
c-reaktiivinenproteiini,pika	117	10	43
c-reaktiivinenproteiini,pika,tehdäänitse	117	11	43
c-reaktiivinenproteiini,pikatesti,veri	117	12	43
c-reaktiivinenproteiini,pikatesti,veri(23318b-crp-pt)	117	13	43
c-reaktiivinenproteiini,pikatutkimus	117	14	43
c-reaktiivinenproteiini,plasmasta,vieritesti	117	15	43
c-reaktiivinenproteiini,tk:ntekemä	117	16	43
c-reaktiivinenproteiini,vieritesti	117	17	43
c-reaktiivinenproteiini,vieritutkimus	117	18	43
c-reaktiivinenproteiini,vieritutkimus,plasmasta	117	19	43
c-reaktiivinenproteiini,vieritutkimusnordlab	117	20	43
c-reaktiivinenproteiini-pika(4594crp-pika)	117	21	43
c-reaktiivinenproteiini-pika(crp-pika)	117	22	43
cp-c-reaktiivinenproteiini,ihopiston,hoitoyksikössä	117	23	43
fs-c-reaktiivinenproteiini	117	24	43
p-c-reaktiininenproteiini,vieritutkimus	117	25	43
p-c-reaktiivinenproteiini	117	26	43
p-c-reaktiivinenproteiini(kval)	117	27	43
p-c-reaktiivinenproteiini(kval)␤	117	28	43
p-c-reaktiivinenproteiini(pikanäyte)	117	29	43
p-c-reaktiivinenproteiini,crp	117	30	43
p-c-reaktiivinenproteiini,hoitoyksikkö	117	31	43
p-c-reaktiivinenproteiini,pikatesti	117	32	43
p-c-reaktiivinenproteiini,vieritutkimus	117	33	43
p-c-reaktiivinenproteiini,vieritutkimus,plasmasta	117	34	43
p-c-reaktiivinenproteiini.pika	117	35	43
p-c-reaktiivinenproteiinipikahoitoyksiköt	117	36	43
p-c-reaktiivinenproteiinipikamittari	117	37	43
pikatesti,c-reaktiivinenproteiini	117	38	43
plasmanc-reaktiivinenproteiiniosoitus	117	39	43
s-c-reaktiivinenproteiini	117	40	43
s-c-reaktiivinenproteiini,herkkä	117	41	43
s-c-reaktiivinenproteiini,pika	117	42	43
s-c-reaktiivinenproteiini/	117	43	43
b-eosinofiilit,b-diffiosatutkimus	118	1	55
b-erybla(19978b-erybla),osatutkimus	118	2	55
b-hyytymistekijävgeeni,dna-tutkimus	118	3	55
b-jak2-geeninmutaatio,dna-tutkimus	118	4	55
b-laktaatti,päivystystutkimus	118	5	55
b-laktoosi-intoleranssi,dna-tutkimus	118	6	55
b-laktoosimalabsorptioonliityvägeenimuutos,dna	118	7	55
b-neutrofiili,erillistutkimuksena	118	8	55
b-neutrofiilit,b-diffiosatutkimus	118	9	55
b-neutrofiilit,erillistutkimuksena	118	10	55
b-neutrofiiliterillistutkimuksena	118	11	55
b-protrombiinigeeni,dna-tutkimus	118	12	55
bf-bronkuseritteenirtosolututkimus	118	13	55
bronkuseritteenirtosolututkimus	118	14	55
cyp2d6-geeninvariaatiot,dna-tutkimus	118	15	55
dpyd-geeninvarianttientutkimusverestä	118	16	55
e-rdw(19976e-rdw),osatutkimus	118	17	55
farmakogeneettinenpaneeli,dna-tutkimusverestä	118	18	55
farmakogeneettinenpaneelitutkimus	118	19	55
gynegologinenirtosolututkimus	118	20	55
gynekologinenirtosolunäyte,hpvnho+tarvnestepapa	118	21	55
gynekologinenirtosolututkimus	118	22	55
gynekologinenirtosolututkimus,seulonta	118	23	55
hyytymistekijävgeeni,dna-tutkimus	118	24	55
immunohistokemiallinentutkimus	118	25	55
k-vitamiinitk1jak2,pakettitutkimus	118	26	55
k1-vitamiini(fyllokinoni)osatutkimus	118	27	55
k2-vitamiini,menakinoni-4(mk4)osatutkimus	118	28	55
k2-vitamiini,menakinoni-7(mk7)osatutkimus	118	29	55
laktaatti,päivystystutkimus,verestä	118	30	55
laktoosi-intoleranssi,dna-tutkimus	118	31	55
laktoosi-intoleranssi,dna-tutkimus,verestä␤	118	32	55
lausunto,hemostaasi-jatrombosyyttitutkimukset	118	33	55
mikrobiologianerikoistutkimuk	118	34	55
neuvola1,äitiysneuvolatutkimukset	118	35	55
p-ca-albk(laskennallinentutkimus)	118	36	55
pf-laktaatti,päivystystutkimus	118	37	55
pleuranesteenirtosolututkimus	118	38	55
pt-gynegologinenirtosolututkimus␤	118	39	55
pt-gynekologinenirtosolututkimus	118	40	55
pt-gynekologinenirtosolututkimus,seulonta	118	41	55
s-borrelia,vasta-aineetiggvarmistustutkimus	118	42	55
s-borrelia,vasta-aineetigmvarmistustutkimus	118	43	55
s-hi-virus,vasta-aineet,päivystystutkimus	118	44	55
s-immunofiksaatiotutkimus	118	45	55
sytologinenirtosolututkimus,virtsasta	118	46	55
ts-rintasyövänennustekijätutkimus	118	47	55
tyreotropiinirefleksointitutkimus	118	48	55
u-asetoniaineet(kval),osatutkimus	118	49	55
u-epiteelisolut,osatutkimus	118	50	55
u-laajahuume-jalääkeainetutkimus	118	51	55
u-proteiini(kval),osatutkimus	118	52	55
u-suhteellinentiheys,osatutkimus	118	53	55
u-virtsanirtosolututkimus	118	54	55
virtsanirtosolututkimus	118	55	55
b-erybla,osatutkimus(19978b-erybla)	119	1	24
b-erybla,osatutkimus(b-erybla)	119	2	24
b-neut,osatutkimus(689b-neut)	119	3	24
basofiilit,absol.arvot,osatutkimus(40b-baso)	119	4	24
basofiilit,osatutkimus(692l-baso)	119	5	24
e-rdw,osatutkimus(19976e-rdw)	119	6	24
e-rdw,osatutkimus(e-rdw)	119	7	24
eosinofiilit,absol.arvot,osatutkimus(39b-eos)	119	8	24
eosinofiilit,osatutkimus(690l-eos)	119	9	24
kalsium,osatutkimus(p-ca)	119	10	24
l-neut,osatutkimus(688l-neut)	119	11	24
lymfosyytit,absol.arvot,osatutkimus(43b-lymf)	119	12	24
lymfosyytit,osatutkimus(46l-lymf)	119	13	24
monosyytit,absol.arvot,osatutkimus(42b-monos)	119	14	24
monosyytit,osatutkimus(693l-monos)	119	15	24
s-albumiini,osatutkimuss-prot-fr	119	16	24
s-alfa-1-globuliini,osatutkimuss-prot-fr	119	17	24
s-alfa-2-globuliini,osatutkimuss-prot-fr	119	18	24
s-beta-1-globuliini,osatutkimuss-prot-fr	119	19	24
s-beta-2-globuliini,osatutkimuss-prot-fr	119	20	24
s-gamma-globuliini,osatutkimuss-prot-fr	119	21	24
s-m-komponentti-1(valetietues-prot-fr)	119	22	24
s-m-komponentti-2(valetietues-prot-fr)	119	23	24
s-m-komponentti-3(valetietues-prot-fr)	119	24	24
b-glukoosi,hoitoyksikönvieritesti,kokoveri	120	1	8
b-kreatiniini,hoitoyksikönvieritesti,veri	120	2	8
crp-pitoisuus,hoitoyksikkömittaavieritestilaitteella	120	3	8
kalium,hoitoyksikönvieritesti,veri	120	4	8
kreatiniini,hoitoyksikönvieritesti,veri	120	5	8
marevan-hoidonseur.tatesti,hoitoyksikkötekeesormenpäänäyte	120	6	8
natrium,hoitoyksikönvieritesti,veri	120	7	8
troponiini-t-pit.hoitoyksikkötekeevieritestilaitteella	120	8	8
b-konediffi,5-osanen,osavastausb-baso	121	1	27
b-konediffi,5-osanen,osavastausb-eos	121	2	27
b-konediffi,5-osanen,osavastausb-lymf	121	3	27
b-konediffi,5-osanen,osavastausb-monos	121	4	27
b-konediffi,5-osanen,osavastausb-neut	121	5	27
b-konediffi,5-osanen,osavastausbaso	121	6	27
b-konediffi,5-osanen,osavastauseos	121	7	27
b-konediffi,5-osanen,osavastauslymf	121	8	27
b-konediffi,5-osanen,osavastausmono	121	9	27
b-konediffi,5-osanen,osavastausneut	121	10	27
bm-luuydintutkimus,aspiraatio,lausunto	121	11	27
bm-luuydintutkimus,biopsia,lausunto	121	12	27
bm-luuydintutkimus,mgg-jarautavärjäys	121	13	27
luuydintutkimus,mgg-jarautavärjäys	121	14	27
perustutkimus,esitiedot(360u-tutkesi)	121	15	27
perustutkimus,esitiedot(u-tutkesi)	121	16	27
pt-keliakiatutkimus,seulonta(sis.s-iga,s-ttgaba)	121	17	27
s-tr1tutkosatutkimus,papp-a:nosuus,seerumista	121	18	27
u-tutkimus,seulonta,tk:ntekemä	121	19	27
u-tutkimus1,seulonta(alb,hb,leuk,nitr	121	20	27
u-tutkimus1,seulonta,osavastausblo	121	21	27
u-tutkimus1,seulonta,osavastausglu	121	22	27
u-tutkimus1,seulonta,osavastausket	121	23	27
u-tutkimus1,seulonta,osavastausleu	121	24	27
u-tutkimus1,seulonta,osavastausnit	121	25	27
u-tutkimus1,seulonta,osavastauspro	121	26	27
u-tutkimus1,seulonta,osavastaussg	121	27	27
b-leukosyytit,erittelylaskenta	122	1	17
b-leukosyytit,erittelylaskenta(mikrosk.)	122	2	17
b-leukosyytit,erittelylaskenta,koneellinen	122	3	17
b-leukosyytit,erittelylaskenta,mikroskopointi	122	4	17
b-leukosyytit,erittelylaskenta,osuudet␤	122	5	17
b-leukosyytit,erittelylaskenta,veri	122	6	17
b-leukosyytit,erittelylaskentamikroskoopilla	122	7	17
b-leukosyytit,erittelylaskentamikroskoopilla,verestä	122	8	17
b-leukosyytiterittelylaskenta,koneellinen	122	9	17
b-leukosyyttienerittelylaskenta,tarkistettumikroskoopissa	122	10	17
leukosyytit,erittelylaskenta	122	11	17
leukosyytit,erittelylaskenta,nivelneste	122	12	17
leukosyyttienerittelylaskenta(diffi)	122	13	17
li-leukosyytit,erittelylaskenta	122	14	17
sy-leukosyytit,erittelylaskenta	122	15	17
sy-leukosyytit,erittelylaskenta,nivelneste	122	16	17
verenvalkosolujenerittelylaskennanmikrosk.tarkistus	122	17	17
b-m.tuberculosis-herkistyneetsolut,gammainterferoni,eritys	123	1	4
b-mycobacteriumtuberculosis-herkistyneetsolut,gammainterferoni,eritys	123	2	4
m.tuberculosis-herkistyneetsolut,gammainterferoni,eritys,verestä(igra)␤	123	3	4
mycobacteriumtuberculosis-herkistyneetsolut,gammainterferoni,eritys	123	4	4
b-mito,osatutkimus	124	1	71
b-nil,osatutkimus	124	2	71
b-pvk+t,osatutkimus	124	3	71
b-pvk+t,osatutkimus2474	124	4	71
b-tb1,osatutkimus	124	5	71
b-tb2,osatutkimus	124	6	71
b-troponiinitosoitus	124	7	71
crppikatutkimusoma	124	8	71
ena,seulontatutkimus	124	9	71
glukoosi,vieritutkimus	124	10	71
hemoglobiini,tk:ntekemä	124	11	71
irtosolututkimus␤	124	12	71
kalium,pikatutkimus	124	13	71
keliakiaperustutkimuspaketti	124	14	71
keliakiatutkimus,laaja	124	15	71
keliakiatutkimus,lausunto	124	16	71
keliakiatutkimus,seulonta	124	17	71
keliakiatutkimus,suppea	124	18	71
keliakiatutkimuspaketti	124	19	71
keliakiatutkimusseulonta	124	20	71
kemianperustutkimukset,pikatesti␤	124	21	71
kilpirauhasentutkimuspaketti	124	22	71
kilpirauhastutkimus(paketti)	124	23	71
kilpirauhastutkimuspaketti	124	24	71
kreatiniini,pikatutkimus	124	25	71
laajatutkimuspaketti,mies	124	26	71
laajatutkimuspaketti,nainen	124	27	71
laihduttajantutkimuspaketti	124	28	71
lisälausuntotutkimukselle	124	29	71
natrium,pikatutkimus	124	30	71
nestearvot,pikatutkimus	124	31	71
ohutneulabiopsiatutkimus	124	32	71
p-glukoosi,vieritutkimus	124	33	71
p-kalium,vieritutkimus	124	34	71
p-krea,osatutki4600	124	35	71
p-krea,osatutkimus	124	36	71
p-kreatiniini,vieritutkimus	124	37	71
p-natrium,vieritutkimus	124	38	71
p-nestearvot,vieritutkimus	124	39	71
p-troponiinii,herkkä	124	40	71
p-troponiinit,pikatutkimus	124	41	71
p-troponiinit,vieritesti	124	42	71
p-troponiinit,vieritutkimus	124	43	71
p-troponiinit,vieritutkimus,plasmasta	124	44	71
p-troponiinit:nosoituskoe	124	45	71
perusteellinentutkimuspaketti	124	46	71
pt-gfreepinosatutkimus	124	47	71
reumanturvakokeet-tutkimuspaketti	124	48	71
rsvnhom10,vieritutkimus	124	49	71
s-akuutinhepatiittib-viruksentutkimuspaketti	124	50	71
s-hepatiittib-virustutkimus	124	51	71
s-keliakiatutkimus,suppea	124	52	71
s-kilpirauhastutkimuspaketti(s-t4vjas-tsh)	124	53	71
sukupuolitautientutkimuspaketti	124	54	71
sukupuolitautientutkimuspaketti,naiset	124	55	71
tb1(b-tbifngosatutkimus)	124	56	71
tb2(b-tbifngosatutkimus)	124	57	71
troponiinimääritys,tk:ntekemä	124	58	71
troponiinit,kvalitatiivinen,verestä	124	59	71
troponiinit,pikatutkimus	124	60	71
troponiinit,vieritutkimus	124	61	71
ts-ohutneulatutkimus	124	62	71
työpaikanhuumetutkimus4a	124	63	71
u-i/u-kreaosatutkimus	124	64	71
u-ph,huumetutkimuksiin	124	65	71
u-solu,osatutkimus	124	66	71
uniapneatutkimus(yöpolygrafia)	124	67	71
vartijaimusolmuketutkimus,for	124	68	71
verensokeri,tk:ntekemä	124	69	71
virtsanliuskatutkimukset	124	70	71
ylävatsalaajatutkimus	124	71	71
b-mycobacteriumtuberculosis-herkistyneetsolut,gammainterferoni,eritys,igra,b-mycobacteriumtuberculosis-herkistyneetsolutb-mykobacteriumtuberkulosis-herkistyneetsolut	125	1	1
b-perusverenkuva+trombosyytit	126	1	24
b-perusverenkuva,leuk.erittelylaskentakoneella	126	2	24
b-perusverenkuva,leukos.kon.eritt.,tromb.jaretik.	126	3	24
b-perusverenkuva,leukos.kon.eritt.,trombos.jaretikulos.	126	4	24
b-perusverenkuva,leukosyyttienerittelylaskenta,koneellinen	126	5	24
b-perusverenkuva,paikallisanalytiikka	126	6	24
b-perusverenkuva,tromb+neutr	126	7	24
b-perusverenkuva,trombosyytit	126	8	24
b-perusverenkuva,trombosyytitjaeosinofiilit	126	9	24
b-perusverenkuva,trombosyytitjakonediffi	126	10	24
b-perusverenkuva,trombosyytitjaneutrofiilit	126	11	24
b-perusverenkuva,trombosyytitjaneutrofiilit,pvk+neut	126	12	24
b-perusverenkuvajaneutrofiilit,paikallisanalytiikka	126	13	24
b-perusverenkuvajatrombosyytit	126	14	24
b-perusverenkuvajatrombosyytit(lks),osatutkimus	126	15	24
b-perusverenkuvajatrombosyytit,osatutk.	126	16	24
b-retikulosyytit,perusverenkuvajatrombosyytit	126	17	24
perusverenkuva,trombosyytitjaneutrofiilit,verestä␤	126	18	24
perusverenkuvajatrombosyytit	126	19	24
perusverenkuvajatrombosyytit(2474b-pvk)	126	20	24
perusverenkuvajatrombosyytit(b-pvk)	126	21	24
perusverenkuvajatrombosyytit(pvk)	126	22	24
perusverenkuvajatrombosyytit,verestä␤	126	23	24
pieniverenkuvajatrombosyytit(k)	126	24	24
b-siklosporiinia,massaspektrometrinen	127	1	20
b-takrolimuusi,massaspekrometrinen	127	2	20
b-takrolimuusi,massaspektrometrinen	127	3	20
fp-triglyseridit,plasmasta,paastotilassa	127	4	20
glukoosi,plasmasta,osatutkimus	127	5	20
glukoosi,plasmasta,pikamittarilla	127	6	20
kolesteroli,plasmasta,paastotilassa(fp-kol)	127	7	20
kreatiniiniplasmasta,osatutkimus	127	8	20
kromograniinia,plasmasta,paastotilassa␤	127	9	20
parathormoni,plasmasta,paastotilassa	127	10	20
reumafaktori,seerumista,paastotilassa␤␤	127	11	20
s-testosteroni,massaspektrometrinen,seerumista	127	12	20
siklosporiinia,massaspektrometrinen,verestä	127	13	20
siklosporiinia,massaspektrometrinen,veri	127	14	20
takrolimuusi,massaspektrometrinen	127	15	20
takrolimuusi,massaspektrometrinen,verestä	127	16	20
triglyseridit,plasmasta,paastotilassa(fp-trigly)	127	17	20
triglyseriditplasmasta,paastotila	127	18	20
triglyseriditplasmasta,paastotila(ko)	127	19	20
tyreotropiini,plasmasta,erimenetelmällä	127	20	20
b-tromboplastiiniaika,pikamittaus,inr	128	1	26
cp-tromboplastiiniaika,ihopistosnäyte,vieritesti	128	2	26
p-tromboblastiiniaika	128	3	26
p-tromboplastiiniaika	128	4	26
p-tromboplastiiniaika,aktivoitu,partiaalinen	128	5	26
p-tromboplastiiniaika,inr	128	6	26
p-tromboplastiiniaika,inr,tt	128	7	26
p-tromboplastiiniaika,inr-tulos	128	8	26
p-tromboplastiiniaika,inr-tulostus	128	9	26
p-tromboplastiiniaika,inr-tulostus,vieritutkimus	128	10	26
p-tromboplastiiniaika,inrtulostus	128	11	26
p-tromboplastiiniaika-pika,inrpika-tulos	128	12	26
tromboplastiiniaika	128	13	26
tromboplastiiniaika,aktivoitu,partiaalinen,plasma	128	14	26
tromboplastiiniaika,aktivoitu,partiaalinen.plasma	128	15	26
tromboplastiiniaika,inr-tulos	128	16	26
tromboplastiiniaika,inr-tulostu	128	17	26
tromboplastiiniaika,inr-tulostus	128	18	26
tromboplastiiniaika,inr-tulostus,kapillaariverestä	128	19	26
tromboplastiiniaika,inr-tulostus,laaduntarkkailu	128	20	26
tromboplastiiniaika,inr-tulostus,plasma	128	21	26
tromboplastiiniaika,inr-tulostus,plasmasta	128	22	26
tromboplastiiniaika,inr-tulostus,plasmasta␤	128	23	26
tromboplastiiniaika,pikamääritys,plasmasta␤	128	24	26
tromboplastiiniaika,pikatesti,veri	128	25	26
tromboplastiiniaika,plasma	128	26	26
b-veriryhmäjavasta-aineseulonta	129	1	41
b-veriryhmävasta-aineet,raskaudenaikaiset	129	2	41
b-veriryhmävasta-aineet,raskaudenaikaiset(äidinnäyte)	129	3	41
borrelia,iggvasta-aineet,seerumista	129	4	41
borrelia,igmvasta-aineet,seerumista	129	5	41
borrelia,vasta-aineet,seerumista␤	129	6	41
dna,natiivi,vasta-aineet,seerumista	129	7	41
dna,vasta-aineet(natiivi),if-menetelmä,seerumista	129	8	41
dna,vasta-aineet,immunofluor	129	9	41
dna,vasta-aineet,natiivi	129	10	41
e-veriryhmä,abojarh(veripalvelunerikoistutkimukset)	129	11	41
keliakia,vasta-ainetutkimus,seerumista	129	12	41
myeloperoksidaasi,vasta-aineet,seerumista␤	129	13	41
p-veriryhmävasta-aine,seulonta	129	14	41
p-veriryhmävasta-aineet,seulonta	129	15	41
p-veriryhmävasta-aineet,seulonta(kval)	129	16	41
p-veriryhmävasta-aineet,seulonta,spr	129	17	41
proteinaasi3,vasta-aineet␤,seerumista	129	18	41
pölyryhmä(phadiatop),igevasta-aineet,seerumista␤	129	19	41
ruokaryhmä,igevasta-aineet,seerumista␤	129	20	41
s-c-anca-vasta-aineet,immunofluoresenssi	129	21	41
s-dna,vasta-aineet(natiivi)	129	22	41
s-histoni,vasta-aineet,immunoblotting-tekniikka	129	23	41
s-jo1,vasta-aineet,immunoblotting-tekniikka	129	24	41
s-keliakia,vasta-ainetutkimus	129	25	41
s-keliakia,vasta-ainetutkimus,seerumista	129	26	41
s-p-anca-vasta-aineet,immunofluoresenssi	129	27	41
s-sentromeeri,vasta-aineet,immunoblotting-tekni	129	28	41
s-skleroderma70,vasta-aineet,immunoblotting-te	129	29	41
s-sm(smith),vasta-aineet,immunoblotting-teknii	129	30	41
s-tuma,vasta-aineet,analyysi	129	31	41
skleroderma70,vasta-aineet,seerumista	129	32	41
sm,vasta-aineet,seerumista	129	33	41
tuma,vasta-aineet,tyypitys,seerumista␤	129	34	41
veriryhmävasta-aineet,raskaudenaikaiset	129	35	41
veriryhmävasta-aineet,raskaudenaikaiset,verestä␤	129	36	41
veriryhmävasta-aineet,raskaudenaikaiset,veri	129	37	41
veriryhmävasta-aineet,seulonta	129	38	41
veriryhmävasta-aineet,seulonta,plasmasta	129	39	41
veriryhmävasta-aineet,seulonta,spr	129	40	41
veriryhmävasta-aineet,tunnistus,spr	129	41	41
bakteeri,seulontaviljely,steriilitnestemäisetnäytteet	130	1	31
bakteeri,viljely(1:aerobitjaanaerobitsyvänäytteestä),märkäeritteestä	130	2	31
bakteeri,viljely(ysköksestä,sisältäävärjäyksen)	130	3	31
bakteeri,viljely1(anaerobi-sekäaerobiviljelysekävärjäys)	130	4	31
bakteeri,viljely1(salmonella,shigella,yersinia,campylobacter)	130	5	31
bakteeri,viljely1,syvämärkänäyte(anaerobi+aerobi)␤	130	6	31
bakteeri,viljely2(aerobiviljely)	130	7	31
bakteeri,viljely2,pinnallinenmärkänäyte(aerobi)␤	130	8	31
ex-bakteeri,viljely(ysköksestä,sisältäävärjäyksen)	130	9	31
f-bakteeri,viljelyjanukleiinihappoulosteesta	130	10	31
pu-bakteeri,viljely(aerobiviljely,pintamärkä)	130	11	31
pu-bakteeri,viljely1(aerobitjaanaerobitsyvän	130	12	31
pu-bakteeri,viljely1(anaerobi+aerobiviljely,	130	13	31
pu-bakteeri,viljely1(anaerobi-jaaerobiviljelysekävärjäys)	130	14	31
pu-bakteeri,viljely1(punk,kudos,ymsyvät)	130	15	31
pu-bakteeri,viljely1(punktio-,kudos-,syvänäyt	130	16	31
pu-bakteeri,viljely1anaerobi+aerobi(syvämärkä,	130	17	31
pu-bakteeri,viljely2(aerobitpintamärästä)	130	18	31
pu-bakteeri,viljely2(aerobiviljely)␤	130	19	31
pu-bakteeri,viljely2(aerobiviljely,pintamärkä)	130	20	31
pu-bakteeri,viljely2(pintamärkä,iho,ym)	130	21	31
pu-bakteeri,viljely2(pintamärkä,ihoyms.)	130	22	31
pu-bakteeri,viljely2aerobiviljely(pintamärkä,	130	23	31
sieni,viljely(syväsieniviljely,sisältääväräjyksen)	130	24	31
sienvi,viljely(pintasieniviljely,sisältäävärjäyksen)	130	25	31
sk-sieni,viljely(pintasieniviljely,sisältäävärjäyksen)	130	26	31
u-bakteeri,viljely,seulottupositiivinen	130	27	31
u-bakteeri,viljelytk(suupohja,kuusiokunnat,jik)	130	28	31
u-bakteeri,virtsanäytteenjatkoviljely	130	29	31
u-bakteeriviljely,seulottunäyte,jatkoviljely	130	30	31
virtsanbakteeriviljely,erikoisviljely	130	31	31
bakteerit,virtsasta,partikkelinlaskijalla,osatutk.	131	1	5
epiteelisolut,virtsasta,partikkelinlaskijalla,osatutk.	131	2	5
erytrosyytit,virtsasta,partikkelinlaskijalla,osatutk.	131	3	5
lieriöt,virtsasta,partikkelinlaskijalla,osatutk.	131	4	5
osmolaliteetti,virtsasta,partikkelinlaskijalla,osatutk.	131	5	5
basofiilit,konediffi(),osatutk.b-diffi	132	1	7
eosinofiilit,konediffi(),osatutk.b-diffi	132	2	7
eosinofiilitabs,konediffi,osatutk.b-diffi	132	3	7
lymfosyytit,konediffi(),osatutk.b-diffi	132	4	7
monosyytit,konediffi(),osatutk.b-diffi	132	5	7
neutrofiiliset,konediffi(),osatutk.b-diffi	132	6	7
neutrofiilitabs,konediffi,osatutk.b-diffi	132	7	7
bm-luuytimenhistologinentutkimus	133	1	45
gastroskopianäytteenhistologinentutkimus	133	2	45
gastroskopianäytteidenhistologinentutkimus	133	3	45
ihottumanäytteenhistologinentutkimus	133	4	45
kohdunlimakalvonhistologinentutkimus	133	5	45
kohdunlimakalvonhistologisenmateriaalintutkimus	133	6	45
kolonoskopianäytteenhistologinentutkimus	133	7	45
kolonoskopianäytteidenhistologinentutkimus	133	8	45
kolposkopianäytteidenhistologinentutkimus	133	9	45
kudoksenhistologinentutkimus,pienikudosnäyte	133	10	45
kudosnäyte,immunohistokemiallinentutkimus	133	11	45
kudosnäytteenhist.tutk.,laajaleik.prep.	133	12	45
kudosnäytteenhistologinentutkimus	133	13	45
kudosnäytteenhistologinentutkimus,pienikudosnäyte	133	14	45
kudosnäytteet,1-3pientänäytepurkkia	133	15	45
paksuneulabiopsianhistologinentutkimus	133	16	45
prostatabiopsianhistologinentutkimus	133	17	45
rinnanpaksuneulabiopsianhistologinentutkimus	133	18	45
sk-ihottumanäytteenhistologinentutkimus	133	19	45
sk-ihottumanäytteenhistologinentutkimus␤	133	20	45
ts-colonoskopianäytteidenhistologinentutkimus	133	21	45
ts-gastroskopianäytteenhistologinentutkimus	133	22	45
ts-gastroskopianäytteidenhistologinentutkimus	133	23	45
ts-gastroskopianäytteidenhistologinentutkimus␤	133	24	45
ts-kohdunlimakalvonhistologisenmateriaalintutkimus	133	25	45
ts-kolonoskopianäytteidenhistologinentutkimus	133	26	45
ts-kolonoskopianäytteidenhistologinentutkimus␤	133	27	45
ts-kolposkopianäytteidenhistologinentutkimus	133	28	45
ts-kudosnäyte,immunohistokemiallinentutkimus	133	29	45
ts-kudosnäytteenhistol.tutk.(1-3näyt.)␤	133	30	45
ts-kudosnäytteenhistologinenerikois-/lisävärjäys	133	31	45
ts-kudosnäytteenhistologinentutkimus,4taiusea	133	32	45
ts-kudosnäytteenhistologinentutkimus,laajaleik	133	33	45
ts-kudosnäytteenhistologinentutkimus,pieni	133	34	45
ts-kudosnäytteenhistologinentutkimus,pienikudosnäyte	133	35	45
ts-kudosnäytteenhistologinentutkimus,suppealei	133	36	45
ts-kudosnäytteenhistologinentutkimus,suppeaprepar	133	37	45
ts-kudosnäytteenhistologinentutkimus1-3n	133	38	45
ts-paksuneulabiopsianhistologinentutkimus	133	39	45
ts-prostatabiopsianhistologinentutkimus	133	40	45
ts-rinnanpaksuneulabiopsianhistologinentutkimus	133	41	45
ts-yksinkertainenhistologinentutkimus	133	42	45
ts-yksinkertainenhistologinentutkimus(perusterv	133	43	45
ts-yksinkertainenhistologinentutkimus(perusterveyshuolto)	133	44	45
yksinkertainenhistologinentutkimus	133	45	45
cb-hemoglobiini,vieritestihoitoyksikössä	134	1	10
cp-glukoosi,ihopistosn,vieritestihoitoyksikössä	134	2	10
u-asetoniaineet,kval,vieritestihoitoyksikössä	134	3	10
u-erytrosyytit,kval,vieritestihoitoyksikössä	134	4	10
u-glukoosi,kvalvieritestihoitoyksikössä	134	5	10
u-happamuusaste,vieritestihoitoyksikössä	134	6	10
u-kemiallinenseulonta,vieritestihoitoyksikössä	134	7	10
u-leukosyytit,kval,vieritestihoitoyksikössä	134	8	10
u-nitriitti,kval,vieritestihoitoyksikössä	134	9	10
u-proteiini,kval,vieritestihoitoyksikössä	134	10	10
clostridiumdifficile,toksiinigeeni,nukleiinihappo	135	1	7
clostridiumdifficile,toksiinigeeni,nukleiinihappo(kval)	135	2	7
clostridiumdifficile,toksiinigeeni,nukleiinihappo(kval),␤ulosteesta	135	3	7
f-clostridioidesdifficile,nukleiinihappo(kval)	135	4	7
f-clostridiumdifficile,nukleiinihappo(kval),kiireellisenä	135	5	7
f-clostridiumdifficile,toksiinigeeni,nu.h(kval	135	6	7
f-clostridiumdifficile,toksiinigeeni,nukleiinihappo(kval)	135	7	7
ehec(enterohemorraaginene.coli)	136	1	24
enteroaggregatiivinene.colinho	136	2	24
enterohemorraginene.colinho	136	3	24
enteropatogeeninene.colinho	136	4	24
enterotoksigeeninene.colinho	136	5	24
etec(enterotoksigeeninene.coli)	136	6	24
f-campylobacterspp.(jejuni&coli)nukl.haponos	136	7	24
f-ehec(enterohemorraaginene.coli)nukl.haponos	136	8	24
f-etec(enterotoksigeeninene.coli)nukl.haponos	136	9	24
f-plesiomonasshigelloidesnukl.haponos.	136	10	24
f-salmonellaspp.nukl.haponos	136	11	24
f-shigellaspp./eiec(enteroinvasiivinene.coli)nukl.haponos	136	12	24
f-yersiniaenterocoliticanukl.haponos.	136	13	24
li-cryptococcusneoformans,nukl.haponos.	136	14	24
li-cytomegalovirusnukl.haponos.	136	15	24
li-escherichiacolik1nukl.haponos.	136	16	24
li-herpessimplex1,nukl.haponos.	136	17	24
li-herpessimplex2,nukl.haponos.	136	18	24
li-l.monocytogenesnukl.haponos.	136	19	24
li-neisseriameningitidisnukl.haponos.	136	20	24
li-streptococcusagalactiaenukl.haponos.	136	21	24
li-streptococcuspneumoniaenukl.haponos.	136	22	24
li-varicella-zosternukl.haponos.	136	23	24
shigella/eiec(enteroinvasiivinene.coli)	136	24	24
ekg,12kytkentäälevossa	137	1	21
ekg,12kytkentäälevossa(asi	137	2	21
ekg,12kytkentäälevossa(asiakkaanottama)	137	3	21
ekg,12kytkentäälevossa(asiakkanottama)	137	4	21
ekg-12kytkentäälevossa	137	5	21
pt-ekg,12kytkentälevossa	137	6	21
pt-ekg,12kytkentää6tk	137	7	21
pt-ekg,12kytkentääep-terveyskeskus	137	8	21
pt-ekg,12kytkentäälevossa	137	9	21
pt-ekg,12kytkentäälevossa(k-pks:n)(ko)	137	10	21
pt-ekg,12kytkentäälevossa(ot.tk:ssa)	137	11	21
pt-ekg,12kytkentäälevossa,omarekisteröintimuseen	137	12	21
pt-ekg,12kytkentäälevossaosastolla	137	13	21
pt-ekg,12kytkentäälevossa␤	137	14	21
pt-ekg,eteisvärinänseulonta,valvontamonitori-ekg	137	15	21
pt-ekg,eteisvärinänseulonta,valvontamonitori-ekg,lisätallenne	137	16	21
pt-ekg,sisältäentietokoneanalyysin	137	17	21
pt-ekg,sisältäentietokoneanalyysin(malmin)(pi)	137	18	21
pt-ekg,sisältäätietokoneanalyysin	137	19	21
pt-ekgsis[lt[entietokoneanalyysin	137	20	21
pt-ekgsisältäentietokoneanalyysin	137	21	21
ennaltamääritellyngeenineksonienemäsmuutostenjapientenkopiolukumuutostentutkimusngs-menetelmällä	138	1	1
f-cryptosporidium(c.parvumjac.hominis),nukleiinihappo-osoitus	139	1	5
f-cryptosporidiumparvum/c.hominis,nukl.happo	139	2	5
f-cryptosporidiumspp.(c.parvum/c.hominis)nukl.hapososoitus	139	3	5
f-vibriospp.(vulnificus/parahaemolyticus/cholerae)nukl.haponos	139	4	5
vibriospp.(vulnificus/parahaemolyticus/cholerae)	139	5	5
fp-kolesteroli,highdensitylipoproteiinit	140	1	27
fp-kolesteroli,highdensitylipoprotein,plasmasta	140	2	27
fp-kolesteroli,lowdensitylipoproteiinit	140	3	27
fp-kolesteroli,lowdensitylipoproteiinit,paastotilassa	140	4	27
fp-kolesteroli,lowdensitylipoproteiinit,suora	140	5	27
fp-kolesteroli,lowdensitylipoprotein	140	6	27
fs-kolesteroli,highdensitylipoproteiinit	140	7	27
fs-kolesteroli,lowdensitylipoproteiinit	140	8	27
fs-kolestroli,highdensitylipoproteiini	140	9	27
fs-kolestroli,lowdensitylipoproteiini	140	10	27
kolesteroli,hdl/lipidit,osatutkimus(4516fp-hdl-kol)osatutkimus	140	11	27
kolesteroli,highdensitylipoproteiinit	140	12	27
kolesteroli,highdensitylipoproteiinit,plasmasta	140	13	27
kolesteroli,highdensitylipoproteiinit/lipidit	140	14	27
kolesteroli,highdensitylipoproteiinit/lipiditosatutkimus	140	15	27
kolesteroli,highdensitylipoprotein,plasmasta,paastotilassa(fp-kol-hdl)	140	16	27
kolesteroli,lowdensitylipoproteiinit	140	17	27
kolesteroli,lowdensitylipoproteiinit(ldl)/lipidit	140	18	27
kolesteroli,lowdensitylipoproteiinit(ldl)/lipidit(4599fp-kol-ldl/lipidit),osatutkimus	140	19	27
kolesteroli,lowdensitylipoproteiinit(ldl)/lipiditosatutkimus	140	20	27
kolesteroli,lowdensitylipoproteiinit/lipidit	140	21	27
kolesteroli,lowdensitylipoproteiniit,plasmasta	140	22	27
kolesteroli/lipidit,osatutkimus(4515fp-kol/lipidit)	140	23	27
p-kolesteroli,highdensitylipoproteiinit	140	24	27
p-kolesteroli,lowdensitylipoproteiinit	140	25	27
s-kolesteroli,lowdensitylipoproteiinit	140	26	27
s-kolesteroli,osatutkimushighdensitylipoproteiinit	140	27	27
fp-kollageenii:nbeta-karboksiterminaalinentelopeptidi	141	1	27
hpv-gt16aptimapanther,apututkimustulostensiirtoon	141	2	27
hpv-gt18-45aptimapanther,apututkimustulostensiirtoon	141	3	27
hpvaptimapanther,apututkimustulostensiirtoon	141	4	27
kreatiniini,virtsasta(huumeseulonnanyhteydessä)	141	5	27
luuntiheysmittaus,2kohdetta(nk6sa),lausuttuna	141	6	27
natriureettinenpeptidi,b-tyypinn-terminaalinenpropeptidi,plasmasta	141	7	27
nk-solujenosuus(määritettynäcd3-/cd16+/cd56+-soluina)	141	8	27
p-natriureett.peptidin-termin.propept.vieritl	141	9	27
p-natriureettinenpeptidi,b-tyypinn-terminaalin	141	10	27
p-natriureettinenpeptidi,b-tyypn-term.propeptidi	141	11	27
parasiitit,ulosteesta(alkueläintenkystat,madot,madonmunat,toukat)	141	12	27
pt-diffuusiokapasiteetti,single-breath-menetelmä,tavallinenperusmittaus	141	13	27
pt-lausuntoneurofysiologisestatutkimuksesta,hälytysindikaatiot	141	14	27
pt-luuntiheysmittaus,2kohdetta,ilmanlausuntoa	141	15	27
pt-sydämenkattavarakenteellinenjatoiminnallinenuä(fm1ee)	141	16	27
pt-uloshengityksenhuippuvirtaus,vuorokausivaihtelunseuranta	141	17	27
pt-yöpolygrafia,ambulatorinen,hyvinsuppeaunirekisteröintikotona	141	18	27
pt-yöpolygrafia,ambulatorinen,jalkaliikerekisteröinnein	141	19	27
pu-aerobinenjaanaerobinenbakteerityypitysjaan	141	20	27
t-auttajasolujenosuus(määritettynäcd3+cd4+soluina)	141	21	27
t-estäjäsolujenosuus(määritettynäcd3+cd8+soluina)	141	22	27
täydellinennimi:pt-näytteenotto0maksu,kierronulkopuolisetnäytteet	141	23	27
täydellinenverenkuva,sis.perusverenkuvanjaleukosyyttienerittelylaskennan␤	141	24	27
u-amfetamiinijametamfetamiini,enantiomeerienerittely	141	25	27
u-kreatiniini,virtsasta(huumeseulonnanyhteydessä)	141	26	27
yersinia(lajitenterocolitica,pseudotuberculosis,pestis)nho,ulosteesta␤	141	27	27
fp-transferriininrautakyllästeisyys	142	1	18
fp-transferriininrautasaturaatio	142	2	18
fs-transferiininrautakyllästeisyys	142	3	18
fs-transferiininrautakyllästeisyys,paastotilassa	142	4	18
fs-transferriininrautakyllästeisyys	142	5	18
p-transferriininrautakyllästeisyys	142	6	18
p-transferriininrautakyllästeisyys,fp-fe/tr,fp-fe/tran,fp-fe/trans	142	7	18
p-transferriinireseptori	142	8	18
p-transferriinireseptori,liukoinen	142	9	18
s-transferriinireseptori	142	10	18
s-transferriinireseptori,liukoinen	142	11	18
transferiininrautakyllästeisyys,seerumista,paastotilassa	142	12	18
transferriininrautakyllästeisyys	142	13	18
transferriininrautakyllästeisyys(fp-)	142	14	18
transferriininrautakyllästeisyys␤	142	15	18
transferriinirautakyllästeisyys	142	16	18
transferriinireseptori,liukoinen	142	17	18
transferriinisaturaatio	142	18	18
fs-kalsium-ioni.aktuaali	143	1	26
immunoglobuliinia,plasma	143	2	26
immunoglobuliinig,plasma	143	3	26
immunoglobuliinim,plasma	143	4	26
kalsium,albumiinikorjattu	143	5	26
kalsium,albumiinikorjattu(p-,sis.p-alb)	143	6	26
kalsium,albumiinikorjattu,plasma	143	7	26
kalsium,albumiinikorjattu,plasmasta	143	8	26
kalsium,albumiinikorjattu,plasmasta␤	143	9	26
kalsium,albumiinikorjattu,plasmasta␤(huom.alb-pitoisuus)	143	10	26
p-kalsium,alb.korjattu	143	11	26
p-kalsium,albumiinikorjattu	143	12	26
p-kalsium-ioni,aktuaali	143	13	26
p-kalsiumioni,aktuaali	143	14	26
paastoplasmankalsium-ioni,aktuaali	143	15	26
paastoseeruminkalsium-ioni.	143	16	26
paastoseeruminkalsium-ioni.aktuaali	143	17	26
paastoseeruminkalsium.ioni.aktuaali	143	18	26
plasmankalsium-ioni,aktuaali	143	19	26
s-immunoglobuliinia/osatutkimusaitkeli	143	20	26
s-immunoglobuliinig,alaluokka1	143	21	26
s-immunoglobuliinig,alaluokka2	143	22	26
s-immunoglobuliinig,alaluokka3	143	23	26
s-immunoglobuliinig,alaluokka4	143	24	26
s-kalsium-ioni.aktuaali	143	25	26
seeruminkalsium-ioni.aktuaali	143	26	26
glomerulussuodosnopeus	144	1	36
glomerulussuodosnopeus,estimo	144	2	36
glomerulussuodosnopeus,estimoitu	144	3	36
glomerulussuodosnopeus,estimoitu(6354pt-gfre)	144	4	36
glomerulussuodosnopeus,estimoitu(pt-gfre)	144	5	36
glomerulussuodosnopeus,estimoitu,ckd-epi-kaava	144	6	36
glomerulussuodosnopeus,estimoitu,ckd-epi-kaava,osatutk.	144	7	36
glomerulussuodosnopeus,estimoitu,ckd-epi-kaavalla	144	8	36
glomerulussuodosnopeus,estimoitu,kreatiniini-kystatiinic	144	9	36
glomerulussuodosnopeus,estimoitu,kreatiniini-kystatiinic-kaava	144	10	36
glomerulussuodosnopeus,estimoitu,kystatiini	144	11	36
glomerulussuodosnopeus,estimoitukystatiinic:stä	144	12	36
pt-glomerolussuodosnopeus,estimoitu,ckd-epi-kaava	144	13	36
pt-glomerulussuodatusnopeus	144	14	36
pt-glomerulussuodatusnopeus,estimoitu,ckd-epi-kaava	144	15	36
pt-glomerulussuodosnopeus	144	16	36
pt-glomerulussuodosnopeus,ckd-epi-kaava	144	17	36
pt-glomerulussuodosnopeus,estimoitu	144	18	36
pt-glomerulussuodosnopeus,estimoitu,ckd-ep	144	19	36
pt-glomerulussuodosnopeus,estimoitu,ckd-epi-kaav	144	20	36
pt-glomerulussuodosnopeus,estimoitu,ckd-epi-kaava	144	21	36
pt-glomerulussuodosnopeus,estimoitu,ckd-epi-kaava(p-kreaosatutkimus)	144	22	36
pt-glomerulussuodosnopeus,estimoitu,ckd-epi-kaava(pt-gfre-3osatutkimus)	144	23	36
pt-glomerulussuodosnopeus,estimoitu,ckd-epikaava	144	24	36
pt-glomerulussuodosnopeus,estimoitu,kystatiinic-kaava	144	25	36
pt-glomerulussuodosnopeus,estimoitu,mdrd-kaava	144	26	36
pt-glomerulussuodosnopeus,estimoituckd-epi-kaava	144	27	36
pt-glomerulussuodosnopeus,estimoituckd-epikaava	144	28	36
pt-glomerulussuodosnopeus,estimoituckd-epikaavallakystatiinic:stä	144	29	36
pt-glomerulussuodosnopeus,estimoitukystatiinic:stä	144	30	36
pt-glomerulussuodosnopeus,pt-gfreepiestimoitu,ckd-epi-kaava	144	31	36
pt-glomerulussuodusnopeus,estimoitu,ckd-epi-kaava	144	32	36
pt-glomerulustensuodatusnopeudenmittaus	144	33	36
pt-glomerulustensuodatusnopeus,estimoitu,ckd-epi-kaava	144	34	36
pt-glomerulustensuodatusnopeus,estimoitu,mdrd-kaava	144	35	36
pt-glumerulussuodosnopeus,estimoitu,cjd-epikaava	144	36	36
glukoosi-koe,oraal.,lyhyt(0,2h)	145	1	17
glukoosi-koe,oraalinen,raskaudenaikainen	145	2	17
glukoosi-koe,oraalinenlyhyt	145	3	17
glukoosikoe,oraalinen,lyhyt	145	4	17
glukoosikoe,oraalinen,raskaudenaikainen	145	5	17
glukoosikoe,oraalinenraskaudenaikainen	145	6	17
pt-glukoosi-koe(glukoosirasitus),oraalinen,lyhyt	145	7	17
pt-glukoosi-koe,oraalinen,lyhyt	145	8	17
pt-glukoosi-koe,oraalinen,lyhyt,(0h,2h)	145	9	17
pt-glukoosi-koe,oraalinen,lyhyt,0ja2h-näyte	145	10	17
pt-glukoosi-koe,oraalinen,lyhyt,laskimoplasma	145	11	17
pt-glukoosi-koe,oraalinen,lyhyt,raskaudenaikainen	145	12	17
pt-glukoosi-koe,oraalinen,raskaudenaikainen	145	13	17
pt-glukoosi-koe,oraalinen,raskausajandiabetes	145	14	17
pt-glukoosikoe,oraalinen,lyhyt(0,1,2h)	145	15	17
pt-glukoosikoe,oraalinen,lyhyt(0,2h)	145	16	17
pt-glukoosikoe,oraalinen,raskaudenaikainen	145	17	17
hepatiittib-virus,c-antigeeni,vasta-aineet	146	1	24
koronavirus,antigeenioc43(eicovid)	146	2	24
neutrofiiliensytoplasma-antigeeni,vasta-aineet,seerumista␤	146	3	24
s-hepatiittib-virus,c-antigeeni,igm-vasta-aineet	146	4	24
s-hepatiittib-virus,c-antigeeni,vasta-aineet	146	5	24
s-hepatiittib-virus,s-antigeeni,vasta-aineet	146	6	24
s-hepatiittibvirus,c-antigeeni,vasta-aineet	146	7	24
s-hepatiittibvirus,s-antigeeni,vasta-aineet	146	8	24
s-hepatitisbvirus,c-antigeeni,vasta-aineet	146	9	24
s-hepatitisbvirus,s-antigeeni,vasta-aineet	146	10	24
s-hi-viruksenantigeenijavasta-aineet	146	11	24
s-hi-virus,antigeenijavasta-aineet	146	12	24
s-hivirus,antigeenijavasta-aine	146	13	24
s-neutrofiiliensytoplasma-antigeeni	146	14	24
s-neutrofiiliensytoplasma-antigeeni,vasta-ainee	146	15	24
s-neutrofiiliensytoplasma-antigeeni,vasta-aineet	146	16	24
s-neutrofiiliensytoplasma-antigeeni,vasta-ainetutkimus	146	17	24
s-neutrofiilisetsytoplasma-antigeeni,vasta-aineet	146	18	24
s-pemfigoidi,bp180-antigeeni,vasta-aineet	146	19	24
s-tuma,liukoisetantig,vasta-aineet	146	20	24
s-tuma,liukoisetantigeenit,seulonta,vasta-aineet	146	21	24
s-tuma,liukoisetantigeenit,vasta-aineet	146	22	24
s-tuma,liukoisetantigeenit,vasta-aineet,laaja	146	23	24
tuma,liukoisetantigeenit,vasta-aineet	146	24	24
hepatiittib-virus,s-antigeeni	147	1	21
hepatiittibvirus,pinta-antigeeni,seerumista	147	2	21
hepatiittic-virus,antigeeni	147	3	21
hepatitisbvirus,s-antigeeni	147	4	21
s-hepatiittib-virus,igmvasta-aineetcore-antige	147	5	21
s-hepatiittib-virus,pinta-antigeeni	147	6	21
s-hepatiittib-virus,s-antigeeni	147	7	21
s-hepatiittib-virus,vasta-aineetcore-antigeenia	147	8	21
s-hepatiittib-virustutkimus,hbsab+hbcabjatarv.hbca	147	9	21
s-hepatiittib-virustutkimus,hbsag+hbcabjatarv.hbcabm	147	10	21
s-hepatiittib-virustutkimus,hbsag,hbcab,hbcab	147	11	21
s-hepatiittibvirus,pinta-antigeeni	147	12	21
s-hepatiittibvirus,s-antigeeni	147	13	21
s-hepatitisb-virus,s-antigeeni	147	14	21
s-hepatitisbvirus,igmvasta-aineet,ydinantige	147	15	21
s-hepatitisbvirus,pinta-antigeeni	147	16	21
s-hepatitisbvirus,s-antigeeni	147	17	21
tilaatämä,hepatiittib-virus,core-antigeenivasta-aineet,seerumista␤	147	18	21
tilaatämähepatiittib-virus,pinta-antigeeni,osoitusseerumista␤	147	19	21
tilaatämähepatiittic-virus,vasta-aineet,osoitus␤	147	20	21
varmistustutkimushepatiittib-virus,pinta-antigeeni,seerumista	147	21	21
hepatiittic-virus,antigeeniavasta-aineet,yhdistelmätut	148	1	15
hepatiittic-virus,antigeenijavasta-aineet,yhdistelmätut	148	2	15
hepatiitticvirus,antigeenijavasta-aineet,yhdistelmätutkimus	148	3	15
hi-virus,antigeenijavasta-aineet,seerumista(akkred.)␤	148	4	15
hi-virus,antigeenijavasta-aineet,seerumista␤	148	5	15
hi-virus,antigeenijavasta-aineet,yhdistelmätutkimus	148	6	15
hiv,antigeenijavasta-aineet,yhdistelmätutkimus,seerumista	148	7	15
s-hepatiittic-virus,antigeenijavasta-aineet,yhdistelmätutkimus	148	8	15
s-hi-virus,antigeenijavasta-aine,yhdistekmätutkimus	148	9	15
s-hi-virus,antigeenijavasta-aineet,yhdistelmät	148	10	15
s-hi-virus,antigeenijavasta-aineet,yhdistelmätutkimus	148	11	15
s-hi-virus,antigeenijavasta-aineetyhdistelmät	148	12	15
s-hivirus,antigeenijavasta-aine,yhdistelmätutkimus	148	13	15
s-hivirus,antigeenijavasta-aineet,yhdistelmä	148	14	15
s-hivirus,antigeenijavasta-aineet,yhdistelmätutk.	148	15	15
huumeseula(amfet,bents,opiaat,kannab,koka)	149	1	5
huumeseulonta(amfet.,bents.,opiaatit,kannabis,kokaiini,buprenorfiini)	149	2	5
työpaikanhuumetutkimus6a(amfetamiini,bentsodiatsepiinit,buprenorfiini,kannabis,kokaiini,opi	149	3	5
u-huum6a:amfetamiinit,bentsodiatsepiinit,buprenorfiini,kannabis,kokaiinijaopiaatit.vainsop.	149	4	5
u-huumeseulonta(amfet.,bents.,opiaatit,kannabis,kokaiini,buprenorfiini)	149	5	5
ikäriski/sikiönkehityshäiriöidenseulonta	150	1	9
s-sikiönkehityshäiriäidenseulonta,ensimmäinen	150	2	9
s-sikiönkehityshäiriöidenseul,ensim.trimesteri	150	3	9
s-sikiönkehityshäiriöidenseulonnat,1.trimesteri	150	4	9
s-sikiönkehityshäiriöidenseulonta,1.trimesteri	150	5	9
s-sikiönkehityshäiriöidenseulonta,ensim.trimesteri	150	6	9
s-sikiönkehityshäiriöidenseulonta,ensimmäinen	150	7	9
sikiönkehityshäiriöidenseuranta,1.trimesteri,hormonit	150	8	9
sikiönkehityshäiriöidenseuranta,1.trimesteri,seerumista␤	150	9	9
immunoglobuliini,kevyetketjut,kappa-lambda-suhde,osatutk.	151	1	16
immunoglobuliini,kevyetketjut,vapaat,seerumi	151	2	16
immunoglobuliini,kevyetketjut,vapaat,seerumista	151	3	16
immunoglobuliini,kevyetketjut,vapaat,seerumista␤	151	4	16
immunoglobuliinie,perusseulonta,seerumista␤	151	5	16
s-immunoglobuliini,kev.ketjut,vapaat,kappa	151	6	16
s-immunoglobuliini,kev.ketjut,vapaat,lambda	151	7	16
s-immunoglobuliini,kev.ketjutvap.kappa/lambda	151	8	16
s-immunoglobuliini,kevyetketjut,kappa-lambda-suhde	151	9	16
s-immunoglobuliini,kevyetketjut,vapaat	151	10	16
s-immunoglobuliini,kevyetketjut,vapaat,kappa-	151	11	16
s-immunoglobuliini,kevyetketjut,vapaat,kappa-lambda-suhde	151	12	16
s-immunoglobuliini,kevytketjut,kappa,vapaat	151	13	16
s-immunoglobuliini,kevytketjut,kappa-lambdasu	151	14	16
s-immunoglobuliini,kevytketjut,lambda,vapaat	151	15	16
s-immunoglobuliini,kevytketjut,vapaat	151	16	16
koriongonadotropiini,b-alayksikkö,vapaa	152	1	14
koriongonadotropiini,ihmisen,plasma	152	2	14
koriongonadotropiini,totaali,plasmasta	152	3	14
koriongonadotropiinib-alayks.vapaa	152	4	14
p-koriongonadotropiini,ihmisen	152	5	14
p-koriongonadotropiini,totaali	152	6	14
s-koriongonadotropiini,vapaa-b-ketju	152	7	14
s-koriongonadotropiini-b-alayksikkö,ihm.vap	152	8	14
s-koriongonadotropiini-b-alayksikkö,ihmisen,vapaa	152	9	14
s-koriongonadotropiini-b-alayksikkö,ihmisen,vapaa(kasvainmerkkiaine)	152	10	14
s-koriongonadotropiini-b-alayksikkö,vapaa	152	11	14
s-koriongonadotropiini-b-alayksikkö,vapaa1.trimesterinseula	152	12	14
s-koriongonadotropiini-b-alayksikkö,vapaaxmom,down-seulassa	152	13	14
u-koriongonadotropiini,ihmisen(kval)	152	14	14
kudostransglutaminaasi,iga-vasta-aineet	153	1	13
kudostransglutaminaasi,iga-vasta-aineet,seerumista	153	2	13
kudostransglutaminaasi,igavasta-aineet	153	3	13
kudostransglutaminaasi,igavasta-aineet,seerumista␤	153	4	13
kudostransglutaminaasi,igg-vasta-aineet	153	5	13
s-kudostransglutaminaasi,iga-vasta-aineet	153	6	13
s-kudostransglutaminaasi,iga-vasta-aineetosatutk.	153	7	13
s-kudostransglutaminaasi,igavasta-aineet	153	8	13
s-kudostransglutaminaasi,igavasta-aineet(keliakia)	153	9	13
s-kudostransglutaminaasi,igavasta-aineet,keliakiatutkimus	153	10	13
s-kudostransglutaminaasi,iggva(keliakia)	153	11	13
s-kudostransglutaminaasi,iggvasta-aineet	153	12	13
s-transglutaminaasivasta-aineet	153	13	13
li-mononukleaarisetsolut	154	1	15
li-mononukleaarisetvalkosolut	154	2	15
li-polymorfonukleaarisetvalkosolut	154	3	15
mononukleaariset	154	4	15
mononukleaarisetsolut,niveln	154	5	15
mononukleaarisetsolut,nivelneste	154	6	15
mononukleaarisetsolut,pleuraneste	154	7	15
mononukleaarisetsolut,selkäy	154	8	15
mononukleaarisetsolut,selkäydinneste	154	9	15
pf-mononukleaarisetsolut	154	10	15
pf-mononukleaarisetvalkosolut	154	11	15
pf-polymorfonukleaarisetvalkosolut	154	12	15
sy-mononukleaarisetsolut	154	13	15
sy-mononukleaarisetvalkosolut	154	14	15
sy-polymorfonukleaarisetvalkosolut	154	15	15
middleeastrespiratorysyndromecoronavirus(mers-cov	155	1	12
middleeastrespiratorysyndromecoronavirus(mers-cov)	155	2	12
omega3-rasvahappojenkokonaismäärä	155	3	12
omega6-rasvahappojenkokonaismäärä	155	4	12
s-dokosaheksaeenihaponsuhdekokonaisrasvahappoih	155	5	12
s-kertatyydyttymättömienrasvahappojensuhdekoko	155	6	12
s-monityydyttymättömienrasvahappojensuhdekerta	155	7	12
s-monityydyttymättömienrasvahappojensuhdekokon	155	8	12
s-omega-3-rasvahappojensuhdekokonaisrasvahappoi	155	9	12
s-omega-6-rasvahappojensuhdekokonaisrasvahappoi	155	10	12
s-omega-6-rasvahappojensuhdenomega-3-rasvahappo	155	11	12
s-tyydyttyneidenrasvahappojensuhdekokonaisrasv	155	12	12
oma-u-tutk,u-alb	156	1	34
oma-u-tutk,u-alb-o	156	2	34
oma-u-tutk,u-eryt	156	3	34
oma-u-tutk,u-eryt-o	156	4	34
oma-u-tutk,u-gluk	156	5	34
oma-u-tutk,u-gluk-o	156	6	34
oma-u-tutk,u-keto-o	156	7	34
oma-u-tutk,u-leuk	156	8	34
oma-u-tutk,u-leuk-o	156	9	34
oma-u-tutk,u-nitr	156	10	34
oma-u-tutk,u-nitr-o	156	11	34
oma-u-tutk,u-ph	156	12	34
pika-virtsaliuska,u-gluk-o	156	13	34
pika-virtsaliuska,u-hb-o	156	14	34
pika-virtsaliuska,u-keto-o	156	15	34
pika-virtsaliuska,u-leuk-o	156	16	34
pika-virtsaliuska,u-nitr-o	156	17	34
pika-virtsaliuska,u-ph	156	18	34
pika-virtsaliuska,u-prot-o	156	19	34
pika-virtsaliuska,u-suhti-o	156	20	34
pikau-sti,u-eryt-o	156	21	34
pikau-sti,u-gluk-o	156	22	34
pikau-sti,u-keto-o	156	23	34
pikau-sti,u-leuk-o	156	24	34
pikau-sti,u-nitr-o	156	25	34
pikau-sti,u-ph	156	26	34
pikau-sti,u-prot-o	156	27	34
pikau-stix,u-eryt-o	156	28	34
pikau-stix,u-gluk-o	156	29	34
pikau-stix,u-keto-o	156	30	34
pikau-stix,u-leuk-o	156	31	34
pikau-stix,u-nitr-o	156	32	34
pikau-stix,u-ph	156	33	34
pikau-stix,u-prot-o	156	34	34
p-alaniiniaminotransferaasi,paikallisanalytiikka,kuivakemia	157	1	9
p-alkalinenfosfataasi,paikallisanalytiikka,kuivakemia	157	2	9
p-amylaasi,paikallisanalytiikka,kuivakemia	157	3	9
p-glukoosi,paikallisanalytiikka,kuivakemia	157	4	9
p-glutamyyliransferaasi,paikallisanalytiikka,kuivakemia	157	5	9
p-kalium,paikallisanalytiikka,kuivakemia	157	6	9
p-kreatiniini,paikallisanalytiikka,kuivakemia	157	7	9
p-kreatiniini,paikallisanalytiikka,kuivakemiap-kreatiniini,paikallisanalytiikka,kuivakemia	157	8	9
p-natrium,paikallisanalytiikka,kuivakemia	157	9	9
p-prostataspesifantigeeni,sms-viestillätulos	158	1	32
p-prostataspesifinenantigeeni	158	2	32
p-prostataspesifinenantigeeni,kokonais	158	3	32
p-prostataspesifinenantigeeni,suh.sis.paketin	158	4	32
p-prostataspesifinenantigeeni,suhde	158	5	32
p-prostataspesifinenantigeeni,suhde,plasmasta	158	6	32
p-prostataspesifinenantigeeni,vapaa	158	7	32
p-prostataspesifinenantigeeni,vapaa,osuus	158	8	32
p-prostataspesifinenantigeenivapaa/kokonais-suh	158	9	32
p-prostataspesifinenantigeenivapaanjakok.psa:	158	10	32
prostataspesifinenantigeeni	158	11	32
prostataspesifinenantigeeni,kokonais	158	12	32
prostataspesifinenantigeeni,osuus	158	13	32
prostataspesifinenantigeeni,suhde	158	14	32
prostataspesifinenantigeeni,totaali	158	15	32
prostataspesifinenantigeeni,vapaa	158	16	32
prostataspesifinenantigeeni,vapaa(p-psa-v)	158	17	32
prostataspesifinenantigeeni,vapaa,osuus,seerumista	158	18	32
prostataspesifinenantigeeni,vapaa/kokonais-suhde,osatutk.4637eikiinnit.	158	19	32
prostataspesifinenantigeeni,vapaanosuus(vainlaboratorionkäytössä)	158	20	32
prostataspesifinenantigeenivapaa/kokonaispitois	158	21	32
s-prostataspesifinenantigeeni	158	22	32
s-prostataspesifinenantigeeni,kokonais	158	23	32
s-prostataspesifinenantigeeni,vapaa	158	24	32
s-prostataspesifinenantigeeni,vapaa,osuus	158	25	32
s-prostataspesifinenantigeeni,vapaa,osuus(ko)	158	26	32
s-prostataspesifinenantigeeni,vapaa/kokonais-su	158	27	32
s-prostataspesifinenantigeeni,vapaa/kokonais-suhde	158	28	32
s-prostataspesifinenantigeeni,vapaa/totaali	158	29	32
s-prostataspesifinenantigeeni,vapaansuhde	158	30	32
s-prostataspesifinenantigeenivap/tot-suhde	158	31	32
s-prostatspesifinenantigeeni,kokonais	158	32	32
pt-ekg,pitkäaikaisrekisteröinti(24h),kytkentä,analys,lausunto	159	1	3
pt-ekg,pitkäaikaisrekisteröinti(24h),kytkentä,analysointi,lausunto	159	2	3
pt-ekg,pitkäaikaisrekisteröinti(48h),kytkentä,analysointi,lausunto	159	3	3
pt-virtaustilavuus-spirometria	160	1	11
pt-virtaustilavuus-spirometriailmanlausuntoa	160	2	11
pt-virtaustilavuus-spirometriajabronkod.koeilmanlausuntoa	160	3	11
pt-virtaustilavuus-spirometriajabronkodilaatiokoe,eilausuntoa	160	4	11
pt-virtaustilavuus-spirometriajabronkodilataatio	160	5	11
pt-virtaustilavuus-spirometriajabronkodilataatiokoe	160	6	11
pt-virtaustilavuus-spirometriajabronkodilataatiokoeilmanlausuntoa	160	7	11
pt-virtaustilavuus-spirometrialääk.tehonseuranta	160	8	11
virtaustilavuus-spirometriajabronkodil.	160	9	11
virtaustilavuus-spirometriajabronkodil.koelausunnolla	160	10	11
virtaustilavuus-spirometriajabronkodilataatiokoeilmanlau	160	11	11
ribonukleoproteiini,nukleaarinen,vasta-aineet,seerumista	161	1	23
s-borreliaburgdorferi,c6vasta-aineet	161	2	23
s-borreliaburgdorferi,iggvasta-aineet	161	3	23
s-borreliaburgdorferi,igmvasta-aineet	161	4	23
s-borreliaburgdorferi,jatkotutkimus	161	5	23
s-borreliaburgdorferi,vasta-aineet	161	6	23
s-borreliaburgdorferii,iggvasta-aineet	161	7	23
s-borreliaburgdorferii,igmvasta-aineet	161	8	23
s-borreliaburgdorferii,vasta-aineet	161	9	23
s-ribonukleoproteiini,70kdaantigeenivasta-ain	161	10	23
s-ribonukleoproteiini,70kdaantigeenivasta-aineet	161	11	23
s-ribonukleoproteiini,nukleaarinen,vasta-aineet	161	12	23
s-ribonukleoproteiini,nukleaarinen,vasta-aineet(u1rnp)	161	13	23
s-ribonukleoproteiinit,nukleaarinen,vasta-ainee	161	14	23
s-sjögreninsyndroma,a(ro),vasta-aineet,immun	161	15	23
s-sjögreninsyndroma,a(ro)-vasta-aineet	161	16	23
s-sjögreninsyndroma,a(ro52)-vasta-aineet	161	17	23
s-sjögreninsyndroma,a(ro60)-vasta-aineet	161	18	23
s-sjögreninsyndroma,b(la),vasta-aineet,immun	161	19	23
s-sjögreninsyndroma,b(la)-vasta-aineet	161	20	23
s-viseabg,borreliaburgdorferinvise-proteiini,vasta-aineetigg	161	21	23
s-viseabm,borreliaburgdorferinvisejaospcproteiinit,vasta-ainetigm	161	22	23
sjögreninsyndroma,b(la)vasta-aineet,seerumista	161	23	23
verikaasut,elektrolyytitym.(laboratorio),laskimo	162	1	7
verikaasut,elektrolyytitym.(osasto),laskimoveri	162	2	7
verikaasut,elektrolyytitym.,dialyysi,koneveri	162	3	7
verikaasut,elektrolyytitym.,laskimoveri	162	4	7
verikaasut,elektrolyytitym.,valtimoveri	162	5	7
verikaasut,metaboliititym.(osasto),kapillaariveri	162	6	7
verikaasut,metaboliititym.,kapillaariveri	162	7	7
