group_id	TEST_NAME	UNIT	n	p_missing	deciles	LongName	prefix_meaning	suffix_meaning	group_path	has_component	has_property	has_time_aspect	has_system	has_scale_type	has_method	is_panel
7	kudostransglutaminaasi,iga-vasta-aineet	u/ml	620	0	[0.2, 0.3, 0.4, 0.5, 0.6, 0.7, 0.81, 1.01, 1.43]				1.2.1.1.1	Transglutaminase IgA Ab	Arbitrary Concentration	Point in time (spot)	Serum	Qn		FALSE
7	kudostransglutaminaasi,iga-vasta-aineet		36	100					1.2.1.1.1	Transglutaminase IgA Ab	Presence or Threshold	Point in time (spot)	Serum	Ord		FALSE
7	kudostransglutaminaasi,iga-vasta-aineet,seerumista		134	100					1.2.1.1.1	Transglutaminase IgA Ab	Presence or Threshold	Point in time (spot)	Serum	Ord		FALSE
7	kudostransglutaminaasi,igavasta-aineet	u/ml	70	0	[0.2, 0.3, 0.3, 0.4, 0.5, 0.6, 0.75, 1.05, 2.8]				1.2.1.1.1	Transglutaminase IgA Ab	Arbitrary Concentration	Point in time (spot)	Serum	Qn		FALSE
7	kudostransglutaminaasi,igavasta-aineet		62	100					1.2.1.1.1	Transglutaminase IgA Ab	Presence or Threshold	Point in time (spot)	Serum	Ord		FALSE
7	kudostransglutaminaasi,igavasta-aineet,seerumista␤	u/ml	169	0					1.2.1.1.1	Transglutaminase IgA Ab	Arbitrary Concentration	Point in time (spot)	Serum	Qn		FALSE
7	kudostransglutaminaasi,igavasta-aineet,seerumista␤		508	100					1.2.1.1.1	Transglutaminase IgA Ab	Presence or Threshold	Point in time (spot)	Serum	Ord		FALSE
7	kudostransglutaminaasi,igg-vasta-aineet		131	100					1.2.1.1.1	Transglutaminase IgG Ab	Presence or Threshold	Point in time (spot)	Serum	Ord		FALSE
7	s-kudostransglutaminaasi,iga-vasta-aineet	u/ml	36	0			Serum		1.2.1.1.1	Transglutaminase IgA Ab	Arbitrary Concentration	Point in time (spot)	Serum	Qn		FALSE
7	s-kudostransglutaminaasi,iga-vasta-aineet		300	100			Serum		1.2.1.1.1	Transglutaminase IgA Ab	Presence or Threshold	Point in time (spot)	Serum	Ord		FALSE
7	s-kudostransglutaminaasi,iga-vasta-aineetosatutk.		426	100			Serum		1.2.1.1.1	Transglutaminase IgA Ab	Presence or Threshold	Point in time (spot)	Serum	Ord		FALSE
7	s-kudostransglutaminaasi,igavasta-aineet	eliau/ml	10	0			Serum		1.2.1.1.1	Transglutaminase IgA Ab	Arbitrary Concentration	Point in time (spot)	Serum	Qn	Immunoassay	FALSE
7	s-kudostransglutaminaasi,igavasta-aineet	u/ml	2058	0	[0.2, 0.3, 0.4, 0.45, 0.54, 0.64, 0.77, 0.99, 1.51]		Serum		1.2.1.1.1	Transglutaminase IgA Ab	Arbitrary Concentration	Point in time (spot)	Serum	Qn		FALSE
7	s-kudostransglutaminaasi,igavasta-aineet		3189	99.94			Serum		1.2.1.1.1	Transglutaminase IgA Ab	Presence or Threshold	Point in time (spot)	Serum	Ord		FALSE
7	s-kudostransglutaminaasi,igavasta-aineet(keliakia)	u/ml	5	0			Serum		1.2.1.1.1	Transglutaminase IgA Ab	Arbitrary Concentration	Point in time (spot)	Serum	Qn		FALSE
7	s-kudostransglutaminaasi,igavasta-aineet(keliakia)		149	100			Serum		1.2.1.1.1	Transglutaminase IgA Ab	Presence or Threshold	Point in time (spot)	Serum	Ord		FALSE
7	s-kudostransglutaminaasi,igavasta-aineet,keliakiatutkimus		118	100			Serum		1.2.1.1.1	Transglutaminase IgA Ab	Presence or Threshold	Point in time (spot)	Serum	Ord		FALSE
7	s-kudostransglutaminaasi,iggva(keliakia)		133	100			Serum		1.2.1.1.1	Transglutaminase IgG Ab	Presence or Threshold	Point in time (spot)	Serum	Ord		FALSE
7	s-kudostransglutaminaasi,iggvasta-aineet	u/ml	6	0			Serum		1.2.1.1.1	Transglutaminase IgG Ab	Arbitrary Concentration	Point in time (spot)	Serum	Qn		FALSE
7	s-kudostransglutaminaasi,iggvasta-aineet		2026	100			Serum		1.2.1.1.1	Transglutaminase IgG Ab	Presence or Threshold	Point in time (spot)	Serum	Ord		FALSE
7	s-transglutaminaasivasta-aineet	u/ml	12	0			Serum		1.2.1.1.1	Transglutaminase Ab	Arbitrary Concentration	Point in time (spot)	Serum	Qn		FALSE
7	s-transglutaminaasivasta-aineet		454	100			Serum		1.2.1.1.1	Transglutaminase Ab	Presence or Threshold	Point in time (spot)	Serum	Ord		FALSE
14	b-c-reaktiivinenproteiini	mg/l	29	0			Blood		1.2.2.1.2.2.1	C reactive protein	Mass Concentration	Point in time (spot)	Blood	Qn		FALSE
14	b-c-reaktiivinenproteiini		262	44.27	[6, 7.5, 10.67, 13.8, 18.67, 27.69, 37.44, 56, 84]		Blood		1.2.2.1.2.2.1	C reactive protein	Mass Concentration	Point in time (spot)	Blood	Qn		FALSE
14	b-c-reaktiivinenproteiinipika		300	37	[7, 10.22, 14.84, 20.3, 29.2, 37.52, 52.47, 75.48, 99.1]		Blood		1.2.2.1.2.2.1	C reactive protein	Mass Concentration	Point in time (spot)	Blood	Qn		FALSE
14	b-c-resktiivinenproteiini	mg/l	1201	0	[6, 8.11, 11.16, 14.7, 19.67, 26.61, 38.65, 58.3, 91.79]		Blood		1.2.2.1.2.2.1	C reactive protein	Mass Concentration	Point in time (spot)	Blood	Qn		FALSE
14	b-c-resktiivinenproteiini		802	92.39			Blood		1.2.2.1.2.2.1	C reactive protein	Mass Concentration	Point in time (spot)	Blood	Qn		FALSE
14	c-reaktiivinenproteiini	1	925	0	[6.19, 8.89, 11.99, 16.88, 23.76, 35.33, 49.12, 74.41, 108.21]				1.2.2.1.2.2.1	C reactive protein	Mass Concentration	Point in time (spot)		Qn		FALSE
14	c-reaktiivinenproteiini	mg/l	7963	0	[4.01, 6.22, 9.5, 14.46, 23.15, 35.25, 51.85, 77.94, 126.36]				1.2.2.1.2.2.1	C reactive protein	Mass Concentration	Point in time (spot)		Qn		FALSE
14	c-reaktiivinenproteiini		7083	90.23	[6.55, 8.84, 11.73, 17.15, 24.37, 37.67, 52.72, 72.92, 107.1]				1.2.2.1.2.2.1	C reactive protein	Mass Concentration	Point in time (spot)		Qn		FALSE
14	c-reaktiivinenproteiini(4594p-crp)	mg/l	143	0	[1, 1.79, 2, 2, 3, 4, 5, 6, 12.8]				1.2.2.1.2.2.1	C reactive protein	Mass Concentration	Point in time (spot)	Plasma	Qn		FALSE
14	c-reaktiivinenproteiini(4594p-crp)		74	100					1.2.2.1.2.2.1	C reactive protein	Mass Concentration	Point in time (spot)	Plasma	Qn		FALSE
14	c-reaktiivinenproteiini(crp)	mg/l	381	0	[1.23, 1.51, 1.92, 2.62, 3.36, 4.75, 6.13, 9.98, 21.06]				1.2.2.1.2.2.1	C reactive protein	Mass Concentration	Point in time (spot)		Qn		FALSE
14	c-reaktiivinenproteiini(crp)		250	100					1.2.2.1.2.2.1	C reactive protein	Mass Concentration	Point in time (spot)		Qn		FALSE
14	c-reaktiivinenproteiini(p-crp)	mg/l	500	0	[1, 2, 2, 2.85, 3.14, 4.26, 5.94, 8.93, 19.54]				1.2.2.1.2.2.1	C reactive protein	Mass Concentration	Point in time (spot)	Plasma	Qn		FALSE
14	c-reaktiivinenproteiini(p-crp)		261	100					1.2.2.1.2.2.1	C reactive protein	Mass Concentration	Point in time (spot)	Plasma	Qn		FALSE
14	c-reaktiivinenproteiini,herkkä	mg/l	254	0	[0.22, 0.41, 0.57, 0.84, 1.15, 1.65, 2.42, 3.86, 6.33]				1.2.2.1.2.2.1	C reactive protein.high sensitivity	Mass Concentration	Point in time (spot)		Qn		FALSE
14	c-reaktiivinenproteiini,herkkä		18	94.44					1.2.2.1.2.2.1	C reactive protein.high sensitivity	Mass Concentration	Point in time (spot)		Qn		FALSE
14	c-reaktiivinenproteiini,herkkä,seerumista	mg/l	7396	0	[0.28, 0.41, 0.6, 0.78, 1.03, 1.34, 1.83, 2.72, 4.64]				1.2.2.1.2.2.1	C reactive protein.high sensitivity	Mass Concentration	Point in time (spot)	Serum	Qn		FALSE
14	c-reaktiivinenproteiini,herkkä,seerumista		36	83.33					1.2.2.1.2.2.1	C reactive protein.high sensitivity	Mass Concentration	Point in time (spot)	Serum	Qn		FALSE
14	c-reaktiivinenproteiini,pika	mg/l	111	0	[5, 5.05, 6.2, 8.27, 11.67, 14.3, 22.37, 36.1, 57]				1.2.2.1.2.2.1	C reactive protein	Mass Concentration	Point in time (spot)		Qn		FALSE
14	c-reaktiivinenproteiini,pika		49	100					1.2.2.1.2.2.1	C reactive protein	Mass Concentration	Point in time (spot)		Qn		FALSE
14	c-reaktiivinenproteiini,pika,tehdäänitse	mg/l	997	0	[5, 5, 6.35, 8.12, 10.93, 14.99, 21.14, 34.44, 53.73]				1.2.2.1.2.2.1	C reactive protein	Mass Concentration	Point in time (spot)		Qn		FALSE
14	c-reaktiivinenproteiini,pika,tehdäänitse		820	99.27					1.2.2.1.2.2.1	C reactive protein	Mass Concentration	Point in time (spot)		Qn		FALSE
14	c-reaktiivinenproteiini,pikatesti,veri	mg/l	174	0	[6, 7, 8.95, 10.5, 16.42, 22.45, 35.5, 53.5, 98.67]				1.2.2.1.2.2.1	C reactive protein	Mass Concentration	Point in time (spot)	Blood	Qn		FALSE
14	c-reaktiivinenproteiini,pikatesti,veri		1656	42.69	[6.55, 9.61, 13.21, 19.27, 27.67, 39.17, 52.81, 73.29, 109.39]				1.2.2.1.2.2.1	C reactive protein	Mass Concentration	Point in time (spot)	Blood	Qn		FALSE
14	c-reaktiivinenproteiini,pikatesti,veri(23318b-crp-pt)	mg/l	803	0	[4.99, 5.34, 7.17, 9.24, 13.4, 18.77, 28.88, 45.54, 76.31]				1.2.2.1.2.2.1	C reactive protein	Mass Concentration	Point in time (spot)	Blood	Qn		FALSE
14	c-reaktiivinenproteiini,pikatesti,veri(23318b-crp-pt)		240	100					1.2.2.1.2.2.1	C reactive protein	Mass Concentration	Point in time (spot)	Blood	Qn		FALSE
14	c-reaktiivinenproteiini,pikatutkimus	mg/l	106	0	[7, 12, 15.43, 21.6, 30.72, 39.4, 56.9, 87, 115.33]				1.2.2.1.2.2.1	C reactive protein	Mass Concentration	Point in time (spot)		Qn		FALSE
14	c-reaktiivinenproteiini,pikatutkimus		66	100					1.2.2.1.2.2.1	C reactive protein	Mass Concentration	Point in time (spot)		Qn		FALSE
14	c-reaktiivinenproteiini,plasmasta,vieritesti	mg/l	699	0	[5.17, 7.91, 10.75, 16.58, 23.68, 33.24, 48.01, 64.98, 99.29]				1.2.2.1.2.2.1	C reactive protein	Mass Concentration	Point in time (spot)	Plasma	Qn		FALSE
14	c-reaktiivinenproteiini,plasmasta,vieritesti		274	94.89					1.2.2.1.2.2.1	C reactive protein	Mass Concentration	Point in time (spot)	Plasma	Qn		FALSE
14	c-reaktiivinenproteiini,tk:ntekemä		1605	13.4	[2.23, 4.3, 7.78, 12.46, 19.91, 29.72, 46.58, 66.7, 98.89]				1.2.2.1.2.2.1	C reactive protein	Mass Concentration	Point in time (spot)		Qn		FALSE
14	c-reaktiivinenproteiini,vieritesti	mg/l	47	0					1.2.2.1.2.2.1	C reactive protein	Mass Concentration	Point in time (spot)		Qn		FALSE
14	c-reaktiivinenproteiini,vieritesti		944	23.62	[3.08, 5.45, 7.93, 11.11, 14.9, 20.87, 29.7, 49.04, 81.9]				1.2.2.1.2.2.1	C reactive protein	Mass Concentration	Point in time (spot)		Qn		FALSE
14	c-reaktiivinenproteiini,vieritutkimus	mg/l	525	0	[5, 6.72, 8.66, 12.22, 15.93, 22.09, 35.26, 59.08, 89.7]				1.2.2.1.2.2.1	C reactive protein	Mass Concentration	Point in time (spot)		Qn		FALSE
14	c-reaktiivinenproteiini,vieritutkimus		631	58.8	[6.41, 9.32, 15.53, 22.99, 35.64, 49.47, 62.97, 81.83, 113.06]				1.2.2.1.2.2.1	C reactive protein	Mass Concentration	Point in time (spot)		Qn		FALSE
14	c-reaktiivinenproteiini,vieritutkimus,plasmasta	mg/l	1205	0					1.2.2.1.2.2.1	C reactive protein	Mass Concentration	Point in time (spot)	Plasma	Qn		FALSE
14	c-reaktiivinenproteiini,vieritutkimus,plasmasta		318	100	[4.71, 7.37, 11.52, 16.21, 23.22, 31.65, 45.13, 65.98, 97.07]				1.2.2.1.2.2.1	C reactive protein	Mass Concentration	Point in time (spot)	Plasma	Qn		FALSE
14	c-reaktiivinenproteiini,vieritutkimusnordlab	mg/l	92	0	[5, 6, 8, 10.7, 12.75, 16.2, 21, 31.5, 47]				1.2.2.1.2.2.1	C reactive protein	Mass Concentration	Point in time (spot)		Qn		FALSE
14	c-reaktiivinenproteiini,vieritutkimusnordlab		99	100					1.2.2.1.2.2.1	C reactive protein	Mass Concentration	Point in time (spot)		Qn		FALSE
14	c-reaktiivinenproteiini-pika(4594crp-pika)	mg/l	136	0	[5, 5.32, 7, 9, 11.15, 14.57, 19, 33.2, 47.3]				1.2.2.1.2.2.1	C reactive protein	Mass Concentration	Point in time (spot)		Qn		FALSE
14	c-reaktiivinenproteiini-pika(4594crp-pika)		47	100					1.2.2.1.2.2.1	C reactive protein	Mass Concentration	Point in time (spot)		Qn		FALSE
14	c-reaktiivinenproteiini-pika(crp-pika)	mg/l	1488	0	[5, 6.88, 7, 7.34, 10.21, 14.71, 21.39, 32, 54.73]				1.2.2.1.2.2.1	C reactive protein	Mass Concentration	Point in time (spot)		Qn		FALSE
14	c-reaktiivinenproteiini-pika(crp-pika)		505	99.8					1.2.2.1.2.2.1	C reactive protein	Mass Concentration	Point in time (spot)		Qn		FALSE
14	cp-c-reaktiivinenproteiini,ihopiston,hoitoyksikössä	mg/l	1826	0	[1.75, 3.02, 5.68, 9.52, 14.27, 22.77, 34.19, 57.29, 89.46]				1.2.2.1.2.2.1	C reactive protein	Mass Concentration	Point in time (spot)	Blood capillary	Qn		FALSE
14	cp-c-reaktiivinenproteiini,ihopiston,hoitoyksikössä		497	46.88	[1.2, 1.53, 2.21, 2.84, 3.97, 4.8, 6.15, 7.51, 9.1]				1.2.2.1.2.2.1	C reactive protein	Mass Concentration	Point in time (spot)	Blood capillary	Qn		FALSE
14	fs-c-reaktiivinenproteiini	mg/l	241	0			Fasting serum		1.2.2.1.2.2.1	C reactive protein	Mass Concentration	Point in time (spot)	Serum	Qn		FALSE
14	fs-c-reaktiivinenproteiini		184	100			Fasting serum		1.2.2.1.2.2.1	C reactive protein	Mass Concentration	Point in time (spot)	Serum	Qn		FALSE
14	p-c-reaktiininenproteiini,vieritutkimus	mg/l	258	0	[5.85, 8.85, 11.14, 17.24, 24.49, 35.17, 49.34, 67.54, 96.38]		Plasma		1.2.2.1.2.2.1	C reactive protein	Mass Concentration	Point in time (spot)	Plasma	Qn		FALSE
14	p-c-reaktiininenproteiini,vieritutkimus		224	100			Plasma		1.2.2.1.2.2.1	C reactive protein	Mass Concentration	Point in time (spot)	Plasma	Qn		FALSE
14	p-c-reaktiivinenproteiini	mg/l	41046	0	[4.18, 7.12, 11.73, 18.09, 27.46, 40.11, 58.4, 87.78, 141.39]		Plasma		1.2.2.1.2.2.1	C reactive protein	Mass Concentration	Point in time (spot)	Plasma	Qn		FALSE
14	p-c-reaktiivinenproteiini		24714	99.73			Plasma		1.2.2.1.2.2.1	C reactive protein	Mass Concentration	Point in time (spot)	Plasma	Qn		FALSE
14	p-c-reaktiivinenproteiini(kval)	mg/l	187	0	[6.14, 9.01, 13.88, 18.86, 24.62, 33.54, 47.21, 67.37, 102.4]		Plasma		1.2.2.1.2.2.1	C reactive protein	Mass Concentration	Point in time (spot)	Plasma	Qn		FALSE
14	p-c-reaktiivinenproteiini(kval)		142	100			Plasma		1.2.2.1.2.2.1	C reactive protein	Mass Concentration	Point in time (spot)	Plasma	Qn		FALSE
14	p-c-reaktiivinenproteiini(kval)␤	mg/l	111	0			Plasma		1.2.2.1.2.2.1	C reactive protein	Mass Concentration	Point in time (spot)	Plasma	Qn		FALSE
14	p-c-reaktiivinenproteiini(kval)␤		130	100			Plasma		1.2.2.1.2.2.1	C reactive protein	Mass Concentration	Point in time (spot)	Plasma	Qn		FALSE
14	p-c-reaktiivinenproteiini(pikanäyte)	mg/l	6	0			Plasma		1.2.2.1.2.2.1	C reactive protein	Mass Concentration	Point in time (spot)	Plasma	Qn		FALSE
14	p-c-reaktiivinenproteiini(pikanäyte)		352	17.33	[1.52, 2.59, 4.86, 7.54, 12.38, 20.91, 32.04, 56.93, 83.62]		Plasma		1.2.2.1.2.2.1	C reactive protein	Mass Concentration	Point in time (spot)	Plasma	Qn		FALSE
14	p-c-reaktiivinenproteiini,crp	mg/l	110	0			Plasma		1.2.2.1.2.2.1	C reactive protein	Mass Concentration	Point in time (spot)	Plasma	Qn		FALSE
14	p-c-reaktiivinenproteiini,crp		8	62.5			Plasma		1.2.2.1.2.2.1	C reactive protein	Mass Concentration	Point in time (spot)	Plasma	Qn		FALSE
14	p-c-reaktiivinenproteiini,hoitoyksikkö	1	40	0			Plasma		1.2.2.1.2.2.1	C reactive protein	Presence or Threshold	Point in time (spot)	Plasma	Ord		FALSE
14	p-c-reaktiivinenproteiini,hoitoyksikkö	alle	5	0			Plasma		1.2.2.1.2.2.1	C reactive protein		Point in time (spot)	Plasma	Nar		FALSE
14	p-c-reaktiivinenproteiini,hoitoyksikkö	mg/l	81	0	[8, 11, 13, 16.2, 22.25, 33.7, 48, 64, 131]		Plasma		1.2.2.1.2.2.1	C reactive protein	Mass Concentration	Point in time (spot)	Plasma	Qn		FALSE
14	p-c-reaktiivinenproteiini,hoitoyksikkö		156	63.46	[6, 8, 12, 14, 26, 32, 40, 60, 120]		Plasma		1.2.2.1.2.2.1	C reactive protein	Mass Concentration	Point in time (spot)	Plasma	Qn		FALSE
14	p-c-reaktiivinenproteiini,pikatesti	mg/l	190	0			Plasma		1.2.2.1.2.2.1	C reactive protein	Mass Concentration	Point in time (spot)	Plasma	Qn		FALSE
14	p-c-reaktiivinenproteiini,pikatesti		3095	41.23	[6.43, 8.8, 12.04, 15.76, 21.17, 29.16, 41.93, 63.64, 96.9]		Plasma		1.2.2.1.2.2.1	C reactive protein	Mass Concentration	Point in time (spot)	Plasma	Qn		FALSE
14	p-c-reaktiivinenproteiini,vieritutkimus	mg/l	53	0			Plasma		1.2.2.1.2.2.1	C reactive protein	Mass Concentration	Point in time (spot)	Plasma	Qn		FALSE
14	p-c-reaktiivinenproteiini,vieritutkimus		122	50.82			Plasma		1.2.2.1.2.2.1	C reactive protein	Mass Concentration	Point in time (spot)	Plasma	Qn		FALSE
14	p-c-reaktiivinenproteiini,vieritutkimus,plasmasta	mg/l	202	0	[4.03, 6.98, 10.47, 16.6, 21.86, 29.42, 49.79, 68.66, 100]		Plasma		1.2.2.1.2.2.1	C reactive protein	Mass Concentration	Point in time (spot)	Plasma	Qn		FALSE
14	p-c-reaktiivinenproteiini,vieritutkimus,plasmasta		120	71.67			Plasma		1.2.2.1.2.2.1	C reactive protein	Mass Concentration	Point in time (spot)	Plasma	Qn		FALSE
14	p-c-reaktiivinenproteiini.pika		316	20.25	[3.75, 6.98, 11.68, 15.55, 24.24, 38.44, 58.74, 89.38, 117.91]		Plasma		1.2.2.1.2.2.1	C reactive protein	Mass Concentration	Point in time (spot)	Plasma	Qn		FALSE
14	p-c-reaktiivinenproteiinipikahoitoyksiköt	mg/l	4601	0	[5.2, 7.99, 12.13, 17.43, 25.81, 37.54, 54.45, 78.12, 113.86]		Plasma		1.2.2.1.2.2.1	C reactive protein	Mass Concentration	Point in time (spot)	Plasma	Qn		FALSE
14	p-c-reaktiivinenproteiinipikahoitoyksiköt		1925	80.52	[1.18, 1.4, 1.83, 2.44, 3.17, 4.31, 5.83, 6.68, 8.76]		Plasma		1.2.2.1.2.2.1	C reactive protein	Mass Concentration	Point in time (spot)	Plasma	Qn		FALSE
14	p-c-reaktiivinenproteiinipikamittari		399	36.09	[7, 9.06, 12.92, 21.23, 28.43, 42.17, 58.76, 81.22, 122.07]		Plasma		1.2.2.1.2.2.1	C reactive protein	Mass Concentration	Point in time (spot)	Plasma	Qn		FALSE
14	pikatesti,c-reaktiivinenproteiini	mg/l	315	0	[6, 7.85, 10.56, 14.36, 20.22, 31.25, 44.62, 61.43, 91.59]				1.2.2.1.2.2.1	C reactive protein	Mass Concentration	Point in time (spot)		Qn		FALSE
14	pikatesti,c-reaktiivinenproteiini		386	100					1.2.2.1.2.2.1	C reactive protein	Mass Concentration	Point in time (spot)		Qn		FALSE
14	plasmanc-reaktiivinenproteiiniosoitus	1	36	0					1.2.2.1.2.2.1	C reactive protein	Presence or Threshold	Point in time (spot)	Plasma	Ord		FALSE
14	plasmanc-reaktiivinenproteiiniosoitus	mg/l	3255	0	[6.24, 8.99, 12.45, 17.72, 25.65, 35.96, 50.8, 70.36, 106.56]				1.2.2.1.2.2.1	C reactive protein	Mass Concentration	Point in time (spot)	Plasma	Qn		FALSE
14	plasmanc-reaktiivinenproteiiniosoitus		2589	98.42					1.2.2.1.2.2.1	C reactive protein	Mass Concentration	Point in time (spot)	Plasma	Qn		FALSE
14	s-c-reaktiivinenproteiini	mg/l	773	0	[0.4, 0.73, 1.08, 1.43, 1.93, 2.88, 4.71, 7.16, 16.64]		Serum		1.2.2.1.2.2.1	C reactive protein	Mass Concentration	Point in time (spot)	Serum	Qn		FALSE
14	s-c-reaktiivinenproteiini		121	100			Serum		1.2.2.1.2.2.1	C reactive protein	Mass Concentration	Point in time (spot)	Serum	Qn		FALSE
14	s-c-reaktiivinenproteiini,herkkä	mg/l	813	0	[0.39, 0.59, 0.83, 1.22, 1.67, 2.46, 3.62, 5.63, 9.01]		Serum		1.2.2.1.2.2.1	C reactive protein.high sensitivity	Mass Concentration	Point in time (spot)	Serum	Qn		FALSE
14	s-c-reaktiivinenproteiini,herkkä		34	100			Serum		1.2.2.1.2.2.1	C reactive protein.high sensitivity	Mass Concentration	Point in time (spot)	Serum	Qn		FALSE
14	s-c-reaktiivinenproteiini,pika	mg/l	77	0	[8, 10, 12.4, 14.7, 17, 20.05, 27.4, 35, 48]		Serum		1.2.2.1.2.2.1	C reactive protein	Mass Concentration	Point in time (spot)	Serum	Qn		FALSE
14	s-c-reaktiivinenproteiini,pika		199	75.88			Serum		1.2.2.1.2.2.1	C reactive protein	Mass Concentration	Point in time (spot)	Serum	Qn		FALSE
14	s-c-reaktiivinenproteiini/	mg/l	191	0	[0.31, 0.5, 0.7, 0.96, 1.46, 2.27, 3.04, 4.65, 10.16]		Serum		1.2.2.1.2.2.1	C reactive protein	Mass Concentration	Point in time (spot)	Serum	Qn		FALSE
14	s-c-reaktiivinenproteiini/		5	100			Serum		1.2.2.1.2.2.1	C reactive protein	Mass Concentration	Point in time (spot)	Serum	Qn		FALSE
20	ehec(enterohemorraaginene.coli)		1317	100					1.2.2.1.2.2.2.2.2.2.2.2.1	Escherichia coli enterohemorrhagic	Presence or Threshold	Point in time (spot)		Ord		FALSE
20	ekg,12kytkentäälevossa		6937	99.99					1.2.2.1.2.2.2.2.2.2.2.2.1	EKG.12 lead	Finding	Point in time (spot)	^Patient	Doc		FALSE
20	ekg,12kytkentäälevossa(asi		8872	100					1.2.2.1.2.2.2.2.2.2.2.2.1	EKG.12 lead	Finding	Point in time (spot)	^Patient	Doc		FALSE
20	ekg,12kytkentäälevossa(asiakkaanottama)		2232	100					1.2.2.1.2.2.2.2.2.2.2.2.1	EKG.12 lead	Finding	Point in time (spot)	^Patient	Doc		FALSE
20	ekg,12kytkentäälevossa(asiakkanottama)		1287	100					1.2.2.1.2.2.2.2.2.2.2.2.1	EKG.12 lead	Finding	Point in time (spot)	^Patient	Doc		FALSE
20	ekg-12kytkentäälevossa		2227	100					1.2.2.1.2.2.2.2.2.2.2.2.1	EKG.12 lead	Finding	Point in in time (spot)	^Patient	Doc		FALSE
20	enteroaggregatiivinene.colinho		229	100					1.2.2.1.2.2.2.2.2.2.2.2.1	Escherichia coli enteroaggregative	Presence or Threshold	Point in time (spot)		Ord	Nucleic acid amplification with probe detection	FALSE
20	enterohemorraginene.colinho		383	100					1.2.2.1.2.2.2.2.2.2.2.2.1	Escherichia coli enterohemorrhagic	Presence or Threshold	Point in time (spot)		Ord	Nucleic acid amplification with probe detection	FALSE
20	enteropatogeeninene.colinho		229	100					1.2.2.1.2.2.2.2.2.2.2.2.1	Escherichia coli enteropathogenic	Presence or Threshold	Point in time (spot)		Ord	Nucleic acid amplification with probe detection	FALSE
20	enterotoksigeeninene.colinho		383	100					1.2.2.1.2.2.2.2.2.2.2.2.1	Escherichia coli enterotoxigenic	Presence or Threshold	Point in time (spot)		Ord	Nucleic acid amplification with probe detection	FALSE
20	etec(enterotoksigeeninene.coli)		1317	100					1.2.2.1.2.2.2.2.2.2.2.2.1	Escherichia coli enterotoxigenic	Presence or Threshold	Point in time (spot)		Ord		FALSE
20	f-campylobacterspp.(jejuni&coli)nukl.haponos		607	100			Feces		1.2.2.1.2.2.2.2.2.2.2.2.1	Campylobacter sp	Presence or Threshold	Point in time (spot)	Stool	Ord	Nucleic acid amplification with probe detection	FALSE
20	f-ehec(enterohemorraaginene.coli)nukl.haponos		607	100			Feces		1.2.2.1.2.2.2.2.2.2.2.2.1	Escherichia coli enterohemorrhagic	Presence or Threshold	Point in time (spot)	Stool	Ord	Nucleic acid amplification with probe detection	FALSE
20	f-etec(enterotoksigeeninene.coli)nukl.haponos		607	100			Feces		1.2.2.1.2.2.2.2.2.2.2.2.1	Escherichia coli enterotoxigenic	Presence or Threshold	Point in time (spot)	Stool	Ord	Nucleic acid amplification with probe detection	FALSE
20	f-plesiomonasshigelloidesnukl.haponos.		607	100			Feces		1.2.2.1.2.2.2.2.2.2.2.2.1	Plesiomonas shigelloides	Presence or Threshold	Point in time (spot)	Stool	Ord	Nucleic acid amplification with probe detection	FALSE
20	f-salmonellaspp.nukl.haponos		607	100			Feces		1.2.2.1.2.2.2.2.2.2.2.2.1	Salmonella sp	Presence or Threshold	Point in time (spot)	Stool	Ord	Nucleic acid amplification with probe detection	FALSE
20	f-shigellaspp./eiec(enteroinvasiivinene.coli)nukl.haponos		616	100			Feces		1.2.2.1.2.2.2.2.2.2.2.2.1	Shigella sp+Escherichia coli enteroinvasive	Presence or Threshold	Point in time (spot)	Stool	Ord	Nucleic acid amplification with probe detection	FALSE
20	f-yersiniaenterocoliticanukl.haponos.		607	100			Feces		1.2.2.1.2.2.2.2.2.2.2.2.1	Yersinia enterocolitica	Presence or Threshold	Point in time (spot)	Stool	Ord	Nucleic acid amplification with probe detection	FALSE
20	li-cryptococcusneoformans,nukl.haponos.		129	100			Cerebrospinal fluid		1.2.2.1.2.2.2.2.2.2.2.2.1	Cryptococcus neoformans	Presence or Threshold	Point in time (spot)	Cerebral spinal fluid	Ord	Nucleic acid amplification with probe detection	FALSE
20	li-cytomegalovirusnukl.haponos.		129	100			Cerebrospinal fluid		1.2.2.1.2.2.2.2.2.2.2.2.1	Cytomegalovirus	Presence or Threshold	Point in time (spot)	Cerebral spinal fluid	Ord	Nucleic acid amplification with probe detection	FALSE
20	li-escherichiacolik1nukl.haponos.		129	100			Cerebrospinal fluid		1.2.2.1.2.2.2.2.2.2.2.2.1	Escherichia coli K1	Presence or Threshold	Point in time (spot)	Cerebral spinal fluid	Ord	Nucleic acid amplification with probe detection	FALSE
20	li-herpessimplex1,nukl.haponos.		129	100			Cerebrospinal fluid		1.2.2.1.2.2.2.2.2.2.2.2.1	Herpes simplex virus 1	Presence or Threshold	Point in time (spot)	Cerebral spinal fluid	Ord	Nucleic acid amplification with probe detection	FALSE
20	li-herpessimplex2,nukl.haponos.		129	100			Cerebrospinal fluid		1.2.2.1.2.2.2.2.2.2.2.2.1	Herpes simplex virus 2	Presence or Threshold	Point in time (spot)	Cerebral spinal fluid	Ord	Nucleic acid amplification with probe detection	FALSE
20	li-l.monocytogenesnukl.haponos.		129	100			Cerebrospinal fluid		1.2.2.1.2.2.2.2.2.2.2.2.1	Listeria monocytogenes	Presence or Threshold	Point in time (spot)	Cerebral spinal fluid	Ord	Nucleic acid amplification with probe detection	FALSE
20	li-neisseriameningitidisnukl.haponos.		129	100			Cerebrospinal fluid		1.2.2.1.2.2.2.2.2.2.2.2.1	Neisseria meningitidis	Presence or Threshold	Point in time (spot)	Cerebral spinal fluid	Ord	Nucleic acid amplification with probe detection	FALSE
20	li-streptococcusagalactiaenukl.haponos.		129	100			Cerebrospinal fluid		1.2.2.1.2.2.2.2.2.2.2.2.1	Streptococcus agalactiae	Presence or Threshold	Point in time (spot)	Cerebral spinal fluid	Ord	Nucleic acid amplification with probe detection	FALSE
20	li-streptococcuspneumoniaenukl.haponos.		129	100			Cerebrospinal fluid		1.2.2.1.2.2.2.2.2.2.2.2.1	Streptococcus pneumoniae	Presence or Threshold	Point in time (spot)	Cerebral spinal fluid	Ord	Nucleic acid amplification with probe detection	FALSE
20	li-varicella-zosternukl.haponos.		129	100			Cerebrospinal fluid		1.2.2.1.2.2.2.2.2.2.2.2.1	Varicella zoster virus	Presence or Threshold	Point in time (spot)	Cerebral spinal fluid	Ord	Nucleic acid amplification with probe detection	FALSE
20	pt-ekg,12kytkentälevossa		243	100			Patient		1.2.2.1.2.2.2.2.2.2.2.2.1	EKG.12 lead	Finding	Point in time (spot)	^Patient	Doc		FALSE
20	pt-ekg,12kytkentää6tk		368	100			Patient		1.2.2.1.2.2.2.2.2.2.2.2.1	EKG.12 lead	Finding	Point in time (spot)	^Patient	Doc		FALSE
20	pt-ekg,12kytkentääep-terveyskeskus		206	100			Patient		1.2.2.1.2.2.2.2.2.2.2.2.1	EKG.12 lead	Finding	Point in time (spot)	^Patient	Doc		FALSE
20	pt-ekg,12kytkentäälevossa	1	55	0			Patient		1.2.2.1.2.2.2.2.2.2.2.2.1	EKG.12 lead	Finding	Point in time (spot)	^Patient	Doc		FALSE
20	pt-ekg,12kytkentäälevossa		54957	99.91			Patient		1.2.2.1.2.2.2.2.2.2.2.2.1	EKG.12 lead	Finding	Point in time (spot)	^Patient	Doc		FALSE
20	pt-ekg,12kytkentäälevossa(k-pks:n)(ko)		272	100			Patient		1.2.2.1.2.2.2.2.2.2.2.2.1	EKG.12 lead	Finding	Point in time (spot)	^Patient	Doc		FALSE
20	pt-ekg,12kytkentäälevossa(ot.tk:ssa)		210	100			Patient		1.2.2.1.2.2.2.2.2.2.2.2.1	EKG.12 lead	Finding	Point in time (spot)	^Patient	Doc		FALSE
20	pt-ekg,12kytkentäälevossa,omarekisteröintimuseen		2847	100			Patient		1.2.2.1.2.2.2.2.2.2.2.2.1	EKG.12 lead	Finding	Point in time (spot)	^Patient	Doc		FALSE
20	pt-ekg,12kytkentäälevossaosastolla		193	100			Patient		1.2.2.1.2.2.2.2.2.2.2.2.1	EKG.12 lead	Finding	Point in time (spot)	^Patient	Doc		FALSE
20	pt-ekg,12kytkentäälevossa␤		2419	100			Patient		1.2.2.1.2.2.2.2.2.2.2.2.1	EKG.12 lead	Finding	Point in time (spot)	^Patient	Doc		FALSE
20	pt-ekg,eteisvärinänseulonta,valvontamonitori-ekg		477	100			Patient		1.2.2.1.2.2.2.2.2.2.2.2.1	EKG screening for Atrial fibrillation	Finding	Point in time (spot)	^Patient	Doc		FALSE
20	pt-ekg,eteisvärinänseulonta,valvontamonitori-ekg,lisätallenne		625	100			Patient		1.2.2.1.2.2.2.2.2.2.2.2.1	EKG.12 lead	Finding	Point in time (spot)	^Patient	Doc		FALSE
20	pt-ekg,sisältäentietokoneanalyysin		8257	100			Patient		1.2.2.1.2.2.2.2.2.2.2.2.1	EKG.12 lead	Finding	Point in time (spot)	^Patient	Doc		FALSE
20	pt-ekg,sisältäentietokoneanalyysin(malmin)(pi)		226	100			Patient		1.2.2.1.2.2.2.2.2.2.2.2.1	EKG.12 lead	Finding	Point in time (spot)	^Patient	Doc		FALSE
20	pt-ekg,sisältäätietokoneanalyysin		4178	100			Patient		1.2.2.1.2.2.2.2.2.2.2.2.1	EKG.12 lead	Finding	Point in time (spot)	^Patient	Doc		FALSE
20	pt-ekgsis[lt[entietokoneanalyysin		305	100			Patient		1.2.2.1.2.2.2.2.2.2.2.2.1	EKG.12 lead	Finding	Point in time (spot)	^Patient	Doc		FALSE
20	pt-ekgsisältäentietokoneanalyysin		347	100			Patient		1.2.2.1.2.2.2.2.2.2.2.2.1	EKG.12 lead	Finding	Point in time (spot)	^Patient	Doc		FALSE
20	shigella/eiec(enteroinvasiivinene.coli)		1318	100					1.2.2.1.2.2.2.2.2.2.2.2.1	Shigella sp+Escherichia coli enteroinvasive	Presence or Threshold	Point in time (spot)		Ord		FALSE
21	fp-transferriininrautakyllästeisyys	%	3193	0	[8.97, 13, 16.76, 20.1, 23.32, 26.3, 29.57, 33.75, 41.18]		Fasting plasma		1.2.2.1.2.2.2.2.2.2.2.2.2.1	Transferrin saturation	Mass Fraction	Point in time (spot)	Plasma	Qn		FALSE
21	fp-transferriininrautakyllästeisyys		13	84.62			Fasting plasma		1.2.2.1.2.2.2.2.2.2.2.2.2.1	Transferrin saturation		Point in time (spot)	Plasma	Nar		FALSE
21	fp-transferriininrautasaturaatio	%	401	0	[8.17, 12.08, 15.12, 17.38, 20.04, 22.98, 27.38, 31.01, 39.99]		Fasting plasma		1.2.2.1.2.2.2.2.2.2.2.2.2.1	Transferrin saturation	Mass Fraction	Point in time (spot)	Plasma	Qn		FALSE
21	fs-transferiininrautakyllästeisyys		2368	65.54	[0.08, 0.13, 0.16, 0.19, 0.23, 0.26, 0.3, 0.34, 0.41]		Fasting serum		1.2.2.1.2.2.2.2.2.2.2.2.2.1	Transferrin saturation	Mass Fraction	Point in time (spot)	Serum	Qn		FALSE
21	fs-transferiininrautakyllästeisyys,paastotilassa		139	0	[0.07, 0.12, 0.15, 0.19, 0.22, 0.24, 0.28, 0.33, 0.39]		Fasting serum		1.2.2.1.2.2.2.2.2.2.2.2.2.1	Transferrin saturation	Mass Fraction	Point in time (spot)	Serum	Qn		FALSE
21	fs-transferriininrautakyllästeisyys	%	144	0	[5.6, 8.49, 12.38, 16.94, 20.5, 24.07, 26.84, 31.55, 40]		Fasting serum		1.2.2.1.2.2.2.2.2.2.2.2.2.1	Transferrin saturation	Mass Fraction	Point in time (spot)	Serum	Qn		FALSE
21	fs-transferriininrautakyllästeisyys		230	1.74	[6.96, 10.51, 13.75, 17.95, 20.84, 24.42, 28.14, 32.22, 47.21]		Fasting serum		1.2.2.1.2.2.2.2.2.2.2.2.2.1	Transferrin saturation	Mass Fraction	Point in time (spot)	Serum	Qn		FALSE
21	p-transferriininrautakyllästeisyys	%	288	0	[7.78, 11.72, 15.31, 18.47, 21.76, 25.36, 29.49, 34.05, 40.39]		Plasma		1.2.2.1.2.2.2.2.2.2.2.2.2.1	Transferrin saturation	Mass Fraction	Point in time (spot)	Plasma	Qn		FALSE
21	p-transferriininrautakyllästeisyys,fp-fe/tr,fp-fe/tran,fp-fe/trans	%	628	0	[9.32, 12.95, 14.99, 17.87, 20.98, 23.9, 27.48, 31.74, 38.07]		Plasma		1.2.2.1.2.2.2.2.2.2.2.2.2.1	Transferrin saturation	Mass Fraction	Point in time (spot)	Plasma	Qn		FALSE
21	p-transferriinireseptori	mg/l	1449	0	[0.64, 0.72, 0.81, 0.91, 1.01, 1.14, 1.3, 1.54, 1.97]		Plasma		1.2.2.1.2.2.2.2.2.2.2.2.2.1	Soluble transferrin receptor	Mass Concentration	Point in time (spot)	Plasma	Qn		FALSE
21	p-transferriinireseptori		176	100			Plasma		1.2.2.1.2.2.2.2.2.2.2.2.2.1	Soluble transferrin receptor		Point in time (spot)	Plasma	Nar		FALSE
21	p-transferriinireseptori,liukoinen	mg/l	1328	0	[0.8, 1.04, 1.37, 1.95, 2.49, 2.95, 3.61, 4.4, 5.84]		Plasma		1.2.2.1.2.2.2.2.2.2.2.2.2.1	Soluble transferrin receptor	Mass Concentration	Point in time (spot)	Plasma	Qn		FALSE
21	p-transferriinireseptori,liukoinen		42	100			Plasma		1.2.2.1.2.2.2.2.2.2.2.2.2.1	Soluble transferrin receptor		Point in time (spot)	Plasma	Nar		FALSE
21	s-transferriinireseptori	mg/l	1934	0	[2.3, 2.61, 2.91, 3.22, 3.51, 3.93, 4.43, 5.22, 6.84]		Serum		1.2.2.1.2.2.2.2.2.2.2.2.2.1	Soluble transferrin receptor	Mass Concentration	Point in time (spot)	Serum	Qn		FALSE
21	s-transferriinireseptori,liukoinen	mg/l	129	0	[0.91, 1.1, 1.18, 1.23, 1.33, 1.45, 1.78, 2.23, 3.16]		Serum		1.2.2.1.2.2.2.2.2.2.2.2.2.1	Soluble transferrin receptor	Mass Concentration	Point in time (spot)	Serum	Qn		FALSE
21	transferiininrautakyllästeisyys,seerumista,paastotilassa	osuus	236	0	[0.09, 0.15, 0.19, 0.22, 0.25, 0.29, 0.31, 0.35, 0.44]				1.2.2.1.2.2.2.2.2.2.2.2.2.1	Transferrin saturation	Mass Fraction	Point in time (spot)	Serum	Qn		FALSE
21	transferiininrautakyllästeisyys,seerumista,paastotilassa	paketti	16	0					1.2.2.1.2.2.2.2.2.2.2.2.2.1							TRUE
21	transferiininrautakyllästeisyys,seerumista,paastotilassa		205	3.41	[0.1, 0.13, 0.16, 0.18, 0.22, 0.26, 0.29, 0.33, 0.41]				1.2.2.1.2.2.2.2.2.2.2.2.2.1	Transferrin saturation	Mass Fraction	Point in time (spot)	Serum	Qn		FALSE
21	transferriininrautakyllästeisyys	%	1179	0	[8.18, 11.78, 15.27, 18.31, 21.03, 24.15, 27.59, 31.86, 39.21]				1.2.2.1.2.2.2.2.2.2.2.2.2.1	Transferrin saturation	Mass Fraction	Point in time (spot)		Qn		FALSE
21	transferriininrautakyllästeisyys		26	100					1.2.2.1.2.2.2.2.2.2.2.2.2.1	Transferrin saturation		Point in time (spot)		Nar		FALSE
21	transferriininrautakyllästeisyys(fp-)	%	596	0	[10.58, 15.04, 18.08, 21, 24.94, 28.56, 32.22, 37.06, 43.51]				1.2.2.1.2.2.2.2.2.2.2.2.2.1	Transferrin saturation	Mass Fraction	Point in time (spot)	Plasma	Qn		FALSE
21	transferriininrautakyllästeisyys(fp-)		16	100					1.2.2.1.2.2.2.2.2.2.2.2.2.1	Transferrin saturation		Point in time (spot)	Plasma	Nar		FALSE
21	transferriininrautakyllästeisyys␤	%	1453	0					1.2.2.1.2.2.2.2.2.2.2.2.2.1	Transferrin saturation	Mass Fraction	Point in time (spot)		Qn		FALSE
21	transferriininrautakyllästeisyys␤		5	100					1.2.2.1.2.2.2.2.2.2.2.2.2.1	Transferrin saturation		Point in time (spot)		Nar		FALSE
21	transferriinirautakyllästeisyys	%	233	0	[8.52, 13.59, 16.32, 21.55, 25.9, 28.62, 32.3, 36.31, 42.32]				1.2.2.1.2.2.2.2.2.2.2.2.2.1	Transferrin saturation	Mass Fraction	Point in time (spot)		Qn		FALSE
21	transferriinireseptori,liukoinen	mg/l	196	0	[1.64, 2.13, 2.4, 2.6, 2.79, 2.98, 3.16, 3.56, 4.22]				1.2.2.1.2.2.2.2.2.2.2.2.2.1	Soluble transferrin receptor	Mass Concentration	Point in time (spot)		Qn		FALSE
21	transferriinireseptori,liukoinen		48	100					1.2.2.1.2.2.2.2.2.2.2.2.2.1	Soluble transferrin receptor		Point in time (spot)		Nar		FALSE
21	transferriinisaturaatio	%	292	0	[6.88, 9.89, 12.73, 16.14, 19.09, 22.3, 26.09, 32.09, 39.32]				1.2.2.1.2.2.2.2.2.2.2.2.2.1	Transferrin saturation	Mass Fraction	Point in time (spot)		Qn		FALSE
33	-metisilliiniresistentinstaphylococcusaureus(mrsa),viljely		161	100					1.2.2.2.2.2.2.2.2.1	Methicillin resistant Staphylococcus aureus	Presence or Identity	Point in time (spot)		Ord	Organism specific culture	FALSE
33	-metisilliiniresistenttistaph.aureus,viljelynenästä		578	100					1.2.2.2.2.2.2.2.2.1	Methicillin resistant Staphylococcus aureus	Presence or Identity	Point in time (spot)	Nose	Ord	Organism specific culture	FALSE
33	-metisilliiniresistenttistaph.aureus,viljelynielusta		578	100					1.2.2.2.2.2.2.2.2.1	Methicillin resistant Staphylococcus aureus	Presence or Identity	Point in time (spot)	Throat	Ord	Organism specific culture	FALSE
33	-metisilliiniresistenttistaph.aureus,viljelyperineumista		576	100					1.2.2.2.2.2.2.2.2.1	Methicillin resistant Staphylococcus aureus	Presence or Identity	Point in time (spot)	Perineum	Ord	Organism specific culture	FALSE
33	ennaltamääritellyngeenineksonienemäsmuutostenjapientenkopiolukumuutostentutkimusngs-menetelmällä		160	100					1.2.2.2.2.2.2.2.2.1		Finding	Point in time (spot)		Nar	Molecular genetics	FALSE
33	huumeseula(amfet,bents,opiaat,kannab,koka)		129	100					1.2.2.2.2.2.2.2.2.1	Drugs of abuse screen						TRUE
33	huumeseulonta(amfet.,bents.,opiaatit,kannabis,kokaiini,buprenorfiini)		544	100					1.2.2.2.2.2.2.2.2.1	Drugs of abuse screen						TRUE
33	metisilliiniresistentinstaphylococcusaureus(mrs		166	100					1.2.2.2.2.2.2.2.2.1	Methicillin resistant Staphylococcus aureus	Presence or Identity	Point in time (spot)		Ord		FALSE
33	metisilliiniresistenttistaph.aureus,viljelyne		294	100					1.2.2.2.2.2.2.2.2.1	Methicillin resistant Staphylococcus aureus	Presence or Identity	Point in time (spot)	Nose	Ord	Organism specific culture	FALSE
33	metisilliiniresistenttistaph.aureus,viljelynenästä		436	100					1.2.2.2.2.2.2.2.2.1	Methicillin resistant Staphylococcus aureus	Presence or Identity	Point in time (spot)	Nose	Ord	Organism specific culture	FALSE
33	metisilliiniresistenttistaph.aureus,viljelyni		295	100					1.2.2.2.2.2.2.2.2.1	Methicillin resistant Staphylococcus aureus	Presence or Identity	Point in time (spot)	Throat	Ord	Organism specific culture	FALSE
33	metisilliiniresistenttistaph.aureus,viljelynielusta		442	100					1.2.2.2.2.2.2.2.2.1	Methicillin resistant Staphylococcus aureus	Presence or Identity	Point in time (spot)	Throat	Ord	Organism specific culture	FALSE
33	metisilliiniresistenttistaph.aureus,viljelype		296	100					1.2.2.2.2.2.2.2.2.1	Methicillin resistant Staphylococcus aureus	Presence or Identity	Point in time (spot)	Perineum	Ord	Organism specific culture	FALSE
33	metisilliiniresistenttistaph.aureus,viljelyperineumista		433	100					1.2.2.2.2.2.2.2.2.1	Methicillin resistant Staphylococcus aureus	Presence or Identity	Point in time (spot)	Perineum	Ord	Organism specific culture	FALSE
33	metisilliiniresistenttistaphylococcusaureus(mrsa),seulontaviljely␤		111	100					1.2.2.2.2.2.2.2.2.1	Methicillin resistant Staphylococcus aureus	Presence or Identity	Point in time (spot)		Ord	Organism specific culture	FALSE
33	pt-ekg,pitkäaikaisrekisteröinti(24h),kytkentä,analys,lausunto		322	100			Patient		1.2.2.2.2.2.2.2.2.1	Electrocardiogram panel	Finding	24 hours	^Patient	Nar		TRUE
33	pt-ekg,pitkäaikaisrekisteröinti(24h),kytkentä,analysointi,lausunto		138	100			Patient		1.2.2.2.2.2.2.2.2.1	Electrocardiogram panel	Finding	24 hours	^Patient	Nar		TRUE
33	pt-ekg,pitkäaikaisrekisteröinti(48h),kytkentä,analysointi,lausunto		136	100			Patient		1.2.2.2.2.2.2.2.2.1	Electrocardiogram panel	Finding	48 hours	^Patient	Nar		TRUE
33	työpaikanhuumetutkimus6a(amfetamiini,bentsodiatsepiinit,buprenorfiini,kannabis,kokaiini,opi		108	100					1.2.2.2.2.2.2.2.2.1	Drugs of abuse screen						TRUE
33	u-huum6a:amfetamiinit,bentsodiatsepiinit,buprenorfiini,kannabis,kokaiinijaopiaatit.vainsop.		113	100			Urine		1.2.2.2.2.2.2.2.2.1	Drugs of abuse screen			Urine			TRUE
33	u-huumeseulonta(amfet.,bents.,opiaatit,kannabis,kokaiini,buprenorfiini)		731	100			Urine		1.2.2.2.2.2.2.2.2.1	Drugs of abuse screen			Urine			TRUE
34	-streptococcusagalactie(str.ryhmäb,gbs),nukleiinihaponosoitus		140	100					1.2.2.2.2.2.2.2.2.2.1	Streptococcus agalactiae	Presence or Threshold	Point in time (spot)		Ord	Nucleic acid amplification with probe detection	FALSE
34	fl-streptococcusagalactie(b),nukleiinihaponosoitus		354	100			Vaginal discharge		1.2.2.2.2.2.2.2.2.2.1	Streptococcus agalactiae	Presence or Threshold	Point in time (spot)	Vaginal fluid	Ord	Nucleic acid amplification with probe detection	FALSE
34	ps-streptococcus,viljely(-hemolyyttisetstrepto		151	100			Pharyngeal secretion		1.2.2.2.2.2.2.2.2.2.1	Streptococcus beta hemolytic	Presence or Identity	Point in time (spot)	Throat	Nom	Organism specific culture	FALSE
34	ps-streptococcus,viljely(beeta-hemolyyttisetstr		110	100			Pharyngeal secretion		1.2.2.2.2.2.2.2.2.2.1	Streptococcus beta hemolytic	Presence or Identity	Point in time (spot)	Throat	Nom	Organism specific culture	FALSE
34	ps-streptococcus,viljely(hemolyytt.streptokokit)		327	100			Pharyngeal secretion		1.2.2.2.2.2.2.2.2.2.1	Streptococcus beta hemolytic	Presence or Identity	Point in time (spot)	Throat	Nom	Organism specific culture	FALSE
34	ps-streptococcus,viljely(hemolyytt.streptokokitnielusta)		414	100			Pharyngeal secretion		1.2.2.2.2.2.2.2.2.2.1	Streptococcus beta hemolytic	Presence or Identity	Point in time (spot)	Throat	Nom	Organism specific culture	FALSE
34	ps-streptococcus,viljely(hemolyyttisetstreptok)		162	100			Pharyngeal secretion		1.2.2.2.2.2.2.2.2.2.1	Streptococcus beta hemolytic	Presence or Identity	Point in time (spot)	Throat	Nom	Organism specific culture	FALSE
34	ps-streptococcus,viljely(hemolyyttisetstreptokokit)		339	100			Pharyngeal secretion		1.2.2.2.2.2.2.2.2.2.1	Streptococcus beta hemolytic	Presence or Identity	Point in time (spot)	Throat	Nom	Organism specific culture	FALSE
34	ps-streptococcus,viljelynielusta(hemolyytt)		238	100			Pharyngeal secretion		1.2.2.2.2.2.2.2.2.2.1	Streptococcus beta hemolytic	Presence or Identity	Point in time (spot)	Throat	Nom	Organism specific culture	FALSE
34	ps-streptococcuspyogenes(a),antigeeni		735	100			Pharyngeal secretion		1.2.2.2.2.2.2.2.2.2.1	Streptococcus pyogenes	Presence or Threshold	Point in time (spot)	Throat	Ord	Immunoassay	FALSE
34	ps-streptococcuspyogenes(a),nukleiinihappo(kval)		150	99.33			Pharyngeal secretion		1.2.2.2.2.2.2.2.2.2.1	Streptococcus pyogenes	Presence or Threshold	Point in time (spot)	Throat	Ord	Nucleic acid amplification with probe detection	FALSE
34	ps-streptococcuspyogenis(a)antig,vierithoitoy		124	100			Pharyngeal secretion		1.2.2.2.2.2.2.2.2.2.1	Streptococcus pyogenes	Presence or Threshold	Point in time (spot)	Throat	Ord	Immunoassay	FALSE
34	streptococcus,viljely(hemolyyt.streptokokitnielusta)		333	100					1.2.2.2.2.2.2.2.2.2.1	Streptococcus beta hemolytic	Presence or Identity	Point in time (spot)	Throat	Nom	Organism specific culture	FALSE
34	streptococcus,viljely(hemolyytt.streptokokit)		454	100					1.2.2.2.2.2.2.2.2.2.1	Streptococcus beta hemolytic	Presence or Identity	Point in time (spot)		Nom	Organism specific culture	FALSE
34	streptococcusagalactiae(b),nukleiinihaponosoitus,fluori,vieritesti		304	100					1.2.2.2.2.2.2.2.2.2.1	Streptococcus agalactiae	Presence or Threshold	Point in time (spot)		Ord	Nucleic acid amplification with probe detection	FALSE
34	streptococcusagalactie(b),nukleiinihaponosoitus		242	100					1.2.2.2.2.2.2.2.2.2.1	Streptococcus agalactiae	Presence or Threshold	Point in time (spot)		Ord	Nucleic acid amplification with probe detection	FALSE
34	streptococcuspyogenes(a),nukleiinihappo-osoitus		228	100					1.2.2.2.2.2.2.2.2.2.1	Streptococcus pyogenes	Presence or Threshold	Point in time (spot)		Ord	Nucleic acid amplification with probe detection	FALSE
34	streptococcuspyogenes(a),osoituskoe		396	100					1.2.2.2.2.2.2.2.2.2.1	Streptococcus pyogenes	Presence or Threshold	Point in time (spot)		Ord		FALSE
37	-histologinensolublokkisytologisestanäytteestä		214	100					1.2.2.2.2.2.2.2.2.2.2.2.2	Cell block	Finding	Point in time (spot)	Tissue	Nar	Histology	FALSE
37	-humanpapillomavirusgenotyyppi16		301	100					1.2.2.2.2.2.2.2.2.2.2.2.2	Human papillomavirus 16 DNA	Presence or Threshold	Point in time (spot)		Ord	Nucleic acid amplification with probe detection	FALSE
37	-humanpapillomavirusgenotyyppi18		301	100					1.2.2.2.2.2.2.2.2.2.2.2.2	Human papillomavirus 18 DNA	Presence or Threshold	Point in time (spot)		Ord	Nucleic acid amplification with probe detection	FALSE
37	-humanpapillomavirusgenotyyppimuupatogeeninenhpv		252	100					1.2.2.2.2.2.2.2.2.2.2.2.2	Human papillomavirus high risk types DNA	Presence or Threshold	Point in time (spot)		Ord	Nucleic acid amplification with probe detection	FALSE
37	-lisämaksukiireellisenäpyydetyllenäytteelle		584	100					1.2.2.2.2.2.2.2.2.2.2.2.2							FALSE
37	-lisätutkimuspyyntöaiemmintutkitullenäytteelle		191	100					1.2.2.2.2.2.2.2.2.2.2.2.2							FALSE
37	-lisävastaus2laskutuskuitatullenäytteelle		438	100					1.2.2.2.2.2.2.2.2.2.2.2.2							FALSE
37	-lisävastauslaskutuskuitatullenäytteelle		2865	100					1.2.2.2.2.2.2.2.2.2.2.2.2							FALSE
37	-moniresistentitgram-negatiivisetsauvat,viljely		122	100					1.2.2.2.2.2.2.2.2.2.2.2.2	Bacteria identified	Presence or Identity	Point in time (spot)		Nom	Organism specific culture	FALSE
37	-moniresistentitgramnegatiivisetsauvat,viljely		163	100					1.2.2.2.2.2.2.2.2.2.2.2.2	Bacteria identified	Presence or Identity	Point in time (spot)		Nom	Organism specific culture	FALSE
37	-resistentitgramnegatiivisetsauvat,viljely		314	100					1.2.2.2.2.2.2.2.2.2.2.2.2	Bacteria identified	Presence or Identity	Point in time (spot)		Nom	Organism specific culture	FALSE
37	-staphylococcusaureus,metilliiniresist.viljely		248	100					1.2.2.2.2.2.2.2.2.2.2.2.2	Staphylococcus aureus methicillin resistant	Presence or Threshold	Point in time (spot)		Ord	Organism specific culture	FALSE
37	-staphylococcusaureus,metisilliiniresistentti,v		540	100					1.2.2.2.2.2.2.2.2.2.2.2.2	Staphylococcus aureus methicillin resistant	Presence or Threshold	Point in time (spot)		Ord	Organism specific culture	FALSE
37	b-glukoosi,hoitoyksikönvieritesti,kokoveri		687	0.15	[5.55, 5.93, 6.7, 7.42, 8.33, 9.1, 10.22, 12.18, 14.28]		Blood		1.2.2.2.2.2.2.2.2.2.2.2.2	Glucose	Substance Concentration	Point in time (spot)	Blood	Qn		FALSE
37	b-hematologisenpotilaanperuskaryotyypinmääritys		125	100			Blood		1.2.2.2.2.2.2.2.2.2.2.2.2	Karyotype	Finding	Point in time (spot)	Blood	Nar	Cytogenetics	FALSE
37	b-kreatiniini,hoitoyksikönvieritesti,veri		167	0	[58.29, 69.03, 76.8, 84.73, 95.67, 105.12, 116.21, 134.79, 170]		Blood		1.2.2.2.2.2.2.2.2.2.2.2.2	Creatinine	Substance Concentration	Point in time (spot)	Blood	Qn		FALSE
37	bakteerit,virtsasta,partikkelinlaskijalla,osatutk.		212	100					1.2.2.2.2.2.2.2.2.2.2.2.2	Bacteria	Presence or Threshold	Point in time (spot)	Urine	Ord	Automated count	FALSE
37	bm-pahanlaatuisenveritaudinimmunofenotyypitys		191	100			Bone marrow		1.2.2.2.2.2.2.2.2.2.2.2.2	Immunophenotype	Finding	Point in time (spot)	Bone marrow	Nar	Flow cytometry (FC)	FALSE
37	bm-pahanlaatuisenveritaudinimmunofenotyyppinenjäännöstautianalyysi		162	100			Bone marrow		1.2.2.2.2.2.2.2.2.2.2.2.2	Minimal residual disease	Finding	Point in time (spot)	Bone marrow	Nar	Flow cytometry (FC)	FALSE
37	cb-hemoglobiini,vieritestihoitoyksikössä	g/l	101	0	[84.5, 92.5, 100.5, 112.5, 121.56, 127.06, 131.83, 135.83, 146]		Capillary blood		1.2.2.2.2.2.2.2.2.2.2.2.2	Hemoglobin	Mass Concentration	Point in time (spot)	Blood capillary	Qn		FALSE
37	cp-glukoosi,ihopistosn,vieritestihoitoyksikössä	mmol/l	5203	0	[5.2, 6.16, 6.92, 7.87, 8.89, 10.17, 11.74, 13.96, 16.77]				1.2.2.2.2.2.2.2.2.2.2.2.2	Glucose	Substance Concentration	Point in time (spot)	Blood capillary	Qn		FALSE
37	cp-glukoosi,ihopistosn,vieritestihoitoyksikössä		19	100	[5.33, 6.26, 7.1, 7.98, 9.1, 10.33, 11.92, 13.89, 16.96]				1.2.2.2.2.2.2.2.2.2.2.2.2	Glucose	Substance Concentration	Point in time (spot)	Blood capillary	Qn		FALSE
37	crp-pitoisuus,hoitoyksikkömittaavieritestilaitteella	mg/l	771	0	[2.6, 5.17, 9.64, 14.69, 22, 32.29, 47.95, 69.4, 106.84]				1.2.2.2.2.2.2.2.2.2.2.2.2	C reactive protein	Mass Concentration	Point in time (spot)		Qn		FALSE
37	crp-pitoisuus,hoitoyksikkömittaavieritestilaitteella		192	85.42					1.2.2.2.2.2.2.2.2.2.2.2.2	C reactive protein	Mass Concentration	Point in time (spot)		Qn		FALSE
37	e-retikulosyyttienkeskimääräinenhemoglobiininmäärä	pg	438	0	[26.9, 30, 31.94, 33, 34, 34.57, 35, 36, 37.53]		Erythrocyte		1.2.2.2.2.2.2.2.2.2.2.2.2	Hemoglobin/Reticulocyte	Mass Content	Point in time (spot)	Red Blood Cells	Qn		FALSE
37	e-retikulosyyttienkeskimääräinenhemoglobiininmäärä		15	6.67			Erythrocyte		1.2.2.2.2.2.2.2.2.2.2.2.2	Hemoglobin/Reticulocyte	Mass Content	Point in time (spot)	Red Blood Cells	Qn		FALSE
37	emäsylimäärä,laskimoverestä,pikatesti␤	mmol/l	373	0					1.2.2.2.2.2.2.2.2.2.2.2.2	Base excess	Substance Concentration	Point in time (spot)	Blood venous	Qn		FALSE
37	emäsylimäärä,laskimoverestä,pikatesti␤		339	19.47					1.2.2.2.2.2.2.2.2.2.2.2.2	Base excess	Substance Concentration	Point in time (spot)	Blood venous	Qn		FALSE
37	epiteelisolut,virtsasta,partikkelinlaskijalla,osatutk.	e6/l	203	0	[0.2, 0.4, 0.66, 1, 1.3, 1.71, 2.47, 3.65, 8.32]				1.2.2.2.2.2.2.2.2.2.2.2.2	Epithelial cells	Number Concentration	Point in time (spot)	Urine	Qn	Automated count	FALSE
37	epiteelisolut,virtsasta,partikkelinlaskijalla,osatutk.		9	100					1.2.2.2.2.2.2.2.2.2.2.2.2	Epithelial cells	Presence or Threshold	Point in time (spot)	Urine	Ord	Automated count	FALSE
37	epstein-barrvirus(ebv),nhkvantitatiivinen,plasmasta	iu/ml	24	0					1.2.2.2.2.2.2.2.2.2.2.2.2	Epstein-Barr virus DNA	Arbitrary Concentration	Point in time (spot)	Plasma	Qn	Nucleic acid amplification with probe detection	FALSE
37	epstein-barrvirus(ebv),nhkvantitatiivinen,plasmasta		241	100					1.2.2.2.2.2.2.2.2.2.2.2.2	Epstein-Barr virus DNA	Arbitrary Concentration	Point in time (spot)	Plasma	Qn	Nucleic acid amplification with probe detection	FALSE
37	erytrosyytit,virtsasta,partikkelinlaskijalla,osatutk.	e6/l	202	0	[3.19, 4.28, 5.76, 7.13, 9.35, 12.16, 16.65, 32.02, 93.76]				1.2.2.2.2.2.2.2.2.2.2.2.2	Erythrocytes	Number Concentration	Point in time (spot)	Urine	Qn	Automated count	FALSE
37	erytrosyytit,virtsasta,partikkelinlaskijalla,osatutk.		10	100					1.2.2.2.2.2.2.2.2.2.2.2.2	Erythrocytes	Presence or Threshold	Point in time (spot)	Urine	Ord	Automated count	FALSE
37	fp-kollageenii:nbeta-karboksiterminaalinentelopeptidi	ug/l	299	0	[0.08, 0.14, 0.17, 0.21, 0.26, 0.3, 0.36, 0.45, 0.63]		Fasting plasma		1.2.2.2.2.2.2.2.2.2.2.2.2	Collagen type I C-terminal telopeptide beta	Mass Concentration	Point in time (spot)	Plasma	Qn		FALSE
37	happamusaste,kapillaariverestä,pikatesti␤		1262	0.24					1.2.2.2.2.2.2.2.2.2.2.2.2	pH	Substance Concentration	Point in time (spot)	Blood capillary	Qn		FALSE
37	happamuusaste,laskimoverestä,pikatesti␤		712	0.7					1.2.2.2.2.2.2.2.2.2.2.2.2	pH	Substance Concentration	Point in time (spot)	Blood venous	Qn		FALSE
37	happiosapaine,kapillaariverestä,pikatesti␤	kpa	1260	0					1.2.2.2.2.2.2.2.2.2.2.2.2	Oxygen	Partial Pressure	Point in time (spot)	Blood capillary	Qn		FALSE
37	happoemästasejahappi,laskimoverestä,pikatesti␤		643	100					1.2.2.2.2.2.2.2.2.2.2.2.2							TRUE
37	hepatiittic-virus,nh,jatkotutkimus,plasmasta		512	100					1.2.2.2.2.2.2.2.2.2.2.2.2	Hepatitis C virus RNA	Presence or Threshold	Point in time (spot)	Plasma	Ord	Nucleic acid amplification with probe detection	FALSE
37	hiilidioksidiosapaine,laskimoverestä,pikatesti␤	kpa	707	0					1.2.2.2.2.2.2.2.2.2.2.2.2	Carbon dioxide	Partial Pressure	Point in time (spot)	Blood venous	Qn		FALSE
37	hiilidioksidiosapaine,laskimoverestä,pikatesti␤		5	100					1.2.2.2.2.2.2.2.2.2.2.2.2	Carbon dioxide	Partial Pressure	Point in time (spot)	Blood venous	Qn		FALSE
37	hpv-gt16aptimapanther,apututkimustulostensiirtoon		149	100					1.2.2.2.2.2.2.2.2.2.2.2.2							FALSE
37	hpv-gt18-45aptimapanther,apututkimustulostensiirtoon		149	100					1.2.2.2.2.2.2.2.2.2.2.2.2							FALSE
37	hpvaptimapanther,apututkimustulostensiirtoon		413	100					1.2.2.2.2.2.2.2.2.2.2.2.2							FALSE
37	humanimmunodeficiencyvirus,antigeenijavasta-		192	100					1.2.2.2.2.2.2.2.2.2.2.2.2	HIV 1+2 p24 Ag+Ab	Presence or Threshold	Point in time (spot)		Ord	Immunoassay	FALSE
37	humanimmunodeficiencyvirus,antigeenijavasta-aineet,yhd		260	100					1.2.2.2.2.2.2.2.2.2.2.2.2	HIV 1+2 p24 Ag+Ab	Presence or Threshold	Point in time (spot)		Ord	Immunoassay	FALSE
37	huume-jalääkeainetutkimus,laaja,varmistus		448	100					1.2.2.2.2.2.2.2.2.2.2.2.2							TRUE
37	huumeseulonta,kvalitatiivinen,virtsasta␤		140	100					1.2.2.2.2.2.2.2.2.2.2.2.2							TRUE
37	kalium,hoitoyksikönvieritesti,veri	mmol/l	166	0	[3.34, 3.65, 3.8, 3.9, 4, 4.19, 4.3, 4.42, 4.6]				1.2.2.2.2.2.2.2.2.2.2.2.2	Potassium	Substance Concentration	Point in time (spot)	Blood	Qn		FALSE
37	kalium,hoitoyksikönvieritesti,veri		290	0	[3.4, 3.69, 3.8, 3.9, 4.06, 4.2, 4.4, 4.56, 5]				1.2.2.2.2.2.2.2.2.2.2.2.2	Potassium	Substance Concentration	Point in time (spot)	Blood	Qn		FALSE
37	kreatiniini,hoitoyksikönvieritesti,veri	mmol/l	163	0	[61.44, 68.7, 74.81, 78.74, 84.67, 94.44, 102.62, 112.17, 146.53]				1.2.2.2.2.2.2.2.2.2.2.2.2	Creatinine	Substance Concentration	Point in time (spot)	Blood	Qn		FALSE
37	kreatiniini,virtsasta(huumeseulonnanyhteydessä)	mmol/l	874	0	[2.21, 3.1, 4.22, 5.54, 6.81, 8.47, 10.55, 13.18, 17.82]				1.2.2.2.2.2.2.2.2.2.2.2.2	Creatinine	Substance Concentration	Point in time (spot)	Urine	Qn		FALSE
37	kreatiniini,virtsasta(huumeseulonnanyhteydessä)		6	66.67					1.2.2.2.2.2.2.2.2.2.2.2.2	Creatinine	Substance Concentration	Point in time (spot)	Urine	Qn		FALSE
37	laajahuumeseulonta,varmistustasoinen,virtsasta		944	100					1.2.2.2.2.2.2.2.2.2.2.2.2							TRUE
37	lieriöt,virtsasta,partikkelinlaskijalla,osatutk.	e6/l	203	0	[0, 0, 0, 0, 0, 0, 0, 0.1, 0.4]				1.2.2.2.2.2.2.2.2.2.2.2.2	Casts	Number Concentration	Point in time (spot)	Urine	Qn	Automated count	FALSE
37	lieriöt,virtsasta,partikkelinlaskijalla,osatutk.		9	100					1.2.2.2.2.2.2.2.2.2.2.2.2	Casts	Presence or Threshold	Point in time (spot)	Urine	Ord	Automated count	FALSE
37	lisävastauslaskutuskuitatullenäytteelle		214	100					1.2.2.2.2.2.2.2.2.2.2.2.2							FALSE
37	luuntiheysmittaus,2kohdetta(nk6sa),lausuttuna		145	100					1.2.2.2.2.2.2.2.2.2.2.2.2	Bone density	Mass/Area	Point in time (spot)	^Patient	Qn	Dual-energy X-ray absorptiometry	FALSE
37	marevan-hoidonseur.tatesti,hoitoyksikkötekeesormenpäänäyte		168	0					1.2.2.2.2.2.2.2.2.2.2.2.2	INR	Relative time	Point in time (spot)	Blood capillary	Qn	Coagulation assay	FALSE
37	moniresistentitgramnegatiivisetsauvat,viljely		206	100					1.2.2.2.2.2.2.2.2.2.2.2.2	Bacteria identified	Presence or Identity	Point in time (spot)		Nom	Organism specific culture	FALSE
37	natrium,hoitoyksikönvieritesti,veri	mmol/l	163	0	[133.07, 135, 136.54, 138, 139, 139.55, 140, 141, 142]				1.2.2.2.2.2.2.2.2.2.2.2.2	Sodium	Substance Concentration	Point in time (spot)	Blood	Qn		FALSE
37	natrium,hoitoyksikönvieritesti,veri		292	0	[131.17, 133.92, 135.97, 137.29, 138.69, 139.5, 140, 141, 142]				1.2.2.2.2.2.2.2.2.2.2.2.2	Sodium	Substance Concentration	Point in time (spot)	Blood	Qn		FALSE
37	natriureettinenpeptidi,b-tyypinn-terminaalinenpropeptidi,plasmasta	ng/l	159	0	[27.45, 51.56, 106.33, 265.57, 634.4, 1351.3, 2903.04, 5577.84, 11032.2]				1.2.2.2.2.2.2.2.2.2.2.2.2	Natriuretic peptide B N-Terminal prohormone	Mass Concentration	Point in time (spot)	Plasma	Qn		FALSE
37	nk-solujenosuus(määritettynäcd3-/cd16+/cd56+-soluina)	%	665	0	[4, 7.07, 9.79, 12.53, 14.84, 17.1, 21.25, 26.92, 36.91]				1.2.2.2.2.2.2.2.2.2.2.2.2	NK cells/Leukocytes	Number Fraction	Point in time (spot)	Blood	Qn	Flow cytometry (FC)	FALSE
37	osmolaliteetti,virtsasta,partikkelinlaskijalla,osatutk.	mosm/kgh2o	203	0	[331.17, 377.3, 431.74, 500.49, 539.14, 595.38, 634.62, 686.05, 750.53]				1.2.2.2.2.2.2.2.2.2.2.2.2	Osmolality	Osmolality	Point in time (spot)	Urine	Qn		FALSE
37	osmolaliteetti,virtsasta,partikkelinlaskijalla,osatutk.		9	100					1.2.2.2.2.2.2.2.2.2.2.2.2	Osmolality	Osmolality	Point in time (spot)	Urine	Qn		FALSE
37	p-natriureett.peptidin-termin.propept.vieritl	ng/l	118	0	[140.45, 226.81, 316.84, 708.93, 1117.67, 1691.6, 2121.04, 3414.6, 4866.2]		Plasma		1.2.2.2.2.2.2.2.2.2.2.2.2	Natriuretic peptide B N-Terminal prohormone	Mass Concentration	Point in time (spot)	Plasma	Qn		FALSE
37	p-natriureett.peptidin-termin.propept.vieritl		20	100			Plasma		1.2.2.2.2.2.2.2.2.2.2.2.2	Natriuretic peptide B N-Terminal prohormone	Mass Concentration	Point in time (spot)	Plasma	Qn		FALSE
37	p-natriureettinenpeptidi,b-tyypinn-terminaalin	ng/l	4682	0	[86.24, 151.65, 238.65, 387.07, 653.89, 1066.35, 1771.72, 3084.52, 6142.85]		Plasma		1.2.2.2.2.2.2.2.2.2.2.2.2	Natriuretic peptide B N-Terminal prohormone	Mass Concentration	Point in time (spot)	Plasma	Qn		FALSE
37	p-natriureettinenpeptidi,b-tyypinn-terminaalin		149	100			Plasma		1.2.2.2.2.2.2.2.2.2.2.2.2	Natriuretic peptide B N-Terminal prohormone	Mass Concentration	Point in time (spot)	Plasma	Qn		FALSE
37	p-natriureettinenpeptidi,b-tyypn-term.propeptidi	ng/l	1366	0	[106.15, 192.31, 311.64, 535.82, 915.89, 1456.12, 2310.73, 3820.95, 6983]		Plasma		1.2.2.2.2.2.2.2.2.2.2.2.2	Natriuretic peptide B N-Terminal prohormone	Mass Concentration	Point in time (spot)	Plasma	Qn		FALSE
37	p-natriureettinenpeptidi,b-tyypn-term.propeptidi		107	100			Plasma		1.2.2.2.2.2.2.2.2.2.2.2.2	Natriuretic peptide B N-Terminal prohormone	Mass Concentration	Point in time (spot)	Plasma	Qn		FALSE
37	parasiitit,ulosteesta(alkueläintenkystat,madot,madonmunat,toukat)		120	100					1.2.2.2.2.2.2.2.2.2.2.2.2	Parasite identified	Presence or Identity	Point in time (spot)	Stool	Nom	Microscopy	FALSE
37	pienikudoskoepala,enintään1-3samankokonaisuudennäytettä		234	100					1.2.2.2.2.2.2.2.2.2.2.2.2	Histology	Finding	Point in time (spot)	Tissue	Nar	Histology	FALSE
37	pika:m10inabnhp,rsvnhp,cv19nhp,yhdistelmävierit.		267	100					1.2.2.2.2.2.2.2.2.2.2.2.2							TRUE
37	pt-diffuusiokapasiteetti,single-breath-menetelmä,tavallinenperusmittaus		3577	100			Patient		1.2.2.2.2.2.2.2.2.2.2.2.2	Carbon monoxide diffusing capacity	Volume/Time/Pressure	Point in time (spot)	^Patient	Qn		FALSE
37	pt-lausuntoneurofysiologisestatutkimuksesta,hälytysindikaatiot		113	100			Patient		1.2.2.2.2.2.2.2.2.2.2.2.2	Neurophysiology study	Finding		^Patient	Nar		FALSE
37	pt-luuntiheysmittaus,2kohdetta,ilmanlausuntoa		120	100			Patient		1.2.2.2.2.2.2.2.2.2.2.2.2	Bone density	Mass/Area	Point in time (spot)	^Patient	Qn	Dual-energy X-ray absorptiometry	FALSE
37	pt-sydämenkattavarakenteellinenjatoiminnallinenuä(fm1ee)		177	100			Patient		1.2.2.2.2.2.2.2.2.2.2.2.2	Echocardiogram	Finding		^Patient	Doc		FALSE
37	pt-uloshengityksenhuippuvirtaus,vuorokausivaihtelunseuranta		474	100			Patient		1.2.2.2.2.2.2.2.2.2.2.2.2	Peak expiratory flow	Volume Rate	24 hours	^Patient	Qn		FALSE
37	pt-yöpolygrafia,ambulatorinen,hyvinsuppeaunirekisteröintikotona		542	100			Patient		1.2.2.2.2.2.2.2.2.2.2.2.2							TRUE
37	pt-yöpolygrafia,ambulatorinen,jalkaliikerekisteröinnein		102	100			Patient		1.2.2.2.2.2.2.2.2.2.2.2.2							TRUE
37	pu-aerobinenjaanaerobinenbakteerityypitysjaan		147	100			Pus		1.2.2.2.2.2.2.2.2.2.2.2.2							TRUE
37	resistentitgramnegatiivisetsauvat,viljely		320	100					1.2.2.2.2.2.2.2.2.2.2.2.2	Bacteria identified	Presence or Identity	Point in time (spot)		Nom	Organism specific culture	FALSE
37	retikulosyyttienkeskimääräinenhemoglobiininmäärä	pg	525	0	[26.59, 29.88, 31.77, 32.87, 33.87, 34, 35, 35.95, 37]				1.2.2.2.2.2.2.2.2.2.2.2.2	Hemoglobin/Reticulocyte	Mass Content	Point in time (spot)	Red Blood Cells	Qn		FALSE
37	retikulosyyttienkeskimääräinenhemoglobiininmäärä		5	100					1.2.2.2.2.2.2.2.2.2.2.2.2	Hemoglobin/Reticulocyte	Mass Content	Point in time (spot)	Red Blood Cells	Qn		FALSE
37	s-humanimmunodeficiencyvirus,antigeenijavast		1221	100			Serum		1.2.2.2.2.2.2.2.2.2.2.2.2	HIV 1+2 p24 Ag+Ab	Presence or Threshold	Point in time (spot)	Serum	Ord	Immunoassay	FALSE
37	sikiöperäisendna:ntutkimusäidinverinäytteestä		104	100					1.2.2.2.2.2.2.2.2.2.2.2.2							TRUE
37	staphylococcusaureus,metisilliiniresistenssiviljely␤		134	100					1.2.2.2.2.2.2.2.2.2.2.2.2	Staphylococcus aureus methicillin resistant	Presence or Threshold	Point in time (spot)		Ord	Organism specific culture	FALSE
37	staphylococcusaureus,metisilliiniresistentti(mrsa),viljely		627	100					1.2.2.2.2.2.2.2.2.2.2.2.2	Staphylococcus aureus methicillin resistant	Presence or Threshold	Point in time (spot)		Ord	Organism specific culture	FALSE
37	t-auttajasolujenosuus(määritettynäcd3+cd4+soluina)	%	665	0	[12.24, 17.15, 20.76, 25.01, 30.99, 37.63, 47.04, 52.34, 60.07]		Thrombocyte		1.2.2.2.2.2.2.2.2.2.2.2.2	CD4+ T-cells/CD3+ T-cells	Number Fraction	Point in time (spot)	Blood	Qn	Flow cytometry (FC)	FALSE
37	t-estäjäsolujenosuus(määritettynäcd3+cd8+soluina)	%	665	0	[14.45, 20.35, 24.03, 27.06, 32.04, 37.14, 44.33, 52.92, 66.66]		Thrombocyte		1.2.2.2.2.2.2.2.2.2.2.2.2	CD8+ T-cells/CD3+ T-cells	Number Fraction	Point in time (spot)	Blood	Qn	Flow cytometry (FC)	FALSE
37	troponiini-t-pit.hoitoyksikkötekeevieritestilaitteella	ng/l	7	0					1.2.2.2.2.2.2.2.2.2.2.2.2	Troponin T	Mass Concentration	Point in time (spot)		Qn		FALSE
37	troponiini-t-pit.hoitoyksikkötekeevieritestilaitteella		97	93.81					1.2.2.2.2.2.2.2.2.2.2.2.2	Troponin T	Mass Concentration	Point in time (spot)		Qn		FALSE
37	ts-histologinentutkimus,1-3kudosnäytettä		160	100			Tissue		1.2.2.2.2.2.2.2.2.2.2.2.2	Histology	Finding	Point in time (spot)	Tissue	Nar	Histology	FALSE
37	ts-histologinentutkimus,1-3näytettä		945	100			Tissue		1.2.2.2.2.2.2.2.2.2.2.2.2	Histology	Finding	Point in time (spot)	Tissue	Nar	Histology	FALSE
37	työpaikanhuumeseulontajavarmistus,4yhdistettä		469	100					1.2.2.2.2.2.2.2.2.2.2.2.2							TRUE
37	työpaikanhuumeseulontajavarmistus,7yhdistettä		312	100					1.2.2.2.2.2.2.2.2.2.2.2.2							TRUE
37	täydellinennimi:pt-näytteenotto0maksu,kierronulkopuolisetnäytteet		1481	100					1.2.2.2.2.2.2.2.2.2.2.2.2							FALSE
37	täydellinenverenkuva,sis.perusverenkuvanjaleukosyyttienerittelylaskennan␤		9742	100					1.2.2.2.2.2.2.2.2.2.2.2.2							TRUE
37	u-amfetamiinijametamfetamiini,enantiomeerienerittely		120	100			Urine		1.2.2.2.2.2.2.2.2.2.2.2.2	Amphetamine+Methamphetamine enantiomers	Finding	Point in time (spot)	Urine	Nar		FALSE
37	u-asetoniaineet,kval,vieritestihoitoyksikössä		421	100			Urine		1.2.2.2.2.2.2.2.2.2.2.2.2	Ketones	Presence or Threshold	Point in time (spot)	Urine	Ord	Test strip	FALSE
37	u-erytrosyytit,kval,vieritestihoitoyksikössä		413	100			Urine		1.2.2.2.2.2.2.2.2.2.2.2.2	Erythrocytes	Presence or Threshold	Point in time (spot)	Urine	Ord	Test strip	FALSE
37	u-glukoosi,kvalvieritestihoitoyksikössä		423	100			Urine		1.2.2.2.2.2.2.2.2.2.2.2.2	Glucose	Presence or Threshold	Point in time (spot)	Urine	Ord	Test strip	FALSE
37	u-happamuusaste,vieritestihoitoyksikössä		400	0.25	[5.5, 5.5, 5.5, 5.9, 6, 6, 6.5, 7, 7]		Urine		1.2.2.2.2.2.2.2.2.2.2.2.2	pH	Substance Concentration	Point in time (spot)	Urine	Qn	Test strip	FALSE
37	u-huume-jalääkeainetutkimus,laaja,varmistus		175	100			Urine		1.2.2.2.2.2.2.2.2.2.2.2.2							TRUE
37	u-huume-jalääkeainetutkimus,semikvantitatiivinen,virtsa␤sta		121	100			Urine		1.2.2.2.2.2.2.2.2.2.2.2.2							TRUE
37	u-huumeseulonta,laaja(kvalitatiivinenlc-tof-ms)		144	100			Urine		1.2.2.2.2.2.2.2.2.2.2.2.2							TRUE
37	u-kemiallinenseulonta,vieritestihoitoyksikössä		104	100			Urine		1.2.2.2.2.2.2.2.2.2.2.2.2							TRUE
37	u-kreatiniini,virtsasta(huumeseulonnanyhteydessä)	mmol/l	398	0	[2.13, 2.88, 3.69, 4.73, 6, 7.61, 9.67, 12.44, 16.61]		Urine		1.2.2.2.2.2.2.2.2.2.2.2.2	Creatinine	Substance Concentration	Point in time (spot)	Urine	Qn		FALSE
37	u-laajahuume-jalääkeainetutkimus,semikvantitatiivinen		421	100			Urine		1.2.2.2.2.2.2.2.2.2.2.2.2							TRUE
37	u-leukosyytit,kval,vieritestihoitoyksikössä		429	100			Urine		1.2.2.2.2.2.2.2.2.2.2.2.2	Leukocytes	Presence or Threshold	Point in time (spot)	Urine	Ord	Test strip	FALSE
37	u-nitriitti,kval,vieritestihoitoyksikössä		421	100			Urine		1.2.2.2.2.2.2.2.2.2.2.2.2	Nitrite	Presence or Threshold	Point in time (spot)	Urine	Ord	Test strip	FALSE
37	u-proteiini,kval,vieritestihoitoyksikössä		425	100			Urine		1.2.2.2.2.2.2.2.2.2.2.2.2	Protein	Presence or Threshold	Point in time (spot)	Urine	Ord	Test strip	FALSE
37	vieritestilaite(epoc)verikaasuanalyysilaskimonäytteestä		162	100					1.2.2.2.2.2.2.2.2.2.2.2.2							TRUE
37	yersinia(lajitenterocolitica,pseudotuberculosis,pestis)nho,ulosteesta␤		484	100					1.2.2.2.2.2.2.2.2.2.2.2.2	Yersinia sp DNA	Presence or Threshold	Point in time (spot)	Stool	Ord	Nucleic acid amplification with probe detection	FALSE
42	ab-na	mmol/l	1125	0	[130.94, 134.84, 136.62, 138.04, 139.34, 140.42, 141.09, 142.57, 144.87]		Arterial blood	Native preparation	2.1.1.1.2.2.1.2	Sodium	Substance Concentration	Point in time (spot)	Blood arterial	Qn		FALSE
42	ap-lakt	mmol/l	1456	0	[0.68, 0.81, 0.96, 1.1, 1.28, 1.5, 1.81, 2.29, 3.25]				2.1.1.1.2.2.1.2	Lactate	Substance Concentration	Point in time (spot)	Plasma arterial	Qn		FALSE
42	ap-lakt		18	50					2.1.1.1.2.2.1.2	Lactate		Point in time (spot)	Plasma arterial	Nar		FALSE
42	ap-na	%	24	0				Native preparation	2.1.1.1.2.2.1.2	Sodium	Mass Fraction	Point in time (spot)	Plasma arterial	Qn		FALSE
42	ap-na	g/l	6	0				Native preparation	2.1.1.1.2.2.1.2	Sodium	Mass Concentration	Point in time (spot)	Plasma arterial	Qn		FALSE
42	ap-na	kpa	12	0				Native preparation	2.1.1.1.2.2.1.2	Sodium		Point in time (spot)	Plasma arterial	Qn		FALSE
42	ap-na	mmol/l	50270	0	[130.71, 133.37, 134.96, 136, 136.98, 137.95, 138.88, 139.98, 141.72]			Native preparation	2.1.1.1.2.2.1.2	Sodium	Substance Concentration	Point in time (spot)	Plasma arterial	Qn		FALSE
42	ap-na	°c	6	0				Native preparation	2.1.1.1.2.2.1.2	Sodium		Point in time (spot)	Plasma arterial	Qn		FALSE
42	ap-na		233	92.27				Native preparation	2.1.1.1.2.2.1.2	Sodium		Point in time (spot)	Plasma arterial	Nar		FALSE
42	ap-nak		155	100					2.1.1.1.2.2.1.2							TRUE
42	b-na	mmol/l	59360	0	[132.76, 134.99, 136.51, 137.61, 138.41, 139.21, 140.23, 141.69, 144.08]		Blood	Native preparation	2.1.1.1.2.2.1.2	Sodium	Substance Concentration	Point in time (spot)	Blood	Qn		FALSE
42	b-na		9740	95.39	[132.18, 135.78, 137.16, 138.83, 139, 140, 140.41, 141, 142]		Blood	Native preparation	2.1.1.1.2.2.1.2	Sodium	Substance Concentration	Point in time (spot)	Blood	Qn		FALSE
42	cp-na	mmol/l	305	0	[132, 134.22, 135.76, 137, 138, 139.28, 140, 141.93, 143]			Native preparation	2.1.1.1.2.2.1.2	Sodium	Substance Concentration	Point in time (spot)	Plasma	Qn		FALSE
42	cp-na		18	100				Native preparation	2.1.1.1.2.2.1.2	Sodium		Point in time (spot)	Plasma			FALSE
42	di-na	mmol/l	307	0		Di-Natrium	Dialysis fluid	Native preparation	2.1.1.1.2.2.1.2	Sodium	Substance Concentration	Point in time (spot)	Dialysis fluid	Qn		FALSE
42	di-na		5	100		Di-Natrium	Dialysis fluid	Native preparation	2.1.1.1.2.2.1.2	Sodium		Point in time (spot)	Dialysis fluid			FALSE
42	du-na	mmol	2785	0.25	[76.79, 98.05, 115.16, 132.8, 151.88, 170.12, 193.55, 223.43, 273.21]	dU-Natrium	24-hour urine	Native preparation	2.1.1.1.2.2.1.2	Sodium	Substance Amount	24 hours	Urine	Qn		FALSE
42	du-na	mmol/24h	60	0		dU-Natrium	24-hour urine	Native preparation	2.1.1.1.2.2.1.2	Sodium	Substance Rate	24 hours	Urine	Qn		FALSE
42	du-na		1021	70.23	[65.53, 84.3, 103.25, 116.92, 139.24, 156.61, 172.58, 210.59, 273.58]	dU-Natrium	24-hour urine	Native preparation	2.1.1.1.2.2.1.2	Sodium	Substance Amount	24 hours	Urine	Qn		FALSE
42	fp-ctx	ng/l	34	0			Fasting plasma		2.1.1.1.2.2.1.2	C-terminal telopeptide of type I collagen	Mass Concentration	Point in time (spot)	Plasma	Qn		FALSE
42	fp-ctx	ug/l	1281	0	[0.09, 0.14, 0.2, 0.25, 0.3, 0.38, 0.48, 0.6, 0.81]		Fasting plasma		2.1.1.1.2.2.1.2	C-terminal telopeptide of type I collagen	Mass Concentration	Point in time (spot)	Plasma	Qn		FALSE
42	fp-ctx		491	16.7	[0.12, 0.19, 0.24, 0.31, 0.39, 0.48, 0.58, 0.71, 1]		Fasting plasma		2.1.1.1.2.2.1.2	C-terminal telopeptide of type I collagen	Mass Concentration	Point in time (spot)	Plasma	Qn		FALSE
42	fp-gt	u/l	772	0	[15.6, 19.58, 23.9, 27.61, 33.27, 39.92, 49.93, 68.82, 104.64]		Fasting plasma		2.1.1.1.2.2.1.2	gamma-Glutamyl transferase	Catalytic Concentration	Point in time (spot)	Plasma	Qn		FALSE
42	fp-gt		11	0			Fasting plasma		2.1.1.1.2.2.1.2	gamma-Glutamyl transferase	Catalytic Concentration	Point in time (spot)	Plasma	Qn		FALSE
42	fp-na	mmol/l	6047	0	[135.6, 137.84, 139, 139.97, 140.01, 141, 141.04, 142, 143]		Fasting plasma	Native preparation	2.1.1.1.2.2.1.2	Sodium	Substance Concentration	Point in time (spot)	Plasma	Qn		FALSE
42	fp-na		18	11.11			Fasting plasma	Native preparation	2.1.1.1.2.2.1.2	Sodium	Substance Concentration	Point in time (spot)	Plasma	Qn		FALSE
42	p-acth	ng/l	10045	0.42	[8.08, 11.12, 14.1, 17.14, 20.58, 24.79, 30.92, 40.41, 66.95]	P -Adrenokortikotropiini	Plasma		2.1.1.1.2.2.1.2	Adrenocorticotropic hormone	Mass Concentration	Point in time (spot)	Plasma	Qn		FALSE
42	p-acth	pmol/l	7	0		P -Adrenokortikotropiini	Plasma		2.1.1.1.2.2.1.2	Adrenocorticotropic hormone	Substance Concentration	Point in time (spot)	Plasma	Qn		FALSE
42	p-acth		1461	80.01	[9.26, 12.21, 15.18, 18.04, 23.17, 27.09, 32.96, 40.36, 61.68]	P -Adrenokortikotropiini	Plasma		2.1.1.1.2.2.1.2	Adrenocorticotropic hormone	Mass Concentration	Point in time (spot)	Plasma	Qn		FALSE
42	p-at3	%	33387	0.01	[54.15, 67.47, 77.12, 84.9, 91.44, 97.34, 103.31, 110.17, 119.77]	P -Antitrombiini III	Plasma		2.1.1.1.2.2.1.2	Antithrombin III	Arbitrary Concentration	Point in time (spot)	Platelet poor plasma	Qn	Coagulation assay	FALSE
42	p-at3	form	18	0		P -Antitrombiini III	Plasma		2.1.1.1.2.2.1.2	Antithrombin III		Point in time (spot)	Platelet poor plasma	Nar		FALSE
42	p-at3		750	50.4	[77.41, 88.27, 92.93, 97.96, 101.75, 106.37, 110.41, 114.53, 119.94]	P -Antitrombiini III	Plasma		2.1.1.1.2.2.1.2	Antithrombin III	Arbitrary Concentration	Point in time (spot)	Platelet poor plasma	Qn	Coagulation assay	FALSE
42	p-at3.	%	4852	0	[82.58, 90.63, 95.72, 100.18, 103.97, 107.65, 111.95, 117.06, 124.39]		Plasma		2.1.1.1.2.2.1.2	Antithrombin III	Arbitrary Concentration	Point in time (spot)	Platelet poor plasma	Qn	Coagulation assay	FALSE
42	p-at3.		269	20.45	[87.63, 92.63, 97.23, 100.8, 104.86, 109.03, 113.28, 117.74, 123.49]		Plasma		2.1.1.1.2.2.1.2	Antithrombin III	Arbitrary Concentration	Point in time (spot)	Platelet poor plasma	Qn	Coagulation assay	FALSE
42	p-efa	form	5	100		P -Rasvahapot, välttämättömät	Plasma		2.1.1.1.2.2.1.2							TRUE
42	p-efa		125	100		P -Rasvahapot, välttämättömät	Plasma		2.1.1.1.2.2.1.2							TRUE
42	p-fakb	g/l	120	0	[0.14, 0.17, 0.18, 0.2, 0.21, 0.21, 0.23, 0.26, 0.3]	P -Faktori B	Plasma		2.1.1.1.2.2.1.2	Complement factor B	Mass Concentration	Point in time (spot)	Plasma	Qn		FALSE
42	p-fakb		35	25.71		P -Faktori B	Plasma		2.1.1.1.2.2.1.2	Complement factor B		Point in time (spot)	Plasma	Nar		FALSE
42	p-fe	umol/l	2840	0	[5.52, 7.66, 9.48, 11.25, 13.18, 14.87, 16.94, 19.46, 23.35]		Plasma		2.1.1.1.2.2.1.2	Iron	Substance Concentration	Point in time (spot)	Plasma	Qn		FALSE
42	p-fe		740	33.92	[5.15, 6.78, 8.55, 10.06, 12.18, 14.07, 16.43, 19.54, 23.49]		Plasma		2.1.1.1.2.2.1.2	Iron	Substance Concentration	Point in time (spot)	Plasma	Qn		FALSE
42	p-fs	s	319	0	[28, 29.31, 30.81, 32, 33.17, 35, 36.48, 39.22, 45.08]		Plasma		2.1.1.1.2.2.1.2	Coagulation	Time	Point in time (spot)	Plasma	Qn	Coagulation assay	FALSE
42	p-fs		1586	99.87			Plasma		2.1.1.1.2.2.1.2	Coagulation		Point in time (spot)	Plasma			FALSE
42	p-fv	%	6911	0.01	[43.78, 58.4, 69.62, 80.37, 90.29, 99.93, 110.48, 122.94, 139.52]	P -Hyytymistekijä V	Plasma		2.1.1.1.2.2.1.2	Coagulation factor V	Arbitrary Concentration	Point in time (spot)	Platelet poor plasma	Qn	Coagulation assay	FALSE
42	p-fv		261	40.23	[68.7, 79.64, 87.53, 94.6, 99.14, 104.6, 110.72, 119.21, 132.72]	P -Hyytymistekijä V	Plasma		2.1.1.1.2.2.1.2	Coagulation factor V	Arbitrary Concentration	Point in time (spot)	Platelet poor plasma	Qn	Coagulation assay	FALSE
42	p-fx	%	916	0.11	[46.06, 65.75, 76.36, 83.72, 90.83, 97.78, 104.84, 112.37, 122.61]	P -Hyytymistekijä X	Plasma		2.1.1.1.2.2.1.2	Coagulation factor X	Arbitrary Concentration	Point in time (spot)	Platelet poor plasma	Qn	Coagulation assay	FALSE
42	p-fx		949	87.46	[66, 76.45, 83.38, 90.43, 96, 100.47, 108.88, 114, 128]	P -Hyytymistekijä X	Plasma		2.1.1.1.2.2.1.2	Coagulation factor X	Arbitrary Concentration	Point in time (spot)	Platelet poor plasma	Qn	Coagulation assay	FALSE
42	p-gt	mg/ml	8	0		P -Glutamyylitransferaasi	Plasma		2.1.1.1.2.2.1.2	gamma-Glutamyl transferase	Mass Concentration	Point in time (spot)	Plasma	Qn		FALSE
42	p-gt	u/l	820178	0.02	[14.56, 18.66, 23.05, 28.6, 36.08, 47.26, 65.76, 101.29, 195.48]	P -Glutamyylitransferaasi	Plasma		2.1.1.1.2.2.1.2	gamma-Glutamyl transferase	Catalytic Concentration	Point in time (spot)	Plasma	Qn		FALSE
42	p-gt		15977	100	[15.82, 20.13, 24.14, 29.03, 35.14, 45.13, 63.31, 89.78, 161.64]	P -Glutamyylitransferaasi	Plasma		2.1.1.1.2.2.1.2	gamma-Glutamyl transferase	Catalytic Concentration	Point in time (spot)	Plasma	Qn		FALSE
42	p-hstni	ng/l	3261	0	[1, 2, 3, 4.12, 6.04, 9.1, 14.48, 27.09, 65.46]		Plasma		2.1.1.1.2.2.1.2	Troponin I	Mass Concentration	Point in time (spot)	Plasma	Qn	Immunoassay	FALSE
42	p-k+na		69230	100			Plasma		2.1.1.1.2.2.1.2							TRUE
42	p-k,na		2518	100			Plasma		2.1.1.1.2.2.1.2							TRUE
42	p-k-na	mmol/l	594	100			Plasma	Native preparation	2.1.1.1.2.2.1.2							TRUE
42	p-k-na		186	100			Plasma	Native preparation	2.1.1.1.2.2.1.2							TRUE
42	p-k-pa	mmol/l	197	0	[3.53, 3.78, 3.9, 4, 4.04, 4.13, 4.3, 4.38, 4.56]		Plasma	Long-term / prolonged	2.1.1.1.2.2.1.2	Potassium	Substance Concentration	Point in time (spot)	Plasma	Qn		FALSE
42	p-k/na		321	100			Plasma		2.1.1.1.2.2.1.2							TRUE
42	p-ked.	mmol/l	344	0			Plasma		2.1.1.1.2.2.1.2		Substance Concentration	Point in time (spot)	Plasma	Qn		FALSE
42	p-kjd.	mmol/l	160	0			Plasma		2.1.1.1.2.2.1.2		Substance Concentration	Point in time (spot)	Plasma	Qn		FALSE
42	p-la1	s	1064	0	[30, 31.95, 33.1, 34.81, 35.99, 37.75, 39.96, 44.96, 54.77]		Plasma		2.1.1.1.2.2.1.2	Lupus anticoagulant	Time	Point in time (spot)	Platelet poor plasma	Qn	Coagulation assay	FALSE
42	p-la1		52	50			Plasma		2.1.1.1.2.2.1.2	Lupus anticoagulant		Point in time (spot)	Platelet poor plasma	Nar		FALSE
42	p-la2	s	498	0	[32, 33.41, 35.41, 36.98, 38.82, 40.9, 43.06, 47.24, 53.65]		Plasma		2.1.1.1.2.2.1.2	Lupus anticoagulant	Time	Point in time (spot)	Platelet poor plasma	Qn	Coagulation assay	FALSE
42	p-la2		1411	99.43			Plasma		2.1.1.1.2.2.1.2	Lupus anticoagulant		Point in time (spot)	Platelet poor plasma			FALSE
42	p-mypa	mg/l	1692	0.06	[0.64, 0.99, 1.33, 1.7, 2.12, 2.67, 3.43, 4.39, 6.28]	P -Mykofenolihappo	Plasma		2.1.1.1.2.2.1.2	Mycophenolic acid	Mass Concentration	Point in time (spot)	Plasma	Qn		FALSE
42	p-mypa		245	76.33		P -Mykofenolihappo	Plasma		2.1.1.1.2.2.1.2	Mycophenolic acid		Point in time (spot)	Plasma	Nar		FALSE
42	p-na	mmol/	14	0		P -Natrium	Plasma	Native preparation	2.1.1.1.2.2.1.2	Sodium	Substance Concentration	Point in time (spot)	Plasma	Qn		FALSE
42	p-na	mmol/l	7320578	0.03	[133.91, 136.27, 137.98, 138.99, 139.95, 140, 141, 142, 143]	P -Natrium	Plasma	Native preparation	2.1.1.1.2.2.1.2	Sodium	Substance Concentration	Point in time (spot)	Plasma	Qn		FALSE
42	p-na		81059	100	[134.02, 137.07, 138.67, 139, 140, 141, 142, 142.8, 143]	P -Natrium	Plasma	Native preparation	2.1.1.1.2.2.1.2	Sodium	Substance Concentration	Point in time (spot)	Plasma	Qn		FALSE
42	p-na.	mmol/l	1467	0	[134.64, 136.99, 138.3, 139.9, 140.54, 141, 142, 142.75, 144]		Plasma		2.1.1.1.2.2.1.2	Sodium	Substance Concentration	Point in time (spot)	Plasma	Qn		FALSE
42	p-na:	mmol/l	621	0	[131.65, 133.8, 135, 136.23, 137.85, 138.61, 139.67, 140.88, 142]		Plasma		2.1.1.1.2.2.1.2	Sodium	Substance Concentration	Point in time (spot)	Plasma	Qn		FALSE
42	p-naed.	mmol/l	306	0			Plasma		2.1.1.1.2.2.1.2	Sodium	Substance Concentration	Point in time (spot)	Plasma	Qn		FALSE
42	p-najd.	mmol/l	154	0			Plasma		2.1.1.1.2.2.1.2	Sodium	Substance Concentration	Point in time (spot)	Plasma	Qn		FALSE
42	p-nak		259040	100			Plasma		2.1.1.1.2.2.1.2							TRUE
42	p-nap	mmol/l	342	0	[132.69, 135.3, 137.47, 139, 140, 140.64, 142, 143, 145]		Plasma		2.1.1.1.2.2.1.2	Sodium	Substance Concentration	Point in time (spot)	Plasma	Qn		FALSE
42	p-supar	ug/l	351	0	[2.87, 3.25, 3.63, 3.92, 4.33, 4.73, 5.27, 6.37, 8.21]		Plasma		2.1.1.1.2.2.1.2	Soluble urokinase-type plasminogen activator receptor	Mass Concentration	Point in time (spot)	Plasma	Qn		FALSE
42	p-supar		16	100			Plasma		2.1.1.1.2.2.1.2	Soluble urokinase-type plasminogen activator receptor		Point in time (spot)	Plasma			FALSE
42	p-t3-v	pmol/l	82081	0.04	[3.46, 3.84, 4.11, 4.35, 4.57, 4.81, 5.08, 5.46, 6.26]	P -Trijodityroniini, vapaa	Plasma	Free or unconjugated	2.1.1.1.2.2.1.2	Triiodothyronine.free	Substance Concentration	Point in time (spot)	Plasma	Qn		FALSE
42	p-t3-v		921	100	[3.47, 3.87, 4.08, 4.31, 4.53, 4.77, 5.02, 5.39, 6.24]	P -Trijodityroniini, vapaa	Plasma	Free or unconjugated	2.1.1.1.2.2.1.2	Triiodothyronine.free	Substance Concentration	Point in time (spot)	Plasma	Qn		FALSE
42	p-t4-v	pmol/l	1108128	0.01	[11.98, 13.02, 13.95, 14.63, 15.23, 16.03, 16.92, 17.94, 19.56]	P -Tyroksiini, vapaa	Plasma	Free or unconjugated	2.1.1.1.2.2.1.2	Thyroxine.free	Substance Concentration	Point in time (spot)	Plasma	Qn		FALSE
42	p-t4-v		19446	100	[12, 13.8, 14.44, 15.06, 16, 16.21, 16.99, 17.6, 19]	P -Tyroksiini, vapaa	Plasma	Free or unconjugated	2.1.1.1.2.2.1.2	Thyroxine.free	Substance Concentration	Point in time (spot)	Plasma	Qn		FALSE
42	p-t4v	pmol/l	110881	0	[12.73, 13.79, 14.57, 15.27, 15.96, 16.68, 17.48, 18.48, 19.99]		Plasma		2.1.1.1.2.2.1.2	Thyroxine.free	Substance Concentration	Point in time (spot)	Plasma	Qn		FALSE
42	p-t4v		4743	100	[12.19, 13.39, 14.21, 14.93, 15.61, 16.33, 17.17, 18.29, 20.03]		Plasma		2.1.1.1.2.2.1.2	Thyroxine.free	Substance Concentration	Point in time (spot)	Plasma	Qn		FALSE
42	p-tfr	mg/l	188406	0.02	[0.81, 1.28, 2.05, 2.5, 2.87, 3.3, 3.83, 4.64, 6.21]	P -Transferriinireseptori, liukoinen	Plasma		2.1.1.1.2.2.1.2	Transferrin receptor.soluble	Mass Concentration	Point in time (spot)	Plasma	Qn		FALSE
42	p-tfr		15951	100	[2.12, 2.53, 2.87, 3.21, 3.63, 4.15, 4.81, 5.75, 7.59]	P -Transferriinireseptori, liukoinen	Plasma		2.1.1.1.2.2.1.2	Transferrin receptor.soluble	Mass Concentration	Point in time (spot)	Plasma	Qn		FALSE
42	p-tni	ng/l	220095	0	[4, 5.13, 7.13, 10.22, 15.11, 24.46, 46.82, 122.37, 829.48]	P -Troponiini I	Plasma		2.1.1.1.2.2.1.2	Troponin I	Mass Concentration	Point in time (spot)	Plasma	Qn		FALSE
42	p-tni	ug/l	25579	0	[0.01, 0.01, 0.02, 0.02, 0.03, 0.05, 0.08, 0.16, 0.78]	P -Troponiini I	Plasma		2.1.1.1.2.2.1.2	Troponin I	Mass Concentration	Point in time (spot)	Plasma	Qn		FALSE
42	p-tni		70910	100	[0.05, 0.22, 2.89, 4.65, 7.45, 12.28, 24.91, 48.92, 145.81]	P -Troponiini I	Plasma		2.1.1.1.2.2.1.2	Troponin I	Mass Concentration	Point in time (spot)	Plasma	Qn		FALSE
42	p-tni.	ng/l	6	0			Plasma		2.1.1.1.2.2.1.2	Troponin I	Mass Concentration	Point in time (spot)	Plasma	Qn		FALSE
42	p-tni.	ug/l	155	0	[0, 0, 0, 0, 0, 0, 0.01, 0.02, 0.06]		Plasma		2.1.1.1.2.2.1.2	Troponin I	Mass Concentration	Point in time (spot)	Plasma	Qn		FALSE
42	p-tni.		28	100			Plasma		2.1.1.1.2.2.1.2	Troponin I		Point in time (spot)	Plasma			FALSE
42	p-tnih	ng/l	1974	0	[4, 5.78, 7.89, 10.8, 16.52, 27.69, 54.92, 168.16, 1593.63]		Plasma		2.1.1.1.2.2.1.2	Troponin I	Mass Concentration	Point in time (spot)	Plasma	Qn	Immunoassay	FALSE
42	p-tnih		440	100			Plasma		2.1.1.1.2.2.1.2	Troponin I		Point in time (spot)	Plasma			FALSE
42	p-tnl	ng/l	124	0	[3, 4, 5.16, 7, 10, 12.72, 29.97, 89.8, 240.6]		Plasma		2.1.1.1.2.2.1.2	Troponin I	Mass Concentration	Point in time (spot)	Plasma	Qn		FALSE
42	p-tnl	ug/l	179	0	[0, 0, 0, 0, 0, 0.01, 0.01, 0.02, 0.05]		Plasma		2.1.1.1.2.2.1.2	Troponin I	Mass Concentration	Point in time (spot)	Plasma	Qn		FALSE
42	p-tnl		36	100			Plasma		2.1.1.1.2.2.1.2	Troponin I		Point in time (spot)	Plasma			FALSE
42	p-tnt	ng/l	437584	0.96	[6.97, 9.13, 11.78, 15.03, 19.12, 24.8, 33.92, 51.22, 106.22]	P -Troponiini T	Plasma		2.1.1.1.2.2.1.2	Troponin T	Mass Concentration	Point in time (spot)	Plasma	Qn		FALSE
42	p-tnt	ug/l	76	0		P -Troponiini T	Plasma		2.1.1.1.2.2.1.2	Troponin T	Mass Concentration	Point in time (spot)	Plasma	Qn		FALSE
42	p-tnt		80220	100	[6.97, 8.93, 11.46, 14.61, 18.09, 22.79, 29.94, 42.37, 74.82]	P -Troponiini T	Plasma		2.1.1.1.2.2.1.2	Troponin T	Mass Concentration	Point in time (spot)	Plasma	Qn		FALSE
42	p-tt	%	472003	0.01	[50.44, 65.04, 74.28, 81.62, 88.26, 94.73, 101.62, 109.77, 121.26]	P -Tromboplastiiniaika	Plasma		2.1.1.1.2.2.1.2	Prothrombin	Arbitrary Concentration	Point in time (spot)	Platelet poor plasma	Qn	Coagulation assay	FALSE
42	p-tt	form	20	0		P -Tromboplastiiniaika	Plasma		2.1.1.1.2.2.1.2	Prothrombin		Point in time (spot)	Platelet poor plasma	Nar		FALSE
42	p-tt		4462	100	[41.42, 56.72, 66.85, 77.09, 85.82, 93.79, 102.07, 112.01, 126.16]	P -Tromboplastiiniaika	Plasma		2.1.1.1.2.2.1.2	Prothrombin	Arbitrary Concentration	Point in time (spot)	Platelet poor plasma	Qn	Coagulation assay	FALSE
42	p-tt-	%	1432	0	[60.12, 72.07, 78.16, 83.25, 88.78, 95.39, 102.35, 111.94, 122.43]		Plasma		2.1.1.1.2.2.1.2	Prothrombin	Arbitrary Concentration	Point in time (spot)	Platelet poor plasma	Qn	Coagulation assay	FALSE
42	p-tt-		29	96.55			Plasma		2.1.1.1.2.2.1.2	Prothrombin		Point in time (spot)	Platelet poor plasma	Nar		FALSE
42	p-tt.	%	5628	0	[63.13, 78.7, 87.12, 93.57, 99.77, 105.67, 112.42, 119.67, 130.89]		Plasma		2.1.1.1.2.2.1.2	Prothrombin	Arbitrary Concentration	Point in time (spot)	Platelet poor plasma	Qn	Coagulation assay	FALSE
42	p-tt.		328	31.4	[48, 79.63, 90.12, 98.65, 107.18, 114.33, 121.82, 130.4, 140]		Plasma		2.1.1.1.2.2.1.2	Prothrombin	Arbitrary Concentration	Point in time (spot)	Platelet poor plasma	Qn	Coagulation assay	FALSE
42	p-ttr	%	1114	0	[50.89, 61.27, 67.88, 73.89, 78.52, 83.07, 89.29, 95.08, 100]		Plasma		2.1.1.1.2.2.1.2	Prothrombin	Arbitrary Concentration	Point in time (spot)	Platelet poor plasma	Qn	Coagulation assay	FALSE
42	p-ttr		89	89.89			Plasma		2.1.1.1.2.2.1.2	Prothrombin		Point in time (spot)	Platelet poor plasma	Nar		FALSE
42	pdgfr		461	100					2.1.1.1.2.2.1.2	Platelet-derived growth factor receptor						FALSE
42	peak	l/min	12	0					2.1.1.1.2.2.1.2	Peak expiratory flow	Volume Rate	Point in time (spot)	^Patient	Qn		FALSE
42	peak		104	100					2.1.1.1.2.2.1.2	Peak expiratory flow		Point in time (spot)	^Patient			FALSE
42	pef-pa		7844	99.92		Uloshengityksen huippuvirtaus, sarjamittaus, pitkäaikaisseuranta		Long-term / prolonged	2.1.1.1.2.2.1.2							TRUE
42	pef-ras		242	100		Uloshengityksen huippuvirtaus, sarjamittaus, rasituskoe			2.1.1.1.2.2.1.2							TRUE
42	pf-ace	u/l	313	3.19	[6.4, 10.22, 12.78, 15.45, 17.82, 19.96, 24.1, 28.83, 37.4]	Pf-Angiotensiini-1-konvertaasi	Pleural fluid		2.1.1.1.2.2.1.2	Angiotensin converting enzyme	Catalytic Concentration	Point in time (spot)	Pleural fluid	Qn		FALSE
42	pf-ace		161	98.14		Pf-Angiotensiini-1-konvertaasi	Pleural fluid		2.1.1.1.2.2.1.2	Angiotensin converting enzyme		Point in time (spot)	Pleural fluid	Nar		FALSE
42	pf-ada	u/l	3550	0.14	[3.68, 5.14, 6.78, 8.01, 9.46, 11.17, 13.55, 17.33, 25.48]	Pf-Adenosiinideaminaasi	Pleural fluid		2.1.1.1.2.2.1.2	Adenosine deaminase	Catalytic Concentration	Point in time (spot)	Pleural fluid	Qn		FALSE
42	pf-ada		365	90.96		Pf-Adenosiinideaminaasi	Pleural fluid		2.1.1.1.2.2.1.2	Adenosine deaminase		Point in time (spot)	Pleural fluid	Nar		FALSE
42	pneag		244	100					2.1.1.1.2.2.1.2							FALSE
42	s-na	mmol/l	124118	0	[137.36, 138.84, 139.01, 140, 140.14, 141, 141.38, 142, 143]	S -Natrium	Serum	Native preparation	2.1.1.1.2.2.1.2	Sodium	Substance Concentration	Point in time (spot)	Serum	Qn		FALSE
42	s-na	mol/l	5	0		S -Natrium	Serum	Native preparation	2.1.1.1.2.2.1.2	Sodium	Substance Concentration	Point in time (spot)	Serum	Qn		FALSE
42	s-na		931	67.35	[137.2, 138, 139, 139, 140, 140, 141, 141, 142.37]	S -Natrium	Serum	Native preparation	2.1.1.1.2.2.1.2	Sodium	Substance Concentration	Point in time (spot)	Serum	Qn		FALSE
42	s-t3-v	pmol/l	18657	0	[3.72, 4.06, 4.3, 4.5, 4.69, 4.9, 5.13, 5.43, 6.06]	S -Trijodityroniini, vapaa	Serum	Free or unconjugated	2.1.1.1.2.2.1.2	Triiodothyronine.free	Substance Concentration	Point in time (spot)	Serum	Qn		FALSE
42	s-t3-v		1623	51.2	[3.55, 3.8, 4.02, 4.22, 4.41, 4.6, 4.85, 5.16, 5.82]	S -Trijodityroniini, vapaa	Serum	Free or unconjugated	2.1.1.1.2.2.1.2	Triiodothyronine.free	Substance Concentration	Point in time (spot)	Serum	Qn		FALSE
42	s-t4-v	pmol/l	252259	0	[11.09, 12, 12.88, 13.14, 13.97, 14.48, 15.15, 16.1, 17.48]	S -Tyroksiini, vapaa	Serum	Free or unconjugated	2.1.1.1.2.2.1.2	Thyroxine.free	Substance Concentration	Point in time (spot)	Serum	Qn		FALSE
42	s-t4-v		9900	100	[12.03, 12.98, 13.72, 14.35, 14.94, 15.68, 16.39, 17.25, 18.59]	S -Tyroksiini, vapaa	Serum	Free or unconjugated	2.1.1.1.2.2.1.2	Thyroxine.free	Substance Concentration	Point in time (spot)	Serum	Qn		FALSE
42	s-t4v	pmol/l	1086	0	[12.85, 13, 14, 14.52, 15, 15.93, 16, 17, 18]		Serum		2.1.1.1.2.2.1.2	Thyroxine.free	Substance Concentration	Point in time (spot)	Serum	Qn		FALSE
42	s-tfr	mg	7	0		S -Transferriinireseptori, liukoinen	Serum		2.1.1.1.2.2.1.2	Transferrin receptor.soluble		Point in time (spot)	Serum	Qn		FALSE
42	s-tfr	mg/l	77760	0	[1, 1.22, 1.5, 1.89, 2.35, 2.8, 3.34, 4.1, 5.59]	S -Transferriinireseptori, liukoinen	Serum		2.1.1.1.2.2.1.2	Transferrin receptor.soluble	Mass Concentration	Point in time (spot)	Serum	Qn		FALSE
42	s-tfr		1379	100	[1.84, 2.22, 2.62, 3.08, 3.57, 4.23, 5.1, 6.26, 8.15]	S -Transferriinireseptori, liukoinen	Serum		2.1.1.1.2.2.1.2	Transferrin receptor.soluble	Mass Concentration	Point in time (spot)	Serum	Qn		FALSE
42	s-tnf	ng/l	100	0	[4.65, 5.4, 6.33, 7.11, 7.81, 8.85, 10.5, 13.2, 23.25]	S -Tuumorinekroositekijä, alfa	Serum		2.1.1.1.2.2.1.2	Tumor necrosis factor alpha	Mass Concentration	Point in time (spot)	Serum	Qn		FALSE
42	s-tnf		50	74		S -Tuumorinekroositekijä, alfa	Serum		2.1.1.1.2.2.1.2	Tumor necrosis factor alpha		Point in time (spot)	Serum	Nar		FALSE
42	s-tni	ng/l	63	0	[2.98, 3.29, 4.36, 4.96, 6.38, 8.72, 14.54, 33, 54.53]	S -Troponiini I	Serum		2.1.1.1.2.2.1.2	Troponin I	Mass Concentration	Point in time (spot)	Serum	Qn		FALSE
42	s-tni	ug/l	11	0		S -Troponiini I	Serum		2.1.1.1.2.2.1.2	Troponin I	Mass Concentration	Point in time (spot)	Serum	Qn		FALSE
42	s-tni		171	100		S -Troponiini I	Serum		2.1.1.1.2.2.1.2	Troponin I		Point in time (spot)	Serum			FALSE
42	s-tnt	ng/l	149	0	[40, 42, 45.21, 51.23, 64.69, 87.1, 139.39, 201.81, 358.2]	S -Troponiini T	Serum		2.1.1.1.2.2.1.2	Troponin T	Mass Concentration	Point in time (spot)	Serum	Qn		FALSE
42	s-tnt		7446	99.38		S -Troponiini T	Serum		2.1.1.1.2.2.1.2	Troponin T		Point in time (spot)	Serum	Nar		FALSE
42	s-tob	mg/l	805	0.99	[0.29, 0.5, 0.61, 0.8, 1.01, 1.26, 1.54, 1.91, 3.02]	S -Tobramysiini	Serum		2.1.1.1.2.2.1.2	Tobramycin	Mass Concentration	Point in time (spot)	Serum	Qn		FALSE
42	s-tob		560	81.96		S -Tobramysiini	Serum		2.1.1.1.2.2.1.2	Tobramycin		Point in time (spot)	Serum	Nar		FALSE
42	sp-pak		196	100			Sperm / semen		2.1.1.1.2.2.1.2							TRUE
42	sp-pakd		138	100			Sperm / semen		2.1.1.1.2.2.1.2							TRUE
42	u-na	mmol/l	8969	1.33	[24.74, 32.42, 40.4, 48.4, 57.53, 68.16, 81.75, 99.14, 129.68]	U -Natrium	Urine	Native preparation	2.1.1.1.2.2.1.2	Sodium	Substance Concentration	Point in time (spot)	Urine	Qn		FALSE
42	u-na		2662	76.37	[27.27, 35.54, 43.11, 51.43, 60.05, 68.34, 78.15, 92.47, 111.65]	U -Natrium	Urine	Native preparation	2.1.1.1.2.2.1.2	Sodium	Substance Concentration	Point in time (spot)	Urine	Qn		FALSE
42	v-na		265	0.75	[130.22, 134.26, 135.98, 137.59, 138.5, 139.03, 140, 141, 142]			Native preparation	2.1.1.1.2.2.1.2	Sodium	Substance Concentration	Point in time (spot)	Blood venous	Qn		FALSE
42	vp-na	mmol/l	10896	0	[132.84, 135.34, 136.96, 137.97, 138.99, 139.84, 140.33, 141.08, 142.49]			Native preparation	2.1.1.1.2.2.1.2	Sodium	Substance Concentration	Point in time (spot)	Plasma venous	Qn		FALSE
42	vp-na		174	98.28				Native preparation	2.1.1.1.2.2.1.2	Sodium		Point in time (spot)	Plasma venous			FALSE
43	-ana	titre	21	14.29		-Tuma, vasta-aineet			2.1.1.1.2.2.2.1	Nuclear Ab	Titer	Point in time (spot)		Qn	Immunofluorescence (IF)	FALSE
43	-ana		169	100		-Tuma, vasta-aineet			2.1.1.1.2.2.2.1	Nuclear Ab	Presence or Threshold	Point in time (spot)		Ord	Immunofluorescence (IF)	FALSE
43	am-epo	iu/l	76	0		Am-Erytropoietiini	Amniotic fluid		2.1.1.1.2.2.2.1	Erythropoietin	Arbitrary Concentration	Point in time (spot)	Amniotic fluid	Qn		FALSE
43	am-epo	u/l	267	0.75	[2.67, 3.48, 4.24, 4.97, 5.92, 7.13, 8.38, 10.84, 21.7]	Am-Erytropoietiini	Amniotic fluid		2.1.1.1.2.2.2.1	Erythropoietin	Arbitrary Concentration	Point in time (spot)	Amniotic fluid	Qn		FALSE
43	am-epo		31	45.16		Am-Erytropoietiini	Amniotic fluid		2.1.1.1.2.2.2.1	Erythropoietin	Presence or Threshold	Point in time (spot)	Amniotic fluid	Ord		FALSE
43	b-adp	auc	28	0			Blood		2.1.1.1.2.2.2.1	Platelet aggregation.ADP induced	Arbitrary Concentration	Point in time (spot)	Blood	Qn	Platelet aggregation	FALSE
43	b-adp		340	100			Blood		2.1.1.1.2.2.2.1	Platelet aggregation.ADP induced	Finding	Point in time (spot)	Blood	Nar	Platelet aggregation	FALSE
43	b-aspi	auc	28	0			Blood		2.1.1.1.2.2.2.1	Platelet aggregation.Arachidonic acid induced	Arbitrary Concentration	Point in time (spot)	Blood	Qn	Platelet aggregation	FALSE
43	b-aspi		340	100			Blood		2.1.1.1.2.2.2.1	Platelet aggregation.Arachidonic acid induced	Finding	Point in time (spot)	Blood	Nar	Platelet aggregation	FALSE
43	b-vasp	%	165	0	[15.56, 23.85, 29.41, 35.04, 41.24, 50.14, 56.77, 61.91, 75.84]		Blood		2.1.1.1.2.2.2.1	Vasodilator-stimulated phosphoprotein	Mass Fraction	Point in time (spot)	Blood	Qn	Flow cytometry (FC)	FALSE
43	b-vasp		67	61.19			Blood		2.1.1.1.2.2.2.1	Vasodilator-stimulated phosphoprotein	Presence or Threshold	Point in time (spot)	Blood	Ord	Flow cytometry (FC)	FALSE
43	du-5hiaa	umol	332	1.51	[14.87, 17.89, 19.97, 21.96, 24, 26.85, 29.92, 35.9, 54.08]	dU-Hydroksi-indolyyliasetaatti (5-)	24-hour urine		2.1.1.1.2.2.2.1	5-Hydroxyindoleacetic acid	Substance Rate	24 hours	Urine	Qn		FALSE
43	du-5hiaa	umol/24h	175	0	[13.31, 17.22, 20.27, 23.53, 25.81, 31.1, 37.11, 45.94, 66.13]	dU-Hydroksi-indolyyliasetaatti (5-)	24-hour urine		2.1.1.1.2.2.2.1	5-Hydroxyindoleacetic acid	Substance Rate	24 hours	Urine	Qn		FALSE
43	du-5hiaa	umol/l	25	0		dU-Hydroksi-indolyyliasetaatti (5-)	24-hour urine		2.1.1.1.2.2.2.1	5-Hydroxyindoleacetic acid	Substance Concentration	24 hours	Urine	Qn		FALSE
43	du-5hiaa		147	66.67		dU-Hydroksi-indolyyliasetaatti (5-)	24-hour urine		2.1.1.1.2.2.2.1	5-Hydroxyindoleacetic acid	Presence or Threshold	24 hours	Urine	Ord		FALSE
43	fs-ace	u/l	33401	0.05	[20.1, 26.68, 31.86, 36.8, 41.71, 47.15, 53.87, 62.77, 76.91]	fS-Angiotensiini-1-konvertaasi	Fasting serum		2.1.1.1.2.2.2.1	Angiotensin converting enzyme	Catalytic Concentration	Point in time (spot)	Serum	Qn		FALSE
43	fs-ace		3291	89.58	[11.62, 22.24, 28.9, 33.73, 39.48, 44.52, 50.34, 61.92, 75.37]	fS-Angiotensiini-1-konvertaasi	Fasting serum		2.1.1.1.2.2.2.1	Angiotensin converting enzyme	Presence or Threshold	Point in time (spot)	Serum	Ord		FALSE
43	fs-apot		258	100			Fasting serum		2.1.1.1.2.2.2.1	Apolipoprotein		Point in time (spot)	Serum			FALSE
43	fs-ffa	mmol/l	170	0.59	[0.17, 0.25, 0.3, 0.38, 0.42, 0.5, 0.56, 0.69, 0.91]	fS-Rasvahapot, vapaat	Fasting serum		2.1.1.1.2.2.2.1	Fatty acids.free	Substance Concentration	Point in time (spot)	Serum	Qn		FALSE
43	fs-ffa		19	36.84		fS-Rasvahapot, vapaat	Fasting serum		2.1.1.1.2.2.2.1	Fatty acids.free	Presence or Threshold	Point in time (spot)	Serum	Ord		FALSE
43	fs-tp-1		1698	100			Fasting serum		2.1.1.1.2.2.2.1			Point in time (spot)	Serum			FALSE
43	fs-tp-3		867	100			Fasting serum		2.1.1.1.2.2.2.1			Point in time (spot)	Serum			FALSE
43	fs-tp-4		926	100			Fasting serum		2.1.1.1.2.2.2.1			Point in time (spot)	Serum			FALSE
43	fs-tp-7		400	100			Fasting serum		2.1.1.1.2.2.2.1			Point in time (spot)	Serum			FALSE
43	li-tpha	titre	12	0		Li-Treponema pallidum, hemagglutinaatio	Cerebrospinal fluid		2.1.1.1.2.2.2.1	Treponema pallidum Ab	Titer	Point in time (spot)	Cerebral spinal fluid	Qn	Hemagglutination	FALSE
43	li-tpha		526	100		Li-Treponema pallidum, hemagglutinaatio	Cerebrospinal fluid		2.1.1.1.2.2.2.1	Treponema pallidum Ab	Presence or Threshold	Point in time (spot)	Cerebral spinal fluid	Ord	Hemagglutination	FALSE
43	p-hae		461	100			Plasma		2.1.1.1.2.2.2.1			Point in time (spot)	Plasma			FALSE
43	p-hcg	iu/l	858	0	[3.54, 10.48, 27.87, 72.06, 203.74, 526.1, 1525.11, 5507.31, 17831.23]	P -Koriongonadotropiini	Plasma		2.1.1.1.2.2.2.1	Chorionic gonadotropin	Arbitrary Concentration	Point in time (spot)	Plasma	Qn		FALSE
43	p-hcg	u/l	13156	11.71	[0, 1.5, 5.06, 22.75, 97.57, 335.38, 1102.09, 3696.05, 18876.19]	P -Koriongonadotropiini	Plasma		2.1.1.1.2.2.2.1	Chorionic gonadotropin	Arbitrary Concentration	Point in time (spot)	Plasma	Qn		FALSE
43	p-hcg		15471	94.78	[2.42, 12.44, 35.69, 103.11, 288.41, 866.82, 2866.35, 7636.68, 32545.17]	P -Koriongonadotropiini	Plasma		2.1.1.1.2.2.2.1	Chorionic gonadotropin	Presence or Threshold	Point in time (spot)	Plasma	Ord		FALSE
43	p-he4	pmol/l	2505	0.12	[38.55, 42.76, 46.82, 51.17, 55.95, 62.75, 72.7, 92.45, 146.15]	P -Epididymaalinen antigeeni 4 (HE4)	Plasma		2.1.1.1.2.2.2.1	HE4 Ag	Substance Concentration	Point in time (spot)	Plasma	Qn		FALSE
43	p-he4		6	100		P -Epididymaalinen antigeeni 4 (HE4)	Plasma		2.1.1.1.2.2.2.1	HE4 Ag	Presence or Threshold	Point in time (spot)	Plasma	Ord		FALSE
43	p-hepg		107	100			Plasma		2.1.1.1.2.2.2.1			Point in time (spot)	Plasma			FALSE
43	p-hok		397	100			Plasma		2.1.1.1.2.2.2.1			Point in time (spot)	Plasma			FALSE
43	p-shbg	nmol/l	791	0	[18.37, 23.23, 26.61, 30.13, 34.18, 38.05, 43.25, 50.43, 63.9]		Plasma		2.1.1.1.2.2.2.1	Sex hormone binding globulin	Substance Concentration	Point in time (spot)	Plasma	Qn		FALSE
43	p-shbg		758	4.09	[17.37, 21.68, 26.35, 30.87, 35.48, 41.39, 46.88, 56, 72.07]		Plasma		2.1.1.1.2.2.2.1	Sex hormone binding globulin	Substance Concentration	Point in time (spot)	Plasma	Qn		FALSE
43	s-5hiaa	nmol/l	10313	0.07	[44.23, 52.73, 60.93, 69.76, 80.1, 94.8, 122.35, 200.37, 540.74]	S-Hydroksi-indolyyliasetaatti (5-)	Serum		2.1.1.1.2.2.2.1	5-Hydroxyindoleacetic acid	Substance Concentration	Point in time (spot)	Serum	Qn		FALSE
43	s-5hiaa		153	79.74		S-Hydroksi-indolyyliasetaatti (5-)	Serum		2.1.1.1.2.2.2.1	5-Hydroxyindoleacetic acid	Presence or Threshold	Point in time (spot)	Serum	Ord		FALSE
43	s-ace	u/l	2203	0.18	[19.48, 28.37, 33.74, 38.42, 43.02, 48.21, 54.09, 61.63, 75.23]		Serum		2.1.1.1.2.2.2.1	Angiotensin converting enzyme	Catalytic Concentration	Point in time (spot)	Serum	Qn		FALSE
43	s-ace		769	20.68	[21.02, 30.36, 34.97, 38.52, 42.83, 46.55, 51.62, 57.68, 65.53]		Serum		2.1.1.1.2.2.2.1	Angiotensin converting enzyme	Catalytic Concentration	Point in time (spot)	Serum	Qn		FALSE
43	s-ada	u/l	4147	1.33	[7, 8.05, 9.23, 10.37, 11.69, 12.94, 14.77, 17.12, 21.32]	S -Adenosiinideaminaasi	Serum		2.1.1.1.2.2.2.1	Adenosine deaminase	Catalytic Concentration	Point in time (spot)	Serum	Qn		FALSE
43	s-ada		259	84.56		S -Adenosiinideaminaasi	Serum		2.1.1.1.2.2.2.1	Adenosine deaminase	Presence or Threshold	Point in time (spot)	Serum	Ord		FALSE
43	s-afp	u/ml	18186	1.26	[1.8, 2.08, 2.61, 3.01, 3.6, 4.33, 5.57, 7.77, 24.79]	S -Alfa-1-fetoproteiini	Serum		2.1.1.1.2.2.2.1	Alpha-fetoprotein	Arbitrary Concentration	Point in time (spot)	Serum	Qn		FALSE
43	s-afp	ug/l	2515	0	[2, 2.23, 3, 3.96, 4.22, 5.38, 6.93, 9.7, 20.37]	S -Alfa-1-fetoproteiini	Serum		2.1.1.1.2.2.2.1	Alpha-fetoprotein	Mass Concentration	Point in time (spot)	Serum	Qn		FALSE
43	s-afp		4026	80.55	[2, 2.01, 3, 3, 3.99, 4, 5, 6.41, 9.69]	S -Alfa-1-fetoproteiini	Serum		2.1.1.1.2.2.2.1	Alpha-fetoprotein	Presence or Threshold	Point in time (spot)	Serum	Ord		FALSE
43	s-afp/d	u/ml	234	0	[15.11, 17.44, 19.7, 22.07, 23.9, 26.33, 29.33, 33.17, 39.24]		Serum		2.1.1.1.2.2.2.1	Alpha-fetoprotein	Arbitrary Concentration	Point in time (spot)	Serum	Qn		FALSE
43	s-afp/d		49	12.24			Serum		2.1.1.1.2.2.2.1	Alpha-fetoprotein	Presence or Threshold	Point in time (spot)	Serum	Ord		FALSE
43	s-amh	ug/l	9545	0.43	[0.42, 0.85, 1.31, 1.75, 2.24, 2.87, 3.63, 4.76, 7.13]	S -Anti-Muller hormoni	Serum		2.1.1.1.2.2.2.1	Anti-Mullerian hormone	Mass Concentration	Point in time (spot)	Serum	Qn		FALSE
43	s-amh		1328	93.45	[0.62, 1.11, 1.66, 2.28, 2.8, 3.57, 4.21, 5.32, 7.88]	S -Anti-Muller hormoni	Serum		2.1.1.1.2.2.2.1	Anti-Mullerian hormone	Presence or Threshold	Point in time (spot)	Serum	Ord		FALSE
43	s-ami	mg/l	294	0	[1.3, 1.49, 1.7, 2.28, 2.76, 3.41, 4.52, 6.36, 11.32]	S -Amikasiini	Serum		2.1.1.1.2.2.2.1	Amikacin	Mass Concentration	Point in time (spot)	Serum	Qn		FALSE
43	s-ami		308	95.13		S -Amikasiini	Serum		2.1.1.1.2.2.2.1	Amikacin	Presence or Threshold	Point in time (spot)	Serum	Ord		FALSE
43	s-ana	titre	21493	1.69	[80, 121.94, 160, 299.08, 320, 320, 399.84, 831.19, 1349.55]	S -Tuma, vasta-aineet	Serum		2.1.1.1.2.2.2.1	Nuclear Ab	Titer	Point in time (spot)	Serum	Qn	Immunofluorescence (IF)	FALSE
43	s-ana		62781	100	[80, 160, 320, 320, 320, 320, 640, 762.94, 1891.15]	S -Tuma, vasta-aineet	Serum		2.1.1.1.2.2.2.1	Nuclear Ab pattern	Finding	Point in time (spot)	Serum	Nar	Immunofluorescence (IF)	FALSE
43	s-apot		754	100			Serum		2.1.1.1.2.2.2.1	Apolipoprotein		Point in time (spot)	Serum			FALSE
43	s-asca	u/ml	89	100		S -Saccharomyces cerevisiae, vasta-aineet	Serum		2.1.1.1.2.2.2.1	Saccharomyces cerevisiae Ab	Presence or Threshold	Point in time (spot)	Serum	Ord	Immunoassay	FALSE
43	s-asca		316	100		S -Saccharomyces cerevisiae, vasta-aineet	Serum		2.1.1.1.2.2.2.1	Saccharomyces cerevisiae Ab	Presence or Threshold	Point in time (spot)	Serum	Ord	Immunoassay	FALSE
43	s-ast	iu/ml	2404	0	[49.92, 65.92, 77.55, 92.42, 111.12, 137.94, 173.28, 237.31, 396.71]	S -Antistreptolysiini	Serum		2.1.1.1.2.2.2.1	Streptolysin O Ab	Arbitrary Concentration	Point in time (spot)	Serum	Qn		FALSE
43	s-ast	titre	7	0		S -Antistreptolysiini	Serum		2.1.1.1.2.2.2.1	Streptolysin O Ab	Titer	Point in time (spot)	Serum	Qn		FALSE
43	s-ast	u/ml	408	4.17	[30.71, 40.63, 53.38, 70.53, 94.49, 133.41, 202.61, 384.67, 783.66]	S -Antistreptolysiini	Serum		2.1.1.1.2.2.2.1	Streptolysin O Ab	Arbitrary Concentration	Point in time (spot)	Serum	Qn		FALSE
43	s-ast		2603	94.05	[60.92, 74.22, 90.53, 107.5, 145.19, 198.62, 261.7, 407.28, 740.72]	S -Antistreptolysiini	Serum		2.1.1.1.2.2.2.1	Streptolysin O Ab	Presence or Threshold	Point in time (spot)	Serum	Ord		FALSE
43	s-asta	iu/ml	256	16.41	[2, 2, 2, 2, 3.02, 4, 4.64, 6, 8]	S -Antistafylolysiini	Serum		2.1.1.1.2.2.2.1	Staphylolysin Ab	Arbitrary Concentration	Point in time (spot)	Serum	Qn		FALSE
43	s-asta	u/ml	10	0		S -Antistafylolysiini	Serum		2.1.1.1.2.2.2.1	Staphylolysin Ab	Arbitrary Concentration	Point in time (spot)	Serum	Qn		FALSE
43	s-asta		2266	99.29		S -Antistafylolysiini	Serum		2.1.1.1.2.2.2.1	Staphylolysin Ab	Presence or Threshold	Point in time (spot)	Serum	Ord		FALSE
43	s-br	mmol/l	130	0		S -Bromidi	Serum		2.1.1.1.2.2.2.1	Bromide	Substance Concentration	Point in time (spot)	Serum	Qn		FALSE
43	s-dhea	nmol/l	398	0	[2.68, 4.23, 5.8, 8.33, 11.06, 14.2, 18.42, 22.5, 33.54]	S -Dehydroepiandrosteroni	Serum		2.1.1.1.2.2.2.1	Dehydroepiandrosterone	Substance Concentration	Point in time (spot)	Serum	Qn		FALSE
43	s-dhea		74	68.92		S -Dehydroepiandrosteroni	Serum		2.1.1.1.2.2.2.1	Dehydroepiandrosterone	Presence or Threshold	Point in time (spot)	Serum	Ord		FALSE
43	s-dheas	umol/l	3797	0.03	[1.05, 1.87, 2.83, 3.75, 4.58, 5.54, 6.67, 8.05, 10.29]	S -Dehydroepiandrosteroni, sulfaatti	Serum		2.1.1.1.2.2.2.1	Dehydroepiandrosterone sulfate	Substance Concentration	Point in time (spot)	Serum	Qn		FALSE
43	s-dheas		331	53.47	[1.45, 2.24, 2.88, 3.59, 4.26, 5.13, 5.94, 7.34, 8.82]	S -Dehydroepiandrosteroni, sulfaatti	Serum		2.1.1.1.2.2.2.1	Dehydroepiandrosterone sulfate	Presence or Threshold	Point in time (spot)	Serum	Ord		FALSE
43	s-e1	pmol/l	123	0	[70, 112.9, 136.88, 181.46, 224.33, 282.87, 347.03, 435.1, 621.18]	S -Estroni	Serum		2.1.1.1.2.2.2.1	Estrone	Substance Concentration	Point in time (spot)	Serum	Qn		FALSE
43	s-e1		30	76.67		S -Estroni	Serum		2.1.1.1.2.2.2.1	Estrone	Presence or Threshold	Point in time (spot)	Serum	Ord		FALSE
43	s-e2	nmol/l	10351	2.69	[0.07, 0.1, 0.13, 0.16, 0.2, 0.27, 0.38, 0.55, 0.99]	S -Estradioli	Serum		2.1.1.1.2.2.2.1	Estradiol	Substance Concentration	Point in time (spot)	Serum	Qn		FALSE
43	s-e2		2381	83.75	[0.06, 0.08, 0.1, 0.12, 0.15, 0.19, 0.25, 0.35, 0.58]	S -Estradioli	Serum		2.1.1.1.2.2.2.1	Estradiol	Presence or Threshold	Point in time (spot)	Serum	Ord		FALSE
43	s-ema		2245	99.96		S -Endomysium, vasta-aineet	Serum		2.1.1.1.2.2.2.1	Endomysial Ab	Presence or Threshold	Point in time (spot)	Serum	Ord	Immunofluorescence (IF)	FALSE
43	s-ena		1469	62.22	[0.1, 0.1, 0.1, 0.19, 0.2, 0.22, 0.3, 0.47, 1.12]		Serum		2.1.1.1.2.2.2.1	Extractable nuclear Ab	Arbitrary Concentration	Point in time (spot)	Serum	Qn	Immunoassay	FALSE
43	s-enal		832	100			Serum		2.1.1.1.2.2.2.1				Serum			TRUE
43	s-epo	iu/l	2353	0.38	[4.95, 7.08, 8.93, 10.78, 12.99, 15.54, 19.77, 28.75, 48.4]	S -Erytropoietiini	Serum		2.1.1.1.2.2.2.1	Erythropoietin	Arbitrary Concentration	Point in time (spot)	Serum	Qn		FALSE
43	s-epo	pmol/l	44	0		S -Erytropoietiini	Serum		2.1.1.1.2.2.2.1	Erythropoietin	Substance Concentration	Point in time (spot)	Serum	Qn		FALSE
43	s-epo	u/l	5380	0	[4.44, 6.44, 8.09, 9.88, 11.93, 14.55, 19.01, 29.55, 62.33]	S -Erytropoietiini	Serum		2.1.1.1.2.2.2.1	Erythropoietin	Arbitrary Concentration	Point in time (spot)	Serum	Qn		FALSE
43	s-epo		1209	20.35	[4.6, 6.64, 8.47, 10.2, 11.81, 13.76, 17.07, 22.59, 40.53]	S -Erytropoietiini	Serum		2.1.1.1.2.2.2.1	Erythropoietin	Arbitrary Concentration	Point in time (spot)	Serum	Qn		FALSE
43	s-ffa	mmol/l	518	0	[0.03, 0.04, 0.07, 0.13, 0.19, 0.28, 0.44, 0.57, 0.75]		Serum		2.1.1.1.2.2.2.1	Fatty acids.free	Substance Concentration	Point in time (spot)	Serum	Qn		FALSE
43	s-gen	mg/l	373	0.54	[0.5, 0.65, 0.75, 0.89, 0.99, 1.17, 1.48, 2.04, 3.94]	S -Gentamysiini	Serum		2.1.1.1.2.2.2.1	Gentamicin	Mass Concentration	Point in time (spot)	Serum	Qn		FALSE
43	s-gen		339	85.55		S -Gentamysiini	Serum		2.1.1.1.2.2.2.1	Gentamicin	Presence or Threshold	Point in time (spot)	Serum	Ord		FALSE
43	s-hae		751	100			Serum		2.1.1.1.2.2.2.1			Point in time (spot)	Serum			FALSE
43	s-hbe		347	100			Serum		2.1.1.1.2.2.2.1	Hepatitis B e Ag	Presence or Threshold	Point in time (spot)	Serum	Ord		FALSE
43	s-hcg	iu/l	2181	0	[2.11, 4.62, 15.8, 53.63, 166.71, 442, 1018.25, 2912.42, 12003.73]	S -Koriongonadotropiini	Serum		2.1.1.1.2.2.2.1	Chorionic gonadotropin	Arbitrary Concentration	Point in time (spot)	Serum	Qn		FALSE
43	s-hcg	u/l	5914	0	[5.67, 20.66, 67.43, 172.44, 366.74, 677.25, 1513.49, 4378.78, 17452.46]	S -Koriongonadotropiini	Serum		2.1.1.1.2.2.2.1	Chorionic gonadotropin	Arbitrary Concentration	Point in time (spot)	Serum	Qn		FALSE
43	s-hcg		16592	96.23	[8.29, 17.67, 40.08, 108.43, 306.84, 912.85, 3181.52, 10206.39, 38671.9]	S -Koriongonadotropiini	Serum		2.1.1.1.2.2.2.1	Chorionic gonadotropin	Presence or Threshold	Point in time (spot)	Serum	Ord		FALSE
43	s-he4	pmol/l	11193	0	[31.87, 37.18, 41.94, 46.96, 53.02, 60.99, 73.42, 98.24, 181.66]	S -Epididymaalinen antigeeni 4 (HE4)	Serum		2.1.1.1.2.2.2.1	HE4 Ag	Substance Concentration	Point in time (spot)	Serum	Qn		FALSE
43	s-he4		420	43.57	[28.77, 32.37, 35.15, 39.84, 42.92, 45.83, 51.37, 61.13, 81.8]	S -Epididymaalinen antigeeni 4 (HE4)	Serum		2.1.1.1.2.2.2.1	HE4 Ag	Substance Concentration	Point in time (spot)	Serum	Qn		FALSE
43	s-kem		1473	100			Serum		2.1.1.1.2.2.2.1			Point in time (spot)	Serum			FALSE
43	s-kyhemag	titre	180	1.67	[8, 11.41, 16, 18.4, 42.5, 146.59, 256, 870.4, 2048]	S -Kylmähemagglutiniinit	Serum		2.1.1.1.2.2.2.1	Cold agglutinin	Titer	Point in time (spot)	Serum	Qn		FALSE
43	s-kyhemag		826	99.39		S -Kylmähemagglutiniinit	Serum		2.1.1.1.2.2.2.1	Cold agglutinin	Presence or Threshold	Point in time (spot)	Serum	Ord		FALSE
43	s-shbg	nmol/l	29338	0	[16.96, 21.37, 25.29, 29.19, 33.26, 37.98, 43.62, 51.6, 65.13]	S -Sukupuolihormoneja sitova globuliini	Serum		2.1.1.1.2.2.2.1	Sex hormone binding globulin	Substance Concentration	Point in time (spot)	Serum	Qn		FALSE
43	s-shbg		614	100	[15.22, 19.74, 24.23, 28.3, 32.4, 37.12, 43.41, 51.5, 64.44]	S -Sukupuolihormoneja sitova globuliini	Serum		2.1.1.1.2.2.2.1	Sex hormone binding globulin	Substance Concentration	Point in time (spot)	Serum	Qn		FALSE
43	s-tati	nmol/l	551	0	[1.3, 1.49, 1.61, 1.81, 2.08, 2.38, 2.74, 3.44, 6.09]	S -Tuumoriin liittyvä trypsiini-inhibiittori	Serum		2.1.1.1.2.2.2.1	Tumor associated trypsin inhibitor	Substance Concentration	Point in time (spot)	Serum	Qn		FALSE
43	s-tati	ug/l	446	0	[6.71, 8.1, 9.03, 9.98, 11, 12.24, 13.98, 16.99, 30.9]	S -Tuumoriin liittyvä trypsiini-inhibiittori	Serum		2.1.1.1.2.2.2.1	Tumor associated trypsin inhibitor	Mass Concentration	Point in time (spot)	Serum	Qn		FALSE
43	s-tati		86	24.42		S -Tuumoriin liittyvä trypsiini-inhibiittori	Serum		2.1.1.1.2.2.2.1	Tumor associated trypsin inhibitor	Presence or Threshold	Point in time (spot)	Serum	Ord		FALSE
43	s-tpha	titre	1665	0	[158.37, 304.61, 391.53, 640, 1034.44, 1338.85, 3168.84, 4985.37, 6432.72]	S -Treponema pallidum, hemagglutinaatio	Serum		2.1.1.1.2.2.2.1	Treponema pallidum Ab	Titer	Point in time (spot)	Serum	Qn	Hemagglutination	FALSE
43	s-tpha		9799	99.67		S -Treponema pallidum, hemagglutinaatio	Serum		2.1.1.1.2.2.2.1	Treponema pallidum Ab	Presence or Threshold	Point in time (spot)	Serum	Ord	Hemagglutination	FALSE
43	s-van	mg/l	36935	0.09	[6.84, 8.59, 9.97, 11.16, 12.39, 13.69, 15.03, 16.85, 19.72]	S -Vankomysiini	Serum		2.1.1.1.2.2.2.1	Vancomycin	Mass Concentration	Point in time (spot)	Serum	Qn		FALSE
43	s-van		1695	100	[7.35, 9.11, 10.49, 11.71, 12.89, 14.15, 15.61, 17.74, 21.29]	S -Vankomysiini	Serum		2.1.1.1.2.2.2.1	Vancomycin	Presence or Threshold	Point in a time (spot)	Serum	Ord		FALSE
43	ts-res		1353	100		Ts-Reseptoritutkimus	Tissue		2.1.1.1.2.2.2.1				Tissue			TRUE
43	u-hcg	iu/l	93	0		U -Koriongonadotropiini	Urine		2.1.1.1.2.2.2.1	Chorionic gonadotropin	Arbitrary Concentration	Point in time (spot)	Urine	Qn		FALSE
43	u-hcg	u/l	15	0		U -Koriongonadotropiini	Urine		2.1.1.1.2.2.2.1	Chorionic gonadotropin	Arbitrary Concentration	Point in time (spot)	Urine	Qn		FALSE
43	u-hcg		227	97.8		U -Koriongonadotropiini	Urine		2.1.1.1.2.2.2.1	Chorionic gonadotropin	Presence or Threshold	Point in time (spot)	Urine	Ord	Test strip	FALSE
44	-bil	umol/l	433	0	[8.08, 11.42, 17.8, 24.81, 35.56, 52.32, 88.15, 166.34, 422.22]	-Bilirubiini			2.1.1.1.2.2.2.2	Bilirubin	Substance Concentration	Point in time (spot)		Qn		FALSE
44	-bil		85	95.29		-Bilirubiini			2.1.1.1.2.2.2.2	Bilirubin	Finding	Point in time (spot)		Nar		FALSE
44	b-bio		4183	100			Blood		2.1.1.1.2.2.2.2				Blood			FALSE
44	b-hg	nmol/l	64	0		B -Elohopea	Blood		2.1.1.1.2.2.2.2	Mercury	Substance Concentration	Point in time (spot)	Blood	Qn		FALSE
44	b-hg		51	94.12		B -Elohopea	Blood		2.1.1.1.2.2.2.2	Mercury	Finding	Point in time (spot)	Blood	Nar		FALSE
44	cb-bil	umol/l	331	0	[11.1, 19.39, 22.31, 26.36, 32.8, 45.69, 98.54, 156.29, 216.28]	cB-Bilirubiini	Capillary blood		2.1.1.1.2.2.2.2	Bilirubin	Substance Concentration	Point in time (spot)	Blood capillary	Qn		FALSE
44	cb-bil		4244	99.98		cB-Bilirubiini	Capillary blood		2.1.1.1.2.2.2.2	Bilirubin	Finding	Point in time (spot)	Blood capillary	Nar		FALSE
44	du-mg	mmol	580	0.17	[2.07, 2.62, 3.11, 3.51, 3.97, 4.42, 4.91, 5.69, 6.98]	dU-Magnesium	24-hour urine		2.1.1.1.2.2.2.2	Magnesium	Substance Content	24 hours	Urine	Qn		FALSE
44	du-mg		154	70.78		dU-Magnesium	24-hour urine		2.1.1.1.2.2.2.2	Magnesium	Finding	24 hours	Urine	Nar		FALSE
44	du-pi	mmol	591	0.17	[14.15, 19.7, 22.95, 26.88, 29.9, 33.43, 38, 43.23, 51.47]	dU-Fosfaatti, epäorgaaninen	24-hour urine		2.1.1.1.2.2.2.2	Phosphate	Substance Content	24 hours	Urine	Qn		FALSE
44	du-pi		118	75.42		dU-Fosfaatti, epäorgaaninen	24-hour urine		2.1.1.1.2.2.2.2	Phosphate	Finding	24 hours	Urine	Nar		FALSE
44	fl-koh		285	100			Vaginal discharge		2.1.1.1.2.2.2.2	Fungus	Presence or Identity	Point in time (spot)	Vaginal fluid	Nom	KOH prep	FALSE
44	fp-bil	umol/l	111	0	[4.98, 6.34, 7.02, 8.69, 9.41, 10.29, 12.14, 15.18, 27.61]		Fasting plasma		2.1.1.1.2.2.2.2	Bilirubin	Substance Concentration	Point in time (spot)	Plasma	Qn		FALSE
44	fp-kol	mmol	7	0		fP-Kolesteroli	Fasting plasma		2.1.1.1.2.2.2.2	Cholesterol	Substance Concentration	Point in time (spot)	Plasma	Qn		FALSE
44	fp-kol	mmol/	7	0		fP-Kolesteroli	Fasting plasma		2.1.1.1.2.2.2.2	Cholesterol	Substance Concentration	Point in time (spot)	Plasma	Qn		FALSE
44	fp-kol	mmol/l	1407523	0	[3.2, 3.63, 3.97, 4.28, 4.58, 4.87, 5.21, 5.6, 6.16]	fP-Kolesteroli	Fasting plasma		2.1.1.1.2.2.2.2	Cholesterol	Substance Concentration	Point in time (spot)	Plasma	Qn		FALSE
44	fp-kol		17406	100	[4.01, 4.31, 4.6, 4.91, 5.19, 5.43, 5.75, 6.21, 6.8]	fP-Kolesteroli	Fasting plasma		2.1.1.1.2.2.2.2	Cholesterol	Finding	Point in time (spot)	Plasma	Nar		FALSE
44	fp-vip	pmol/l	391	1.53	[6.42, 8.54, 9.99, 11.21, 13, 14.7, 16.8, 19.84, 27.89]	fP-Vasoaktiivinen intestinaalinen peptidi	Fasting plasma		2.1.1.1.2.2.2.2	Vasoactive intestinal polypeptide	Substance Concentration	Point in time (spot)	Plasma	Qn		FALSE
44	fp-vip		61	81.97		fP-Vasoaktiivinen intestinaalinen peptidi	Fasting plasma		2.1.1.1.2.2.2.2	Vasoactive intestinal polypeptide	Finding	Point in time (spot)	Plasma	Nar		FALSE
44	fs-kol	mmol/	7	0		fS-Kolesteroli	Fasting serum		2.1.1.1.2.2.2.2	Cholesterol	Substance Concentration	Point in time (spot)	Serum	Qn		FALSE
44	fs-kol	mmol/l	259011	0	[3.71, 4.15, 4.46, 4.76, 5.03, 5.31, 5.59, 5.95, 6.44]	fS-Kolesteroli	Fasting serum		2.1.1.1.2.2.2.2	Cholesterol	Substance Concentration	Point in time (spot)	Serum	Qn		FALSE
44	fs-kol		481	100	[3.95, 4.3, 4.66, 4.92, 5.17, 5.39, 5.64, 6.03, 6.57]	fS-Kolesteroli	Fasting serum		2.1.1.1.2.2.2.2	Cholesterol	Finding	Point in time (spot)	Serum	Nar		FALSE
44	li-bio		161	100			Cerebrospinal fluid		2.1.1.1.2.2.2.2				Cerebral spinal fluid			FALSE
44	mmse		524	94.66					2.1.1.1.2.2.2.2	Mini Mental State Examination	Score	Point in time (spot)	^Patient	Qn		FALSE
44	p-bil	umol/l	1420468	0.09	[5, 6, 7, 8.01, 9.15, 10.92, 12.96, 16.55, 24.99]	P -Bilirubiini	Plasma		2.1.1.1.2.2.2.2	Bilirubin	Substance Concentration	Point in time (spot)	Plasma	Qn		FALSE
44	p-bil		51285	100	[4.75, 5.95, 6.93, 7.97, 9.15, 10.81, 13.1, 17.26, 26.41]	P -Bilirubiini	Plasma		2.1.1.1.2.2.2.2	Bilirubin	Finding	Point in time (spot)	Plasma	Nar		FALSE
44	p-bnp	ng/l	92283	0	[19.9, 36.26, 58.02, 88.41, 132.21, 195.75, 292.04, 465.57, 902.19]	P -Natriureettinen peptidi, B-tyypin (32-)	Plasma		2.1.1.1.2.2.2.2	Natriuretic peptide.B	Mass Concentration	Point in time (spot)	Plasma	Qn		FALSE
44	p-bnp	ng/ml	14	0		P -Natriureettinen peptidi, B-tyypin (32-)	Plasma		2.1.1.1.2.2.2.2	Natriuretic peptide.B	Mass Concentration	Point in time (spot)	Plasma	Qn		FALSE
44	p-bnp		5638	100	[41.88, 71.98, 108.12, 145.12, 193.35, 257.89, 351.05, 510.91, 912.06]	P -Natriureettinen peptidi, B-tyypin (32-)	Plasma		2.1.1.1.2.2.2.2	Natriuretic peptide.B	Finding	Point in time (spot)	Plasma	Nar		FALSE
44	p-fsh	u/l	10309	0	[3.43, 4.83, 5.94, 7.2, 9.39, 15.3, 30.23, 51.8, 73.17]	P -Follikkelia stimuloiva hormoni	Plasma		2.1.1.1.2.2.2.2	Follicle stimulating hormone	Substance Concentration	Point in time (spot)	Plasma	Qn		FALSE
44	p-fsh		155	100	[3.32, 4.57, 5.74, 6.86, 8.5, 12.89, 23.84, 44.5, 70.18]	P -Follikkelia stimuloiva hormoni	Plasma		2.1.1.1.2.2.2.2	Follicle stimulating hormone	Finding	Point in time (spot)	Plasma	Nar		FALSE
44	p-fsl	s	1808	0	[23.6, 25, 25.97, 26.26, 27.2, 28.08, 29.24, 31.3, 34.37]		Plasma		2.1.1.1.2.2.2.2	Fibrinolysis time	Time	Point in time (spot)	Plasma	Qn	Coagulation assay	FALSE
44	p-fsl		86	69.77			Plasma		2.1.1.1.2.2.2.2	Fibrinolysis time	Finding	Point in time (spot)	Plasma	Nar		FALSE
44	p-kol	mmol/l	298985	0	[3.03, 3.42, 3.74, 4.03, 4.33, 4.64, 4.97, 5.37, 5.92]	P -Kolesteroli	Plasma		2.1.1.1.2.2.2.2	Cholesterol	Substance Concentration	Point in time (spot)	Plasma	Qn		FALSE
44	p-kol		2034	100	[3, 3.37, 3.67, 3.97, 4.25, 4.57, 4.92, 5.32, 5.88]	P -Kolesteroli	Plasma		2.1.1.1.2.2.2.2	Cholesterol	Finding	Point in time (spot)	Plasma	Nar		FALSE
44	p-mg	mmol/l	259826	0.04	[0.64, 0.7, 0.74, 0.77, 0.8, 0.83, 0.86, 0.89, 0.95]	P -Magnesium	Plasma		2.1.1.1.2.2.2.2	Magnesium	Substance Concentration	Point in time (spot)	Plasma	Qn		FALSE
44	p-mg		2225	100	[0.64, 0.7, 0.74, 0.78, 0.81, 0.84, 0.86, 0.9, 0.95]	P -Magnesium	Plasma		2.1.1.1.2.2.2.2	Magnesium	Finding	Point in time (spot)	Plasma	Nar		FALSE
44	p-se	umol/l	1087	0.09	[0.86, 1.03, 1.1, 1.19, 1.27, 1.34, 1.41, 1.5, 1.62]	P -Seleeni	Plasma		2.1.1.1.2.2.2.2	Selenium	Substance Concentration	Point in time (spot)	Plasma	Qn		FALSE
44	p-se		55	43.64	[1.17, 1.27, 1.34, 1.4, 1.46, 1.54, 1.63, 1.73, 1.94]	P -Seleeni	Plasma		2.1.1.1.2.2.2.2	Selenium	Finding	Point in time (spot)	Plasma	Nar		FALSE
44	p-tsh	miu/l	32584	0	[0.71, 1.13, 1.46, 1.75, 2.07, 2.43, 2.87, 3.48, 4.57]	P -Tyreotropiini	Plasma		2.1.1.1.2.2.2.2	Thyrotropin	Substance Concentration	Point in time (spot)	Plasma	Qn		FALSE
44	p-tsh	mlu/l	4705	0	[0.58, 1.02, 1.38, 1.7, 2.07, 2.5, 3.01, 3.68, 4.95]	P -Tyreotropiini	Plasma		2.1.1.1.2.2.2.2	Thyrotropin	Substance Concentration	Point in time (spot)	Plasma	Qn		FALSE
44	p-tsh	mu/l	1660849	0.06	[0.53, 0.92, 1.22, 1.5, 1.78, 2.11, 2.53, 3.11, 4.2]	P -Tyreotropiini	Plasma		2.1.1.1.2.2.2.2	Thyrotropin	Substance Concentration	Point in time (spot)	Plasma	Qn		FALSE
44	p-tsh		53377	100	[0.3, 0.81, 1.02, 1.41, 1.64, 1.91, 2.3, 2.66, 3.57]	P -Tyreotropiini	Plasma		2.1.1.1.2.2.2.2	Thyrotropin	Finding	Point in time (spot)	Plasma	Nar		FALSE
44	pf-kol	mmol/l	614	0	[0.64, 0.93, 1.1, 1.3, 1.51, 1.75, 2.03, 2.36, 2.85]	Pf-Kolesteroli	Pleural fluid		2.1.1.1.2.2.2.2	Cholesterol	Substance Concentration	Point in time (spot)	Pleural fluid	Qn		FALSE
44	pf-kol		361	98.06		Pf-Kolesteroli	Pleural fluid		2.1.1.1.2.2.2.2	Cholesterol	Finding	Point in time (spot)	Pleural fluid	Nar		FALSE
44	s-bil	umol/l	15554	0	[5.56, 6.89, 7.91, 8.95, 10.06, 11.55, 13.42, 16.35, 22.65]	S -Bilirubiini	Serum		2.1.1.1.2.2.2.2	Bilirubin	Substance Concentration	Point in time (spot)	Serum	Qn		FALSE
44	s-bil		183	82.51	[5.99, 7.33, 8.34, 9.33, 10.81, 12.14, 14.24, 16.54, 22.13]	S -Bilirubiini	Serum		2.1.1.1.2.2.2.2	Bilirubin	Finding	Point in time (spot)	Serum	Nar		FALSE
44	s-bio		11283	100			Serum		2.1.1.1.2.2.2.2				Serum			FALSE
44	s-biol		508	100			Serum		2.1.1.1.2.2.2.2				Serum			FALSE
44	s-fsh	iu/l	21045	0	[3.26, 4.67, 5.97, 7.58, 10.27, 17.4, 33.37, 51.85, 72.5]	S -Follikkelia stimuloiva hormoni	Serum		2.1.1.1.2.2.2.2	Follicle stimulating hormone	Substance Concentration	Point in time (spot)	Serum	Qn		FALSE
44	s-fsh	u/l	14312	0.62	[3.48, 4.97, 6.16, 7.42, 9.34, 13.61, 26.1, 47.59, 73.43]	S -Follikkelia stimuloiva hormoni	Serum		2.1.1.1.2.2.2.2	Follicle stimulating hormone	Substance Concentration	Point in time (spot)	Serum	Qn		FALSE
44	s-fsh		1106	100	[3.11, 4.58, 5.88, 7.13, 8.92, 13.11, 23.72, 44.2, 70.34]	S -Follikkelia stimuloiva hormoni	Serum		2.1.1.1.2.2.2.2	Follicle stimulating hormone	Finding	Point in time (spot)	Serum	Nar		FALSE
44	s-kol	mg/ml	9	0		S -Kolesteroli	Serum		2.1.1.1.2.2.2.2	Cholesterol	Mass Concentration	Point in time (spot)	Serum	Qn		FALSE
44	s-kol	mmol/l	35285	0	[3.59, 4.01, 4.33, 4.59, 4.85, 5.11, 5.39, 5.71, 6.19]	S -Kolesteroli	Serum		2.1.1.1.2.2.2.2	Cholesterol	Substance Concentration	Point in time (spot)	Serum	Qn		FALSE
44	s-kol		396	89.9		S -Kolesteroli	Serum		2.1.1.1.2.2.2.2	Cholesterol	Finding	Point in time (spot)	Serum	Nar		FALSE
44	s-mg	mmol/l	5982	0	[0.77, 0.81, 0.83, 0.85, 0.87, 0.88, 0.9, 0.92, 0.95]	S -Magnesium	Serum		2.1.1.1.2.2.2.2	Magnesium	Substance Concentration	Point in time (spot)	Serum	Qn		FALSE
44	s-mg		23	69.57	[0.75, 0.78, 0.8, 0.82, 0.83, 0.85, 0.87, 0.89, 0.91]	S -Magnesium	Serum		2.1.1.1.2.2.2.2	Magnesium	Finding	Point in time (spot)	Serum	Nar		FALSE
44	s-nse	ug/l	10085	0.04	[9.38, 10.96, 12, 13.1, 14.43, 16.18, 18.88, 24.33, 45.7]	S -Neuronispesifinen enolaasi	Serum		2.1.1.1.2.2.2.2	Neuron specific enolase	Mass Concentration	Point in time (spot)	Serum	Qn		FALSE
44	s-nse		210	45.24	[8.56, 10, 10.8, 12.01, 14.24, 17, 20.25, 24.5, 29.28]	S -Neuronispesifinen enolaasi	Serum		2.1.1.1.2.2.2.2	Neuron specific enolase	Finding	Point in time (spot)	Serum	Nar		FALSE
44	s-tsh	miu/l	117078	0	[0.56, 0.91, 1.16, 1.39, 1.62, 1.89, 2.23, 2.72, 3.61]	S -Tyreotropiini	Serum		2.1.1.1.2.2.2.2	Thyrotropin	Substance Concentration	Point in time (spot)	Serum	Qn		FALSE
44	s-tsh	mlu/l	113	0	[0.33, 0.69, 1.02, 1.22, 1.42, 1.62, 2, 2.33, 2.93]	S -Tyreotropiini	Serum		2.1.1.1.2.2.2.2	Thyrotropin	Substance Concentration	Point in time (spot)	Serum	Qn		FALSE
44	s-tsh	mu/l	253056	0	[0.62, 0.91, 1.15, 1.36, 1.59, 1.85, 2.18, 2.64, 3.49]	S -Tyreotropiini	Serum		2.1.1.1.2.2.2.2	Thyrotropin	Substance Concentration	Point in time (spot)	Serum	Qn		FALSE
44	s-tsh	u/l	142	0	[0.52, 0.94, 1.22, 1.48, 1.73, 1.98, 2.18, 2.57, 4.01]	S -Tyreotropiini	Serum		2.1.1.1.2.2.2.2	Thyrotropin	Substance Concentration	Point in time (spot)	Serum	Qn		FALSE
44	s-tsh		4491	100	[0.62, 0.91, 1.18, 1.45, 1.66, 1.95, 2.23, 2.72, 3.49]	S -Tyreotropiini	Serum		2.1.1.1.2.2.2.2	Thyrotropin	Finding	Point in time (spot)	Serum	Nar		FALSE
44	se-bil	umol/l	526	1.33	[9.24, 12.96, 16.08, 20.31, 26.93, 38.21, 60.68, 119.92, 333.14]		Secretion		2.1.1.1.2.2.2.2	Bilirubin	Substance Concentration	Point in time (spot)	Secretion	Qn		FALSE
44	se-bil		102	99.02			Secretion		2.1.1.1.2.2.2.2	Bilirubin	Finding	Point in time (spot)	Secretion	Nar		FALSE
44	u-al	umol/l	81	0	[0.1, 0.1, 0.2, 0.2, 0.22, 0.3, 0.4, 0.7, 1.7]	U -Alumiini	Urine		2.1.1.1.2.2.2.2	Aluminum	Substance Concentration	Point in time (spot)	Urine	Qn		FALSE
44	u-al		87	97.7		U -Alumiini	Urine		2.1.1.1.2.2.2.2	Aluminum	Finding	Point in time (spot)	Urine	Nar		FALSE
44	u-amp		158	100			Urine		2.1.1.1.2.2.2.2	Amphetamines	Presence or Threshold	Point in time (spot)	Urine	Ord		FALSE
44	u-as-i	nmol/l	16	0		U -Arseeni, epäorgaaninen	Urine		2.1.1.1.2.2.2.2	Arsenic.inorganic	Substance Concentration	Point in time (spot)	Urine	Qn		FALSE
44	u-as-i	ug/l	20	0		U -Arseeni, epäorgaaninen	Urine		2.1.1.1.2.2.2.2	Arsenic.inorganic	Mass Concentration	Point in time (spot)	Urine	Qn		FALSE
44	u-as-i		107	100		U -Arseeni, epäorgaaninen	Urine		2.1.1.1.2.2.2.2	Arsenic.inorganic	Finding	Point in time (spot)	Urine	Nar		FALSE
44	u-bil		441	100			Urine		2.1.1.1.2.2.2.2	Bilirubin	Presence or Threshold	Point in time (spot)	Urine	Ord	Test strip	FALSE
44	u-bio		2387	100			Urine		2.1.1.1.2.2.2.2				Urine			FALSE
44	u-bup		145	100			Urine		2.1.1.1.2.2.2.2	Buprenorphine	Presence or Threshold	Point in time (spot)	Urine	Ord		FALSE
44	u-bzd		143	100			Urine		2.1.1.1.2.2.2.2	Benzodiazepines	Presence or Threshold	Point in time (spot)	Urine	Ord		FALSE
44	u-cl	mmol/l	200	1.5	[30.37, 49.43, 62.98, 72.55, 86.28, 96.56, 114.04, 135.66, 174.02]	U -Kloridi	Urine	Clearance	2.1.1.1.2.2.2.2	Chloride	Substance Concentration	Point in time (spot)	Urine	Qn		FALSE
44	u-cl		33	72.73		U -Kloridi	Urine	Clearance	2.1.1.1.2.2.2.2	Chloride	Finding	Point in time (spot)	Urine	Nar		FALSE
44	u-dala	umol/l	111	0.9	[5, 8, 10.96, 13.72, 17, 20.55, 23.93, 29.9, 40.27]	U -Delta-aminolevulinaatti	Urine		2.1.1.1.2.2.2.2	Aminolevulinate	Substance Concentration	Point in time (spot)	Urine	Qn		FALSE
44	u-ds4a		461	100			Urine		2.1.1.1.2.2.2.2				Urine			FALSE
44	u-ds5		133	100			Urine		2.1.1.1.2.2.2.2				Urine			FALSE
44	u-ds5b		1156	100			Urine		2.1.1.1.2.2.2.2				Urine			FALSE
44	u-ds6		386	100			Urine		2.1.1.1.2.2.2.2				Urine			FALSE
44	u-ds6a		1325	100			Urine		2.1.1.1.2.2.2.2				Urine			FALSE
44	u-ery		3788	99.71			Urine		2.1.1.1.2.2.2.2	Erythrocytes	Presence or Threshold	Point in time (spot)	Urine	Ord	Test strip	FALSE
44	u-fyl		145	100			Urine		2.1.1.1.2.2.2.2				Urine			FALSE
44	u-hg	nmol/l	108	0		U -Elohopea	Urine		2.1.1.1.2.2.2.2	Mercury	Substance Concentration	Point in time (spot)	Urine	Qn		FALSE
44	u-hg		25	100		U -Elohopea	Urine		2.1.1.1.2.2.2.2	Mercury	Finding	Point in time (spot)	Urine	Nar		FALSE
44	u-i	ug/l	309	0	[44.03, 61.73, 78.06, 96.82, 115.33, 136.79, 163.87, 204.07, 318.14]	U -Jodidi	Urine		2.1.1.1.2.2.2.2	Iodide	Mass Concentration	Point in time (spot)	Urine	Qn		FALSE
44	u-i		18	88.89		U -Jodidi	Urine		2.1.1.1.2.2.2.2	Iodide	Finding	Point in time (spot)	Urine	Nar		FALSE
44	u-inf		51657	100			Urine		2.1.1.1.2.2.2.2				Urine			FALSE
44	u-intp	nmol/mmol	2098	0	[16.36, 22.55, 28.43, 35.25, 42.57, 53.83, 68.67, 92.78, 154.47]	U -Kollageeni I:n aminoterminaalinen telopeptidi	Urine		2.1.1.1.2.2.2.2	Collagen type I N-terminal telopeptide/Creatinine	Substance Ratio	Point in time (spot)	Urine	Qn		FALSE
44	u-intp	nmol/mmolkr	14	0		U -Kollageeni I:n aminoterminaalinen telopeptidi	Urine		2.1.1.1.2.2.2.2	Collagen type I N-terminal telopeptide/Creatinine	Substance Ratio	Point in time (spot)	Urine	Qn		FALSE
44	u-intp	ratio	47	0		U -Kollageeni I:n aminoterminaalinen telopeptidi	Urine		2.1.1.1.2.2.2.2	Collagen type I N-terminal telopeptide/Creatinine	Substance Ratio	Point in time (spot)	Urine	Qn		FALSE
44	u-intp		1030	94.47		U -Kollageeni I:n aminoterminaalinen telopeptidi	Urine		2.1.1.1.2.2.2.2	Collagen type I N-terminal telopeptide	Finding	Point in time (spot)	Urine	Nar		FALSE
44	u-kivi	form	60	100		U -Kivianalyysi	Urine		2.1.1.1.2.2.2.2	Calculus	Finding	Point in time (spot)	Urine	Nar		FALSE
44	u-kivi		1820	100		U -Kivianalyysi	Urine		2.1.1.1.2.2.2.2	Calculus	Finding	Point in time (spot)	Urine	Nar		FALSE
44	u-mg	mmol/l	123	0.81	[0.84, 1.34, 1.62, 1.98, 2.27, 2.78, 3.64, 4.45, 6.45]	U -Magnesium	Urine		2.1.1.1.2.2.2.2	Magnesium	Substance Concentration	Point in time (spot)	Urine	Qn		FALSE
44	u-mg		26	38.46		U -Magnesium	Urine		2.1.1.1.2.2.2.2	Magnesium	Finding	Point in time (spot)	Urine	Nar		FALSE
44	u-mtd		144	100			Urine		2.1.1.1.2.2.2.2	Methadone	Presence or Threshold	Point in time (spot)	Urine	Ord		FALSE
44	u-ni	form	57	0		U -Nikkeli	Urine		2.1.1.1.2.2.2.2	Nickel		Point in time (spot)	Urine			FALSE
44	u-ni	ug/l	65	0		U -Nikkeli	Urine		2.1.1.1.2.2.2.2	Nickel	Mass Concentration	Point in time (spot)	Urine	Qn		FALSE
44	u-ni	umol/l	754	0	[0.01, 0.01, 0.02, 0.02, 0.02, 0.03, 0.03, 0.04, 0.06]	U -Nikkeli	Urine		2.1.1.1.2.2.2.2	Nickel	Substance Concentration	Point in time (spot)	Urine	Qn		FALSE
44	u-ni		323	90.71		U -Nikkeli	Urine		2.1.1.1.2.2.2.2	Nickel	Finding	Point in time (spot)	Urine	Nar		FALSE
44	u-pbg	umol/l	248	1.61	[1, 2, 2, 3, 3.9, 4.42, 5, 6.04, 8.79]	U -Porfobilinogeeni	Urine		2.1.1.1.2.2.2.2	Porphobilinogen	Substance Concentration	Point in time (spot)	Urine	Qn		FALSE
44	u-pbg	umol/mmol	6	0		U -Porfobilinogeeni	Urine		2.1.1.1.2.2.2.2	Porphobilinogen/Creatinine	Substance Ratio	Point in time (spot)	Urine	Qn		FALSE
44	u-pbg		33	51.52		U -Porfobilinogeeni	Urine		2.1.1.1.2.2.2.2	Porphobilinogen	Finding	Point in time (spot)	Urine	Nar		FALSE
44	u-pgb		144	100			Urine		2.1.1.1.2.2.2.2	Pregabalin	Presence or Threshold	Point in time (spot)	Urine	Ord		FALSE
44	u-ph.		24516	1.33	[5, 5.5, 5.5, 5.87, 6, 6.26, 6.5, 6.96, 7.02]		Urine		2.1.1.1.2.2.2.2	pH	Substance Concentration	Point in time (spot)	Urine	Qn		FALSE
44	u-phv		737	0.27	[5, 5.5, 5.5, 5.66, 6, 6, 6.5, 7, 7]		Urine		2.1.1.1.2.2.2.2	pH	Substance Concentration	Point in time (spot)	Urine	Qn		FALSE
44	u-pi	mmol/l	772	0.13	[4.87, 7.61, 10.55, 13.2, 16.31, 20.1, 24.74, 31.17, 40.13]	U -Fosfaatti, epäorgaaninen	Urine		2.1.1.1.2.2.2.2	Phosphate	Substance Concentration	Point in time (spot)	Urine	Qn		FALSE
44	u-pi		84	54.76		U -Fosfaatti, epäorgaaninen	Urine		2.1.1.1.2.2.2.2	Phosphate	Finding	Point in time (spot)	Urine	Nar		FALSE
44	u-pyr	form	7	0		U -Pyrenoli (1)	Urine		2.1.1.1.2.2.2.2	1-Hydroxypyrene		Point in time (spot)	Urine			FALSE
44	u-pyr	ug/l	6	0		U -Pyrenoli (1)	Urine		2.1.1.1.2.2.2.2	1-Hydroxypyrene	Mass Concentration	Point in time (spot)	Urine	Qn		FALSE
44	u-pyr		88	100		U -Pyrenoli (1)	Urine		2.1.1.1.2.2.2.2	1-Hydroxypyrene	Finding	Point in an (spot)	Urine	Nar		FALSE
44	u-sed		2162	99.95			Urine		2.1.1.1.2.2.2.2	Microscopic observation	Finding	Point in time (spot)	Urine sediment	Nar		FALSE
44	u-sg	kg/l	3827	0	[1.01, 1.01, 1.01, 1.01, 1.01, 1.02, 1.02, 1.02, 1.02]		Urine		2.1.1.1.2.2.2.2	Specific gravity	Mass Density	Point in time (spot)	Urine	Qn	Test strip	FALSE
44	u-sg		75	100	[1, 1.01, 1.01, 1.01, 1.01, 1.01, 1.02, 1.02, 1.03]		Urine		2.1.1.1.2.2.2.2	Specific gravity	Finding	Point in time (spot)	Urine	Nar		FALSE
44	u-thc		157	100			Urine		2.1.1.1.2.2.2.2	Tetrahydrocannabinol	Presence or Threshold	Point in time (spot)	Urine	Ord		FALSE
44	u-tml		145	100			Urine		2.1.1.1.2.2.2.2	Tramadol	Presence or Threshold	Point in time (spot)	Urine	Ord		FALSE
44	u-ubg		441	100			Urine		2.1.1.1.2.2.2.2	Urobilinogen	Presence or Threshold	Point in time (spot)	Urine	Ord	Test strip	FALSE
44	us-tsh	mu/l	415	0.72	[3.59, 4.74, 5.45, 6.2, 7.04, 7.92, 9.44, 11.82, 16.59]	uS-Tyreotropiini	Umbilical (blood) serum		2.1.1.1.2.2.2.2	Thyrotropin	Substance Concentration	Point in time (spot)	Serum from umbilical cord blood	Qn		FALSE
44	us-tsh		75	33.33		uS-Tyreotropiini	Umbilical (blood) serum		2.1.1.1.2.2.2.2	Thyrotropin	Finding	Point in time (spot)	Serum from umbilical cord blood	Nar		FALSE
44	vp-dop		154	100		Valtimopaine, dopplermittaus			2.1.1.1.2.2.2.2	Blood pressure	Finding	Point in time (spot)	^Patient	Nar	Doppler	FALSE
51	-adenag		1964	100		-Adenovirus, antigeeni			2.1.2.1.2.1.1.2	Adenovirus antigen	Presence or Threshold	Point in time (spot)		Ord		FALSE
51	-bokaag		187	100					2.1.2.1.2.1.1.2	Human bocavirus antigen	Presence or Threshold	Point in time (spot)		Ord		FALSE
51	-coinrsv		2490	100					2.1.2.1.2.1.1.2	Respiratory syncytial virus	Presence or Threshold	Point in time (spot)		Ord		FALSE
51	-inabrsv		19142	100					2.1.2.1.2.1.1.2							TRUE
51	-infaag		10730	100		-Influenssa A -virus, antigeeni			2.1.2.1.2.1.1.2	Influenza virus A antigen	Presence or Threshold	Point in time (spot)		Ord		FALSE
51	-infabag		15107	100		-Influenssa A ja B -virus, antigeeni			2.1.2.1.2.1.1.2							TRUE
51	-infabnh		961	100					2.1.2.1.2.1.1.2							TRUE
51	-infah03		227	100					2.1.2.1.2.1.1.2	Influenza virus A H3	Presence or Threshold	Point in time (spot)		Ord		FALSE
51	-infah09		488	100					2.1.2.1.2.1.1.2	Influenza virus A H1N1-2009	Presence or Threshold	Point in time (spot)		Ord		FALSE
51	-infah1		480	100					2.1.2.1.2.1.1.2	Influenza virus A H1	Presence or Threshold	Point in time (spot)		Ord		FALSE
51	-infah3		261	100					2.1.2.1.2.1.1.2	Influenza virus A H3	Presence or Threshold	Point in time (spot)		Ord		FALSE
51	-infavt		1271	100					2.1.2.1.2.1.1.2							TRUE
51	-infbag		10722	100		-Influenssa B -virus, antigeeni			2.1.2.1.2.1.1.2	Influenza virus B antigen	Presence or Threshold	Point in time (spot)		Ord		FALSE
51	-infbvt		1271	100					2.1.2.1.2.1.1.2	Influenza virus B	Presence or Identity	Point in time (spot)		Nom		FALSE
51	-infl.a		220	100					2.1.2.1.2.1.1.2	Influenza virus A	Presence or Threshold	Point in time (spot)		Ord		FALSE
51	-infl.b		220	100					2.1.2.1.2.1.1.2	Influenza virus B	Presence or Threshold	Point in time (spot)		Ord		FALSE
51	-infrpak		1338	100					2.1.2.1.2.1.1.2							TRUE
51	-infrsv		162	100					2.1.2.1.2.1.1.2							TRUE
51	-ivf-et		194	100				Special technique	2.1.2.1.2.1.1.2	Embryo transfer	Finding	Point in time (spot)	^Patient	Nar		FALSE
51	-koroag		625	100					2.1.2.1.2.1.1.2	SARS-CoV-2 antigen	Presence or Threshold	Point in time (spot)		Ord		FALSE
51	-metpnag		370	100					2.1.2.1.2.1.1.2	Human metapneumovirus antigen	Presence or Threshold	Point in time (spot)		Ord		FALSE
51	-pin1ag		1146	100		-Parainfluenssa 1 -virus, antigeeni			2.1.2.1.2.1.1.2	Parainfluenza virus 1 antigen	Presence or Threshold	Point in time (spot)		Ord		FALSE
51	-pin2ag		1147	100		-Parainfluenssa 2 -virus, antigeeni			2.1.2.1.2.1.1.2	Parainfluenza virus 2 antigen	Presence or Threshold	Point in time (spot)		Ord		FALSE
51	-pin3ag		1147	100		-Parainfluenssa 3 -virus, antigeeni			2.1.2.1.2.1.1.2	Parainfluenza virus 3 antigen	Presence or Threshold	Point in time (spot)		Ord		FALSE
51	-pinf1ag		235	100					2.1.2.1.2.1.1.2	Parainfluenza virus 1 antigen	Presence or Threshold	Point in time (spot)		Ord		FALSE
51	-pinf2ag		235	100					2.1.2.1.2.1.1.2	Parainfluenza virus 2 antigen	Presence or Threshold	Point in time (spot)		Ord		FALSE
51	-pinf3ag		235	100					2.1.2.1.2.1.1.2	Parainfluenza virus 3 antigen	Presence or Threshold	Point in time (spot)		Ord		FALSE
51	-pnjiag		188	100		-Pneumocystis jirovecii, antigeeni			2.1.2.1.2.1.1.2	Pneumocystis jirovecii antigen	Presence or Threshold	Point in time (spot)		Ord		FALSE
51	-rvirag		3025	100		-Respiratoristen virusten antigeeni			2.1.2.1.2.1.1.2							TRUE
51	-stpnag		4094	100		-Streptococcus pneumoniae, antigeeni			2.1.2.1.2.1.1.2	Streptococcus pneumoniae antigen	Presence or Threshold	Point in time (spot)		Ord		FALSE
51	bi-inflamm		311	100			Bile		2.1.2.1.2.1.1.2	Inflammation	Finding	Point in time (spot)	Bile	Nar		FALSE
51	f-adenag		863	100		F -Adenovirus, antigeeni	Feces		2.1.2.1.2.1.1.2	Adenovirus antigen	Presence or Threshold	Point in time (spot)	Stool	Ord		FALSE
51	f-giarag		218	100		F -Giardia, antigeeni	Feces		2.1.2.1.2.1.1.2	Giardia lamblia antigen	Presence or Threshold	Point in time (spot)	Stool	Ord		FALSE
51	f-gicrag		163	99.39			Feces		2.1.2.1.2.1.1.2							TRUE
51	f-noroag		1048	100			Feces		2.1.2.1.2.1.1.2	Norovirus GI+GII antigen	Presence or Threshold	Point in time (spot)	Stool	Ord		FALSE
51	f-rotaag		886	100		F -Rotavirus, antigeeni	Feces		2.1.2.1.2.1.1.2	Rotavirus antigen	Presence or Threshold	Point in time (spot)	Stool	Ord		FALSE
51	f-virag		489	100			Feces		2.1.2.1.2.1.1.2							TRUE
51	li-adenabg		215	100		Li-Adenovirus, IgG-vasta-aineet	Cerebrospinal fluid		2.1.2.1.2.1.1.2	Adenovirus IgG Ab	Presence or Threshold	Point in time (spot)	Cerebral spinal fluid	Ord		FALSE
51	li-infaabg	eiu	40	0		Li-Influenssa A -virus, IgG-vasta-aineet	Cerebrospinal fluid		2.1.2.1.2.1.1.2	Influenza virus A IgG Ab	Arbitrary Concentration	Point in time (spot)	Cerebral spinal fluid	Qn	Immunoassay	FALSE
51	li-infaabg		240	100		Li-Influenssa A -virus, IgG-vasta-aineet	Cerebrospinal fluid		2.1.2.1.2.1.1.2	Influenza virus A IgG Ab	Presence or Threshold	Point in time (spot)	Cerebral spinal fluid	Ord		FALSE
51	li-infbabg	eiu	18	0		Li-Influenssa B -virus, IgG-vasta-aineet	Cerebrospinal fluid		2.1.2.1.2.1.1.2	Influenza virus B IgG Ab	Arbitrary Concentration	Point in time (spot)	Cerebral spinal fluid	Qn	Immunoassay	FALSE
51	li-infbabg		258	100		Li-Influenssa B -virus, IgG-vasta-aineet	Cerebrospinal fluid		2.1.2.1.2.1.1.2	Influenza virus B IgG Ab	Presence or Threshold	Point in time (spot)	Cerebral spinal fluid	Ord		FALSE
51	li-mypnab		614	100		Li-Mycoplasma pneumoniae, vasta-aineet	Cerebrospinal fluid		2.1.2.1.2.1.1.2	Mycoplasma pneumoniae Ab	Presence or Threshold	Point in time (spot)	Cerebral spinal fluid	Ord		FALSE
51	li-mypnabg	eiu	32	0		Li-Mycoplasma pneumoniae, IgG-vasta-aineet	Cerebrospinal fluid		2.1.2.1.2.1.1.2	Mycoplasma pneumoniae IgG Ab	Arbitrary Concentration	Point in time (spot)	Cerebral spinal fluid	Qn	Immunoassay	FALSE
51	li-mypnabg		1292	100		Li-Mycoplasma pneumoniae, IgG-vasta-aineet	Cerebrospinal fluid		2.1.2.1.2.1.1.2	Mycoplasma pneumoniae IgG Ab	Presence or Threshold	Point in time (spot)	Cerebral spinal fluid	Ord		FALSE
51	li-mypnabm		1314	100		Li-Mycoplasma pneumoniae, IgM-vasta-aineet	Cerebrospinal fluid		2.1.2.1.2.1.1.2	Mycoplasma pneumoniae IgM Ab	Presence or Threshold	Point in time (spot)	Cerebral spinal fluid	Ord		FALSE
51	li-pin1abg	eiu	7	0		Li-Parainfluenssa 1 -virus, IgG-vasta-aineet	Cerebrospinal fluid		2.1.2.1.2.1.1.2	Parainfluenza virus 1 IgG Ab	Arbitrary Concentration	Point in time (spot)	Cerebral spinal fluid	Qn	Immunoassay	FALSE
51	li-pin1abg		161	100		Li-Parainfluenssa 1 -virus, IgG-vasta-aineet	Cerebrospinal fluid		2.1.2.1.2.1.1.2	Parainfluenza virus 1 IgG Ab	Presence or Threshold	Point in time (spot)	Cerebral spinal fluid	Ord		FALSE
51	ns-infab/r		181	100			Nasal secretion		2.1.2.1.2.1.1.2							TRUE
51	ps-adenag		1955	100		Ps-Adenovirus, antigeeni (NPS-näyte)	Pharyngeal secretion		2.1.2.1.2.1.1.2	Adenovirus antigen	Presence or Threshold	Point in time (spot)	Pharyngeal secretion	Ord		FALSE
51	ps-infaag		11885	100			Pharyngeal secretion		2.1.2.1.2.1.1.2	Influenza virus A antigen	Presence or Threshold	Point in time (spot)	Pharyngeal secretion	Ord		FALSE
51	ps-infbag		11881	100			Pharyngeal secretion		2.1.2.1.2.1.1.2	Influenza virus B antigen	Presence or Threshold	Point in time (spot)	Pharyngeal secretion	Ord		FALSE
51	rvirag-o		340	100				Qualitative test (also semi-quantitative)	2.1.2.1.2.1.1.2							TRUE
51	s-adenabg	eiu	240	0	[29.8, 39.96, 46.52, 56.21, 66.99, 76.86, 88.44, 100.94, 123.7]	S -Adenovirus, IgG-vasta-aineet	Serum		2.1.2.1.2.1.1.2	Adenovirus IgG Ab	Arbitrary Concentration	Point in time (spot)	Serum	Qn	Immunoassay	FALSE
51	s-adenabg		30	96.67		S -Adenovirus, IgG-vasta-aineet	Serum		2.1.2.1.2.1.1.2	Adenovirus IgG Ab	Presence or Threshold	Point in time (spot)	Serum	Ord		FALSE
51	s-infaabg	eiu	288	0	[44.84, 67.49, 80.03, 92.84, 100.98, 109.5, 120.03, 134.44, 150.75]	S -Influenssa A -virus, IgG-vasta-aineet	Serum		2.1.2.1.2.1.1.2	Influenza virus A IgG Ab	Arbitrary Concentration	Point in time (spot)	Serum	Qn	Immunoassay	FALSE
51	s-infaabg	u/ml	31	0		S -Influenssa A -virus, IgG-vasta-aineet	Serum		2.1.2.1.2.1.1.2	Influenza virus A IgG Ab	Arbitrary Concentration	Point in time (spot)	Serum	Qn		FALSE
51	s-infaabg		46	71.74		S -Influenssa A -virus, IgG-vasta-aineet	Serum		2.1.2.1.2.1.1.2	Influenza virus A IgG Ab	Presence or Threshold	Point in time (spot)	Serum	Ord		FALSE
51	s-infbab	eiu	84	0	[37, 45.5, 59.88, 67.83, 76.88, 87.5, 108.12, 125, 142]	S -Influenssa B -virus, vasta-aineet	Serum		2.1.2.1.2.1.1.2	Influenza virus B Ab	Arbitrary Concentration	Point in time (spot)	Serum	Qn	Immunoassay	FALSE
51	s-infbab	u/ml	20	0		S -Influenssa B -virus, vasta-aineet	Serum		2.1.2.1.2.1.1.2	Influenza virus B Ab	Arbitrary Concentration	Point in time (spot)	Serum	Qn		FALSE
51	s-infbab		20	100		S -Influenssa B -virus, vasta-aineet	Serum		2.1.2.1.2.1.1.2	Influenza virus B Ab	Presence or Threshold	Point in time (spot)	Serum	Ord		FALSE
51	s-infbabg	eiu	202	0	[27.36, 39.2, 49.01, 55.71, 69.1, 81.14, 95.12, 117.99, 145.85]	S-Influenssa B -virus, IgG-vasta-aineet	Serum		2.1.2.1.2.1.1.2	Influenza virus B IgG Ab	Arbitrary Concentration	Point in time (spot)	Serum	Qn	Immunoassay	FALSE
51	s-infbabg	u/ml	5	0		S-Influenssa B -virus, IgG-vasta-aineet	Serum		2.1.2.1.2.1.1.2	Influenza virus B IgG Ab	Arbitrary Concentration	Point in time (spot)	Serum	Qn		FALSE
51	s-infbabg		19	73.68		S-Influenssa B -virus, IgG-vasta-aineet	Serum		2.1.2.1.2.1.1.2	Influenza virus B IgG Ab	Presence or Threshold	Point in time (spot)	Serum	Ord		FALSE
51	s-infli	mg/l	4337	0.09	[2.45, 4.22, 5.77, 7.21, 8.78, 10.55, 12.36, 14.93, 19.68]	S -Infliksimabi	Serum		2.1.2.1.2.1.1.2	Infliximab	Mass Concentration	Point in time (spot)	Serum	Qn		FALSE
51	s-infli	ug/l	62	0		S -Infliksimabi	Serum		2.1.2.1.2.1.1.2	Infliximab	Mass Concentration	Point in time (spot)	Serum	Qn		FALSE
51	s-infli	âug/ml	5	0		S -Infliksimabi	Serum		2.1.2.1.2.1.1.2	Infliximab	Mass Concentration	Point in time (spot)	Serum	Qn		FALSE
51	s-infli		1486	32.77	[2.05, 3.56, 5.06, 6.2, 7.59, 8.94, 10.97, 13.84, 18.03]	S -Infliksimabi	Serum		2.1.2.1.2.1.1.2	Infliximab	Mass Concentration	Point in time (spot)	Serum	Qn		FALSE
51	s-infliab	au/ml	413	0.73	[6.57, 14.16, 21.28, 34.4, 52.11, 73.2, 118.89, 190.88, 374.2]	S -Infliksimabi, vasta-aineet	Serum		2.1.2.1.2.1.1.2	Infliximab Ab	Arbitrary Concentration	Point in time (spot)	Serum	Qn		FALSE
51	s-infliab		4455	99.89		S -Infliksimabi, vasta-aineet	Serum		2.1.2.1.2.1.1.2	Infliximab Ab	Presence or Threshold	Point in time (spot)	Serum	Ord		FALSE
51	s-infliks	mg/l	951	0	[1.81, 3, 4.49, 5.55, 6.66, 8.19, 10.34, 13.5, 19.13]		Serum		2.1.2.1.2.1.1.2	Infliximab	Mass Concentration	Point in time (spot)	Serum	Qn		FALSE
51	s-infliks		310	30.97	[1.21, 2.24, 3.08, 4.32, 5.17, 6.19, 7.17, 7.95, 9.17]		Serum		2.1.2.1.2.1.1.2	Infliximab	Mass Concentration	Point in time (spot)	Serum	Qn		FALSE
51	s-inflipa		4630	100			Serum		2.1.2.1.2.1.1.2							TRUE
51	s-micfaeg	mg/l	45	0			Serum		2.1.2.1.2.1.1.2	Mycophenolic acid	Mass Concentration	Point in time (spot)	Serum	Qn		FALSE
51	s-micfaeg		90	76.67			Serum		2.1.2.1.2.1.1.2	Mycophenolic acid	Presence or Threshold	Point in time (spot)	Serum	Ord		FALSE
51	s-mypnab		19694	99.92		S -Mycoplasma pneumoniae, vasta-aineet	Serum		2.1.2.1.2.1.1.2	Mycoplasma pneumoniae Ab	Presence or Threshold	Point in time (spot)	Serum	Ord		FALSE
51	s-mypnabg	au/ml	2298	0	[0.52, 1.18, 1.86, 2.68, 3.78, 5.69, 8.99, 16.54, 33.76]	S -Mycoplasma pneumoniae, IgG-vasta-aineet	Serum		2.1.2.1.2.1.1.2	Mycoplasma pneumoniae IgG Ab	Arbitrary Concentration	Point in time (spot)	Serum	Qn		FALSE
51	s-mypnabg	eiu	9577	0	[51.21, 64.99, 79.08, 95.09, 113.13, 134.88, 160.85, 200.43, 260.64]	S -Mycoplasma pneumoniae, IgG-vasta-aineet	Serum		2.1.2.1.2.1.1.2	Mycoplasma pneumoniae IgG Ab	Arbitrary Concentration	Point in time (spot)	Serum	Qn	Immunoassay	FALSE
51	s-mypnabg	form	53	0		S -Mycoplasma pneumoniae, IgG-vasta-aineet	Serum		2.1.2.1.2.1.1.2	Mycoplasma pneumoniae IgG Ab	Finding	Point in time (spot)	Serum	Doc		FALSE
51	s-mypnabg	ru/ml	384	0	[19.56, 23.19, 26.12, 30.65, 34.99, 40.45, 50.94, 60.03, 79.86]	S -Mycoplasma pneumoniae, IgG-vasta-aineet	Serum		2.1.2.1.2.1.1.2	Mycoplasma pneumoniae IgG Ab	Arbitrary Concentration	Point in time (spot)	Serum	Qn		FALSE
51	s-mypnabg		4994	100	[0.53, 1.1, 1.73, 2.48, 3.76, 5.77, 9.79, 21.47, 68.82]	S -Mycoplasma pneumoniae, IgG-vasta-aineet	Serum		2.1.2.1.2.1.1.2	Mycoplasma pneumoniae IgG Ab	Presence or Threshold	Point in time (spot)	Serum	Ord		FALSE
51	s-mypnabm	form	16	0		S -Mycoplasma pneumoniae, IgM-vasta-aineet	Serum		2.1.2.1.2.1.1.2	Mycoplasma pneumoniae IgM Ab	Finding	Point in time (spot)	Serum	Doc		FALSE
51	s-mypnabm	index	3618	0	[1.53, 2.22, 2.83, 3.43, 4.2, 5.16, 6.56, 8.38, 11.18]	S -Mycoplasma pneumoniae, IgM-vasta-aineet	Serum		2.1.2.1.2.1.1.2	Mycoplasma pneumoniae IgM Ab	Ratio	Point in time (spot)	Serum	Qn		FALSE
51	s-mypnabm	s/co	1089	0	[0.1, 0.1, 0.2, 0.2, 0.3, 0.33, 0.47, 0.63, 1.13]	S -Mycoplasma pneumoniae, IgM-vasta-aineet	Serum		2.1.2.1.2.1.1.2	Mycoplasma pneumoniae IgM Ab	Ratio	Point in time (spot)	Serum	Qn		FALSE
51	s-mypnabm		12775	100	[1.19, 1.67, 2.14, 2.58, 3.04, 3.6, 4.51, 5.78, 8.21]	S -Mycoplasma pneumoniae, IgM-vasta-aineet	Serum		2.1.2.1.2.1.1.2	Mycoplasma pneumoniae IgM Ab	Presence or Threshold	Point in time (spot)	Serum	Ord		FALSE
51	s-pin1abg	eiu	209	0	[51.38, 65.97, 78.97, 87.7, 96.4, 106.81, 114.5, 126.75, 144.62]	S -Parainfluenssa 1 -virus, IgG-vasta-aineet	Serum		2.1.2.1.2.1.1.2	Parainfluenza virus 1 IgG Ab	Arbitrary Concentration	Point in time (spot)	Serum	Qn	Immunoassay	FALSE
51	s-pin1abg		9	88.89		S -Parainfluenssa 1 -virus, IgG-vasta-aineet	Serum		2.1.2.1.2.1.1.2	Parainfluenza virus 1 IgG Ab	Presence or Threshold	Point in time (spot)	Serum	Ord		FALSE
51	s-scc-ag	ug/l	959	0	[0.88, 1.03, 1.2, 1.38, 1.6, 2.01, 2.55, 3.56, 6.69]	S -Squamous cell carsinoma, antigeeni	Serum	Antigen	2.1.2.1.2.1.1.2	Squamous cell carcinoma antigen	Mass Concentration	Point in time (spot)	Serum	Qn		FALSE
51	s-scc-ag		493	95.94		S -Squamous cell carsinoma, antigeeni	Serum	Antigen	2.1.2.1.2.1.1.2	Squamous cell carcinoma antigen	Presence or Threshold	Point in time (spot)	Serum	Ord		FALSE
51	u-lepnag		3943	100		U -Legionella pneumophila, antigeeni	Urine		2.1.2.1.2.1.1.2	Legionella pneumophila antigen	Presence or Threshold	Point in time (spot)	Urine	Ord		FALSE
51	u-pneuag		2058	100			Urine		2.1.2.1.2.1.1.2	Streptococcus pneumoniae antigen	Presence or Threshold	Point in time (spot)	Urine	Ord		FALSE
51	u-stpnag		2546	100		U -Streptococcus pneumoniae, antigeeni	Urine		2.1.2.1.2.1.1.2	Streptococcus pneumoniae antigen	Presence or Threshold	Point in time (spot)	Urine	Ord		FALSE
68	-amyl	u/l	4274	0	[40.79, 91.13, 163.85, 262.6, 433.78, 741.28, 1310.78, 2709.64, 7550.04]				2.1.2.1.2.2.2.1.2.2.2	Amylase	Catalytic Concentration			Qn		FALSE
68	-amyl		352	99.15					2.1.2.1.2.2.2.1.2.2.2	Amylase	Presence or Threshold			Ord		FALSE
68	alfa-1	g/l	903	0	[1.23, 1.5, 1.79, 2.22, 2.48, 2.68, 2.88, 3.11, 3.51]				2.1.2.1.2.2.2.1.2.2.2	Alpha 1 globulin	Mass Concentration	Point in time (spot)		Qn	Electrophoresis	FALSE
68	alfa-2	g/l	907	0	[5.21, 5.83, 6.26, 6.53, 6.88, 7.18, 7.58, 8.1, 8.87]				2.1.2.1.2.2.2.1.2.2.2	Alpha 2 globulin	Mass Concentration	Point in time (spot)		Qn	Electrophoresis	FALSE
68	amylaasi	u/l	1380	0	[29.91, 37.05, 43.3, 48.81, 54.92, 61.3, 69.75, 79.02, 95.18]				2.1.2.1.2.2.2.1.2.2.2	Amylase	Catalytic Concentration			Qn		FALSE
68	amylaasi		28	100					2.1.2.1.2.2.2.1.2.2.2	Amylase	Presence or Threshold			Ord		FALSE
68	as-amyl	u/l	277	0	[7.29, 10.51, 15.56, 18.22, 24.01, 33.76, 50.6, 245.04, 2494.39]	As-Amylaasi	Ascitic fluid		2.1.2.1.2.2.2.1.2.2.2	Amylase	Catalytic Concentration	Point in time (spot)	Ascitic fluid	Qn		FALSE
68	as-amyl		47	87.23		As-Amylaasi	Ascitic fluid		2.1.2.1.2.2.2.1.2.2.2	Amylase	Presence or Threshold	Point in time (spot)	Ascitic fluid	Ord		FALSE
68	du-aldos	nmol	1126	1.15	[10.3, 15.49, 20, 24.81, 30.39, 36.32, 42.97, 53.97, 73.23]	dU-Aldosteroni	24-hour urine		2.1.2.1.2.2.2.1.2.2.2	Aldosterone	Substance Rate	24 hours	Urine	Qn		FALSE
68	du-aldos	nmol/24h	31	0		dU-Aldosteroni	24-hour urine		2.1.2.1.2.2.2.1.2.2.2	Aldosterone	Substance Rate	24 hours	Urine	Qn		FALSE
68	du-aldos	nmol/l	25	0		dU-Aldosteroni	24-hour urine		2.1.2.1.2.2.2.1.2.2.2	Aldosterone	Substance Concentration	24 hours	Urine	Qn		FALSE
68	du-aldos	ug/24h	12	0		dU-Aldosteroni	24-hour urine		2.1.2.1.2.2.2.1.2.2.2	Aldosterone	Mass Rate	24 hours	Urine	Qn		FALSE
68	du-aldos		191	49.21	[8, 15.27, 20, 24.32, 29.5, 36, 48.62, 70.25, 89]	dU-Aldosteroni	24-hour urine		2.1.2.1.2.2.2.1.2.2.2	Aldosterone	Substance Rate	24 hours	Urine	Qn		FALSE
68	fp-afos	u/l	595	0	[48.33, 55.25, 59.57, 63.86, 67.6, 73.77, 82.28, 90.12, 106.03]		Fasting plasma		2.1.2.1.2.2.2.1.2.2.2	Alkaline phosphatase	Catalytic Concentration	Point in time (spot)	Plasma	Qn		FALSE
68	fp-aldos	pmol/l	759	0	[99.71, 178.79, 234.24, 287.4, 344.18, 414.36, 481.84, 606.93, 836.03]	fP-Aldosteroni	Fasting plasma		2.1.2.1.2.2.2.1.2.2.2	Aldosterone	Substance Concentration	Point in time (spot)	Plasma	Qn		FALSE
68	fp-aldos		70	70		fP-Aldosteroni	Fasting plasma		2.1.2.1.2.2.2.1.2.2.2	Aldosterone	Presence or Threshold	Point in time (spot)	Plasma	Ord		FALSE
68	fp-amyl	u/l	166	0	[38.7, 46.83, 53.52, 59.77, 65.17, 71.18, 77.02, 86.88, 100.9]		Fasting plasma		2.1.2.1.2.2.2.1.2.2.2	Amylase	Catalytic Concentration	Point in time (spot)	Plasma	Qn		FALSE
68	p-afos	u/l	2633385	0.01	[49.38, 57.42, 63.93, 70.22, 76.89, 84.76, 95, 111.35, 151.36]	P -Alkalinen fosfataasi	Plasma		2.1.2.1.2.2.2.1.2.2.2	Alkaline phosphatase	Catalytic Concentration	Point in time (spot)	Plasma	Qn		FALSE
68	p-afos		28410	100	[47.41, 55.11, 61.31, 67.35, 73.68, 80.95, 90.67, 106.27, 134.65]	P -Alkalinen fosfataasi	Plasma		2.1.2.1.2.2.2.1.2.2.2	Alkaline phosphatase	Catalytic Concentration	Point in time (spot)	Plasma	Qn		FALSE
68	p-aldos	pmol/l	978	0	[88.37, 146.16, 190.71, 235.98, 287.48, 347.26, 419.69, 540.86, 783.53]	P -Aldosteroni	Plasma		2.1.2.1.2.2.2.1.2.2.2	Aldosterone	Substance Concentration	Point in time (spot)	Plasma	Qn		FALSE
68	p-aldos		71	88.73		P -Aldosteroni	Plasma		2.1.2.1.2.2.2.1.2.2.2	Aldosterone	Presence or Threshold	Point in time (spot)	Plasma	Ord		FALSE
68	p-amyl	u/l	368852	0.02	[26.2, 33.98, 40.36, 46.26, 52.37, 59.2, 67.68, 79.78, 104.76]	P -Amylaasi	Plasma		2.1.2.1.2.2.2.1.2.2.2	Amylase	Catalytic Concentration	Point in time (spot)	Plasma	Qn		FALSE
68	p-amyl		5758	100	[29, 36.73, 43, 48.41, 54.21, 60.53, 68.18, 78.9, 100.7]	P -Amylaasi	Plasma		2.1.2.1.2.2.2.1.2.2.2	Amylase	Catalytic Concentration	Point in time (spot)	Plasma	Qn		FALSE
68	p-amylaasi	u/l	1560	0	[28.07, 35.77, 41.54, 47.32, 52.57, 59.03, 66.78, 77.77, 99.14]		Plasma		2.1.2.1.2.2.2.1.2.2.2	Amylase	Catalytic Concentration	Point in time (spot)	Plasma	Qn		FALSE
68	p-amylaasi		28	89.29			Plasma		2.1.2.1.2.2.2.1.2.2.2	Amylase	Presence or Threshold	Point in time (spot)	Plasma	Ord		FALSE
68	p-amylp	u/l	96538	0	[14.27, 20, 23.24, 26.43, 29.95, 34.28, 40.26, 51.17, 86.4]	P -Amylaasi, haimaperäinen	Plasma		2.1.2.1.2.2.2.1.2.2.2	Amylase.pancreatic	Catalytic Concentration	Point in time (spot)	Plasma	Qn		FALSE
68	p-amylp		16102	100	[12.88, 17.77, 21.4, 24.41, 27.47, 31.02, 35.38, 42.83, 60.62]	P -Amylaasi, haimaperäinen	Plasma		2.1.2.1.2.2.2.1.2.2.2	Amylase.pancreatic	Catalytic Concentration	Point in time (spot)	Plasma	Qn		FALSE
68	p-sldl	mmol/l	2968	0	[1.54, 1.82, 2.07, 2.32, 2.6, 2.9, 3.19, 3.53, 4.07]		Plasma		2.1.2.1.2.2.2.1.2.2.2	Cholesterol in LDL.small dense	Substance Concentration	Point in time (spot)	Plasma	Qn		FALSE
68	p-sldl		282	86.52			Plasma		2.1.2.1.2.2.2.1.2.2.2	Cholesterol in LDL.small dense	Presence or Threshold	Point in time (spot)	Plasma	Ord		FALSE
68	pa-amyl	u/l	181	0	[6, 8.3, 13.62, 23.54, 38.11, 86.55, 532.84, 2066.13, 14410]	Pa-Amylaasi	Pancreatic juice		2.1.2.1.2.2.2.1.2.2.2	Amylase	Catalytic Concentration	Point in time (spot)	Pancreatic juice	Qn		FALSE
68	pa-amyl		13	100		Pa-Amylaasi	Pancreatic juice		2.1.2.1.2.2.2.1.2.2.2	Amylase	Presence or Threshold	Point in time (spot)	Pancreatic juice	Ord		FALSE
68	pf-amyl	u/l	512	0	[11.47, 15.64, 19.01, 23.1, 27.84, 32.18, 37.92, 46.58, 62.15]	Pf-Amylaasi	Pleural fluid		2.1.2.1.2.2.2.1.2.2.2	Amylase	Catalytic Concentration	Point in time (spot)	Pleural fluid	Qn		FALSE
68	pf-amyl		216	100		Pf-Amylaasi	Pleural fluid		2.1.2.1.2.2.2.1.2.2.2	Amylase	Presence or Threshold	Point in time (spot)	Pleural fluid	Ord		FALSE
68	s-aaldos	pmol/l	125	0.8	[506.75, 663.13, 772.54, 837.76, 918.5, 1062, 1146, 1442.2, 2247]		Serum		2.1.2.1.2.2.2.1.2.2.2	Aldosterone	Substance Concentration	Point in time (spot)	Serum	Qn		FALSE
68	s-adali	mg/l	1092	0.37	[4.24, 6.27, 7.87, 9.1, 10.33, 11.83, 13.14, 14.95, 17.6]	S -Adalimumabi	Serum		2.1.2.1.2.2.2.1.2.2.2	Adalimumab	Mass Concentration	Point in time (spot)	Serum	Qn		FALSE
68	s-adali		600	16.67	[3.21, 5.15, 6.89, 8.21, 9.3, 11.07, 13.15, 15.09, 18]	S -Adalimumabi	Serum		2.1.2.1.2.2.2.1.2.2.2	Adalimumab	Mass Concentration	Point in time (spot)	Serum	Qn		FALSE
68	s-adaliab	au/ml	257	1.17	[4.47, 14.51, 21.55, 36.22, 43.39, 60.38, 104.64, 181.31, 370.6]	S -Adalimumabi, vasta-aineet	Serum		2.1.2.1.2.2.2.1.2.2.2	Adalimumab antibody	Arbitrary Concentration	Point in time (spot)	Serum	Qn	Immunoassay	FALSE
68	s-adaliab		2149	99.3		S -Adalimumabi, vasta-aineet	Serum		2.1.2.1.2.2.2.1.2.2.2	Adalimumab antibody	Presence or Threshold	Point in time (spot)	Serum	Ord	Immunoassay	FALSE
68	s-adalimu	mg/l	2004	0	[3.43, 5.38, 6.89, 8.1, 9.37, 10.76, 12.24, 13.87, 16.85]		Serum		2.1.2.1.2.2.2.1.2.2.2	Adalimumab	Mass Concentration	Point in time (spot)	Serum	Qn		FALSE
68	s-adalimu		271	52.03	[2.22, 3.86, 5.11, 6.02, 6.96, 7.78, 8.44, 9.23, 10.15]		Serum		2.1.2.1.2.2.2.1.2.2.2	Adalimumab	Mass Concentration	Point in time (spot)	Serum	Qn		FALSE
68	s-adalip		274	100			Serum		2.1.2.1.2.2.2.1.2.2.2	Adalimumab	Finding	Point in time (spot)	Serum	Nar		FALSE
68	s-adalipa		1304	100			Serum		2.1.2.1.2.2.2.1.2.2.2	Adalimumab	Finding	Point in time (spot)	Serum	Nar		FALSE
68	s-afluu	%	92	0	[10.3, 14.1, 19.33, 22.23, 25.37, 32.17, 35.52, 40.85, 45.6]		Serum		2.1.2.1.2.2.2.1.2.2.2	Alkaline phosphatase.bone/Alkaline phosphatase.total	Catalytic Fraction	Point in time (spot)	Serum	Qn		FALSE
68	s-afluu	u/l	80	0	[17.5, 21, 25.5, 29.5, 33.5, 38.75, 50, 58.5, 97.5]		Serum		2.1.2.1.2.2.2.1.2.2.2	Alkaline phosphatase.bone	Catalytic Concentration	Point in time (spot)	Serum	Qn		FALSE
68	s-afluu		9	77.78			Serum		2.1.2.1.2.2.2.1.2.2.2	Alkaline phosphatase.bone	Presence or Threshold	Point in time (spot)	Serum	Ord		FALSE
68	s-afluust	u/l	3036	0	[23.45, 30.5, 36.88, 43.03, 49.77, 57.33, 66.23, 80.75, 107.75]		Serum		2.1.2.1.2.2.2.1.2.2.2	Alkaline phosphatase.bone	Catalytic Concentration	Point in time (spot)	Serum	Qn		FALSE
68	s-afluust		488	63.73	[22.65, 29.23, 35.8, 41.92, 49.43, 57.83, 64.94, 75.26, 91.6]		Serum		2.1.2.1.2.2.2.1.2.2.2	Alkaline phosphatase.bone	Catalytic Concentration	Point in time (spot)	Serum	Qn		FALSE
68	s-afmuut	u/l	1555	0	[0, 0, 0, 0.56, 2.03, 4.33, 8.12, 14.99, 30.62]		Serum		2.1.2.1.2.2.2.1.2.2.2	Alkaline phosphatase.other isoenzymes	Catalytic Concentration	Point in time (spot)	Serum	Qn	Electrophoresis	FALSE
68	s-afmuut		316	96.2			Serum		2.1.2.1.2.2.2.1.2.2.2	Alkaline phosphatase.other isoenzymes	Presence or Threshold	Point in time (spot)	Serum	Ord	Electrophoresis	FALSE
68	s-afos	iu/l	240	0	[47.27, 53.32, 59.23, 65.05, 70.65, 75.95, 84.63, 98.48, 130]	S -Alkalinen fosfataasi	Serum		2.1.2.1.2.2.2.1.2.2.2	Alkaline phosphatase	Catalytic Concentration	Point in time (spot)	Serum	Qn		FALSE
68	s-afos	u/l	62976	0	[49.01, 56.54, 62.55, 68.34, 74.46, 81.49, 90.44, 104.36, 129.97]	S -Alkalinen fosfataasi	Serum		2.1.2.1.2.2.2.1.2.2.2	Alkaline phosphatase	Catalytic Concentration	Point in time (spot)	Serum	Qn		FALSE
68	s-afos		986	36	[88.65, 108.98, 118.14, 127.37, 135.4, 144.04, 157.28, 186.3, 252.69]	S -Alkalinen fosfataasi	Serum		2.1.2.1.2.2.2.1.2.2.2	Alkaline phosphatase	Catalytic Concentration	Point in time (spot)	Serum	Qn		FALSE
68	s-afos-is	u/l	70	0		S -Alkalinen fosfataasi, isoentsyymit	Serum	Isoenzymes	2.1.2.1.2.2.2.1.2.2.2	Alkaline phosphatase isoenzymes			Serum			TRUE
68	s-afos-is		9083	99.98		S -Alkalinen fosfataasi, isoentsyymit	Serum	Isoenzymes	2.1.2.1.2.2.2.1.2.2.2	Alkaline phosphatase isoenzymes			Serum			TRUE
68	s-afosluu	u/l	106	0	[25.67, 31, 35.33, 39.5, 42, 50.37, 59.67, 72.5, 100]	S -Alkalinen fosfataasi, luuspesifinen	Serum		2.1.2.1.2.2.2.1.2.2.2	Alkaline phosphatase.bone	Catalytic Concentration	Point in time (spot)	Serum	Qn		FALSE
68	s-afosluu	ug/l	30	0		S -Alkalinen fosfataasi, luuspesifinen	Serum		2.1.2.1.2.2.2.1.2.2.2	Alkaline phosphatase.bone	Mass Concentration	Point in time (spot)	Serum	Qn		FALSE
68	s-afosluu		35	11.43		S -Alkalinen fosfataasi, luuspesifinen	Serum		2.1.2.1.2.2.2.1.2.2.2	Alkaline phosphatase.bone	Presence or Threshold	Point in time (spot)	Serum	Ord		FALSE
68	s-afospit	u/l	177	0	[96.72, 105.51, 113.04, 119.21, 129.13, 139.98, 153.3, 187.04, 317.98]		Serum		2.1.2.1.2.2.2.1.2.2.2	Alkaline phosphatase	Catalytic Concentration	Point in time (spot)	Serum	Qn		FALSE
68	s-afospit		8	37.5			Serum		2.1.2.1.2.2.2.1.2.2.2	Alkaline phosphatase	Catalytic Concentration	Point in time (spot)	Serum	Qn		FALSE
68	s-afsuol1	u/l	1064	0	[0, 0, 0, 0, 0, 0.97, 2.27, 4.95, 11.83]		Serum		2.1.2.1.2.2.2.1.2.2.2	Alkaline phosphatase.intestinal	Catalytic Concentration	Point in time (spot)	Serum	Qn	Electrophoresis	FALSE
68	s-afsuol1		158	1.27	[0, 0, 0, 0, 0.17, 1.4, 3, 6.28, 16.75]		Serum		2.1.2.1.2.2.2.1.2.2.2	Alkaline phosphatase.intestinal	Catalytic Concentration	Point in time (spot)	Serum	Qn	Electrophoresis	FALSE
68	s-afsuol2	u/l	1070	0	[0, 0, 0, 0, 0, 0.76, 2.02, 4.43, 8.94]		Serum		2.1.2.1.2.2.2.1.2.2.2	Alkaline phosphatase.intestinal	Catalytic Concentration	Point in time (spot)	Serum	Qn	Electrophoresis	FALSE
68	s-afsuol2		156	0.64	[0, 0, 0, 0, 0, 1.25, 3, 4.75, 8]		Serum		2.1.2.1.2.2.2.1.2.2.2	Alkaline phosphatase.intestinal	Catalytic Concentration	Point in time (spot)	Serum	Qn	Electrophoresis	FALSE
68	s-afsuol3	u/l	1075	0	[0, 0, 0, 0, 0, 0, 0, 1, 1.91]		Serum		2.1.2.1.2.2.2.1.2.2.2	Alkaline phosphatase.intestinal	Catalytic Concentration	Point in time (spot)	Serum	Qn	Electrophoresis	FALSE
68	s-afsuol3		157	0.64	[0, 0, 0, 0, 0, 0, 0, 1, 1]		Serum		2.1.2.1.2.2.2.1.2.2.2	Alkaline phosphatase.intestinal	Catalytic Concentration	Point in time (spot)	Serum	Qn	Electrophoresis	FALSE
68	s-afsuoli	%	53	0			Serum		2.1.2.1.2.2.2.1.2.2.2	Alkaline phosphatase.intestinal/Alkaline phosphatase.total	Catalytic Fraction	Point in time (spot)	Serum	Qn		FALSE
68	s-afsuoli	u/l	189	0	[1, 2.2, 4.12, 5.94, 7, 9.07, 12.69, 23.37, 34.67]		Serum		2.1.2.1.2.2.2.1.2.2.2	Alkaline phosphatase.intestinal	Catalytic Concentration	Point in time (spot)	Serum	Qn		FALSE
68	s-afsuoli		182	96.15			Serum		2.1.2.1.2.2.2.1.2.2.2	Alkaline phosphatase.intestinal	Presence or Threshold	Point in time (spot)	Serum	Ord		FALSE
68	s-albind	g/l	815	0	[34.39, 37.6, 39.38, 40.81, 42.07, 43.01, 44.01, 45.22, 47.08]		Serum		2.1.2.1.2.2.2.1.2.2.2	Albumin	Mass Concentration	Point in time (spot)	Serum	Qn		FALSE
68	s-albind		155	25.81	[33.15, 36.46, 38.93, 39.99, 41.28, 41.98, 42.86, 43.61, 45.95]		Serum		2.1.2.1.2.2.2.1.2.2.2	Albumin	Mass Concentration	Point in time (spot)	Serum	Qn		FALSE
68	s-albu	g/l	554	0	[34.76, 36.69, 38.29, 39.83, 40.76, 41.89, 43.25, 44.88, 46.93]		Serum		2.1.2.1.2.2.2.1.2.2.2	Albumin	Mass Concentration	Point in time (spot)	Serum	Qn		FALSE
68	s-albu		12	33.33			Serum		2.1.2.1.2.2.2.1.2.2.2	Albumin	Mass Concentration	Point in time (spot)	Serum	Qn		FALSE
68	s-album	g/l	27997	0	[31.02, 34.31, 36.21, 37.6, 38.74, 39.81, 40.91, 42.12, 43.69]		Serum		2.1.2.1.2.2.2.1.2.2.2	Albumin	Mass Concentration	Point in time (spot)	Serum	Qn		FALSE
68	s-album		49	100	[31.46, 35.04, 37.29, 38.99, 40.3, 41.52, 42.95, 44.52, 46.29]		Serum		2.1.2.1.2.2.2.1.2.2.2	Albumin	Mass Concentration	Point in time (spot)	Serum	Qn		FALSE
68	s-aldol	u/l	3331	0.03	[3.03, 3.84, 4, 4.87, 5, 5.94, 6.21, 7.11, 9.71]	S -Aldolaasi	Serum		2.1.2.1.2.2.2.1.2.2.2	Aldolase	Catalytic Concentration	Point in in time (spot)	Serum	Qn		FALSE
68	s-aldol		603	75.79	[2.92, 3.62, 4.18, 4.48, 5.37, 5.7, 6.13, 7.21, 9.7]	S -Aldolaasi	Serum		2.1.2.1.2.2.2.1.2.2.2	Aldolase	Catalytic Concentration	Point in time (spot)	Serum	Qn		FALSE
68	s-aldos	pmol/l	5247	0.88	[80.92, 114.8, 152.73, 192.44, 237.39, 292.55, 361.76, 461.2, 667.49]	S -Aldosteroni	Serum		2.1.2.1.2.2.2.1.2.2.2	Aldosterone	Substance Concentration	Point in time (spot)	Serum	Qn		FALSE
68	s-aldos		1207	72.49	[89.4, 124.94, 166.83, 212.25, 274.25, 349.09, 455.92, 585.04, 869.75]	S -Aldosteroni	Serum		2.1.2.1.2.2.2.1.2.2.2	Aldosterone	Substance Concentration	Point in time (spot)	Serum	Qn		FALSE
68	s-aldos-m	pmol/l	88	0	[47, 57.1, 78.9, 115.83, 136, 213.63, 263.1, 334.4, 926]	S -Aldosteroni, makuu	Serum	Supine (lying down)	2.1.2.1.2.2.2.1.2.2.2	Aldosterone	Substance Concentration	Point in time (spot)	Serum	Qn		FALSE
68	s-aldos-m		66	68.18		S -Aldosteroni, makuu	Serum	Supine (lying down)	2.1.2.1.2.2.2.1.2.2.2	Aldosterone	Presence or Threshold	Point in time (spot)	Serum	Ord		FALSE
68	s-aldos-p	pmol/l	824	0	[77.23, 114.1, 153.16, 191.49, 236.83, 292.92, 363.97, 474.9, 659.05]	S -Aldosteroni, pysty	Serum	Upright (standing)	2.1.2.1.2.2.2.1.2.2.2	Aldosterone	Substance Concentration	Point in time (spot)	Serum	Qn		FALSE
68	s-aldos-p		329	21.88	[79.42, 123.32, 172.77, 232.62, 283.29, 334.05, 403.83, 552.65, 812.7]	S -Aldosteroni, pysty	Serum	Upright (standing)	2.1.2.1.2.2.2.1.2.2.2	Aldosterone	Substance Concentration	Point in time (spot)	Serum	Qn		FALSE
68	s-alfa-1	%	11	0			Serum		2.1.2.1.2.2.2.1.2.2.2	Alpha 1 globulin	Mass Fraction	Point in time (spot)	Serum	Qn	Electrophoresis	FALSE
68	s-alfa-1	g/l	30281	0	[2.19, 2.42, 2.6, 2.72, 2.88, 3.03, 3.24, 3.54, 4.08]		Serum		2.1.2.1.2.2.2.1.2.2.2	Alpha 1 globulin	Mass Concentration	Point in time (spot)	Serum	Qn	Electrophoresis	FALSE
68	s-alfa-1		50	100	[1.5, 1.7, 1.88, 2.13, 2.38, 2.62, 2.88, 3.19, 3.81]		Serum		2.1.2.1.2.2.2.1.2.2.2	Alpha 1 globulin	Mass Concentration	Point in time (spot)	Serum	Qn	Electrophoresis	FALSE
68	s-alfa-2	%	11	0			Serum		2.1.2.1.2.2.2.1.2.2.2	Alpha 2 globulin	Mass Fraction	Point in time (spot)	Serum	Qn	Electrophoresis	FALSE
68	s-alfa-2	g/l	30219	0	[5.45, 5.93, 6.31, 6.66, 7.01, 7.39, 7.84, 8.42, 9.36]		Serum		2.1.2.1.2.2.2.1.2.2.2	Alpha 2 globulin	Mass Concentration	Point in time (spot)	Serum	Qn	Electrophoresis	FALSE
68	s-alfa-2		50	100	[5.71, 6.15, 6.53, 6.83, 7.14, 7.51, 7.91, 8.44, 9.39]		Serum		2.1.2.1.2.2.2.1.2.2.2	Alpha 2 globulin	Mass Concentration	Point in time (spot)	Serum	Qn	Electrophoresis	FALSE
68	s-alfa1	g/l	1708	0	[1.45, 1.6, 1.7, 1.8, 1.95, 2.11, 2.38, 2.65, 3.03]		Serum		2.1.2.1.2.2.2.1.2.2.2	Alpha 1 globulin	Mass Concentration	Point in time (spot)	Serum	Qn	Electrophoresis	FALSE
68	s-alfa1		92	25			Serum		2.1.2.1.2.2.2.1.2.2.2	Alpha 1 globulin	Mass Concentration	Point in time (spot)	Serum	Qn	Electrophoresis	FALSE
68	s-alfa2	g/l	1768	0	[5.73, 6.28, 6.69, 6.98, 7.28, 7.59, 8.04, 8.57, 9.36]		Serum		2.1.2.1.2.2.2.1.2.2.2	Alpha 2 globulin	Mass Concentration	Point in time (spot)	Serum	Qn	Electrophoresis	FALSE
68	s-alfa2		92	25			Serum		2.1.2.1.2.2.2.1.2.2.2	Alpha 2 globulin	Mass Concentration	Point in time (spot)	Serum	Qn	Electrophoresis	FALSE
68	s-allige	mg/l	14	0		S -Allergeeni, IgE-vasta-aineet	Serum		2.1.2.1.2.2.2.1.2.2.2	Allergen specific IgE Ab	Mass Concentration	Point in time (spot)	Serum	Qn		FALSE
68	s-allige	u/ml	1753	0	[0.12, 0.19, 0.31, 0.51, 0.83, 1.39, 2.4, 4.64, 12.35]	S -Allergeeni, IgE-vasta-aineet	Serum		2.1.2.1.2.2.2.1.2.2.2	Allergen specific IgE Ab	Arbitrary Concentration	Point in time (spot)	Serum	Qn		FALSE
68	s-allige		2748	99.71		S -Allergeeni, IgE-vasta-aineet	Serum		2.1.2.1.2.2.2.1.2.2.2	Allergen specific IgE Ab	Presence or Threshold	Point in time (spot)	Serum	Ord		FALSE
68	s-amyl	u/l	10387	0	[33.31, 39.8, 44.99, 49.81, 54.67, 59.75, 66.53, 75.22, 91.12]	S -Amylaasi	Serum		2.1.2.1.2.2.2.1.2.2.2	Amylase	Catalytic Concentration	Point in time (spot)	Serum	Qn		FALSE
68	s-amyl		129	20.16	[35, 42.3, 49.52, 56.4, 62.75, 71, 94.2, 128.3, 161]	S -Amylaasi	Serum		2.1.2.1.2.2.2.1.2.2.2	Amylase	Catalytic Concentration	Point in time (spot)	Serum	Qn		FALSE
68	s-amyl-is	form	15	100		S -Amylaasi, isoentsyymit	Serum	Isoenzymes	2.1.2.1.2.2.2.1.2.2.2	Amylase isoenzymes			Serum			TRUE
68	s-amyl-is		434	100		S -Amylaasi, isoentsyymit	Serum	Isoenzymes	2.1.2.1.2.2.2.1.2.2.2	Amylase isoenzymes			Serum			TRUE
68	s-amylp	u/l	280	0	[14.92, 20.3, 25.89, 30.35, 36.7, 44.3, 55.25, 69.52, 135.91]	S -Amylaasi, haimaperäinen	Serum		2.1.2.1.2.2.2.1.2.2.2	Amylase.pancreatic	Catalytic Concentration	Point in time (spot)	Serum	Qn		FALSE
68	s-amylp		66	16.67		S -Amylaasi, haimaperäinen	Serum		2.1.2.1.2.2.2.1.2.2.2	Amylase.pancreatic	Catalytic Concentration	Point in time (spot)	Serum	Qn		FALSE
68	s-amyls	u/l	256	0	[12.25, 18.54, 23.94, 28.43, 34.44, 44.93, 63.37, 81.22, 120.05]	S -Amylaasi, sylkiperäinen	Serum		2.1.2.1.2.2.2.1.2.2.2	Amylase.salivary	Catalytic Concentration	Point in time (spot)	Serum	Qn		FALSE
68	s-amyls		61	18.03		S -Amylaasi, sylkiperäinen	Serum		2.1.2.1.2.2.2.1.2.2.2	Amylase.salivary	Catalytic Concentration	Point in time (spot)	Serum	Qn		FALSE
68	s-dmklots	nmol/l	15078	0.19	[349.72, 488.38, 603.51, 717.55, 840.77, 973.75, 1127.96, 1320.3, 1616.71]	S -Desmetyyliklotsapiini	Serum		2.1.2.1.2.2.2.1.2.2.2	Desmethylclozapine	Substance Concentration	Point in time (spot)	Serum	Qn		FALSE
68	s-dmklots	umol/l	9051	0	[0.3, 0.4, 0.5, 0.6, 0.7, 0.8, 0.95, 1.16, 1.45]	S -Desmetyyliklotsapiini	Serum		2.1.2.1.2.2.2.1.2.2.2	Desmethylclozapine	Substance Concentration	Point in time (spot)	Serum	Qn		FALSE
68	s-dmklots	âumol/l	32	0		S -Desmetyyliklotsapiini	Serum		2.1.2.1.2.2.2.1.2.2.2	Desmethylclozapine	Substance Concentration	Point in time (spot)	Serum	Qn		FALSE
68	s-dmklots		1117	100	[0.79, 1.17, 292.49, 521.2, 721.89, 874.92, 1051.9, 1273.86, 1599.85]	S -Desmetyyliklotsapiini	Serum		2.1.2.1.2.2.2.1.2.2.2	Desmethylclozapine	Finding	Point in time (spot)	Serum	Nar		FALSE
68	s-gliade	u/ml	23	60.87			Serum		2.1.2.1.2.2.2.1.2.2.2	Deamidated gliadin peptide antibody	Arbitrary Concentration	Point in time (spot)	Serum	Qn		FALSE
68	s-gliade		84	98.81			Serum		2.1.2.1.2.2.2.1.2.2.2	Deamidated gliadin peptide antibody	Presence or Threshold	Point in time (spot)	Serum	Ord		FALSE
68	s-gliadie	u/ml	531	0	[0, 0, 0, 0, 0.01, 0.01, 0.02, 0.07, 0.24]		Serum		2.1.2.1.2.2.2.1.2.2.2	Gliadin IgE Ab	Arbitrary Concentration	Point in time (spot)	Serum	Qn		FALSE
68	s-gliadie		118	5.93	[0, 0, 0, 0, 0, 0, 0, 0, 0]		Serum		2.1.2.1.2.2.2.1.2.2.2	Gliadin IgE Ab	Arbitrary Concentration	Point in time (spot)	Serum	Qn		FALSE
68	s-hladsa		847	100			Serum		2.1.2.1.2.2.2.1.2.2.2	HLA donor specific antibody	Finding	Point in time (spot)	Serum	Nar	Flow cytometry (FC)	FALSE
68	s-kalatue		132	100			Serum		2.1.2.1.2.2.2.1.2.2.2		Finding	Point in time (spot)	Serum	Nar		FALSE
68	s-kolaige	u/ml	14	100			Serum		2.1.2.1.2.2.2.1.2.2.2	Collagen IgE Ab	Presence or Threshold	Point in time (spot)	Serum	Ord		FALSE
68	s-kolaige		181	100			Serum		2.1.2.1.2.2.2.1.2.2.2	Collagen IgE Ab	Presence or Threshold	Point in time (spot)	Serum	Ord		FALSE
68	s-kudosab		1042	100			Serum		2.1.2.1.2.2.2.1.2.2.2	Tissue transglutaminase antibody	Finding	Point in time (spot)	Serum	Nar		FALSE
68	s-ngmuut		16771	100			Serum		2.1.2.1.2.2.2.1.2.2.2		Finding	Point in time (spot)	Serum	Nar		FALSE
68	s-oaldos	pmol/l	200	1.5	[636.2, 2117.22, 7632.17, 17219.7, 36953.33, 62851.67, 87233.33, 130744.44, 214222.22]		Serum		2.1.2.1.2.2.2.1.2.2.2	Aldosterone	Substance Concentration	Point in time (spot)	Serum	Qn		FALSE
68	s-olants	nmol/l	4003	0.07	[53.03, 76.26, 97.99, 119.12, 141.44, 165.86, 195.39, 234.91, 291.91]	S -Olantsapiini	Serum		2.1.2.1.2.2.2.1.2.2.2	Olanzapine	Substance Concentration	Point in time (spot)	Serum	Qn		FALSE
68	s-olants		595	31.43	[58.73, 86.04, 110.31, 132.4, 158.88, 189.03, 219.38, 262.18, 324.46]	S -Olantsapiini	Serum		2.1.2.1.2.2.2.1.2.2.2	Olanzapine	Substance Concentration	Point in time (spot)	Serum	Qn		FALSE
68	s-ovalbue	u/ml	86	1.16	[0, 0.02, 0.03, 0.1, 0.23, 0.56, 2, 8.02, 21.8]		Serum		2.1.2.1.2.2.2.1.2.2.2	Ovalbumin IgE Ab	Arbitrary Concentration	Point in time (spot)	Serum	Qn		FALSE
68	s-ovalbue		16	81.25			Serum		2.1.2.1.2.2.2.1.2.2.2	Ovalbumin IgE Ab	Presence or Threshold	Point in time (spot)	Serum	Ord		FALSE
68	s-salis	mmol/l	56	0		S -Salisylaatit	Serum		2.1.2.1.2.2.2.1.2.2.2	Salicylate	Substance Concentration	Point in time (spot)	Serum	Qn		FALSE
68	s-salis	umol/l	87	5.75		S -Salisylaatit	Serum		2.1.2.1.2.2.2.1.2.2.2	Salicylate	Substance Concentration	Point in time (spot)	Serum	Qn		FALSE
68	s-salis		121	97.52		S -Salisylaatit	Serum		2.1.2.1.2.2.2.1.2.2.2	Salicylate	Presence or Threshold	Point in time (spot)	Serum	Ord		FALSE
68	s-scl-t		833	100			Serum		2.1.2.1.2.2.2.1.2.2.2	DNA topoisomerase I antibody	Finding	Point in time (spot)	Serum	Nar	Immunoblot	FALSE
68	s-sfit1	ng/l	135	0	[1994, 2524.58, 3215, 3792.29, 4608.29, 5445.5, 7105.78, 9372.28, 11496.33]	S -Endoteelikasvutekijän liukoinen reseptori	Serum		2.1.2.1.2.2.2.1.2.2.2	Soluble fms-like tyrosine kinase-1	Mass Concentration	Point in time (spot)	Serum	Qn		FALSE
68	s-sflt-1	ng/l	318	0	[1291.87, 1667.24, 2344.04, 3006.81, 3762.57, 4805.39, 6029.95, 7158.88, 9214.96]		Serum		2.1.2.1.2.2.2.1.2.2.2	Soluble fms-like tyrosine kinase-1	Mass Concentration	Point in time (spot)	Serum	Qn		FALSE
68	s-sldl	mmol/l	2207	0	[1.75, 2.1, 2.37, 2.68, 2.95, 3.22, 3.51, 3.8, 4.25]		Serum		2.1.2.1.2.2.2.1.2.2.2	Cholesterol in LDL.small dense	Substance Concentration	Point in time (spot)	Serum	Qn		FALSE
68	s-sldl		177	98.87			Serum		2.1.2.1.2.2.2.1.2.2.2	Cholesterol in LDL.small dense	Presence or Threshold	Point in time (spot)	Serum	Ord		FALSE
68	s-suoli	u/l	115	0	[0, 0, 0, 0.27, 2.83, 5.44, 7.47, 12.05, 21.01]		Serum		2.1.2.1.2.2.2.1.2.2.2	Alkaline phosphatase.intestinal	Catalytic Concentration	Point in time (spot)	Serum	Qn		FALSE
68	s-suoli		10	30			Serum		2.1.2.1.2.2.2.1.2.2.2	Alkaline phosphatase.intestinal	Catalytic Concentration	Point in time (spot)	Serum	Qn		FALSE
68	s-suolist	u/l	81	0	[2, 3.1, 5.23, 9, 10.88, 13, 15, 20.35, 28]		Serum		2.1.2.1.2.2.2.1.2.2.2	Alkaline phosphatase.intestinal	Catalytic Concentration	Point in time (spot)	Serum	Qn		FALSE
68	s-suolist		63	96.83			Serum		2.1.2.1.2.2.2.1.2.2.2	Alkaline phosphatase.intestinal	Presence or Threshold	Point in time (spot)	Serum	Ord		FALSE
68	s-valdos	pmol/l	157	0.64	[3435.33, 10631.9, 19753.33, 29394.05, 44768.33, 65139.29, 87875, 118200, 193300]		Serum		2.1.2.1.2.2.2.1.2.2.2	Aldosterone	Substance Concentration	Point in time (spot)	Serum	Qn		FALSE
68	s-vedol	mg/l	1566	0	[10.87, 14.08, 17.75, 20.76, 23.95, 27.59, 31.95, 37.11, 43.61]	S -Vedolitsumabi	Serum		2.1.2.1.2.2.2.1.2.2.2	Vedolizumab	Mass Concentration	Point in time (spot)	Serum	Qn		FALSE
68	s-vedol		221	12.22	[5.88, 9.27, 13.22, 17.42, 21.48, 25.78, 28.81, 33.33, 39.06]	S -Vedolitsumabi	Serum		2.1.2.1.2.2.2.1.2.2.2	Vedolizumab	Mass Concentration	Point in time (spot)	Serum	Qn		FALSE
68	saline		946	3.38	[0, 0, 0, 0, 0, 0, 0, 0, 0]				2.1.2.1.2.2.2.1.2.2.2		Finding			Nar		FALSE
68	se-amyl	u/l	1679	0.83	[7.84, 14.57, 24.16, 42.2, 81.52, 202.31, 555.29, 1833.05, 9919.76]	Se-Amylaasi	Secretion		2.1.2.1.2.2.2.1.2.2.2	Amylase	Catalytic Concentration	Point in time (spot)	Secretion	Qn		FALSE
68	se-amyl		248	97.98		Se-Amylaasi	Secretion		2.1.2.1.2.2.2.1.2.2.2	Amylase	Presence or Threshold	Point in time (spot)	Secretion	Ord		FALSE
68	sp-suld		262	100			Sperm / semen		2.1.2.1.2.2.2.1.2.2.2		Finding	Point in time (spot)	Sperm	Nar		FALSE
68	u-amyl	u/l	2762	0.04	[40.07, 60.75, 84.23, 110.48, 142.21, 184.16, 244.01, 332.59, 547.07]	U -Amylaasi	Urine		2.1.2.1.2.2.2.1.2.2.2	Amylase	Catalytic Concentration	Point in time (spot)	Urine	Qn		FALSE
68	u-amyl		192	49.48	[46, 98.65, 135.92, 161.9, 205.44, 269.5, 358.67, 597.35, 1056]	U -Amylaasi	Urine		2.1.2.1.2.2.2.1.2.2.2	Amylase	Catalytic Concentration	Point in time (spot)	Urine	Qn		FALSE
68	u-amylp	u/l	106	0	[29, 44.7, 68.1, 90.36, 112.17, 155.8, 214.47, 337.6, 546]	U -Amylaasi, haimaperäinen	Urine		2.1.2.1.2.2.2.1.2.2.2	Amylase.pancreatic	Catalytic Concentration	Point in time (spot)	Urine	Qn		FALSE
68	u-amylp		15	20		U -Amylaasi, haimaperäinen	Urine		2.1.2.1.2.2.2.1.2.2.2	Amylase.pancreatic	Catalytic Concentration	Point in time (spot)	Urine	Qn		FALSE
70	-calpro	mg/l	368	0	[0.1, 0.31, 0.88, 2.86, 7.72, 16.73, 36.68, 74.3, 206.67]				2.1.2.1.2.2.2.2.2.1	Calprotectin	Mass Concentration	Point in time (spot)		Qn		FALSE
70	-calpro	ug/g	37	0					2.1.2.1.2.2.2.2.2.1	Calprotectin	Mass Concentration	Point in time (spot)	Stool	Qn		FALSE
70	-calpro		23	21.74					2.1.2.1.2.2.2.2.2.1	Calprotectin	Presence or Threshold	Point in time (spot)		Ord		FALSE
70	4184sk-padihot		107	100					2.1.2.1.2.2.2.2.2.1	Histology	Finding	Point in time (spot)	Skin	Nar		FALSE
70	b-karyot		686	100			Blood		2.1.2.1.2.2.2.2.2.1	Karyotype	Finding	Point in time (spot)	Blood	Nar	Cytogenetics	FALSE
70	b-malarv		127	100			Blood		2.1.2.1.2.2.2.2.2.1	Plasmodium	Presence or Identity	Point in time (spot)	Blood	Nom		FALSE
70	b-nakkrea		424	100			Blood		2.1.2.1.2.2.2.2.2.1				Blood	Nar		FALSE
70	b-pakk-e		249	100			Blood		2.1.2.1.2.2.2.2.2.1				Blood			TRUE
70	b-vara		254	100			Blood		2.1.2.1.2.2.2.2.2.1				Blood	Nar		FALSE
70	b-varaspr		331	99.7			Blood		2.1.2.1.2.2.2.2.2.1				Blood	Nar		FALSE
70	b.parapert		619	100					2.1.2.1.2.2.2.2.2.1	Bordetella parapertussis	Presence or Threshold	Point in time (spot)	Blood	Ord		FALSE
70	du-parprot		369	100			24-hour urine		2.1.2.1.2.2.2.2.2.1	Paraprotein	Finding	24 hours	Urine	Nar	Electrophoresis	FALSE
70	f-calpro	ug/g	144892	0.48	[13.78, 23.28, 35.55, 53.95, 82, 128.24, 215.34, 397.8, 911.98]	F -Kalprotektiini; F -Calprotectin	Feces		2.1.2.1.2.2.2.2.2.1	Calprotectin	Mass Concentration	Point in time (spot)	Stool	Qn		FALSE
70	f-calpro		17874	100	[23.61, 33.46, 47.58, 74.67, 119.83, 157.1, 290.01, 478.43, 993.36]	F -Kalprotektiini; F -Calprotectin	Feces		2.1.2.1.2.2.2.2.2.1	Calprotectin	Presence or Threshold	Point in time (spot)	Stool	Ord		FALSE
70	f-calpro2	ug/g	395	0	[28.88, 40.5, 54.65, 82.87, 126.54, 220.92, 330.47, 583.74, 1304.77]		Feces		2.1.2.1.2.2.2.2.2.1	Calprotectin	Mass Concentration	Point in time (spot)	Stool	Qn		FALSE
70	f-calpro2		97	100			Feces		2.1.2.1.2.2.2.2.2.1	Calprotectin	Presence or Threshold	Point in time (spot)	Stool	Ord		FALSE
70	fs-bkarot	nmol/l	18	0		fS-Beetakaroteeni	Fasting serum		2.1.2.1.2.2.2.2.2.1	Beta-carotene	Substance Concentration	Point in time (spot)	Serum	Qn		FALSE
70	fs-bkarot	umol/l	318	0	[0.25, 0.45, 0.6, 0.75, 0.87, 1.06, 1.29, 1.57, 2.19]	fS-Beetakaroteeni	Fasting serum		2.1.2.1.2.2.2.2.2.1	Beta-carotene	Substance Concentration	Point in time (spot)	Serum	Qn		FALSE
70	fs-sappih	umol/l	5416	0.04	[1.58, 2, 2.4, 3, 3.74, 4.45, 5.67, 7.59, 13.61]		Fasting serum		2.1.2.1.2.2.2.2.2.1	Bile acids.total	Substance Concentration	Point in time (spot)	Serum	Qn		FALSE
70	fs-sappih		686	100	[2, 2.48, 3.02, 3.91, 4.81, 5.88, 6.86, 8.3, 12.54]		Fasting serum		2.1.2.1.2.2.2.2.2.1	Bile acids.total	Presence or Threshold	Point in time (spot)	Serum	Ord		FALSE
70	fs-sappihapot	umol/l	198	0	[1.41, 1.79, 2.06, 2.5, 3.2, 3.97, 4.98, 6.66, 11.59]		Fasting serum		2.1.2.1.2.2.2.2.2.1	Bile acids.total	Substance Concentration	Point in time (spot)	Serum	Qn		FALSE
70	fs-sappihapot		30	100			Fasting serum		2.1.2.1.2.2.2.2.2.1	Bile acids.total	Presence or Threshold	Point in time (spot)	Serum	Ord		FALSE
70	li-kardab	titre	7	14.29		Li-Kardiolipiini, vasta-aineet (VDRL)	Cerebrospinal fluid		2.1.2.1.2.2.2.2.2.1	Cardiolipin Ab	Titer	Point in time (spot)	Cerebral spinal fluid	SemiQn		FALSE
70	li-kardab		204	100		Li-Kardiolipiini, vasta-aineet (VDRL)	Cerebrospinal fluid		2.1.2.1.2.2.2.2.2.1	Cardiolipin Ab	Presence or Threshold	Point in time (spot)	Cerebral spinal fluid	Ord		FALSE
70	li-varlikv		111	100			Cerebrospinal fluid		2.1.2.1.2.2.2.2.2.1				Cerebral spinal fluid	Nar		FALSE
70	p-kardabg	gpl	1101	6.99	[1, 1, 1.61, 2, 2, 3, 5.05, 7.62, 12.35]	P -Kardiolipiini, IgG-vasta-aineet	Plasma		2.1.2.1.2.2.2.2.2.1	Cardiolipin IgG Ab	Arbitrary Concentration	Point in time (spot)	Plasma	Qn		FALSE
70	p-kardabg	u/ml	4443	0	[1, 1, 1.08, 2, 2, 2.64, 3.48, 5.89, 13.12]	P -Kardiolipiini, IgG-vasta-aineet	Plasma		2.1.2.1.2.2.2.2.2.1	Cardiolipin IgG Ab	Arbitrary Concentration	Point in time (spot)	Plasma	Qn		FALSE
70	p-kardabg		4985	95.25	[1, 1.14, 2, 2, 3.36, 5, 5.97, 9.03, 19.8]	P -Kardiolipiini, IgG-vasta-aineet	Plasma		2.1.2.1.2.2.2.2.2.1	Cardiolipin IgG Ab	Presence or Threshold	Point in time (spot)	Plasma	Ord		FALSE
70	p-kardabm	mpl	1111	5.04	[1, 2, 2, 2.88, 3, 4.6, 7.59, 12.86, 20.09]	P -Kardiolipiini, IgM-vasta-aineet	Plasma		2.1.2.1.2.2.2.2.2.1	Cardiolipin IgM Ab	Arbitrary Concentration	Point in time (spot)	Plasma	Qn		FALSE
70	p-kardabm	u/ml	11	0		P -Kardiolipiini, IgM-vasta-aineet	Plasma		2.1.2.1.2.2.2.2.2.1	Cardiolipin IgM Ab	Arbitrary Concentration	Point in time (spot)	Plasma	Qn		FALSE
70	p-kardabm		724	89.09	[1, 1, 1.45, 2, 2, 3, 4, 6, 15]	P -Kardiolipiini, IgM-vasta-aineet	Plasma		2.1.2.1.2.2.2.2.2.1	Cardiolipin IgM Ab	Presence or Threshold	Point in time (spot)	Plasma	Ord		FALSE
70	p-pakk-si		260	100			Plasma		2.1.2.1.2.2.2.2.2.1				Plasma			TRUE
70	p-varainr		8332	99.99			Plasma		2.1.2.1.2.2.2.2.2.1	INR	Ratio	Point in time (spot)	Platelet poor plasma	Qn	Coagulation assay	FALSE
70	p-varmtr	s	1488	0	[17.02, 18, 18.87, 19, 19.98, 20, 21, 21.93, 23]		Plasma		2.1.2.1.2.2.2.2.2.1	Thrombin time	Time	Point in time (spot)	Platelet poor plasma	Qn	Coagulation assay	FALSE
70	p-varmtr		111	100			Plasma		2.1.2.1.2.2.2.2.2.1	Thrombin time	Presence or Threshold	Point in time (spot)	Platelet poor plasma	Ord	Coagulation assay	FALSE
70	p-varmtt	%	1494	0	[41.91, 74.69, 84.09, 92.24, 98.54, 104.26, 111.28, 119.13, 131.18]		Plasma		2.1.2.1.2.2.2.2.2.1	Prothrombin time	Ratio	Point in time (spot)	Platelet poor plasma	Qn	Coagulation assay	FALSE
70	p-varmtt		105	100			Plasma		2.1.2.1.2.2.2.2.2.1	Prothrombin time	Presence or Threshold	Point in time (spot)	Platelet poor plasma	Ord	Coagulation assay	FALSE
70	s-afmakro	u/l	2842	0	[3.98, 5.01, 6.23, 7.94, 10.06, 14.01, 21.13, 33.22, 62.9]		Serum		2.1.2.1.2.2.2.2.2.1	Alkaline phosphatase.macroenzyme	Catalytic Concentration	Point in time (spot)	Serum	Qn		FALSE
70	s-afmakro		523	59.85	[4, 5, 6, 7.5, 10, 15.29, 22.33, 30.86, 49.44]		Serum		2.1.2.1.2.2.2.2.2.1	Alkaline phosphatase.macroenzyme	Catalytic Concentration	Point in time (spot)	Serum	Qn		FALSE
70	s-afmaks1	u/l	199	0	[25.36, 33.2, 41.05, 48.96, 56.78, 64.23, 71.62, 84.6, 112.64]		Serum		2.1.2.1.2.2.2.2.2.1	Alkaline phosphatase isoenzyme 1	Catalytic Concentration	Point in time (spot)	Serum	Qn		FALSE
70	s-afmaks1		13	0			Serum		2.1.2.1.2.2.2.2.2.1	Alkaline phosphatase isoenzyme 1	Catalytic Concentration	Point in time (spot)	Serum	Qn		FALSE
70	s-afmaks2	u/l	205	0	[3.2, 4.72, 5.48, 6.4, 7, 8.07, 11.08, 16.5, 34.56]		Serum		2.1.2.1.2.2.2.2.2.1	Alkaline phosphatase isoenzyme 2	Catalytic Concentration	Point in time (spot)	Serum	Qn		FALSE
70	s-afmaks2		7	14.29			Serum		2.1.2.1.2.2.2.2.2.1	Alkaline phosphatase isoenzyme 2	Catalytic Concentration	Point in time (spot)	Serum	Qn		FALSE
70	s-afmaksa	%	94	0	[39.9, 51.85, 57.9, 64.48, 69.3, 73.65, 78.41, 84.08, 89.4]		Serum		2.1.2.1.2.2.2.2.2.1	Alkaline phosphatase.liver isoenzyme	Catalytic Fraction	Point in time (spot)	Serum	Qn		FALSE
70	s-afmaksa	u/l	2958	0	[25.04, 37.52, 47.03, 56.68, 67.64, 79.81, 95.37, 125.6, 201.78]		Serum		2.1.2.1.2.2.2.2.2.1	Alkaline phosphatase.liver isoenzyme	Catalytic Concentration	Point in time (spot)	Serum	Qn		FALSE
70	s-afmaksa		489	65.03	[32.9, 45.51, 57.63, 71.86, 79.96, 85.36, 96.57, 123.73, 246.45]		Serum		2.1.2.1.2.2.2.2.2.1	Alkaline phosphatase.liver isoenzyme	Catalytic Concentration	Point in time (spot)	Serum	Qn		FALSE
70	s-caspähe	u/ml	895	0	[0, 0, 0, 0, 0.01, 0.01, 0.04, 0.13, 1.71]		Serum		2.1.2.1.2.2.2.2.2.1	Cashew nut IgE Ab	Arbitrary Concentration	Point in time (spot)	Serum	Qn	Immunoassay	FALSE
70	s-caspähe		106	80.19			Serum		2.1.2.1.2.2.2.2.2.1	Cashew nut IgE Ab	Presence or Threshold	Point in time (spot)	Serum	Ord	Immunoassay	FALSE
70	s-haspähe	u/ml	683	0.15		S -Hasselpähkinä (f17), IgE-vasta-aineet	Serum		2.1.2.1.2.2.2.2.2.1	Hazelnut IgE Ab	Arbitrary Concentration	Point in time (spot)	Serum	Qn	Immunoassay	FALSE
70	s-haspähe		162	73.46		S -Hasselpähkinä (f17), IgE-vasta-aineet	Serum		2.1.2.1.2.2.2.2.2.1	Hazelnut IgE Ab	Presence or Threshold	Point in time (spot)	Serum	Ord	Immunoassay	FALSE
70	s-hasspäe	u/ml	476	1.05	[0, 0.01, 0.03, 0.29, 1.1, 3.4, 6.79, 13.75, 30.06]		Serum		2.1.2.1.2.2.2.2.2.1	Hazelnut IgE Ab	Arbitrary Concentration	Point in time (spot)	Serum	Qn	Immunoassay	FALSE
70	s-hasspäe		72	54.17			Serum		2.1.2.1.2.2.2.2.2.1	Hazelnut IgE Ab	Presence or Threshold	Point in time (spot)	Serum	Ord	Immunoassay	FALSE
70	s-karba	umol/l	3476	0.06	[18.5, 22.32, 25.2, 27.69, 29.91, 32.56, 35.34, 38.81, 44.25]	S -Karbamatsepiini	Serum		2.1.2.1.2.2.2.2.2.1	Carbamazepine	Substance Concentration	Point in time (spot)	Serum	Qn		FALSE
70	s-karba		1101	59.49	[18.42, 22.33, 25.59, 27.84, 29.91, 31.7, 34.15, 37.84, 41.83]	S -Karbamatsepiini	Serum		2.1.2.1.2.2.2.2.2.1	Carbamazepine	Substance Concentration	Point in time (spot)	Serum	Qn		FALSE
70	s-karbae	umol/l	88	0		S -Karbamatsepiiniepoksidi	Serum		2.1.2.1.2.2.2.2.2.1	Carbamazepine 10,11-epoxide	Substance Concentration	Point in time (spot)	Serum	Qn		FALSE
70	s-karbae		21	100		S -Karbamatsepiiniepoksidi	Serum		2.1.2.1.2.2.2.2.2.1	Carbamazepine 10,11-epoxide	Presence or Threshold	Point in time (spot)	Serum	Ord		FALSE
70	s-kardab	titre	1640	0	[0, 1, 1.58, 2, 2.38, 4, 8.71, 19.26, 62.28]	S -Kardiolipiini, vasta-aineet	Serum		2.1.2.1.2.2.2.2.2.1	Cardiolipin Ab	Titer	Point in time (spot)	Serum	SemiQn		FALSE
70	s-kardab		14614	99.49		S -Kardiolipiini, vasta-aineet	Serum		2.1.2.1.2.2.2.2.2.1	Cardiolipin Ab	Presence or Threshold	Point in time (spot)	Serum	Ord		TRUE
70	s-kardabg	gpl	222	29.28	[6, 7, 8, 9, 11, 14.4, 18.14, 24.7, 40.7]	S -Kardiolipiini, IgG-vasta-aineet	Serum		2.1.2.1.2.2.2.2.2.1	Cardiolipin IgG Ab	Arbitrary Concentration	Point in time (spot)	Serum	Qn		FALSE
70	s-kardabg	u/ml	83	0	[1, 1, 2, 2, 2.25, 3, 4, 7.3, 23]	S -Kardiolipiini, IgG-vasta-aineet	Serum		2.1.2.1.2.2.2.2.2.1	Cardiolipin IgG Ab	Arbitrary Concentration	Point in time (spot)	Serum	Qn		FALSE
70	s-kardabg		1591	94.97	[1, 2, 2, 4.55, 7, 8, 9, 11, 27]	S -Kardiolipiini, IgG-vasta-aineet	Serum		2.1.2.1.2.2.2.2.2.1	Cardiolipin IgG Ab	Presence or Threshold	Point in time (spot)	Serum	Ord		FALSE
70	s-kardabm	mpl	359	18.11	[10, 11.36, 12, 13.78, 15, 17.69, 23.08, 30.86, 52.98]	S -Kardiolipiini, IgM-vasta-aineet	Serum		2.1.2.1.2.2.2.2.2.1	Cardiolipin IgM Ab	Arbitrary Concentration	Point in time (spot)	Serum	Qn		FALSE
70	s-kardabm		1672	96.29		S -Kardiolipiini, IgM-vasta-aineet	Serum		2.1.2.1.2.2.2.2.2.1	Cardiolipin IgM Ab	Presence or Threshold	Point in time (spot)	Serum	Ord		FALSE
70	s-karni	umol/l	328	0	[17.78, 24.87, 29.09, 33.28, 36.28, 39.87, 43.86, 49.4, 55.76]	S -Karnitiini	Serum		2.1.2.1.2.2.2.2.2.1	Carnitine	Substance Concentration	Point in time (spot)	Serum	Qn		FALSE
70	s-karni		16	100		S -Karnitiini	Serum		2.1.2.1.2.2.2.2.2.1	Carnitine	Presence or Threshold	Point in time (spot)	Serum	Ord		FALSE
70	s-karni-v	umol/l	342	0	[11.86, 16.35, 19.2, 22.24, 25.07, 27.94, 30.82, 35, 41.74]	S -Karnitiini, vapaa	Serum	Free or unconjugated	2.1.2.1.2.2.2.2.2.1	Carnitine.free	Substance Concentration	Point in time (spot)	Serum	Qn		FALSE
70	s-karni-v		7	85.71		S -Karnitiini, vapaa	Serum	Free or unconjugated	2.1.2.1.2.2.2.2.2.1	Carnitine.free	Presence or Threshold	Point in time (spot)	Serum	Ord		FALSE
70	s-koopähe	u/ml	83	0	[0.02, 0.02, 0.03, 0.04, 0.06, 0.11, 0.2, 0.31, 0.85]	S -Kookospähkinä (f36), IgE-vasta-aineet	Serum		2.1.2.1.2.2.2.2.2.1	Coconut IgE Ab	Arbitrary Concentration	Point in time (spot)	Serum	Qn	Immunoassay	FALSE
70	s-koopähe		65	78.46		S -Kookospähkinä (f36), IgE-vasta-aineet	Serum		2.1.2.1.2.2.2.2.2.1	Coconut IgE Ab	Presence or Threshold	Point in time (spot)	Serum	Ord	Immunoassay	FALSE
70	s-leppäe	u/ml	196	0.51	[0, 0.01, 0.01, 0.02, 0.06, 0.22, 0.9, 2.7, 6.69]	S -Lepän siitepöly (t2), IgE-vasta-aineet	Serum		2.1.2.1.2.2.2.2.2.1	Alder IgE Ab	Arbitrary Concentration	Point in time (spot)	Serum	Qn	Immunoassay	FALSE
70	s-leppäe		167	86.23		S -Lepän siitepöly (t2), IgE-vasta-aineet	Serum		2.1.2.1.2.2.2.2.2.1	Alder IgE Ab	Presence or Threshold	Point in time (spot)	Serum	Ord	Immunoassay	FALSE
70	s-maapähe	u/ml	1974	0.81	[0.01, 0.02, 0.05, 0.1, 0.19, 0.37, 0.71, 1.55, 5.76]	S -Maapähkinä (f13), IgE-vasta-aineet	Serum		2.1.2.1.2.2.2.2.2.1	Peanut IgE Ab	Arbitrary Concentration	Point in time (spot)	Serum	Qn	Immunoassay	FALSE
70	s-maapähe		2541	94.14	[0.04, 0.11, 0.15, 0.24, 0.38, 0.57, 1.12, 1.88, 3.68]	S -Maapähkinä (f13), IgE-vasta-aineet	Serum		2.1.2.1.2.2.2.2.2.1	Peanut IgE Ab	Presence or Threshold	Point in time (spot)	Serum	Ord	Immunoassay	FALSE
70	s-maksa		108	100			Serum		2.1.2.1.2.2.2.2.2.1				Serum	Nar		FALSE
70	s-maksa-1	u/l	115	0	[31.15, 42.45, 51.29, 60.72, 65.7, 69.64, 79.3, 87.8, 100.66]		Serum		2.1.2.1.2.2.2.2.2.1	Alkaline phosphatase isoenzyme 1	Catalytic Concentration	Point in time (spot)	Serum	Qn		FALSE
70	s-maksa-1		6	16.67			Serum		2.1.2.1.2.2.2.2.2.1	Alkaline phosphatase isoenzyme 1	Catalytic Concentration	Point in time (spot)	Serum	Qn		FALSE
70	s-maksa-2	u/l	110	0	[3.95, 4.95, 5.9, 6.88, 7.37, 8.14, 9.54, 13.38, 18.4]		Serum		2.1.2.1.2.2.2.2.2.1	Alkaline phosphatase isoenzyme 2	Catalytic Concentration	Point in time (spot)	Serum	Qn		FALSE
70	s-maksa-2		12	8.33			Serum		2.1.2.1.2.2.2.2.2.1	Alkaline phosphatase isoenzyme 2	Catalytic Concentration	Point in time (spot)	Serum	Qn		FALSE
70	s-maksa1	u/l	134	0	[36.7, 43.4, 53.05, 58.95, 67.89, 79.32, 89.06, 98.11, 147.2]		Serum		2.1.2.1.2.2.2.2.2.1	Alkaline phosphatase isoenzyme 1	Catalytic Concentration	Point in time (spot)	Serum	Qn		FALSE
70	s-maksa1		9	66.67			Serum		2.1.2.1.2.2.2.2.2.1	Alkaline phosphatase isoenzyme 1	Catalytic Concentration	Point in time (spot)	Serum	Qn		FALSE
70	s-maksa2	u/l	132	0	[4, 5, 6, 7.35, 9, 10.85, 14.35, 21.6, 43.05]		Serum		2.1.2.1.2.2.2.2.2.1	Alkaline phosphatase isoenzyme 2	Catalytic Concentration	Point in time (spot)	Serum	Qn		FALSE
70	s-maksa2		11	81.82			Serum		2.1.2.1.2.2.2.2.2.1	Alkaline phosphatase isoenzyme 2	Catalytic Concentration	Point in time (spot)	Serum	Qn		FALSE
70	s-maksaab		1108	100			Serum		2.1.2.1.2.2.2.2.2.1				Serum			TRUE
70	s-maksap		147	100			Serum		2.1.2.1.2.2.2.2.2.1				Serum			TRUE
70	s-makspak		778	100			Serum		2.1.2.1.2.2.2.2.2.1				Serum			TRUE
70	s-ohkarba	umol/l	4080	0.02	[27.1, 35.97, 41.95, 47.99, 54.61, 61.42, 68.9, 80.34, 98.86]	S -Hydroksikarbatsepiini (10-)	Serum		2.1.2.1.2.2.2.2.2.1	10-Hydroxy-10,11-dihydrocarbamazepine	Substance Concentration	Point in time (spot)	Serum	Qn		FALSE
70	s-ohkarba		797	53.58	[25.02, 33.78, 40.6, 47.36, 53.64, 59.31, 68.63, 83.49, 103.17]	S -Hydroksikarbatsepiini (10-)	Serum		2.1.2.1.2.2.2.2.2.1	10-Hydroxy-10,11-dihydrocarbamazepine	Substance Concentration	Point in time (spot)	Serum	Qn		FALSE
70	s-okarba	umol/l	163	10.43	[0.4, 0.4, 0.8, 0.8, 0.8, 1, 1.2, 2, 2.28]	S -Okskarbatsepiini	Serum		2.1.2.1.2.2.2.2.2.1	Oxcarbazepine	Substance Concentration	Point in time (spot)	Serum	Qn		FALSE
70	s-okarba		168	92.26		S -Okskarbatsepiini	Serum		2.1.2.1.2.2.2.2.2.1	Oxcarbazepine	Presence or Threshold	Point in time (spot)	Serum	Ord		FALSE
70	s-ovarab	titre	22	9.09		S -Munasarja, vasta-aineet	Serum		2.1.2.1.2.2.2.2.2.1	Ovary Ab	Titer	Point in time (spot)	Serum	SemiQn		FALSE
70	s-ovarab		250	99.2		S -Munasarja, vasta-aineet	Serum		2.1.2.1.2.2.2.2.2.1	Ovary Ab	Presence or Threshold	Point in time (spot)	Serum	Ord		FALSE
70	s-pakast5		880	100			Serum		2.1.2.1.2.2.2.2.2.1				Serum	Nar		FALSE
70	s-pakast7		106	100			Serum		2.1.2.1.2.2.2.2.2.1				Serum	Nar		FALSE
70	s-pakaste		345	100			Serum		2.1.2.1.2.2.2.2.2.1				Serum	Nar		FALSE
70	s-pakkas		1423	100			Serum		2.1.2.1.2.2.2.2.2.1				Serum	Nar		FALSE
70	s-pakkase		262	100			Serum		2.1.2.1.2.2.2.2.2.1				Serum	Nar		FALSE
70	s-pakkask		1061	100			Serum		2.1.2.1.2.2.2.2.2.1				Serum	Nar		FALSE
70	s-pakkasl		919	100			Serum		2.1.2.1.2.2.2.2.2.1				Serum	Nar		FALSE
70	s-pakkasn		563	100			Serum		2.1.2.1.2.2.2.2.2.1				Serum	Nar		FALSE
70	s-pakkasv		357	100			Serum		2.1.2.1.2.2.2.2.2.1				Serum	Nar		FALSE
70	s-papp-a	mu/l	533	0	[227.4, 357.69, 452.41, 562.07, 709.24, 895.85, 1154.59, 1409.1, 2163.11]		Serum		2.1.2.1.2.2.2.2.2.1	Pregnancy-associated plasma protein A	Arbitrary Concentration	Point in time (spot)	Serum	Qn		FALSE
70	s-papp-a		338	2.37	[167.71, 318.34, 452.63, 572.23, 702.5, 894.09, 1122.57, 1356.65, 1789.1]		Serum		2.1.2.1.2.2.2.2.2.1	Pregnancy-associated plasma protein A	Arbitrary Concentration	Point in time (spot)	Serum	Qn		FALSE
70	s-pappa	form	136	0	[318.92, 443.67, 549.54, 657.05, 734.74, 894.71, 1259.38, 1647.76, 2113.41]	S -Plasmaproteiini A, raskauteen liittyvä	Serum		2.1.2.1.2.2.2.2.2.1	Pregnancy-associated plasma protein A	Arbitrary Concentration	Point in time (spot)	Serum	Qn		FALSE
70	s-pappa	mu/l	41976	0	[274.01, 424.82, 564.51, 708.65, 861.85, 1046.47, 1281.47, 1624.11, 2236.83]	S -Plasmaproteiini A, raskauteen liittyvä	Serum		2.1.2.1.2.2.2.2.2.1	Pregnancy-associated plasma protein A	Arbitrary Concentration	Point in time (spot)	Serum	Qn		FALSE
70	s-pappa		357	100	[254.51, 396.2, 527.37, 666.3, 821.3, 1003.01, 1225.19, 1551.35, 2139.86]	S -Plasmaproteiini A, raskauteen liittyvä	Serum		2.1.2.1.2.2.2.2.2.1	Pregnancy-associated plasma protein A	Presence or Threshold	Point in time (spot)	Serum	Ord		FALSE
70	s-pappmom	mom	461	0	[0.48, 0.64, 0.76, 0.89, 1.03, 1.22, 1.42, 1.67, 2.13]		Serum		2.1.2.1.2.2.2.2.2.1	Pregnancy-associated plasma protein A	Ratio	Point in time (spot)	Serum	Qn		FALSE
70	s-parapäe	u/ml	829	0	[0, 0, 0, 0, 0.01, 0.01, 0.02, 0.06, 0.35]		Serum		2.1.2.1.2.2.2.2.2.1	Brazil nut IgE Ab	Arbitrary Concentration	Point in time (spot)	Serum	Qn	Immunoassay	FALSE
70	s-parapäe		34	61.76			Serum		2.1.2.1.2.2.2.2.2.1	Brazil nut IgE Ab	Presence or Threshold	Point in time (spot)	Serum	Ord	Immunoassay	FALSE
70	s-paras	umol/l	2680	3.1	[16.09, 27.95, 44.46, 65.68, 102.63, 158.13, 258.09, 473.45, 862.14]	S -Parasetamoli	Serum		2.1.2.1.2.2.2.2.2.1	Acetaminophen	Substance Concentration	Point in time (spot)	Serum	Qn		FALSE
70	s-paras		2490	99.24		S -Parasetamoli	Serum		2.1.2.1.2.2.2.2.2.1	Acetaminophen	Presence or Threshold	Point in time (spot)	Serum	Ord		FALSE
70	s-paroab		212	100		S -Sikotautivirus, vasta-aineet	Serum		2.1.2.1.2.2.2.2.2.1	Mumps virus Ab		Point in time (spot)	Serum			TRUE
70	s-paroabg	au/ml	72	0	[14.1, 32.2, 47.68, 60.86, 78.93, 100.49, 117, 176, 216]	S -Sikotautivirus, IgG-vasta-aineet	Serum		2.1.2.1.2.2.2.2.2.1	Mumps virus IgG Ab	Arbitrary Concentration	Point in time (spot)	Serum	Qn		FALSE
70	s-paroabg	titre	45	0		S -Sikotautivirus, IgG-vasta-aineet	Serum		2.1.2.1.2.2.2.2.2.1	Mumps virus IgG Ab	Titer	Point in time (spot)	Serum	SemiQn		FALSE
70	s-paroabg		172	91.86		S -Sikotautivirus, IgG-vasta-aineet	Serum		2.1.2.1.2.2.2.2.2.1	Mumps virus IgG Ab	Presence or Threshold	Point in time (spot)	Serum	Ord		FALSE
70	s-paroabm		197	98.98		S -Sikotautivirus, IgM-vasta-aineet	Serum		2.1.2.1.2.2.2.2.2.1	Mumps virus IgM Ab	Presence or Threshold	Point in time (spot)	Serum	Ord		FALSE
70	s-parprot		1578	100			Serum		2.1.2.1.2.2.2.2.2.1	Paraprotein	Finding	Point in time (spot)	Serum	Nar	Electrophoresis	FALSE
70	s-parpäh	u/ml	67	0		S -Parapähkinä (f18), IgE-vasta-aineet	Serum		2.1.2.1.2.2.2.2.2.1	Brazil nut IgE Ab	Arbitrary Concentration	Point in time (spot)	Serum	Qn	Immunoassay	FALSE
70	s-parpäh		184	96.2		S -Parapähkinä (f18), IgE-vasta-aineet	Serum		2.1.2.1.2.2.2.2.2.1	Brazil nut IgE Ab	Presence or Threshold	Point in time (spot)	Serum	Ord	Immunoassay	FALSE
70	s-parvab		3096	100		S -Parvovirus, vasta-aineet	Serum		2.1.2.1.2.2.2.2.2.1	Parvovirus B19 Ab		Point in time (spot)	Serum			TRUE
70	s-parvabg	eiu	67	0	[10, 35, 50, 61, 71.88, 80.25, 90, 90, 100]	S -Parvovirus, IgG-vasta-aineet	Serum		2.1.2.1.2.2.2.2.2.1	Parvovirus B19 IgG Ab	Arbitrary Concentration	Point in time (spot)	Serum	Qn		FALSE
70	s-parvabg	ie/ml	5	0		S -Parvovirus, IgG-vasta-aineet	Serum		2.1.2.1.2.2.2.2.2.1	Parvovirus B19 IgG Ab	Arbitrary Concentration	Point in time (spot)	Serum	Qn		FALSE
70	s-parvabg	index	250	0	[10.1, 15.96, 22.67, 26.36, 30.21, 33.04, 36.98, 39.69, 42.76]	S -Parvovirus, IgG-vasta-aineet	Serum		2.1.2.1.2.2.2.2.2.1	Parvovirus B19 IgG Ab	Ratio	Point in time (spot)	Serum	Qn		FALSE
70	s-parvabg	iu/ml	57	0		S -Parvovirus, IgG-vasta-aineet	Serum		2.1.2.1.2.2.2.2.2.1	Parvovirus B19 IgG Ab	Arbitrary Concentration	Point in time (spot)	Serum	Qn		FALSE
70	s-parvabg	titre	558	0	[200, 400, 800, 800, 800, 1555.56, 1600, 1600, 1600]	S -Parvovirus, IgG-vasta-aineet	Serum		2.1.2.1.2.2.2.2.2.1	Parvovirus B19 IgG Ab	Titer	Point in time (spot)	Serum	SemiQn		FALSE
70	s-parvabg		2056	91.73	[4.91, 11.45, 38.67, 122.23, 400, 800, 800, 1600, 1600]	S -Parvovirus, IgG-vasta-aineet	Serum		2.1.2.1.2.2.2.2.2.1	Parvovirus B19 IgG Ab	Presence or Threshold	Point in time (spot)	Serum	Ord		FALSE
70	s-parvabm		2965	99.46		S -Parvovirus, IgM-vasta-aineet	Serum		2.1.2.1.2.2.2.2.2.1	Parvovirus B19 IgM Ab	Presence or Threshold	Point in time (spot)	Serum	Ord		FALSE
70	s-parvavi	%	13	0		S -Parvovirus, vasta-aineet, aviditeetti	Serum		2.1.2.1.2.2.2.2.2.1	Parvovirus B19 IgG Ab avidity	Ratio	Point in time (spot)	Serum	Qn		FALSE
70	s-parvavi		600	95.33		S -Parvovirus, vasta-aineet, aviditeetti	Serum		2.1.2.1.2.2.2.2.2.1	Parvovirus B19 IgG Ab avidity	Presence or Threshold	Point in time (spot)	Serum	Ord		FALSE
70	s-pekpähe	u/ml	31	0			Serum		2.1.2.1.2.2.2.2.2.1	Pecan nut IgE Ab	Arbitrary Concentration	Point in time (spot)	Serum	Qn	Immunoassay	FALSE
70	s-pekpähe		77	96.1			Serum		2.1.2.1.2.2.2.2.2.1	Pecan nut IgE Ab	Presence or Threshold	Point in time (spot)	Serum	Ord	Immunoassay	FALSE
70	s-sakspäe	u/ml	883	0	[0, 0, 0, 0.01, 0.01, 0.03, 0.07, 0.21, 1.55]		Serum		2.1.2.1.2.2.2.2.2.1	Walnut IgE Ab	Arbitrary Concentration	Point in time (spot)	Serum	Qn	Immunoassay	FALSE
70	s-sakspäe		95	74.74			Serum		2.1.2.1.2.2.2.2.2.1	Walnut IgE Ab	Presence or Threshold	Point in time (spot)	Serum	Ord	Immunoassay	FALSE
70	s-sappih	umol/l	9172	0.36	[2, 2.87, 3.49, 4.45, 5.83, 7.59, 10.65, 16.77, 32.84]	S -Sappihapot	Serum		2.1.2.1.2.2.2.2.2.1	Bile acids.total	Substance Concentration	Point in time (spot)	Serum	Qn		FALSE
70	s-sappih		1955	50.33	[2, 3, 3, 4, 4.4, 5.33, 7.05, 9.69, 18.19]	S -Sappihapot	Serum		2.1.2.1.2.2.2.2.2.1	Bile acids.total	Substance Concentration	Point in time (spot)	Serum	Qn		FALSE
70	s-valpr	%	33	0		S -Valproaatti	Serum		2.1.2.1.2.2.2.2.2.1	Valproate.free/Valproate.total	Mass Fraction	Point in time (spot)	Serum	Qn		FALSE
70	s-valpr	umol/l	35853	0.05	[220.39, 285.23, 332.16, 372.59, 408.92, 446.56, 486.81, 533.22, 600.78]	S -Valproaatti	Serum		2.1.2.1.2.2.2.2.2.1	Valproate	Substance Concentration	Point in time (spot)	Serum	Qn		FALSE
70	s-valpr		1583	100	[195.88, 257.11, 300.41, 340.81, 382.77, 422.91, 465.76, 516.34, 588.53]	S -Valproaatti	Serum		2.1.2.1.2.2.2.2.2.1	Valproate	Presence or Threshold	Point in time (spot)	Serum	Ord		FALSE
70	s-valpr-v	umol/l	818	0	[25.49, 29.94, 35.24, 39.88, 44.93, 50.41, 57.45, 67.85, 86.45]	S -Valproaatti, vapaa	Serum	Free or unconjugated	2.1.2.1.2.2.2.2.2.1	Valproate.free	Substance Concentration	Point in time (spot)	Serum	Qn		FALSE
70	s-valpr-v		221	80.54		S -Valproaatti, vapaa	Serum	Free or unconjugated	2.1.2.1.2.2.2.2.2.1	Valproate.free	Presence or Threshold	Point in time (spot)	Serum	Ord		FALSE
70	s-valpro	umol/l	171	0			Serum		2.1.2.1.2.2.2.2.2.1	Valproate	Substance Concentration	Point in time (spot)	Serum	Qn		FALSE
70	s-valpro		5	100			Serum		2.1.2.1.2.2.2.2.2.1	Valproate	Presence or Threshold	Point in time (spot)	Serum	Ord		FALSE
70	s-vara		340	100			Serum		2.1.2.1.2.2.2.2.2.1				Serum	Nar		FALSE
70	s-varah		253	100			Serum		2.1.2.1.2.2.2.2.2.1				Serum	Nar		FALSE
70	sappihapot	umol/l	161	0					2.1.2.1.2.2.2.2.2.1	Bile acids.total	Substance Concentration	Point in time (spot)	Serum or Plasma	Qn		FALSE
70	sappihapot		14	100					2.1.2.1.2.2.2.2.2.1	Bile acids.total	Presence or Threshold	Point in time (spot)	Serum or Plasma	Ord		FALSE
70	sk-padihot		24730	100		Sk-Ihottumanäytteen histologinen tutkimus	Skin		2.1.2.1.2.2.2.2.2.1	Histology	Finding	Point in time (spot)	Skin	Nar		FALSE
70	tupakka	u/24h	599	0	[0, 0, 0, 0, 0, 0, 0, 0, 8.55]				2.1.2.1.2.2.2.2.2.1	Cotinine	Arbitrary Concentration	24 hours	Urine	Qn		FALSE
70	tupakka		104	100					2.1.2.1.2.2.2.2.2.1	Cotinine	Presence or Threshold		Urine	Ord		FALSE
70	u-gluprot		2097	100			Urine		2.1.2.1.2.2.2.2.2.1	Glucose and Protein panel		Point in time (spot)	Urine			TRUE
70	u-partik		14759	100			Urine		2.1.2.1.2.2.2.2.2.1	Microscopic observation	Finding	Point in time (spot)	Urine sediment	Nar		FALSE
70	u-partikk		5466	100			Urine		2.1.2.1.2.2.2.2.2.1	Microscopic observation	Finding	Point in time (spot)	Urine sediment	Nar		FALSE
70	u-rakkoai	h	373	0	[2.84, 4, 4, 4.03, 5, 6, 6.66, 7.87, 8.33]		Urine		2.1.2.1.2.2.2.2.2.1	Bladder emptying time	Time	Point in time (spot)	^Patient	Qn		FALSE
70	u-rakkoai		5	100			Urine		2.1.2.1.2.2.2.2.2.1	Bladder emptying time	Time	Point in time (spot)	^Patient	Qn		FALSE
70	u-sakka		2736	100			Urine		2.1.2.1.2.2.2.2.2.1	Microscopic observation	Finding	Point in time (spot)	Urine sediment	Nar		FALSE
70	u-valvott		1125	100			Urine		2.1.2.1.2.2.2.2.2.1				Urine	Nar		FALSE
70	u-varabak		206	100			Urine		2.1.2.1.2.2.2.2.2.1				Urine	Nar		FALSE
73	-hinfnho		311	100					2.1.2.2.1.2.1.1		Presence or Threshold	Point in time (spot)		Ord	Nucleic acid amplification with probe detection	FALSE
73	-hinnho		3618	100					2.1.2.2.1.2.1.1		Presence or Threshold	Point in time (spot)		Ord	Nucleic acid amplification with probe detection	FALSE
73	-inabnho		4313	100		-Influenssa A ja B-virus, nukleiinihappo (kval)			2.1.2.2.1.2.1.1							TRUE
73	-inabnhoho		387	100					2.1.2.2.1.2.1.1							TRUE
73	-inabrsnho		432	100					2.1.2.2.1.2.1.1							TRUE
73	-inanho		356	100					2.1.2.2.1.2.1.1	Influenza A virus	Presence or Threshold	Point in time (spot)		Ord	Nucleic acid amplification with probe detection	FALSE
73	-inanhoho		409	100					2.1.2.2.1.2.1.1	Influenza A virus	Presence or Threshold	Point in time (spot)		Ord	Nucleic acid amplification with probe detection	FALSE
73	-inbnho		356	100					2.1.2.2.1.2.1.1	Influenza B virus	Presence or Threshold	Point in time (spot)		Ord	Nucleic acid amplification with probe detection	FALSE
73	-inbnhoho		411	100					2.1.2.2.1.2.1.1	Influenza B virus	Presence or Threshold	Point in time (spot)		Ord	Nucleic acid amplification with probe detection	FALSE
73	-infanho		122873	100		-Influenssa A -virus, nukleiinihappo (kval)			2.1.2.2.1.2.1.1	Influenza A virus	Presence or Threshold	Point in time (spot)		Ord	Nucleic acid amplification with probe detection	FALSE
73	-infbnho		95902	100		-Influenssa B-virus, nukleiinihappo (kval)			2.1.2.2.1.2.1.1	Influenza B virus	Presence or Threshold	Point in time (spot)		Ord	Nucleic acid amplification with probe detection	FALSE
73	-infvnho		1260	100		-Influenssa A-virus, variantti, nukleiinihappo (kval)			2.1.2.2.1.2.1.1	Influenza A virus variant	Presence or Threshold	Point in time (spot)		Ord	Nucleic acid amplification with probe detection	FALSE
73	-pin1nho		9246	100		-Parainfluenssa 1-virus, nukleiinihappo (kval)			2.1.2.2.1.2.1.1	Parainfluenza virus 1	Presence or Threshold	Point in time (spot)		Ord	Nucleic acid amplification with probe detection	FALSE
73	-pin2nho		9244	100		-Parainfluenssa 2-virus, nukleiinihappo (kval)			2.1.2.2.1.2.1.1	Parainfluenza virus 2	Presence or Threshold	Point in time (spot)		Ord	Nucleic acid amplification with probe detection	FALSE
73	-pin3nho		9240	100		-Parainfluenssa 3-virus, nukleiinihappo (kval)			2.1.2.2.1.2.1.1	Parainfluenza virus 3	Presence or Threshold	Point in time (spot)		Ord	Nucleic acid amplification with probe detection	FALSE
73	-pin4nho		9240	100		-Parainfluenssa 4-virus, nukleiinihappo (kval)			2.1.2.2.1.2.1.1	Parainfluenza virus 4	Presence or Threshold	Point in time (spot)		Ord	Nucleic acid amplification with probe detection	FALSE
73	-pinfnho		5018	100					2.1.2.2.1.2.1.1	Parainfluenza virus	Presence or Threshold	Point in time (spot)		Ord	Nucleic acid amplification with probe detection	FALSE
73	-rinonho		7403	100		-Rinovirus, nukleiinihappo (kval)			2.1.2.2.1.2.1.1	Rhinovirus	Presence or Threshold	Point in time (spot)		Ord	Nucleic acid amplification with probe detection	FALSE
73	-tintnho		595	100					2.1.2.2.1.2.1.1		Presence or Threshold	Point in time (spot)		Ord	Nucleic acid amplification with probe detection	FALSE
73	hinflnho		745	100					2.1.2.2.1.2.1.1	Haemophilus influenzae	Presence or Threshold	Point in time (spot)		Ord	Nucleic acid amplification with probe detection	FALSE
73	inanho		7494	100					2.1.2.2.1.2.1.1	Influenza A virus	Presence or Threshold	Point in time (spot)		Ord	Nucleic acid amplification with probe detection	FALSE
73	inbnho		7494	100					2.1.2.2.1.2.1.1	Influenza B virus	Presence or Threshold	Point in time (spot)		Ord	Nucleic acid amplification with probe detection	FALSE
73	infanho		12417	100					2.1.2.2.1.2.1.1	Influenza A virus	Presence or Threshold	Point in time (spot)		Ord	Nucleic acid amplification with probe detection	FALSE
73	infbnho		34660	100					2.1.2.2.1.2.1.1	Influenza B virus	Presence or Threshold	Point in time (spot)		Ord	Nucleic acid amplification with probe detection	FALSE
73	infnho		766	100					2.1.2.2.1.2.1.1	Influenza virus	Presence or Threshold	Point in time (spot)		Ord	Nucleic acid amplification with probe detection	FALSE
73	pin1nho		4037	100					2.1.2.2.1.2.1.1	Parainfluenza virus 1	Presence or Threshold	Point in time (spot)		Ord	Nucleic acid amplification with probe detection	FALSE
73	pin2nho		4036	100					2.1.2.2.1.2.1.1	Parainfluenza virus 2	Presence or Threshold	Point in time (spot)		Ord	Nucleic acid amplification with probe detection	FALSE
73	pin3nho		4036	100					2.1.2.2.1.2.1.1	Parainfluenza virus 3	Presence or Threshold	Point in time (spot)		Ord	Nucleic acid amplification with probe detection	FALSE
73	pin4nho		4034	100					2.1.2.2.1.2.1.1	Parainfluenza virus 4	Presence or Threshold	Point in time (spot)		Ord	Nucleic acid amplification with probe detection	FALSE
73	rinonho		245	100					2.1.2.2.1.2.1.1	Rhinovirus	Presence or Threshold	Point in time (spot)		Ord	Nucleic acid amplification with probe detection	FALSE
74	-aspenho		680	100		-Aspergillus, nukleiinihappo (kval)			2.1.2.2.1.2.1.2.1	Aspergillus	Presence or Threshold	Point in time (spot)		Ord	Nucleic acid amplification with probe detection	FALSE
74	-baktnho		14771	100		-Bakteeri, nukleiinihappo (kval)			2.1.2.2.1.2.1.2.1	Bacteria	Presence or Threshold	Point in time (spot)		Ord	Nucleic acid amplification with probe detection	FALSE
74	-bocanho		1008	100					2.1.2.2.1.2.1.2.1	Human bocavirus	Presence or Threshold	Point in time (spot)		Ord	Nucleic acid amplification with probe detection	FALSE
74	-bokanho		13005	100		-Bokavirus, nukleiinihappo (kval)			2.1.2.2.1.2.1.2.1	Human bocavirus	Presence or Threshold	Point in time (spot)		Ord	Nucleic acid amplification with probe detection	FALSE
74	-bopanho		1739	100					2.1.2.2.1.2.1.2.1	Bordetella	Presence or Threshold	Point in time (spot)		Ord	Nucleic acid amplification with probe detection	FALSE
74	-bopenho		12052	100		-Bordetella pertussis, nukleiinihappo (kval)			2.1.2.2.1.2.1.2.1	Bordetella pertussis	Presence or Threshold	Point in time (spot)		Ord	Nucleic acid amplification with probe detection	FALSE
74	-bopenho.		1314	100					2.1.2.2.1.2.1.2.1	Bordetella pertussis	Presence or Threshold	Point in time (spot)		Ord	Nucleic acid amplification with probe detection	FALSE
74	-boppnho		3753	100					2.1.2.2.1.2.1.2.1	Bordetella pertussis+parapertussis	Presence or Threshold	Point in time (spot)		Ord	Nucleic acid amplification with probe detection	FALSE
74	-borrnho		1762	100		-Borrelia, nukleiinihappo (kval)			2.1.2.2.1.2.1.2.1	Borrelia	Presence or Threshold	Point in time (spot)		Ord	Nucleic acid amplification with probe detection	FALSE
74	-bparnho		314	100					2.1.2.2.1.2.1.2.1	Bordetella parapertussis	Presence or Threshold	Point in time (spot)		Ord	Nucleic acid amplification with probe detection	FALSE
74	-rbaktnho		4646	100					2.1.2.2.1.2.1.2.1	Bacteria	Presence or Threshold	Point in time (spot)		Ord	Nucleic acid amplification with probe detection	FALSE
74	baktnho		328	100					2.1.2.2.1.2.1.2.1	Bacteria	Presence or Threshold	Point in time (spot)		Ord	Nucleic acid amplification with probe detection	FALSE
74	bokanho		222	100					2.1.2.2.1.2.1.2.1	Human bocavirus	Presence or Threshold	Point in time (spot)		Ord	Nucleic acid amplification with probe detection	FALSE
74	bopenho		608	100					2.1.2.2.1.2.1.2.1	Bordetella pertussis	Presence or Threshold	Point in time (spot)		Ord	Nucleic acid amplification with probe detection	FALSE
74	bparanho		1650	100					2.1.2.2.1.2.1.2.1	Bordetella parapertussis	Presence or Threshold	Point in time (spot)		Ord	Nucleic acid amplification with probe detection	FALSE
74	f-baktnho		17469	100			Feces		2.1.2.2.1.2.1.2.1	Bacteria	Presence or Threshold	Point in time (spot)	Stool	Ord	Nucleic acid amplification with probe detection	FALSE
74	f-paranho		14240	99.99		F -Parasiitit, nukleiinihappo (kval)	Feces		2.1.2.2.1.2.1.2.1	Parasite	Presence or Threshold	Point in time (spot)	Stool	Ord	Nucleic acid amplification with probe detection	FALSE
74	f-salmnho		2354	100		F -Salmonella, nukleiinihappo (kval)	Feces		2.1.2.2.1.2.1.2.1	Salmonella	Presence or Threshold	Point in time (spot)	Stool	Ord	Nucleic acid amplification with probe detection	FALSE
74	f-saponho		4057	100		F -Sapovirus, nukleiinihappo (kval)	Feces		2.1.2.2.1.2.1.2.1	Sapovirus	Presence or Threshold	Point in time (spot)	Stool	Ord	Nucleic acid amplification with probe detection	FALSE
74	kv229enho		5976	100					2.1.2.2.1.2.1.2.1	Human coronavirus 229E	Presence or Threshold	Point in time (spot)		Ord	Nucleic acid amplification with probe detection	FALSE
74	kvhku1nho		537	100					2.1.2.2.1.2.1.2.1	Human coronavirus HKU1	Presence or Threshold	Point in time (spot)		Ord	Nucleic acid amplification with probe detection	FALSE
74	kvnl63nho		5975	100					2.1.2.2.1.2.1.2.1	Human coronavirus NL63	Presence or Threshold	Point in time (spot)		Ord	Nucleic acid amplification with probe detection	FALSE
74	kvoc43nho		5977	100					2.1.2.2.1.2.1.2.1	Human coronavirus OC43	Presence or Threshold	Point in time (spot)		Ord	Nucleic acid amplification with probe detection	FALSE
74	li-baktnho		268	100		Li-Bakteeri, nukleiinihappo (kval)	Cerebrospinal fluid		2.1.2.2.1.2.1.2.1	Bacteria	Presence or Threshold	Point in time (spot)	Cerebral spinal fluid	Ord	Nucleic acid amplification with probe detection	FALSE
74	resbaktnho		770	100					2.1.2.2.1.2.1.2.1	Bacteria	Presence or Threshold	Point in time (spot)		Ord	Nucleic acid amplification with probe detection	FALSE
74	s-parvnho		208	99.04		S -Parvovirus, nukleiinihappo (kval)	Serum		2.1.2.2.1.2.1.2.1	Parvovirus B19	Presence or Threshold	Point in time (spot)	Serum	Ord	Nucleic acid amplification with probe detection	FALSE
74	salmnho		8183	100					2.1.2.2.1.2.1.2.1	Salmonella	Presence or Threshold	Point in time (spot)		Ord	Nucleic acid amplification with probe detection	FALSE
79	cu-alb-mi	ug/min	7258	0	[2, 3.03, 4.27, 6.2, 9.73, 17, 34.68, 78.84, 221.36]	cU-Albumiini, mikroalbuminuria	Collected urine	Micro	2.1.2.2.2.1.1.1.2.1	Albumin	Mass Rate		Urine	Qn		FALSE
79	cu-alb-mi		1830	100	[2, 3.76, 5.36, 7.63, 12.69, 25, 48.21, 105.09, 287.3]	cU-Albumiini, mikroalbuminuria	Collected urine	Micro	2.1.2.2.2.1.1.1.2.1	Albumin	Mass Rate		Urine	Qn		FALSE
79	nu-alb-mi	mg/12h	12	0		nU-Albumiini, mikroalbuminuria	Night (morning) urine	Micro	2.1.2.2.2.1.1.1.2.1	Albumin	Mass/Time	12 hours	Urine	Qn		FALSE
79	nu-alb-mi	ug/min	155	0	[5, 8.88, 19.76, 34.34, 70.38, 107.14, 173.45, 320, 537.6]	nU-Albumiini, mikroalbuminuria	Night (morning) urine	Micro	2.1.2.2.2.1.1.1.2.1	Albumin	Mass Rate		Urine	Qn		FALSE
79	nu-alb-mi		157	68.15		nU-Albumiini, mikroalbuminuria	Night (morning) urine	Micro	2.1.2.2.2.1.1.1.2.1	Albumin	Mass Rate		Urine	Qn		FALSE
79	nu-albkre	mg/mmol	438	0	[0.3, 0.49, 0.65, 0.9, 1.28, 2, 4.09, 8.45, 23.14]		Night (morning) urine		2.1.2.2.2.1.1.1.2.1	Albumin/Creatinine	Ratio	Point in time (spot)	Urine	Qn		FALSE
79	nu-albkre		2191	62.12	[0.39, 0.5, 0.69, 0.87, 1.2, 1.82, 2.88, 6.31, 19.04]		Night (morning) urine		2.1.2.2.2.1.1.1.2.1	Albumin/Creatinine	Ratio	Point in time (spot)	Urine	Qn		FALSE
79	nu-albkrea	mg/mmol	20929	0	[0.33, 0.49, 0.66, 0.9, 1.32, 2.09, 3.79, 8.38, 27.64]		Night (morning) urine		2.1.2.2.2.1.1.1.2.1	Albumin/Creatinine	Ratio	Point in time (spot)	Urine	Qn		FALSE
79	nu-albkrea		26197	100	[0.21, 0.36, 0.51, 0.7, 1.05, 1.62, 2.84, 6.09, 18.42]		Night (morning) urine		2.1.2.2.2.1.1.1.2.1	Albumin/Creatinine	Ratio	Point in time (spot)	Urine	Qn		FALSE
79	u-a1mikre		113	12.39	[1, 2.43, 3.5, 6.91, 9.03, 11.18, 14.78, 18.06, 35.1]		Urine		2.1.2.2.2.1.1.1.2.1	Alpha-1-microglobulin/Creatinine	Ratio	Point in time (spot)	Urine	Qn		FALSE
79	u-alb-0		992	100			Urine		2.1.2.2.2.1.1.1.2.1	Albumin	Presence or Threshold	Point in time (spot)	Urine	Ord		FALSE
79	u-alb-lb	mg/l	70	0			Urine		2.1.2.2.2.1.1.1.2.1	Albumin	Mass Concentration	Point in time (spot)	Urine	Qn		FALSE
79	u-alb-lb		50	98			Urine		2.1.2.2.2.1.1.1.2.1	Albumin	Mass Concentration	Point in time (spot)	Urine	Qn		FALSE
79	u-alb-mi	mg/l	7488	0	[3.01, 4.02, 5.51, 7.59, 11.17, 18.74, 35.95, 87.24, 325.25]		Urine	Micro	2.1.2.2.2.1.1.1.2.1	Albumin	Mass Concentration	Point in time (spot)	Urine	Qn		FALSE
79	u-alb-mi		3031	100	[1.94, 3, 4.21, 6.03, 8.61, 11.71, 20.86, 50.08, 291.2]		Urine	Micro	2.1.2.2.2.1.1.1.2.1	Albumin	Mass Concentration	Point in time (spot)	Urine	Qn		FALSE
79	u-alb-o	estimate	161670	2.95	[0, 0, 0, 0, 0, 0, 0, 0, 0]	U -Albumiini (kval)	Urine	Qualitative test (also semi-quantitative)	2.1.2.2.2.1.1.1.2.1	Albumin	Presence or Threshold	Point in time (spot)	Urine	Ord		FALSE
79	u-alb-o	form	287	0	[0, 0, 0, 0, 0, 0, 0, 0, 0]	U -Albumiini (kval)	Urine	Qualitative test (also semi-quantitative)	2.1.2.2.2.1.1.1.2.1	Albumin	Presence or Threshold	Point in time (spot)	Urine	Ord		FALSE
79	u-alb-o		312867	100	[0, 0, 0, 0, 0, 0, 0, 0, 0]	U -Albumiini (kval)	Urine	Qualitative test (also semi-quantitative)	2.1.2.2.2.1.1.1.2.1	Albumin	Presence or Threshold	Point in time (spot)	Urine	Ord		FALSE
79	u-alb/kre	g/mol	142	0	[1.78, 3.02, 3.92, 5.37, 8.28, 16.58, 32.75, 51.54, 140.31]		Urine		2.1.2.2.2.1.1.1.2.1	Albumin/Creatinine	Ratio	Point in time (spot)	Urine	Qn		FALSE
79	u-alb/kre	mg/mmol	2591	0	[0.3, 0.42, 0.6, 0.84, 1.25, 2.07, 3.99, 8.87, 30.32]		Urine		2.1.2.2.2.1.1.1.2.1	Albumin/Creatinine	Ratio	Point in time (spot)	Urine	Qn		FALSE
79	u-alb/kre		2491	96.87			Urine		2.1.2.2.2.1.1.1.2.1	Albumin/Creatinine	Ratio	Point in time (spot)	Urine	Qn		FALSE
79	u-alb/kre,u-alb		247	39.27	[6.13, 7.52, 9.27, 12.32, 15.29, 19.26, 37.25, 66.2, 187.73]		Urine		2.1.2.2.2.1.1.1.2.1	Albumin/Creatinine	Ratio	Point in time (spot)	Urine	Qn		FALSE
79	u-alb/kre,u-alb/krea	mg/mmol	148	0	[0.59, 0.74, 0.99, 1.41, 1.89, 3.03, 5.25, 10.21, 22.45]		Urine		2.1.2.2.2.1.1.1.2.1	Albumin/Creatinine	Ratio	Point in time (spot)	Urine	Qn		FALSE
79	u-alb/kre,u-alb/krea		99	96.97			Urine		2.1.2.2.2.1.1.1.2.1	Albumin/Creatinine	Ratio	Point in time (spot)	Urine	Qn		FALSE
79	u-alb/kre,u-krea		247	0.81	[3.67, 4.76, 5.83, 6.76, 7.67, 8.61, 9.82, 10.75, 12.92]		Urine		2.1.2.2.2.1.1.1.2.1	Creatinine	Substance Concentration	Point in time (spot)	Urine	Qn		FALSE
79	u-alb/krea	g/mol	49	0			Urine		2.1.2.2.2.1.1.1.2.1	Albumin/Creatinine	Ratio	Point in time (spot)	Urine	Qn		FALSE
79	u-alb/krea	mg/mmol	879	0	[0.29, 0.4, 0.52, 0.73, 1.06, 1.82, 2.87, 5.79, 14.42]		Urine		2.1.2.2.2.1.1.1.2.1	Albumin/Creatinine	Ratio	Point in time (spot)	Urine	Qn		FALSE
79	u-alb/krea		812	100			Urine		2.1.2.2.2.1.1.1.2.1	Albumin/Creatinine	Ratio	Point in time (spot)	Urine	Qn		FALSE
79	u-albkre	g/mol	10	0		U -Albumiinin ja kreatiniinin suhde	Urine		2.1.2.2.2.1.1.1.2.1	Albumin/Creatinine	Ratio	Point in time (spot)	Urine	Qn		FALSE
79	u-albkre	mg/mmol	294883	0.26	[0.31, 0.5, 0.7, 1.03, 1.68, 3, 6.29, 16.55, 61.66]	U -Albumiinin ja kreatiniinin suhde	Urine		2.1.2.2.2.1.1.1.2.1	Albumin/Creatinine	Ratio	Point in time (spot)	Urine	Qn		FALSE
79	u-albkre		200553	100	[0.3, 0.4, 0.59, 0.81, 1.18, 1.92, 3.44, 7.04, 20.74]	U -Albumiinin ja kreatiniinin suhde	Urine		2.1.2.2.2.1.1.1.2.1	Albumin/Creatinine	Ratio	Point in time (spot)	Urine	Qn		FALSE
79	u-albkrea	mg/mmol	10590	0	[0.3, 0.44, 0.59, 0.73, 0.97, 1.31, 1.85, 3.03, 9.45]		Urine		2.1.2.2.2.1.1.1.2.1	Albumin/Creatinine	Ratio	Point in time (spot)	Urine	Qn		FALSE
79	u-albkrea	mg/mmol/l	81	0			Urine		2.1.2.2.2.1.1.1.2.1	Albumin/Creatinine	Ratio	Point in time (spot)	Urine	Qn		FALSE
79	u-albkrea		15486	73.32	[0.4, 0.65, 1.06, 1.98, 3.39, 4.96, 7.85, 14.4, 37.26]		Urine		2.1.2.2.2.1.1.1.2.1	Albumin/Creatinine	Ratio	Point in time (spot)	Urine	Qn		FALSE
79	u-alvhu4a		760	100			Urine		2.1.2.2.2.1.1.1.2.1			Point in time (spot)	Urine	Nar		FALSE
79	u-alvhu5b		912	100			Urine		2.1.2.2.2.1.1.1.2.1			Point in time (spot)	Urine	Nar		FALSE
79	u-alvhu6a		1273	100			Urine		2.1.2.2.2.1.1.1.2.1			Point in time (spot)	Urine	Nar		FALSE
79	u-cakre		106	48.11			Urine		2.1.2.2.2.1.1.1.2.1	Calcium/Creatinine	Ratio	Point in time (spot)	Urine	Qn		FALSE
79	u-happamuus		204	0.49	[6.5, 6.5, 7, 7, 7, 7, 7.5, 7.5, 8]		Urine		2.1.2.2.2.1.1.1.2.1	pH	pH	Point in time (spot)	Urine	Qn		FALSE
79	u-prokre	g/mol	973	0.41	[5.03, 6.97, 8.99, 11.1, 14.55, 19.47, 27.35, 52.28, 161.87]	U -Proteiinin ja kreatiniinin suhde	Urine		2.1.2.2.2.1.1.1.2.1	Protein/Creatinine	Ratio	Point in time (spot)	Urine	Qn		FALSE
79	u-prokre	mg/mmol	1813	0	[9.66, 12.56, 16.16, 21.33, 30.42, 49.33, 102.26, 292.89, 1027.72]	U -Proteiinin ja kreatiniinin suhde	Urine		2.1.2.2.2.1.1.1.2.1	Protein/Creatinine	Ratio	Point in time (spot)	Urine	Qn		FALSE
79	u-prokre		646	99.85		U -Proteiinin ja kreatiniinin suhde	Urine		2.1.2.2.2.1.1.1.2.1	Protein/Creatinine	Ratio	Point in time (spot)	Urine	Qn		FALSE
79	u-protkre	mg/mmol	121	0			Urine		2.1.2.2.2.1.1.1.2.1	Protein/Creatinine	Ratio	Point in time (spot)	Urine	Qn		FALSE
79	u-protkre		9	100			Urine		2.1.2.2.2.1.1.1.2.1	Protein/Creatinine	Ratio	Point in time (spot)	Urine	Qn		FALSE
79	u-sakka,bakt		330	99.39			Urine		2.1.2.2.2.1.1.1.2.1	Bacteria	Presence or Threshold	Point in time (spot)	Urine sediment	Ord		FALSE
79	u-sakka,epit		1251	71.3	[0, 0, 0, 0, 0, 0, 0.33, 1, 2]		Urine		2.1.2.2.2.1.1.1.2.1	Epithelial cells	Arbitrary Concentration	Point in time (spot)	Urine sediment	SemiQn		FALSE
79	u-sakka,eryt	u/field	1247	0	[0, 1, 1, 1, 1, 2, 2.67, 4, 7]		Urine		2.1.2.2.2.1.1.1.2.1	Erythrocytes	Number Concentration	Point in time (spot)	Urine sediment	Qn		FALSE
79	u-sakka,eryt		121	100	[0, 0, 0, 0, 0.62, 1, 2, 3.04, 7.71]		Urine		2.1.2.2.2.1.1.1.2.1	Erythrocytes	Number Concentration	Point in time (spot)	Urine sediment	Qn		FALSE
79	u-sakka,leuk	u/field	1087	0	[0, 0, 0, 0, 0, 1, 1, 2.25, 5]		Urine		2.1.2.2.2.1.1.1.2.1	Leukocytes	Number Concentration	Point in time (spot)	Urine sediment	Qn		FALSE
79	u-sakka,leuk		261	100	[0, 0, 0, 0, 0, 0.98, 2, 4.88, 11.66]		Urine		2.1.2.2.2.1.1.1.2.1	Leukocytes	Number Concentration	Point in time (spot)	Urine sediment	Qn		FALSE
79	u-sakka,lier		367	5.72	[0, 0, 0, 0, 0, 0, 0, 0, 0]		Urine		2.1.2.2.2.1.1.1.2.1	Casts	Presence or Threshold	Point in time (spot)	Urine sediment	Ord		FALSE
79	u-sakka,makrof		367	4.63	[0, 0, 0, 0, 0, 0, 0, 0, 0]		Urine		2.1.2.2.2.1.1.1.2.1	Macrophages	Presence or Threshold	Point in time (spot)	Urine sediment	Ord		FALSE
79	u-sakka,muuta		456	25.88	[0, 0, 0, 0, 0, 0, 0, 0, 0]		Urine		2.1.2.2.2.1.1.1.2.1	Microscopic findings	Finding	Point in time (spot)	Urine sediment	Nar		FALSE
79	u-solut,muut		136	88.24			Urine		2.1.2.2.2.1.1.1.2.1	Cells	Finding	Point in time (spot)	Urine	Nar		FALSE
84	alvhuumott		120	100					2.1.2.2.2.1.1.2.1.1.2.1	Specimen collection	Finding	Point in time (spot)	^Patient	Nar		FALSE
84	bm-notto		364	100			Bone marrow		2.1.2.2.2.1.1.2.1.1.2.1	Specimen collection	Finding	Point in time (spot)	Bone marrow	Nar		FALSE
84	gyn.notto		1682	100					2.1.2.2.2.1.1.2.1.1.2.1	Specimen collection	Finding	Point in time (spot)	^Patient	Nar		FALSE
84	huumn.otto		1041	100					2.1.2.2.2.1.1.2.1.1.2.1	Specimen collection	Finding	Point in time (spot)	^Patient	Nar		FALSE
84	n-otto		165	100					2.1.2.2.2.1.1.2.1.1.2.1	Specimen collection	Finding	Point in time (spot)	^Patient	Nar		FALSE
84	n.otto		258	100					2.1.2.2.2.1.1.2.1.1.2.1	Specimen collection	Finding	Point in time (spot)	^Patient	Nar		FALSE
84	notto		4008	99.88					2.1.2.2.2.1.1.2.1.1.2.1	Specimen collection	Finding	Point in time (spot)	^Patient	Nar		FALSE
84	notto,neuv		634	100					2.1.2.2.2.1.1.2.1.1.2.1	Counseling	Finding	Point in time (spot)	^Patient	Nar		FALSE
84	notto,tyks		416	100					2.1.2.2.2.1.1.2.1.1.2.1							FALSE
84	notto/eris		444	100					2.1.2.2.2.1.1.2.1.1.2.1	Specimen collection	Finding	Point in time (spot)	^Patient	Nar		FALSE
84	nottocovid		1700	100					2.1.2.2.2.1.1.2.1.1.2.1	Specimen collection	Finding	Point in time (spot)	^Patient	Nar		FALSE
84	nottopkl		3516	100					2.1.2.2.2.1.1.2.1.1.2.1							FALSE
84	nottoverikoe		1735	100					2.1.2.2.2.1.1.2.1.1.2.1	Specimen collection	Finding	Point in time (spot)	^Patient	Nar		FALSE
84	näyt.käsit		520	100					2.1.2.2.2.1.1.2.1.1.2.1	Specimen handling	Finding	Point in time (spot)		Nar		FALSE
84	näyt.ot-1		174	100					2.1.2.2.2.1.1.2.1.1.2.1	Specimen collection	Finding	Point in time (spot)	^Patient	Nar		FALSE
84	näyt.ot.		10018	100					2.1.2.2.2.1.1.2.1.1.2.1	Specimen collection	Finding	Point in time (spot)	^Patient	Nar		FALSE
84	näyt.otto		5060	100					2.1.2.2.2.1.1.2.1.1.2.1	Specimen collection	Finding	Point in time (spot)	^Patient	Nar		FALSE
84	näytekulje		408	100					2.1.2.2.2.1.1.2.1.1.2.1	Specimen transport	Finding	Point in time (spot)		Nar		FALSE
84	näytt.otto		7199	100					2.1.2.2.2.1.1.2.1.1.2.1	Specimen collection	Finding	Point in time (spot)	^Patient	Nar		FALSE
84	näytteenot		600	100					2.1.2.2.2.1.1.2.1.1.2.1	Specimen collection	Finding	Point in time (spot)	^Patient	Nar		FALSE
84	näytteenotto		1441	100					2.1.2.2.2.1.1.2.1.1.2.1	Specimen collection	Finding	Point in time (spot)	^Patient	Nar		FALSE
84	ottotapa	h	452	0	[2, 2.94, 3.78, 4, 4, 5, 5.83, 6.78, 8]				2.1.2.2.2.1.1.2.1.1.2.1	Specimen collection method	Type	Point in time (spot)	^Patient	Ord		FALSE
84	ottotapa		73358	100					2.1.2.2.2.1.1.2.1.1.2.1	Specimen collection method	Type	Point in time (spot)	^Patient	Nom		FALSE
84	u-ottotap		363	100			Urine		2.1.2.2.2.1.1.2.1.1.2.1	Urine specimen collection method	Type	Point in time (spot)	^Patient	Nom		FALSE
84	u-tutk/ottotapa		5714	100			Urine		2.1.2.2.2.1.1.2.1.1.2.1	Urine specimen collection method	Type	Point in time (spot)	^Patient	Nom		FALSE
84	valv.notto		502	100					2.1.2.2.2.1.1.2.1.1.2.1	Specimen collection supervised	Finding	Point in time (spot)	^Patient	Nar		FALSE
85	-aerobivi		314	100					2.1.2.2.2.1.1.2.1.1.2.2.1.1	Bacteria	Presence or Identity	Point in time (spot)		Nar	Organism specific culture	FALSE
85	-anaerobi		320	100					2.1.2.2.2.1.1.2.1.1.2.2.1.1	Bacteria	Presence or Identity	Point in time (spot)		Nar	Organism specific culture	FALSE
85	-omactgc		591	100					2.1.2.2.2.1.1.2.1.1.2.2.1.1					Nar		FALSE
85	annosvoim		182	65.93					2.1.2.2.2.1.1.2.1.1.2.2.1.1					Nar		FALSE
85	b-koboltti	ug/l	157	0	[0.5, 0.72, 0.96, 1.18, 1.68, 2.2, 3.97, 6.08, 10.46]		Blood		2.1.2.2.2.1.1.2.1.1.2.2.1.1	Cobalt	Mass Concentration	Point in time (spot)	Blood	Qn		FALSE
85	cand-odl.		542	89.67					2.1.2.2.2.1.1.2.1.1.2.2.1.1	Candida	Presence or Identity	Point in time (spot)		Nar	Organism specific culture	FALSE
85	cand.nativ		286	100					2.1.2.2.2.1.1.2.1.1.2.2.1.1	Candida	Presence or Identity	Point in time (spot)		Nom	Microscopy	FALSE
85	cladosp.he	mm	11	0					2.1.2.2.2.1.1.2.1.1.2.2.1.1	Cladosporium herbarum Ab.IgE	Length	Point in time (spot)	^Patient	Qn	Skin test	FALSE
85	cladosp.he	u/ml	69	0	[0, 0.01, 0.01, 0.04, 0.13, 0.41, 0.5, 0.87, 4.4]				2.1.2.2.2.1.1.2.1.1.2.2.1.1	Cladosporium herbarum Ab.IgE	Arbitrary Concentration	Point in time (spot)	Serum	Qn	Immunoassay	FALSE
85	cladosp.he		680	93.82					2.1.2.2.2.1.1.2.1.1.2.2.1.1	Cladosporium herbarum Ab.IgE	Presence or Threshold	Point in time (spot)	Serum	Ord	Immunoassay	FALSE
85	corona229e		619	100					2.1.2.2.2.1.1.2.1.1.2.2.1.1	Coronavirus 229E	Presence or Identity	Point in time (spot)		Ord		FALSE
85	coronahku1		619	100					2.1.2.2.2.1.1.2.1.1.2.2.1.1	Coronavirus HKU1	Presence or Identity	Point in time (spot)		Ord		FALSE
85	coronanl63		619	100					2.1.2.2.2.1.1.2.1.1.2.2.1.1	Coronavirus NL63	Presence or Identity	Point in time (spot)		Ord		FALSE
85	coronaoc43		619	100					2.1.2.2.2.1.1.2.1.1.2.2.1.1	Coronavirus OC43	Presence or Identity	Point in time (spot)		Ord		FALSE
85	f-norogi		261	100			Feces		2.1.2.2.2.1.1.2.1.1.2.2.1.1	Norovirus genogroup I	Presence or Identity	Point in time (spot)	Stool	Ord		FALSE
85	f-norogii		261	100			Feces		2.1.2.2.2.1.1.2.1.1.2.2.1.1	Norovirus genogroup II	Presence or Identity	Point in time (spot)	Stool	Ord		FALSE
85	f-projekti		469	100			Feces		2.1.2.2.2.1.1.2.1.1.2.2.1.1			Point in time (spot)	Stool	Nar		FALSE
85	hpvpapctgc		116	100					2.1.2.2.2.1.1.2.1.1.2.2.1.1	Human papillomavirus	Presence or Identity	Point in time (spot)	Cervix	Ord	Nucleic acid amplification with probe detection	FALSE
85	hpvrefctgc		135	100					2.1.2.2.2.1.1.2.1.1.2.2.1.1	Human papillomavirus	Presence or Identity	Point in time (spot)	Cervix	Ord	Nucleic acid amplification with probe detection	FALSE
85	norogi		139	100					2.1.2.2.2.1.1.2.1.1.2.2.1.1	Norovirus genogroup I	Presence or Identity	Point in time (spot)		Ord		FALSE
85	norogii		139	100					2.1.2.2.2.1.1.2.1.1.2.2.1.1	Norovirus genogroup II	Presence or Identity	Point in time (spot)		Ord		FALSE
85	p-asetoni	mmol/l	171	0	[0, 0, 0, 0, 0, 0, 0.99, 1.7, 3.4]		Plasma		2.1.2.2.2.1.1.2.1.1.2.2.1.1	Acetone	Substance Concentration	Point in time (spot)	Plasma	Qn		FALSE
85	p-asetoni		305	100			Plasma		2.1.2.2.2.1.1.2.1.1.2.2.1.1	Acetone	Presence or Threshold	Point in time (spot)	Plasma	Ord		FALSE
85	p-uraatti	umol/l	6902	0	[234.14, 271.61, 301.37, 327.94, 355.71, 383.49, 416.66, 458.38, 518.94]		Plasma		2.1.2.2.2.1.1.2.1.1.2.2.1.1	Urate	Substance Concentration	Point in time (spot)	Plasma	Qn		FALSE
85	p-uraatti		32	87.5			Plasma		2.1.2.2.2.1.1.2.1.1.2.2.1.1	Urate	Presence or Threshold	Point in time (spot)	Plasma	Ord		FALSE
85	projekti1		160	100					2.1.2.2.2.1.1.2.1.1.2.2.1.1					Nar		FALSE
85	s-asetoni	mmol/l	42	0		S -Asetoni	Serum		2.1.2.2.2.1.1.2.1.1.2.2.1.1	Acetone	Substance Concentration	Point in time (spot)	Serum	Qn		FALSE
85	s-asetoni		414	100		S -Asetoni	Serum		2.1.2.2.2.1.1.2.1.1.2.2.1.1	Acetone	Presence or Threshold	Point in time (spot)	Serum	Ord		FALSE
85	s-uraatti	umol/l	621	0	[231.75, 257.74, 279.08, 298.35, 317.34, 343.64, 366.52, 401.97, 449.54]		Serum		2.1.2.2.2.1.1.2.1.1.2.2.1.1	Urate	Substance Concentration	Point in time (spot)	Serum	Qn		FALSE
85	s-uraatti		38	100			Serum		2.1.2.2.2.1.1.2.1.1.2.2.1.1	Urate	Presence or Threshold	Point in time (spot)	Serum	Ord		FALSE
85	s-valproaatti	umol/l	431	0	[243.85, 308.03, 356.19, 396.72, 425.61, 467.25, 503.69, 550.21, 628.49]		Serum		2.1.2.2.2.1.1.2.1.1.2.2.1.1	Valproic acid	Substance Concentration	Point in time (spot)	Serum	Qn		FALSE
85	s-valproaatti		16	87.5			Serum		2.1.2.2.2.1.1.2.1.1.2.2.1.1	Valproic acid		Point in time (spot)	Serum	Nar		FALSE
85	ts-abortti		315	100		Ts-Aborttikudoksen dissektiotutkimus	Tissue		2.1.2.2.2.1.1.2.1.1.2.2.1.1	Gross findings	Finding	Point in time (spot)	Tissue	Nar		FALSE
85	u-omactgc		480	100			Urine		2.1.2.2.2.1.1.2.1.1.2.2.1.1			Point in time (spot)	Urine	Nar		FALSE
85	uraatti	umol/l	3560	0	[230.56, 267.35, 298.53, 325.87, 354.19, 383.04, 414.66, 454.9, 512.27]				2.1.2.2.2.1.1.2.1.1.2.2.1.1	Urate	Substance Concentration	Point in time (spot)	Serum or Plasma	Qn		FALSE
85	uraatti		19	100					2.1.2.2.2.1.1.2.1.1.2.2.1.1	Urate	Presence or Threshold	Point in time (spot)		Ord		FALSE
89	-hpvseul		3483	100		-Papilloomavirus, seulonta			2.1.2.2.2.1.1.2.1.2.1.1	Human papilloma virus	Presence or Threshold	Point in time (spot)		Ord		FALSE
89	hoikemseul		526	100					2.1.2.2.2.1.1.2.1.2.1.1							FALSE
89	hpvseul		402	100					2.1.2.2.2.1.1.2.1.2.1.1	Human papilloma virus	Presence or Threshold	Point in time (spot)		Ord		FALSE
89	hörsel		112	100					2.1.2.2.2.1.1.2.1.2.1.1							FALSE
89	luov.seul.		114	100					2.1.2.2.2.1.1.2.1.2.1.1							TRUE
89	näköseula		207	3.86	[1, 1, 1, 1, 1, 1, 1, 1, 1]				2.1.2.2.2.1.1.2.1.2.1.1	Visual acuity	Finding	Point in time (spot)	^Patient	Qn		FALSE
89	oma-kemseu		242	100					2.1.2.2.2.1.1.2.1.2.1.1				Urine			TRUE
89	oma-kemseula		108	100					2.1.2.2.2.1.1.2.1.2.1.1				Urine			TRUE
89	oma-u-kems		761	100					2.1.2.2.2.1.1.2.1.2.1.1				Urine			TRUE
89	oma-u-kemseul		230	100					2.1.2.2.2.1.1.2.1.2.1.1				Urine			TRUE
89	rhdnegseul		161	100					2.1.2.2.2.1.1.2.1.2.1.1	Rh(D) Ab	Presence or Threshold	Point in time (spot)	Serum or Plasma	Ord		FALSE
89	s-enaseul		1344	99.78			Serum		2.1.2.2.2.1.1.2.1.2.1.1				Serum			TRUE
89	s-ivfseul		168	100			Serum		2.1.2.2.2.1.1.2.1.2.1.1				Serum			TRUE
89	s-tr1seul		26880	100		S -Sikiön kehityshäiriöiden seulonta, ensimmäinen trimesteri	Serum		2.1.2.2.2.1.1.2.1.2.1.1				Serum			TRUE
89	s-tr2seul		527	100		S -Sikiön kehityshäiriöiden seulonta, toinen trimesteri	Serum		2.1.2.2.2.1.1.2.1.2.1.1				Serum			TRUE
89	s-trseul		125	100			Serum		2.1.2.2.2.1.1.2.1.2.1.1				Serum			TRUE
89	s-äit-seul		7521	100			Serum		2.1.2.2.2.1.1.2.1.2.1.1				Serum			TRUE
89	s-äit-seula		117	100			Serum		2.1.2.2.2.1.1.2.1.2.1.1				Serum			TRUE
89	s-äitseul		24752	100			Serum		2.1.2.2.2.1.1.2.1.2.1.1				Serum			TRUE
89	u-huseula		2519	100			Urine		2.1.2.2.2.1.1.2.1.2.1.1				Urine			TRUE
89	u-kemseu		15207	99.98			Urine		2.1.2.2.2.1.1.2.1.2.1.1				Urine			TRUE
89	u-kemseul	form	1298	0		U -Kemiallinen seulonta	Urine		2.1.2.2.2.1.1.2.1.2.1.1				Urine			TRUE
89	u-kemseul	h	100	0		U -Kemiallinen seulonta	Urine		2.1.2.2.2.1.1.2.1.2.1.1				Urine			TRUE
89	u-kemseul		1336031	100	[0, 1.01, 1.01, 1.02, 1.02, 1.02, 4.17, 5.87, 6.26]	U -Kemiallinen seulonta	Urine		2.1.2.2.2.1.1.2.1.2.1.1	Specific gravity	Specific Gravity	Point in time (spot)	Urine	Qn	Test strip	FALSE
89	u-kemseul,		257	100			Urine		2.1.2.2.2.1.1.2.1.2.1.1				Urine			TRUE
89	u-kemseula		124	100			Urine		2.1.2.2.2.1.1.2.1.2.1.1				Urine			TRUE
89	u-kemseup		5478	99.91			Urine		2.1.2.2.2.1.1.2.1.2.1.1				Urine			TRUE
89	äit-seula		210	100					2.1.2.2.2.1.1.2.1.2.1.1				Serum			TRUE
105	b-pvk	%	1036	0	[12.98, 13, 13, 13, 13.02, 14, 14, 14, 14.9]	B -Perusverenkuva	Blood		2.1.2.2.2.1.2.1.1	Erythrocyte distribution width	Ratio	Point in time (spot)	Blood	Qn	Calculated	FALSE
105	b-pvk	e12/l	180	0		B -Perusverenkuva	Blood		2.1.2.2.2.1.2.1.1	Erythrocytes	Number Concentration	Point in time (spot)	Blood	Qn	Automated count	FALSE
105	b-pvk	e9/l	180	0		B -Perusverenkuva	Blood		2.1.2.2.2.1.2.1.1		Number Concentration	Point in time (spot)	Blood	Qn	Automated count	FALSE
105	b-pvk	fl	191	0		B -Perusverenkuva	Blood		2.1.2.2.2.1.2.1.1	Erythrocyte mean volume	Entitic Volume	Point in time (spot)	Blood	Qn	Calculated	FALSE
105	b-pvk	form	6	0		B -Perusverenkuva	Blood		2.1.2.2.2.1.2.1.1			Point in time (spot)	Blood	Qn		FALSE
105	b-pvk	g/l	371	0	[130.49, 135.97, 140.17, 143.56, 146.5, 149.94, 154.99, 161.16, 169.87]	B -Perusverenkuva	Blood		2.1.2.2.2.1.2.1.1	Hemoglobin	Mass Concentration	Point in time (spot)	Blood	Qn	Automated count	FALSE
105	b-pvk	paketti	261	0	[31329.79, 60496.46, 87166.96, 116360.34, 146168.26, 177141.71, 213025.07, 240401.38, 278743.21]	B -Perusverenkuva	Blood		2.1.2.2.2.1.2.1.1				Blood			TRUE
105	b-pvk	pg	191	0		B -Perusverenkuva	Blood		2.1.2.2.2.1.2.1.1	Erythrocyte mean mass	Entitic Mass	Point in time (spot)	Blood	Qn	Calculated	FALSE
105	b-pvk		1084645	100		B -Perusverenkuva	Blood		2.1.2.2.2.1.2.1.1				Blood			TRUE
105	b-pvk(pi)		994	100			Blood		2.1.2.2.2.1.2.1.1				Blood			TRUE
105	b-pvk+eo		1355	100			Blood		2.1.2.2.2.1.2.1.1				Blood			TRUE
105	b-pvk+kd		335	100			Blood		2.1.2.2.2.1.2.1.1				Blood			TRUE
105	b-pvk+ne		301325	100			Blood		2.1.2.2.2.1.2.1.1				Blood			TRUE
105	b-pvk+ner		551	100			Blood		2.1.2.2.2.1.2.1.1				Blood			TRUE
105	b-pvk+t	%	16337	0	[8.54, 11.43, 12.73, 13.01, 14.63, 21.66, 27.29, 34.08, 48.89]	B -Perusverenkuva ja trombosyytit	Blood		2.1.2.2.2.1.2.1.1	Lymphocytes/Leukocytes	Number Fraction	Point in time (spot)	Blood	Qn	Automated count	FALSE
105	b-pvk+t	%g	229	0		B -Perusverenkuva ja trombosyytit	Blood		2.1.2.2.2.1.2.1.1			Point in time (spot)	Blood	Qn		FALSE
105	b-pvk+t	%l	229	0	[15.3, 18.86, 20.93, 24.39, 26.09, 27.9, 29.48, 31.36, 37.88]	B -Perusverenkuva ja trombosyytit	Blood		2.1.2.2.2.1.2.1.1	Lymphocytes/Leukocytes	Number Fraction	Point in time (spot)	Blood	Qn	Automated count	FALSE
105	b-pvk+t	%m	229	0	[9, 10, 10.3, 10.73, 11, 11.47, 11.97, 12.55, 13.3]	B -Perusverenkuva ja trombosyytit	Blood		2.1.2.2.2.1.2.1.1	Monocytes/Leukocytes	Number Fraction	Point in time (spot)	Blood	Qn	Automated count	FALSE
105	b-pvk+t	e12/l	8	0		B -Perusverenkuva ja trombosyytit	Blood		2.1.2.2.2.1.2.1.1	Erythrocytes	Number Concentration	Point in time (spot)	Blood	Qn	Automated count	FALSE
105	b-pvk+t	e9/l	4647	0	[0, 0, 0, 0, 0, 0, 2.04, 5.2, 8.91]	B -Perusverenkuva ja trombosyytit	Blood		2.1.2.2.2.1.2.1.1	Leukocytes	Number Concentration	Point in time (spot)	Blood	Qn	Automated count	FALSE
105	b-pvk+t	fl	8	0		B -Perusverenkuva ja trombosyytit	Blood		2.1.2.2.2.1.2.1.1	Erythrocyte mean volume	Entitic Volume	Point in time (spot)	Blood	Qn	Calculated	FALSE
105	b-pvk+t	form	361	0	[0, 0, 0, 0, 0, 0, 0, 0.89, 1]	B -Perusverenkuva ja trombosyytit	Blood		2.1.2.2.2.1.2.1.1			Point in time (spot)	Blood	Qn		FALSE
105	b-pvk+t	g/l	2746	0	[312.86, 315.11, 317.96, 319.16, 327.56, 334.19, 340.53, 346.44, 355.56]	B -Perusverenkuva ja trombosyytit	Blood		2.1.2.2.2.1.2.1.1	Erythrocyte mean corpuscular hemoglobin concentration	Mass Concentration	Point in time (spot)	Blood	Qn	Calculated	FALSE
105	b-pvk+t	l/l	6	0		B -Perusverenkuva ja trombosyytit	Blood		2.1.2.2.2.1.2.1.1	Hematocrit	Volume Fraction	Point in time (spot)	Blood	Qn	Calculated	FALSE
105	b-pvk+t	paketti	269	0	[1, 1, 1, 1, 1, 1, 1, 1, 1]	B -Perusverenkuva ja trombosyytit	Blood		2.1.2.2.2.1.2.1.1				Blood			TRUE
105	b-pvk+t	pg	2769	0	[29, 29.58, 30, 30.35, 31, 31.07, 32, 32.99, 34.11]	B -Perusverenkuva ja trombosyytit	Blood		2.1.2.2.2.1.2.1.1	Erythrocyte mean mass	Entitic Mass	Point in time (spot)	Blood	Qn	Calculated	FALSE
105	b-pvk+t		4547373	100	[1, 1, 1, 1, 1, 1, 1, 1, 1]	B -Perusverenkuva ja trombosyytit	Blood		2.1.2.2.2.1.2.1.1				Blood			TRUE
105	b-pvk+t+e		1491	100			Blood		2.1.2.2.2.1.2.1.1				Blood			TRUE
105	b-pvk+t+n		20012	100			Blood		2.1.2.2.2.1.2.1.1				Blood			TRUE
105	b-pvk+t+ne		1150	100			Blood		2.1.2.2.2.1.2.1.1				Blood			TRUE
105	b-pvk+t+r		713	100			Blood		2.1.2.2.2.1.2.1.1				Blood			TRUE
105	b-pvk+tk		466	100			Blood		2.1.2.2.2.1.2.1.1				Blood			TRUE
105	b-pvk+tkd	%	567	0	[10.52, 11.98, 22.28, 26.53, 30.21, 32.92, 36.29, 39.43, 43.1]	B -Perusverenkuva, leukosyyttien erittelylaskenta koneella, solujakauma, trombosyytit	Blood		2.1.2.2.2.1.2.1.1	Lymphocytes/Leukocytes	Number Fraction	Point in time (spot)	Blood	Qn	Automated count	FALSE
105	b-pvk+tkd	e9/l	5	0		B -Perusverenkuva, leukosyyttien erittelylaskenta koneella, solujakauma, trombosyytit	Blood		2.1.2.2.2.1.2.1.1		Number Concentration	Point in time (spot)	Blood	Qn	Automated count	FALSE
105	b-pvk+tkd		347141	99.77	[1, 1, 1, 1, 1, 1, 1, 1, 1]	B -Perusverenkuva, leukosyyttien erittelylaskenta koneella, solujakauma, trombosyytit	Blood		2.1.2.2.2.1.2.1.1				Blood			TRUE
105	b-pvk+tkd,baso	%	4387	0	[0.13, 0.2, 0.3, 0.34, 0.4, 0.5, 0.59, 0.7, 0.91]		Blood		2.1.2.2.2.1.2.1.1	Basophils/Leukocytes	Number Fraction	Point in time (spot)	Blood	Qn	Automated count	FALSE
105	b-pvk+tkd,baso	e9/l	4345	0	[0.01, 0.02, 0.02, 0.02, 0.03, 0.03, 0.04, 0.05, 0.06]		Blood		2.1.2.2.2.1.2.1.1	Basophils	Number Concentration	Point in time (spot)	Blood	Qn	Automated count	FALSE
105	b-pvk+tkd,baso		28	96.43			Blood		2.1.2.2.2.1.2.1.1	Basophils		Point in time (spot)	Blood	Nar		FALSE
105	b-pvk+tkd,eo	%	4389	0	[0.28, 0.95, 1.44, 1.88, 2.38, 2.9, 3.5, 4.34, 5.77]		Blood		2.1.2.2.2.1.2.1.1	Eosinophils/Leukocytes	Number Fraction	Point in time (spot)	Blood	Qn	Automated count	FALSE
105	b-pvk+tkd,eo	e9/l	4355	0	[0.02, 0.07, 0.1, 0.13, 0.16, 0.2, 0.24, 0.3, 0.39]		Blood		2.1.2.2.2.1.2.1.1	Eosinophils	Number Concentration	Point in time (spot)	Blood	Qn	Automated count	FALSE
105	b-pvk+tkd,eo		35	77.14			Blood		2.1.2.2.2.1.2.1.1	Eosinophils		Point in time (spot)	Blood	Nar		FALSE
105	b-pvk+tkd,eryt	e12/l	4432	0	[3.69, 4.01, 4.19, 4.32, 4.47, 4.6, 4.71, 4.86, 5.08]		Blood		2.1.2.2.2.1.2.1.1	Erythrocytes	Number Concentration	Point in time (spot)	Blood	Qn	Automated count	FALSE
105	b-pvk+tkd,eryt		28	82.14			Blood		2.1.2.2.2.1.2.1.1	Erythrocytes		Point in time (spot)	Blood	Nar		FALSE
105	b-pvk+tkd,hb	g/l	4431	0	[109.63, 119.87, 125.6, 130.31, 134.35, 137.72, 141.31, 145.38, 151.58]		Blood		2.1.2.2.2.1.2.1.1	Hemoglobin	Mass Concentration	Point in time (spot)	Blood	Qn	Automated count	FALSE
105	b-pvk+tkd,hb		28	82.14			Blood		2.1.2.2.2.1.2.1.1	Hemoglobin		Point in time (spot)	Blood	Nar		FALSE
105	b-pvk+tkd,hkr	osuus	4430	0	[0.34, 0.36, 0.38, 0.39, 0.4, 0.41, 0.42, 0.43, 0.45]		Blood		2.1.2.2.2.1.2.1.1	Hematocrit	Volume Fraction	Point in time (spot)	Blood	Qn	Calculated	FALSE
105	b-pvk+tkd,hkr		28	82.14			Blood		2.1.2.2.2.1.2.1.1	Hematocrit		Point in time (spot)	Blood	Nar		FALSE
105	b-pvk+tkd,ig	%	4380	0	[0, 0.1, 0.18, 0.2, 0.2, 0.24, 0.3, 0.4, 0.66]		Blood		2.1.2.2.2.1.2.1.1	Immature granulocytes/Leukocytes	Number Fraction	Point in time (spot)	Blood	Qn	Automated count	FALSE
105	b-pvk+tkd,ig	e9/l	4329	0	[0, 0.01, 0.01, 0.01, 0.01, 0.02, 0.02, 0.03, 0.06]		Blood		2.1.2.2.2.1.2.1.1	Immature granulocytes	Number Concentration	Point in time (spot)	Blood	Qn	Automated count	FALSE
105	b-pvk+tkd,ig		27	100			Blood		2.1.2.2.2.1.2.1.1	Immature granulocytes		Point in time (spot)	Blood	Nar		FALSE
105	b-pvk+tkd,leuk	e9/l	4441	0	[4.64, 5.29, 5.87, 6.47, 7.06, 7.73, 8.41, 9.34, 10.91]		Blood		2.1.2.2.2.1.2.1.1	Leukocytes	Number Concentration	Point in time (spot)	Blood	Qn	Automated count	FALSE
105	b-pvk+tkd,leuk		23	100	[4.39, 5.06, 5.62, 6.11, 6.7, 7.36, 7.96, 8.73, 10.19]		Blood		2.1.2.2.2.1.2.1.1	Leukocytes		Point in time (spot)	Blood	Nar		FALSE
105	b-pvk+tkd,lymph	%	4402	0	[14.51, 18.87, 22.17, 24.95, 27.85, 30.77, 33.85, 37.68, 42.79]		Blood		2.1.2.2.2.1.2.1.1	Lymphocytes/Leukocytes	Number Fraction	Point in time (spot)	Blood	Qn	Automated count	FALSE
105	b-pvk+tkd,lymph	e9/l	4366	0	[1.07, 1.3, 1.5, 1.68, 1.87, 2.05, 2.28, 2.59, 3.03]		Blood		2.1.2.2.2.1.2.1.1	Lymphocytes	Number Concentration	Point in time (spot)	Blood	Qn	Automated count	FALSE
105	b-pvk+tkd,lymph		39	71.79			Blood		2.1.2.2.2.1.2.1.1	Lymphocytes		Point in time (spot)	Blood	Nar		FALSE
105	b-pvk+tkd,mch	pg	4427	0	[27.35, 28.81, 29.01, 30, 30, 30.98, 31, 31.99, 32.41]		Blood		2.1.2.2.2.1.2.1.1	Erythrocyte mean mass	Entitic Mass	Point in time (spot)	Blood	Qn	Calculated	FALSE
105	b-pvk+tkd,mch		26	88.46			Blood		2.1.2.2.2.1.2.1.1	Erythrocyte mean mass		Point in time (spot)	Blood	Nar		FALSE
105	b-pvk+tkd,mchc	g/l	4422	0	[316.84, 322.97, 327.09, 330.49, 333.34, 336.5, 339.82, 343.59, 348.74]		Blood		2.1.2.2.2.1.2.1.1	Erythrocyte mean corpuscular hemoglobin concentration	Mass Concentration	Point in time (spot)	Blood	Qn	Calculated	FALSE
105	b-pvk+tkd,mchc		27	85.19			Blood		2.1.2.2.2.1.2.1.1	Erythrocyte mean corpuscular hemoglobin concentration		Point in time (spot)	Blood	Nar		FALSE
105	b-pvk+tkd,mcv	fl	4432	0	[83.81, 86.19, 87.9, 89.02, 90.1, 91.52, 92.95, 94.05, 96.04]		Blood		2.1.2.2.2.1.2.1.1	Erythrocyte mean volume	Entitic Volume	Point in time (spot)	Blood	Qn	Calculated	FALSE
105	b-pvk+tkd,mcv		25	92			Blood		2.1.2.2.2.1.2.1.1	Erythrocyte mean volume		Point in time (spot)	Blood	Nar		FALSE
105	b-pvk+tkd,mono	%	4397	0	[6.39, 7.45, 8.16, 8.78, 9.38, 10.01, 10.67, 11.64, 13.06]		Blood		2.1.2.2.2.1.2.1.1	Monocytes/Leukocytes	Number Fraction	Point in time (spot)	Blood	Qn	Automated count	FALSE
105	b-pvk+tkd,mono	e9/l	4364	0	[0.41, 0.48, 0.54, 0.59, 0.65, 0.7, 0.78, 0.88, 1.03]		Blood		2.1.2.2.2.1.2.1.1	Monocytes	Number Concentration	Point in time (spot)	Blood	Qn	Automated count	FALSE
105	b-pvk+tkd,mono		32	84.38			Blood		2.1.2.2.2.1.2.1.1	Monocytes		Point in time (spot)	Blood	Nar		FALSE
105	b-pvk+tkd,neut	%	4407	0	[43.3, 48.04, 51.9, 55.37, 58.56, 61.78, 65.36, 69.3, 74.25]		Blood		2.1.2.2.2.1.2.1.1	Neutrophils/Leukocytes	Number Fraction	Point in time (spot)	Blood	Qn	Automated count	FALSE
105	b-pvk+tkd,neut	e9/l	4373	0	[2.18, 2.67, 3.11, 3.55, 4, 4.52, 5.12, 5.94, 7.37]		Blood		2.1.2.2.2.1.2.1.1	Neutrophils	Number Concentration	Point in time (spot)	Blood	Qn	Automated count	FALSE
105	b-pvk+tkd,neut		34	82.35			Blood		2.1.2.2.2.1.2.1.1	Neutrophils		Point in time (spot)	Blood	Nar		FALSE
105	b-pvk+tkd,rdw	%	4298	0	[12.5, 12.85, 13.17, 13.49, 13.79, 14.12, 14.57, 15.17, 16.52]		Blood		2.1.2.2.2.1.2.1.1	Erythrocyte distribution width	Ratio	Point in time (spot)	Blood	Qn	Calculated	FALSE
105	b-pvk+tkd,rdw		30	76.67			Blood		2.1.2.2.2.1.2.1.1	Erythrocyte distribution width		Point in time (spot)	Blood	Nar		FALSE
105	b-pvk+tkd,trom	eg/l	4413	0	[163.91, 190.28, 209.92, 228.62, 246.86, 267.53, 293.03, 326.64, 371.27]		Blood		2.1.2.2.2.1.2.1.1	Platelets	Number Concentration	Point in time (spot)	Blood	Qn	Automated count	FALSE
105	b-pvk+tkd,trom		31	74.19			Blood		2.1.2.2.2.1.2.1.1	Platelets		Point in time (spot)	Blood	Nar		FALSE
105	b-pvk+tmd	%	108	0		B -Perusverenkuva, minidiffi, trombosyytit (erytrosyytit, Hb, leukosyytit, 2-3 leukosyyttiryhmää)	Blood		2.1.2.2.2.1.2.1.1		Number Fraction	Point in time (spot)	Blood	Qn	Automated count	FALSE
105	b-pvk+tmd		31394	99.96		B -Perusverenkuva, minidiffi, trombosyytit (erytrosyytit, Hb, leukosyytit, 2-3 leukosyyttiryhmää)	Blood		2.1.2.2.2.1.2.1.1				Blood			TRUE
105	b-pvk-päi		120	100			Blood		2.1.2.2.2.1.2.1.1				Blood			TRUE
105	b-pvk-t		1651	100			Blood		2.1.2.2.2.1.2.1.1				Blood			TRUE
105	b-pvk-tkd		5227	100			Blood		2.1.2.2.2.1.2.1.1				Blood			TRUE
105	b-pvkt		540592	100			Blood		2.1.2.2.2.1.2.1.1				Blood			TRUE
105	b-pvkt+re		3032	100			Blood		2.1.2.2.2.1.2.1.1				Blood			TRUE
105	b-pvktkdr		6444	100			Blood		2.1.2.2.2.1.2.1.1				Blood			TRUE
105	b-pvktmdl		275	100			Blood		2.1.2.2.2.1.2.1.1				Blood			TRUE
105	b-pvktmdp		1012	100			Blood		2.1.2.2.2.1.2.1.1				Blood			TRUE
105	b-pvktnee		9809	100			Blood		2.1.2.2.2.1.2.1.1				Blood			TRUE
105	b-pvktp		5212	100			Blood		2.1.2.2.2.1.2.1.1				Blood			TRUE
105	b-tvk	%	505	0	[0, 0, 0, 0, 1, 2.55, 12.33, 37.94, 62.13]	B -Täydellinen verenkuva	Blood		2.1.2.2.2.1.2.1.1		Number Fraction	Point in time (spot)	Blood	Qn	Automated count	FALSE
105	b-tvk	e9/l	368	0	[0.03, 0.03, 0.04, 0.04, 0.05, 0.05, 0.06, 0.07, 0.09]	B -Täydellinen verenkuva	Blood		2.1.2.2.2.1.2.1.1	Basophils	Number Concentration	Point in time (spot)	Blood	Qn	Automated count	FALSE
105	b-tvk	fl	17	0		B -Täydellinen verenkuva	Blood		2.1.2.2.2.1.2.1.1	Erythrocyte mean volume	Entitic Volume	Point in time (spot)	Blood	Qn	Calculated	FALSE
105	b-tvk	form	11	0		B -Täydellinen verenkuva	Blood		2.1.2.2.2.1.2.1.1			Point in time (spot)	Blood	Qn		FALSE
105	b-tvk	g/l	19	0		B -Täydellinen verenkuva	Blood		2.1.2.2.2.1.2.1.1		Mass Concentration	Point in time (spot)	Blood	Qn	Automated count	FALSE
105	b-tvk	paketti	22	0		B -Täydellinen verenkuva	Blood		2.1.2.2.2.1.2.1.1				Blood			TRUE
105	b-tvk	pg	17	0		B -Täydellinen verenkuva	Blood		2.1.2.2.2.1.2.1.1	Erythrocyte mean mass	Entitic Mass	Point in time (spot)	Blood	Qn	Calculated	FALSE
105	b-tvk		466809	100		B -Täydellinen verenkuva	Blood		2.1.2.2.2.1.2.1.1				Blood			TRUE
105	b-tvk+r		465	100			Blood		2.1.2.2.2.1.2.1.1				Blood			TRUE
106	-bakt-he		111	100				Antibiotic sensitivity	2.1.2.2.2.1.2.1.2.1	Bacteria antibiotic susceptibility	Susceptibility (microorganisms)			Nar		FALSE
106	-bakt-lm		545	100				Species identification	2.1.2.2.2.1.2.1.2.1	Bacteria identified	Presence or Identity			Nom		FALSE
106	-baktvi		1515	100		-Bakteeri, viljely			2.1.2.2.2.1.2.1.2.1	Bacteria identified	Presence or Identity			Nom	Organism specific culture	FALSE
106	-baktvr		22025	100		-Bakteeri, värjäys			2.1.2.2.2.1.2.1.2.1	Bacteria	Finding			Nar	Stain	FALSE
106	af-baktvi		262	100			Aspiration fluid		2.1.2.2.2.1.2.1.2.1	Bacteria identified	Presence or Identity	Point in time (spot)	Aspirate	Nom	Organism specific culture	FALSE
106	as-baktvr		252	100			Ascitic fluid		2.1.2.2.2.1.2.1.2.1	Bacteria	Finding	Point in time (spot)	Ascites fluid	Nar	Stain	FALSE
106	b-bakt-vi		1757	100			Blood	Culture	2.1.2.2.2.1.2.1.2.1	Bacteria identified	Presence or Identity	Point in time (spot)	Blood	Nom	Organism specific culture	FALSE
106	b-baktjvi		28084	100		B -Bakteeri, jatkoviljely	Blood		2.1.2.2.2.1.2.1.2.1	Bacteria identified	Presence or Identity	Point in time (spot)	Blood	Nom	Organism specific culture	FALSE
106	b-baktsvi		6514	100			Blood		2.1.2.2.2.1.2.1.2.1	Bacteria identified	Presence or Identity	Point in time (spot)	Blood	Nom	Organism specific culture	FALSE
106	b-baktvi		506538	100		B -Bakteeri, viljely	Blood		2.1.2.2.2.1.2.1.2.1	Bacteria identified	Presence or Identity	Point in time (spot)	Blood	Nom	Organism specific culture	FALSE
106	b-baktvi.		2240	100			Blood		2.1.2.2.2.1.2.1.2.1	Bacteria identified	Presence or Identity	Point in time (spot)	Blood	Nom	Organism specific culture	FALSE
106	b-baktvij		1818	100			Blood		2.1.2.2.2.1.2.1.2.1	Bacteria identified	Presence or Identity	Point in time (spot)	Blood	Nom	Organism specific culture	FALSE
106	bakteerit		6114	100					2.1.2.2.2.1.2.1.2.1	Bacteria	Presence or Threshold			Ord		FALSE
106	baktlm		897	100					2.1.2.2.2.1.2.1.2.1	Bacteria identified	Presence or Identity			Nom		FALSE
106	baktvr		339	100					2.1.2.2.2.1.2.1.2.1	Bacteria	Finding			Nar	Stain	FALSE
106	bl-baktvi		303	100			Bronchoalveolar lavage		2.1.2.2.2.1.2.1.2.1	Bacteria identified	Presence or Identity	Point in time (spot)	Bronchoalveolar lavage fluid	Nom	Organism specific culture	FALSE
106	bo-baktvi		312	100			Bone		2.1.2.2.2.1.2.1.2.1	Bacteria identified	Presence or Identity	Point in time (spot)	Bone	Nom	Organism specific culture	FALSE
106	ca-baktvi		1564	100		Ca-Bakteeri, viljely suonikanyylista			2.1.2.2.2.1.2.1.2.1	Bacteria identified	Presence or Identity	Point in time (spot)	Catheter tip	Nom	Organism specific culture	FALSE
106	d-baktvi		120	100					2.1.2.2.2.1.2.1.2.1	Bacteria identified	Presence or Identity	Point in time (spot)		Nom	Organism specific culture	FALSE
106	ex-baktvi		14096	100		Ex-Bakteeri, viljely	Expectorate (sputum)		2.1.2.2.2.1.2.1.2.1	Bacteria identified	Presence or Identity	Point in time (spot)	Sputum	Nom	Organism specific culture	FALSE
106	ex-baktvr		3217	100			Expectorate (sputum)		2.1.2.2.2.1.2.1.2.1	Bacteria	Finding	Point in time (spot)	Sputum	Nar	Stain	FALSE
106	f-baktjvi		281	100			Feces		2.1.2.2.2.1.2.1.2.1	Bacteria identified	Presence or Identity	Point in in time (spot)	Stool	Nom	Organism specific culture	FALSE
106	f-baktvi1		32771	100		F -Bakteeri, viljely 1 (Salmonella, Shigella, Yersinia, Campylobacter)	Feces		2.1.2.2.2.1.2.1.2.1			Point in time (spot)	Stool			TRUE
106	f-baktvi2		739	100		F -Bakteeri, viljely 2 (Clostridium difficile, Staphylococcus aureus, candida)	Feces		2.1.2.2.2.1.2.1.2.1			Point in time (spot)	Stool			TRUE
106	f-baktvi3		1380	100		F -Bakteeri, viljely 3 (viljely 1 + Bacillus cereus, Clostridium perfringens, Staphylococcus aureus)	Feces		2.1.2.2.2.1.2.1.2.1			Point in time (spot)	Stool			TRUE
106	f-baktvip		17284	100			Feces		2.1.2.2.2.1.2.1.2.1	Bacteria identified	Presence or Identity	Point in time (spot)	Stool	Nom	Organism specific culture	FALSE
106	fl-baktna		154	100			Vaginal discharge		2.1.2.2.2.1.2.1.2.1	Bacteria DNA	Presence or Identity	Point in time (spot)	Vaginal fluid	Nom	Nucleic acid amplification with probe detection	FALSE
106	fl-baktvr		11637	100		Fl-Bakteeri, värjäys	Vaginal discharge		2.1.2.2.2.1.2.1.2.1	Bacteria	Finding	Point in time (spot)	Vaginal fluid	Nar	Gram stain	FALSE
106	li-baktvi		7020	100		Li-Bakteeri, viljely	Cerebrospinal fluid		2.1.2.2.2.1.2.1.2.1	Bacteria identified	Presence or Identity	Point in time (spot)	Cerebral spinal fluid	Nom	Organism specific culture	FALSE
106	li-baktvr		3747	100		Li-Bakteeri, värjäys	Cerebrospinal fluid		2.1.2.2.2.1.2.1.2.1	Bacteria	Finding	Point in time (spot)	Cerebral spinal fluid	Nar	Gram stain	FALSE
106	pd-baktvi		917	100		Pd-Bakteeri, viljely peritoneaalidialyysinesteestä	Peritoneal dialysis fluid		2.1.2.2.2.1.2.1.2.1	Bacteria identified	Presence or Identity	Point in time (spot)	Peritoneal fluid	Nom	Organism specific culture	FALSE
106	pf-baktvr		258	100			Pleural fluid		2.1.2.2.2.1.2.1.2.1	Bacteria	Finding	Point in time (spot)	Pleural fluid	Nar	Stain	FALSE
106	pp-baktnh		445	100		Pp-Bakteeri, nukleiinihappo (kvant), ientasku	Periodontal pocket		2.1.2.2.2.1.2.1.2.1	Bacteria DNA	Presence or Identity	Point in time (spot)	Gingival crevicular fluid	Nom	Nucleic acid amplification with probe detection	FALSE
106	ps-baktvi		3894	99.97		Ps-Bakteeri, viljely	Pharyngeal secretion		2.1.2.2.2.1.2.1.2.1	Bacteria identified	Presence or Identity	Point in time (spot)	Throat	Nom	Organism specific culture	FALSE
106	pu-baktvi1		132179	100		Pu-Bakteeri, viljely 1 (anaerobi + aerobiviljely, syvämärkä)	Pus		2.1.2.2.2.1.2.1.2.1			Point in time (spot)	Pus			TRUE
106	pu-baktvi2		97752	100		Pu-Bakteeri, viljely 2 (aerobiviljely, pintamärkä)	Pus		2.1.2.2.2.1.2.1.2.1	Bacteria identified	Presence or Identity	Point in time (spot)	Pus	Nom	Organism specific culture	FALSE
106	sy-baktvr		1225	100			Synovial fluid		2.1.2.2.2.1.2.1.2.1	Bacteria	Finding	Point in time (spot)	Synovial fluid	Nar	Gram stain	FALSE
106	u-bact		4570	19.15	[1.88, 4.41, 7.11, 12.12, 22.01, 65.08, 182.99, 478.65, 3425.04]		Urine		2.1.2.2.2.1.2.1.2.1	Bacteria	Number Concentration	Point in time (spot)	Urine	Qn	Automated count	FALSE
106	u-bakt	e6/l	12886	0	[0.99, 1.98, 3.85, 6.56, 13.19, 31.1, 95.22, 562.86, 5560.98]		Urine		2.1.2.2.2.1.2.1.2.1	Bacteria	Number Concentration	Point in time (spot)	Urine	Qn	Automated count	FALSE
106	u-bakt	estimate	14084	99.66			Urine		2.1.2.2.2.1.2.1.2.1	Bacteria	Finding	Point in time (spot)	Urine	Ord		FALSE
106	u-bakt	u/field	11	0			Urine		2.1.2.2.2.1.2.1.2.1	Bacteria	Number Concentration	Point in time (spot)	Urine	Qn	Light microscopy	FALSE
106	u-bakt		377251	99.78	[0, 0, 0, 0, 0, 0, 0, 0, 0]		Urine		2.1.2.2.2.1.2.1.2.1	Bacteria	Presence or Threshold	Point in time (spot)	Urine	Ord	Test strip	FALSE
106	u-bakt-vi		14923	100	[10000, 10000, 10000, 10000, 1e+05, 1e+05, 1e+05, 1e+06, 1e+06]		Urine	Culture	2.1.2.2.2.1.2.1.2.1	Bacteria	Arbitrary Concentration	Point in time (spot)	Urine	Qn	Organism specific culture	FALSE
106	u-bakt.	/sunf	514	0	[0, 0, 0, 0, 0, 0, 0, 0, 0]		Urine		2.1.2.2.2.1.2.1.2.1	Bacteria	Number Concentration	Point in time (spot)	Urine	Qn	Light microscopy	FALSE
106	u-bakt.	/sunfält	40	0			Urine		2.1.2.2.2.1.2.1.2.1	Bacteria	Number Concentration	Point in time (spot)	Urine	Qn	Light microscopy	FALSE
106	u-bakt.		1617	100			Urine		2.1.2.2.2.1.2.1.2.1	Bacteria	Presence or Threshold	Point in time (spot)	Urine	Ord	Test strip	FALSE
106	u-baktalv		2258	99.42		U -Bakteeri, aluslasiviljely	Urine		2.1.2.2.2.1.2.1.2.1	Bacteria	Arbitrary Concentration	Point in time (spot)	Urine	SemiQn	Dipslide culture	FALSE
106	u-baktb		210	4.29	[1.72, 5.76, 11.77, 19.42, 30.15, 66.2, 213.28, 2129.49, 11056.23]		Urine		2.1.2.2.2.1.2.1.2.1	Bacteria	Number Concentration	Point in time (spot)	Urine	Qn	Automated count	FALSE
106	u-baktbv	e6/l	3962	0	[0.82, 1.8, 3.97, 7.16, 16.23, 44.68, 171.24, 1315.3, 12976.36]		Urine		2.1.2.2.2.1.2.1.2.1	Bacteria	Number Concentration	Point in time (spot)	Urine	Qn	Automated count	FALSE
106	u-baktbv		93	100			Urine		2.1.2.2.2.1.2.1.2.1	Bacteria	Presence or Threshold	Point in time (spot)	Urine	Ord		FALSE
106	u-bakteeri		1711	100			Urine		2.1.2.2.2.1.2.1.2.1	Bacteria	Presence or Threshold	Point in time (spot)	Urine	Ord	Test strip	FALSE
106	u-bakteerit	e6/l	1692	0	[1, 3.34, 6.78, 15.13, 44.47, 159.79, 845.2, 5975.08, 24980.83]		Urine		2.1.2.2.2.1.2.1.2.1	Bacteria	Number Concentration	Point in time (spot)	Urine	Qn	Automated count	FALSE
106	u-bakteerit		16840	99.96			Urine		2.1.2.2.2.1.2.1.2.1	Bacteria	Presence or Threshold	Point in time (spot)	Urine	Ord	Test strip	FALSE
106	u-baktevi		18799	99.99		U -Bakteeri, erikoisviljely	Urine		2.1.2.2.2.1.2.1.2.1	Bacteria identified	Presence or Identity	Point in time (spot)	Urine	Nom	Organism specific culture	FALSE
106	u-baktjvi		390824	100		U -Bakteeri, jatkoviljely	Urine		2.1.2.2.2.1.2.1.2.1	Bacteria identified	Presence or Identity	Point in time (spot)	Urine	Nom	Organism specific culture	FALSE
106	u-baktjvi.		11570	100			Urine		2.1.2.2.2.1.2.1.2.1	Bacteria identified	Presence or Identity	Point in time (spot)	Urine	Nom	Organism specific culture	FALSE
106	u-baktla		4577	100			Urine		2.1.2.2.2.1.2.1.2.1	Bacteria identified	Presence or Identity	Point in time (spot)	Urine	Nom		FALSE
106	u-baktlm		1437	100			Urine		2.1.2.2.2.1.2.1.2.1	Bacteria identified	Presence or Identity	Point in time (spot)	Urine	Nom		FALSE
106	u-baktnim		111	100			Urine		2.1.2.2.2.1.2.1.2.1	Bacteria identified	Presence or Identity	Point in time (spot)	Urine	Nom		FALSE
106	u-bakts		1045	100			Urine		2.1.2.2.2.1.2.1.2.1	Bacteria	Presence or Threshold	Point in time (spot)	Urine	Ord	Test strip	FALSE
106	u-baktseu		39886	99.99			Urine		2.1.2.2.2.1.2.1.2.1	Bacteria	Presence or Threshold	Point in time (spot)	Urine	Ord	Test strip	FALSE
106	u-baktsjvi		539	100			Urine		2.1.2.2.2.1.2.1.2.1	Bacteria identified	Presence or Identity	Point in time (spot)	Urine	Nom	Organism specific culture	FALSE
106	u-bakttun		653	100			Urine		2.1.2.2.2.1.2.1.2.1	Bacteria identified	Presence or Identity	Point in time (spot)	Urine	Nom		FALSE
106	u-baktv		1154	100			Urine		2.1.2.2.2.1.2.1.2.1	Bacteria identified	Presence or Identity	Point in time (spot)	Urine	Nom	Organism specific culture	FALSE
106	u-baktvi	e6	45	0		U -Bakteeri, viljely	Urine		2.1.2.2.2.1.2.1.2.1	Bacteria	Arbitrary Concentration	Point in time (spot)	Urine	Qn	Organism specific culture	FALSE
106	u-baktvi	e6/l	60	0		U -Bakteeri, viljely	Urine		2.1.2.2.2.1.2.1.2.1	Bacteria	Arbitrary Concentration	Point in time (spot)	Urine	Qn	Organism specific culture	FALSE
106	u-baktvi	form	10	0		U -Bakteeri, viljely	Urine		2.1.2.2.2.1.2.1.2.1	Bacteria identified	Presence or Identity	Point in time (spot)	Urine	Nom	Organism specific culture	FALSE
106	u-baktvi		1324678	99.99	[106.83, 10000, 1e+05, 754545.45, 1e+06, 1e+07, 1e+08, 1e+08, 1e+08]	U -Bakteeri, viljely	Urine		2.1.2.2.2.1.2.1.2.1	Bacteria	Arbitrary Concentration	Point in time (spot)	Urine	OrdQn	Organism specific culture	FALSE
106	u-baktvi/		562	100			Urine		2.1.2.2.2.1.2.1.2.1	Bacteria identified	Presence or Identity	Point in time (spot)	Urine	Nom	Organism specific culture	FALSE
106	u-baktvi/oma		629	100			Urine		2.1.2.2.2.1.2.1.2.1	Bacteria identified	Presence or Identity	Point in time (spot)	Urine	Nom	Organism specific culture	FALSE
106	u-baktvi2		283	100			Urine		2.1.2.2.2.1.2.1.2.1	Bacteria identified	Presence or Identity	Point in time (spot)	Urine	Nom	Organism specific culture	FALSE
106	u-baktvtk		1637	100			Urine		2.1.2.2.2.1.2.1.2.1	Bacteria identified	Presence or Identity	Point in time (spot)	Urine	Nom	Organism specific culture	FALSE
110	b-b-cd19	e6/l	913	0	[10.41, 31.05, 55.36, 87.14, 120.42, 155.29, 201.58, 263.7, 407.08]		Blood		2.1.2.2.2.1.2.2.1.1.2.1	CD19 positive B-cells	Number Concentration	Point in time (spot)	Blood	Qn	Flow cytometry (FC)	FALSE
110	b-b-cd19	e9/l	3083	0	[0, 0, 0, 0.02, 0.06, 0.13, 0.2, 0.29, 0.48]		Blood		2.1.2.2.2.1.2.2.1.1.2.1	CD19 positive B-cells	Number Concentration	Point in time (spot)	Blood	Qn	Flow cytometry (FC)	FALSE
110	b-b-cd19		569	89.28	[0, 0, 0, 0.02, 0.06, 0.13, 0.2, 0.31, 0.47]		Blood		2.1.2.2.2.1.2.2.1.1.2.1	CD19 positive B-cells	Number Concentration	Point in time (spot)	Blood	Nar	Flow cytometry (FC)	FALSE
110	b-cd16/56	e6/l	12	0			Blood		2.1.2.2.2.1.2.2.1.1.2.1	CD16+CD56 positive cells	Number Concentration	Point in time (spot)	Blood	Qn	Flow cytometry (FC)	FALSE
110	b-cd16/56	e9/l	2606	0.65	[0.06, 0.09, 0.12, 0.15, 0.18, 0.22, 0.26, 0.33, 0.44]		Blood		2.1.2.2.2.1.2.2.1.1.2.1	CD16+CD56 positive cells	Number Concentration	Point in time (spot)	Blood	Qn	Flow cytometry (FC)	FALSE
110	b-cd16/56		108	84.26			Blood		2.1.2.2.2.1.2.2.1.1.2.1	CD16+CD56 positive cells		Point in time (spot)	Blood	Nar	Flow cytometry (FC)	FALSE
110	b-cd16/cd56	e9/l	263	0	[0.09, 0.12, 0.15, 0.17, 0.21, 0.24, 0.3, 0.36, 0.44]		Blood		2.1.2.2.2.1.2.2.1.1.2.1	CD16+CD56 positive cells	Number Concentration	Point in time (spot)	Blood	Qn	Flow cytometry (FC)	FALSE
110	b-cd16/cd56		15	100			Blood		2.1.2.2.2.1.2.2.1.1.2.1	CD16+CD56 positive cells		Point in time (spot)	Blood	Nar	Flow cytometry (FC)	FALSE
110	b-cd19	e6/l	3891	0	[0, 1.97, 16.17, 41.05, 70.27, 108.04, 158.42, 221.57, 336.97]		Blood		2.1.2.2.2.1.2.2.1.1.2.1	CD19 positive cells	Number Concentration	Point in time (spot)	Blood	Qn	Flow cytometry (FC)	FALSE
110	b-cd19	e9/l	2870	0.59	[0, 0, 0.01, 0.03, 0.06, 0.09, 0.14, 0.19, 0.29]		Blood		2.1.2.2.2.1.2.2.1.1.2.1	CD19 positive cells	Number Concentration	Point in time (spot)	Blood	Qn	Flow cytometry (FC)	FALSE
110	b-cd19		175	66.29			Blood		2.1.2.2.2.1.2.2.1.1.2.1	CD19 positive cells		Point in time (spot)	Blood	Nar	Flow cytometry (FC)	FALSE
110	b-cd3	e6/l	3892	0			Blood		2.1.2.2.2.1.2.2.1.1.2.1	CD3 positive cells	Number Concentration	Point in time (spot)	Blood	Qn	Flow cytometry (FC)	FALSE
110	b-cd3	e9/l	2868	0.59			Blood		2.1.2.2.2.1.2.2.1.1.2.1	CD3 positive cells	Number Concentration	Point in time (spot)	Blood	Qn	Flow cytometry (FC)	FALSE
110	b-cd3		204	71.57			Blood		2.1.2.2.2.1.2.2.1.1.2.1	CD3 positive cells		Point in time (spot)	Blood	Nar	Flow cytometry (FC)	FALSE
110	b-cd34	e6/l	193	0	[5.27, 13.75, 20.31, 28.86, 37.69, 50.47, 63.07, 93.98, 156.93]		Blood		2.1.2.2.2.1.2.2.1.1.2.1	CD34 positive cells	Number Concentration	Point in time (spot)	Blood	Qn	Flow cytometry (FC)	FALSE
110	b-cd34		27	29.63			Blood		2.1.2.2.2.1.2.2.1.1.2.1	CD34 positive cells		Point in time (spot)	Blood	Nar	Flow cytometry (FC)	FALSE
110	b-cd4	e6/l	3893	0	[134.07, 213.38, 284.14, 381.8, 505.45, 647.7, 819.98, 1038.04, 1335.05]		Blood		2.1.2.2.2.1.2.2.1.1.2.1	CD4 positive cells	Number Concentration	Point in time (spot)	Blood	Qn	Flow cytometry (FC)	FALSE
110	b-cd4	e9/l	2870	0.59	[0.14, 0.2, 0.25, 0.32, 0.4, 0.51, 0.63, 0.8, 1.07]		Blood		2.1.2.2.2.1.2.2.1.1.2.1	CD4 positive cells	Number Concentration	Point in time (spot)	Blood	Qn	Flow cytometry (FC)	FALSE
110	b-cd4		172	66.28			Blood		2.1.2.2.2.1.2.2.1.1.2.1	CD4 positive cells		Point in time (spot)	Blood	Nar	Flow cytometry (FC)	FALSE
110	b-cd8	e6/l	3892	0	[117.75, 200.41, 277.17, 351.98, 433.16, 541.85, 672.5, 850.74, 1214.03]		Blood		2.1.2.2.2.1.2.2.1.1.2.1	CD8 positive cells	Number Concentration	Point in time (spot)	Blood	Qn	Flow cytometry (FC)	FALSE
110	b-cd8	e9/l	2870	0.59	[0.11, 0.16, 0.23, 0.29, 0.36, 0.46, 0.57, 0.73, 1]		Blood		2.1.2.2.2.1.2.2.1.1.2.1	CD8 positive cells	Number Concentration	Point in time (spot)	Blood	Qn	Flow cytometry (FC)	FALSE
110	b-cd8		172	66.28			Blood		2.1.2.2.2.1.2.2.1.1.2.1	CD8 positive cells		Point in time (spot)	Blood	Nar	Flow cytometry (FC)	FALSE
110	b-lcd34	e6/l	251	0	[3, 7.11, 11.11, 14.14, 17.55, 23.82, 31.86, 44, 64.2]	B -Leukosyytit, CD34 alaluokka	Blood		2.1.2.2.2.1.2.2.1.1.2.1	CD34 positive cells	Number Concentration	Point in time (spot)	Blood	Qn	Flow cytometry (FC)	FALSE
110	b-lcd34	e9/l	475	0	[0, 0.01, 0.02, 0.03, 0.03, 0.04, 0.06, 0.09, 0.13]	B -Leukosyytit, CD34 alaluokka	Blood		2.1.2.2.2.1.2.2.1.1.2.1	CD34 positive cells	Number Concentration	Point in time (spot)	Blood	Qn	Flow cytometry (FC)	FALSE
110	b-lcd34		66	100		B -Leukosyytit, CD34 alaluokka	Blood		2.1.2.2.2.1.2.2.1.1.2.1	CD34 positive cells		Point in time (spot)	Blood	Nar	Flow cytometry (FC)	FALSE
110	b-lycd4		496	100		B -Lymfosyytti CD4-alaluokka	Blood		2.1.2.2.2.1.2.2.1.1.2.1	CD4 positive cells/Lymphocytes		Point in time (spot)	Blood	Nar	Flow cytometry (FC)	FALSE
110	b-t-cd3	e6/l	1174	0			Blood		2.1.2.2.2.1.2.2.1.1.2.1	CD3 positive T-cells	Number Concentration	Point in time (spot)	Blood	Qn	Flow cytometry (FC)	FALSE
110	b-t-cd3	e9/l	2692	0			Blood		2.1.2.2.2.1.2.2.1.1.2.1	CD3 positive T-cells	Number Concentration	Point in time (spot)	Blood	Qn	Flow cytometry (FC)	FALSE
110	b-t-cd3		304	81.91			Blood		2.1.2.2.2.1.2.2.1.1.2.1	CD3 positive T-cells		Point in time (spot)	Blood	Nar	Flow cytometry (FC)	FALSE
110	b-t-cd4	e6/l	1609	0	[168.06, 247.56, 335.09, 433.05, 551.26, 672.04, 816.88, 957.34, 1254.62]		Blood		2.1.2.2.2.1.2.2.1.1.2.1	CD4 positive T-cells	Number Concentration	Point in time (spot)	Blood	Qn	Flow cytometry (FC)	FALSE
110	b-t-cd4	e9/l	6105	0	[0.16, 0.25, 0.34, 0.43, 0.52, 0.64, 0.79, 0.96, 1.28]		Blood		2.1.2.2.2.1.2.2.1.1.2.1	CD4 positive T-cells	Number Concentration	Point in time (spot)	Blood	Qn	Flow cytometry (FC)	FALSE
110	b-t-cd4		475	69.89	[0.2, 0.26, 0.34, 0.42, 0.55, 0.68, 0.8, 0.95, 1.29]		Blood		2.1.2.2.2.1.2.2.1.1.2.1	CD4 positive T-cells	Number Concentration	Point in time (spot)	Blood	Qn	Flow cytometry (FC)	FALSE
110	b-t-cd8	e6/l	1174	0	[141.94, 210.82, 289.62, 366.11, 450.98, 530.13, 639.55, 796.16, 1179.47]		Blood		2.1.2.2.2.1.2.2.1.1.2.1	CD8 positive T-cells	Number Concentration	Point in time (spot)	Blood	Qn	Flow cytometry (FC)	FALSE
110	b-t-cd8	e9/l	2753	0	[0.14, 0.21, 0.27, 0.35, 0.43, 0.52, 0.65, 0.83, 1.1]		Blood		2.1.2.2.2.1.2.2.1.1.2.1	CD8 positive T-cells	Number Concentration	Point in time (spot)	Blood	Qn	Flow cytometry (FC)	FALSE
110	b-t-cd8		311	79.42			Blood		2.1.2.2.2.1.2.2.1.1.2.1	CD8 positive T-cells		Point in time (spot)	Blood	Nar	Flow cytometry (FC)	FALSE
110	bl-cd4/cd8	form	42	100			Bronchoalveolar lavage		2.1.2.2.2.1.2.2.1.1.2.1	CD4/CD8	Ratio	Point in time (spot)	Bronchoalveolar lavage	Nar	Flow cytometry (FC)	FALSE
110	bl-cd4/cd8		91	100			Bronchoalveolar lavage		2.1.2.2.2.1.2.2.1.1.2.1	CD4/CD8	Ratio	Point in time (spot)	Bronchoalveolar lavage	Nar	Flow cytometry (FC)	FALSE
110	cd4/cd8		3940	0.23	[0.29, 0.47, 0.68, 0.91, 1.2, 1.57, 1.94, 2.45, 3.26]				2.1.2.2.2.1.2.2.1.1.2.1	CD4/CD8	Ratio	Point in time (spot)		Qn	Flow cytometry (FC)	FALSE
110	l-cd34	%	481	0	[0.05, 0.08, 0.1, 0.13, 0.16, 0.2, 0.25, 0.32, 0.61]		Leukocyte		2.1.2.2.2.1.2.2.1.1.2.1	CD34 positive cells/Leukocytes	Number Fraction	Point in time (spot)	Leukocyte	Qn	Flow cytometry (FC)	FALSE
110	l-cd34		41	100			Leukocyte		2.1.2.2.2.1.2.2.1.1.2.1	CD34 positive cells/Leukocytes		Point in time (spot)	Leukocyte	Nar	Flow cytometry (FC)	FALSE
110	la-cd34	e6/kg	156	0	[0.6, 0.9, 1.18, 1.41, 1.69, 2.1, 2.53, 3.4, 4.94]				2.1.2.2.2.1.2.2.1.1.2.1	CD34 positive cells	Number to Mass Ratio	Point in time (spot)	^Patient	Qn	Flow cytometry (FC)	FALSE
110	la-cd34	e9/l	393	0	[0.41, 0.56, 0.72, 0.84, 1.03, 1.27, 1.77, 2.36, 3.2]				2.1.2.2.2.1.2.2.1.1.2.1	CD34 positive cells	Number Concentration	Point in time (spot)		Qn	Flow cytometry (FC)	FALSE
110	la-cd34-ks		395	100					2.1.2.2.2.1.2.2.1.1.2.1	CD34 positive cells		Point in time (spot)		Nar	Flow cytometry (FC)	FALSE
110	la-cd34-os	%	393	0	[0.22, 0.3, 0.39, 0.49, 0.59, 0.69, 0.84, 1.12, 1.67]				2.1.2.2.2.1.2.2.1.1.2.1	CD34 positive cells	Number Fraction	Point in time (spot)		Qn	Flow cytometry (FC)	FALSE
110	la-t-cd3	e9/l	149	0					2.1.2.2.2.1.2.2.1.1.2.1	CD3 positive T-cells	Number Concentration	Point in time (spot)		Qn	Flow cytometry (FC)	FALSE
110	la-t-cd3		6	16.67					2.1.2.2.2.1.2.2.1.1.2.1	CD3 positive T-cells		Point in time (spot)		Nar	Flow cytometry (FC)	FALSE
110	la-t-cd4	e9/l	149	0					2.1.2.2.2.1.2.2.1.1.2.1	CD4 positive T-cells	Number Concentration	Point in time (spot)		Qn	Flow cytometry (FC)	FALSE
110	la-t-cd4		6	16.67					2.1.2.2.2.1.2.2.1.1.2.1	CD4 positive T-cells		Point in time (spot)		Nar	Flow cytometry (FC)	FALSE
110	la-t-cd8	e9/l	149	0					2.1.2.2.2.1.2.2.1.1.2.1	CD8 positive T-cells	Number Concentration	Point in time (spot)		Qn	Flow cytometry (FC)	FALSE
110	la-t-cd8		6	16.67					2.1.2.2.2.1.2.2.1.1.2.1	CD8 positive T-cells		Point in time (spot)		Nar	Flow cytometry (FC)	FALSE
110	ly-b-cd19	%	1504	0	[0, 0, 0.45, 2.91, 5.54, 7.86, 10.24, 13.34, 18.94]		Lymphocyte		2.1.2.2.2.1.2.2.1.1.2.1	CD19 positive B-cells/Lymphocytes	Number Fraction	Point in time (spot)	Lymphocyte	Qn	Flow cytometry (FC)	FALSE
110	ly-b-cd19		950	99.05			Lymphocyte		2.1.2.2.2.1.2.2.1.1.2.1	CD19 positive B-cells/Lymphocytes		Point in time (spot)	Lymphocyte	Nar	Flow cytometry (FC)	FALSE
110	ly-cd16/56	%	3462	0.49	[5.28, 8.01, 10.25, 12.46, 15.08, 18.07, 21.55, 26.37, 33.4]		Lymphocyte		2.1.2.2.2.1.2.2.1.1.2.1	CD16+CD56 positive cells/Lymphocytes	Number Fraction	Point in time (spot)	Lymphocyte	Qn	Flow cytometry (FC)	FALSE
110	ly-cd16/56		107	86.92			Lymphocyte		2.1.2.2.2.1.2.2.1.1.2.1	CD16+CD56 positive cells/Lymphocytes		Point in time (spot)	Lymphocyte	Nar	Flow cytometry (FC)	FALSE
110	ly-cd16/cd56	%	262	0	[5.52, 8.16, 10.06, 12.71, 14.93, 17.65, 20.63, 27.5, 36.58]		Lymphocyte		2.1.2.2.2.1.2.2.1.1.2.1	CD16+CD56 positive cells/Lymphocytes	Number Fraction	Point in time (spot)	Lymphocyte	Qn	Flow cytometry (FC)	FALSE
110	ly-cd16/cd56		15	100			Lymphocyte		2.1.2.2.2.1.2.2.1.1.2.1	CD16+CD56 positive cells/Lymphocytes		Point in time (spot)	Lymphocyte	Nar	Flow cytometry (FC)	FALSE
110	ly-cd19	%	3462	0.49	[0, 0, 1.17, 3.24, 5.55, 8.08, 10.86, 14.11, 20.27]		Lymphocyte		2.1.2.2.2.1.2.2.1.1.2.1	CD19 positive cells/Lymphocytes	Number Fraction	Point in time (spot)	Lymphocyte	Qn	Flow cytometry (FC)	FALSE
110	ly-cd19		107	85.98			Lymphocyte		2.1.2.2.2.1.2.2.1.1.2.1	CD19 positive cells/Lymphocytes		Point in time (spot)	Lymphocyte	Nar	Flow cytometry (FC)	FALSE
110	ly-cd19-b	%	2507	0	[0, 0, 1, 3.95, 7.56, 10.5, 13.61, 17.58, 25.6]		Lymphocyte		2.1.2.2.2.1.2.2.1.1.2.1	CD19 positive B-cells/Lymphocytes	Number Fraction	Point in time (spot)	Lymphocyte	Qn	Flow cytometry (FC)	FALSE
110	ly-cd19-b		19	100			Lymphocyte		2.1.2.2.2.1.2.2.1.1.2.1	CD19 positive B-cells/Lymphocytes		Point in time (spot)	Lymphocyte	Nar	Flow cytometry (FC)	FALSE
110	ly-cd3	%	3726	0.46	[52.12, 61.25, 67.07, 71.15, 74.98, 78.39, 81.66, 85.36, 89.48]		Lymphocyte		2.1.2.2.2.1.2.2.1.1.2.1	CD3 positive cells/Lymphocytes	Number Fraction	Point in time (spot)	Lymphocyte	Qn	Flow cytometry (FC)	FALSE
110	ly-cd3		122	87.7			Lymphocyte		2.1.2.2.2.1.2.2.1.1.2.1	CD3 positive cells/Lymphocytes		Point in time (spot)	Lymphocyte	Nar	Flow cytometry (FC)	FALSE
110	ly-cd4	%	3726	0.46	[16.32, 22.56, 27.91, 32.59, 37.02, 41.75, 46.47, 51.76, 58.99]		Lymphocyte		2.1.2.2.2.1.2.2.1.1.2.1	CD4 positive cells/Lymphocytes	Number Fraction	Point in time (spot)	Lymphocyte	Qn	Flow cytometry (FC)	FALSE
110	ly-cd4		122	87.7			Lymphocyte		2.1.2.2.2.1.2.2.1.1.2.1	CD4 positive cells/Lymphocytes		Point in time (spot)	Lymphocyte	Nar	Flow cytometry (FC)	FALSE
110	ly-cd4+8+	%	41	41.46			Lymphocyte		2.1.2.2.2.1.2.2.1.1.2.1	CD4+CD8+ cells/Lymphocytes	Number Fraction	Point in time (spot)	Lymphocyte	Qn	Flow cytometry (FC)	FALSE
110	ly-cd4+8+		75	100			Lymphocyte		2.1.2.2.2.1.2.2.1.1.2.1	CD4+CD8+ cells/Lymphocytes		Point in time (spot)	Lymphocyte	Nar	Flow cytometry (FC)	FALSE
110	ly-cd4-8-	%	207	8.21	[7, 8, 8, 8.88, 9.82, 10.9, 12, 14, 16]		Lymphocyte		2.1.2.2.2.1.2.2.1.1.2.1	CD4-CD8- cells/Lymphocytes	Number Fraction	Point in time (spot)	Lymphocyte	Qn	Flow cytometry (FC)	FALSE
110	ly-cd4-8-		77	100			Lymphocyte		2.1.2.2.2.1.2.2.1.1.2.1	CD4-CD8- cells/Lymphocytes		Point in time (spot)	Lymphocyte	Nar	Flow cytometry (FC)	FALSE
110	ly-cd4-t	%	4576	0	[15.23, 21.8, 27.31, 31.42, 35.47, 39.26, 43.26, 48.23, 54.7]		Lymphocyte		2.1.2.2.2.1.2.2.1.1.2.1	CD4 positive T-cells/Lymphocytes	Number Fraction	Point in time (spot)	Lymphocyte	Qn	Flow cytometry (FC)	FALSE
110	ly-cd4-t		170	22.94	[17.53, 21.58, 24.78, 29.15, 33.2, 38.25, 41.67, 47.37, 52.57]		Lymphocyte		2.1.2.2.2.1.2.2.1.1.2.1	CD4 positive T-cells/Lymphocytes	Number Fraction	Point in time (spot)	Lymphocyte	Qn	Flow cytometry (FC)	FALSE
110	ly-cd4/cd8		2752	4.18	[0.37, 0.55, 0.75, 0.96, 1.18, 1.48, 1.83, 2.29, 3.23]	Ly-Auttaja- ja tappajasolujen suhde, immunofenotyypitys	Lymphocyte		2.1.2.2.2.1.2.2.1.1.2.1	CD4/CD8	Ratio	Point in time (spot)	Lymphocyte	Qn	Flow cytometry (FC)	FALSE
110	ly-cd4/cd8suhde		278	5.4	[0.5, 0.76, 1.02, 1.29, 1.66, 1.95, 2.26, 2.73, 3.97]		Lymphocyte		2.1.2.2.2.1.2.2.1.1.2.1	CD4/CD8	Ratio	Point in time (spot)	Lymphocyte	Qn	Flow cytometry (FC)	FALSE
110	ly-cd8	%	3725	0.46	[14.46, 19.13, 22.75, 26.46, 30.35, 34.98, 40.06, 46.74, 56.02]		Lymphocyte		2.1.2.2.2.1.2.2.1.1.2.1	CD8 positive cells/Lymphocytes	Number Fraction	Point in time (spot)	Lymphocyte	Qn	Flow cytometry (FC)	FALSE
110	ly-cd8		122	87.7			Lymphocyte		2.1.2.2.2.1.2.2.1.1.2.1	CD8 positive cells/Lymphocytes		Point in time (spot)	Lymphocyte	Nar	Flow cytometry (FC)	FALSE
110	ly-t-cd3	%	3926	0	[56.23, 64.92, 70.33, 74.35, 77.57, 80.54, 84.02, 87.72, 92.04]		Lymphocyte		2.1.2.2.2.1.2.2.1.1.2.1	CD3 positive T-cells/Lymphocytes	Number Fraction	Point in time (spot)	Lymphocyte	Qn	Flow cytometry (FC)	FALSE
110	ly-t-cd3		264	98.48			Lymphocyte		2.1.2.2.2.1.2.2.1.1.2.1	CD3 positive T-cells/Lymphocytes		Point in time (spot)	Lymphocyte	Nar	Flow cytometry (FC)	FALSE
110	ly-t-cd4	%	2006	0	[18.72, 24.57, 29.84, 34.47, 38.67, 43.22, 47.75, 52.18, 58.04]	Ly-Lymfosyytit, T-auttajasolujen osuus	Lymphocyte		2.1.2.2.2.1.2.2.1.1.2.1	CD4 positive T-cells/Lymphocytes	Number Fraction	Point in time (spot)	Lymphocyte	Qn	Flow cytometry (FC)	FALSE
110	ly-t-cd4		3875	99.92		Ly-Lymfosyytit, T-auttajasolujen osuus	Lymphocyte		2.1.2.2.2.1.2.2.1.1.2.1	CD4 positive T-cells/Lymphocytes		Point in time (spot)	Lymphocyte	Nar	Flow cytometry (FC)	FALSE
110	ly-t-cd4.	%	1462	0	[18.57, 26.32, 32.42, 36.77, 41.27, 46.47, 51.47, 56.35, 63.05]		Lymphocyte		2.1.2.2.2.1.2.2.1.1.2.1	CD4 positive T-cells/Lymphocytes	Number Fraction	Point in time (spot)	Lymphocyte	Qn	Flow cytometry (FC)	FALSE
110	ly-t-cd4.		36	72.22			Lymphocyte		2.1.2.2.2.1.2.2.1.1.2.1	CD4 positive T-cells/Lymphocytes		Point in time (spot)	Lymphocyte	Nar	Flow cytometry (FC)	FALSE
110	ly-t-cd4/8	ratio	1816	0	[0.6, 0.8, 0.99, 1.23, 1.56, 1.85, 2.06, 2.47, 3.19]		Lymphocyte		2.1.2.2.2.1.2.2.1.1.2.1	CD4/CD8	Ratio	Point in time (spot)	Lymphocyte	Qn	Flow cytometry (FC)	FALSE
110	ly-t-cd4/8		224	100	[0.48, 0.79, 1.06, 1.31, 1.55, 1.83, 2.13, 2.62, 3.69]		Lymphocyte		2.1.2.2.2.1.2.2.1.1.2.1	CD4/CD8	Ratio	Point in time (spot)	Lymphocyte	Qn	Flow cytometry (FC)	FALSE
110	ly-t-cd8	%	2895	0	[14.95, 19.45, 23.24, 27.01, 30.29, 33.79, 38.05, 43.59, 52.29]	Ly-Lymfosyytit, T-estäjäsolujen osuus	Lymphocyte		2.1.2.2.2.1.2.2.1.1.2.1	CD8 positive T-cells/Lymphocytes	Number Fraction	Point in time (spot)	Lymphocyte	Qn	Flow cytometry (FC)	FALSE
110	ly-t-cd8		245	99.59		Ly-Lymfosyytit, T-estäjäsolujen osuus	Lymphocyte		2.1.2.2.2.1.2.2.1.1.2.1	CD8 positive T-cells/Lymphocytes		Point in time (spot)	Lymphocyte	Nar	Flow cytometry (FC)	FALSE
110	ly-tcd4/8.		2179	0.83	[0.48, 0.75, 1, 1.21, 1.42, 1.69, 2, 2.51, 3.27]		Lymphocyte		2.1.2.2.2.1.2.2.1.1.2.1	CD4/CD8	Ratio	Point in time (spot)	Lymphocyte	Qn	Flow cytometry (FC)	FALSE
110	ly-tt-cd8	%	1219	0	[13.33, 17.86, 21.01, 24.35, 28, 31.32, 36.22, 42.56, 52.88]		Lymphocyte		2.1.2.2.2.1.2.2.1.1.2.1	CD8 positive T-cells/Lymphocytes	Number Fraction	Point in time (spot)	Lymphocyte	Qn	Flow cytometry (FC)	FALSE
110	ly-tt-cd8		5	40			Lymphocyte		2.1.2.2.2.1.2.2.1.1.2.1	CD8 positive T-cells/Lymphocytes		Point in time (spot)	Lymphocyte	Nar	Flow cytometry (FC)	FALSE
110	s-gt-cdt	%	13	0			Serum		2.1.2.2.2.1.2.2.1.1.2.1	Carbohydrate deficient transferrin/Transferrin	Mass Fraction	Point in time (spot)	Serum	Qn		FALSE
110	s-gt-cdt		2807	3.35	[2.6, 2.87, 3.04, 3.25, 3.47, 3.7, 3.96, 4.27, 4.86]		Serum		2.1.2.2.2.1.2.2.1.1.2.1	Carbohydrate deficient transferrin/Transferrin	Mass Fraction	Point in time (spot)	Serum	Qn		FALSE
110	so-t-cd3	%	149	0	[16.66, 19.73, 21.87, 23.49, 24.84, 27.82, 29.85, 33.41, 49.51]				2.1.2.2.2.1.2.2.1.1.2.1	CD3 positive T-cells	Number Fraction	Point in time (spot)		Qn	Flow cytometry (FC)	FALSE
110	so-t-cd3		6	16.67					2.1.2.2.2.1.2.2.1.1.2.1	CD3 positive T-cells		Point in time (spot)		Nar	Flow cytometry (FC)	FALSE
110	so-t-cd4	%	149	0	[9.42, 10.93, 12.3, 13.53, 14.67, 15.99, 17.4, 19.67, 23.42]				2.1.2.2.2.1.2.2.1.1.2.1	CD4 positive T-cells	Number Fraction	Point in time (spot)		Qn	Flow cytometry (FC)	FALSE
110	so-t-cd4		6	16.67					2.1.2.2.2.1.2.2.1.1.2.1	CD4 positive T-cells		Point in time (spot)		Nar	Flow cytometry (FC)	FALSE
110	so-t-cd8	%	149	0	[5.87, 7, 7.83, 8.57, 9.8, 10.57, 12.18, 14.02, 21.4]				2.1.2.2.2.1.2.2.1.1.2.1	CD8 positive T-cells	Number Fraction	Point in in time (spot)		Qn	Flow cytometry (FC)	FALSE
110	so-t-cd8		6	16.67					2.1.2.2.2.1.2.2.1.1.2.1	CD8 positive T-cells		Point in time (spot)		Nar	Flow cytometry (FC)	FALSE
111	-c19agvt		139	100					2.1.2.2.2.1.2.2.1.1.2.2.1	SARS-CoV-2 antigen	Presence or Threshold	Point in time (spot)		Ord		FALSE
111	-covidjt		396	100					2.1.2.2.2.1.2.2.1.1.2.2.1					Nar		FALSE
111	-cv19ag	%	13	0		COVID-19-koronavirustauti, antigeeni			2.1.2.2.2.1.2.2.1.1.2.2.1	SARS-CoV-2 antigen	Presence or Threshold	Point in time (spot)		Ord		FALSE
111	-cv19ag	e12/l	7	0		COVID-19-koronavirustauti, antigeeni			2.1.2.2.2.1.2.2.1.1.2.2.1	SARS-CoV-2 antigen	Presence or Threshold	Point in time (spot)		Ord		FALSE
111	-cv19ag	e9/l	19	0		COVID-19-koronavirustauti, antigeeni			2.1.2.2.2.1.2.2.1.1.2.2.1	SARS-CoV-2 antigen	Presence or Threshold	Point in time (spot)		Ord		FALSE
111	-cv19ag	fl	8	0		COVID-19-koronavirustauti, antigeeni			2.1.2.2.2.1.2.2.1.1.2.2.1	SARS-CoV-2 antigen	Presence or Threshold	Point in time (spot)		Ord		FALSE
111	-cv19ag	g/l	15	0		COVID-19-koronavirustauti, antigeeni			2.1.2.2.2.1.2.2.1.1.2.2.1	SARS-CoV-2 antigen	Presence or Threshold	Point in time (spot)		Ord		FALSE
111	-cv19ag	mmol/l	25	0		COVID-19-koronavirustauti, antigeeni			2.1.2.2.2.1.2.2.1.1.2.2.1	SARS-CoV-2 antigen	Presence or Threshold	Point in time (spot)		Ord		FALSE
111	-cv19ag	pg	8	0		COVID-19-koronavirustauti, antigeeni			2.1.2.2.2.1.2.2.1.1.2.2.1	SARS-CoV-2 antigen	Presence or Threshold	Point in time (spot)		Ord		FALSE
111	-cv19ag	u/l	5	0		COVID-19-koronavirustauti, antigeeni			2.1.2.2.2.1.2.2.1.1.2.2.1	SARS-CoV-2 antigen	Presence or Threshold	Point in time (spot)		Ord		FALSE
111	-cv19ag	ug/l	6	0		COVID-19-koronavirustauti, antigeeni			2.1.2.2.2.1.2.2.1.1.2.2.1	SARS-CoV-2 antigen	Presence or Threshold	Point in time (spot)		Ord		FALSE
111	-cv19ag	umol/l	6	0		COVID-19-koronavirustauti, antigeeni			2.1.2.2.2.1.2.2.1.1.2.2.1	SARS-CoV-2 antigen	Presence or Threshold	Point in time (spot)		Ord		FALSE
111	-cv19ag		11991	99.09		COVID-19-koronavirustauti, antigeeni			2.1.2.2.2.1.2.2.1.1.2.2.1	SARS-CoV-2 antigen	Presence or Threshold	Point in time (spot)		Ord		FALSE
111	-cv19ag0		3845	100		Panbio COVID-19 Ag Rapid Test, Abbott Rapid Diagnostics			2.1.2.2.2.1.2.2.1.1.2.2.1	SARS-CoV-2 antigen	Presence or Threshold	Point in time (spot)		Ord		FALSE
111	-cv19ag1		504	100		Flowflex SARS-CoV-2 Antigen rapid test, ACON Laboratories, Inc			2.1.2.2.2.1.2.2.1.1.2.2.1	SARS-CoV-2 antigen	Presence or Threshold	Point in time (spot)		Ord		FALSE
111	-cv19ag2		204	100		mariPOC SARS-CoV-2, ArcDia International Ltd			2.1.2.2.2.1.2.2.1.1.2.2.1	SARS-CoV-2	Presence or Threshold	Point in time (spot)		Ord		FALSE
111	-cv19ag3		270	100		mariPOC Quick Flu+ , ArcDia International Ltd			2.1.2.2.2.1.2.2.1.1.2.2.1							TRUE
111	-cv19ag4		20852	100		STANDARD Q COVID-19 Ag, SD BIONSENSOR Inc			2.1.2.2.2.1.2.2.1.1.2.2.1	SARS-CoV-2 antigen	Presence or Threshold	Point in time (spot)		Ord		FALSE
111	-cv19ag5		15481	100		SARS-CoV-2 Antigen Rapid Test, Roche (SD BIOSENSOR)			2.1.2.2.2.1.2.2.1.1.2.2.1	SARS-CoV-2 antigen	Presence or Threshold	Point in time (spot)		Ord		FALSE
111	-cv19agj		1370	100					2.1.2.2.2.1.2.2.1.1.2.2.1	SARS-CoV-2 antigen	Presence or Threshold	Point in time (spot)		Ord		FALSE
111	-cv19agl		391	100					2.1.2.2.2.1.2.2.1.1.2.2.1	SARS-CoV-2 antigen	Presence or Threshold	Point in time (spot)		Ord		FALSE
111	-cv19nho		891531	100		-COVID-19-koronavirustauti, nukleiinihappo (kval)			2.1.2.2.2.1.2.2.1.1.2.2.1	SARS-CoV-2 RNA	Presence or Threshold	Point in time (spot)		Ord	Nucleic acid amplification with probe detection	FALSE
111	-cv19pika		8349	99.95					2.1.2.2.2.1.2.2.1.1.2.2.1	SARS-CoV-2 antigen	Presence or Threshold	Point in time (spot)		Ord		FALSE
111	-cv19vt		1271	100					2.1.2.2.2.1.2.2.1.1.2.2.1					Nar		FALSE
111	b-cv19ab-o		325	100			Blood	Qualitative test (also semi-quantitative)	2.1.2.2.2.1.2.2.1.1.2.2.1	SARS-CoV-2 antibody	Presence or Threshold	Point in time (spot)	Blood	Ord		FALSE
111	b-cv19abg		232	100		B -COVID-19 -koronavirustauti, IgG-vasta-aineet	Blood		2.1.2.2.2.1.2.2.1.1.2.2.1	SARS-CoV-2 IgG antibody	Presence or Threshold	Point in time (spot)	Blood	Ord		FALSE
111	b-cv19abm		233	100		B -COVID-19 -koronavirustauti, IgM-vasta-aineet	Blood		2.1.2.2.2.1.2.2.1.1.2.2.1	SARS-CoV-2 IgM antibody	Presence or Threshold	Point in time (spot)	Blood	Ord		FALSE
111	cldinho		111	100					2.1.2.2.2.1.2.2.1.1.2.2.1							FALSE
111	covid-19aghoi		476	100					2.1.2.2.2.1.2.2.1.1.2.2.1	SARS-CoV-2 antigen	Presence or Threshold	Point in time (spot)		Ord		FALSE
111	cv19ag		985	100					2.1.2.2.2.1.2.2.1.1.2.2.1	SARS-CoV-2 antigen	Presence or Threshold	Point in time (spot)		Ord		FALSE
111	cv19infrs		7932	100					2.1.2.2.2.1.2.2.1.1.2.2.1							TRUE
111	cv19nho		71412	100					2.1.2.2.2.1.2.2.1.1.2.2.1	SARS-CoV-2 RNA	Presence or Threshold	Point in time (spot)		Ord	Nucleic acid amplification with probe detection	FALSE
111	cv19nhopth		159	100					2.1.2.2.2.1.2.2.1.1.2.2.1	SARS-CoV-2 RNA	Presence or Threshold	Point in time (spot)		Ord	Nucleic acid amplification with probe detection	FALSE
111	cv19sekv		120	100					2.1.2.2.2.1.2.2.1.1.2.2.1	SARS-CoV-2 RNA	Presence or Identity	Point in time (spot)		Nom	Molecular genetics	FALSE
111	oma-covid-o		1391	100				Qualitative test (also semi-quantitative)	2.1.2.2.2.1.2.2.1.1.2.2.1	SARS-CoV-2 antigen	Presence or Threshold	Point in time (spot)		Ord		FALSE
111	p-c1qabg	u/ml	88	0		P-Komplementti C1q, IgG-vasta-aineet	Plasma		2.1.2.2.2.1.2.2.1.1.2.2.1	Complement C1q IgG antibody	Arbitrary Concentration	Point in time (spot)	Plasma	Qn		FALSE
111	p-c1qabg		195	95.38		P-Komplementti C1q, IgG-vasta-aineet	Plasma		2.1.2.2.2.1.2.2.1.1.2.2.1	Complement C1q IgG antibody	Presence or Threshold	Point in time (spot)	Plasma	Ord		FALSE
111	pika-covid-19ag		290	100					2.1.2.2.2.1.2.2.1.1.2.2.1	SARS-CoV-2 antigen	Presence or Threshold	Point in time (spot)		Ord		FALSE
111	s-cv19ab	au/ml	36	100		S -COVID-19 -koronavirustauti, vasta-aineet	Serum		2.1.2.2.2.1.2.2.1.1.2.2.1	SARS-CoV-2 antibody	Arbitrary Concentration	Point in time (spot)	Serum	Qn		FALSE
111	s-cv19ab		3692	100		S -COVID-19 -koronavirustauti, vasta-aineet	Serum		2.1.2.2.2.1.2.2.1.1.2.2.1	SARS-CoV-2 antibody	Presence or Threshold	Point in time (spot)	Serum	Ord		FALSE
111	s-cv19aba		270	100		S -COVID-19 -koronavirustauti, IgA-vasta-aineet	Serum		2.1.2.2.2.1.2.2.1.1.2.2.1	SARS-CoV-2 IgA antibody	Presence or Threshold	Point in time (spot)	Serum	Ord		FALSE
111	s-cv19abg		1259	100		S -COVID-19 -koronavirustauti, IgG-vasta-aineet	Serum		2.1.2.2.2.1.2.2.1.1.2.2.1	SARS-CoV-2 IgG antibody	Presence or Threshold	Point in time (spot)	Serum	Ord		FALSE
111	s-cv19abm		101	100		S -COVID-19 -koronavirustauti, IgM- vasta-aineet	Serum		2.1.2.2.2.1.2.2.1.1.2.2.1	SARS-CoV-2 IgM antibody	Presence or Threshold	Point in time (spot)	Serum	Ord		FALSE
111	s-cv19abp		153	100			Serum		2.1.2.2.2.1.2.2.1.1.2.2.1	SARS-CoV-2 antibody	Presence or Threshold	Point in time (spot)	Serum	Ord		FALSE
111	s-cv19sab	au/ml	149	0	[1.48, 3.94, 139.34, 691.66, 1561.95, 3317.2, 5543.63, 12999.61, 20746]	S -COVID-19-koronavirustauti, piikkiproteiini, vasta-aineet	Serum		2.1.2.2.2.1.2.2.1.1.2.2.1	SARS-CoV-2 spike protein antibody	Arbitrary Concentration	Point in time (spot)	Serum	Qn		FALSE
111	s-cv19sab	u/ml	15	0		S -COVID-19-koronavirustauti, piikkiproteiini, vasta-aineet	Serum		2.1.2.2.2.1.2.2.1.1.2.2.1	SARS-CoV-2 spike protein antibody	Arbitrary Concentration	Point in time (spot)	Serum	Qn		FALSE
111	s-cv19sab		106	100		S -COVID-19-koronavirustauti, piikkiproteiini, vasta-aineet	Serum		2.1.2.2.2.1.2.2.1.1.2.2.1	SARS-CoV-2 spike protein antibody	Presence or Threshold	Point in time (spot)	Serum	Ord		FALSE
121	-ctr-d		115	100				DNA test	2.1.2.2.2.1.2.2.1.2.2.2.1.1.2		Presence or Identity	Point in time (spot)		Nar	Molecular genetics	FALSE
121	-fishhyb	form	48	100					2.1.2.2.2.1.2.2.1.2.2.2.1.1.2	Chromosome	Finding	Point in time (spot)		Nar	Fluorescence in situ hybridization (FISH)	FALSE
121	-fishhyb		174	100					2.1.2.2.2.1.2.2.1.2.2.2.1.1.2	Chromosome	Finding	Point in time (spot)		Nar	Fluorescence in situ hybridization (FISH)	FALSE
121	b-apoe-d		146	100		B -Apolipoproteiini E, DNA-tutkimus	Blood	DNA test	2.1.2.2.2.1.2.2.1.2.2.2.1.1.2	Apolipoprotein E gene	Genotype	Point in time (spot)	Blood	Nom	Molecular genetics	FALSE
121	b-aso2-qd		102	100			Blood		2.1.2.2.2.1.2.2.1.2.2.2.1.1.2			Point in time (spot)	Blood	Nar		FALSE
121	b-atrytyd	form	7	100		B -Alfa-1-antitrypsiinin genotyypitys, DNA-tutkimus	Blood		2.1.2.2.2.1.2.2.1.2.2.2.1.1.2	Alpha-1-antitrypsin gene	Genotype	Point in time (spot)	Blood	Nom	Molecular genetics	FALSE
121	b-atrytyd		283	100		B -Alfa-1-antitrypsiinin genotyypitys, DNA-tutkimus	Blood		2.1.2.2.2.1.2.2.1.2.2.2.1.1.2	Alpha-1-antitrypsin gene	Genotype	Point in time (spot)	Blood	Nom	Molecular genetics	FALSE
121	b-auria10		1807	100			Blood		2.1.2.2.2.1.2.2.1.2.2.2.1.1.2							TRUE
121	b-bcr-qr	form	159	100		B -BCR-ABL1 -geenien fuusio-RNA: t(9:22), (kvant)	Blood		2.1.2.2.2.1.2.2.1.2.2.2.1.1.2	BCR-ABL1 gene fusion transcript	Number Ratio	Point in time (spot)	Blood	Qn	Nucleic acid amplification with probe detection	FALSE
121	b-bcr-qr		1562	100		B -BCR-ABL1 -geenien fuusio-RNA: t(9:22), (kvant)	Blood		2.1.2.2.2.1.2.2.1.2.2.2.1.1.2	BCR-ABL1 gene fusion transcript	Number Ratio	Point in time (spot)	Blood	Qn	Nucleic acid amplification with probe detection	FALSE
121	b-blapcr		138	100			Blood		2.1.2.2.2.1.2.2.1.2.2.2.1.1.2		Presence or Threshold	Point in time (spot)	Blood	Ord	Polymerase chain reaction (PCR)	FALSE
121	b-bo3-d		963	100			Blood	DNA test	2.1.2.2.2.1.2.2.1.2.2.2.1.1.2		Presence or Identity	Point in time (spot)	Blood	Nar	Molecular genetics	FALSE
121	b-brcay-d		519	100			Blood	DNA test	2.1.2.2.2.1.2.2.1.2.2.2.1.1.2	BRCA1 and BRCA2 genes	Presence or Identity	Point in time (spot)	Blood	Nar	Molecular genetics	FALSE
121	b-brovcore		356	100			Blood		2.1.2.2.2.1.2.2.1.2.2.2.1.1.2							TRUE
121	b-calr-d		421	100			Blood	DNA test	2.1.2.2.2.1.2.2.1.2.2.2.1.1.2	Calreticulin gene	Presence or Identity	Point in time (spot)	Blood	Nom	Molecular genetics	FALSE
121	b-cmlpcr		553	100			Blood		2.1.2.2.2.1.2.2.1.2.2.2.1.1.2	BCR-ABL1 gene fusion transcript	Presence or Threshold	Point in time (spot)	Blood	Ord	Polymerase chain reaction (PCR)	FALSE
121	b-crco		3627	100			Blood		2.1.2.2.2.1.2.2.1.2.2.2.1.1.2							TRUE
121	b-crcoti		1359	100			Blood		2.1.2.2.2.1.2.2.1.2.2.2.1.1.2							TRUE
121	b-dm2alld	form	19	100		B -Dystrofia myotonica tyyppi 2 (DM2), ZNF9-geenin toistojakson alleelikokojen DNA-tutkimus	Blood		2.1.2.2.2.1.2.2.1.2.2.2.1.1.2	ZNF9 gene	Finding	Point in time (spot)	Blood	Nar	Molecular genetics	FALSE
121	b-dm2alld		149	100		B -Dystrofia myotonica tyyppi 2 (DM2), ZNF9-geenin toistojakson alleelikokojen DNA-tutkimus	Blood		2.1.2.2.2.1.2.2.1.2.2.2.1.1.2	ZNF9 gene	Finding	Point in time (spot)	Blood	Nar	Molecular genetics	FALSE
121	b-dpyd-d	form	211	100			Blood	DNA test	2.1.2.2.2.1.2.2.1.2.2.2.1.1.2	DPYD gene	Presence or Identity	Point in time (spot)	Blood	Nar	Molecular genetics	FALSE
121	b-dpyd-d		3111	100			Blood	DNA test	2.1.2.2.2.1.2.2.1.2.2.2.1.1.2	DPYD gene	Presence or Identity	Point in time (spot)	Blood	Nar	Molecular genetics	FALSE
121	b-dpydl-d		101	100			Blood	DNA test	2.1.2.2.2.1.2.2.1.2.2.2.1.1.2	DPYD gene	Presence or Identity	Point in time (spot)	Blood	Nar	Molecular genetics	FALSE
121	b-exkon-d		147	100			Blood	DNA test	2.1.2.2.2.1.2.2.1.2.2.2.1.1.2		Presence or Identity	Point in time (spot)	Blood	Nar	Molecular genetics	FALSE
121	b-extri-d		136	100			Blood	DNA test	2.1.2.2.2.1.2.2.1.2.2.2.1.1.2		Presence or Identity	Point in time (spot)	Blood	Nar	Molecular genetics	FALSE
121	b-farma-d		594	100			Blood	DNA test	2.1.2.2.2.1.2.2.1.2.2.2.1.1.2							TRUE
121	b-farml-d		190	100			Blood	DNA test	2.1.2.2.2.1.2.2.1.2.2.2.1.1.2							TRUE
121	b-fii-d	form	138	100		B -Protrombiinigeeni, DNA-tutkimus	Blood	DNA test	2.1.2.2.2.1.2.2.1.2.2.2.1.1.2	Coagulation factor II gene	Presence or Identity	Point in time (spot)	Blood	Nom	Molecular genetics	FALSE
121	b-fii-d		7712	100		B -Protrombiinigeeni, DNA-tutkimus	Blood	DNA test	2.1.2.2.2.1.2.2.1.2.2.2.1.1.2	Coagulation factor II gene	Presence or Identity	Point in time (spot)	Blood	Nom	Molecular genetics	FALSE
121	b-finngen		736	100			Blood		2.1.2.2.2.1.2.2.1.2.2.2.1.1.2							TRUE
121	b-fishhem		130	100		B -Hematologinen fluoresenssi in situ hybridisaatio, veri	Blood		2.1.2.2.2.1.2.2.1.2.2.2.1.1.2	Chromosome	Finding	Point in time (spot)	Blood	Nar	Fluorescence in situ hybridization (FISH)	FALSE
121	b-frax-d	form	5	100		B -Fragiili-X,-FMR1-geenin DNA-tutkimus	Blood	DNA test	2.1.2.2.2.1.2.2.1.2.2.2.1.1.2	FMR1 gene	Finding	Point in time (spot)	Blood	Nar	Molecular genetics	FALSE
121	b-frax-d		347	100		B -Fragiili-X,-FMR1-geenin DNA-tutkimus	Blood	DNA test	2.1.2.2.2.1.2.2.1.2.2.2.1.1.2	FMR1 gene	Finding	Point in time (spot)	Blood	Nar	Molecular genetics	FALSE
121	b-fuus-mr	form	26	100			Blood		2.1.2.2.2.1.2.2.1.2.2.2.1.1.2	Fusion gene	Presence or Threshold	Point in time (spot)	Blood	Ord	Molecular genetics	FALSE
121	b-fuus-mr		177	100			Blood		2.1.2.2.2.1.2.2.1.2.2.2.1.1.2	Fusion gene	Presence or Threshold	Point in time (spot)	Blood	Ord	Molecular genetics	FALSE
121	b-fv-d	form	139	100		B -Hyytymistekijä V geeni, DNA-tutkimus	Blood	DNA test	2.1.2.2.2.1.2.2.1.2.2.2.1.1.2	Coagulation factor V gene	Presence or Identity	Point in time (spot)	Blood	Nom	Molecular genetics	FALSE
121	b-fv-d		8156	100		B -Hyytymistekijä V geeni, DNA-tutkimus	Blood	DNA test	2.1.2.2.2.1.2.2.1.2.2.2.1.1.2	Coagulation factor V gene	Presence or Identity	Point in time (spot)	Blood	Nom	Molecular genetics	FALSE
121	b-fvfii-d	form	52	100			Blood	DNA test	2.1.2.2.2.1.2.2.1.2.2.2.1.1.2							TRUE
121	b-fvfii-d		765	100			Blood	DNA test	2.1.2.2.2.1.2.2.1.2.2.2.1.1.2							TRUE
121	b-hfe-d		730	100		B -Periytyvään hemokromatoosiin liittyvien HFE-geenin valtamutaatioiden tutkimus	Blood	DNA test	2.1.2.2.2.1.2.2.1.2.2.2.1.1.2	HFE gene	Presence or Identity	Point in time (spot)	Blood	Nom	Molecular genetics	FALSE
121	b-hnpcy-d		175	100		B -Periytyvä ei-polypoottinen paksusuolisyöpä (HNPCC), MLH1-, MSH2- tai MSH6-geenin yksittäisen mutaation DNA-tutkimus	Blood	DNA test	2.1.2.2.2.1.2.2.1.2.2.2.1.1.2	HNPCC associated genes	Presence or Identity	Point in time (spot)	Blood	Nar	Molecular genetics	FALSE
121	b-jak2-d	form	139	100		B -JAK2-geenin mutaatio, DNA-tutkimus	Blood	DNA test	2.1.2.2.2.1.2.2.1.2.2.2.1.1.2	JAK2 gene	Presence or Identity	Point in time (spot)	Blood	Nom	Molecular genetics	FALSE
121	b-jak2-d		5494	100		B -JAK2-geenin mutaatio, DNA-tutkimus	Blood	DNA test	2.1.2.2.2.1.2.2.1.2.2.2.1.1.2	JAK2 gene	Presence or Identity	Point in time (spot)	Blood	Nom	Molecular genetics	FALSE
121	b-kim-d		197	100			Blood	DNA test	2.1.2.2.2.1.2.2.1.2.2.2.1.1.2	Chimerism	Finding	Point in time (spot)	Blood	Nar	Molecular genetics	FALSE
121	b-kim-fd		1367	100			Blood		2.1.2.2.2.1.2.2.1.2.2.2.1.1.2	Chimerism	Finding	Point in time (spot)	Blood	Nar	Molecular genetics	FALSE
121	b-kml-qr		1809	100			Blood		2.1.2.2.2.1.2.2.1.2.2.2.1.1.2	BCR-ABL1 gene fusion transcript	Number Ratio	Point in time (spot)	Blood	Qn	Nucleic acid amplification with probe detection	FALSE
121	b-lakt-d	form	18	77.78		B -Laktoosi-intoleranssi, DNA-tutkimus	Blood	DNA test	2.1.2.2.2.1.2.2.1.2.2.2.1.1.2	LCT gene	Genotype	Point in time (spot)	Blood	Nom	Molecular genetics	FALSE
121	b-lakt-d		27791	100		B -Laktoosi-intoleranssi, DNA-tutkimus	Blood	DNA test	2.1.2.2.2.1.2.2.1.2.2.2.1.1.2	LCT gene	Genotype	Point in time (spot)	Blood	Nom	Molecular genetics	FALSE
121	b-ldlre-4	form	53	100			Blood		2.1.2.2.2.1.2.2.1.2.2.2.1.1.2	LDLR gene	Presence or Identity	Point in time (spot)	Blood	Nom	Molecular genetics	FALSE
121	b-ldlre-4		135	100			Blood		2.1.2.2.2.1.2.2.1.2.2.2.1.1.2	LDLR gene	Presence or Identity	Point in time (spot)	Blood	Nom	Molecular genetics	FALSE
121	b-ldlre-d		1121	100		B -LDL-reseptorigeenin mutaatio, DNA-tutkimus	Blood	DNA test	2.1.2.2.2.1.2.2.1.2.2.2.1.1.2	LDLR gene	Presence or Identity	Point in time (spot)	Blood	Nar	Molecular genetics	FALSE
121	b-ngs-d		277	100			Blood	DNA test	2.1.2.2.2.1.2.2.1.2.2.2.1.1.2							TRUE
121	b-nphs1-d		272	100		B -Kongenitaali nefroosi (CNF), kahden NPHS1-geenin valtamutaation DNA-tutkimus	Blood	DNA test	2.1.2.2.2.1.2.2.1.2.2.2.1.1.2	NPHS1 gene	Presence or Identity	Point in time (spot)	Blood	Nom	Molecular genetics	FALSE
121	b-pgx-d		2778	100			Blood	DNA test	2.1.2.2.2.1.2.2.1.2.2.2.1.1.2							TRUE
121	b-sekvy-d	form	59	100			Blood	DNA test	2.1.2.2.2.1.2.2.1.2.2.2.1.1.2		Finding	Point in time (spot)	Blood	Nar	Molecular genetics	FALSE
121	b-sekvy-d		1268	100			Blood	DNA test	2.1.2.2.2.1.2.2.1.2.2.2.1.1.2		Finding	Point in time (spot)	Blood	Nar	Molecular genetics	FALSE
121	b-tp53-d		211	100			Blood	DNA test	2.1.2.2.2.1.2.2.1.2.2.2.1.1.2	TP53 gene	Presence or Identity	Point in time (spot)	Blood	Nar	Molecular genetics	FALSE
121	b-tpmt-d	form	30	100			Blood	DNA test	2.1.2.2.2.1.2.2.1.2.2.2.1.1.2	TPMT gene	Genotype	Point in time (spot)	Blood	Nom	Molecular genetics	FALSE
121	b-tpmt-d		615	100			Blood	DNA test	2.1.2.2.2.1.2.2.1.2.2.2.1.1.2	TPMT gene	Genotype	Point in time (spot)	Blood	Nom	Molecular genetics	FALSE
121	b-varfa-d		643	100		B -Varfariinin yksilölliseen annostukseen liittyvät VKORC1- ja CYP2C9-geenivariaatiot, DNA-tutkimus verestä	Blood	DNA test	2.1.2.2.2.1.2.2.1.2.2.2.1.1.2							TRUE
121	b-ykrom-d	form	7	100		B -Y-kromosomin poikkeavuuksia	Blood	DNA test	2.1.2.2.2.1.2.2.1.2.2.2.1.1.2	Y chromosome	Finding	Point in time (spot)	Blood	Nar	Molecular genetics	FALSE
121	b-ykrom-d		142	100		B -Y-kromosomin poikkeavuuksia	Blood	DNA test	2.1.2.2.2.1.2.2.1.2.2.2.1.1.2	Y chromosome	Finding	Point in time (spot)	Blood	Nar	Molecular genetics	FALSE
121	bl-bal		919	100		Bl-Bronkoalveolaarinen lavaationäyte sairaalakohtainen ryhmätutkimus, jonka sisältö vaihtelee	Bronchoalveolar lavage		2.1.2.2.2.1.2.2.1.2.2.2.1.1.2							TRUE
121	bl-bal-1		3636	100		Bl-Bronkoalveolaarinen huuhtelunäyte, solututkimus	Bronchoalveolar lavage		2.1.2.2.2.1.2.2.1.2.2.2.1.1.2							TRUE
121	bl-balfc		397	100			Bronchoalveolar lavage		2.1.2.2.2.1.2.2.1.2.2.2.1.1.2							TRUE
121	bm-aso-qd		224	100			Bone marrow		2.1.2.2.2.1.2.2.1.2.2.2.1.1.2			Point in time (spot)	Bone marrow	Nar		FALSE
121	bm-aso2-qd	form	6	100			Bone marrow		2.1.2.2.2.1.2.2.1.2.2.2.1.1.2			Point in time (spot)	Bone marrow	Nar		FALSE
121	bm-aso2-qd		511	100			Bone marrow		2.1.2.2.2.1.2.2.1.2.2.2.1.1.2			Point in time (spot)	Bone marrow	Nar		FALSE
121	bm-aspir		1994	98.65			Bone marrow		2.1.2.2.2.1.2.2.1.2.2.2.1.1.2	Bone marrow specimen	Finding	Point in time (spot)	Bone marrow	Nar		FALSE
121	bm-bcr-qr		152	100		Bm-BCR-ABL1 -geenien fuusio-RNA: t(9:22), (kvant)	Bone marrow		2.1.2.2.2.1.2.2.1.2.2.2.1.1.2	BCR-ABL1 gene fusion transcript	Number Ratio	Point in time (spot)	Bone marrow	Qn	Nucleic acid amplification with probe detection	FALSE
121	bm-blapcr		753	100			Bone marrow		2.1.2.2.2.1.2.2.1.2.2.2.1.1.2		Presence or Threshold	Point in time (spot)	Bone marrow	Ord	Polymerase chain reaction (PCR)	FALSE
121	bm-bpvalm		145	100			Bone marrow		2.1.2.2.2.1.2.2.1.2.2.2.1.1.2			Point in time (spot)	Bone marrow	Nar		FALSE
121	bm-fish	form	48	100			Bone marrow		2.1.2.2.2.1.2.2.1.2.2.2.1.1.2	Chromosome	Finding	Point in time (spot)	Bone marrow	Nar	Fluorescence in situ hybridization (FISH)	FALSE
121	bm-fish		943	100			Bone marrow		2.1.2.2.2.1.2.2.1.2.2.2.1.1.2	Chromosome	Finding	Point in time (spot)	Bone marrow	Nar	Fluorescence in situ hybridization (FISH)	FALSE
121	bm-fish-mm		127	100			Bone marrow		2.1.2.2.2.1.2.2.1.2.2.2.1.1.2	Chromosome	Finding	Point in time (spot)	Bone marrow	Nar	Fluorescence in situ hybridization (FISH)	FALSE
121	bm-fish2	form	29	100			Bone marrow		2.1.2.2.2.1.2.2.1.2.2.2.1.1.2	Chromosome	Finding	Point in time (spot)	Bone marrow	Nar	Fluorescence in situ hybridization (FISH)	FALSE
121	bm-fish2		81	100			Bone marrow		2.1.2.2.2.1.2.2.1.2.2.2.1.1.2	Chromosome	Finding	Point in time (spot)	Bone marrow	Nar	Fluorescence in situ hybridization (FISH)	FALSE
121	bm-fishhem	form	7	100		Bm-Hematologinen fluoresenssi in situ hybridisaatio, luuydin	Bone marrow		2.1.2.2.2.1.2.2.1.2.2.2.1.1.2	Chromosome	Finding	Point in time (spot)	Bone marrow	Nar	Fluorescence in situ hybridization (FISH)	FALSE
121	bm-fishhem		414	100		Bm-Hematologinen fluoresenssi in situ hybridisaatio, luuydin	Bone marrow		2.1.2.2.2.1.2.2.1.2.2.2.1.1.2	Chromosome	Finding	Point in time (spot)	Bone marrow	Nar	Fluorescence in situ hybridization (FISH)	FALSE
121	bm-fishmm	form	28	100			Bone marrow		2.1.2.2.2.1.2.2.1.2.2.2.1.1.2	Chromosome	Finding	Point in time (spot)	Bone marrow	Nar	Fluorescence in situ hybridization (FISH)	FALSE
121	bm-fishmm		147	100			Bone marrow		2.1.2.2.2.1.2.2.1.2.2.2.1.1.2	Chromosome	Finding	Point in time (spot)	Bone marrow	Nar	Fluorescence in situ hybridization (FISH)	FALSE
121	bm-fishvar		141	100			Bone marrow		2.1.2.2.2.1.2.2.1.2.2.2.1.1.2	Chromosome	Finding	Point in time (spot)	Bone marrow	Nar	Fluorescence in situ hybridization (FISH)	FALSE
121	bm-flt3-d	form	9	100			Bone marrow	DNA test	2.1.2.2.2.1.2.2.1.2.2.2.1.1.2	FLT3 gene	Finding	Point in time (spot)	Bone marrow	Nar	Molecular genetics	FALSE
121	bm-flt3-d		138	100			Bone marrow	DNA test	2.1.2.2.2.1.2.2.1.2.2.2.1.1.2	FLT3 gene	Finding	Point in time (spot)	Bone marrow	Nar	Molecular genetics	FALSE
121	bm-fuus-mr	form	14	100			Bone marrow		2.1.2.2.2.1.2.2.1.2.2.2.1.1.2	Fusion gene	Presence or Threshold	Point in time (spot)	Bone marrow	Ord	Molecular genetics	FALSE
121	bm-fuus-mr		268	100			Bone marrow		2.1.2.2.2.1.2.2.1.2.2.2.1.1.2	Fusion gene	Presence or Threshold	Point in time (spot)	Bone marrow	Ord	Molecular genetics	FALSE
121	bm-fuus-qr	form	21	100			Bone marrow		2.1.2.2.2.1.2.2.1.2.2.2.1.1.2	Fusion gene	Number Ratio	Point in time (spot)	Bone marrow	Qn	Molecular genetics	FALSE
121	bm-fuus-qr		81	100			Bone marrow		2.1.2.2.2.1.2.2.1.2.2.2.1.1.2	Fusion gene	Number Ratio	Point in time (spot)	Bone marrow	Qn	Molecular genetics	FALSE
121	bm-mgg		314	100			Bone marrow		2.1.2.2.2.1.2.2.1.2.2.2.1.1.2	Bone marrow specimen	Finding	Point in time (spot)	Bone marrow	Nar	May-Grunwald Giemsa stain	FALSE
121	bm-mggfe	form	660	100		Bm-Luuydintutkimus, MGG- ja rautavärjäys	Bone marrow		2.1.2.2.2.1.2.2.1.2.2.2.1.1.2							TRUE
121	bm-mggfe		11527	100		Bm-Luuydintutkimus, MGG- ja rautavärjäys	Bone marrow		2.1.2.2.2.1.2.2.1.2.2.2.1.1.2							TRUE
121	bm-mm-ift		651	100			Bone marrow		2.1.2.2.2.1.2.2.1.2.2.2.1.1.2	Plasma cells	Finding	Point in time (spot)	Bone marrow	Nar	Immunofluorescence (IF)	FALSE
121	bm-mmpcr		128	100			Bone marrow		2.1.2.2.2.1.2.2.1.2.2.2.1.1.2	IgH gene rearrangement	Presence or Threshold	Point in time (spot)	Bone marrow	Ord	Polymerase chain reaction (PCR)	FALSE
121	bm-morflkl		278	100			Bone marrow		2.1.2.2.2.1.2.2.1.2.2.2.1.1.2	Bone marrow specimen	Finding	Point in time (spot)	Bone marrow	Nar		FALSE
121	bm-mrd-all		416	100			Bone marrow		2.1.2.2.2.1.2.2.1.2.2.2.1.1.2	Minimal residual disease	Presence or Threshold	Point in time (spot)	Bone marrow	Ord		FALSE
121	bm-mrd-vs		666	100			Bone marrow		2.1.2.2.2.1.2.2.1.2.2.2.1.1.2	Minimal residual disease	Presence or Threshold	Point in time (spot)	Bone marrow	Ord		FALSE
121	bm-mrdmut		198	100			Bone marrow		2.1.2.2.2.1.2.2.1.2.2.2.1.1.2	Minimal residual disease	Presence or Threshold	Point in time (spot)	Bone marrow	Ord		FALSE
121	bm-npm1-qd	form	23	100			Bone marrow		2.1.2.2.2.1.2.2.1.2.2.2.1.1.2	NPM1 gene mutation	Number Ratio	Point in time (spot)	Bone marrow	Qn	Molecular genetics	FALSE
121	bm-npm1-qd		182	100			Bone marrow		2.1.2.2.2.1.2.2.1.2.2.2.1.1.2	NPM1 gene mutation	Number Ratio	Point in time (spot)	Bone marrow	Qn	Molecular genetics	FALSE
126	-gluk-tbr	%	118	0	[0, 0, 1, 1, 1, 2, 2.43, 4.38, 6.6]				2.1.2.2.2.2.1.1		Mass Fraction	Point in time (spot)		Qn		FALSE
126	-gluk-tir	%	120	0	[25.5, 36.83, 44.57, 51.33, 60.25, 66, 72.25, 76.73, 81.25]				2.1.2.2.2.2.1.1		Mass Fraction	Point in time (spot)		Qn		FALSE
126	gluk-vieri		309	0	[5.09, 5.42, 5.78, 6.17, 6.7, 7.14, 8, 9.04, 11.23]				2.1.2.2.2.2.1.1	Glucose	Substance Concentration	Point in time (spot)	Blood capillary	Qn	Test strip	FALSE
126	gluk0	mmol/l	143	0	[4.61, 4.8, 4.96, 5.03, 5.21, 5.48, 5.8, 6.24, 6.7]				2.1.2.2.2.2.1.1	Glucose	Substance Concentration	Point in time (spot)		Qn		FALSE
126	gluk0		10	20					2.1.2.2.2.2.1.1	Glucose	Substance Concentration	Point in time (spot)		Qn		FALSE
126	gluk0min		368	0	[4.92, 5.32, 5.58, 5.75, 5.88, 6, 6.19, 6.58, 7.05]				2.1.2.2.2.2.1.1	Glucose	Substance Concentration	Point in time (spot)		Qn		FALSE
126	gluk120min		349	0	[4.3, 5.17, 5.91, 6.49, 7.07, 7.6, 8.72, 10.59, 13.35]				2.1.2.2.2.2.1.1	Glucose	Substance Concentration	Point in time (spot)		Qn		FALSE
126	gluk1h	mmol/l	282	0	[5.36, 6.29, 6.9, 7.39, 7.93, 8.69, 9.15, 9.75, 11.47]				2.1.2.2.2.2.1.1	Glucose	Substance Concentration	Point in time (spot)		Qn		FALSE
126	gluk2h	mmol/l	280	0	[4.55, 5.28, 5.68, 6.16, 6.59, 6.99, 7.54, 8.2, 9.44]				2.1.2.2.2.2.1.1	Glucose	Substance Concentration	Point in time (spot)		Qn		FALSE
126	gluk2h		6	100					2.1.2.2.2.2.1.1	Glucose	Finding	Point in time (spot)		Nar		FALSE
126	gluk30min		362	0	[7.03, 7.79, 8.42, 8.84, 9.36, 9.74, 10.39, 11.2, 12.52]				2.1.2.2.2.2.1.1	Glucose	Substance Concentration	Point in time (spot)		Qn		FALSE
126	gluk60min		359	0	[5.8, 6.9, 7.62, 8.52, 9.3, 10.21, 11.28, 12.5, 14.53]				2.1.2.2.2.2.1.1	Glucose	Substance Concentration	Point in time (spot)		Qn		FALSE
126	glukbel-vp	mmol/l	664	0	[4.52, 4.88, 5.29, 5.73, 5.99, 6.35, 6.81, 10.3, 12.64]				2.1.2.2.2.2.1.1	Glucose	Substance Concentration	Point in time (spot)		Qn		FALSE
126	glukbel-vp		209	100					2.1.2.2.2.2.1.1	Glucose	Finding	Point in time (spot)		Nar		FALSE
126	glukoosi120min	mmol/l	119	0	[4.6, 5.12, 5.49, 5.84, 6.6, 7.25, 8.25, 9.68, 12.44]				2.1.2.2.2.2.1.1	Glucose	Substance Concentration	Point in time (spot)		Qn		FALSE
126	glukr-0	mmol/l	144	0	[4.8, 5.18, 5.45, 5.64, 5.93, 6.16, 6.41, 6.64, 7.16]				2.1.2.2.2.2.1.1	Glucose	Substance Concentration	Point in time (spot)		Qn		FALSE
126	glukr-1h	mmol/l	125	0	[6.69, 7.13, 7.9, 8.73, 9.2, 10.36, 11.37, 12.79, 14.55]				2.1.2.2.2.2.1.1	Glucose	Substance Concentration	Point in time (spot)		Qn		FALSE
126	glukr-2h	mmol/l	144	0	[5.34, 5.79, 6.28, 6.91, 7.51, 8.15, 8.91, 10.16, 11.81]				2.1.2.2.2.2.1.1	Glucose	Substance Concentration	Point in time (spot)		Qn		FALSE
126	glukr0	mmol/l	204	0	[4.5, 4.79, 4.89, 5.08, 5.2, 5.47, 5.8, 6.29, 6.89]				2.1.2.2.2.2.1.1	Glucose	Substance Concentration	Point in time (spot)		Qn		FALSE
126	glukr0-n	mmol/l	618	0	[4.67, 4.86, 5.09, 5.3, 5.57, 5.83, 6.03, 6.29, 6.69]				2.1.2.2.2.2.1.1	Glucose	Substance Concentration	Point in time (spot)		Qn		FALSE
126	glukr1h	mmol/l	381	0	[5.67, 6.21, 6.84, 7.42, 7.86, 8.3, 8.82, 9.42, 10.36]				2.1.2.2.2.2.1.1	Glucose	Substance Concentration	Point in time (spot)		Qn		FALSE
126	glukr1valm		333	100					2.1.2.2.2.2.1.1		Finding		^Patient	Nar		FALSE
126	glukr2h	mmol/l	780	0	[4.8, 5.34, 5.8, 6.21, 6.59, 7.03, 7.53, 8.19, 9.83]				2.1.2.2.2.2.1.1	Glucose	Substance Concentration	Point in time (spot)		Qn		FALSE
126	glukras-0	mmol/l	97	0	[4.6, 4.78, 5, 5.1, 5.2, 5.43, 5.65, 5.9, 6.3]				2.1.2.2.2.2.1.1	Glucose	Substance Concentration	Point in time (spot)		Qn		FALSE
126	glukras-0		30	3.33					2.1.2.2.2.2.1.1	Glucose	Substance Concentration	Point in time (spot)		Qn		FALSE
126	glukras120	mmol/l	153	0	[5.1, 5.47, 5.77, 6.11, 6.54, 6.97, 7.58, 8.12, 9.26]				2.1.2.2.2.2.1.1	Glucose	Substance Concentration	Point in time (spot)		Qn		FALSE
126	glukrvalm		2563	100					2.1.2.2.2.2.1.1		Finding		^Patient	Nar		FALSE
126	glukvieri	mmol/l	823	0	[5.3, 5.72, 6.09, 6.42, 6.92, 7.6, 8.66, 10.17, 12.3]				2.1.2.2.2.2.1.1	Glucose	Substance Concentration	Point in time (spot)	Blood capillary	Qn	Test strip	FALSE
126	glukvieri		251	1.59	[5.24, 5.55, 5.81, 6.07, 6.3, 6.79, 7.52, 8.56, 10.76]				2.1.2.2.2.2.1.1	Glucose	Substance Concentration	Point in time (spot)	Blood capillary	Qn	Test strip	FALSE
129	pt-fvsirod		396	100			Patient		2.1.2.2.2.2.2.2.1.1	Spirometry study			^Patient	Doc		TRUE
129	pt-fvspdo6		226	100			Patient		2.1.2.2.2.2.2.2.1.1	Spirometry study			^Patient	Doc		TRUE
129	pt-fvspid		451	100			Patient		2.1.2.2.2.2.2.2.1.1	Spirometry study			^Patient	Doc		TRUE
129	pt-fvspidl		4654	100			Patient		2.1.2.2.2.2.2.2.1.1	Spirometry study			^Patient	Doc		TRUE
129	pt-fvspido		17640	98.28	[1, 1, 1, 1, 1, 1, 1, 1, 1]		Patient		2.1.2.2.2.2.2.2.1.1	Spirometry study			^Patient	Doc		TRUE
129	pt-fvspio		1411	100			Patient		2.1.2.2.2.2.2.2.1.1	Spirometry study			^Patient	Doc		TRUE
129	pt-fvspird	form	18	100	[30622, 77088.15, 106752.5, 134032.5, 166516.57, 190349.45, 230673.1, 250553.8, 270325]		Patient		2.1.2.2.2.2.2.2.1.1	Spirometry study			^Patient	Doc		TRUE
129	pt-fvspird		7795	100			Patient		2.1.2.2.2.2.2.2.1.1	Spirometry study			^Patient	Doc		TRUE
129	pt-fvspiro	form	26	100			Patient		2.1.2.2.2.2.2.2.1.1	Spirometry study			^Patient	Doc		TRUE
129	pt-fvspiro		1641	82.39	[1, 1, 1, 1, 1, 1, 1, 1, 1]		Patient		2.1.2.2.2.2.2.2.1.1	Spirometry study			^Patient	Doc		TRUE
129	pt-sper-1	u/nke	5	0		Pt-Siemennestetutkimus, suppea	Patient		2.1.2.2.2.2.2.2.1.1	Semen analysis panel			^Patient	Doc		TRUE
129	pt-sper-1		714	98.74		Pt-Siemennestetutkimus, suppea	Patient		2.1.2.2.2.2.2.2.1.1	Semen analysis panel			^Patient	Doc		TRUE
129	pt-sper-2	form	39	100		Pt-Siemennestetutkimus, laaja	Patient		2.1.2.2.2.2.2.2.1.1	Semen analysis panel			^Patient	Doc		TRUE
129	pt-sper-2		480	100		Pt-Siemennestetutkimus, laaja	Patient		2.1.2.2.2.2.2.2.1.1	Semen analysis panel			^Patient	Doc		TRUE
129	pt-sper-3		663	100		Pt-Siemennestetutkimus, laaja lisätutkimuksin	Patient		2.1.2.2.2.2.2.2.1.1	Semen analysis panel			^Patient	Doc		TRUE
129	pt-sperma		159	100			Patient		2.1.2.2.2.2.2.2.1.1	Semen analysis panel			^Patient	Doc		TRUE
129	pt-spird-x		8902	100			Patient		2.1.2.2.2.2.2.2.1.1	Spirometry study			^Patient	Doc		TRUE
129	pt-spirlau		493	100			Patient		2.1.2.2.2.2.2.2.1.1	Spirometry study			^Patient	Doc		TRUE
129	pt-spiro-x		775	100			Patient		2.1.2.2.2.2.2.2.1.1	Spirometry study			^Patient	Doc		TRUE
129	pt-spirob,		746	100			Patient		2.1.2.2.2.2.2.2.1.1	Spirometry study			^Patient	Doc		TRUE
129	pt-spirob,tk		986	100			Patient		2.1.2.2.2.2.2.2.1.1	Spirometry study			^Patient	Doc		TRUE
129	pt-spirom		814	100			Patient		2.1.2.2.2.2.2.2.1.1	Spirometry study			^Patient	Doc		TRUE
129	pt-spiromd		547	100			Patient		2.1.2.2.2.2.2.2.1.1	Spirometry study			^Patient	Doc		TRUE
129	pt-sppesu		141	100			Patient		2.1.2.2.2.2.2.2.1.1				^Patient			TRUE
129	pt-st-temp		111	100		Pt-Terminen tuntokynnysmittaus	Patient		2.1.2.2.2.2.2.2.1.1	Thermal sensation threshold panel			^Patient	Doc		TRUE
129	pt-sydperg		117	100			Patient		2.1.2.2.2.2.2.2.1.1	Heart perfusion study			^Patient	Doc		TRUE
129	pt-sydperq		923	100			Patient		2.1.2.2.2.2.2.2.1.1	Heart perfusion study			^Patient	Doc		TRUE
129	pt-sydrasq		197	100			Patient		2.1.2.2.2.2.2.2.1.1	Cardiac stress test			^Patient	Doc		TRUE
129	pt-sydrtuä		139	100			Patient		2.1.2.2.2.2.2.2.1.1	Stress echocardiogram panel			^Patient	Doc		TRUE
129	pt-sydänuä		3154	100			Patient		2.1.2.2.2.2.2.2.1.1	Echocardiogram panel			^Patient	Doc		TRUE
160	alaniiniaminotransferaasi	u/l	17127	0	[12.62, 15.78, 18.15, 20.52, 23.07, 26.12, 30.2, 36.33, 48.64]				2.2.2.1.1.2.2.2.2.2.1.1	Alanine aminotransferase	Catalytic Concentration	Point in time (spot)	Serum or Plasma	Qn		FALSE
160	alaniiniaminotransferaasi		1818	100					2.2.2.1.1.2.2.2.2.2.1.1	Alanine aminotransferase		Point in time (spot)	Serum or Plasma	Nar		FALSE
160	alaniiniaminotransferaasi,plasmasta	u/l	97	0					2.2.2.1.1.2.2.2.2.2.1.1	Alanine aminotransferase	Catalytic Concentration	Point in time (spot)	Plasma	Qn		FALSE
160	alaniiniaminotransferaasi,plasmasta		5	100					2.2.2.1.1.2.2.2.2.2.1.1	Alanine aminotransferase		Point in time (spot)	Plasma	Nar		FALSE
160	aspartaattiaminotransferaasi	u/l	333	0	[19.85, 22, 24.14, 26.95, 28.65, 30.8, 35.68, 40.73, 58.73]				2.2.2.1.1.2.2.2.2.2.1.1	Aspartate aminotransferase	Catalytic Concentration	Point in time (spot)	Serum or Plasma	Qn		FALSE
160	aspartaattiaminotransferaasi		112	100					2.2.2.1.1.2.2.2.2.2.1.1	Aspartate aminotransferase		Point in time (spot)	Serum or Plasma	Nar		FALSE
160	fp-glutamyylitransferaasi	u/l	102	0			Fasting plasma		2.2.2.1.1.2.2.2.2.2.1.1	Gamma-glutamyl transferase	Catalytic Concentration	Point in time (spot)	Plasma	Qn		FALSE
160	fs-alaniiniaminotransferaasi	u/l	404	0	[11.41, 13.71, 16.19, 18.73, 21, 23.96, 27.89, 34.83, 48.11]		Fasting serum		2.2.2.1.1.2.2.2.2.2.1.1	Alanine aminotransferase	Catalytic Concentration	Point in time (spot)	Serum	Qn		FALSE
160	glutamyylitransferaasi	u/l	1299	0	[14.5, 18.98, 23.64, 30.47, 38.92, 48.36, 63.75, 98.88, 196.17]				2.2.2.1.1.2.2.2.2.2.1.1	Gamma-glutamyl transferase	Catalytic Concentration	Point in time (spot)	Serum or Plasma	Qn		FALSE
160	glutamyylitransferaasi		147	100					2.2.2.1.1.2.2.2.2.2.1.1	Gamma-glutamyl transferase		Point in time (spot)	Serum or Plasma	Nar		FALSE
160	p-alaniiniaminotransferaasi	u/l	56170	0	[12.86, 15.74, 18.08, 20.57, 23.4, 26.77, 31.35, 38.67, 54.12]		Plasma		2.2.2.1.1.2.2.2.2.2.1.1	Alanine aminotransferase	Catalytic Concentration	Point in time (spot)	Plasma	Qn		FALSE
160	p-alaniiniaminotransferaasi		2147	74.66	[38.23, 41.83, 47.86, 52.69, 56.94, 62.72, 70.64, 84.04, 118.17]		Plasma		2.2.2.1.1.2.2.2.2.2.1.1	Alanine aminotransferase	Catalytic Concentration	Point in time (spot)	Plasma	Qn		FALSE
160	p-aspartaattiaminotransferaasi	u/l	7811	0	[14.52, 17.19, 19.38, 21.57, 23.85, 26.51, 30.27, 36.73, 53.86]		Plasma		2.2.2.1.1.2.2.2.2.2.1.1	Aspartate aminotransferase	Catalytic Concentration	Point in time (spot)	Plasma	Qn		FALSE
160	p-aspartaattiaminotransferaasi		129	90.7			Plasma		2.2.2.1.1.2.2.2.2.2.1.1	Aspartate aminotransferase	Catalytic Concentration	Point in time (spot)	Plasma	Qn		FALSE
160	p-glutamyylitransferaasi	u/l	5844	0	[14.78, 18.46, 22.33, 27.68, 34.27, 44.18, 62.47, 93.97, 172.3]		Plasma		2.2.2.1.1.2.2.2.2.2.1.1	Gamma-glutamyl transferase	Catalytic Concentration	Point in time (spot)	Plasma	Qn		FALSE
160	p-glutamyylitransferaasi		33	84.85			Plasma		2.2.2.1.1.2.2.2.2.2.1.1	Gamma-glutamyl transferase	Catalytic Concentration	Point in time (spot)	Plasma	Qn		FALSE
160	s-alaniiniaminotransferaasi	u/l	1811	0	[14.14, 17.04, 20.11, 22.99, 25.82, 29.58, 34.38, 41.48, 55.32]		Serum		2.2.2.1.1.2.2.2.2.2.1.1	Alanine aminotransferase	Catalytic Concentration	Point in time (spot)	Serum	Qn		FALSE
160	s-alaniiniaminotransferaasi		52	100			Serum		2.2.2.1.1.2.2.2.2.2.1.1	Alanine aminotransferase		Point in time (spot)	Serum	Nar		FALSE
160	s-aspartaattiaminotransferaasi	u/l	554	0	[18, 19.97, 21.87, 23, 25, 27, 29.85, 33.06, 40.22]		Serum		2.2.2.1.1.2.2.2.2.2.1.1	Aspartate aminotransferase	Catalytic Concentration	Point in time (spot)	Serum	Qn		FALSE
160	s-aspartaattiaminotransferaasi		8	87.5			Serum		2.2.2.1.1.2.2.2.2.2.1.1	Aspartate aminotransferase	Catalytic Concentration	Point in time (spot)	Serum	Qn		FALSE
160	s-glutamyylitransferaasi	u/l	861	0	[11.96, 14.7, 17.37, 19.9, 24.16, 28.75, 37.06, 51.26, 84.05]		Serum		2.2.2.1.1.2.2.2.2.2.1.1	Gamma-glutamyl transferase	Catalytic Concentration	Point in time (spot)	Serum	Qn		FALSE
161	b-fosfatidyylietanoli	umol/l	4792	0	[0.06, 0.1, 0.15, 0.22, 0.3, 0.44, 0.64, 0.94, 1.57]		Blood		2.2.2.1.1.2.2.2.2.2.1.2.1	Phosphatidylethanol	Substance Concentration	Point in time (spot)	Blood	Qn		FALSE
161	b-fosfatidyylietanoli		4963	89.32	[0.09, 0.13, 0.17, 0.29, 0.43, 0.63, 0.85, 1.22, 1.87]		Blood		2.2.2.1.1.2.2.2.2.2.1.2.1	Phosphatidylethanol	Substance Concentration	Point in time (spot)	Blood	OrdQn		FALSE
161	b-fosfatidyylietanoli,verestä	umol/l	1555	0	[0.06, 0.1, 0.15, 0.22, 0.29, 0.41, 0.59, 0.87, 1.44]		Blood		2.2.2.1.1.2.2.2.2.2.1.2.1	Phosphatidylethanol	Substance Concentration	Point in time (spot)	Blood	Qn		FALSE
161	b-fosfatidyylietanoli,verestä		1534	97.07			Blood		2.2.2.1.1.2.2.2.2.2.1.2.1	Phosphatidylethanol	Substance Concentration	Point in time (spot)	Blood	Ord		FALSE
161	b-fosfatidyylietanolivita	umol/l	43	0			Blood		2.2.2.1.1.2.2.2.2.2.1.2.1	Phosphatidylethanol	Substance Concentration	Point in time (spot)	Blood	Qn		FALSE
161	b-fosfatidyylietanolivita		69	100			Blood		2.2.2.1.1.2.2.2.2.2.1.2.1	Phosphatidylethanol	Substance Concentration	Point in time (spot)	Blood	Ord		FALSE
161	b-haemophilusinfluenzae		144	100			Blood		2.2.2.1.1.2.2.2.2.2.1.2.1	Haemophilus influenzae	Presence or Threshold	Point in time (spot)	Blood	Ord		FALSE
161	b-suuretvärjäytymättömätsolut	e9/l	171	0	[0.07, 0.09, 0.1, 0.11, 0.12, 0.13, 0.14, 0.15, 0.18]		Blood		2.2.2.1.1.2.2.2.2.2.1.2.1	Large unstained cells	Number Concentration	Point in time (spot)	Blood	Qn	Automated count	FALSE
161	chlamydiapneumoniae,nukleiin		109	100					2.2.2.1.1.2.2.2.2.2.1.2.1	Chlamydia pneumoniae	Presence or Threshold	Point in time (spot)		Ord	Nucleic acid amplification with probe detection	FALSE
161	follikkeliastimuloivahormoni	u/l	138	0	[3, 4.75, 6.19, 8.24, 10, 19.35, 36.42, 56.82, 73.33]				2.2.2.1.1.2.2.2.2.2.1.2.1	Follicle stimulating hormone	Arbitrary Concentration	Point in time (spot)	Serum or Plasma	Qn		FALSE
161	fosfatidyylietanoli	umol/l	1540	0	[0.05, 0.09, 0.14, 0.2, 0.29, 0.43, 0.63, 0.98, 1.62]				2.2.2.1.1.2.2.2.2.2.1.2.1	Phosphatidylethanol	Substance Concentration	Point in time (spot)	Blood	Qn		FALSE
161	fosfatidyylietanoli		1635	92.35	[0.09, 0.19, 0.32, 0.43, 0.64, 0.89, 1.16, 1.43, 1.78]				2.2.2.1.1.2.2.2.2.2.1.2.1	Phosphatidylethanol	Substance Concentration	Point in time (spot)	Blood	OrdQn		FALSE
161	fosfatidyylietanoli,verestä	umol/l	3284	0	[0.06, 0.08, 0.12, 0.16, 0.22, 0.3, 0.44, 0.66, 1.2]				2.2.2.1.1.2.2.2.2.2.1.2.1	Phosphatidylethanol	Substance Concentration	Point in time (spot)	Blood	Qn		FALSE
161	fosfatidyylietanoli,verestä		3273	98.93					2.2.2.1.1.2.2.2.2.2.1.2.1	Phosphatidylethanol	Substance Concentration	Point in time (spot)	Blood	Ord		FALSE
161	fosfatidyylietanoli,verestätth	umol/l	35	0					2.2.2.1.1.2.2.2.2.2.1.2.1	Phosphatidylethanol	Substance Concentration	Point in time (spot)	Blood	Qn		FALSE
161	fosfatidyylietanoli,verestätth		66	100					2.2.2.1.1.2.2.2.2.2.1.2.1	Phosphatidylethanol	Substance Concentration	Point in time (spot)	Blood	Ord		FALSE
161	fosfatidyylietanoli,veri	umol/l	335	0	[0.06, 0.1, 0.15, 0.2, 0.28, 0.39, 0.6, 0.91, 1.55]				2.2.2.1.1.2.2.2.2.2.1.2.1	Phosphatidylethanol	Substance Concentration	Point in time (spot)	Blood	Qn		FALSE
161	fosfatidyylietanoli,veri		333	91.89					2.2.2.1.1.2.2.2.2.2.1.2.1	Phosphatidylethanol	Substance Concentration	Point in time (spot)	Blood	Ord		FALSE
161	haemophilusinfluenzaenukleii		459	100					2.2.2.1.1.2.2.2.2.2.1.2.1	Haemophilus influenzae	Presence or Threshold	Point in time (spot)		Ord	Nucleic acid amplification with probe detection	FALSE
161	humaanimetapneumovirus,nukle		109	100					2.2.2.1.1.2.2.2.2.2.1.2.1	Human metapneumovirus	Presence or Threshold	Point in time (spot)		Ord	Nucleic acid amplification with probe detection	FALSE
161	humanmetapneumovirus,ag		102	100					2.2.2.1.1.2.2.2.2.2.1.2.1	Human metapneumovirus	Presence or Threshold	Point in time (spot)		Ord	Immunoassay	FALSE
161	l-suuretvärjääntymättömätsolut	%	171	0	[1.19, 1.35, 1.5, 1.62, 1.83, 1.97, 2.16, 2.45, 2.85]		Leukocyte		2.2.2.1.1.2.2.2.2.2.1.2.1	Large unstained cells/Leukocytes	Number Fraction	Point in time (spot)	White Blood Cells	Qn	Automated count	FALSE
161	legionellapneumoniaenukleiin		109	100					2.2.2.1.1.2.2.2.2.2.1.2.1	Legionella pneumophila	Presence or Threshold	Point in time (spot)		Ord	Nucleic acid amplification with probe detection	FALSE
161	li-haemophilusinfluenzaenukl.haponos.		119	100			Cerebrospinal fluid		2.2.2.1.1.2.2.2.2.2.1.2.1	Haemophilus influenzae	Presence or Threshold	Point in time (spot)	Cerebral spinal fluid	Ord	Nucleic acid amplification with probe detection	FALSE
161	mycoplasmapneumoniae,nukleii		141	100					2.2.2.1.1.2.2.2.2.2.1.2.1	Mycoplasma pneumoniae	Presence or Threshold	Point in time (spot)		Ord	Nucleic acid amplification with probe detection	FALSE
161	p-follikkeliastimuloivahormoni	u/l	511	0	[2.89, 4.55, 5.71, 7.4, 9.51, 16.11, 32.21, 53.45, 77.25]		Plasma		2.2.2.1.1.2.2.2.2.2.1.2.1	Follicle stimulating hormone	Arbitrary Concentration	Point in time (spot)	Plasma	Qn		FALSE
161	p-glukoosi,2tuntiaaterianjälkeen	mmol/l	125	0	[6.3, 7.71, 9.12, 10.17, 11.1, 12.22, 14.28, 15.89, 18.81]		Plasma		2.2.2.1.1.2.2.2.2.2.1.2.1	Glucose	Substance Concentration	Point in time (spot)	Plasma	Qn		FALSE
161	p-glukoosi,toimintakokeissa,1h	mmol/l	126	0	[5.54, 6.18, 6.52, 7.01, 7.43, 7.82, 8.23, 9.1, 9.88]		Plasma		2.2.2.1.1.2.2.2.2.2.1.2.1	Glucose	Substance Concentration	Point in time (spot)	Plasma	Qn		FALSE
161	p-glukoosi,toimintakokeissa,2h	mmol/l	240	0	[4.47, 5.01, 5.34, 5.8, 6.31, 7.03, 7.79, 8.75, 11.07]		Plasma		2.2.2.1.1.2.2.2.2.2.1.2.1	Glucose	Substance Concentration	Point in time (spot)	Plasma	Qn		FALSE
161	p-glukoosi,toimntakokeissa0m	mmol/l	242	0	[4.3, 4.6, 4.8, 5.01, 5.22, 5.42, 5.83, 6.26, 6.93]		Plasma		2.2.2.1.1.2.2.2.2.2.1.2.1	Glucose	Substance Concentration	Point in time (spot)	Plasma	Qn		FALSE
161	p-luteinisoivahormoni	u/l	198	0	[2.79, 3.77, 4.73, 5.42, 6.66, 8.63, 10.71, 14.48, 27.26]		Plasma		2.2.2.1.1.2.2.2.2.2.1.2.1	Luteinizing hormone	Arbitrary Concentration	Point in time (spot)	Plasma	Qn		FALSE
161	p-luteinisoivahormoni		10	100			Plasma		2.2.2.1.1.2.2.2.2.2.1.2.1	Luteinizing hormone	Presence or Threshold	Point in time (spot)	Plasma	Ord		FALSE
161	p-omagluk,,potilasmittaringlukoosi		1376	100			Plasma		2.2.2.1.1.2.2.2.2.2.1.2.1	Glucose		Point in time (spot)		Nar	Test strip	FALSE
161	potilasmittaringlukoosi,ihopisto	mmol/l	749	0	[5.9, 6.36, 6.79, 7.19, 7.51, 7.86, 8.26, 8.85, 9.69]				2.2.2.1.1.2.2.2.2.2.1.2.1	Glucose	Substance Concentration	Point in time (spot)	Blood capillary	Qn	Test strip	FALSE
161	potilasmittaringlukoosi,ihopisto		638	100					2.2.2.1.1.2.2.2.2.2.1.2.1	Glucose		Point in time (spot)	Blood capillary	Nar	Test strip	FALSE
161	potilasmittaringlukoosi,sensori	mmol/l	201	0	[5.55, 6.53, 7.01, 7.7, 8.35, 9.14, 10.02, 11.7, 13.49]				2.2.2.1.1.2.2.2.2.2.1.2.1	Glucose	Substance Concentration	Point in time (spot)	^Patient	Qn	Continuous glucose monitoring	FALSE
161	potilasmittaringlukoosi,sensori		568	100					2.2.2.1.1.2.2.2.2.2.1.2.1	Glucose		Point in time (spot)	^Patient	Nar	Continuous glucose monitoring	FALSE
161	s-c-peptidi1haterianjälkeen	nmol/l	275	0	[0.5, 0.75, 0.96, 1.2, 1.4, 1.62, 1.92, 2.33, 3.08]		Serum		2.2.2.1.1.2.2.2.2.2.1.2.1	C-peptide	Substance Concentration	Point in time (spot)	Serum	Qn		FALSE
161	s-c-peptidi1haterianjälkeen		10	90			Serum		2.2.2.1.1.2.2.2.2.2.1.2.1	C-peptide	Substance Concentration	Point in time (spot)	Serum	OrdQn		FALSE
161	s-c-peptidiaterianjälkeen	nmol/l	150	0	[0.4, 0.65, 0.9, 1.07, 1.22, 1.49, 2.03, 2.41, 2.88]		Serum		2.2.2.1.1.2.2.2.2.2.1.2.1	C-peptide	Substance Concentration	Point in time (spot)	Serum	Qn		FALSE
161	s-follikkeliastimuloivahormoni	iu/l	416	0	[3.31, 4.85, 6.04, 7.33, 10.33, 18.46, 32.36, 54.77, 76.02]		Serum		2.2.2.1.1.2.2.2.2.2.1.2.1	Follicle stimulating hormone	Arbitrary Concentration	Point in time (spot)	Serum	Qn		FALSE
161	s-follikkeliastimuloivahormoni	u/l	80	0	[3.2, 4.8, 5.65, 6.55, 7.78, 10.22, 16.95, 45.35, 68.7]		Serum		2.2.2.1.1.2.2.2.2.2.1.2.1	Follicle stimulating hormone	Arbitrary Concentration	Point in time (spot)	Serum	Qn		FALSE
161	s-follikkeliastimuloivahormoni		7	100			Serum		2.2.2.1.1.2.2.2.2.2.1.2.1	Follicle stimulating hormone	Presence or Threshold	Point in time (spot)	Serum	Ord		FALSE
161	s-kertatyydyttymättömätrasvahapot	mmol/l	263	0	[2.43, 2.7, 2.8, 2.99, 3.17, 3.35, 3.54, 3.9, 4.36]		Serum		2.2.2.1.1.2.2.2.2.2.1.2.1	Fatty acids.monounsaturated	Substance Concentration	Point in time (spot)	Serum	Qn		FALSE
161	s-luteinisoivahormoni	iu/l	178	0	[1.51, 2.37, 3.11, 3.71, 4.6, 5.61, 7.56, 11.94, 22.46]		Serum		2.2.2.1.1.2.2.2.2.2.1.2.1	Luteinizing hormone	Arbitrary Concentration	Point in time (spot)	Serum	Qn		FALSE
161	s-luteinisoivahormoni	u/l	26	0			Serum		2.2.2.1.1.2.2.2.2.2.1.2.1	Luteinizing hormone	Arbitrary Concentration	Point in time (spot)	Serum	Qn		FALSE
161	s-luteinisoivahormoni		14	100			Serum		2.2.2.1.1.2.2.2.2.2.1.2.1	Luteinizing hormone	Presence or Threshold	Point in time (spot)	Serum	Ord		FALSE
161	s-monityydyttymättömätrasvahapot	mmol/l	255	0	[4.74, 4.99, 5.23, 5.48, 5.58, 5.7, 5.92, 6.18, 6.55]		Serum		2.2.2.1.1.2.2.2.2.2.1.2.1	Fatty acids.polyunsaturated	Substance Concentration	Point in in time (spot)	Serum	Qn		FALSE
161	s-monityydyttymättömätrasvahapot		11	100			Serum		2.2.2.1.1.2.2.2.2.2.1.2.1	Fatty acids.polyunsaturated		Point in time (spot)	Serum	Nar		FALSE
161	s-tyydyttyneetrasvahapot	mmol/l	265	0	[3.09, 3.37, 3.58, 3.77, 3.9, 4.15, 4.36, 4.73, 5.26]		Serum		2.2.2.1.1.2.2.2.2.2.1.2.1	Fatty acids.saturated	Substance Concentration	Point in time (spot)	Serum	Qn		FALSE
161	ulosteenripulivirukset,nukle		109	100					2.2.2.1.1.2.2.2.2.2.1.2.1				Stool		Nucleic acid amplification with probe detection	TRUE
162	-cd4-solujensuhdecd8-soluihin		667	0.3	[0.26, 0.37, 0.55, 0.73, 1, 1.35, 1.81, 2.32, 3.03]				2.2.2.1.1.2.2.2.2.2.1.2.2	CD4/CD8	Ratio	Point in time (spot)	Blood	Qn		FALSE
162	-kt/v,daugirdaksenkaava		176	0	[1.13, 1.23, 1.29, 1.33, 1.39, 1.43, 1.46, 1.5, 1.57]				2.2.2.1.1.2.2.2.2.2.1.2.2	Kt/V dialysis	Ratio	Point in time (spot)	^Patient	Qn	Calculated	FALSE
162	-sieni,natiivivalmiste		244	100					2.2.2.1.1.2.2.2.2.2.1.2.2	Fungus	Presence or Identity	Point in time (spot)		Nar	Microscopy	FALSE
162	ab-aktuaalibikarbonaatti	mmol/l	14354	0	[18.76, 21.02, 22.57, 23.76, 24.73, 25.7, 26.99, 28.55, 31.59]		Arterial blood		2.2.2.1.1.2.2.2.2.2.1.2.2	Bicarbonate	Substance Concentration	Point in time (spot)	Blood arterial	Qn		FALSE
162	ab-aktuaalibikarbonaatti		47	100			Arterial blood		2.2.2.1.1.2.2.2.2.2.1.2.2	Bicarbonate	Substance Concentration	Point in time (spot)	Blood arterial	Qn		FALSE
162	ab-lämpötila(he-tase)	aste	418	0	[36.38, 36.95, 37, 37, 37, 37, 37.01, 37.48, 38.01]		Arterial blood		2.2.2.1.1.2.2.2.2.2.1.2.2	Temperature	Temperature	Point in time (spot)	^Patient	Qn		FALSE
162	ab-standardibikarbonaatti	mmol/l	4434	0	[19.73, 21.71, 22.89, 23.76, 24.46, 25.22, 26.01, 27.04, 28.87]		Arterial blood		2.2.2.1.1.2.2.2.2.2.1.2.2	Bicarbonate.standard	Substance Concentration	Point in time (spot)	Blood arterial	Qn		FALSE
162	ab-standardibikarbonaatti		20	100			Arterial blood		2.2.2.1.1.2.2.2.2.2.1.2.2	Bicarbonate.standard	Substance Concentration	Point in time (spot)	Blood arterial	Qn		FALSE
162	alkalinenfosfataasi	u/l	4090	0	[51.93, 59.73, 66.52, 72.54, 78.85, 86.09, 95.45, 111.37, 142.22]				2.2.2.1.1.2.2.2.2.2.1.2.2	Alkaline phosphatase	Catalytic Concentration	Point in time (spot)	Serum or Plasma	Qn		FALSE
162	alkalinenfosfataasi		409	100					2.2.2.1.1.2.2.2.2.2.1.2.2	Alkaline phosphatase	Catalytic Concentration	Point in time (spot)	Serum or Plasma	Qn		FALSE
162	angiotensiini-1-konvertaasi	u/l	286	0	[21.5, 28.51, 36.37, 41.21, 48.76, 54.44, 63.62, 70.94, 80.3]				2.2.2.1.1.2.2.2.2.2.1.2.2	Angiotensin converting enzyme	Catalytic Concentration	Point in time (spot)	Serum or Plasma	Qn		FALSE
162	angiotensiini-1-konvertaasi		20	100					2.2.2.1.1.2.2.2.2.2.1.2.2	Angiotensin converting enzyme	Catalytic Concentration	Point in time (spot)	Serum or Plasma	Qn		FALSE
162	b-diffi,erittelylaskenta,klooni		142	100			Blood		2.2.2.1.1.2.2.2.2.2.1.2.2				Blood			TRUE
162	cb-standardibikarbonaatti	mmol/l	10798	0	[20.28, 22.23, 23.36, 24.16, 24.9, 25.66, 26.58, 27.89, 30.19]		Capillary blood		2.2.2.1.1.2.2.2.2.2.1.2.2	Bicarbonate.standard	Substance Concentration	Point in time (spot)	Blood capillary	Qn		FALSE
162	cb-standardibikarbonaatti		90	50			Capillary blood		2.2.2.1.1.2.2.2.2.2.1.2.2	Bicarbonate.standard	Substance Concentration	Point in an unspecified time	Blood capillary	Qn		FALSE
162	d-vitamiini-25-oh,d3-jad2-muodot	nmol/l	219	0	[48.54, 55.58, 61.96, 68.73, 74.1, 79.27, 84.22, 89.91, 106.45]				2.2.2.1.1.2.2.2.2.2.1.2.2	25-Hydroxyvitamin D2+25-Hydroxyvitamin D3	Substance Concentration	Point in time (spot)	Serum or Plasma	Qn		FALSE
162	d-vitamiini-25-oh,plasmasta	nmol/l	694	0	[44.59, 53.15, 59, 64.66, 69.89, 76.01, 82.54, 92.02, 105.7]				2.2.2.1.1.2.2.2.2.2.1.2.2	25-hydroxyvitamin D	Substance Concentration	Point in time (spot)	Plasma	Qn		FALSE
162	e-punasolujenkokojakaum	%	55570	0	[12.19, 12.59, 12.95, 13.26, 13.67, 14.09, 14.51, 14.98, 15.71]		Erythrocyte		2.2.2.1.1.2.2.2.2.2.1.2.2	Erythrocyte distribution width	Number Fraction	Point in time (spot)	Red Blood Cells	Qn	Automated count	FALSE
162	e-punasolujenkokojakaum		7	71.43			Erythrocyte		2.2.2.1.1.2.2.2.2.2.1.2.2	Erythrocyte distribution width	Number Fraction	Point in time (spot)	Red Blood Cells	Qn	Automated count	FALSE
162	e-punasolujenkokojakauma	%	196935	0	[12, 13, 13, 13, 13.69, 14, 14.05, 15, 16.37]		Erythrocyte		2.2.2.1.1.2.2.2.2.2.1.2.2	Erythrocyte distribution width	Number Fraction	Point in time (spot)	Red Blood Cells	Qn	Automated count	FALSE
162	e-punasolujenkokojakauma		1688	46.92	[15, 15, 15.98, 16, 16, 16.41, 17, 18, 19.59]		Erythrocyte		2.2.2.1.1.2.2.2.2.2.1.2.2	Erythrocyte distribution width	Number Fraction	Point in time (spot)	Red Blood Cells	Qn	Automated count	FALSE
162	e-rdw,punasolujenkokojakauma	%	25929	0	[12.08, 13, 13, 13.03, 14, 14, 15, 15.7, 17.03]		Erythrocyte		2.2.2.1.1.2.2.2.2.2.1.2.2	Erythrocyte distribution width	Number Fraction	Point in time (spot)	Red Blood Cells	Qn	Automated count	FALSE
162	e-rdw,punasolujenkokojakauma		76	100			Erythrocyte		2.2.2.1.1.2.2.2.2.2.1.2.2	Erythrocyte distribution width	Number Fraction	Point in time (spot)	Red Blood Cells	Qn	Automated count	FALSE
162	ekg,hoitoyksikönottama		213	100					2.2.2.1.1.2.2.2.2.2.1.2.2	EKG study	Finding	Point in time (spot)	^Patient	Doc		FALSE
162	ekgasiakkaanottama		257	100					2.2.2.1.1.2.2.2.2.2.1.2.2	EKG study	Finding	Point in time (spot)	^Patient	Doc		FALSE
162	erikoislääkärinkonsultaatio		118	100					2.2.2.1.1.2.2.2.2.2.1.2.2	Consultation note			^Patient	Doc		FALSE
162	folaatti(fe-folaat)	nmol/l	320	0	[1456.69, 1642.98, 1740.68, 1864.47, 2021, 2152.9, 2311.39, 2519.36, 2775.52]				2.2.2.1.1.2.2.2.2.2.1.2.2	Folate	Substance Concentration	Point in time (spot)	Red Blood Cells	Qn		FALSE
162	folaatti(fe-folaat)		12	100					2.2.2.1.1.2.2.2.2.2.1.2.2	Folate	Substance Concentration	Point in time (spot)	Red Blood Cells	Qn		FALSE
162	fosfaatti,epäorgaaninen	mmol/l	275	0	[0.83, 0.93, 0.99, 1.05, 1.1, 1.15, 1.23, 1.36, 1.64]				2.2.2.1.1.2.2.2.2.2.1.2.2	Phosphate	Substance Concentration	Point in time (spot)	Serum or Plasma	Qn		FALSE
162	fosfaatti,epäorgaaninen		13	100					2.2.2.1.1.2.2.2.2.2.1.2.2	Phosphate	Substance Concentration	Point in time (spot)	Serum or Plasma	Qn		FALSE
162	fp-fosfaatti,epäorgaaninen	mmol/l	1537	0	[0.81, 0.94, 1.04, 1.12, 1.21, 1.31, 1.45, 1.64, 2]		Fasting plasma		2.2.2.1.1.2.2.2.2.2.1.2.2	Phosphate	Substance Concentration	Point in time (spot)	Plasma	Qn		FALSE
162	fp-fosfaatti,epäorgaaninen		7	100			Fasting plasma		2.2.2.1.1.2.2.2.2.2.1.2.2	Phosphate	Substance Concentration	Point in time (spot)	Plasma	Qn		FALSE
162	fp-parathormoni(intakti)	ng/l	167	0	[34.58, 43.28, 53.6, 64.34, 75.77, 88.59, 106.04, 128.88, 166.07]		Fasting plasma		2.2.2.1.1.2.2.2.2.2.1.2.2	Parathyrin.intact	Mass Concentration	Point in time (spot)	Plasma	Qn		FALSE
162	fp-parathormoni,intakti	ng/l	443	0	[42.85, 55.73, 66.85, 78.78, 88.68, 102.07, 115.78, 136.81, 193.49]		Fasting plasma		2.2.2.1.1.2.2.2.2.2.1.2.2	Parathyrin.intact	Mass Concentration	Point in time (spot)	Plasma	Qn		FALSE
162	fp-parathormoni,intakti	pmol/l	213	0	[5.11, 7.29, 9.06, 12.26, 16.48, 21.96, 29.55, 41.46, 57.9]		Fasting plasma		2.2.2.1.1.2.2.2.2.2.1.2.2	Parathyrin.intact	Substance Concentration	Point in time (spot)	Plasma	Qn		FALSE
162	fp-parathormoni,intakti		5	60			Fasting plasma		2.2.2.1.1.2.2.2.2.2.1.2.2	Parathyrin.intact		Point in time (spot)	Plasma			FALSE
162	fp-reniini,konsentraatio	mu/l	275	0	[1.9, 3.7, 5.72, 9.15, 13.8, 21.38, 36.23, 69.29, 149]		Fasting plasma		2.2.2.1.1.2.2.2.2.2.1.2.2	Renin	Arbitrary Concentration	Point in time (spot)	Plasma	Qn		FALSE
162	fp-reniini,konsentraatio		9	100			Fasting plasma		2.2.2.1.1.2.2.2.2.2.1.2.2	Renin	Arbitrary Concentration	Point in time (spot)	Plasma	Qn		FALSE
162	fras,oksidatiivinenstressi		508	100					2.2.2.1.1.2.2.2.2.2.1.2.2	Oxidative stress	Finding	Point in time (spot)	Serum or Plasma	Nar		FALSE
162	fs-alkalinenfosfataasi	u/l	114	0			Fasting serum		2.2.2.1.1.2.2.2.2.2.1.2.2	Alkaline phosphatase	Catalytic Concentration	Point in time (spot)	Serum	Qn		FALSE
162	fs-angiotensiini-1-konvertaasi	u/l	168	0	[21.95, 28.78, 36.13, 43.17, 50.38, 57.02, 63.03, 69.31, 88.3]		Fasting serum		2.2.2.1.1.2.2.2.2.2.1.2.2	Angiotensin converting enzyme	Catalytic Concentration	Point in time (spot)	Serum	Qn		FALSE
162	fs-angiotensiini-1-konvertaasi		17	100			Fasting serum		2.2.2.1.1.2.2.2.2.2.1.2.2	Angiotensin converting enzyme	Catalytic Concentration	Point in time (spot)	Serum	Qn		FALSE
162	fs-monikanava4-7tthperuspaketti		125	100			Fasting serum		2.2.2.1.1.2.2.2.2.2.1.2.2				Serum			TRUE
162	fs-työterveyshuollonperuspaketti		141	100			Fasting serum		2.2.2.1.1.2.2.2.2.2.1.2.2				Serum			TRUE
162	ilmajohtotarv.luujohto		785	100					2.2.2.1.1.2.2.2.2.2.1.2.2	Audiometry study	Finding		^Patient	Nar		FALSE
162	korona-rs-influenssa,pcrpikatesti		6428	100					2.2.2.1.1.2.2.2.2.2.1.2.2			Point in time (spot)			Nucleic acid amplification	TRUE
162	kreatiinikinaasi	u/l	821	0	[51.45, 67.28, 78.98, 91.33, 108.19, 125.74, 161.13, 224.43, 350.78]				2.2.2.1.1.2.2.2.2.2.1.2.2	Creatine kinase	Catalytic Concentration	Point in time (spot)	Serum or Plasma	Qn		FALSE
162	l-basofiilit,automaatio	%	10670	0	[0, 0, 0.5, 1, 1, 1, 1, 1, 1]		Leukocyte		2.2.2.1.1.2.2.2.2.2.1.2.2	Basophils/100 leukocytes	Number Fraction	Point in time (spot)	White Blood Cells	Qn	Automated count	FALSE
162	l-eosinofiilit,automaatio	%	10670	0	[0.35, 1, 1.93, 2, 2.74, 3, 3.97, 4.81, 6.33]		Leukocyte		2.2.2.1.1.2.2.2.2.2.1.2.2	Eosinophils/100 leukocytes	Number Fraction	Point in time (spot)	White Blood Cells	Qn	Automated count	FALSE
162	l-lymfosyytit,automaatio	%	19279	0	[15.56, 20.42, 24.04, 26.95, 29.66, 32.37, 35.21, 38.75, 43.79]		Leukocyte		2.2.2.1.1.2.2.2.2.2.1.2.2	Lymphocytes/100 leukocytes	Number Fraction	Point in time (spot)	White Blood Cells	Qn	Automated count	FALSE
162	l-lymfosyytit,automaatio		23	100			Leukocyte		2.2.2.1.1.2.2.2.2.2.1.2.2	Lymphocytes/100 leukocytes	Number Fraction	Point in time (spot)	White Blood Cells	Qn	Automated count	FALSE
162	l-monosyytit,automaatio	%	19276	0	[5.94, 6.98, 7.19, 8, 8.78, 9.04, 10, 11, 12.64]		Leukocyte		2.2.2.1.1.2.2.2.2.2.1.2.2	Monocytes/100 leukocytes	Number Fraction	Point in time (spot)	White Blood Cells	Qn	Automated count	FALSE
162	l-monosyytit,automaatio		23	100			Leukocyte		2.2.2.1.1.2.2.2.2.2.1.2.2	Monocytes/100 leukocytes	Number Fraction	Point in time (spot)	White Blood Cells	Qn	Automated count	FALSE
162	l-neutrofiilit,automaatio	%	19277	0	[41.43, 47.16, 50.99, 54.23, 57.08, 59.98, 63.15, 67.08, 72.76]		Leukocyte		2.2.2.1.1.2.2.2.2.2.1.2.2	Neutrophils/100 leukocytes	Number Fraction	Point in time (spot)	White Blood Cells	Qn	Automated count	FALSE
162	l-neutrofiilit,automaatio		23	100			Leukocyte		2.2.2.1.1.2.2.2.2.2.1.2.2	Neutrophils/100 leukocytes	Number Fraction	Point in time (spot)	White Blood Cells	Qn	Automated count	FALSE
162	laktaattidehydrogenaasi	u/l	112	0	[166.9, 176.25, 189.57, 200, 217.89, 228.73, 246.21, 285.8, 336.3]				2.2.2.1.1.2.2.2.2.2.1.2.2	Lactate dehydrogenase	Catalytic Concentration	Point in time (spot)	Serum or Plasma	Qn		FALSE
162	p-aktuaalinenbikarbonaatti	mmol/l	1258	0	[20.16, 23.03, 24.56, 25.84, 26.91, 27.87, 28.97, 30.03, 32.38]		Plasma		2.2.2.1.1.2.2.2.2.2.1.2.2	Bicarbonate	Substance Concentration	Point in time (spot)	Plasma	Qn		FALSE
162	p-alkaalinenfosfataasi	u/l	218	0	[54.87, 64.51, 69.29, 74.44, 80.78, 89.02, 97.67, 107.93, 128.13]		Plasma		2.2.2.1.1.2.2.2.2.2.1.2.2	Alkaline phosphatase	Catalytic Concentration	Point in time (spot)	Plasma	Qn		FALSE
162	p-alkaalinenfosfataasi		6	16.67			Plasma		2.2.2.1.1.2.2.2.2.2.1.2.2	Alkaline phosphatase	Catalytic Concentration	Point in time (spot)	Plasma	Qn		FALSE
162	p-alkalinenfosfataasi	u/l	26335	0	[51.5, 59.65, 66.46, 73.03, 79.94, 87.78, 97.91, 113.11, 149.16]		Plasma		2.2.2.1.1.2.2.2.2.2.1.2.2	Alkaline phosphatase	Catalytic Concentration	Point in time (spot)	Plasma	Qn		FALSE
162	p-alkalinenfosfataasi		74	91.89			Plasma		2.2.2.1.1.2.2.2.2.2.1.2.2	Alkaline phosphatase	Catalytic Concentration	Point in time (spot)	Plasma	Qn		FALSE
162	p-bilirubiinikonjugaatit	umol/l	1839	0	[2.92, 3, 3.32, 4, 4.89, 5.93, 7.57, 10.11, 21.15]		Plasma		2.2.2.1.1.2.2.2.2.2.1.2.2	Bilirubin.direct	Substance Concentration	Point in time (spot)	Plasma	Qn		FALSE
162	p-bilirubiinikonjugaatit		168	100			Plasma		2.2.2.1.1.2.2.2.2.2.1.2.2	Bilirubin.direct	Substance Concentration	Point in time (spot)	Plasma	Qn		FALSE
162	p-fosfaatti,epäorgaaninen	mmol/l	436	0	[0.89, 0.99, 1.06, 1.13, 1.2, 1.27, 1.36, 1.47, 1.66]		Plasma		2.2.2.1.1.2.2.2.2.2.1.2.2	Phosphate	Substance Concentration	Point in time (spot)	Plasma	Qn		FALSE
162	p-kreatiinikinaasi	u/l	2765	0	[43.61, 57.48, 70.52, 85.33, 100.93, 124.44, 165.61, 239.04, 491.32]		Plasma		2.2.2.1.1.2.2.2.2.2.1.2.2	Creatine kinase	Catalytic Concentration	Point in time (spot)	Plasma	Qn		FALSE
162	p-kreatiinikinaasi		21	95.24			Plasma		2.2.2.1.1.2.2.2.2.2.1.2.2	Creatine kinase	Catalytic Concentration	Point in time (spot)	Plasma	Qn		FALSE
162	p-laktaattidehydrogenaasi	u/l	3272	0	[163.71, 178.57, 190.98, 203.43, 216.38, 231.67, 254.03, 288.21, 372.84]		Plasma		2.2.2.1.1.2.2.2.2.2.1.2.2	Lactate dehydrogenase	Catalytic Concentration	Point in time (spot)	Plasma	Qn		FALSE
162	p-laktaattidehydrogenaasi		29	96.55			Plasma		2.2.2.1.1.2.2.2.2.2.1.2.2	Lactate dehydrogenase	Catalytic Concentration	Point in time (spot)	Plasma	Qn		FALSE
162	p-lupusantikoagulantti		220	100			Plasma		2.2.2.1.1.2.2.2.2.2.1.2.2	Lupus anticoagulant	Presence or Identity	Point in time (spot)	Platelet poor plasma	Nar	Coagulation assay	FALSE
162	p-psavapaanosuustotaalista	%	719	0	[10.55, 13.9, 16.1, 18.77, 21.1, 23.88, 26.7, 30.17, 36.09]		Plasma		2.2.2.1.1.2.2.2.2.2.1.2.2	Prostate specific Ag.free/Prostate specific Ag.total	Mass Fraction	Point in time (spot)	Plasma	Qn		FALSE
162	p-urea,resirkulaatio	mmol/l	200	0	[4.65, 12.03, 14.2, 15.66, 16.84, 18.43, 19.52, 21.22, 23.14]		Plasma		2.2.2.1.1.2.2.2.2.2.1.2.2	Urea	Substance Concentration	Point in time (spot)	Plasma	Qn		FALSE
162	psa-vapaa/totaali-suhde,plasmasta	%	1183	0	[8.11, 11.04, 13.43, 15.83, 18.18, 20.89, 24.81, 29.88, 39.78]				2.2.2.1.1.2.2.2.2.2.1.2.2	Prostate specific Ag.free/Prostate specific Ag.total	Mass Fraction	Point in time (spot)	Plasma	Qn		FALSE
162	psa-vapaa/totaali-suhde,plasmasta		3428	100					2.2.2.1.1.2.2.2.2.2.1.2.2	Prostate specific Ag.free/Prostate specific Ag.total	Mass Fraction	Point in time (spot)	Plasma	Qn		FALSE
162	psavapaanjatotaalinsuhde	%	62	0					2.2.2.1.1.2.2.2.2.2.1.2.2	Prostate specific Ag.free/Prostate specific Ag.total	Mass Fraction	Point in time (spot)	Serum or Plasma	Qn		FALSE
162	psavapaanjatotaalinsuhde		180	97.78					2.2.2.1.1.2.2.2.2.2.1.2.2	Prostate specific Ag.free/Prostate specific Ag.total	Mass Fraction	Point in time (spot)	Serum or Plasma	Qn		FALSE
162	pt-vaativainhalaatiohoito		114	100			Patient		2.2.2.1.1.2.2.2.2.2.1.2.2	Inhalation therapy	Finding	Point in time (spot)	^Patient	Nar		FALSE
162	punasolojenkokojakauma	%	1068	0	[12, 12.05, 13, 13, 13, 13, 13.97, 14, 14.47]				2.2.2.1.1.2.2.2.2.2.1.2.2	Erythrocyte distribution width	Number Fraction	Point in time (spot)	Blood	Qn	Automated count	FALSE
162	punasolojenkokojakauma		7	100					2.2.2.1.1.2.2.2.2.2.1.2.2	Erythrocyte distribution width	Number Fraction	Point in time (spot)	Blood	Qn	Automated count	FALSE
162	punasolujenerittelylaskenta	%	41	0					2.2.2.1.1.2.2.2.2.2.1.2.2	Erythrocyte distribution width	Number Fraction	Point in time (spot)	Blood	Qn	Automated count	FALSE
162	punasolujenerittelylaskenta		433	6	[12, 12, 12.18, 13, 13, 13, 13, 13.97, 14]				2.2.2.1.1.2.2.2.2.2.1.2.2	Erythrocyte distribution width	Number Fraction	Point in time (spot)	Blood	Qn	Automated count	FALSE
162	punasolujenesiasteet(erytroblastit)	e9/l	1040	0	[0, 0, 0, 0, 0, 0, 0, 0, 0]				2.2.2.1.1.2.2.2.2.2.1.2.2	Erythroblasts	Number Concentration	Point in time (spot)	Blood	Qn	Automated count	FALSE
162	punasolujenesiasteet(erytroblastit)		24	100					2.2.2.1.1.2.2.2.2.2.1.2.2	Erythroblasts	Number Concentration	Point in time (spot)	Blood	Qn	Automated count	FALSE
162	punasolujenkokojakauma	%	155883	0	[12.28, 13, 13, 13.02, 14, 14, 15, 15.9, 17]				2.2.2.1.1.2.2.2.2.2.1.2.2	Erythrocyte distribution width	Number Fraction	Point in time (spot)	Blood	Qn	Automated count	FALSE
162	punasolujenkokojakauma		2478	99.48					2.2.2.1.1.2.2.2.2.2.1.2.2	Erythrocyte distribution width	Number Fraction	Point in time (spot)	Blood	Qn	Automated count	FALSE
162	punasolujenkokojakautuma	%	683	0	[13, 13, 13, 13, 13, 14, 14, 14, 14.95]				2.2.2.1.1.2.2.2.2.2.1.2.2	Erythrocyte distribution width	Number Fraction	Point in time (spot)	Blood	Qn	Automated count	FALSE
162	punasolujenkoonvaihtelu	%	2031	0	[12.51, 12.91, 13.17, 13.34, 13.62, 13.91, 14.31, 14.86, 15.92]				2.2.2.1.1.2.2.2.2.2.1.2.2	Erythrocyte distribution width	Number Fraction	Point in time (spot)	Blood	Qn	Automated count	FALSE
162	punasolut,kokojakauma	%	121	0	[13, 13, 13, 13, 14, 14, 14, 14, 15]				2.2.2.1.1.2.2.2.2.2.1.2.2	Erythrocyte distribution width	Number Fraction	Point in time (spot)	Blood	Qn	Automated count	FALSE
162	s-alkalinenfosfataasi	u/l	368	0	[52.79, 63.98, 76.35, 87.37, 103.68, 118.86, 131.06, 146.22, 181.47]		Serum		2.2.2.1.1.2.2.2.2.2.1.2.2	Alkaline phosphatase	Catalytic Concentration	Point in time (spot)	Serum	Qn		FALSE
162	s-alkalinenfosfataasi,isoentsyymit		318	100			Serum		2.2.2.1.1.2.2.2.2.2.1.2.2			Point in time (spot)	Serum		Electrophoresis	TRUE
162	s-glykoproteiininasetylaatio	mmol/l	265	0	[0.75, 0.79, 0.81, 0.83, 0.85, 0.88, 0.9, 0.94, 1]		Serum		2.2.2.1.1.2.2.2.2.2.1.2.2	Glycoprotein acetyls	Substance Concentration	Point in time (spot)	Serum	Qn		FALSE
162	s-neuronispesifinenenolaasi	ug/l	105	0			Serum		2.2.2.1.1.2.2.2.2.2.1.2.2	Enolase.neuron specific	Mass Concentration	Point in time (spot)	Serum	Qn		FALSE
162	s-nightingale-mittaus		265	100			Serum		2.2.2.1.1.2.2.2.2.2.1.2.2			Point in time (spot)	Serum			TRUE
162	s-psavapaanjatotaalinsuhde	%	106	0	[11, 13, 14.4, 16.35, 19, 21, 23.87, 27, 31.9]		Serum		2.2.2.1.1.2.2.2.2.2.1.2.2	Prostate specific Ag.free/Prostate specific Ag.total	Mass Fraction	Point in time (spot)	Serum	Qn		FALSE
162	s-psavapaanjatotaalinsuhde		264	100			Serum		2.2.2.1.1.2.2.2.2.2.1.2.2	Prostate specific Ag.free/Prostate specific Ag.total	Mass Fraction	Point in time (spot)	Serum	Qn		FALSE
162	s-tymidiinikinaasi	u/l	237	0	[3.92, 4.79, 5.63, 6.48, 7.24, 8.95, 10.78, 13.93, 39.38]		Serum		2.2.2.1.1.2.2.2.2.2.1.2.2	Thymidine kinase	Catalytic Concentration	Point in time (spot)	Serum	Qn		FALSE
162	s-vapaanjakokonais-psa:nsuhde	%	643	0	[11.89, 14.35, 17.11, 19.53, 21.76, 24, 27.79, 31.6, 36.6]		Serum		2.2.2.1.1.2.2.2.2.2.1.2.2	Prostate specific Ag.free/Prostate specific Ag.total	Mass Fraction	Point in time (spot)	Serum	Qn		FALSE
162	s-vapaanjakokonais-psa:nsuhde		1561	100			Serum		2.2.2.1.1.2.2.2.2.2.1.2.2	Prostate specific Ag.free/Prostate specific Ag.total	Mass Fraction	Point in time (spot)	Serum	Qn		FALSE
162	sars-cov-2,influenssaa,bja		161	100					2.2.2.1.1.2.2.2.2.2.1.2.2			Point in time (spot)			Nucleic acid amplification	TRUE
162	sars-cov-2-antigeenitesti,pikatesti		101	100					2.2.2.1.1.2.2.2.2.2.1.2.2	SARS-CoV-2 Ag	Presence or Threshold	Point in time (spot)		Ord	Immunoassay	FALSE
162	tth-pakettia(ilmanpaastoa)		1079	100					2.2.2.1.1.2.2.2.2.2.1.2.2							TRUE
162	tth:ssavirtsanprotjagluk		294	100					2.2.2.1.1.2.2.2.2.2.1.2.2			Point in time (spot)	Urine		Test strip	TRUE
162	u-solut,peruslaskenta		1772	100			Urine		2.2.2.1.1.2.2.2.2.2.1.2.2			Point in time (spot)	Urine			TRUE
162	vb-aktuaalibikarbonaatti	mmol/l	1612	0	[16.94, 19.74, 21.93, 23.14, 24.18, 25.06, 26.96, 28.44, 30.92]		Venous blood		2.2.2.1.1.2.2.2.2.2.1.2.2	Bicarbonate	Substance Concentration	Point in time (spot)	Blood venous	Qn		FALSE
162	vb-aktuaalibikarbonaatti		185	17.3	[20.1, 23.3, 24.38, 25.39, 26.05, 26.8, 27.78, 28.4, 29.7]		Venous blood		2.2.2.1.1.2.2.2.2.2.1.2.2	Bicarbonate	Substance Concentration	Point in time (spot)	Blood venous	Qn		FALSE
162	vb-standardibikarbonaatti	mmol/l	13754	0	[20.04, 21.93, 23.08, 23.95, 24.68, 25.36, 26.13, 27.07, 28.82]		Venous blood		2.2.2.1.1.2.2.2.2.2.1.2.2	Bicarbonate.standard	Substance Concentration	Point in time (spot)	Blood venous	Qn		FALSE
162	vb-standardibikarbonaatti		44	100			Venous blood		2.2.2.1.1.2.2.2.2.2.1.2.2	Bicarbonate.standard	Substance Concentration	Point in time (spot)	Blood venous	Qn		FALSE
162	virtsansolujenhl7-siirtoon	e6/l	5551	0	[0.1, 0.37, 0.65, 1.07, 1.65, 2.44, 3.88, 6.78, 14.04]				2.2.2.1.1.2.2.2.2.2.1.2.2	Cells	Number Concentration	Point in time (spot)	Urine	Qn		FALSE
162	virtsansolujenhl7-siirtoon		353	11.05	[0, 0, 0, 0, 0, 0, 0, 0, 0]				2.2.2.1.1.2.2.2.2.2.1.2.2	Cells	Number Concentration	Point in time (spot)	Urine	Qn		FALSE
162	zb-aktuaalibikarbonaatti	mmol/l	394	0	[22, 23, 23.94, 24, 25, 26, 27, 27.8, 29.78]		Central blood		2.2.2.1.1.2.2.2.2.2.1.2.2	Bicarbonate	Substance Concentration	Point in time (spot)	Blood venous	Qn		FALSE
167	b-erybla,osatutkimus(19978b-erybla)	e9/l	1575	0	[0, 0, 0, 0, 0, 0, 0, 0, 0]		Blood		2.2.2.2.2.1.1	Erythroblasts	Number Concentration	Point in time (spot)	Blood	Qn	Automated count	FALSE
167	b-erybla,osatutkimus(b-erybla)	e9/l	3732	0	[0, 0, 0, 0, 0, 0, 0, 0, 0]		Blood		2.2.2.2.2.1.1	Erythroblasts	Number Concentration	Point in time (spot)	Blood	Qn	Automated count	FALSE
167	b-erybla,osatutkimus(b-erybla)		8	75			Blood		2.2.2.2.2.1.1	Erythroblasts		Point in time (spot)	Blood	Nar		FALSE
167	b-neut,osatutkimus(689b-neut)	e9/l	114	0	[2.36, 2.69, 3.03, 3.4, 3.69, 4.15, 4.59, 5.12, 5.88]		Blood		2.2.2.2.2.1.1	Neutrophils	Number Concentration	Point in time (spot)	Blood	Qn	Automated count	FALSE
167	basofiilit,absol.arvot,osatutkimus(40b-baso)	e9/l	114	0	[0.02, 0.03, 0.03, 0.04, 0.04, 0.05, 0.06, 0.06, 0.08]				2.2.2.2.2.1.1	Basophils	Number Concentration	Point in time (spot)	Blood	Qn	Automated count	FALSE
167	basofiilit,konediffi(),osatutk.b-diffi	%	1040	0	[0.2, 0.35, 0.48, 0.57, 0.68, 0.78, 0.9, 1.09, 1.35]				2.2.2.2.2.1.1	Basophils/Leukocytes	Number Fraction	Point in time (spot)	Blood	Qn	Automated count	FALSE
167	basofiilit,osatutkimus(692l-baso)	%	128	0	[0, 0, 0.88, 1, 1, 1, 1, 1, 1]				2.2.2.2.2.1.1	Basophils/Leukocytes	Number Fraction	Point in time (spot)	White Blood Cells	Qn	Automated count	FALSE
167	e-rdw,osatutkimus(19976e-rdw)	%	1577	0	[12, 12.98, 13, 13, 13, 13, 13.6, 14, 14.04]		Erythrocyte		2.2.2.2.2.1.1	Erythrocyte distribution width	Entitic Volume	Point in time (spot)	Red Blood Cells	Qn	Automated count	FALSE
167	e-rdw,osatutkimus(e-rdw)	%	3731	0	[12, 12.05, 13, 13, 13, 13, 13, 14, 14.04]		Erythrocyte		2.2.2.2.2.1.1	Erythrocyte distribution width	Entitic Volume	Point in time (spot)	Red Blood Cells	Qn	Automated count	FALSE
167	e-rdw,osatutkimus(e-rdw)		8	100			Erythrocyte		2.2.2.2.2.1.1	Erythrocyte distribution width		Point in time (spot)	Red Blood Cells	Nar		FALSE
167	eosinofiilit,absol.arvot,osatutkimus(39b-eos)	e9/l	114	0	[0.06, 0.09, 0.12, 0.16, 0.18, 0.2, 0.23, 0.28, 0.33]				2.2.2.2.2.1.1	Eosinophils	Number Concentration	Point in time (spot)	Blood	Qn	Automated count	FALSE
167	eosinofiilit,konediffi(),osatutk.b-diffi	%	1041	0	[0.08, 1.13, 1.71, 2.33, 2.85, 3.43, 4.13, 5.02, 6.83]				2.2.2.2.2.1.1	Eosinophils/Leukocytes	Number Fraction	Point in time (spot)	Blood	Qn	Automated count	FALSE
167	eosinofiilit,osatutkimus(690l-eos)	%	114	0	[1, 1.43, 2, 2, 3, 3, 3.11, 4, 5]				2.2.2.2.2.1.1	Eosinophils/Leukocytes	Number Fraction	Point in time (spot)	White Blood Cells	Qn	Automated count	FALSE
167	eosinofiilitabs,konediffi,osatutk.b-diffi	e9/l	1041	0	[0.01, 0.07, 0.1, 0.14, 0.17, 0.22, 0.27, 0.33, 0.46]				2.2.2.2.2.1.1	Eosinophils	Number Concentration	Point in time (spot)	Blood	Qn	Automated count	FALSE
167	kalsium,osatutkimus(p-ca)	mmol/l	167	0	[2.26, 2.3, 2.32, 2.34, 2.37, 2.38, 2.41, 2.43, 2.47]				2.2.2.2.2.1.1	Calcium	Substance Concentration	Point in time (spot)	Plasma	Qn		FALSE
167	l-neut,osatutkimus(688l-neut)	%	114	0	[46.1, 51, 53.29, 55, 56.87, 59, 62, 66.13, 71.3]		Leukocyte		2.2.2.2.2.1.1	Neutrophils/Leukocytes	Number Fraction	Point in time (spot)	White Blood Cells	Qn	Automated count	FALSE
167	lymfosyytit,absol.arvot,osatutkimus(43b-lymf)	e9/l	114	0	[1.2, 1.42, 1.67, 1.84, 1.94, 2.02, 2.22, 2.46, 2.71]				2.2.2.2.2.1.1	Lymphocytes	Number Concentration	Point in time (spot)	Blood	Qn	Automated count	FALSE
167	lymfosyytit,konediffi(),osatutk.b-diffi	%	1041	0	[14.77, 18.39, 21, 24.27, 27.4, 30.54, 33.61, 37.23, 41.49]				2.2.2.2.2.1.1	Lymphocytes/Leukocytes	Number Fraction	Point in time (spot)	Blood	Qn	Automated count	FALSE
167	lymfosyytit,osatutkimus(46l-lymf)	%	114	0	[17.98, 23.4, 26.71, 28, 31, 32.84, 34.76, 36, 40.42]				2.2.2.2.2.1.1	Lymphocytes/Leukocytes	Number Fraction	Point in time (spot)	White Blood Cells	Qn	Automated count	FALSE
167	monosyytit,absol.arvot,osatutkimus(42b-monos)	e9/l	114	0	[0.36, 0.42, 0.44, 0.49, 0.53, 0.58, 0.62, 0.67, 0.77]				2.2.2.2.2.1.1	Monocytes	Number Concentration	Point in time (spot)	Blood	Qn	Automated count	FALSE
167	monosyytit,konediffi(),osatutk.b-diffi	%	1041	0	[6.01, 6.87, 7.49, 8.19, 8.74, 9.45, 10.43, 11.69, 13.27]				2.2.2.2.2.1.1	Monocytes/Leukocytes	Number Fraction	Point in time (spot)	Blood	Qn	Automated count	FALSE
167	monosyytit,osatutkimus(693l-monos)	%	114	0	[6, 6.9, 7, 8, 8, 9, 9, 10, 11]				2.2.2.2.2.1.1	Monocytes/Leukocytes	Number Fraction	Point in time (spot)	White Blood Cells	Qn	Automated count	FALSE
167	neutrofiiliset,konediffi(),osatutk.b-diffi	%	1041	0	[43.33, 48.08, 51.94, 55.59, 58.77, 61.59, 65.14, 69.9, 74.47]				2.2.2.2.2.1.1	Neutrophils/Leukocytes	Number Fraction	Point in time (spot)	Blood	Qn	Automated count	FALSE
167	neutrofiilitabs,konediffi,osatutk.b-diffi	e9/l	1041	0	[1.86, 2.39, 2.82, 3.25, 3.63, 4.11, 4.7, 5.54, 6.96]				2.2.2.2.2.1.1	Neutrophils	Number Concentration	Point in time (spot)	Blood	Qn	Automated count	FALSE
167	s-albumiini,osatutkimuss-prot-fr	g/l	109	0	[31.62, 35.39, 37.28, 38.52, 39.57, 40.75, 41.75, 43.12, 44]		Serum	Fractions	2.2.2.2.2.1.1	Albumin	Mass Concentration	Point in time (spot)	Serum	Qn	Electrophoresis	FALSE
167	s-alfa-1-globuliini,osatutkimuss-prot-fr	g/l	109	0	[2.3, 2.4, 2.54, 2.7, 2.89, 3.08, 3.35, 3.6, 4.2]		Serum	Fractions	2.2.2.2.2.1.1	Alpha 1 globulin	Mass Concentration	Point in time (spot)	Serum	Qn	Electrophoresis	FALSE
167	s-alfa-2-globuliini,osatutkimuss-prot-fr	g/l	109	0	[5.63, 6, 6.24, 6.66, 7.47, 7.93, 8.35, 9.06, 9.9]		Serum	Fractions	2.2.2.2.2.1.1	Alpha 2 globulin	Mass Concentration	Point in time (spot)	Serum	Qn	Electrophoresis	FALSE
167	s-beta-1-globuliini,osatutkimuss-prot-fr	g/l	109	0	[3.5, 3.7, 3.85, 4.04, 4.14, 4.31, 4.42, 4.7, 4.9]		Serum	Fractions	2.2.2.2.2.1.1	Beta 1 globulin	Mass Concentration	Point in time (spot)	Serum	Qn	Electrophoresis	FALSE
167	s-beta-2-globuliini,osatutkimuss-prot-fr	g/l	109	0	[2.8, 3.09, 3.44, 3.86, 4.01, 4.31, 4.58, 4.8, 5.27]		Serum	Fractions	2.2.2.2.2.1.1	Beta 2 globulin	Mass Concentration	Point in time (spot)	Serum	Qn	Electrophoresis	FALSE
167	s-gamma-globuliini,osatutkimuss-prot-fr	g/l	109	0	[6.61, 7.97, 8.64, 9.16, 9.73, 10.36, 11, 11.66, 12.99]		Serum	Fractions	2.2.2.2.2.1.1	Gamma globulin	Mass Concentration	Point in time (spot)	Serum	Qn	Electrophoresis	FALSE
167	s-m-komponentti-1(valetietues-prot-fr)	g/l	135	0	[0, 0, 0, 1.3, 2.13, 3.83, 5.42, 7.84, 12.97]		Serum		2.2.2.2.2.1.1	M-protein.band 1	Mass Concentration	Point in time (spot)	Serum	Qn	Electrophoresis	FALSE
167	s-m-komponentti-1(valetietues-prot-fr)		93	100			Serum		2.2.2.2.2.1.1	M-protein.band 1		Point in time (spot)	Serum	Nar	Electrophoresis	FALSE
167	s-m-komponentti-2(valetietues-prot-fr)	g/l	82	0	[0, 0, 0, 0, 0, 0, 0, 0, 1]		Serum		2.2.2.2.2.1.1	M-protein.band 2	Mass Concentration	Point in time (spot)	Serum	Qn	Electrophoresis	FALSE
167	s-m-komponentti-2(valetietues-prot-fr)		133	100			Serum		2.2.2.2.2.1.1	M-protein.band 2		Point in time (spot)	Serum	Nar	Electrophoresis	FALSE
167	s-m-komponentti-3(valetietues-prot-fr)		131	100			Serum		2.2.2.2.2.1.1	M-protein.band 3		Point in time (spot)	Serum	Nar	Electrophoresis	FALSE
