rank	loinc_code	concept_id	omop_concept_name	loinc_long_common_name	loinc_class
1	14682-9	3020564	Creatinine [Moles/volume] in Serum or Plasma	Creatinine [Moles/volume] in Serum or Plasma	Chem
2	718-7	3000963	Hemoglobin [Mass/volume] in Blood	Hemoglobin [Mass/volume] in Blood	HEM/BC
3	2823-3	3023103	Potassium [Moles/volume] in Serum or Plasma	Potassium [Moles/volume] in Serum or Plasma	Chem
4	14749-6	3013826	Glucose [Moles/volume] in Serum or Plasma	Glucose [Moles/volume] in Serum or Plasma	Chem
5	2951-2	3019550	Sodium [Moles/volume] in Serum or Plasma	Sodium [Moles/volume] in Serum or Plasma	Chem
6	3094-0	3013682	Urea nitrogen [Mass/volume] in Serum or Plasma	Urea nitrogen [Mass/volume] in Serum or Plasma	Chem
7	2028-9	3015632	Carbon dioxide, total [Moles/volume] in Serum or Plasma	Carbon dioxide, total [Moles/volume] in Serum or Plasma	Chem
8	2075-0	3014576	Chloride [Moles/volume] in Serum or Plasma	Chloride [Moles/volume] in Serum or Plasma	Chem
9	789-8	3020416	Erythrocytes [#/volume] in Blood by Automated count	Erythrocytes [#/volume] in Blood by Automated count	HEM/BC
10	786-4	3009744	MCHC [Entitic Mass/volume] in Red Blood Cells by Automated count	Erythrocyte mean corpuscular hemoglobin concentration [Mass/volume] by Automated count	HEM/BC
11	785-6	3012030	MCH [Entitic mass] by Automated count	Erythrocyte mean corpuscular hemoglobin [Entitic mass] by Automated count	HEM/BC
12	2000-8	3015377	Calcium [Moles/volume] in Serum or Plasma	Calcium [Moles/volume] in Serum or Plasma	Chem
13	15074-8	3020491	Glucose [Moles/volume] in Blood	Glucose [Moles/volume] in Blood	Chem
14	4544-3	3023314	Hematocrit [Volume Fraction] of Blood by Automated count	Hematocrit [Volume Fraction] of Blood by Automated count	HEM/BC
15	6690-2	3000905	Leukocytes [#/volume] in Blood by Automated count	Leukocytes[#/volume] in Blood by Automated count	HEM/BC
16	1742-6	3006923	Alanine aminotransferase [Enzymatic activity/volume] in Serum or Plasma	Alanine aminotransferase [Enzymatic activity/volume] in Serum or Plasma	Chem
17	787-2	3023599	MCV [Entitic mean volume] in Red Blood Cells by Automated count	Erythrocyte mean corpuscular volume [Entitic volume] by Automated count	HEM/BC
18	777-3	3024929	Platelets [#/volume] in Blood by Automated count	Platelets [#/volume] in Blood by Automated count	HEM/BC
19	1920-8	3013721	Aspartate aminotransferase [Enzymatic activity/volume] in Serum or Plasma	Aspartate aminotransferase [Enzymatic activity/volume] in Serum or Plasma	Chem
20	1751-7	3024561	Albumin [Mass/volume] in Serum or Plasma	Albumin [Mass/volume] in Serum or Plasma	Chem
21	14631-6	3006140	Bilirubin.total [Moles/volume] in Serum or Plasma	Bilirubin.total [Moles/volume] in Serum or Plasma	Chem
22	2885-2	3020630	Protein [Mass/volume] in Serum or Plasma	Protein [Mass/volume] in Serum or Plasma	Chem
23	6768-6	3035995	Alkaline phosphatase [Enzymatic activity/volume] in Serum or Plasma	Alkaline phosphatase [Enzymatic activity/volume] in Serum or Plasma	Chem
24	788-0	3019897	Erythrocyte [DistWidth] in Red Blood Cells by Automated count	Erythrocyte distribution width [Ratio] by Automated count	HEM/BC
25	770-8	3008342	Neutrophils/Leukocytes in Blood by Automated count	Neutrophils/100 leukocytes in Blood by Automated count	HEM/BC
26	33914-3			Glomerular filtration rate/1.73 sq M.predicted by Creatinine-based formula (MDRD)	Chem
27	704-7	3013429	Basophils [#/volume] in Blood by Automated count	Basophils [#/volume] in Blood by Automated count	HEM/BC
28	20570-8	3009542	Hematocrit [Volume Fraction] of Blood by calculation	Hematocrit [Volume Fraction] of Blood	HEM/BC
29	48642-3	3049187	Glomerular filtration rate [Volume Rate/Area] in Serum, Plasma or Blood by Creatinine-based formula (MDRD)/1.73 sq M among non black population	Glomerular filtration rate/1.73 sq M predicted among non-blacks by Creatinine-based formula (MDRD)	Chem
30	48643-1	3053283	Glomerular filtration rate [Volume Rate/Area] in Serum, Plasma or Blood by Creatinine-based formula (MDRD)/1.73 sq M among black population	Glomerular filtration rate/1.73 sq M predicted among blacks by Creatinine-based formula (MDRD)	Chem
31	26515-7	3007461	Platelets [#/volume] in Blood	Platelets [#/volume] in Blood	HEM/BC
32	14647-2	3019900	Cholesterol [Moles/volume] in Serum or Plasma	Cholesterol [Moles/volume] in Serum or Plasma	Chem
33	26464-8	3010813	Leukocytes [#/volume] in Blood	Leukocytes [#/volume] in Blood	HEM/BC
34	30428-7	3024731	MCV [Entitic mean volume] in Red Blood Cells	Erythrocyte mean corpuscular volume [Entitic volume]	HEM/BC
35	731-0	3004327	Lymphocytes [#/volume] in Blood by Automated count	Lymphocytes [#/volume] in Blood by Automated count	HEM/BC
36	14927-8	3025839	Triglyceride [Moles/volume] in Serum or Plasma	Triglyceride [Moles/volume] in Serum or Plasma	Chem
37	10466-1	3021391	Anion gap in Serum or Plasma by Calculated.3Ions	Anion gap 3 in Serum or Plasma	Chem
38	14646-4	3023602	Cholesterol in HDL [Moles/volume] in Serum or Plasma	Cholesterol in HDL [Moles/volume] in Serum or Plasma	Chem
39	6463-4	3002619	Bacteria identified in Specimen by Culture	Bacteria identified in Unspecified specimen by Culture	MICRO
40	26485-3	3019069	Monocytes/Leukocytes in Blood	Monocytes/100 leukocytes in Blood	HEM/BC
41	736-9	3037511	Lymphocytes/Leukocytes in Blood by Automated count	Lymphocytes/100 leukocytes in Blood by Automated count	HEM/BC
42	706-2	3013869	Basophils/Leukocytes in Blood by Automated count	Basophils/100 leukocytes in Blood by Automated count	HEM/BC
43	713-8	3010457	Eosinophils/Leukocytes in Blood by Automated count	Eosinophils/100 leukocytes in Blood by Automated count	HEM/BC
44	5905-5	3011948	Monocytes/Leukocytes in Blood by Automated count	Monocytes/100 leukocytes in Blood by Automated count	HEM/BC
45	26478-8	3002030	Lymphocytes/Leukocytes in Blood	Lymphocytes/100 leukocytes in Blood	HEM/BC
46	751-8	3013650	Neutrophils [#/volume] in Blood by Automated count	Neutrophils [#/volume] in Blood by Automated count	HEM/BC
47	5902-2	3034426	Prothrombin time (PT)	Prothrombin time (PT)	COAG
47	5902-2	3034426	Prothrombin time (PT)	Prothrombin time (PT) in Platelet poor plasma by Coagulation assay	COAG
48	33069-6	3030960	Fetal nuchal translucency measured by US	Fetal Neck.soft tissue Translucency width US	OB.US
49	26450-7	3006504	Eosinophils/Leukocytes in Blood	Eosinophils/100 leukocytes in Blood	HEM/BC
50	711-2	3028615	Eosinophils [#/volume] in Blood by Automated count	Eosinophils [#/volume] in Blood by Automated count	HEM/BC
51	22637-3	3025891	Pathology report final diagnosis Narrative	Pathology report final diagnosis	TUMRRGT
52	742-7	3033575	Monocytes [#/volume] in Blood by Automated count	Monocytes [#/volume] in Blood by Automated count	HEM/BC
53	6301-6	3022217	INR in Platelet poor plasma by Coagulation assay	INR in Platelet poor plasma by Coagulation assay	COAG
54	30180-4	3022096	Basophils/Leukocytes in Blood	Basophils/100 leukocytes in Blood	HEM/BC
55	3097-3	3018311	Urea nitrogen/Creatinine [Mass Ratio] in Serum or Plasma	Urea nitrogen/Creatinine [Mass ratio] in Serum or Plasma	Chem
56	5802-4	3021601	Nitrite [Presence] in Urine by Test strip	Nitrite [Presence] in Urine by Test strip	UA
57	26499-4	3017732	Neutrophils [#/volume] in Blood	Neutrophils [#/volume] in Blood	HEM/BC
58	5778-6	3027162	Color of Urine	Color of Urine	SPEC
59	5803-2	3022621	pH of Urine by Test strip	pH of Urine by Test strip	UA
60	1759-0	3020509	Albumin/Globulin [Mass Ratio] in Serum or Plasma	Albumin/Globulin [Mass ratio] in Serum or Plasma	Chem
61	26484-6	3001604	Monocytes [#/volume] in Blood	Monocytes [#/volume] in Blood	HEM/BC
62	10834-0	3027970	Globulin [Mass/volume] in Serum by calculation	Globulin [Mass/volume] in Serum by calculation	Chem
63	39469-2	3038988	Cholesterol in LDL [Moles/volume] in Serum or Plasma by calculation	Cholesterol in LDL [Moles/volume] in Serum or Plasma by calculation	Chem
64	5770-3	3018834	Bilirubin.total [Presence] in Urine by Test strip	Bilirubin [Presence] in Urine by Test strip	UA
65	5799-2	3000348	Leukocyte esterase [Presence] in Urine by Test strip	Leukocyte esterase [Presence] in Urine by Test strip	UA
66	5767-9	3007876	Appearance of Urine	Appearance of Urine	SPEC
67	26449-9	3013115	Eosinophils [#/volume] in Blood	Eosinophils [#/volume] in Blood	HEM/BC
68	66126-4	40768809	Cholesterol in VLDL [Moles/volume] in Serum or Plasma by calculation	Cholesterol in VLDL [Moles/volume] in Serum or Plasma by calculation	Chem
69	14879-1	3003458	Phosphate [Moles/volume] in Serum or Plasma	Phosphate [Moles/volume] in Serum or Plasma	Chem
70	26474-7	3019198	Lymphocytes [#/volume] in Blood	Lymphocytes [#/volume] in Blood	HEM/BC
71	5811-5	3000330	Specific gravity of Urine by Test strip	Specific gravity of Urine by Test strip	UA
72	5794-3	3011397	Hemoglobin [Presence] in Urine by Test strip	Hemoglobin [Presence] in Urine by Test strip	UA
73	22705-8	3008770	Glucose [Moles/volume] in Urine by Test strip	Glucose [Moles/volume] in Urine by Test strip	UA
74	5804-0	3005897	Protein [Mass/volume] in Urine by Test strip	Protein [Mass/volume] in Urine by Test strip	UA
75	11579-0	3019762	Thyrotropin [Units/volume] in Serum or Plasma by Detection limit <= 0.05 mIU/L	Thyrotropin [Units/volume] in Serum or Plasma by Detection limit <= 0.05 mIU/L	Chem
76	26511-6	3018010	Neutrophils/Leukocytes in Blood	Neutrophils/100 leukocytes in Blood	HEM/BC
77	3173-2	3013466	aPTT in Blood by Coagulation assay	Activated partial thromboplastin time (aPTT) in Blood by Coagulation assay	COAG
78	2601-3	3012095	Magnesium [Moles/volume] in Serum or Plasma	Magnesium [Moles/volume] in Serum or Plasma	Chem
79	5821-4	3035583	Leukocytes [#/area] in Urine sediment by Microscopy high power field	Leukocytes [#/area] in Urine sediment by Microscopy high power field	UA
80	22702-5	3008116	Ketones [Moles/volume] in Urine by Test strip	Ketones [Moles/volume] in Urine by Test strip	UA
81	4548-4	3004410	Hemoglobin A1c/Hemoglobin.total in Blood	Hemoglobin A1c/Hemoglobin.total in Blood	HEM/BC
82	14629-0	3028638	Bilirubin.direct [Moles/volume] in Serum or Plasma	Bilirubin.direct [Moles/volume] in Serum or Plasma	Chem
83	2336-6	3021886	Globulin [Mass/volume] in Serum	Globulin [Mass/volume] in Serum	Chem
84	11555-0	3012501	Base excess in Blood by calculation	Base excess in Blood	Chem
85	47527-7	3051971	Cytology report of Cervical or vaginal smear or scraping Cyto stain.thin prep	Cytology report of Cervical or vaginal smear or scraping Cyto stain.thin prep	CYTO
86	11557-6	3013290	Carbon dioxide [Partial pressure] in Blood	Carbon dioxide [Partial pressure] in Blood	Chem
87	11556-8	3027315	Oxygen [Partial pressure] in Blood	Oxygen [Partial pressure] in Blood	Chem
88	22636-5	3005941	Pathology report relevant history Narrative	Pathology report relevant history	TUMRRGT
89	5769-5	3025255	Bacteria [#/area] in Urine sediment by Microscopy high power field	Bacteria [#/area] in Urine sediment by Microscopy high power field	UA
90	2157-6	3007220	Creatine kinase [Enzymatic activity/volume] in Serum or Plasma	Creatine kinase [Enzymatic activity/volume] in Serum or Plasma	Chem
91	32309-7	3016087	Cholesterol.total/Cholesterol in HDL [Molar ratio] in Serum or Plasma	Cholesterol.total/Cholesterol in HDL [Molar ratio] in Serum or Plasma	Chem
92	22748-8	3001308	Cholesterol in LDL [Moles/volume] in Serum or Plasma	Cholesterol in LDL [Moles/volume] in Serum or Plasma	Chem
93	630-4	3026008	Bacteria identified in Urine by Culture	Bacteria identified in Urine by Culture	MICRO
94	2601-3	3012095	Magnesium [Moles/volume] in Serum or Plasma	Magnesium [Moles/volume] in Serum or Plasma	Chem
95	2713-6	3011367	Oxygen saturation Calculated from oxygen partial pressure in Blood	Oxygen saturation.calculated from oxygen partial pressure in Blood	Chem
96	22638-1	3027275	Pathology report comments [Interpretation] Narrative	Pathology report comments	TUMRRGT
97	11558-4	3010421	pH of Blood	pH of Blood	Chem
98	22639-9	3027805	Pathology report supplemental reports Narrative	Pathology report supplemental reports	TUMRRGT
99	20454-5	3014051	Protein [Presence] in Urine by Test strip	Protein [Presence] in Urine by Test strip	UA
100	13945-1	3035124	Erythrocytes [#/area] in Urine sediment by Microscopy high power field	Erythrocytes [#/area] in Urine sediment by Microscopy high power field	UA
101	738-5	3021502	Macrocytes [Presence] in Blood by Light microscopy	Macrocytes [Presence] in Blood by Light microscopy	HEM/BC
102	2514-8	3035350	Ketones [Presence] in Urine by Test strip	Ketones [Presence] in Urine by Test strip	Chem
103	741-9	3037885	Microcytes [Presence] in Blood by Light microscopy	Microcytes [Presence] in Blood by Light microscopy	HEM/BC
104	19146-0	3017575	Referral lab test results	Reference lab test results	MISC
105	3016-3	3009201	Thyrotropin [Units/volume] in Serum or Plasma	Thyrotropin [Units/volume] in Serum or Plasma	Chem
106	6298-4	3005456	Potassium [Moles/volume] in Blood	Potassium [Moles/volume] in Blood	Chem
107	34927-4	3032039	Urobilinogen [Moles/volume] in Urine	Urobilinogen [Moles/volume] in Urine	Chem
108	19764-0	3022065	Statement of adequacy [Interpretation] of Cervical or vaginal smear or scraping by Cyto stain	Statement of adequacy [interpretation] of Cervical or vaginal smear or scraping by Cyto stain	CYTO
109	19767-3	3026593	Cytologist who read Cyto stain of Cervical or vaginal smear or scraping	Cytologist who read Cyto stain of Cervical or vaginal smear or scraping	CYTO
110	19763-2	3006313	Specimen source [Identifier] in Cervical or vaginal smear or scraping by Cyto stain	Specimen source [Identifier] in Cervical or vaginal smear or scraping by Cyto stain	CYTO
111	13969-1	3005785	Creatine kinase.MB [Mass/volume] in Serum or Plasma	Creatine kinase.MB [Mass/volume] in Serum or Plasma	Chem
112	18314-5	3000093	Morphology [Interpretation] in Blood Narrative	Morphology [interpretation] in Blood Narrative	HEM/BC
113	10839-9	3021337	Troponin I.cardiac [Mass/volume] in Serum or Plasma	Troponin I.cardiac [Mass/volume] in Serum or Plasma	Chem
114	19773-1	3027487	Recommended follow-up [Identifier] in Cervical or vaginal smear or scraping by Cyto stain	Recommended follow-up [Identifier] in Cervical or vaginal smear or scraping by Cyto stain	CYTO
115	19769-9	3027343	Pathologist who read Cyto stain of Cervical or vaginal smear or scraping	Pathologist who read Cyto stain of Cervical or vaginal smear or scraping	CYTO
116	2349-9	3020650	Glucose [Presence] in Urine	Glucose [Presence] in Urine	Chem
117	34928-2	3032051	Urobilinogen [Moles/volume] in Urine by Test strip	Urobilinogen [Moles/volume] in Urine by Test strip	UA
118	33037-3	3045716	Anion gap in Serum or Plasma by calculation	Anion gap in Serum or Plasma	Chem
119	728-6	3021303	Hypochromia [Presence] in Blood by Light microscopy	Hypochromia [Presence] in Blood by Light microscopy	HEM/BC
120	1959-6	3006576	Bicarbonate [Moles/volume] in Blood	Bicarbonate [Moles/volume] in Blood	Chem
121	26444-0	3006315	Basophils [#/volume] in Blood	Basophils [#/volume] in Blood	HEM/BC
122	2965-2	3033543	Specific gravity of Urine	Specific gravity of Urine	Chem
123	23658-8	3006581	Other Antibiotic [Susceptibility]	Other Antibiotic [Susceptibility]	ABXBACT
124	2857-1	3013603	Prostate specific Ag [Mass/volume] in Serum or Plasma	Prostate specific Ag [Mass/volume] in Serum or Plasma	Chem
125	14630-8	3007242	Bilirubin.indirect [Moles/volume] in Serum or Plasma	Bilirubin.indirect [Moles/volume] in Serum or Plasma	Chem
126	20409-9	3009105	Erythrocytes [#/volume] in Urine by Test strip	Erythrocytes [#/volume] in Urine by Test strip	UA
127	14635-7	3024390	25-hydroxyvitamin D3 [Moles/volume] in Serum or Plasma	Calcidiol [Moles/volume] in Serum or Plasma	Chem
128	8247-9	3006175	Mucus [Presence] in Urine sediment by Light microscopy	Mucus [Presence] in Urine sediment by Light microscopy	UA
129	2947-0	3000285	Sodium [Moles/volume] in Blood	Sodium [Moles/volume] in Blood	Chem
130	1994-3	3021119	Calcium.ionized [Moles/volume] in Blood	Calcium.ionized [Moles/volume] in Blood	Chem
131	600-7	3023368	Bacteria identified in Blood by Culture	Bacteria identified in Blood by Culture	MICRO
132	6742-1	3012764	Erythrocyte [Morphology] in Blood	Erythrocyte morphology finding [Identifier] in Blood	HEM/BC
133	14920-3	3008486	Thyroxine (T4) free [Moles/volume] in Serum or Plasma	Thyroxine (T4) free [Moles/volume] in Serum or Plasma	Chem
134	5818-0	3037426	Urobilinogen [Presence] in Urine by Test strip	Urobilinogen [Presence] in Urine by Test strip	Chem
135	44915-7	3045001	Cholesterol in LDL/Cholesterol in HDL [Molar ratio] in Serum or Plasma	Cholesterol in LDL/Cholesterol in HDL [Molar ratio] in Serum or Plasma	Chem
136	764-1	3007591	Band form neutrophils/Leukocytes in Blood by Manual count	Neutrophils.band form/100 leukocytes in Blood by Manual count	HEM/BC
137	4537-7	3013707	Erythrocyte sedimentation rate [Velocity] in Red Blood Cells by Westergren method	Erythrocyte sedimentation rate by Westergren method	HEM/BC
138	8310-5	3020891	Body temperature	Body temperature	BDYTMP.ATOM
139	3040-3	3004905	Lipase [Enzymatic activity/volume] in Serum or Plasma	Lipase [Enzymatic activity/volume] in Serum or Plasma	Chem
140	14798-3	3022948	Iron [Moles/volume] in Serum or Plasma	Iron [Moles/volume] in Serum or Plasma	Chem
141	9317-9	3033641	Platelet adequacy [Presence] in Blood by Light microscopy	Platelets [Presence] in Blood by Light microscopy	HEM/BC
142	14933-6	3026493	Urate [Moles/volume] in Serum or Plasma	Urate [Moles/volume] in Serum or Plasma	Chem
143	20565-8	3014094	Carbon dioxide, total [Moles/volume] in Blood	Carbon dioxide, total [Moles/volume] in Blood	Chem
144	925-8	3024813	Blood product disposition [Type]	Blood product disposition [Type]	BLDBK
145	14921-1	3014620	Thyroxine (T4) [Moles/volume] in Serum or Plasma	Thyroxine (T4) [Moles/volume] in Serum or Plasma	Chem
146	13317-3	3019902	Methicillin resistant Staphylococcus aureus [Presence] in Specimen by Organism specific culture	Methicillin resistant Staphylococcus aureus [Presence] in Unspecified specimen by Organism specific culture	MICRO
147	14979-9	3018677	aPTT in Platelet poor plasma by Coagulation assay	Activated partial thromboplastin time (aPTT) in Platelet poor plasma by Coagulation assay	COAG
148	11277-1	3001008	Epithelial cells.squamous [#/area] in Urine sediment by Microscopy high power field	Epithelial cells.squamous [#/area] in Urine sediment by Microscopy high power field	UA
149	32623-1	3043111	Platelet [Entitic mean volume] in Blood by Automated count	Platelet mean volume [Entitic volume] in Blood by Automated count	HEM/BC
150	14685-2	3009035	Cobalamin (Vitamin B12) [Moles/volume] in Serum or Plasma	Cobalamin (Vitamin B12) [Moles/volume] in Serum or Plasma	Chem
151	20453-7	3011422	Epithelial cells [Presence] in Urine sediment by Light microscopy	Epithelial cells [Presence] in Urine sediment by Light microscopy	UA
152	1798-8	3016771	Amylase [Enzymatic activity/volume] in Serum or Plasma	Amylase [Enzymatic activity/volume] in Serum or Plasma	Chem
153	2276-4	3001122	Ferritin [Mass/volume] in Serum or Plasma	Ferritin [Mass/volume] in Serum or Plasma	Chem
154	1988-5	3020460	C reactive protein [Mass/volume] in Serum or Plasma	C reactive protein [Mass/volume] in Serum or Plasma	Chem
155	5808-1	3001494	Erythrocytes [#/volume] in Urine sediment by Microscopy high power field	Erythrocytes [#/volume] in Urine sediment by Microscopy high power field	UA
156	2532-0	3016436	Lactate dehydrogenase [Enzymatic activity/volume] in Serum or Plasma	Lactate dehydrogenase [Enzymatic activity/volume] in Serum or Plasma	Chem
157	14800-7	3009577	Iron binding capacity [Moles/volume] in Serum or Plasma	Iron binding capacity [Moles/volume] in Serum or Plasma	Chem
158	5782-8	3025590	Crystals [type] in Urine sediment by Light microscopy	Crystals [type] in Urine sediment by Light microscopy	UA
159	21000-5			Erythrocyte distribution width [Entitic volume] by Automated count	HEM/BC
160	2753-2	3018418	pH of Serum or Plasma	pH of Serum or Plasma	Chem
161	14683-7	3009508	Creatinine [Moles/volume] in Urine	Creatinine [Moles/volume] in Urine	Chem
162	20408-1	3014749	Leukocytes [#/volume] in Urine by Test strip	Leukocytes [#/volume] in Urine by Test strip	UA
163	27045-4	3020692	Microscopic exam [Interpretation] of Urine by Cytology	Microscopic exam [interpretation] of Urine by Cytology	CYTO
164	31100-1	3013752	Hematocrit [Volume Fraction] of Blood by Impedance	Hematocrit [Volume Fraction] of Blood by Impedance	HEM/BC
165	11580-8	3019170	Thyrotropin [Units/volume] in Serum or Plasma by Detection limit <= 0.005 mIU/L	Thyrotropin [Units/volume] in Serum or Plasma by Detection limit <= 0.005 mIU/L	Chem
166	5787-7	3010189	Epithelial cells [#/area] in Urine sediment by Microscopy high power field	Epithelial cells [#/area] in Urine sediment by Microscopy high power field	UA
167	735-1	3037234	Variant lymphocytes/Leukocytes in Blood by Manual count	Lymphocytes Variant/100 leukocytes in Blood by Manual count	HEM/BC
168	934-0	3027929	Blood product unit ID [#]	Blood product unit ID [#]	BLDBK
169	882-1	3003694	ABO and Rh group [Type] in Blood	ABO & Rh group [Type] in Blood	BLDBK
170	19161-9	3006473	Urobilinogen [Units/volume] in Urine by Test strip	Urobilinogen [Units/volume] in Urine by Test strip	UA
171	70199-5	42868673	Bilirubin.total [Moles/volume] in Urine	Bilirubin.total [Moles/volume] in Urine	Chem
172	30167-1	3037410	Human papilloma virus 16+18+31+33+35+39+45+51+52+56+58+59+68 DNA [Presence] in Cervix by Probe with signal amplification	Human papilloma virus 16+18+31+33+35+39+45+51+52+56+58+59+68 DNA [Presence] in Cervix by Probe & signal amplification method	MICRO
173	20507-0	3021461	Reagin Ab [Presence] in Serum by RPR	Reagin Ab [Presence] in Serum by RPR	MICRO
174	3151-8	3005629	Inhaled oxygen flow rate	Inhaled oxygen flow rate	CLIN
175	14957-5	3000034	Microalbumin [Mass/volume] in Urine	Microalbumin [Mass/volume] in Urine	Chem
176	58448-2	40761549	Microalbumin ug/min [Mass/time] in 24 hour Urine	Microalbumin ug/min [Mass/time] in 24 hour Urine	Chem
177	26508-2	3004809	Band form neutrophils/Leukocytes in Blood	Neutrophils.band form/100 leukocytes in Blood	HEM/BC
178	24111-7	3011371	Neisseria gonorrhoeae DNA [Presence] in Specimen by NAA with probe detection	Neisseria gonorrhoeae DNA [Presence] in Unspecified specimen by Probe & target amplification method	MICRO
179	11279-7	3036005	Urine sediment comments by Light microscopy Narrative	Urine sediment comments by Light microscopy Narrative	UA
180	21613-5	3006093	Chlamydia trachomatis DNA [Presence] in Specimen by NAA with probe detection	Chlamydia trachomatis DNA [Presence] in Unspecified specimen by Probe & target amplification method	MICRO
181	14732-2	3021960	Folate [Moles/volume] in Serum or Plasma	Folate [Moles/volume] in Serum or Plasma	Chem
182	1995-0	3021347	Calcium.ionized [Moles/volume] in Serum or Plasma	Calcium.ionized [Moles/volume] in Serum or Plasma	Chem
183	11282-1	3002317	Cells Counted Total [#] in Blood	Cells Counted Total [#] in Blood	HEM/BC
184	2106-3	3018954	Choriogonadotropin [Presence] in Urine	Choriogonadotropin (pregnancy test) [Presence] in Urine	Chem
185	933-2	3012796	Blood product type	Blood product type	BLDBK
186	737-7	3038058	Lymphocytes/Leukocytes in Blood by Manual count	Lymphocytes/100 leukocytes in Blood by Manual count	HEM/BC
187	2744-1	3019977	pH of Arterial blood	pH of Arterial blood	Chem
188	30313-1	3002173	Hemoglobin [Mass/volume] in Arterial blood	Hemoglobin [Mass/volume] in Arterial blood	HEM/BC
189	10378-8	3011987	Polychromasia [Presence] in Blood by Light microscopy	Polychromasia [Presence] in Blood by Light microscopy	HEM/BC
190	2324-2	3026910	Gamma glutamyl transferase [Enzymatic activity/volume] in Serum or Plasma	Gamma glutamyl transferase [Enzymatic activity/volume] in Serum or Plasma	Chem
191	25162-9	3033308	Hyaline casts [Presence] in Urine sediment by Light microscopy	Hyaline casts [Presence] in Urine sediment by Light microscopy	UA
192	14801-5	3009814	Iron saturation [Molar fraction] in Serum or Plasma	Iron saturation [Molar fraction] in Serum or Plasma	Chem
193	2703-7	3027801	Oxygen [Partial pressure] in Arterial blood	Oxygen [Partial pressure] in Arterial blood	Chem
194	664-3	3037167	Microscopic observation [Identifier] in Specimen by Gram stain	Microscopic observation [Identifier] in Unspecified specimen by Gram stain	MICRO
195	3879-4	3027008	Opiates [Presence] in Urine	Opiates [Presence] in Urine	DRUG/TOX
196	3390-2	3000764	Benzodiazepines [Presence] in Urine	Benzodiazepines [Presence] in Urine	DRUG/TOX
197	53553-4	3039720	Glucose mean value [Moles/volume] in Blood Estimated from glycated hemoglobin	Glucose mean value [Moles/volume] in Blood Estimated from glycated hemoglobin	Chem
198	890-4	3001079	Blood group antibody screen [Presence] in Serum or Plasma	Blood group antibody screen [Presence] in Serum or Plasma	BLDBK
199	26507-4	3018199	Band form neutrophils [#/volume] in Blood	Neutrophils.band form [#/volume] in Blood	HEM/BC
200	3050-2	3021717	Triiodothyronine resin uptake (T3RU) in Serum or Plasma	Triiodothyronine resin uptake (T3RU) in Serum or Plasma	Chem
201	30405-5	3018095	Leukocytes [#/volume] in Urine	Leukocytes [#/volume] in Urine	HEM/BC
202	48345-3	3053246	HIV 1+O+2 Ab [Presence] in Serum or Plasma	HIV 1+O+2 Ab [Presence] in Serum or Plasma	MICRO
203	14913-8	3017446	Testosterone [Moles/volume] in Serum or Plasma	Testosterone [Moles/volume] in Serum or Plasma	Chem
204	30934-4	3011960	Natriuretic peptide B [Mass/volume] in Serum or Plasma	Natriuretic peptide B [Mass/volume] in Serum or Plasma	Chem
205	2019-8	3027946	Carbon dioxide [Partial pressure] in Arterial blood	Carbon dioxide [Partial pressure] in Arterial blood	Chem
206	34714-6	3032080	INR in Blood by Coagulation assay	INR in Blood by Coagulation assay	COAG
207	3377-9	3002020	Barbiturates [Presence] in Urine	Barbiturates [Presence] in Urine	DRUG/TOX
208	8061-4	3004616	Nuclear Ab [Presence] in Serum	Nuclear Ab [Presence] in Serum	SERO
209	11529-5			Surgical pathology study	ATTACH.CLINRPT
210	5196-1	3019510	Hepatitis B virus surface Ag [Presence] in Serum or Plasma by Immunoassay	Hepatitis B virus surface Ag [Presence] in Serum by Immunoassay	MICRO
211	49136-5	3048863	Creatine kinase.MB/Creatine kinase.total [Ratio] in Serum or Plasma	Creatine kinase.MB/Creatine kinase.total [Ratio] in Serum or Plasma	Chem
212	14959-1	3001802	Microalbumin/Creatinine [Mass Ratio] in Urine	Microalbumin/Creatinine [Mass ratio] in Urine	Chem
213	48346-1	3049147	HIV 1+O+2 Ab [Units/volume] in Serum or Plasma	HIV 1+O+2 Ab [Units/volume] in Serum or Plasma	MICRO
214	3349-8	3027944	Amphetamines [Presence] in Urine	Amphetamines [Presence] in Urine	DRUG/TOX
215	17856-6	3005673	Hemoglobin A1c/Hemoglobin.total in Blood by HPLC	Hemoglobin A1c/Hemoglobin.total in Blood by HPLC	HEM/BC
216	11253-2	3026250	Tacrolimus [Mass/volume] in Blood	Tacrolimus [Mass/volume] in Blood	DRUG/TOX
217	33903-6	3028893	Ketones [Presence] in Urine	Ketones [Presence] in Urine	Chem
218	883-9	3002529	ABO group [Type] in Blood	ABO group [Type] in Blood	BLDBK
219	25371-6	3022487	Cholesterol in VLDL [Moles/volume] in Serum or Plasma	Cholesterol in VLDL [Moles/volume] in Serum or Plasma	Chem
220	2458-8	3007164	IgA [Mass/volume] in Serum or Plasma	IgA [Mass/volume] in Serum	Chem
221	22753-8	3002532	Iron binding capacity.unsaturated [Moles/volume] in Serum or Plasma	Iron binding capacity.unsaturated [Moles/volume] in Serum or Plasma	Chem
222	32215-6	3000551	Thyroxine (T4) free index in Serum or Plasma by calculation	Thyroxine (T4) free index in Serum or Plasma	Chem
223	14930-2	3008304	Triiodothyronine (T3) [Moles/volume] in Serum or Plasma	Triiodothyronine (T3) [Moles/volume] in Serum or Plasma	Chem
224	18282-4	3006932	Cannabinoids [Presence] in Urine by Screen method	Cannabinoids [Presence] in Urine by Screen method	DRUG/TOX
225	744-3	3022407	Monocytes/Leukocytes in Blood by Manual count	Monocytes/100 leukocytes in Blood by Manual count	HEM/BC
226	5195-3	3019284	Hepatitis B virus surface Ag [Presence] in Serum	Hepatitis B virus surface Ag [Presence] in Serum	MICRO
227	1003-3	3010231	Indirect antiglobulin test.complement specific reagent [Presence] in Serum or Plasma	Indirect antiglobulin test.complement specific reagent [Presence] in Serum or Plasma	BLDBK
228	769-0	3028108	Segmented neutrophils/Leukocytes in Blood by Manual count	Neutrophils.segmented/100 leukocytes in Blood by Manual count	HEM/BC
229	714-6	3015956	Eosinophils/Leukocytes in Blood by Manual count	Eosinophils/100 leukocytes in Blood by Manual count	HEM/BC
230	15067-2	3023323	Follitropin [Units/volume] in Serum or Plasma	Follitropin [Units/volume] in Serum or Plasma	Chem
231	14715-7	3026725	Estradiol (E2) [Moles/volume] in Serum or Plasma	Estradiol (E2) [Moles/volume] in Serum or Plasma	Chem
232	53927-0	3040285	Neisseria gonorrhoeae rRNA [Presence] in Urethra by NAA with probe detection	Neisseria gonorrhoeae rRNA [Presence] in Urethra by Probe & target amplification method	MICRO
233	60256-5	40763311	Neisseria gonorrhoeae rRNA [Presence] in Urine by NAA with probe detection	Neisseria gonorrhoeae rRNA [Presence] in Urine by Probe & target amplification method	MICRO
234	702-1	3026314	Anisocytosis [Presence] in Blood by Light microscopy	Anisocytosis [Presence] in Blood by Light microscopy	HEM/BC
235	707-0	3009797	Basophils/Leukocytes in Blood by Manual count	Basophils/100 leukocytes in Blood by Manual count	HEM/BC
236	19145-2	3017278	Referral lab test name	Reference lab test name	MISC
237	29265-6	3020059	Calcium [Moles/volume] corrected for albumin in Serum or Plasma	Calcium [Moles/volume] corrected for albumin in Serum or Plasma	Chem
238	5796-8	3022509	Hyaline casts [#/area] in Urine sediment by Microscopy low power field	Hyaline casts [#/area] in Urine sediment by Microscopy low power field	UA
239	5198-7	3003470	Hepatitis C virus Ab [Units/volume] in Serum by Immunoassay	Hepatitis C virus Ab [Units/volume] in Serum by Immunoassay	MICRO
240	14866-8	3010566	Parathyrin.intact [Moles/volume] in Serum or Plasma	Parathyrin.intact [Moles/volume] in Serum or Plasma	Chem
240	2731-8	3000067	Parathyrin.intact [Mass/volume] in Serum or Plasma	Parathyrin.intact [Mass/volume] in Serum or Plasma	Chem
241	2465-3	3005719	IgG [Mass/volume] in Serum or Plasma	IgG [Mass/volume] in Serum	Chem
242	53925-4	3042510	Chlamydia trachomatis rRNA [Presence] in Urethra by NAA with probe detection	Chlamydia trachomatis rRNA [Presence] in Urethra by Probe & target amplification method	MICRO
243	774-0	3027920	Ovalocytes [Presence] in Blood by Light microscopy	Ovalocytes [Presence] in Blood by Light microscopy	HEM/BC
244	12454-5	3004372	Urate crystals amorphous [Presence] in Urine sediment by Light microscopy	Urate crystals amorphous [Presence] in Urine sediment by Light microscopy	UA
245	30341-2	3015183	Erythrocyte sedimentation rate [Velocity] in Red Blood Cells	Erythrocyte sedimentation rate	HEM/BC
246	798-9	3002864	Erythrocytes [#/volume] in Urine by Automated count	Erythrocytes [#/volume] in Urine by Automated count	HEM/BC
247	1250-0	3004592	Major crossmatch [Interpretation]	Major crossmatch [interpretation]	BLDBK
248	22634-0	3007597	Pathology report gross observation Narrative	Pathology report gross observation	TUMRRGT
249	69419-0	42870529	Cholesterol in LDL [Moles/volume] in Serum or Plasma by Direct assay	Cholesterol in LDL [Moles/volume] in Serum or Plasma by Direct assay	Chem
250	56598-6	40759718	Epstein Barr virus early IgM Ab [Units/volume] in Serum by Immunoassay	Epstein Barr virus early IgM Ab [Units/volume] in Serum by Immunoassay	MICRO
251	11572-5	3021614	Rheumatoid factor [Units/volume] in Serum or Plasma	Rheumatoid factor [Units/volume] in Serum	SERO
252	19080-1	3018171	Choriogonadotropin [Units/volume] in Serum or Plasma	Choriogonadotropin [Units/volume] in Serum or Plasma	Chem
253	18998-5	3021253	Trimethoprim+Sulfamethoxazole [Susceptibility]	Trimethoprim+Sulfamethoxazole [Susceptibility]	ABXBACT
254	43304-5	3043310	Chlamydia trachomatis rRNA [Presence] in Specimen by NAA with probe detection	Chlamydia trachomatis rRNA [Presence] in Unspecified specimen by Probe & target amplification method	MICRO
255	10331-7	3003310	Rh [Type] in Blood	Rh [Type] in Blood	BLDBK
256	43305-2	3045028	Neisseria gonorrhoeae rRNA [Presence] in Specimen by NAA with probe detection	Neisseria gonorrhoeae rRNA [Presence] in Unspecified specimen by Probe & target amplification method	MICRO
257	10701-1	3020389	Ova and parasites identified in Stool by Concentration	Ova+Parasites identified in Stool by Concentration	MICRO
258	13362-9	3016750	Collection duration of Urine	Collection duration of Urine	SPEC
259	11125-2	3003214	Platelet morphology finding [Identifier] in Blood	Platelet morphology finding [Identifier] in Blood	HEM/BC
260	15180-3	3038034	Hypochromia [Presence] in Blood by Automated count	Hypochromia [Presence] in Blood by Automated count	HEM/BC
261	12258-0	3008325	Epithelial cells.squamous [Presence] in Urine sediment by Light microscopy	Epithelial cells.squamous [Presence] in Urine sediment by Microscopy high power field	UA
262	22633-2			Pathology report site of origin	TUMRRGT
263	2472-9	3028026	IgM [Mass/volume] in Serum or Plasma	IgM [Mass/volume] in Serum	Chem
264	31208-2	3015746	Specimen source identified	Specimen source [Identifier] of Unspecified specimen	SPEC
265	18928-2	3035007	Gentamicin [Susceptibility]	Gentamicin [Susceptibility]	ABXBACT
266	14807-2	3003577	Lead [Moles/volume] in Blood	Lead [Moles/volume] in Blood	DRUG/TOX
267	3255-7	3016407	Fibrinogen [Mass/volume] in Platelet poor plasma by Coagulation assay	Fibrinogen [Mass/volume] in Platelet poor plasma by Coagulation assay	COAG
268	3184-9	3016948	Activated clotting time (ACT) of Blood by Coagulation assay	Activated clotting time in Blood by Coagulation assay	COAG
269	19139-5			Pathologist name	CLIN
270	6462-6	3003714	Bacteria identified in Wound by Culture	Bacteria identified in Wound by Culture	MICRO
271	10501-5	3009214	Lutropin [Units/volume] in Serum or Plasma	Lutropin [Units/volume] in Serum or Plasma	Chem
272	19244-3	3028632	Character of Urine	Character of Urine	SPEC
273	19659-2	3013184	Phencyclidine [Presence] in Urine by Screen method	Phencyclidine [Presence] in Urine by Screen method	DRUG/TOX
274	14928-6	3026989	Triiodothyronine (T3) Free [Moles/volume] in Serum or Plasma	Triiodothyronine (T3) Free [Moles/volume] in Serum or Plasma	Chem
275	624-7	3025099	Bacteria identified in Sputum by Respiratory culture	Bacteria identified in Sputum by Respiratory culture	MICRO
276	634-6	3013867	Bacteria identified in Specimen by Aerobe culture	Bacteria identified in Unspecified specimen by Aerobe culture	MICRO
277	50387-0	3029004	Chlamydia trachomatis rRNA [Presence] in Cervix by NAA with probe detection	Chlamydia trachomatis rRNA [Presence] in Cervix by Probe & target amplification method	MICRO
278	50388-8	3033258	Neisseria gonorrhoeae rRNA [Presence] in Cervix by NAA with probe detection	Neisseria gonorrhoeae rRNA [Presence] in Cervix by Probe & target amplification method	MICRO
279	35691-5	3035833	XXX microorganism DNA [Presence] in Specimen by NAA with probe detection	XXX microorganism DNA [Presence] in Unspecified specimen by Probe & target amplification method	MICRO
280	51656-7	3040169	Hepatitis C virus Ab Signal/Cutoff in Body fluid	Hepatitis C virus Ab Signal/Cutoff [Ratio] in Body fluid	MICRO
281	4679-7	3027945	Reticulocytes/Erythrocytes in Blood	Reticulocytes/100 erythrocytes in Blood	HEM/BC
282	22635-7	3007033	Pathology report microscopic observation Narrative Other stain	Pathology report microscopic observation Other stain	TUMRRGT
283	59826-8	40762887	Creatinine [Moles/volume] in Blood	Creatinine [Moles/volume] in Blood	Chem
284	15150-6	3011331	Anisocytosis [Presence] in Blood by Automated count	Anisocytosis [Presence] in Blood by Automated count	HEM/BC
285	14338-8	3013742	Prealbumin [Mass/volume] in Serum or Plasma	Prealbumin [Mass/volume] in Serum or Plasma	Chem
286	15198-5	3025790	Macrocytes [Presence] in Blood by Automated count	Macrocytes [Presence] in Blood by Automated count	HEM/BC
287	33051-4	3045424	Erythrocytes [Presence] in Urine	Erythrocytes [Presence] in Urine	UA
288	6299-2	3004295	Urea nitrogen [Mass/volume] in Blood	Urea nitrogen [Mass/volume] in Blood	Chem
289	70204-3	42868678	Cholesterol non HDL [Moles/volume] in Serum or Plasma	Cholesterol non HDL [Moles/volume] in Serum or Plasma	Chem
290	2842-3	3004722	Prolactin [Mass/volume] in Serum or Plasma	Prolactin [Mass/volume] in Serum or Plasma	Chem
291	6598-7	3019800	Troponin T.cardiac [Mass/volume] in Serum or Plasma	Troponin T.cardiac [Mass/volume] in Serum or Plasma	Chem
292	2888-6	3037121	Protein [Mass/volume] in Urine	Protein [Mass/volume] in Urine	UA
293	3393-6	3034452	Benzoylecgonine [Presence] in Urine	Benzoylecgonine [Presence] in Urine	DRUG/TOX
294	9842-6	3005658	Casts [#/area] in Urine sediment by Microscopy low power field	Casts [#/area] in Urine sediment by Microscopy low power field	UA
295	2069-3	3018572	Chloride [Moles/volume] in Blood	Chloride [Moles/volume] in Blood	Chem
296	5334-8	3011564	Rubella virus IgG Ab [Units/volume] in Serum or Plasma by Immunoassay	Rubella virus IgG Ab [Units/volume] in Serum by Immunoassay	MICRO
297	20569-0	3016311	Creatine kinase.MB/Creatine kinase.total in Serum or Plasma	Creatine kinase.MB/Creatine kinase.total in Serum or Plasma	Chem
298	42931-6	3031356	Chlamydia trachomatis rRNA [Presence] in Urine by NAA with probe detection	Chlamydia trachomatis rRNA [Presence] in Urine by Probe & target amplification method	MICRO
299	15199-3	3025397	Microcytes [Presence] in Blood by Automated count	Microcytes [Presence] in Blood by Automated count	HEM/BC
300	20629-2	3009401	levoFLOXacin [Susceptibility]	Levofloxacin [Susceptibility]	ABXBACT
301	3397-7	3016879	Cocaine [Presence] in Urine	Cocaine [Presence] in Urine	DRUG/TOX
302	779-9	3011368	Poikilocytosis [Presence] in Blood by Light microscopy	Poikilocytosis [Presence] in Blood by Light microscopy	HEM/BC
303	35591-7	3035529	Creatinine renal clearance predicted by Cockcroft-Gault formula	Creatinine renal clearance predicted by Cockcroft-Gault formula	Chem
304	32356-8	3000259	Yeast [Presence] in Urine sediment by Light microscopy	Yeast [Presence] in Urine sediment by Light microscopy	UA
305	18878-9	3007173	ceFAZolin [Susceptibility]	Cefazolin [Susceptibility]	ABXBACT
306	740-1	3000666	Metamyelocytes/Leukocytes in Blood by Manual count	Metamyelocytes/100 leukocytes in Blood by Manual count	HEM/BC
307	12851-2	3035956	Protein Fractions [Interpretation] in Serum or Plasma by Electrophoresis	Protein Fractions [interpretation] in Serum or Plasma by Electrophoresis	Chem
308	31147-2	3026501	Reagin Ab [Titer] in Serum by RPR	Reagin Ab [Titer] in Serum by RPR	MICRO
309	25428-4	3009261	Glucose [Presence] in Urine by Test strip	Glucose [Presence] in Urine by Test strip	UA
310	1960-4	3008152	Bicarbonate [Moles/volume] in Arterial blood	Bicarbonate [Moles/volume] in Arterial blood	Chem
311	2111-3	3011996	Choriogonadotropin.beta subunit [Moles/volume] in Serum or Plasma	Choriogonadotropin.beta subunit [Moles/volume] in Serum or Plasma	Chem
312	2039-6	3003785	Carcinoembryonic Ag [Mass/volume] in Serum or Plasma	Carcinoembryonic Ag [Mass/volume] in Serum or Plasma	Chem
313	2862-1	3028286	Albumin [Mass/volume] in Serum or Plasma by Electrophoresis	Albumin [Mass/volume] in Serum or Plasma by Electrophoresis	Chem
314	2871-2	3016520	Beta globulin [Mass/volume] in Serum or Plasma by Electrophoresis	Beta globulin [Mass/volume] in Serum or Plasma by Electrophoresis	Chem
315	2865-4	3015322	Alpha 1 globulin [Mass/volume] in Serum or Plasma by Electrophoresis	Alpha 1 globulin [Mass/volume] in Serum or Plasma by Electrophoresis	Chem
316	2868-8	3005229	Alpha 2 globulin [Mass/volume] in Serum or Plasma by Electrophoresis	Alpha 2 globulin [Mass/volume] in Serum or Plasma by Electrophoresis	Chem
317	18906-8	3023143	Ciprofloxacin [Susceptibility]	Ciprofloxacin [Susceptibility]	ABXBACT
318	14890-8	3005082	Progesterone [Moles/volume] in Serum or Plasma	Progesterone [Moles/volume] in Serum or Plasma	Chem
319	13950-1	3020316	Hepatitis A virus IgM Ab [Presence] in Serum or Plasma by Immunoassay	Hepatitis A virus IgM Ab [Presence] in Serum by Immunoassay	MICRO
320	28541-1	3002179	Metamyelocytes/Leukocytes in Blood	Metamyelocytes/100 leukocytes in Blood	HEM/BC
321	3936-2	3017509	Phencyclidine [Presence] in Urine	Phencyclidine [Presence] in Urine	DRUG/TOX
322	48159-8	3052023	Hepatitis C virus Ab Signal/Cutoff in Serum or Plasma by Immunoassay	Hepatitis C virus Ab Signal/Cutoff [Ratio] in Serum or Plasma by Immunoassay	MICRO
323	2874-6	3023465	Gamma globulin [Mass/volume] in Serum or Plasma by Electrophoresis	Gamma globulin [Mass/volume] in Serum or Plasma by Electrophoresis	Chem
324	31201-7	3035962	HIV 1+2 Ab [Presence] in Serum or Plasma by Immunoassay	HIV 1+2 Ab [Presence] in Serum by Immunoassay	MICRO
325	14914-6	3018301	Testosterone Free [Moles/volume] in Serum or Plasma	Testosterone Free [Moles/volume] in Serum or Plasma	Chem
326	58413-6	40761514	Nucleated erythrocytes/Leukocytes [Ratio] in Blood by Automated count	Nucleated erythrocytes/100 leukocytes [Ratio] in Blood by Automated count	HEM/BC
327	36903-3	3035800	Chlamydia trachomatis and Neisseria gonorrhoeae DNA [Identifier] in Specimen by NAA with probe detection	Chlamydia trachomatis+Neisseria gonorrhoeae DNA [Identifier] in Unspecified specimen by Probe & target amplification method	MICRO
328	580-1	3000494	Fungus identified in Specimen by Culture	Fungus identified in Unspecified specimen by Culture	MICRO
329	2692-2	3008295	Osmolality of Serum or Plasma	Osmolality of Serum or Plasma	Chem
330	18865-6	3013157	Ampicillin+Sulbactam [Susceptibility]	Ampicillin+Sulbactam [Susceptibility]	ABXBACT
331	18864-9	3009403	Ampicillin [Susceptibility]	Ampicillin [Susceptibility]	ABXBACT
332	14771-0	3018251	Fasting glucose [Moles/volume] in Serum or Plasma	Fasting glucose [Moles/volume] in Serum or Plasma	CHAL
333	635-3	3011298	Bacteria identified in Specimen by Anaerobe culture	Bacteria identified in Unspecified specimen by Anaerobe culture	MICRO
334	547-0	3024740	Streptococcus.beta-hemolytic [Presence] in Specimen by Organism specific culture	Streptococcus.beta-hemolytic [Presence] in Unspecified specimen by Organism specific culture	MICRO
335	5194-6	3022844	Hepatitis B virus surface Ab [Units/volume] in Serum by Radioimmunoassay (RIA)	Hepatitis B virus surface Ab [Units/volume] in Serum by Radioimmunoassay (RIA)	MICRO
336	18955-5	3004202	Nitrofurantoin [Susceptibility]	Nitrofurantoin [Susceptibility]	ABXBACT
337	18481-2	3033319	Streptococcus pyogenes Ag [Presence] in Throat	Streptococcus pyogenes Ag [Presence] in Throat	MICRO
338	14754-6	3020869	Glucose [Moles/volume] in Serum or Plasma --1 hour post 50 g glucose PO	Glucose [Moles/volume] in Serum or Plasma --1 hour post 50 g glucose PO	CHAL
339	12235-8	3038224	Microscopic observation [Identifier] in Urine sediment by Light microscopy	Microscopic observation [Identifier] in Urine sediment by Light microscopy	UA
340	7791-7	3000456	Dacrocytes [Presence] in Blood by Light microscopy	Dacrocytes [Presence] in Blood by Light microscopy	HEM/BC
341	14675-3	3036481	Cortisol [Moles/volume] in Serum or Plasma	Cortisol [Moles/volume] in Serum or Plasma	Chem
343	14611-8	3012537	Nuclear Ab pattern [Interpretation] in Serum	Nuclear Ab pattern [interpretation] in Serum	SERO
344	8099-4	3027238	Thyroperoxidase Ab [Units/volume] in Serum or Plasma	Thyroperoxidase Ab [Units/volume] in Serum or Plasma	SERO
345	5048-4	3002971	Nuclear Ab [Titer] in Serum by Immunofluorescence	Nuclear Ab [Titer] in Serum by Immunofluorescence	SERO
346	2524-7	3014111	Lactate [Moles/volume] in Serum or Plasma	Lactate [Moles/volume] in Serum or Plasma	Chem
347	763-3	3008939	Band form neutrophils [#/volume] in Blood by Manual count	Neutrophils.band form [#/volume] in Blood by Manual count	HEM/BC
348	30522-7	3010156	C reactive protein [Mass/volume] in Serum or Plasma by High sensitivity method	C reactive protein [Mass/volume] in Serum or Plasma by High sensitivity method	Chem
349	11156-7	3008757	Leukocyte morphology finding [Identifier] in Blood	Leukocyte morphology finding [Identifier] in Blood	HEM/BC
350	19000-9	3014271	Vancomycin [Susceptibility]	Vancomycin [Susceptibility]	ABXBACT
351	2335-8	3016251	Hemoglobin.gastrointestinal [Presence] in Stool	Hemoglobin.gastrointestinal [Presence] in Stool	Chem
352	6824-7	3015579	Color of Body fluid	Color of Body fluid	SPEC
353	24113-3	3022560	Hepatitis B virus core IgM Ab [Presence] in Serum or Plasma by Immunoassay	Hepatitis B virus core IgM Ab [Presence] in Serum by Immunoassay	MICRO
354	14578-9	3004333	ABO group [Type] in Blood from Blood product unit	ABO group [Type] in Blood from Blood product unit	BLDBK
355	14907-0	3008474	Rh [Type] in Blood from Blood product unit	Rh [Type] in Blood from Blood product unit	BLDBK
356	14877-5	3019779	Phenytoin [Moles/volume] in Serum or Plasma	Phenytoin [Moles/volume] in Serum or Plasma	DRUG/TOX
357	14698-5	3027456	Digoxin [Moles/volume] in Serum or Plasma	Digoxin [Moles/volume] in Serum or Plasma	DRUG/TOX
358	13965-9	3016724	Homocysteine [Moles/volume] in Serum or Plasma	Homocysteine [Moles/volume] in Serum or Plasma	Chem
359	55593-8	40758722	Creatinine [Moles/volume] in Urine collected for unspecified duration	Creatinine [Moles/volume] in unspecified time Urine	Chem
360	18893-8	3024521	cefTAZidime [Susceptibility]	Ceftazidime [Susceptibility]	ABXBACT
361	18970-4	3022324	Piperacillin+Tazobactam [Susceptibility]	Piperacillin+Tazobactam [Susceptibility]	ABXBACT
362	54218-3	40757349	CD3+CD4+ (T4 helper) cells/CD3+CD8+ (T8 suppressor cells) cells [# Ratio] in Blood	CD3+CD4+ (T4 helper) cells/CD3+CD8+ (T8 suppressor cells) cells [# Ratio] in Blood	CELLMARK
363	800-3	3019880	Schistocytes [Presence] in Blood by Light microscopy	Schistocytes [Presence] in Blood by Light microscopy	HEM/BC
364	21198-7	3038136	Choriogonadotropin.beta subunit [Units/volume] in Serum or Plasma	Choriogonadotropin.beta subunit [Units/volume] in Serum or Plasma	Chem
365	14719-9	3020191	Ethanol [Moles/volume] in Serum or Plasma	Ethanol [Moles/volume] in Serum or Plasma	DRUG/TOX
366	22763-7	3036887	Ammonia [Mass/volume] in Plasma	Ammonia [Mass/volume] in Plasma	Chem
367	16362-6	3011958	Ammonia [Moles/volume] in Plasma	Ammonia [Moles/volume] in Plasma	Chem
368	3426-4	3028064	Tetrahydrocannabinol [Presence] in Urine	Tetrahydrocannabinol [Presence] in Urine	DRUG/TOX
369	26487-9	3038104	Monocytes/Leukocytes in Body fluid	Monocytes/100 leukocytes in Body fluid	HEM/BC
370	11031-2	3028079	Lymphocytes/Leukocytes in Body fluid	Lymphocytes/100 leukocytes in Body fluid	HEM/BC
371	749-2	3018229	Myelocytes/Leukocytes in Blood by Manual count	Myelocytes/100 leukocytes in Blood by Manual count	HEM/BC
372	18932-4	3019445	Imipenem [Susceptibility]	Imipenem [Susceptibility]	ABXBACT
373	18943-1	3009196	Meropenem [Susceptibility]	Meropenem [Susceptibility]	ABXBACT
374	32673-6	3029790	Creatine kinase.MB [Enzymatic activity/volume] in Serum or Plasma	Creatine kinase.MB [Enzymatic activity/volume] in Serum or Plasma	Chem
375	22322-2	3017797	Hepatitis B virus surface Ab [Presence] in Serum	Hepatitis B virus surface Ab [Presence] in Serum	MICRO
376	13655-6	3014441	Leukocytes [Presence] in Stool by Light microscopy	Leukocytes [Presence] in Stool by Light microscopy	HEM/BC
377	8123-2	3014037	CD3+CD4+ (T4 helper) cells/cells in Blood	CD3+CD4+ (T4 helper) cells/100 cells in Blood	CELLMARK
378	26498-6	3017181	Myelocytes/Leukocytes in Blood	Myelocytes/100 leukocytes in Blood	HEM/BC
379	19162-7	3022386	Varicella zoster virus IgG Ab [Presence] in Serum	Varicella zoster virus IgG Ab [Presence] in Serum	MICRO
380	18879-7	3006072	Cefepime [Susceptibility]	Cefepime [Susceptibility]	ABXBACT
381	5783-6	3026978	Unidentified crystals [Presence] in Urine sediment by Light microscopy	Unidentified crystals [Presence] in Urine sediment by Light microscopy	UA
382	39797-6	3039257	Vancomycin [Moles/volume] in Serum or Plasma --trough	Vancomycin [Moles/volume] in Serum or Plasma --trough	DRUG/TOX
382	4092-3	3018920	Vancomycin [Mass/volume] in Serum or Plasma --trough	Vancomycin [Mass/volume] in Serum or Plasma --trough	DRUG/TOX
383	8124-0	3022533	CD3 cells/cells in Blood	CD3 cells/100 cells in Blood	CELLMARK
384	31017-7	3019050	Tissue transglutaminase IgA Ab [Units/volume] in Serum	Tissue transglutaminase IgA Ab [Units/volume] in Serum	SERO
385	3150-0	3020716	Inhaled oxygen concentration	Inhaled oxygen concentration	CLIN
386	1834-1	3009306	Alpha-1-Fetoprotein [Mass/volume] in Serum or Plasma	Alpha-1-Fetoprotein [Mass/volume] in Serum or Plasma	Chem
387	3167-4	3012565	Volume of 24 hour Urine	Volume of 24 hour Urine	SPEC
388	18895-3	3025361	cefTRIAXone [Susceptibility]	Ceftriaxone [Susceptibility]	ABXBACT
389	1925-7	3003396	Base excess in Arterial blood by calculation	Base excess in Arterial blood	Chem
390	1990-1	3027361	Cholecalciferol (Vit D3) [Mass/volume] in Serum or Plasma	Cholecalciferol (Vit D3) [Mass/volume] in Serum or Plasma	Chem
391	47094-8	3051595	Calciferol (Vit D2) [Moles/volume] in Serum or Plasma	Calciferol (Vit D2) [Moles/volume] in Serum or Plasma	Chem
392	14796-7	3016523	Insulin [Moles/volume] in Serum or Plasma	Insulin [Moles/volume] in Serum or Plasma	Chem
393	18993-6	3023753	Tetracycline [Susceptibility]	Tetracycline [Susceptibility]	ABXBACT
394	17790-7	3005804	Leukocytes Left Shift [Presence] in Blood by Automated count	Leukocytes Left Shift [Presence] in Blood by Automated count	HEM/BC
395	13955-0	3013801	Hepatitis C virus Ab [Presence] in Serum or Plasma by Immunoassay	Hepatitis C virus Ab [Presence] in Serum by Immunoassay	MICRO
396	18996-9	3002661	Tobramycin [Susceptibility]	Tobramycin [Susceptibility]	ABXBACT
397	8101-8	3007449	CD3+CD8+ (T8 suppressor) cells/cells in Blood	CD3+CD8+ (T8 suppressor cells) cells/100 cells in Blood	CELLMARK
398	13451-0	3006563	Creatinine dialysis fluid clearance	Creatinine dialysis fluid clearance	Chem
399	1305-2	3010483	D Ag [Presence] in Blood	D Ag [Presence] in Blood	BLDBK
400	5130-0	3023420	DNA double strand Ab [Units/volume] in Serum	DNA double strand Ab [Units/volume] in Serum	SERO
402	14581-3	3020485	Acetaminophen [Moles/volume] in Serum or Plasma	Acetaminophen [Moles/volume] in Serum or Plasma	DRUG/TOX
403	14895-7	3038222	Protein Fractions [Interpretation] in Serum or Plasma by Immunofixation	Protein Fractions [interpretation] in Serum or Plasma by Immunofixation	Chem
404	18886-2	3027141	Cefotaxime [Susceptibility]	Cefotaxime [Susceptibility]	ABXBACT
406	35492-8	3033966	Methicillin resistant Staphylococcus aureus (MRSA) DNA [Presence] in Specimen by NAA with probe detection	Methicillin resistant Staphylococcus aureus (MRSA) DNA [Presence] by Probe & target amplification method	ABXBACT
408	14946-8	3009466	Valproate [Moles/volume] in Serum or Plasma	Valproate [Moles/volume] in Serum or Plasma	DRUG/TOX
410	34148-7	3044883	Borrelia burgdorferi IgG+IgM Ab [Units/volume] in Serum	Borrelia burgdorferi IgG+IgM Ab [Units/volume] in Serum	MICRO
411	18969-6	3027013	Piperacillin [Susceptibility]	Piperacillin [Susceptibility]	ABXBACT
412	2955-3	3003181	Sodium [Moles/volume] in Urine	Sodium [Moles/volume] in Urine	Chem
413	10381-2	3025616	Target cells [Presence] in Blood by Light microscopy	Target cells [Presence] in Blood by Light microscopy	HEM/BC
414	18860-7	3019137	Amikacin [Susceptibility]	Amikacin [Susceptibility]	ABXBACT
415	12238-2	3019947	Neutrophils/Leukocytes in Body fluid by Manual count	Neutrophils/100 leukocytes in Body fluid by Manual count	HEM/BC
416	8098-6	3025547	Thyroglobulin Ab [Units/volume] in Serum or Plasma	Thyroglobulin Ab [Units/volume] in Serum or Plasma	SERO
417	3773-9	3036180	Methadone [Presence] in Urine	Methadone [Presence] in Urine	DRUG/TOX
418	26452-3	3021453	Eosinophils/Leukocytes in Body fluid	Eosinophils/100 leukocytes in Body fluid	HEM/BC
419	18961-3	3004705	Oxacillin [Susceptibility]	Oxacillin [Susceptibility]	ABXBACT
420	10352-3	3018069	Bacteria identified in Genital specimen by Aerobe culture	Bacteria identified in Genital specimen by Aerobe culture	MICRO
421	4073-3	3025478	Tricyclic antidepressants [Presence] in Serum or Plasma	Tricyclic antidepressants [Presence] in Serum or Plasma	DRUG/TOX
422	1006-6	3021888	Direct antiglobulin test.IgG specific reagent [Interpretation] on Red Blood Cells	Direct antiglobulin test.IgG specific reagent [interpretation] on Red Blood Cells	BLDBK
423	31160-5	3024557	Granulocytes/Leukocytes in Blood by Manual count	Polymorphonuclear cells/100 leukocytes in Blood by Manual count	HEM/BC
424	7790-9	3005854	Burr cells [Presence] in Blood by Light microscopy	Burr cells [Presence] in Blood by Light microscopy	HEM/BC
425	543-9	3005702	Mycobacterium sp identified in Specimen by Organism specific culture	Mycobacterium sp identified in Unspecified specimen by Organism specific culture	MICRO
426	20564-1	3013502	Oxygen saturation in Blood	Oxygen saturation in Blood	HEMODYN.MOLEC
427	8122-4	3011412	CD3 cells [#/volume] in Blood	CD3 cells [#/volume] in Blood	CELLMARK
428	21667-1	3009055	F5 gene mutations found [Identifier] in Blood or Tissue by Molecular genetics method Nominal	F5 gene mutations found [Identifier] in Blood or Tissue by Molecular genetics method Nominal	MOLPATH.MUT
429	584-3	3020321	Streptococcus agalactiae [Presence] in Vaginal fluid by Organism specific culture	Streptococcus agalactiae [Presence] in Vaginal fluid by Organism specific culture	MICRO
430	10334-1	3037551	Cancer Ag 125 [Units/volume] in Serum or Plasma	Cancer Ag 125 [Units/volume] in Serum or Plasma	Chem
431	34713-8	3032068	Clostridioides difficile toxin A+B [Presence] in Stool	Clostridium difficile toxin A+B [Presence] in Stool	MICRO
432	26510-8	3017161	Band form neutrophils/Leukocytes in Body fluid	Neutrophils.band form/100 leukocytes in Body fluid	HEM/BC
433	8246-1	3007350	Amorphous sediment [Presence] in Urine sediment by Light microscopy	Amorphous sediment [Presence] in Urine sediment by Light microscopy	UA
434	18919-1	3000661	Erythromycin [Susceptibility]	Erythromycin [Susceptibility]	ABXBACT
435	26455-6	3010910	Erythrocytes [#/volume] in Body fluid	Erythrocytes [#/volume] in Body fluid	HEM/BC
436	4485-9	3000620	Complement C3 [Mass/volume] in Serum or Plasma	Complement C3 [Mass/volume] in Serum or Plasma	HEM/BC
437	4498-2	3017766	Complement C4 [Mass/volume] in Serum or Plasma	Complement C4 [Mass/volume] in Serum or Plasma	HEM/BC
438	57845-0	40760954	Leukocytes [#/volume] in Body fluid by Automated count	Leukocytes [#/volume] in Body fluid by Automated count	HEM/BC
439	5176-3	3027491	Helicobacter pylori IgG Ab [Units/volume] in Serum by Immunoassay	Helicobacter pylori IgG Ab [Units/volume] in Serum by Immunoassay	MICRO
440	16128-1	3017143	Hepatitis C virus Ab [Presence] in Serum	Hepatitis C virus Ab [Presence] in Serum	MICRO
441	14135-8	3001405	CD3+CD8+ (T8 suppressor) cells [#/volume] in Blood	CD3+CD8+ (T8 suppressor cells) cells [#/volume] in Blood	CELLMARK
442	7918-6	3011325	HIV 1+2 Ab [Presence] in Serum	HIV 1+2 Ab [Presence] in Serum	MICRO
443	19312-8	3006006	Tricyclic antidepressants [Presence] in Urine by Screen method	Tricyclic antidepressants [Presence] in Urine by Screen method	DRUG/TOX
444	18908-4	3019813	Clindamycin [Susceptibility]	Clindamycin [Susceptibility]	ABXBACT
445	14684-5	3014724	Creatinine [Moles/time] in 24 hour Urine	Creatinine [Moles/time] in 24 hour Urine	Chem
446	13518-6	3022343	Variant lymphocytes/Leukocytes in Body fluid by Manual count	Lymphocytes Variant/100 leukocytes in Body fluid by Manual count	HEM/BC
447	12179-8	3008839	Basophils/Leukocytes in Body fluid by Manual count	Basophils/100 leukocytes in Body fluid by Manual count	HEM/BC
448	6864-3	3017974	Hemoglobin S [Presence] in Blood by Solubility test	Hemoglobin S [Presence] in Blood by Solubility test	HEM/BC
449	49563-0	3032971	Troponin I.cardiac [Mass/volume] in Serum or Plasma by Detection limit <= 0.01 ng/mL	Troponin I.cardiac [Mass/volume] in Serum or Plasma by Detection limit = 0.01 ng/mL	Chem
450	33255-1	3046876	Cell Fractions/Differential [Interpretation] in Blood	Cell Fractions/Differential [interpretation] in Blood	HEM/BC
451	2708-6	3016502	Oxygen saturation in Arterial blood	Oxygen saturation in Arterial blood	Chem
452	5209-2	3036557	Herpes simplex virus 2 IgG Ab [Units/volume] in Serum by Immunoassay	Herpes simplex virus 2 IgG Ab [Units/volume] in Serum by Immunoassay	MICRO
453	18964-7	3025242	Penicillin [Susceptibility]	Penicillin [Susceptibility]	ABXBACT
454	18868-0	3014601	Aztreonam [Susceptibility]	Aztreonam [Susceptibility]	ABXBACT
455	1863-0	3037278	Anion gap in Serum or Plasma by Calculated.4Ions	Anion gap 4 in Serum or Plasma	Chem
457	19994-3	3024882	Oxygen/Total gas setting [Volume Fraction] Ventilator	Oxygen/Inspired gas setting [Volume Fraction] Ventilator	PULM
460	21654-9	3019398	CFTR gene mutations found [Identifier] in Blood or Tissue by Molecular genetics method Nominal	CFTR gene mutations found [Identifier] in Blood or Tissue by Molecular genetics method Nominal	MOLPATH.MUT
464	14909-6	3017950	Salicylates [Moles/volume] in Serum or Plasma	Salicylates [Moles/volume] in Serum or Plasma	DRUG/TOX
465	70200-1	42868674	Cholesterol in HDL/Cholesterol.total [Molar ratio] in Serum or Plasma	Cholesterol in HDL/Cholesterol.total [Molar ratio] in Serum or Plasma	Chem
466	19113-0	3005322	IgE [Units/volume] in Serum or Plasma	IgE [Units/volume] in Serum	Chem
467	12232-5	3003030	Measles virus Ag [Presence] in Specimen by Immunofluorescence	Measles virus Ag [Presence] in Unspecified specimen by Immunofluorescence	MICRO
468	14688-6	3016616	Dehydroepiandrosterone sulfate (DHEA-S) [Moles/volume] in Serum or Plasma	Dehydroepiandrosterone sulfate (DHEA-S) [Moles/volume] in Serum or Plasma	Chem
469	625-4	3025941	Bacteria identified in Stool by Culture	Bacteria identified in Stool by Culture	MICRO
470	24475-6	3025008	F2 gene c.20210G>A [Genotype] in Blood or Tissue by Molecular genetics method Nominal	F2 gene p.G20210A [Presence] in Blood or Tissue by Molecular genetics method	MOLPATH.MUT
471	30318-0	3021800	Base deficit in Blood	Base deficit in Blood	Chem
472	743-5	3034107	Monocytes [#/volume] in Blood by Manual count	Monocytes [#/volume] in Blood by Manual count	HEM/BC
473	5569-9	3019518	Acetone [Presence] in Urine	Acetone [Presence] in Urine	DRUG/TOX
474	3520-4	3010375	cycloSPORINE [Mass/volume] in Blood	Cyclosporine [Mass/volume] in Blood	DRUG/TOX
475	32693-4	3047181	Lactate [Moles/volume] in Blood	Lactate [Moles/volume] in Blood	Chem
476	48065-7	3051714	Fibrin D-dimer FEU [Mass/volume] in Platelet poor plasma	Fibrin D-dimer FEU [Mass/volume] in Platelet poor plasma	COAG
477	2110-5	3011149	Choriogonadotropin.beta subunit [Presence] in Serum or Plasma	Choriogonadotropin.beta subunit (pregnancy test) [Presence] in Serum or Plasma	Chem
478	13952-7	3036282	Hepatitis B virus core Ab [Presence] in Serum or Plasma by Immunoassay	Hepatitis B virus core Ab [Presence] in Serum by Immunoassay	MICRO
479	610-6	3016114	Bacteria identified in Body fluid by Aerobe culture	Bacteria identified in Body fluid by Aerobe culture	MICRO
480	5403-1	3023895	Varicella zoster virus IgG Ab [Units/volume] in Serum by Immunoassay	Varicella zoster virus IgG Ab [Units/volume] in Serum by Immunoassay	MICRO
481	803-7	3004381	Toxic granules [Presence] in Blood by Light microscopy	Toxic granules [Presence] in Blood by Light microscopy	HEM/BC
482	33358-3	3046299	Protein.monoclonal [Mass/volume] in Serum or Plasma by Electrophoresis	Protein.monoclonal [Mass/volume] in Serum or Plasma by Electrophoresis	Chem
483	65633-0	40768325	Hepatitis B virus surface Ag [Presence] in Serum or Plasma by Confirmatory method	Hepatitis B virus surface Ag [Presence] in Serum by Confirmatory method	MICRO
484	10524-7	3025378	Microscopic observation [Identifier] in Cervix by Cyto stain	Microscopic observation [Identifier] in Cervix by Cyto stain	CYTO
485	29247-4	3021374	Sirolimus [Mass/volume] in Blood	Sirolimus [Mass/volume] in Blood	DRUG/TOX
486	739-3	3012392	Metamyelocytes [#/volume] in Blood by Manual count	Metamyelocytes [#/volume] in Blood by Manual count	HEM/BC
487	2889-4	3020876	Protein [Mass/time] in 24 hour Urine	Protein [Mass/time] in 24 hour Urine	Chem
488	18887-0	3028521	cefoTEtan [Susceptibility]	Cefotetan [Susceptibility]	ABXBACT
489	10335-8	3038077	Color of Cerebral spinal fluid	Color of Cerebral spinal fluid	SPEC
490	39778-6			Iron/Iron binding capacity.total [Molar ratio] in Serum or Plasma	Chem
491	30089-7	3035851	Transitional cells [#/area] in Urine sediment by Microscopy high power field	Transitional cells [#/area] in Urine sediment by Microscopy high power field	UA
492	20761-3	3013754	Clostridioides difficile [Presence] in Stool by Agglutination	Clostridium difficile [Presence] in Stool by Agglutination	MICRO
493	2828-2	3016038	Potassium [Moles/volume] in Urine	Potassium [Moles/volume] in Urine	Chem
494	29891-9	3011630	Helicobacter pylori [Presence] in Stomach by urea breath test	Helicobacter pylori [Presence] in Stomach by urea breath test	MICRO
495	19107-2	3005048	Histoplasma capsulatum Ag [Units/volume] in Serum by Radioimmunoassay (RIA)	Histoplasma capsulatum Ag [Units/volume] in Serum by Radioimmunoassay (RIA)	MICRO
496	2639-3	3005895	Myoglobin [Mass/volume] in Serum or Plasma	Myoglobin [Mass/volume] in Serum or Plasma	Chem
497	5028-6	3010854	Neisseria gonorrhoeae rRNA [Presence] in Specimen by Probe	Neisseria gonorrhoeae rRNA [Presence] in Unspecified specimen by DNA probe	MICRO
498	1922-4	3023548	Base deficit in Arterial blood	Base deficit in Arterial blood	Chem
499	48058-2	3052716	Fibrin D-dimer [Mass/volume] in Platelet poor plasma by Immunoassay.DDU	Fibrin D-dimer DDU [Mass/volume] in Platelet poor plasma by Immunoassay	COAG
500	35365-6	3037334	Vitamin D+Metabolites [Mass/volume] in Serum or Plasma	Vitamin D+Metabolites [Mass/volume] in Serum or Plasma	Chem
501	772-4	3006135	Nucleated erythrocytes [#/volume] in Blood by Manual count	Nucleated erythrocytes [#/volume] in Blood by Manual count	HEM/BC
502	806-0	3023694	Leukocytes [#/volume] in Cerebral spinal fluid by Manual count	Leukocytes [#/volume] in Cerebral spinal fluid by Manual count	HEM/BC
503	14566-4	3011391	Calcitriol [Moles/volume] in Serum or Plasma	Calcitriol [Moles/volume] in Serum or Plasma	Chem
504	3181-5	3009041	Cardiolipin IgG Ab [Units/volume] in Serum by Immunoassay	Cardiolipin IgG Ab [Units/volume] in Serum by Immunoassay	COAG
505	3182-3	3015813	Cardiolipin IgM Ab [Units/volume] in Serum by Immunoassay	Cardiolipin IgM Ab [Units/volume] in Serum by Immunoassay	COAG
506	4546-8	3020428	Hemoglobin A/Hemoglobin.total in Blood	Hemoglobin A/Hemoglobin.total in Blood	HEM/BC
507	49541-6			Fasting status [Presence] - Reported	MISC
508	4576-5	3018738	Hemoglobin F/Hemoglobin.total in Blood	Hemoglobin F/Hemoglobin.total in Blood	HEM/BC
509	2890-2	3001582	Protein/Creatinine [Mass Ratio] in Urine	Protein/Creatinine [Mass ratio] in Urine	Chem
510	33935-8	3030367	Cyclic citrullinated peptide IgG Ab [Units/volume] in Serum or Plasma	Cyclic citrullinated peptide IgG Ab [Units/volume] in Serum	SERO
511	16935-9	3023421	Hepatitis B virus surface Ab [Units/volume] in Serum	Hepatitis B virus surface Ab [Units/volume] in Serum	MICRO
512	5193-8	3013731	Hepatitis B virus surface Ab [Units/volume] in Serum or Plasma by Immunoassay	Hepatitis B virus surface Ab [Units/volume] in Serum by Immunoassay	MICRO
513	20399-2	3038049	Nucleolar nuclear Ab pattern [Titer] in Serum	Nuclear Ab pattern.nucleolar [Titer] in Serum	SERO
514	25145-4	3004562	Bacteria [Presence] in Urine sediment by Light microscopy	Bacteria [Presence] in Urine sediment by Light microscopy	UA
515	24467-3	3028167	CD3+CD4+ (T4 helper) cells [#/volume] in Blood	CD3+CD4+ (T4 helper) cells [#/volume] in Blood	CELLMARK
516	33762-6	3029187	Natriuretic peptide.B prohormone N-Terminal [Mass/volume] in Serum or Plasma	Natriuretic peptide.B prohormone [Mass/volume] in Serum or Plasma	Chem
517	48066-5	3048530	Fibrin D-dimer DDU [Mass/volume] in Platelet poor plasma	Fibrin D-dimer DDU [Mass/volume] in Platelet poor plasma	COAG
518	4625-0	3005081	Hemoglobin S/Hemoglobin.total in Blood	Hemoglobin S/Hemoglobin.total in Blood	HEM/BC
519	2746-6	3012544	pH of Venous blood	pH of Venous blood	Chem
520	3376-1	3003132	Barbiturates [Presence] in Serum, Plasma or Blood	Barbiturates [Presence] in Serum, Plasma or Blood	DRUG/TOX
521	546-2	3024135	Streptococcus.beta-hemolytic [Presence] in Throat by Organism specific culture	Streptococcus.beta-hemolytic [Presence] in Throat by Organism specific culture	MICRO
522	21484-1			Mother's race	CLIN
523	2021-4	3021447	Carbon dioxide [Partial pressure] in Venous blood	Carbon dioxide [Partial pressure] in Venous blood	Chem
524	30446-9	3021120	Myelocytes [#/volume] in Blood	Myelocytes [#/volume] in Blood	HEM/BC
525	748-4	3017680	Myelocytes [#/volume] in Blood by Manual count	Myelocytes [#/volume] in Blood by Manual count	HEM/BC
526	17898-8	3035740	Bacteria identified in Throat by Aerobe culture	Bacteria identified in Throat by Aerobe culture	MICRO
527	673-4	3012744	Ova and parasites identified in Specimen by Light microscopy	Microscopic observation [Identifier] in Unspecified specimen by Ova & Parasite Preparation	MICRO
528	5064-1	3035695	Borrelia burgdorferi IgM Ab [Units/volume] in Serum by Immunoassay	Borrelia burgdorferi IgM Ab [Units/volume] in Serum by Immunoassay	MICRO
529	32998-7	3046870	Tissue transglutaminase IgG Ab [Units/volume] in Serum	Tissue transglutaminase IgG Ab [Units/volume] in Serum	SERO
530	56537-4	40759657	Tissue transglutaminase IgG Ab [Units/volume] in Serum by Immunoassay	Tissue transglutaminase IgG Ab [Units/volume] in Serum by Immunoassay	SERO
531	11011-4	3018447	Hepatitis C virus RNA [Units/volume] (viral load) in Serum or Plasma by NAA with probe detection	Hepatitis C virus RNA [Units/volume] (viral load) in Serum or Plasma by Probe & target amplification method	MICRO
532	12841-3	3001784	Prostate Specific Ag Free/Prostate specific Ag.total in Serum or Plasma	Prostate Specific Ag Free/Prostate specific Ag.total in Serum or Plasma	Chem
533	11006-4	3004072	Borrelia burgdorferi Ab [Presence] in Serum	Borrelia burgdorferi Ab [Presence] in Serum	MICRO
534	2880-3	3019473	Protein [Mass/volume] in Cerebral spinal fluid	Protein [Mass/volume] in Cerebral spinal fluid	Chem
535	33944-0	3047169	Lambda light chains.free [Mass/volume] in Serum or Plasma	Immunoglobulin light chains.lambda.free [Mass/volume] in Serum or Plasma	Chem
536	3389-4	3012728	Benzodiazepines [Presence] in Serum or Plasma	Benzodiazepines [Presence] in Serum or Plasma	DRUG/TOX
537	5206-8	3001038	Herpes simplex virus 1 IgG Ab [Units/volume] in Serum by Immunoassay	Herpes simplex virus 1 IgG Ab [Units/volume] in Serum by Immunoassay	MICRO
538	19066-0			Blood bank comment	BLDBK
539	48803-1	3048541	Neural tube defect risk [Likelihood] in Fetus	Neural tube defect risk in Fetus	Chem
540	4563-3	3001258	Hemoglobin C/Hemoglobin.total in Blood	Hemoglobin C/Hemoglobin.total in Blood	HEM/BC
541	49049-0			Collection time of Unspecified specimen	SPEC
542	13503-8	3012404	Borrelia burgdorferi IgM band pattern [Interpretation] in Serum by Immunoblot	Borrelia burgdorferi Ab.IgM band pattern [interpretation] in Serum by Immunoblot (IB)	MICRO
543	14725-6	3020845	[Type] of Body fluid	[Type] of Body fluid	SPEC
544	21299-3	3007259	Gestational age method	Gestational age method	OB.US
545	4545-0	3019909	Hematocrit [Volume Fraction] of Blood by Centrifugation	Hematocrit [Volume Fraction] of Blood by Centrifugation	HEM/BC
547	10362-2	3016278	Endomysium IgA Ab [Presence] in Serum	Endomysium IgA Ab [Presence] in Serum	SERO
549	18862-3	3035366	Amoxicillin+Clavulanate [Susceptibility]	Amoxicillin+Clavulanate [Susceptibility]	ABXBACT
550	14744-7	3020044	Glucose [Moles/volume] in Cerebral spinal fluid	Glucose [Moles/volume] in Cerebral spinal fluid	Chem
551	18965-4	3024831	Penicillin G [Susceptibility]	Penicillin G [Susceptibility]	ABXBACT
552	9587-7	3025619	Borrelia burgdorferi 41kD IgM Ab [Presence] in Serum by Immunoblot	Borrelia burgdorferi 41kD IgM Ab [Presence] in Serum by Immunoblot (IB)	MICRO
553	18390-5	3023562	Opiates [Presence] in Urine by Confirmatory method	Opiates [Presence] in Urine by Confirmatory method	DRUG/TOX
554	10886-0	3005013	Prostate Specific Ag Free [Mass/volume] in Serum or Plasma	Prostate Specific Ag Free [Mass/volume] in Serum or Plasma	Chem
555	14196-0	3023520	Reticulocytes [#/volume] in Blood	Reticulocytes [#/volume] in Blood	HEM/BC
556	2695-5	3026782	Osmolality of Urine	Osmolality of Urine	Chem
557	42481-2	3032545	Human papilloma virus 6+11+42+43+44 DNA [Presence] in Cervix by Probe with signal amplification	Human papilloma virus 6+11+42+43+44 DNA [Presence] in Cervix by Probe & signal amplification method	MICRO
558	13951-9	3035456	Hepatitis A virus Ab [Presence] in Serum by Immunoassay	Hepatitis A virus Ab [Presence] in Serum by Immunoassay	MICRO
559	13502-0	3021532	Borrelia burgdorferi IgG band pattern [Interpretation] in Serum by Immunoblot	Borrelia burgdorferi Ab.IgG band pattern [interpretation] in Serum by Immunoblot (IB)	MICRO
560	11090-8	3016921	Smith extractable nuclear Ab [Units/volume] in Serum	Smith extractable nuclear Ab [Units/volume] in Serum	SERO
561	606-4	3016914	Bacteria identified in Cerebral spinal fluid by Culture	Bacteria identified in Cerebral spinal fluid by Culture	MICRO
562	6561-5	3011981	Treponema pallidum IgG Ab [Presence] in Serum	Treponema pallidum IgG Ab [Presence] in Serum	MICRO
563	47238-1	3051954	Treponema pallidum IgG Ab [Presence] in Serum by Immunoassay	Treponema pallidum IgG Ab [Presence] in Serum by Immunoassay	MICRO
564	18185-9	3012266	Gestational age	Gestational age	OB.US
565	9597-6	3010980	Borrelia burgdorferi 93kD IgG Ab [Presence] in Serum by Immunoblot	Borrelia burgdorferi 93kD IgG Ab [Presence] in Serum by Immunoblot (IB)	MICRO
566	31418-7	3033533	Heterophile Ab [Presence] in Serum	Heterophile Ab [Presence] in Serum	MICRO
567	17792-3	3023939	Sjogrens syndrome-A extractable nuclear Ab [Units/volume] in Serum	Sjogrens syndrome-A extractable nuclear Ab [Units/volume] in Serum	SERO
568	11004-9	3017013	Tricyclic antidepressants [Presence] in Urine	Tricyclic antidepressants [Presence] in Urine	DRUG/TOX
569	17791-5	3027450	Sjogrens syndrome-B extractable nuclear Ab [Units/volume] in Serum	Sjogrens syndrome-B extractable nuclear Ab [Units/volume] in Serum	SERO
570	9593-5	3026535	Borrelia burgdorferi 41kD IgG Ab [Presence] in Serum by Immunoblot	Borrelia burgdorferi 41kD IgG Ab [Presence] in Serum by Immunoblot (IB)	MICRO
571	9590-1	3021767	Borrelia burgdorferi 28kD IgG Ab [Presence] in Serum by Immunoblot	Borrelia burgdorferi 28kD IgG Ab [Presence] in Serum by Immunoblot (IB)	MICRO
572	9594-3	3012830	Borrelia burgdorferi 45kD IgG Ab [Presence] in Serum by Immunoblot	Borrelia burgdorferi 45kD IgG Ab [Presence] in Serum by Immunoblot (IB)	MICRO
573	9589-3	3026699	Borrelia burgdorferi 23kD IgG Ab [Presence] in Serum by Immunoblot	Borrelia burgdorferi 23kD IgG Ab [Presence] in Serum by Immunoblot (IB)	MICRO
574	9591-9	3025787	Borrelia burgdorferi 30kD IgG Ab [Presence] in Serum by Immunoblot	Borrelia burgdorferi 30kD IgG Ab [Presence] in Serum by Immunoblot (IB)	MICRO
575	9592-7	3025396	Borrelia burgdorferi 39kD IgG Ab [Presence] in Serum by Immunoblot	Borrelia burgdorferi 39kD IgG Ab [Presence] in Serum by Immunoblot (IB)	MICRO
576	9599-2	3020816	Borrelia burgdorferi 39kD IgM Ab [Presence] in Serum by Immunoblot	Borrelia burgdorferi 39kD IgM Ab [Presence] in Serum by Immunoblot (IB)	MICRO
577	9598-4	3014671	Borrelia burgdorferi 23kD IgM Ab [Presence] in Serum by Immunoblot	Borrelia burgdorferi 23kD IgM Ab [Presence] in Serum by Immunoblot (IB)	MICRO
578	9595-0	3027354	Borrelia burgdorferi 58kD IgG Ab [Presence] in Serum by Immunoblot	Borrelia burgdorferi 58kD IgG Ab [Presence] in Serum by Immunoblot (IB)	MICRO
579	9596-8	3013556	Borrelia burgdorferi 66kD IgG Ab [Presence] in Serum by Immunoblot	Borrelia burgdorferi 66kD IgG Ab [Presence] in Serum by Immunoblot (IB)	MICRO
580	47000-5	3053189	Candida sp rRNA [Presence] in Vaginal fluid by Probe	Candida sp rRNA [Presence] in Vaginal fluid by DNA probe	MICRO
581	9588-5	3012152	Borrelia burgdorferi 18kD IgG Ab [Presence] in Serum by Immunoblot	Borrelia burgdorferi 18kD IgG Ab [Presence] in Serum by Immunoblot (IB)	MICRO
582	44357-2	3045331	Galactomannan Ag [Units/volume] in Serum or Plasma by Immunoassay	Galactomannan Ag [Units/volume] in Serum or Plasma by Immunoassay	MICRO
583	6410-5	3013531	Gardnerella vaginalis rRNA [Presence] in Genital specimen by Probe	Gardnerella vaginalis rRNA [Presence] in Genital specimen by DNA probe	MICRO
584	6568-0	3006457	Trichomonas vaginalis rRNA [Presence] in Genital specimen by Probe	Trichomonas vaginalis rRNA [Presence] in Genital specimen by DNA probe	MICRO
585	14564-9	3024622	Hemoglobin.gastrointestinal [Presence] in Stool --2nd specimen	Hemoglobin.gastrointestinal [Presence] in Stool --2nd specimen	Chem
586	2164-2	3005770	Creatinine renal clearance in 24 hour Urine and Serum or Plasma	Creatinine renal clearance in 24 hour	Chem
587	43371-4	3042645	Salmonella and Shigella sp identified in Stool by Organism specific culture	Salmonella sp/Shigella sp identified in Stool by Organism specific culture	MICRO
588	6331-3	3013978	Campylobacter sp identified in Stool by Organism specific culture	Campylobacter sp identified in Stool by Organism specific culture	MICRO
589	21262-1	3020489	Escherichia coli shiga-like toxin [Presence] in Stool by Immunoassay	Escherichia coli shiga-like [Presence] in Stool by Immunoassay	MICRO
590	29374-6	3006999	Ribonucleoprotein extractable nuclear Ab [Units/volume] in Serum	Ribonucleoprotein extractable nuclear Ab [Units/volume] in Serum	SERO
591	9335-1	3014429	Appearance of Body fluid	Appearance of Body fluid	SPEC
592	19157-7	3024898	Tube number of Cerebral spinal fluid	Tube number of Cerebral spinal fluid	SPEC
593	29463-7	3025315	Body weight	Body weight	BDYWGT.ATOM
594	36916-5	3034860	Kappa light chains.free [Mass/volume] in Serum	Immunoglobulin light chains.kappa.free [Mass/volume] in Serum	Chem
595	15189-4	3007778	Kappa light chains/Lambda light chains [Mass Ratio] in Serum	Immunoglobulin light chains.kappa/Immunoglobulin light chains.lambda [Mass ratio] in Serum	Chem
596	70209-2	42868683	Haptoglobin [Moles/volume] in Serum or Plasma	Haptoglobin [Moles/volume] in Serum or Plasma	HEM/BC
597	15120-9	3016106	Ethanol [Moles/volume] in Blood	Ethanol [Moles/volume] in Blood	DRUG/TOX
598	19993-5	3025524	Oxygen/Gas total Inhaled gas by Gas dilution.rebreath	Oxygen/Inspired gas Inhaled gas by Gas dilution.rebreath	PULM
599	6420-4	3016410	Helicobacter pylori IgA Ab [Units/volume] in Serum by Immunoassay	Helicobacter pylori IgA Ab [Units/volume] in Serum by Immunoassay	MICRO
600	14565-6	3011473	Hemoglobin.gastrointestinal [Presence] in Stool --3rd specimen	Hemoglobin.gastrointestinal [Presence] in Stool --3rd specimen	Chem
601	17842-6	3013520	Cancer Ag 27-29 [Units/volume] in Serum or Plasma	Cancer Ag 27-29 [Units/volume] in Serum or Plasma	Chem
602	32515-9	3001694	CD3+CD4+ (T4 helper) cells [#/volume] in Specimen	CD3+CD4+ (T4 helper) cells [#/volume] in Unspecified specimen	CELLMARK
603	7886-5	3008360	Epstein Barr virus capsid IgM Ab [Units/volume] in Serum	Epstein Barr virus capsid IgM Ab [Units/volume] in Serum	MICRO
604	5159-9	3007844	Epstein Barr virus capsid IgM Ab [Units/volume] in Serum by Immunoassay	Epstein Barr virus capsid IgM Ab [Units/volume] in Serum by Immunoassay	MICRO
605	26052-1	3015023	Epithelial cells.renal [#/area] in Urine sediment by Microscopy high power field	Epithelial cells.renal [#/area] in Urine sediment by Microscopy high power field	UA
606	7885-7	3015681	Epstein Barr virus capsid IgG Ab [Units/volume] in Serum	Epstein Barr virus capsid IgG Ab [Units/volume] in Serum	MICRO
607	5157-3	3018143	Epstein Barr virus capsid IgG Ab [Units/volume] in Serum by Immunoassay	Epstein Barr virus capsid IgG Ab [Units/volume] in Serum by Immunoassay	MICRO
608	33768-3	3029794	Leukocyte clumps [#/volume] in Urine by Automated count	Leukocyte clumps [#/volume] in Urine by Automated count	UA
609	23811-3	3016670	Alpha-1-Fetoprotein [Multiple of the median] adjusted in Serum or Plasma	Alpha-1-Fetoprotein [Multiple of the median] adjusted in Serum or Plasma	Chem
610	3013-0	3036535	Thyroglobulin [Mass/volume] in Serum or Plasma	Thyroglobulin [Mass/volume] in Serum or Plasma	Chem
611	6206-7	3012494	Peanut IgE Ab [Units/volume] in Serum	Peanut IgE Ab [Units/volume] in Serum	Allergy
612	2756-5	3015736	pH of Urine	pH of Urine	Chem
614	2484-4	3013273	Insulin-like growth factor-I [Mass/volume] in Serum or Plasma	Insulin-like growth factor-I [Mass/volume] in Serum or Plasma	Chem
615	2118-8	3003191	Choriogonadotropin [Presence] in Serum or Plasma	Choriogonadotropin (pregnancy test) [Presence] in Serum or Plasma	Chem
616	18974-6	3013384	rifAMPin [Susceptibility]	Rifampin [Susceptibility]	ABXBACT
617	12710-0	3015697	Hemoglobin pattern [Interpretation] in Blood	Hemoglobin pattern [interpretation] in Blood	HEM/BC
618	34705-4	3033203	Carbon dioxide [Partial pressure] adjusted to patient's actual temperature in Blood	Carbon dioxide [Partial pressure] adjusted to patients actual temperature in Blood	Chem
619	19254-2	3013702	Oxygen [Partial pressure] adjusted to patient's actual temperature in Blood	Oxygen [Partial pressure] adjusted to patients actual temperature in Blood	Chem
620	4993-2	3009926	Chlamydia trachomatis rRNA [Presence] in Specimen by Probe	Chlamydia trachomatis rRNA [Presence] in Unspecified specimen by DNA probe	MICRO
621	1977-8	3011258	Bilirubin.total [Presence] in Urine	Bilirubin [Presence] in Urine	Chem
622	44877-9			Insulin dependent diabetes mellitus [Presence]	MISC
623	23641-4	3033558	Quinupristin+Dalfopristin [Susceptibility] by Minimum inhibitory concentration (MIC)	Quinupristin+Dalfopristin [Susceptibility] by Minimum inhibitory concentration (MIC)	ABXBACT
625	14563-1	3024098	Hemoglobin.gastrointestinal [Presence] in Stool --1st specimen	Hemoglobin.gastrointestinal [Presence] in Stool --1st specimen	Chem
626	20447-9	3010747	HIV 1 RNA [#/volume] (viral load) in Serum or Plasma by NAA with probe detection	HIV 1 RNA [#/volume] (viral load) in Serum or Plasma by Probe & target amplification method	MICRO
627	5244-9	3006573	Measles virus IgG Ab [Units/volume] in Serum by Immunoassay	Measles virus IgG Ab [Units/volume] in Serum by Immunoassay	MICRO
628	15064-9	3011204	Estriol (E3).unconjugated [Moles/volume] in Serum or Plasma	Estriol (E3).unconjugated [Moles/volume] in Serum or Plasma	Chem
629	19550-3	3028707	Methadone [Presence] in Urine by Screen method	Methadone [Presence] in Urine by Screen method	DRUG/TOX
630	49090-4	3049207	Fetal Trisomy 21 risk [Likelihood] Based on maternal age	Trisomy 21 risk based on maternal age in Fetus	Chem
631	21026-0	3010023	Pathologist interpretation of Blood tests	Pathologist interpretation of Blood tests	PATH
632	62292-8	40765040	25-Hydroxyvitamin D3+25-Hydroxyvitamin D2 [Mass/volume] in Serum or Plasma	25-Hydroxyvitamin D2+25-Hydroxyvitamin D3 [Mass/volume] in Serum or Plasma	Chem
633	2761-5	3015860	Phenylketones [Presence] in Blood	Phenylketones [Presence] in Blood	Chem
634	3779-6	3014814	Methamphetamine [Presence] in Urine	Methamphetamine [Presence] in Urine	DRUG/TOX
635	35663-4	3035511	Protein [Mass/volume] in Urine collected for unspecified duration	Protein [Mass/volume] in unspecified time Urine	UA
636	20506-2			Specimen drawn from	SPEC
637	19057-9	3013221	ABO and Rh group [Type] in Blood from Newborn	ABO & Rh group [Type] in Blood from newborn	BLDBK
638	626-2	3012475	Bacteria identified in Throat by Culture	Bacteria identified in Throat by Culture	MICRO
639	13532-7	3027572	Xanthochromia [Presence] of Cerebral spinal fluid Qualitative	Xanthochromia [Presence] of Cerebral spinal fluid	SPEC
640	34660-1	3032358	Hemoglobin A2/Hemoglobin.total in Blood by Chromatography column	Hemoglobin A2/Hemoglobin.total in Blood by Chromatography column	HEM/BC
641	26454-9	3027475	Erythrocytes [#/volume] in Cerebral spinal fluid	Erythrocytes [#/volume] in Cerebral spinal fluid	HEM/BC
642	10333-3	3023410	Appearance of Cerebral spinal fluid	Appearance of Cerebral spinal fluid	SPEC
643	5822-2	3037244	Yeast [#/area] in Urine sediment by Microscopy high power field	Yeast [#/area] in Urine sediment by Microscopy high power field	UA
644	49092-0	3049229	Second trimester quad maternal screen [Interpretation] in Serum or Plasma Narrative	Second trimester quad maternal screen [interpretation] in Serum or Plasma Narrative	Chem
645	6276-0	3027231	Wheat IgE Ab [Units/volume] in Serum	Wheat IgE Ab [Units/volume] in Serum	Allergy
646	6248-9	3015076	Soybean IgE Ab [Units/volume] in Serum	Soybean IgE Ab [Units/volume] in Serum	Allergy
647	75882-1	46235690	Lupus anticoagulant three screening tests W Reflex [interpretation]	Lupus anticoagulant three screening tests W Reflex [interpretation]	COAG
648	6095-4	3036780	American house dust mite IgE Ab [Units/volume] in Serum	American house dust mite IgE Ab [Units/volume] in Serum	Allergy
649	25160-3	3001873	Granular casts [Presence] in Urine sediment by Light microscopy	Granular casts [Presence] in Urine sediment by Light microscopy	UA
650	33804-6	3046326	RBC casts [Presence] in Urine sediment by Light microscopy	RBC casts [Presence] in Urine sediment by Light microscopy	UA
651	703-9	3026904	Basophilic stippling [Presence] in Blood by Light microscopy	Basophilic stippling [Presence] in Blood by Light microscopy	HEM/BC
652	6020-2	3038205	Alternaria alternata IgE Ab [Units/volume] in Serum	Alternaria alternata IgE Ab [Units/volume] in Serum	Allergy
653	20496-6	3015468	Gliadin IgG Ab [Units/volume] in Serum by Immunoassay	Gliadin IgG Ab [Units/volume] in Serum by Immunoassay	SERO
654	29541-0	3026532	HIV 1 RNA [Log #/volume] (viral load) in Serum or Plasma by NAA with probe detection	HIV 1 RNA [Log #/volume] (viral load) in Plasma by Probe & target amplification method	MICRO
655	6584-7	3028433	Virus identified in Specimen by Culture	Virus identified in Unspecified specimen by Culture	MICRO
656	19343-3	3000144	Amphetamine [Presence] in Urine by Screen method	Amphetamine [Presence] in Urine by Screen method	DRUG/TOX
657	13964-2	3016426	Methylmalonate [Moles/volume] in Serum or Plasma	Methylmalonate [Moles/volume] in Serum or Plasma	Chem
658	802-9	3005481	Spherocytes [Presence] in Blood by Light microscopy	Spherocytes [Presence] in Blood by Light microscopy	HEM/BC
659	10704-5	3003327	Ova and parasites identified in Stool by Light microscopy	Ova+Parasites identified in Stool by Light microscopy	MICRO
660	5185-4	3010229	Hepatitis B virus core IgM Ab [Units/volume] in Serum or Plasma by Immunoassay	Hepatitis B virus core IgM Ab [Units/volume] in Serum by Immunoassay	MICRO
661	46269-7	3051659	25-hydroxyvitamin D2 [Moles/volume] in Serum or Plasma	25-Hydroxycalciferol [Moles/volume] in Serum or Plasma	Chem
662	7258-7	3001488	Cow milk IgE Ab [Units/volume] in Serum	Cow milk IgE Ab [Units/volume] in Serum	Allergy
663	19554-5	3011402	Methamphetamine [Presence] in Urine by Screen method	Methamphetamine [Presence] in Urine by Screen method	DRUG/TOX
664	10328-3	3036663	Lymphocytes/Leukocytes in Cerebral spinal fluid by Manual count	Lymphocytes/100 leukocytes in Cerebral spinal fluid by Manual count	HEM/BC
665	2705-2	3024354	Oxygen [Partial pressure] in Venous blood	Oxygen [Partial pressure] in Venous blood	Chem
666	43994-3	3047352	Trisomy 18 risk [Likelihood] in Fetus	Trisomy 18 risk in Fetus	Chem
667	14334-7	3024666	Lithium [Moles/volume] in Serum or Plasma	Lithium [Moles/volume] in Serum or Plasma	DRUG/TOX
668	41477-1	3031508	Bacterial sialidase [Presence] in Specimen	Bacterial sialidase [Presence] in Unspecified specimen	MICRO
669	33254-4	3029473	pH of Arterial blood adjusted to patient's actual temperature	pH of Arterial blood adjusted to patients actual temperature	Chem
670	21612-7			Age - Reported	MISC
671	14639-9	3018980	carBAMazepine [Moles/volume] in Serum or Plasma	Carbamazepine [Moles/volume] in Serum or Plasma	DRUG/TOX
672	43995-0	3043238	Trisomy 21 risk [Likelihood] in Fetus	Trisomy 21 risk in Fetus	Chem
673	5124-3	3005356	Cytomegalovirus IgG Ab [Units/volume] in Serum or Plasma by Immunoassay	Cytomegalovirus IgG Ab [Units/volume] in Serum by Immunoassay	MICRO
674	10366-3	3025911	Cotinine [Mass/volume] in Urine	Cotinine [Mass/volume] in Urine	DRUG/TOX
675	6096-2	3023351	European house dust mite IgE Ab [Units/volume] in Serum	European house dust mite IgE Ab [Units/volume] in Serum	Allergy
676	26473-9	3023547	Leukocytes other/Leukocytes in Body fluid	Leukocytes other/100 leukocytes in Body fluid	HEM/BC
677	24108-3	3022914	Cancer Ag 19-9 [Units/volume] in Serum or Plasma	Cancer Ag 19-9 [Units/volume] in Serum or Plasma	Chem
678	5859-4	3010254	Herpes simplex virus identified in Specimen by Organism specific culture	Herpes simplex virus identified in Unspecified specimen by Organism specific culture	MICRO
679	5774-5	3006490	Calcium oxalate crystals [Presence] in Urine sediment by Light microscopy	Calcium oxalate crystals [Presence] in Urine sediment by Light microscopy	UA
680	49121-7	3050169	Erythrocyte inclusion bodies [Identifier] in Blood	Erythrocyte inclusion bodies [Identifier] in Blood	HEM/BC
681	13967-5	3004248	Sex hormone binding globulin [Moles/volume] in Serum or Plasma	Sex hormone binding globulin [Moles/volume] in Serum or Plasma	Chem
682	3095-7	3011965	Urea nitrogen [Mass/volume] in Urine	Urea nitrogen [Mass/volume] in Urine	Chem
683	6025-1	3011951	Aspergillus fumigatus IgE Ab [Units/volume] in Serum	Aspergillus fumigatus IgE Ab [Units/volume] in Serum	Allergy
684	21264-7	3005625	Estriol (E3).unconjugated [Multiple of the median] adjusted in Serum or Plasma	Estriol (E3).unconjugated [Multiple of the median] adjusted in Serum or Plasma	Chem
685	25836-8	3038207	HIV 1 RNA [#/volume] (viral load) in Specimen by NAA with probe detection	HIV 1 RNA [#/volume] (viral load) in Unspecified specimen by Probe & target amplification method	MICRO
686	46640-9			Secondary diagnosis RFC	SURVEY.RFC
687	42216-2	3028850	Referral lab name [Identifier]	Reference lab name [Identifier]	MISC
688	48391-7	3049133	Carbon dioxide, total [Moles/volume] in Venous blood by calculation	Carbon dioxide, total [Moles/volume] in Venous blood by calculation	Chem
689	35678-2	3034249	Sodium [Moles/volume] in Urine collected for unspecified duration	Sodium [Moles/volume] in unspecified time Urine	Chem
690	10459-6	3020498	Alpha-1-Fetoprotein Ag [Presence] in Tissue by Immune stain	Alpha-1-Fetoprotein Ag [Presence] in Tissue by Immune stain	PATH
691	5793-5	3011483	Granular casts [#/area] in Urine sediment by Microscopy low power field	Granular casts [#/area] in Urine sediment by Microscopy low power field	UA
692	6099-6	3008136	Dog epithelium IgE Ab [Units/volume] in Serum	Dog epithelium IgE Ab [Units/volume] in Serum	Allergy
693	34701-3	3032948	Heparin induced platelet Ab [Presence] in Serum	Platelet Ab.heparin induced [Presence] in Serum	SERO
694	20495-8	3015174	Gliadin IgA Ab [Units/volume] in Serum by Immunoassay	Gliadin IgA Ab [Units/volume] in Serum by Immunoassay	SERO
695	1761-6	3027953	Aldolase [Enzymatic activity/volume] in Serum or Plasma	Aldolase [Enzymatic activity/volume] in Serum or Plasma	Chem
696	8248-7	3026796	Spermatozoa [Presence] in Urine sediment by Light microscopy	Spermatozoa [Presence] in Urine sediment by Light microscopy	UA
697	2078-4	3007733	Chloride [Moles/volume] in Urine	Chloride [Moles/volume] in Urine	Chem
698	31374-2	3007080	Epstein Barr virus nuclear IgG Ab [Units/volume] in Serum	Epstein Barr virus nuclear IgG Ab [Units/volume] in Serum	MICRO
699	30083-0	3003538	Epstein Barr virus nuclear IgG Ab [Units/volume] in Serum by Immunoassay	Epstein Barr virus nuclear IgG Ab [Units/volume] in Serum by Immunoassay	MICRO
700	47223-3	3052868	Fetal Trisomy 18 risk [Likelihood] Based on maternal age	Trisomy 18 risk based on maternal age in Fetus	Chem
701	14633-2	3027923	C peptide [Moles/volume] in Serum or Plasma	C peptide [Moles/volume] in Serum or Plasma	Chem
702	23883-2	3018595	Inhibin A [Mass/volume] in Serum or Plasma	Inhibin A [Mass/volume] in Serum	Chem
703	34468-9	3044936	Clostridioides difficile toxin A+B [Presence] in Stool by Immunoassay	Clostridium difficile toxin A+B [Presence] in Stool by Immunoassay	MICRO
704	2881-1	3005029	Protein [Mass/volume] in Body fluid	Protein [Mass/volume] in Body fluid	Chem
705	3243-3	3036489	Thrombin time	Thrombin time	COAG
705	3243-3	3036489	Thrombin time	Thrombin time in Platelet poor plasma by Coagulation assay	COAG
706	19270-8	3005058	Barbiturates [Presence] in Urine by Screen method	Barbiturates [Presence] in Urine by Screen method	DRUG/TOX
707	15432-8	3027401	Testosterone Free/Testosterone.total in Serum or Plasma	Testosterone Free/Testosterone.total in Serum or Plasma	Chem
708	26466-3	3022174	Leukocytes [#/volume] in Body fluid	Leukocytes [#/volume] in Body fluid	HEM/BC
709	21440-3	3033779	Human papilloma virus 16+18+31+33+35+45+51+52+56 DNA [Presence] in Cervix by Probe	Human papilloma virus 16+18+31+33+35+45+51+52+56 DNA [Presence] in Cervix by DNA probe	MICRO
710	14874-2	3009410	PHENobarbital [Moles/volume] in Serum or Plasma	Phenobarbital [Moles/volume] in Serum or Plasma	DRUG/TOX
711	10835-7	3013861	Lipoprotein a [Mass/volume] in Serum or Plasma	Lipoprotein a [Mass/volume] in Serum or Plasma	Chem
712	22330-5	3015180	Hepatitis D virus Ab [Units/volume] in Serum	Hepatitis D virus Ab [Units/volume] in Serum	MICRO
713	38526-0	3051776	Number of specimens tested of Stool	Number of specimens tested of Stool	SPEC
714	40752-8	3040849	Epstein Barr virus early IgG Ab [Presence] in Serum by Immunoassay	Epstein Barr virus early IgG Ab [Presence] in Serum by Immunoassay	MICRO
715	6833-8	3023430	Cat dander IgE Ab [Units/volume] in Serum	Cat dander IgE Ab [Units/volume] in Serum	Allergy
716	5813-1	3002253	Trichomonas vaginalis [Presence] in Urine sediment by Light microscopy	Trichomonas vaginalis [Presence] in Urine sediment by Light microscopy	UA
717	6189-5	3006734	White Oak IgE Ab [Units/volume] in Serum	White Oak IgE Ab [Units/volume] in Serum	Allergy
718	6075-6	3005136	Cladosporium herbarum IgE Ab [Units/volume] in Serum	Cladosporium herbarum IgE Ab [Units/volume] in Serum	Allergy
719	14314-9	3014798	Benzoylecgonine [Presence] in Urine by Screen method	Benzoylecgonine [Presence] in Urine by Screen method	DRUG/TOX
720	5332-2	3024197	Rubella virus Ab [Presence] in Serum by Latex agglutination	Rubella virus Ab [Presence] in Serum by Latex agglutination	MICRO
721	12248-1	3008026	Epithelial cells.renal [Presence] in Urine sediment by Light microscopy	Epithelial cells.renal [Presence] in Urine sediment by Light microscopy	UA
722	5892-5	3002346	Protein S [Units/volume] in Platelet poor plasma by Coagulation assay	Protein S [Units/volume] in Platelet poor plasma by Coagulation assay	COAG
723	4552-6	3021009	Hemoglobin A2/Hemoglobin.total in Blood by Electrophoresis	Hemoglobin A2/Hemoglobin.total in Blood by Electrophoresis	HEM/BC
724	22314-9	3013327	Hepatitis A virus IgM Ab [Presence] in Serum	Hepatitis A virus IgM Ab [Presence] in Serum	MICRO
725	46154-1	3045342	Trichomonas vaginalis rRNA [Presence] in Specimen by NAA with probe detection	Trichomonas vaginalis rRNA [Presence] in Unspecified specimen by Probe & target amplification method	MICRO
726	6357-8	3024950	Chlamydia trachomatis DNA [Presence] in Urine by NAA with probe detection	Chlamydia trachomatis DNA [Presence] in Urine by Probe & target amplification method	MICRO
727	36904-1	3035779	Inhibin A [Multiple of the median] adjusted in Serum or Plasma	Inhibin A [Multiple of the median] adjusted in Serum	Chem
728	5862-8	3028459	Influenza virus A Ag [Presence] in Specimen by Immunoassay	Influenza virus A Ag [Presence] in Unspecified specimen by Immunoassay	MICRO
729	45371-2			Multiple pregancy	CLIN
730	2742-5	3034780	Angiotensin converting enzyme [Enzymatic activity/volume] in Serum or Plasma	Angiotensin converting enzyme [Enzymatic activity/volume] in Serum or Plasma	Chem
731	32764-3	3047152	Clue cells [Presence] in Specimen by Wet preparation	Clue cells [Presence] in Unspecified specimen by Wet preparation	MICRO
732	42247-7	3032260	Hemoglobin pattern [Interpretation] in Blood by HPLC Narrative	Hemoglobin pattern [interpretation] in Blood by HPLC Narrative	HEM/BC
733	11153-4	3008108	Hematocrit [Volume Fraction] of Body fluid by calculation	Hematocrit [Volume Fraction] of Body fluid	HEM/BC
734	6875-9	3006588	Cancer Ag 15-3 [Units/volume] in Serum or Plasma	Cancer Ag 15-3 [Units/volume] in Serum or Plasma	Chem
735	32166-1	3008714	Choriogonadotropin [Multiple of the median] adjusted in Serum or Plasma	Choriogonadotropin [Multiple of the median] adjusted in Serum or Plasma	Chem
736	6741-3	3026237	Erythrocytes [#/volume] in Body fluid by Manual count	Erythrocytes [#/volume] in Body fluid by Manual count	HEM/BC
737	7900-4	3017895	Helicobacter pylori Ab [Units/volume] in Serum	Helicobacter pylori Ab [Units/volume] in Serum	MICRO
738	6087-1	3034806	Corn IgE Ab [Units/volume] in Serum	Corn IgE Ab [Units/volume] in Serum	Allergy
739	14955-9	3020717	Zinc [Moles/volume] in Serum or Plasma	Zinc [Moles/volume] in Serum or Plasma	DRUG/TOX
740	11259-9	3021125	Hepatitis C virus RNA [Presence] in Serum or Plasma by NAA with probe detection	Hepatitis C virus RNA [Presence] in Serum or Plasma by Probe & target amplification method	MICRO
741	38180-6	3034868	Hepatitis C virus RNA [log units/volume] (viral load) in Serum or Plasma by NAA with probe detection	Hepatitis C virus RNA [log units/volume] (viral load) in Serum or Plasma by Probe & target amplification method	MICRO
742	3299-5	3001526	Acetaminophen [Presence] in Urine	Acetaminophen [Presence] in Urine	DRUG/TOX
743	14731-4	3019309	Folate [Moles/volume] in Red Blood Cells	Folate [Moles/volume] in Red Blood Cells	Chem
744	5370-2	3021236	Streptolysin O Ab [Units/volume] in Serum or Plasma	Streptolysin O Ab [Units/volume] in Serum	MICRO
745	6041-8	3015731	Bermuda grass IgE Ab [Units/volume] in Serum	Bermuda grass IgE Ab [Units/volume] in Serum	Allergy
746	53962-7	3039783	Alpha-1-fetoprotein.tumor marker [Mass/volume] in Serum or Plasma	Alpha-1-fetoprotein.tumor marker [Mass/volume] in Serum or Plasma	Chem
747	17859-0	3023871	Helicobacter pylori IgG Ab [Presence] in Serum or Plasma by Immunoassay	Helicobacter pylori IgG Ab [Presence] in Serum by Immunoassay	MICRO
748	6212-5	3013101	Penicillium notatum IgE Ab [Units/volume] in Serum	Penicillium notatum IgE Ab [Units/volume] in Serum	Allergy
749	22496-4	3010937	Rubella virus Ab [Presence] in Serum	Rubella virus Ab [Presence] in Serum	MICRO
750	49050-8	3049840	Microscopic observation [Identifier] in Endocervical brush by Cyto stain	Microscopic observation [Identifier] in Endocervical brush by Cyto stain	CYTO
751	21190-4	3020200	Chlamydia trachomatis DNA [Presence] in Cervix by NAA with probe detection	Chlamydia trachomatis DNA [Presence] in Cervix by Probe and target amplification method	MICRO
752	30457-6	3002451	Nonhematic cells/Leukocytes in Body fluid	Nonhematic cells/100 leukocytes in Body fluid	HEM/BC
753	34985-2	3032926	Unidentified cells/Leukocytes in Body fluid	Unidentified cells/100 leukocytes in Body fluid	HEM/BC
754	7966-5	3018867	Mumps virus IgG Ab [Units/volume] in Serum	Mumps virus IgG Ab [Units/volume] in Serum	MICRO
755	20512-0	3005920	Turbidity [Presence] of Cerebral spinal fluid Qualitative	Turbidity [Presence] of Cerebral spinal fluid	SPEC
756	32198-4			Neisseria gonorrhoeae rRNA [Presence] in Cervix by DNA probe	MICRO
757	6085-5	3001247	Common Ragweed IgE Ab [Units/volume] in Serum	Common Ragweed IgE Ab [Units/volume] in Serum	Allergy
758	6110-1	3014126	English plantain IgE Ab [Units/volume] in Serum	English Plantain IgE Ab [Units/volume] in Serum	Allergy
759	6303-2	3019174	dRVVT (LA screen)	dRVVT LA screen	COAG
760	27811-9	3000515	Antithrombin actual/normal in Platelet poor plasma by Chromogenic method	Antithrombin actual/normal in Platelet poor plasma by Chromogenic method	COAG
761	47213-4	3053190	Cholesterol in LDL real size pattern [Identifier] in Serum or Plasma	Cholesterol in LDL real size pattern [Identifier] in Serum or Plasma	Chem
763	70201-9	42868675	Cholesterol in IDL [Moles/volume] in Serum or Plasma	Cholesterol in IDL [Moles/volume] in Serum or Plasma	Chem
764	70202-7	42868676	Cholesterol in IDL+Cholesterol in VLDL 3 [Moles/volume] in Serum or Plasma	Cholesterol in IDL+Cholesterol in VLDL 3 [Moles/volume] in Serum or Plasma	Chem
765	70203-5	42868677	Cholesterol in VLDL 3 [Moles/volume] in Serum or Plasma	Cholesterol in VLDL 3 [Moles/volume] in Serum or Plasma	Chem
766	49062-3			Lipid risk factors [Finding]	Chem
767	32046-5	3021584	Pregnancy associated plasma protein A [Units/volume] in Serum or Plasma	Pregnancy associated plasma protein A [Units/volume] in Serum or Plasma	Chem
768	26760-9	3026951	Cannabinoids [Units/volume] in Urine	Cannabinoids [Units/volume] in Urine	DRUG/TOX
769	13183-9	3002750	White Elm IgG Ab [Units/volume] in Serum	White Elm IgG Ab [Units/volume] in Serum	Allergy
770	29967-7	3018757	Neutrophil cytoplasmic IgG Ab [Titer] in Serum by Immunofluorescence	Neutrophil cytoplasmic IgG Ab [Titer] in Serum by Immunofluorescence	SERO
771	1795-4	3012133	Amylase [Enzymatic activity/volume] in Body fluid	Amylase [Enzymatic activity/volume] in Body fluid	Chem
772	1871-3	3034387	Apolipoprotein B-100 [Mass/volume] in Serum or Plasma	Apolipoprotein B-100 [Mass/volume] in Serum or Plasma	Chem
773	33716-2			Non-gynecological cytology method study	ATTACH.CLINRPT
774	14586-2	3001788	Aldosterone [Moles/volume] in Serum or Plasma	Aldosterone [Moles/volume] in Serum or Plasma	Chem
775	34574-4	3045178	Pathology report final diagnosis	Pathology report final diagnosis	TUMRRGT
776	45353-0			Date of analysis of unspecified specimen	MISC
777	2064-4	3022756	Ceruloplasmin [Mass/volume] in Serum or Plasma	Ceruloplasmin [Mass/volume] in Serum or Plasma	Chem
778	792-2	3010409	Erythrocytes [#/volume] in Cerebral spinal fluid by Manual count	Erythrocytes [#/volume] in Cerebral spinal fluid by Manual count	HEM/BC
779	29771-3	3012471	Hemoglobin.gastrointestinal.lower [Presence] in Stool by Immunoassay	Hemoglobin.gastrointestinal [Presence] in Stool by Immunologic method	Chem
780	30170-5	3020960	American Cockroach IgE Ab [Units/volume] in Serum	American Cockroach IgE Ab [Units/volume] in Serum	Allergy
781	14627-4	3027273	Bicarbonate [Moles/volume] in Venous blood	Bicarbonate [Moles/volume] in Venous blood	Chem
782	31204-1	3013527	Hepatitis B virus core IgM Ab [Presence] in Serum	Hepatitis B virus core IgM Ab [Presence] in Serum	MICRO
783	14626-6	3025890	Beta-2-Microglobulin [Moles/volume] in Serum	Beta-2-Microglobulin [Moles/volume] in Serum	Chem
783	1952-1	3013201	Beta-2-Microglobulin [Mass/volume] in Serum or Plasma	Beta-2-Microglobulin [Mass/volume] in Serum	Chem
784	13514-5	3014482	Hemoglobin pattern [Interpretation] in Blood by Electrophoresis Narrative	Hemoglobin pattern [interpretation] in Blood by Electrophoresis Narrative	HEM/BC
785	24012-7	3007921	HIV 1 Ag [Presence] in Serum	HIV 1 Ag [Presence] in Serum	MICRO
786	5222-5	3033479	HIV 1 Ag [Presence] in Serum or Plasma by Immunoassay	HIV 1 Ag [Presence] in Serum by Immunoassay	MICRO
787	13953-5	3036806	Hepatitis B virus e Ab [Presence] in Serum or Plasma by Immunoassay	Hepatitis B virus e Ab [Presence] in Serum by Immunoassay	MICRO
788	14745-4	3035729	Glucose [Moles/volume] in Body fluid	Glucose [Moles/volume] in Body fluid	Chem
789	15205-8	3024763	Rheumatoid factor [Units/volume] in Serum by Nephelometry	Rheumatoid factor [Units/volume] in Serum by Nephlometry	SERO
790	29770-5	3025939	Karyotype [Identifier] in Blood or Tissue Nominal	Karyotype [Identifier] in Blood or Tissue Nominal	MOLPATH
791	709-6	3023643	Blasts/Leukocytes in Blood by Manual count	Blasts/100 leukocytes in Blood by Manual count	HEM/BC
792	20444-6	3028369	Herpes simplex virus 1+2 DNA [Presence] in Specimen by NAA with probe detection	Herpes simplex virus 1+2 DNA [Presence] in Unspecified specimen by Probe & target amplification method	MICRO
793	19153-6	3004775	Volume in Urine collected for unspecified duration	Volume of unspecified time Urine	SPEC
794	3209-4	3019250	Coagulation factor VIII activity actual/normal in Platelet poor plasma by Coagulation assay	Coagulation factor VIII activity actual/normal in Platelet poor plasma by Coagulation assay	COAG
795	7155-5	3024149	Boxelder IgE Ab [Units/volume] in Serum	Boxelder IgE Ab [Units/volume] in Serum	Allergy
796	5866-9	3011688	Influenza virus B Ag [Presence] in Specimen by Immunoassay	Influenza virus B Ag [Presence] in Unspecified specimen by Immunoassay	MICRO
797	13590-5	3008561	Activated protein C resistance [Time Ratio] in Platelet poor plasma by Coagulation assay	Activated protein C resistance [Time Ratio] in Platelet poor plasma by Coagulation assay	COAG
798	47528-5	3050380	Cytology report of Cervical or vaginal smear or scraping Cyto stain	Cytology report of Cervical or vaginal smear or scraping Cyto stain	CYTO
799	6106-9	3014599	Egg white IgE Ab [Units/volume] in Serum	Egg white IgE Ab [Units/volume] in Serum	Allergy
800	2006-5	3007835	Cancer Ag 125 [Presence] in Serum or Plasma	Cancer Ag 125 [Presence] in Serum or Plasma	Chem
801	655-1	3001066	Microscopic observation [Identifier] in Specimen by Acid fast stain.Kinyoun modified	Microscopic observation [Identifier] in Unspecified specimen by Acid fast stain.Kinyoun modified	MICRO
802	3854-7	3014404	Nicotine [Mass/volume] in Urine	Nicotine [Mass/volume] in Urine	DRUG/TOX
803	16131-5	3019978	Herpes simplex virus 2 DNA [Presence] in Specimen by NAA with probe detection	Herpes simplex virus 2 DNA [Presence] in Unspecified specimen by Probe & target amplification method	MICRO
804	13954-3	3023378	Hepatitis B virus e Ag [Presence] in Serum or Plasma by Immunoassay	Hepatitis B virus e Ag [Presence] in Serum by Immunoassay	MICRO
805	26446-5	3025159	Blasts/Leukocytes in Blood	Blasts/100 leukocytes in Blood	HEM/BC
806	7792-5	3003715	Dohle body [Presence] in Blood by Light microscopy	Dohle body [Presence] in Blood by Light microscopy	HEM/BC
807	2529-6	3008338	Lactate dehydrogenase [Enzymatic activity/volume] in Body fluid	Lactate dehydrogenase [Enzymatic activity/volume] in Body fluid	Chem
808	41399-7	3031119	Herpes simplex virus 1+2 IgM Ab [Units/volume] in Serum by Immunoassay	Herpes simplex virus 1+2 IgM Ab [Units/volume] in Serum by Immunoassay	MICRO
809	22674-6	3002903	Transferrin [Moles/volume] in Serum or Plasma	Transferrin [Moles/volume] in Serum or Plasma	Chem
809	3034-6	3004789	Transferrin [Mass/volume] in Serum or Plasma	Transferrin [Mass/volume] in Serum or Plasma	Chem
810	10900-9	3006453	Hepatitis B virus surface Ab [Presence] in Serum by Immunoassay	Hepatitis B virus surface Ab [Presence] in Serum by Immunoassay	MICRO
811	3284-7	3009299	Lupus anticoagulant neutralization platelet [Time] in Platelet poor plasma by Coagulation assay	Lupus anticoagulant neutralization platelet [Time] in Platelet poor plasma by Coagulation assay	COAG
812	3414-0	3007463	Buprenorphine [Presence] in Urine	Buprenorphine [Presence] in Urine	DRUG/TOX
813	20404-0	3036848	Fibronectin.fetal [Presence] in Vaginal fluid	Fibronectin.fetal [Presence] in Vaginal fluid	Chem
814	10998-3	3000068	oxyCODONE [Presence] in Urine	Oxycodone [Presence] in Urine	DRUG/TOX
815	10976-9	3028741	6-Monoacetylmorphine (6-MAM) [Presence] in Urine	6-Monoacetylmorphine (6-MAM) [Presence] in Urine	DRUG/TOX
816	14674-6	3035963	Corticotropin [Moles/volume] in Plasma	Corticotropin [Moles/volume] in Plasma	Chem
817	13046-8	3013498	Variant lymphocytes/Leukocytes in Blood	Lymphocytes Variant/100 leukocytes in Blood	HEM/BC
818	5351-2	3019633	Sjogrens syndrome-A extractable nuclear Ab [Presence] in Serum by Immunoassay	Sjogrens syndrome-A extractable nuclear Ab [Presence] in Serum by Immunoassay	SERO
819	6412-1	3008140	Giardia lamblia Ag [Presence] in Stool by Immunoassay	Giardia lamblia Ag [Presence] in Stool by Immunoassay	MICRO
820	2614-6	3007930	Methemoglobin/Hemoglobin.total in Blood	Methemoglobin/Hemoglobin.total in Blood	Chem
821	5353-8	3005307	Sjogrens syndrome-B extractable nuclear Ab [Presence] in Serum by Immunoassay	Sjogrens syndrome-B extractable nuclear Ab [Presence] in Serum by Immunoassay	SERO
822	2915-7	3007808	Renin [Enzymatic activity/volume] in Plasma	Renin [Enzymatic activity/volume] in Plasma	Chem
823	27416-7	3010645	SCL-70 extractable nuclear Ab [Units/volume] in Serum	SCL-70 extractable nuclear Ab [Units/volume] in Serum	SERO
824	6565-6	3014506	Trichomonas vaginalis [Presence] in Genital specimen by Wet preparation	Trichomonas vaginalis [Identifier] in Genital specimen by Wet preparation	MICRO
825	21003-9	3008193	Fungus identified in Specimen by Fungus stain	Fungus identified in Unspecified specimen by Fungus stain	MICRO
826	5639-0	3023153	Ethanol [Presence] in Blood	Ethanol [Presence] in Blood	DRUG/TOX
827	6182-0	3015982	Mucor racemosus IgE Ab [Units/volume] in Serum	Mucor racemosus IgE Ab [Units/volume] in Serum	Allergy
829	3297-9	3003709	Acetaminophen [Presence] in Serum or Plasma	Acetaminophen [Presence] in Serum or Plasma	DRUG/TOX
830	5177-1	3010921	Helicobacter pylori IgM Ab [Units/volume] in Serum by Immunoassay	Helicobacter pylori IgM Ab [Units/volume] in Serum by Immunoassay	MICRO
831	13516-0	3007458	Neutrophils/Leukocytes in Cerebral spinal fluid by Manual count	Neutrophils/100 leukocytes in Cerebral spinal fluid by Manual count	HEM/BC
832	4023-8	3005309	Salicylates [Presence] in Serum or Plasma	Salicylates [Presence] in Serum or Plasma	DRUG/TOX
833	15054-0	3027880	Dehydroepiandrosterone (DHEA) [Moles/volume] in Serum or Plasma	Dehydroepiandrosterone (DHEA) [Moles/volume] in Serum or Plasma	Chem
834	30243-0	3036988	Choriogonadotropin.intact [Units/volume] in Serum or Plasma	Choriogonadotropin.intact [Units/volume] in Serum or Plasma	Chem
835	14995-5	3017538	Glucose [Moles/volume] in Serum or Plasma --2 hours post 75 g glucose PO	Glucose [Moles/volume] in Serum or Plasma --2 hours post 75 g glucose PO	CHAL
836	4547-6	3005446	Hemoglobin A1/Hemoglobin.total in Blood	Hemoglobin A1/Hemoglobin.total in Blood	HEM/BC
837	51724-3	3042086	Cefuroxime [Susceptibility]	Cefuroxime [Susceptibility]	ABXBACT
838	15061-5	3024172	Erythropoietin (EPO) [Units/volume] in Serum or Plasma	Erythropoietin (EPO) [Units/volume] in Serum or Plasma	Chem
839	6152-3	3022260	Johnson grass IgE Ab [Units/volume] in Serum	Johnson grass IgE Ab [Units/volume] in Serum	Allergy
841	6252-1	3021839	Stemphylium botryosum IgE Ab [Units/volume] in Serum	Stemphylium botryosum IgE Ab [Units/volume] in Serum	Allergy
842	32286-7	3002653	Hepatitis C virus genotype [Identifier] in Serum or Plasma by NAA with probe detection	Hepatitis C virus genotype [Identifier] in Serum or Plasma by Probe & target amplification method	MICRO
843	17948-1	3011033	Fungus # 3 identified in Specimen by Culture	Fungus # 3 identified in Unspecified specimen by Culture	MICRO
844	5199-5	3002302	Hepatitis C virus Ab [Presence] in Serum by Immunoblot	Hepatitis C virus Ab [Presence] in Serum by Immunoblot (IB)	MICRO
845	17947-3	3013607	Fungus # 2 identified in Specimen by Culture	Fungus # 2 identified in Unspecified specimen by Culture	MICRO
846	17949-9	3014948	Fungus # 4 identified in Specimen by Culture	Fungus # 4 identified in Unspecified specimen by Culture	MICRO
847	42637-9	3031569	Natriuretic peptide B [Mass/volume] in Blood	Natriuretic peptide B [Mass/volume] in Blood	Chem
848	9327-8	3009951	Phosphatidylserine IgM Ab [Presence] in Serum by Immunoassay	Phosphatidylserine IgM Ab [Presence] in Serum by Immunoassay	COAG
849	14679-5	3008068	Cortisol [Moles/volume] in Serum or Plasma --AM peak specimen	Cortisol [Moles/volume] in Serum or Plasma --morning specimen	Chem
850	14569-8	3023530	17-Hydroxyprogesterone [Moles/volume] in Serum or Plasma	17-Hydroxyprogesterone [Moles/volume] in Serum or Plasma	Chem
851	14604-3	3012997	Blood group antibodies identified in Serum or Plasma from Blood product unit	Blood group antibodies present [Identifier] in Serum or Plasma from Blood product unit	BLDBK
852	20513-8	3025856	Turbidity [Presence] of Body fluid Qualitative	Turbidity [Presence] of Body fluid	SPEC
853	48035-0	3052625	Hemoglobin [Presence] in Cerebral spinal fluid	Hemoglobin [Presence] in Cerebral spinal fluid	HEM/BC
854	1825-9	3026285	Alpha 1 antitrypsin [Mass/volume] in Serum or Plasma	Alpha 1 antitrypsin [Mass/volume] in Serum or Plasma	Chem
855	5213-4	3020946	Heterophile Ab [Presence] in Serum by Latex agglutination	Heterophile Ab [Presence] in Serum by Latex agglutination	MICRO
856	13440-3	3017704	Immunofixation for Urine	Immunofixation [interpretation] for Urine	Chem
857	6039-2	3023006	Beef IgE Ab [Units/volume] in Serum	Beef IgE Ab [Units/volume] in Serum	Allergy
858	18929-0	3019972	Gentamicin.high potency [Susceptibility]	Gentamicin.high potency [Susceptibility]	ABXBACT
859	2004-0	3018133	Calcium [Moles/volume] in Urine	Calcium [Moles/volume] in Urine	Chem
860	6034-3	3014309	Bahia grass IgE Ab [Units/volume] in Serum	Bahia grass IgE Ab [Units/volume] in Serum	Allergy
861	5358-7	3033682	Smooth muscle Ab [Titer] in Serum by Immunofluorescence	Smooth muscle Ab [Titer] in Serum by Immunofluorescence	SERO
862	5388-4	3006957	Toxoplasma gondii IgG Ab [Units/volume] in Serum or Plasma by Immunoassay	Toxoplasma gondii IgG Ab [Units/volume] in Serum by Immunoassay	MICRO
863	27948-9	3020384	Herpes simplex virus 1+2 IgG Ab [Units/volume] in Serum by Immunoassay	Herpes simplex virus 1+2 IgG Ab [Units/volume] in Serum by Immunoassay	MICRO
864	9439-1	3009292	Casts [#/area] in Urine sediment by Microscopy high power field	Casts [#/area] in Urine sediment by Microscopy high power field	UA
865	2745-8	3009343	pH of Capillary blood	pH of Capillary blood	Chem
866	33022-5	3029797	Carbon dioxide [Partial pressure] in Capillary blood by Transcutaneous CO2 monitor	Carbon dioxide [Partial pressure] in Capillary blood by Transcutaneous CO2 monitor	Chem
867	13438-7	3007822	Protein Fractions [Interpretation] in Urine by Electrophoresis	Protein Fractions [interpretation] in Urine by Electrophoresis	Chem
868	8117-4	3016228	CD19 cells/cells in Blood	CD19 cells/100 cells in Blood	CELLMARK
869	38527-8	3052167	Number of specimens received of Stool	Number of specimens received of Stool	SPEC
870	70216-7	42868690	Salicylates [Moles/volume] in Serum or Plasma by Screen method	Salicylates [Moles/volume] in Serum or Plasma by Screen method	DRUG/TOX
871	22747-0	3002412	Gentamicin [Moles/volume] in Serum or Plasma --trough	Gentamicin [Moles/volume] in Serum or Plasma --trough	DRUG/TOX
871	3665-7	3016254	Gentamicin [Mass/volume] in Serum or Plasma --trough	Gentamicin [Mass/volume] in Serum or Plasma --trough	DRUG/TOX
872	14753-8	3037432	Glucose [Moles/volume] in Serum or Plasma --1 hour post 100 g glucose PO	Glucose [Moles/volume] in Serum or Plasma --1 hour post 100 g glucose PO	CHAL
873	13527-7	3027528	Unidentified cells/Leukocytes in Cerebral spinal fluid by Manual count	Unidentified cells/100 leukocytes in Cerebral spinal fluid by Manual count	HEM/BC
874	32765-0	3047178	Yeast [Presence] in Specimen by Wet preparation	Yeast [Presence] in Unspecified specimen by Wet preparation	MICRO
875	20563-3	3023081	Carboxyhemoglobin/Hemoglobin.total in Blood	Carboxyhemoglobin/Hemoglobin.total in Blood	Chem
876	51597-3	3039422	Glucose [Moles/volume] in Serum or Plasma --1 hour post 75 g glucose PO	Glucose [Moles/volume] in Serum or Plasma --1 hour post 75 g glucose PO	CHAL
877	14836-1	3017115	Methotrexate [Moles/volume] in Serum or Plasma	Methotrexate [Moles/volume] in Serum or Plasma	DRUG/TOX
878	6924-5	3037820	Gliadin IgA Ab [Units/volume] in Serum	Gliadin IgA Ab [Units/volume] in Serum	SERO
879	18983-7	3010110	Streptomycin.high potency [Susceptibility]	Streptomycin.high potency [Susceptibility]	ABXBACT
880	14765-2	3017589	Glucose [Moles/volume] in Serum or Plasma --3 hours post dose glucose	Glucose [Moles/volume] in Serum or Plasma --3 hours post dose glucose	CHAL
881	5876-8	3020426	Respiratory syncytial virus Ag [Presence] in Specimen by Immunoassay	Respiratory syncytial virus Ag [Presence] in Unspecified specimen by Immunoassay	MICRO
882	56490-6	40759611	Hemoglobin.gastrointestinal.lower [Presence] in Stool by Immunoassay --2nd specimen	Hemoglobin.gastrointestinal [Presence] in Stool by Immunologic method --2nd specimen	Chem
883	56491-4	40759612	Hemoglobin.gastrointestinal.lower [Presence] in Stool by Immunoassay --3rd specimen	Hemoglobin.gastrointestinal [Presence] in Stool by Immunologic method --3rd specimen	Chem
884	14759-5	3016701	Glucose [Moles/volume] in Serum or Plasma --2 hours post dose glucose	Glucose [Moles/volume] in Serum or Plasma --2 hours post dose glucose	CHAL
885	8665-2			Date last menstrual period	H&P.HX
886	27819-2	3020287	Protein C actual/normal in Platelet poor plasma by Coagulation assay	Protein C actual/normal in Platelet poor plasma by Coagulation assay	COAG
887	5076-5	3009118	Cardiolipin IgA Ab [Units/volume] in Serum by Immunoassay	Cardiolipin IgA Ab [Units/volume] in Serum by Immunoassay	COAG
888	26486-1	3037577	Monocytes/Leukocytes in Cerebral spinal fluid	Monocytes/100 leukocytes in Cerebral spinal fluid	HEM/BC
889	1884-6	3014791	Apolipoprotein B [Mass/volume] in Serum or Plasma	Apolipoprotein B [Mass/volume] in Serum or Plasma	Chem
890	29953-7	3037522	Nuclear Ab [Titer] in Serum	Nuclear Ab [Titer] in Serum	SERO
891	7291-8	3018352	Whole Egg IgE Ab [Units/volume] in Serum	Whole Egg IgE Ab [Units/volume] in Serum	Allergy
892	22745-4	3000865	Ethanol [Moles/volume] in Urine	Ethanol [Moles/volume] in Urine	DRUG/TOX
893	11545-1	3027744	Microscopic observation [Identifier] in Specimen by Acid fast stain	Microscopic observation [Identifier] in Unspecified specimen by Acid fast stain	MICRO
894	6473-3	3036910	Microscopic observation [Identifier] in Tissue by Trichrome stain	Microscopic observation [Identifier] in Tissue by Trichrome stain	MICRO
895	20460-2	3009729	Cefuroxime Oral [Susceptibility] by Minimum inhibitory concentration (MIC)	Cefuroxime Oral [Susceptibility] by Minimum inhibitory concentration (MIC)	ABXBACT
896	14757-9	3009154	Glucose [Moles/volume] in Serum or Plasma --2 hours post 100 g glucose PO	Glucose [Moles/volume] in Serum or Plasma --2 hours post 100 g glucose PO	CHAL
897	21033-6	3020830	Yeast.budding [Presence] in Urine sediment	Yeast.budding [Presence] in Urine sediment	UA
898	19941-4	3014080	Oxygen gas flow Oxygen delivery system	Oxygen gas flow Oxygen delivery system	PULM
899	6073-1	3021088	Chocolate IgE Ab [Units/volume] in Serum	Chocolate IgE Ab [Units/volume] in Serum	Allergy
900	12208-5	3018948	Eosinophils/Leukocytes in Cerebral spinal fluid by Manual count	Eosinophils/100 leukocytes in Cerebral spinal fluid by Manual count	HEM/BC
901	12278-8	3026376	Band form neutrophils/Leukocytes in Cerebral spinal fluid by Manual count	Neutrophils.band form/100 leukocytes in Cerebral spinal fluid by Manual count	HEM/BC
902	14637-3	3010838	Calcium [Moles/time] in 24 hour Urine	Calcium [Moles/time] in 24 hour Urine	Chem
903	13519-4	3025150	Basophils/Leukocytes in Cerebral spinal fluid by Manual count	Basophils/100 leukocytes in Cerebral spinal fluid by Manual count	HEM/BC
904	3160-9	3001894	Volume of Semen	Volume of Semen	FERT
905	38908-0	3039293	Poikilocytosis [Presence] in Blood by Automated count	Poikilocytosis [Presence] in Blood by Automated count	HEM/BC
906	13517-8	3006357	Variant lymphocytes/Leukocytes in Cerebral spinal fluid by Manual count	Lymphocytes Variant/100 leukocytes in Cerebral spinal fluid by Manual count	HEM/BC
907	41016-7	3041012	Bilirubin.total [Moles/volume] in Urine by Test strip	Bilirubin.total [Moles/volume] in Urine by Test strip	UA
908	13529-3	3028298	Nucleated erythrocytes [#/volume] in Cerebral spinal fluid by Manual count	Nucleated erythrocytes [#/volume] in Cerebral spinal fluid by Manual count	HEM/BC
909	10329-1	3037194	Monocytes/Leukocytes in Cerebral spinal fluid by Manual count	Monocytes/100 leukocytes in Cerebral spinal fluid by Manual count	HEM/BC
910	26472-1	3022840	Leukocytes other/Leukocytes in Cerebral spinal fluid	Leukocytes other/100 leukocytes in Cerebral spinal fluid	HEM/BC
911	13508-7	3018185	Hematocrit [Volume Fraction] of Cerebral spinal fluid by Centrifugation	Hematocrit [Volume Fraction] of Cerebral spinal fluid by Centrifugation	HEM/BC
912	11135-1	3033870	Appearance of Spun Cerebral spinal fluid	Appearance of Spun Cerebral spinal fluid	SPEC
913	13525-1	3021437	Nonhematic cells/Leukocytes in Cerebral spinal fluid by Manual count	Nonhematic cells/100 leukocytes in Cerebral spinal fluid by Manual count	HEM/BC
914	14764-5	3017048	Glucose [Moles/volume] in Serum or Plasma --3 hours post 100 g glucose PO	Glucose [Moles/volume] in Serum or Plasma --3 hours post 100 g glucose PO	CHAL
915	28008-1	3036319	Cytomegalovirus DNA [Presence] in Blood by Probe with signal amplification	Cytomegalovirus DNA [Presence] in Blood by Probe & signal amplification method	MICRO
916	6244-8	3037475	Sheep Sorrel IgE Ab [Units/volume] in Serum	Sheep Sorrel IgE Ab [Units/volume] in Serum	Allergy
917	6219-0	3005333	Pork IgE Ab [Units/volume] in Serum	Pork IgE Ab [Units/volume] in Serum	Allergy
918	11050-2	3019812	Kappa light chains [Mass/volume] in Serum or Plasma	Immunoglobulin light chains.kappa [Mass/volume] in Serum	Chem
919	783-1	3011587	Promyelocytes/Leukocytes in Blood by Manual count	Promyelocytes/100 leukocytes in Blood by Manual count	HEM/BC
920	70207-6	42868681	Estrogen [Moles/volume] in Serum or Plasma	Estrogen [Moles/volume] in Serum or Plasma	Chem
921	11064-3	3034104	Urea nitrogen [Mass/volume] in Serum or Plasma --post dialysis	Urea nitrogen [Mass/volume] in Serum or Plasma --post dialysis	Chem
922	6273-7	3006451	Walnut IgE Ab [Units/volume] in Serum	Walnut IgE Ab [Units/volume] in Serum	Allergy
923	14638-1	3011692	Calculus analysis [Interpretation] in Stone	Calculus analysis [interpretation] in Stone	Chem
924	8191-9	3026225	Cocaine [Presence] in Serum or Plasma by Screen method	Cocaine [Presence] in Serum or Plasma by Screen method	DRUG/TOX
925	13068-2	3024536	Nuclear Ab pattern [Interpretation] in Serum by Immunofluorescence	Nuclear Ab pattern [interpretation] in Serum by Immunofluorescence	SERO
926	8149-7	3011672	Amphetamines [Presence] in Serum or Plasma by Screen method	Amphetamines [Presence] in Serum or Plasma by Screen method	DRUG/TOX
927	6153-1	3005235	Kentucky blue grass IgE Ab [Units/volume] in Serum	Kentucky blue grass IgE Ab [Units/volume] in Serum	Allergy
928	14756-1	3015024	Glucose [Moles/volume] in Serum or Plasma --1 hour post dose glucose	Glucose [Moles/volume] in Serum or Plasma --1 hour post dose glucose	CHAL
929	26524-9	3021440	Promyelocytes/Leukocytes in Blood	Promyelocytes/100 leukocytes in Blood	HEM/BC
930	8234-7	3018748	Phencyclidine [Presence] in Meconium by Screen method	Phencyclidine [Presence] in Meconium by Screen method	DRUG/TOX
931	11065-0	3022164	Urea nitrogen [Mass/volume] in Serum or Plasma --pre dialysis	Urea nitrogen [Mass/volume] in Serum or Plasma --pre dialysis	Chem
932	19141-1	3011802	Propoxyphene [Presence] in Urine	Propoxyphene [Presence] in Urine	DRUG/TOX
933	19415-9	3000201	Tetrahydrocannabinol [Presence] in Urine by Screen method	Tetrahydrocannabinol [Presence] in Urine by Screen method	DRUG/TOX
934	35741-8	3034548	Prostate specific Ag [Mass/volume] in Serum or Plasma by Detection limit <= 0.01 ng/mL	Prostate specific Ag [Mass/volume] in Serum or Plasma by Detection limit = 0.01 ng/mL	Chem
935	6265-3	3003888	Timothy IgE Ab [Units/volume] in Serum	Timothy IgE Ab [Units/volume] in Serum	Allergy
936	6233-1			Rough Pigweed IgE Ab [Units/volume] in Serum	Allergy
937	39796-8	3038531	Vancomycin [Moles/volume] in Serum or Plasma --peak	Vancomycin [Moles/volume] in Serum or Plasma --peak	DRUG/TOX
937	4090-7	3011461	Vancomycin [Mass/volume] in Serum or Plasma --peak	Vancomycin [Mass/volume] in Serum or Plasma --peak	DRUG/TOX
938	2026-3	3009609	Carbon dioxide, total [Moles/volume] in Arterial blood	Carbon dioxide, total [Moles/volume] in Arterial blood	Chem
939	2714-4	3014007	Fractional oxyhemoglobin in Arterial blood	Fractional oxyhemoglobin in Arterial blood	Chem
940	22131-7	3013859	Borrelia burgdorferi IgG+IgM Ab [Presence] in Serum	Borrelia burgdorferi IgG+IgM Ab [Presence] in Serum	MICRO
941	5404-9	3024489	Varicella zoster virus IgM Ab [Units/volume] in Serum by Immunoassay	Varicella zoster virus IgM Ab [Units/volume] in Serum by Immunoassay	MICRO
942	14905-4	3013005	Retinol [Moles/volume] in Serum or Plasma	Retinol [Moles/volume] in Serum or Plasma	Chem
943	33718-8	3043109	Cytology report of Tissue fine needle aspirate Cyto stain	Cytology report of Tissue fine needle aspirate Cyto stain	CYTO
944	8112-5	3027831	CD3-CD16+CD56+ (Natural killer) cells/cells in Blood	CD3-CD16+CD56+ (Natural killer) cells/100 cells in Blood	CELLMARK
945	19774-9	3010908	Cytology study comment Cervical or vaginal smear or scraping Cyto stain	Cytology study comment Cervical or vaginal smear or scraping Cyto stain	CYTO
946	19128-8	3009986	Bacteria identified in Catheter tip by Culture	Bacteria identified in Catheter tip by Culture	MICRO
947	6281-0	3026212	White mulberry IgE Ab [Units/volume] in Serum	White mulberry IgE Ab [Units/volume] in Serum	Allergy
948	24013-5	3006826	HIV 1 RNA [Interpretation] in Serum	HIV 1 RNA [interpretation] in Serum	MICRO
949	17780-8	3016100	Helicobacter pylori Ag [Presence] in Stool by Immunoassay	Helicobacter pylori Ag [Presence] in Stool by Immunoassay	MICRO
950	13169-8	3000265	Immunoelectrophoresis for Serum or Plasma	Immunoelectrophoresis [interpretation] for Serum or Plasma	Chem
951	15210-8	3024857	Thyroglobulin Ab [Presence] in Serum	Thyroglobulin Ab [Presence] in Serum	SERO
952	4532-8	3028461	Complement total hemolytic CH50 [Units/volume] in Serum or Plasma	Complement total hemolytic CH50 [Units/volume] in Serum or Plasma	HEM/BC
953	2748-2	3018672	pH of Body fluid	pH of Body fluid	Chem
954	26513-2	3014502	Neutrophils/Leukocytes in Body fluid	Neutrophils/100 leukocytes in Body fluid	HEM/BC
955	8130-7	3023116	CD45 (Lymphs) cells/cells in Blood	CD45 (Lymphs) cells/100 cells in Blood	CELLMARK
956	11276-3	3002650	Tubular cells [Presence] in Urine sediment by Light microscopy	Tubular cells [Presence] in Urine sediment by Light microscopy	UA
957	25458-1	3037826	lamoTRIgine [Moles/volume] in Serum or Plasma	Lamotrigine [Moles/volume] in Serum or Plasma	DRUG/TOX
958	29641-8	3003398	Neutrophil Cytoplasmic Ab atypical [Presence] in Serum by Immunofluorescence	Neutrophil Cytoplasmic Ab atypical [Presence] in Serum by Immunofluorescence	SERO
959	5034-4	3026690	Streptococcus agalactiae rRNA [Presence] in Specimen by Probe	Streptococcus agalactiae rRNA [Presence] in Unspecified specimen by DNA probe	MICRO
960	773-2			Nucleated erythrocytes/100 erythrocytes in Blood by Manual count	HEM/BC
961	35383-9	3035826	Galactomannan Ag [Units/volume] in Serum or Plasma	Galactomannan Ag [Units/volume] in Serum or Plasma	MICRO
962	22587-0	3019832	Treponema pallidum Ab [Presence] in Serum	Treponema pallidum Ab [Presence] in Serum	MICRO
963	6178-8	3016459	Mountain Juniper IgE Ab [Units/volume] in Serum	Mountain Juniper IgE Ab [Units/volume] in Serum	Allergy
964	11266-4	3022008	Streptococcus agalactiae Ag [Presence] in Specimen	Streptococcus agalactiae Ag [Presence] in Unspecified specimen	MICRO
965	22746-2	3003506	Gentamicin [Moles/volume] in Serum or Plasma --peak	Gentamicin [Moles/volume] in Serum or Plasma --peak	DRUG/TOX
965	3663-2	3009917	Gentamicin [Mass/volume] in Serum or Plasma --peak	Gentamicin [Mass/volume] in Serum or Plasma --peak	DRUG/TOX
966	1927-3	3002032	Base excess in Venous blood by calculation	Base excess in Venous blood	Chem
967	5247-2	3026652	Mitochondria Ab [Titer] in Serum by Immunofluorescence	Mitochondria Ab [Titer] in Serum by Immunofluorescence	SERO
968	5126-8	3003526	Cytomegalovirus IgM Ab [Units/volume] in Serum or Plasma by Immunoassay	Cytomegalovirus IgM Ab [Units/volume] in Serum by Immunoassay	MICRO
969	48378-4	3053209	Kappa light chains.free/Lambda light chains.free [Mass Ratio] in Serum	Immunoglobulin light chains.kappa.free/Immunoglobulin light chains.lambda.free [Mass Ratio] in Serum	Chem
970	15069-8	3019839	Fructosamine [Moles/volume] in Serum or Plasma	Fructosamine [Moles/volume] in Serum or Plasma	Chem
971	15218-1	3021101	Food Allergen Mix 2 (Cod+Blue Mussel+Shrimp+Salmon+Tuna) IgE Ab [Presence] in Serum by Multidisk	Food Allergen Mix 2 (Cod+Blue Mussel+Shrimp+Salmon+Tuna) IgE Ab [Presence] in Serum by Multidisk	Allergy
972	28005-7	3002197	MTHFR gene c.677C>T [Genotype] in Blood or Tissue by Molecular genetics method Nominal	MTHFR gene p.C677T [Presence] in Blood or Tissue by Molecular genetics method	MOLPATH.MUT
973	8014-3	3016999	Rubella virus IgG Ab [Units/volume] in Serum	Rubella virus IgG Ab [Units/volume] in Serum	MICRO
974	14912-0	3012265	Smudge cells/Leukocytes in Blood by Manual count	Smudge cells/100 leukocytes in Blood by Manual count	HEM/BC
975	12230-9	3005087	Macrophages/Leukocytes in Body fluid by Manual count	Macrophages/100 leukocytes in Body fluid by Manual count	HEM/BC
976	27038-9	3019583	Endomysium IgA Ab [Titer] in Serum by Immunofluorescence	Endomysium IgA Ab [Titer] in Serum by Immunofluorescence	SERO
977	20573-2	3016133	Histoplasma capsulatum mycelial phase Ab [Titer] in Serum by Complement fixation	Histoplasma capsulatum mycelial phase Ab [Titer] in Serum by Complement fixation	MICRO
978	6246-3	3021226	Shrimp IgE Ab [Units/volume] in Serum	Shrimp IgE Ab [Units/volume] in Serum	Allergy
979	42176-8	3034360	1,3 beta glucan [Mass/volume] in Serum	1,3 beta glucan [Mass/volume] in Serum	MICRO
980	19075-1	3004206	Cells Counted Total [#] in Cerebral spinal fluid	Cells Counted Total [#] in Cerebral spinal fluid	HEM/BC
981	33910-1	3043745	Rheumatoid factor [Presence] in Serum	Rheumatoid factor [Presence] in Serum	SERO
982	9822-8	3024362	Bacteria identified in Dialysis fluid by Culture	Bacteria identified in Dialysis fluid by Culture	MICRO
983	931-6	3025721	Blood product source [Type]	Blood product source [Type]	BLDBK
984	32140-6	3000061	Hemoglobin F [Presence] in Blood by Kleihauer-Betke method	Hemoglobin F [Presence] in Blood by Kleihauer-Betke method	HEM/BC
985	53982-5	3039162	Centromere protein B Ab [Units/volume] in Serum	Centromere protein B Ab [Units/volume] in Serum	SERO
986	51775-5	3038470	Chromatin Ab [Units/volume] in Serum or Plasma	Chromatin Ab [Units/volume] in Serum or Plasma	SERO
987	19295-5	3015208	Opiates [Presence] in Urine by Screen method	Opiates [Presence] in Urine by Screen method	DRUG/TOX
988	24011-9	3004819	Hepatitis C virus Ab band pattern [Interpretation] in Serum by Immunoblot	Hepatitis C virus Ab band pattern [interpretation] in Serum by Immunoblot (IB)	MICRO
989	5187-0			Hepatitis B virus core Ab [Units/volume] in Serum by Immunoassay	MICRO
990	2963-7	3023709	Somatotropin [Mass/volume] in Serum or Plasma	Somatotropin [Mass/volume] in Serum or Plasma	Chem
991	13530-1	3006032	Nucleated erythrocytes [#/volume] in Body fluid by Manual count	Nucleated erythrocytes [#/volume] in Body fluid by Manual count	HEM/BC
992	6082-2	3000876	Codfish IgE Ab [Units/volume] in Serum	Codfish IgE Ab [Units/volume] in Serum	Allergy
993	6156-4	3002479	Goosefoot IgE Ab [Units/volume] in Serum	Goosefoot IgE Ab [Units/volume] in Serum	Allergy
994	6186-1	3018194	Nettle IgE Ab [Units/volume] in Serum	Nettle IgE Ab [Units/volume] in Serum	Allergy
995	11565-9	3015302	Jo-1 extractable nuclear Ab [Units/volume] in Serum	Jo-1 extractable nuclear Ab [Units/volume] in Serum	SERO
996	30376-8	3005105	Blasts [#/volume] in Blood	Blasts [#/volume] in Blood	HEM/BC
997	35676-6	3037311	Chloride [Moles/volume] in Urine collected for unspecified duration	Chloride [Moles/volume] in unspecified time Urine	Chem
998	32637-1	3046322	Urease [Presence] in Tissue	Urease [Presence] in Tissue	MICRO
999	46248-1	3052257	Borrelia burgdorferi IgG and IgM [Interpretation] in Serum by Immunoassay	Borrelia burgdorferi IgG & IgM [interpretation] in Serum by Immunoassay	MICRO
1000	1721-0	3035902	Adenosine triphosphate [Mass/volume] in Blood	Adenosine triphosphate [Mass/volume] in Blood	Chem
1001	9780-8	3000606	Spermatozoa [#/volume] in Semen	Spermatozoa [#/volume] in Semen	FERT
1002	6002-0	3019461	Platelet factor 4 [Units/volume] in Platelet poor plasma	Platelet factor 4 [Units/volume] in Platelet poor plasma	COAG
1003	6014-5	3037533	von Willebrand factor (vWf) ristocetin cofactor actual/normal in Platelet poor plasma by Platelet aggregation	von Willebrand factor (vWf) ristocetin cofactor actual/normal in Platelet poor plasma by Aggregation	COAG
1004	20475-0	3038184	Cytomegalovirus IgG Ab [Interpretation] in Serum or Plasma	Cytomegalovirus IgG Ab [interpretation] in Serum	MICRO
1005	33248-6			Diabetes status [Identifier]	MISC
1006	33006-8	3033230	Cytomegalovirus DNA [#/volume] (viral load) in Specimen by NAA with probe detection	Cytomegalovirus DNA [#/volume] (viral load) in Unspecified specimen by Probe & target amplification method	MICRO
1007	22415-4	3028498	Mumps virus IgG Ab [Presence] in Serum	Mumps virus IgG Ab [Presence] in Serum	MICRO
1008	6476-6	3011781	Mumps virus IgG Ab [Presence] in Serum by Immunoassay	Mumps virus IgG Ab [Presence] in Serum by Immunoassay	MICRO
1009	49053-2			History of neural tube defect Narrative	Chem
1010	21024-5	3012320	Pathologist interpretation of Cerebral spinal fluid tests	Pathologist interpretation of Cerebral spinal fluid tests	PATH
1012	13522-8	3007708	Blasts/Leukocytes in Body fluid by Manual count	Blasts/100 leukocytes in Body fluid by Manual count	HEM/BC
1013	5274-6	3020147	Parvovirus B19 IgM Ab [Units/volume] in Serum by Immunoassay	Parvovirus B19 IgM Ab [Units/volume] in Serum by Immunoassay	MICRO
1014	5273-8	3020457	Parvovirus B19 IgG Ab [Units/volume] in Serum by Immunoassay	Parvovirus B19 IgG Ab [Units/volume] in Serum by Immunoassay	MICRO
1015	13992-3	3010926	Albumin/Protein.total in Urine by Electrophoresis	Albumin/Protein.total in Urine by Electrophoresis	Chem
1016	5393-4	3004772	Treponema pallidum Ab [Presence] in Serum by Immunofluorescence	Treponema pallidum Ab [Presence] in Serum by Immunofluorescence	MICRO
1017	13990-7	3026665	Alpha 1 globulin/Protein.total in Urine by Electrophoresis	Alpha 1 globulin/Protein.total in Urine by Electrophoresis	Chem
1018	801-1	3020412	Sickle cells [Presence] in Blood by Light microscopy	Sickle cells [Presence] in Blood by Light microscopy	HEM/BC
1019	14582-1	3020710	Acetone [Moles/volume] in Serum or Plasma	Acetone [Moles/volume] in Serum or Plasma	DRUG/TOX
1020	7407-0	3003158	White Hickory IgE Ab [Units/volume] in Serum	White Hickory IgE Ab [Units/volume] in Serum	Allergy
1021	46420-6	3050658	Leukocyte clumps [#/area] in Urine sediment by Microscopy high power field	Leukocyte clumps [#/area] in Urine sediment by Microscopy high power field	UA
1022	30471-7	3020666	levETIRAcetam [Mass/volume] in Serum or Plasma	Levetiracetam [Mass/volume] in Serum or Plasma	DRUG/TOX
1023	40750-2	3038554	Epstein Barr virus capsid IgG Ab [Presence] in Serum by Immunofluorescence	Epstein Barr virus capsid IgG Ab [Presence] in Serum by Immunofluorescence	MICRO
1024	6019-4	3016031	Almond IgE Ab [Units/volume] in Serum	Almond IgE Ab [Units/volume] in Serum	Allergy
1025	41874-9	3034683	White Birch IgE Ab [Units/volume] in Serum	White Birch IgE Ab [Units/volume] in Serum	Allergy
1026	2466-1	3027135	IgG subclass 1 [Mass/volume] in Serum	IgG subclass 1 [Mass/volume] in Serum	Chem
1027	6968-2	3009445	Proteinase 3 Ab [Units/volume] in Serum	Proteinase 3 Ab [Units/volume] in Serum	SERO
1028	42768-2	3031537	HIV 1 and 2 Ab [Interpretation] in Serum Narrative	HIV 1 & 2 Ab [interpretation] in Serum Narrative	MICRO
1029	16126-5	3013058	Helicobacter pylori IgG Ab [Presence] in Serum	Helicobacter pylori IgG Ab [Presence] in Serum	MICRO
1030	11258-1	3014700	Hepatitis B virus DNA [Units/volume] in Serum	Hepatitis B virus DNA [Units/volume] in Serum	MICRO
1031	667-6	3012096	Microscopic observation [Identifier] in Specimen by KOH preparation	Microscopic observation [Identifier] in Unspecified specimen by KOH preparation	MICRO
1032	1747-5	3025313	Albumin [Mass/volume] in Body fluid	Albumin [Mass/volume] in Body fluid	Chem
1033	9586-9	3024784	Borrelia burgdorferi Ab [Interpretation] in Serum	Borrelia burgdorferi Ab [interpretation] in Serum	MICRO
1034	681-7	3017196	Microscopic observation [Identifier] in Specimen by Wright stain	Microscopic observation [Identifier] in Unspecified specimen by Wright stain	MICRO
1035	6942-7	3008512	Albumin [Mass/volume] in Urine by Electrophoresis	Albumin [Mass/volume] in Urine by Electrophoresis	Chem
1036	6969-0	3023150	Myeloperoxidase Ab [Units/volume] in Serum	Myeloperoxidase Ab [Units/volume] in Serum	SERO
1037	6183-8	3008401	Mugwort IgE Ab [Units/volume] in Serum	Mugwort IgE Ab [Units/volume] in Serum	Allergy
1038	3719-2	3025696	Lithium [Mass/volume] in Serum or Plasma	Lithium [Mass/volume] in Serum or Plasma	DRUG/TOX
1039	2469-5	3024980	IgG subclass 4 [Mass/volume] in Serum	IgG subclass 4 [Mass/volume] in Serum	Chem
1040	2467-9	3028192	IgG subclass 2 [Mass/volume] in Serum	IgG subclass 2 [Mass/volume] in Serum	Chem
1041	2468-7	3024139	IgG subclass 3 [Mass/volume] in Serum	IgG subclass 3 [Mass/volume] in Serum	Chem
1042	32146-3	3034118	Platelets Large [Presence] in Blood by Light microscopy	Platelets Large [Presence] in Blood by Light microscopy	HEM/BC
1043	14277-8	3004383	Neutrophil cytoplasmic Ab.classic [Titer] in Serum by Immunofluorescence	Neutrophil cytoplasmic Ab.classic [Titer] in Serum by Immunofluorescence	SERO
1044	14278-6	3003284	Neutrophil cytoplasmic Ab.perinuclear [Titer] in Serum by Immunofluorescence	Neutrophil cytoplasmic Ab.perinuclear [Titer] in Serum by Immunofluorescence	SERO
1045	12180-6	3013784	Calcium.ionized [Moles/volume] in Serum or Plasma by Ion-selective membrane electrode (ISE)	Calcium.ionized [Moles/volume] in Serum or Plasma by Ion-selective membrane electrode (ISE)	Chem
1046	48344-6	3052019	Activated clotting time.kaolin induced of Platelet poor plasma	Kaolin activated time in Platelet poor plasma	COAG
1047	28637-7	3018759	Base deficit in Venous cord blood	Base deficit in Venous cord blood	Chem
1048	18500-9	3018006	Microscopic observation [Identifier] in Cervix by Cyto stain.thin prep	Microscopic observation [Identifier] in Cervix by Cyto stain.thin prep	CYTO
1049	13987-3	3027978	Alpha 2 globulin/Protein.total in 24 hour Urine by Electrophoresis	Alpha 2 globulin/Protein.total in 24 hour Urine by Electrophoresis	Chem
1050	13989-9	3011295	Gamma globulin/Protein.total in 24 hour Urine by Electrophoresis	Gamma globulin/Protein.total in 24 hour Urine by Electrophoresis	Chem
1051	78012-2	21491660	Streptococcus pyogenes Ag [Presence] in Throat by Rapid immunoassay	Streptococcus pyogenes Ag [Presence] in Throat by Rapid immunoassay	MICRO
1052	34661-9	3032370	Actin IgG Ab [Units/volume] in Serum or Plasma	Actin IgG Ab [Units/volume] in Serum or Plasma	SERO
1053	41274-2	3038294	Alpha-1-Fetoprotein interpretation in Serum or Plasma	Alpha-1-Fetoprotein interpretation [interpretation] in Serum or Plasma	Chem
1054	33719-6	3046857	Flow cytometry study	Flow cytometry study	ATTACH.CLINRPT
1055	5158-1	3004756	Epstein Barr virus capsid IgG Ab [Titer] in Serum by Immunofluorescence	Epstein Barr virus capsid IgG Ab [Titer] in Serum by Immunofluorescence	MICRO
1056	24476-4	3011836	F2 gene mutations found [Identifier] in Blood or Tissue by Molecular genetics method Nominal	F2 gene mutations found [Identifier] in Blood or Tissue by Molecular genetics method Nominal	MOLPATH.MUT
1057	14929-4	3027828	Triiodothyronine (T3).reverse [Moles/volume] in Serum or Plasma	Triiodothyronine (T3).reverse [Moles/volume] in Serum or Plasma	Chem
1058	25700-6	3037756	Immunofixation for Serum or Plasma	Immunofixation [interpretation] for Serum or Plasma	Chem
1059	14915-3	3018851	Theophylline [Moles/volume] in Serum or Plasma	Theophylline [Moles/volume] in Serum or Plasma	DRUG/TOX
1060	11878-6			Number of fetuses by US	OB.US
1061	14676-1	3023030	Cortisol Free [Moles/time] in 24 hour Urine	Cortisol Free [Moles/time] in 24 hour Urine	Chem
1062	21020-3	3024447	Bacteria identified in Specimen by Anaerobe+Aerobe culture	Bacteria identified in Unspecified specimen by Anaerobe+Aerobe culture	MICRO
1063	19108-0	3000062	Histoplasma capsulatum Ag [Presence] in Serum	Histoplasma capsulatum Ag [Presence] in Serum	MICRO
1064	44525-4	3045349	Histoplasma capsulatum Ag [Presence] in Serum by Immunoassay	Histoplasma capsulatum Ag [Presence] in Serum by Immunoassay	MICRO
1065	2115-4	3019497	Choriogonadotropin.beta subunit free [Moles/volume] in Serum or Plasma	Choriogonadotropin.beta subunit free [Moles/volume] in Serum or Plasma	Chem
1066	32167-9	3008204	Clarity of Urine	Clarity of Urine	SPEC
1067	26518-1			Polymorphonuclear cells/100 leukocytes in Body fluid	HEM/BC
1068	19076-9	3006892	Cells Counted Total [#] in Specimen	Cells Counted Total [#] in Unspecified specimen	HEM/BC
1069	33673-5	3046008	Thrombin time.factor substitution in Platelet poor plasma by Coagulation assay --immediately after addition of protamine sulfate	Thrombin time.factor substitution in Platelet poor plasma by Coagulation assay --immediately after addition of protamine sulfate	COAG
1070	32133-1	3005491	Lactate [Moles/volume] in Plasma venous	Lactate [Moles/volume] in Plasma venous	Chem
1071	12286-1	3011288	Drugs identified in Urine by Screen method Nominal	Drugs identified in Urine by Screen method	DRUG/TOX
1072	6263-8	3018849	American Sycamore IgE Ab [Units/volume] in Serum	American Sycamore IgE Ab [Units/volume] in Serum	Allergy
1073	5095-5	3021763	Coccidioides immitis Ab [Presence] in Serum by Immune diffusion (ID)	Coccidioides immitis Ab [Presence] in Serum by Immune diffusion (ID)	MICRO
1074	8187-7	3026091	Benzoylecgonine [Presence] in Meconium	Benzoylecgonine [Presence] in Meconium	DRUG/TOX
1075	13994-9	3009565	Beta globulin/Protein.total in Urine by Electrophoresis	Beta globulin/Protein.total in Urine by Electrophoresis	Chem
1076	26523-1	3022709	Promyelocytes [#/volume] in Blood	Promyelocytes [#/volume] in Blood	HEM/BC
1077	6098-8	3014133	Dog dander IgE Ab [Units/volume] in Serum	Dog dander IgE Ab [Units/volume] in Serum	Allergy
1078	22310-7	3038177	Helicobacter pylori Ab [Presence] in Serum	Helicobacter pylori Ab [Presence] in Serum	MICRO
1079	20124-4	3004921	Ventilation mode Ventilator	Ventilation mode [Identifier] Ventilator	PULM
1080	6107-7	3015123	Egg yolk IgE Ab [Units/volume] in Serum	Egg yolk IgE Ab [Units/volume] in Serum	Allergy
1081	6604-3	3023788	Influenza virus identified in Specimen by Organism specific culture	Influenza virus identified in Unspecified specimen by Organism specific culture	MICRO
1082	28647-6	3022670	pH of Venous cord blood	pH of Venous cord blood	Chem
1083	6800-7	3017840	Spermatozoa Motile/Spermatozoa in Semen	Spermatozoa Motile/100 spermatozoa in Semen	FERT
1084	6718-1	3007015	Cashew nut IgE Ab [Units/volume] in Serum	Cashew Nut IgE Ab [Units/volume] in Serum	Allergy
1085	5181-3	3027245	Hepatitis A virus IgM Ab [Units/volume] in Serum by Immunoassay	Hepatitis A virus IgM Ab [Units/volume] in Serum by Immunoassay	MICRO
1086	1961-2	3015235	Bicarbonate [Moles/volume] in Capillary blood	Bicarbonate [Moles/volume] in Capillary blood	Chem
1087	28646-8	3006598	pH of Arterial cord blood	pH of Arterial cord blood	Chem
1088	11051-0	3004640	Lambda light chains [Mass/volume] in Serum or Plasma	Immunoglobulin light chains.lambda [Mass/volume] in Serum	Chem
1089	32032-5	3025466	Phosphatidylserine IgG Ab [Units/volume] in Serum by Immunoassay	Phosphatidylserine IgG Ab [Units/volume] in Serum by Immunoassay	COAG
1090	25362-5	3009630	Calcium [Moles/volume] in 24 hour Urine	Calcium [Moles/volume] in 24 hour Urine	Chem
1091	7793-3	3002620	Howell-Jolly bodies [Presence] in Blood by Light microscopy	Howell-Jolly bodies [Presence] in Blood by Light microscopy	HEM/BC
1092	35668-3	3035510	Gentamicin [Mass/volume] in Serum or Plasma	Gentamicin [Mass/volume] in Serum or Plasma	DRUG/TOX
1092	47109-4	3053140	Gentamicin [Moles/volume] in Serum or Plasma	Gentamicin [Moles/volume] in Serum or Plasma	DRUG/TOX
1093	11274-8	3000493	Elliptocytes [Presence] in Blood by Light microscopy	Elliptocytes [Presence] in Blood by Light microscopy	HEM/BC
1094	46995-7	3048411	HLA-DP+DQ+DR (class II) Ab in Serum	HLA-DP+DQ+DR (class II) Ab in Serum	HLA
1095	46994-0	3048757	HLA-A+B+C (class I) Ab in Serum	HLA-A+B+C (class I) Ab in Serum	HLA
1096	6208-3	3013226	Pecan or Hickory Nut IgE Ab [Units/volume] in Serum	Pecan or Hickory Nut IgE Ab [Units/volume] in Serum	Allergy
1097	17851-7	3015864	Herpes simplex virus 2 IgG Ab [Presence] in Serum	Herpes simplex virus 2 IgG Ab [Presence] in Serum	MICRO
1098	43180-9	3045041	Herpes simplex virus 2 IgG Ab [Presence] in Serum or Plasma by Immunoassay	Herpes simplex virus 2 IgG Ab [Presence] in Serum by Immunoassay	MICRO
1099	30166-3	3036567	Thyroid stimulating immunoglobulins actual/normal in Serum	Thyroid stimulating immunoglobulins actual/normal in Serum	Chem
1100	9631-3	3035464	Viscosity of Semen	Viscosity of Semen	SPEC
1101	10585-8	3003898	Round cells [#/volume] in Semen	Round cells [#/volume] in Semen	FERT
1102	33217-1	3028896	Spermatozoa Agglutinated [Presence] in Semen	Spermatozoa Agglutinated [Presence] in Semen	FERT
1103	5218-3	3012071	Histoplasma capsulatum Ab [Presence] in Serum by Immune diffusion (ID)	Histoplasma capsulatum Ab [Presence] in Serum by Immune diffusion (ID)	MICRO
1104	27822-6	3036669	Protein S actual/normal in Platelet poor plasma by Coagulation assay	Protein S actual/normal in Platelet poor plasma by Coagulation assay	COAG
1105	17793-1	3024472	Immunoglobulin light chains [Mass/volume] in 24 hour Urine	Immunoglobulin light chains [Mass/volume] in 24 hour Urine	Chem
1106	17850-9	3009088	Herpes simplex virus 1 IgG Ab [Presence] in Serum	Herpes simplex virus 1 IgG Ab [Presence] in Serum	MICRO
1107	51916-5	3039971	Herpes simplex virus 1 IgG Ab [Presence] in Serum or Plasma by Immunoassay	Herpes simplex virus 1 IgG Ab [Presence] in Serum by Immunoassay	MICRO
1108	31844-4	3027974	Hepatitis B virus e Ag [Presence] in Serum	Hepatitis B virus e Ag [Presence] in Serum	MICRO
1109	20450-3	3024370	Alpha-1-Fetoprotein [Multiple of the median] in Serum or Plasma	Alpha-1-Fetoprotein [Multiple of the median] in Serum or Plasma	Chem
1110	48343-8	3051396	Hemoglobin.other/Hemoglobin.total in Blood	Hemoglobin.other/Hemoglobin.total in Blood	HEM/BC
1111	5160-7	3016812	Epstein Barr virus capsid IgM Ab [Titer] in Serum by Immunofluorescence	Epstein Barr virus capsid IgM Ab [Titer] in Serum by Immunofluorescence	MICRO
1112	29615-2	3027346	Hepatitis B virus DNA [#/volume] (viral load) in Serum or Plasma by NAA with probe detection	Hepatitis B virus DNA [#/volume] (viral load) in Serum or Plasma by Probe & target amplification method	MICRO
1113	21032-8	3014391	Thrombin time [Interpretation] in Blood	Thrombin time [interpretation] in Blood	COAG
1114	5791-9	3024093	Fungi.yeastlike [#/area] in Urine sediment by Microscopy high power field	Fungi.yeastlike [#/area] in Urine sediment by Microscopy high power field	UA
1115	20423-0	3017968	Beta lactamase organism identified in Isolate	Beta lactamase organism identified in Isolate	MICRO
1116	8146-3	3034151	Amphetamines [Presence] in Meconium by Screen method	Amphetamines [Presence] in Meconium by Screen method	DRUG/TOX
1117	20991-6	3022519	Antithrombin [Interpretation] in Platelet poor plasma	Antithrombin [interpretation] in Platelet poor plasma	COAG
1118	33720-4			Blood bank consult	ATTACH.CLINRPT
1119	2483-6	3027370	Insulin-like growth factor binding protein 3 [Mass/volume] in Serum or Plasma	Insulin-like growth factor binding protein 3 [Mass/volume] in Serum or Plasma	Chem
1120	34712-0	3032057	Clostridioides difficile [Presence] in Stool	Clostridium difficile [Presence] in Stool	MICRO
1121	33594-3	3043136	Platelet factor 4 [Presence] in Platelet poor plasma	Platelet factor 4 [Presence] in Platelet poor plasma	COAG
1122	8169-5	3005973	Tetrahydrocannabinol [Presence] in Meconium by Screen method	Tetrahydrocannabinol [Presence] in Meconium by Screen method	DRUG/TOX
1123	22663-9	3014339	Estrone (E1) [Moles/volume] in Serum or Plasma	Estrone (E1) [Moles/volume] in Serum or Plasma	Chem
1124	17849-1	3007124	Reticulocytes/Erythrocytes in Blood by Automated count	Reticulocytes/100 erythrocytes in Blood by Automated count	HEM/BC
1125	8216-4	3038226	Opiates [Presence] in Meconium by Screen method	Opiates [Presence] in Meconium by Screen method	DRUG/TOX
1126	27816-8	3036035	von Willebrand factor (vWf) Ag actual/normal in Platelet poor plasma by Immunoassay	von Willebrand factor (vWf) Ag actual/normal in Platelet poor plasma by Immunologic method	COAG
1127	8116-6	3010503	CD19 cells [#/volume] in Blood	CD19 cells [#/volume] in Blood	CELLMARK
1128	7798-2	3036792	Smudge cells [Presence] in Blood by Light microscopy	Smudge cells [Presence] in Blood by Light microscopy	HEM/BC
1129	9795-6	3014880	Composition in Stone	Composition in Stone	PATH
1130	5390-0	3017382	Toxoplasma gondii IgM Ab [Units/volume] in Serum by Immunoassay	Toxoplasma gondii IgM Ab [Units/volume] in Serum by Immunoassay	MICRO
1131	32218-0	3034717	Cyclic citrullinated peptide Ab [Units/volume] in Serum by Immunoassay	Cyclic citrullinated peptide Ab [Units/volume] in Serum by Immunoassay	SERO
1132	46266-3	3049398	Myeloperoxidase Ab [Units/volume] in Serum by Immunoassay	Myeloperoxidase Ab [Units/volume] in Serum by Immunoassay	SERO
1133	20479-2	3013339	Measles virus IgG Ab [Presence] in Serum	Measles virus IgG Ab [Presence] in Serum	MICRO
1134	35275-7	3032029	Measles virus IgG Ab [Presence] in Serum by Immunoassay	Measles virus IgG Ab [Presence] in Serum by Immunoassay	MICRO
1135	5781-0	3022683	Crystals [type] in Synovial fluid by Light microscopy	Crystals [type] in Synovial fluid by Light microscopy	HEM/BC
1136	26043-0	3036779	HLA-B27 [Presence] by NAA with probe detection	HLA-B27 [Presence] by Probe & target amplification method	HLA
1137	16136-4	3014300	Beta 2 glycoprotein 1 IgM Ab [Units/volume] in Serum	Beta 2 glycoprotein 1 IgM Ab [Units/volume] in Serum	SERO
1138	44449-7	3046171	Beta 2 glycoprotein 1 IgM Ab [Units/volume] in Serum or Plasma by Immunoassay	Beta 2 glycoprotein 1 IgM Ab [Units/volume] in Serum by Immunoassay	SERO
1139	19296-3	3015743	Opiates tested for in Urine by Screen method Nominal	Opiates tested for in Urine by Screen method Nominal	DRUG/TOX
1140	14115-0	3010391	Collagen crosslinked N-telopeptide/Creatinine [Molar ratio] in Urine	Collagen crosslinked N-telopeptide/Creatinine [Molar ratio] in Urine	Chem
1141	14761-1	3012413	Glucose [Moles/volume] in Serum or Plasma --2 hours post meal	Glucose [Moles/volume] in Serum or Plasma --2 hours post meal	CHAL
1142	5290-2	3002446	Reagin Ab [Presence] in Cerebral spinal fluid by VDRL	Reagin Ab [Presence] in Cerebral spinal fluid by VDRL	MICRO
1143	5817-2	3036882	Urate crystals [Presence] in Urine sediment by Light microscopy	Urate crystals [Presence] in Urine sediment by Light microscopy	UA
1144	46267-1	3051669	Proteinase 3 Ab [Units/volume] in Serum by Immunoassay	Proteinase 3 Ab [Units/volume] in Serum by Immunoassay	SERO
1145	2270-7	3022481	Fat [Presence] in Stool	Fat [Presence] in Stool	Chem
1146	6278-6	3028352	White Ash IgE Ab [Units/volume] in Serum	White Ash IgE Ab [Units/volume] in Serum	Allergy
1147	7369-2	3022675	Perennial rye grass IgE Ab [Units/volume] in Serum	Perennial rye grass IgE Ab [Units/volume] in Serum	Allergy
1148	8091-1	3008025	Ribonucleoprotein extractable nuclear Ab [Presence] in Serum	Ribonucleoprotein extractable nuclear Ab [Presence] in Serum	SERO
1149	41222-1	3041432	Yeast [Presence] in Body fluid by Light microscopy	Yeast [Presence] in Body fluid by Light microscopy	MICRO
1150	38505-4	3047500	Thyroglobulin recovery in Serum or Plasma	Thyroglobulin recovery in Serum or Plasma	Chem
1151	16135-6	3018658	Beta 2 glycoprotein 1 IgG Ab [Units/volume] in Serum	Beta 2 glycoprotein 1 IgG Ab [Units/volume] in Serum	SERO
1152	44448-9	3044355	Beta 2 glycoprotein 1 IgG Ab [Units/volume] in Serum or Plasma by Immunoassay	Beta 2 glycoprotein 1 IgG Ab [Units/volume] in Serum by Immunoassay	SERO
1153	6076-4	3000150	Clam IgE Ab [Units/volume] in Serum	Clam IgE Ab [Units/volume] in Serum	Allergy
1154	593-4	3037692	Legionella sp identified in Specimen by Organism specific culture	Legionella sp identified in Unspecified specimen by Organism specific culture	MICRO
1155	33437-5	3043687	Oxygen [Partial pressure] in Capillary blood by Transcutaneous O2 monitor	Oxygen [Partial pressure] in Capillary blood by Transcutaneous O2 monitor	Chem
1156	48683-7	3048882	Streptococcus agalactiae DNA [Presence] in Specimen by NAA with probe detection	Streptococcus agalactiae DNA [Presence] in Unspecified specimen by Probe & target amplification method	MICRO
1157	20574-0	3016375	Histoplasma capsulatum yeast phase Ab [Titer] in Serum by Complement fixation	Histoplasma capsulatum yeast phase Ab [Titer] in Serum by Complement fixation	MICRO
1158	49539-0	3032981	Cytomegalovirus IgM Ab [Presence] in Serum or Plasma by Immunofluorescence	Cytomegalovirus IgM Ab [Presence] in Serum by Immunofluorescence	MICRO
1159	33721-2	3045142	Bone marrow Pathology biopsy report	Bone marrow Pathology biopsy report	ATTACH.CLINRPT
1160	5127-6	3002428	Cytomegalovirus IgM Ab [Titer] in Serum or Plasma by Immunofluorescence	Cytomegalovirus IgM Ab [Titer] in Serum by Immunofluorescence	MICRO
1161	33773-3	3030662	Karyotype [Identifier] in Amniotic fluid Nominal	Karyotype [Identifier] in Amniotic fluid Nominal	MOLPATH
1162	49051-6	3048230	Gestational age in weeks	Gestational age in weeks	OB.US
1163	7789-1	3019416	Acanthocytes [Presence] in Blood by Light microscopy	Acanthocytes [Presence] in Blood by Light microscopy	HEM/BC
1164	8338-6	3013853	Body weight Measured --ante partum	Body weight Measured --ante partum	BDYWGT.MOLEC
1165	5117-7	3021322	Cryoglobulin [Presence] in Serum	Cryoglobulin [Presence] in Serum	Chem
1166	2752-4	3013516	pH of Semen	pH of Semen	Chem
1167	15359-3	3010528	dRVVT actual/normal (normalized LA screen)	dRVVT actual/?normal (normalized LA screen)	COAG
1168	2077-6	3008848	Chloride [Moles/volume] in Sweat	Chloride [Moles/volume] in Sweat	Chem
1169	41499-5	3033152	Legionella pneumophila 1 Ag [Presence] in Urine by Immunoassay	Legionella pneumophila 1 Ag [Presence] in Urine by Immunoassay	MICRO
1170	3141-9	3013762	Body weight Measured	Body weight Measured	BDYWGT.ATOM
1171	5348-8	3000049	SCL-70 extractable nuclear Ab [Presence] in Serum by Immunoassay	SCL-70 extractable nuclear Ab [Presence] in Serum by Immunoassay	SERO
1172	15761-0			Sweetgum IgE Ab RAST class in Serum	Allergy
1173	2615-3	3006217	Methemoglobin/Hemoglobin.total in Arterial blood	Methemoglobin/Hemoglobin.total in Arterial blood	Chem
1174	5053-4	3000830	Aspergillus sp Ab [Titer] in Serum by Complement fixation	Aspergillus sp Ab [Titer] in Serum by Complement fixation	MICRO
1175	33247-8	3045402	Weight of Sweat	Weight of Sweat	SPEC
1176	5183-9	3028662	Hepatitis A virus Ab [Units/volume] in Serum or Plasma by Immunoassay	Hepatitis A virus Ab [Units/volume] in Serum by Immunoassay	MICRO
1177	29893-5	3017675	HIV 1 Ab [Presence] in Serum or Plasma by Immunoassay	HIV 1 Ab [Presence] in Serum by Immunoassay	MICRO
1178	20465-1	3004376	Choriogonadotropin [Multiple of the median] in Serum or Plasma	Choriogonadotropin [Multiple of the median] in Serum or Plasma	Chem
1179	20466-9	3003262	Estriol (E3).unconjugated [Multiple of the median] in Serum or Plasma	Estriol (E3).unconjugated [Multiple of the median] in Serum or Plasma	Chem
1180	38404-0	3050252	CFTR gene targeted mutation analysis in Blood or Tissue by Molecular genetics method	CFTR gene mutation analysis in Blood or Tissue by Molecular genetics method Narrative	MOLPATH.MUT
1181	27923-2	3007561	Coenzyme Q10 [Mass/volume] in Serum or Plasma	Ubiquinone 10 [Mass/volume] in Serum or Plasma	Chem
1182	26512-4	3018562	Neutrophils/Leukocytes in Cerebral spinal fluid	Neutrophils/100 leukocytes in Cerebral spinal fluid	HEM/BC
1183	48039-2	3052922	Fibronectin.fetal [Presence] in Specimen	Fibronectin.fetal [Presence] in Unspecified specimen	Chem
1184	14665-4	3001186	Copper [Moles/volume] in Serum or Plasma	Copper [Moles/volume] in Serum or Plasma	DRUG/TOX
1185	5880-0	3014352	Rotavirus Ag [Presence] in Stool by Immunoassay	Rotavirus Ag [Presence] in Stool by Immunoassay	MICRO
1186	15083-9	3000213	Normetanephrine [Moles/time] in 24 hour Urine	Normetanephrine [Moles/time] in 24 hour Urine	Chem
1187	1924-0	3004559	Base deficit in Venous blood	Base deficit in Venous blood	Chem
1188	49573-9	3032728	HIV genotype [Susceptibility] in Isolate by Genotype method Narrative	HIV genotype [Susceptibility] in Isolate by Genotype method Narrative	ABXBACT
1189	15191-0	3017427	Lupus anticoagulant neutralization dilute phospholipid [Presence] in Platelet poor plasma	Lupus anticoagulant neutralization dilute phospholipid [Presence] in Platelet poor plasma	COAG
1190	5356-1	3001775	Smith extractable nuclear Ab [Presence] in Serum by Immunoassay	Smith extractable nuclear Ab [Presence] in Serum by Immunoassay	SERO
1191	23761-0	3027368	Neutrophils/Leukocytes in Blood by Manual count	Neutrophils/100 leukocytes in Blood by Manual count	HEM/BC
1192	5297-7	3012886	Rheumatoid factor [Presence] in Serum by Latex agglutination	Rheumatoid factor [Presence] in Serum by Latex agglutination	SERO
1193	5301-7	3019942	Ribonucleoprotein extractable nuclear Ab [Presence] in Serum by Immunoassay	Ribonucleoprotein extractable nuclear Ab [Presence] in Serum by Immunoassay	SERO
1194	9783-2	3034704	Ehrlichia chaffeensis IgG Ab [Titer] in Serum	Ehrlichia chaffeensis IgG Ab [Titer] in Serum	MICRO
1195	25156-1	3037579	Eosinophils [Presence] in Urine sediment by Light microscopy	Eosinophils [Presence] in Urine sediment by Light microscopy	UA
1196	19839-0	3026892	Breath rate spontaneous --on ventilator	Breath rate spontaneous --on ventilator	PULM
1197	13539-2	3022229	Phosphate [Moles/volume] in Urine	Phosphate [Moles/volume] in Urine	Chem
1198	13988-1	3013572	Beta globulin/Protein.total in 24 hour Urine by Electrophoresis	Beta globulin/Protein.total in 24 hour Urine by Electrophoresis	Chem
1199	4621-9	3010418	Hemoglobin S [Presence] in Blood	Hemoglobin S [Presence] in Blood	HEM/BC
1200	26471-3	3013727	Leukocytes other/Leukocytes in Blood	Leukocytes other/100 leukocytes in Blood	HEM/BC
1201	46082-4	3046524	Influenza virus A Ag [Presence] in Nasopharynx by Immunoassay	Influenza virus A Ag [Presence] in Nasopharynx by Immunoassay	MICRO
1202	46083-2	3043362	Influenza virus B Ag [Presence] in Nasopharynx by Immunoassay	Influenza virus B Ag [Presence] in Nasopharynx by Immunoassay	MICRO
1203	2357-2	3037524	Glucose-6-Phosphate dehydrogenase [Enzymatic activity/volume] in Red Blood Cells	Glucose-6-Phosphate dehydrogenase [Enzymatic activity/volume] in Red Blood Cells	Chem
1204	28645-0	3007696	Carbon dioxide [Partial pressure] in Venous cord blood	Carbon dioxide [Partial pressure] in Venous cord blood	Chem
1205	39786-9	3042585	Pyridoxine [Moles/volume] in Serum or Plasma	Pyridoxine [Moles/volume] in Serum or Plasma	Chem
1206	5809-9	3020029	Reducing substances [Presence] in Urine	Reducing substances [Presence] in Urine	UA
1207	28649-2	3026677	Oxygen [Partial pressure] in Venous cord blood	Oxygen [Partial pressure] in Venous cord blood	Chem
1208	6825-4	3019347	Crystals [type] in Body fluid by Light microscopy	Crystals [type] in Body fluid by Light microscopy	HEM/BC
1209	20458-6	3005044	Rubella virus IgG Ab [Interpretation] in Serum	Rubella virus IgG Ab [interpretation] in Serum	MICRO
1210	27818-4	3037384	Protein C actual/normal in Platelet poor plasma by Chromogenic method	Protein C actual/normal in Platelet poor plasma by Chromogenic method	COAG
1211	7691-9	3024469	Scallop IgE Ab [Units/volume] in Serum	Scallop IgE Ab [Units/volume] in Serum	Allergy
1212	20474-3	3000716	Bacteria identified in Tissue by Biopsy culture	Bacteria identified in Tissue by Biopsy culture	MICRO
1213	28641-9	3018650	Bicarbonate [Moles/volume] in Venous cord blood	Bicarbonate [Moles/volume] in Venous cord blood	Chem
1214	12234-1	3000598	Mesothelial cells/Leukocytes in Body fluid by Manual count	Mesothelial cells/100 leukocytes in Body fluid by Manual count	HEM/BC
1215	23877-4	3017930	Anaplasma phagocytophilum IgG Ab [Titer] in Serum by Immunofluorescence	Anaplasma phagocytophilum IgG Ab [Titer] in Serum by Immunofluorescence	MICRO
1216	28644-3	3003932	Carbon dioxide [Partial pressure] in Arterial cord blood	Carbon dioxide [Partial pressure] in Arterial cord blood	Chem
1217	2956-1	3002079	Sodium [Moles/time] in 24 hour Urine	Sodium [Moles/time] in 24 hour Urine	Chem
1218	28648-4	3021706	Oxygen [Partial pressure] in Arterial cord blood	Oxygen [Partial pressure] in Arterial cord blood	Chem
1219	14252-1	3005932	Smooth muscle Ab [Presence] in Serum	Smooth muscle Ab [Presence] in Serum	SERO
1220	21108-6	3000194	Beta 2 glycoprotein 1 IgA Ab [Units/volume] in Serum	Beta 2 glycoprotein 1 IgA Ab [Units/volume] in Serum	SERO
1221	44447-1	3045305	Beta 2 glycoprotein 1 IgA Ab [Units/volume] in Serum or Plasma by Immunoassay	Beta 2 glycoprotein 1 IgA Ab [Units/volume] in Serum by Immunoassay	SERO
1222	9784-0	3019963	Ehrlichia chaffeensis IgM Ab [Titer] in Serum	Ehrlichia chaffeensis IgM Ab [Titer] in Serum	MICRO
1223	49701-6	3030091	pH of Blood adjusted to patient's actual temperature	pH of Blood adjusted to patients actual temperature	Chem
1224	6891-6	3023837	Testosterone.free+weakly bound/Testosterone.total in Serum or Plasma	Testosterone.bioavailable/Testosterone.total in Serum or Plasma	Chem
1225	11261-5	3028269	Bacteria identified in Vaginal fluid by Aerobe culture	Bacteria identified in Vaginal fluid by Aerobe culture	MICRO
1226	23878-2	3018471	Anaplasma phagocytophilum IgM Ab [Titer] in Serum by Immunofluorescence	Anaplasma phagocytophilum IgM Ab [Titer] in Serum by Immunofluorescence	MICRO
1227	2112-1	3009417	Choriogonadotropin.beta subunit [Presence] in Urine	Choriogonadotropin.beta subunit (pregnancy test) [Presence] in Urine	Chem
1228	49047-4	3050729	Globulin [Mass/volume] in Urine by Electrophoresis	Globulin [Mass/volume] in Urine by Electrophoresis	Chem
1229	28640-1	3017809	Bicarbonate [Moles/volume] in Arterial cord blood	Bicarbonate [Moles/volume] in Arterial cord blood	Chem
1230	32319-6	3005793	Glucose [Moles/volume] in Serum or Plasma --30 minutes post 75 g glucose PO	Glucose [Moles/volume] in Serum or Plasma --30 minutes post 75 g glucose PO	CHAL
1231	25459-9	3033815	Lead [Moles/volume] in Serum or Plasma	Lead [Moles/volume] in Serum or Plasma	DRUG/TOX
1232	57804-7	40760913	Number of occult blood specimens recommended by testing kit protocol [#] in Stool	Number of occult blood specimens recommended by testing kit protocol [#] in Stool	Chem
1233	32207-3	3002736	Platelet distribution width [Entitic volume] in Blood by Automated count	Platelet distribution width [Entitic volume] in Blood by Automated count	HEM/BC
1234	25386-4	3037459	Creatinine [Moles/volume] in Body fluid	Creatinine [Moles/volume] in Body fluid	Chem
1235	3174-0	3018676	Antithrombin [Units/volume] in Platelet poor plasma by Chromogenic method	Antithrombin [Units/volume] in Platelet poor plasma by Chromogenic method	COAG
1236	33393-0	3029741	Coarse Granular Casts [#/area] in Urine sediment by Microscopy low power field	Coarse Granular Casts [#/area] in Urine sediment by Microscopy low power field	UA
1237	9490-4	3009972	Aspergillus flavus Ab [Presence] in Serum	Aspergillus flavus Ab [Presence] in Serum	MICRO
1238	26447-3	3025698	Blasts/Leukocytes in Cerebral spinal fluid	Blasts/100 leukocytes in Cerebral spinal fluid	HEM/BC
1239	8095-2	3007566	Smooth muscle Ab [Titer] in Serum	Smooth muscle Ab [Titer] in Serum	SERO
1240	14712-4	3024753	EPINEPHrine [Moles/time] in 24 hour Urine	Epinephrine [Moles/time] in 24 hour Urine	Chem
1241	6136-6	3012932	Hazelnut IgE Ab [Units/volume] in Serum	Hazelnut IgE Ab [Units/volume] in Serum	Allergy
1242	9660-2	3007417	HIV 1 gp160 Ab [Presence] in Serum by Immunoblot	HIV 1 gp160 Ab [Presence] in Serum by Immunoblot (IB)	MICRO
1243	2873-8	3022932	Gamma globulin [Mass/volume] in Cerebral spinal fluid by Electrophoresis	Gamma globulin [Mass/volume] in Cerebral spinal fluid by Electrophoresis	Chem
1244	9668-5	3013854	HIV 1 p55 Ab [Presence] in Serum by Immunoblot	HIV 1 p55 Ab [Presence] in Serum by Immunoblot (IB)	MICRO
1245	9667-7	3027347	HIV 1 p51 Ab [Presence] in Serum by Immunoblot	HIV 1 p51 Ab [Presence] in Serum by Immunoblot (IB)	MICRO
1246	24469-9	3024404	Hemoglobin XXX/Hemoglobin.total in Blood by Electrophoresis	Hemoglobin XXX/Hemoglobin.total in Blood by Electrophoresis	HEM/BC
1247	771-6	3007238	Nucleated erythrocytes [#/volume] in Blood by Automated count	Nucleated erythrocytes [#/volume] in Blood by Automated count	HEM/BC
1248	9664-4	3025705	HIV 1 p24 Ab [Presence] in Serum by Immunoblot	HIV 1 p24 Ab [Presence] in Serum by Immunoblot (IB)	MICRO
1249	9661-0	3006323	HIV 1 gp120 Ab [Presence] in Serum by Immunoblot	HIV 1 gp120 Ab [Presence] in Serum by Immunoblot (IB)	MICRO
1250	9666-9	3013123	HIV 1 p31 Ab [Presence] in Serum by Immunoblot	HIV 1 p31 Ab [Presence] in Serum by Immunoblot (IB)	MICRO
1251	11070-0	3035004	Microscopic observation [Identifier] in Urine by Cyto stain	Microscopic observation [Identifier] in Urine by Cyto stain	CYTO
1252	14650-6	3012989	Citrate [Moles/time] in 24 hour Urine	Citrate [Moles/time] in 24 hour Urine	Chem
1253	14603-5	3022411	Androstenedione [Moles/volume] in Serum or Plasma	Androstenedione [Moles/volume] in Serum or Plasma	Chem
1254	13993-1	3028558	Alpha 2 globulin/Protein.total in Urine by Electrophoresis	Alpha 2 globulin/Protein.total in Urine by Electrophoresis	Chem
1255	5785-1	3028053	Eosinophils [#/area] in Urine sediment by Microscopy high power field	Eosinophils [#/area] in Urine sediment by Microscopy high power field	UA
1256	13995-6	3010157	Gamma globulin/Protein.total in Urine by Electrophoresis	Gamma globulin/Protein.total in Urine by Electrophoresis	Chem
1257	14854-4	3023005	Norepinephrine [Moles/time] in 24 hour Urine	Norepinephrine [Moles/time] in 24 hour Urine	Chem
1258	5354-6	3000785	Sjogrens syndrome-B extractable nuclear Ab [Presence] in Serum by Immune diffusion (ID)	Sjogrens syndrome-B extractable nuclear Ab [Presence] in Serum by Immune diffusion (ID)	SERO
1259	85991-8	36203922	Streptococcus pneumoniae Danish serotype 14 IgG Ab [Mass/volume] in Serum	Streptococcus pneumoniae Danish serotype 14 IgG Ab [Mass/volume] in Serum	MICRO
1260	85992-6	36203923	Streptococcus pneumoniae Danish serotype 14 IgG Ab [Mass/volume] in Serum by Immunoassay	Streptococcus pneumoniae Danish serotype 14 IgG Ab [Mass/volume] in Serum by Immunoassay	MICRO
1261	1869-7	3008364	Apolipoprotein A-I [Mass/volume] in Serum or Plasma	Apolipoprotein A-I [Mass/volume] in Serum or Plasma	Chem
1262	33332-8	3030376	Linezolid [Susceptibility] by Gradient strip	Linezolid [Susceptibility] by Gradient strip	ABXBACT
1263	5352-0	3021642	Sjogrens syndrome-A extractable nuclear Ab [Presence] in Serum by Immune diffusion (ID)	Sjogrens syndrome-A extractable nuclear Ab [Presence] in Serum by Immune diffusion (ID)	SERO
1264	2640-1	3011470	Myoglobin [Presence] in Urine	Myoglobin [Presence] in Urine	Chem
1265	2998-3	3028717	Thiamine [Mass/volume] in Blood	Thiamine [Mass/volume] in Blood	Chem
1266	38544-3	3048015	Spermatozoa [#/volume] in Semen --pre washing	Spermatozoa [#/volume] in Semen --pre washing	FERT
1267	38540-1	3051433	Spermatozoa Motile/Spermatozoa in Semen --pre washing	Spermatozoa Motile/100 spermatozoa in Semen --pre washing	FERT
1268	3746-5	3019509	Meperidine [Presence] in Urine	Meperidine [Presence] in Urine	DRUG/TOX
1269	12195-4	3027108	Creatinine renal clearance/1.73 sq M in 24 hour Urine and Serum or Plasma	Creatinine renal clearance/1.73 sq M in 24 hour	Chem
1270	15059-9	3011401	DOPamine [Moles/time] in 24 hour Urine	Dopamine [Moles/time] in 24 hour Urine	Chem
1271	11140-1	3033923	Metanephrine [Moles/time] in 24 hour Urine	Metanephrine [Moles/time] in 24 hour Urine	Chem
1272	28643-5	3014204	Oxygen saturation in Venous cord blood	Oxygen saturation in Venous cord blood	Chem
1273	5057-5	3019118	Blastomyces dermatitidis Ab [Titer] in Serum by Complement fixation	Blastomyces dermatitidis Ab [Titer] in Serum by Complement fixation	MICRO
1274	6092-1	3019994	Crab IgE Ab [Units/volume] in Serum	Crab IgE Ab [Units/volume] in Serum	Allergy
1275	13926-1	3020148	Glutamate decarboxylase 65 Ab [Units/volume] in Serum	Glutamate decarboxylase 65 Ab [Units/volume] in Serum	SERO
1276	2513-0	3035132	Ketones [Presence] in Serum or Plasma	Ketones [Presence] in Serum or Plasma	Chem
1277	2518-9	3018405	Lactate [Moles/volume] in Arterial blood	Lactate [Moles/volume] in Arterial blood	Chem
1278	6007-9	3020665	Protein C [Units/volume] in Platelet poor plasma by Coagulation assay	Protein C [Units/volume] in Platelet poor plasma by Coagulation assay	COAG
1279	14708-2	3011229	Endomysium Ab [Titer] in Serum	Endomysium Ab [Titer] in Serum	SERO
1280	7984-8	3026515	Parvovirus B19 IgM Ab [Units/volume] in Serum	Parvovirus B19 IgM Ab [Units/volume] in Serum	MICRO
1281	11039-5	3000965	C reactive protein [Presence] in Serum or Plasma	C reactive protein [Presence] in Serum or Plasma	Chem
1282	32680-1	3044844	Fine Granular Casts [#/area] in Urine sediment by Microscopy low power field	Fine Granular Casts [#/area] in Urine sediment by Microscopy low power field	UA
1283	30340-4	3008105	Epstein Barr virus capsid IgM Ab [Presence] in Serum	Epstein Barr virus capsid IgM Ab [Presence] in Serum	MICRO
1284	24115-8	3019209	Epstein Barr virus capsid IgM Ab [Presence] in Serum by Immunoassay	Epstein Barr virus capsid IgM Ab [Presence] in Serum by Immunoassay	MICRO
1285	28642-7	3014295	Oxygen saturation in Arterial cord blood	Oxygen saturation in Arterial cord blood	Chem
1286	25489-6	3026179	Normetanephrine [Moles/volume] in Serum or Plasma	Normetanephrine [Moles/volume] in Serum or Plasma	Chem
1287	19942-2	3020213	Oxygen gas flow setting Oxymiser	Oxygen gas flow setting Oxymizer	PULM
1288	18319-4	3033907	Neutrophils.vacuolated [Presence] in Blood by Light microscopy	Neutrophils.vacuolated [Presence] in Blood by Light microscopy	HEM/BC
1289	15530-9			Alternaria alternata IgE Ab RAST class in Serum	Allergy
1290	3256-5	3016628	Fibrinogen Ag [Mass/volume] in Platelet poor plasma by Immunoassay	Fibrinogen Ag [Mass/volume] in Platelet poor plasma by Immunologic method	COAG
1291	35789-7	3036753	DAPTOmycin [Susceptibility]	Daptomycin [Susceptibility]	ABXBACT
1292	21365-2	3014727	Leptin [Mass/volume] in Serum or Plasma	Leptin [Mass/volume] in Serum or Plasma	Chem
1293	21441-1	3021469	Human papilloma virus 6+11+42+43+44 DNA [Presence] in Cervix by Probe	Human papilloma virus 6+11+42+43+44 DNA [Presence] in Cervix by DNA probe	MICRO
1294	14956-7	3005577	Microalbumin [Mass/time] in 24 hour Urine	Microalbumin [Mass/time] in 24 hour Urine	Chem
1295	14935-1	3028714	Urate [Moles/time] in 24 hour Urine	Urate [Moles/time] in 24 hour Urine	Chem
1296	5863-6	3024400	Influenza virus A Ag [Presence] in Specimen by Immunofluorescence	Influenza virus A Ag [Presence] in Unspecified specimen by Immunofluorescence	MICRO
1297	34524-9	3045469	Band form neutrophils [Presence] in Blood by Automated count	Neutrophils.band form [Presence] in Blood by Automated count	HEM/BC
1298	23841-0	3010164	Choriogonadotropin.beta subunit [Multiple of the median] adjusted in Serum or Plasma	Choriogonadotropin.beta subunit [Multiple of the median] adjusted in Serum or Plasma	Chem
1299	1857-2	3036335	Angiotensin converting enzyme [Enzymatic activity/volume] in Blood	Angiotensin converting enzyme [Enzymatic activity/volume] in Blood	Chem
1300	31797-4	3036235	Cytomegalovirus Ag [Presence] in Specimen	Cytomegalovirus Ag [Presence] in Unspecified specimen	MICRO
1301	6379-2	3001862	Cytomegalovirus Ag [Presence] in Specimen by Immunoassay	Cytomegalovirus Ag [Presence] in Unspecified specimen by Immunoassay	MICRO
1302	16264-4	3002599	Calcium oxalate monohydrate crystals [Presence] in Stone by Infrared spectroscopy	Calcium oxalate monohydrate crystals [Presence] in Stone by Infrared spectroscopy	Chem
1303	49542-4			Date and time of pheresis procedure	BLDBK
1304	30339-6	3006585	Epstein Barr virus capsid IgG Ab [Presence] in Serum	Epstein Barr virus capsid IgG Ab [Presence] in Serum	MICRO
1305	24114-1	3019231	Epstein Barr virus capsid IgG Ab [Presence] in Serum by Immunoassay	Epstein Barr virus capsid IgG Ab [Presence] in Serum by Immunoassay	MICRO
1306	32554-8	3006653	Thiamine [Moles/volume] in Blood	Thiamine [Moles/volume] in Blood	Chem
1307	14316-4	3007682	Benzodiazepines [Presence] in Urine by Screen method	Benzodiazepines [Presence] in Urine by Screen method	DRUG/TOX
1308	9796-4	3015110	Color of Stone	Color of Stone	SPEC
1309	9802-0	3014188	Size [Entitic volume] of Stone	Size [Entitic volume] of Stone	PATH
1310	2428-1	3037585	Homocysteine [Mass/volume] in Serum or Plasma	Homocysteine [Mass/volume] in Serum or Plasma	Chem
1311	35538-8	3037035	Baker's yeast IgG Ab [Mass/volume] in Serum	Baker's yeast IgG Ab [Mass/volume] in Serum	Allergy
1312	48050-9	3048807	Neutrophils [Presence] in Stool by Wright stain	Neutrophils [Presence] in Stool by Wright stain	HEM/BC
1313	20593-0	3025716	CD19 cells/cells in Specimen	CD19 cells/100 cells in Unspecified specimen	CELLMARK
1314	25170-2	3035060	Mercury [Moles/volume] in Blood	Mercury [Moles/volume] in Blood	DRUG/TOX
1315	2605-4	3017043	Meat fibers [Presence] in Stool by Light microscopy	Meat fibers [Presence] in Stool by Light microscopy	Chem
1316	730-2	3004649	Leukocytes other/Leukocytes in Blood by Manual count	Leukocytes other/100 leukocytes in Blood by Manual count	HEM/BC
1317	8249-5	3028475	Transitional cells [Presence] in Urine sediment by Light microscopy	Transitional cells [Presence] in Urine sediment by Light microscopy	UA
1318	30427-9	3024126	Macrophages/Leukocytes in Body fluid	Macrophages/100 leukocytes in Body fluid	HEM/BC
1319	19835-8	3006306	Breath rate setting Ventilator synchronized intermittent mandatory	Breath rate setting Ventilator synchronized intermittent mandatory	PULM
1320	27395-3	3006665	Streptococcus pneumoniae Danish serotype 18C IgG Ab [Mass/volume] in Serum	Streptococcus pneumoniae Danish serotype 18C IgG Ab [Mass/volume] in Serum	MICRO
1321	40913-6	3039571	Streptococcus pneumoniae Danish serotype 18C IgG Ab [Mass/volume] in Serum by Immunoassay	Streptococcus pneumoniae Danish serotype 18C IgG Ab [Mass/volume] in Serum by Immunoassay	MICRO
1322	15212-4	3026286	Lipase [Enzymatic activity/volume] in Body fluid	Lipase [Enzymatic activity/volume] in Body fluid	Chem
1323	3507-1	3011416	Codeine [Presence] in Urine	Codeine [Presence] in Urine	DRUG/TOX
1324	86024-7	36204005	Streptococcus pneumoniae Danish serotype 19F IgG Ab [Mass/volume] in Serum	Streptococcus pneumoniae Danish serotype 19F IgG Ab [Mass/volume] in Serum	MICRO
1325	86021-3	36204002	Streptococcus pneumoniae Danish serotype 19F IgG Ab [Mass/volume] in Serum by Immunoassay	Streptococcus pneumoniae Danish serotype 19F IgG Ab [Mass/volume] in Serum by Immunoassay	MICRO
1326	86064-3	36204094	Streptococcus pneumoniae Danish serotype 23F IgG Ab [Mass/volume] in Serum	Streptococcus pneumoniae Danish serotype 23F IgG Ab [Mass/volume] in Serum	MICRO
1327	86061-9	36204091	Streptococcus pneumoniae Danish serotype 23F IgG Ab [Mass/volume] in Serum by Immunoassay	Streptococcus pneumoniae Danish serotype 23F IgG Ab [Mass/volume] in Serum by Immunoassay	MICRO
1328	86107-0	36204187	Streptococcus pneumoniae Danish serotype 4 IgG Ab [Mass/volume] in Serum	Streptococcus pneumoniae Danish serotype 4 IgG Ab [Mass/volume] in Serum	MICRO
1329	86108-8	36204188	Streptococcus pneumoniae Danish serotype 4 IgG Ab [Mass/volume] in Serum by Immunoassay	Streptococcus pneumoniae Danish serotype 4 IgG Ab [Mass/volume] in Serum by Immunoassay	MICRO
1330	4575-7	3013530	Hemoglobin E/Hemoglobin.total in Blood	Hemoglobin E/Hemoglobin.total in Blood	HEM/BC
1331	30153-1	3005260	Streptococcus pneumoniae Danish serotype 9V IgG Ab [Mass/volume] in Serum	Streptococcus pneumoniae Danish serotype 9V IgG Ab [Mass/volume] in Serum	MICRO
1332	40926-8	3041754	Streptococcus pneumoniae Danish serotype 9V IgG Ab [Mass/volume] in Serum by Immunoassay	Streptococcus pneumoniae Danish serotype 9V IgG Ab [Mass/volume] in Serum by Immunoassay	MICRO
1333	35127-0	3030584	Hemoglobin A2.prime/Hemoglobin.total in Blood	Hemoglobin A2.prime/Hemoglobin.total in Blood	HEM/BC
1334	31156-3	3025000	Hemoglobin Barts/Hemoglobin.total in Blood	Hemoglobin Barts/Hemoglobin.total in Blood	HEM/BC
1335	4569-0	3013179	Hemoglobin D/Hemoglobin.total in Blood	Hemoglobin D/Hemoglobin.total in Blood	HEM/BC
1336	33593-5	3043449	Hemoglobin G - Coushatta/Hemoglobin.total in Blood	Hemoglobin G - Coushatta/Hemoglobin.total in Blood	HEM/BC
1337	35125-4	3033193	Hemoglobin Lepore/Hemoglobin.total in Blood	Hemoglobin Lepore/Hemoglobin.total in Blood	HEM/BC
1338	35126-2	3033204	Hemoglobin O - Arab/Hemoglobin.total in Blood	Hemoglobin O - Arab/Hemoglobin.total in Blood	HEM/BC
1339	13986-5	3013142	Albumin/Protein.total in 24 hour Urine by Electrophoresis	Albumin/Protein.total in 24 hour Urine by Electrophoresis	Chem
1340	6165-5	3036031	Lobster IgE Ab [Units/volume] in Serum	Lobster IgE Ab [Units/volume] in Serum	Allergy
1341	21709-1	3005089	MTHFR gene mutations found [Identifier] in Blood or Tissue by Molecular genetics method Nominal	MTHFR gene mutations found [Identifier] in Blood or Tissue by Molecular genetics method Nominal	MOLPATH.MUT
1344	14833-8	3012403	Metanephrines [Moles/time] in 24 hour Urine	Metanephrines [Moles/time] in 24 hour Urine	Chem
1346	13984-0	3026018	Alpha 1 globulin/Protein.total in 24 hour Urine by Electrophoresis	Alpha 1 globulin/Protein.total in 24 hour Urine by Electrophoresis	Chem
1347	38415-6	3047756	MTHFR gene targeted mutation analysis in Blood or Tissue by Molecular genetics method	MTHFR gene mutation analysis in Blood or Tissue by Molecular genetics method Narrative	MOLPATH.MUT
1348	42484-6	3031114	Protein.monoclonal/Protein.total in 24 hour Urine by Electrophoresis	Protein.monoclonal/Protein.total in 24 hour Urine by Electrophoresis	Chem
1349	10863-9	3020961	Endomysium IgA Ab [Titer] in Serum	Endomysium IgA Ab [Titer] in Serum	SERO
1350	3830-7	3021043	Morphine [Presence] in Urine	Morphine [Presence] in Urine	DRUG/TOX
1351	14947-6	3023112	Vanillylmandelate [Moles/time] in 24 hour Urine	Vanillylmandelate [Moles/time] in 24 hour Urine	Chem
1352	14835-3	3008402	Methanol [Moles/volume] in Serum or Plasma	Methanol [Moles/volume] in Serum or Plasma	DRUG/TOX
1353	13499-9	3016870	HIV 1 Ab band pattern [Interpretation] in Serum by Immunoblot	HIV 1 Ab band pattern [interpretation] in Serum by Immunoblot (IB)	MICRO
1354	49540-8	3030111	Acid citrate dextrose [Volume] in Blood product unit	Acid citrate dextrose [Volume] in Blood product unit	BLDBK
1355	5292-8	3019428	Reagin Ab [Presence] in Serum by VDRL	Reagin Ab [Presence] in Serum by VDRL	MICRO
1356	31102-7	3019599	Protein S actual/normal in Platelet poor plasma by Chromogenic method	Protein S actual/normal in Platelet poor plasma by Chromogenic method	COAG
1357	25157-9	3038106	Epithelial casts [Presence] in Urine sediment by Light microscopy	Epithelial casts [Presence] in Urine sediment by Light microscopy	UA
1358	33333-6	3030617	Colistin [Susceptibility] by Gradient strip	Colistin [Susceptibility] by Gradient strip	ABXBACT
1359	71790-0	42869545	Calcium [Moles/volume] in Urine collected for unspecified duration	Calcium [Moles/volume] in unspecified time Urine	Chem
1360	588-4	3023384	Legionella pneumophila Ag [Presence] in Specimen by Immunofluorescence	Legionella pneumophila Ag [Presence] in Unspecified specimen by Immunofluorescence	MICRO
1361	8150-5	3033667	Amphetamines [Mass/volume] in Urine	Amphetamines [Mass/volume] in Urine	DRUG/TOX
1362	40287-5	3040659	Glucose [Moles/volume] in Serum or Plasma --1 hour post meal	Glucose [Moles/volume] in Serum or Plasma --1 hour post meal	CHAL
1363	17607-3	3012836	Volume of Cerebral spinal fluid	Volume of Cerebral spinal fluid	SPEC
1364	43583-4	3046664	Lipoprotein a [Moles/volume] in Serum or Plasma	Lipoprotein a [Moles/volume] in Serum or Plasma	Chem
1365	52956-0	3039588	Barbiturates [Moles/volume] in Urine	Barbiturates [Moles/volume] in Urine	DRUG/TOX
1366	10704-5	3003327	Ova and parasites identified in Stool by Light microscopy	Ova and parasites identified in Stool by Light microscopy	MICRO
1367	52955-2	3041712	Benzodiazepines [Moles/volume] in Urine	Benzodiazepines [Moles/volume] in Urine	DRUG/TOX
1367	9428-4	3025770	Benzodiazepines [Mass/volume] in Urine	Benzodiazepines [Mass/volume] in Urine	DRUG/TOX
1368	31032-6	3004593	Baker's yeast IgA Ab [Units/volume] in Serum	Baker's yeast IgA Ab [Units/volume] in Serum	Allergy
1369	47320-7	3052881	Baker's yeast IgA Ab [Units/volume] in Serum by Immunoassay	Baker's yeast IgA Ab [Units/volume] in Serum by Immunoassay	ALLERGY
1370	22086-3	3009174	Aspergillus niger Ab [Presence] in Serum	Aspergillus niger Ab [Presence] in Serum	MICRO
1371	6164-8	3020344	Virginia Live Oak IgE Ab [Units/volume] in Serum	Virginia Live Oak IgE Ab [Units/volume] in Serum	Allergy
1372	33915-0	3030934	Anabasine [Mass/volume] in Urine	Anabasine [Mass/volume] in Urine	DRUG/TOX
1373	13358-7			Collection time of Semen	SPEC
1374	25507-5	3010774	Pregnenolone [Moles/volume] in Serum or Plasma	Pregnenolone [Moles/volume] in Serum or Plasma	Chem
1375	34519-9	3044643	HFE gene targeted mutation analysis in Blood or Tissue by Molecular genetics method	HFE gene mutation analysis in Blood or Tissue by Molecular genetics method Narrative	MOLPATH.MUT
1376	28545-2	3036581	Mucus [#/area] in Urine sediment by Microscopy low power field	Mucus [#/area] in Urine sediment by Microscopy low power field	UA
1377	6113-5	3015802	Gum-Tree IgE Ab [Units/volume] in Serum	Gum-Tree IgE Ab [Units/volume] in Serum	Allergy
1378	27118-9	3005665	Streptococcus pneumoniae Danish serotype 6B IgG Ab [Mass/volume] in Serum	Streptococcus pneumoniae Danish serotype 6B IgG Ab [Mass/volume] in Serum	MICRO
1379	40905-2	3038550	Streptococcus pneumoniae Danish serotype 6B IgG Ab [Mass/volume] in Serum by Immunoassay	Streptococcus pneumoniae Danish serotype 6B IgG Ab [Mass/volume] in Serum by Immunoassay	MICRO
1380	12856-1	3008121	HIV 1 p65 Ab [Presence] in Serum by Immunoblot	HIV 1 p65 Ab [Presence] in Serum by Immunoblot (IB)	MICRO
1381	19077-7	3005792	Cells identified in Body fluid	Cells identified in Body fluid	HEM/BC
1382	86080-9	36204110	Streptococcus pneumoniae Danish serotype 3 IgG Ab [Mass/volume] in Serum	Streptococcus pneumoniae Danish serotype 3 IgG Ab [Mass/volume] in Serum	MICRO
1383	86081-7	36204111	Streptococcus pneumoniae Danish serotype 3 IgG Ab [Mass/volume] in Serum by Immunoassay	Streptococcus pneumoniae Danish serotype 3 IgG Ab [Mass/volume] in Serum by Immunoassay	MICRO
1384	25296-5	3000899	Streptococcus pneumoniae Danish serotype 7F IgG Ab [Mass/volume] in Serum	Streptococcus pneumoniae Danish serotype 7F IgG Ab [Mass/volume] in Serum	MICRO
1385	40911-0	3041896	Streptococcus pneumoniae Danish serotype 7F IgG Ab [Mass/volume] in Serum by Immunoassay	Streptococcus pneumoniae Danish serotype 7F IgG Ab [Mass/volume] in Serum by Immunoassay	MICRO
1386	86147-6	36204351	Streptococcus pneumoniae Danish serotype 8 IgG Ab [Mass/volume] in Serum	Streptococcus pneumoniae Danish serotype 8 IgG Ab [Mass/volume] in Serum	MICRO
1387	86148-4	36204352	Streptococcus pneumoniae Danish serotype 8 IgG Ab [Mass/volume] in Serum by Immunoassay	Streptococcus pneumoniae Danish serotype 8 IgG Ab [Mass/volume] in Serum by Immunoassay	MICRO
1388	86169-0	36204373	Streptococcus pneumoniae Danish serotype 9N IgG Ab [Mass/volume] in Serum	Streptococcus pneumoniae Danish serotype 9N IgG Ab [Mass/volume] in Serum	MICRO
1389	86166-6	36204370	Streptococcus pneumoniae Danish serotype 9N IgG Ab [Mass/volume] in Serum by Immunoassay	Streptococcus pneumoniae Danish serotype 9N IgG Ab [Mass/volume] in Serum by Immunoassay	MICRO
1390	15048-2	3027227	Creatine kinase.BB/Creatine kinase.total in Serum or Plasma by Electrophoresis	Creatine kinase.BB/Creatine kinase.total in Serum or Plasma by Electrophoresis	Chem
1391	12187-1	3007150	Creatine kinase.MB/Creatine kinase.total in Serum or Plasma by Electrophoresis	Creatine kinase.MB/Creatine kinase.total in Serum or Plasma by Electrophoresis	Chem
1392	15049-0	3027833	Creatine kinase.MM/Creatine kinase.total in Serum or Plasma by Electrophoresis	Creatine kinase.MM/Creatine kinase.total in Serum or Plasma by Electrophoresis	Chem
1393	9662-8	3022061	HIV 1 gp41 Ab [Presence] in Serum by Immunoblot	HIV 1 gp41 Ab [Presence] in Serum by Immunoblot (IB)	MICRO
1394	85954-6	36203821	Streptococcus pneumoniae Danish serotype 1 IgG Ab [Mass/volume] in Serum	Streptococcus pneumoniae Danish serotype 1 IgG Ab [Mass/volume] in Serum	MICRO
1395	85955-3	36203822	Streptococcus pneumoniae Danish serotype 1 IgG Ab [Mass/volume] in Serum by Immunoassay	Streptococcus pneumoniae Danish serotype 1 IgG Ab [Mass/volume] in Serum by Immunoassay	MICRO
1396	26019-0	3002751	Creatine Kinase.macromolecular type 1/Creatine kinase.total in Serum or Plasma	Creatine Kinase.macromolecular type 1/Creatine kinase.total in Serum or Plasma	Chem
1397	26020-8	3014635	Creatine Kinase.macromolecular type 2/Creatine kinase.total in Serum or Plasma	Creatine Kinase.macromolecular type 2/Creatine kinase.total in Serum or Plasma	Chem
1398	41763-4	3032863	Rubella virus IgG Ab [Titer] in Serum	Rubella virus IgG Ab [Titer] in Serum	MICRO
1399	42483-8	3037672	Protein.monoclonal/Protein.total in Urine by Electrophoresis	Protein.monoclonal/Protein.total in Urine by Electrophoresis	Chem
1400	12859-5	3008716	HIV 1 p18 Ab [Presence] in Serum by Immunoblot	HIV 1 p18 Ab [Presence] in Serum by Immunoblot (IB)	MICRO
1401	6050-9	3007315	Brazil Nut IgE Ab [Units/volume] in Serum	Brazil Nut IgE Ab [Units/volume] in Serum	Allergy
1402	85977-7	36203231	Streptococcus pneumoniae Danish serotype 12F IgG Ab [Mass/volume] in Serum	Streptococcus pneumoniae Danish serotype 12F IgG Ab [Mass/volume] in Serum	MICRO
1403	85974-4	36203909	Streptococcus pneumoniae Danish serotype 12F IgG Ab [Mass/volume] in Serum by Immunoassay	Streptococcus pneumoniae Danish serotype 12F IgG Ab [Mass/volume] in Serum by Immunoassay	MICRO
1404	21619-2	3011498	APOE gene mutations found [Identifier] in Blood or Tissue by Molecular genetics method Nominal	APOE gene mutations found [Identifier] in Blood or Tissue by Molecular genetics method Nominal	MOLPATH.MUT
1405	14934-4	3027874	Urate [Moles/volume] in Urine	Urate [Moles/volume] in Urine	Chem
1406	18267-5	3015455	CD16+CD56+ cells/cells in Blood	CD16+CD56+ cells/100 cells in Blood	CELLMARK
1407	48560-7	3049514	Human papilloma virus genotype [Identifier] in Specimen by NAA with probe detection	Human papilloma virus genotype [Identifier] in Unspecified specimen by Probe & target amplification method	MICRO
1408	33536-4			Miscellaneous allergen IgE Ab RAST class in Serum	Allergy
1409	14288-5	3033882	Carnitine [Moles/volume] in Serum or Plasma	Carnitine [Moles/volume] in Serum or Plasma	Chem
1410	20402-4	3020358	CD16+CD56+ cells [#/volume] in Blood	CD16+CD56+ cells [#/volume] in Blood	CELLMARK
1411	2333-3	3009927	Gastrin [Mass/volume] in Serum or Plasma	Gastrin [Mass/volume] in Serum or Plasma	Chem
1412	11778-8			Delivery date Estimated	OB.US
1413	42810-2	3029080	Hemoglobin [Entitic mass] in Reticulocytes	Hemoglobin [Entitic mass] in Reticulocytes	HEM/BC
1414	5191-2	3011516	Hepatitis B virus e Ag [Units/volume] in Serum by Immunoassay	Hepatitis B virus e Ag [Units/volume] in Serum by Immunoassay	MICRO
1415	26458-0	3010144	Erythrocytes [#/volume] in Synovial fluid	Erythrocytes [#/volume] in Synovial fluid	HEM/BC
1416	14664-7	3001729	Color of Synovial fluid	Color of Synovial fluid	SPEC
1417	8214-9	3001858	Opiates [Presence] in Meconium	Opiates [Presence] in Meconium	DRUG/TOX
1418	14286-9	3000722	Carnitine free (C0) [Moles/volume] in Serum or Plasma	Carnitine free (C0) [Moles/volume] in Serum or Plasma	Chem
1419	27939-8	3014038	Collagen crosslinked N-telopeptide [Moles/volume] in Urine	Collagen crosslinked N-telopeptide [Moles/volume] in Urine	Chem
1420	16130-7	3035069	Herpes simplex virus 1 DNA [Presence] in Specimen by NAA with probe detection	Herpes simplex virus 1 DNA [Presence] in Unspecified specimen by Probe & target amplification method	MICRO
1421	32766-8	3047204	Trichomonas vaginalis [Presence] in Specimen by Wet preparation	Trichomonas vaginalis [Presence] in Unspecified specimen by Wet preparation	MICRO
1422	17284-1	3005277	Mitochondria Ab [Presence] in Serum by Immunofluorescence	Mitochondria Ab [Presence] in Serum by Immunofluorescence	SERO
1423	16268-5	3036538	Calcium phosphate crystals [Presence] in Stone by Infrared spectroscopy	Calcium phosphate crystals [Presence] in Stone by Infrared spectroscopy	Chem
1424	7905-3	3025267	Hepatitis B virus surface Ag [Presence] in Serum or Plasma by Neutralization test	Hepatitis B virus surface Ag [Presence] in Serum by Neutralization test	MICRO
1425	19126-2	3035949	Bacteria identified in Bone marrow by Aerobe culture	Bacteria identified in Bone marrow by Aerobe culture	MICRO
1426	6158-0	3019406	Latex IgE Ab [Units/volume] in Serum	Latex IgE Ab [Units/volume] in Serum	Allergy
1427	3282-1	3010297	aPTT W excess hexagonal phase phospholipid in Platelet poor plasma by Coagulation assay	aPTT W excess hexagonal phase phospholipid in Platelet poor plasma by Coagulation assay	COAG
1428	32031-7	3022368	Phosphatidylserine IgA Ab [Units/volume] in Serum by Immunoassay	Phosphatidylserine IgA Ab [Units/volume] in Serum by Immunoassay	COAG
1429	6266-1	3007518	Tomato IgE Ab [Units/volume] in Serum	Tomato IgE Ab [Units/volume] in Serum	Allergy
1430	6009-5	3036874	Protein C Ag [Units/volume] in Platelet poor plasma by Immunoassay	Protein C Ag [Units/volume] in Platelet poor plasma by Immunologic method	COAG
1431	936-5			Blood product unit [Identifier]	BLDBK
1432	9820-2	3027604	Cryptococcus sp Ag [Titer] in Serum by Latex agglutination	Cryptococcus sp Ag [Titer] in Serum by Latex agglutination	MICRO
1433	11013-0	3007916	DNA double strand Ab [Titer] in Serum	DNA double strand Ab [Titer] in Serum	SERO
1434	31080-5	3005748	Cannabinoids [Presence] in Meconium by Screen method	Cannabinoids [Presence] in Meconium by Screen method	DRUG/TOX
1435	5909-7	3018760	Blood smear finding [Identifier] in Blood by Light microscopy	Blood smear finding [Identifier] in Blood by Light microscopy	HEM/BC
1436	22296-8	3001820	Epstein Barr virus nuclear Ab [Presence] in Serum	Epstein Barr virus nuclear Ab [Presence] in Serum	MICRO
1437	575-1	3002951	Fungus identified in Skin by Culture	Fungus identified in Skin by Culture	MICRO
1438	5820-6	3002052	WBC casts [#/area] in Urine sediment by Microscopy low power field	WBC casts [#/area] in Urine sediment by Microscopy low power field	UA
1439	2999-1	3024120	Thiamine [Mass/volume] in Serum or Plasma	Thiamine [Mass/volume] in Serum or Plasma	Chem
1440	35452-2	3034556	HIV 1 gp40 Ab [Presence] in Serum by Immunoblot	HIV 1 gp40 Ab [Presence] in Serum by Immunoblot (IB)	MICRO
1441	20449-5	3021877	Borrelia burgdorferi Ab [Presence] in Serum by Immunoassay	Borrelia burgdorferi Ab [Presence] in Serum by Immunoassay	MICRO
1442	6174-7	3020874	Milk IgE Ab [Units/volume] in Serum	Milk IgE Ab [Units/volume] in Serum	Allergy
1443	13047-6	3018718	Plasma cells/Leukocytes in Blood	Plasma cells/100 leukocytes in Blood	HEM/BC
1444	20999-9	3036652	Cell Fractions/Differential [Interpretation] in Body fluid	Cell Fractions/Differential [interpretation] in Body fluid	HEM/BC
1445	70206-8	42868680	Codeine [Moles/volume] in Urine by Confirmatory method	Codeine [Moles/volume] in Urine by Confirmatory method	DRUG/TOX
1446	15283-5	3027300	Silver Birch IgE Ab [Units/volume] in Serum	Silver Birch IgE Ab [Units/volume] in Serum	Allergy
1447	14622-5	3008884	Ascorbate [Moles/volume] in Serum or Plasma	Ascorbate [Moles/volume] in Serum or Plasma	Chem
1448	40527-4	3039801	Cocaine [Presence] in Meconium	Cocaine [Presence] in Meconium	DRUG/TOX
1449	14573-0	3009461	5-Hydroxyindoleacetate [Moles/time] in 24 hour Urine	5-Hydroxyindoleacetate [Moles/time] in 24 hour Urine	Chem
1450	70208-4	42868682	Glucose [Moles/volume] in Serum or Plasma --pre 100 g glucose PO	Glucose [Moles/volume] in Serum or Plasma --pre 100 g glucose PO	CHAL
1451	21525-1	3014485	Sodium [Moles/volume] in 24 hour Urine	Sodium [Moles/volume] in 24 hour Urine	Chem
1452	14906-2	3015667	Rh [Type] in Cord blood	Rh [Type] in Cord blood	BLDBK
1453	20112-9	3012410	Tidal volume setting Ventilator	Tidal volume setting Ventilator	PULM
1454	8144-8	3038163	Amphetamines [Presence] in Meconium	Amphetamines [Presence] in Meconium	DRUG/TOX
1455	6242-2	3020934	Sesame Seed IgE Ab [Units/volume] in Serum	Sesame Seed IgE Ab [Units/volume] in Serum	Allergy
1456	21023-7	3026712	Neutrophil cytoplasmic Ab [Titer] in Serum	Neutrophil cytoplasmic Ab [Titer] in Serum	SERO
1457	7983-0	3006120	Parvovirus B19 IgG Ab [Units/volume] in Serum	Parvovirus B19 IgG Ab [Units/volume] in Serum	MICRO
1458	30361-0	3024449	HIV 2 Ab [Presence] in Serum or Plasma by Immunoassay	HIV 2 Ab [Presence] in Serum by Immunoassay	MICRO
1459	781-5	3024153	Promyelocytes [#/volume] in Blood by Manual count	Promyelocytes [#/volume] in Blood by Manual count	HEM/BC
1460	51892-8	3038735	ABO group [Type] in Cord blood	ABO group [Type] in Cord blood	BLDBK
1461	42803-7	3031246	Bacteria identified in Isolate	Bacteria identified in Isolate	MICRO
1462	25631-3	3015064	Parvovirus B19 IgM Ab [Titer] in Serum	Parvovirus B19 IgM Ab [Titer] in Serum	MICRO
1463	32787-4	3043453	Neutrophil cytoplasmic Ab.perinuclear [Titer] in Serum	Neutrophil cytoplasmic Ab.perinuclear [Titer] in Serum	SERO
1464	19429-0	3009956	Propoxyphene [Presence] in Urine by Screen method	Propoxyphene [Presence] in Urine by Screen method	DRUG/TOX
1465	25415-1	3006270	Folate [Moles/volume] in Blood	Folate [Moles/volume] in Blood	Chem
1466	70210-0	42868684	Morphine [Moles/volume] in Urine by Confirmatory method	Morphine [Moles/volume] in Urine by Confirmatory method	DRUG/TOX
1467	32585-2	3000453	Epstein Barr virus DNA [#/volume] (viral load) in Specimen by NAA with probe detection	Epstein Barr virus DNA [#/volume] (viral load) in Unspecified specimen by Probe & target amplification method	MICRO
1468	15410-4	3009678	Varicella zoster virus IgG Ab [Presence] in Serum by Immunoassay	Varicella zoster virus IgG Ab [Presence] in Serum by Immunoassay	MICRO
1469	5357-9	3001219	Smith extractable nuclear Ab [Presence] in Serum by Immune diffusion (ID)	Smith extractable nuclear Ab [Presence] in Serum by Immune diffusion (ID)	SERO
1470	5036-9	3009769	Streptococcus pyogenes rRNA [Presence] in Specimen by Probe	Streptococcus pyogenes rRNA [Presence] in Unspecified specimen by DNA probe	MICRO
1471	40974-8	3044549	Streptococcus pneumoniae Danish serotype 19A IgG Ab [Mass/volume] in Serum	Streptococcus pneumoniae Danish serotype 19A IgG Ab [Mass/volume] in Serum	MICRO
1472	40915-1	3041719	Streptococcus pneumoniae Danish serotype 19A IgG Ab [Mass/volume] in Serum by Immunoassay	Streptococcus pneumoniae Danish serotype 19A IgG Ab [Mass/volume] in Serum by Immunoassay	MICRO
1473	48348-7	3048469	10-Hydroxycarbazepine [Moles/volume] in Serum or Plasma	10-Hydroxycarbazepine [Moles/volume] in Serum or Plasma	DRUG/TOX
1474	30173-9	3037739	Cortisol Free [Moles/volume] in Urine	Cortisol Free [Moles/volume] in Urine	Chem
1475	9704-8	3036551	Spermatozoa [Morphology] in Semen	Spermatozoa [Morphology] in Semen	FERT
1476	601-5	3009171	Fungus identified in Blood by Culture	Fungus identified in Blood by Culture	MICRO
1477	19803-6			Specimen site	ENDO.GI
1478	14881-7	3010600	Phosphate [Moles/time] in 24 hour Urine	Phosphate [Moles/time] in 24 hour Urine	Chem
1479	21695-2	3026898	HFE gene.p.Cys282Tyr [Presence] in Blood or Tissue by Molecular genetics method	HFE gene p.C282Y [Presence] in Blood or Tissue by Molecular genetics method	MOLPATH.MUT
1480	38256-4	3034578	Cells Counted Total [#] in Body fluid	Cells Counted Total [#] in Body fluid	HEM/BC
1481	10587-4			Sexual abstinence duration	FERT
1482	41479-7	3033445	BK virus DNA [#/volume] (viral load) in Serum or Plasma by NAA with probe detection	BK virus DNA [#/volume] (viral load) in Serum or Plasma by Probe & target amplification method	MICRO
1483	21260-5	3010056	Epstein Barr virus nuclear Ab [Titer] in Serum by Immunofluorescence	Epstein Barr virus nuclear Ab [Titer] in Serum by Immunofluorescence	MICRO
1484	35270-8	3031746	Candida sp Ab [Presence] in Serum by Immune diffusion (ID)	Candida sp Ab [Presence] in Serum by Immune diffusion (ID)	MICRO
1485	14194-5	3018977	Spermatozoa Progressive/Spermatozoa in Semen	Spermatozoa Progressive/100 spermatozoa in Semen	FERT
1486	6190-3	3018001	Oat IgE Ab [Units/volume] in Serum	Oat IgE Ab [Units/volume] in Serum	Allergy
1487	6222-4	3015627	Queen Palm IgE Ab [Units/volume] in Serum	Queen Palm IgE Ab [Units/volume] in Serum	Allergy
1488	27820-0	3002022	Protein C Ag actual/normal in Platelet poor plasma by Immunoassay	Protein C Ag actual/normal in Platelet poor plasma by Immunologic method	COAG
1489	10579-1	3004879	Leukocytes [#/volume] in Semen	Leukocytes [#/volume] in Semen	FERT
1490	30247-1	3012381	Cytomegalovirus DNA [#/volume] (viral load) in Serum or Plasma by NAA with probe detection	Cytomegalovirus DNA [#/volume] (viral load) in Serum or Plasma by Probe & target amplification method	MICRO
1491	30165-5	3036054	Phosphatidylcholine/Albumin [Mass Ratio] in Amniotic fluid	Phosphatidylcholine/Albumin [Mass ratio] in Amniotic fluid	Chem
1492	12782-9	3012901	Oligoclonal bands [Interpretation] in Cerebral spinal fluid by Electrophoresis	Protein fractions.oligoclonal bands [interpretation] in Cerebral spinal fluid by Electrophoresis	Chem
1493	25361-7	3028609	Caffeine [Moles/volume] in Serum or Plasma	Caffeine [Moles/volume] in Serum or Plasma	DRUG/TOX
1494	70217-5	42868691	Thyroxine (T4) free [Moles/volume] in Serum or Plasma by Dialysis	Thyroxine (T4) free [Moles/volume] in Serum or Plasma by Dialysis	Chem
1495	6151-5	3018991	Italian Cypress IgE Ab [Units/volume] in Serum	Italian Cypress IgE Ab [Units/volume] in Serum	Allergy
1496	5946-9	3010589	aPTT.factor substitution in Platelet poor plasma by Coagulation assay --immediately after addition of normal plasma	aPTT.factor substitution in Platelet poor plasma by Coagulation assay --immediately after addition of normal plasma	COAG
1497	6230-7	3023235	Rice IgE Ab [Units/volume] in Serum	Rice IgE Ab [Units/volume] in Serum	Allergy
1498	10525-4	3025986	Microscopic observation [Identifier] in Specimen by Cyto stain	Microscopic observation [Identifier] in Unspecified specimen by Cyto stain	CYTO
1499	40692-6	3041348	Volume of Semen--pre washing	Volume of Semen--pre washing	FERT
1500	11884-4	3002209	Gestational age Estimated	Gestational age Estimated	OB.US
1501	19171-8	3027505	Alpha-1-Fetoprotein [Units/volume] in Amniotic fluid	Alpha-1-Fetoprotein [Units/volume] in Amniotic fluid	Chem
1502	7287-6	3018469	Dog Fennel IgE Ab [Units/volume] in Serum	Dog Fennel IgE Ab [Units/volume] in Serum	Allergy
1503	44528-8	3047266	Histoplasma capsulatum M Ab [Presence] in Serum	Histoplasma capsulatum M Ab [Presence] in Serum	MICRO
1504	12227-5	3001657	Leukocytes [#/volume] corrected for nucleated erythrocytes in Blood	Leukocytes [#/volume] corrected for nucleated erythrocytes in Blood	HEM/BC
1505	59960-5	40763020	Propoxyphene [Moles/volume] in Urine	Propoxyphene [Moles/volume] in Urine	DRUG/TOX
1506	20473-5	3001815	Granulocytes [Presence] in Specimen by Wright stain	Polymorphonuclear cells [Presence] in Unspecified specimen by Wright stain	HEM/BC
1507	35732-7	3034282	Histoplasma capsulatum H Ab [Presence] in Serum by Immune diffusion (ID)	Histoplasma capsulatum H Ab [Presence] in Serum by Immune diffusion (ID)	MICRO
1508	19261-7	3023596	Amphetamines [Presence] in Urine by Screen method	Amphetamines [Presence] in Urine by Screen method	DRUG/TOX
1509	11235-9	3004176	fentaNYL [Presence] in Urine	Fentanyl [Presence] in Urine	DRUG/TOX
1510	5221-7	3038100	HIV 1 Ab [Presence] in Serum or Plasma by Immunoblot	HIV 1 Ab [Presence] in Serum by Immunoblot (IB)	MICRO
1511	6109-3	3007757	White Elm IgE Ab [Units/volume] in Serum	White Elm IgE Ab [Units/volume] in Serum	Allergy
1512	10353-1	3018624	Bacteria identified in Nose by Aerobe culture	Bacteria identified in Nose by Aerobe culture	MICRO
1513	7124-1	3019964	Bayberry Pollen IgE Ab [Units/volume] in Serum	Bayberry Pollen IgE Ab [Units/volume] in Serum	Allergy
1514	8251-1	3004691	Service comment	Service comment	MISC
1515	38996-5	3041765	Neutrophils [Presence] in Urine by Light microscopy	Neutrophils [Presence] in Urine by Light microscopy	UA
1516	15197-7	3021753	Lymphocytes clefted/Leukocytes in Blood by Manual count	Lymphocytes Fissured/100 leukocytes in Blood by Manual count	HEM/BC
1517	14207-5	3001475	Streptococcal DNAse B [Titer] in Serum	Streptococcal DNAse B [Titer] in Serum	MICRO
1518	44547-8	3046697	Human papilloma virus DNA [Presence] in Specimen by Probe with signal amplification	Human papilloma virus DNA [Presence] in Unspecified specimen by Probe & signal amplification method	MICRO
1519	28543-7	3021302	Basophils/Leukocytes in Body fluid	Basophils/100 leukocytes in Body fluid	HEM/BC
1520	6012-9	3002124	von Willebrand factor (vWf) Ag [Units/volume] in Platelet poor plasma by Immunoassay	von Willebrand factor (vWf) Ag [Units/volume] in Platelet poor plasma by Immunologic method	COAG
1521	7902-0	3004806	Helicobacter pylori IgG Ab [Units/volume] in Serum	Helicobacter pylori IgG Ab [Units/volume] in Serum	MICRO
1522	10728-4	3014856	Trichomonas sp identified in Genital specimen by Organism specific culture	Trichomonas sp identified in Genital specimen by Organism specific culture	MICRO
1523	8118-2	3021562	CD2 cells/cells in Blood	CD2 cells/100 cells in Blood	CELLMARK
1524	38496-6	3051447	Retinyl palmitate [Mass/volume] in Serum or Plasma	Retinyl palmitate [Mass/volume] in Serum or Plasma	Chem
1525	48053-3	3051427	Turbidity [Presence] of Synovial fluid Qualitative	Turbidity [Presence] of Synovial fluid	SPEC
1526	33984-6	3030959	Coagulation factor X activity actual/normal in Platelet poor plasma by Chromogenic method	Coagulation factor X activity actual/normal in Platelet poor plasma by Chromogenic method	COAG
1527	49839-4	3030410	Eosinophils [Presence] in Urine sediment by Wright stain	Eosinophils [Presence] in Urine sediment by Wright stain	HEM/BC
1528	14802-3	3015616	Isopropanol [Moles/volume] in Serum or Plasma	Isopropanol [Moles/volume] in Serum or Plasma	DRUG/TOX
1529	7816-2	3016048	Blastomyces dermatitidis Ab [Presence] in Serum	Blastomyces dermatitidis Ab [Presence] in Serum	MICRO
1530	7477-3	3005193	Mango Pollen IgE Ab [Units/volume] in Serum	Mango Pollen IgE Ab [Units/volume] in Serum	Allergy
1531	36913-2	3035795	FMR1 gene targeted mutation analysis in Blood or Tissue by Molecular genetics method	FMR1 gene mutation analysis in Blood or Tissue by Molecular genetics method Narrative	MOLPATH.MUT
1532	13943-6	3001345	Fructose [Presence] in Semen	Fructose [Presence] in Semen	Chem
1533	34441-6	3044593	Spermatozoa [Velocity] in Semen	Spermatozoa [Velocity] in Semen	FERT
1534	7110-0	3005607	Groundsel Tree IgE Ab [Units/volume] in Serum	Groundsel Tree IgE Ab [Units/volume] in Serum	Allergy
1535	2464-6	3007368	IgG [Mass/volume] in Cerebral spinal fluid	IgG [Mass/volume] in Cerebral spinal fluid	Chem
1536	6195-2	3006304	Cocksfoot IgE Ab [Units/volume] in Serum	Cocksfoot IgE Ab [Units/volume] in Serum	Allergy
1537	22752-0	3003701	Tobramycin [Moles/volume] in Serum or Plasma --trough	Tobramycin [Moles/volume] in Serum or Plasma --trough	DRUG/TOX
1537	4059-2	3006638	Tobramycin [Mass/volume] in Serum or Plasma --trough	Tobramycin [Mass/volume] in Serum or Plasma --trough	DRUG/TOX
1538	48051-7	3052654	Erythrocytes [Presence] in Vaginal fluid	Erythrocytes [Presence] in Vaginal fluid	HEM/BC
1539	19710-3	3013542	traMADol [Presence] in Urine by Screen method	Tramadol [Presence] in Urine by Screen method	DRUG/TOX
1540	22297-6	3000723	Epstein Barr virus nuclear Ab [Titer] in Serum	Epstein Barr virus nuclear Ab [Titer] in Serum	MICRO
1541	27823-4	3037201	Protein S Ag actual/normal in Platelet poor plasma by Immunoassay	Protein S Ag actual/normal in Platelet poor plasma by Immunologic method	COAG
1542	560-3	3013074	Chlamydia sp identified in Specimen by Organism specific culture	Chlamydia sp identified in Unspecified specimen by Organism specific culture	MICRO
1543	20427-1	3006257	Acetylcholine receptor Ab [Moles/volume] in Serum	Acetylcholine receptor Ab [Moles/volume] in Serum	SERO
1544	48038-4	3049772	Pathologist interpretation of Synovial fluid tests	Pathologist interpretation of Synovial fluid tests	PATH
1545	4551-8	3020784	Hemoglobin A2/Hemoglobin.total in Blood	Hemoglobin A2/Hemoglobin.total in Blood	HEM/BC
1546	47383-5	3050002	Nuclear Ab [Presence] in Serum by Immunoassay	Nuclear Ab [Presence] in Serum by Immunoassay	SERO
1547	9557-0	3013191	CD2 cells [#/volume] in Blood	CD2 cells [#/volume] in Blood	CELLMARK
1548	41476-3	3034379	Rickettsia rickettsii IgG Ab [Presence] in Serum by Immunoassay	Rickettsia rickettsii IgG Ab [Presence] in Serum by Immunoassay	MICRO
1549	9804-6	3007527	Weight of Stone	Weight of Stone	PATH
1550	20468-5	3023669	Thiamine [Moles/volume] in Serum or Plasma	Thiamine [Moles/volume] in Serum or Plasma	Chem
1551	33242-9	3030629	Fungi.filamentous [Presence] in Urine by Computer assisted method	Fungi.filamentous [Presence] in Urine by Computer assisted method	UA
1552	27821-8	3020629	Protein S Free Ag actual/normal in Platelet poor plasma by Immunoassay	Protein S Free Ag actual/normal in Platelet poor plasma by Immunologic method	COAG
1553	3175-7	3008009	Antithrombin Ag [Units/volume] in Platelet poor plasma by Immunoassay	Antithrombin Ag [Units/volume] in Platelet poor plasma by Immunologic method	COAG
1554	49572-1	3032802	Second trimester triple maternal screen [Interpretation] in Serum or Plasma Narrative	Second trimester triple maternal screen [interpretation] in Serum or Plasma Narrative	Chem
1555	23301-5	3027467	Mycoplasma sp DNA [Presence] in Specimen by NAA with probe detection	Mycoplasma sp DNA [Presence] in Unspecified specimen by Probe & target amplification method	MICRO
1556	5256-3	3024605	Mycoplasma pneumoniae IgM Ab [Units/volume] in Serum by Immunoassay	Mycoplasma pneumoniae IgM Ab [Units/volume] in Serum by Immunoassay	MICRO
1557	21760-4	3014186	FRAXE gene CGG repeats [Presence] in Blood or Tissue by Molecular genetics method	FRAXE gene CGG repeats [Presence] in Blood or Tissue by Molecular genetics method	MOLPATH.TRINUC
1558	16117-4	3037825	Babesia microti IgG Ab [Titer] in Serum	Babesia microti IgG Ab [Titer] in Serum	MICRO
1559	41475-5	3034671	Rickettsia rickettsii IgM Ab [Presence] in Serum by Immunoassay	Rickettsia rickettsii IgM Ab [Presence] in Serum by Immunoassay	MICRO
1560	21416-3	3003510	Neisseria gonorrhoeae DNA [Presence] in Urine by NAA with probe detection	Neisseria gonorrhoeae DNA [Presence] in Urine by Probe & target amplification method	MICRO
1561	24119-0	3001145	Cytomegalovirus IgM Ab [Presence] in Serum or Plasma by Immunoassay	Cytomegalovirus IgM Ab [Presence] in Serum by Immunoassay	MICRO
1562	21582-2	3019420	Tryptase [Mass/volume] in Serum or Plasma	Tryptase [Mass/volume] in Serum or Plasma	Chem
1563	5255-5	3024072	Mycoplasma pneumoniae IgG Ab [Units/volume] in Serum by Immunoassay	Mycoplasma pneumoniae IgG Ab [Units/volume] in Serum by Immunoassay	MICRO
1564	13947-7	3035855	Coccidioides immitis IgG Ab [Presence] in Serum by Immunoassay	Coccidioides immitis IgG Ab [Presence] in Serum by Immunoassay	MICRO
1565	14716-5	3012631	Estriol (E3) [Moles/volume] in Serum or Plasma	Estriol (E3) [Moles/volume] in Serum or Plasma	Chem
1566	24125-7	3001556	Androgen free Index in Serum or Plasma	Andorgen free Index in Serum or Plasma	Chem
1567	13948-5	3009394	Coccidioides immitis IgM Ab [Presence] in Serum by Immunoassay	Coccidioides immitis IgM Ab [Presence] in Serum by Immunoassay	MICRO
1568	25474-8	3012602	Metanephrines [Moles/volume] in Serum or Plasma	Metanephrines [Moles/volume] in Serum or Plasma	Chem
1569	49580-4	3032965	HIV 1+2 Ab [Presence] in Specimen by Rapid immunoassay	HIV 1+2 Ab [Presence] in Unspecified specimen by Rapid test	MICRO
1570	6021-0	3033893	Apple IgE Ab [Units/volume] in Serum	Apple IgE Ab [Units/volume] in Serum	Allergy
1571	26451-5	3022640	Eosinophils/Leukocytes in Cerebral spinal fluid	Eosinophils/100 leukocytes in Cerebral spinal fluid	HEM/BC
1572	5908-9	3018528	Giant platelets [Presence] in Blood by Light microscopy	Platelets Giant [Presence] in Blood by Light microscopy	HEM/BC
1573	16118-2	3038074	Babesia microti IgM Ab [Titer] in Serum	Babesia microti IgM Ab [Titer] in Serum	MICRO
1574	22751-2	3000444	Tobramycin [Moles/volume] in Serum or Plasma --peak	Tobramycin [Moles/volume] in Serum or Plasma --peak	DRUG/TOX
1574	4057-6	3004090	Tobramycin [Mass/volume] in Serum or Plasma --peak	Tobramycin [Mass/volume] in Serum or Plasma --peak	DRUG/TOX
1575	30525-0			Age	MISC
1576	32546-4	3003994	Glucose-6-Phosphate dehydrogenase [Enzymatic activity/mass] in Red Blood Cells	Glucose-6-Phosphate dehydrogenase [Enzymatic activity/mass] in Red Blood Cells	Chem
1577	32164-6	3015187	Cells [#/volume] in Synovial fluid by Manual count	Cells [#/volume] in Synovial fluid by Manual count	HEM/BC
1578	9811-1	3006407	Chromogranin A [Mass/volume] in Serum or Plasma	Chromogranin A [Mass/volume] in Serum or Plasma	Chem
1579	10355-6	3014837	Microscopic observation [Identifier] in Bone marrow by Wright Giemsa stain	Microscopic observation [Identifier] in Bone marrow by Wright Giemsa stain	MICRO
1580	15057-3	3024588	Androstanolone [Moles/volume] in Serum or Plasma	Androstanolone [Moles/volume] in Serum or Plasma	Chem
1581	32109-1	3009264	Phenytoin Free [Moles/volume] in Serum or Plasma	Phenytoin Free [Moles/volume] in Serum or Plasma	DRUG/TOX
1582	6270-3	3015142	Tuna IgE Ab [Units/volume] in Serum	Tuna IgE Ab [Units/volume] in Serum	Allergy
1583	7613-3	3027165	Pistachio IgE Ab [Units/volume] in Serum	Pistachio IgE Ab [Units/volume] in Serum	Allergy
1584	14083-0	3008576	Epstein Barr virus early Ab [Titer] in Serum by Immunofluorescence	Epstein Barr virus early Ab [Titer] in Serum by Immunofluorescence	MICRO
1585	18182-6	3034739	Osmolality of Serum or Plasma by calculated by sum of electrolytes	Osmolality of Serum or Plasma by calculation	Chem
1586	41279-1	3041280	Borrelia burgdorferi IgG Ab/IgM Ab [Ratio] in Serum	Borrelia burgdorferi IgG Ab/IgM Ab [Ratio] in Serum	MICRO
1587	7883-2	3021849	Epstein Barr virus nuclear IgG Ab [Presence] in Serum	Epstein Barr virus nuclear IgG Ab [Presence] in Serum	MICRO
1588	20425-5	3004874	Cardiolipin IgM Ab [Interpretation] in Serum	Cardiolipin IgM Ab [interpretation] in Serum	COAG
1589	1746-7	3024474	Albumin [Mass/volume] in Cerebral spinal fluid	Albumin [Mass/volume] in Cerebral spinal fluid	Chem
1590	20424-8	3018499	Cardiolipin IgG Ab [Interpretation] in Serum	Cardiolipin IgG Ab [interpretation] in Serum	COAG
1591	26479-6	3020951	Lymphocytes/Leukocytes in Cerebral spinal fluid	Lymphocytes/100 leukocytes in Cerebral spinal fluid	HEM/BC
1592	70218-3	42868692	Triglyceride [Moles/volume] in Blood	Triglyceride [Moles/volume] in Blood	Chem
1593	609-8	3006119	Bacteria identified in Eye by Aerobe culture	Bacteria identified in Eye by Aerobe culture	MICRO
1594	15643-0			Clam IgE Ab RAST class in Serum	Allergy
1595	14869-2	3022227	Pathologist review of Blood tests	Pathologist review of Blood tests	BLDBK
1596	5814-9	3001137	Triple phosphate crystals [Presence] in Urine sediment by Light microscopy	Triple phosphate crystals [Presence] in Urine sediment by Light microscopy	UA
1597	30193-7	3005005	Acylcarnitine/Carnitine.free (C0) [Molar ratio] in Serum or Plasma	Acylcarnitine/Carnitine.free (C0) [Molar ratio] in Serum or Plasma	Chem
1598	8047-3	3022575	Varicella zoster virus IgG Ab [Units/volume] in Serum	Varicella zoster virus IgG Ab [Units/volume] in Serum	MICRO
1599	38476-8	3047826	Mullerian inhibiting substance [Mass/volume] in Serum or Plasma	Mullerian inhibiting substance [Mass/volume] in Serum or Plasma	Chem
1600	5834-7	3016845	Adenovirus Ag [Presence] in Specimen by Immunofluorescence	Adenovirus Ag [Presence] in Unspecified specimen by Immunofluorescence	MICRO
1601	6257-0	3017958	Strawberry IgE Ab [Units/volume] in Serum	Strawberry IgE Ab [Units/volume] in Serum	Allergy
1602	28009-9	3036603	Volume of Urine	Volume of Urine	SPEC
1604	13349-6	3008069	Leukocytes [#/volume] in Stool by Manual count	Leukocytes [#/volume] in Stool by Manual count	HEM/BC
1605	1992-7	3010989	Calcitonin [Mass/volume] in Serum or Plasma	Calcitonin [Mass/volume] in Serum or Plasma	Chem
1606	26607-2	3011446	Cystathionine [Moles/volume] in Serum or Plasma	Cystathionine [Moles/volume] in Serum or Plasma	Chem
1607	16263-6	3003757	Calcium oxalate dihydrate crystals [Presence] in Stone by Infrared spectroscopy	Calcium oxalate dihydrate crystals [Presence] in Stone by Infrared spectroscopy	Chem
1608	47387-6	3050361	Neisseria gonorrhoeae DNA [Presence] in Genital specimen by NAA with probe detection	Neisseria gonorrhoeae DNA [Presence] in Genital specimen by Probe & target amplification method	MICRO
1609	698-1	3028334	Neisseria gonorrhoeae [Presence] in Specimen by Organism specific culture	Neisseria gonorrhoeae [Presence] in Unspecified specimen by Organism specific culture	MICRO
1610	14721-5	3027318	Ethylene glycol [Moles/volume] in Serum or Plasma	Ethylene glycol [Moles/volume] in Serum or Plasma	DRUG/TOX
1611	7917-8	3013906	HIV 1 Ab [Presence] in Serum	HIV 1 Ab [Presence] in Serum	MICRO
1612	17122-3	3010226	CD19+Kappa+ cells/cells in Blood	CD19+Kappa+ cells/100 cells in Blood	CELLMARK
1613	32786-6	3043429	Thyroperoxidase Ab [Titer] in Serum or Plasma	Thyroperoxidase Ab [Titer] in Serum or Plasma	SERO
1614	25521-6	3010015	Selenium [Moles/volume] in Serum or Plasma	Selenium [Moles/volume] in Serum or Plasma	DRUG/TOX
1615	6209-1	3010354	Pecan or Hickory Tree IgE Ab [Units/volume] in Serum	Pecan or Hickory Tree IgE Ab [Units/volume] in Serum	Allergy
1616	4633-4	3003515	Hemoglobin F/Hemoglobin.total in Blood by Kleihauer-Betke method	Hemoglobin F/Hemoglobin.total in Blood by Kleihauer-Betke method	HEM/BC
1617	4821-5	3008898	HLA-B27 [Presence]	HLA-B27 [Presence]	HLA
1618	22203-4	3013924	Clostridium tetani IgG Ab [Units/volume] in Serum	Clostridium tetani IgG Ab [Units/volume] in Serum	MICRO
1619	6237-2	3036312	Salmon IgE Ab [Units/volume] in Serum	Salmon IgE Ab [Units/volume] in Serum	Allergy
1620	48049-1	3053230	Eosinophils [Presence] in Stool by Wright stain	Eosinophils [Presence] in Stool by Wright stain	HEM/BC
1621	5202-7	3023482	Herpes simplex virus Ab [Units/volume] in Serum by Immunoassay	Herpes simplex virus Ab [Units/volume] in Serum by Immunoassay	MICRO
1622	12308-3	3034223	HYDROcodone [Presence] in Urine	Hydrocodone [Presence] in Urine	DRUG/TOX
1623	9834-3	3019869	HYDROmorphone [Presence] in Urine	Hydromorphone [Presence] in Urine	DRUG/TOX
1624	42192-5	3029127	Nidus [Presence] in Stone	Nidus [Presence] in Stone	PATH
1625	70215-9	42868689	oxyCODONE [Moles/volume] in Urine by Confirmatory method	Oxycodone [Moles/volume] in Urine by Confirmatory method	DRUG/TOX
1626	30437-8	3012671	Monocytes+Macrophages/Leukocytes in Body fluid	Monocytes+Macrophages/100 leukocytes in Body fluid	HEM/BC
1627	6035-0	3014829	Banana IgE Ab [Units/volume] in Serum	Banana IgE Ab [Units/volume] in Serum	Allergy
1628	19643-6	3005639	oxyCODONE [Presence] in Urine by Confirmatory method	Oxycodone [Presence] in Urine by Confirmatory method	DRUG/TOX
1629	18325-1	3034514	oxyMORphone [Presence] in Urine by Confirmatory method	Oxymorphone [Presence] in Urine by Confirmatory method	DRUG/TOX
1630	47226-6	3050978	Fetal lung maturity [Interpretation] in Amniotic fluid	Fetal lung maturity [interpretation] in Amniotic fluid	Chem
1631	17395-5	3014535	oxyMORphone [Mass/volume] in Urine by Confirmatory method	Oxymorphone [Mass/volume] in Urine by Confirmatory method	DRUG/TOX
1632	19074-4	3017215	Carnitine esters [Moles/volume] in Serum or Plasma	Carnitine esters [Moles/volume] in Serum or Plasma	Chem
1633	12598-9	3000910	Fat.neutral [Presence] in Stool	Fat.neutral [Presence] in Stool	Chem
1634	17123-1	3011065	CD19+Lambda+ cells/cells in Blood	CD19+Lambda+ cells/100 cells in Blood	CELLMARK
1635	36922-3	3037060	TPMT gene targeted mutation analysis in Blood or Tissue by Molecular genetics method	TPMT gene mutation analysis in Blood or Tissue by Molecular genetics method Narrative	MOLPATH.MUT
1636	6194-5	3007456	Orange IgE Ab [Units/volume] in Serum	Orange IgE Ab [Units/volume] in Serum	Allergy
1637	5170-6	3003966	Gliadin IgG Ab [Units/volume] in Serum	Gliadin IgG Ab [Units/volume] in Serum	SERO
1638	26536-3	3011121	Cortisol [Moles/volume] in Serum or Plasma --1 hour post dose corticotropin	Cortisol [Moles/volume] in Serum or Plasma --1 hour post dose corticotropin	CHAL
1639	49581-2	3029217	Referral lab test identifier and name [Identifier]	Reference lab test identifier and name [Identifier]	MISC
1640	12210-1	3024408	Eosinophils/Leukocytes in Urine sediment by Manual count	Eosinophils/100 leukocytes in Urine sediment by Manual count	UA
1641	7041-7	3001613	Penicillin G [Susceptibility] by Gradient strip	Penicillin G [Susceptibility] by Gradient strip	ABXBACT
1641	7042-5	3019076	Penicillin V [Susceptibility] by Gradient strip	Penicillin V [Susceptibility] by Gradient strip	ABXBACT
1642	29901-6	3017848	HTLV I+II Ab [Presence] in Serum by Immunoassay	HTLV 1+2 Ab [Presence] in Serum by Immunoassay	MICRO
1643	22110-1	3004238	Bartonella henselae IgG Ab [Titer] in Serum	Bartonella henselae IgG Ab [Titer] in Serum	MICRO
1644	14251-3	3007027	Mitochondria M2 IgG Ab [Units/volume] in Serum	Mitochondria M2 IgG Ab [Units/volume] in Serum	SERO
1645	26535-5	3010523	Cortisol [Moles/volume] in Serum or Plasma --30 minutes post dose corticotropin	Cortisol [Moles/volume] in Serum or Plasma --30 minutes post dose corticotropin	CHAL
1646	19593-3	3013474	6-Monoacetylmorphine (6-MAM) [Mass/volume] in Urine by Confirmatory method	6-Monoacetylmorphine (6-MAM) [Mass/volume] in Urine by Confirmatory method	DRUG/TOX
1646	70197-9	42868671	6-Monoacetylmorphine (6-MAM) [Moles/volume] in Urine by Confirmatory method	6-Monoacetylmorphine (6-MAM) [Moles/volume] in Urine by Confirmatory method	DRUG/TOX
1647	59417-6	40762508	Oxygen saturation in Arterial blood by Pulse oximetry --resting	Oxygen saturation in Arterial blood by Pulse oximetry --resting	HEMODYN.MOLEC
1648	59412-7	40762503	Oxygen saturation in Arterial blood by Pulse oximetry --post exercise	Oxygen saturation in Arterial blood by Pulse oximetry --post exercise	HEMODYN.MOLEC
1649	6448-5	3005083	Legionella pneumophila Ag [Presence] in Urine by Radioimmunoassay (RIA)	Legionella pneumophila Ag [Presence] in Urine by Radioimmunoassay (RIA)	MICRO
1650	6137-4	3010054	Hazelnut Pollen IgE Ab [Units/volume] in Serum	Hazelnut Pollen IgE Ab [Units/volume] in Serum	Allergy
1651	5644-0	3010109	Ethanol [Presence] in Urine	Ethanol [Presence] in Urine	DRUG/TOX
1652	3093-2	3019930	Urea nitrogen [Mass/volume] in Body fluid	Urea nitrogen [Mass/volume] in Body fluid	Chem
1653	14862-7	3027570	Oxalate [Moles/time] in 24 hour Urine	Oxalate [Moles/time] in 24 hour Urine	Chem
1654	1007-4	3022907	Direct antiglobulin test.polyspecific reagent [Presence] on Red Blood Cells	Direct antiglobulin test.poly specific reagent [Presence] on Red Blood Cells	BLDBK
1655	59841-7	40762902	Vendor name [Identifier] in Specimen	Vendor name [Identifier] in Unspecified specimen	Chem
1656	19768-1	3013125	Reviewing cytologist who read Cyto stain of Cervical or vaginal smear or scraping	Reviewing cytologist who read Cyto stain of Cervical or vaginal smear or scraping	CYTO
1657	5381-9	3012085	Thyroglobulin Ab [Titer] in Serum by Latex agglutination	Thyroglobulin Ab [Titer] in Serum by Latex agglutination	SERO
1658	808-6	3037822	Leukocytes [#/volume] in Pleural fluid by Manual count	Leukocytes [#/volume] in Pleural fluid by Manual count	HEM/BC
1659	25726-1	3027159	OXcarbazepine [Moles/volume] in Serum or Plasma	Oxcarbazepine [Moles/volume] in Serum or Plasma	DRUG/TOX
1660	14862-7	3027570	Oxalate [Moles/time] in 24 hour Urine	Oxalate [Moles/time] in 24 hour Urine	Chem
1661	25835-0	3000685	HIV 1 RNA [Presence] in Serum or Plasma by NAA with probe detection	HIV 1 RNA [Presence] in Serum or Plasma by Probe & target amplification method	MICRO
1662	35051-2	3033169	Leukocytes other [#/volume] in Body fluid	Leukocytes other [#/volume] in Body fluid	HEM/BC
1663	7893-1	3017726	Gliadin Ab [Units/volume] in Serum	Gliadin Ab [Units/volume] in Serum	SERO
1664	15015-1	3036955	Alkaline phosphatase.liver/Alkaline phosphatase.total in Serum or Plasma	Alkaline phosphatase.liver/Alkaline phosphatase.total in Serum or Plasma	Chem
1665	33917-6	3030658	Nornicotine [Mass/volume] in Urine	Nornicotine [Mass/volume] in Urine	DRUG/TOX
1666	15013-6	3002069	Alkaline phosphatase.bone/Alkaline phosphatase.total in Serum or Plasma	Alkaline phosphatase.bone/Alkaline phosphatase.total in Serum or Plasma	Chem
1667	24378-2	3003882	Platelet aggregation EPINEPHrine induced [Presence] in Platelet rich plasma	Platelet aggregation epinephrine induced [Presence] in Platelet rich plasma	COAG
1668	6062-4	3011897	Casein IgE Ab [Units/volume] in Serum	Casein IgE Ab [Units/volume] in Serum	Allergy
1669	6220-8	3009883	Potato IgE Ab [Units/volume] in Serum	Potato IgE Ab [Units/volume] in Serum	Allergy
1670	6873-4	3003985	Beta hydroxybutyrate [Moles/volume] in Serum or Plasma	Beta hydroxybutyrate [Moles/volume] in Serum or Plasma	Chem
1671	47440-3	3049061	Hepatitis B virus core Ab [Presence] in Serum from Donor	Hepatitis B virus core Ab [Presence] in Serum from donor	MICRO
1672	44533-8	3046775	HIV 1+2 Ab [Presence] in Serum from Donor	HIV 1+2 Ab [Presence] in Serum from donor	MICRO
1673	44538-7	3047341	HTLV I+II Ab [Presence] in Serum from Donor	HTLV 1+2 Ab [Presence] in Serum from donor	MICRO
1674	5877-6	3005444	Respiratory syncytial virus Ag [Presence] in Specimen by Immunofluorescence	Respiratory syncytial virus Ag [Presence] in Unspecified specimen by Immunofluorescence	MICRO
1675	49846-9	3029001	Hepatitis C virus core Ag [Presence] in Blood or Marrow from Donor	Hepatitis C virus Ag [Presence] in Blood or Marrow from donor	MICRO
1676	9632-1	3036278	Aspergillus fumigatus Ab [Presence] in Serum	Aspergillus fumigatus Ab [Presence] in Serum	MICRO
1677	2032-1	3010517	Carboxyhemoglobin/Hemoglobin.total in Venous blood	Carboxyhemoglobin/Hemoglobin.total in Venous blood	Chem
1678	71791-8	42869546	Metanephrines [Moles/volume] in 24 hour Urine	Metanephrines [Moles/volume] in 24 hour Urine	Chem
1679	47364-5	3049408	Hepatitis B virus surface Ag [Presence] in Serum from Donor by Immunoassay	Hepatitis B virus surface Ag [Presence] in Serum from donor by Immunoassay	MICRO
1680	13942-8	3002435	Spermatozoa Motile [Presence] in Semen by Light microscopy	Spermatozoa Motile [Presence] in Semen by Light microscopy	FERT
1681	22463-4	3037695	Reagin Ab [Presence] in Serum from Donor	Reagin Ab [Presence] in Serum from donor	MICRO
1682	10622-9	3023258	Spermatozoa Normal/Spermatozoa in Semen	Spermatozoa Normal/100 spermatozoa in Semen	FERT
1683	19088-4			Collection of urine specimen start date	SPEC
1684	47441-1	3050052	Hepatitis C virus Ab [Presence] in Serum from Donor	Hepatitis C virus Ab [Presence] in Serum from donor	MICRO
1685	19089-2			Collection of urine specimen start time	SPEC
1686	15174-6	3037070	Cryocrit of Serum by Spun Westergren	Cryocrit of Serum by Spun Westergren	Chem
1687	5000-5	3020229	Cytomegalovirus DNA [Presence] in Specimen by NAA with probe detection	Cytomegalovirus DNA [Presence] in Unspecified specimen by Probe & target amplification method	MICRO
1688	19086-8			Collection of urine specimen end date	SPEC
1689	19087-6			Collection of urine specimen end time	SPEC
1690	7558-0	3002538	Oyster IgE Ab [Units/volume] in Serum	Oyster IgE Ab [Units/volume] in Serum	Allergy
1691	29280-5	3033464	Fibrin D-dimer [Presence] in Platelet poor plasma by Latex agglutination	Fibrin D-dimer [Presence] in Platelet poor plasma by Latex agglutination	COAG
1692	43399-5	3046498	JAK2 gene p.Val617Phe [Presence] in Blood or Tissue by Molecular genetics method	JAK2 gene p.V617F [Presence] in Blood or Tissue by Molecular genetics method	MOLPATH.MUT
1693	13462-7	3028348	Apolipoprotein A-I/Apolipoprotein B [Mass Ratio] in Serum or Plasma	Apolipoprotein A-I/Apolipoprotein B [Mass ratio] in Serum or Plasma	Chem
1694	49295-9	3049204	Protein Fractions [Interpretation] in Cerebral spinal fluid by Electrophoresis Narrative	Protein Fractions [interpretation] in Cerebral spinal fluid by Electrophoresis Narrative	Chem
1695	43441-5	3045360	Bacteria identified in Bronchoalveolar lavage by Aerobe culture	Bacteria identified in Bronchoalveolar lavage by Aerobe culture	MICRO
1696	21482-5	3011705	Protein [Mass/volume] in 24 hour Urine	Protein [Mass/volume] in 24 hour Urine	Chem
1697	2597-3	3008455	Magnesium [Moles/volume] in Red Blood Cells	Magnesium [Moles/volume] in Red Blood Cells	Chem
1698	2669-0	3016851	Normetanephrine [Mass/volume] in Serum or Plasma	Normetanephrine [Mass/volume] in Serum or Plasma	Chem
1699	70205-0	42868679	clonazePAM [Moles/volume] in Serum or Plasma by Screen method	Clonazepam [Moles/volume] in Serum or Plasma by Screen method	DRUG/TOX
1700	25964-8	3009588	Normetanephrine [Moles/volume] in 24 hour Urine	Normetanephrine [Moles/volume] in 24 hour Urine	Chem
1701	13327-2	3002962	Parainfluenza virus Ag [Presence] in Specimen by Immunofluorescence	Parainfluenza virus Ag [Presence] in Unspecified specimen by Immunofluorescence	MICRO
1702	26517-3			Polymorphonuclear cells/100 leukocytes in Cerebral spinal fluid	HEM/BC
1703	3193-0	3005757	Coagulation factor V activity actual/normal in Platelet poor plasma by Coagulation assay	Coagulation factor V activity actual/normal in Platelet poor plasma by Coagulation assay	COAG
1704	71797-5	42869552	Protoporphyrin.zinc [Moles/volume] in Red Blood Cells	Protoporphyrin.zinc [Moles/volume] in Red Blood Cells	Chem
1705	6367-7			Clostridium tetani IgG Ab [Units/volume] in Serum by Immunoassay	MICRO
1706	41480-5	3034629	BK virus DNA [#/volume] (viral load) in Urine by NAA with probe detection	BK virus DNA [#/volume] (viral load) in Urine by Probe & target amplification method	MICRO
1707	31788-3	3001363	Cryptococcus sp Ag [Presence] in Cerebral spinal fluid	Cryptococcus sp Ag [Presence] in Cerebral spinal fluid	MICRO
1708	31843-6	3013139	Helicobacter pylori Ag [Presence] in Stool	Helicobacter pylori Ag [Presence] in Stool	MICRO
1709	888-8	3036472	Blood group antibodies identified in Serum or Plasma	Blood group antibodies identified in Serum or Plasma	BLDBK
1710	25987-9	3036664	Testosterone Free [Moles/volume] in Serum or Plasma by Radioimmunoassay (RIA)	Testosterone Free [Moles/volume] in Serum or Plasma by Radioimmunoassay (RIA)	Chem
1711	40464-0	3042009	Drugs identified in Urine by Confirmatory method	Drugs identified in Urine by Confirmatory method	DRUG/TOX
1712	13227-4	3028339	Corynebacterium diphtheriae IgG Ab [Units/volume] in Serum	Corynebacterium diphtheriae IgG Ab [Units/volume] in Serum	MICRO
1713	58787-3	40761881	Corynebacterium diphtheriae IgG Ab [Units/volume] in Serum by Immunoassay	Corynebacterium diphtheriae IgG Ab [Units/volume] in Serum by Immunoassay	MICRO
1714	32284-2	3000504	BK virus DNA [Units/volume] (viral load) in Serum or Plasma by NAA with probe detection	BK virus DNA [Units/volume] (viral load) in Serum or Plasma by Probe & target amplification method	MICRO
1715	19287-2	3017753	Cannabinoids tested for in Urine by Screen method Nominal	Cannabinoids tested for in Urine by Screen method Nominal	DRUG/TOX
1716	17852-5	3016401	Ureaplasma urealyticum [Presence] in Specimen by Organism specific culture	Ureaplasma urealyticum [Presence] in Unspecified specimen by Organism specific culture	MICRO
1717	6078-0	3001915	Cockroach IgE Ab [Units/volume] in Serum	Cockroach IgE Ab [Units/volume] in Serum	Allergy
1718	15388-2	3033621	Mycoplasma hominis [Presence] in Specimen by Organism specific culture	Mycoplasma hominis [Presence] in Unspecified specimen by Organism specific culture	MICRO
1719	31036-7	3020982	Gatifloxacin [Susceptibility] by Minimum inhibitory concentration (MIC)	Gatifloxacin [Susceptibility] by Minimum inhibitory concentration (MIC)	ABXBACT
1720	23871-7	3033500	Hepatitis C virus NS5 Ab [Presence] in Serum by Immunoblot	Hepatitis C virus NS5 Ab [Presence] in Serum by Immunoblot (IB)	MICRO
1721	15917-8			Peanut IgE Ab RAST class in Serum	Allergy
1722	9610-7	3014658	Hepatitis C virus c33c Ab [Presence] in Serum by Immunoblot	Hepatitis C virus c33c Ab [Presence] in Serum by Immunoblot (IB)	MICRO
1723	9609-9	3002758	Hepatitis C virus 22-3 Ab [Presence] in Serum by Immunoblot	Hepatitis C virus 22-3 Ab [Presence] in Serum by Immunoblot (IB)	MICRO
1724	3187-2	3006109	Coagulation factor IX activity actual/normal in Platelet poor plasma by Coagulation assay	Coagulation factor IX activity actual/normal in Platelet poor plasma by Coagulation assay	COAG
1725	43993-5			Age at delivery	OB.US
1726	23860-0	3003159	Erythrocytes [#/volume] in Body fluid by Automated count	Erythrocytes [#/volume] in Body fluid by Automated count	HEM/BC
1727	3096-5	3017457	Urea nitrogen [Mass/time] in 24 hour Urine	Urea nitrogen [Mass/time] in 24 hour Urine	Chem
1728	6998-9	3036199	cefTRIAXone [Susceptibility] by Gradient strip	Ceftriaxone [Susceptibility] by Gradient strip	ABXBACT
1729	25630-5	3009550	Parvovirus B19 IgG Ab [Titer] in Serum	Parvovirus B19 IgG Ab [Titer] in Serum	MICRO
1730	15076-3	3005570	Glucose [Moles/volume] in Urine	Glucose [Moles/volume] in Urine	Chem
1731	19098-3	3015004	Erythrocytes [Presence] in Amniotic fluid	Erythrocytes [Presence] in Amniotic fluid	HEM/BC
1732	12229-1	3037871	Macrophages/Leukocytes in Cerebral spinal fluid by Manual count	Macrophages/100 leukocytes in Cerebral spinal fluid by Manual count	HEM/BC
1733	20446-1	3009922	Herpes simplex virus IgG Ab [Interpretation] in Serum by Immunoassay	Herpes simplex virus IgG Ab [interpretation] in Serum by Immunoassay	MICRO
1734	6059-0	3013766	Candida albicans IgE Ab [Units/volume] in Serum	Candida albicans IgE Ab [Units/volume] in Serum	Allergy
1735	13337-1	3034801	CD8+HLA-DR+ cells/cells in Blood	CD8+HLA-DR+ cells/100 cells in Blood	CELLMARK
1736	21112-8			Birth date	MISC
1737	25435-9	3010761	Herpes simplex virus IgM Ab [Presence] in Serum	Herpes simplex virus IgM Ab [Presence] in Serum	MICRO
1738	49835-2	3031051	CD19+IgD+ cells/cells in Specimen	CD19+IgD+ cells/100 cells in Unspecified specimen	CELLMARK
1739	32632-2	3046039	HEXA gene mutations found [Identifier] in Blood or Tissue by Molecular genetics method Nominal	HEXA gene mutations found [Identifier] in Blood or Tissue by Molecular genetics method Nominal	MOLPATH.MUT
1740	70239-9	42868713	Testosterone [Moles/volume] in Serum or Plasma by Detection limit <= 3.47 pmol/L	Testosterone [Moles/volume] in Serum or Plasma by Detection limit <= 3.47 pmol/L	Chem
1741	5096-3	3025798	Coccidioides immitis Ab [Titer] in Serum by Complement fixation	Coccidioides immitis Ab [Titer] in Serum by Complement fixation	MICRO
1742	7774-3	3010737	Cow whey IgE Ab [Units/volume] in Serum	Cow whey IgE Ab [Units/volume] in Serum	Allergy
1743	5052-6	3005291	Aspergillus sp Ab [Presence] in Serum by Immune diffusion (ID)	Aspergillus sp Ab [Presence] in Serum by Immune diffusion (ID)	MICRO
1744	29675-6	3006410	Parvovirus B19 IgG Ab [Presence] in Serum	Parvovirus B19 IgG Ab [Presence] in Serum	MICRO
1745	29660-8	3022758	Parvovirus B19 IgG Ab [Presence] in Serum by Immunoassay	Parvovirus B19 IgG Ab [Presence] in Serum by Immunoassay	MICRO
1746	7981-4	3008321	Parvovirus B19 IgM Ab [Presence] in Serum	Parvovirus B19 IgM Ab [Presence] in Serum	MICRO
1747	40658-7	3043961	Parvovirus B19 IgM Ab [Presence] in Serum by Immunoassay	Parvovirus B19 IgM Ab [Presence] in Serum by Immunoassay	MICRO
1748	32147-1	3022718	Reducing substances [Mass/volume] in Urine	Reducing substances [Mass/volume] in Urine	UA
1749	22111-9	3006862	Bartonella henselae IgM Ab [Titer] in Serum	Bartonella henselae IgM Ab [Titer] in Serum	MICRO
1750	22362-8	3014389	HTLV I+II Ab [Presence] in Serum	HTLV 1+2 Ab [Presence] in Serum	MICRO
1751	15093-8	3019399	Protoporphyrin Free [Moles/volume] in Blood	Protoporphyrin Free [Moles/volume] in Blood	Chem
1752	3198-9	3011547	Coagulation factor VII activity actual/normal in Platelet poor plasma by Coagulation assay	Coagulation factor VII activity actual/normal in Platelet poor plasma by Coagulation assay	COAG
1753	70240-7	42868714	Testosterone Free [Moles/volume] in Serum or Plasma by Detection limit <= 3.47 pmol/L	Testosterone Free [Moles/volume] in Serum or Plasma by Detection limit <= 3.47 pmol/L	Chem
1754	10386-1	3010008	Albumin given [Volume]	Albumin given [Volume]	BLDBK
1755	13589-7	3007211	Activated protein C resistance [Presence] in Blood by NAA with probe detection	Activated protein C resistance [Presence] in Blood by Probe & target amplification method	COAG
1756	70214-2	42868688	Oxazepam [Moles/volume] in Urine by Confirmatory method	Oxazepam [Moles/volume] in Urine by Confirmatory method	DRUG/TOX
1757	8087-9	3014178	Parietal cell Ab [Units/volume] in Serum	Parietal cell Ab [Units/volume] in Serum	SERO
1758	8220-6	3002364	Opiates [Mass/volume] in Urine	Opiates [Mass/volume] in Urine	DRUG/TOX
1759	70213-4	42868687	Nordiazepam [Moles/volume] in Urine by Confirmatory method	Nordiazepam [Moles/volume] in Urine by Confirmatory method	DRUG/TOX
1760	23876-6	3017385	HIV 1 RNA [Units/volume] (viral load) in Plasma by Probe with signal amplification	HIV 1 RNA [Units/volume] (viral load) in Plasma by Probe & signal amplification method	MICRO
1761	42621-3	3034672	Mycoplasma hominis DNA [Presence] in Blood by NAA with probe detection	Mycoplasma hominis DNA [Presence] in Blood by Probe & target amplification method	MICRO
1762	4477-6	3003245	Complement C1 esterase inhibitor [Mass/volume] in Serum or Plasma	Complement C1 esterase inhibitor [Mass/volume] in Serum or Plasma	HEM/BC
1763	6138-2	3010653	Setomelanomma rostrata IgE Ab [Units/volume] in Serum	Helminthosporium halodes IgE Ab [Units/volume] in Serum	Allergy
1764	14703-3	3006214	DOPamine [Moles/volume] in Serum or Plasma	Dopamine [Moles/volume] in Serum or Plasma	Chem
1765	6037-6	3007700	Barley IgE Ab [Units/volume] in Serum	Barley IgE Ab [Units/volume] in Serum	Allergy
1766	7632-3	3023543	Privet IgE Ab [Units/volume] in Serum	Privet IgE Ab [Units/volume] in Serum	Allergy
1767	10580-9	3012282	Liquefaction [Time] in Semen	Liquefaction [Time] in Semen	FERT
1768	6460-0	3023419	Bacteria identified in Sputum by Culture	Bacteria identified in Sputum by Culture	MICRO
1769	20416-4	3016770	Hepatitis C virus RNA [#/volume] (viral load) in Serum or Plasma by NAA with probe detection	Hepatitis C virus RNA [#/volume] (viral load) in Serum or Plasma by Probe & target amplification method	MICRO
1770	13941-0	3003540	Lymphocytes/Leukocytes in Body fluid by Manual count	Lymphocytes/100 leukocytes in Body fluid by Manual count	HEM/BC
1771	47252-2	3049680	Hepatitis C virus RNA [Log #/volume] (viral load) in Serum or Plasma by NAA with probe detection	Hepatitis C virus RNA [Log #/volume] (viral load) in Serum or Plasma by Probe & target amplification method	MICRO
1772	41487-0	3028848	Cryptosporidium parvum Ag [Presence] in Stool by Immunoassay	Cryptosporidium parvum Ag [Presence] in Stool by Immunoassay	MICRO
1773	14116-8	3014078	IgG synthesis rate [Mass/time] in Serum and CSF by calculation	IgG synthesis rate [Mass/time] in Serum & CSF by calculation	Chem
1774	29539-4	3010074	HIV 1 RNA [Log #/volume] (viral load) in Plasma by Probe with signal amplification	HIV 1 RNA [Log #/volume] (viral load) in Plasma by Probe & signal amplification method	MICRO
1775	33630-5	3044830	HIV protease gene mutations detected [Identifier]	HIV protease gene mutations detected [Identifier] in Isolate	ABXBACT
1776	21821-4	3013321	t(9;22)(q34.1;q11)(ABL1,BCR) fusion transcript [Presence] in Blood or Tissue by Molecular genetics method	t(9,22)(ABL1,BCR) Translocation [Presence] in Blood or Tissue by Molecular genetics method	MOLPATH.TRNLOC
1777	33893-9	3043425	Karyotype [Identifier] in Bone marrow Nominal	Karyotype [Identifier] in Bone marrow Nominal	MOLPATH
1778	20398-4	3037503	Homogenous nuclear Ab pattern [Titer] in Serum	Nuclear Ab Pattern Homogenous [Titer] in Serum	SERO
1779	15114-2	3015446	Arsenic [Moles/volume] in Blood	Arsenic [Moles/volume] in Blood	DRUG/TOX
1780	5234-0	3018576	Jo-1 extractable nuclear Ab [Presence] in Serum by Immunoassay	Jo-1 extractable nuclear Ab [Presence] in Serum by Immunoassay	SERO
1781	16074-7			Walnut IgE Ab RAST class in Serum	Allergy
1782	70212-6	42868686	Nordiazepam [Moles/volume] in Serum or Plasma by Screen method	Nordiazepam [Moles/volume] in Serum or Plasma by Screen method	DRUG/TOX
1783	15014-4	3020990	Alkaline phosphatase.intestinal/Alkaline phosphatase.total in Serum or Plasma	Alkaline phosphatase.intestinal/Alkaline phosphatase.total in Serum or Plasma	Chem
1784	20431-3	3003905	Microscopic observation [Identifier] in Specimen by Smear	Microscopic observation [Identifier] in Unspecified specimen by Smear	MICRO
1785	49588-7			First trimester maternal screen with nuchal translucency [interpretation] Narrative	Chem
1786	611-4	3016727	Bacteria identified in Body fluid by Culture	Bacteria identified in Body fluid by Culture	MICRO
1787	70211-8	42868685	Mycophenolate [Moles/volume] in Serum or Plasma	Mycophenolate [Moles/volume] in Serum or Plasma	DRUG/TOX
1788	31112-6	3002809	Reticulocytes/Erythrocytes in Blood by Manual	Reticulocytes/100 erythrocytes in Blood by Manual	HEM/BC
1789	25418-5	3025709	Mumps virus IgG Ab [Units/volume] in Serum by Immunoassay	Mumps virus IgG Ab [Units/volume] in Serum by Immunoassay	MICRO
1790	65757-7	40768446	Kidney Pathology biopsy report	Pathology biopsy report in Kidney Narrative	PATH
1791	65752-8	40768441	Liver Pathology biopsy report	Pathology biopsy report in Liver Narrative	PATH
1792	65751-0	40768440	Muscle Pathology biopsy report	Pathology biopsy report in Muscle Narrative	PATH
1793	65754-4	40768443	Skin Pathology biopsy report	Pathology biopsy report in Skin Narrative	PATH
1794	15058-1	3011500	DOPamine [Moles/volume] in Urine	Dopamine [Moles/volume] in Urine	Chem
1795	24521-7	3036478	EPINEPHrine [Moles/volume] in Urine	Epinephrine [Moles/volume] in Urine	Chem
1796	14853-6	3006382	Norepinephrine [Moles/volume] in Urine	Norepinephrine [Moles/volume] in Urine	Chem
1797	25383-1			Cow milk IgE Ab RAST class in Serum	Allergy
1798	6234-9	3002187	Saltwort IgE Ab [Units/volume] in Serum	Saltwort IgE Ab [Units/volume] in Serum	Allergy
1799	3786-1	3008776	Methaqualone [Presence] in Urine	Methaqualone [Presence] in Urine	DRUG/TOX
1800	11060-1	3001683	Reducing substances [Presence] in Stool	Reducing substances [Presence] in Stool	Chem
1801	20469-3	3037286	Acetone [Presence] in Serum or Plasma by Screen method	Acetone [Presence] in Serum or Plasma by Screen method	DRUG/TOX
1802	50970-3	3029950	XXX blood group Ab [Titer] in Serum or Plasma by Antihuman globulin	XXX blood group Ab [Titer] in Serum or Plasma by Antihuman globulin	BLDBK
1803	22315-6	3011922	Hepatitis A virus IgM Ab [Units/volume] in Serum	Hepatitis A virus IgM Ab [Units/volume] in Serum	MICRO
1804	17713-9	3025481	Topiramate [Mass/volume] in Serum or Plasma	Topiramate [Mass/volume] in Serum or Plasma	DRUG/TOX
1805	19125-4	3035425	Meconium [Presence] in Amniotic fluid	Meconium [Presence] in Amniotic fluid	Chem
1806	49578-8	3031615	Aminocaproate cutoff [Mass/volume] in Serum or Plasma	Aminocaproate cutoff [Mass/volume] in Serum or Plasma	DRUG/TOX
1807	2749-0	3014312	pH of Gastric fluid	pH of Gastric fluid	Chem
1808	11559-2	3014646	Fractional oxyhemoglobin in Blood	Fractional oxyhemoglobin in Blood	Chem
1809	7415-3	3019084	Cladosporium sphaerospermum IgE Ab [Units/volume] in Serum	Cladosporium sphaerospermum IgE Ab [Units/volume] in Serum	Allergy
1810	34696-5	3031791	Collection method - Semen	Collection method [Type] of Semen	SPEC
1811	7901-2	3018195	Helicobacter pylori IgA Ab [Units/volume] in Serum	Helicobacter pylori IgA Ab [Units/volume] in Serum	MICRO
1812	49700-8	3032155	Metanephrine Free [Moles/volume] in Serum or Plasma	Metanephrine Free [Moles/volume] in Serum or Plasma	Chem
1813	13627-5	3000036	Erythrocytes [Presence] in Semen by Light microscopy	Erythrocytes [Presence] in Semen by Light microscopy	FERT
1814	15192-8	3017963	Variant lymphocytes [Presence] in Blood by Automated count	Lymphocytes Variant [Presence] in Blood by Automated count	HEM/BC
1815	2030-5	3028653	Carboxyhemoglobin/Hemoglobin.total in Arterial blood	Carboxyhemoglobin/Hemoglobin.total in Arterial blood	Chem
1816	11034-6	3010454	Acetylcholine receptor binding Ab [Moles/volume] in Serum	Acetylcholine receptor binding Ab [Moles/volume] in Serum	SERO
1817	5838-8	3004840	Cytomegalovirus [Presence] in Specimen by Organism specific culture	Cytomegalovirus [Presence] in Unspecified specimen by Organism specific culture	MICRO
1818	24312-1	3004786	Treponema pallidum Ab [Presence] in Serum by Agglutination	Treponema pallidum Ab [Presence] in Serum by Agglutination	MICRO
1819	70198-7	42868672	Acetaminophen [Moles/volume] in Serum or Plasma by Screen method	Acetaminophen [Moles/volume] in Serum or Plasma by Screen method	DRUG/TOX
1820	550-4	3028021	Bordetella pertussis Ag [Presence] in Specimen by Immunofluorescence	Bordetella pertussis Ag [Presence] in Unspecified specimen by Immunofluorescence	MICRO
1821	25148-8	3002033	Calcium oxalate crystals [#/area] in Urine sediment by Microscopy high power field	Calcium oxalate crystals [#/area] in Urine sediment by Microscopy high power field	UA
1822	14117-6	3020222	IgG clearance/Albumin clearance [Ratio] in Serum and CSF	IgG index in Serum & CSF	Chem
1823	26509-0	3007905	Band form neutrophils/Leukocytes in Cerebral spinal fluid	Neutrophils.band form/100 leukocytes in Cerebral spinal fluid	HEM/BC
1824	12209-3	3022231	Eosinophils/Leukocytes in Body fluid by Manual count	Eosinophils/100 leukocytes in Body fluid by Manual count	HEM/BC
1825	666-8	3021198	Microscopic observation [Identifier] in Specimen by India ink prep	Microscopic observation [Identifier] in Unspecified specimen by India ink prep	MICRO
1826	12215-0	3023122	Fatty acids.very long chain [Moles/volume] in Serum or Plasma	Fatty acids.very long chain [Moles/volume] in Serum or Plasma	Chem
1827	19734-3	3036270	Chicken droppings IgE Ab [Units/volume] in Serum	Chicken droppings IgE Ab [Units/volume] in Serum	Allergy
1828	2638-5	3022618	Myelin basic protein [Mass/volume] in Cerebral spinal fluid	Myelin basic protein [Mass/volume] in Cerebral spinal fluid	Chem
1829	14875-9	3022813	Phenylalanine [Moles/volume] in Serum or Plasma	Phenylalanine [Moles/volume] in Serum or Plasma	Chem
1830	20643-3	3015049	Glutamine [Moles/volume] in Serum or Plasma	Glutamine [Moles/volume] in Serum or Plasma	Chem
1831	20636-7	3009172	Alanine [Moles/volume] in Serum or Plasma	Alanine [Moles/volume] in Serum or Plasma	Chem
1832	5005-4	3014258	Epstein Barr virus DNA [Presence] in Specimen by NAA with probe detection	Epstein Barr virus DNA [Presence] in Unspecified specimen by Probe & target amplification method	MICRO
1833	25473-0	3009340	Metanephrine [Moles/volume] in Serum or Plasma	Metanephrine [Moles/volume] in Serum or Plasma	Chem
1834	20661-5	3007430	Valine [Moles/volume] in Serum or Plasma	Valine [Moles/volume] in Serum or Plasma	Chem
1835	3861-2	3008579	Nordiazepam [Presence] in Urine	Nordiazepam [Presence] in Urine	DRUG/TOX
1836	12361-2	3028078	Oxazepam [Presence] in Urine	Oxazepam [Presence] in Urine	DRUG/TOX
1837	15097-9	3009964	Vanillylmandelate [Moles/volume] in Urine	Vanillylmandelate [Moles/volume] in Urine	Chem
1838	14121-8	3011048	Pyruvate [Moles/volume] in Blood	Pyruvate [Moles/volume] in Blood	Chem
1839	46268-9	3050394	ABO and Rh group [Type] in Blood from Blood product unit--after transfusion reaction	ABO & Rh group [Type] in Blood from Blood product unit--after transfusion reaction	BLDBK
1840	3436-3	3018952	Carboxy tetrahydrocannabinol [Mass/volume] in Urine	Carboxy tetrahydrocannabinol [Mass/volume] in Urine	DRUG/TOX
1841	41163-7	3040713	Treponema pallidum DNA [Presence] in Specimen by NAA with probe detection	Treponema pallidum DNA [Presence] in Unspecified specimen by Probe & target amplification method	MICRO
1842	20648-2	3004254	Isoleucine [Moles/volume] in Serum or Plasma	Isoleucine [Moles/volume] in Serum or Plasma	Chem
1843	20649-0	3006889	Leucine [Moles/volume] in Serum or Plasma	Leucine [Moles/volume] in Serum or Plasma	Chem
1844	24139-8	3017133	Cockroach IgG Ab [Units/volume] in Serum	Cockroach IgG Ab [Units/volume] in Serum	Allergy
1845	11183-1	3027306	Macadamia IgE Ab [Units/volume] in Serum	Macadamia IgE Ab [Units/volume] in Serum	Allergy
1846	44607-0	3042661	HIV 1 [Interpretation] in Serum or Plasma by Immunoassay	HIV 1 [interpretation] in Serum by Immunoassay	MICRO
1847	8015-0	3017527	Rubella virus IgM Ab [Units/volume] in Serum	Rubella virus IgM Ab [Units/volume] in Serum	MICRO
1848	6239-8	3036834	Lenscale IgE Ab [Units/volume] in Serum	Lenscale IgE Ab [Units/volume] in Serum	Allergy
1849	5116-9	3021097	Corynebacterium diphtheriae Ab [Units/volume] in Serum by Immunoassay	Corynebacterium diphtheriae Ab [Units/volume] in Serum by Immunoassay	MICRO
1850	1777-2	3001467	Alkaline phosphatase.bone [Enzymatic activity/volume] in Serum or Plasma	Alkaline phosphatase.bone [Enzymatic activity/volume] in Serum or Plasma	Chem
1851	22568-0	3028050	Streptolysin O Ab [Titer] in Serum	Streptolysin O Ab [Titer] in Serum	MICRO
1852	13538-4	3018945	Carbon dioxide, total [Moles/volume] in Urine	Carbon dioxide, total [Moles/volume] in Urine	Chem
1853	14976-5	3035904	Lecithin/Sphingomyelin [Ratio] in Amniotic fluid	Lecithin/Sphingomyelin [Ratio] in Amniotic fluid	Chem
1854	19201-3	3001138	Prostate Specific Ag Free [Units/volume] in Serum or Plasma	Prostate Specific Ag Free [Units/volume] in Serum or Plasma	Chem
1855	18482-0	3034171	Yeast [Presence] in Specimen by Organism specific culture	Yeast [Presence] in Unspecified specimen by Organism specific culture	MICRO
1856	32789-0	3043696	Viscosity of Semen Qualitative	Viscosity of Semen Qualitative	SPEC
1857	7445-0	3008227	Lactalbumin alpha IgE Ab [Units/volume] in Serum	Lactalbumin alpha IgE Ab [Units/volume] in Serum	Allergy
1858	35670-9	3035509	Tobramycin [Mass/volume] in Serum or Plasma	Tobramycin [Mass/volume] in Serum or Plasma	DRUG/TOX
1858	50927-3	3029979	Tobramycin [Moles/volume] in Serum or Plasma	Tobramycin [Moles/volume] in Serum or Plasma	DRUG/TOX
1859	17819-4	3037539	Albumin/Protein.total by Electrophoresis in Urine collected for unspecified duration	Albumin/Protein.total in unspecified time Urine by Electrophoresis	Chem
1860	17811-1	3023607	Alpha 1 globulin/Protein.total by Electrophoresis in Urine collected for unspecified duration	Alpha 1 globulin/Protein.total in unspecified time Urine by Electrophoresis	Chem
1861	17813-7	3020422	Alpha 2 globulin/Protein.total by Electrophoresis in Urine collected for unspecified duration	Alpha 2 globulin/Protein.total in unspecified time Urine by Electrophoresis	Chem
1862	17815-2	3004404	Beta globulin/Protein.total by Electrophoresis in Urine collected for unspecified duration	Beta globulin/Protein.total in unspecified time Urine by Electrophoresis	Chem
1863	17817-8	3001571	Gamma globulin/Protein.total by Electrophoresis in Urine collected for unspecified duration	Gamma globulin/Protein.total in unspecified time Urine by Electrophoresis	Chem
1864	21027-8	3020174	Platelet aggregation [Interpretation] in Platelet poor plasma	Platelet aggregation [interpretation] in Platelet poor plasma	COAG
1865	13088-0	3018993	Complement total hemolytic CH100 [Units/volume] in Serum or Plasma	Complement total hemolytic CH100 [Units/volume] in Serum or Plasma	HEM/BC
1866	34165-1	3044916	Immature granulocytes [Presence] in Blood by Automated count	Granulocytes Immature [Presence] in Blood by Automated count	HEM/BC
1867	8072-1	3037870	Insulin Ab [Units/volume] in Serum	Insulin Ab [Units/volume] in Serum	SERO
1868	20660-7	3004955	Tyrosine [Moles/volume] in Serum or Plasma	Tyrosine [Moles/volume] in Serum or Plasma	Chem
1869	20401-6	3001101	Speckled nuclear Ab pattern [Titer] in Serum	Nuclear Ab pattern.speckled [Titer] in Serum	SERO
1870	533-0	3015479	Mycobacterium sp identified in Blood by Organism specific culture	Mycobacterium sp identified in Blood by Organism specific culture	MICRO
1871	20651-6	3017085	Methionine [Moles/volume] in Serum or Plasma	Methionine [Moles/volume] in Serum or Plasma	Chem
1872	9360-9	3006355	Bartonella quintana IgG Ab [Titer] in Serum	Bartonella quintana IgG Ab [Titer] in Serum	MICRO
1873	23870-9	3038123	Hepatitis C virus 100+5-1-1 Ab [Presence] in Serum by Immunoblot	Hepatitis C virus 100+5-1-1 Ab [Presence] in Serum by Immunoblot (IB)	MICRO
1874	59408-5	40762499	Oxygen saturation in Arterial blood by Pulse oximetry	Oxygen saturation in Arterial blood by Pulse oximetry	HEMODYN.MOLEC
1875	14678-7	3018725	Cortisol [Moles/volume] in Serum or Plasma --PM trough specimen	Cortisol [Moles/volume] in Serum or Plasma --evening specimen	Chem
1876	15086-2	3001204	Oxalate [Moles/volume] in Urine	Oxalate [Moles/volume] in Urine	Chem
1877	4991-6	3028372	Borrelia burgdorferi DNA [Presence] in Specimen by NAA with probe detection	Borrelia burgdorferi DNA [Presence] in Unspecified specimen by Probe & target amplification method	MICRO
1878	22070-7	3005426	HP gene mutations found [Identifier] in Blood or Tissue by Molecular genetics method Nominal	HP gene mutations found [Identifier] in Blood or Tissue by Molecular genetics method Nominal	MOLPATH.MUT
1879	6286-9	3011492	Wormwood IgE Ab [Units/volume] in Serum	Wormwood IgE Ab [Units/volume] in Serum	Allergy
1880	32220-6	3002386	Liver kidney microsomal 1 Ab [Units/volume] in Serum	Liver kidney microsomal 1 Ab [Units/volume] in Serum	SERO
1881	9326-0	3035894	Phosphatidylserine IgG Ab [Presence] in Serum by Immunoassay	Phosphatidylserine IgG Ab [Presence] in Serum by Immunoassay	COAG
1882	9361-7	3022341	Bartonella quintana IgM Ab [Titer] in Serum	Bartonella quintana IgM Ab [Titer] in Serum	MICRO
1883	20637-5	3014399	Arginine [Moles/volume] in Serum or Plasma	Arginine [Moles/volume] in Serum or Plasma	Chem
1884	20640-9	3037684	Citrulline [Moles/volume] in Serum or Plasma	Citrulline [Moles/volume] in Serum or Plasma	Chem
1885	20644-1	3008575	Glycine [Moles/volume] in Serum or Plasma	Glycine [Moles/volume] in Serum or Plasma	Chem
1886	20656-5	3006762	Serine [Moles/volume] in Serum or Plasma	Serine [Moles/volume] in Serum or Plasma	Chem
1887	20658-1	3024821	Threonine [Moles/volume] in Serum or Plasma	Threonine [Moles/volume] in Serum or Plasma	Chem
1888	20657-3	3025234	Taurine [Moles/volume] in Serum or Plasma	Taurine [Moles/volume] in Serum or Plasma	Chem
1889	6029-3	3018765	Aureobasidium pullulans IgE Ab [Units/volume] in Serum	Aureobasidium pullulans IgE Ab [Units/volume] in Serum	Allergy
1890	20642-5	3011793	Glutamate [Moles/volume] in Serum or Plasma	Glutamate [Moles/volume] in Serum or Plasma	Chem
1891	20645-8	3016115	Histidine [Moles/volume] in Serum or Plasma	Histidine [Moles/volume] in Serum or Plasma	Chem
1892	20655-7	3007854	Proline [Moles/volume] in Serum or Plasma	Proline [Moles/volume] in Serum or Plasma	Chem
1893	18903-5	3011180	Chloramphenicol [Susceptibility]	Chloramphenicol [Susceptibility]	ABXBACT
1894	17788-1	3024117	Large unstained cells/Leukocytes in Blood by Automated count	Large unstained cells/100 leukocytes in Blood by Automated count	HEM/BC
1895	14246-3	3022993	Phosphatidylserine IgM Ab [Units/volume] in Serum	Phosphatidylserine IgM Ab [Units/volume] in Serum	COAG
1896	3218-5	3004409	Coagulation factor X activity actual/normal in Platelet poor plasma by Coagulation assay	Coagulation factor X activity actual/normal in Platelet poor plasma by Coagulation assay	COAG
1897	49058-1	3048573	aPTT in Blood drawn from CRRT circuit by Coagulation assay	Activated partial thromboplastin time (aPTT) in Blood drawn from CRRT circuit by Coagulation assay	COAG
1898	6061-6	3025296	Carrot IgE Ab [Units/volume] in Serum	Carrot IgE Ab [Units/volume] in Serum	Allergy
1899	20781-1	3001178	Cryptosporidium sp [Presence] in Stool by Acid fast stain	Cryptosporidium sp [Presence] in Stool by Acid fast stain	MICRO
1900	32217-2	3034186	von Willebrand factor (vWf) multimers [Presence] in Platelet poor plasma	von Willebrand factor (vWf) multimers [Presence] in Platelet poor plasma	COAG
1901	22412-1	3007370	Saccharopolyspora rectivirgula Ab [Presence] in Serum	Saccharopolyspora rectivirgula Ab [Presence] in Serum	MICRO
1902	20652-4	3017330	Ornithine [Moles/volume] in Serum or Plasma	Ornithine [Moles/volume] in Serum or Plasma	Chem
1903	6733-0	3023896	Pigeon serum Ab [Presence] in Serum by Immune diffusion (ID)	Pigeon serum Ab [Presence] in Serum by Immune diffusion (ID)	Allergy
1904	20650-8	3008377	Lysine [Moles/volume] in Serum or Plasma	Lysine [Moles/volume] in Serum or Plasma	Chem
1905	10853-0	3000246	Isospora belli [Presence] in Specimen by Acid fast stain.Kinyoun modified	Isospora belli [Presence] in Unspecified specimen by Acid fast stain.Kinyoun modified	MICRO
1906	5869-3	3019247	Parainfluenza virus 1 Ag [Presence] in Specimen by Immunofluorescence	Parainfluenza virus 1 Ag [Presence] in Unspecified specimen by Immunofluorescence	MICRO
1907	7059-9	3005004	Vancomycin [Susceptibility] by Gradient strip	Vancomycin [Susceptibility] by Gradient strip	ABXBACT
1908	15050-8	3008299	Creatinine [Moles/volume] in Amniotic fluid	Creatinine [Moles/volume] in Amniotic fluid	Chem
1909	29767-1	3012310	Bilirubin.total [Moles/volume] in Body fluid	Bilirubin.total [Moles/volume] in Body fluid	Chem
1910	20638-3	3009010	Asparagine [Moles/volume] in Serum or Plasma	Asparagine [Moles/volume] in Serum or Plasma	Chem
1911	12201-0	3026142	Cryoglobulin [Presence] in Serum by 1 day cold incubation	Cryoglobulin [Presence] in Serum by 1 day cold incubation	Chem
1912	20499-0	3007097	Phosphatidylglycerol/Surfactant.total in Amniotic fluid	Phosphatidylglycerol/Surfactant.total in Amniotic fluid	Chem
1913	50758-2	3029949	Herpes simplex virus 1 IgM Ab [Titer] in Serum by Immunofluorescence	Herpes simplex virus 1 IgM Ab [Titer] in Serum by Immunofluorescence	MICRO
1914	26927-4	3000381	Herpes simplex virus 2 IgM Ab [Titer] in Serum by Immunofluorescence	Herpes simplex virus 2 IgM Ab [Titer] in Serum by Immunofluorescence	MICRO
1915	16195-0	3035732	Benzodiazepines [Presence] in Urine by Confirmatory method	Benzodiazepines [Presence] in Urine by Confirmatory method	DRUG/TOX
1916	6081-4	3005398	Coconut IgE Ab [Units/volume] in Serum	Coconut IgE Ab [Units/volume] in Serum	Allergy
1917	721-1	3022493	Free Hemoglobin [Mass/volume] in Plasma	Free Hemoglobin [Mass/volume] in Plasma	HEM/BC
1918	31209-0	3016273	Islet cell 512 Ab [Units/volume] in Serum	Islet cell 512 Ab [Units/volume] in Serum	SERO
1919	1779-8	3035400	Alkaline phosphatase.liver [Enzymatic activity/volume] in Serum or Plasma	Alkaline phosphatase.liver [Enzymatic activity/volume] in Serum or Plasma	Chem
1920	2334-1	3010765	Hemoglobin.gastrointestinal [Presence] in Gastric fluid	Hemoglobin.gastrointestinal [Presence] in Gastric fluid	Chem
1921	16085-3			Wheat IgE Ab RAST class in Serum	Allergy
1922	29591-5	3016881	Enterovirus RNA [Presence] in Specimen by NAA with probe detection	Enterovirus RNA [Presence] in Unspecified specimen by Probe & target amplification method	MICRO
1923	24103-4	3024342	Plasma cells [#/volume] in Blood by Manual count	Plasma cells [#/volume] in Blood by Manual count	HEM/BC
1924	6038-4	3006606	American Beech IgE Ab [Units/volume] in Serum	American Beech IgE Ab [Units/volume] in Serum	Allergy
1925	38168-1	3035789	Major crossmatch [Interpretation] by Low ionic strength saline (LISS)	Major crossmatch [interpretation] by Low ionic strenght saline (LISS)	BLDBK
1926	51844-9	3039429	Cortisol [Moles/volume] in Saliva (oral fluid)	Cortisol [Moles/volume] in Saliva	Chem
1927	15568-9			Soybean IgE Ab RAST class in Serum	Allergy
1928	43734-3	3045961	aPTT in Platelet poor plasma by Coagulation 1:1 saline	aPTT in Platelet poor plasma by Coagulation 1:1 saline	COAG
1929	75513-2	46235126	dRVVT with 1:1 PNP (LA mix)	dRVVT with 1:1 PNP (LA mix)	COAG
1930	16982-1	3008200	HTLV I+II Ab [Presence] in Serum by Immunoblot	HTLV 1+2 Ab [Presence] in Serum by Immunoblot (IB)	MICRO
1931	20420-6	3011616	Prostatic acid phosphatase [Mass/volume] in Serum	Prostatic acid phosphatase [Mass/volume] in Serum	Chem
1932	6125-9	3028520	Gluten IgE Ab [Units/volume] in Serum	Gluten IgE Ab [Units/volume] in Serum	Allergy
1933	30374-3	3020829	Basophils/Leukocytes in Cerebral spinal fluid	Basophils/100 leukocytes in Cerebral spinal fluid	HEM/BC
1934	14812-2	3000513	Lidocaine [Moles/volume] in Serum or Plasma	Lidocaine [Moles/volume] in Serum or Plasma	DRUG/TOX
1935	10526-2	3012512	Microscopic observation [Identifier] in Sputum by Cyto stain	Microscopic observation [Identifier] in Sputum by Cyto stain	CYTO
1936	7796-6	3035460	Platelet clump [Presence] in Blood by Light microscopy	Platelet clump [Presence] in Blood by Light microscopy	HEM/BC
1937	5959-2	3000748	Prothrombin time (PT) factor substitution in Platelet poor plasma by Coagulation assay --immediately after addition of normal plasma	Prothrombin time (PT) factor substitution in Platelet poor plasma by Coagulation assay --immediately after addition of normal plasma	COAG
1938	29559-2	3001340	Haemophilus ducreyi DNA [Presence] in Specimen by NAA with probe detection	Haemophilus ducreyi DNA [Presence] in Unspecified specimen by Probe & target amplification method	MICRO
1939	18743-5			Autopsy report	ATTACH.CLINRPT
1940	25447-4	3003411	Insulin Free [Moles/volume] in Serum or Plasma	Insulin Free [Moles/volume] in Serum or Plasma	Chem
1941	6121-8	3004141	Fusarium moniliforme IgE Ab [Units/volume] in Serum	Fusarium moniliforme IgE Ab [Units/volume] in Serum	Allergy
1942	49838-6	3032980	Neural tube defect risk [Likelihood] in Population	Neural tube defect risk in population	Chem
1943	6090-5	3002527	Cottonwood IgE Ab [Units/volume] in Serum	Cottonwood IgE Ab [Units/volume] in Serum	Allergy
1944	30192-9	3014512	Acetylcholine receptor modulation Ab/Acetylcholine Ab.total in Serum	Acetylcholine receptor modulation Ab/Acetylcholine Ab.total in Serum	SERO
1945	6287-7	3011407	Baker's yeast IgE Ab [Units/volume] in Serum	Baker's yeast IgE Ab [Units/volume] in Serum	Allergy
1946	6349-5	3028120	Chlamydia trachomatis [Presence] in Specimen by Organism specific culture	Chlamydia trachomatis [Presence] in Unspecified specimen by Organism specific culture	MICRO
1947	4635-9	3001257	Free Hemoglobin [Mass/volume] in Serum	Free Hemoglobin [Mass/volume] in Serum	HEM/BC
1948	46128-5	3046538	Tissue transglutaminase IgA Ab [Units/volume] in Serum by Immunoassay	Tissue transglutaminase IgA Ab [Units/volume] in Serum by Immunoassay	SERO
1949	2711-0	3024928	Oxygen saturation in Venous blood	Oxygen saturation in Venous blood	HEMODYN.MOLEC
1950	7797-4	3036273	Rouleaux [Presence] in Blood by Light microscopy	Rouleaux [Presence] in Blood by Light microscopy	HEM/BC
1951	8277-6	3005424	Body surface area	Body surface area	BDYSURF.ATOM
1952	765-8	3007030	Neutrophils.hypersegmented [Presence] in Blood by Light microscopy	Neutrophils.hypersegmented [Presence] in Blood by Light microscopy	HEM/BC
1953	1926-5	3003129	Base excess in Capillary blood by calculation	Base excess in Capillary blood	Chem
1954	7795-8	3019761	Pappenheimer bodies [Presence] in Blood by Light microscopy	Pappenheimer bodies [Presence] in Blood by Light microscopy	HEM/BC
1955	20456-0	3023571	Fungi.yeastlike [Presence] in Urine sediment by Light microscopy	Fungi.yeastlike [Presence] in Urine sediment by Light microscopy	UA
1956	2716-9	3019230	Fractional oxyhemoglobin in Venous blood	Fractional oxyhemoglobin in Venous blood	Chem
1957	5819-8	3020851	Waxy casts [#/area] in Urine sediment by Microscopy low power field	Waxy casts [#/area] in Urine sediment by Microscopy low power field	UA
1958	5807-3	3002587	RBC casts [#/area] in Urine sediment by Microscopy low power field	RBC casts [#/area] in Urine sediment by Microscopy low power field	UA
1959	38995-7	3042588	Mixed cellular casts [#/area] in Urine sediment by Microscopy low power field	Mixed cellular casts [#/area] in Urine sediment by Microscopy low power field	UA
1960	46138-4	3043263	Urate crystals [#/area] in Urine sediment by Microscopy high power field	Urate crystals [#/area] in Urine sediment by Microscopy high power field	UA
1961	5335-5	3011172	Rubella virus IgM Ab [Units/volume] in Serum by Immunoassay	Rubella virus IgM Ab [Units/volume] in Serum by Immunoassay	MICRO
1962	25154-6	3001606	Unidentified crystals [#/area] in Urine sediment by Microscopy high power field	Unidentified crystals [#/area] in Urine sediment by Microscopy high power field	UA
1963	33215-5	3045997	Neutrophils.agranular [Presence] in Blood by Light microscopy	Neutrophils.agranular [Presence] in Blood by Light microscopy	HEM/BC
1964	5788-5	3010491	Oval fat bodies (globules) [#/area] in Urine sediment by Microscopy high power field	Oval fat bodies (globules) [#/area] in Urine sediment by Microscopy high power field	UA
1965	2272-3	3023744	Fat [Presence] in Urine	Fat [Presence] in Urine	Chem
1966	10380-4	3024783	Stomatocytes [Presence] in Blood by Light microscopy	Stomatocytes [Presence] in Blood by Light microscopy	HEM/BC
1967	7817-0	3016888	Borrelia burgdorferi IgG Ab [Units/volume] in Serum	Borrelia burgdorferi IgG Ab [Units/volume] in Serum	MICRO
1968	5062-5	3001463	Borrelia burgdorferi IgG Ab [Units/volume] in Serum by Immunoassay	Borrelia burgdorferi IgG Ab [Units/volume] in Serum by Immunoassay	MICRO
1969	5786-9	3024290	Epithelial casts [#/area] in Urine sediment by Microscopy low power field	Epithelial casts [#/area] in Urine sediment by Microscopy low power field	UA
1970	33216-3	3028872	Platelets agranular [Presence] in Blood by Light microscopy	Platelets agranular [Presence] in Blood by Light microscopy	HEM/BC
1971	18311-1	3020804	Pelger Huet cells [Presence] in Blood by Light microscopy	Pelger Huet cells [Presence] in Blood by Light microscopy	HEM/BC
1972	11281-3	3003424	Auer rods [Presence] in Blood by Light microscopy	Auer rods [Presence] in Blood by Light microscopy	HEM/BC
1973	30003-8	3005031	Microalbumin [Mass/volume] in 24 hour Urine	Microalbumin [Mass/volume] in 24 hour Urine	Chem
1974	5784-4	3027820	Cystine crystals [Presence] in Urine sediment by Light microscopy	Cystine crystals [Presence] in Urine sediment by Light microscopy	UA
1975	5775-2	3022327	Calcium phosphate crystals [Presence] in Urine sediment by Light microscopy	Calcium phosphate crystals [Presence] in Urine sediment by Light microscopy	UA
1976	5789-3	3015913	Fatty casts [#/area] in Urine sediment by Microscopy low power field	Fatty casts [#/area] in Urine sediment by Microscopy low power field	UA
1977	5773-7	3007501	Calcium carbonate crystals [Presence] in Urine sediment by Light microscopy	Calcium carbonate crystals [Presence] in Urine sediment by Light microscopy	UA
1978	25886-3	3013539	Creatinine [Moles/volume] in 24 hour Urine	Creatinine [Moles/volume] in 24 hour Urine	Chem
1979	14958-3	3002827	Microalbumin/Creatinine [Mass Ratio] in 24 hour Urine	Microalbumin/Creatinine [Mass ratio] in 24 hour Urine	Chem
1980	33647-9	3046859	Protein.monoclonal/Protein.total in Serum or Plasma by Electrophoresis	Protein.monoclonal/Protein.total in Serum or Plasma by Electrophoresis	Chem
1981	716-1	3022613	Heinz bodies [Presence] in Blood by Light microscopy	Heinz bodies [Presence] in Blood by Light microscopy	HEM/BC
1982	5798-4	3019169	Leucine crystals [Presence] in Urine sediment by Light microscopy	Leucine crystals [Presence] in Urine sediment by Light microscopy	UA
1983	2027-1	3010140	Carbon dioxide, total [Moles/volume] in Venous blood	Carbon dioxide, total [Moles/volume] in Venous blood	Chem
1984	5815-6	3021314	Tyrosine crystals [Presence] in Urine sediment by Light microscopy	Tyrosine crystals [Presence] in Urine sediment by Light microscopy	UA
1985	5766-1	3004852	Ammonium urate crystals [Presence] in Urine sediment by Light microscopy	Ammonium urate crystals [Presence] in Urine sediment by Light microscopy	UA
1986	30350-3	3004119	Hemoglobin [Mass/volume] in Venous blood	Hemoglobin [Mass/volume] in Venous blood	HEM/BC
1987	27200-5	3021587	Nuclear Ab [Units/volume] in Serum	Nuclear Ab [Units/volume] in Serum	SERO
1988	25149-6	3020953	Calcium phosphate crystals [#/area] in Urine sediment by Microscopy high power field	Calcium phosphate crystals [#/area] in Urine sediment by Microscopy high power field	UA
1989	25158-7	3033486	Oval fat bodies (globules) [Presence] in Urine sediment by Light microscopy	Oval fat bodies (globules) [Presence] in Urine sediment by Light microscopy	UA
1990	18487-9	3017179	Broad casts [#/area] in Urine sediment by Microscopy low power field	Broad casts [#/area] in Urine sediment by Microscopy low power field	UA
1991	24015-0	3024891	Influenza virus A+B Ag [Presence] in Specimen	Influenza virus A+B Ag [Presence] in Unspecified specimen	MICRO
1992	6437-8	3012646	Influenza virus A+B Ag [Presence] in Specimen by Immunoassay	Influenza virus A+B Ag [Presence] in Unspecified specimen by Immunoassay	MICRO
1993	20457-8	3019192	Fungi.filamentous [Presence] in Urine sediment by Light microscopy	Fungi.filamentous [Presence] in Urine sediment by Light microscopy	UA
1994	5812-3	3003356	Sulfonamide crystals [Presence] in Urine sediment by Light microscopy	Sulfonamide crystals [Presence] in Urine sediment by Light microscopy	UA
1995	5771-1	3014537	Bilirubin crystals [Presence] in Urine sediment by Light microscopy	Bilirubin crystals [Presence] in Urine sediment by Light microscopy	UA
1996	25147-0	3002301	Calcium carbonate crystals [#/area] in Urine sediment by Microscopy high power field	Calcium carbonate crystals [#/area] in Urine sediment by Microscopy high power field	UA
1997	40729-6	3041145	Herpes simplex virus IgM Ab [Presence] in Serum by Immunoassay	Herpes simplex virus IgM Ab [Presence] in Serum by Immunoassay	MICRO
1998	53835-5	3039499	1,5-Anhydroglucitol [Mass/volume] in Serum or Plasma	1,5-Anhydroglucitol [Mass/volume] in Serum or Plasma	Chem
1999	5777-8	3026327	Cholesterol crystals [Presence] in Urine sediment by Light microscopy	Cholesterol crystals [Presence] in Urine sediment by Light microscopy	UA
2000	20455-2	3022547	Leukocytes [Presence] in Urine sediment by Light microscopy	Leukocytes [Presence] in Urine sediment by Light microscopy	UA
2001	45068-4	3045367	Chlamydia trachomatis+Neisseria gonorrhoeae DNA [Presence] in Cervix by NAA with probe detection	Chlamydia trachomatis+Neisseria gonorrhoeae DNA [Presence] in Cervix by Probe and target amplification method	MICRO
2001	33905-1	3029154	Trichomonas sp [#/area] in Urine sediment by Microscopy high power field	Trichomonas sp [#/area] in Urine sediment by Microscopy high power field	UA
2002	30394-1	3035715	Granulocytes [#/volume] in Blood	Granulocytes [#/volume] in Blood	HEM/BC
2003	5795-0	3014026	Hippurate crystals [Presence] in Urine sediment by Light microscopy	Hippurate crystals [Presence] in Urine sediment by Light microscopy	UA
2004	18312-9	3021015	Platelet satellitism [Presence] in Blood by Light microscopy	Platelet satellitism [Presence] in Blood by Light microscopy	HEM/BC
2005	5776-0	3025497	Calcium sulfate crystals [Presence] in Urine sediment by Light microscopy	Calcium sulfate crystals [Presence] in Urine sediment by Light microscopy	UA
2006	27071-0	3036304	CD45 (Lymphs) cells [#/volume] in Blood	CD45 cells [#/volume] in Blood	CELLMARK
2007	11043-7	3023504	Cryofibrinogen [Presence] in Plasma	Cryofibrinogen [Presence] in Plasma	Chem
2008	32033-3	3026312	Phosphatidylserine IgM Ab [Units/volume] in Serum by Immunoassay	Phosphatidylserine IgM Ab [Units/volume] in Serum by Immunoassay	COAG
2009	20578-1	3005715	Vancomycin [Mass/volume] in Serum or Plasma	Vancomycin [Mass/volume] in Serum or Plasma	DRUG/TOX
2009	31012-8	3010935	Vancomycin [Moles/volume] in Serum or Plasma	Vancomycin [Moles/volume] in Serum or Plasma	DRUG/TOX
2010	33256-9	3046900	Leukocytes [#/volume] corrected for nucleated erythrocytes in Blood by Automated count	Leukocytes [#/volume] corrected for nucleated erythrocytes in Blood by Automated count	HEM/BC
2011	708-8	3015280	Blasts [#/volume] in Blood by Manual count	Blasts [#/volume] in Blood by Manual count	HEM/BC
2012	18309-5	3003311	Nucleated erythrocytes/Leukocytes [Ratio] in Blood by Manual count	Nucleated erythrocytes/100 leukocytes [Ratio] in Blood by Manual count	HEM/BC
2013	5156-5	3017612	Epstein Barr virus nuclear IgG Ab [Presence] in Serum by Immunoassay	Epstein Barr virus nuclear IgG Ab [Presence] in Serum by Immunoassay	MICRO
2014	51928-0	3038792	Ribonucleoprotein extractable nuclear Ab [Units/volume] in Serum by Immunoassay	Ribonucleoprotein extractable nuclear Ab [Units/volume] in Serum by Immunoassay	SERO
2015	33569-5	3045440	Sjogrens syndrome-A extractable nuclear Ab [Units/volume] in Serum by Immunoassay	Sjogrens syndrome-A extractable nuclear Ab [Units/volume] in Serum by Immunoassay	SERO
2016	45142-7	3043359	Sjogrens syndrome-B extractable nuclear Ab [Units/volume] in Serum by Immunoassay	Sjogrens syndrome-B extractable nuclear Ab [Units/volume] in Serum by Immunoassay	SERO
2017	43182-5	3045792	Smith extractable nuclear Ab [Units/volume] in Serum by Immunoassay	Smith extractable nuclear Ab [Units/volume] in Serum by Immunoassay	SERO
3000	53348-9	3040787	11-Deoxycorticosterone [Moles/volume] in DBS	11-Deoxycorticosterone [Moles/volume] in Dried blood spot	Chem
3000	53339-8	3039927	11-Deoxycortisol [Moles/volume] in DBS	11-Deoxycortisol [Moles/volume] in Dried blood spot	Chem
3000	32854-2	3042802	17-Hydroxyprogesterone [Presence] in DBS	17-Hydroxyprogesterone [Presence] in Dried blood spot	CHEM
3000	38473-5	3048386	17-Hydroxyprogesterone [Mass/volume] in DBS	17-Hydroxyprogesterone [Mass/volume] in Dried blood spot	Chem
3000	53337-2	3041122	17-Hydroxyprogesterone+Androstenedione/Cortisol [Molar ratio] in DBS	17-Hydroxyprogesterone+Androstenedione/Cortisol [Molar Ratio] in Dried blood spot	Chem
3000	53342-2	3039901	21-Deoxycortisol [Moles/volume] in DBS	21-Deoxycortisol [Moles/volume] in Dried blood spot	Chem
3000	53182-2	3040530	3-Hydroxydecenoylcarnitine (C10:1-OH) [Moles/volume] in DBS	3-Hydroxydecenoylcarnitine (C10:1-OH) [Moles/volume] in Dried blood spot	Chem
3000	53189-7	3041109	3-Hydroxydodecanoylcarnitine (C12-OH) [Moles/volume] in DBS	3-Hydroxydodecanoylcarnitine (C12-OH) [Moles/volume] in Dried blood spot	Chem
3000	53188-9	3041075	3-Hydroxydodecenoylcarnitine (C12:1-OH) [Moles/volume] in DBS	3-Hydroxydodecenoylcarnitine (C12:1-OH) [Moles/volume] in Dried blood spot	Chem
3000	50106-4	3032168	3-Hydroxyisovalerylcarnitine (C5-OH) [Moles/volume] in DBS	3-Hydroxyisovalerylcarnitine (C5-OH) [Moles/volume] in Dried blood spot	Chem
3000	53171-5	3039947	3-Hydroxyisovalerylcarnitine (C5-OH)/Carnitine.free (C0) [Molar ratio] in DBS	3-Hydroxyisovalerylcarnitine (C5-OH)/Carnitine.free (C0) [Molar ratio] in Dried blood spot	Chem
3000	53172-3	3042104	3-Hydroxyisovalerylcarnitine (C5-OH)/Octanoylcarnitine (C8) [Molar ratio] in DBS	3-Hydroxyisovalerylcarnitine (C5-OH)/Octanoylcarnitine (C8) [Molar ratio] in Dried blood spot	Chem
3000	50109-8	3033241	3-Hydroxylinoleoylcarnitine (C18:2-OH) [Moles/volume] in DBS	3-Hydroxylinoleoylcarnitine (C18:2-OH) [Moles/volume] in Dried blood spot	Chem
3000	50113-0	3029239	3-Hydroxyoleoylcarnitine (C18:1-OH) [Moles/volume] in DBS	3-Hydroxyoleoylcarnitine (C18:1-OH) [Moles/volume] in Dried blood spot	Chem
3000	50121-3	3032189	3-Hydroxypalmitoleylcarnitine (C16:1-OH) [Moles/volume] in DBS	3-Hydroxypalmitoleylcarnitine (C16:1-OH) [Moles/volume] in Dried blood spot	Chem
3000	50125-4	3029256	3-Hydroxypalmitoylcarnitine (C16-OH) [Moles/volume] in DBS	3-Hydroxypalmitoylcarnitine (C16-OH) [Moles/volume] in Dried blood spot	Chem
3000	53201-0	3039601	3-Hydroxypalmitoylcarnitine (C16-OH)/Palmitoylcarnitine (C16) [Molar ratio] in DBS	3-Hydroxypalmitoylcarnitine (C16-OH)/Palmitoylcarnitine (C16) [Molar ratio] in Dried blood spot	Chem
3000	50132-0	3029814	3-Hydroxystearoylcarnitine (C18-OH) [Moles/volume] in DBS	3-Hydroxystearoylcarnitine (C18-OH) [Moles/volume] in Dried blood spot	Chem
3000	53196-2	3041400	3-Hydroxytetradecadienoylcarnitine (C14:2-OH) [Moles/volume] in DBS	3-Hydroxytetradecadienoylcarnitine (C14:2-OH) [Moles/volume] in Dried blood spot	Chem
3000	50281-5	3032747	3-Hydroxytetradecanoylcarnitine (C14-OH) [Moles/volume] in DBS	3-Hydroxytetradecanoylcarnitine (C14-OH) [Moles/volume] in Dried blood spot	Chem
3000	53197-0	3041063	3-Hydroxytetradecenoylcarnitine (C14:1-OH) [Moles/volume] in DBS	3-Hydroxytetradecenoylcarnitine (C14:1-OH) [Moles/volume] in Dried blood spot	Chem
3000	50157-7	3029223	Acetylcarnitine (C2) [Moles/volume] in DBS	Acetylcarnitine (C2) [Moles/volume] in Dried blood spot	Chem
3000	53152-5	3040506	Alloisoleucine+Isoleucine+Leucine+Hydroxyproline [Moles/volume] in DBS	Alloisoleucine+Isoleucine+Leucine+Hydroxyproline [Moles/volume] in Dried blood spot	Chem
3000	53154-1	3040503	Alloisoleucine+Isoleucine+Leucine+Hydroxyproline/Alanine [Molar ratio] in DBS	Alloisoleucine+Isoleucine+Leucine+Hydroxyproline/Alanine [Molar ratio] in Dried blood spot	Chem
3000	53153-3	3039647	Alloisoleucine+Isoleucine+Leucine+Hydroxyproline/Phenylalanine [Molar ratio] in DBS	Alloisoleucine+Isoleucine+Leucine+Hydroxyproline/Phenylalanine [Molar ratio] in Dried blood spot	Chem
3000	53393-5	3039597	Alloisoleucine+Isoleucine+Leucine+Hydroxyproline+Valine/Phenylalanine+Tyrosine [Molar ratio] in DBS	Alloisoleucine+Isoleucine+Leucine+Hydroxyproline+Valine/Phenylalanine+Tyrosine [Molar ratio] in Dried blood spot	Chem
3000	46733-2	3050997	Amino acidemias newborn screen interpretation	Amino acidemias newborn screen interpretation	Chem
3000	53344-8	3040552	Androstenedione [Moles/volume] in DBS	Androstenedione [Moles/volume] in Dried blood spot	Chem
3000	47562-4	3051087	Arginine [Moles/volume] in DBS	Arginine [Moles/volume] in Dried blood spot	Chem
3000	53398-4	3040502	Arginine/Phenylalanine [Molar ratio] in DBS	Arginine/Phenylalanine [Molar ratio] in Dried blood spot	Chem
3000	53062-6	3040839	Argininosuccinate [Moles/volume] in DBS	Argininosuccinate [Moles/volume] in Dried blood spot	Chem
3000	53200-2	3040513	Argininosuccinate/Arginine [Molar ratio] in DBS	Argininosuccinate/Arginine [Molar ratio] in Dried blood spot	Chem
3000	38478-4	3048114	Biotinidase [Presence] in DBS	Biotinidase [Presence] in Dried blood spot	Chem
3000	75217-0	44817106	Biotinidase [Enzymatic activity/volume] in DBS	Biotinidase [Enzymatic activity/volume] in Dried blood spot	Chem
3000	38479-2	3052793	Branched chain keto-acid dehydrogenase complex [Presence] in DBS	Branched chain keto-acid dehydrogenase complex [Presence] in Dried blood spot	Chem
3000	38481-8	3047401	Carnitine free (C0) [Moles/volume] in DBS	Carnitine free (C0) [Moles/volume] in Dried blood spot	Chem
3000	53236-6	3040840	Carnitine.free (C0)+Acetylcarnitine (C2)+Propionylcarnitine (C3)+Palmitoylcarnitine (C16)+Oleoylcarnitine (C18:1)+Stearoylcarnitine (C18)/Citrulline [Molar ratio] in DBS	Carnitine.free (C0)+Acetylcarnitine (C2)+Propionylcarnitine (C3)+Palmitoylcarnitine (C16)+Oleoylcarnitine (C18:1)+Stearoylcarnitine (C18)/Citrulline [Molar ratio] in Dried blood spot	Chem
3000	73700-7			CCHD newborn screening interpretation	Chem
3000	73697-5			CCHD newborn screening protocol used [Type]	Chem
3000	54083-1	3050949	CFTR gene mutations found [Identifier] in DBS by Molecular genetics method Nominal	CFTR gene mutations found [Identifier] in Dried blood spot Nominal	Chem
3000	14463-4	3017094	Chlamydia trachomatis [Presence] in Cervix by Organism specific culture	Chlamydia trachomatis [Presence] in Cervix by Organism specific culture	MICRO
3000	14464-2	3017638	Chlamydia trachomatis [Presence] in Vaginal fluid by Organism specific culture	Chlamydia trachomatis [Presence] in Vaginal fluid by Organism specific culture	MICRO
3000	14465-9	3017863	Chlamydia trachomatis [Presence] in Urethra by Organism specific culture	Chlamydia trachomatis [Presence] in Urethra by Organism specific culture	MICRO
3000	45094-0	3044399	Chlamydia trachomatis [Presence] in Conjunctival specimen by Organism specific culture	Chlamydia trachomatis [Presence] in Conjunctival specimen by Organism specific culture	MICRO
3000	80367-6	21492855	Chlamydia trachomatis [Presence] in Anorectal by Organism specific culture	Chlamydia trachomatis [Presence] in Rectum by Organism specific culture	MICRO
3000	70164-9	42868638	Chlamydia trachomatis and Neisseria gonorrhoeae rRNA panel - Vaginal fluid by NAA with probe detection	Chlamydia trachomatis+Neisseria gonorrhoeae DNA [Presence] in Urine by Probe and target amplification method	PANEL.MICRO
3000	6351-1	3007208	Chlamydia trachomatis Ag [Presence] in Conjunctival specimen by Immunofluorescence	Chlamydia trachomatis Ag [Presence] in Conjunctival specimen by Immunofluorescence	MICRO
3000	45084-1	3043533	Chlamydia trachomatis DNA [Presence] in Vaginal fluid by NAA with probe detection	Chlamydia trachomatis and Neisseria gonorrhoeae rRNA panel - Vaginal fluid by Probe and target amplification method	MICRO
3000	45086-6	3046167	Chlamydia trachomatis DNA [Presence] in Nasopharynx by NAA with probe detection	Chlamydia trachomatis DNA [Presence] in Nasopharynx by Probe and target amplification method	MICRO
3000	80363-5	21492851	Chlamydia trachomatis DNA [Presence] in Anorectal by NAA with probe detection	Chlamydia trachomatis DNA [Presence] in Rectum by Probe and target amplification method	MICRO
3000	53926-2	3038652	Chlamydia trachomatis rRNA [Presence] in Vaginal fluid by NAA with probe detection	Chlamydia trachomatis rRNA [Presence] in Vaginal fluid by Probe and target amplification method	MICRO
3000	57288-3	40760407	Chlamydia trachomatis rRNA [Presence] in Nasopharynx by NAA with probe detection	Chlamydia trachomatis rRNA [Presence] in Nasopharynx by Probe and target amplification method	MICRO
3000	80364-3	21492852	Chlamydia trachomatis rRNA [Presence] in Anorectal by NAA with probe detection	Chlamydia trachomatis rRNA [Presence] in Rectum by Probe and target amplification method	MICRO
3000	80360-1	21491446	Chlamydia trachomatis+Neisseria gonorrhoeae rRNA [Presence] in Urine by NAA with probe detection	Chlamydia trachomatis+Neisseria gonorrhoeae rRNA [Presence] in Urine by Probe and target amplification method	MICRO
3000	80361-9	21492849	Chlamydia trachomatis+Neisseria gonorrhoeae rRNA [Presence] in Cervix by NAA with probe detection	Chlamydia trachomatis+Neisseria gonorrhoeae rRNA [Presence] in Cervix by Probe and target amplification method	MICRO
3000	80362-7	21492850	Chlamydia trachomatis+Neisseria gonorrhoeae rRNA [Presence] in Vaginal fluid by NAA with probe detection	Chlamydia trachomatis+Neisseria gonorrhoeae rRNA [Presence] in Vaginal fluid by Probe and target amplification method	MICRO
3000	80365-0	21492853	Chlamydia trachomatis+Neisseria gonorrhoeae rRNA [Presence] in Anorectal by NAA with probe detection	Chlamydia trachomatis+Neisseria gonorrhoeae rRNA [Presence] in Rectum by Probe and target amplification method	MICRO
3000	2077-6	3008848	Chloride [Moles/volume] in Sweat	Chloride [Moles/volume] in Sweat	Chem
3000	42892-0	3034373	Citrulline [Moles/volume] in DBS	Citrulline [Moles/volume] in Dried blood spot	Chem
3000	54092-2	3040297	Citrulline/Arginine [Molar ratio] in DBS	Citrulline/Arginine [Molar ratio] in Dried blood spot	Chem
3000	53157-4	3039624	Citrulline/Phenylalanine [Molar ratio] in DBS	Citrulline/Phenylalanine [Molar ratio] in Dried blood spot	Chem
3000	53399-2	3040538	Citrulline/Tyrosine [Molar ratio] in DBS	Citrulline/Tyrosine [Molar ratio] in Dried blood spot	Chem
3000	57838-5	40760947	dRVVT W excess phospholipid (LA confirm)	dRVVT W excess phospholipid (LA confirm)	COAG
3000	68916-6	40771461	dRVVT W excess phospholipid actual/normal (normalized LA confirm)	dRVVT W excess phospholipid actual/?normal (normalized LA confirm)	COAG
3000	50410-0	3032493	dRVVT/dRVVT W excess phospholipid (screen to confirm ratio)	dRVVT/?dRVVT W excess phospholipid (screen to confirm ratio)	COAG
3000	6683-7	3005308	Reptilase time	Reptilase time	COAG
3000	68326-8	42870500	Reptilase time actual/Normal	Reptilase time actual/?Normal	COAG
3000	34571-0	3044009	aPTT.lupus sensitive (LA screen)	aPTT.lupus sensitive (LA screen)	COAG
3000	48022-8	3048518	aPTT.lupus sensitive actual/normal (normalized LA screen)	aPTT.lupus sensitive actual/?normal (normalized LA screen)	COAG
3000	75507-4	46235800	aPTT.lupus sensitive W excess phospholipid percent correction	aPTT.lupus sensitive W excess phospholipid percent correction	COAG
3000	75510-8	46235123	aPTT.lupus sensitive with 1:1 PNP (LA mix)	aPTT.lupus sensitive with 1:1 PNP (LA mix)	COAG
3000	75509-0	46235122	aPTT.lupus sensitive with 1:1 PNP actual/Normal (normalized LA mix)	aPTT.lupus sensitive with 1:1 PNP actual/?Normal (normalized LA mix)	COAG
3000	75506-6	46235799	aPTT.lupus sensitive W excess phospholipid (LA confirm)	aPTT.lupus sensitive W excess phospholipid (LA confirm)	COAG
3000	75508-2	46235801	aPTT.lupus sensitive W excess phospholipid actual/Normal (normalized LA confirm)	aPTT.lupus sensitive W excess phospholipid actual/?Normal (normalized LA confirm)	COAG
3000	75884-7	46235692	aPTT.lupus sensitive/aPTT.lupus sensitive W excess phospholipid (screen to confirm ratio)	aPTT.lupus sensitive/?aPTT.lupus sensitive W excess phospholipid (screen to confirm ratio)	COAG
3000	68325-0	42870499	Thrombin time actual/Normal	Thrombin time actual/?Normal	COAG
3000	5894-1	3033658	Prothrombin time (PT) actual/Normal	Prothrombin time (PT) actual/?Normal	COAG
3000	53346-3	3040785	Cortisol [Moles/volume] in DBS	Cortisol [Moles/volume] in Dried blood spot	Chem
3000	46769-6	3051677	Cystic fibrosis newborn screen interpretation	Cystic fibrosis newborn screen interpretation	Chem
3000	45197-1	3044716	Decanoylcarnitine (C10) [Moles/volume] in DBS	Decanoylcarnitine (C10) [Moles/volume] in Dried blood spot	Chem
3000	45198-9	3044975	Decenoylcarnitine (C10:1) [Moles/volume] in DBS	Decenoylcarnitine (C10:1) [Moles/volume] in Dried blood spot	Chem
3000	45199-7	3044204	Dodecanoylcarnitine (C12) [Moles/volume] in DBS	Dodecanoylcarnitine (C12) [Moles/volume] in Dried blood spot	Chem
3000	45200-3	3047314	Dodecenoylcarnitine (C12:1) [Moles/volume] in DBS	Dodecenoylcarnitine (C12:1) [Moles/volume] in Dried blood spot	Chem
3000	75511-6	46235124	dRVVT W excess phospholipid percent correction	dRVVT W excess phospholipid percent correction	COAG
3000	46735-7	3052000	Endocrine disorders newborn screen interpretation	Endocrine disorders newborn screen interpretation	Chem
3000	46736-5	3051633	Fatty acid oxidation defects newborn screen interpretation	Fatty acid oxidation defects newborn screen interpretation	Chem
3000	64121-7	40766835	Fifth most predominant hemoglobin in DBS	Fifth most predominant hemoglobin in Dried blood spot	Chem
3000	64120-9	40766834	Fourth most predominant hemoglobin in DBS	Fourth most predominant hemoglobin in Dried blood spot	Chem
3000	54085-6	3050954	Galactose [Moles/volume] in DBS	Galactose [Moles/volume] in Dried blood spot	Chem
3000	33288-2	3046016	Galactose 1 phosphate uridyl transferase [Presence] in DBS	Galactose 1 phosphate uridyl transferase [Presence] in Dried blood spot	Chem
3000	42906-8	3031556	Galactose 1 phosphate uridyl transferase [Enzymatic activity/volume] in DBS	Galactose 1 phosphate uridyl transferase [Enzymatic activity/volume] in Dried blood spot	Chem
3000	46737-3	3049389	Galactosemias newborn screen interpretation	Galactosemias newborn screen interpretation	Chem
3000	53183-0	3041939	Glutarylcarnitine (C5-DC)+3-Hydroxydecanoylcarnitine (C10-OH) [Moles/volume] in DBS	Glutarylcarnitine (C5-DC)+3-Hydroxydecanoylcarnitine (C10-OH) [Moles/volume] in Dried blood spot	Chem
3000	53184-8	3040507	Glutarylcarnitine (C5-DC)+3-Hydroxydecanoylcarnitine (C10-OH)/3-Hydroxyisovalerylcarnitine (C5-OH) [Molar ratio] in DBS	Glutarylcarnitine (C5-DC)+3-Hydroxydecanoylcarnitine (C10-OH)/3-Hydroxyisovalerylcarnitine (C5-OH) [Molar ratio] in Dried blood spot	Chem
3000	53403-2	3041713	Glutarylcarnitine (C5-DC)+3-Hydroxydecanoylcarnitine (C10-OH)/Butyrylcarnitine+Isobutyrylcarnitine (C4) [Molar ratio] in DBS	Glutarylcarnitine (C5-DC)+3-Hydroxydecanoylcarnitine (C10-OH)/Butyrylcarnitine+Isobutyrylcarnitine (C4) [Molar ratio] in Dried blood spot	Chem
3000	53185-5	3040825	Glutarylcarnitine (C5-DC)+3-Hydroxydecanoylcarnitine (C10-OH)/Octanoylcarnitine (C8) [Molar ratio] in DBS	Glutarylcarnitine (C5-DC)+3-Hydroxydecanoylcarnitine (C10-OH)/Octanoylcarnitine (C8) [Molar ratio] in Dried blood spot	Chem
3000	53186-3	3041072	Glutarylcarnitine (C5-DC)+3-Hydroxydecanoylcarnitine (C10-OH)/Palmitoylcarnitine (C16) [Molar ratio] in DBS	Glutarylcarnitine (C5-DC)+3-Hydroxydecanoylcarnitine (C10-OH)/Palmitoylcarnitine (C16) [Molar ratio] in Dried blood spot	Chem
3000	67710-4	40770320	Glutarylcarnitine (C5-DC)+3-Hydroxyhexanoylcarnitine (C6-OH) [Moles/volume] in DBS	Glutarylcarnitine (C5-DC)+3-Hydroxyhexanoylcarnitine (C6-OH) [Moles/volume] in Dried blood spot	Chem
3000	67711-2	40770321	Glutarylcarnitine (C5-DC)+3-Hydroxyhexanoylcarnitine (C6-OH)/Octanoylcarnitine (C8) [Molar ratio] in DBS	Glutarylcarnitine (C5-DC)+3-Hydroxyhexanoylcarnitine (C6-OH)/Octanoylcarnitine (C8) [Molar ratio] in Dried blood spot	Chem
3000	67701-3	40770312	Glutarylcarnitine (C5-DC)+3-Hydroxyhexanoylcarnitine (C6-OH)/Palmitoylcarnitine (C16) [Molar ratio] in DBS	Glutarylcarnitine (C5-DC)+3-Hydroxyhexanoylcarnitine (C6-OH)/Palmitoylcarnitine (C16) [Molar ratio] in Dried blood spot	Chem
3000	46740-7	3051923	Hemoglobin disorders newborn screen interpretation	Hemoglobin disorders newborn screen interpretation	Chem
3000	64122-5	40766836	Hemoglobins that can be presumptively identified based on available controls in DBS	Hemoglobins that can be presumptively identified based on available controls in Dried blood spot	Chem
3000	45211-0	3043794	Hexanoylcarnitine (C6) [Moles/volume] in DBS	Hexanoylcarnitine (C6) [Moles/volume] in Dried blood spot	Chem
3000	38486-7	3047822	Homocystine [Presence] in DBS	Homocystine [Presence] in Dried blood spot	Chem
3000	19111-4	3019644	Mother's hospital number	Mother's hospital number	CLIN
3000	45216-9	3047018	Isovalerylcarnitine+Methylbutyrylcarnitine (C5) [Moles/volume] in DBS	Isovalerylcarnitine+Methylbutyrylcarnitine (C5) [Moles/volume] in Dried blood spot	Chem
3000	53239-0	3039591	Isovalerylcarnitine+Methylbutyrylcarnitine (C5)/Acetylcarnitine (C2) [Molar ratio] in DBS	Isovalerylcarnitine+Methylbutyrylcarnitine (C5)/Acetylcarnitine (C2) [Molar ratio] in Dried blood spot	Chem
3000	53238-2	3040804	Isovalerylcarnitine+Methylbutyrylcarnitine (C5)/Carnitine.free (C0) [Molar ratio] in DBS	Isovalerylcarnitine+Methylbutyrylcarnitine (C5)/Carnitine.free (C0) [Molar ratio] in Dried blood spot	Chem
3000	53401-6	3041424	Isovalerylcarnitine+Methylbutyrylcarnitine (C5)/Octanoylcarnitine (C8) [Molar ratio] in DBS	Isovalerylcarnitine+Methylbutyrylcarnitine (C5)/Octanoylcarnitine (C8) [Molar ratio] in Dried blood spot	Chem
3000	53240-8	3039606	Isovalerylcarnitine+Methylbutyrylcarnitine (C5)/Propionylcarnitine (C3) [Molar ratio] in DBS	Isovalerylcarnitine+Methylbutyrylcarnitine (C5)/Propionylcarnitine (C3) [Molar ratio] in Dried blood spot	Chem
3000	45217-7	3046162	Linoleoylcarnitine (C18:2) [Moles/volume] in DBS	Linoleoylcarnitine (C18:2) [Moles/volume] in Dried blood spot	Chem
3000	46779-5	3049676	Medium/Short chain acyl-CoA dehydrogenase deficiency newborn screen interpretation	Medium/Short chain acyl-CoA dehydrogenase deficiency newborn screen interpretation	Chem
3000	47700-0	3051702	Methionine [Moles/volume] in DBS	Methionine [Moles/volume] in Dried blood spot	Chem
3000	53397-6	3040518	Methionine/Alloisoleucine+Isoleucine+Leucine+Hydroxyproline [Molar ratio] in DBS	Methionine/Alloisoleucine+Isoleucine+Leucine+Hydroxyproline [Molar ratio] in Dried blood spot	Chem
3000	53156-6	3039646	Methionine/Phenylalanine [Molar ratio] in DBS	Methionine/Phenylalanine [Molar ratio] in Dried blood spot	Chem
3000	53187-1	3040777	Methylglutarylcarnitine (C6-DC) [Moles/volume] in DBS	Methylglutarylcarnitine (C6-DC) [Moles/volume] in Dried blood spot	Chem
3000	45222-7	3044993	Methylmalonylcarnitine (C4-DC) [Moles/volume] in DBS	Methylmalonylcarnitine (C4-DC) [Moles/volume] in Dried blood spot	Chem
3000	53181-4	3040807	Methylmalonylcarnitine (C4-DC)/3-Hydroxyisovalerylcarnitine (C5-OH) [Molar ratio] in DBS	Methylmalonylcarnitine (C4-DC)/3-Hydroxyisovalerylcarnitine (C5-OH) [Molar ratio] in Dried blood spot	Chem
3000	67709-6	40770319	Methylmalonylcarnitine (C4-DC)+3-Hydroxyisovalerylcarnitine (C5-OH) [Moles/volume] in DBS	Methylmalonylcarnitine (C4-DC)+3-Hydroxyisovalerylcarnitine (C5-OH) [Moles/volume] in Dried blood spot	Chem
3000	64117-5	40766831	Most predominant hemoglobin in DBS	Most predominant hemoglobin in Dried blood spot	Chem
3000	30099-6	3009000	Neisseria gonorrhoeae [Presence] in Conjunctival specimen by Organism specific culture	Neisseria gonorrhoeae [Presence] in Conjunctival specimen by Organism specific culture	MICRO
3000	688-2	3022389	Neisseria gonorrhoeae [Presence] in Cervix by Organism specific culture	Neisseria gonorrhoeae [Presence] in Cervix by Organism specific culture	MICRO
3000	693-2	3006425	Neisseria gonorrhoeae [Presence] in Vaginal fluid by Organism specific culture	Neisseria gonorrhoeae [Presence] in Vaginal fluid by Organism specific culture	MICRO
3000	697-3	3027809	Neisseria gonorrhoeae [Presence] in Urethra by Organism specific culture	Neisseria gonorrhoeae [Presence] in Urethra by Organism specific culture	MICRO
3000	80368-4	21492856	Neisseria gonorrhoeae [Presence] in Anorectal by Organism specific culture	Neisseria gonorrhoeae [Presence] in Rectum by Organism specific culture	MICRO
3000	21415-5	3000866	Neisseria gonorrhoeae DNA [Presence] in Urethra by NAA with probe detection	Neisseria gonorrhoeae DNA [Presence] in Urethra by Probe and target amplification method	MICRO
3000	32705-6	3046574	Neisseria gonorrhoeae DNA [Presence] in Vaginal fluid by NAA with probe detection	Neisseria gonorrhoeae Ag [Presence] in Genital specimen	MICRO
3000	53879-3	3039187	Neisseria gonorrhoeae rRNA [Presence] in Vaginal fluid by NAA with probe detection	Neisseria gonorrhoeae Ag [Presence] in Urethra	MICRO
3000	57289-1	40760408	Neisseria gonorrhoeae rRNA [Presence] in Nasopharynx by NAA with probe detection	Neisseria gonorrhoeae rRNA [Presence] in Nasopharynx by Probe and target amplification method	MICRO
3000	80366-8	21492854	Neisseria gonorrhoeae rRNA [Presence] in Anorectal by NAA with probe detection	Neisseria gonorrhoeae rRNA [Presence] in Rectum by Probe and target amplification method	MICRO
3000	43384-7	3044413	Neisseria sp identified in Urethra by Organism specific culture	Neisseria sp identified in Urethra by Organism specific culture	MICRO
3000	80369-2	21492857	Neisseria sp identified in Anorectal by Organism specific culture	Neisseria sp identified in Rectum by Organism specific culture	MICRO
3000	54108-6	3051564	Newborn hearing screen of Ear - left	Newborn hearing screen of Ear - left	Chem
3000	54109-4	3051582	Newborn hearing screen of Ear - right	Newborn hearing screen of Ear - right	Chem
3000	54106-0	3039460	Newborn hearing screen method	Newborn hearing screen method	Chem
3000	49544-0			Newborn screening recommended follow-up [interpretation]	Chem
3000	77018-0	46236732	Noninvasive prenatal fetal 13 and 18 and 21 aneuploidy panel - Plasma cell-free DNA by Sequencing	Noninvasive prenatal fetal 13 and 18 and 21 aneuploidy panel - Plasma cell-free DNA by Sequencing	PANEL.MOLPATH
3000	77019-8	46236733	Noninvasive prenatal fetal 18 and 21 aneuploidy panel - Plasma cell-free DNA by Sequencing	Noninvasive prenatal fetal 18 and 21 aneuploidy panel - Plasma cell-free DNA by Sequencing	PANEL.MOLPATH
3000	75547-0	46235160	Noninvasive prenatal fetal aneuploidy and microdeletion panel based on Plasma cell-free+WBC DNA by Dosage of chromosome-specific circulating cell free (ccf) DNA	Noninvasive prenatal fetal aneuploidy and microdeletion panel based on Plasma cell-free+WBC DNA by Dosage of chromosome-specific circulating cell free (ccf) DNA	PANEL.MOLPATH
3000	73967-2	43533989	Noninvasive prenatal fetal aneuploidy panel - Plasma cell-free DNA	Noninvasive prenatal fetal aneuploidy test panel - Plasma cell-free DNA	PANEL.MOLPATH
3000	53175-6	3041390	Octanoylcarnitine (C8) [Moles/volume] in DBS	Octanoylcarnitine (C8) [Moles/volume] in Dried blood spot	Chem
3000	53176-4	3041648	Octanoylcarnitine (C8)/Acetylcarnitine (C2) [Molar ratio] in DBS	Octanoylcarnitine (C8)/Acetylcarnitine (C2) [Molar ratio] in Dried blood spot	Chem
3000	53177-2	3040539	Octanoylcarnitine (C8)/Decanoylcarnitine (C10) [Molar ratio] in DBS	Octanoylcarnitine (C8)/Decanoylcarnitine (C10) [Molar ratio] in Dried blood spot	Chem
3000	53202-8	3041681	Oleoylcarnitine (C18:1) [Moles/volume] in DBS	Oleoylcarnitine (C18:1) [Moles/volume] in Dried blood spot	Chem
3000	46744-9	3052281	Organic acidemias newborn screen interpretation	Organic acidemias newborn screen interpretation	Chem
3000	59407-7	40762498	Oxygen saturation in Blood Preductal by Pulse oximetry	Oxygen saturation in Blood Preductal by Pulse oximetry	Chem
3000	59418-4	40762509	Oxygen saturation in Blood Postductal by Pulse oximetry	Oxygen saturation in Blood Postductal by Pulse oximetry	Chem
3000	73696-7	43533721	Oxygen saturation.preductal-oxygen saturation.postductal [Mass fraction difference] in Bld.preductal and Bld.postductal	Oxygen saturation.preductal-oxygen saturation.postductal [Mass fraction difference] in Bld.preductal and Bld.postductal	Chem
3000	53198-8	3039916	Palmitoleylcarnitine (C16:1) [Moles/volume] in DBS	Palmitoleylcarnitine (C16:1) [Moles/volume] in Dried blood spot	Chem
3000	53199-6	3040493	Palmitoylcarnitine (C16) [Moles/volume] in DBS	Palmitoylcarnitine (C16) [Moles/volume] in Dried blood spot	Chem
3000	29571-7	3001962	Phenylalanine [Presence] in DBS	Phenylalanine [Presence] in Dried blood spot	Chem
3000	29573-3	3036338	Phenylalanine [Moles/volume] in DBS	Phenylalanine [Moles/volume] in Dried blood spot	Chem
3000	35572-7	3035788	Phenylalanine/Tyrosine [Molar ratio] in DBS	Phenylalanine/Tyrosine [Molar ratio] in Dried blood spot	Chem
3000	53160-8	3041525	Propionylcarnitine (C3) [Moles/volume] in DBS	Propionylcarnitine (C3) [Moles/volume] in Dried blood spot	Chem
3000	53163-2	3039143	Propionylcarnitine (C3)/Acetylcarnitine (C2) [Molar ratio] in DBS	Propionylcarnitine (C3)/Acetylcarnitine (C2) [Molar ratio] in Dried blood spot	Chem
3000	53162-4	3040961	Propionylcarnitine (C3)/Carnitine.free (C0) [Molar ratio] in DBS	Propionylcarnitine (C3)/Carnitine.free (C0) [Molar ratio] in Dried blood spot	Chem
3000	53164-0	3039430	Propionylcarnitine (C3)/Palmitoylcarnitine (C16) [Molar ratio] in DBS	Propionylcarnitine (C3)/Palmitoylcarnitine (C16) [Molar ratio] in Dried blood spot	Chem
3000	75211-3	44817100	Propionylcarnitine (C3)+Palmitoylcarnitine (C16) [Moles/volume] in DBS	Propionylcarnitine (C3)+Palmitoylcarnitine (C16) [Moles/volume] in Dried blood spot	Chem
3000	49048-2			Protein feed time	Chem
3000	64118-3	40766832	Second most predominant hemoglobin in DBS	Second most predominant hemoglobin in Dried blood spot	Chem
3000	46765-4	3049047	Sickle cell anemia newborn screen interpretation	Sickle cell anemia newborn screen interpretation	Chem
3000	53241-6	3041657	Stearoylcarnitine (C18) [Moles/volume] in DBS	Stearoylcarnitine (C18) [Moles/volume] in Dried blood spot	Chem
3000	53231-7	3041387	Succinylacetone [Moles/volume] in DBS	Succinylacetone [Moles/volume] in Dried blood spot	Chem
3000	62320-7	40765067	T-cell receptor excision circle [#/volume] in DBS by NAA with probe detection	T-cell receptor excision circle [#/volume] in Dried blood spot by Probe and target amplification method	Chem
3000	53190-5	3041709	Tetradecadienoylcarnitine (C14:2) [Moles/volume] in DBS	Tetradecadienoylcarnitine (C14:2) [Moles/volume] in Dried blood spot	Chem
3000	53192-1	3041660	Tetradecanoylcarnitine (C14) [Moles/volume] in DBS	Tetradecanoylcarnitine (C14) [Moles/volume] in Dried blood spot	Chem
3000	53191-3	3039881	Tetradecenoylcarnitine (C14:1) [Moles/volume] in DBS	Tetradecenoylcarnitine (C14:1) [Moles/volume] in Dried blood spot	Chem
3000	53193-9	3041986	Tetradecenoylcarnitine (C14:1)/Acetylcarnitine (C2) [Molar ratio] in DBS	Tetradecenoylcarnitine (C14:1)/Acetylcarnitine (C2) [Molar ratio] in Dried blood spot	Chem
3000	53194-7	3041968	Tetradecenoylcarnitine (C14:1)/Dodecenoylcarnitine (C12:1) [Molar ratio] in DBS	Tetradecenoylcarnitine (C14:1)/Dodecenoylcarnitine (C12:1) [Molar ratio] in Dried blood spot	Chem
3000	53195-4	3041990	Tetradecenoylcarnitine (C14:1)/Palmitoylcarnitine (C16) [Molar ratio] in DBS	Tetradecenoylcarnitine (C14:1)/Palmitoylcarnitine (C16) [Molar ratio] in Dried blood spot	Chem
3000	70159-9	42868633	Tetradecenoylcarnitine (C14:1)/Tetradecanoylcarnitine (C14) [Molar ratio] in DBS	Tetradecenoylcarnitine (C14:1)/Tetradecanoylcarnitine (C14) [Molar ratio] in Dried blood spot	Chem
3000	64119-1	40766833	Third most predominant hemoglobin in DBS	Third most predominant hemoglobin in Dried blood spot	Chem
3000	47784-4	3053221	Threonine [Moles/volume] in DBS	Threonine [Moles/volume] in Dried blood spot	Chem
3000	29574-1	3037152	Thyrotropin [Presence] in DBS	Thyrotropin [Presence] in Dried blood spot	Chem
3000	29575-8	3037142	Thyrotropin [Units/volume] in DBS	Thyrotropin [Units/volume] in Dried blood spot	Chem
3000	31145-6	3007257	Thyroxine (T4) [Moles/volume] in DBS	Thyroxine (T4) [Moles/volume] in Dried blood spot	Chem
3000	38506-2	3048130	Thyroxine (T4) [Presence] in DBS	Thyroxine (T4) [Presence] in Dried blood spot	Chem
3000	48633-2	3050166	Trypsinogen I Free [Mass/volume] in DBS	Trypsinogen I Free [Mass/volume] in Dried blood spot	Chem
3000	53159-0	3039314	Tryptophan [Moles/volume] in DBS	Tryptophan [Moles/volume] in Dried blood spot	Chem
3000	35571-9	3036454	Tyrosine [Moles/volume] in DBS	Tyrosine [Moles/volume] in Dried blood spot	Chem
3000	47799-2	3052956	Valine [Moles/volume] in DBS	Valine [Moles/volume] in Dried blood spot	Chem
3000	53151-7	3040818	Valine/Phenylalanine [Molar ratio] in DBS	Valine/Phenylalanine [Molar ratio] in Dried blood spot	Chem
