TEST_NAME	MEASUREMENT_UNIT	TEST_OUTCOME	n_TEST_OUTCOME	n_subjects
!pak.maitoigavasta-aineet	%	N	94	93
!pak.maitoigavasta-aineet		N	16	16
!pak.maitoigavasta-aineet	%	A	37	37
!pak.maitoiggvasta-aineet	%	N	130	129
!pak.maitoiggvasta-aineet	%	A	15	15
(alv)huumeseulonta4a		N	18	18
(alv)huumeseulonta5a		N	6	6
(alv)huumeseulonta5b		N	44	40
(alv)huumeseulonta6a		N	140	130
(alv)huumeseulonta7a		N	7	7
(m)gluk120		N	20	17
-abcg2		N	1450	1403
-acantvi		N	18	17
-activi		A	61	61
-adenag		N	66	57
-adennho		N	1259	792
-adennho		A	94	71
-adenovirus,nukleiinihaponosoitus		N	9	9
-agglut		N	693	562
-aikaisemmintutkitunnäytteenkäsitteleminenmeetingissä		N	7	7
-albumiini,elektroforeesifraktio,osatutk2522	g/l	A	6	6
-albumiini,seerumi,elektroforeesifraktio(g/l)	g/l	A	427	140
-albumiini,seerumi,elektroforeesifraktio(g/l)	g/l	N	15	15
-albumiini,seerumi,elektroforeesifraktio(g/l)	g/l	L	77	43
-alfa-1-globuliini,elektroforeesifraktio,osatutk2522	g/l	A	6	6
-alfa-1-globuliini,elektroforeesifraktio,osatutk2522	g/l	N	7	6
-alfa-1-globuliini,seerumi,elektroforeesifraktio	g/l	N	62	42
-alfa-1-globuliini,seerumi,elektroforeesifraktio	g/l	A	142	72
-alfa-1-globuliini,seerumi,elektroforeesifraktio	g/l	H	30	21
-alfa-2-globuliini,eletroforeesifraktio,osatutk2522	g/l	A	6	6
-alfa-2-globuliini,eletroforeesifraktio,osatutk2522	g/l	N	6	6
-alfa-2-globuliini,seerumi,elektroforeesifraktio	g/l	A	251	104
-alfa-2-globuliini,seerumi,elektroforeesifraktio	g/l	L	12	8
-alfa-2-globuliini,seerumi,elektroforeesifraktio	g/l	N	64	44
-alfa-2-globuliini,seerumi,elektroforeesifraktio	g/l	H	17	15
-alk-pak		N	52	36
-alk-sul		N	110	87
-amebvr		N	16	13
-amebvr		A	45	30
-amyl		N	189	121
-amyl	u/l	N	1649	294
-amylp	u/l	N	56	30
-amylp		N	9	8
-anaerobibakteeriviljely		A	6	6
-artriittitutkimus,lausunto		A	10	9
-artriittitutkimus,lausunto		N	11	11
-askirje		N	436	409
-aspeag		N	520	255
-aspeag	index	A	10	9
-aspeag		A	18	17
-aspeag	index	N	12	11
-aspeag	index	H	10	9
-aspenho		N	18	15
-aspenho		A	9	8
-bakt		N	6	6
-bakteeri,nukleiinihappo(kval)		A	32	18
-bakteeri,nukleiinihappo-osoitus		A	14	11
-bakteeri,viljely		A	55	47
-bakteeri,värjäys		A	33	27
-bakteeriviljely,aerobi		N	119	101
-bakteeriviljely,anaerobi		N	130	106
-baktnho		A	2026	1429
-baktnho		N	3935	2279
-baktvi		N	84	81
-baktvr		A	535	487
-baktvr		N	1110	907
-baso	%	A	35	22
-beeta-1-globuliini,elektroforeesifraktio,osatutk2522	g/l	N	10	9
-beeta-2-globuliini,elektroforeesifraktio,osatutk2522	g/l	A	10	9
-beta-1-globuliini,seerumi,elektroforeesifraktio	g/l	A	189	74
-beta-1-globuliini,seerumi,elektroforeesifraktio	g/l	L	20	14
-beta-1-globuliini,seerumi,elektroforeesifraktio	g/l	N	72	46
-beta-2-globuliini,seerumi,elektroforeesifraktio	g/l	L	12	7
-beta-2-globuliini,seerumi,elektroforeesifraktio	g/l	N	75	49
-beta-2-globuliini,seerumi,elektroforeesifraktio	g/l	A	97	51
-beta-2-globuliini,seerumi,elektroforeesifraktio	g/l	H	6	6
-bil	umol/l	N	149	88
-bil		N	34	30
-bkvnh		A	134	25
-bkvnh		N	58	31
-bnp	ng/l	A	29	8
-bocanho		N	10	10
-bocavirus,nukleenihappo		N	14	14
-bokanho		N	795	495
-bokanho		A	36	18
-bopenho		N	180	175
-bopenho		A	30	30
-bopenho.		N	368	252
-bopevip		N	10	10
-boppnho		N	67	66
-bordetellapertussis,nukleiinihappo(kval)		A	8	8
-bordetellapertussis,nukleiinihappo(kval)		N	12	12
-borrnho		N	207	203
-borrnho		A	36	35
-bparnho		N	13	13
-c19nho		A	6	6
-c6-ind		A	34	27
-c6-ind		N	9	8
-caauvi		N	257	64
-caio7.4	mmol/l	A	10	10
-caionac	mmol/l	A	10	10
-calbnho		N	86	80
-calpro	mg/l	N	39	39
-cand		N	75	43
-cand-vi		A	32	23
-candida,viljely		N	9	8
-candida,viljely		A	20	20
-candidaalbicans,nukleiinihappo		N	20	18
-candidaalbicansnho		N	36	33
-candidaparapsilosisnho		N	8	7
-candvi		N	1002	808
-candvi		A	1057	816
-cd138-solujeneristysluuydin-taiverinäytteestä		N	22	21
-cd4-solujensuhdecd8-soluihin		N	238	162
-cdt	mg/l	N	82	74
-cea	ug/l	N	30	29
-cea		N	12	12
-cenp-a-ab(ib)		N	30	30
-cenp-b-ab(ib)		N	30	30
-chl..trach.janeisser.gonorrh.nukl.happo(kval)		N	7	6
-chl.trach.janeisser.gonorrh,nukl.hapon(kval)		N	97	75
-chlamydiatrachomatis,nukleiinihaponosoitus		A	16	13
-chlamydiatrachomatis,nukleiinihaponosoitus		N	7	7
-chlamydiatrachomatis,nukleiinihappo(kval)		A	34	27
-chlamydiatrachomatis,nukleiinihappo(kval)		N	7	6
-chlamydiatrachomatis,nukleiinihappo(kval)(kalmydia)		N	10	6
-chlamydiatrachomatis,nukleiinihappokotona		N	4635	2677
-chlamydiatrachomatis,nukleiinihappokotona		A	181	156
-chlamydiatrachomatis,osoittaminen,		N	27	21
-chlamydiatrachomatis,osoittaminennukleiinihap		A	29	22
-chlamydiatrachomatisjaneisseriagonorrhoeae,nukleiinihappokotona(kval)		N	6639	3643
-chpnab		N	19	15
-chpnnho		N	732	551
-chtrnho		N	25102	13349
-chtrnho		A	1292	976
-cmvhe		N	6	6
-cmvnh	iu/ml	A	40	37
-cmvnh		N	196	163
-cmvnh		A	64	60
-cmvnh	iu/ml	N	25	11
-cmvnh	u/ml	N	8	8
-cmvnho		A	35	34
-cmvnho		N	18	17
-cmvvi		N	9	8
-coinrsv		N	64	58
-colnrsv		A	19	19
-covid-19-koronavirustauti,antigeeni		N	68	59
-covid-19-koronavirustauti,antigeeni		A	8	8
-covid-19-koronavirustauti,antigeeni,standardq		N	6	6
-covid-19-koronavirustauti,nho-pikatesti(kval)		A	207	194
-covid-19-koronavirustauti,nho-pikatesti(kval)		N	11	11
-covid-19-koronavirustauti,nukleiinihappo(kval)		A	743	678
-covid-19-koronavirustauti,nukleiinihappo(kval)		N	150	109
-covid-19-koronavirustauti,nukleiinihappo(kval)(pi)		N	8	8
-covid-19-koronavirustauti,nukleiinihappo(kval).		N	13	10
-covid-19-koronavirustauti,nukleiinihappo(kval).		A	15	15
-covid-19-koronavirustautinukleiinihappo(kval)		N	8	7
-covid-19-koronavirustautinukleiinihappo(kval)		A	8	7
-covid-19-koronavirustesti,nho-pikatesti(kval)		N	41	32
-covidjt		N	41	38
-crp-pika	mg/l	A	186	125
-crp-pika		A	11	10
-crppika	mg/l	A	167	70
-crppika		A	31	21
-ctgcnho		N	19345	10327
-ctgcnho		A	111	101
-ctgcnho,-chtrnho		N	21	17
-ctgcnho,1738osatutkimus		N	13	11
-ctjtnho		N	115	81
-ctngnho		N	129	56
-cv19ag		A	447	412
-cv19ag		N	102	96
-cv19ag0		NEG	3360	2887
-cv19ag0		POS	462	455
-cv19ag0		N	6	6
-cv19ag4		N	64	30
-cv19ag4		A	14	14
-cv19ag4		POS	9	9
-cv19ag4		NEG	9	8
-cv19ag5		N	753	695
-cv19ag5		A	241	231
-cv19nho		N	98504	49961
-cv19nho		A	36213	33163
-cv19nho		POS	2244	2193
-cv19nho		NEG	4006	3193
-cv19nho		AA	9	9
-cv19nho-covid-19koronavirustauti,nukleiinihappo(kval)		N	389	341
-cv19pika		A	816	779
-cv19vt		A	70	69
-cyp2b6		N	1450	1403
-cyp2c19		N	1450	1403
-cyp2c9		N	1450	1403
-cyp2d6		N	1450	1403
-cyp3a5		N	1450	1403
-cyp4f2		N	1450	1403
-d-dimqpik		A	10	7
-dermatofyytitryhmä,nukleiinihappo(kval)		A	18	17
-dermatofyytitryhmä,nukleiinihappo(kval)		N	28	28
-dermatofyytti(silsasieni),nukleiinihappo		N	20	17
-dermnho		N	345	325
-dermnho		A	246	225
-desialotransferriini	mg/l	N	36	34
-diagn.		N	709	589
-diagn..		N	99	79
-dialyysinjälkeen,p-urea	mmol/l	N	51	44
-diffi		N	361	312
-dnaex		N	317	290
-dpyd		N	1450	1403
-ebvnh		N	68	59
-ebvnh	u/ml	N	6	6
-ebvnh		A	29	18
-eflonho		N	78	72
-emcilia		N	6	6
-ennendialyysiä,p-urea	mmol/l	N	60	49
-eos	%	A	309	102
-epflnho		N	7	6
-epidermophytonfloccosum,nukleiinihappo		N	20	18
-epidermophytonfloccosum,nukleiinihappo(kval)		N	46	45
-epidermophytonfloccosumnho		N	35	32
-epit		N	6	6
-eryt	e6/l	N	308	274
-eryt		N	57	54
-esblvi		N	713	373
-esblvi		A	57	37
-evirnho		N	823	512
-evirnho		A	28	17
-extem/a10	mm	A	54	46
-extem/a15	mm	A	48	41
-extem/a5	mm	A	49	44
-extem/cft	s	A	32	26
-extem/cft	s	N	9	8
-extem/ct	s	A	20	18
-extem/ct	s	N	10	8
-extem/mcf	mm	A	34	30
-extem/mcf	mm	N	9	7
-extem/ml	%	A	12	7
-fibrillarin(ib)		N	30	30
-fibtem/mcf	mm	N	8	6
-fidd-vt		A	23	20
-fish-s		N	35	31
-fossadouglas-näytteensolututkimus		N	13	13
-foundationone,kudoksesta		N	12	12
-frtuab		N	234	214
-frtuab	titre	A	62	44
-frtuab		A	6	6
-fuusiogeenitutkimuskiinteillekasvaimille,pcr-menetelmällä		N	10	10
-gamma-globuliini,elektroforeesifraktio,osatutk2522	g/l	A	7	7
-gamma-globuliini,elektroforeesifraktio,osatutk2522	g/l	N	7	7
-gammaglobuliini,seerumi,elektroforeesifraktio	g/l	L	44	20
-gammaglobuliini,seerumi,elektroforeesifraktio	g/l	A	422	99
-gammaglobuliini,seerumi,elektroforeesifraktio	g/l	N	28	24
-gammaglobuliini,seerumi,elektroforeesifraktio	g/l	H	20	19
-gardnerellavaginalis,nukleiinihappo		N	140	128
-gardnerellavaginalis,nukleiinihappo		A	130	120
-gcnho		N	21460	11145
-gcnho		A	515	285
-gcvi		N	290	220
-gcvi		A	149	119
-gcvi		AA	94	71
-genuusl		N	38	36
-ghba1c-vt		A	14	13
-gluk	mmol/l	N	9	9
-gluk-1h	mmol/l	A	6	6
-glutamyylitransferaasi-desialotransferriini-indeksi		N	457	396
-glutamyylitransferaasi-desialotransferriini-indeksi		A	269	186
-h-ind	index	N	9263	2372
-hbpika		A	10	9
-hbvnh		N	37	37
-hcgbsuh		N	841	217
-hcgbsuh	%	N	105	40
-hcvnho		N	60	60
-hcvnho		A	46	37
-hdl/kol	%	N	914	855
-hdl/kol.	%	N	1235	1120
-hdl/kol.		N	6	6
-hematologisenpotilaandiagnoosivaiheenfish-tutkimus		N	28	28
-hematologisenpotilaanfish-jäännöstautianalyysi		N	8	6
-hemoglobiinipika		A	26	20
-hepynho		N	1262	1204
-hepynho		A	114	98
-hermosäietutkimus		N	18	18
-herpessimplex-virus,nukleiinihaponosoitus		A	8	8
-herpessimplex-virus1,nukleiinihappo		N	15	15
-herpessimplex2,nukleiinihappo		N	15	15
-herpessimplexvirus,nukleiinihaponosoitus		A	10	10
-herpessimplexvirus,nukleiinihappo(kval)		A	14	14
-hhpvgt		N	424	399
-hhpvnho		A	3445	1931
-hhpvnho		N	3635	2892
-hhpvty		N	423	399
-hhv6nh		N	24	20
-hhv6nh		A	6	6
-hhv8nho		N	10	9
-hhvnh2		N	13	12
-hiiva,viljely		N	43	39
-hinfnho		N	11	11
-hinnho		N	14	14
-histologinensolublokkisytologisestanäytteestä		N	64	57
-hivabct		N	7	6
-hivagab		N	6	6
-hmpvag		N	40	32
-hmpvnh		N	13	12
-hmpvnho		N	966	600
-hmpvnho		A	76	71
-hpvnho		A	1270	706
-hpvnho		N	483	470
-hpvnhty		A	42	39
-hpvnhty		N	20	20
-hpvseul		A	275	250
-hr16nho		A	7	7
-hr16nho		N	9	9
-hr18nho		N	9	9
-hrnho		A	11	11
-hrnho		N	9	9
-hsv1nho		N	13	13
-hsv1nho		A	9	9
-hsv2nho		N	12	12
-hsvag		A	48	48
-hsvag		N	27	26
-hsvnho		A	799	766
-hsvnho		N	1176	1027
-hsvpvi		A	155	147
-hsvpvi		N	19	18
-hsvvi		A	126	126
-hsvvi		N	132	130
-humaanimetapneumovirus,nukleiinihappo(kval)		N	7	7
-humanpapillomavirusgenotyyppi16		N	15	15
-humanpapillomavirusgenotyyppi16		A	17	14
-humanpapillomavirusgenotyyppi18		N	16	16
-humanpapillomavirusgenotyyppimuupatogeeninenhpv		N	16	16
-humanpapillomavirusgenotyyppimuupatogeeninenhpv		A	44	34
-i-ind	index	N	58	58
-icsi		N	48	44
-imm-ong		N	78	72
-immunoglobuliini,alaluokkag1	g/l	A	26	18
-inabnho		A	144	142
-inabnho		N	102	99
-inabrsnho		A	7	7
-inabrsv		N	1266	1070
-inabrsv		A	388	369
-inanhoho		A	70	70
-inbnho		A	7	7
-inbnhoho		A	30	30
-infaag		A	44	44
-infaag		N	58	50
-infabag		A	13	13
-infabag		N	197	194
-infabnh		A	49	49
-infabnh		N	62	60
-infabrsv		N	31	30
-infah03		N	6	6
-infah09		N	7	7
-infah1		N	9	9
-infanho		N	29062	17125
-infanho		A	4071	3901
-infavt		A	87	86
-infbag		A	6	6
-infbag		N	64	55
-infbnho		N	27641	15968
-infbnho		A	544	533
-influenssaa,b,rsvjacovid-19nukleiinihappo(kval)		A	690	631
-influenssaa,b,rsvjacovid-19nukleiinihappo(kval)		N	33	29
-influenssaa,b,rsvjacovid-19nukleiinihappo(kval),osatutk		N	8	8
-influenssaa-rna-osoitus		A	37	37
-influenssaa-virus(a/h-2009),variantti,nho(kval)		N	15	15
-influenssaa-virus(a/h-2009),variantti,nho(kval)		A	9	9
-influenssaa-virus(a/h3),variantti,nho(kval)		N	15	15
-influenssaa-virus,nukleiinihappo(kval)		A	51	51
-influenssaa-virus,nukleiinihappo(kval)		N	36	34
-influenssaa-virus,nukleiinihappo(kval),osatutkimus8577		N	11	9
-influenssaa-virus,nukleiinihappo(kval),osatutkimus8577		A	8	8
-influenssaa-virus,nukleiinihappo(kval)sis.h7n9)		A	6	6
-influenssaa/b,rsvjacovid-19-koronavirus,poc-nukleiinihaponosoitus(kval)		N	12	11
-influenssaah1nho(kval)		N	16	16
-influenssaavirus,antigeeni		N	20	20
-influenssaavirus,nukleiinihaponosoitus		A	24	24
-influenssaavirus,nukleiinihappo(kval)		A	132	127
-influenssab,nukleiinihappo(kval)		N	8	8
-influenssab,osoitus,osatutk.8577		N	11	9
-influenssab,osoitus,osatutk.8818		N	22	20
-influenssab-virus,nukleiinihappo(kval)		N	2105	1531
-influenssab-virus,nukleiinihappo(kval)		A	11	11
-influenssabvirus,antigeeni		N	18	18
-influenssavirus,nukleiinihaponosoitus		N	23	23
-influenssavirus,nukleiinihaponosoitus.		N	15	12
-infnho.		A	6	6
-infrpak		N	944	840
-infrsvnho		A	47	47
-infrsvnho		N	7	7
-infvnho		N	8	7
-inrscov		N	46	43
-inrscov		A	6	6
-intem/a10	mm	A	8	8
-intem/a15	mm	A	8	8
-intem/a5	mm	A	8	8
-irtosolututkimus		A	12	12
-ivf-bl		N	40	40
-ivf-et		N	136	125
-jc-virusnukleiinihappo(kvant)		N	58	31
-jo-1		A	17	13
-kalium,vieritutkimus	mmol/l	A	6	6
-kalsium,ionisoitunut,korjattuph7,40	mmol/l	N	38	36
-kalsium,ionisoitunutaktuaalisessaph:ssa	mmol/l	N	40	37
-kat-vi		A	45	42
-kiire		N	8	8
-kol/adp	s	A	12	9
-kol/adr	s	A	10	8
-kor229e		A	7	7
-kor229e		N	10	10
-korhku1		N	9	9
-korinho		A	11	11
-kornl63		N	12	12
-kornl63		A	12	12
-koroag		N	52	43
-koroc43		A	13	13
-koroc43		N	10	10
-koronaviruksen(covid-19)nukleiinihappo-osoitus		N	6	6
-koronavirus,nukleiinihappo(kval)		A	9	9
-koronavirus229e,nho		N	14	14
-koronavirus229e,nukleiinihaponosoitus		N	205	123
-koronavirushku1,nho		N	16	16
-koronavirusnl63,nho		N	13	13
-koronavirusnl63,nho		A	6	6
-koronavirusnl63,nukleiinihaponosoitus		N	208	125
-koronavirusoc43,nho		N	14	14
-koronavirusoc43,nho		A	17	13
-koronavirusoc43,nukleiinihaponosoitus		N	203	124
-koronavirusoc43,nukleiinihaponosoitus		A	11	10
-koronavirusoc43,nukleiinihappo		A	14	14
-koronho		A	40	39
-koronho		N	941	580
-kras-geeninmutaationmääritys		N	13	13
-krea	umol/l	N	270	217
-krea		N	8	7
-kreatiniini,vieritutkimus	umol/l	A	37	28
-kt/v,daugirdaksenkaava		N	48	44
-ku72/86		A	12	8
-kudosnäytteenhistologinentutkimus,makropreparaatti		N	106	105
-kylskåp		N	8	6
-l-ind	index	N	4747	1830
-lak/sak		A	16	15
-ld	u/l	N	17	15
-leginho		N	164	142
-leginho		A	13	13
-legionellapneumophila,legionellaspp.os.		N	9	9
-legivi		N	16	14
-lepnnho		N	152	147
-leuk	e6/l	N	320	283
-leuk		N	51	48
-liik.ab	%	N	30	29
-liik.abc	%	L	6	6
-liik.abc	%	N	29	28
-liik.im	%	N	2232	722
-liik.np	%	N	2231	721
-liik.pr	%	A	360	205
-liik.pr	%	L	605	338
-liik.pr	%	N	1793	669
-liik.pr		N	46	41
-linssi	u/ml	N	8	7
-listvi		N	85	69
-listvi		A	7	7
-lisäma1		N	246	239
-lisäma2		N	27	27
-lisämaksukiireellisenäpyydetyllenäytteelle		N	177	166
-lisätutkimuspyyntöaiemmintutkitullenäytteelle		N	64	54
-lisävastaus2laskutuskuitatullenäytteelle		N	135	129
-lisävastaus3laskutuskuitatullenäytteelle		N	26	26
-lisävastaus4laskutuskuitatullenäytteelle		N	11	11
-lisävastauslaskutuskuitatullenäytteelle		N	880	782
-llajitt		N	144	137
-lmark		N	10	10
-lymph	%	A	251	101
-m-komponentti-1,seerumi,elektroforeesifraktio(g/l)	g/l	H	28	23
-m-komponentti-1,seerumi,elektroforeesifraktio(g/l)	g/l	A	205	51
-matolm		N	25	21
-matolm		A	7	7
-maudnho		N	78	72
-mcannho		N	78	72
-mdrsvi		N	1098	566
-mdrsvi		A	81	50
-merscov		N	11	10
-metapneumovirus,nukleiinihaponosoitus		N	201	120
-metapneumovirus,nukleiinihaponosoitus		A	18	17
-metapneumovirus,nukleiinihappo(kval)		N	10	10
-metapneumovirus,nukleiinihappo(kval)		A	14	14
-metisilliiniresistenttistaph.aureus,viljelynenästä		N	135	69
-metisilliiniresistenttistaph.aureus,viljelynielusta		N	134	69
-metisilliiniresistenttistaph.aureus,viljelyperineumista		N	134	68
-mi-2b		A	12	11
-micanho		N	6	6
-microsporumaudouinii,nukleiinihappo		N	20	18
-microsporumaudouiniinho		N	35	32
-microsporumcanis,nukleiinihappo(kval)		N	46	45
-microsporumcanis/ferrugineum,nukleiinihappo		N	20	18
-microsporumcanis/ferrugineumnho		N	23	23
-moniresistentitgramnegatiivisetsauvat,jatkoviljely		A	12	8
-mono	%	A	495	169
-morbnho		N	13	13
-mrsajvi		N	30	27
-mrsanho		N	9	7
-mrsavi		N	7772	3276
-mrsavi		A	187	103
-mrsavine		N	102	61
-mrsavini		N	103	61
-mycobacteriumtuberculosis,viljely		A	24	14
-mycohe		N	171	128
-mycoplasmagenitalium,nukleiinihappo(kval),refleksinäherkkyysmääritys		N	88	81
-mycoplasmapneumoniae,nukleiinihappo(kval)		N	9	9
-mycoplasmapneumoniae,nukleiinihappo(kval)		A	9	9
-mycoty		N	52	47
-mygehe		N	103	96
-mygenho		N	343	320
-mygenho		A	49	39
-myhecp		N	100	87
-myhonho		N	12	7
-myhonho		A	11	8
-mypnhe		N	101	88
-mypnnho		N	808	621
-mypnnho		A	138	134
-myrkyt		N	94	80
-nannizziagypseanho		N	9	8
-natrium,vieritutkimus	mmol/l	A	20	17
-ncovnhj		N	148	146
-ncovnho		N	245	192
-ncovnho		A	212	197
-neisseriagonorrhoeae,nukl.os.(kval)		N	24	20
-neisseriagonorrhoeae,nukleiinihappo(kval)		N	41	34
-neisseriagonorrhoeae,nukleiinihappokotona(kval)		N	4815	2703
-neursyf		N	42	37
-neut	%	A	130	64
-ngs-geenitutkimus,laskutuskulloisenkinpaneelinmukainen		N	25	25
-niskaturvotus	mm	N	9	9
-nivenho		A	20	19
-nivenho		N	16	15
-nocavi		N	158	125
-nocavi		A	9	9
-nor90(ib)		N	30	30
-nt	mm	N	4070	3666
-nt		N	180	174
-nudt15		N	1450	1403
-palovvi		N	199	53
-palovvi		A	86	27
-pan-dermatofyyttinho		N	10	8
-papilloomavirus(hpv),nukleiinihappo(kval),suu		A	116	83
-papilloomavirus(hpv),suurenriskin,dna-osoitus		A	465	307
-papilloomavirus(hpv),suurenriskin,dna-osoitus		N	225	223
-papilloomavirus,muukorkeanriskintyyppi		A	11	11
-papilloomavirus,nukleiinihappo(kval)		A	31	23
-para-o		N	7	6
-parainfluenssa1-virus,nukleiinihappo(kval)		N	9	9
-parainfluenssa1virus,nukleiinihaponosoittaminen(kval)		N	208	125
-parainfluenssa2-virus,nukleiinihappo(kval)		N	9	9
-parainfluenssa2virus,nukleiinihaponosoittaminen(kval)		N	208	125
-parainfluenssa3-virus,nukleiinihappo(kval)		N	9	9
-parainfluenssa3virus,nukleiinihaponosoittaminen(kval)		N	204	122
-parainfluenssa3virus,nukleiinihaponosoittaminen(kval)		A	15	15
-parainfluenssa3virus,nukleiinihappo(kval)		A	7	6
-parainfluenssa4-virus,nukleiinihappo(kval)		N	9	9
-parainfluenssa4virus,nukleiinihaponosoitus		N	208	125
-parinfluenssa3-virus,nukleiinihappo		A	13	13
-pat		N	11	11
-pdgfr(ib)		N	30	30
-pekaanipähkinä	u/ml	N	7	7
-pes.jäl		N	824	442
-pes.til	ml	N	796	431
-ph		N	875	697
-ph		L	12	12
-ph		A	17	14
-piconh0		N	6	6
-piconho		A	7	7
-piconho		N	23	22
-pikacrp	mg/l	A	47	38
-pin1nho		N	959	591
-pin1nho		A	11	11
-pin2nho		N	953	586
-pin2nho		A	12	11
-pin3ag		A	6	6
-pin3nho		N	943	580
-pin3nho		A	98	89
-pin4nho		N	954	587
-pin4nho		A	13	13
-pinf1ag		N	53	44
-pinf2ag		N	53	44
-pinf3ag		N	53	44
-pinfnho		N	17	16
-pistaasi(manteli)	u/ml	N	9	9
-pl-7		A	19	11
-pncanho		A	34	31
-pneumocystisjirovecii,nukleiinihaponosoitus		A	14	10
-pnjinho		A	322	264
-pnjinho		N	724	424
-pocabrc		N	23516	13844
-pocabrc,-cv19nho		N	193	154
-pocabrc,-infanho		N	54	49
-poccv19		N	6454	4714
-poccv19		A	202	201
-polyomavirus(jcv,bkv),nukleiinihaponos.(pcr)kvant.		A	28	9
-polyomavirus,nukleiinihappo(kvant)		N	58	31
-potilaantunnistus		N	24	24
-povnh		A	72	15
-poxnho		N	9	9
-poxpak		N	12	12
-pr+np	%	A	191	136
-pr+np	%	N	520	465
-pr+np	%	L	239	184
-pregnlo	nmol/l	N	24	22
-pregnlo	nmol/l	A	8	6
-probnppoc	ng/l	A	14	11
-prot	g/l	N	24	23
-psa-v/t	%	A	48	28
-punktionesteenimmunofenotyypitys		N	9	7
-pvlnho		N	31	24
-pyör.s.		N	766	624
-päivystyslisäkolmestatutkimuksesta		N	23	17
-rbaknho		N	14	14
-resistentitgramnegatiivisetsauvat,viljely		N	24	18
-respiratorisetvirukset,nukleiinihaponosoittaminen(kval)		N	208	125
-respiratoristenmikrobientutkimus		A	156	130
-respiratorysyncytial-virus,nukl.happo		N	6	6
-respiratorysyncytial-virus,nukleiinihappo(kval)		N	21	19
-respiratorysyncytial-virus,nukleiinihappo(kval),osatutkimus8577		N	10	8
-respiratorysyncytialavirus,nukleiinihaponosoittaminen(kval)		N	204	122
-respiratorysyncytialavirus,nukleiinihaponosoittaminen(kval)		A	6	6
-respiratorysyncytialbvirus,nukleiinihaponosoittaminen(kval)		N	208	125
-respnho		N	390	274
-respnho		A	12	11
-riennho		A	25	22
-riennho		N	9	9
-rievnho		N	350	240
-rievnho		A	120	109
-rino-/enterovirus,nukleiinihappo(kval)		A	24	23
-rino/enterovirus,nho		A	72	57
-rino/enterovirus,nho		N	14	14
-rino/enterovirus,nukleiinihappo		A	30	29
-rinonho		N	792	494
-rinonho		A	539	317
-rmiknho		N	12	11
-ro52(ssa)		N	54	52
-ro52ssa		A	10	7
-rp11(ib)		N	30	30
-rp155(ib)		N	30	30
-rs-virus,nukleiinihappo(kval)		A	51	50
-rs-virus,nukleiinihappo(kval)		N	20	20
-rsvag		N	56	47
-rsvag		A	9	9
-rsvanho		A	7	7
-rsvbnho		A	9	9
-rsvnho		N	29132	17255
-rsvnho		A	1537	1489
-rsvvt		A	31	31
-rvirag		N	434	316
-rvirnho		N	149	115
-rvirnho		A	22	21
-s.yht.	e6	A	217	158
-s.yht.	e6	L	336	247
-s.yht.	e6	N	485	443
-s.yht.		A	73	61
-sameus		N	799	650
-scl-70-ab(ib)		N	30	30
-scopulariopsisbrevicaulisnho		N	9	8
-selvittelytyö;eipyyntöä/lähetettä		N	14	14
-selvtyö		N	17	17
-seulontakolonoskopianäytteidenhistologinentutkimus,1-7näytteenottokohtaa		N	60	60
-sien-vr		N	6	6
-sieni,natiivivalmiste		A	28	27
-sieni,natiivivalmiste		N	211	179
-sieni,viljely		A	23	19
-sieni,viljely		N	32	31
-sieni,viljelyjanatiivi		N	8	8
-sieni,värjäys		N	19	19
-sieninho,dermatofyytit,nukleonihappo-osoitus(kval)		N	16	15
-sieniviljely(pi)		N	13	11
-sienlm		N	37	34
-sienna		A	52	50
-sienna		N	21	20
-siennho		N	535	291
-siennho		A	96	77
-sienvi		N	1515	1236
-sienvi		A	87	87
-sienvr		N	748	670
-siitt.	e6/ml	A	325	193
-siitt.		L	557	321
-siitt.		N	1222	651
-siitt.		A	120	87
-sklerodermatutkimus,immunoblottaus		N	30	30
-slco1b1		N	1450	1403
-solut		N	371	320
-srp		A	6	6
-staphylococcusaureus,metisilliiniresistentti		N	18	13
-staphylococcusaureus,metisilliiniresistentti,jatkoviljely		A	14	6
-staphylococcusaureus,metisilliiniresistentti,v		N	48	44
-stapvi		N	39	37
-staunho		A	33	33
-staupvl		N	43	30
-staupvl		A	6	6
-stauvi		A	123	120
-stpnag		A	124	116
-stpnag		N	116	101
-stpnnho		N	25	25
-strag		N	217	187
-strag		A	9	9
-streptokokki,viljely		A	8	8
-strjvi		A	1236	1054
-strjvi		N	1091	960
-strovi		N	9	9
-strvi		A	117	100
-sul.jäl		N	23	13
-syto		AA	696	474
-syto		N	355	315
-syto		A	16	16
-sytokiir		A	19	17
-tbennho		N	78	72
-tbevi		A	12	7
-tbnho		N	2452	1690
-tbnho		A	52	36
-tbvi		N	186	76
-tbvi		A	415	163
-tbvr		N	40	16
-tbvrvi		N	2633	1873
-tbvrvi		A	39	32
-tffesat	%	A	8	7
-th/to(ib)		N	30	30
-tif1y		A	13	9
-tilav.	ml	A	104	88
-tilav.	ml	N	826	639
-tilav.	ml	L	145	119
-tintnho		N	100	72
-tmennho		N	76	71
-toimitusmaksudiagnostisillelainapyynnöille		N	13	13
-toxonho		N	136	110
-tpmt		N	1450	1403
-transf		N	65	58
-transf	g/l	N	16	15
-transferriini	g/l	N	36	34
-transferriininrautakyllasteisyys	%	N	8	8
-transferriininrautakyllästeisyys	%	N	9	8
-trfe-sa	%	A	93	57
-trfe-sa	%	N	32	29
-trfesat	%	L	3083	2285
-trfesat	%	A	4822	3400
-trfesat	%	N	8682	6269
-trfesat	%	H	903	679
-trfesat		N	71	65
-trfesat		A	41	34
-trich		N	74	43
-trichophytonbenhamiae,nukleiinihappo		N	20	18
-trichophytonbenhamiaenho		N	36	33
-trichophytoninterdigitale,nukleiinihappo		N	20	18
-trichophytoninterdigitale/mentagrophytesnho		N	8	8
-trichophytoninterdigitalenho		N	36	25
-trichophytonmentagrophytes,nukleiinihappo		N	18	16
-trichophytonmentagrophytesnho		N	26	25
-trichophytonrubrum,nukleiinihappo		N	21	18
-trichophytonrubrum,nukleiinihappo(kval)		A	17	16
-trichophytonrubrum,nukleiinihappo(kval)		N	30	30
-trichophytonrubrumnho		N	33	30
-trichophytonrubrumnho		A	40	37
-trichophytonschoenleinii/quinckeanumnho		N	10	9
-trichophytontonsurans,nukleiinihappo		N	20	18
-trichophytontonsuransnho		N	28	25
-trichophytonverrocusumnho		N	16	16
-trichophytonverrucosum,nukleiinihappo		N	20	18
-trichophytonverrucosumnho		N	20	17
-trichophytonviolaceum,nukleiinihappo		N	20	18
-trichophytonviolaceumnho		N	34	31
-trigly	mmol/l	N	86	61
-trubnho		N	86	80
-trubnho		A	26	21
-trvaag		A	10	9
-trvaag		N	134	126
-trvanho		N	191	178
-ttonnho		N	56	51
-tuberkuloosibakteeri,viljely(sisältääainamyös		A	9	6
-tunnetundna-mutaationtutkimusverestä		N	35	35
-tunnetundna-variantintutkimusverestä		N	10	10
-tvernho		N	78	72
-tvionho		N	78	72
-tyreoglobuliiniva	u/ml	A	12	10
-tyreoglobuliiniva		N	76	54
-unäkö-n		N	364	314
-urpanho		N	12	7
-urpanho		A	32	22
-ururnho		N	32	26
-ururnho		A	30	24
-vainajansäilytys		N	66	66
-verkoh		A	28	23
-virem		N	12	12
-virvi		N	30	30
-virvi		A	9	9
-viskos.		N	792	646
-vkorc1		N	1450	1403
-vks/vcs		N	83	59
-vrevi		N	368	207
-vrevi		A	35	19
-vzvag		A	50	50
-vzvag		N	11	11
-vzvnho		N	618	549
-vzvnho		A	214	205
-väri		N	801	651
-zoonnho		N	631	601
-zoonnho		A	20	18
-zoonoosivirus,nukleiinihappo(kval)		N	20	18
-äitseul		N	95	92
..-chlamydiatrachomatis,nukl.haponos.(kval)		A	20	14
0-näyte	mmol/l	N	6	6
0-näyte	mmol/l	A	11	10
0115pt-mediscreenseulontatutkimus,paketti		N	17	16
0hp-gluk	mmol/l	N	793	582
0mgluk	mmol/l	N	554	327
0mgluk		N	10	10
0mgluk-r1	mmol/l	N	56	55
0mgluk-r1/0m	mmol/l	N	22	19
0mgluk/0m	mmol/l	N	30	22
0mp-glukoosi,gestaatiorasitus	mmol/l	N	25	19
10081	mmol/l	A	111	22
10101ts-ngscomp		A	8	7
10113rna-fuusiogeenientutkimuskudosnäytteestä		A	8	8
10115ts-oncotype		A	9	9
10299	mmol/l	A	8931	2156
11086	%	N	795	259
11086		N	10	8
11086	%	A	8	7
11092	au/ml	A	32	28
11094	au/ml	A	10	8
11332	ng/l	A	25	15
11392patonäyte(ulkop.lähetys,eitilattavatutkimus)		N	6	6
11649	u/ml	A	8	8
11659	ug/l	A	866	210
11663	umol/l	A	147	115
11784	nmol/l	A	161	142
11821	mosm/kgh2o	A	52	44
11842	u/l	A	27	26
11843	u/l	A	17	16
11844	u/l	A	9	8
11845		A	13	13
11846	u/l	A	36	35
120mgluk	mmol/l	N	593	362
120mgluk		N	15	14
120mgluk/120m	mmol/l	N	52	39
120minp-glukoosi,gestaatiorasitus	mmol/l	N	25	19
120mp-glu		N	231	207
120mp-glu	mmol/l	N	51	49
120mp-gluk	mmol/l	N	508	397
12510	umol/l	A	78	59
13177		A	16	8
14125	e9/l	A	139	86
14248	e9/l	A	31	25
14257	u/ml	A	39	39
14257		A	6	6
14272	e9/l	A	25756	5351
14272		A	13	12
14273	e9/l	A	157	114
14273		A	6	6
14346	g/l	A	1630	757
14346		A	7	7
14347	g/l	A	629	441
14348	g/l	A	790	512
14349	g/l	A	730	319
14350	g/l	A	825	442
14351	g/l	A	1407	432
14351		A	6	6
14352	g/l	A	1462	236
14352		A	7	7
14353	g/l	A	38	12
14356	mg	A	9	9
14401	ug/l	A	15	10
14518		A	31	31
14568	mmol/l	A	16	14
14638	nmol/l	A	10	10
14659	nmol/l	A	14	13
14804	g/l	A	8	8
21563	%	A	21	7
21585	ug/l	A	444	101
21741	u/ml	A	31	24
21758		A	13	12
21767	u/ml	A	37	37
21777	mg/l	A	140	138
21792	mg	A	315	208
21904	ml/min/173m2	A	718	455
21909		A	7	7
22102	nmol/l	A	95	79
2575ts-resepto		A	90	85
2h	mmol/l	N	9	9
2h	mmol/l	A	7	6
2hgluk	mmol/l	N	15	14
4043ts-padgast		A	16	10
4049ln-pad		A	37	25
4054ts-pad-1		A	424	337
4056ts-pad-3		A	293	235
4061bm-pad		A	14	11
4191ts-pad-ih		A	379	293
4192ts-pad-is		A	8	8
4194ts-pad-4		A	33	28
4721ts-her2ish		A	36	36
4763ts-padpros		A	73	73
4764ts-padcolo		A	35	33
4765ln-padsent		A	20	19
5381	mmol/l	A	445	299
5382	mmol/l	A	411	273
5384	g/l	A	380	267
5385	mmol/l	A	238	191
5386	mmol/l	A	283	226
5386		A	29	25
5388	g/l	A	251	200
5389	mmol/l	A	293	122
5400	mmol/l	A	47	37
5400		A	224	81
5408	mmol/l	A	346	269
5409	mmol/l	A	21	18
60mgluk	mmol/l	N	524	307
60mgluk		N	21	21
60mgluk/60m	mmol/l	N	30	22
60minglukoosi,gestaatiorasitus	mmol/l	N	25	19
6144ts-padbrea		A	41	25
6146br-pad-4		A	86	76
6147gi-pad-4		A	84	46
6148lu-pad-4		A	41	26
6149ug-pad-4		A	41	40
6274ts-pad-pnb		A	8	7
6430s-kol-hdlosatutk.	mmol/l	N	7	6
8595		A	66	15
8633		A	66	65
8635		A	53	52
8656		A	59	44
8657		A	9	9
8659		A	12	12
8665		A	30	24
8667		A	60	50
8668		A	10	8
8669		A	110	101
8670		A	22	21
8692		A	7	6
8818		A	203	166
8819		A	6	6
8824		A	151	127
8826		A	93	75
8830		A	65	62
8836		A	1134	1027
9052fs-työterveyshuollonperuspaketti		N	11	10
9052mk4-7,työterveyshuollonperuspaketti		N	8	7
9120e-punasolujenkokojakauma	%	N	6	6
9120e-punasolujenkokojakaumaosatutk.	%	N	82	56
99112367s-mycoplasmapneumoniae,iggvasta-aineet	eiu	N	9	8
99112367s-mycoplasmapneumoniae,igmvasta-aineet		N	11	10
99112764fl-clue-solut		N	25	20
99112764fl-hiiva-natiivivalmiste		N	25	20
99112764fl-tricomonas,natiivivalmiste		N	25	20
99113552s-borrelia,iggvasta-aineet		N	17	16
99113552s-borrelia,igmvasta-aineet		N	17	16
99114816u-chlamydiatrachomatis,nho		N	13	11
99114816u-neisseriagonorrhoeae,nho		N	13	11
99114955s-chlamydiapneumoniae,iggvasta-aineet	eiu	N	8	7
99114955s-chlamydiapneumoniae,igmvasta-aineet		N	12	11
99119289fev		N	13	10
99119289tehostettuuloshengitystilavuus1s:ssa		N	13	10
99119289tehostettuvitalikapasiteetti		N	13	10
99119540fev/brdil		N	13	10
99119540fev1/brdil		N	13	10
99119540fvc/brdil		N	13	10
99119563no/papapapa-näytteenotto1		N	7	6
9916c-reaktiivinenproteiini,plasmasta		N	12	12
9928aspartaattiaminotransferaasi,plasmasta		N	7	6
9944ts-ngssca1		A	27	23
9989glutamyylitransferaasi,plasmasta		N	25	21
:glutamyylitransferaasi-desialotransferriini-indeksi		H	73	49
aa/epasuhdeluku		N	314	253
ab-ahco3	mmol/l	A	26066	5518
ab-ahco3		A	5439	1056
ab-ahco3vt		A	49	40
ab-ahco3vt	mmol/l	A	28	24
ab-aktuaalibikarbonaatti	mmol/l	H	435	166
ab-aktuaalibikarbonaatti	mmol/l	N	2470	1136
ab-aktuaalibikarbonaatti	mmol/l	A	4316	1340
ab-aktuaalibikarbonaatti	mmol/l	L	375	156
ab-arteriaverikaasuanalyysi		N	23	21
ab-be	mmol/l	A	76044	18023
ab-be	mmol/l	H	71424	8384
ab-be	mmol/l	N	121663	14708
ab-be	mmol/l	L	44798	7171
ab-be		A	3389	641
ab-be	mmol/l	LL	8	6
ab-be		N	50	44
ab-be	mmol/l	HH	137	37
ab-be-vt	mmol/l	A	19	13
ab-be-vt		A	77	62
ab-bepika		A	6	6
ab-bikarbonaatti	mmol/l	H	144	87
ab-bikarbonaatti	mmol/l	L	101	77
ab-bikarbonaatti	mmol/l	A	96	73
ab-bio-0		N	162	152
ab-ca++		A	24	21
ab-ca++7.4	mmol/l	A	550	329
ab-ca-i7.4	mmol/l	A	32424	5252
ab-ca-i7.4		A	5388	905
ab-caionvt		A	43	29
ab-caionvt	mmol/l	A	25	23
ab-cl	mmol/l	A	193	105
ab-emäsylimäärä	mmol/l	H	955	376
ab-emäsylimäärä	mmol/l	N	1932	1093
ab-emäsylimäärä	mmol/l	L	825	324
ab-emäsylimäärä	mmol/l	A	6508	2192
ab-emäsylimäärä		N	10	10
ab-emäsylimäärä␤		A	7	6
ab-erytrosyytit,tilavuusosuus	osuus	L	165	117
ab-erytrosyytit,tilavuusosuus	osuus	A	16	14
ab-erytrosyytit,tilavuusosuus	osuus	H	22	21
ab-gluk	mmol/l	A	2411	1244
ab-gluk		A	40	34
ab-glukoosi	mmol/l	H	61	38
ab-happamuusaste		A	473	294
ab-happamuusaste		N	63	61
ab-happamuusaste,lämpötilakorjattu		H	116	100
ab-happamuusaste,lämpötilakorjattu		L	51	36
ab-happamuusaste,lämpötilakorjattu		A	13	13
ab-happikyllästeisyys	%	A	214	81
ab-happikyllästeisyys(hemoglobiini)	%	A	196	164
ab-happikyllästeisyys(hemoglobiini)	%	N	17	15
ab-happikyllästeisyys(hemoglobiini),eitilattava	%	A	5160	1363
ab-happikyllästeisyys(hemoglobiini),eitilattava	%	L	129	60
ab-happikyllästeisyys(hemoglobiini),eitilattava	%	N	634	228
ab-happikyllästeisyys(hemoglobiini),eitilattava	%	H	749	224
ab-happikyllästeisyys(hemoglobiinin,osuustoimin	%	A	45	23
ab-happiosapaine	kpa	A	238	186
ab-happiosapaine	kpa	N	16	15
ab-happiosapaine	kpa	L	8	6
ab-happiosapaine,lämpötilakorjattu	kpa	L	285	195
ab-happiosapaine,lämpötilakorjattu	kpa	H	61	51
ab-hb	g/l	N	57327	10651
ab-hb	g/l	L	179011	11782
ab-hb	g/l	A	6043	2252
ab-hb	g/l	H	1552	544
ab-hb		N	77	52
ab-hb-co	%	H	15602	3020
ab-hb-co	%	N	198436	15005
ab-hb-co	%	L	23718	3882
ab-hb-co	%	A	286	205
ab-hb-co		N	80	55
ab-hb-co		A	76	37
ab-hb-met	%	N	234442	16827
ab-hb-met	%	L	5319	1611
ab-hb-met	%	H	1056	250
ab-hb-met		A	26	26
ab-hb-met	%	A	41	21
ab-hb-met		N	43	31
ab-hb-vt	g/l	A	80	59
ab-hb02sat	%	A	343	147
ab-hblask	g/l	N	27	7
ab-hbo2	%	L	70358	9315
ab-hbo2	%	N	145951	15036
ab-hbo2	%	H	21266	5866
ab-hbo2	%	A	6009	2746
ab-hbo2		N	83	59
ab-hbo2sat	%	A	60111	16381
ab-hbo2sat		A	5451	1397
ab-hbo2sat	%	N	1419	788
ab-hbo2sat	%	L	5589	1775
ab-hbo2sat		L	65	50
ab-hbo2sat	%	H	55	46
ab-hbo2sat	%	HH	205	105
ab-hbo2sat		N	9	9
ab-hbo2svt	%	A	39	33
ab-hbo2svt		A	44	37
ab-hco3	mmol/l	A	3195	1427
ab-hco3		A	98	67
ab-hco3-st	mmol/l	H	77958	8642
ab-hco3-st	mmol/l	N	118701	14296
ab-hco3-st	mmol/l	A	9404	4334
ab-hco3-st	mmol/l	L	44121	6644
ab-hco3-st		N	101	75
ab-he-tase		N	1079	745
ab-he-tase,ab-hco3	mmol/l	N	7	7
ab-he-tase,ab-hco3	mmol/l	H	9	7
ab-he-tase,ab-k	mmol/l	N	9	8
ab-he-tase,ab-pco2	kpa	N	7	7
ab-he-tase,ab-ph		H	8	7
ab-he-tase,ab-ph		N	8	6
ab-he-tase,ab-po2	kpa	L	9	6
ab-he-tase,ab-po2	kpa	N	7	7
ab-hemoglobiini	g/l	A	3905	882
ab-hemoglobiini	g/l	N	479	211
ab-hemoglobiini	g/l	L	1239	374
ab-hemoglobiini	g/l	H	28	23
ab-hemoglobiini,hiilimonoksidi	%	H	97	63
ab-hemoglobiini,kokonais-	g/l	A	118	43
ab-het-ion		N	1064	720
ab-het-ion		A	8	7
ab-het-oks		N	247	187
ab-hetasel		N	8	8
ab-hetiogl		N	15	10
ab-hiilidioksidiosapaine	kpa	A	142	112
ab-hiilidioksidiosapaine	kpa	N	61	58
ab-hiilidioksidiosapaine,lämpötilakorjattu	kpa	L	166	128
ab-hiilidioksidiosapaine,lämpötilakorjattu	kpa	H	67	35
ab-hiilimonoksidi-hb	%	N	2181	1062
ab-hiilimonoksidi-hb	%	A	61	35
ab-hiilimonoksidi-hb		A	28	18
ab-hkr	osuus	A	338	221
ab-hkr		A	70	63
ab-k	mmol/l	A	159	112
ab-k		A	9	9
ab-kalium	mmol/l	H	41	26
ab-kalium	mmol/l	L	36	31
ab-kalsium,ionisoitunut,ph7.4-korjattu	mmol/l	A	4364	1108
ab-kalsium,ionisoitunut,ph7.4-korjattu	mmol/l	L	752	174
ab-kalsium,ionisoitunut,ph7.4-korjattu	mmol/l	N	653	259
ab-kalsium,ionisoitunut,ph7.4-korjattu	mmol/l	H	77	58
ab-kalsium,ionisoitunut,ph7.4:ssa	mmol/l	L	209	147
ab-kloridi	mmol/l	L	47	32
ab-kloridi	mmol/l	H	30	25
ab-kokonaishemoglobiini,verikaasuanalysaattorista	g/l	A	1529	736
ab-kokonaishemoglobiini,verikaasuanalysaattorista	g/l	N	803	506
ab-kokonaishemoglobiini,verikaasuanalysaattorista	g/l	L	684	242
ab-kokonaishemoglobiini,verikaasuanalysaattorista	g/l	H	49	34
ab-kokonaishemoglobiiniverikaasuanalysaattorista	g/l	A	14	8
ab-krea-hy	umol/l	A	20	17
ab-laktaat	mmol/l	A	1688	1094
ab-laktaat		A	24	21
ab-laktaatti	mmol/l	H	103	78
ab-laktaatti	mmol/l	L	57	48
ab-methemoglobiini	%	A	142	92
ab-methemoglobiini	%	N	2091	1042
ab-methemoglobiini		A	56	50
ab-na	mmol/l	A	439	261
ab-natrium	mmol/l	L	129	91
ab-natrium	mmol/l	H	29	22
ab-o2-sis	ml/l	A	204	155
ab-o2-sis	%	A	2524	976
ab-o2-sis	%	N	113	84
ab-o2-vol	%	L	156065	12025
ab-o2-vol	%	N	25322	6279
ab-o2-vol	%	A	38420	5080
ab-o2-vol		A	4867	627
ab-o2-vol	vol%	A	795	225
ab-o2-vol	%	H	419	169
ab-o2-vol		N	29	28
ab-o2hb	%	A	1151	447
ab-o2sat	%	L	60146	8544
ab-o2sat	%	H	66749	10473
ab-o2sat	%	N	113314	13123
ab-o2sat	%	A	835	456
ab-o2sat		N	79	55
ab-o2sat		L	66	58
ab-o2sat		A	15	12
ab-o2sat1	%	N	20	20
ab-o2sat2	%	N	18	18
ab-pco2	kpa	A	50337	16914
ab-pco2	kpa	N	160735	17333
ab-pco2	kpa	H	44991	8522
ab-pco2	kpa	L	51399	9153
ab-pco2	kpa	LL	190	99
ab-pco2		A	3178	889
ab-pco2		N	48	48
ab-pco2	kpa	HH	1353	316
ab-pco2(t)	kpa	A	2155	775
ab-pco2(t)		A	25	22
ab-pco2-vt		A	82	57
ab-pco2-vt	kpa	A	51	43
ab-ph	ph	A	52458	16877
ab-ph	ph	N	144941	17499
ab-ph	ph	L	42026	8833
ab-ph	ph	H	69176	10726
ab-ph	form	A	454	215
ab-ph		A	9431	2400
ab-ph		N	49	49
ab-ph(t)		A	2016	714
ab-ph-vt		A	102	71
ab-phpika		A	10	10
ab-po2	kpa	A	90377	24246
ab-po2	kpa	L	56966	10059
ab-po2	kpa	H	107881	15164
ab-po2	kpa	N	93978	13236
ab-po2	kpa	LL	1331	918
ab-po2		A	7020	1429
ab-po2		N	53	53
ab-po2	kpa	HH	387	238
ab-po2(t)	kpa	A	3051	1113
ab-po2(t)		A	34	31
ab-po2-vt		A	121	80
ab-po2-vt	kpa	A	77	56
ab-sbc	mmol/l	A	63	40
ab-shco3	mmol/l	A	20971	5500
ab-shco3	mmol/l	L	1511	510
ab-shco3	mmol/l	H	4798	956
ab-shco3		H	31	19
ab-shco3		L	13	13
ab-shco3		A	9	6
ab-standardibikarbonaatti	mmol/l	N	1317	826
ab-standardibikarbonaatti	mmol/l	L	341	150
ab-standardibikarbonaatti	mmol/l	A	1572	900
ab-standardibikarbonaatti		N	10	10
ab-standardibikarbonaatti	mmol/l	H	353	157
ab-thb	g/l	A	25919	4998
ab-thb	g/l	H	343	161
ab-thb	g/l	L	6535	1056
ab-thb		A	13	10
ab-thb		L	6	6
ab-thb-	g/l	A	100	21
ab-to2c	ml/dl	A	1414	402
ab-vekaas		N	48	46
ab-vekaas5,agapk	mmol/l	N	10	10
ab-vekaas5,be(ecf)	mmol/l	N	7	7
ab-vekaas5,ca++	mmol/l	L	7	7
ab-vekaas5,ca++	mmol/l	N	7	7
ab-vekaas5,chco3-	mmol/l	N	11	10
ab-vekaas5,chgb	g/l	N	6	6
ab-vekaas5,chgb	g/l	L	8	7
ab-vekaas5,cl-	mmol/l	N	7	7
ab-vekaas5,crea	umol/l	H	6	6
ab-vekaas5,cso2	%	N	9	9
ab-vekaas5,ctco2	mmol/l	N	10	9
ab-vekaas5,glu	mmol/l	H	14	13
ab-vekaas5,hct	l/l	L	9	8
ab-vekaas5,k+	mmol/l	N	11	11
ab-vekaas5,lac	mmol/l	H	6	6
ab-vekaas5,lac	mmol/l	N	8	8
ab-vekaas5,na+	mmol/l	L	6	6
ab-vekaas5,na+	mmol/l	N	10	9
ab-vekaas5,pco2	kpa	N	10	9
ab-vekaas5,pco2	kpa	L	6	6
ab-vekaas5,ph		N	8	7
ab-vekaas5,ph		H	8	8
ab-vekaas5,po2	kpa	L	13	12
abcg2-geeninnukleotidivariaatiot,dna-tutkimus		N	74	72
abhbo2satp	%	A	12	12
abhco3pika	mmol/l	A	10	10
abpco2pika	kpa	A	11	11
abpo2pika	kpa	A	12	12
acremoniumkilienseige	u/ml	N	15	15
adenovirus,nukleiinihappo(kval)		N	7	7
adrenokortikotropiini		A	10	9
adrenokortikotropiini	ng/l	A	10	6
af-baktvi		A	55	44
af-sameus		A	6	6
afos(isoentsyymeihinliittyvä)	u/l	A	12	12
afoskokonaispitoisuus	u/l	H	6	6
afoskokonaispitoisuus,seerumista	u/l	A	23	23
afosluusto	u/l	N	28	24
afosmaksa1	u/l	N	27	24
afosmaksa2	u/l	N	28	24
afossuoli		N	8	7
afossuoli	u/l	N	20	17
aika/ed.virt	h	N	1597	1175
aktiv-cd4	%	A	8	6
aktuaalibikarbonaatti,arteriaverestä,osatutk.	mmol/l	A	31	19
aktuaalibikarbonaatti,venaverestä,osatutk.	mmol/l	A	23	12
aktuaalibikarbonaatti,venaverestä,pikatesti	mmol/l	A	43	32
akutcov19		N	8	7
alaniiniaminotransferaas	u/l	N	11	10
alaniiniaminotransferaasi	u/l	N	14632	10014
alaniiniaminotransferaasi	u/l	H	2402	1550
alaniiniaminotransferaasi	u/l	A	93	76
alaniiniaminotransferaasi		N	569	224
alaniiniaminotransferaasi,plasmasta	u/l	A	22	9
alaniiniaminotransferaasi,plasmasta	u/l	N	75	46
alb-o		A	1004	450
album	g/l	A	159	69
albumiini	g/l	N	2769	2191
albumiini	g/l	A	1589	463
albumiini	g/l	L	1088	736
albumiini		N	26	25
albumiini		A	139	74
albumiini	g/l	H	16	16
albumiini	mg/l	N	40	40
albumiini	mg/l	A	7	7
albumiini(kval)	estimate	N	551	455
albumiini(kval)		N	68	52
albumiini,laskennallinen	ug/min	N	25	25
albumiini,laskennallinen	ug/min	A	26	17
albumiini,laskennallinen		N	16	13
albumiini,osoitus,virtsa	estimate	N	59	57
albumiini,osoitus,virtsa		A	87	71
albumiini,plasma(alb)	g/l	N	10	10
albumiini,plasma(alb)	g/l	A	6	6
albumiini,seerumi,elektoforeesifraktio(g/l)␤	g/l	A	8	6
albumiini,seerumi,elektroforeesifraktio(g/l),osatutk.2522	g/l	A	101	30
albumiini,virtsa		N	9	9
albumiini,virtsasta	mg/l	N	33	29
albumiini,virtsasta		N	9	9
albumiininjakreatiininsuhde(virtsa)	mg/mmol	N	589	403
albumiininjakreatiininsuhde(virtsa)		N	457	323
albumiininjakreatiininsuhde(virtsa)	mg/mmol	A	102	61
albumiininjakreatiniininsuh	mg/mmol	A	172	127
albumiininjakreatiniininsuhde		N	477	329
albumiininjakreatiniininsuhde	mg/mmol	N	204	182
albumiininjakreatiniininsuhde	mg/mmol	A	121	106
albumiininjakreatiniininsuhde,virtsasta		A	26	18
albumiininjakreatiniininsuhde,virtsasta		N	116	100
alfa-1	g/l	A	59	39
alfa-1-fetoproteiini	u/ml	A	29	8
alfa-1-fetoproteiini,seerumista	u/ml	A	35	14
alfa-1-globuliini	g/l	N	11	10
alfa-1-globuliini()	%	N	6	6
alfa-1-globuliini,fraktio,seerumi	g/l	N	14	12
alfa-1-globuliini,seerumi,elektroforeesifraktio	g/l	N	11	8
alfa-1-mikroglobuliini,	ug/min	A	87	76
alfa-1-mikroglobuliini,		A	11	10
alfa-1-mikroglobuliini,	ug/min	N	6	6
alfa-2	g/l	A	177	64
alfa-2-glo	g/l	H	16	16
alfa-2-globuliini,fraktio,seerumi	g/l	N	14	12
alfa-2-globuliini,seerumi,elektroforeesifraktio	g/l	N	10	7
alfa1-glob	g/l	A	508	248
alfa1-glob		A	50	31
alfa1-glob	g/l	N	29	21
alfa1-globuliini,seerumi,elektroforeesifraktio,osatutk.2522	g/l	A	43	20
alfa2-glob		A	182	67
alfa2-glob	g/l	A	1183	380
alfa2-glob	g/l	N	18	13
alfa2-globuliini,seerumi,elektroforeesifraktio,osatutk.2522	g/l	A	39	23
alfalinoleenihappo	%	N	317	257
alkalinenfosfataasi	u/l	N	3117	2559
alkalinenfosfataasi		N	106	41
alkalinenfosfataasi	u/l	H	853	483
alkalinenfosfataasi	u/l	A	29	20
alkalinenfosfataasi	u/l	L	30	22
alkalinenfosfataasi(afos)		N	6	6
alkalinenfosfataasi(afos)	u/l	N	16	16
alkalinenfosfataasi(afos-isvaletietue)	u/l	A	6	6
alkalinenfosfataasi,kokonaispitoisuus	u/l	H	42	40
alkalinenfosfataasi,kokonaispitoisuus	u/l	N	33	33
alkalinenfosfataasi,luustoperäinenisoentsyymi	%	L	20	20
alkalinenfosfataasi,luustoperäinenisoentsyymi	%	N	54	51
alkalinenfosfataasi,maksaperäinenisoentsyymi	%	H	7	7
alkalinenfosfataasi,maksaperäinenisoentsyymi	%	N	67	64
alkalinenfosfataasi,plasmasta	u/l	N	24	17
alkalinenfosfataasi,seerumista		A	11	11
alkalinenfosfataasi,seerumista	u/l	A	10	9
alkalinenfosfataasi,suolistoperäinenisoentsyymi		N	9	9
alkalinenfosfataasi,suolistoperäinenisoentsyymi	%	N	16	16
alkiot,säilytys2vuotta		N	26	26
alkoholimaksasairausriski		N	3269	3251
alkoholimaksasairausriski		A	49	49
allergeeni,aspergillusversicolor(home/mögel)rm215	u/ml	N	7	7
allergeeni,cladosporiumcladosporioides(home/mögel)rm216	u/ml	N	7	7
allergeeni,cladosporiumherbarum(home/mögel)m2		N	41	41
allergeeni,cladosporiumherbarum(home/mögel)m2	u/ml	N	13	13
allergeeni,dermatophagoidespteronyssinus(pölypunkki/husdammskvalster)d1		N	39	39
allergeeni,dermatophagoidespteronyssinus(pölypunkki/husdammskvalster)d1	u/ml	N	10	10
allergeeni,hevonen(hilse)/häst(mjäll)e3		N	42	40
allergeeni,hevonen(hilse)/häst(mjäll)e3	u/ml	N	16	15
allergeeni,igevasta-aineet,kosteusvaurioryhmä		N	15	15
allergeeni,kissa(hilse)/katt(mjäll)e1		N	42	40
allergeeni,kissa(hilse)/katt(mjäll)e1	u/ml	A	8	6
allergeeni,kissa(hilse)/katt(mjäll)e1	u/ml	N	10	10
allergeeni,koira(hilse)/hund(mjäll)e5		N	42	40
allergeeni,koira(hilse)/hund(mjäll)e5	u/ml	A	9	7
allergeeni,koira(hilse)/hund(mjäll)e5	u/ml	N	10	10
allergeeni,koivu(siitepöly)/björk(pollen)		N	39	39
allergeeni,koivu(siitepöly)/björk(pollen)	u/ml	A	12	12
allergeeni,kosteusvauriopaneeli/fuktskadepanel		N	7	7
allergeeni,maapähkinä/jordnötf13		N	25	25
allergeeni,maito(lehmä)/mjölk(ko)f2		N	25	25
allergeeni,munanvalkuainen/äggvitaf1		N	25	25
allergeeni,pencilliumspp.(home/mögel)rm217	u/ml	N	7	7
allergeeni,pujo(siitepöly)/gråbo(pollen)w6		N	33	33
allergeeni,pujo(siitepöly)/gråbo(pollen)w6	u/ml	N	9	9
allergeeni,pujo(siitepöly)/gr†bo(pollen)w6		N	6	6
allergeeni,pähkinäseulontajakomponenttierittelyigevasta-aineet		N	12	12
allergeeni,pölyerittely(phadiatop)/inhalations	u/ml	N	35	35
allergeeni,pölyerittely(phadiatop)/inhalations		N	20	20
allergeeni,ruoka-aineryhmä,erittelyjakomponentit,igevasta-aineet	u/ml	N	59	58
allergeeni,ruoka-aineryhmä,erittelyjakomponentit,igevasta-aineet	u/ml	A	12	12
allergeeni,ruokaerittely/födoämn.specifik.fx5	u/ml	N	20	20
allergeeni,soijapapu/sojabönaf14		N	25	25
allergeeni,stachybotrysatra(home/mögel)rm214	u/ml	N	7	7
allergeeni,timotei(siitepöly)/timotej(pollen)g6		N	39	39
allergeeni,timotei(siitepöly)/timotej(pollen)g6	u/ml	A	9	9
allergeeni,trichodermaviride(home/mögel)m15	u/ml	N	6	6
allergeeni,turska/torskaf3		N	25	25
allergeeni,vehnä(jauho)/vete(mjöl)f4		N	25	25
allergeeniigev-a,aspergillusversicolor		N	7	7
allergeeniigev-a,cladosporiumcladosp.		N	7	7
allergeeniigev-a,penicillliumspp		N	7	7
allergeeniigev-a,staphylobotrysatra		N	7	7
allergeeniigev-a,trichodermaviride		N	7	7
alzheimerintaudindiag.merkkiaineet		N	26	25
am-aminoh	ug/l	A	7	7
am-epo	u/l	A	147	114
am-epo	iu/l	A	60	47
am-epo		A	12	9
am-epo	u/l	H	66	49
am-epo	u/l	N	8	8
am-kromos		N	47	46
am-lamel	e9/l	N	51	38
am-mksyn		N	78	75
am-trinho		N	139	132
am-unäkö		N	52	38
amfetamiini		N	8	8
amfetamiinit,bentsidiatsepiinit,buprenorfiini,kannabis,kokaiini,opiaatit		N	71	65
ammonium-ioni	umol/l	N	166	119
ammonium-ioni	umol/l	H	47	23
ammonium-ioni	umol/l	A	36	17
amp.myrkky	u/ml	A	43	31
amylaasi	u/l	N	1261	1113
amylaasi	u/l	L	68	58
amylaasi	u/l	H	49	39
amylaasi		N	7	7
amylaasi,plasmasta	u/l	N	13	9
angiotensiini-1-konvertaasi	u/l	N	167	146
angiotensiini-1-konvertaasi	u/l	H	34	26
angiotensiini-1-konvertaasi	u/l	A	25	21
anti-muller-hormoni	ug/l	N	41	40
antikoagulanttihoidonseuranta,p-tt-inr,kapillaarinäyte		A	27	7
antitrombiini3,plasma	%	A	10	10
antitrombiiniiii	%	A	14	11
antitrombiiniiii,hus	%	A	8	8
antitrombiiniiii,plasmasta	mg/l	N	36	33
antitrombiiniiii,plasmasta	mg/l	A	9	9
antitrombiiniiii,plasmasta␤	%	A	9	9
ap-ca-ion	mmol/l	A	908	481
ap-cl	mmol/l	A	141	110
ap-gluk	mmol/l	A	118	102
ap-hco3st	mmol/l	A	333	171
ap-k	mmol/l	A	6416	2769
ap-k	mmol/l	L	915	447
ap-k	mmol/l	H	633	250
ap-k	mmol/l	HH	66	39
ap-kalium	mmol/l	N	1822	967
ap-kalium	mmol/l	A	495	323
ap-kalium		N	6	6
ap-kalium	mmol/l	H	120	66
ap-kalium	mmol/l	L	124	75
ap-kalium␤	mmol/l	A	23	22
ap-lakt	mmol/l	A	539	344
ap-lakt		A	6	6
ap-laktaat	mmol/l	A	10524	3254
ap-laktaat	mmol/l	H	2758	931
ap-laktaat	mmol/l	L	126	51
ap-laktaat		A	35	13
ap-laktaat		H	10	7
ap-laktaatti	mmol/l	A	668	459
ap-laktaatti	mmol/l	N	1798	910
ap-laktaatti	mmol/l	H	463	223
ap-laktaatti		N	11	9
ap-laktaatti	mmol/l	L	22	16
ap-laktaatti(arteria)	mmol/l	N	11	9
ap-na	mmol/l	A	18531	5098
ap-na	mmol/l	L	4452	1196
ap-na	mmol/l	LL	632	106
ap-na	mmol/l	H	452	97
ap-na		A	11	7
ap-na		L	6	6
ap-natrium	mmol/l	N	1484	814
ap-natrium	mmol/l	A	884	474
ap-natrium	mmol/l	L	463	210
ap-natrium	mmol/l	H	65	22
ap-natrium␤	mmol/l	A	79	67
ap-ph		A	131	100
ap-shco3	mmol/l	A	81	58
ap-shco3		A	38	32
ap-standardibikarbonaatti␤	mmol/l	A	13	10
arakidonihappo	%	N	317	257
as-alb	g/l	N	105	103
as-alb		N	48	44
as-amylp		N	12	10
as-amylp	u/l	N	9	9
as-bakteeri,värjäys		N	18	18
as-bio		N	29	19
as-cea		N	8	8
as-cea	ug/l	N	7	7
as-diffi		N	631	425
as-eryt	e6/l	N	632	422
as-eryt	e6/l	A	372	175
as-eryt		H	7	7
as-eryt		N	13	13
as-gluk	mmol/l	N	280	224
as-gluk		N	7	7
as-gran	%	A	14	11
as-krea	umol/l	N	12	10
as-ld	u/l	N	12	12
as-leuk	e6/l	HH	9	8
as-leuk	e6/l	N	731	478
as-leuk	e6/l	A	157	112
as-mononukleaarisetvalkosolut	%	N	17	15
as-polymorfonukleaarisetvalkosolut	%	N	17	15
as-prot	g/l	N	239	196
as-prot		N	148	113
as-prot	g/l	A	171	113
as-prot		A	9	7
as-sameus		A	21	17
as-solut		N	649	436
as-syto		N	974	930
as-syto		AA	735	659
as-syto		A	33	31
as-unäkö-o		N	626	415
asat/trombosyytit-indeksi		H	12	9
asat/trombosyytit-indeksi		A	11	9
asat/trombosyytit-indeksi		N	9	6
asetoniaineet(kval)	estimate	N	594	473
asetoniaineet(kval)		N	89	85
asetoniaineet(kval),virtsasta,osatutk.		A	26	25
aspartaattiaminotransferaasi	u/l	N	257	210
aspartaattiaminotransferaasi	u/l	H	68	52
aspartaattiaminotransferaasi		N	11	7
aspergillusfumigatus,iggvasta-aineet	mg/l	N	10	9
aspergillusfumigatusige	u/ml	N	15	15
aspergillusversicolorige	u/ml	N	15	15
atopobiumvaginae		N	33	31
atopobiumvaginae		A	29	26
audiogram		N	8	8
audiogramm		N	31	28
audiogvanl		N	76	69
audit		N	132	131
b-12srrna		N	9	9
b-6-me-mp		N	317	238
b-6-me-mp	umol/l	A	12	9
b-6-tgn	umol/l	A	9	7
b-6-tgn		N	317	238
b-adp		N	109	42
b-adp		L	220	49
b-adp	auc	A	6	6
b-agu-d		N	6	6
b-angap	mmol/l	A	11731	2719
b-angap		A	121	49
b-anionivaje	mmol/l	A	2077	647
b-anionivaje	mmol/l	N	1119	329
b-anionivaje	mmol/l	L	127	37
b-anionivaje	mmol/l	H	218	95
b-aortmut		N	7	7
b-apoe-d		N	21	21
b-aptem		N	54	35
b-aspi		L	259	59
b-aspi	auc	A	9	9
b-aspi		N	62	29
b-aspi		H	18	6
b-asyykar		N	16	12
b-atrytyd		N	40	36
b-b-cd19	e9/l	A	742	261
b-b-cd19		A	374	161
b-b-cd19	e6/l	A	391	240
b-b-cd19	e9/l	L	483	336
b-b-cd19	e9/l	N	675	354
b-b-cd19	e9/l	H	18	16
b-b-cd19		N	8	8
b-b-cd19,b-solut	e9/l	L	13	10
b-b-cd19,b-solut	e9/l	A	79	57
b-b-cd19,b-solut	e9/l	N	11	9
b-b-lymfosyytit	e6/l	N	275	172
b-b-lymfosyytit	e6/l	A	390	214
b-b-tyypinnatriureettinenpeptidi	ng/l	H	7	7
b-bakt	%	N	15	15
b-bakteeri,jatkoviljely(verestä),seulottunäyte␤		A	371	165
b-bakteeri,jatkoviljely,seulottunäyte		A	568	260
b-bakteeri,jatkoviljely,seulottunäyte		N	97	38
b-bakteeri,veriviljely		N	34	22
b-bakteeri,viljely		N	574	410
b-bakteeri,viljely		A	38	25
b-bakteeri,viljelyverestä		N	38	30
b-bakteeriviljelyverestä,jatkotutkimus		A	37	25
b-baktjvi		A	6433	3345
b-baktjvi		N	3461	1627
b-baktvi		N	95351	24837
b-baktvi		A	4108	2530
b-baktvi-aerobi		N	2956	1806
b-baktvi-anaerobi		N	2976	1817
b-bas	%	H	1509	1205
b-bas	e9/l	N	9901	1766
b-bas	e9/l	H	45	32
b-bas	e9/l	A	19	12
b-bas		N	6	6
b-baso	e9/l	A	32720	12033
b-baso	e9/l	H	17735	7318
b-baso	e9/l	N	368158	88056
b-baso	e9/l	L	866	440
b-baso	%	N	985	610
b-baso	%	H	149	112
b-baso		N	1431	560
b-baso	%	A	401	223
b-baso		A	126	82
b-basoabs	e9/l	N	79	72
b-basof	e9/l	A	976	484
b-basofiili	e9/l	N	73	30
b-basofiilisetleukosyytit	e9/l	N	6313	3218
b-basofiilisetleukosyytit	e9/l	A	706	408
b-basofiilisetleukosyytit		N	32	32
b-basofiilisetleukosyytit	e9/l	H	258	181
b-basofiilisetleukosyytit	e9/l	L	13	11
b-basofiilit	e9/l	N	1712	1038
b-basofiilit	e9/l	A	793	383
b-basofiilit	%	N	117	67
b-basofiilit,absoluuttiset		N	10	7
b-basofiilit,absoluuttiset	e9/l	N	11	10
b-basofiilit,suhde	%	N	21	10
b-basofiilit-act5diffillä	%	H	16	11
b-basofiilit-act5diffillä	%	N	162	76
b-basofiilitabsoluuttinenmäärä		N	15	15
b-bcr-qr		N	30	13
b-bcr-qr		A	31	8
b-be	mmol/l	A	16906	4486
b-beeta-hydroksibutyraatti,pika	mmol/l	A	9	9
b-beeta-hydroksibutyraatti,pikatutkimus,verestä	mmol/l	A	40	26
b-beeta-hydroksibutyraatti,pikatutkimus,verestä	mmol/l	N	8	7
b-beeta-hydroksibutyraatti,pikatutkimus,verestä	mmol/l	H	28	21
b-beeta-hydroksibutyraatti,pika␤	mmol/l	A	21	15
b-bio		N	1426	1239
b-bio-0		N	15093	14656
b-biodna		N	662	655
b-biomam		N	75	73
b-biomamd		N	72	70
b-bmuisti	%	N	16	16
b-bnaive	%	N	16	16
b-bnp-v		A	88	40
b-bo3-d		N	723	718
b-borrnho		N	28	28
b-bplasbl		N	10	10
b-bplasbl	%	N	7	7
b-brcamut		N	30	30
b-brcay-d		N	97	97
b-brovmut		N	524	524
b-btrans	%	N	16	16
b-c-reaktiivinenproteiini	mg/l	A	24	21
b-c-reaktiivinenproteiini		N	10	10
b-c-reaktiivinenproteiini(kval)		N	8	8
b-c-reaktiivinenproteiini,vieritesti		N	73	48
b-c-reaktiivinenproteiini,vieritesti		A	15	12
b-c-reaktiivinenproteiinipika		N	74	66
b-c-reaktiivinenproteiinipika		A	149	97
b-c-resktiivinenproteiini	mg/l	N	787	520
b-c-resktiivinenproteiini		N	498	359
b-c/adp	s	H	7	7
b-c/adp	s	A	22	21
b-c/epi	s	N	8	8
b-c/epi	s	H	8	7
b-c/epi	s	A	27	26
b-c/epi		A	6	6
b-ca++-v	mmol/l	A	25	21
b-ca++-v		A	21	18
b-ca1mut		N	12	12
b-caionpf	mmol/l	A	265	27
b-caionpf		A	55	6
b-calr-d		N	10	10
b-calr-d		A	7	7
b-cardiac,ckmb	ng/ml	N	12	6
b-cardiac,ckmb		N	10	10
b-cardiac,myoglobiini	ng/ml	N	16	11
b-cardiac,troponiinii		N	23	13
b-cd16/56	e9/l	A	455	328
b-cd16/cd56	e9/l	N	72	60
b-cd16/cd56	e9/l	A	48	47
b-cd19	e6/l	A	2215	714
b-cd19	e9/l	A	1679	864
b-cd19		A	33	29
b-cd19	e9/l	N	49	42
b-cd19	e9/l	L	12	9
b-cd3	e9/l	A	1577	821
b-cd3	e6/l	A	1496	579
b-cd3		A	29	23
b-cd3	e9/l	N	32	30
b-cd3-positiivisett-lymfosyytit	e6/l	A	304	150
b-cd3-positiivisett-lymfosyytit	e6/l	N	361	234
b-cd34-fc		N	191	118
b-cd4	e9/l	A	1769	878
b-cd4	e6/l	A	1904	592
b-cd4		A	30	21
b-cd4	e9/l	N	28	27
b-cd4-cm	%	N	11	11
b-cd4-em	%	N	11	11
b-cd4-positiivisett-lymfosyytit	e6/l	A	395	164
b-cd4-positiivisett-lymfosyytit	e6/l	N	270	207
b-cd4-rte	%	N	11	11
b-cd4akt	%	N	11	11
b-cd4emra	%	N	11	11
b-cd4naiv	%	N	11	11
b-cd4sup	ng/ml	A	17	11
b-cd4treg	%	N	11	11
b-cd8	e9/l	A	1024	599
b-cd8	e6/l	A	1136	452
b-cd8	e9/l	N	67	58
b-cd8		A	24	18
b-cd8-cm	%	N	11	11
b-cd8-em	%	N	11	11
b-cd8-positiivisett-lymfosyytit	e6/l	N	445	266
b-cd8-positiivisett-lymfosyytit	e6/l	A	220	120
b-cd8akt	%	N	11	11
b-cd8emra	%	N	11	11
b-cd8naiv	%	N	11	11
b-cftr-d		N	12	12
b-ckmbmv		A	21	18
b-cl	mmol/l	A	15095	3054
b-cl		A	2841	562
b-co	ug/l	A	2010	1162
b-co	ug/l	H	255	187
b-co	ug/l	N	231	201
b-co		N	101	100
b-co		A	141	136
b-co		H	21	18
b-col/adp	s	A	17	16
b-col/epi	s	A	12	12
b-cr	ug/l	A	1802	1065
b-cr	ug/l	H	226	159
b-cr		N	128	106
b-cr	ug/l	N	212	188
b-cr		A	56	55
b-cr		H	24	21
b-crcmut		N	117	116
b-crco		N	689	415
b-crp	mg/l	A	2004	1216
b-crp	mg/l	N	705	306
b-crp		N	1072	405
b-crp		A	50	46
b-crp,pikatesti,veri	mg/l	A	49	42
b-crp-0		N	150	86
b-crp-0	mg/l	H	194	99
b-crp-0	mg/l	N	86	59
b-crp-0		H	7	7
b-crp-o	mg/l	A	1043	457
b-crp-pik	mg/l	H	298	186
b-crp-pik		N	296	200
b-crp-pik		H	10	10
b-crp-pik	mg/l	N	33	30
b-crp-pika		N	681	420
b-crp-pika	mg/l	H	988	440
b-crp-pika	mg/l	N	425	269
b-crp-pika		H	47	43
b-crp-pt		N	446	379
b-crp-pt		A	94	76
b-crp-pt	mg/l	A	371	293
b-crp-pt	mg/l	N	68	66
b-crp-v	mg/l	A	1327	697
b-crp-vt	mg/l	H	11706	8479
b-crp-vt		N	2661	2363
b-crp-vt	mg/l	A	3194	1466
b-crp-vt	mg/l	N	579	537
b-crp-vt		A	35	25
b-crp-vt		H	24	24
b-crpp	mg/l	H	4418	3094
b-crpp	mg/l	N	51	40
b-crpp		N	104	57
b-crpp		H	23	16
b-crppika	mg/l	H	14	13
b-cya	ug/l	N	241	82
b-cya-ms	ug/l	N	10400	672
b-cya-ms		N	336	201
b-cyp2c19		N	123	123
b-cyp2d6		N	147	147
b-d-dimer		A	8	8
b-d-dimer	mg/l	A	180	149
b-d-dimer	mg/l	H	20	16
b-d-dimer	mg/l	N	18	18
b-dcmmut		N	26	26
b-dend-fc		N	16	13
b-diff		N	144	49
b-diff-mik		N	28	24
b-diff-mik,mikroskooppidiffi		N	17	14
b-diffi		N	257786	56413
b-diffi		L	23	19
b-diffi		A	62	48
b-diffi	%	N	56	14
b-diffi	e9/l	H	14	10
b-diffi	%	H	8	8
b-diffi,bas	%	H	17	14
b-diffi,bas	%	N	106	66
b-diffi,eos	%	N	96	63
b-diffi,eos	%	H	14	10
b-diffi,eos	%	L	15	11
b-diffi,l-bas	%	N	92	59
b-diffi,l-eos	%	N	62	41
b-diffi,l-eos	%	L	33	23
b-diffi,l-liusk	%	N	38	33
b-diffi,l-liusk	%	L	28	16
b-diffi,l-lym	%	L	13	11
b-diffi,l-lym	%	N	28	26
b-diffi,l-lym	%	H	23	12
b-diffi,l-lymf	%	N	19	13
b-diffi,l-lymf	%	L	15	7
b-diffi,l-mon	%	H	24	17
b-diffi,l-mon	%	N	71	48
b-diffi,l-myel	%	N	17	9
b-diffi,l-myel	%	H	21	9
b-diffi,l-neutr	%	N	19	12
b-diffi,l-promyel	%	N	29	17
b-diffi,l-sauv	%	N	29	26
b-diffi,l-sauv	%	L	34	22
b-diffi,lymf	%	N	90	57
b-diffi,lymf	%	H	26	17
b-diffi,lymf	%	L	13	10
b-diffi,mon	%	N	101	62
b-diffi,mon	%	H	22	16
b-diffi,nlt	%	N	90	58
b-diffi,nlt	%	L	30	18
b-diffi,nlt	%	H	7	6
b-diffi,nst	%	N	107	66
b-diffi,nst	%	H	21	19
b-diffi,osatutkimus		N	50	35
b-diffi-kd		N	113	95
b-diffi-m		N	181	109
b-diffim		N	292	159
b-diffmik		N	176	54
b-digoks		N	20	19
b-dm2alld		A	13	12
b-dnamut		A	9	9
b-dpyd-d		N	804	789
b-ecolnho		A	6	6
b-edta		N	1102	1091
b-edta-nä		N	38	18
b-edta-näy		N	266	192
b-edta-put		N	19	19
b-edta10ml		N	303	148
b-edta20ml		N	97	88
b-edta5/4		N	320	201
b-edtanäy		N	975	479
b-edtaproj		N	258	230
b-edtaputk		N	89	56
b-edtatutk		N	299	222
b-egfr-fd		N	29	25
b-egfr-pt		N	117	96
b-elinkim		N	107	88
b-enterobacterales		A	6	6
b-eos	e9/l	H	43366	17261
b-eos	e9/l	A	160192	46418
b-eos	e9/l	N	336951	84925
b-eos	e9/l	L	67343	19046
b-eos	%	H	2390	1873
b-eos	%	N	743	387
b-eos	%	A	1366	646
b-eos		N	1542	716
b-eos		A	1426	608
b-eos	%	L	1527	1208
b-eos		L	92	70
b-eos	e6/l	N	50	47
b-eos	e6/l	A	28	24
b-eosabs	e9/l	A	71	41
b-eosabs	%	N	77	70
b-eosabs	%	A	7	7
b-eosin	e9/l	A	5346	2522
b-eosin	e9/l	N	8	8
b-eosinifiilit-act5diffillä	%	N	118	65
b-eosinifiilit-act5diffillä	%	H	37	16
b-eosinifiilit-act5diffillä	%	L	23	14
b-eosinofiili	%	N	73	30
b-eosinofiilit	e9/l	A	8652	3578
b-eosinofiilit	e9/l	N	5332	3882
b-eosinofiilit	e9/l	H	257	202
b-eosinofiilit	e9/l	L	390	194
b-eosinofiilit	%	N	68	58
b-eosinofiilit		N	181	128
b-eosinofiilit		A	149	106
b-eosinofiilit	%	A	8	8
b-eosinofiilit(ko)	e9/l	N	6	6
b-eosinofiilit,absoluuttiset	e9/l	N	17	8
b-eosinofiilit,b-diffiosatutkimus		A	38	31
b-eosinofiilit,b-diffiosatutkimus	e9/l	N	333	234
b-eosinofiilit,b-diffiosatutkimus	e9/l	A	80	56
b-eosinofiilit,b-diffiosatutkimus2225	e9/l	N	28	23
b-eosinofiilit,erillistutkimuksena	e9/l	N	45	45
b-eosinofiilit,erillistutkimuksena	e9/l	A	8	7
b-eosinofiilit,erillistutkimuksena		N	15	11
b-eosinofiilit,lukumäärä	e9/l	L	298	98
b-eosinofiilit,lukumäärä	e9/l	A	109	58
b-eosinofiilit,lukumäärä	e9/l	H	156	91
b-eosinofiilit,lukumäärä	e9/l	N	20	20
b-eosinofiilit,verestä	e9/l	N	645	503
b-eosinofiilit,verestä	e9/l	A	87	65
b-eosinofiilitabsoluuttinenmäärä	e9/l	N	11	11
b-eosinofiiliterillistutkimuksena	e9/l	N	14	14
b-eosonofiilit,b-diffiosatutkimus	e9/l	N	12	7
b-eos␤	e9/l	A	119	40
b-eos␤		A	125	10
b-erblast	e9/l	N	223940	43831
b-erblast		N	7511	3080
b-ertytrosyytit	e12/l	N	20	8
b-erybla	e9/l	N	191595	43867
b-erybla		N	1217	573
b-erybla	e9/l	A	31285	6007
b-erybla	e9/l	H	8022	1501
b-erybla		A	21	21
b-erybla(19978b-erybla),osatutkimus	e9/l	N	161	135
b-erybla,osatutkimus(19978b-erybla)	e9/l	N	1574	975
b-erybla,osatutkimus(b-erybla)	e9/l	N	3727	1896
b-erybla,osatutkimus(b-erybla)		N	8	7
b-eryt	e12/l	N	1746604	304548
b-eryt	e12/l	L	1174328	100774
b-eryt	e12/l	A	2618719	195313
b-eryt	e12/l	H	93371	28575
b-eryt		A	21474	4131
b-eryt		N	2429	2079
b-eryt	%	N	643	321
b-eryt	e9/l	N	270	247
b-eryt	e9/l	A	49	41
b-eryt		L	253	241
b-eryt	%	H	6	6
b-eryt	e12/l	HH	150	19
b-eryt	%	A	55	33
b-eryt		H	14	14
b-erytbi	u/100l	A	8	6
b-erytbl	e9/l	N	1109	613
b-erytbl	u/100l	A	1023	365
b-erytbl		A	87	40
b-erytbl	%	A	53	13
b-erytp	e12/l	L	576	318
b-erytp	e12/l	N	1167	336
b-erytp	e12/l	H	241	185
b-erytroblasti	e9/l	N	1454	809
b-erytroblastit	e9/l	N	956	656
b-erytroblastit	e9/l	H	1113	241
b-erytroblastit	e9/l	A	2956	549
b-erytroblastit		N	9	9
b-erytroblastit,absoluuttiset,automaattidiffi	e9/l	N	805	616
b-erytroblastit,absoluuttiset,automaattidiffi		N	182	149
b-erytrosyytit	e12/l	A	81959	14231
b-erytrosyytit	e12/l	N	54321	24721
b-erytrosyytit	e12/l	L	26131	5232
b-erytrosyytit	e12/l	H	2299	1260
b-erytrosyytit		N	137	133
b-erytrosyytit	1	N	6	6
b-erytrosyytit		A	8	8
b-erytrosyytit		L	25	10
b-erytrosyytit(tilavuusosuus)	osuus	L	459	127
b-erytrosyytit(tilavuusosuus)	osuus	H	91	50
b-erytrosyytit,kokojakaumaprosentti	%	N	371	287
b-erytrosyytit,kokojakaumaprosentti	%	H	12	9
b-erytrosyytit,normoblastit,mikroskopointi	u/100l	A	294	124
b-erytrosyytit,normoblastit,mikroskopointi	u/100l	H	31	22
b-erytrosyytit,normoblastit,mikroskopointi		A	16	10
b-erytrosyytit,poc-tutkimus	e12/l	N	350	123
b-erytrosyytit,poc-tutkimus	e12/l	L	83	31
b-erytrosyytit,poc-tutkimus	e12/l	H	15	6
b-erytrosyytit,tilavuusosuus	%	A	27685	4391
b-erytrosyytit,tilavuusosuus	ratio	A	61904	12704
b-erytrosyytit,tilavuusosuus	ratio	N	56204	27720
b-erytrosyytit,tilavuusosuus	%	N	8487	4217
b-erytrosyytit,tilavuusosuus	ratio	L	27114	4643
b-erytrosyytit,tilavuusosuus	ratio	H	2892	1700
b-erytrosyytit,tilavuusosuus		N	96	93
b-erytrosyytit,tilavuusosuus		A	41	32
b-erytrosyytit,tilavuusosuus	1	N	9	9
b-erytrosyytit,tilavuusosuus	%	H	7	6
b-erytrosyytit,tilavuusosuus	%	L	31	19
b-erytrosyytit,tilavuusosuus(hematokriitti)	%	N	159	152
b-erytrosyytit,tilavuusosuus(hematokriitti)	%	A	18	18
b-erytrosyytit,tilavuusosuus,pikahoitoyksiköt		A	78	61
b-erytrosyytit,tilavuusosuus,pikahoitoyksiköt	osuus	L	14	12
b-erytrosyytit,tilavuusosuus,pikatesti	osuus	A	12	11
b-erytrosyytit,tilavuusosuuspoc-tutkimus	%	N	365	123
b-erytrosyytit,tilavuusosuuspoc-tutkimus	%	L	65	23
b-erytrosyytit,tilavuusosuuspoc-tutkimus	%	H	19	8
b-erytrosyyttientilavuusosuus	%	N	13460	5392
b-erytrosyyttientilavuusosuus	%	A	468	326
b-erytrosyyttientilavuusosuus		N	6	6
b-escherichiacoli		A	35	30
b-etoh		N	12	9
b-etoh	umol/l	N	8	7
b-everoli	ug/l	A	65	9
b-everoms		N	36	17
b-everoms	ug/l	N	384	33
b-exkon-d		N	91	91
b-exseq-d		N	57	57
b-extem		N	129	100
b-extri-d		N	78	78
b-farmakogeneettinenlaajatestipaneeli,dna-tutkimus,verestä		N	12	12
b-farml-d		N	8	8
b-fibriinind-dimeerit	mg/l	A	29	29
b-fibriinind-dimeerit		N	12	11
b-fibriinind-dimeerit		A	12	12
b-fibriinind-dimeerit	mg/l	H	9	9
b-fibtem		N	129	100
b-fidd	mg/l	N	898	760
b-fidd	mg/l	A	525	417
b-fidd		N	73	64
b-fidd		A	102	84
b-fidd	mg/l	H	133	92
b-fidd-o	mg/l	H	208	160
b-fidd-o	mg/l	N	342	267
b-fidd-o		H	73	66
b-fidd-o	mg/l	A	64	57
b-fidd-o		N	124	109
b-fidd-pt	mg/i	N	19	19
b-fidd-pt	mg/i	A	25	24
b-fidd-pt		N	21	20
b-fidd-pt		A	21	19
b-fidd-pt	mg/l	A	61	55
b-fidd-pt	mg/l	N	14	13
b-fidd-v		A	29	29
b-fidd-vt	mg/l	N	1002	960
b-fidd-vt	mg/l	H	294	279
b-fidd-vt		A	41	33
b-fidd-vt		N	168	159
b-fidd-vt		H	15	15
b-fiddp	mg/l	H	151	143
b-fiddpik		A	24	22
b-fiddpik		N	45	45
b-fii-d		N	1796	1654
b-fosfatidyylietanoli	umol/l	A	1180	775
b-fosfatidyylietanoli		A	369	261
b-fosfatidyylietanoli		N	2235	1868
b-fosfatidyylietanoli	umol/l	N	1429	1152
b-fosfatidyylietanoli	umol/l	H	1211	699
b-fosfatidyylietanoli		H	13	11
b-fosfatidyylietanoli,verestä	umol/l	N	425	317
b-fosfatidyylietanoli,verestä		N	695	567
b-fosfatidyylietanoli,verestä	umol/l	A	744	408
b-fosfatidyylietanoli,verestä		A	51	34
b-fosfatidyylietanoli,verestä	umol/l	H	27	18
b-fosfatidyylietanoli,verestä(ko)		N	17	11
b-fosfatidyylietanoli,verestä(ko)	umol/l	N	7	6
b-fosfatidyylietanoli,verestä,peth	umol/l	N	19	16
b-fosfatidyylietanoli,verestä,peth	umol/l	A	18	14
b-fosfatidyylietanoli,verestä,peth		N	41	28
b-fosfatidyylietanolivita	umol/l	N	31	28
b-fosfatidyylietanolivita		N	69	60
b-fosfatidyylietanolivita	umol/l	A	11	9
b-fosfori,kokoveren	mmol/l	N	7	7
b-frax-d		N	67	67
b-fuus-mr		N	24	24
b-fv-d		N	1919	1772
b-fv-d		A	13	13
b-fvfii-d		N	8	7
b-gelso-d		N	6	6
b-geneseq		N	228	222
b-ghb-a1c	%	H	7751	4481
b-ghb-a1c	%	A	25273	12122
b-ghb-a1c	%	N	4567	2915
b-ghb-a1c	mmol/mol	A	1406	496
b-ghb-a1c		N	9	9
b-ghb-a1cv	mmol/mol	A	290	118
b-ghba1c	%	A	1929	1157
b-ghba1c	%	N	82	55
b-ghba1c		A	8	7
b-ghba1c-	%	H	85	34
b-ghba1c-	%	N	38	24
b-ghba1c-o		H	27	20
b-ghba1c-oma	%	H	238	63
b-ghba1c-oma	%	N	122	42
b-ghba1c/	%	N	192	95
b-ghba1c/	%	H	374	131
b-ghba1c/		H	10	9
b-ghba1c/p	%	H	437	183
b-ghba1c/p	%	N	69	56
b-ghba1c/pika	%	H	568	285
b-ghba1c/pika	%	N	151	108
b-ghba1cp	%	A	401	200
b-ghba1cp	%	N	92	76
b-ghbpika		A	118	43
b-gle1		N	9	9
b-gluk	mmol/l	A	301	133
b-gluk		N	45	39
b-gluk	mmol/l	N	86	84
b-gluk-oma		H	41	32
b-gluk-pt	mmol/l	A	33	31
b-gluk-pt		A	13	13
b-gluk-vt	mmol/l	H	38	30
b-gluk-vt	mmol/l	N	20	19
b-gluk/pi	mmol/l	N	230	162
b-gluk/pi	mmol/l	H	1181	575
b-gluk/pik	mmol/l	H	790	469
b-gluk/pik	mmol/l	N	149	130
b-gluk/pika		H	1333	817
b-gluk/pika		N	245	197
b-glukoche		N	70	51
b-happamuusaste		A	234	141
b-hb	g/l	N	1703763	305272
b-hb	g/l	A	2851936	206827
b-hb	g/l	L	1251169	107094
b-hb	g/l	LL	21896	5659
b-hb	g/l	H	94397	33486
b-hb		A	23999	4705
b-hb		N	2398	2150
b-hb	e9/l	N	327	268
b-hb	e9/l	A	192	152
b-hb		L	303	275
b-hb	g/l	AA	169	90
b-hb		AA	16	16
b-hb	e12/l	N	11	11
b-hb		H	20	20
b-hb-a1	mmol/mol	N	12	11
b-hb-a1c	%	H	12197	5989
b-hb-a1c	%	N	5953	4037
b-hb-a1c	%	A	15665	6878
b-hb-a1c	mmol/mol	A	3298	977
b-hb-a1c	mmol/mol	H	68	52
b-hb-a1c	mmol/mol	N	1624	1337
b-hb-a1c		N	73	72
b-hb-a1c		A	13	13
b-hb-a1c		L	25	24
b-hb-a1c	mmol/l	N	10	7
b-hb-a1c	%/mmol	H	13	9
b-hb-a1c	%/mmol	N	6	6
b-hb-co		A	273	178
b-hb-co	%	A	5165	2226
b-hb-co	%	N	1446	377
b-hb-co	%	H	52	33
b-hb-co.	%	A	74	30
b-hb-ef		N	40	40
b-hb-f		N	432	175
b-hb-f	%	A	87	21
b-hb-f	%	H	302	45
b-hb-f	%	N	192	55
b-hb-fr		N	81	79
b-hb-ief		N	45	44
b-hb-met	%	A	698	355
b-hb-met	%	N	1485	384
b-hb-met		A	22	22
b-hb-met	%	H	23	10
b-hb-met.	%	A	111	24
b-hb-o	g/l	L	18	16
b-hb-opik		A	25	22
b-hb-p	g/l	A	12	10
b-hb-pt	g/l	A	226	187
b-hb-pt		A	60	46
b-hb-pt		N	86	77
b-hb-pt	g/l	N	274	232
b-hb-th	g/l	L	21	17
b-hb-th	g/l	N	68	48
b-hb-vt	g/l	L	80	53
b-hb-vt	g/l	N	173	148
b-hb-vt	g/l	A	177	110
b-hb-vt	g/l	H	16	14
b-hb/pika	g/l	N	1499	993
b-hb/pika	g/l	L	838	484
b-hb/pika	g/l	H	91	76
b-hb:	g/l	A	385	156
b-hba/b-d		N	9	9
b-hba1c	mmol/mol	N	322945	164064
b-hba1c	mmol/mol	A	474130	83764
b-hba1c	mmol/mol	H	282903	60915
b-hba1c	mmol/ml	N	121	98
b-hba1c	mmol/m	N	863	803
b-hba1c	mmol/m	A	724	616
b-hba1c		N	1171	993
b-hba1c		A	1456	1035
b-hba1c	mmol/mol	L	139	100
b-hba1c		L	787	616
b-hba1c	mmol	A	438	174
b-hba1c	%	A	320	214
b-hba1c		H	296	236
b-hba1c	mmol/m	H	170	155
b-hba1c	%	H	56	28
b-hba1c	mmol/l	N	122	81
b-hba1c	mmol/ml	H	16	14
b-hba1c	%	N	21	14
b-hba1c-e	mmol/mol	H	23	12
b-hba1c-opikamittari		N	34	30
b-hba1c-p		A	25	23
b-hba1c-p	mmol/mol	A	640	231
b-hba1c-p	mmol/mol	N	8	8
b-hba1c-p	%	H	68	57
b-hba1c-p	mmol/mol	H	156	98
b-hba1c-p	%	A	62	30
b-hba1c/p	mmol/mol	N	193	95
b-hba1c/p	mmol/mol	H	373	131
b-hba1c/p		H	10	9
b-hba1c/pika	mmol/mol	H	341	150
b-hba1c/pika	mmol/mol	N	102	60
b-hba1cp	mmol/mol	A	7418	1620
b-hba1cp	%	A	1223	532
b-hba1cp	mmol/mol	N	995	458
b-hba1cp	%	N	344	246
b-hba1cp	mmol/mol	H	24	23
b-hba1cp		A	12	12
b-hba1cp		N	17	15
b-hba1cpi	mmol/mol	H	6	6
b-hba1cvt	mmol/mol	N	1645	682
b-hba1cvt	mmol/mol	A	7039	1220
b-hba1cvt	%	A	5127	634
b-hba1cvt	%	N	929	373
b-hba1cvt		A	84	59
b-hba1cvt		N	79	45
b-hba1cvt	mmol/mol	H	1049	351
b-hbf-fc	%	A	6	6
b-hbf-fc		N	64	63
b-hbf-fc	%	H	10	10
b-hbfvol		N	60	59
b-hbfvol	ml	H	10	10
b-hbhoi	g/l	A	205	152
b-hbhplc		N	74	73
b-hbp	g/l	H	277	229
b-hbp	g/l	L	703	368
b-hbp	g/l	N	928	182
b-hbpika	g/l	A	58	52
b-hbpvk	g/l	A	35	11
b-hbvt	g/l	N	9	9
b-hbvt	g/l	L	20	19
b-hcm-d		A	6	6
b-hcmmut		N	22	22
b-hco3	mmol/l	A	1583	403
b-hemat		N	42	11
b-hematokriitti	osuus	N	17	8
b-hematologisenpotilaanperuskaryotyypinmääritys		N	38	38
b-hemfuus		N	12	12
b-hemmut		N	10	10
b-hemoglobiini	g/l	A	45004	8571
b-hemoglobiini	g/l	L	10311	3135
b-hemoglobiini	g/l	N	55250	26021
b-hemoglobiini	g/l	H	1272	818
b-hemoglobiini		N	94	92
b-hemoglobiini	g/l	LL	15	12
b-hemoglobiini		A	14	12
b-hemoglobiini,pikatesti	g/l	A	17	16
b-hemoglobiini,poc-tutkimus	g/l	N	330	118
b-hemoglobiini,poc-tutkimus	g/l	L	100	32
b-hemoglobiini,poc-tutkimus	g/l	H	19	8
b-hemoglobiini,vieritutkimus	g/l	N	10	9
b-hemoglobiini,vieritutkimus	g/l	A	24	19
b-hemoglobiini-a1c	mmol/m	A	2294	1930
b-hemoglobiini-a1c	mmol/mol	N	27726	22935
b-hemoglobiini-a1c	mmol/mol	A	10316	6141
b-hemoglobiini-a1c	mmol/mol	H	8366	5782
b-hemoglobiini-a1c	mmol/m	N	168	159
b-hemoglobiini-a1c		N	32	31
b-hemoglobiini-a1c		A	10	9
b-hemoglobiini-a1c	mmol/m	H	13	12
b-hemoglobiini-a1c,(mmol/mol)pika,hoitoyksiköt	mmol/mol	H	262	138
b-hemoglobiini-a1c,glykoitunut	%	N	353	326
b-hemoglobiini-a1c,glykoitunut		N	48	48
b-hemoglobiini-a1c,glykoitunut	%	A	92	71
b-hemoglobiini-a1c,glykoitunut	mmol/mol	N	208	169
b-hemoglobiini-a1c,glykoitunut	mmol/mol	A	63	37
b-hemoglobiini-a1c,glykoitunut		A	12	12
b-hemoglobiini-a1c,glykoitunut(ko)	%	N	20	18
b-hemoglobiini-a1c,pika		A	17	10
b-hemoglobiini-a1c,verestä	mmol/mol	A	52	32
b-hemoglobiini-a1c,verestä	mmol/mol	N	32	30
b-hemoglobiini-a1c,verestä	mmol/m	A	29	22
b-hemoglobiini-a1c,verestä	mmol/m	N	26	24
b-hemoglobiinia1c,glykoitunut,pikatesti,osavastauspika-ghb-a1c	%	H	30	22
b-hemoglobiinia1c,glykoitunut,pikatesti,osavastauspika-hba1c	mmol/mol	H	30	22
b-hemoglobiinipikahoitoyksiköt	g/l	L	203	139
b-hemoglobiinipikahoitoyksiköt	g/l	A	37	29
b-hemoglobiinipikahoitoyksiköt	g/l	H	30	24
b-hemoglobiinipvk:nosana	g/l	N	325	231
b-hemoglobiinipvk:nosana	g/l	A	11	10
b-hemoglopiini	g/l	A	96	35
b-hemoglopiini	g/l	N	103	51
b-hemok-d		N	24	24
b-heparab		N	91	79
b-hepartp		N	89	72
b-hepartp	u/ml	N	46	43
b-heptem		N	50	44
b-hfe-d		N	155	154
b-hg	nmol/l	A	12	8
b-hg	nmol/l	N	11	8
b-hhv6nh		N	263	102
b-hhv6nh	u/ml	N	93	29
b-hkr	%	N	1447596	218789
b-hkr	%	L	804404	64963
b-hkr	ratio	N	492628	115340
b-hkr	ratio	A	1624302	133300
b-hkr	%	A	712031	70734
b-hkr	ratio	L	240483	26499
b-hkr	%	H	79024	28893
b-hkr	ratio	H	27446	9269
b-hkr	fl	N	3893	2958
b-hkr	fl	L	203	154
b-hkr	l/l	L	365	167
b-hkr		A	35152	6323
b-hkr		N	2543	2186
b-hkr	fl	H	136	107
b-hkr	ratio	AA	165	67
b-hkr	l/l	N	659	465
b-hkr		H	25	23
b-hkr		L	299	274
b-hkr	l/l	H	84	58
b-hkr	l/l	A	41	40
b-hkr		AA	8	8
b-hkr(erytrosyytit,tilavuusosuus)	ratio	A	10098	2331
b-hkr(erytrosyytit,tilavuusosuus)	ratio	H	301	174
b-hkr(erytrosyytit,tilavuusosuus)	ratio	L	3090	485
b-hkr(erytrosyytit,tilavuusosuus)		A	19	16
b-hkr.fol		A	32	28
b-hkr.fol	%	A	9	8
b-hkrhoi	osuus	A	6	6
b-hkrhoi		A	65	52
b-hkrp	%	N	1004	185
b-hkrp	%	L	206	40
b-hkrp	%	H	67	26
b-hla		A	72	38
b-hla-a,g-ryhmä,dna-tutkimus,ngs		N	6	6
b-hla-b,g-ryhmä,dna-tutkimus,ngs		N	6	6
b-hla-bw		N	117	117
b-hla-c,g-ryhmä,dna-tutkimus,ngs		N	6	6
b-hla-dpb1,g-ryhmä,dna-tutkimus,ngs		N	6	6
b-hla-dqb1,g-ryhmä,dna-tutkimus,ngs		N	6	6
b-hla-drb1,g-ryhmä,dna-tutkimus,ngs		N	6	6
b-hla1mun		N	142	138
b-hla1pk		N	68	67
b-hla2frk		N	33	32
b-hla2ppr		N	7	7
b-hla2prk		N	19	19
b-hlaabac		N	20	20
b-hlaad		N	358	355
b-hlaadt		N	29	29
b-hlaag		N	26	26
b-hlabd		N	369	363
b-hlabdt		N	29	29
b-hlabg		N	26	26
b-hlacdt		N	30	30
b-hlacg		N	24	24
b-hladpb1g		N	24	24
b-hladpbd		N	29	29
b-hladqb1g		N	24	24
b-hladqbd		N	30	30
b-hladrb1g		N	25	25
b-hladrbd		N	346	343
b-hladrld		N	25	25
b-hlakeli		A	260	259
b-hlakeli		N	100	98
b-hlamaks		N	106	104
b-hlanark		N	11	11
b-hlareu		N	7	7
b-hlasyke		N	96	92
b-hlatrb		N	65	53
b-hlax-o		N	8	8
b-hnpcy-d		N	45	45
b-hunt-d		N	10	9
b-hyytymistekijävgeeni,dna-tutkimus		N	12	11
b-igshm		N	65	65
b-inhibit	%	A	9	9
b-inr-pik	inr	N	748	708
b-inr-pik	inr	L	229	224
b-inr-pik	inr	A	11	11
b-inr-pt	inr	A	26	23
b-inr-vt		A	295	49
b-inr-vt		H	13	9
b-inrpika	inr	A	3044	56
b-intem		N	131	102
b-jak2-d		N	733	723
b-jak2-geeninmutaatioanalyysiverestä		N	25	25
b-jcv		A	9	7
b-jcv-ab,tutkimusnäyte		N	9	9
b-jcvab		A	9	8
b-jcvind		A	8	6
b-jk-a		A	6	6
b-k	mmol/l	A	11572	3465
b-k		A	1887	534
b-k(pika)	mmol/l	N	26	24
b-k-pt		N	93	79
b-k-pt	mmol/l	N	418	343
b-k-pt	mmol/l	A	60	54
b-k-pt		A	20	18
b-k-v		A	18	15
b-k-v	mmol/l	A	18	17
b-k-vt	mmol/l	N	139	108
b-kalium	mmol/l	A	1887	715
b-kalium	mmol/l	N	1255	380
b-kalium	mmol/l	L	160	73
b-kalium	mmol/l	H	202	78
b-kalium,kokoveren	mmol/l	N	7	7
b-kalium,pikatesti,veri	mmol/l	A	14	14
b-kdiffi,b-baso	e9/l	N	462	59
b-kdiffi,b-eos	e9/l	N	253	53
b-kdiffi,b-eos	e9/l	H	29	11
b-kdiffi,b-eos	e9/l	L	184	6
b-kdiffi,b-lymf	e9/l	N	401	50
b-kdiffi,b-lymf	e9/l	L	64	11
b-kdiffi,b-monos	e9/l	H	77	15
b-kdiffi,b-monos	e9/l	N	387	49
b-kdiffi,b-neut	e9/l	N	408	46
b-kdiffi,b-neut	e9/l	H	46	19
b-kdiffi,baso	%	N	453	59
b-kdiffi,baso	%	H	16	6
b-kdiffi,eos	%	N	233	45
b-kdiffi,eos	%	L	227	21
b-kdiffi,eos	%	H	9	7
b-kdiffi,lymf	%	N	423	49
b-kdiffi,lymf	%	L	45	20
b-kdiffi,mono	%	H	30	13
b-kdiffi,mono	%	N	439	52
b-kdiffi,neut	%	N	421	49
b-kdiffi,neut	%	H	43	18
b-kefabat	%	N	8	8
b-kel-k		A	7	6
b-keljkfy		N	35	35
b-keto		N	8	6
b-keton-sn	mmol/l	N	10	8
b-ketoniaineet(pikatesti)sormenpääverestä		N	24	21
b-kim-fd		N	767	112
b-klebsiellapneumoniaegroup		A	8	7
b-kllfish		N	84	80
b-kloridi	mmol/l	A	2134	567
b-kloridi	mmol/l	N	992	323
b-kloridi	mmol/l	H	167	60
b-kloridi	mmol/l	L	315	74
b-kml-qr		N	550	89
b-ko/adp1	s	H	100	85
b-ko/adp1	s	A	183	138
b-ko/adp1	s	N	114	105
b-ko/adp1		A	34	26
b-ko/adp1		N	8	6
b-ko/adp1		H	17	15
b-ko/adp2	s	H	94	81
b-ko/adp2	s	A	190	146
b-ko/adp2	s	N	114	104
b-ko/adp2		A	30	21
b-ko/adp2		N	9	7
b-ko/adp2		H	22	19
b-ko/adp3	s	A	24	23
b-ko/adp3	s	H	7	7
b-ko/epi1	s	N	135	124
b-ko/epi1	s	H	59	53
b-ko/epi1	s	A	142	113
b-ko/epi1		A	66	51
b-ko/epi1		H	30	25
b-ko/epi1	s	L	10	10
b-ko/epi1		N	8	6
b-ko/epi2	s	N	130	124
b-ko/epi2	s	A	129	102
b-ko/epi2	s	L	14	14
b-ko/epi2		A	65	51
b-ko/epi2	s	H	65	57
b-ko/epi2		N	8	6
b-ko/epi2		H	26	22
b-ko/epi3	s	A	37	34
b-ko/epi3	s	H	11	10
b-koboltti	ug/l	A	99	65
b-konediffi,5-osanen,osavastausb-baso	e9/l	N	154	30
b-konediffi,5-osanen,osavastausb-eos	e9/l	N	83	22
b-konediffi,5-osanen,osavastausb-lymf	e9/l	N	138	27
b-konediffi,5-osanen,osavastausb-lymf	e9/l	L	13	6
b-konediffi,5-osanen,osavastausb-monos	e9/l	N	124	25
b-konediffi,5-osanen,osavastausb-monos	e9/l	H	29	10
b-konediffi,5-osanen,osavastausb-neut	e9/l	N	126	24
b-konediffi,5-osanen,osavastausb-neut	e9/l	H	23	8
b-konediffi,5-osanen,osavastausbaso	%	N	153	30
b-konediffi,5-osanen,osavastauseos	%	N	73	20
b-konediffi,5-osanen,osavastauseos	%	H	8	6
b-konediffi,5-osanen,osavastauseos	%	L	76	9
b-konediffi,5-osanen,osavastauslymf	%	N	137	28
b-konediffi,5-osanen,osavastauslymf	%	L	16	7
b-konediffi,5-osanen,osavastausmono	%	N	144	27
b-konediffi,5-osanen,osavastausmono	%	H	14	8
b-konediffi,5-osanen,osavastausneut	%	N	136	28
b-konediffi,5-osanen,osavastausneut	%	H	17	9
b-kopoltti		A	18	16
b-kras-fd		N	14	11
b-krea		A	164	120
b-krea(pika)	umol/l	H	8	8
b-krea(pika)	umol/l	N	16	15
b-krea-pt		N	78	70
b-krea-pt	umol/l	N	275	242
b-krea-pt	umol/l	A	269	216
b-krea-pt		A	46	36
b-krea-vt	mmol/l	H	49	37
b-krea-vt	mmol/l	N	93	76
b-krea-vt	mmol/l	L	13	11
b-kreases	umol/l	A	241	79
b-kreatiniini	umol/l	A	10	9
b-kreatiniini	umol/l	N	11	11
b-kreatiniini,pikatesti,veri	umol/l	A	76	67
b-kromhem		N	35	34
b-kromi	ug/l	A	235	192
b-kromi		A	20	18
b-kromi	ug/l	N	36	36
b-kromi		N	44	44
b-kromikobolttititaani		N	89	89
b-kromos		N	397	394
b-la	mm/h	N	269284	127363
b-la	mm/h	A	198368	61844
b-la	mm/h	H	75293	33002
b-la		N	1233	1153
b-la		H	40	33
b-la	mmol	A	126	41
b-la		A	1627	934
b-la	mm	N	49	37
b-la		L	56	54
b-la	mm/h	AA	61	38
b-la	mmol	N	12	12
b-la	form	H	7	7
b-lakt-d		N	4728	4573
b-lakt-d		A	105	105
b-laktaat		A	9	8
b-laktaat	mmol/l	A	57	46
b-laktaat	mmol/l	N	7	6
b-laktaatti,päivystystutkimus	mmol/l	A	2441	976
b-laktaatti,päivystystutkimus	mmol/l	N	1349	514
b-laktaatti,päivystystutkimus	mmol/l	H	448	184
b-laktaatti,päivystystutkimus	mmol/l	L	30	16
b-laktaatti,vierilaitteella	mmol/l	N	7	7
b-laktaatti,vieritutkimus	mmol/l	N	21	11
b-lakteh	mmol/l	A	122	48
b-laktevt		A	172	131
b-laktevt	mmol/l	N	32	16
b-laktevt	mmol/l	A	138	96
b-laktoosi-intoleranssi,dna-tutkimus		N	53	51
b-laktteh		A	2389	686
b-laktteh	mmol/l	A	14753	3977
b-lap	mm/h	H	234	196
b-lasko	mm/h	A	1845	995
b-lasko	mm/h	H	1063	742
b-lasko	mm/h	N	3705	3031
b-lasko		N	19	18
b-lcd34	e9/l	N	180	117
b-lcd34		N	11	8
b-ldlre-4		N	7	7
b-ldlre-d		N	176	167
b-ldlre-d		A	21	21
b-leuc	e9/l	A	1251	390
b-leuc	e9/l	H	101	85
b-leuc-v		A	524	360
b-leuk	e9/l	N	1775244	290500
b-leuk	e9/l	A	2412478	267977
b-leuk	e9/l	H	1046445	162019
b-leuk		A	22648	6270
b-leuk	e9/l	L	106401	21511
b-leuk	e9/l	LL	4731	502
b-leuk		N	2122	1915
b-leuk	e9/l	HH	1195	198
b-leuk		H	72	72
b-leuk	g/l	N	254	239
b-leuk		L	214	197
b-leuk	e9/l	AA	373	203
b-leuk	g/l	A	66	55
b-leuk		AA	16	16
b-leuk-o		A	31	30
b-leuk-pt		A	101	89
b-leuk-pt		N	115	94
b-leuk-pt	e9/l	A	280	242
b-leuk-pt	e9/l	N	319	278
b-leuk-vt	e9/l	N	656	615
b-leuk-vt	e9/l	H	430	394
b-leuk-vt	e9/l	A	465	271
b-leuk-vt		N	205	76
b-leuk-vt		A	171	84
b-leuk-vt	e9/l	L	21	21
b-leukdiffpikanäyte	e9/l	N	13	12
b-leukos	e9/l	N	35	26
b-leukosyytit	e9/l	N	41860	19622
b-leukosyytit	e9/l	A	108736	30715
b-leukosyytit	e9/l	H	15742	4107
b-leukosyytit	e9/l	L	1957	489
b-leukosyytit	e9/l	AA	29	20
b-leukosyytit		N	87	83
b-leukosyytit		A	42	26
b-leukosyytit,erittelylaskenta		N	2302	1330
b-leukosyytit,erittelylaskenta(ko)		N	89	57
b-leukosyytit,erittelylaskenta(mikrosk.)		N	2228	1506
b-leukosyytit,erittelylaskenta,koneellinen		N	180	160
b-leukosyytit,erittelylaskenta,mikroskooppi		N	17	11
b-leukosyytit,erittelylaskenta,mikroskopointi		N	16	15
b-leukosyytit,poc-tutkimus	e9/l	N	319	116
b-leukosyytit,poc-tutkimus	e9/l	H	123	48
b-leukosyytit,vieritutkimus		A	20	14
b-leukosyytit,vieritutkimus		N	18	15
b-leukosyytiterittelylaskenta(osatutkimus)		N	15	12
b-leukosyytiterittelylaskenta,koneellinen		N	82	65
b-leukosyytit␤	e9/l	N	696	417
b-leukosyytit␤	e9/l	A	328	144
b-leukosyyttienerittelylaskenta		N	10	9
b-leukosyyttienerittelylaskenta,(mikrosk.)		N	13	10
b-leukosyyttienerittelylaskenta,tarkistettumikroskoopissa		N	189	128
b-leukp	e9/l	H	2476	1729
b-leukp	e9/l	N	893	174
b-leukp	e9/l	L	99	76
b-leukp		H	14	13
b-leukp		L	7	7
b-leukppi	e9/l	H	12	12
b-leukpä	e9/l	N	51	40
b-leukpä	e9/l	H	53	44
b-leukvt	e9/l	H	189	147
b-leukvt	e9/l	N	323	242
b-leukvt	e9/l	L	24	24
b-leupika	e9/l	A	55	53
b-liuskat	e9/l	A	6391	2798
b-liuskat		A	16	16
b-lmark		N	75	71
b-lqty-d		N	13	13
b-lt	e9/l	N	673	348
b-lt	e9/l	A	65	38
b-lt	e9/l	H	70	41
b-lt	e9/l	L	26	17
b-ly	e9/l	A	185464	45597
b-ly	e9/l	L	112242	28032
b-ly	e9/l	N	260351	71669
b-ly	%	L	2033	1592
b-ly	%	N	2142	975
b-ly	e9/l	H	16209	5750
b-ly		A	1079	616
b-ly		N	1273	460
b-ly	%	H	1378	1045
b-ly	%	A	772	290
b-ly		L	107	65
b-ly-s		N	44	26
b-lyabs	e9/l	N	73	67
b-lyabs	e9/l	A	7	7
b-lydiff		N	13	9
b-lydiff-t		N	738	416
b-lydikll		N	265	226
b-lym	e9/l	A	767	308
b-lym	%	A	807	369
b-lym		A	13	8
b-lymf	e9/l	A	55247	15593
b-lymf	e9/l	L	15321	5487
b-lymf	e9/l	N	13286	7601
b-lymf	e9/l	H	3879	1594
b-lymf	%	A	596	155
b-lymf		N	29	24
b-lymf		A	58	44
b-lymf		L	11	11
b-lymf-m		A	6	6
b-lymf-m	%	A	61	31
b-lymfo		A	87	53
b-lymfo	e9/l	A	10	10
b-lymfos	e9/l	A	7648	3325
b-lymfosy	e9/l	L	964	827
b-lymfosy	e9/l	H	221	182
b-lymfosy		A	8	6
b-lymfosyytit	e9/l	A	9956	4351
b-lymfosyytit	e9/l	N	5202	3650
b-lymfosyytit	%	N	497	227
b-lymfosyytit		N	45	45
b-lymfosyytit	e9/l	L	185	128
b-lymfosyytit	e9/l	H	8	6
b-lymfosyytit	%	L	22	6
b-lymfosyytit		A	7	7
b-lymfosyytit(cd19)		N	18	14
b-lymfosyytit,3-osa	e9/l	N	1722	1513
b-lymfosyytit,3-osa	e9/l	H	29	26
b-lymfosyytit,3-osa	e9/l	L	286	238
b-lymfosyytit,abs	e9/l	N	2198	1939
b-lymfosyytit,abs	e9/l	H	138	98
b-lymfosyytit,abs	e9/l	L	405	344
b-lymfosyytit,absoluuttiset		N	10	7
b-lymfosyytit,absoluuttiset	e9/l	N	10	8
b-lymfosyytit,auttajasolujenosuus	%	A	24	10
b-lymfosyytit,b-cd19-solut		A	105	55
b-lymfosyytit,b-cd19-solut	e6/l	A	82	64
b-lymfosyytit,b-cd19-solut	e6/l	N	15	14
b-lymfosyytit,b-cd19-solut	e6/l	L	8	8
b-lymfosyytit,b-cd19-solut		L	7	7
b-lymfosyytit,b-solujenmäärä	e9/l	A	18	9
b-lymfosyytit,lukumäärä	e9/l	H	57	25
b-lymfosyytit,lukumäärä	e9/l	L	48	25
b-lymfosyytit,lukumäärä		A	35	22
b-lymfosyytit,t-auttajasolujenmäärä	e9/l	A	27	14
b-lymfosyytit,t-auttajasolujenosuus	%	A	39	25
b-lymfosyytit,t-cd3-solut	e6/l	A	82	58
b-lymfosyytit,t-cd3-solut	e6/l	N	21	20
b-lymfosyytit,t-cd3-solut	e6/l	L	9	9
b-lymfosyytit,t-cd4-solut	e6/l	A	124	82
b-lymfosyytit,t-cd4-solut	e6/l	N	23	22
b-lymfosyytit,t-cd4-solut	e6/l	L	18	18
b-lymfosyytit,t-cd8-solut	e6/l	A	71	56
b-lymfosyytit,t-cd8-solut	e6/l	N	28	27
b-lymfosyytitsuhde	%	N	320	290
b-lymfosyytitsuhde	%	H	27	23
b-lymfosyytitsuhde	%	L	54	51
b-lymfosyytit␤	e9/l	A	1755	746
b-lymfosyyttienimmunofenotyypitys,suppea		N	240	163
b-lyp	%	H	22	21
b-lyp	%	L	18	18
b-lytbifn		N	377	339
b-ly␤	e9/l	A	64	21
b-ly␤mf	e9/l	A	134	32
b-ly␤mf		A	61	13
b-lääk-hu		N	72	53
b-magnesium,kokoveren	mmol/l	N	9	9
b-mcv	fl	L	35	23
b-mcv	fl	H	28	20
b-mdc		N	16	13
b-melas-d		N	9	9
b-mito		N	12	12
b-mito,osatutkimus		N	29	26
b-mito.		N	2342	2162
b-mkexom		N	10	10
b-mksyn		N	92	92
b-mksyn		A	9	9
b-mkvan		N	150	150
b-mn	umol/l	N	325	259
b-mnckryo		N	8	7
b-modymut		N	7	7
b-molbiol		N	30	17
b-mon	e9/l	N	601	308
b-mon	e9/l	H	113	72
b-mon	e9/l	A	89	48
b-mono	e9/l	N	12083	2639
b-mono	e9/l	A	10880	3675
b-mono	e9/l	H	736	288
b-mono	%	A	625	299
b-mono	e9/l	L	18	12
b-mono		N	19	17
b-monos	e9/l	A	161712	50266
b-monos	e9/l	H	90319	30945
b-monos	e9/l	N	300109	79772
b-monos	%	H	3949	2926
b-monos	%	N	1079	693
b-monos	e9/l	L	7980	3433
b-monos		N	1405	534
b-monos		A	1019	610
b-monos		L	121	75
b-monos	%	A	123	45
b-monos		H	6	6
b-monos	%	L	13	10
b-monosabs	e9/l	N	76	69
b-monosyytit	e9/l	A	5909	3099
b-monosyytit	e9/l	N	3313	2347
b-monosyytit	%	N	54	47
b-monosyytit		N	36	36
b-monosyytit	e9/l	H	71	56
b-monosyytit,absoluuttiset	%	N	9	6
b-monosyytit,absoluuttiset		N	10	7
b-monosyytit,absoluuttiset	e9/l	N	10	10
b-monosyytitabsoluuttinenmäärä		N	14	14
b-monosyytitsuhde	%	N	353	306
b-monosyytitsuhde	%	H	40	38
b-monosyytit␤	e9/l	A	1987	840
b-monosyytti	e9/l	N	73	30
b-monosyytti	%	N	73	30
b-monos␤	e9/l	A	157	56
b-monos␤		A	71	9
b-morfo		N	677	637
b-morfo		A	30	30
b-mpadp	u	A	653	523
b-mpadp		A	13	13
b-mpadphs	u	A	65	57
b-mpaspi	u	A	50	47
b-multiplateadp		A	120	110
b-multiplateadp		N	33	33
b-muubat		N	60	39
b-muubat	%	N	60	30
b-muut	e9/l	N	3089	2107
b-mxa	ug/l	N	20	18
b-mxa		N	11	10
b-mxd	%	N	411	170
b-mxdp	%	H	45	38
b-mycobacteriumtuberculosis-herkistyneetsolut,gammainterferoni,eritys	iu/ml	N	312	295
b-mycobacteriumtuberculosis-herkistyneetsolut,gammainterferoni,eritys	iu/ml	A	13	12
b-mycobacteriumtuberculosis-herkistyneetsolut,gammainterferoni,eritys,igra,b-mycobacteriumtuberculosis-herkistyneetsolutb-mykobacteriumtuberkulosis-herkistyneetsolut	iu/ml	H	10	9
b-myelmut		N	269	235
b-myogl-v		A	74	44
b-na	mmol/l	A	23093	4736
b-na		A	3103	714
b-na(pika)	mmol/l	N	20	20
b-na-pt		N	82	70
b-na-pt	mmol/l	N	353	295
b-na-pt	mmol/l	A	128	102
b-na-pt		A	29	24
b-na-v	mmol/l	A	81	58
b-na-vt	mmol/l	N	111	92
b-na-vt	mmol/l	L	35	27
b-nakkrea(na,k,krea),vieritesti		N	13	13
b-napika	mmol/l	L	34	19
b-natrium	mmol/l	A	3600	1054
b-natrium	mmol/l	N	832	292
b-natrium	mmol/l	H	70	25
b-natrium	mmol/l	L	715	206
b-natrium,pikatesti,veri	mmol/l	A	40	36
b-neu	%	A	360	160
b-neu	e9/l	A	531	273
b-neut	e9/l	A	358415	78123
b-neut	e9/l	H	121979	37359
b-neut	e9/l	N	527545	100360
b-neut	%	N	2793	1161
b-neut	e9/l	L	55346	11563
b-neut	e9/l	LL	5278	1339
b-neut		N	3098	1082
b-neut		LL	1290	246
b-neut		A	8148	2020
b-neut	%	L	1442	1069
b-neut	%	A	497	266
b-neut	%	H	437	372
b-neut		L	874	226
b-neut		H	6	6
b-neut(689b-neut),osatutkimus	e9/l	N	12	10
b-neut,osatutkimus(689b-neut)	e9/l	N	102	87
b-neut,osatutkimus(689b-neut)	e9/l	A	12	12
b-neut,osatutkimus(b-neut)	e9/l	N	71	59
b-neut,osatutkimus(b-neut)	e9/l	A	11	10
b-neutab	e9/l	H	9	8
b-neutabs	e9/l	A	561	158
b-neutabs	e9/l	N	78	71
b-neutp	%	L	14	14
b-neutr	e9/l	A	4456	2295
b-neutr	%	A	308	103
b-neutr	e9/l	N	107	88
b-neutr	%	N	58	30
b-neutrof	e9/l	H	1100	968
b-neutrof	e9/l	A	440	173
b-neutrof		A	23	19
b-neutrof	e9/l	L	92	81
b-neutrofiili,erillistutkimuksena	e9/l	N	18254	3564
b-neutrofiili,erillistutkimuksena	e9/l	A	8529	2431
b-neutrofiili,erillistutkimuksena		N	89	57
b-neutrofiilit	e9/l	A	14066	5492
b-neutrofiilit	e9/l	N	9911	5807
b-neutrofiilit	%	N	813	521
b-neutrofiilit	%	L	23	20
b-neutrofiilit	e9/l	H	1107	657
b-neutrofiilit		N	188	127
b-neutrofiilit		A	323	157
b-neutrofiilit	e9/l	L	365	168
b-neutrofiilit	e9/l	LL	7	6
b-neutrofiilit,3-osa	e9/l	N	1746	1513
b-neutrofiilit,3-osa	e9/l	H	268	249
b-neutrofiilit,3-osa	e9/l	L	22	17
b-neutrofiilit,absoluuttiset		N	9	6
b-neutrofiilit,absoluuttiset	e9/l	N	14	11
b-neutrofiilit,b-diffiosatutkimus	e9/l	A	142	108
b-neutrofiilit,b-diffiosatutkimus	e9/l	N	339	231
b-neutrofiilit,b-diffiosatutkimus2225diffi	e9/l	N	29	25
b-neutrofiilit,diffinosatutkimus	e9/l	N	15	15
b-neutrofiilit,erillistutkimuksena	e9/l	N	729	296
b-neutrofiilit,erillistutkimuksena	e9/l	A	257	150
b-neutrofiilit,erillistutkimuksena		A	76	30
b-neutrofiilit,kiireellinentutkimus	e9/l	A	53	30
b-neutrofiilit,lukumäärä	e9/l	H	388	182
b-neutrofiilit,lukumäärä	e9/l	L	119	47
b-neutrofiilit,lukumäärä	e9/l	A	123	86
b-neutrofiilit,lukumäärä	e9/l	N	21	21
b-neutrofiilit-absact5diffillä	e9/l	N	178	80
b-neutrofiilitabsoluuttinenarvo	e9/l	N	98	69
b-neutrofiilitabsoluuttinenarvo	e9/l	A	34	18
b-neutrofiiliterillistutkimuksena	e9/l	N	269	104
b-neutrofiiliterillistutkimuksena	e9/l	A	108	39
b-neutrofiilitsuhde	%	N	8	8
b-neut␤	e9/l	A	134	45
b-neut␤		A	36	8
b-neuvolanäytteetspr:lle		N	32	31
b-neuvspr		N	252	173
b-ngsmmt2		N	9	9
b-nil		N	2354	2174
b-nil,osatutkimus		N	29	26
b-niptdel		N	10	10
b-nipttri		N	360	333
b-nk	e6/l	A	1392	727
b-nk	e6/l	N	479	287
b-nk	e9/l	A	216	124
b-nk	e9/l	N	747	441
b-nk		A	70	58
b-nk	e9/l	H	11	10
b-nk	e9/l	L	91	74
b-nk		N	10	10
b-nk	e6/l	L	10	9
b-nk,nk-solut	e9/l	N	68	52
b-nk,nk-solut	e9/l	A	21	17
b-non-invasiivinenprenataalitutkimus,seulonta		N	142	141
b-non-invasiivinenprenataalitutkimus,seulonta		A	19	15
b-nphs1-d		N	6	6
b-npm1-qr		N	18	7
b-nrbc		N	44	22
b-nsmb	%	N	15	15
b-ntprobnp	ng/l	A	798	384
b-ntprobnp		A	314	166
b-ohbuhoi	mmol/l	A	9	8
b-ohbuhoi		A	15	9
b-ohbutm		A	22	17
b-ohbutm	mmol/l	H	46	24
b-ohbutm	mmol/l	A	218	102
b-ohbutm	mmol/l	N	22	15
b-ohbutm		N	12	11
b-ohbutvt	mmol/l	A	43	26
b-ohbutyr		N	8	7
b-ohbutyr	mmol/l	A	71	47
b-ohbutyr		A	12	11
b-ohbutyr	mmol/l	N	6	6
b-pahanlaatuisenveritaudinimmunofenotyypitys		N	28	27
b-panel-l		N	77	74
b-panel-m		N	72	72
b-panel-s		N	538	531
b-paroksysmaalinennokturnaalinenhemoglobinuriatutkimusleukosyyteistä		N	7	7
b-paxgenp		N	96	40
b-pb	umol/l	H	51	37
b-pb		N	58	56
b-pb	umol/l	N	37	26
b-pb	ug/l	N	17	14
b-pb	umol/l	A	17	16
b-pb		A	8	8
b-pbnp-pt	ng/l	A	6	6
b-pco2	kpa	A	12569	3870
b-pco2		A	249	145
b-pcr-kim		N	233	66
b-pdc		N	16	13
b-perklet		N	25	24
b-perklet	umol/l	N	20	17
b-perusverenkuva		N	1163	818
b-perusverenkuva(leuk,eryt,hb,trom,indeksit)		N	34	30
b-perusverenkuva+trombosyytit		N	15852	6382
b-perusverenkuva,leukosyyttienerittelylaskenta,koneellinen		N	24	21
b-perusverenkuva,paketti(erytrosyytit,hb,hematokriitti,mcv,mch,mchc,leukosyytit)		N	27	26
b-perusverenkuva,trombosyytitjakonediffi		N	24	24
b-perusverenkuva,trombosyytitjaneutrofiilit		N	11	11
b-perusverenkuvajatrombosyytit		N	2657	1846
b-perusverenkuvajatrombosyytit	form	N	17	10
b-perusverenkuvajatrombosyytit(lks),osatutkimus		N	180	80
b-perusverenkuvajatrombosyytit,osatutk.		N	2730	1230
b-perusverenkuvajatrombosyytit,paketti		N	43	41
b-perusverenkuvajatrombosyytit,paketti	form	N	7	7
b-peruverenkuva,trombosyytitjaeosinofiinit		N	9	9
b-peth	mg/l	A	4811	2760
b-peth	mg/l	N	3731	2810
b-peth		N	7221	5380
b-peth	mg/l	H	4512	2633
b-peth		A	89	82
b-peth		H	67	64
b-peth,fosfatidyylietanoli		N	53	52
b-peth,fosfatidyylietanoli	umol/l	N	33	28
b-peth,fosfatidyylietanoli	umol/l	A	14	12
b-pgx-d		N	1448	1401
b-ph	ph	A	14540	5388
b-pikacrp	mg/l	H	2123	921
b-pikacrp		N	1200	715
b-pikacrp	mg/l	N	582	382
b-pikacrp		H	28	26
b-plas-o		N	132	66
b-plas-o	ml/min/173m2	N	33	32
b-plas-o	ml/min/173m2	A	20	15
b-pnh-la		N	153	122
b-po2	kpa	A	27366	7803
b-po2		A	524	297
b-pporf	nmol/l	A	27	7
b-probnp		N	99	81
b-probnp	ng/l	N	297	204
b-probnp	ng/l	A	842	317
b-probnp		A	36	25
b-probnp-o		A	16	8
b-probnp-o	ng/l	H	13	12
b-probnp-o	ng/l	N	59	43
b-probnp-o		N	9	7
b-probnpo	ng/l	A	28	25
b-protrombiinigeeni,dna-tutkimus		N	12	11
b-pseudtr		N	72	65
b-pvk		N	27810	6926
b-pvk	paketti	N	256	115
b-pvk		A	22	15
b-pvk	fl	L	6	6
b-pvk	fl	H	8	6
b-pvk	form	N	6	6
b-pvk	g/l	L	14	8
b-pvk	e9/l	H	24	17
b-pvk	%	N	59	47
b-pvk	g/l	H	14	12
b-pvk	e12/l	H	9	8
b-pvk	%	H	51	39
b-pvk(pi)		N	994	596
b-pvk+t		N	238244	85327
b-pvk+t		A	51135	7922
b-pvk+t	%	N	10028	5569
b-pvk+t	pg	H	292	111
b-pvk+t	%	H	241	156
b-pvk+t	e9/l	N	2269	1615
b-pvk+t	%	A	72	58
b-pvk+t	pg	N	445	309
b-pvk+t	g/l	N	423	297
b-pvk+t	form	N	304	213
b-pvk+t	paketti	N	269	242
b-pvk+t	%l	L	25	19
b-pvk+t	%	L	191	121
b-pvk+t	g/l	L	191	130
b-pvk+t	e9/l	H	374	218
b-pvk+t	e9/l	L	88	57
b-pvk+t	pg	L	51	32
b-pvk+t	g/l	H	51	42
b-pvk+t		L	16	16
b-pvk+t	%l	H	7	7
b-pvk+t+e		N	85	83
b-pvk+t+n		N	211	28
b-pvk+t+r		N	172	157
b-pvk+t,osatutkimus		N	841	269
b-pvk+t,osatutkimus2474		N	544	170
b-pvk+tkd		N	4917	3308
b-pvk+tkd		A	14	12
b-pvk+tkd	%	L	28	28
b-pvk+tkd,baso	%	H	290	107
b-pvk+tkd,baso	e9/l	N	4218	570
b-pvk+tkd,baso	%	N	4097	557
b-pvk+tkd,baso	e9/l	H	127	47
b-pvk+tkd,eo	%	N	3127	509
b-pvk+tkd,eo	e9/l	N	3681	547
b-pvk+tkd,eo	%	L	873	208
b-pvk+tkd,eo	%	H	389	124
b-pvk+tkd,eo	e9/l	H	382	119
b-pvk+tkd,eo	e9/l	L	292	44
b-pvk+tkd,eryt	e12/l	N	3388	542
b-pvk+tkd,eryt	e12/l	H	127	40
b-pvk+tkd,eryt	e12/l	L	917	143
b-pvk+tkd,hb	g/l	N	3118	540
b-pvk+tkd,hb	g/l	H	137	42
b-pvk+tkd,hb	g/l	L	1176	144
b-pvk+tkd,hkr	ratio	N	3396	550
b-pvk+tkd,hkr	ratio	L	918	136
b-pvk+tkd,hkr	ratio	H	116	29
b-pvk+tkd,leuk	e9/l	N	3025	516
b-pvk+tkd,leuk	e9/l	H	1358	252
b-pvk+tkd,leuk	e9/l	L	58	27
b-pvk+tkd,lymph	%	N	3535	532
b-pvk+tkd,lymph	e9/l	N	3501	535
b-pvk+tkd,lymph	%	L	788	196
b-pvk+tkd,lymph	e9/l	L	662	157
b-pvk+tkd,lymph	e9/l	H	203	61
b-pvk+tkd,lymph	%	H	79	40
b-pvk+tkd,lymph		L	10	7
b-pvk+tkd,mch	pg	N	4004	557
b-pvk+tkd,mch	pg	L	265	52
b-pvk+tkd,mch	pg	H	158	43
b-pvk+tkd,mchc	g/l	N	3651	549
b-pvk+tkd,mchc	g/l	L	608	90
b-pvk+tkd,mchc	g/l	H	163	84
b-pvk+tkd,mcv	fl	N	4012	549
b-pvk+tkd,mcv	fl	L	231	66
b-pvk+tkd,mcv	fl	H	189	34
b-pvk+tkd,mono	%	N	3640	532
b-pvk+tkd,mono	e9/l	N	3167	523
b-pvk+tkd,mono	e9/l	H	1187	229
b-pvk+tkd,mono	%	H	716	189
b-pvk+tkd,mono	%	L	41	30
b-pvk+tkd,mono	e9/l	L	10	8
b-pvk+tkd,mono		H	8	6
b-pvk+tkd,neut	e9/l	N	3534	542
b-pvk+tkd,neut	%	N	3684	540
b-pvk+tkd,neut	e9/l	H	733	174
b-pvk+tkd,neut	%	H	611	177
b-pvk+tkd,neut	%	L	112	55
b-pvk+tkd,neut	e9/l	L	106	48
b-pvk+tkd,rdw	%	N	2996	530
b-pvk+tkd,rdw	%	H	1301	158
b-pvk+tkd,rdw		H	8	8
b-pvk+tkd,trom	eg/l	N	3610	543
b-pvk+tkd,trom	eg/l	H	521	112
b-pvk+tkd,trom	eg/l	L	282	64
b-pvk+tmd		N	5010	2595
b-pvk+tmd	%	L	8	8
b-pvk+tmd	%	H	12	10
b-pvkt		A	46	25
b-pyruv	umol/l	A	228	166
b-pyruv	umol/l	H	24	18
b-pyruv		A	9	9
b-qr-crp	mg/l	H	28	25
b-raskaudenaikainenbiopankkinäyte		N	7	7
b-raskaudenaikainendna-biopankkinäyte		N	7	7
b-rchr	pg	A	7	7
b-rdw	%	N	788	683
b-rdw	%	A	22	19
b-ret-d		N	7	7
b-rethe	pg	A	1401	672
b-rethe	pg	N	162	146
b-rethe		A	106	94
b-rethe		N	16	14
b-retik	e9/l	A	14415	6022
b-retik	e9/l	N	21338	11729
b-retik	e9/l	L	1260	722
b-retik	e9/l	H	5871	2783
b-retik		N	296	162
b-retik		A	97	38
b-retik	%	N	33	25
b-retikulos.hb-ekvivalentti␤	pg	A	474	210
b-retikulosyytit	e9/l	H	50	47
b-retikulosyytit	e9/l	N	417	380
b-retikulosyytit	e9/l	A	422	243
b-retikulosyytit,perusverenkuvajatrombosyytit		N	77	72
b-retind	%	N	165	145
b-retind		N	18	17
b-retlnd	osuus	N	70	58
b-retlnd		N	26	18
b-rhce-c		A	10	6
b-rhce-e		A	7	6
b-rhd-d		A	6	6
b-ristaus		N	2802	1415
b-ristoh	auc	A	8	8
b-rotem		N	47	41
b-rte-abs	e9/l	N	11	11
b-saurnho		A	8	6
b-sekvy-d		N	417	413
b-seleenikokoveren	umol/l	N	8	8
b-sferos		N	8	7
b-shba1c	mmol/mol	A	6	6
b-sienvi		N	29	17
b-sikiönrhd-veriryhmäsuojaustavarten		A	37	35
b-sikiönrhd-veriryhmäsuojaustavarten		N	23	23
b-sikiörh		N	647	574
b-sikiörh		A	717	601
b-sikiörh-veriryhmäsuojaustavarten		N	8	8
b-siroms	ug/l	N	848	63
b-siroms		N	38	17
b-slco1b1		N	150	150
b-smb	%	N	15	15
b-smb-fc		N	29	23
b-solujenosuus	%	A	475	254
b-solujenosuus	%	N	237	156
b-soluvi		N	11	11
b-sopnäyt		N	293	136
b-sr	mm/h	N	17	16
b-staphylococcusaureus		A	27	22
b-staphylococcusepidermidis		A	7	7
b-streck		N	89	29
b-strenho		A	6	6
b-streptococcussp.		A	18	16
b-suuretvärjäytymättömätsolut	e9/l	N	169	152
b-t-cd3	e6/l	A	410	236
b-t-cd3	e9/l	N	697	402
b-t-cd3	e9/l	A	377	206
b-t-cd3	e9/l	L	112	91
b-t-cd3	e9/l	H	57	47
b-t-cd3		A	50	42
b-t-cd3		N	8	8
b-t-cd3,t-solut	e9/l	A	27	22
b-t-cd3,t-solut	e9/l	N	63	49
b-t-cd3,t-solut	e9/l	H	8	6
b-t-cd3,t-solut	e9/l	L	7	6
b-t-cd4	e9/l	L	531	292
b-t-cd4	e9/l	A	1314	606
b-t-cd4	e9/l	N	1376	926
b-t-cd4	e6/l	A	662	318
b-t-cd4		A	119	90
b-t-cd4	e9/l	H	81	69
b-t-cd4		N	19	19
b-t-cd4		L	9	6
b-t-cd4,t-auttajasolut	e9/l	N	160	123
b-t-cd4,t-auttajasolut	e9/l	A	75	54
b-t-cd4,t-auttajasolut	e9/l	H	9	7
b-t-cd8	e9/l	A	332	193
b-t-cd8	e6/l	A	373	231
b-t-cd8	e9/l	N	707	405
b-t-cd8		A	54	43
b-t-cd8	e9/l	L	92	82
b-t-cd8	e9/l	H	79	62
b-t-cd8		N	8	8
b-t-cd8,t-estäjäsolut	e9/l	L	7	6
b-t-cd8,t-estäjäsolut	e9/l	N	63	52
b-t-cd8,t-estäjäsolut	e9/l	A	27	19
b-t-dnt	%	N	11	11
b-t-dp	%	N	11	11
b-tab	%	N	11	11
b-tacro		A	282	145
b-tacro	ug/l	A	3291	567
b-tacro	ug/l	N	1955	238
b-tacro		N	12	10
b-tacro	ug/l	H	38	18
b-tacro	ug/l	L	268	35
b-tacrolimus	ug/l	L	11	6
b-tacrolimus	ug/l	N	35	9
b-tacroms	ug/l	N	27596	1343
b-tacroms		N	486	294
b-takt	%	N	11	11
b-tb1		N	2355	2175
b-tb1	iu/ml	A	10	9
b-tb1,osatutkimus		N	65	61
b-tb2		N	2355	2175
b-tb2	iu/ml	A	10	10
b-tb2,osatutkimus		N	65	61
b-tbevi		N	115	72
b-tbifng		N	2586	2403
b-tbifng	iu/ml	N	65	64
b-tbifng		H	15	12
b-tbifng	iu/ml	H	110	99
b-tbifng	iu/ml	A	203	180
b-tbifng		A	61	56
b-tbifng	iu/l	A	12	10
b-tcr-d		N	26	21
b-tcrg-d		N	66	56
b-tdif-fc		N	38	32
b-tem		N	507	330
b-tem-he		N	54	46
b-tgd	%	N	11	11
b-thb	g/l	A	5797	2620
b-thb		A	9	9
b-ti	ug/l	A	426	240
b-ti		N	140	137
b-ti		A	11	11
b-tmuisti	%	N	11	11
b-tnaiv	%	N	11	11
b-tnaiva	e9/l	N	11	11
b-tni-v		A	7	6
b-tni-vt	ug/l	A	11	8
b-tnipika	ug/l	A	9	9
b-tnt		N	402	247
b-tnt	ng/l	H	17	11
b-tnt	ng/l	A	11	9
b-tnt	ng/l	N	25	21
b-tnt		A	81	47
b-tnt	ng/l	HH	30	14
b-tnt-hy	ng/l	A	32	29
b-tnt-o	ng/l	A	313	220
b-tnt-o		N	2468	1423
b-tnt-o		A	172	123
b-tnt-o	ng/l	N	75	60
b-tnt-o	form	N	31	18
b-tnt-o	ng/l	H	11	9
b-tnt-pt		N	324	280
b-tnt-pt	ng/l	A	69	46
b-tnt-pt		A	33	22
b-tnt-pt	ng/l	N	17	16
b-tnt-vt		N	801	770
b-tnt-vt	ng/l	A	56	34
b-tnt-vt	ng/l	N	16	16
b-tnt-vt		A	34	21
b-tnt-vt	ng/l	H	12	11
b-tntp	ng/l	H	37	36
b-tp53-d		N	110	104
b-tpmt-d		N	39	38
b-trap		N	138	48
b-trap		L	176	43
b-trap		H	25	12
b-trap	auc	A	8	8
b-trfupfa		N	181	156
b-trimatp		N	288	287
b-trmulti		N	301	55
b-trom	e9/l	N	2175552	307962
b-trom	e9/l	A	1490217	161100
b-trom		A	12844	3059
b-trom	e9/l	H	403012	70658
b-trom	e9/l	L	284585	40068
b-trom	e9/l	HH	531	153
b-trom	e9/l	LL	15890	1759
b-trom		N	2567	2035
b-trom		L	241	226
b-trom	%	H	14	11
b-trom		AA	19	18
b-trom		LL	21	11
b-trom	e9/l	AA	119	58
b-trom		H	41	37
b-trom	dalmed	N	16	13
b-trom-s		N	10	8
b-trom-s	e9/l	A	29	9
b-tromb	e9/l	H	31390	7321
b-tromb	e9/l	L	17676	3511
b-tromb	e9/l	N	12789	2485
b-tromb	e9/l	A	14052	3452
b-tromb	e9/l	LL	1717	378
b-tromb		N	254	145
b-tromb	e9/l	HH	290	144
b-tromb		H	12	12
b-tromboplastiiniaika,pikamittaus,inr		A	22	22
b-trombos	e9/l	L	82	35
b-trombos	e9/l	N	1388	492
b-trombos	e9/l	H	129	58
b-trombos	e9/l	A	153	84
b-trombosyytit	e9/l	A	47425	11718
b-trombosyytit	e9/l	N	63509	28149
b-trombosyytit	e9/l	L	7676	2205
b-trombosyytit	e9/l	H	9168	3167
b-trombosyytit		A	70	56
b-trombosyytit		N	151	142
b-trombosyytit	e9/l	LL	88	36
b-trombosyytit		H	17	8
b-trombosyytit	e/l	H	8	6
b-trombosyytit,poc-tutkimus	e9/l	N	396	126
b-trombosyytit,poc-tutkimus	e9/l	H	25	13
b-trombosyytit,poc-tutkimus	e9/l	L	28	9
b-trombosyytit,vieritutkimus	e9/l	A	8	7
b-trombosyytit-pvk:nosana	e9/l	N	315	225
b-trombosyytit-pvk:nosana	e9/l	A	22	17
b-trombot		N	19	19
b-tromp	e9/l	N	1133	183
b-tromp	e9/l	H	99	38
b-tromp	e9/l	L	58	18
b-tromsit	e9/l	A	60	28
b-troponiinit(kval)		N	102	92
b-troponiinit(kval)	ng/l	N	11	6
b-troponiinit(kval)		A	9	8
b-troponin-t,kvantitatiivinen-oma		N	16	14
b-trveadp	pru	A	39	35
b-trveadp		N	276	242
b-trveadp		H	10	10
b-trveasa	au	A	36	32
b-trveasa		N	119	103
b-trveasa		H	15	12
b-tt-inrv		A	915	139
b-tvk		N	23719	12192
b-tvk	e9/l	A	11	11
b-tvk	%	N	312	272
b-tvk		A	23	14
b-tvk	e9/l	N	283	253
b-tvk	paketti	N	22	20
b-tvk	form	N	10	9
b-tvk	%	A	8	8
b-tvk	%	H	13	9
b-tvk+r		N	36	34
b-täydellinenverenkuva		N	135	104
b-täydellinenverenkuva(hb,mcv/hkr,erytrosyytit,leukosyytit,trombosyytit,leukosyyttieneritte	form	N	27	23
b-täydellinenverenkuva(hb,mcv/hkr,erytrosyytit,leukosyytit,trombosyytit,leukosyyttieneritte		N	11	11
b-täydellinenverenkuva(pi)		N	226	164
b-vakuly		N	6	6
b-vara		N	87	69
b-varfa-d		N	127	127
b-vasp		N	25	25
b-vasseu1		N	61	59
b-ven.sec		N	101	19
b-verensokeripikatesti		N	94	77
b-verensopivuuskoe		N	301	130
b-verensopivuuskoe,osatutk.		N	26	13
b-veriryhmävasta-aineet,raskaudenaikaiset		N	73	58
b-veriryhmävasta-aineet,raskaudenaikaiset(äidinnäyte)		N	182	139
b-veriryhmävasta-aineet,seulonta		N	7	6
b-veriryhmävasta-aineet,tunnistus		N	9	7
b-vervi1		A	14	9
b-vervi2		A	9	7
b-vpenbat	%	N	10	10
b-vrab-gr		N	6741	4553
b-vrabgrs		N	316	213
b-vrabtu		A	64	38
b-vrabtu		N	64	30
b-vrabtu1		N	2356	1431
b-vrabtu5		N	655	375
b-vrabtup		N	10	9
b-vrisägr		N	8	8
b-vthba1c	mmol/mol	A	1107	335
b-xkoe		N	81673	40090
b-xkompl		N	33	33
b-ykrom-d		N	34	34
b-zn	umol/l	N	319	256
b1-vitentsyymiaktiivisuus		N	307	250
b12-vitamiini	pmol/l	A	76	72
b12-vitamiini	pmol/l	N	169	162
b12-vitamiini,seerumi		N	7	7
b12-vitamiini,transkobalamiiniii:eens		N	22	22
b12-vitamiini,transkobalamiiniii:eens	pmol/l	N	50	48
b12-vitamiini,transkobalamiiniii:eensit.,seerumista		N	12	11
b2-vitamiini	nmol/l	N	7	7
b2-vitentsyymiaktiivisuus		N	311	254
b3-vitamiini(niasiini)	umol/l	N	90	77
b3-vitamiini(niasiini)	umol/l	A	11	9
b5-vitamiini(pantoteenihappo)	umol/l	N	45	44
b5-vitamiini(pantoteenihappo)	umol/l	A	37	31
b6-vitentsyymiaktiivisuus		N	334	263
bakt.vilj.,virtsasta		N	91	36
bakt.vilj.,virtsasta		A	16	7
bakteeri,jatkoviljely		N	25	23
bakteeri,jatkoviljely		A	27	9
bakteeri,jatkoviljely,ulosteesta		A	15	15
bakteeri,jatkoviljely,veriviljelynäytteestä		A	26	15
bakteeri,jatkoviljelyvirtsastakäytössä		A	148	111
bakteeri,maljaviljely,virtsasta␤		A	111	92
bakteeri,nukleiinihaponosoittaminen(kval)␤		A	48	36
bakteeri,seulontavirtsasta		N	187	140
bakteeri,viljely		N	67	64
bakteeri,viljely(1:aerobitjaanaerobitsyvänäytteestä),märkäeritteestä		A	76	31
bakteeri,viljely(aerobiviljely,pintamärkä)		A	18	18
bakteeri,viljely,virtsasta		N	16	14
bakteeri,viljely,ysköksestä		A	63	38
bakteeri,viljely-janukleiinihappo(kval)ulosteesta		N	21	21
bakteeri,viljely1(salmonella,shigella,yersinia		N	30	28
bakteeri,viljely1(salmonella,shigella,yersinia,campylobacter)		N	11	11
bakteeri,viljely1,syvämärkänäyte(anaerobi+aerobi)␤		A	252	167
bakteeri,viljely2,pinnallinenmärkänäyte(aerobi)␤		A	243	176
bakteeri,viljelyvirtsasta		N	13	13
bakteeri,viljely␤		A	8	6
bakteeri,värjäyslikvorista		N	12	11
bakteeri,värjäys␤		A	15	12
bakteerienjatkoviljelyvirtsasta		N	31	17
bakteeripatogeenit,nukleiinihaponosoitus(pcr),ulosteesta		N	35	19
bakteerit		N	1092	872
bakteerit,jatkoviljely,uloste		N	7	7
bakteerit,nukleiinihappo(kval),uloste		N	16	16
bakteerit,nukleiinihappo(kval),uloste(23458f-baktnho))		N	6	6
bakteerit,virt(paketti)		N	8	7
bakteerit,virtsa		N	34	27
bakteerit,virtsasta,partikkelinlaskijalla,osatutk.		A	37	30
bakteerit,virtsasta,uf5000		N	20	15
bakteeritosatutkimus		A	25	15
bakteeritosatutkimus		N	47	36
bakteeritvirtsasta		A	225	216
bakteeriulosteviljelyjanho		A	49	49
bakteeriulosteviljelyjanho		N	136	135
bakteerivaginoosi,nukleiinihappo		N	62	57
bakteeriviljelyjanukleiinihappo(kval)ulosteesta		N	25	21
bakteerivärjäys		N	57	51
baktnho		A	25	25
baktvr		A	12	10
baso	%	N	9533	1817
baso	%	A	4708	2257
baso	e9/l	A	3530	1506
baso	%	H	231	130
baso	e9/l	N	28	23
baso		N	6	6
baso	e9/l	H	11	9
basof	%	H	1523	1325
basof		A	15	12
basofiilienabs.määrä	e9/l	N	178	80
basofiilisetleukosyytit	e9/l	N	75	61
basofiilisetleukosyytit	%	N	74	61
basofiilisetleukosyytit(b-baso)	e9/l	N	61	53
basofiilisetleukosyytit,absoluuttiset/tvk	e9/l	N	9	6
basofiilisetleukosyytitosatutk2225diffi	%	N	26	22
basofiilisetleukosyytitosatutk2225diffi	e9/l	N	31	26
basofiilisetleukosyytitosatutk2225diffi	%	A	7	7
basofiilit	%	N	14630	6886
basofiilit	%	H	679	406
basofiilit	%	A	202	153
basofiilit	e9/l	N	17	17
basofiilit		N	25	15
basofiilit,5-osa	%	N	3519	3103
basofiilit,5-osa	%	H	823	757
basofiilit,absol.arvot	e9/l	L	149	105
basofiilit,absol.arvot	e9/l	N	13635	6704
basofiilit,absol.arvot	e9/l	H	585	397
basofiilit,absol.arvot		N	16	14
basofiilit,absol.arvot	e9/l	A	264	172
basofiilit,absol.arvot(40b-baso),osatutkimus	e9/l	N	14	10
basofiilit,absol.arvot,osatutkimus(40b-baso)	e9/l	N	111	92
basofiilit,absol.arvot,osatutkimus(b-baso)	e9/l	N	78	66
basofiilit,absol.määrä	e9/l	N	23	18
basofiilit,absoluuttiset	e9/l	N	145	96
basofiilit,konediffi(),osatutk.b-diffi	%	H	228	77
basofiilit,osatutkimus(692l-baso)	%	N	124	100
basofiilit,osatutkimus(9112l-baso)	%	N	6	6
basofiilit,osatutkimus(l-baso)	%	N	78	66
basofiilit-osuus	%	N	971	848
basofiilit-osuus	%	H	55	53
basofiilit-osuus	%	A	169	153
basofiilit-osuus(diffi)	%	N	173	135
basofiilit-osuus(diffi)	%	A	24	18
basofiilitosuus	%	N	2212	1860
basofiilitosuus	%	H	2150	1854
bb-pcr		N	23	23
beeta-1	g/l	A	133	37
beeta-1-globuliini	g/l	N	11	10
beeta-1-globuliini,fraktio,seerumi	g/l	N	14	12
beeta-2	g/l	A	62	41
beeta-2-globuliini	g/l	N	11	10
beeta-2-globuliini,fraktio,seerumi	g/l	N	12	10
beeta-2-glykoproteiini,igmvasta-aineet,plasma	u/ml	A	11	8
beeta-hydroksibutyraatti	mmol/l	A	11	7
beeta2-glykoproteiini-1-iggvasta-aine	u/ml	N	8	7
bentsidiatsepiini		N	8	8
beta-1-globuliini,seerumi,elektroforeesifraktio	g/l	N	8	8
beta-2-globuliini,seerumi,elektroforeesifraktio	g/l	N	10	7
beta-ketoaine	g/l	N	6	6
beta1-glob	g/l	A	896	239
beta1-glob	g/l	N	26	18
beta1-glob		A	88	32
beta1-globuliini,seerumi,elektroforeesifraktio,osatutk.2522	g/l	A	31	15
beta2-glob	g/l	A	470	240
beta2-glob	g/l	N	28	18
beta2-glob		A	51	37
beta2-globuliini,seerumi,elektroforeesifraktio,osatutk.2522	g/l	A	29	11
bf-bronkuseritteenirtosolututkimus		A	9	9
bf-syto		AA	213	193
bf-syto		N	393	370
bf-syto		A	34	30
bi-inflamm		N	233	171
bikarbonaatti(aktuaali),kapi	mmol/l	A	285	217
bikarbonaatti(aktuaali),kapi	mmol/l	N	1281	814
bikarbonaatti(aktuaali),kapi	mmol/l	H	975	366
bikarbonaatti(aktuaali),kapi	mmol/l	L	641	315
bikarbonaatti(aktuaali),kapillaariveri	mmol/l	L	163	79
bikarbonaatti(aktuaali),kapillaariveri	mmol/l	A	666	347
bikarbonaatti(aktuaali),kapillaariveri	mmol/l	N	14	13
bikarbonaatti(aktuaali),kapillaariveri	mmol/l	H	98	47
bikarbonaatti(aktuaali),lask	mmol/l	N	97	71
bikarbonaatti(aktuaali),lask	mmol/l	A	47	42
bikarbonaatti(aktuaali),laskimoveri	mmol/l	A	1167	753
bikarbonaatti(aktuaali),laskimoveri	mmol/l	L	35	10
bikarbonaatti(aktuaali),valt	mmol/l	A	309	160
bikarbonaatti(aktuaali),valt	mmol/l	N	276	139
bikarbonaatti(aktuaali),valtimoveri	mmol/l	A	351	210
bikarbonaatti(aktuaali),valtimoveri	mmol/l	H	89	48
bikarbonaatti(aktuaali),valtimoveri	mmol/l	L	22	19
bilirubiini	umol/l	N	1724	1335
bilirubiini	umol/l	L	203	169
bilirubiini	umol/l	A	15	14
bilirubiini		N	28	17
bilirubiini	umol/l	H	158	90
bilirubiini		L	8	8
bilirubiini,plasmasta	umol/l	N	15	9
bilirubiinikonjugaatit	umol/l	N	20	14
bilirubiinikonjugaatit	umol/l	H	13	10
bk-virus,nukleiinihappo		A	36	8
bk-virus,nukleiinihappo		AA	10	7
bk-virus,nukleiinihappo(kvant)		A	39	7
bkvnh		A	117	20
bl-bakteeri,viljely,bal-näyte		A	14	14
bl-bal		N	17	17
bl-bal-1		N	705	456
bl-bal-1		AA	13	13
bl-bal-2		N	12	12
bl-eos		A	7	7
bl-prot	mg/l	N	8	8
bla	%	A	391	101
bla	%	N	6	6
blasti		N	39	19
blasti	%	A	66	20
blastit	%	H	137	55
blastit	%	N	799	414
blastit		N	1012	682
blastit	%	A	36	26
blastit,osuusleukosyyteistä	%	H	82	22
blastit,osuusleukosyyteistä	%	HH	23	6
blastocystishominis,nukleiinihappo		N	95	91
blastocystishominis,nukleiinihappo		A	20	19
bm-aso2-qd		N	91	19
bm-asoal-d		N	11	11
bm-aspirnä		N	23	16
bm-bcr-qr		N	12	7
bm-bpvalm		N	60	37
bm-cd34	%	N	19	11
bm-cd34-ks		N	18	11
bm-eryt	e12/l	N	38	12
bm-fip1l1		N	6	6
bm-fish		N	241	205
bm-fishvar		N	61	58
bm-flt3-d		N	18	18
bm-fuus-mr		N	53	51
bm-hb	g/l	N	38	12
bm-hemfuus		N	46	44
bm-hkr	%	N	38	12
bm-keräys		N	6	6
bm-kit-d		N	7	7
bm-kll-res		N	23	16
bm-kromos		N	839	766
bm-kromos		A	34	30
bm-lcd34	e9/l	N	19	11
bm-lmark-h		N	256	210
bm-luuydintutkimus,aspiraatio,lausunto		N	105	68
bm-luuydintutkimus,biopsia,lausunto		N	69	68
bm-luuytimenhistologinentutkimus		A	48	42
bm-lydikll		N	166	148
bm-mgg		N	21	17
bm-mggfe		N	2124	1301
bm-mggfe		A	106	80
bm-mm-ift		N	247	221
bm-molbiol		N	153	47
bm-mrd-all		N	119	25
bm-mrdmut		N	138	30
bm-myelmut		N	332	289
bm-notto		N	19	19
bm-npm1-qr		N	70	12
bm-näyte		N	38	26
bm-näyte-e		N	20	14
bm-pad		N	953	825
bm-pad		A	63	57
bm-pad		AA	674	607
bm-pahanlaatuisenveritaudinimmunofenotyypitys		N	62	57
bm-pahanlaatuisenveritaudinimmunofenotyyppinenjäännöstautianalyysi		N	72	36
bm-pcr-kim		N	21	8
bm-resid		N	118	39
bm-soluvi		A	6	6
bm-tbevi		N	18	18
bm-tcr-d		N	7	7
bm-tcrg-d		N	251	238
bm-trom	e9/l	N	38	12
bm-tumsol	e9/l	N	38	12
bm-vgh-ml		N	30	26
bmind	kg/m2	H	1600	1520
bmind	kg/m2	L	13	13
bo-pad		AA	11	11
bo-pad		N	47	47
bo-pad-4		AA	67	60
bo-pad-4		N	25	25
bor-it-abg	index	A	30	26
bor-it-abm	index	A	19	15
bordetellaparapertussis,nukleiinihappo(kval)		N	42	38
borrelia,iggvasta-aineet		N	13	12
borrelia,iggvasta-aineet,seerumista		A	32	20
borrelia,igmvasta-aineet		N	13	12
borrelia,igmvasta-aineet,seerumista		A	23	13
borrelia,vasta-aineet		N	26	24
borreliaburgdorferi,jatkotutk.		N	19	19
borreliaburgdorferi,vasta-aineet(lyme,vasta-aineet),seerumista		N	7	7
borreliaigg,varmistus,seerumista	au/ml	A	31	24
borreliaigm,varmistus,seerumista	au/ml	A	31	20
borreliavasta-aineg		N	7	7
borrelioosivasta-ainem		N	7	7
botnia		N	873	802
bparanho		N	6	6
br-pad-4		AA	996	912
br-pad-4		A	225	217
br-pad-4		N	149	143
br-rinnanhistologinentutkimus,laajaleikkauspreparaatti		A	100	92
braf-mutaatiotesti		N	6	6
brdil		N	139	126
buprenorfiini		N	83	66
buprenorfiini(kval)		N	45	38
c-anca	titre	A	6	6
c-anca		A	17	7
c-ancapika		A	7	7
c-pepta	nmol/l	A	10	8
c-peptidi,proinsuliinin,aterianjälkeinen	nmol/l	A	31	31
c-peptidi,proinsuliinin,paastoaikainen	nmol/l	N	11	11
c-peptidi,proinsuliinin,paastonaikainen	nmol/l	A	17	15
c-reakt.prot,oma		N	9	8
c-reaktiivinenherkkä	mg/l	N	58	56
c-reaktiivinenherkkä	mg/l	A	36	31
c-reaktiivinenproteiini	mg/l	H	7354	3129
c-reaktiivinenproteiini		N	4743	3551
c-reaktiivinenproteiini	mg/l	N	575	498
c-reaktiivinenproteiini	mg/l	A	34	24
c-reaktiivinenproteiini		H	17	16
c-reaktiivinenproteiini(4594p-crp)	mg/l	N	102	92
c-reaktiivinenproteiini(4594p-crp)		N	74	71
c-reaktiivinenproteiini(4594p-crp)	mg/l	A	41	31
c-reaktiivinenproteiini(crp)		N	250	215
c-reaktiivinenproteiini(crp)	mg/l	N	305	259
c-reaktiivinenproteiini(crp)	mg/l	A	76	64
c-reaktiivinenproteiini(kval)		N	17	17
c-reaktiivinenproteiini(kval)	mg/l	N	10	9
c-reaktiivinenproteiini(kval)	mg/l	A	8	7
c-reaktiivinenproteiini(p-crp)		N	261	211
c-reaktiivinenproteiini(p-crp)	mg/l	N	410	319
c-reaktiivinenproteiini(p-crp)	mg/l	A	90	71
c-reaktiivinenproteiini,herkkä	mg/l	N	244	170
c-reaktiivinenproteiini,herkkä		N	15	15
c-reaktiivinenproteiini,herkkä,seerumista	mg/l	H	644	605
c-reaktiivinenproteiini,herkkä,seerumista	mg/l	N	6712	5693
c-reaktiivinenproteiini,herkkä,seerumista		N	10	10
c-reaktiivinenproteiini,pika,tehdäänitse	mg/l	N	26	25
c-reaktiivinenproteiini,pika,tehdäänitse		N	26	24
c-reaktiivinenproteiini,pika-crppaikallisesti	mg/l	H	10	10
c-reaktiivinenproteiini,pikatesti,veri		N	301	182
c-reaktiivinenproteiini,pikatesti,veri	mg/l	H	62	57
c-reaktiivinenproteiini,pikatesti,veri	mg/l	A	51	45
c-reaktiivinenproteiini,pikatesti,veri(23318b-crp-pt)	mg/l	N	439	319
c-reaktiivinenproteiini,pikatesti,veri(23318b-crp-pt)		N	237	182
c-reaktiivinenproteiini,pikatesti,veri(23318b-crp-pt)	mg/l	A	339	213
c-reaktiivinenproteiini,pikatesti,veri(23318b-crp-pt)	mg/l	H	21	20
c-reaktiivinenproteiini,pikatestioma	1	N	18	14
c-reaktiivinenproteiini,pikatestioma	1	H	26	19
c-reaktiivinenproteiini,pikatestioma		H	26	18
c-reaktiivinenproteiini,pikatestioma		N	19	12
c-reaktiivinenproteiini,pikatutkimus	mg/l	H	84	50
c-reaktiivinenproteiini,pikatutkimus,plasmasta		N	27	24
c-reaktiivinenproteiini,pikatutkimus,plasmasta	mg/l	H	22	19
c-reaktiivinenproteiini,pikatutkimus,plasmasta	mg/l	N	22	16
c-reaktiivinenproteiini,pikatutkimus,plasmasta	mg/l	A	12	9
c-reaktiivinenproteiini,plasmasta	mg/l	N	30	17
c-reaktiivinenproteiini,plasmasta		N	9	8
c-reaktiivinenproteiini,plasmasta,vieritesti	mg/l	A	492	320
c-reaktiivinenproteiini,tk:ntekemä		N	364	252
c-reaktiivinenproteiini,vieritesti	mg/l	A	15	15
c-reaktiivinenproteiini,vieritutkimus	mg/l	H	279	168
c-reaktiivinenproteiini,vieritutkimus		N	286	209
c-reaktiivinenproteiini,vieritutkimus	mg/l	N	136	107
c-reaktiivinenproteiini,vieritutkimus		A	13	11
c-reaktiivinenproteiini,vieritutkimus,plasmasta		N	10	9
c-reaktiivinenproteiini,vieritutkimus,plasmasta	mg/l	A	24	21
c-reaktiivinenproteiini,vieritutkimusnordlab	mg/l	N	14	14
c-reaktiivinenproteiini,vieritutkimusnordlab		N	19	19
c-reaktiivinenproteiini-pika(4594crp-pika)	mg/l	A	68	58
c-reaktiivinenproteiini-pika(4594crp-pika)	mg/l	N	67	59
c-reaktiivinenproteiini-pika(4594crp-pika)		N	47	42
c-reaktiivinenproteiini-pika(crp-pika)	mg/l	A	696	476
c-reaktiivinenproteiini-pika(crp-pika)	mg/l	N	775	550
c-reaktiivinenproteiini-pika(crp-pika)		N	504	364
c-reaktiivinenproteiini-pika(crp-pika)	mg/l	H	12	12
c.trachomatisjan.gonnorreae,nukeliinihappomuistanäytteistä		N	176	115
c.trachomatisjan.gonorrhoeae,nukleiinihappomuistanäytteistä		N	7	6
c.trachomatisjan.gonorrhoeae,nukleiinihappovirtsasta		N	114	98
c6-ind		A	9	8
c6-ind		N	7	7
c6-indeksi		A	982	559
c6-indeksi		N	7	7
ca++	mmol/l	N	756	589
ca++	mmol/l	A	3796	1009
ca++		N	8	8
ca++		A	7	7
ca++/7.40	mmol/l	A	29428	6890
ca++/7.40	mmol/l	N	2361	1764
ca++/7.40		N	6	6
ca++/ph7.4	mmol/l	A	5800	1272
ca++/ph7.4		A	385	268
ca++/ph7.4	mmol/l	N	57	49
ca++ph7.4	mmol/l	N	757	589
ca++ph7.4	mmol/l	A	3556	908
ca++ph7.4		N	8	8
ca-baktvi		A	118	106
ca-ion	mmol/l	N	2508	1805
ca-ionpika	mmol/l	A	385	340
ca12-5antigeeni	u/ml	H	52	26
ca12-5antigeeni	u/ml	A	24	15
ca12-5antigeeni	u/ml	N	26	26
ca15-3antigeeni	u/ml	A	42	28
ca15-3antigeeni	u/ml	H	10	7
ca19-9antigeeni	u/ml	H	71	43
ca19-9antigeeni	u/ml	A	60	37
calprotectinulosteesta	ug/g	N	6	6
calprotectinulosteesta	ug/g	A	8	6
campnho		N	228	209
campnho		A	100	98
campylobacter		N	423	339
campylobacter		A	31	30
cand-odl.		N	542	236
cand.nativ		N	286	139
candvi		A	30	30
cannabis		N	8	8
cashewpähkinä(f202),ige-vast		N	10	10
cb-ahco3	mmol/l	A	7676	2990
cb-ahco3	mmol/l	H	1248	543
cb-ahco3	mmol/l	L	981	423
cb-ahco3		A	168	72
cb-ahco3		N	38	33
cb-ahco3		H	44	31
cb-ahco3		L	23	17
cb-aktuaalibikarbonaatti	mmol/l	A	17	17
cb-be	mmol/l	A	45783	12632
cb-be	mmol/l	H	2888	919
cb-be	mmol/l	L	1735	668
cb-be	mmol/l	N	3147	739
cb-be		A	73	33
cb-be		N	12	12
cb-bepika		A	1824	665
cb-bikarbonaatti	mmol/l	A	158	83
cb-bikarbonaatti	mmol/l	H	107	44
cb-bikarbonaatti	mmol/l	L	51	21
cb-bil		N	6	6
cb-ca-i7.4	mmol/l	A	421	210
cb-ca-i7.4		A	28	14
cb-ca-ion		N	6	6
cb-ca-ion	mmol/l	A	38	29
cb-crp(qr)		N	2011	918
cb-crp(qr)	mg/l	N	1087	623
cb-crp(qr)	mg/l	A	2517	901
cb-crp(qr)		A	29	28
cb-emäsylimäärä	mmol/l	N	5086	3413
cb-emäsylimäärä	mmol/l	A	5276	2089
cb-emäsylimäärä		A	266	150
cb-emäsylimäärä	mmol/l	H	118	52
cb-emäsylimäärä		N	50	42
cb-ghb-a1c	%	A	20	6
cb-gluk	mmol/l	A	1415	1028
cb-gluk	mmol/l	H	637	511
cb-gluk	mmol/l	N	231	198
cb-gluk	mmol/l	HH	116	77
cb-gluk		N	12	11
cb-gluk		H	6	6
cb-gluk	mmol/l	L	13	10
cb-gluk-v		A	108	93
cb-gluk-vt		A	219	25
cb-gluk-vt	mmol/l	A	115	46
cb-happamuusaste		A	345	240
cb-happamuusaste		N	41	34
cb-happiosapaine	kpa	A	9	8
cb-happoemästase		N	100	59
cb-hb	g/l	N	127	106
cb-hb	g/l	A	141	95
cb-hb		N	18	18
cb-hb	g/l	L	16	16
cb-hb-co	%	A	14	13
cb-hb-hy	g/l	A	649	407
cb-hb-v		A	127	94
cb-hba1c	mmol/mol	A	27	6
cb-hba1chy	mmol/mol	A	40	27
cb-hba1cnla		A	86	18
cb-hba1cnla	mmol/mol	A	153	30
cb-hbo2sat	%	A	14884	5949
cb-hbo2sat	%	L	5525	2192
cb-hbo2sat		A	155	107
cb-hbo2sat	%	N	715	445
cb-hbo2sat		L	73	54
cb-hbo2sat		N	17	16
cb-hco3	mmol/l	A	3953	1293
cb-hco3-st	mmol/l	A	33720	8607
cb-hco3-st	mmol/l	H	1588	364
cb-hco3-st	mmol/l	N	3239	723
cb-hco3-st	mmol/l	L	654	234
cb-hco3-st		N	22	19
cb-hco3-st		A	7	7
cb-he-tase		N	3442	1967
cb-he-tase		A	11	9
cb-hemoglobiini		A	45	30
cb-hemoglobiini,vieritestihoitoyksikössä	g/l	L	35	14
cb-hemoglobiini,vieritestihoitoyksikössä	g/l	A	21	19
cb-hemoglobiini-a1c,ihopistosn,vierithoitoy:ssä	mmol/mol	A	9	7
cb-het-ion		N	4152	652
cb-hetiong		N	603	234
cb-hiilidioksidiosapaine	kpa	A	59	47
cb-inr,pikamääritys		N	177	174
cb-inr,pikamääritys		A	17	17
cb-inr-oma		N	197	89
cb-inr-oma		A	225	48
cb-inrati		H	56	17
cb-inrati		N	204	15
cb-inrati		L	46	13
cb-inratio		H	22	8
cb-inratio		N	76	7
cb-inrc-c	inr	A	1310	109
cb-inrc-c	inr	N	2979	108
cb-inrpika		A	217	188
cb-k	mmol/l	A	37	8
cb-k-veka	mmol/l	A	6	6
cb-kalsium,ionisoitunut,ph7.4-korjattu	mmol/l	A	102	53
cb-laktaat	mmol/l	A	4919	3320
cb-laktaat	mmol/l	H	252	198
cb-laktaat		A	6	6
cb-leuk	e9/l	A	247	190
cb-leuk	e9/l	N	668	433
cb-leuk		N	52	8
cb-leuk-hy	e9/l	A	90	81
cb-leuk-hy		A	40	36
cb-leuk-o	e9/l	A	16	15
cb-leukosyytit,vieritestihoitoyksikössä	e9/l	H	6	6
cb-pco2	kpa	A	37545	11339
cb-pco2	kpa	N	12070	5657
cb-pco2	kpa	L	2566	955
cb-pco2	kpa	H	2165	703
cb-pco2		A	87	36
cb-pco2		N	43	42
cb-ph	ph	A	40677	13657
cb-ph	ph	N	11394	5274
cb-ph	ph	H	3516	1220
cb-ph	ph	L	1106	517
cb-ph		A	128	54
cb-ph		N	41	40
cb-phpika		A	542	264
cb-po2	kpa	A	5096	1903
cb-po2	kpa	N	5448	908
cb-po2		A	57	48
cb-po2	kpa	LL	86	69
cb-po2		N	12	12
cb-po2	kpa	L	72	15
cb-po2	kpa	H	9	7
cb-sbc	mmol/l	A	286	133
cb-shco3	mmol/l	A	1712	503
cb-shco3	mmol/l	L	12	7
cb-shco3		A	13	12
cb-shco3	mmol/l	H	61	9
cb-standardibikarbonaatti	mmol/l	N	4775	3240
cb-standardibikarbonaatti	mmol/l	A	5584	2274
cb-standardibikarbonaatti	mmol/l	H	118	52
cb-standardibikarbonaatti		A	45	24
cb-standardibikarbonaatti		N	41	34
cb-standardibikarbonaatti	mmol/l	L	47	21
cb-tt-inr		A	48	23
cb-tt-inr	inr	A	429	44
cb-ttinrvt		A	59	24
cb-vekaas		N	16	15
cbhbo2satp	%	A	1358	567
cbhco3pika	mmol/l	A	1870	556
cbpco2pika	kpa	A	1239	435
cbpo2pika	kpa	A	1095	442
cd3+solut	x109/l	A	15	13
cd3+solut		A	7	6
cd4	%/lumf	A	136	108
cd4+solut	x109/l	A	15	13
cd4+solut		A	7	6
cd4+tsolut	x109/l	A	7	6
cd45ra+,ccr7-cd4t-solut	%	A	7	6
cd45ra+,ccr7-cd8t-solut	%	A	7	6
cd45ra+cd31+cd62l+cd4t-solut	%	A	9	8
cd45ra+cd31+cd62l+cd8t-solut	%	A	8	7
cd45ra-,ccr7+cd8t-solut	%	A	6	6
cd45ra-,ccr7-cd8t-solut	%	N	8	7
cd8+solut	x109/l	A	15	12
cd8+solut		A	7	6
cd8+tsolut	x109/l	A	7	6
cefalexin		N	930	326
cenp-a-ib		A	8	8
cfp-10	tpl	A	6	6
cfp-glucos	mmol/l	A	1115	546
cfp-glucos	mmol/l	N	192	148
cfp-glucos		A	23	23
cfp-glucos		N	7	7
chamydiapneumoniae,keuhkoklam.nukleiinih		N	9	9
chl.trachom.jan.gonorrhoeae,nukleii		N	32	29
chl.trachom.jan.gonorrhoeae,nukleiinihappo(		N	62	54
chl.trachom.jan.gonorrhoeae,nukleiinihappo(u-ctngnho)		N	13	12
chl.trachomatisjan.gonorrhoenukleiinihappo(kval		N	36	29
chlamydiapneumoniae,iggvasta-aineet	bu/ml	A	9	6
chlamydiapneumoniae,igmvasta-aineet		N	14	10
chlamydiapneumoniae,vasta-aineet		N	9	8
chlamydiapneumoniae,vasta-aineet(s-chpnab)		N	9	6
chlamydiatrachomatis		N	13	11
chlamydiatrachomatis,dnatutkimus		N	25	23
chlamydiatrachomatis,nukeliinihappo(kval)		N	176	115
chlamydiatrachomatis,nukleiinihaponosoittaminen		N	50	44
chlamydiatrachomatis,nukleiinihaponosoitus(chtrnho)		N	74	60
chlamydiatrachomatis,nukleiinihappo(k		N	32	29
chlamydiatrachomatis,nukleiinihappo(kval)		N	113	85
chlamydiatrachomatis,nukleiinihappo(kval)		A	11	10
chlamydiatrachomatis,nukleiinihappovirtsasta		A	7	6
chlamydiatrachomatisjaneisseriagonorrhoaevirtsasta		N	17	15
chlamydiatrachomatisjaneisseriagonorrhoeae,nukleiinihappo(kval)␤		N	11	9
chlamydiatrachomatisjaneisseriagonorrhoeaenukleiinihappo		N	13	11
chlamydiatracjaneisseriagonorr.		N	26	23
chlamydiatracomatis,nukleiinihappo(kval)		N	14	12
chtrnho		A	59	53
ckd-epi-yhtälö	ml/min/173m2	A	4541	806
ckd-epi-yhtälö	ml/min/173m2	N	134	120
cladhee	u/ml	N	6	6
cladhee	u/ml	A	13	12
cladosp.he		N	12	12
cladosp.he	u/ml	A	31	30
cladosp.he		A	14	14
cladosporiumcladospor	u/ml	N	15	15
cladosporiumherbarum		N	30	29
cladosporiumherbarum(m2),ige-vasta-aineet(s-cladhee)		N	6	6
clostridiumdifficile,toksiinigeeni,nukleiinihaponosoitus		N	13	12
clostridiumdifficile,toksiinigeeni,nukleiinihappo		A	61	46
clostridiumdifficile,toksiinigeeni,nukleiinihappo		N	16	16
clostridiumdifficile,toksiinigeeni,nukleiinihappo(kval)		N	25	23
clostridiumdifficile,toksiinigeeni,nukleiinihappo(kval)		A	47	37
clostridiumdifficile,toksiinigeeni,nukleiinihappo(kval),␤ulosteesta		A	56	43
clue-celle		N	286	139
clue-solut,vaginaeritteestä␤		A	35	29
cn-pad		N	42	38
coladp	s	A	21	17
colepi	s	A	17	15
colepi		A	14	12
coombs,suora(mono-/polyspes.antis.(kval)		N	16	15
coombs,suora(polyspesifinenantiseerumi)(kval),punasoluista		A	19	18
coronatestnho		N	7	6
covid-19		N	9	7
covid-19-koronavirustauti,nukleiinihappo		A	163	141
covid-19-koronavirustauti,nukleiinihappo(kval)		N	109	97
covid-19-koronavirustauti,nukleiinihappo(kval)		A	21	21
covid-19-koronavirustauti,nukleiinihappo,osatutkimus		A	53	48
covid-19-koronavirustauti,piikkiproteiinivasta-ai	au/ml	H	9	7
covid-19-koronavirustauti,poistettukäytöstä1.11.2023		A	16	16
covid-19-koronavirustesti,nukleiinihappo(kval)		N	33	28
covid-19koronavirus		N	18	18
covid-19koronavirus,2019-ncov,pcr-tutkimus		N	1391	1165
covid-19koronavirus,2019-ncov,pcr-tutkimus		A	801	722
covid-19koronavirus,2019-ncov,sekvensointi		N	10	10
covid-19koronavirus,2019-ncov,sekvensointi		A	15	15
covid-19koronaviruspcr-tutkimus		A	14	14
covid-19koronaviruspcr-tutkimus		N	24	19
covid-19koronavirustauti,sekvensointitutkimus		N	8	8
covid-pikatesti		N	7	7
cp-beeta-hydroksibutyraatti,vieritestilab:ssa	mmol/l	H	8	8
cp-c-reaktiivinenproteiini,ihopiston,hoitoyksikössä	mg/l	A	1058	675
cp-c-reaktiivinenproteiini,ihopiston,hoitoyksikössä	mg/l	H	247	132
cp-c-reaktiivinenproteiini,ihopiston,hoitoyksikössä		A	99	91
cp-ca-ion	mmol/l	A	179	81
cp-cl	mmol/l	A	9	8
cp-crp	mg/l	A	1871	683
cp-crp		N	773	516
cp-crp	mg/l	N	540	395
cp-crp		A	47	40
cp-crp-hy	mg/l	A	8842	3280
cp-crp-lb		A	38	31
cp-crp-lb	mg/l	A	212	109
cp-glucos	mmol/l	N	3564	651
cp-glucos		N	794	397
cp-gluk	mmol/l	H	309	87
cp-gluk	mmol/l	A	2296	41
cp-gluk-hy	mmol/l	A	6053	280
cp-gluk-lb	mmol/l	A	2375	238
cp-gluk-po	mmol/l	A	1074	101
cp-glukoosi,ihopistosn,vieritestihoitoyksikössä	mmol/l	A	1894	144
cp-glukoosi,ihopistosn,vieritestihoitoyksikössä	mmol/l	H	62	14
cp-hco3st	mmol/l	A	173	84
cp-k	mmol/l	A	16	13
cp-keto	mmpl/l	N	11	8
cp-laktaat	mmol/l	A	11	10
cp-na	mmol/l	A	13	9
cp-ohbuthy	mmol/l	A	10	10
cp-ohbutlb	mmol/l	A	124	74
cp-ph		A	63	45
cp-shco3	mmol/l	A	581	381
cp-shco3		A	78	49
crp	mg/l	A	53	41
crp	mg/l	N	18	16
crp		N	34	30
crp(vo:nyhteydessäotettu),tth	mg/l	N	1275	595
crp(vo:nyhteydessäotettu),tth	mg/l	H	32	32
crp(vo:nyhteydessäotettu),tth	mg/l	A	105	89
crp(vo:nyhteydessäotettu),tth		N	96	76
crp,herkkä	mg/l	N	225	184
crp,herkkä		N	81	67
crp,omalab		A	21	19
crp,pikaquikread	mg/l	H	80	46
crp,pikaquikread		N	56	37
crp,pikaquikread	mg/l	N	22	19
crp,tk	mg/l	N	7827	3298
crp,tk	mg/l	H	5428	2309
crp-p		N	350	247
crp-p	mg/l	A	846	299
crp-p	mg/l	N	205	162
crp-p		A	14	8
crp-pika	mg/l	A	2489	1425
crp-pika		N	1354	757
crp-pika	mg/l	H	1649	747
crp-pika	mg/l	N	1296	760
crp-pika		H	56	42
crp-pika		A	62	55
crp-pika,hoitajattekee	1	N	35	25
crp-pika,hoitajattekee	1	H	21	15
crp-pika,hoitajattekee		N	12	11
crp-pika,hoitajattekee		H	9	7
crp-pika-oma		N	11	11
crp-pika-oma		H	9	7
crp-pikamääritys		N	49	45
crp-pikamääritys	mg/l	H	300	119
crp-pikamääritys	mg/l	N	90	70
crp-pikamääritys		H	8	8
crp-pikanäyte		N	10	10
crp-pikanäyte	mg/l	A	23	19
crp-pikanäyte	mg/l	N	11	10
crp-pikatesti	mg/l	N	295	205
crp-pikatesti	mg/l	A	61	56
crp-pikatesti		N	66	57
crp-pikatesti	mg/l	H	7	7
crp-pitoisuus,hoitoyksikkömittaavieritestilaitteella	mg/l	A	310	97
crp-pitoisuus,hoitoyksikkömittaavieritestilaitteella		N	10	10
crp-quikread		N	14	9
crp-vier		N	36	35
crp-vier		H	26	16
crp-vieri		N	950	394
crp-vieri		H	807	292
crp-vt		A	25	16
crpherkkä	mg/l	N	19	19
crppika	mg/l	A	594	465
crppika		A	22	20
crppikatutkimus	mg/l	N	6	6
crppikatutkimusoma		N	46	42
crppikatutkimusoma	mg/l	N	158	123
crpvieritesti		A	130	101
cryptococcusneoformans,nukleiinihappo(kval),likvori		N	12	11
cryptosporidium,nukleiinihappo-osoitus		N	12	11
cryptosporidiumspp.nukleiinihappo		N	114	108
cryptosporidiumspp.nukleiinihappo(kva		N	17	13
cryptosporidiumspp.nukleiinihappo(kval)		N	18	13
cu-a1migl	ug/min	A	57	34
cu-a1migl		A	6	6
cu-a1miglo		A	231	128
cu-a1miglo	ug/min	A	1187	434
cu-a1miglo	ug/min	H	41	40
cu-a1miglo		H	8	8
cu-alb	ug/min	H	1670	870
cu-alb	ug/min	A	2517	1407
cu-alb	ug/min	N	122	110
cu-alb		N	168	139
cu-alb		A	7	7
cu-alb-mi	ug/min	A	2759	1271
cu-alb-mi	ug/min	H	231	153
cu-alb-mi	ug/min	N	781	571
cu-alb-mi		N	178	150
cu-albumiini	ug/min	A	18	14
cu-igg		A	8	8
cu-igg	ug/min	A	67	66
cu-kesto	min	N	14	9
cu-prot	ug/min	A	18	15
cu-prot12h	mg	A	25	6
cu-tilav	ml	N	14	9
cu-vm		N	710	508
cu-vm	ml	N	461	276
cv-kromos		N	21	20
cv-mksyn		N	18	17
cv-trinho		N	56	51
cv19nho		A	2542	2371
cv19nho		N	52	42
cv19nho-covid-19-koronavirustauti,nukleiinihappo(kval)		N	59	34
cv19sekv		A	65	65
cyclosporacayetanensis,nukleiinihappo		N	115	109
cyp2b6-geeninnukleotidivariaatiot,dna-tutkimus		N	75	73
cyp2c19-geeninnukleotidivariaatiot,dna-tutkimus		N	75	73
cyp2c9-geeninnukleotidivariaatiot,dna-tutkimus		N	75	73
cyp2d6-geeninvariaatiot,dna-tutkimus		N	74	72
cyp3a5-geeninnukleotidivariaatiot,dna-tutkimus		N	75	73
cyp4f2-geeninnukleotidivariaatiot,dna-tutkimus		N	75	73
cytomegalovirus,dna-osoitus,kvant.,plasmasta	iu/ml	H	10	6
cytomegalovirus,iggvasta-aineet,osatutk.	u/ml	A	9	7
cytomegalovirus,nukleiinihappo		N	7	7
cytomegalovirus,nukleiinihappo		A	9	6
d-cmvabg	au/ml	N	30	30
d-cmvabg		N	17	16
d-cmvabm		N	43	42
d-dimeeri	mg/l	N	13	13
d-dimer	mg/l	A	161	98
d-dimer	mg/l	N	266	191
d-dimer		N	27	26
d-dimer		A	6	6
d-ebvabg		N	47	46
d-ebvabm		N	47	46
d-hbcab		N	47	46
d-hbsab		N	47	46
d-hbsag		N	47	46
d-hcvab		N	47	46
d-hivagab		N	47	46
d-hsv1abg		N	21	21
d-hsv2abg		N	21	21
d-roms		N	11	11
d-toxoabg		N	47	46
d-toxoabm		N	47	46
d-trpaab		N	47	46
d-vitamiini-25-oh	nmol/l	N	467	452
d-vitamiini-25-oh	nmol/l	A	152	140
d-vitamiini-25-oh		N	6	6
d-vitamiini-25-oh,d3-jad2-muodot	nmol/l	A	25	25
d-vitamiini-25-oh,d3-jad2-muodot	nmol/l	N	194	180
d-vitamiini-25-oh,hepariiniplasmasta	nmol/l	N	20	19
d-vitamiini-25-oh,plasmasta	nmol/l	N	592	436
d-vitamiini-25-oh,plasmasta	nmol/l	A	102	85
d.pteronys		A	104	97
d.pteronys	u/ml	A	101	98
d.pteronys		N	10	10
dcos-b1		N	7	7
dehydroepiandrosteroni,sulfaatti	umol/l	N	10	8
dermatofyytit		N	33	32
dermatofyytit		A	10	9
dermatofyytitryhmä,nukleiinihappo(kval)		A	15	15
dermatofyyttiosatutkimus		N	12	9
dermatophagoidespteronyssimus,igevasta-aineet	u/ml	N	31	31
dermatophagoidespteronyssimus,igevasta-aineet	u/ml	A	15	15
dermatophagoidespteronyssinus(d1),ige-vasta-aineet	u/ml	A	8	7
desmetyyliklotsapiini	nmol/l	N	20	12
dgpaba		N	7	7
dgpabg		N	7	7
di-leuk	e6/l	A	127	17
di-na	mmol/l	A	97	26
di-prot	mg/l	N	85	17
di-prot	g/l	A	21	9
di-solut		A	375	13
dialysointiteho		A	313	47
dientamoebafragilis,nukleiinihappo		N	98	95
dientamoebafragilis,nukleiinihappo		A	17	16
dientamoebafragilis,nukleiinihappo-osoitus		N	13	13
dientamoebafragilisnukleiini		N	6	6
dientamoebafragilisnukleiinihappo(kva		N	17	13
dientamoebafragilisnukleiinihappo(kval)		N	18	13
digoksiini,seerumista␤	ug/l	A	26	21
dihomo-gamma-linoleenihappo	%	N	318	258
dihydropyrimidiinidehydrogenaasi-geeninvariaatioidendna-tukimus		N	6	6
dio2-geeninvariaatiotutkimus		N	6	6
dna,natiivi,vasta-aineet	kiu/l	A	40	11
dna,natiivi,vasta-aineet,seerumista	iu/ml	A	27	15
dna,natiivi,vasta-aineeteia		N	24	23
dna,vasta-aineet(natiivi)	kiu/l	N	47	44
dna,vasta-aineet,natiivi	kiu/l	A	38	25
dna,vasta-aineet,natiivi	kiu/l	N	142	120
dna,vasta-aineet,natiivi(doublest	kiu/l	N	19	18
dokosaheksaeenihappo	%	N	318	258
dokosapentaeenihappo	%	N	318	258
down-riski		N	88	80
down-risuh		N	4495	3867
dpteroe		A	24	24
dpteroe	u/ml	A	77	69
dpyd-geeninnuleotidivariaatiot,dna-tutkimus		N	75	73
dpyd-geeninvarianttientutkimusverestä		N	60	60
du-5hiaa	umol/24h	H	8	8
du-5hiaa	umol/24h	A	31	21
du-5hiaa	umol/24h	N	16	16
du-5hiaa	umol	N	13	11
du-5hiaa	umol/24h	L	6	6
du-5hiaa	umol	A	49	36
du-5hiaa		A	13	12
du-a1miglo	mg	A	13	13
du-adr	umol/24h	N	7	7
du-adrnor		N	6	6
du-alb	mg/24h	N	81	65
du-alb	mg/24h	A	699	356
du-alb	mg/24h	H	72	57
du-alb	mg/24h	HH	19	17
du-aldos	nmol	A	258	216
du-aldos	nmol	H	99	91
du-aldos	nmol	N	135	127
du-aldos		A	29	24
du-aldos		H	12	12
du-aldos		N	18	18
du-aldos	nmol/l	N	7	7
du-ca	mmol/24h	H	1221	793
du-ca	mmol/24h	A	4501	2592
du-ca	mmol/24h	N	1397	1144
du-ca		A	179	149
du-ca	mmol/24h	L	202	181
du-ca		N	21	21
du-ca		L	23	23
du-ca	*sai	A	6	6
du-ca(laskennallinen)	mmol	A	14	13
du-cl	mmol	A	113	102
du-cl		A	31	25
du-cl	mmol	N	65	63
du-cl	mmol	H	23	23
du-cl	mmol	L	14	14
du-cl		N	8	8
du-cu	umol	A	31	12
du-cu	umol/24h	A	37	14
du-cu	umol	N	19	19
du-cu		N	20	15
du-cu	umol/24h	N	7	7
du-iglck		A	616	289
du-iglck	mg	N	27	25
du-iglck	g	A	112	76
du-iglck		N	16	14
du-iglcl		A	644	307
du-iglcl	mg	N	13	11
du-iglcl	g	A	81	55
du-iglcl		N	28	25
du-iglcl	g	H	11	6
du-immfix		N	769	486
du-immfix		A	92	51
du-immunoglobuliini,kevyetketjut,lambda	g	A	6	6
du-k	mmol	A	1042	881
du-k	mmol	L	132	124
du-k	mmol	H	180	163
du-k		A	118	103
du-k	mmol	N	137	134
du-k		L	14	14
du-k		H	27	26
du-k		N	14	12
du-kalium	mmol	A	8	8
du-kalsium	mmol	A	30	29
du-kalsium	mmol	N	22	22
du-kors-v	nmol/24h	N	331	277
du-kors-v	nmol/24h	A	658	455
du-kors-v	nmol/24h	L	70	68
du-kors-v	nmol/24h	H	160	113
du-kors-v		H	13	10
du-kors-v		A	49	43
du-kors-v		N	16	15
du-kors-v		L	7	7
du-kors-v	nmol/l	A	7	6
du-krea	mmol	A	695	444
du-krea	mmol	N	209	191
du-krea		A	175	125
du-krea	mmol	L	29	27
du-krea	mmol	H	35	29
du-metanefriini	umol	N	7	6
du-metnef	umol/24h	N	13	12
du-metnef	umol	N	110	106
du-metnef		N	29	29
du-metnef	umol	A	27	19
du-metnor		N	108	101
du-mg	mmol	A	18	17
du-mg	mmol	N	179	173
du-mg		A	8	8
du-moma	umol	A	6	6
du-moma	umol	N	6	6
du-moma		A	6	6
du-mta	umol	N	6	6
du-na	mmol/24h	A	1048	879
du-na	mmol/24h	L	153	145
du-na	mmol/24h	N	393	347
du-na	mmol/24h	H	101	94
du-na		A	152	137
du-na		L	33	33
du-na		H	19	18
du-na		N	40	39
du-natrium	mmol	A	12	10
du-ni	umol	N	8	8
du-noradr	umol/24h	N	7	7
du-normet		A	10	10
du-normet	umol/24h	N	13	12
du-normet	umol/24h	A	57	47
du-normet	umol	N	91	89
du-normet		N	25	25
du-normet	umol	A	55	45
du-normet	nmol	N	7	6
du-oksal	umol/24h	A	165	118
du-oksal	umol/24h	N	214	191
du-oksal	mg/24h	A	71	58
du-oksal		N	10	7
du-oksal	umol/24h	H	63	49
du-pi	mmol	L	38	34
du-pi	mmol	A	139	104
du-pi	mmol	N	83	75
du-pi	mmol	H	11	10
du-pi		A	11	11
du-prot		A	726	409
du-prot	mg	A	7080	2484
du-prot	g/24h	A	5244	2224
du-prot	mg/24h	A	131	57
du-prot	mg	H	1893	1045
du-prot		N	260	205
du-prot	g/24h	H	145	106
du-prot		H	48	37
du-prot	mg	N	180	141
du-prot	mg/24h	H	21	15
du-prot	mg	HH	29	20
du-prot	g/24h	N	25	24
du-prot	mg/24h	N	11	6
du-prot-fr		N	1344	837
du-prot-fr		A	132	56
du-prot.	mg/24h	H	1197	760
du-prot.		N	216	154
du-prot.	mg/24h	A	101	82
du-prot.	mg/24h	N	181	140
du-proteiini	mg	A	127	65
du-proteiini		A	8	8
du-proteiini	g	A	11	11
du-proteiini	mg	H	30	29
du-proteiini	mg	N	21	21
du-proteiini,(du-prot-fr,valetietue)	g	A	15	13
du-proteiini,du-prot-fr:nosatutkimus	mg	A	6	6
du-proteiini,vuorokausivirtsasta	g	H	9	6
du-proteiini␤	g	A	138	74
du-protks	g	A	7	6
du-sitraat	mg/24h	A	71	54
du-sitraat	mmol	A	58	41
du-sitraat	mmol/24h	A	66	47
du-sitraat	mmol/24h	N	11	9
du-sitraat		A	42	31
du-sitraat	mg/24h	L	16	11
du-sitraat	mmol	N	24	18
du-sitraat	mg/24h	N	30	24
du-sitraat	mmol	L	8	6
du-tilavuus	ml	N	22	21
du-uraat		A	7	7
du-uraat	umol	N	14	11
du-uraat	mmol	A	88	85
du-uraat	mmol	L	21	21
du-uraat	mmol	N	29	27
du-uraat	umol	A	12	11
du-urea	mmol	A	980	367
du-urea	mmol	L	29	24
du-urea	mmol	N	7	7
du-urea		N	15	13
du-urea		A	9	9
du-vm		N	32	26
du-vm	ml	N	62	44
du-vmml		N	72	57
du-vmml	ml	N	63	43
dxmr/8.kor	nmol/l	A	18	18
e-6-tgn	umol/l	A	18	17
e-abo-jarh-veriryhmämääritys		N	9	8
e-abo/xko		N	233	102
e-aborh		N	30931	25845
e-abotark		N	70	53
e-abovarm		N	613	241
e-akantos	%	N	15	15
e-antic3d		A	11	10
e-antiigg		A	39	30
e-cdw	%	N	13	12
e-cdw	%	H	18	16
e-cmbc3c		N	247	222
e-cmbc3d		N	251	226
e-cmbiga		N	254	229
e-cmbigg		N	254	229
e-cmbigg		A	11	10
e-cmbigm		N	254	229
e-coli.		N	930	326
e-coomb-o		N	1611	1260
e-coomb-o		A	832	422
e-coombm		N	16	15
e-coombp		N	254	229
e-coombp		A	33	29
e-coombs,suora(polyspesifinen)(kval)		N	39	39
e-coombs,suora(polyspesifinenantiseerumi)(kva		A	7	7
e-coombs,suora(polyspesifinenantiseerumi)(kval)		A	12	11
e-coomc3d		N	1394	1058
e-coomc3d		A	75	25
e-coomigg		N	1391	1055
e-coomigg		A	190	84
e-dysmorf	%	N	15	15
e-eryrtosyytit,keskitilavuus,pikatesti	fl	A	6	6
e-erytbla	e9/l	A	397	130
e-erytrosyytiit,kokojakaumaprosentti	%	N	1730	1082
e-erytrosyytiit,kokojakaumaprosentti	%	A	157	116
e-erytrosyytit,keskitilavuus	fl	A	9738	2182
e-erytrosyytit,keskitilavuus	fl	N	44966	20945
e-erytrosyytit,keskitilavuus	fl	H	4107	1842
e-erytrosyytit,keskitilavuus	fl	L	869	405
e-erytrosyytit,keskitilavuus		N	110	108
e-erytrosyytit,keskitilavuus,poc-tutkimus	fl	N	404	126
e-erytrosyytit,keskitilavuus,poc-tutkimus	fl	H	36	14
e-erytrosyytit,kokojakauma	%	N	11236	5602
e-erytrosyytit,kokojakauma	%	A	36596	5139
e-erytrosyytit,kokojakauma	%	H	3781	949
e-erytrosyytit,kokojakauma		N	81	76
e-erytrosyytit,kokojakaumaindeksi	%	N	600	462
e-erytrosyytit,kokojakaumaindeksi	%	H	10331	1217
e-erytrosyytit,kokojakaumaindeksi	%	A	10525	1274
e-erytrosyytit,kokojakaumaprosentti	%	H	7999	1038
e-erytrosyytit,kokojakaumaprosentti	%	A	314	189
e-erytrosyytit,kokojakaumaprosentti	%	N	17	7
e-erytrosyytit,kokojakumaprosentti	%	A	68	8
e-erytrosyytit,tilavuus	fl	A	5059	1153
e-erytrosyytit,tilavuus	fl	N	4003	1931
e-erytrosyyttienkeskitilavuus	fl	N	7045	3641
e-erytrosyyttienkeskitilavuus	fl	A	504	268
e-fenotty		N	51	16
e-fenoty		N	684	285
e-fenotyypitys		N	28	14
e-fragm	%	N	719	280
e-g6pd	ku/mol	N	9	9
e-hemoglobiini(massa)	pg	A	12207	2422
e-hemoglobiini(massa)	pg	N	4053	1933
e-hemoglobiini(massakonsentraatio)	g/l	A	6451	1894
e-hemoglobiini(massakonsentraatio)	g/l	N	3467	1782
e-hemoglobiini,keskimassa	pg	N	52460	24059
e-hemoglobiini,keskimassa	pg	A	1714	924
e-hemoglobiini,keskimassa	pg	H	1725	883
e-hemoglobiini,keskimassa	pg	L	1755	657
e-hemoglobiini,keskimassa	pg/u	N	678	518
e-hemoglobiini,keskimassa		N	113	111
e-hemoglobiini,keskimassa	pg/u	A	45	39
e-hemoglobiini,keskimassa,poc-tutkimus	pg	N	419	128
e-hemoglobiini,keskimassa,poc-tutkimus	pg	L	16	7
e-hemoglobiini,keskimassa,poc-tutkimus	pg	H	13	7
e-hemoglobiini,keskimassakonsentraatio	g/l	A	10734	3221
e-hemoglobiini,keskimassakonsentraatio	g/l	N	54244	23531
e-hemoglobiini,keskimassakonsentraatio	g/l	L	4802	1873
e-hemoglobiini,keskimassakonsentraatio		N	153	142
e-hemoglobiini,keskimassakonsentraatio	g/l	H	72	64
e-hemoglobiini,keskimassakonsentraatio,vieritutkimus	g/l	A	8	6
e-hemoglobiini,keskimassakonsentraatiopoc-tutkimus	g/l	N	397	126
e-hemoglobiini,keskimassakonsentraatiopoc-tutkimus	g/l	L	49	16
e-hemoglobiinikeskimassa	pg	N	160	133
e-hypokr	%	A	92	35
e-kokojakauma	%	H	2130	692
e-kokojakauma	%	N	9282	3499
e-kokojakauma	%	A	4371	1391
e-kokojakauma		N	40	19
e-kupari	umol/l	N	8	8
e-luov-vr		N	197	154
e-mch	pg	N	2363175	313347
e-mch	pg	A	914275	96109
e-mch	pg	L	211076	31263
e-mch	pg	H	266342	36679
e-mch	pg/cell	N	18625	2048
e-mch		N	2687	2244
e-mch		A	7637	1968
e-mch	pg/cell	A	2661	470
e-mch	fl	N	310	275
e-mch	fl	A	9	9
e-mch		L	223	213
e-mch		H	25	25
e-mch	g/l	N	8	7
e-mchc	g/l	N	1676618	220593
e-mchc	g/l	L	543807	78494
e-mchc		A	7166	2590
e-mchc	g/l	A	685577	99273
e-mchc	g/l	H	45081	21734
e-mchc	g/l	LL	5778	1399
e-mchc		N	2242	1818
e-mchc	g/l	HH	189	135
e-mchc		L	306	284
e-mchc	pg	N	14	12
e-mchc	%	N	7	7
e-mchcp	g/l	N	1004	184
e-mchcp	g/l	L	266	58
e-mchcp	g/l	H	11	7
e-mchp	pg	N	1146	186
e-mchp	pg	L	92	17
e-mchp	pg	H	41	10
e-mcv	fl	H	438332	54421
e-mcv	fl	N	2322543	312472
e-mcv	fl	A	1049188	109724
e-mcv	fl	L	134752	26838
e-mcv	%	N	3070	1339
e-mcv		N	2542	2177
e-mcv		A	7382	1961
e-mcv	pg	N	302	268
e-mcv	pg	A	18	16
e-mcv	l/l	N	121	53
e-mcv	e12/l	N	105	54
e-mcv		L	212	206
e-mcv	%	A	62	46
e-mcv	l/l	A	51	22
e-mcv	e12/l	A	81	37
e-mcv		H	51	48
e-mcv(erytrosyytit,keskitilavuus)	fl	A	4492	1446
e-mcvp	fl	N	1126	183
e-mcvp	fl	H	100	23
e-mcvp	fl	L	56	13
e-mg		N	11	11
e-plas-o		N	37	20
e-plasnho		N	93	52
e-punasolujenkokojakaum	%	N	6420	6008
e-punasolujenkokojakaum	%	H	2842	2621
e-punasolujenkokojakauma	%	A	43983	8026
e-punasolujenkokojakauma	%	N	41261	16815
e-punasolujenkokojakauma		A	874	275
e-punasolujenkokojakauma		N	143	135
e-punasolujenkokojakauma	%	H	2056	564
e-punasolujenkoonvaihtelu	%	N	22	20
e-rdv	%	A	1009	269
e-rdv	%	N	957	547
e-rdv	%	H	30	23
e-rdv		N	7	7
e-rdw	%	N	1312639	172108
e-rdw	%	H	804818	68104
e-rdw	%	A	1128451	85980
e-rdw		N	3221	1860
e-rdw		A	20673	3776
e-rdw		H	62	51
e-rdw(19976e-rdw),osatutkimus	%	N	143	127
e-rdw(19976e-rdw),osatutkimus	%	A	18	9
e-rdw(9057e-rdw),osatutkimus	%	N	6	6
e-rdw(ko)	%	N	98	96
e-rdw(ko)	%	A	6	6
e-rdw,kokojakauma	%	N	131	84
e-rdw,kokojakauma	%	A	10	8
e-rdw,osatutkimus(19976e-rdw)	%	N	1477	940
e-rdw,osatutkimus(19976e-rdw)	%	A	100	57
e-rdw,osatutkimus(e-rdw)	%	N	3515	1850
e-rdw,osatutkimus(e-rdw)	%	A	216	104
e-rdw,osatutkimus(e-rdw)		N	8	7
e-rdw,punasolujenkokojakauma	%	A	8341	1176
e-rdw,punasolujenkokojakauma	%	N	48	47
e-rdw␤	%	A	2435	301
e-rdw␤		A	316	76
e-redcelldistributionwidth	%	A	855	301
e-redcelldistributionwidth	%	N	1792	1039
e-redcelldistributionwidth		N	11	11
e-rethe	pg	A	2415	1583
e-rethe		A	29	27
e-rethe	pg	L	1058	748
e-rethe	pg	N	841	746
e-rethe	pg	H	117	66
e-rethe,osatutkimus(e-rethe)	pg	N	12	10
e-reti-ma	%	N	119	28
e-retik	%	A	30297	11334
e-retik	%	N	19664	11986
e-retik	%	H	11569	5483
e-retik	%	L	1122	584
e-retik		N	185	64
e-retik	%	HH	17	13
e-retik		A	266	136
e-retik	pg	N	13	13
e-retik	%	LL	17	16
e-retik-k	%	A	9	9
e-retikulosyytit	%	H	630	308
e-retikulosyytit	%	N	252	234
e-retikulosyytit	%	L	42	27
e-retikulosyytit	%	A	417	240
e-retikulosyytit,osatutk.	%	N	17	15
e-retikulosyyttienkeskimääräinenhemoglobiininmäärä		A	14	14
e-retikulosyyttienkeskimääräinenhemoglobiininmäärä	pg	A	141	120
e-rhdjatk		N	19	19
e-rwd	%	N	40	37
e-sprcoom		A	113	59
e-veriryhmä,abojarh		N	24	20
e-veriryhmä,muuttuminenallogeenisenkantasolusiirronjälkeen		N	8	8
e-veriryhmä,tarkistus		N	4822	3513
e-veriryhmäjarh		N	258	204
e-veriryhmäjarhtarkistus		N	20	12
e-vr-ty		N	58	58
e-vr-ty2		N	36	35
e-vrtark		N	75864	36017
edta-veril		N	83	14
ehec(enterohemorraaginene.coli)		N	428	344
ehecnho		N	197	181
ehecnho		A	34	20
eikosadieenihappo	%	N	319	259
eikosapentaeenihappo	%	N	319	259
eikoseenihappo	%	N	318	258
eikäytössä	ug/l	A	19	9
eikäytössä	mg/l	A	15	14
eitullut		N	20	20
eivoitu		N	36	36
ej-ab		N	26	26
ekg		N	1133	441
ekg,12kytkentäälevossa		N	222	209
ekg,12kytkentäälevossa(asiakkaanottama)		N	17	16
ekg,12kytkentäälevossa(asiakkanottama)		N	285	211
ekg,oma(9526pt-ekg-oma)		N	59	55
ekg,oma(pt-ekg-oma)		N	61	46
ekg-12		N	33118	22105
ekg-12	form	N	38	36
ekg-12		IND	46	44
ekg-12	tehtu	N	12	11
ekg-12		A	9	9
ekg-12kytkentäälevossa		N	458	423
ekg-24h		N	360	332
ekg-24h		A	8	8
ekg-48l		N	9	9
ekg-atk		N	12171	8771
ekg-pao		N	8	8
ekg-tutkimus,tth		N	6	6
ekg:npitkäaikaisrekisteröinti24h		N	9	9
ekgasiakkaanottama		N	10	8
elastaasi1	ug/g	A	16	8
elektroneuromyografia,rannekanava		A	101	90
eläinallergeeniryhmä		N	6	6
emäsylimäärä,arteriaverestä,osatutk.	mmol/l	A	28	17
emäsylimäärä,arteriaverestä,osatutk.		A	13	10
emäsylimäärä,kapillaariveri		A	517	246
emäsylimäärä,kapillaariveri	mmol/l	A	846	546
emäsylimäärä,kapillaariveri	mmol/l	N	1080	732
emäsylimäärä,kapillaariveri		N	6	6
emäsylimäärä,kapillaariveri	mmol/l	H	1024	394
emäsylimäärä,kapillaariveri	mmol/l	L	581	284
emäsylimäärä,laskimoverestä,pikatesti␤		A	210	160
emäsylimäärä,laskimoverestä,pikatesti␤	mmol/l	A	174	133
emäsylimäärä,laskimoveri	mmol/l	A	1244	890
emäsylimäärä,laskimoveri		A	541	308
emäsylimäärä,valtimoveri	mmol/l	A	737	349
emäsylimäärä,valtimoveri	mmol/l	H	88	46
emäsylimäärä,valtimoveri		A	164	100
emäsylimäärä,venaverestä,osatutk.		A	24	8
emäsylimäärä,venaverestä,osatutk.	mmol/l	A	14	10
ena,seulontatutkimus		N	33	33
ena,seulontatutkimus		A	12	12
endomysium,igavasta-aineet		N	21	21
ennaltamääritellyngeenineksonienemäsmuutostenjapientenkopiolukumuutostentutkimusngs-menetelmällä		N	58	58
enrirsvnho		A	65	28
entamoebahistolytica,nukleiinihappo		N	115	109
entamoebahistolytica,nukleiinihappo-osoitus		N	14	13
entamoebahistolyticanukleiin		N	6	6
entamoebahistolyticanukleiinihappo(kv		N	17	13
entamoebahistolyticanukleiinihappo(kval)		N	18	13
enterokokki,vankomysiiniresistentti,viljely		N	29	18
enterovirus,nukleiinihappo(kval),likvori		N	12	11
eos	%	N	8864	1754
eos	%	A	20028	7318
eos	e9/l	A	1558	157
eos	%	H	958	365
eos	%	L	54	25
eos		N	6	6
eosin	%	H	1698	1427
eosin	%	L	1633	1335
eosin		A	462	28
eosin		L	17	17
eosinofiilit	%	L	1382	783
eosinofiilit	%	A	876	591
eosinofiilit	%	N	12985	6660
eosinofiilit	%	H	972	612
eosinofiilit	e9/l	N	609	475
eosinofiilit	e9/l	A	63	43
eosinofiilit		A	9	9
eosinofiilit		N	17	12
eosinofiilit(690l-eos),osatutkimus	%	N	13	10
eosinofiilit,5-osa	%	N	3482	3111
eosinofiilit,5-osa	%	L	442	388
eosinofiilit,5-osa	%	H	418	385
eosinofiilit,abs,konediffi	e9/l	N	40	35
eosinofiilit,absol.arvot	e9/l	L	445	283
eosinofiilit,absol.arvot	e9/l	N	13198	6625
eosinofiilit,absol.arvot	e9/l	A	542	354
eosinofiilit,absol.arvot	e9/l	H	812	545
eosinofiilit,absol.arvot		N	16	14
eosinofiilit,absol.arvot(39b-eos),osatutkimus	e9/l	N	14	10
eosinofiilit,absol.arvot,osatutkimus(39b-eos)	e9/l	N	107	90
eosinofiilit,absol.arvot,osatutkimus(39b-eos)	e9/l	A	7	6
eosinofiilit,absol.arvot,osatutkimus(b-eos)	e9/l	N	79	66
eosinofiilit,absoluuttiset/tvk	%	N	9	6
eosinofiilit,konediffi(),osatutk.b-diffi	%	L	186	70
eosinofiilit,konediffi(),osatutk.b-diffi	%	H	131	44
eosinofiilit,käsidiffi(),osatutk.b-diffi	%	L	22	10
eosinofiilit,osatutkimus(690l-eos)	%	N	103	86
eosinofiilit,osatutkimus(690l-eos)	%	A	11	10
eosinofiilit,osatutkimus(9113l-eos)	%	N	6	6
eosinofiilit,osatutkimus(l-eos)	%	N	78	65
eosinofiilit,osuus	%	N	2608	2303
eosinofiilit,osuus	%	L	127	105
eosinofiilit,osuus	%	H	252	235
eosinofiilit,verestä(b-eos)	e9/l	N	53	47
eosinofiilit,verestä(b-eos)	e9/l	A	8	6
eosinofiilit-osuus	%	N	1005	879
eosinofiilit-osuus	%	A	172	154
eosinofiilit-osuus	%	L	12	10
eosinofiilit-osuus	%	H	11	11
eosinofiilit-osuus(diffi)	%	N	122	104
eosinofiilit-osuus(diffi)	%	A	75	50
eosinofiilitabs,konediffi,osatutk.b-diffi	e9/l	L	103	24
eosinofiilitabs,konediffi,osatutk.b-diffi	e9/l	H	130	46
eosinofiilitdiffissä		A	8	7
eosinofiilitosatutk.2225diffi	%	N	26	21
eosinofiilitosatutk.2225diffi	%	A	7	7
eosinofiilitosuus	%	N	1195	991
eosinofiilitosuus	%	L	102	85
eosinofiilitosuus	%	H	76	75
eosonofiilit	%	N	22	17
epidermophytonfloccosum		N	203	196
epidermophytonfloccosum,nukleiinihappo(kval)		N	7	7
epididymaalinenantigeeni4(he4)	pmol/l	A	11	11
epiteelisolut	e6/l	N	11	9
epiteelisolut,virtsa	e6/l	A	1405	888
epiteelisolut,virtsa	e6/l	N	29	24
epiteelisolut,virtsasta	e6/l	A	668	493
epiteelisolut,virtsasta,partikkelinlaskijalla,osatutk.	e6/l	A	13	13
epiteelit	e6/l	A	847	731
epiteelit	e6/l	N	3976	2648
epiteelit	e6/l	H	82	69
epoc-laitteellatehtäväpikatesti,osavastausp-k	1	N	50	34
epoc-laitteellatehtäväpikatesti,osavastausp-k		N	17	12
epoc-laitteellatehtäväpikatesti,osavastausp-k	1	L	13	9
epoc-laitteellatehtäväpikatesti,osavastausp-krea	1	H	19	15
epoc-laitteellatehtäväpikatesti,osavastausp-krea		L	10	7
epoc-laitteellatehtäväpikatesti,osavastausp-krea	1	N	40	27
epoc-laitteellatehtäväpikatesti,osavastausp-krea		N	9	8
epoc-laitteellatehtäväpikatesti,osavastausp-krea	1	L	7	6
epoc-laitteellatehtäväpikatesti,osavastausp-na	1	N	46	33
epoc-laitteellatehtäväpikatesti,osavastausp-na	1	L	16	11
epoc-laitteellatehtäväpikatesti,osavastausp-na		N	19	12
epstein-barrinvirus,tuma-antigeeni,vasta-aineet,seerumista		A	85	70
epstein-barrvirus,igg-vasta-aineet,osatutk.1335		A	7	7
epstein-barrvirus,igg-vasta-aineet,osatutk.1335	u/ml	A	9	9
erik.näyte		H	41	36
erikoiskäsittely		N	23	9
eryt		H	609	471
eryt		HH	38	31
eryt	e6/l	H	2085	1503
eryt	e6/l	HH	41	36
eryt		A	90	67
eryt	e6/l	A	339	228
erytroblastit	e9/l	N	69997	21701
erytroblastit	e9/l	H	2294	531
erytroblastit	e9/l	A	2366	785
erytroblastit		N	457	388
erytropoietiini	iu/l	A	14	14
erytropoietiini,seerumista	iu/l	A	17	16
erytrosyytit	e6/l	N	4105	2868
erytrosyytit	e12/l	A	4667	1189
erytrosyytit	e12/l	N	3286	2301
erytrosyytit	e6/l	A	1124	882
erytrosyytit	e6/l	H	107	79
erytrosyytit		N	95	87
erytrosyytit	u/field	N	44	23
erytrosyytit(b-eryt)	e12/l	N	57	49
erytrosyytit(kval)	estimate	N	1330	986
erytrosyytit(kval)		N	149	116
erytrosyytit,keskitilavuus	fl	N	1231	974
erytrosyytit,keskitilavuus	fl	A	127	96
erytrosyytit,keskitilavuus(e-mcv)	fl	N	58	50
erytrosyytit,keskitilavuus,pvkosatutkimus	fl	N	78	44
erytrosyytit,kokojakauma	%	N	235	173
erytrosyytit,punasoluindeksi		N	55	30
erytrosyytit,pvkosatutkimus	e12/l	N	62	37
erytrosyytit,pvkosatutkimus	%	N	67	43
erytrosyytit,pvkosatutkimus	e12/l	L	16	7
erytrosyytit,pvkosatutkimus	%	L	13	6
erytrosyytit,selkäydinneste	e6/l	A	17	17
erytrosyytit,tilavuusosuus	ratio	A	3998	1090
erytrosyytit,tilavuusosuus	ratio	N	3400	2367
erytrosyytit,tilavuusosuus		N	9	9
erytrosyytit,tilavuusosuus(b-hkr)	%	N	60	52
erytrosyytit,verestä,pikatesti	e12/l	A	14	13
erytrosyytit,virtsa	e6/l	A	1748	972
erytrosyytit,virtsa	e6/l	N	27	23
erytrosyytit,virtsansolujenerittelylaskenta	u/field	A	14	6
erytrosyytit,virtsasta,partikkelinlaskijalla,osatutk.	e6/l	A	50	35
escherichiacoli,nukleiinihaponosoitusosatutk.		A	7	6
escherichiacolik1,nukleiinihappo(kval),likvori		N	12	11
etanoli,plasma	promille	A	64	36
etanoli,plasma		A	24	23
etec(enterotoksigeeninene.coli)		N	429	345
etecnho		N	232	212
etecnho		A	14	14
eturauhasenpaksuneulanäyte		A	12	12
ex-bakteeri,viljely		A	110	73
ex-bakteeri,viljely,yskös		A	19	13
ex-bakteeri,viljelyysköksestä		A	11	9
ex-baktvi		A	2514	1165
ex-baktvi		N	771	380
ex-baktvr		A	51	22
ex-baktvr		N	28	15
ex-eos		A	39	37
ex-eos		N	13	10
ex-neut		A	57	53
ex-sieni,viljely,yskös		A	71	37
ex-syto		N	90	43
ex-tbvi		N	26	11
ex-tbvrvi		A	508	158
ex-tbvrvi		N	5169	1466
ex-tuberkuloosibakteeri,vr+vi		N	33	6
ex-tuberkuloosibakteeri,värjäysjaviljely		A	14	10
extra		N	145	117
f-actimfecalblood(pi)		N	17	9
f-adenag		N	161	111
f-adenag		A	8	8
f-adennho		N	19	17
f-adenonho		N	35	35
f-adenonho		A	7	6
f-adenovirus,nukleiinihappo		N	7	7
f-adenovirus,nukleiinihappo(kval)		N	12	12
f-adenovirus,nukleiinihappo(kval),osatutk.		N	12	12
f-antitry	ug/g	N	200	125
f-antitry		N	23	21
f-antitry		A	54	23
f-antitry	ug/g	A	94	63
f-antitry	ug/g	H	23	18
f-antitry		H	13	9
f-astrnho		N	41	39
f-astrnho		A	13	11
f-astronho		N	35	35
f-astronho		A	11	11
f-astrovirus,nukleiinihappo		N	7	7
f-astrovirus,nukleiinihappo(kval)		N	8	8
f-bakteeri,viljely-janukleiinihappo(kval)ulosteesta		N	7	6
f-bakteeri,viljely1(salmon,shig,yers,campylo)		N	16	16
f-bakteeri,viljely1(salmon,shig,yers,campylo)(pi)		N	9	9
f-bakteeri,viljely1(salmonella,shigella,yersinia,campylobacter)		N	24	21
f-bakteeri,viljely3		N	8	8
f-bakteeri,viljely3(viljely1+b.cereus,c.perfringens,s.aureus)		A	10	10
f-bakteeri,viljely3(viljely1+bacilluscereu		A	13	13
f-bakteeri,viljelyjanukleiinihappo(kval),ulosteesta		N	36	35
f-bakteerijatkoviljely		A	8	8
f-bakteeripatogeenit,jatkoviljely		N	7	7
f-bakteeripatogeenit,nukleiinihaponosoitus		N	31	28
f-bakteeripatogeenit,nukleiinihaponosoitus(pcr)		N	13	13
f-bakteeripatogeenit,nukleiinihaponosoitus(pcr)		A	16	16
f-bakteeripatogeenit,nukleiinihaponosoitus(pcr)(ko)		N	20	19
f-bakteeripatogeenit,nukleiinihaponosoitus(pcr),osatutk.		N	9	9
f-bakteeripatogeenit,nukleiinihaponosoitus(pcr),ulosteesta		N	19	19
f-bakteerit,nukleiinihappo(kval)uloste		N	12	11
f-baktjvi		A	17	15
f-baktjvi		N	19	17
f-baktnho		A	302	273
f-baktnho		N	1153	1079
f-baktvi1		N	2965	2704
f-baktvi1		A	127	126
f-baktvi2		A	12	11
f-baktvi2		N	140	131
f-baktvi3		N	108	104
f-baktvi3		A	53	53
f-baktvip		N	6526	5360
f-baktvip		A	1008	918
f-bio		N	24	24
f-blasnho		N	6	6
f-blastocystishominis,nukleiinihappo(kval)		N	14	12
f-blod-1		N	47	37
f-blod-2		N	45	36
f-blod-3		N	46	37
f-calpro	ug/g	N	21193	15039
f-calpro		N	2666	2467
f-calpro	ug/g	H	21770	9845
f-calpro	ug/g	A	44712	15557
f-calpro		A	1216	828
f-calpro		H	247	192
f-calpro2	ug/g	A	219	114
f-calpro2		A	10	7
f-calprotectin	ug/g	N	30	30
f-calprotectin		N	9	9
f-calprotectin	ug/g	A	35	33
f-calprotectin,ulosteesta		A	8	6
f-campjvi		A	22	21
f-campnho		N	119	111
f-campnho		A	26	26
f-campvi		N	443	415
f-campvi		A	425	411
f-campylobacter,nukleiinihappo(kval),osatutk.		N	11	11
f-campylobacter,viljely		N	167	164
f-campylobacterspp,nukl.haponosoitus		N	44	28
f-campylobacterspp.(jejuni&coli),nukl.haponos		N	29	28
f-campylobakteeri,viljely		N	118	110
f-campylobakteeri,viljely		A	10	10
f-cdltnho		N	423	289
f-clditox		A	29	22
f-clditox		N	8	8
f-cldivi		A	71	45
f-cldivi		N	19	19
f-cldivit		A	60	46
f-cldivit		N	69	69
f-cldivtx		N	31	25
f-cldtnho		N	7972	5936
f-cldtnho		A	3106	2029
f-clostridioidesdifficile,nukleiinihappo(kval)		A	79	52
f-clostridiumdifficile,nukleiinihappo(kval),kiireellisenä		A	11	8
f-clostridiumdifficile,toksigeeni,nukleiinihappo		N	7	6
f-clostridiumdifficile,toksiinigeeni,nu.h(kval		A	14	13
f-clostridiumdifficile,toksiinigeeni,nukleiinihappo(kval)		N	113	103
f-clostridiumdifficile,toksiinigeeni,nukleiinihappo(kval)		A	47	36
f-clostridiumdifficile,toksiinigeeni,nukleiinihappo(kval),ulosteesta		N	7	7
f-clostridiumdifficile,toksiinigeeni,nukleiinihappo(kval),ulosteesta(ko)		N	6	6
f-clostridiumdifficile,viljely		N	35	33
f-clostridiumdifficile,viljelyjatoksiininosoittaminen		N	11	11
f-clpevi		A	12	11
f-crypag		N	6	6
f-crypnho		A	36	35
f-crypnho		N	98	90
f-cryptosporidium(c.parvumjac.hominis),nukleiinihappo-osoitus		N	52	47
f-cryptosporidium(c.parvumjac.hominis)nukleiinihappo-osoitus		N	10	9
f-cryptosporidiumparvum,nukleiinihappo		N	22	17
f-cryptosporidiumspp.(c.parvum/c.hominis)nho		N	9	9
f-cryptosporidiumspp.(c.parvum/c.hominis)nukl.haponos		N	10	10
f-cryptosporidiumspp.,nukleiinihappo(kval)		N	15	13
f-cryptosporodiumin,nukleiinihappo		N	11	11
f-crypvr		A	18	17
f-crypvr		N	14	13
f-cyclnho		N	8	8
f-cyclosporacayetanensis,nukleiinihappo(kval)		N	28	23
f-cyclosporacayetanensis,nukleiinihappo(kval),osatutk.		N	9	9
f-diennho		A	91	61
f-diennho		N	29	26
f-dientamoeabafragilis,nukleiinihappo(kval)		N	8	6
f-dientamoebafragilis,nukleiinihappo		N	13	13
f-dientamoebafragilis,nukleiinihappo		A	16	13
f-dientamoebafragilis,nukleiinihappo(kval)		N	10	10
f-difrnho		A	23	14
f-difrnho		N	14	14
f-eaec(enteroaggregatiivinene.coli),nukleiinihappo(kval)		N	22	20
f-ehec		N	15	12
f-ehec(enterohemorraaginene.coli),nukl.haponos		N	29	28
f-ehecnho		A	11	9
f-ehecnho		N	158	149
f-ehecvtx		A	82	36
f-ehecvtx		N	8	7
f-ehisnho		N	54	47
f-ehistnh		N	9	8
f-ehistnho		N	27	27
f-elast1	ug/g	A	3566	2291
f-elast1		A	1336	913
f-elast1	ug/g	N	1273	1161
f-elast1		N	931	860
f-elast1	ug/g	L	970	677
f-elast1		L	356	334
f-elast1	ug/g	H	282	196
f-elastaasi-1	ug/g	L	24	20
f-elastaasi-1	ug/g	N	19	18
f-elastaasi-1		N	13	13
f-elastaasi-1	ug/g	A	12	8
f-elastaasi1	ug/g	A	96	74
f-elastaasi1		N	23	22
f-elastaasi1	ug/g	N	26	25
f-entamoebahistolytica,nukleiinihappo		N	32	27
f-entamoebahistolytica,nukleiinihappo(kval)		N	18	17
f-entamoebahistolytica,nukleiinihappo-osoitus		N	62	56
f-entamoebahistolyticanukl.haponos.		N	12	12
f-entamoeban,nukleiinihappo		N	11	11
f-entanho		N	7	7
f-enterohemorraaginene.coli,nukl.haponosoitus		N	44	28
f-enterotoksigeeninene.coli,nukl.haponosoitus		N	44	28
f-enve-o		N	167	111
f-enve-o		A	12	9
f-epec(enteropatogeeninene.coli),nukleiinihappo(kval)		A	14	12
f-epec(enteropatogeeninene.coli),nukleiinihappo(kval)		N	10	9
f-epec(enteropatogeeninene.coli),nukleiinihappo(kval),osatutk.		N	11	11
f-etec(enterotoksigeeninene.coli),nukl.haponos		N	29	28
f-etecnho		N	129	120
f-etecnho		A	11	10
f-fentamoebahistolytica,nukleiinihappo(kval)		N	10	7
f-giarag		N	6	6
f-giardialambia,nukleiinihappo(kval)		N	10	7
f-giardialamblia,nukleiinihappo		N	23	18
f-giardialamblia,nukleiinihappo(kval)		N	27	26
f-giardialamblia,nukleiinihappo-osoitus		N	62	56
f-giardialamblianukleiinihappo		N	127	106
f-giardian,nukleiinihappo		N	11	11
f-giarnho		N	101	92
f-giarnho		A	15	7
f-gicrag		N	11	10
f-gryptosporidium		N	118	97
f-hb-hum		A	202	93
f-hb-o		N	263	128
f-hb-o		A	188	134
f-hb-o-2		A	12	12
f-hb-o-3		A	15	14
f-hb-o2		A	26	25
f-hb-o3		A	31	30
f-helicobacterpylori,antigeeni		N	180	160
f-helicobacterpylori,antigeeni		A	108	95
f-hemoglobiini(kval)(ko)		N	113	42
f-hemoglobiini,ihmisen		N	13	9
f-hemoglobiini,ihmisen(kval)		A	36	25
f-hemoglobiini,ihmisen(kval)		N	85	54
f-hemoglobiini,ihmisen(kval)(pi)		N	72	32
f-hemoglobiini,ihmisen(kval)(pi)		A	17	10
f-hemoglobiini,ihmisen(kval),ulosteesta		N	35	20
f-hemoglobiini,ihmisen(kvan)		N	73	48
f-hemoglobiini,ihmisen(kvant)		N	27	13
f-hemoglobiini2		N	9	8
f-hemoglobiiniihmisen(kval)		A	9	9
f-hemoglopiini3		N	9	8
f-hepyag		N	7135	6203
f-hepyag		A	1604	1265
f-hhb	ug/g	H	324	257
f-hhb		N	254	163
f-hhb-1		N	400	320
f-hhb-2		N	400	320
f-hhb-o		A	4217	2392
f-hhb-o		N	9194	4251
f-hhb-o	form	N	16	8
f-hhb-o1		N	23	23
f-hhb-o2		N	25	25
f-hhb-o3		N	25	25
f-hiivavi		N	11	11
f-kalprotektiini	ug/g	N	288	280
f-kalprotektiini	ug/g	A	331	227
f-kalprotektiini		N	88	84
f-kalprotektiini	ug/g	H	125	116
f-kalprotektiini,feia	ug/g	A	371	214
f-kalprotektiini,ulosteesta	ug/g	A	330	246
f-kalprotektiini,ulosteesta		N	18	18
f-kalprotektiini,ulosteesta	ug/g	N	55	53
f-kalprotektiini,ulosteesta		A	27	23
f-kamp-vi		N	6	6
f-kystat		N	460	263
f-kystat		A	363	212
f-kystat/f-parasiitit		N	100	61
f-madonmunatjatoukat		N	35	19
f-madonmunatjatoukat/f-parasiitit		N	100	61
f-mikrobit,nukleiinihaponosoitus(kval)ulosteesta		A	20	19
f-mm-o		N	54	27
f-mm-touk		N	373	217
f-norogi		N	37	29
f-norogii		A	27	25
f-norogii		N	24	22
f-noronho		N	2254	1948
f-noronho		A	1179	1081
f-norovirus,nukleiinihappo		N	34	31
f-norovirus,nukleiinihappo(kval)		N	32	31
f-norovirus,nukleiinihappo(kval)		A	199	181
f-pakkasl		N	19	13
f-para-o		A	356	231
f-para-o		N	2123	1287
f-paranho		N	3247	2811
f-paranho		A	660	416
f-paranho.		A	9	9
f-parasiitit		N	7	7
f-parasiitit(kval)		A	10	9
f-parasiitit(kval)		N	18	13
f-perfrvi		A	18	18
f-plesiomonasshigelloides,nukl.haponos		N	9	9
f-plesiomonasshigelloides,nukl.haponosoitus		N	44	28
f-plesiomonasshigelloides.,nukl.haponos		N	20	19
f-plesnho		N	128	119
f-pporf	nmol/g	A	12	9
f-projekti		N	47	28
f-rotaag		N	170	117
f-rotaag		A	8	8
f-rotanho		N	55	53
f-rotanho		A	7	7
f-rotavirus,nukleiinihappo		N	267	212
f-rotavirus,nukleiinihappo(kval)		N	10	10
f-rotavirus,nukleiinihappo(kval),osatutk.		N	12	12
f-rotavirusnukleiinihappo		N	20	17
f-salmjvi		A	6	6
f-salmnho		N	180	159
f-salmonella,viljely		N	396	297
f-salmonellaspp.,nukl.haponos		N	29	28
f-salmonellaspp.,nukl.haponosoitus		N	44	28
f-salmvi		N	3741	2639
f-salmvi		A	337	152
f-salmvi	form	N	17	10
f-saponho		N	54	52
f-saponho		A	32	26
f-sapovirus,nukleiinihappo		N	6	6
f-sapovirus,nukleiinihappo(kval)		N	10	10
f-sapovirus,nukleiinihappo(kval),osatutk.		N	12	12
f-shigella,viljely		N	300	287
f-shigellaspp./eiec(enteroinvasiivinene.coli),nukl.haponos		N	20	19
f-shigellaspp./eiec(enteroinvasiivinene.coli)nukl.haponos		N	12	12
f-shigellaspp./enteroinvasiivinene.coli,nukl.haponosoitus		N	44	28
f-shignho		N	126	117
f-shigvi		N	464	427
f-shigvi		A	17	13
f-soke-o		N	7	6
f-stafvi		A	6	6
f-transf2		A	12	12
f-transf3		A	13	13
f-transfo		A	29	27
f-tricna		N	256	224
f-tutk		N	13	9
f-uloste		N	40	36
f-ulosteenbakteeripatogeenit,nukleiinihaponosoitus		A	50	50
f-ulosteenbakteeripatogeenit,nukleiinihaponosoitus		N	20	20
f-ulosteenbakteeripatogeenit,nukleiinihaponosoitus,ulosteesta		N	12	12
f-ulosteenparasiitit,nukleiinihappo(kval),ulosteesta		N	13	9
f-veri-o		A	42	28
f-vibrioparahaemolyticusnukleiinihappo(kval)		N	11	9
f-vibrioparahaemolyticusnukleiinihappo(kval),osatutk.		N	10	10
f-vibriospp,nukl.haponosoitus		N	44	28
f-vibriospp.(vulnificus/parahaemolyticus/cholerae),nukl.haponos		N	20	19
f-vibriospp.(vulnificus/parahemolyticus/cholerae)nukl.ha		N	9	9
f-vibriovulnificusnukleiinihappo(kval)		N	11	9
f-vibriovulnificusnukleiinihappo(kval),osatutk.		N	11	11
f-vibrnho		N	109	103
f-vichnho		N	16	14
f-virag		N	144	92
f-virnho		A	189	151
f-virnho		N	49	48
f-viruspatogeenit,nukleiinihaponosoitus(kval)		N	13	12
f-viruspatogeenit,nukleiinihappo(kval)		A	125	111
f-vre-vi		N	8	7
f-yersinia,nukleiinihappo(kval),osatutk.		N	9	9
f-yersinia,viljely		N	295	285
f-yersiniaenterocolitica,,nukl.haponos		N	9	9
f-yersiniaenterocolitica,nukl.haponosoitus		N	44	28
f-yersiniaenterocolitica.,nukl.haponos		N	20	19
f-yersnho		N	116	108
f-yersnho		A	16	15
f-yersvi		N	462	431
f-yersvi		A	109	108
farmakogeneettinenlaajatesti		N	8	8
farmakogeneettinenlaajatestipaneeli		N	36	36
farmakogeneettinenlaajatestipaneeli,dna-tutkimusverestä		N	38	38
farmakogeneettinenpaketti		N	6	6
farmakogeneettinenpaneeli		N	10	10
farmakogeneettinenpaneelitutkimus		N	69	69
farmr		N	22	22
fb-b1-vit	nmol/l	N	626	595
fb-b1-vit	ug/l	N	137	123
fb-b1-vit		N	27	20
fb-b1-vit	nmol/l	A	116	105
fb-b1-vit	ug/l	A	51	46
fb-b1-vit	nmol/l	H	21	21
fb-b1-vit	nmol/l	L	8	8
fb-b1-vit		H	6	6
fb-b1-vit	ug/l	H	9	9
fb-b1-vitamiini	nmol/l	N	15	15
fb-b6-vit	nmol/l	A	251	197
fb-b6-vit		A	90	76
fb-b6-vit	nmol/l	H	76	65
fb-b6-vit		H	8	7
fb-b6-vit	nmol/l	N	9	9
fb-b6-vit		N	13	13
fb-b6-vit-vitamiini	nmol/l	H	10	9
fb-b6-vitamiini	nmol/l	N	58	54
fb-b6-vitamiini	nmol/l	A	21	17
fb-folaat	nmol/l	N	156	151
fb-folaat		N	255	247
fb-folaat	nmol/l	L	13	13
fb-folaat	nmol/l	A	10	9
fb-folaat		A	9	9
fb-folaatti	nmol/l	N	40	39
fb-folaatti(k-pks:n)(ko)	nmol/l	N	9	9
fb-folat	nmol/l	N	247	218
fb-folat		N	11	11
fb-gluc	mmol/l	A	171	26
fb-gluk		A	37	34
fb-gluk		N	40	38
fb-gluk	mmol/l	A	193	60
fb-gluk	mmol/l	H	22	20
fb-gluk	mmol/l	N	45	37
fb-glukoosi120	mmol/l	N	10	10
fb-leuk	e9/l	N	18918	5204
fb-leuk	e9/l	A	17665	4586
fb-leuk	e9/l	H	86933	17373
fb-leuk	e9/l	L	5820	1967
fb-leuk		A	17	17
fb-leuk	e9/l	AA	46	33
fb-leuk		N	10	10
fb-leuk		H	29	27
fb-leuk	e9/l	HH	52	18
fb-leukosyytit	e9/l	N	34212	16856
fb-leukosyytit	e9/l	H	9394	4296
fb-leukosyytit	e9/l	A	4367	2119
fb-leukosyytit		N	61	61
fb-leukosyytit	e9/l	L	541	305
fb-leukosyytit		A	10	9
fb-leukosyytit/ima	e9/l	A	20	20
fb-leukosyytit/ima	e9/l	N	84	74
fb-leukosyytitpvk:nosatutkimus	e9/l	N	296	214
fb-leukosyytitpvk:nosatutkimus	e9/l	A	40	38
fb-nh4-ion		A	17	12
fb-nh4-ion	umol/l	A	86	38
fb-nh4-ion		N	13	11
fb-nh4-ion	umol/l	N	14	12
fb-nh4-ion	umol/l	L	11	10
fc-glu-o	mmol/lliuska	N	32	29
fc-glu-o	mmol/lliuska	H	9	9
fe-b1-vitentsyymiaktiivisuus		N	10	10
fe-b2-vit	ug/l	N	99	87
fe-b2-vitentsyymiaktiivisuus		N	8	8
fe-b6-vitentsyymiaktiivisuus		N	12	11
fe-folaat	nmol/l	N	4383	3629
fe-folaat	nmol/l	H	2593	2226
fe-folaat	nmol/l	A	11573	9311
fe-folaat		A	1646	1382
fe-folaat		N	572	525
fe-folaat	nmol/l	L	352	330
fe-folaat		H	121	109
fe-folaat	nmol/l	AA	48	46
fe-folaat	nmol/l	HH	166	145
fe-folaat		L	43	42
fe-folaat		HH	26	24
fe-folaat,fe-folaat	nmol/l	N	28	23
fe-folaatt	nmol/l	A	34	30
fe-folaatti	nmol/l	N	14	13
fe-folat	nmol/l	A	13	12
fe-folat	nmol/l	N	58	49
ferritiini	ug/l	N	349	301
ferritiini	ug/l	A	85	72
ferritiini		N	23	17
ferritiini(ferrit)	ug/l	N	78	67
ferritiini(ferrit)	ug/l	A	16	13
ferritiini,seerumista	ug/l	N	22	18
fev1	l	N	23	17
fev1	%	N	30	24
fev1		N	37	21
fh-audio		N	94	78
fh-synsc		N	41	33
fibriinid-dimeerit,plasmasta,pikatutkimus	mg/l	N	7	7
fibriinind-dimeerit		N	12	12
fibriinind-dimeerit	mg/l	A	8	6
fibriinind-dimeerit	mg/l	N	16	15
fibriinind-dimeerit,pikatesti(3939b-fidd-o)	mg/l	N	15	15
fibriinind-dimeerit,pikatesti(b-fidd-o)	mg/l	N	62	57
fibriinind-dimeerit,pikatesti(b-fidd-o)	mg/l	A	11	9
fibriinind-dimeerit,pikatesti(b-fidd-o)		N	8	8
fibriinind-dimeerit,pikatesti(fidd-o)	mg/l	N	31	31
fibriinind-dimeerit,pikatesti(fidd-o)	mg/l	A	11	10
fibriinind-dimeerit,pikatesti,veri	mg/l	A	70	65
fibriinind-dimeerit,pikatesti,veri		A	6	6
fibriinind-dimeerit,pikatesti,veri(23283b-fidd-pt)	mg/l	N	46	42
fibriinind-dimeerit,pikatesti,veri(23283b-fidd-pt)	mg/l	A	13	11
fibriinind-dimeerit,pikatesti,veri(3939b-fidd-pt)	mg/l	N	6	6
fibriinind-dimeerit,pikatutkimus	mg/l	H	10	8
fibriinind-dimeerit,plasmasta	mg/l	H	56	45
fibriinind-dimeerit,plasmasta(4113p-fidd)		N	15	13
fibriinind-dimeerit,plasmasta(4113p-fidd)	mg/l	N	6	6
fibriinind-dimeerit,plasmasta(fidd)	mg/l	N	7	7
fibriinind-dimeerit,plasmasta(fidd)		N	11	10
fibriinind-dimeerit,plasmasta(p-fidd)		N	19	19
fibriinind-dimeerit,plasmasta(p-fidd)	mg/l	N	16	16
fibriinind-dimeerit,plasmasta,pikatutkimus	mg/l	A	18	18
fibriinind-dimeerit,vieritestikokoverestä		N	9	9
fibriinind-dimeerit,vieritutkimus	mg/l	H	8	8
fibriinind-dimeerit,vieritutkimus	mg/l	N	8	8
fibrillariini-vasta-aineet		N	7	7
fibrinogeeni,hus	g/l	A	6	6
fibrosis-4-indeksi		N	172	131
fibrosis-4indeksi		N	211	208
fibrosis-4indeksi		A	53	42
fibtem/a10	mm	N	8	6
fibtem/a10	mm	A	24	23
fibtem/a15	mm	N	8	6
fibtem/a15	mm	A	26	23
fibtem/a5	mm	N	8	6
fibtem/a5	mm	A	20	19
fibtem/mcf	mm	A	29	26
fl-bakteeri,värjäys		A	43	38
fl-bakteeri,värjäys(jorvinpyyntö)		A	111	104
fl-baktvr		A	2886	2205
fl-baktvr		N	2163	1644
fl-candidanatiivi(kval)		N	208	187
fl-candidanatiivi(kval)		A	48	44
fl-candvi		A	231	194
fl-clue		A	26	22
fl-clue-o		A	114	97
fl-clue-o		N	202	183
fl-flag		A	24	19
fl-flagnat		A	20	13
fl-fluortutkimus		N	21	20
fl-gyn-hoi		N	54	53
fl-hiiva,viljely		A	61	57
fl-hiivana		A	21	19
fl-hiivavi		N	1403	1176
fl-hiivavi		A	942	816
fl-hiivaviljely		N	7	7
fl-hiivaviljely		A	7	7
fl-hiivaviljely,emätineritteestä		N	9	7
fl-koh		A	10	9
fl-leuk		A	121	86
fl-notto		N	10	10
fl-str-bvi		N	128	115
fl-strbnho		N	5581	4748
fl-strbnho		A	606	547
fl-strbvi		A	541	481
fl-strbvi		N	183	166
fl-streptococcusagalactiae(b),viljely		N	35	35
fl-streptococcusagalactiae(b),viljely		A	7	7
fl-streptococcusagalactiaeb,viljely,emätinerit		A	50	50
fl-streptococcusagalactie(b),nukleiinihaponosoitus		A	9	8
fl-streptococcusagalactie(b)nukleiinihappo		A	16	14
fl-tric-na		A	22	10
fl-trihina		N	998	692
fl-trihina		A	37	34
fl-trihivi		N	293	170
fluorinhiivaviljely		A	14	12
folaatti		N	20	19
folaatti	nmol/l	N	59	58
folaatti	nmol/l	A	7	7
folaatti(fe-folaat)	nmol/l	N	292	266
folaatti(fe-folaat)	nmol/l	A	28	27
folaatti(fe-folaat)		A	11	10
folaatti,seerumi		N	16	15
follikkeliastimuloivahormoni	u/l	N	41	38
fosfaatti,epäorgaaninen	mmol/l	N	212	176
fosfaatti,epäorgaaninen	mmol/l	L	12	11
fosfaatti,epäorgaaninen	mmol/l	H	48	24
fosfatidyylietanoli	umol/l	N	532	430
fosfatidyylietanoli		N	472	424
fosfatidyylietanoli	umol/l	H	196	156
fosfatidyylietanoli	umol/l	A	551	353
fosfatidyylietanoli		A	91	57
fosfatidyylietanoli(12510b-peth)	umol/l	N	15	13
fosfatidyylietanoli(12510b-peth)		N	26	12
fosfatidyylietanoli(12510b-peth)	umol/l	A	9	8
fosfatidyylietanoli,verestä		N	1086	1037
fosfatidyylietanoli,verestä	umol/l	N	1595	1444
fosfatidyylietanoli,verestä	umol/l	H	873	597
fosfatidyylietanoli,verestä	umol/l	A	444	279
fosfatidyylietanoli,verestä		A	28	26
fosfatidyylietanoli,verestätth		N	66	62
fosfatidyylietanoli,verestätth	umol/l	N	28	26
fosfatidyylietanoli,verestätth	umol/l	A	7	7
fosfatidyylietanoli,veri	umol/l	A	142	93
fosfatidyylietanoli,veri	umol/l	H	12	11
fosfatidyylietanoli,veri		A	20	18
fosfori,kokoveren	mmol/l	N	308	248
fp-1-mehis		N	17	15
fp-a-vit	umol/l	A	90	57
fp-a-vit		A	8	7
fp-a-vit	umol/l	N	14	12
fp-aa/epasuhdeluku		N	9	8
fp-aab	umol/l	N	17	15
fp-afos	u/l	A	71	39
fp-ala	umol/l	N	15	13
fp-alat	u/l	A	363	185
fp-aldos	pmol/l	A	53	47
fp-aldos	pmol/l	N	57	43
fp-aldos		N	15	13
fp-aldos	pmol/l	H	24	20
fp-aldos		A	7	7
fp-alfalinoleenihappo	%	N	10	9
fp-alle		N	16	14
fp-aminohh		N	82	21
fp-ammonium-ioni	umol/l	A	23	13
fp-amyl	u/l	A	9	7
fp-amylaasi	u/l	N	17	17
fp-arakidonihappo	%	N	10	9
fp-arg	umol/l	N	17	15
fp-asa		N	17	15
fp-asn	umol/l	N	17	15
fp-asp		N	12	12
fp-aspartaattiaminotransferaasi	u/l	N	8	8
fp-b6-vit		N	279	230
fp-b6-vit		A	89	82
fp-b6-vit	nmol/l	A	129	102
fp-b6-vit		H	64	53
fp-b6-vit	nmol/l	H	82	73
fp-b6-vit	nmol/l	N	103	92
fp-b6-vit		L	24	18
fp-bala		N	16	14
fp-bil	umol/l	A	25	18
fp-c-pept		A	286	267
fp-c-pept	nmol/l	A	740	569
fp-c-pept	nmol/l	L	11	11
fp-c-pept	nmol/l	H	13	13
fp-c-pept	nmol/l	N	320	254
fp-ca	mmol/l	A	8709	4404
fp-ca	mmol/l	N	4311	3862
fp-ca	mmol/l	H	637	496
fp-ca	mmol/l	L	251	206
fp-ca		A	7	7
fp-ca		N	22	22
fp-ca-albk	mmol/l	A	7	7
fp-ca-ion	mmol/l	A	257	143
fp-ca-ion.	mmol/l	L	11843	2488
fp-ca-ion.	mmol/l	H	557	169
fp-ca-ion.	mmol/l	LL	635	199
fp-ca-ion.		L	26	24
fp-ca-iona	mmol/l	N	16	12
fp-cga	nmol/l	A	4143	1360
fp-cga	nmol/l	N	2340	1069
fp-cga	nmol/l	H	1113	528
fp-cga		A	133	101
fp-cga		H	19	13
fp-cga		N	51	37
fp-ck	u/l	A	8	7
fp-crp	mg/l	A	431	149
fp-ctx	ng/l	N	8	8
fp-ctx		N	60	56
fp-ctx	ug/l	A	89	81
fp-ctx	ug/l	N	259	207
fp-ctx		A	66	59
fp-ctx		H	10	10
fp-ctx		L	10	9
fp-ctx	ug/l	H	11	9
fp-cys	umol/l	N	17	15
fp-dihomo-gamma-linoleenihappo	%	N	10	9
fp-dokosaheksaeenihappo	%	N	10	9
fp-dokosapentaeenihappo	%	N	10	9
fp-e-vit	umol/l	A	15	10
fp-e-vit		A	11	8
fp-eiikoseenihappo	%	N	10	9
fp-eikosadieenihappo	%	N	10	9
fp-eikosapentaeenihappo	%	N	10	9
fp-fe	umol/l	L	19677	11116
fp-fe	umol/l	N	40554	20879
fp-fe	umol/l	A	29584	15904
fp-fe	umol/l	H	978	764
fp-fe		L	13	13
fp-fe		N	36	35
fp-fe		A	17	17
fp-folaat	nmol/l	N	39	39
fp-folaat	nmol/l	A	270	224
fp-fosfaatti	mmol/l	A	300	112
fp-fosfaatti,epäorgaaninen	mmol/l	A	694	154
fp-fosfaatti,epäorgaaninen	mmol/l	N	11	8
fp-fras		N	11	11
fp-gamma-linoleenihappo	%	N	9	8
fp-gastpan		N	60	60
fp-gastr17	pmol/l	N	7	7
fp-gastr17		L	6	6
fp-gln	umol/l	N	12	12
fp-glu	umol/l	N	16	14
fp-gluk	mmol/l	N	287962	150294
fp-gluk	mmol/l	A	523547	135099
fp-gluk	mmol/l	H	302650	96209
fp-gluk	mmol/l	HH	356	305
fp-gluk		L	367	294
fp-gluk	mmol/l	L	1349	1190
fp-gluk		N	1251	1175
fp-gluk		A	1099	959
fp-gluk		H	110	109
fp-gluk	nmol/l	A	280	165
fp-gluk	nmol/l	N	6	6
fp-gluk	mmol/l	AA	6	6
fp-gluk	mmol/	N	8	8
fp-gluk(0)	mmol/l	H	6	6
fp-gluk,fc	mmol/l	N	46	36
fp-gluk,fc	mmol/l	H	50	34
fp-gluk,tk		N	657	634
fp-gluk,tk		H	540	443
fp-gluk-0	mmol/l	N	12	12
fp-gluk-0	mmol/l	H	10	10
fp-gluk-0	mmol/l	A	22	22
fp-gluk-0h	mmol/l	A	88	76
fp-gluk-1	mmol/l	A	6	6
fp-gluk-2	mmol/l	N	74	60
fp-gluk-2	mmol/l	H	30	29
fp-gluk-2	mmol/l	A	8	7
fp-gluk-2h	mmol/l	A	37	34
fp-gluk-2h	mmol/mol	A	18	14
fp-gluk-o	mmol/l	N	68	53
fp-gluk-o	mmol/l	H	36	35
fp-gluk-p	mmol/l	H	188	142
fp-gluk-p	mmol/l	N	203	158
fp-gluk-p3		N	19	14
fp-gluk-p3		H	10	9
fp-gluk-sn	mmol/l	N	1397	180
fp-gluk-sn		N	28	22
fp-gluk/0	mmol/l	N	131	118
fp-gluk/0		N	43	36
fp-gluk/0	mmol/l	A	15	15
fp-gluk0	mmol/l	A	169	161
fp-gluk0		A	112	109
fp-gluk0	mmol/l	N	13	13
fp-gluk0,osatutk.		N	57	50
fp-glukoosi	mmol/l	A	10483	7316
fp-glukoosi	mmol/l	N	1785	1536
fp-glukoosi	nmol/l	N	7	7
fp-glukoosi	mmol/l	H	135	122
fp-glukoosi		N	15	15
fp-glukoosi(gluk.ras0)	mmol/l	A	137	131
fp-glukoosi(gluk.ras0)	mmol/l	N	89	88
fp-glukoosi(gluk.ras2h)	mmol/l	N	152	148
fp-glukoosi(gluk.ras2h)	mmol/l	A	73	69
fp-glukoosi,0-näyte	mmol/l	N	37	36
fp-glukoosi,0-näyte	mmol/l	A	6	6
fp-glukoosi,0-näyte	mmol/l	H	6	6
fp-glukoosi,120-näyte	mmol/l	N	23	22
fp-glukoosi,paastonäyte	mmol/l	H	4198	3391
fp-glukoosi,paastonäyte	mmol/l	N	5403	4953
fp-glukoosi,paastonäyte	mmol/l	L	9	9
fp-glukos	mmol/l	A	422	165
fp-glukos	mmol/l	N	555	306
fp-glukr0h	mmol/l	H	30	28
fp-glukr0h	mmol/l	N	11	11
fp-glukr0h		H	13	13
fp-glukr2h	mmol/l	N	10	9
fp-glukr2h	mmol/l	H	12	11
fp-glutamyylitransferaasi	u/l	H	47	26
fp-glutamyylitransferaasi	u/l	N	55	29
fp-gt	u/l	A	218	104
fp-gt		A	11	9
fp-hcyst	umol/l	A	20	19
fp-hcyst	umol/l	N	10	10
fp-his	umol/l	N	16	15
fp-ile	umol/l	N	14	12
fp-insu	mu/l	N	169	150
fp-insu	mu/l	A	330	270
fp-insu		A	34	31
fp-insu	mu/l	H	9	9
fp-jgluk	mmol/l	A	76	76
fp-k	mmol/l	A	279	154
fp-kalsium	mmol/l	N	20	19
fp-kalsium(ko)	mmol/l	N	10	10
fp-kalsium(pi)	mmol/l	N	27	24
fp-kalsium,ionisoitunut		N	23	22
fp-kalsium,ionisoitunut	mmol/l	A	38	23
fp-kol	mmol/l	H	124334	68441
fp-kol	mmol/l	N	200687	104516
fp-kol	mmol/l	A	228157	101253
fp-kol		A	1015	858
fp-kol		N	499	482
fp-kol		H	24	23
fp-kol-hd	mmol/l	N	89	87
fp-kol-hd	mmol/l	A	6	6
fp-kol-hdl	mmol/l	A	121331	50962
fp-kol-hdl	mmol/l	L	46520	28437
fp-kol-hdl	mmol/l	N	244384	121568
fp-kol-hdl		A	657	549
fp-kol-hdl	mmol/l	H	10256	6467
fp-kol-hdl		N	878	825
fp-kol-hdl		L	30	30
fp-kol-hdl	mmol/l	AA	9	7
fp-kol-ind	mmol/l	A	1486	1063
fp-kol-ind	mmol/l	N	1887	1214
fp-kol-ldl	mmol/l	H	144424	71990
fp-kol-ldl	mmol/l	N	213428	107845
fp-kol-ldl	mmol/l	A	218816	95087
fp-kol-ldl		A	875	742
fp-kol-ldl		N	1451	1203
fp-kol-ldl		H	36	35
fp-kol-ldl	mmol/l	AA	18	17
fp-kol-ldl	mmol/	N	15	15
fp-kol-paketti		N	1281	1078
fp-kolesteroli	mmol/l	A	4430	3592
fp-kolesteroli	mmol/l	N	1741	1540
fp-kolesteroli	mmol/l	H	27	27
fp-kolesteroli,highdensitylipoproteiinit	mmol/l	A	2998	2462
fp-kolesteroli,highdensitylipoproteiinit	mmol/l	N	4223	3414
fp-kolesteroli,highdensitylipoproteiinit	mmol/l	L	11	10
fp-kolesteroli,highdensitylipoproteiinit		A	6	6
fp-kolesteroli,highdensitylipoproteiinit(ko)	mmol/l	N	13	13
fp-kolesteroli,highdensitylipoprotein,plasmasta	mmol/l	N	575	441
fp-kolesteroli,highdensitylipoprotein,plasmasta	mmol/l	A	161	124
fp-kolesteroli,lowdensitylipoproteiinit	mmol/l	A	1543	1267
fp-kolesteroli,lowdensitylipoproteiinit	mmol/l	N	728	630
fp-kolesteroli,lowdensitylipoproteiinit		A	14	14
fp-kolesteroli,lowdensitylipoproteiinit		N	16	15
fp-kolesteroli,lowdensitylipoproteiinit,paastotilassa	mmol/l	N	183	128
fp-kolesteroli,lowdensitylipoproteiinit,paastotilassa	mmol/l	A	38	32
fp-kolesteroli,lowdensitylipoproteiinit,paastotilassa	mmol/l	H	27	26
fp-kolesteroli,lowdensitylipoproteiinit,suora	mmol/l	A	409	348
fp-kolesteroli,lowdensitylipoprotein	mmol/l	A	2394	1800
fp-kolesteroli,lowdensitylipoprotein	mmol/l	N	86	75
fp-kolesteroli,lowdensitylipoproteinit	mmol/l	A	60	50
fp-kolesteroli,lowdensitylipoproteinit	mmol/l	N	33	31
fp-kolesteroli,plasma	mmol/l	N	35	35
fp-kolesteroli,plasma	mmol/l	A	49	44
fp-kolhdl	mmol/l	A	148	75
fp-kollageenii:nbeta-karboksiterminaalinentelopeptidi	ug/l	N	124	117
fp-krea	umol/l	N	48324	30069
fp-krea	umol/l	A	228753	26082
fp-krea	umol/l	H	9845	5179
fp-krea	umol/l	L	520	414
fp-krea		N	418	396
fp-krea		A	91	63
fp-kreatiniini	umol/l	H	156	68
fp-kreatiniini	umol/l	N	672	431
fp-kreatiniini	umol/l	L	60	19
fp-kreatiniini	umol/l	A	53	31
fp-kromograniinia	nmol/l	A	28	13
fp-laktaat	mmol/l	A	4556	2653
fp-laktaat	mmol/l	N	235798	22814
fp-laktaat	mmol/l	L	13695	3669
fp-laktaat	mmol/l	H	29250	6526
fp-laktaat		N	1250	518
fp-laktaat	mmol/l	HH	11	9
fp-laktaat		A	20	10
fp-laktaatti	mmol/l	A	362	265
fp-leu	umol/l	N	13	12
fp-linoleenihappo	%	N	9	8
fp-lipaas	u/l	H	35	21
fp-lipaas	u/l	N	615	128
fp-lipaas		A	23	15
fp-lipaas	u/l	A	419	143
fp-lipaasi	u/l	A	38	18
fp-lipider		N	1067	760
fp-lipidit		N	63591	21935
fp-lipidit(pi)		N	1068	628
fp-lipoa1	g/l	N	9	8
fp-lipob	g/l	N	7	7
fp-lys	umol/l	N	13	11
fp-mabi-la		N	14	12
fp-meth	umol/l	N	16	14
fp-myristiinihappo	%	N	9	8
fp-na	mmol/l	A	920	283
fp-nh4-ion		N	614	535
fp-nh4-ion	umol/l	A	5714	1610
fp-nh4-ion	umol/l	N	3348	1909
fp-nh4-ion		H	127	56
fp-nh4-ion	umol/l	H	2059	662
fp-nh4-ion		A	282	127
fp-non-hdl	mmol/l	N	57	57
fp-non-hdl	mmol/l	A	16	16
fp-non-hdl		N	8	8
fp-ohbutyr	mmol/l	A	25	20
fp-oleiinihappo	%	N	9	8
fp-omega3-rasvahappojenkokonaismäärä	%	N	9	8
fp-omega6-rasvahappojenkokonaismäärä	%	N	9	8
fp-orn	umol/l	N	10	10
fp-palmitiinihappo	%	N	9	8
fp-palmitoleiinihappo	%	N	9	8
fp-parathomoni	ng/l	N	14	11
fp-parathormoni	ng/l	A	1756	729
fp-parathormoni	pmol/l	A	307	201
fp-parathormoni	ng/l	H	169	137
fp-parathormoni	ng/l	N	274	259
fp-parathormoni		A	12	8
fp-parathormoni	pmol/l	N	8	8
fp-parathormoni(intakti)	ng/l	A	104	53
fp-parathormoni,intakti	ng/l	A	264	191
fp-parathormoni,intakti	pmol/l	H	50	33
fp-parathormoni,intakti	pmol/l	A	118	57
fp-pepsin1	ug/l	N	86	86
fp-pepsin1		A	7	6
fp-pepsin2	ug/l	N	11	10
fp-ph		N	22	17
fp-phe	umol/l	N	17	15
fp-pi	mmol/l	A	64590	10029
fp-pi	mmol/l	N	13821	6524
fp-pi	mmol/l	L	1988	972
fp-pi	mmol/l	H	5561	1512
fp-pi		A	35	33
fp-pi		N	20	20
fp-pro	umol/l	N	16	14
fp-pser		N	15	14
fp-pth	ng/l	A	59616	12227
fp-pth	ng/l	H	29672	7345
fp-pth	pmol/l	A	16046	3207
fp-pth	ng/l	L	1153	596
fp-pth	ng/l	N	14074	8197
fp-pth	pmol/l	H	4402	1493
fp-pth		L	413	194
fp-pth	pmol/l	N	1229	1062
fp-pth		A	1277	531
fp-pth		N	93	47
fp-pth	pmol/l	L	114	90
fp-pth	ng/l	HH	50	17
fp-pth-int	ng/l	A	26	9
fp-pthint	pmol/l	A	819	169
fp-pthint	ng/l	A	19	7
fp-rasvahappoprofiili		N	10	9
fp-rauta	umol/l	A	1133	789
fp-rauta	umol/l	N	338	276
fp-rauta		A	19	16
fp-rauta	umol/l	L	50	40
fp-rauta(osat.)	umol/l	N	254	210
fp-rauta(osat.)	umol/l	A	34	31
fp-reniini,konsentraatio	mu/l	L	20	14
fp-reniini,konsentraatio	mu/l	A	91	64
fp-reniini,konsentraatio	mu/l	N	100	73
fp-reniini,konsentraatio	mu/l	H	26	21
fp-renin		H	46	38
fp-renin	mu/l	A	53	39
fp-renin		A	25	25
fp-renin		L	9	8
fp-renin-m		A	12	12
fp-renin-m	mu/l	A	21	20
fp-renin-p	mu/l	A	308	241
fp-renin-p		A	131	110
fp-reninm	mu/l	A	497	334
fp-reninm	mu/l	N	23	20
fp-reninm		A	46	41
fp-reninm		N	13	10
fp-reninm	mu/l	H	56	45
fp-reninm	mu/l	L	51	42
fp-reninm		L	17	16
fp-reninm		H	6	6
fp-reumafaktori,määritys		N	15	14
fp-rf		A	6	6
fp-rf	iu/ml	A	23	20
fp-rf-o		A	7	7
fp-ser	umol/l	N	15	13
fp-sit	umol/l	N	11	11
fp-stearidonihappo	%	N	9	8
fp-steariinihappo	%	N	9	8
fp-taur	umol/l	N	16	14
fp-thr	umol/l	N	14	13
fp-trans	g/l	A	15	12
fp-trans	g/l	N	41	36
fp-transf	g/l	N	43919	23187
fp-transf	g/l	A	28601	11397
fp-transf	g/l	L	14083	6424
fp-transf	g/l	H	2860	2202
fp-transf		A	12	11
fp-transf		N	25	25
fp-transf	g/l	LL	12	6
fp-transferriini	g/l	A	825	512
fp-transferriini	g/l	N	126	111
fp-transferriini(pi)	g/l	N	12	12
fp-transferriininrautakyllästeisyys	%	N	493	376
fp-transferriininrautakyllästeisyys	%	A	910	675
fp-transferriininrautakyllästeisyys	%	L	112	97
fp-transferriininrautakyllästeisyys	%	H	7	7
fp-transferriininrautakyllästeisyys(pi)	%	N	10	10
fp-transferriininrautakyllästeisyys,plasmasta	%	A	24	22
fp-transferriininrautasaturaatio	%	A	170	147
fp-trfe-sa		A	88	56
fp-trfe-sa	%	A	396	267
fp-trfesat	%	L	14970	8894
fp-trfesat	%	N	27232	12783
fp-trfesat	%	H	1846	1297
fp-trfesat	%	A	12115	7140
fp-trfesat		N	23	22
fp-trigl	mmol/l	N	6592	1452
fp-trigl	mmol/l	A	1974	558
fp-trigl		N	89	86
fp-trigly	mmol/l	A	155277	65063
fp-trigly	mmol/l	H	70352	38855
fp-trigly	mmol/l	N	228145	117372
fp-trigly		A	811	624
fp-trigly		N	645	626
fp-trigly	mmol/l	L	107	88
fp-trigly	mmol/l	AA	14	9
fp-trigly		H	9	9
fp-triglyseridit	mmol/l	A	3439	2817
fp-triglyseridit	mmol/l	N	2544	2193
fp-triglyseridit	mmol/l	H	680	532
fp-triglyseridit,plasma	mmol/l	N	80	74
fp-triglyseridit,plasmasta,paastotilassa	mmol/l	N	152	119
fp-triglyseridit,plasmasta,paastotilassa	mmol/l	A	22	20
fp-triglyseridit,plasmasta,paastotilassa	mmol/l	H	11	11
fp-triglyseriditplasmasta	mmol/l	N	1237	687
fp-triglyseriditplasmasta	mmol/l	A	216	136
fp-triglyviitasaari	mmol/l	N	93	91
fp-trp	umol/l	N	17	15
fp-tyr	umol/l	N	17	15
fp-uraat	umol/l	A	57	36
fp-uraatti	umol/l	N	16	16
fp-uraatti	umol/l	H	11	11
fp-urea	mmol/l	A	90827	10385
fp-urea	mmol/l	N	2393	1235
fp-urea		A	1347	315
fp-urea	mmol/l	H	7839	1537
fp-urea	mmol/l	L	78	57
fp-urea		N	6	6
fp-val	umol/l	N	14	13
fp-vip	pmol/l	N	76	70
fp-vip	pmol/l	A	34	23
fp-vip		N	10	10
fp-zn	umol/l	N	98	91
fp-zn	umol/l	L	36	32
frk-bak		N	16	13
fs--kalsium,ionisoitunut		N	84	74
fs-a-vit	umol/l	N	1780	1131
fs-a-vit	umol/l	H	89	53
fs-a-vit	umol/l	A	337	194
fs-a-vit	umol/l	L	37	28
fs-a-vit		A	17	13
fs-ace	u/l	N	6658	3767
fs-ace	u/l	H	1422	655
fs-ace	u/l	A	5390	2608
fs-ace		A	648	490
fs-ace		N	985	453
fs-ace		H	30	23
fs-ace	u/l	L	50	48
fs-ace		L	27	25
fs-alaniiniaminotransferaasi	u/l	N	352	262
fs-alaniiniaminotransferaasi	u/l	H	52	29
fs-alkalinenfosfataasi	u/l	N	84	49
fs-alkalinenfosfataasi	u/l	H	29	10
fs-angiotensiini-1-konvertaasi	u/l	N	16	15
fs-angiotensiini-1-konvertaasi	u/l	A	40	26
fs-apob/a1		A	102	96
fs-apob/a1		H	53	51
fs-apob/a1	ratioluku	H	30	20
fs-apob/a1	ratioluku	N	34	25
fs-apob/a1		N	9	9
fs-artriittitutkimuspaketti		N	18	16
fs-b12-vit	pmol/l	A	18	17
fs-b12-vitamiini	pmol/l	N	13	13
fs-bkarot	umol/l	N	318	259
fs-bkarot	nmol/l	N	12	12
fs-c-pept	nmol/l	N	4682	2073
fs-c-pept	nmol/l	L	649	384
fs-c-pept	nmol/l	A	2926	1588
fs-c-pept	nmol/l	H	756	332
fs-c-pept		A	341	258
fs-c-pept		N	315	273
fs-c-pept		L	52	49
fs-c-peptidi,proinsuliinin	nmol/l	N	16	16
fs-c-peptidi,proinsuliinin	nmol/l	A	6	6
fs-c-reaktiivinenproteiini	mg/l	H	207	51
fs-c-reaktiivinenproteiini		N	180	115
fs-c-reaktiivinenproteiini	mg/l	N	34	20
fs-ca	mmol/l	H	37	35
fs-ca	mmol/l	A	158	115
fs-ca++/7.40		A	1789	940
fs-ca++7.4	mmol/l	A	2409	575
fs-ca-7.40	mmol/l	A	297	113
fs-ca-ion	mmol/l	A	340	193
fs-ca-ion	mmol/l	N	138	123
fs-ca-ion		N	278	181
fs-ca-ion	mmol/l	L	11	8
fs-ca-ion	mmol/l	H	37	30
fs-ca-ion/ph7.40	mmol/l	N	17667	8293
fs-ca-ion/ph7.40	mmol/l	A	6897	2462
fs-ca-ion/ph7.40		N	103	94
fs-ca-ion/ph7.40		A	122	78
fs-cga	nmol/l	A	2475	814
fs-cga	nmol/l	N	43	42
fs-cga		A	89	63
fs-cga	nmol/l	H	75	35
fs-ct		N	68	42
fs-ct	pmol/l	A	386	50
fs-ct	pmol/l	H	88	19
fs-ct	pmol/l	N	14	9
fs-ct		A	24	9
fs-e-vit	umol/l	H	280	184
fs-e-vit	umol/l	A	866	425
fs-e-vit	umol/l	N	1305	904
fs-e-vit		A	25	9
fs-e-vit	umol/l	L	31	13
fs-fe	umol/l	A	10774	5992
fs-fe	umol/l	N	3358	2699
fs-fe	umol/l	L	960	828
fs-fe		A	324	228
fs-fe		N	238	180
fs-fe	umol/l	H	183	169
fs-fe		AA	22	20
fs-fe		L	32	31
fs-ffa	mmol/l	A	38	30
fs-ffa	mmol/l	H	6	6
fs-ffa	mmol/l	N	6	6
fs-folaat	nmol/l	N	63402	47064
fs-folaat	nmol/l	L	6698	5995
fs-folaat	nmol/l	A	12123	10308
fs-folaat		A	1343	1236
fs-folaat		N	4620	3776
fs-folaat	nmol/l	H	769	730
fs-folaat		L	755	709
fs-folaat		H	164	160
fs-folaat	nmol/l	HH	10	10
fs-folaatti	nmol/l	L	234	231
fs-folaatti	nmol/l	N	1538	1433
fs-folaatti	nmol/l	A	276	261
fs-folaatti		A	86	82
fs-folaatti		N	60	59
fs-gastr		A	97	69
fs-gastr	pmol/l	A	261	145
fs-gastr	pmol/l	N	140	98
fs-gastr		H	8	8
fs-gastr		N	23	17
fs-gastr	pmol/l	H	28	22
fs-gastr17		L	32	30
fs-gastr17		N	28	28
fs-gastr17	pmol/l	N	33	33
fs-gastr17	pmol/l	H	12	12
fs-gh	ug/l	N	537	331
fs-gh	ug/l	H	39	25
fs-gh	ug/l	A	233	167
fs-gh		A	89	68
fs-gh		N	44	36
fs-gluk	mmol/l	N	5773	3940
fs-gluk	mmol/l	H	2397	1418
fs-gluk	mmol/l	A	1556	802
fs-gluk		N	254	229
fs-gluk		A	38	33
fs-gluk	mmol/l	L	43	43
fs-gluk		L	21	21
fs-glukoosi	mmol/l	N	698	624
fs-glukoosi	mmol/l	A	156	133
fs-glukoosi		N	13	13
fs-glukoosi,0-näyte	mmol/l	N	19	18
fs-glukoosi,0-näyte	mmol/l	A	21	20
fs-glukoosi,2h-näyte	mmol/l	N	15	14
fs-glukoosi,2h-näyte	mmol/l	A	12	11
fs-ictp	ug/l	A	11	10
fs-insu	mu/l	A	147	104
fs-insu	mu/l	N	28	24
fs-insu		A	10	9
fs-jc-pept	nmol/l	A	66	66
fs-kalsium	mmol/l	N	20	20
fs-kalsium,ionisoitunut	mmol/l	N	2610	2077
fs-kalsium,ionisoitunut,aktuaal.	mmol/l	N	26	25
fs-kalsium,ionisoitunut,ph7.4:ssa	mmol/l	H	252	103
fs-kalsium,ionisoitunut,ph7.4:ssa	mmol/l	L	257	106
fs-kalsium,ionisoitunut,ph7.4:ssa	mmol/l	N	36	35
fs-kalsium-ioni.aktuaali	mmol/l	N	216	182
fs-kalsium-ioni.aktuaali		N	31	28
fs-kol	mmol/l	H	118660	61812
fs-kol	mmol/l	N	30826	23226
fs-kol	mmol/l	A	7378	5137
fs-kol		N	61	59
fs-kol		H	27	27
fs-kol	mmol/	N	6	6
fs-kol-hdl	mmol/l	N	44640	31028
fs-kol-hdl	mmol/l	L	31037	17017
fs-kol-hdl	mmol/l	H	1931	1758
fs-kol-hdl	mmol/l	A	1773	1299
fs-kol-hdl		L	256	205
fs-kol-hdl		N	63	59
fs-kol-ldl	mmol/l	H	129536	66392
fs-kol-ldl	mmol/l	N	27129	20756
fs-kol-ldl	mmol/l	A	7877	5497
fs-kol-ldl		N	72	67
fs-kol-ldl		H	27	27
fs-kol/hdl		N	11	11
fs-kol/kol-hdl-suhde		A	13	12
fs-kol/kol-hdl-suhde		N	43	35
fs-kolesteroli	mmol/l	N	1859	1546
fs-kolesteroli	mmol/l	A	1846	1352
fs-kolesteroli	mmol/l	H	84	79
fs-kolesteroli		N	6	6
fs-kolesteroli,highdensitylipoproteiinit	mmol/l	N	3322	2428
fs-kolesteroli,highdensitylipoproteiinit	mmol/l	A	377	274
fs-kolesteroli,highdensitylipoproteiinit		N	14	14
fs-kolesteroli,lowdensitylipoproteiinit	mmol/l	N	1784	1459
fs-kolesteroli,lowdensitylipoproteiinit	mmol/l	A	1848	1369
fs-kolesteroli,lowdensitylipoproteiinit	mmol/l	H	23	23
fs-kolesteroli,lowdensitylipoproteiinit		N	35	35
fs-kolesteroli,lowdensitylipoproteiinit		A	15	11
fs-kolesterolinjahdl-kolesterolinsuhde		N	83	80
fs-kolestroli,highdensitylipoproteiini	mmol/l	N	171	155
fs-kolestroli,highdensitylipoproteiini	mmol/l	L	30	30
fs-kolestroli,lowdensitylipoproteiini	mmol/l	H	70	64
fs-kolestroli,lowdensitylipoproteiini	mmol/l	N	128	125
fs-kolldls	mmol/l	H	7	6
fs-krea	umol/l	N	71614	53068
fs-krea	umol/l	H	18839	9890
fs-krea	umol/l	L	7582	5285
fs-krea	umol/l	A	1387	901
fs-krea		L	428	291
fs-krea		N	257	236
fs-krea		A	22	17
fs-krea	umol	N	17	14
fs-kreatiniini	umol/l	N	927	732
fs-kreatiniini	umol/l	A	118	66
fs-kromograniinia	nmol/l	A	90	52
fs-lipaas	u/l	N	274	79
fs-lipaas	u/l	A	365	99
fs-lipaas		A	6	6
fs-lipaas	u/l	H	25	13
fs-lipider		N	226	157
fs-lipidit		N	17798	13726
fs-lipidit		A	70	61
fs-lipidit	g/l	N	150	117
fs-lipidit	paketti	N	131	121
fs-lipidit	mmol/l	H	162	78
fs-lipidit	form	N	47	38
fs-lipidit	g/l	A	10	10
fs-lipidit	mmol/l	N	8	8
fs-lipidit	mmol/l	L	12	12
fs-lipidit	mmol/l	A	20	19
fs-lipidit,paketti(kol,hdl,ldl,trigly)		N	56	51
fs-lipidit,paketti(kol,hdl,trigly,ldl)		N	381	161
fs-lipo(a)	mg/l	N	240	218
fs-lipo(a)	mg/l	H	103	91
fs-lipo(a)	mg/l	A	34	33
fs-lipo(a)		N	32	31
fs-lipoa1	g/l	N	773	677
fs-lipoa1	g/l	L	580	497
fs-lipoa1	g/l	A	37	37
fs-lipoa1	g/l	H	6	6
fs-lipob	g/l	H	1941	1569
fs-lipob	g/l	N	608	542
fs-lipob	g/l	A	745	390
fs-lipob		A	41	37
fs-mbopak7		N	391	287
fs-mononukleoosi,vasta-aineet(kval)		N	8	8
fs-non-hdl	mmol/l	N	70	68
fs-ohbutyr	mmol/l	A	12	6
fs-pepsin1	ug/l	N	175	175
fs-pepsin1		A	47	43
fs-pepsin1	ug/l	H	17	17
fs-pepsin1		H	8	8
fs-pepsin1	ug/l	L	18	16
fs-pepsin1	ug/l	A	19	19
fs-pepsin1		L	13	13
fs-pepsin2	ug/l	N	83	83
fs-pepsin2	ug/l	H	43	43
fs-ph	ph	A	814	469
fs-ph	ph	N	241	201
fs-ph		N	6	6
fs-ph(ca-ion)		H	259	178
fs-ph(ca-ion)		A	78	69
fs-ph(ca-ion)		L	105	36
fs-ph(ca-ion)		N	19	19
fs-pi	mmol/l	N	1218	1042
fs-pi	mmol/l	H	81	63
fs-pi	mmol/l	L	79	71
fs-pi	mmol/l	A	45	29
fs-pp		N	74	40
fs-pp	pmol/l	A	189	91
fs-pp		A	17	15
fs-pp	pmol/l	N	224	132
fs-pp	pmol/l	H	83	38
fs-pth		A	164	92
fs-pth	ng/l	A	595	248
fs-pth	ng/l	N	13	12
fs-pth		H	142	72
fs-pth	ng/l	H	43	35
fs-rauta	umol/l	N	102	87
fs-rauta	umol/l	A	39	33
fs-reuma,lausunto		N	29	29
fs-reuma,lausunto		A	36	36
fs-reumafaktori	iu/ml	A	13	12
fs-reumafaktori	iu/ml	H	17	16
fs-reumafaktori,määritys	kiu/l	N	6	6
fs-reumafaktori,määritys	iu/ml	A	6	6
fs-reumafaktori,määritys		N	61	58
fs-reumafaktori,määritys	iu/ml	N	6	6
fs-reumafaktori,määritys(kvant)		N	67	65
fs-reumafaktori,määritys(kvant)	iu/ml	N	6	6
fs-rf	iu/ml	A	527	436
fs-rf		A	88	82
fs-rf	iu/ml	H	41	36
fs-rf	kiu/l	A	19	17
fs-sappih	umol/l	A	1174	675
fs-sappih	umol/l	H	367	246
fs-sappih		A	53	17
fs-sappih	umol/l	N	300	243
fs-sappih		N	8	8
fs-sappihapot	umol/l	N	17	14
fs-sappihapot		N	11	10
fs-sappihapot	umol/l	A	38	25
fs-tffesat	%	L	10	10
fs-transf	g/l	A	5252	2678
fs-transf	g/l	N	2962	2417
fs-transf		A	160	106
fs-transf	%	N	395	341
fs-transf	g/l	L	387	280
fs-transf	g/l	H	415	381
fs-transf	%	A	57	48
fs-transf		L	14	11
fs-transf		H	17	15
fs-transf		N	8	8
fs-transferiininrautakyllästeisyys		A	661	538
fs-transferiininrautakyllästeisyys		N	159	150
fs-transferiininrautakyllästeisyys		H	16	15
fs-transferiininrautakyllästeisyys		L	76	66
fs-transferiininrautakyllästeisyys,osatutk.		N	36	30
fs-transferiininrautakyllästeisyys,osatutk.		A	19	17
fs-transferiininrautakyllästeisyys,paastotilassa		N	44	33
fs-transferiininrautakyllästeisyys,paastotilassa		A	44	37
fs-transferriini	g/l	A	16	13
fs-transferriini	g/l	N	148	118
fs-trfesat	osuus	A	3771	2356
fs-trfesat	osuus	N	202	149
fs-trfesat		A	143	115
fs-trfesat	%	L	67	64
fs-trfesat	%	H	11	10
fs-trfesat	osuus	L	46	41
fs-trfesat	1	N	17	15
fs-trfesat	%	A	7	6
fs-trfesat,fs-fe		N	9	9
fs-trfesat,fs-fe		A	6	6
fs-trigly	mmol/l	N	45763	31625
fs-trigly	mmol/l	H	55845	29596
fs-trigly	mmol/l	A	3246	2156
fs-trigly		H	11	9
fs-trigly		N	61	59
fs-trigly	mmol/	N	12	10
fs-triglyseridit	mmol/l	N	2684	2085
fs-triglyseridit	mmol/l	A	658	469
fs-triglyseridit		N	37	37
fs-triglyseridit	mmol/l	H	15	15
fs-tryps	ug/l	A	10	9
fs-työterveyshuollonperuspaketti		N	16	16
fs-ubikin	umol/l	N	331	273
fs-ubikin	umol/l	L	26	25
fs-ubikin	umol/l	H	51	44
fs-urea	mmol/l	N	161	142
fs-urea	mmol/l	A	29	27
fs-urea	mmol/l	H	152	90
fs-urea	mmol/l	L	17	17
fs-vlcfa		N	6	6
fusariummoniliformae	u/ml	N	15	15
fvc	l	N	24	18
fvc		N	20	19
fvspido		N	1847	1596
fvspio		N	229	210
fvspird		N	3306	2712
fvspird		A	20	20
fvspird	form	N	25	25
fvspiro		N	556	502
fvspiro	%	N	7	7
g-etoh-o	promille	N	45	24
g-etoh-o	promille	A	15	10
gal-alpha-1,3-galthyroglobulin,bovine,igevasta-aineet,seerumista	u/ml	N	59	57
gal-alpha1,3-galtyroglobulin		N	17	17
gamma	g/l	A	222	38
gamma-fraktio,seerumista␤	g/l	A	302	82
gamma-glob	g/l	A	1698	285
gamma-glob	g/l	N	29	19
gamma-glob		A	168	44
gamma-globuliini,seerumi,elektroforeesifraktio,osatutk.2522	g/l	A	77	21
gamma-linoleenihappo	%	N	314	254
gammaglob	g/l	L	14	14
gammaglobuliini,fraktio,seerumi	g/l	N	9	8
gammaglobuliini,seerumi,elektroforeesifraktio	g/l	N	11	8
gangliosidigd1b,igg-vasta-aineet,seerumista		N	7	7
gangliosidigd1b,igm-vasta-aineet,seerumista		N	7	7
gangliosidigm1,igg-vasta-aineet,seerumista		N	7	7
gangliosidigm1,igm-vasta-aineet,seerumista		N	7	7
gardnerellavaginalis		A	7	7
gardnerellavaginalis,nukleiinihappo		N	15	15
gardnerellavaginalis,nukleiinihappo		A	38	34
gastroskopianäytteidenhistologinentutkimus		A	10	8
gcnho		A	10	8
genlisä		N	35	12
gfr-e-epi	ml/min/173m2	N	10	9
gi-alueennäytteenhistologinentutkimus,laajaleikkausprepar		A	28	28
gi-alueennäytteenhistologinentutkimus,laajaleikkauspreparaat		A	8	8
gi-alueennäytteenhistologinentutkimus,laajaleikkauspreparaatti		A	36	36
gi-gi-alueennäytteenhistologinentutkimus,laajaleikkauspreparaatti		A	15	15
gi-pad-4		AA	776	740
gi-pad-4		N	311	301
gi-pad-4		A	137	137
giardialamblia,nukleiinihappo		N	113	108
giardialamblia,nukleiinihappo-osoitus		N	14	13
giardialamblianukleiinihappo		N	6	6
giardialamblianukleiinihappo(kval)		N	35	26
gliadiini(f98),igevasta-aineet,seerumista	u/ml	N	45	44
gliadiinipeptidit,deamidoidut,iga-vasta-aineet		N	9	9
gliadiinipeptidit,deamidoidut,igg-vasta-aineet		N	11	11
gliadiinipeptidit,deamidoidut,iggvasta-aineet		N	50	49
glom.suod.nopeusckd-epi	ml/min/173m2	N	19945	16045
glom.suod.nopeusckd-epi	ml/min/173m2	L	5429	4214
glomerulussuodatuksennopeus		N	18	17
glomerulussuodatuksennopeus	ml/min/173m2	N	6	6
glomerulussuodatusnopeus,estimoitu,ckd-epi-tutkimuksenkaava		N	36	34
glomerulussuodonopeus,estimoitu,ckd-epikaavallakystatiinic:stä	ml/min/173m2	A	44	35
glomerulussuodosnopeus	ml/min/173m2	L	34	25
glomerulussuodosnopeus	ml/min/173m2	N	75	58
glomerulussuodosnopeus,estimo	ml/min/173m2	N	33407	11842
glomerulussuodosnopeus,estimo	ml/min/173m2	L	20874	5573
glomerulussuodosnopeus,estimo	ml/min/173m2	A	6131	2779
glomerulussuodosnopeus,estimo		L	10	10
glomerulussuodosnopeus,estimoitu	ml/min/173m2	A	18366	5120
glomerulussuodosnopeus,estimoitu	ml/min/173m2	N	1572	1143
glomerulussuodosnopeus,estimoitu		N	11	11
glomerulussuodosnopeus,estimoitu(6354pt-gfre)	ml/min/173m2	N	1510	930
glomerulussuodosnopeus,estimoitu(6354pt-gfre)	ml/min/173m2	A	541	325
glomerulussuodosnopeus,estimoitu(pt-gfre)	ml/min/173m2	N	2821	1739
glomerulussuodosnopeus,estimoitu(pt-gfre)	ml/min/173m2	A	603	404
glomerulussuodosnopeus,estimoitu(pt-gfre)		N	8	8
glomerulussuodosnopeus,estimoitu,ckd-epi-kaava	ml/min/173m2	A	19909	4859
glomerulussuodosnopeus,estimoitu,ckd-epi-kaava	ml/min/173m2	N	1200	834
glomerulussuodosnopeus,estimoitu,ckd-epi-kaava		N	21	21
glomerulussuodosnopeus,estimoitu,ckd-epi-kaava		A	16	12
glomerulussuodosnopeus,estimoitu,ckd-epi-kaava,osatutk.	ml/min/173m2	L	3073	712
glomerulussuodosnopeus,estimoitu,ckd-epi-kaavalla	ml/min/173m2	N	168	146
glomerulussuodosnopeus,estimoitu,ckd-epi-tutkimuksenkaava	ml/min/173m2	N	16	15
glomerulussuodosnopeus,estimoitu,ckd-epi-tutkimuksenkaava	form	N	23	23
glomerulussuodosnopeus,estimoitu,kreatiniini-kystatiinic		N	16	15
glomerulussuodosnopeus,estimoitu,kreatiniini-kystatiinic	ml/min/173m2	A	63	60
glomerulussuodosnopeus,estimoitu,kreatiniini-kystatiinic	ml/min/173m2	N	7	7
glomerulussuodosnopeus,estimoitu,kreatiniini-kystatiinic-kaava	ml/min/173m2	A	819	208
glomerulussuodosnopeus,estimoitu,kystatiini	ml/min/173m2	A	342	240
glomerulussuodosnopeus,estimoitu,kystatiini	ml/min/173m2	N	43	34
glomerulussuodosnopeus,estimoitu,kystatiini(23315pt-gfrekys)	ml/min/173m2	N	14	14
glomerulussuodosnopeus,estimoitukystatiinic:stä	ml/min/173m2	A	101	88
glomerulussuodosnopeus,estimoitukystatiinic:stä	ml/min/173m2	N	19	14
glomerulussuodosnopeusestimoituckd-epikaavallakystatiinic:stä	ml/min/173m2	N	10	8
glucocheck		N	130	77
gluk-pika	mmol/l	A	103	92
gluk-vi		H	31	27
gluk-vieri		H	237	145
gluk-vieri		N	72	63
gluk1h	mmol/l	N	123	92
gluk1h	mmol/l	H	20	18
gluk2h	mmol/l	N	126	95
gluk2h	mmol/l	H	15	13
glukbel-vp	mmol/l	N	649	214
glukbel-vp		N	209	169
glukbel-vp	mmol/l	A	15	10
glukoosi	mmol/l	N	537	463
glukoosi	mmol/l	A	187	157
glukoosi		N	104	85
glukoosi(gluk.ras0)	mmol/l	N	6	6
glukoosi(gluk.ras2h)	mmol/l	N	9	9
glukoosi(kval)	estimate	N	1377	1004
glukoosi(kval)		N	167	149
glukoosi(kval),virtsasta,osatutk.		A	68	52
glukoosi(verikaasulaite),kap	mmol/l	N	284	212
glukoosi(verikaasulaite),kap	mmol/l	H	195	150
glukoosi(verikaasulaite),kap	mmol/l	A	166	150
glukoosi(verikaasulaite),kap	mmol/l	L	7	6
glukoosi(verikaasulaite),kapillaariveri	mmol/l	A	157	104
glukoosi(verikaasulaite),kapillaariveri	mmol/l	H	66	45
glukoosi(verikaasulaite),las	mmol/l	A	37	37
glukoosi(verikaasulaite),las	mmol/l	N	27	26
glukoosi(verikaasulaite),laskimoveri	mmol/l	A	2075	1326
glukoosi(verikaasulaite),laskimoveri	mmol/l	H	10	9
glukoosi(verikaasulaite),val	mmol/l	A	233	85
glukoosi(verikaasulaite),val	mmol/l	N	75	44
glukoosi(verikaasulaite),valtimoveri	mmol/l	A	366	205
glukoosi(verikaasulaite),valtimoveri	mmol/l	H	66	53
glukoosi(vo:nyhteydessäotettu),tth		N	31	27
glukoosi(vo:nyhteydessäotettu),tth	mmol	N	12	9
glukoosi,hoitoyksikönvieritesti,kokoveri	mmol/l	N	26	22
glukoosi,hoitoyksikönvieritesti,kokoveri	mmol/l	H	51	39
glukoosi,pikatesti,veri		N	114	85
glukoosi,pikatutkimus,verestä,osatutk.		N	28	22
glukoosi,plasmasta,paastotilassa	mmol/l	N	20	19
glukoosi,plasmasta,paastotilassa	mmol/l	A	30	22
glukoosi,plasmasta,pikamittarilla		A	54	43
glukoosi,plasmasta,pikamittarilla	mmol/l	A	29	25
glukoosi-koe,oraal.,lyhyt(0,2h)		N	333	266
glukoosi-koe,oraalinen,lyhyt		N	13	12
glukoosi-koe,oraalinen,lyhyt(0,2h)		N	28	27
glukoosi120min	mmol/l	N	88	84
glukoosi120min	mmol/l	A	30	29
glukoosi120minot	mmol/l	A	14	12
glukoosi120minot	mmol/l	N	17	17
glukoosi2h	mmol/l	N	10	10
glukoosikoe,0näyte	mmol/l	N	62	59
glukoosikoe,0näyte		N	9	9
glukoosikoe,2hnäyte	mmol/l	N	62	59
glukoosikoe,2hnäyte		N	9	9
glukoosikoe,oraalinen,lyhyt		N	38	35
glukoosikoe,oraalinen,lyhyt(0,2h)		N	66	62
glukoosikoe,oraalinen,lyhyt(0,2h),lähetevaaditaan		N	34	31
glukoosikoe,oraalinen,lyhyt(0,2h)pt		N	31	29
glukoosikoe,oraalinen,raskaudenaikainen		N	33	29
glukoosiosatutkimus	mmol/l	H	10	7
glukoosipikamittarilla	mmol/l	N	7	7
glukoosipikamittarilla		N	15	15
glukoosipikamittarilla(gluk-pika)		N	21	20
glukoosirasitus2tunninnäyte	mmol/l	N	8	7
glukoosirasitusoraalinenlyhyt0ja2h		N	6	6
glukoosirasitusr11483,0-näyte	mmol/l	N	8	7
glukpika	mmol/l	A	1197	854
glukpika		N	97	61
glukpika		H	59	31
glukr0	mmol/l	A	52	43
glukr0-n	mmol/l	A	184	160
glukr1h	mmol/l	A	10	9
glukr2h	mmol/l	A	205	168
glukras-0		A	29	27
glukrvalm		N	110	106
glukvieri		N	19	18
glukvieri		H	25	25
glutamaattidekarboksylaasi(gad),vasta-aineet,seerumista␤	iu/ml	A	7	7
glutamyylitransferaasi	u/l	H	454	291
glutamyylitransferaasi	u/l	N	789	646
glutamyylitransferaasi	u/l	A	56	44
glutamyylitransferaasi		N	38	25
glutamyylitransferaasi(gamma-gt)	u/l	N	10	10
glutamyylitransferaasi-desialortrasferriini	paketti	N	72	48
glutamyylitransferaasi-desialotransf.indeksi		A	59	32
glutamyylitransferaasi-desialotransf.indeksi		N	21	20
glutamyylitransferaasi-desialotransferriini,seerumista		A	33	15
glutamyylitransferaasi-desialotransferriini,seerumista		N	13	7
glutamyylitransferaasi-desialotransferriini-indeks		A	86	49
glutamyylitransferaasi-desialotransferriini-indeks		N	41	21
glutamyylitransferaasi-desialotransferriini-indeksi		A	125	92
glutamyylitransferaasi-desialotransferriini-indeksi		N	37	36
gluteeni	u/ml	A	31	30
gly	umol/l	N	9	9
glykoitunuthemoglobiini	mmol/mol	A	33	17
gra	%	A	160	39
gran.cyl.		N	15	15
granulosyytit	%	N	8	8
granulosyytit		N	10	10
granulosyytit	u/field	N	22	21
gt-cdt-ind		N	54	46
gt-cdt-ind		A	3177	1874
gt-cdt-ind		H	682	274
gynekologinenirtosolunäyte,hpvnhojaainanestep		N	7	7
gynekologinenirtosolututkimus		N	124	123
gynekologisennäytteenotto		N	23	22
haemophilusinfluenzae,nukleiinihappo(kval)		A	29	27
haemophilusinfluenzae,nukleiinihappo(kval)		N	30	28
haemophilusinfluenzae,nukleiinihappo(kval),likvori		N	12	11
haemophilusinfluenzaenukleiinihappo(kval)		N	42	42
happamusaste,kapillaariverestä,pikatesti␤		A	339	153
happamuusaste		N	452	379
happamuusaste,arteriaverestä,osatutk		A	23	19
happamuusaste,kapillaariverestä,osatutk		A	9	7
happamuusaste,kapillaariveri	ph	N	15	12
happamuusaste,kapillaariveri	ph	H	35	25
happamuusaste,kapillaariveri	ph	A	307	192
happamuusaste,kapillaariveri	ph	L	66	28
happamuusaste,laskimoverestä,pikatesti␤		A	258	198
happamuusaste,laskimoveri	ph	A	1114	716
happamuusaste,lämpötilakorjattu,arteriaverestä,osatutk		A	6	6
happamuusaste,seerumi	ph	N	77	70
happamuusaste,valtimoveri		A	213	137
happamuusaste,valtimoveri		H	22	18
happamuusaste,valtimoveri	ph	A	15	11
happamuusaste,valtimoveri		L	14	9
happamuusaste,venaverestä,osatutk		A	16	9
happikyllästeisyys(hemoglobiini),kapillaariveri	%	A	155	83
happikyllästeisyys(hemoglobiini),laskimoveri	%	A	911	594
happikyllästeisyys(hemoglobiini),osatutk	%	A	39	26
happikyllästeisyys(hemoglobiini),valtimoveri	%	A	20	19
happiosapaine,kapillaariveri	kpa	N	7	6
happiosapaine,laskimoveri	kpa	A	615	444
happiosapaine,lämpötilakorjattu,arteriaverestä,osatutk	kpa	A	32	22
happiosapaine,valtimoveri	kpa	A	25	22
happisisältö,kapillaariveri	%	N	21	18
happisisältö,laskimoveri	%	A	2702	1630
happisisältö,valtimoveri	%	A	450	254
haptoglobiini	g/l	N	10	10
hasselpähk	u/ml	A	8	7
hasselpähkinä,allergeenikomponentit		N	6	6
hasselpähkinä,rekombinanttipr-10coraa1(f428),ige-vasta-aineet	u/ml	A	6	6
hb-o		A	1476	651
hb-pika	g/l	A	369	278
hb-pika		A	114	84
hb-pikatesti	u	N	7	6
hb-vier		N	11	11
hb-vieri		N	280	195
hb-vieri		L	108	66
hba1c-pika	mmol/mol	N	106	79
hba1c-vier	mmol/mol	H	76	44
hba1c-vier	mmol/mol	N	24	21
hba1c-vieri	mmol/mol	N	31	22
hba1c-vieri	mmol/mol	H	80	46
hba1cpikatesti		N	191	152
hba1cpikatesti	mmol	N	36	25
hbpika	g/l	A	399	297
hbpika		L	108	77
hbpika		N	95	81
hc-diffi		N	158	98
hcgbv		N	11	8
hcgbvkmom	ratio	N	4344	3836
hct	%	A	715	201
hct		A	23	20
hct(hkr)-v	%pcv	N	16	16
hdl-kol/kol-suhde	ratio	N	266	123
hdl-kol/kol-suhde	ratio	A	27	15
hdl/kol	%	N	22299	12580
hdl/kol		N	7	7
hdl/kol.(ilmanpaastoa)	%	N	8	8
he-pad		N	515	137
he4,antigeeni4	pmol/l	N	22	22
he4proteiini	pmol/l	N	10	10
helicobacterpylori,antig.uloste		N	8	8
helicobacterpylori,antigeeni		N	34	32
helicobacterpylori,antigeeni,ulosteesta␤		A	8	8
helicobacterpylori,iggvasta-aineet	index	A	13	8
helicobacterpylori,iggvasta-aineet,seerumista	index	A	17	15
helicobacterpylori,vasta-aineet		N	8	7
helicobakteeriag(osatutk)	eiu	N	7	7
hematokriitti		N	18	17
hemoglobiini	g/l	N	1193	942
hemoglobiini	g/l	A	200	145
hemoglobiini(b-hb)	g/l	N	59	51
hemoglobiini(kval),uloste		N	15	12
hemoglobiini(kval)ulosteesta(3813f-hhb-o)		N	24	14
hemoglobiini(kval)ulosteesta(f-hhb-o)		N	124	65
hemoglobiini(kval,hemolex)		N	13	9
hemoglobiini(totaali),kapillaariveri	g/l	N	21	18
hemoglobiini(totaali),laskim	g/l	N	75	63
hemoglobiini(totaali),laskim	g/l	A	70	47
hemoglobiini(totaali),laskimoveri	g/l	A	1611	872
hemoglobiini(totaali),valtim	g/l	N	183	115
hemoglobiini(totaali),valtim	g/l	A	402	156
hemoglobiini(totaali),valtimoveri	g/l	A	346	192
hemoglobiini(totaali),valtimoveri	g/l	H	12	8
hemoglobiini(totaali),valtimoveri	g/l	L	81	51
hemoglobiini(vo:nyhteydessäotettu),tth	g/l	N	18	17
hemoglobiini(vo:nyhteydessäotettu),tth		N	115	94
hemoglobiini,arteriaverestä,osatutk	g/l	A	42	27
hemoglobiini,hiilimonoksidi,	%	A	28	14
hemoglobiini,hiilimonoksidi,veri	%	A	278	199
hemoglobiini,ihmisen(kval)		N	6	6
hemoglobiini,ihmisen(kval),uloste		N	12	12
hemoglobiini,ihmisen(kval),ulosteesta␤		A	30	25
hemoglobiini,kapillaariverestäotettu		N	66	54
hemoglobiini,keskimassa	pg	N	1277	1003
hemoglobiini,keskimassa	pg	A	82	63
hemoglobiini,keskimassa(e-mch)	pg/u	N	57	49
hemoglobiini,keskimassa,pvkosatutkimus	pg	N	74	45
hemoglobiini,keskimassakonsentraatio(e-mchc)	g/l	N	59	51
hemoglobiini,keskimassakonsentraatio,pvkosatutkimus	g/l	N	76	45
hemoglobiini,pikatesti,veri	g/l	A	86	73
hemoglobiini,pikatesti,veri		N	14	10
hemoglobiini,pikatesti,veri	g/l	L	20	20
hemoglobiini,pikatesti␤	g/l	A	142	88
hemoglobiini,pvkosatutkimus	g/l	N	60	40
hemoglobiini,pvkosatutkimus	g/l	L	20	8
hemoglobiini,tk:ntekemä		N	35	34
hemoglobiini,ulosteenveri		N	21	19
hemoglobiini,venaverestä,osatutk	g/l	A	29	14
hemoglobiini,vieritutkimus	g/l	N	112	90
hemoglobiini,vieritutkimus	g/l	L	59	39
hemoglobiini-a1c	mmol/mol	N	395	358
hemoglobiini-a1c	mmol/mol	A	140	119
hemoglobiini-a1c		N	73	70
hemoglobiini-a1c,entsymaattisellamenetelmällä	mmol/mol	H	9	8
hemoglobiini-a1c,entsymaattisellamenetelmällä	mmol/mol	N	24	19
hemoglobiini-a1c,glykoitunut(6128b-hba1c)	mmol/mol	N	560	442
hemoglobiini-a1c,glykoitunut(6128b-hba1c)	mmol/mol	A	194	109
hemoglobiini-a1c,glykoitunut(b-hba1c)	mmol/mol	N	1109	706
hemoglobiini-a1c,glykoitunut(b-hba1c)	mmol/mol	A	343	150
hemoglobiini-a1c,glykoitunut(b-hba1c)		N	31	30
hemoglobiini-a1c,verestä	mmol/m	A	180	164
hemoglobiini-a1c,vieritesti	mmol/mol	A	34	26
hemoglobiini-a1c,vieritutkimu	mmol/mol	A	34	33
hemoglobiinisormenpäänäyte		N	6	6
hemolyysi-indeksi		N	1432	872
hengalp		N	297	280
hepatiitti,a,b,c-tutkimus		N	29	19
hepatiitti,a,b,c-tutkimus		A	17	13
hepatiittia-virus,igg-vasta-aineet,seerumista		N	10	10
hepatiittia-virus,kokonaisvasta-aineet		A	33	33
hepatiittiavirus,vasta-aineet		N	8	8
hepatiittib-virus,c-antigeeni,vasta-aineet		N	27	25
hepatiittib-virus,s-antigeeni		N	36	34
hepatiittibydinantigeeni,äitseulosatutk.		N	10	10
hepatiittic-virus,antigeenijavasta-aineet,yhdistelmätut		N	115	83
hepatiitticviruksen(hcv)vasta-ainemääritysjahcvantigeeni		N	7	7
hepatiitticvirus,nukleiinihappo(kval)		N	7	6
hepatiitticvirus,vasta-aineet		N	32	31
hepatiittie-virus,igg	index	N	45	44
hepatiittie-virus,igm	index	N	13	13
hepatiittie-virus,igm		N	9	9
hepatitisbvirus,c-antigeeni,vasta-ai		N	18	18
hepatitisbvirus,s-antigeeni		N	80	80
hepatitiscvirus,vasta-aineet		N	20	20
herkkäcrp	mg/l	N	6	6
herpessimplex-virus,nhosoitus␤		A	18	17
herpessimplex-virus,nukleiinihappo(kval)		A	18	17
herpessimplex-virus1,nukleiinihappo(kval),likvori		N	12	11
herpessimplex-virus2,nukleiinihappo(kval),likvori		N	12	11
herpessimplextyyppi1,nukleiinihappo(kval)		N	16	16
herpessimplextyyppi1,nukleiinihappo(kval)		A	10	10
herpessimplextyyppi2,nukleiinihappo(kval)		A	9	9
herpessimplextyyppi2,nukleiinihappo(kval)		N	17	16
hevonee		A	9	8
hevonee	u/ml	N	6	6
hevonee	u/ml	A	35	33
hevonen		N	11	11
hevonen		A	66	64
hevonen	u/ml	A	72	71
hevonen(hilse)igevasta-aineet	u/ml	N	41	41
hgb	g/l	A	723	194
hhpvnho		A	967	489
hi-virus,antigeenijavasta-aineet,yhdistelmätutkimus		N	43	40
hi-virus,antigeenijavasta-aineetseerumista		N	24	21
hi-virusv-ainejaantigeeni,äitseulosatutk.		N	10	10
hiilidioksidiosapaine,kapillaariveri	kpa	A	88	56
hiilidioksidiosapaine,laskimoverestä,pikatesti␤	kpa	A	426	308
hiilidioksidiosapaine,laskimoveri	kpa	A	400	258
hiilidioksidiosapaine,lämpötilakorjattu,arteriaverestä,osatutk	kpa	A	16	11
hiilidioksidiosapaine,valtimoveri	kpa	A	18	15
hiiva,viljely,limakalvo␤		A	30	29
hiivaviljely(ei-gynekologisetnäytteet,pinnalliset)		A	10	9
hinflnho		A	19	19
hivab+todistus		N	11	11
hladr+,cd38+(aktivoituneet)cd8t-solut	%	N	6	6
hmgcoar-vasta-aineet,seerumista		N	19	19
hmpvnho		A	50	41
holter		N	19	18
homepöly-igeva,kosteusvauriomikrobit		N	8	8
homeryhmä,ige-va:t(s-)	u/ml	N	20	20
homeryhmä,igevasta-aineet	u/ml	N	7	7
homokysteiini	umol/l	N	11	9
hpvnho		A	110	84
hpvnho,nestepapa		N	85	85
hpvnhojarefnestepapa		N	255	255
hpvseul		A	23	23
hsvnho		A	22	22
humanherpes-virus6.nukleiinihappo(kval),likvori		N	12	11
humanimmunodeficiencyvirus,antigeeni		N	22	22
humanimmunodeficiencyvirus,antigeenijavasta-		N	29	26
humanimmunodeficiencyvirus,antigeenijavasta-aineet,yhd		N	61	61
huume-jalääkeainetutkimus,laaja,varmistus		N	36	8
huumeds6a		N	8	7
huumeseula(amfet.,bents.,opiaatit,kannabis,kokaiini)		N	8	7
huumeseula(ds5)+bupre-o		N	20	20
huumeseulonta		N	12	6
huumeseulonta(amfet.,bents.,opiaatit,kannabis,kokaiini,buprenorfiini)		N	510	481
huumeseulonta(amfet.,bents.,opiaatit,kannabis,kokaiini,buprenorfiini)		A	34	29
huumeseulonta(ds6)		N	18	18
huumeseulonta4a		N	6	6
huumeseulonta4a(9577u-huum4a),alv		N	29	24
huumeseulonta5b(9580u-huum5b),alv		N	6	6
huumeseulonta5b(u-huum5b)		N	14	13
huumeseulonta5b(u-huum5b),alv		N	7	7
huumeseulonta6		N	385	368
huumeseulonta6(u-huum6a)		N	63	57
huumeseulonta6(u-huum6a),alv		N	25	25
huumeseulonta6,virtsasta		N	22	22
huumeseulonta6a(9582u-huum6a),alv		N	102	89
huumeseulonta6a(u-huum6a),alv		N	67	65
huumeseulonta6pt		N	121	113
hyal.cyl.		N	48	44
hyaliinilieriöt	e6/l	N	17	14
hydroksi-indolyyliasetaatti(5-)	nmol/l	A	13	10
hydroksikarbatsepiini	umol/l	A	6	6
hyytlaus		N	159	153
hyytymistekijäix,plasma	%	A	7	7
hyytymistekijäv,plasma	%	A	9	9
hyytymistekijävii,plasma	%	A	11	11
hyytymistekijäviii	%	A	12	12
hyytymistekijäviii(8),plasmasta	%	H	6	6
hyytymistekijäviii,plasma	%	A	21	20
hyytymistekijäviii,plasmasta␤	%	A	20	18
hyytymistekijäviii,päivystys,plasma	%	A	9	7
hyytymistekijäviii,rekombina	%	N	21	12
hörsel		N	112	104
i-statcrea	umol/l	N	208	119
ica(7.4)		A	18	15
iga	g/l	A	10	8
iga-luokantransglutaminaasivasta-aineet		N	16	16
iga/prealb		N	1014	919
iga/prealb		A	59	58
iga/prealb		H	83	78
igakeli		N	36	35
igecladosporiumherbarum,home/mögel		N	14	14
igedermatophagoidespteronyssinus,pölypunkki/dammvalster		N	11	11
igehevonen	u/ml	H	71	66
igehevonen(hilse)/häst(epitel)		N	11	11
igekissa	u/ml	H	146	141
igekissa(hilse)/katt(mjäll)		N	10	10
igekoira	u/ml	H	136	127
igekoira(hilse)/hund(mjäll)		N	10	10
igekoivu	u/ml	H	169	166
igekoivu/björk		N	9	9
igemdidifenyylimetaanidi-isosyanaatti/isocyanat		N	6	6
igepujo/grabo		N	13	13
igepölyerittely(phadiatop),igevasta-aineet	u/ml	H	6	6
igetimotei/timotej		N	12	12
igf1-pitoisuudensd-score		A	25	20
igf1-pitoisuudensd-score		N	16	16
igg-summa	g/l	N	7	7
ihottumanäytteenhistologinentutkimus		N	93	91
ihottumanäytteenhistologinentutkimus		A	16	16
ikäriski		N	4334	3830
ikäriski,trisomia		N	11	10
ikäryhmä	mmol/l	H	40	33
immunofenotyypitys,luuydin		N	8	7
immunoglobuliini,kevyet	g	A	10	7
immunoglobuliini,kevyet		A	29	11
immunoglobuliini,kevyetketjut,kappa,virtsa	g	A	10	8
immunoglobuliini,kevyetketjut,kappa-lambda-suhde,osatutk.		H	82	21
immunoglobuliini,kevyetketjut,lambda,virtsa	g	A	8	6
immunoglobuliini,kevytketjut,vapaat		N	7	7
immunoglobuliinia	g/l	N	199	198
immunoglobuliinia	g/l	H	18	16
immunoglobuliinia,plasma	g/l	A	32	23
immunoglobuliinia,plasma		A	10	6
immunoglobuliinie	u/ml	N	13	10
immunoglobuliinie,perusseulonta,erittelyjakomponentit		N	23	23
immunoglobuliinie,plasma	u/ml	A	20	20
immunoglobuliinie,pölyseos		N	15	15
immunoglobuliinie,pölyseos	u/ml	N	6	6
immunoglobuliinie,suunnattuseulonta(pölyer)		N	21	21
immunoglobuliinie,suunnattuseulonta(pölyer)	u/ml	N	17	16
immunoglobuliinie-koira		N	18	17
immunoglobuliinie-koira	u/ml	A	11	10
immunoglobuliinie-koivu	u/ml	A	37	34
immunoglobuliinie-koivu	u/ml	N	11	11
immunoglobuliinie-koivu		N	27	26
immunoglobuliinig	g/l	N	29	26
immunoglobuliinig,indeksi,	index	A	6	6
immunoglobuliinig,plasma	g/l	A	68	50
immunoglobuliinig,selkäydinneste	mg/l	A	8	8
immunoglobuliinig4	g/l	A	6	6
immunoglobuliinim	g/l	N	18	17
immunoglobuliinim,plasma	g/l	A	29	22
immunohistokemiallinentutkimus		A	28	24
imusolmukkeenhistologinentutkimus		A	36	28
infaag		A	10	10
infabag		N	11	11
infanho		A	154	149
infbnho		A	234	228
infbnhoinfluenssab-virus,nukleiinihappo(kval)		N	8	8
infbnhoinfluenssab-virus,nukleiinihappo(kval)(osatutk.)		N	9	9
infliksimabivasta-aineet,seerumista␤	au/ml	A	8	7
influenssaa,nukleiinihaponosoitus(kval)		A	28	28
influenssaa-virus,nukleiinihaponosoitus		N	7	7
influenssaa-virus,nukleiinihappo(kval)		N	334	271
influenssaa-virus,nukleiinihappo(kval)		A	217	208
influenssaaalatyyppih1n1/2009		N	6	6
influenssaajab,rsv,covid-19,nukleiinihappo(kval)		N	8	8
influenssaajabvirus,antigeeni		N	6	6
influenssaavirus,antigeeni		N	30	29
influenssaavirus,nukleiinihapo(kval)		N	8	8
influenssaavirus,nukleiinihappo(kval)		A	14	14
influenssaavirus,nukleiinihappo(kval)		N	6	6
influenssaavirus,nukleiinihappo(kval),osatutk.		A	15	15
influenssab,antigeeni		N	9	9
influenssab-virus,nukleiinihappo(kval)		N	349	286
influenssabvirus,antigeeni		N	20	19
influenssajarsv,nukleiinihappo-osoitusnenänielusta,päivystyksenä		N	20	20
influenssavirus,nukleiinihaponosoitus		N	29	29
influenssavirusa,va:tcf/virus,laaj		N	6	6
infnho		A	24	24
inkub.2vrk		A	6	6
inr,tk		N	1875	136
inr,tk		L	500	93
inr,tk		H	569	102
inr-liuska		L	72	9
inr-liuska		N	110	12
inr-liuska		H	30	8
inr-pika	inr	N	249	34
inr-vieri	inr	N	7301	194
inr-vieri	inr	H	513	117
inr-vieri	inr	L	21	11
inr/hoito		A	207	19
inrpika	inr	A	38	37
insuliini	mu/l	N	19	18
insuliini,plasma	mu/l	A	32	7
insuliininkaltainenkasvutekijä1,sd-score,seerumi		A	27	17
interleukiini-2:nreseptori,liukoinen	u/ml	A	23	22
ionisoitunutkalsium		N	39	29
ipro2		N	32	25
itsetehtäväp-crp+hb		N	30	29
itsetehtäväpika-raskaustestihcg		N	18	17
itsetehtävätnt-pikatesti		N	293	258
jak2-geeninmutaatioanalyysi,verestä		N	13	13
jo-1		N	26	26
jo-1(histidyl-trna-syntaasi),vasta-aineet(s-jo1ab)		N	63	61
jodidi,virtsa	ug/l	L	8	8
jodidi/kreatiniini(osatutk)	ug/g	N	9	9
jäku		N	681	671
k-pika	mmol/l	A	107	74
k-vitamiini(fyllokinoni)osatutkimus	ug/l	N	8	8
k1-vitamiini(fyllokinoni)osatutkimus	ug/l	N	162	139
k1-vitamiini(fyllokinoni)osatutkimus	ug/l	A	31	30
k1-vitamiini(fyllokinoni)osatutkimus		A	8	8
k2-vitamiini,menakinoni-4(mk4)osatutkimus	ug/l	N	194	162
k2-vitamiini,menakinoni-4(mk4)osatutkimus		N	11	11
k2-vitamiini,menakinoni-4(mk4)osatutkimus	ug/l	A	7	6
k2-vitamiini,menakinoni-7(mk7)osatutkimus		N	29	29
k2-vitamiini,menakinoni-7(mk7)osatutkimus	ug/l	N	133	126
k2-vitamiini,menakinoni-7(mk7)osatutkimus	ug/l	A	50	43
kalium		N	193	136
kalium	mmol/l	N	619	513
kalium	mmol	A	14	13
kalium	mmol/l	A	10	10
kalium(verikaasulaite),plasm	mmol/l	N	269	107
kalium(verikaasulaite),plasm	mmol/l	A	64	37
kalium(verikaasulaite),plasma	mmol/l	A	555	330
kalium(verikaasulaite),plasma	mmol/l	L	13	10
kalium,hoitoyksikönvieritesti,veri	mmol/l	N	147	109
kalium,hoitoyksikönvieritesti,veri	mmol/l	L	11	9
kalium,hoitoyksikönvieritesti,veri	mmol/l	H	8	7
kalium,kokoveren	mmol/l	N	310	251
kalium,pika	mmol/l	N	82	52
kalium,pika	mmol/l	L	13	11
kalium,pikatesti,veri	mmol/l	H	6	6
kalium,pikatesti,veri	mmol/l	N	6	6
kalium,pikatutkimus		L	18	13
kalium,plasmasta	mmol/l	A	53	31
kalium,plasmasta	mmol/l	N	621	297
kalium,plasmasta	mmol/l	L	6	6
kalium,verikaasuosatutk.	mmol/l	A	36	19
kaliummääritysplasmastavieritestinä		N	10	7
kalprotektiini,uloste		N	37	18
kalprotektiini,uloste	ug/g	N	9	9
kalsium	mmol/l	A	112	100
kalsium	mmol/l	N	181	155
kalsium	mmol	A	7	7
kalsium(4598p-ca),osatutkimus	mmol/l	N	12	11
kalsium(7.4)	mmol/l	A	24	9
kalsium(s-)	mmol/l	N	7	7
kalsium,aktuaalinenpitoisuus	mmol/l	N	31	25
kalsium,albumiinikorjattu	mmol/l	N	646	572
kalsium,albumiinikorjattu	mmol/l	A	1049	815
kalsium,albumiinikorjattu		N	297	250
kalsium,albumiinikorjattu(p-,sis.p-alb)	mmol/l	N	358	323
kalsium,albumiinikorjattu(p-,sis.p-alb)	mmol/l	A	46	38
kalsium,albumiinikorjattu(p-,sis.p-alb)		N	46	45
kalsium,albumiinikorjattu(p-ca-albk)		N	26	25
kalsium,albumiinikorjattu,plasma	mmol/l	A	678	304
kalsium,albumiinikorjattu,plasma	mmol/l	N	53	37
kalsium,albumiinikorjattu,plasma	mmol/l	H	313	200
kalsium,albumiinikorjattu,plasmasta	mmol/l	N	68	59
kalsium,albumiinikorjattu,plasmasta	mmol/l	A	9	9
kalsium,albumiinikorjattu,plasmasta␤	mmol/l	A	1207	609
kalsium,albumiinikorjattu,plasmasta␤(huom.alb-pitoisuus)	mmol/l	A	72	60
kalsium,ionisoitunut	mmol/l	N	24	22
kalsium,ionisoitunut		N	90	76
kalsium,ionisoitunut	mmol/l	A	11	7
kalsium,ionisoitunut(7,4),seerumi	mmol/l	N	11	11
kalsium,ionisoitunut(7.4)	mmol/l	L	345	162
kalsium,ionisoitunut(7.4)	mmol/l	A	2070	734
kalsium,ionisoitunut(7.4)	mmol/l	N	4462	2775
kalsium,ionisoitunut(7.4)	mmol/l	H	295	180
kalsium,ionisoitunut(7.4),pl	mmol/l	A	332	196
kalsium,ionisoitunut(7.4),pl	mmol/l	L	144	108
kalsium,ionisoitunut(7.4),pl	mmol/l	N	525	362
kalsium,ionisoitunut(7.4),pl	mmol/l	H	11	8
kalsium,ionisoitunut(7.4),plasma	mmol/l	A	1263	728
kalsium,ionisoitunut(7.4),plasma	mmol/l	L	63	36
kalsium,ionisoitunut(7.4),plasma	mmol/l	H	12	7
kalsium,ionisoitunut(7.4),seerumi	mmol/l	A	1671	686
kalsium,ionisoitunut(7.4),seerumi	mmol/l	N	91	66
kalsium,ionisoitunut(7.4),seerumi	mmol/l	H	182	94
kalsium,ionisoitunut(7.4),seerumi	mmol/l	L	193	79
kalsium,ionisoitunut(7.4),seerumi		A	45	28
kalsium,ionisoitunut(akt)	mmol/l	A	1371	463
kalsium,ionisoitunut(akt)	mmol/l	N	2158	1466
kalsium,ionisoitunut(akt),plasma	mmol/l	A	229	153
kalsium,ionisoitunut(s-)	mmol/l	N	1541	1218
kalsium,ionisoitunut(s-)	mmol/l	A	139	92
kalsium,ionisoitunut,7.4seerumi	mmol/l	N	61	53
kalsium,ionisoitunut,7.4seerumi	mmol/l	A	10	6
kalsium,ionisoitunut,aktuaali	mmol/l	N	260	200
kalsium,ionisoitunut,ph7.4-korjattu	mmol/l	N	427	363
kalsium,ionisoitunut,ph7.4-korjattu	mmol/l	A	95	46
kalsium,ionisoitunut,ph7.4-korjattu,arteriaverestä,osatutk	mmol/l	A	7	6
kalsium,ionisoitunut,ph7.4-korjattu,kapillaariverestä,osatutk	mmol/l	A	10	6
kalsium,ionisoitunut,ph7.4-korjattu,seerumista	mmol/l	N	98	89
kalsium,ionisoitunut,ph7.4-korjattu,seerumista	mmol/l	A	9	9
kalsium,ionisoitunut,ph7.4-korjattu,seerumista,osatutk	mmol/l	A	383	158
kalsium,ionisoitunut,ph7.4-korjattu,seerumista,osatutk	mmol/l	H	13	13
kalsium,ionisoitunut,ph7.4-korjattu,seerumista,osatutk	mmol/l	L	67	45
kalsium,ionisoitunut,ph7.4-korjattu,venaverestä,osatutk	mmol/l	A	11	9
kalsium,ionisoitunut,ph7.4korjattu	mmol/l/p	N	50	43
kalsium,ionisoitunut,plasmasta	mmol/l	L	26	19
kalsium,ionisoitunut,plasmasta	mmol/l	N	41	33
kalsium,ionisoitunut,seerumista		N	11	8
kalsium,ionisoitunutph	ph	N	77	56
kalsium,normalisoitupitoisuus		N	31	25
kalsium,osatutkimus(4598p-ca)	mmol/l	N	83	76
kalsium,osatutkimus(4598p-ca)	mmol/l	A	6	6
kalsium,osatutkimus(p-ca)	mmol/l	N	156	134
kalsium,osatutkimus(p-ca)	mmol/l	A	11	6
kalsiumionisoitunut,seerumi..	mmol/l	N	43	39
kappa-lambda-suhde,kevytketju	ratio	N	432	258
kappa-lambda-suhde,kevytketju	ratio	L	44	26
kappa-lambda-suhde,kevytketju	ratio	A	168	71
kappa-lambda-suhde,kevytketju	ratio	H	74	40
kappa-lambda-suhde,kevytketjut,vapaat	ratio	A	10	6
kappa-lambda-suhde,kevytketjut,vapaat	ratio	N	11	11
kappa/lambda,vapaat	ratio	N	32	29
kappa/lambda-suhde,kevytketjut,vapaat	ratio	A	32	10
kardiolipiini,iggvasta-aineet,plasma	gpl	A	10	9
kardiolipiini,igmvasta-aineet,plasma	mpl	A	8	7
kardiolipiini-iggvasta-aineetplasmasta	u/ml	N	7	6
karsinoembryonaalinenantigeeni	ug/l	A	122	66
karsinoembryonaalinenantigeeni		N	28	12
karsinoembryonaalinenantigeeni	ug/l	N	7	7
kattavakardiologinenpaneeli(184geeniä,blueprint)dna-tutk.		A	8	8
kaura,ruok	u/ml	A	21	20
kaura,sipö	u/ml	A	6	6
keliakia,immunoglobuliinia	g/l	N	8	8
keliakia,kudostransglutaminaasiigavasta-aineet		N	9	9
keliakia,seulonta		N	10	10
keliakia,totaaliiga		N	13	13
keliakia,vasta-ainetutkimus,seerumista		N	21	14
keliakia,vasta-ainetutkimus,seerumista,osatutkimus		N	7	7
keliakianhla-tautiassosiaatio,nukleiinihappo,verestä␤		A	10	10
keliakianperustutkimus		N	55	55
keliakianperustutkimuspaketti		N	25	25
keliakiaperustutkimuspaketti		N	493	493
keliakiaseulonta		N	81	81
keliakiat2		N	7	7
keliakiatutkimus		N	37	36
keliakiatutkimus,laaja		N	349	343
keliakiatutkimus,laaja(kelit)		N	8	8
keliakiatutkimus,laaja(s-iga,s-dgaba,s-dgpabg,s-emaba,s-ttgaba)		N	9	9
keliakiatutkimus,lausunto		N	293	291
keliakiatutkimus,seulonta		N	99	95
keliakiatutkimus,seulonta(sis.s-iga,s-ttgaba)		N	6	6
keliakiatutkimus,suppea		N	25	25
keliakiatutkimus,suppea(kelia-s)		N	7	7
keliakiatutkimus,suppea(s-ttgaba(celikey®)jas-iga)		N	23	23
keliakiatutkimuspaketti		N	11	11
keliakiavasta-aineet,seerumista		N	11	11
kemiallinenseulonta		N	749	403
kemiallinenseulonta,virtsasta,osatutkimus		N	66	39
keräyksenkesto	min	N	68	50
keuhkoahtaumatautiriski(tupakoivilla)		A	3319	3300
keuhkosyöpäriski(tupakoivilla)		A	3319	3300
ki-pad		N	1144	682
ki-pad-if		N	26	25
kiire		N	8	8
kiirelisä		N	28	26
kilpirauhasentutkimuspaketti		N	1828	1692
kilpirauhaspaketti		N	7	6
kilpirauhastutkimus		N	285	233
kilpirauhastutkimus(paketti:tsh,t4v)		N	33	21
kilpirauhastutkimus(tsh,t4v)		N	23	21
kilpirauhastutkimus,paketti		N	37	28
kilpirauhastutkimuspaketti		N	123	101
kilpirauhastutkimuspaketti(s-t4vjas-tsh)		N	16	16
kilpirauhasvasta-a.(tygl-ab,tpo-ab)		N	8	8
kipa		N	11	10
kissa		N	11	11
kissa		A	135	131
kissa	u/ml	A	139	135
kissae		A	18	18
kissae	u/ml	A	98	89
kissanhilse(e1),ige-vasta-aineet	u/ml	A	34	33
kissanhilse,ige-va:t(s-)	u/ml	A	20	20
kissanhilse,ige-va:t(s-)	u/ml	N	7	7
klamydiatrachomatisnukleiinihappo(kval)		N	11	10
klamydiavasta-aineet(cf)/virus,laaj		N	7	7
kliinineneksomi,triotutkimusverestä,vanhempi		N	7	7
klobatsaami	umol/l	N	7	6
kloridi,plasma	mmol/l	A	721	384
kloridi,plasma	mmol/l	L	14	11
kloridi,plasma	mmol/l	N	275	115
klotsapiini	nmol/l	A	433	138
klotsapiini		A	9	8
klotsapiini		N	27	14
klotsapiini	nmol/l	N	15	12
klotsapiini,seerumi	nmol/l	A	376	60
klotsapiini,seerumi	nmol/l	H	202	38
klotsapiini,seerumi	nmol/l	L	120	27
klotsapiini,seerumista	umol/l	A	33	13
klotsapiini,seerumista	nmol/l	A	10	7
klr-spie		N	8	6
klr-tje		N	112	90
kobolttipitoisuus,verestä	ug/l	A	15	15
kohdunlimakalvonhistologisenmateriaalintutkimus		N	8	8
koira,hils		A	120	115
koira,hils	u/ml	A	151	149
koira,hilse	u/ml	A	19	18
koira,hilse		N	22	22
koira,hilse	u/ml	N	10	10
koirae		A	19	18
koirae	u/ml	A	93	81
koiranhilse(e5),ige-vasta-aineet	u/ml	A	27	26
koiranhilse,ige-va:t(s-)	u/ml	N	18	18
koiranhilse,ige-va:t(s-)	u/ml	A	12	12
koiranhilse,igevasta-aineet	u/ml	N	6	6
koivu		A	216	208
koivu	u/ml	A	196	189
koivu		N	12	12
koivue	u/ml	A	120	110
koivue		A	17	17
koivue		N	25	24
koivue	u/ml	N	10	9
koivunsiitepöly(t3),ige-vasta-aineet	u/ml	A	43	42
koivunsiitepöly,ige-va:t(s-)	u/ml	A	10	10
koivunsiitepöly,ige-va:t(s-)	u/ml	N	15	15
koivunsiitepöly,ige-vasta-aineet,seerumista	u/ml	H	8	7
kokaiini		N	8	8
kokaiini(kval)		N	45	38
kokoeksomi(wes),tritutkimusverestä,vanhempi		N	8	8
kokoeksomi(wes),tutkimusverestä		N	7	7
kokonaisprolaktiini	mu/l	N	7	7
kol-hdl-suhde		N	12	11
kol-hdl-suhde		A	8	8
kol-hdl/kol	mmol/l	N	129	102
kol.kvot		N	115	98
kol/hdl	ratio	N	207	155
kol/hdl	ratio	A	71	54
kol/hdl	ratio	H	36	21
kol/hdl-su	ratio	H	249	188
kol/hdlsuh	ratio	A	10	9
kol/hdlsuho1		A	6	6
kol/kol-hdl-suhde		N	7	7
kolesteroli	mmol/l	N	3368	2966
kolesteroli	mmol/l	H	1781	1581
kolesteroli	mmol/l	A	1617	1398
kolesteroli,hdl/lipidit,osatutkimus(4516fp-hdl-kol)osatutkimus	mmol/l	N	165	153
kolesteroli,hdl/lipidit,osatutkimus(4516fp-hdl-kol)osatutkimus	mmol/l	A	36	33
kolesteroli,highdensity/lipidit(4516fp-hdl-kol/lipidit),osatutkimus	mmol/l	N	42	42
kolesteroli,highdensity/lipidit(4516fp-hdl-kol/lipidit),osatutkimus	mmol/l	A	15	15
kolesteroli,highdensitylipoproteiinit	mmol/l	A	785	713
kolesteroli,highdensitylipoproteiinit	mmol/l	N	5273	4368
kolesteroli,highdensitylipoproteiinit	mmol/l	L	642	554
kolesteroli,highdensitylipoproteiinit,plasmasta	mmol/l	N	607	455
kolesteroli,highdensitylipoproteiinit,plasmasta	mmol/l	A	104	77
kolesteroli,highdensitylipoproteiinit/lipidit	mmol/l	N	2430	1686
kolesteroli,highdensitylipoproteiinit/lipidit	mmol/l	A	481	318
kolesteroli,highdensitylipoproteiinit/lipidit		N	6	6
kolesteroli,highdensitylipoproteiinit/lipiditosatutkimus	mmol/l	N	948	731
kolesteroli,highdensitylipoproteiinit/lipiditosatutkimus	mmol/l	A	238	190
kolesteroli,highdensitylipoprotein,plasmasta,paastotilassa(fp-kol-hdl)	mmol/l	A	419	335
kolesteroli,highdensitylipoprotein,plasmasta,paastotilassa(fp-kol-hdl)	mmol/l	N	3104	2207
kolesteroli,lowdensity	mmol/l	N	2180	1917
kolesteroli,lowdensity	mmol/l	H	1936	1733
kolesteroli,lowdensitylipoproteiinit	mmol/l	N	1455	1274
kolesteroli,lowdensitylipoproteiinit	mmol/l	A	1462	1258
kolesteroli,lowdensitylipoproteiinit(ldl)/lipidit	mmol/l	N	2756	1791
kolesteroli,lowdensitylipoproteiinit(ldl)/lipidit		N	20	15
kolesteroli,lowdensitylipoproteiinit(ldl)/lipidit(4599fp-kol-ldl/lipidit),osatutkimus	mmol/l	N	141	133
kolesteroli,lowdensitylipoproteiinit(ldl)/lipidit(4599fp-kol-ldl/lipidit),osatutkimus	mmol/l	A	117	112
kolesteroli,lowdensitylipoproteiinit(ldl)/lipiditosatutkimus	mmol/l	N	874	699
kolesteroli,lowdensitylipoproteiinit(ldl)/lipiditosatutkimus	mmol/l	A	311	272
kolesteroli,lowdensitylipoproteiinit,plasmasta	mmol/l	N	50	35
kolesteroli,lowdensitylipoproteiinit,plasmasta	mmol/l	A	20	15
kolesteroli,lowdensitylipoproteiinit/lipidit	mmol/l	A	62	61
kolesteroli,lowdensitylipoproteiinit/lipidit	mmol/l	N	72	68
kolesteroli,lowdensitylipoproteiniit,plasmasta	mmol/l	A	400	302
kolesteroli,lowdensitylipoproteiniit,plasmasta	mmol/l	N	304	248
kolesteroli,plasmasta	mmol/l	N	15	13
kolesteroli,plasmasta	mmol/l	A	9	7
kolesteroli,plasmasta,paastotilassa(fp-kol)	mmol/l	A	2179	1541
kolesteroli,plasmasta,paastotilassa(fp-kol)	mmol/l	N	1343	1102
kolesteroli-ldl	mmol/l	N	17	15
kolesteroli-ldl	mmol/l	A	22	18
kolesteroli/hdl-kolesteroli-suhde		N	8	8
kolesteroli/hdl-suhde	ratio	N	7538	7191
kolesteroli/hdl-suhde	ratio	H	2321	2215
kolesteroli/hdl-suhdevv65		N	22	22
kolesteroli/lipidit	mmol/l	N	1580	1163
kolesteroli/lipidit	mmol/l	A	1323	947
kolesteroli/lipidit(4515fp-kol/lipidit),osatutkimus	mmol/l	N	46	46
kolesteroli/lipidit(4515fp-kol/lipidit),osatutkimus	mmol/l	A	22	22
kolesteroli/lipidit,osatutkimus(4515fp-kol/lipidit)	mmol/l	N	95	92
kolesteroli/lipidit,osatutkimus(4515fp-kol/lipidit)	mmol/l	A	95	92
kolesteroli/lipiditosatutkimus	mmol/l	N	651	534
kolesteroli/lipiditosatutkimus	mmol/l	A	530	421
kolesteroli/s-lipa	mmol/l	N	27	23
kolesteroli/s-lipa	mmol/l	A	27	19
kolesterolinjahdl-kolest.suhde	ratio	N	207	134
kolesterolinjahdl-kolest.suhde	ratio	A	60	39
kolesterolinjahdl-kolesterolinsuhde		A	221	178
kolesterolinjahdl-kolesterolinsuhde		N	635	502
kolesterolinjahdl-kolesterolinsuhde	%	N	22	22
kolesteroliplasmasta	mmol/l	A	310	237
kolesteroliplasmasta	mmol/l	N	385	321
kolestrolivldl	mmol/l	N	80	72
koll/adp	s	A	37	33
koll/adr		A	9	8
koll/adr	s	A	26	24
kollageeni/adp	s	A	8	8
kollageenii/adrenaliini	s	A	7	6
kolonoskopianäytteidenhistologinentutkimus		A	79	77
kolposkopianäytteidenhistologinentutkimus		A	67	64
komplementtic3	g/l	N	6	6
komplementtic3	g/l	A	15	6
komplementtic4	g/l	N	6	6
komplementtic4	g/l	A	13	8
konalbumiini,igevasta-aineet,seerumista		N	6	6
koriongonadotropiini	u/l	A	292	153
koriongonadotropiini		N	82	63
koriongonadotropiini	u/l	N	67	35
koriongonadotropiini,b-alayksikkö,vapaa	ug/l	N	61	61
koriongonadotropiini,beeta-alayksikkö	u/l	A	9	6
koriongonadotropiini,ihmisen,plasma	u/l	H	129	59
koriongonadotropiini,ihmisen,plasma	u/l	A	117	57
koriongonadotropiini,virtsakval(u-hcg-o)		N	7	6
korona-rs-influenssa,pcrpikatesti		N	2218	1718
korona-rs-influenssa,pcrpikatesti		A	30	29
korona-rs-influenssavirusten,nukleiinihappo		N	24	21
kors/dxm	nmol/l	A	16	15
kortisoli	nmol/l	A	53	38
kortisoli	nmol/l	N	34	30
kortisoli,sylki	nmol/l	A	9	8
kortisoli,sylki	nmol/l	N	21	17
kortisoli,vapaa,vuorokausivirtsa	nmol/l	A	15	11
kotikäynti		N	72	38
kpika	mmol/l	A	153	134
krea-pika	umol/l	A	446	239
kreapika	umol/l	A	420	309
kreatiinikinaasi	u/l	N	648	591
kreatiinikinaasi	u/l	H	141	94
kreatiinikinaasi	u/l	A	6	6
kreatiinikinaasi	u/l	L	26	20
kreatiinikinaasi,bb-isoentsyymi,aktiivisuus		N	8	8
kreatiinikinaasi,bb-isoentsyymi,osuus		N	7	7
kreatiinikinaasi,kokonaisaktiivisuus	u/l	N	8	8
kreatiinikinaasi,mb-alayksikkö	ug/l	N	344	314
kreatiinikinaasi,mb-alayksikkö	ug/l	H	38	27
kreatiinikinaasi,mb-isoentsyymi,osuus	%	N	7	7
kreatiinikinaasi,mm-isoentsyymi,aktiivisuus	u/l	N	7	7
kreatiinikinaasi,mm-isoentsyymi,osuus	%	N	6	6
kreatiniini	umol/l	A	9324	3012
kreatiniini	mmol/l	N	355	280
kreatiniini		N	392	203
kreatiniini	umol/l	N	652	554
kreatiniini(4600p-krea)	umol/l	N	1831	1092
kreatiniini(4600p-krea)	umol/l	A	215	131
kreatiniini(krea)	umol/l	N	1164	890
kreatiniini(krea)	umol/l	A	137	104
kreatiniini(krea)		N	72	65
kreatiniini(p-krea)	umol/l	N	1595	1071
kreatiniini(p-krea)	umol/l	A	222	139
kreatiniini(p-krea)		N	16	15
kreatiniini,hoitoyksikönvieritesti,veri	mmol/l	H	65	53
kreatiniini,hoitoyksikönvieritesti,veri	mmol/l	N	96	71
kreatiniini,pika	umol/l	L	41	29
kreatiniini,pika	umol/l	H	18	16
kreatiniini,pika	umol/l	N	60	44
kreatiniini,pikatesti	umol/l	A	215	140
kreatiniini,pikatesti,veri	umol/l	H	37	32
kreatiniini,pikatesti,veri	umol/l	A	13	13
kreatiniini,pikatesti,veri	umol/l	L	13	13
kreatiniini,pikatutkimus		L	13	10
kreatiniini,pikatutkimus		H	44	28
kreatiniini,plasmasta	umol/l	N	80	80
kreatiniini,plasmasta	ml/min/173m2	N	84	84
kreatiniini,virtsasta	mmol/l	N	33	28
kreatiniini,virtsasta(huumeseulonnanyhteydessä)	mmol/l	N	798	736
kreatiniini,virtsasta(huumeseulonnanyhteydessä)	mmol/l	A	76	72
kreatiniininpoistumavirtsaan,toimintakoe␤	ml/s/173	A	17	15
kreatiniiniplasmasta,osatutkimus	umol/l	N	119	63
kreatiniiniplasmasta,osatutkimus	umol/l	A	26	13
kromipitoisuus,verestä	ug/l	A	16	16
kromograniinia	nmol/l	A	75	51
kromograniinia,plasmasta,paastotilassa␤	nmol/l	A	59	29
krooninenmunuaistenvajaatoimintariski		A	274	273
krooninenmunuaistenvajaatoimintariski		N	3045	3031
ks-viabil		N	77	65
kssoluvi		N	58	50
ktkrpp		N	20	19
ku-ab(ib)		N	52	50
kudoksenhistologinentutkimus,pienikudosnäyte		A	148	133
kudosantigeenib27		N	14	14
kudosantigeenib27,dna-tutkimus		A	17	17
kudosnäyte1-3biopsiaa		A	15	15
kudosnäytt.histol.tutk.(pad)1-3näytettä(ts-pad-1)		N	81	65
kudosnäytt.histol.tutk.,suppealeikkauspreparaatti(ts-pad-3)		N	16	13
kudosnäytteenhist.tutk.,laajaleik.prep.		A	229	182
kudosnäytteenhist.tutk.,suppealeikkauspreparaatti		A	55	51
kudosnäytteenhistologinentutkimus,laajaleikkauspreparaatti		A	18	18
kudosnäytteenhistologinentutkimus,pienikudosnäyte		A	347	249
kudosnäytteenhistologinentutkimus,pienikudosnäyte		N	181	166
kudosnäytteenhistologinentutkimus,suppealeikkauspreparaatti		A	8	8
kudosnäytteet,1-3pientänäytepurkkia		N	39	38
kudostransglutaminaasi,iga-vasta-aineet		N	10	10
kudostransglutaminaasi,iga-vasta-aineet	u/ml	A	11	8
kudostransglutaminaasi,igavasta-aineet	u/ml	N	64	64
kudostransglutaminaasi,igavasta-aineet		N	12	12
kudostransglutaminaasi,igavasta-aineet(keliakia)		N	12	11
kudostransglutaminaasi,igavasta-aineet,seerumista␤	u/ml	A	20	13
kudostransglutaminaasi,iggvasta-aineet		N	11	11
kupari,punasolun	umol/l	N	312	250
kv229enho		A	31	18
kvnl63nho		A	11	11
kvoc43nho		A	29	24
kystatiinic	mg/l	N	6	6
kystatiinic(4507p-kysc)	mg/l	N	18	17
kystatiinic(p-kysc)	mg/l	N	16	15
l-bas	%	N	5788	1483
l-bas	%	A	520	265
l-bas		N	104	65
l-baso	%	A	48282	17612
l-baso	%	N	268076	60934
l-baso	%	H	45966	15592
l-baso		N	1965	950
l-baso	e9/l	A	108	70
l-baso	e9/l	N	176	133
l-baso		A	349	223
l-baso(a)	%	H	4577	2189
l-baso(a)	%	N	7765	3908
l-baso(a)	%	A	5709	2562
l-baso-kd	%	N	106	52
l-baso-m	%	A	1286	568
l-baso-m	%	N	26	19
l-baso-m		A	111	72
l-baso-m		N	53	27
l-baso-m␤	%	A	10	6
l-basobasofiilit	%	N	75	57
l-basobasofiilit	%	A	9	9
l-basof	%	A	5863	2456
l-basofiili	%	A	633	286
l-basofiili		A	14	11
l-basofiilisetlaukosyytit	%	N	76	68
l-basofiilisetleukosyytit	%	H	13	11
l-basofiilisetleukosyytit	%	A	891	477
l-basofiilisetleukosyytit	%	N	356	227
l-basofiilisetsolut	%	N	149	126
l-basofiilisetsolut	%	A	23	19
l-basofiilit	%	A	6060	2790
l-basofiilit	%	N	33394	11293
l-basofiilit	%	H	24	17
l-basofiilit		N	83	65
l-basofiilit(l-baso)	%	N	284	237
l-basofiilit(l-baso)	%	H	49	47
l-basofiilit,absoluuttiset	%	N	14	7
l-basofiilit,automaatio	%	A	1480	751
l-basofiilit,automaatio	%	H	92	68
l-basofiilit,automaatio	%	N	387	254
l-basofiilit␤	%	A	669	299
l-basofiilit␤	%	N	6	6
l-bglukos		N	14	14
l-bla	%	A	893	202
l-bla		N	13	11
l-blas		A	79	14
l-blast	%	H	199	82
l-blast		N	541	266
l-blast	%	A	941	257
l-blast	%	N	140	101
l-blast	%	HH	21	11
l-blast		A	17	12
l-blast-m	%	A	560	182
l-blast-m		A	64	26
l-blast-m	%	N	15	11
l-blast-m		N	62	31
l-blasti	%	N	23	16
l-blasti		N	95	60
l-blasti-m	%	N	7	6
l-blastit		N	1612	904
l-blastit	%	N	3000	1212
l-blastit	%	A	2795	654
l-blastit	%	H	486	123
l-blastit		H	9	7
l-blastit,mikroskopointi	%	A	160	55
l-blastit,mikroskopointi	%	N	32	26
l-blastit,mikroskopointi	%	H	13	8
l-blastit␤	%	A	137	31
l-cd34	%	N	181	117
l-cd34		N	10	7
l-eos	%	A	150766	43910
l-eos	%	N	227509	57959
l-eos	%	L	61834	20283
l-eos	%	H	34129	12710
l-eos		N	1409	532
l-eos		A	1340	753
l-eos	e9/l	A	1050	308
l-eos	e9/l	N	186	142
l-eos	%	HH	9	7
l-eos		L	13	13
l-eos(a)	%	A	14037	5381
l-eos(a)	%	H	6655	3303
l-eos(a)	%	N	7040	3706
l-eos(a)	%	L	9438	3643
l-eos-hy	%	A	39	36
l-eos-kd	%	N	63	41
l-eos-kd	%	L	35	14
l-eos-kd	%	H	13	8
l-eos-m	%	A	2668	1086
l-eos-m	%	N	17	12
l-eos-m		A	274	163
l-eos-m		N	27	19
l-eos-m␤	%	A	8	6
l-eoseosinofiilit	%	N	77	60
l-eoseosinofiilit	%	A	7	6
l-eosin	%	A	24356	8666
l-eosin		A	9	9
l-eosinifiilit(l-eos)	%	N	293	246
l-eosinifiilit(l-eos)	%	L	15	12
l-eosinifiilit(l-eos)	%	H	27	26
l-eosinofiili	%	A	2427	910
l-eosinofiilit	%	N	26108	10429
l-eosinofiilit	%	A	15939	6506
l-eosinofiilit		A	67	46
l-eosinofiilit	%	L	75	43
l-eosinofiilit	%	H	26	19
l-eosinofiilit		N	90	71
l-eosinofiilit,automaatio	%	H	78	54
l-eosinofiilit,automaatio	%	A	2911	1265
l-eosinofiilit,automaatio	%	L	72	58
l-eosinofiilit,automaatio	%	N	361	241
l-eosinofiilit␤	%	A	2600	771
l-eosinofiilt	%	N	31	27
l-eosinofiilt	%	A	11	10
l-eosonofiilit	%	A	1152	581
l-gran	%	L	31	29
l-gran	%	H	88	80
l-gran	%	N	15	12
l-gran	%	A	31	21
l-ind		N	73	58
l-leukosyytit,basofiiliset,mikroskopointi	%	A	296	158
l-leukosyytit,basofiiliset,mikroskopointi	%	N	140	93
l-leukosyytit,basofiiliset,mikroskopointi	%	H	25	15
l-leukosyytit,basofiiliset,mikroskopointi		N	12	12
l-leukosyytit,basofiiliset,mikroskopointi		A	12	8
l-leukosyytit,eosinofiiliset,mikroskopointi	%	A	435	231
l-leukosyytit,eosinofiiliset,mikroskopointi	%	N	117	86
l-leukosyytit,eosinofiiliset,mikroskopointi	%	L	38	24
l-leukosyytit,eosinofiiliset,mikroskopointi		A	28	18
l-leukosyytit,eosinofiiliset,mikroskopointi	%	H	8	6
l-liusk	%	A	1269	447
l-liusk		A	121	64
l-liuska		A	42	25
l-liuska	%	A	2126	674
l-liuska	%	N	63	55
l-liuska		N	34	27
l-liuskat	%	A	5979	2368
l-liuskatumaisetneutrofiilit␤	%	A	577	216
l-lmono	%	N	93	75
l-lmono	e9/l	N	79	64
l-lmono	%	A	31	29
l-lmono	e9/l	A	14	13
l-ly	%	A	37412	11463
l-ly	%	N	9992	3644
l-ly	e9/l	N	506	176
l-ly	%	H	1515	610
l-ly	%	L	1132	694
l-ly		A	914	538
l-ly	e9/l	A	726	401
l-ly		N	149	69
l-ly	%	HH	78	24
l-ly		L	6	6
l-lylymfosyytit,absoluuttiset/tvk	%	N	73	58
l-lylymfosyytit,absoluuttiset/tvk	%	A	9	9
l-lym	%	N	12	10
l-lym	%	H	11	11
l-lym	%	A	14	14
l-lym	%	L	13	9
l-lymf	%	A	82717	23099
l-lymf	%	L	20507	7379
l-lymf	%	N	16587	8224
l-lymf	%	H	2145	826
l-lymf	e9/l	A	519	222
l-lymf	e9/l	N	94	83
l-lymf		N	72	60
l-lymf		A	57	56
l-lymf		L	6	6
l-lymf(a)	%	L	96592	25454
l-lymf(a)	%	A	96577	24460
l-lymf(a)	%	N	179925	41268
l-lymf(a)	%	H	27798	8713
l-lymf(a)		N	1062	295
l-lymf(a)		A	44	42
l-lymf(a)		L	11	11
l-lymf-hy	%	A	50	45
l-lymf-kd	%	N	80	41
l-lymf-kd	%	L	14	12
l-lymf-kd	%	H	17	11
l-lymf-m	%	A	3226	1029
l-lymf-m	%	N	15	12
l-lymf-m		A	460	188
l-lymf-m		N	37	27
l-lymf-m␤		A	11	9
l-lymfo	%	A	28	18
l-lymfos	%	A	32061	10138
l-lymfos		A	8	8
l-lymfosy	%	L	11	11
l-lymfosyytit	%	N	29387	13226
l-lymfosyytit	%	A	21355	8980
l-lymfosyytit	%	L	1094	607
l-lymfosyytit	%	H	538	249
l-lymfosyytit		N	253	182
l-lymfosyytit		A	116	100
l-lymfosyytit(konediffi)	%	N	23	19
l-lymfosyytit(l-ly)	%	H	27	21
l-lymfosyytit(l-ly)	%	L	31	27
l-lymfosyytit(l-ly)	%	N	275	236
l-lymfosyytit,absoluuttiset	%	N	11	8
l-lymfosyytit,automaatio	%	A	5109	2390
l-lymfosyytit,automaatio	%	N	3748	2541
l-lymfosyytit,automaatio	%	H	32	28
l-lymfosyytit,automaatio		N	7	7
l-lymfosyytit,automaatio	%	L	71	57
l-lymfosyytit,mikroskopointi	%	A	651	289
l-lymfosyytit,mikroskopointi	%	N	108	82
l-lymfosyytit,mikroskopointi		A	39	24
l-lymfosyytit,mikroskopointi	%	L	43	26
l-lymfosyytit,mikroskopointi	%	H	20	16
l-lymfosyytit,suhde	%	N	24	18
l-lymfosyytit-osuus,vieritutkimus	%	N	40	38
l-lymfosyytit-osuus,vieritutkimus	%	L	19	19
l-lymfosyytitosatutk2225diffi	%	N	28	24
l-lymfosyytit␤	%	A	2420	926
l-lymfosyytti	%	A	3512	1437
l-lyp	%	L	14	14
l-lyp	%	H	7	6
l-ly␤	%	A	101	39
l-ly␤		A	62	10
l-mdx	%	H	13	12
l-meta	%	A	2337	855
l-meta	%	H	620	257
l-meta		A	207	80
l-meta		N	610	320
l-meta	%	N	127	88
l-meta-m	%	A	1298	513
l-meta-m		A	131	82
l-meta-m	%	N	21	17
l-meta-m		N	62	31
l-metam	%	A	4290	1634
l-metam		N	13	11
l-metamy		N	18	16
l-metamye	%	A	6302	2123
l-metamye		N	2095	1175
l-metamye	%	N	180	100
l-metamye	%	H	1400	512
l-metamye		A	26	19
l-metamye		H	72	58
l-metamyel	%	A	678	296
l-metamyel		A	34	28
l-metamyelosyytit	%	H	24	17
l-metamyelosyytit	%	N	1447	677
l-metamyelosyytit	%	A	2072	905
l-metamyelosyytit		N	15	15
l-metamyelosyytit,mikroskopointi	%	A	291	139
l-metamyelosyytit,mikroskopointi	%	H	48	26
l-metamyelosyytit,mikroskopointi	%	N	29	23
l-metamyelosyytit,mikroskopointi		A	27	16
l-metamyelosyytit␤	%	A	315	129
l-metamyelosyytti	%	A	467	117
l-metmye	%	A	285	143
l-metmye		N	142	117
l-mid	%	H	17	16
l-mid	%	L	20	20
l-mon	%	A	1884	944
l-mon	e9/l	A	365	182
l-mono	%	A	19172	5396
l-mono	%	N	7401	2266
l-mono	e9/l	A	378	137
l-mono	%	H	134	82
l-mono		N	33	27
l-mono(a)	%	N	211612	44913
l-mono(a)	%	A	68190	17767
l-mono(a)	%	H	84843	22109
l-mono(a)		N	1062	295
l-mono(a)	%	L	1280	476
l-mono(a)		H	11	10
l-mono(a)		A	19	18
l-mono+muu	%	H	279	252
l-mono+muu	%	L	6	6
l-mono-hy	%	A	7	7
l-mono-kd	%	H	77	38
l-mono-kd	%	N	34	23
l-mono-m	%	A	130	44
l-monos	%	A	89376	26880
l-monos	%	N	21249	10008
l-monos	%	H	13289	5353
l-monos	%	L	1466	617
l-monos	e9/l	A	353	162
l-monos		A	957	552
l-monos		N	174	90
l-monos	e9/l	N	70	51
l-monos	%	HH	43	10
l-monos-m	%	A	2619	888
l-monos-m		A	358	159
l-monos-m	%	N	18	15
l-monos-m		N	46	26
l-monosmonosyytit,absoluuttiset/tvk	%	N	76	59
l-monosmonosyytit,absoluuttiset/tvk	%	A	6	6
l-monosyytit	%	N	31897	12547
l-monosyytit	%	A	12988	5534
l-monosyytit	%	H	761	429
l-monosyytit	%	L	72	51
l-monosyytit		N	239	168
l-monosyytit		A	90	77
l-monosyytit(konediffi)	%	N	22	17
l-monosyytit(l-mono)	%	N	314	260
l-monosyytit(l-mono)	%	H	22	19
l-monosyytit+muut	%	N	191	178
l-monosyytit+muut	%	H	17	17
l-monosyytit,absoluuttiset	%	N	17	10
l-monosyytit,automaatio	%	N	3951	2655
l-monosyytit,automaatio	%	A	3524	1683
l-monosyytit,automaatio		N	8	8
l-monosyytit,automaatio	%	H	120	66
l-monosyytit,mikroskopointi	%	A	629	265
l-monosyytit,mikroskopointi	%	N	109	81
l-monosyytit,mikroskopointi		A	32	19
l-monosyytit,mikroskopointi	%	L	29	19
l-monosyytit,mikroskopointi	%	H	30	18
l-monosyytit,suhde	%	N	25	21
l-monosyytitosatutk2225diffi	%	N	30	25
l-monosyytit␤	%	A	2638	902
l-monosyytit␤	%	N	17	17
l-monosyytti	%	A	3371	1645
l-monosyytti		A	58	47
l-muut	%	A	110	101
l-muut	%	N	2995	2054
l-mxd	%	N	78	74
l-mxd	%	H	28	23
l-mxd-osuus,vieritutkimus	%	N	56	54
l-mxd-osuus,vieritutkimus	%	H	6	6
l-mxdp	%	H	14	14
l-myel	%	A	6685	2503
l-myel	%	H	700	286
l-myel	%	N	288	191
l-myel		N	459	239
l-myel-m	%	A	1618	658
l-myel-m		A	196	107
l-myel-m	%	N	20	16
l-myel-m		N	61	31
l-myelo		A	19	9
l-myelocy		N	23	20
l-myelos	%	A	8553	2902
l-myelos		N	2194	1257
l-myelos		A	82	62
l-myelos	%	N	164	98
l-myelos	%	H	1654	602
l-myelos		H	99	80
l-myelosyytit	%	H	25	16
l-myelosyytit	%	A	2139	944
l-myelosyytit	%	N	1388	619
l-myelosyytit		N	15	15
l-myelosyytit,mikroskopointi	%	A	327	159
l-myelosyytit,mikroskopointi	%	H	46	25
l-myelosyytit,mikroskopointi	%	N	27	21
l-myelosyytit,mikroskopointi		A	28	19
l-myelosyytit␤	%	A	380	152
l-myelosyytti	%	A	420	100
l-neut	%	A	55152	19398
l-neut	%	N	24960	11554
l-neut	%	H	7408	3465
l-neut	%	L	4896	1851
l-neut	e9/l	A	730	363
l-neut		A	788	509
l-neut		N	123	85
l-neut	%	HH	42	37
l-neut	e9/l	N	64	46
l-neut		L	9	8
l-neut(688l-neut),osatutkimus	%	N	13	10
l-neut(a)	%	H	20777	9029
l-neut(a)	%	A	42942	13728
l-neut(a)	%	N	239811	47350
l-neut(a)	%	L	31912	9950
l-neut(a)		N	1054	296
l-neut(a)		A	19	18
l-neut,osatutkimus(688l-neut)	%	N	107	89
l-neut,osatutkimus(688l-neut)	%	A	7	7
l-neut,osatutkimus(l-neut)	%	N	81	68
l-neut-hy	%	A	19	17
l-neut-kd	%	N	88	45
l-neut-kd	%	H	10	9
l-neut-kd	%	L	13	10
l-neut-m	%	A	3125	1092
l-neut-m	%	N	17	12
l-neut-m		A	413	168
l-neut-m		N	30	20
l-neutneutrofiilit,absoluuttiset/tvk	%	N	79	61
l-neutp	%	H	9	9
l-neutr	%	A	12403	5347
l-neutr	%	N	5229	1413
l-neutr		N	9	9
l-neutr	e9/l	A	65	27
l-neutrof	%	A	246	104
l-neutrofiilit	%	A	9222	4810
l-neutrofiilit	%	N	36904	15030
l-neutrofiilit	%	L	403	172
l-neutrofiilit		N	271	189
l-neutrofiilit	%	H	421	293
l-neutrofiilit	e9/l	N	112	88
l-neutrofiilit		A	124	112
l-neutrofiilit	e9/l	A	12	11
l-neutrofiilit(konediffi)	%	N	23	19
l-neutrofiilit(l-neut)	%	L	24	18
l-neutrofiilit(l-neut)	%	N	300	251
l-neutrofiilit(l-neut)	%	H	13	13
l-neutrofiilit,absoluuttiset	%	N	11	8
l-neutrofiilit,automaatio	%	A	2253	1210
l-neutrofiilit,automaatio	%	N	3978	2671
l-neutrofiilit,automaatio	%	L	31	23
l-neutrofiilit,automaatio		N	7	7
l-neutrofiilit,automaatio	%	H	12	10
l-neutrofiilit,liuskatumaiset	%	A	1267	557
l-neutrofiilit,liuskatumaiset	%	N	1995	872
l-neutrofiilit,liuskatumaiset	%	L	45	22
l-neutrofiilit,liuskatumaiset	%	H	27	19
l-neutrofiilit,liuskatumaiset		N	9	9
l-neutrofiilit,mikroskopointi	%	A	622	280
l-neutrofiilit,mikroskopointi	%	N	186	125
l-neutrofiilit,mikroskopointi		A	28	18
l-neutrofiilit,mikroskopointi	%	H	32	20
l-neutrofiilit,mikroskopointi	%	L	16	13
l-neutrofiilit,osatutk2225diffi	%	N	29	24
l-neutrofiilit,osatutkimus	%	N	9	7
l-neutrofiilit,sauvatumaiset	%	N	2846	1062
l-neutrofiilit,sauvatumaiset	%	A	303	170
l-neutrofiilit,sauvatumaiset		N	6	6
l-neutrofiilit,suhde	%	N	25	17
l-neutrofiilit-act5diffillä	%	N	165	77
l-neutrofiilit-osuus,vieritutkimus	%	N	49	47
l-neutrofiilit-osuus,vieritutkimus	%	H	12	12
l-neutrofiilit␤	%	A	1136	546
l-nlt	%	A	3552	1343
l-nlt	%	N	128	75
l-nlt		N	13	11
l-nst	%	A	759	423
l-nst	%	N	125	72
l-nst		N	131	80
l-prom	%	H	148	87
l-prom	%	A	1143	561
l-prom	%	N	118	78
l-prom		N	13	11
l-prom-m	%	A	186	102
l-prom-m	%	N	20	16
l-prom-m		A	14	8
l-prom-m		N	59	30
l-promyel	%	A	2780	1155
l-promyel		N	2828	1581
l-promyel	%	N	348	208
l-promyel	%	H	602	249
l-promyel		A	23	19
l-promyel		H	22	20
l-promyelosyytit	%	N	2706	1051
l-promyelosyytit	%	A	544	301
l-promyelosyytit		N	14	14
l-promyelosyytit,mikroskopointi	%	A	41	22
l-promyelosyytit,mikroskopointi	%	N	29	23
l-promyelosyytit,mikroskopointi	%	H	9	6
l-promyelosyytit␤	%	A	78	42
l-promyelosyytti	%	A	212	39
l-sauv	%	A	400	218
l-sauv		A	7	6
l-sauva	%	A	1647	687
l-sauva		A	62	45
l-sauva		N	136	80
l-sauva	%	N	63	48
l-sauvat	%	A	1331	709
l-segm	%	A	71	48
l-segm		A	54	37
l-segm		N	149	98
l-segm	%	N	14	13
l-stav		N	51	39
l-suuretvärjääntymättömätsolut	%	N	170	153
l:e-abo-rh		N	46	44
l:e-coombo		N	46	44
la-b-cd19	e9/l	N	7	7
la-cd34	e9/l	N	148	110
la-cd34-ks		N	148	110
la-cd34-os	%	N	148	110
la-eryt	e12/l	N	17	10
la-hb	g/l	N	17	10
la-hkr	%	N	17	10
la-leuk	e9/l	N	8	8
la-leukos	e9/l	N	32	24
la-nk	e9/l	N	7	7
la-soludif		N	7	7
la-t-cd3	e9/l	N	68	53
la-t-cd4	e9/l	N	68	53
la-t-cd8	e9/l	N	68	53
la-t-solut		N	61	49
la-trom	e9/l	N	17	10
la-tumsol	e9/l	N	17	10
laajahuumeseulonta,varmistustasoinen,virtsasta		N	265	79
laboratoriolähetetekemättä		N	9	8
laboratoriopaketti		N	84	76
lactobacillusspp		A	43	40
lactobacillusspp		N	10	9
laktaatti(verikaasulaite),ka	mmol/l	N	398	287
laktaatti(verikaasulaite),ka	mmol/l	A	122	112
laktaatti(verikaasulaite),ka	mmol/l	H	129	99
laktaatti(verikaasulaite),kapillaariveri	mmol/l	A	119	86
laktaatti(verikaasulaite),kapillaariveri	mmol/l	H	64	45
laktaatti(verikaasulaite),la	mmol/l	N	52	49
laktaatti(verikaasulaite),la	mmol/l	A	13	13
laktaatti(verikaasulaite),laskimoveri	mmol/l	A	566	427
laktaatti(verikaasulaite),va	mmol/l	N	210	96
laktaatti(verikaasulaite),va	mmol/l	A	101	39
laktaatti(verikaasulaite),valtimoveri	mmol/l	A	132	87
laktaatti(verikaasulaite),valtimoveri	mmol/l	H	18	16
laktaatti,päivystystutkimus,verestä	mmol/l	A	147	52
laktaatti,verestä,pikatesti␤	mmol/l	A	159	138
laktaatti,verikaasuanalysaattorilla,verestä	mmol/l	A	17	15
laktaattidehydrogenaasi	u/l	N	74	67
laktaattidehydrogenaasi	u/l	H	31	29
laktaattidehydrogenaasi	u/l	A	6	6
laktoosi-intoleranssi,dna-tutkimus		N	37	36
laktoosimalabsorptioonliittyvägeenimuutos,dna-t		N	54	54
laktpika	mmol/l	A	280	246
laktpika		A	8	8
lamotrigiini,seerumista␤	umol/l	A	9	7
laskennallinenpunasoluindeksi	%	N	16	15
laskennallinenpunasoluindeksi/pvk	%	N	37	33
laskennallinenpunasoluindeksi/tvk	%	N	9	6
laskennallinenpunasoluindeksi/vitascreen	%	N	44	43
lasko	mm/h	N	372	308
lasko	mm/h	A	53	42
lasko		N	101	37
lateksi	u/ml	A	9	9
laushetr		N	50	46
lausunto,hemostaasi-jatrombosyyttitutkimukset		N	17	16
lausuntotutkimusvsvalausunto		N	6	6
ldlhapettunut	u/l	N	19	14
lehmänmaito,ige-va:t(s-)	u/ml	N	6	6
leuc		N	286	139
leuk		A	365	216
leuk	e6/l	H	1617	1167
leuk	e6/l	A	590	354
leuk		HH	112	88
leuk		H	1436	861
leuk	e6/l	HH	74	67
leuk	e6	A	11	11
leuk-o		A	1892	704
leuk-pika	e9/l	A	368	305
leuk-pika		A	202	167
leukosyytit	e9/l	N	11709	5780
leukosyytit	e9/l	H	3821	1584
leukosyytit	e6/l	N	282	245
leukosyytit	e9/l	A	4754	1688
leukosyytit		A	119	102
leukosyytit		N	173	109
leukosyytit	e9/l	L	221	135
leukosyytit	e6/l	A	65	57
leukosyytit	u/field	N	33	16
leukosyytit(b-leuk)	e9/l	A	23	18
leukosyytit(b-leuk)	e9/l	N	40	37
leukosyytit(kval)	estimate	N	1291	969
leukosyytit(kval)		N	263	198
leukosyytit(leuk)	e9/l	N	20	20
leukosyytit(leuk)	e9/l	A	11	10
leukosyytit,erittelylaskenta		N	221	177
leukosyytit,pikatesti,verestä	e9/l	A	192	120
leukosyytit,pikatesti,veri	e9/l	H	46	44
leukosyytit,pikatesti,veri	e9/l	A	18	16
leukosyytit,pvkosatutkimus	1	N	24	18
leukosyytit,pvkosatutkimus		N	42	32
leukosyytit,pvkosatutkimus	1	H	12	6
leukosyytit,verestä,osatutk.2474	e9/l	H	1226	492
leukosyytit,verestä,osatutk.2474	e9/l	L	69	20
leukosyytit,verestä,pikatesti	e9/l	A	14	13
leukosyytit,vieritesti	e9/l	N	242	167
leukosyytit,vieritesti	e9/l	H	131	81
leukosyytit,vieritesti	e9/l	L	8	7
leukosyytit,virtsa	e6/l	A	2628	1233
leukosyytit,virtsa	e6/l	N	13	13
leukosyytit,virtsansolujenerittelylaskenta	u/field	A	13	6
leukosyytit,virtsasta,osoitus,osatutk.		A	158	116
leukosyytit,virtsasta␤	e6/l	A	538	356
leukosyytti,pikatesti,veri	e9/l	A	82	72
leukosyyttienerittelylaskenta(diffi)		N	279	222
leukosyyttivasta-aineet,igg,seulonta,seerumi		A	39	14
leukpika	e9/l	A	320	230
levofloxac		N	420	192
levyepiteelisolut	e6/l	N	30	25
levyepiteelisolut	u/field	N	33	11
levyepiteelisolut		N	39	33
levyepiteelit	e6/l	N	280	260
levyepiteelit		N	134	125
levyepiteelit	u/field	N	16	16
levyepiteelit	e6/l	H	23	23
li-/s-alb	mg/g	N	403	391
li-/s-alb	mg/g	H	73	68
li-/s-alb	mg/g	A	136	126
li-ace	u/l	N	194	189
li-ace		N	200	196
li-ace	u/l	A	152	133
li-ace	u/l	H	65	58
li-ace		A	11	11
li-ada	u/l	A	20	17
li-ada	u/l	H	6	6
li-aitneu		N	185	178
li-aitneu		A	7	6
li-aitpara		N	131	128
li-alb	mg/l	N	506	493
li-alb	mg/l	A	657	611
li-alb		A	97	91
li-alb	mg/l	L	16	15
li-alb	mg/l	H	101	93
li-alb	g/l	A	7	6
li-alz		N	15	15
li-amyloidi-peptidi42-proteiini	ng/l	A	7	7
li-b2miglo	mg/l	A	21	16
li-ba42/40		A	159	158
li-bakteeri,viljely		N	12	11
li-baktnho		N	87	83
li-baktnho		A	8	8
li-baktvi		N	776	528
li-baktvi		A	135	114
li-baktvr		N	801	527
li-bam42	ng/l	N	260	256
li-bam42	ng/l	A	537	533
li-bam42	ng/l	L	210	208
li-bam42		N	44	44
li-bam42		A	93	93
li-bam42		H	12	12
li-bam42	ng/l	H	6	6
li-bam42/40suhde		L	11	11
li-bam42/40suhde	ratio	A	19	19
li-bam42/40suhde		A	6	6
li-bam42/bam40suhdeluku		A	48	48
li-bam42/bam40suhdeluku		N	32	31
li-beeta-amyloidi40-proteiini	ng/l	N	7	7
li-beeta-amyloidi40proteiini		N	25	24
li-beeta-amyloidi42proteiini	ng/l	A	11	11
li-bil		N	7	7
li-bio		N	39	33
li-blastit		N	367	140
li-borabgv	au/ml	A	13	13
li-borabgv		A	9	9
li-borabmv		A	6	6
li-borrab		N	702	672
li-borrab		A	8	8
li-borrabg		N	780	755
li-borrabg	u	H	144	139
li-borrabg	wme	A	149	142
li-borrabg		A	30	29
li-borrabg	u	A	12	12
li-borrabg		H	72	70
li-borrabm		N	921	894
li-borrabm	u	H	53	49
li-borrabm		A	15	15
li-borrabm	wme	A	80	77
li-borrabm		H	40	40
li-borrelia,iggvasta-aineet	u	A	9	9
li-borrelia,vasta-aineetiggvarmistustutkimus		N	7	7
li-borrelia,vasta-aineetigmvarmistustutkimus		N	6	6
li-borrelia,vasta-aineetigmvarmistustutkimus	au/ml	A	7	6
li-borrelia,vasta-ainetutkimus,laaja		N	22	22
li-cjd-pak		N	9	9
li-cmvab		N	6	6
li-cmvabm		N	6	6
li-crneag		N	37	33
li-cxcl13		A	32	28
li-cxcl13	ng/l	N	92	89
li-cxcl13		N	213	208
li-cxcl13	ng/l	A	235	210
li-cxcl13	ng/l	H	10	8
li-diffi		N	2418	1660
li-eryt	e6/l	N	1207	929
li-eryt	e6/l	A	7294	4932
li-eryt		H	46	46
li-eryt		A	156	119
li-eryt	e6/l	H	2497	1853
li-eryt-3	e6/l	A	148	140
li-erytrosyytit	e6/l	A	97	92
li-erytrosyytit		A	9	9
li-erytrosyytit,likvor	e6/l	A	28	27
li-erytrosyytit,likvor	e6/l	H	40	37
li-erytrosyytit,likvorista	e6/l	H	11	9
li-evirabg		N	6	6
li-evirnho		N	59	56
li-fosfo-tauproteiini	ng/l	A	9	9
li-fosfotau-proteiini	ng/l	A	6	6
li-fosfotauproteiinintutkimus	ng/l	A	6	6
li-fostau		H	10	10
li-fostau	ng/l	N	355	349
li-fostau	ng/l	A	357	356
li-fostau	ng/l	H	175	174
li-fostau		A	91	91
li-fostau		N	19	19
li-fostau(yksittäisenäpyyntönä)	ng/l	A	6	6
li-gluk		H	11	11
li-gluk	mmol/l	A	2301	1883
li-gluk	mmol/l	N	2436	1902
li-gluk	mmol/l	H	453	382
li-gluk		A	186	168
li-gluk	mmol/l	L	105	90
li-gluk		L	8	8
li-glukoosi	mmol/l	A	18	18
li-hb		N	7	7
li-hhv6abg		N	6	6
li-hhv6abm		N	7	7
li-hhv6nh		N	224	211
li-hhvnh1		N	116	107
li-hhvnh2		N	161	154
li-hsv1abg		N	12	12
li-hsv1nho		A	6	6
li-hsv2abg		N	12	12
li-hsvab		N	20	19
li-hsvabg		N	9	8
li-hsvabm		N	24	23
li-hsvnho		N	576	535
li-hsvnho		A	19	19
li-igg	mg/l	N	336	328
li-igg	mg/l	A	1166	1011
li-igg		A	228	213
li-igg	mg/l	H	209	199
li-igg		L	16	15
li-igg	mg/l	L	69	69
li-igg	g/l	A	10	10
li-igg	mg/l	HH	6	6
li-igg-ind	ratio	N	395	383
li-igg-ind	ratio	A	719	689
li-igg-ind		N	14	14
li-igg-ind	ratio	H	187	182
li-igg-ind	ratio	L	23	23
li-igg-ind		A	18	18
li-igg-oc		N	462	436
li-igg.	mg/l	N	237	227
li-igg.	mg/l	H	211	200
li-igg.	mg/l	L	51	51
li-igg.	mg/l	A	47	44
li-igg.		L	12	11
li-igg/alb	osuus	N	416	410
li-igg/alb	osuus	A	268	264
li-igg/alb		N	15	14
li-igg/alb	osuus	L	36	35
li-igg/alb	osuus	H	104	99
li-iglck-v		N	23	23
li-iglck-v	mg/l	H	9	9
li-immfix		A	7	7
li-immunoglobuliinig,li-ig-oc:nosatutkimus,huslab	mg/l	A	11	11
li-jcvnh		N	37	36
li-kardab		N	6	6
li-laktaat	mmol/l	N	219	207
li-laktaat		A	37	30
li-laktaat		N	35	34
li-laktaat	mmol/l	A	482	321
li-laktaat	mmol/l	H	13	12
li-laktaatti,päivystystutkimus	mmol/l	H	11	7
li-laktaatti,päivystystutkimus	mmol/l	N	16	12
li-laktaatti,päivystystutkimus	mmol/l	A	11	10
li-laktteh	mmol/l	A	78	40
li-laktteh		A	16	12
li-leuk	e6/l	N	2469	1882
li-leuk	e6/l	A	3037	1908
li-leuk	e6/l	H	934	619
li-leuk		A	100	77
li-leuk		H	11	11
li-leuk	e6/l	HH	29	23
li-leuk		N	6	6
li-leuk-3	e6/l	A	50	46
li-leukosyytit	e6/l	A	33	32
li-leukosyytit,likvor	e6/l	H	15	13
li-leukosyytit,likvor	e6/l	A	13	10
li-leukosyytit,likvorista	e6/l	H	6	6
li-leukosyytit,liuskatumaiset	%	A	8	8
li-leukosyytit,yksitumaiset	%	A	8	8
li-lmark-h		N	268	127
li-lymf+mo	e6/l	A	57	40
li-lzm	mg/l	A	16	15
li-mibnho		A	10	10
li-mogab		N	15	14
li-mononuk	%	A	138	92
li-mononukleaarisetvalkosolut		N	42	40
li-myd88-d		N	9	8
li-mypnab		N	16	15
li-mypnabg		N	29	28
li-mypnabm		N	28	27
li-neursyf		N	14	13
li-neut+eo	%	A	136	90
li-neut+eo	e6/l	A	37	28
li-nfl	ng/l	N	7	7
li-nfl	ng/l	A	6	6
li-oreksa	ng/l	N	9	9
li-oreksa		A	8	8
li-oreksa	ng/l	A	24	23
li-p14-3-3		N	10	10
li-parenho		N	6	6
li-perust		N	7	7
li-polymorfonukleaarisetvalkosolut		N	42	40
li-prot	mg/l	N	2334	1830
li-prot	mg/l	A	4127	3072
li-prot	mg/l	H	817	661
li-prot	mg/l	L	270	180
li-prot		A	135	107
li-prot		H	23	21
li-prot	g/l	A	100	87
li-prot		N	9	9
li-prot		L	9	9
li-prot-fr		A	50	47
li-prot-fr		N	10	6
li-proteiini	mg/l	A	22	21
li-prpsc-o		N	9	9
li-pyruv	umol/l	A	8	8
li-solut		N	2442	1679
li-solut,1.putki		N	81	76
li-solut,3.putki		N	72	68
li-spektri		N	135	135
li-syto		N	198	171
li-syto		AA	18	18
li-tau		H	13	13
li-tau		A	100	100
li-tau	ng/l	A	429	425
li-tau	ng/l	N	335	330
li-tau	ng/l	H	194	193
li-tau		N	15	15
li-tau(yksittäisenäpyyntönä)	ng/l	A	8	8
li-tau-proteiini	ng/l	A	9	9
li-tauproteiini	ng/l	A	17	17
li-tauproteiini␤	ng/l	A	6	6
li-tbeab		N	182	180
li-tbeabg		N	52	52
li-tbeabm		N	162	161
li-tbeabm		A	38	37
li-tpha		N	61	60
li-tpha	titre	A	7	6
li-unäkö-n		N	2436	1673
li-unäkö-o		N	2294	1548
li-unäkö-s		N	6	6
li-varicella-zostervirus,nukleiinihappo(kval)		N	27	26
li-vzvab		N	7	7
li-vzvabg		N	7	7
li-vzvabm		N	11	11
li-vzvnho		N	536	494
li-vzvnho		A	28	27
lieriöt	e6/l	N	7954	5354
lieriöt	e6/l	A	972	816
lieriöt	e6/l	H	1287	1013
lieriöt		N	512	450
lieriöt,virtsa	e6/l	A	861	551
lieriöt,virtsa	e6/l	N	31	25
lieriöt,virtsasta	e6/l	A	416	305
lieriöt,virtsasta,partikkelinlaskijalla,osatutk.	e6/l	A	8	8
linoleenihappo	%	N	314	254
lipaasi,plasmasta,paastotilassa	u/l	N	6	6
lipemia-indeksi		N	1100	797
lipidipaketti		N	631	536
lipidipaketti		A	39	38
lipidit		N	1068	943
lipidit	mmol/l	H	14	13
lipidit,paasto		N	30	29
lipidit,plasma		N	1277	1125
listeriamonocytogenes,nukleiinihappo(kval),likvori		N	12	11
lisälausuntotutkimukselle		A	153	144
lisämaksukiireellisenäpyydetyllenäytteelle		N	9	9
lisätutkim		A	58	57
lisätutkim		N	6	6
lisävastausjoaiemminvastatullenäytteelle		N	8	8
lisävastauslaskutuskuitatullenäytteelle		N	94	92
liuskatumaisetneutrofiilit	%	N	82	58
liuskatumaisetneutrofiilit	%	A	15	9
lmono(a)	%	N	164	76
lmono(a)	%	H	48	29
ln-imusolmukkeenhistologinentutkimus		A	16	16
ln-imusolmukkeenimmunofenotyypitys		N	24	22
ln-pad		AA	704	551
ln-pad		N	460	396
ln-pad		A	76	74
ln-padsent		A	61	61
ln-padsent		N	151	137
ln-padsent		AA	63	57
lr-maksanhistologinentutkimus		A	21	21
lr-pad		N	995	624
lr-pad		AA	329	325
lr-pad		A	57	56
lu-keuhkonhistol.tutk,parenkyymitaudinselvittely		A	8	8
lu-pad		N	488	274
lu-pad		AA	576	568
lu-pad		A	14	14
lu-pad-4		AA	194	186
lu-pad-4		N	68	67
lu-pad-4		A	23	22
luov.seul.		N	62	34
luuntiheysmittaus,2kohdetta(nk6qa),ilmanlausuntoa		N	11	11
luusto-is	u/l	A	290	254
luusto-is		A	20	20
luustoisoentsyymi	u/l	N	50	49
luustoisoentsyymi	u/l	A	16	15
luuydintutkimus,mgg-jarautavärjäys		N	10	10
luuytimenhistologinentutkimus		A	17	14
ly	%	N	7268	1799
ly	%	A	3464	917
ly		N	25	10
ly-b-cd19	%	A	795	303
ly-b-cd19		A	399	161
ly-b-cd19		N	190	124
ly-b-cd19	%	L	23	12
ly-b-cd19,b-solujenosuus	%	L	16	12
ly-b-cd19,b-solujenosuus	%	A	77	57
ly-b-cd19,b-solujenosuus	%	N	8	8
ly-bsc-fc		N	18	18
ly-cd16/56	%	A	788	444
ly-cd16/cd56	%	A	58	43
ly-cd16/cd56	%	N	70	61
ly-cd19	%	A	1929	1002
ly-cd19-b	%	A	220	143
ly-cd19-b	%	L	443	309
ly-cd19-b	%	N	672	363
ly-cd19-b	%	H	32	24
ly-cd19-b		N	8	8
ly-cd19lymfosyytit	%	A	145	97
ly-cd19lymfosyytit	%	N	49	42
ly-cd19lymfosyytit	%	L	12	9
ly-cd3	%	A	1402	764
ly-cd3	%	N	58	50
ly-cd3	%	H	7	6
ly-cd4	%	A	1675	786
ly-cd4	%	N	53	46
ly-cd4+8+	%	A	23	20
ly-cd4-8-	%	A	189	105
ly-cd4-cd8-	%	A	15	13
ly-cd4-t	%	L	661	410
ly-cd4-t	%	A	1106	571
ly-cd4-t	%	N	1147	763
ly-cd4-t	%	H	127	99
ly-cd4-t		A	55	49
ly-cd4-t		N	21	21
ly-cd4/cd8	ratio	A	1021	522
ly-cd4/cd8suhde		A	90	70
ly-cd4/cd8suhde		N	57	48
ly-cd8	%	A	1409	712
ly-cd8	%	N	67	54
ly-hla		N	9	7
ly-hlab27		N	3627	3487
ly-hlab27		A	597	581
ly-kudosantigeenib27		N	83	82
ly-kudosantigeenib27		A	16	16
ly-lymfosyytit,b-cd19-solujenosuus		A	62	42
ly-lymfosyytit,b-cd19-solujenosuus	%	A	65	53
ly-lymfosyytit,b-cd19-solujenosuus	%	N	15	14
ly-lymfosyytit,b-cd19-solujenosuus	%	L	9	9
ly-lymfosyytit,b-solujenosuus	%	A	19	10
ly-lymfosyytit,nk-solujenosuus	%	A	59	42
ly-lymfosyytit,nk-solujenosuus	%	N	24	23
ly-lymfosyytit,t-cd3-solujenosuus	%	A	123	69
ly-lymfosyytit,t-cd3-solujenosuus	%	N	19	18
ly-lymfosyytit,t-cd3-solujenosuus	%	H	11	11
ly-lymfosyytit,t-cd4/cd8-suhde		A	81	53
ly-lymfosyytit,t-cd4/cd8-suhde		N	29	28
ly-lymfosyytit,t-estäjäsolujenosuus	%	A	93	52
ly-nk	%	A	598	324
ly-nk	%	N	725	421
ly-nk		A	48	36
ly-nk	%	L	79	65
ly-nk	%	H	47	43
ly-nk		N	9	9
ly-nk,nk-solujenosuus	%	N	57	44
ly-nk,nk-solujenosuus	%	A	31	22
ly-sytotuo		N	35	27
ly-t-auttajasojenosuus	%	A	92	66
ly-t-auttajasojenosuus	%	N	138	110
ly-t-auttajasojenosuus	%	H	12	11
ly-t-cd3	%	A	795	364
ly-t-cd3	%	N	697	407
ly-t-cd3		A	72	45
ly-t-cd3	%	L	32	24
ly-t-cd3	%	H	133	100
ly-t-cd3		N	9	9
ly-t-cd3,t-solujenosuus	%	N	43	34
ly-t-cd3,t-solujenosuus	%	A	46	33
ly-t-cd4	%	A	877	427
ly-t-cd4		N	849	621
ly-t-cd4		A	110	73
ly-t-cd4	%	N	35	33
ly-t-cd4	%	L	7	7
ly-t-cd4.	%	A	538	200
ly-t-cd4.	%	L	42	14
ly-t-cd4.	%	H	8	6
ly-t-cd4/8	ratio	A	513	247
ly-t-cd4/8		A	61	47
ly-t-cd4/8	ratio	L	13	10
ly-t-cd4/cd8,t-auttaja/estäjäsolujensuhde		H	6	6
ly-t-cd4/cd8,t-auttaja/estäjäsolujensuhde		A	26	20
ly-t-cd4/cd8,t-auttaja/estäjäsolujensuhde		N	61	50
ly-t-cd8	%	A	548	258
ly-t-cd8	%	N	767	461
ly-t-cd8	%	L	33	28
ly-t-cd8		A	75	47
ly-t-cd8	%	H	168	128
ly-t-cd8		N	10	10
ly-tbspota		N	439	403
ly-tbspota	spot/e6lumfos	A	17	17
ly-tbspota		H	21	18
ly-tbspotb		N	429	397
ly-tbspotb	spot/e6lumfos	A	28	25
ly-tbspotb		H	32	27
ly-tbspppd		N	395	357
ly-tbspppd		H	63	63
ly-tcd4/8.		A	328	159
ly-tcd4/8.		N	708	411
ly-tcd4/8.		H	49	41
ly-tcd4/8.		L	106	82
ly-tsc-fc		N	12	12
ly-tt-cd8	%	A	218	131
ly-ttcd4/8		N	10	10
lykopeeni	umol/l	N	305	249
lym	%	A	93	23
lymf	%	N	7634	1720
lymf	%	A	17168	6295
lymf	e9/l	A	5839	2541
lymf	%	L	1906	561
lymf	%	H	642	260
lymf	e9/l	N	173	104
lymf		N	16	14
lymf	e9/l	L	13	11
lymfo	%	L	1177	1048
lymfo	%	H	456	398
lymfo		A	10	9
lymfos	%	H	1412	1111
lymfos	%	L	1473	1228
lymfos		A	189	24
lymfos		L	18	18
lymfosyytit	%	N	11923	6851
lymfosyytit	%	A	1601	1113
lymfosyytit	%	L	4230	2232
lymfosyytit	%	H	409	196
lymfosyytit	e9/l	N	102	89
lymfosyytit	e9/l	A	8	7
lymfosyytit		N	30	24
lymfosyytit(46l-lymf),osatutkimus	%	N	13	10
lymfosyytit(b-ly)	e9/l	N	54	47
lymfosyytit(b-ly)	e9/l	A	7	6
lymfosyytit,3-osa	%	N	1626	1417
lymfosyytit,3-osa	%	H	112	101
lymfosyytit,3-osa	%	L	330	305
lymfosyytit,5-osa	%	N	3615	3246
lymfosyytit,5-osa	%	L	383	338
lymfosyytit,5-osa	%	H	344	296
lymfosyytit,absol.arvot	e9/l	N	11392	6014
lymfosyytit,absol.arvot	e9/l	L	2988	1462
lymfosyytit,absol.arvot	e9/l	A	1106	711
lymfosyytit,absol.arvot	e9/l	H	641	388
lymfosyytit,absol.arvot(43b-lymf),osatutkimus	e9/l	N	11	8
lymfosyytit,absol.arvot,osatutkimus(43b-lymf)	e9/l	N	100	83
lymfosyytit,absol.arvot,osatutkimus(43b-lymf)	e9/l	A	14	14
lymfosyytit,absol.arvot,osatutkimus(b-lymf)	e9/l	N	80	67
lymfosyytit,absol.määrä	e9/l	N	23	18
lymfosyytit,absoluuttiset	e9/l	N	115	80
lymfosyytit,absoluuttiset	e9/l	A	37	24
lymfosyytit,b-cd19-solut,verestä,osatutk.2275		A	16	7
lymfosyytit,erittely		N	17	16
lymfosyytit,konediffi()	%	N	43	37
lymfosyytit,konediffi(),osatutk.b-diffi	%	L	189	70
lymfosyytit,konediffi(),osatutk.b-diffi	%	H	8	7
lymfosyytit,koneellinen	%	N	7	7
lymfosyytit,käsidiffi(),osatutk.b-diffi	%	L	17	7
lymfosyytit,käsidiffi(),osatutk.b-diffi	%	H	12	6
lymfosyytit,nk-solut,verestä,osatutk.2275	e6/l	A	10	7
lymfosyytit,osatutkimus(46l-lymf)	%	N	94	77
lymfosyytit,osatutkimus(46l-lymf)	%	A	20	19
lymfosyytit,osatutkimus(l-lymf)	%	N	67	55
lymfosyytit,osatutkimus(l-lymf)	%	A	15	14
lymfosyytit,osuus	%	N	6	6
lymfosyytit-osuus	%	N	1784	1598
lymfosyytit-osuus	%	L	119	102
lymfosyytit-osuus	%	A	183	160
lymfosyytit-osuus	%	H	80	71
lymfosyytit-osuus(diffi)	%	N	155	116
lymfosyytit-osuus(diffi)	%	A	42	35
lymfosyytit/tvk		N	16	15
lymfosyytitosatutk2225diffi	e9/l	N	28	23
lymfosyytitosuus	%	H	259	211
lymfosyytitosuus	%	L	449	382
lymfosyytitosuus	%	N	3653	3036
lymfosyyttienabsol.määrä	e9/l	N	178	80
lymph	%	A	2008	608
lymph	e9/l	A	758	188
lymängd	e9/l	N	8213	1859
lymängd	e9/l	A	2508	655
lymängd		N	25	11
m-fish,moniväritutkimus		N	9	9
m-komp-1		A	221	53
m-komp-1	g/l	A	1092	134
m-komp-1	mg/l	A	196	53
m-komp-2	g/l	A	21	11
m-komp-2	mg/l	A	15	7
m-komp1	g/l	A	182	20
m-komponentti-1,seerumi,elektroforeesifraktio(g/l),osatutk.2522,irrall.	g/l	A	30	6
m-komponentti-1,seerumista	g/l	A	287	35
m-komponentti-1,virtsa,elektroforeesifraktio(mg/l)	mg/l	A	15	11
m-pad		N	82	80
maapähkinä		A	8	8
maapähkinä	u/ml	A	14	12
maapähkinä		N	14	14
maapähkinäjakomponentit(f13),igevasta-aineet		N	16	16
magnesium	mmol/l	N	22	22
magnesium	mmol/l	A	7	7
magnesium(4601p-mg)	mmol/l	N	11	10
magnesium(mg)	mmol/l	N	9	9
magnesium,kokoveren	mmol/l	N	317	257
maito	u/ml	A	12	12
maito		A	6	6
maito,igevasta-aineet		N	13	13
maitoe		A	7	7
maitoe	u/ml	A	40	40
maitojakomponentit(f2),igevasta-aineet		N	10	10
makadamia(f345),igevasta-ai		N	9	9
maksa-1-is	u/l	A	539	484
maksa-1-is		A	37	35
maksa-1-isoentsyymi	u/l	N	42	41
maksa-1-isoentsyymi	u/l	A	27	26
maksa-2-is	u/l	A	426	378
maksa-2-is		A	23	22
maksa-2-isoentsyymi	u/l	N	42	42
maksa-2-isoentsyymi	u/l	A	26	24
maksanfibroosijakirroosiriski		A	844	834
maksanfibroosijakirroosiriski		N	2475	2469
maksanhistologinentutkimus		A	20	20
mb-ahco3	mmol/l	A	388	95
mb-be	mmol/l	N	153	60
mb-hb	g/l	L	491	198
mb-hb	g/l	N	81	34
mb-hb-co	%	N	536	198
mb-hb-co	%	H	35	20
mb-hb-met	%	N	558	206
mb-hbo2	%	N	472	169
mb-hco3-st	mmol/l	N	473	170
mb-isoentsyyminosuus		A	24	23
mb-o2-vol	%	N	338	127
mb-o2sat	%	N	498	177
mb-pco2	kpa	N	260	123
mb-pco2	kpa	A	63	33
mb-pco2	kpa	H	300	148
mb-pco2	kpa	L	10	7
mb-ph	ph	N	474	171
mb-po2	kpa	L	571	207
mb-po2		A	27	18
mb-po2	kpa	A	237	42
mch		N	22	22
mch	pg	N	32	28
mchc		N	60	44
mchc	g/l	N	32	28
mchc		A	17	12
mda5		N	26	26
mecillinam		N	930	326
meh.myrkky	u/ml	A	15	13
meta	%	A	309	133
meta		N	37	20
meta		A	14	9
metabolia		N	17	17
metadoni(kval)		N	47	40
metam	%	A	1729	734
metam	%	N	6	6
metamfetamiini,huumeseulonta		N	11	11
metamyelosyytit	%	N	491	298
metamyelosyytit		N	295	238
metamyelosyytit	%	H	385	186
metamyelosyytit	%	A	89	60
metamyelosyytit,osuusleukosyyteistä	%	H	171	70
metanefriini	nmol/l	N	118	113
metapneumovirus,nukleiinihaponosoitus␤		A	11	11
methemoglobiini,veri	%	A	79	61
metisilliiniresistentinstaphylococcusaureus(mrs		N	104	40
metisilliiniresistenttistaph.aureus,viljelyne		N	122	68
metisilliiniresistenttistaph.aureus,viljelynen		N	21	10
metisilliiniresistenttistaph.aureus,viljelynenästä		N	38	16
metisilliiniresistenttistaph.aureus,viljelyni		N	122	68
metisilliiniresistenttistaph.aureus,viljelynie		N	21	10
metisilliiniresistenttistaph.aureus,viljelynielusta		N	40	16
metisilliiniresistenttistaph.aureus,viljelype		N	123	68
metisilliiniresistenttistaph.aureus,viljelyper		N	21	10
metisilliiniresistenttistaph.aureus,viljelyperineumista		N	38	16
mi-2-vasta-aineet		N	7	7
mi-2a		N	26	26
mi-2b		N	26	26
microsporumcanis		N	49	47
microsporumcanis,nukleiinihappo(kval)		N	8	8
microsporumcanis/ferrugineumnho		N	12	9
microsporumspp.		N	156	151
mikroalbuminiuria/keräysvirtsa(cu-alb)		N	15	9
mikrobit,nukleiinihappo(kval),likvori		N	13	12
mikrobix,likvor		N	8	7
mikrobix,seerumi		N	8	7
mikroskooppidiffi		N	39	30
mikroskooppidiffinneutrofiilit/l-neutrofiilit		N	9	8
mk4-7,työterveyshuollonperuspaketti		N	38	23
mkomp-1		N	6	6
mkomp-2		N	7	7
mkomp-3		N	7	7
mm-hygvi		A	129	32
mm-potilaaninterfaasi-fish-tutkimus		N	22	22
mobiuncusspp.		A	43	42
mobiuncusspp.		N	19	17
mon	%	A	92	24
mono	%	A	13834	5263
mono	e9/l	A	5585	2504
mono	%	N	610	439
mono	%	H	43	31
mono	%	L	11	11
mononukleaarisetsolut,selkäy	%	A	16	9
mononukleaarisetsolut,selkäy	%	N	7	6
mononukleaarisetsolut,selkäydinneste		N	9	8
mononukleaarisetsolut,selkäydinneste	%	A	15	15
mononukleoosi,vasta-aineet(kval)(monab-o)		N	9	9
monos	%	N	6308	1215
monos	%	H	6554	3652
monos		H	124	90
monos		A	113	22
monos	%	L	50	28
monos		L	18	18
monosyytit	%	N	14160	7582
monosyytit	%	A	901	630
monosyytit	%	L	271	144
monosyytit	%	H	2532	1473
monosyytit	e9/l	N	89	75
monosyytit		N	26	17
monosyytit	e9/l	A	8	7
monosyytit(693l-monos),osatutkimus	%	N	12	10
monosyytit(b-monos)	e9/l	N	52	46
monosyytit(b-monos)	e9/l	A	9	8
monosyytit,5-osa	%	N	3470	3090
monosyytit,5-osa	%	H	865	767
monosyytit,absol.arvot	e9/l	N	10768	5459
monosyytit,absol.arvot	e9/l	A	636	446
monosyytit,absol.arvot	e9/l	H	2233	1425
monosyytit,absol.arvot		N	16	14
monosyytit,absol.arvot	e9/l	L	169	96
monosyytit,absol.arvot(42b-monos),osatutkimus	e9/l	N	13	10
monosyytit,absol.arvot,osatutkimus(42b-monos)	e9/l	N	105	88
monosyytit,absol.arvot,osatutkimus(42b-monos)	e9/l	A	9	8
monosyytit,absol.arvot,osatutkimus(b-monos)	e9/l	N	71	59
monosyytit,absol.arvot,osatutkimus(b-monos)	e9/l	A	11	10
monosyytit,absol.määrä	e9/l	N	22	17
monosyytit,absoluuttiset	e9/l	N	143	96
monosyytit,absoluuttiset	e9/l	A	7	7
monosyytit,konediffi()	%	N	39	36
monosyytit,konediffi(),osatutk.b-diffi	%	H	179	60
monosyytit,konediffi(),osatutk.b-diffi	%	L	22	13
monosyytit,koneellinen	%	N	9	8
monosyytit,osatutkimus(693l-monos)	%	N	108	90
monosyytit,osatutkimus(693l-monos)	%	A	6	6
monosyytit,osatutkimus(9117l-monos)	%	N	6	6
monosyytit,osatutkimus(l-monos)	%	N	75	62
monosyytit,osatutkimus(l-monos)	%	A	7	7
monosyytit,osuus	%	N	8	8
monosyytit-osuus	%	A	112	101
monosyytit-osuus	%	N	1887	1671
monosyytit-osuus	%	H	100	85
monosyytit-osuus(diffi)	%	N	130	101
monosyytit-osuus(diffi)	%	A	67	54
monosyytit/tvk	e9/l	N	219	138
monosyytit/tvk		N	16	14
monosyytitabsol.arvot	e9/l	A	112	91
monosyytitabsol.arvot	e9/l	N	1201	890
monosyytitosatutk2225diffi	e9/l	N	25	21
monosyytitosatutk2225diffi	e9/l	A	8	7
monosyytitosuus	%	N	4059	3309
monosyytitosuus	%	H	294	249
monosyytitosuus	%	L	8	8
monosyyttienabs.määrä	e9/l	N	178	80
mrsa(st.aureus,metisilliiniresistenssi)		N	11	6
mrsa-nenä		N	15	13
mrsa-nenästä		N	15	9
mrsa-nielu		N	12	6
mrsa-nielusta		N	15	9
mrsa-perineumista		N	15	9
mrsa-sevi		N	18	11
mrsa-viljely,esim.haava,virtsa		N	32	8
mrsaneni		N	25	13
mrsaperin		N	23	12
mrsavi		N	27	7
munanvalku		A	6	6
munanvalku	u/ml	A	11	10
munanvalkuainen		N	13	13
munanvalkuainenjakomponentit(f1),igevasta-aineet		N	16	16
munanvalkuainenkomponentti(f1),ige-vasta-aineet		N	37	37
munavae	u/ml	A	32	31
munavae		A	6	6
muuhpvtyyppikuin16/18		A	32	32
muulaskutusosoite		N	18	10
muut	%	H	121	109
muut	%	L	8	8
muut,3-osa	%	N	2022	1723
muut,3-osa	%	H	14	9
muuta		N	12	11
muutlieriöt	e6/l	N	17	14
muutlöydökset		N	12	9
muutsolut	%	N	8	8
muutsolut		N	9	9
muutsolut,selkäydinneste		N	12	11
muuttutk		N	52	48
mxd	%	N	10058	1976
mxd	%	A	1150	471
mxd		N	21	18
mxd-osuus	%	N	10	10
mycobacteriumtuberculosis,viljely		A	9	7
mycobacteriumtuberculosis-herkistyn.solut,tb2antigeeni	iu/ml	A	7	6
mycobakteriumtuberculosis-her		N	62	61
mycobakteriumtuberculosis-her	iu/ml	A	15	7
mycobakteriumtuberculosis-herkist.solut,tb1antigeeni.		N	6	6
mycobakteriumtuberculosis-herkist.solut,tb2antigeeni.		N	6	6
mycobakteriumtuberculosis-herkistyn.sol		N	24	12
mycobakteriumtuberculosis-herkistyneet		N	6	6
mycoplasmagenitalium,nukleiinihappo(kval)		N	55	24
mycoplasmagenitalium,nukleiinihappo(kval),refl		N	11	11
mycoplasmagenitalium,nukleiinihappo(kval),refleksinäherkkyysmääritys		N	11	10
mycoplasmahominis		N	29	28
mycoplasmahominis,nukleiinihappo(kval)		N	18	15
mycoplasmapneumoniae,iggvasta-aineet		N	12	11
mycoplasmapneumoniae,iggvasta-aineet	eiu	N	11	9
mycoplasmapneumoniae,iggvasta-aineet	eiu	A	19	14
mycoplasmapneumoniae,igmvasta-aineet		N	42	32
mycoplasmapneumoniae,nukleiinihaponosoit(kval)		A	15	13
mycoplasmapneumoniae,nukleiinihappo(kval)		A	7	7
mycoplasmapneumoniae,vasta-aineet		N	8	8
myel	%	A	2102	877
myel	%	N	39	23
myeliinioligodendrosyyttiglykoproteiini,vasta-aineet,seerumista		N	8	8
myeloperoksidaasi,vasta-aine		N	12	12
myeloperoksidaasi,vasta-aineet,seerumista␤	iu/ml	A	41	9
myelosyytit	%	N	429	261
myelosyytit	%	H	434	206
myelosyytit		N	295	238
myelosyytit	%	A	112	79
myelosyytit,osuus	%	H	7	7
myelosyytit,osuusleukosyysteistä	%	H	239	87
myhonho		A	8	7
mykoplasma,vasta-aineet(cf)/virus,laaj		N	8	8
myoglobiini	ug/l	N	6	6
myristiinihappo	%	N	314	254
myvoplasmagenitalium,nukleiinihappo(kval)		N	8	6
n-terminaalinenpro-bnp(nt-probnp)	ng/l	N	1328	1151
n-terminaalinenpro-bnp(nt-probnp)	ng/l	H	724	421
n-terminaalinenpro-bnp(nt-probnp)		N	17	16
na-pika	mmol/l	A	371	243
naivit-cd4	%	A	13	10
naivit-cd8	%	A	12	10
napika	mmol/l	A	524	382
natrium		N	187	136
natrium	mmol/l	N	481	407
natrium	mmol/l	A	81	66
natrium	mmol	A	11	11
natrium(verikaasulaite),kapillariveri	mmol/l	A	14	7
natrium(verikaasulaite),plas	mmol/l	N	165	75
natrium(verikaasulaite),plas	mmol/l	A	168	76
natrium(verikaasulaite),plasma	mmol/l	A	1453	798
natrium(verikaasulaite),plasma	mmol/l	L	56	34
natrium,hoitoyksikönvieritesti,veri	mmol/l	N	113	94
natrium,hoitoyksikönvieritesti,veri	mmol/l	L	49	31
natrium,pika	mmol/l	N	79	52
natrium,pika	mmol/l	L	16	10
natrium,pikatesti,veri	mmol/l	L	31	30
natrium,pikatesti,veri	mmol/l	A	10	9
natrium,pikatutkimus		L	31	24
natrium,plasmasta	mmol/l	N	113	64
natrium,plasmasta	mmol/l	A	26	13
natrium,verikaasuosatutk.	mmol/l	A	53	33
natrium,vieritutkimus	mmol/l	A	14	12
natriureettinenpeptidi(p-probnp)		N	8	8
natriureettinenpeptidi,b-tyypinn-term		N	6	6
natriureettinenpeptidi,b-tyypinn-term	ng/l	N	11	11
natriureettinenpeptidi,b-tyypinn-term	ng/l	A	21	11
natriureettinenpeptidi,b-tyypinn-terminaalinenpropeptidi	ng/l	A	15	13
natriureettinenpeptidi,b-tyypinn-terminaalinenpropeptidi,plasmasta	ng/l	N	59	57
natriureettinenpeptidi,b-tyypinn-terminaalinenpropeptidi,plasmasta	ng/l	H	84	68
natriureettinenpeptidi,b-tyypinn-terminaalinenpropeptidi,plasmasta	ng/l	A	16	14
neisseriagononorrhoeae,nukleiinihappo(kval)		N	176	115
neisseriagonorrhoeae		N	13	11
neisseriagonorrhoeae,nukleiinihaponosoittaminen		N	26	23
neisseriagonorrhoeae,nukleiinihappo(k		N	31	28
neisseriagonorrhoeae,nukleiinihappo(kval)		N	86	73
neisseriagonorrhoeae,nukleiinihappo(kval)(gcnho)		N	70	56
neisseriagonorrhoeaevirtsasta		N	17	15
neisseriameningitidis,nukleiinihappo(kval),likvori		N	12	11
neulanpistopaketti(kohde)		N	180	79
neulanpistopaketti(kohde)pyydäerikseenp-alat		N	437	175
neurofilamentti,kevytketjut,seerumista	ng/l	A	7	7
neut	%	N	17848	3735
neut	%	A	8311	3807
neut	%	H	713	286
neut	%	L	636	271
neut		N	65	31
neut	e9/l	A	1000	189
neutro	%	H	1134	1012
neutro	%	L	181	149
neutro		A	9	8
neutrof		A	107	16
neutrofiiliset,konediffi(),osatutk.b-diffi	%	H	157	51
neutrofiiliset,konediffi(),osatutk.b-diffi	%	L	32	13
neutrofiilisetleukosyytit	%	N	14	14
neutrofiilisetleukosyytitmd	e9/l	N	15	15
neutrofiilit	%	N	15135	8022
neutrofiilit	%	L	643	352
neutrofiilit	e9/l	H	967	272
neutrofiilit	e9/l	L	614	142
neutrofiilit	e9/l	A	1813	471
neutrofiilit	%	H	1403	820
neutrofiilit	%	A	1595	1057
neutrofiilit	e9/l	N	757	525
neutrofiilit		A	26	13
neutrofiilit		N	40	23
neutrofiilit(b-neut)	e9/l	N	51	46
neutrofiilit(b-neut)	e9/l	A	10	9
neutrofiilit+eosinofiilit,niv	%	N	30	24
neutrofiilit+eosinofiilit,niv	%	A	155	117
neutrofiilit+eosinofiilit,nivelneste	%	A	181	137
neutrofiilit+eosinofiilit,s	%	A	17	9
neutrofiilit+eosinofiilit,s	%	N	6	6
neutrofiilit+eosinofiilit,selkäydinneste		N	9	8
neutrofiilit+eosinofiilit,selkäydinneste	%	A	15	15
neutrofiilit,3-osa	%	N	1680	1449
neutrofiilit,3-osa	%	H	356	333
neutrofiilit,3-osa	%	L	32	25
neutrofiilit,5-osa	%	N	3928	3482
neutrofiilit,5-osa	%	L	284	237
neutrofiilit,5-osa	%	H	130	119
neutrofiilit,absol.arvot	e9/l	N	11151	5692
neutrofiilit,absol.arvot	e9/l	A	2088	1246
neutrofiilit,absol.arvot	e9/l	H	2111	1207
neutrofiilit,absol.arvot	e9/l	L	712	333
neutrofiilit,absoluuttiset	e9/l	N	130	93
neutrofiilit,absoluuttiset	e9/l	A	22	15
neutrofiilit,konediffi()	%	N	40	35
neutrofiilit,koneellinen	%	N	8	8
neutrofiilit,koneellinen	e9/l	A	6	6
neutrofiilit,käsidiffi(),osatutk.b-diffi	%	L	16	7
neutrofiilit,osuus	%	N	2722	2394
neutrofiilit,osuus	%	L	168	143
neutrofiilit,osuus	%	H	98	89
neutrofiilit-osuus	%	N	1893	1674
neutrofiilit-osuus	%	A	127	107
neutrofiilit-osuus	%	L	76	66
neutrofiilit-osuus	%	H	20	18
neutrofiilit-osuus(diffi)	%	N	166	125
neutrofiilit-osuus(diffi)	%	A	31	25
neutrofiilit.absol.arvot	e9/l	N	1170	873
neutrofiilit.absol.arvot	e9/l	A	169	125
neutrofiilit/tvk		N	19	17
neutrofiilitabs,konediffi	e9/l	N	32	29
neutrofiilitabs,konediffi	e9/l	A	13	10
neutrofiilitabs,konediffi,osatutk.b-diffi	e9/l	H	140	69
neutrofiilitabs,konediffi,osatutk.b-diffi	e9/l	L	61	25
neutrofiilitdiffissä		A	9	8
neutrofiilitliuskatumaiset,osuus	%	N	7	7
neutrofiilitosuus	%	N	1218	1019
neutrofiilitosuus	%	L	80	68
neutrofiilitosuus	%	H	75	65
neutrofiilitsauvatumaiset,osuus	%	N	7	7
neutros	%	L	1072	834
neutros	%	H	495	430
neutros		L	19	19
neuvola1,äitiysneuvolatutkimukset		N	108	108
neuvolanäytteenotto		N	60	60
nielunäytteenotto		N	18	17
nikkeli		N	16	16
nikkeli	ug/l	N	8	8
nikkeli,virtsa	umol/l	N	6	6
nitr		A	10	8
nitr		N	97	63
nitr-o		A	758	354
nitriitti		N	57	38
nitriitti(kval)	estimate	N	1293	982
nitriitti(kval)		N	260	205
nitriitti(kval),virtsasta,osatutk.		A	64	52
nitrofuran		N	930	326
nk-solujenosuus(määritettynäcd3-/cd16+/cd56+-soluina)	%	N	471	277
nk-solujenosuus(määritettynäcd3-/cd16+/cd56+-soluina)	%	A	194	109
nk-solujenosuus(määritettynäcd3-/cd16+/cd56+soluista)	%	A	12	9
nk-solut(cd16/56)		N	15	14
nk-solut(cd3-/cd16+/cd56+)	e6/l	A	10	9
nlt	%	A	1945	758
nlt	%	N	7	7
no-ex		N	122	101
no-ex	ppb	H	34	22
non-hdl	mmol/l	H	16992	13030
non-hdl	mmol/l	N	5360	5207
non-hdl	mmol/l	A	139	80
non-hdl(paasto)		N	1118	1079
non-hdl(paasto)		H	623	609
non-hdl-kolesteroli	mmol/l	N	42	41
non-hdl-kolesteroli,paastoplasma	mmol/l	A	80	79
non-hdl-kolesteroli,plasma	mmol/l	A	86	86
non-hdlvv65		N	19	19
non-hdlvv65		H	8	8
nopeutettucovid-19,pcr,nukleiinihappo(kval),(26466-ncovnho)		N	22	15
norfloxaci		N	511	213
normetanefriini	nmol/l	N	8	8
normetanefriini,seerumi	nmol/l	A	9	7
normetanefriiniseerumista	nmol/l	A	14	7
noroviruksennukleiinihappo-osoitus		N	7	6
norovirus		A	9	9
norovirus,nukleiinihaponosoittaminen(kval),ulosteesta␤		A	18	16
norovirus,nukleiinihappo(kval)		A	25	23
notto/eris		N	133	80
nottorasitus		N	34	26
nottoverikoe		N	1735	758
np-pikcv19		A	91	91
np-pinfrsv		A	515	494
np-pkorsi		A	1478	1362
np-päivinf		A	207	204
np-rino-entero-rs-virus,nukleiinihaponosoitus(kval)		N	41	39
ns-eos		N	244	235
ns-eos		A	63	63
ns-eosinofiilit		N	11	11
ns-eosinofiilitnenänlimakalvolta		N	14	14
ns-eosoik		N	16	16
ns-eosvas		N	16	16
ns-neut		A	111	111
ns-neut		N	66	63
ns-neutoik		N	15	15
ns-neutrof		A	10	10
ns-neutrofiilit		A	11	11
ns-neutvas		N	15	15
ns-staurvi		A	73	66
nst	%	A	437	223
nst	%	N	8	8
nt		N	25	17
nt,niskaturvotus		N	63	63
nt-probnp	ng/l	H	10	7
ntkmom	ratio	N	4345	3837
nu-5c-porf		N	19	9
nu-5c-porf	nmol/l	A	12	8
nu-6c-porf		N	19	9
nu-7c-porf		N	18	9
nu-7c-porf	nmol/l	A	24	9
nu-alb	ug/min	A	735	404
nu-alb	ug/min	H	167	130
nu-alb		N	48	46
nu-alb	ug/min	N	39	38
nu-alb-12h	ug/min	A	13	13
nu-alb-mi	ug/min	A	60	43
nu-alb-mi		N	89	76
nu-alb-mi	ug/min	H	25	17
nu-alb-mi	ug/min	N	26	25
nu-alb-mi		A	34	24
nu-alb-mi	mg/12h	N	6	6
nu-alb-mi	mg/12h	A	6	6
nu-albkre		N	1166	756
nu-albkre		H	234	155
nu-albkre	mg/mmol	H	121	120
nu-albkre	mg/mmol	N	29	29
nu-albkre		A	8	8
nu-albkre	mg/mmol	A	14	13
nu-albkrea	mg/mmol	H	5724	2687
nu-albkrea	mg/mmol	N	3520	2705
nu-albkrea		N	4638	3271
nu-albkrea	mg/mmol	A	967	640
nu-albkrea		A	12	12
nu-albkrea		H	55	50
nu-kporf1		N	17	8
nu-kporf3		N	18	8
nu-osmol	mosm/kgh2o	A	25	25
nu-uporf1		N	19	9
nu-uporf1	nmol/l	A	13	6
nu-uporf3		N	19	9
nu-uporf3	nmol/l	A	23	8
nudt15-geeninnukleotidivariaatiot,dna-tutkimus		N	75	73
nurminata	u/ml	A	9	9
nxp2		N	26	26
näkötutkimus:värinäkö(testikirja)		N	12	12
näytekulje		N	35	32
näytt.otto		N	6552	2348
näytteenotto		N	203	57
näytteenottopalkkio		N	93	91
ohra,ruoka	u/ml	A	19	18
ohutneulabiopsiatutkimus		A	7	6
ohutneulanäyte		A	6	6
oj-ab		N	26	26
oleiinihappo	%	N	314	254
oma,pvk+t	e9/l	H	7	6
oma-crp		L	1219	707
oma-crp	mg/l	H	1565	800
oma-crp	mg/l	L	380	301
oma-crp	mg/l	N	274	234
oma-crp		N	151	120
oma-crp		H	24	19
oma-crp-pi		N	89	87
oma-crp-pi		H	67	61
oma-crp-pika		N	168	143
oma-crp-pika		H	190	146
oma-hb		L	193	123
oma-hb		N	362	267
omahemoglobiini	g/l	N	45	43
omahemoglobiini	g/l	A	7	7
omap-crp-pika		N	34	33
omap-crp-pika		H	17	17
omap-crp-pika	1	H	25	21
omap-crp-pika	1	N	8	8
omapikanieluviljely		N	12	12
omega3-rasvahappojenkokonaismäärä	%	N	315	255
omega6-rasvahappojenkokonaismäärä	%	N	315	255
omega6/omega3suhdeluku		N	327	263
omena	u/ml	A	9	9
opiaatit		N	20	9
opiaatit(kval)		N	35	7
osatutk.		N	33	13
osmolaliteetinestimaatti	mosm/kgh2o	N	5355	3592
osmolaliteetinestimaatti		N	6	6
osmolaliteetti	mosm/kgh2o	A	8	8
osmolaliteetti	mosm/kgh2o	N	17	11
osmolaliteetti(laskennallinen)	mosm/kgh2o	N	9	6
osmolaliteetti,seerumi	mosm/kgh2o	A	80	71
osmolaliteetti,seerumista	mosm/kgh2o	A	12	6
osmolaliteetti,seerumista␤	mosm/kgh2o	A	47	41
osmolaliteetti,virtsasta	mosm/kgh2o	A	21	11
osmolaliteetti,virtsasta,partikkelinlaskijalla,osatutk.	mosm/kgh2o	A	14	12
osmolaliteettiestimoitu	mosm/kgh2o	N	167	133
osmolaliteettiestimoitu	mosm/kgh2o	A	45	42
osmolaliteettiestimoitu	mosm/l	A	18	17
osmolaliteettiestimoitu	mosm/l	N	33	27
ottotapa		N	3566	2197
ovomukoidi	u/ml	A	7	7
p-aboabag	titre	N	166	18
p-aboabag		N	68	11
p-aboabam	titre	N	218	63
p-aboabam		N	69	12
p-aboabbg		N	86	13
p-aboabbg	titre	N	148	20
p-aboabbm	titre	N	201	65
p-aboabbm		N	87	14
p-aboabg		N	237	29
p-aboabm		N	30	28
p-acth		A	192	143
p-acth	ng/l	A	1158	627
p-acth	ng/l	N	2084	1624
p-acth	ng/l	H	375	230
p-acth		N	224	190
p-acth		L	10	9
p-acth		H	17	13
p-acth	pmol/l	N	6	6
p-acth,oik	ng/l	N	25	8
p-adam13	%	A	30	26
p-adam13	%	L	63	27
p-adam13	%	N	87	69
p-adam13		A	6	6
p-adamts13,aktiivisuus	%	A	18	10
p-adamts13,aktiivisuus	%	N	19	6
p-adennh		N	122	27
p-adennho		N	39	21
p-adrenokortikotropiini	ng/l	N	23	22
p-adrenokortikotropiini	ng/l	A	41	32
p-adrenokortikotropiini		A	11	9
p-afos	u/l	N	477307	127854
p-afos	u/l	A	434085	74170
p-afos	u/l	H	179910	36376
p-afos	u/l	L	9816	3833
p-afos		A	3641	1206
p-afos		H	28	22
p-afos		N	365	347
p-afos		L	15	14
p-afxaapi	ug/l	N	622	378
p-afxaapi		N	101	94
p-afxaedo	ng/ml	N	12	7
p-afxaedo		N	9	9
p-afxariv		N	84	77
p-afxariv	ug/l	N	119	103
p-alaniiniaminotransferaasi	u/l	A	9800	4071
p-alaniiniaminotransferaasi		N	48	40
p-alaniiniaminotransferaasi	u/l	N	2922	2051
p-alaniiniaminotransferaasi		A	533	296
p-alaniiniaminotransferaasi	u/l	H	17	16
p-alaniiniaminotransferaasi,paikallisanalytiikka,kuivakemia	u/l	H	61	53
p-alaniiniaminotransferaasi,paikallisanalytiikka,kuivakemia	u/l	N	230	198
p-alaniiniaminotransferaasi,paikallisanalytiikka,kuivakemia		N	21	20
p-alaniiniaminotransferaasi,paikallisanalytiikka,kuivakemia	u/l	A	9	8
p-alat	u/l	N	977817	221227
p-alat	u/l	A	625315	131583
p-alat	u/l	H	325241	81634
p-alat		N	28151	11558
p-alat		A	5797	2265
p-alat	u/l	L	1110	763
p-alat	umol/l	N	21	17
p-alat	u/l	AA	318	158
p-alat		H	43	38
p-alat.	u/l	A	125	98
p-alb	g/l	N	130257	49957
p-alb		A	11048	2674
p-alb	g/l	A	326602	69220
p-alb	g/l	L	102038	32116
p-alb	g/l	H	3122	2409
p-alb		N	85	80
p-alb	g/l	LL	17	13
p-alb		L	10	10
p-albumiini	g/l	A	2499	1247
p-albumiini	g/l	N	684	606
p-albumiini(p-alb)	g/l	N	76	73
p-aldos	pmol/l	N	89	81
p-aldos	pmol/l	A	98	88
p-aldos		A	20	20
p-aldos		N	7	7
p-alkaalinenfosfataasi	u/l	N	170	130
p-alkaalinenfosfataasi	u/l	A	48	30
p-alkalinenfosfataasi	u/l	A	6690	2089
p-alkalinenfosfataasi	u/l	N	1055	778
p-alkalinenfosfataasi,paikallisanalytiikka,kuivakemia	u/l	N	144	131
p-alkalinenfosfataasi,paikallisanalytiikka,kuivakemia	u/l	H	74	57
p-alkalinenfosfataasi,paikallisanalytiikka,kuivakemia	u/l	A	9	8
p-alko		A	67	46
p-aminoh		N	70	46
p-amyl	u/l	A	46542	20604
p-amyl	u/l	N	45755	25916
p-amyl	u/l	L	4297	2626
p-amyl	u/l	H	5635	2597
p-amyl		L	658	422
p-amyl		A	742	453
p-amyl		N	103	82
p-amyl.	u/l	A	7	6
p-amylaasi	u/l	N	455	367
p-amylaasi	u/l	A	208	143
p-amylaasi,haimaperäinen	u/l	A	362	179
p-amylaasi,haimaperäinen	u/l	N	10	10
p-amylaasi,paikallisanalytiikka,kuivakemia	u/l	N	135	121
p-amylaasi,paikallisanalytiikka,kuivakemia	u/l	H	12	12
p-amylaasi,paikallisanalytiikka,kuivakemia	u/l	L	7	7
p-amylp	u/l	N	36136	19672
p-amylp		N	13186	6914
p-amylp	u/l	L	1079	782
p-amylp	u/l	A	8581	3519
p-amylp	u/l	H	5953	2768
p-amylp	u/l	HH	2035	990
p-amylp		A	400	226
p-amylp		L	285	178
p-anca		A	24	19
p-anca	titre	A	13	8
p-ancab		N	9	9
p-angap	mmol/l	A	1330	892
p-anti-a-isoagglutiniinitiitteri,igm	titre	N	30	28
p-anti-b-isoagglutiniinitiitteri,igm	titre	N	30	28
p-antifxa		N	5008	2809
p-antifxa	iu/ml	N	8648	2613
p-antifxa	u/ml	N	120	64
p-antifxa	iu/ml	HH	60	58
p-antifxa	u/ml	A	32	22
p-antifxa		HH	7	7
p-antifxa	umol/l	N	15	6
p-antitro	%	A	11	11
p-antitro		A	23	21
p-antitrombiiniiii	%	N	64	54
p-antitrombiiniiii	%	A	64	42
p-antitrombiiniiii(huslab)	%	A	11	11
p-antitrombiiniiii(huslab)	%	N	23	23
p-antitrombiiniiii,huslab	%	N	8	8
p-apcres		A	30	29
p-apcres		H	10	10
p-apcres		N	34	34
p-apcres		L	14	14
p-apcres.	form	A	163	154
p-apcres.	form	N	322	300
p-apcres.		N	8	8
p-apcres.	form	L	31	29
p-apcres.	form	H	35	33
p-apob/a1		A	19	19
p-aptaika	s	A	46	40
p-aptt	s	A	34483	17193
p-aptt	s	N	25163	15022
p-aptt	s	L	7518	4613
p-aptt	s	H	9497	3276
p-aptt		A	1237	834
p-aptt		N	150	116
p-aptt		H	152	90
p-aptt		L	20	19
p-aptt-l		N	34	31
p-aptt.	s	N	204	194
p-aptt.		N	7	7
p-aptt.	s	A	171	161
p-aptt.	s	L	74	71
p-aptt.	s	H	42	39
p-aptt.		A	7	7
p-apttm/m		N	33	30
p-asat	u/l	A	92956	36200
p-asat	u/l	N	85068	44386
p-asat	u/l	H	28384	12457
p-asat	u/l	L	7766	5102
p-asat		A	1952	880
p-asat		N	459	435
p-asat		L	552	454
p-asat	umol/l	N	175	123
p-asat	umol/l	A	40	31
p-asat		H	37	29
p-asetoni	mmol/l	A	49	30
p-aspartaattiaminotransferaasi	u/l	A	2239	1418
p-aspartaattiaminotransferaasi	u/l	N	769	545
p-aspartaattiaminotransferaasi		A	74	43
p-aspartaattiaminotransferaasi		N	12	12
p-aspartaattiaminotransferaatti	u/l	N	17	15
p-at-jatk	%	L	15	12
p-at-jatk	%	N	24	21
p-at3	%	A	7794	3213
p-at3	%	N	8185	3877
p-at3	%	L	6238	2376
p-at3	%	H	1103	580
p-at3		N	56	47
p-at3		H	30	29
p-at3		A	166	117
p-at3		L	41	34
p-at3-spr	%	A	88	84
p-at3-spr		A	32	30
p-at3.	%	N	1515	1410
p-at3.	%	L	246	228
p-at3.	%	A	658	623
p-at3.	%	H	221	215
p-at3.		H	46	45
p-at3.		N	15	15
p-at3.		A	36	36
p-at3.		L	8	8
p-at3/spr	%	A	19	16
p-at3ag	%	A	11	10
p-at3ag	%	N	11	8
p-at3spr	%	A	15	14
p-b-12-vitamiini	pmol/l	H	110	108
p-b-12-vitamiini	pmol/l	N	185	182
p-b-12-vitamiini	pmol/l	L	7	6
p-b12-bc		A	13	13
p-b12-tc2	pmol/l	N	69	66
p-b12-tc2		N	49	46
p-b12-vit	pmol/l	N	7156	4883
p-b12-vit	pmol/l	A	8500	6764
p-b12-vit	pmol/l	H	2170	1805
p-b12-vit		A	604	517
p-b12-vit	pmol/l	HH	450	410
p-b12-vit	pmol/l	L	179	164
p-b12-vit		N	23	22
p-b12-vit		HH	25	22
p-b12-vit		H	12	10
p-b12-vit		L	8	8
p-b12-vitamiini	pmol/l	N	6	6
p-b12-vitamiini(pi)	pmol/l	N	19	16
p-b12-vitamiini(pi)	pmol/l	A	8	7
p-b2gpabg		N	1749	1550
p-b2gpabg	u/ml	N	1480	1259
p-b2gpabg		H	42	25
p-b2gpabg	u/ml	H	159	85
p-b2gpabg	u/ml	A	217	119
p-b2gpabg		A	43	27
p-b2gpabg	sgu	A	23	17
p-b2gpabm	u/ml	A	81	55
p-b2gpabm		N	31	30
p-b2gpabm	u/ml	N	9	9
p-beeta-2-glykoproteiini,iggvasta-aine		N	26	26
p-beeta-2-glykoproteiini,iggvasta-aine	u/ml	N	59	58
p-bil	umol/l	A	152909	40528
p-bil	umol/l	N	294419	75208
p-bil	umol/l	L	7471	3608
p-bil	umol/l	H	60369	15646
p-bil		A	4679	2451
p-bil		N	9459	3390
p-bil	umol/l	HH	504	110
p-bil		L	320	189
p-bil-kj	umol/l	A	38191	13193
p-bil-kj	umol/l	N	22299	11539
p-bil-kj	umol/l	H	22552	8754
p-bil-kj		N	4107	2656
p-bil-kj		A	468	189
p-bil-kj		H	63	22
p-bil-lap		N	2446	132
p-bil-lap	umol/l	N	857	242
p-bil-vt		N	7394	2278
p-bil-vt	umol/l	H	575	107
p-bil-vt	umol/l	N	39	20
p-bilirubiini	umol/l	A	2106	801
p-bilirubiini	umol/l	N	174	137
p-bilirubiini(ko)	umol/l	N	16	16
p-bilirubiini(pi)	umol/l	N	11	9
p-bilirubiinikonjugaatit	umol/l	A	860	432
p-bilirubiinikonjugaatit	umol/l	N	9	8
p-bilirubiinikonjugaatit(ko)	umol/l	N	22	20
p-bio		N	17	17
p-bk-virus,nukleiinihappo(kvant)	iu/ml	A	56	11
p-bkvnh		N	1470	386
p-bkvnh	iu/ml	A	662	98
p-bnp	ng/l	A	56428	16882
p-bnp	ng/l	H	5073	3442
p-bnp	ng/l	N	831	725
p-bnp		A	1807	874
p-bnp		N	46	40
p-bnp		AA	8	8
p-bnp	ng/l	AA	8	8
p-bnp	ng/ml	A	7	7
p-c-pept	nmol/l	A	12	12
p-c-pept	nmol/l	N	10	10
p-c-pepta		A	103	96
p-c-pepta	nmol/l	A	907	814
p-c-pepta	nmol/l	N	106	102
p-c-pepta	nmol/l	H	70	68
p-c-pepta	nmol/l	L	16	16
p-c-peptidi	nmol/l	N	52	45
p-c-reaktiininenproteiini,vieritutkimus	mg/l	A	175	115
p-c-reaktiivinenproteiini	mg/l	A	37647	7314
p-c-reaktiivinenproteiini		A	14147	4377
p-c-reaktiivinenproteiini		N	1208	838
p-c-reaktiivinenproteiini	mg/l	N	367	297
p-c-reaktiivinenproteiini	mg/l	H	13	9
p-c-reaktiivinenproteiini(kval)	mg/l	A	70	52
p-c-reaktiivinenproteiini(kval)	mg/l	H	69	65
p-c-reaktiivinenproteiini(kval)		N	6	6
p-c-reaktiivinenproteiini(kval)␤	mg/l	A	88	71
p-c-reaktiivinenproteiini(pikanäyte)		N	223	193
p-c-reaktiivinenproteiini,crp	mg/l	A	90	15
p-c-reaktiivinenproteiini,herkkä	mg/l	N	6	6
p-c-reaktiivinenproteiini,hoitoyksikkö	mg/l	H	47	44
p-c-reaktiivinenproteiini,hoitoyksikkö		N	73	72
p-c-reaktiivinenproteiini,hoitoyksikkö	mg/l	N	31	28
p-c-reaktiivinenproteiini,hoitoyksikkö		H	8	8
p-c-reaktiivinenproteiini,pikatesti		N	1960	1264
p-c-reaktiivinenproteiini,pikatesti	mg/l	N	130	110
p-c-reaktiivinenproteiini,päivystysnäyte	mg/l	N	28	19
p-c-reaktiivinenproteiini,vieritutkimus		N	17	12
p-c-reaktiivinenproteiini,vieritutkimus	mg/l	A	37	24
p-c-reaktiivinenproteiini,vieritutkimus,plasmasta	mg/l	A	144	92
p-c-reaktiivinenproteiini,vieritutkimus,plasmasta	mg/l	N	34	25
p-c-reaktiivinenproteiini,vieritutkimus,plasmasta		N	55	42
p-c-reaktiivinenproteiini.pika		A	158	113
p-c-reaktiivinenproteiinipikahoitoyksiköt	mg/l	H	3569	1812
p-c-reaktiivinenproteiinipikahoitoyksiköt	mg/l	A	49	40
p-c-reaktiivinenproteiinipikahoitoyksiköt		A	37	35
p-c-reaktiivinenproteiinipikamittari		A	193	125
p-c1inh	g/l	N	18	18
p-c1inh	g/l	A	6	6
p-c1inhbk	%	N	81	73
p-c1inhbk	%	A	80	61
p-c1inhbk		A	19	18
p-c1inhbk		N	11	11
p-c1inhbk	%	H	22	18
p-c1q		A	7	6
p-c1qabg	u/ml	A	26	15
p-c1qabg		N	30	29
p-c1qabg	u/ml	N	10	8
p-c1qabg	u/ml	H	37	16
p-c3	g/l	A	2665	1710
p-c3	g/l	N	896	725
p-c3	g/l	L	249	93
p-c3		H	16	16
p-c3	g/l	H	329	288
p-c3		A	121	112
p-c3		L	7	7
p-c4	g/l	N	1015	810
p-c4	g/l	A	2168	1069
p-c4	g/l	L	324	123
p-c4	g/l	H	101	86
p-c4		A	274	156
p-c4		L	73	34
p-c4		N	7	7
p-c4		H	12	12
p-c4d		N	7	7
p-ca	mmol/l	L	6624	3838
p-ca	mmol/l	N	108979	32990
p-ca	mmol/l	A	37003	14861
p-ca	mmol/l	H	30322	12332
p-ca		A	796	316
p-ca	mmol/l	HH	162	95
p-ca	mmol/l	LL	44	28
p-ca		N	25	23
p-ca(7.4)	mmol/l	A	6094	2864
p-ca(7.4)	mmol/l	L	258	190
p-ca(7.4)	mmol/l	H	24	19
p-ca++hoi		A	50	42
p-ca-albk	mmol/l	N	32070	15714
p-ca-albk	mmol/l	H	34691	16870
p-ca-albk	mmol/l	A	26500	10256
p-ca-albk	mmol/l	HH	195	124
p-ca-albk		N	350	276
p-ca-albk	mmol/l	L	390	264
p-ca-albk	form	N	60	57
p-ca-albk	form	A	15	14
p-ca-albk		A	17	15
p-ca-albk		H	6	6
p-ca-albk(laskennallinentutkimus)	mmol/l	N	138	122
p-ca-albk(laskennallinentutkimus)	mmol/l	A	23	19
p-ca-albk,osatutkimus(63840laskennallinentutkimus)	mmol/l	N	45	43
p-ca-albk,p-alb	mmol/l	N	9	7
p-ca-ion	mmol/l	A	10879	5272
p-ca-ion		N	583	503
p-ca-ion	mmol/l	N	2007	1664
p-ca-ion	mmol/l	L	1043	812
p-ca-ion	mmol/l	H	211	183
p-ca-ion		A	57	32
p-ca-ion		H	15	8
p-ca-ion	mmol/l	LL	7	7
p-ca-ion		L	13	10
p-ca-ion	mmol/l	HH	20	15
p-ca-ion.	mmol/l	A	40789	9859
p-ca-ion.	mmol/l	L	140416	14900
p-ca-ion.	mmol/l	N	124716	19576
p-ca-ion.	mmol/l	H	7144	1563
p-ca-ion.		A	23	16
p-ca-ion.		N	162	131
p-ca-ion:	mmol/l	A	207	118
p-ca-iona	mmol/l	N	234162	21202
p-ca-iona		N	169	148
p-ca12-5	u/ml	A	9629	2206
p-ca12-5	u/ml	H	1198	352
p-ca12-5	u/ml	N	1110	684
p-ca12-5		A	59	48
p-ca12-5	u/ml	HH	186	74
p-ca12-5		N	23	10
p-ca12-5antigeeni	u/ml	N	401	204
p-ca12-5antigeeni	u/ml	A	201	78
p-ca15-3	u/ml	N	579	267
p-ca15-3	u/ml	A	7154	1223
p-ca15-3	u/ml	H	467	144
p-ca15-3		A	60	33
p-ca15-3antigeeni	u/ml	N	199	91
p-ca15-3antigeeni	u/ml	A	233	61
p-ca19-9	u/ml	N	1485	922
p-ca19-9	u/ml	H	1835	525
p-ca19-9	u/ml	A	8883	2382
p-ca19-9		A	217	129
p-ca19-9		N	194	115
p-ca19-9	u/ml	HH	27	21
p-ca19-9antigeeni	u/ml	N	344	219
p-ca19-9antigeeni	u/ml	A	327	120
p-ca19-9antigeeni		N	62	31
p-caio7.4:	mmol/l	A	209	106
p-caion7.4	mmol/l	A	24	10
p-caion7.4		A	10	7
p-cea	ug/l	A	17398	4258
p-cea	ug/l	N	3977	1895
p-cea	ug/l	H	1951	537
p-cea		N	1010	616
p-citratm		N	285	144
p-ck	u/l	A	55522	28371
p-ck	u/l	N	41723	29056
p-ck	u/l	H	13920	7420
p-ck	u/l	L	4519	3284
p-ck		A	837	486
p-ck	u/l	HH	58	26
p-ck		N	74	74
p-ck		L	215	166
p-ck-mb	ug/l	N	24	24
p-ck-mb	u/l	N	38	37
p-ck-mb		A	6	6
p-ck-mb	u/l	A	11	8
p-ck-mbm	ug/l	A	13422	7388
p-ck-mbm		N	561	463
p-ck-mbm	ug/l	N	3079	2446
p-ck-mbm	ug/l	H	2517	1735
p-ck-mbm		A	57	42
p-ck-mbm	ug/l	HH	15	12
p-ckmbm	ug/l	A	94	75
p-cl	mmol/l	N	218022	24655
p-cl	mmol/l	A	20569	7013
p-cl	mmol/l	H	31097	3886
p-cl	mmol/l	L	30196	4547
p-cl		A	146	119
p-cl		N	157	129
p-cl	mmol/l	LL	402	108
p-cl	mmol/l	HH	16	9
p-cl		L	21	18
p-cl		H	6	6
p-cl-vt	mmol/l	A	23	10
p-cl-vt	mmol/l	N	17	11
p-cl-vt	1	N	29	22
p-cl-vt	1	L	9	7
p-cl:	mmol/l	A	100	65
p-clhoi	mmol/l	A	17	14
p-cmvnh		N	9571	2778
p-cmvnh	iu/ml	A	5287	894
p-cmvnh	iu/ml	N	195	76
p-cmvnh		A	236	98
p-cmvnh	iu/ml	H	39	12
p-cptputk		N	21	8
p-crp	mg/l	N	136577	57115
p-crp		N	536296	131880
p-crp	mg/l	A	2115418	218537
p-crp	mg/l	H	1032692	140011
p-crp	mg/l	HH	102529	22407
p-crp		H	1109	796
p-crp		A	20998	6384
p-crp	mg/l	AA	94	66
p-crp	mg/ml	N	12	12
p-crp		HH	9	8
p-crp,herkkä	mg/l	H	9	7
p-crp,herkkä	mg/l	N	24	23
p-crp,herkkä	mg/l	A	6	6
p-crp-hoi	mg/l	A	532	120
p-crp-hy	mg/l	A	3457	2090
p-crp-hy	mg/l	H	2214	1502
p-crp-hy		A	116	104
p-crp-hy		H	8	8
p-crp-hy,osoitushoitoyksikössä	mg/l	A	454	337
p-crp-hy,osoitushoitoyksikössä		A	11	11
p-crp-o	mg/l	H	21905	12267
p-crp-o		N	6098	4802
p-crp-o		H	387	369
p-crp-o	mg/l	A	3353	1915
p-crp-o		A	169	140
p-crp-o	mg/l	N	3627	2936
p-crp-o		L	974	687
p-crp-o	mg/l	L	396	330
p-crp-oma		N	578	320
p-crp-oma	mg/l	N	301	202
p-crp-oma	mg/l	H	1169	542
p-crp-oma		H	22	19
p-crp-p		A	489	289
p-crp-p	mg/l	A	108	71
p-crp-poc	mg/l	A	45	25
p-crp-pt	mg/l	A	16	14
p-crp-päi	mg/l	A	38	27
p-crp-v	mg/l	A	17	16
p-crp-vt	mg/l	A	4198	2187
p-crp-vt		A	75	62
p-crp-vt	mg/l	N	143	101
p-crp-vt		N	264	158
p-crp.	mg/l	A	502	200
p-crp/pik	mg/l	N	1095	911
p-crp/pik	mg/l	H	2330	1450
p-crp/pik		N	1934	1363
p-crp/pik		H	107	91
p-crp/pika	mg/l	H	3914	1851
p-crp/pika		N	3660	1820
p-crp/pika	mg/l	N	1720	1205
p-crp/pika		H	66	65
p-crphoi	mg/l	A	4021	2278
p-crphoi		N	14	14
p-crphoi	mg/l	H	27	23
p-crpos	mg/l	A	280	169
p-crppika	mg/l	A	767	523
p-crppika		N	241	200
p-crppika		A	583	333
p-crppika	mg/l	N	42	41
p-crpvieri	mg/l	A	14	12
p-cu	umol/l	N	61	57
p-cu	umol/l	A	29	26
p-cu		A	12	6
p-cu	umol/l	L	8	6
p-cytomegalovirus,nukleiinihappo(kvant)		A	11	8
p-cytomegalovirus,nukleiinihappo(kvant)	iu/ml	A	37	7
p-cytomegalovirus,nukleiinihappo,(kvant)		A	17	11
p-cytomegalovirus,nukleiinihappo,(kvant)	iu/ml	A	34	7
p-cytomegalovirus,nukleiinihappo,kvantitatiivi	iu/ml	A	93	13
p-d-25	nmol/l	A	8488	6374
p-d-25	nmol/l	N	7782	5809
p-d-25	nmol/l	H	1889	1543
p-d-25	nmol/l	L	699	676
p-d-25		H	8	8
p-d-25		A	65	55
p-d-25		N	10	10
p-d-25-oh	nmol/l	N	16	16
p-d-vitamiini-25-oh	nmol/l	N	1140	1086
p-d-vitamiini-25-oh	nmol/l	A	146	136
p-d-vitamiini-25-oh		A	7	7
p-dabi-ta	ug/l	N	44	31
p-dabi-ta		N	30	26
p-digoks	nmol/l	A	570	245
p-digoks		A	137	88
p-digoks	nmol/l	N	147	88
p-digoks		N	36	25
p-dvitamiini-25-oh	nmol/l	N	25	22
p-ebvnh		N	5878	2374
p-ebvnh	iu/ml	A	872	283
p-ebvnh		A	16	9
p-ebvnh	iu/ml	N	21	11
p-edta		N	99	99
p-edtapak		N	26	20
p-efa		N	37	17
p-einr	inr	A	844	49
p-etanoli	promille	A	20	12
p-etanoli		A	16	15
p-etoh		N	478	439
p-etoh	promille	N	473	325
p-etoh	mmol/l	A	134	100
p-etoh	promille	A	626	410
p-etoh		A	98	78
p-etoh	promille	H	28	25
p-etoh		H	25	25
p-f8paiv	%	A	121	38
p-fakb		N	8	7
p-fakbb		N	7	7
p-fe	umol/l	A	211	132
p-fe	umol/l	L	584	441
p-fe		H	13	13
p-fe	umol/l	H	45	38
p-fe		L	162	134
p-ferrit	ug/l	H	40175	19006
p-ferrit	ug/l	A	94790	40759
p-ferrit	ug/l	N	116750	58654
p-ferrit	ug/l	L	25496	14068
p-ferrit		A	464	371
p-ferrit		L	835	658
p-ferrit		N	154	149
p-ferrit		H	54	24
p-ferritiini	ug/l	A	2544	1597
p-ferritiini	ug/l	N	2774	2052
p-ferritiini		A	17	16
p-ferritiini	ug/l	H	420	339
p-ferritiini	ug/l	L	244	206
p-ferritin	ug/l	N	71	44
p-ferritin	ug/l	A	24	20
p-fgf23		N	9	8
p-fgf23	kru/l	A	18	9
p-fibr	g/l	A	9673	4513
p-fibr	g/l	N	9412	4281
p-fibr	g/l	H	5501	2859
p-fibr	g/l	L	2420	875
p-fibr	g/l	LL	156	50
p-fibr		N	56	47
p-fibr		A	330	128
p-fibr		L	14	13
p-fibr		H	18	13
p-fibr.	g/l	N	217	203
p-fibr.	g/l	H	75	75
p-fibr.	g/l	A	131	123
p-fibr.	g/l	L	24	20
p-fibr.		N	7	7
p-fibr.		A	8	8
p-fibrag	g/l	N	9	7
p-fibriinidimeerit	mg/l	N	190	181
p-fibriinidimeerit	mg/l	H	174	161
p-fibriinidimeerit		N	34	33
p-fibriinidimeerit,pika	mg/l	N	15	13
p-fibriinind-dimeerit	mg/l	A	630	556
p-fibriinind-dimeerit	mg/l	N	16	16
p-fibriinind-dimeerit		N	12	12
p-fibriinind-dimeerit(kval)	mg/l	A	30	26
p-fibriinind-dimeerit(kval)		N	11	9
p-fibriinind-dimeerit,laskimon.vierit.lab:ssa	mg/l	H	48	37
p-fibriinind-dimeerit,pika	mg/l	H	9	7
p-fibriinind-dimeerit,pika	mg/l	N	15	14
p-fibriinind-dimeerit,pikatesti	mg/l	A	9	7
p-fibriinind-dimeerit,pikatutkimus	mg/l	H	7	6
p-fibriinind-dimeerit,vieritestihoitoyksikössä	mg/l	A	6	6
p-fibriinind-dimeerit,vieritutkimus	mg/l	A	6	6
p-fibriinind-dimeeritpika,hoitoyksiköt	mg/l	H	31	31
p-fibriinind-dimeeritpika,hoitoyksiköt		A	19	19
p-fibrinogeeni	g/l	A	56	45
p-fibrspr	g/l	A	54	53
p-fibrspr		A	7	7
p-fidd	mg/l	N	12236	10068
p-fidd	mg/l	A	47970	26770
p-fidd	mg/l	H	32557	18453
p-fidd		N	6869	5374
p-fidd		H	92	57
p-fidd	mg/l	AA	14	13
p-fidd		A	883	615
p-fidd	mg/l	HH	234	209
p-fidd		L	8	7
p-fidd		AA	18	17
p-fidd(vieri)		N	35	34
p-fidd(vieri)		H	14	13
p-fidd-hy		A	17	17
p-fidd-hy	mg/l	A	33	31
p-fidd-hy	mg/l	H	12	12
p-fidd-lb	mg/l	A	305	235
p-fidd-lb		A	19	18
p-fidd-o	mg/l	N	1001	953
p-fidd-o	mg/l	H	2573	2215
p-fidd-o		H	265	231
p-fidd-o	mg/l	A	290	242
p-fidd-o		A	48	42
p-fidd-o		N	57	56
p-fidd-o	form	H	12	10
p-fidd-o	form	N	16	16
p-fidd-opi		A	17	16
p-fidd-os		H	10	10
p-fidd-os		N	17	16
p-fidd-ospkl	mg/l	H	9	8
p-fidd-poc	mg/l	A	8	6
p-fidd-vt	mg/l	A	246	205
p-fidd-vt	mg/l	N	56	44
p-fidd-vt		A	70	66
p-fidd-vt		N	14	13
p-fiddosoitus	mg/l	N	62	61
p-fiddosoitus	mg/l	H	39	39
p-fiddp	mg/l	H	12	9
p-fiddp	mg/l	N	19	14
p-fiddpik	mg/l	A	92	82
p-fiddpik		A	7	7
p-fiddpik		N	14	13
p-fiddpik	mg/l	H	29	22
p-fiddpik	mg/l	N	6	6
p-fii	%	A	235	219
p-fii	%	N	108	90
p-fii		N	230	222
p-fii	%	L	34	31
p-fii		A	28	26
p-fii-d		N	11	10
p-fimo-o		A	9	8
p-fix	%	N	367	327
p-fix	%	H	71	69
p-fix	%	A	256	170
p-fix		A	8	7
p-fix	%	L	78	46
p-fix		N	10	10
p-fixkr	%	N	15	6
p-follikkeliastimuloivahormoni	u/l	N	213	191
p-follikkeliastimuloivahormoni(pi)	u/l	N	9	9
p-fosfaatti,epäorgaaninen	mmol/l	A	169	47
p-fs		N	32	29
p-fs-mix		N	33	30
p-fsh	u/l	A	821	678
p-fsh	u/l	N	810	737
p-fsh		A	36	26
p-fsh		N	6	6
p-fsl	s	N	9	9
p-fsl		N	24	21
p-fsl-mix		N	33	30
p-fsl/fs		N	33	30
p-fv	%	A	1550	650
p-fv	%	N	1524	874
p-fv	%	L	788	347
p-fv	%	H	237	177
p-fv		A	46	33
p-fv		N	13	13
p-fvii	%	A	299	240
p-fvii	%	N	328	295
p-fvii	%	L	142	99
p-fvii	%	H	27	27
p-fvii		A	21	19
p-fvii		N	7	7
p-fviii	%	A	1050	875
p-fviii	%	N	787	624
p-fviii	%	H	1557	1059
p-fviii	%	L	160	78
p-fviii		H	79	62
p-fviii		A	129	116
p-fviii		L	12	11
p-fviii		N	20	20
p-fviii.	%	A	9842	3835
p-fviii.	%	H	9483	4350
p-fviii.	%	N	3855	2260
p-fviii.		A	195	156
p-fviii.	%	L	238	99
p-fviii.		N	573	284
p-fviii.		H	342	262
p-fviii.		L	6	6
p-fviiiab		N	10	8
p-fviiic	%	A	8	8
p-fviiiis	%	A	41	34
p-fviiikr	%	N	107	23
p-fviiikr		N	41	8
p-fviiit	%	A	207	94
p-fviiit		A	30	12
p-fvpaiv	%	A	11	8
p-fx	%	A	222	175
p-fx	%	N	82	71
p-fx		N	228	220
p-fx	%	L	72	54
p-fx		A	20	17
p-fxi	%	N	81	69
p-fxi		N	255	240
p-fxi	%	A	84	70
p-fxi	%	L	20	16
p-fxi	%	H	30	11
p-fxi		H	11	7
p-fxii	%	A	77	62
p-fxii		N	257	242
p-fxii	%	N	76	67
p-fxii	%	L	24	21
p-fxii		A	10	9
p-fxii	%	H	12	6
p-fxiii	%	N	389	272
p-fxiii	%	A	415	194
p-fxiii	%	L	390	150
p-fxiii	%	H	13	11
p-fxiii		A	15	13
p-fxiii		N	14	14
p-fxiii.	%	N	250	232
p-fxiii.	%	L	44	40
p-fxiii.		N	6	6
p-fxiii.	%	H	17	17
p-fxiii.	%	A	88	81
p-gammagt	u/l	A	18	12
p-gammagt	u/l	N	28	23
p-gfr-kre		A	15	13
p-gfr-kre	ml/min/173m2	A	19	19
p-gfreepi	ml/min/173m2	A	7387	1191
p-gfreepi		N	13	12
p-gfrtest		N	1166	584
p-glkg	ng/l	A	135	68
p-glkg		A	26	14
p-glkg	ng/l	N	35	29
p-glkg	ng/l	H	6	6
p-glu/0		A	11	11
p-glu/0	mmol/l	A	440	365
p-glu/0	mmol/l	N	337	278
p-glu/0		N	8	8
p-glu/1h	mmol/l	N	184	148
p-glu/1h	mmol/l	A	57	50
p-glu/2h		A	15	15
p-glu/2h	mmol/l	A	456	361
p-glu/2h	mmol/l	N	328	279
p-glu/2h		N	8	8
p-gluc	mmol/l	A	742	367
p-gluc		A	1321	423
p-gluc		N	142	112
p-gluc	mmol/l	N	162	126
p-gluk	mmol/l	A	283455	84986
p-gluk		A	10583	2938
p-gluk	mmol/l	H	305149	47978
p-gluk		H	744	675
p-gluk	mmol/l	N	136380	45715
p-gluk	mmol/l	L	2897	1851
p-gluk		N	4904	1182
p-gluk	mmol/l	HH	2321	849
p-gluk	mmol	A	65	55
p-gluk	mmol/l	LL	46	39
p-gluk		L	52	51
p-gluk		HH	39	32
p-gluk,tk	mmol/l	H	2767	1533
p-gluk,tk	mmol/l	N	631	503
p-gluk-0	mmol/l	N	61	34
p-gluk-0h	mmol/l	A	136	113
p-gluk-1	mmol/l	N	13	12
p-gluk-1h	mmol/l	A	114	69
p-gluk-1t	mmol/l	H	12	12
p-gluk-1t	mmol/l	N	155	96
p-gluk-2	mmol/l	N	12	11
p-gluk-2h	mmol/l	A	200	145
p-gluk-2h	mmol/l	N	16	16
p-gluk-2h	mmol/l	H	6	6
p-gluk-2t	mmol/l	H	141	107
p-gluk-2t	mmol/l	N	306	223
p-gluk-2t		H	6	6
p-gluk-2t	mmol/l	L	15	11
p-gluk-a2	mmol/l	N	712	594
p-gluk-a2		N	106	100
p-gluk-o	mmol/l	H	8	8
p-gluk-o	mmol/l	N	188	45
p-gluk-p	mmol/l	A	10	9
p-gluk-pt	mmol/l	A	18	17
p-gluk-sn		N	2688	413
p-gluk-sn	mmol/l	N	1252	343
p-gluk-vt	mmol/l	N	374	266
p-gluk-vt	mmol/l	A	1428	676
p-gluk-vt	1	N	17	13
p-gluk-vt	1	H	21	15
p-gluk-vt/0m	mmol/l	N	26	20
p-gluk/120	mmol/l	N	85	74
p-gluk/120		N	29	24
p-gluk/2h	mmol/l	N	50	48
p-gluk/2h		N	15	12
p-gluk/2h	mmol/l	A	14	14
p-gluk/60	mmol/l	N	47	39
p-gluk/60		N	17	13
p-gluk0	mmol/l	A	14	14
p-gluk0		A	70	65
p-gluk0h	mmol/l	A	25	22
p-gluk120	mmol/l	N	29	28
p-gluk120,osatutk.		N	56	49
p-gluk1h	mmol/l	N	87	56
p-gluk1h	mmol/l	H	9	7
p-gluk2h	mmoll/l	N	129	92
p-gluk2h	mmoll/l	H	40	31
p-gluk2h	mmol/l	A	27	24
p-gluk60,osatutk.		N	28	22
p-gluk:	mmol/l	A	118	61
p-glukoosi	mmol/l	A	4274	2456
p-glukoosi		N	131	99
p-glukoosi	mmol/l	N	470	380
p-glukoosi	mmol/l	H	471	418
p-glukoosi,0-näyte	mmol/l	N	20	18
p-glukoosi,120min-näyterasituksessa	mmol/l	N	7	6
p-glukoosi,2h	mmol/l	N	30	25
p-glukoosi,2hnäyte	mmol/l	N	7	7
p-glukoosi,60min-näyterasituksessa	mmol/l	N	7	6
p-glukoosi,paikallisanalytiikka,kuivakemia	mmol/l	H	90	85
p-glukoosi,paikallisanalytiikka,kuivakemia	mmol/l	A	26	23
p-glukoosi,paikallisanalytiikka,kuivakemia	mmol/l	N	21	20
p-glukoosi,plasma		N	45	24
p-glukoosi,plasma	mmol/l	N	32	18
p-glukoosi,vieritutkimus		N	32	24
p-glukoosi,vieritutkimus	mmol/l	N	27	23
p-glukoosi,vieritutkimus	mmol/l	A	10	9
p-glukoosi,vieritutkimus(cit1000)	mmol/l	A	12	10
p-glukoosi,vieritutkimus(cit1000)	mmol/l	N	6	6
p-glukoosi120	mmol/l	A	7	7
p-glukoosi120	mmol/l	N	13	13
p-glukoosi2h	mmol/l	N	47	44
p-glukoosipikahoitoyksiköt	mmol/l	A	8	8
p-glukoosirasitus,0-näyte	mmol/l	N	26	22
p-glukoosirasitus,0-näyte		N	13	13
p-glukoosirasitus,120minnäyte	mmol/l	N	26	22
p-glukoosirasitus,120minnäyte		N	13	13
p-glukoosirasitus,60minnäyte		N	6	6
p-glukp	mmol/l	H	78	74
p-glukpik	mmol/l	A	42	35
p-glukpik		A	9	9
p-glukr2h		H	10	10
p-glutamyyliransferaasi,paikallisanalytiikka,kuivakemia	u/l	H	51	46
p-glutamyyliransferaasi,paikallisanalytiikka,kuivakemia	u/l	N	52	48
p-glutamyyliransferaasi,paikallisanalytiikka,kuivakemia	u/l	A	12	11
p-glutamyylitransferaasi	u/l	A	2184	1231
p-glutamyylitransferaasi	u/l	N	1080	893
p-gt	u/l	H	86440	32154
p-gt	u/l	A	231923	61561
p-gt	u/l	N	137446	80694
p-gt		A	2794	1079
p-gt	u/l	L	157	126
p-gt		N	818	744
p-gt	u/l	AA	112	37
p-gt	u/l	HH	51	32
p-gt		H	26	16
p-hae		N	24	21
p-hae-tutkimus		N	16	11
p-haglund		N	8	8
p-happamuusaste(ionis.ca)		N	8696	4993
p-haptog	g/l	A	2576	2101
p-haptog	g/l	H	2639	2186
p-haptog	g/l	N	6498	4423
p-haptog		L	1365	500
p-haptog		H	286	266
p-haptog	g/l	L	852	462
p-haptog		A	1270	519
p-haptoglobiini	g/l	N	900	752
p-haptoglobiini	g/l	A	595	524
p-haptoglobiini		A	223	137
p-haptoglobiini	g/l	H	69	64
p-haptoglobiini		L	15	13
p-haptoglobiini	g/l	L	6	6
p-hb	mg/l	A	3792	616
p-hb	mg/l	H	1622	310
p-hb		H	13	13
p-hb	mg/l	N	824	254
p-hb	g/l	N	33	21
p-hb		A	62	56
p-hb		N	80	52
p-hb		HH	10	10
p-hbcfdn		N	2734	2239
p-hcg	iu/l	A	587	256
p-hcg	u/l	A	3585	1668
p-hcg		N	1383	991
p-hcg	u/l	H	1681	888
p-hcg	u/l	N	249	196
p-hcg		H	264	164
p-hcg		A	96	57
p-hcg	iu/l	N	21	11
p-hcg,pika-hcg	u/l	H	12	9
p-hcg-tot		N	7134	4591
p-hcg-tot	iu/l	A	3161	1516
p-hcg-tot	iu/l	H	4913	2246
p-hcg-tot	iu/l	N	560	507
p-hcg-tot		H	11	9
p-hco3	mmol/l	A	16928	4561
p-hco3	mmol/l	N	154023	14289
p-hco3		N	40	36
p-hco3		A	354	198
p-hcvnh		N	220	198
p-hcvnh	iu/ml	A	102	71
p-hcvnh		A	17	15
p-hcvnho		A	35	29
p-hcvnhty		A	23	21
p-hcyst	umol/l	N	1432	1135
p-hcyst	umol/l	A	663	511
p-hcyst	umol/l	H	558	431
p-hcyst		A	52	48
p-hcyst	umol/l	L	10	10
p-hcyst		H	22	20
p-hcyst		N	17	17
p-he4	pmol/l	N	112	109
p-he4	pmol/l	A	189	132
p-he4	pmol/l	H	67	62
p-helikobakteerinigg-vasta-aineet	eiu	N	59	59
p-hepar10		N	24	22
p-hepar5		N	63	53
p-heparm		N	82	52
p-hepatiittic,iggvasta-aineetjanukleiinihappo,(kvant)		N	79	78
p-hepnäyt		N	31	16
p-hepyabg	eiu	N	12	11
p-histam		N	42	28
p-hiv1nh		N	3366	897
p-hiv1nh	u/ml	A	809	265
p-hiv1nh	u/ml	N	7	6
p-hiv1res		N	7	7
p-hivinir		N	26	21
p-hivirus1,nukleiinihappo(kvant)	u/ml	A	9	7
p-hivkant		N	16	16
p-hivnhre		N	62	49
p-hok		N	153	77
p-hok2		N	34	12
p-homokysteiini	umol/l	A	16	11
p-homokysteiini,homokys	umol/l	H	7	6
p-hs-crp	mg/l	A	286	152
p-hs-crp	mg/l	H	54	31
p-hs-crp		A	11	10
p-hscrp		N	13	13
p-hscrp	mg/l	N	42	42
p-hscrp	mg/l	H	11	11
p-hstni	ng/l	A	709	220
p-hsvnho		N	12	12
p-hyyttek		N	60	56
p-hyytymistekijäv	%	A	8	7
p-hyytymistekijäviii	%	N	24	24
p-hyytymistekijäviii	%	A	104	80
p-hyytymistekijäviii	%	H	15	11
p-hyytymistekijäviii(t)	%	A	68	26
p-hyytymistekijäviii(t)	%	N	40	19
p-hyytymistekijäviii.	%	A	82	55
p-hyytymistekijäviii.	%	N	9	7
p-hyytymistutkimus,suppea		N	6	6
p-iga	g/l	N	10514	8652
p-iga	g/l	A	7077	3704
p-iga	g/l	L	1916	611
p-iga	g/l	H	2136	1323
p-iga		A	711	341
p-iga		L	682	243
p-iga		N	18	11
p-iga+g+m		N	21	19
p-ige	u/ml	A	1260	963
p-ige	u/ml	H	699	509
p-ige	u/ml	N	436	413
p-ige		N	147	145
p-ige		H	50	50
p-ige		A	32	32
p-igg	g/l	A	17297	5598
p-igg	g/l	H	3424	1478
p-igg	g/l	N	13195	6671
p-igg	g/l	L	5747	1730
p-igg		L	25	17
p-igg		A	96	52
p-igm	g/l	A	7618	3155
p-igm	g/l	N	7286	5251
p-igm		A	801	353
p-igm	g/l	L	3589	1273
p-igm		L	312	117
p-igm	g/l	H	1879	599
p-il2r	u/ml	H	1064	498
p-il2r	u/ml	N	2467	961
p-il2r	u/ml	A	1469	766
p-il2r	u/ml	L	51	34
p-il2r		A	14	14
p-il2r		H	8	8
p-il6	ng/l	N	30	22
p-il6	ng/l	H	63	44
p-il6	ng/l	A	131	66
p-il6		N	26	22
p-il8	ng/l	N	22	19
p-il8	ng/l	A	9	8
p-il8		N	9	9
p-immunoglobuliinia		A	8	7
p-immunoglobuliinia	g/l	A	26	23
p-immunoglobuliinia	g/l	N	6	6
p-immunoglobuliinig	g/l	A	190	100
p-immunoglobuliinim	g/l	A	61	37
p-inr		A	1236	951
p-inr	inr	L	107324	15473
p-inr	inr	A	230477	34439
p-inr	inr	H	77261	8234
p-inr	inr	N	37372	1689
p-inr	ng	A	67	27
p-inr	inr	HH	958	736
p-inr		L	249	206
p-inr	form	N	226	25
p-inr		HH	185	161
p-inr		H	46	36
p-inr		N	126	66
p-inr	inr	AA	45	30
p-inr-poc		A	31	17
p-inr-pt	inruikk	A	37	18
p-inr-pt		A	45	16
p-inr-vt	inr	A	2567	1381
p-inr-vt	inr	N	2426	83
p-inrhoi		A	20	13
p-inrhoit		A	100	29
p-inrpika		A	1903	1637
p-inrviitasaari	inr	N	67	17
p-inrviitasaari	inr	L	20	8
p-insu	mu/l	N	68	27
p-insu		A	13	12
p-insu	mu/l	A	18	11
p-interleukiini-2:nreseptori,liukoinen	u/ml	A	18	15
p-interleukiini6	ng/l	N	10	10
p-ipro	mmol/l	A	22	9
p-jcvnh		N	317	94
p-jgluk	mmol/l	A	33	33
p-k	mmol/l	A	445104	100611
p-k	mmol/l	N	1951962	232868
p-k	mmol/l	L	107209	37693
p-k	mmol/l	H	99943	24675
p-k	mmol/l	LL	8017	4236
p-k		N	3255	2866
p-k		A	3956	1818
p-k	mmol/l	HH	4239	1806
p-k		H	44	42
p-k		L	33	31
p-k	mmol/l	AA	229	148
p-k		AA	18	15
p-k	mmol/mol	A	24	20
p-k-pa	mmol/l	L	11	9
p-k-pa	mmol/l	H	7	7
p-k-pt	mmol/l	A	44	33
p-k-ses	mmol/l	A	136	41
p-k-veka	mmol/l	A	3153	1564
p-k-veka		A	10	8
p-k-vieri	mmol/l	N	90	75
p-k-vieri	mmol/l	H	7	7
p-k-vt	mmol/l	A	428	305
p-k-vt	mmol/l	N	429	212
p-k-vt	1	N	36	24
p-k.	mmol/l	A	87	45
p-k:	mmol/l	A	85	58
p-kalium	mmol/l	A	6723	2560
p-kalium	mmol/l	N	25903	13526
p-kalium	mmol/l	L	678	476
p-kalium	mmol/l	H	1521	806
p-kalium	mmol/mol	N	63	56
p-kalium		N	284	250
p-kalium	mmol/l	LL	130	90
p-kalium		A	49	44
p-kalium	mmol/mol	A	25	21
p-kalium	mmol/l	HH	20	12
p-kalium,paikallisanalytiikka,kuivakemia	mmol/l	N	864	613
p-kalium,paikallisanalytiikka,kuivakemia	mmol/l	H	186	100
p-kalium,paikallisanalytiikka,kuivakemia	mmol/l	A	47	33
p-kalium,paikallisanalytiikka,kuivakemia	mmol/l	L	126	90
p-kalium,pikatutkimus(emmlisännyt)	mmol/l	N	53	41
p-kalium,vieritutkimus		N	21	20
p-kalium,vieritutkimus	mmol/l	N	144	92
p-kalium,vieritutkimus	mmol/l	A	31	25
p-kaliumpikahoitoyksiköt		A	39	33
p-kaliumpikahoitoyksiköt	mmol/l	H	7	7
p-kalsium	mmol/l	N	3575	3015
p-kalsium	mmol/l	H	332	254
p-kalsium	mmol/l	A	505	383
p-kalsium	mmol/l	L	46	42
p-kalsium		N	21	11
p-kalsium(p-ca)	mmol/l	N	73	72
p-kalsium,alb.korjattu	mmol/l	N	1193	1099
p-kalsium,alb.korjattu	mmol/l	L	118	105
p-kalsium,alb.korjattu	mmol/l	H	57	45
p-kalsium,albumiinikorjattu	mmol/l	A	1502	1139
p-kalsium,albumiinikorjattu	mmol/l	N	2819	2353
p-kalsium,albumiinikorjattu	mmol/l	H	1163	894
p-kalsium,albumiinikorjattu	mmol/l	L	15	14
p-kalsium,albumiinikorjattu		N	6	6
p-kalsium,ionisoitunut	mmol/l	A	6790	2668
p-kalsium,ionisoitunut	mmol/l	N	3252	1751
p-kalsium,ionisoitunut		N	24	21
p-kalsium,ionisoitunut	mmol/l	L	12	12
p-kalsium,ionisoitunut,ph7.4korjattu	mmol/l	A	13	12
p-kalsium,ionisoitunutpika,hoitoyksiköt		A	74	60
p-kalsium,ionisoitunutpika,hoitoyksiköt	mmol/l	L	7	6
p-kalsium,plasma(ko)	mmol/l	N	36	34
p-kalsium-ioni,aktuaali	mmol/l	N	23	22
p-kardabg	u/ml	N	1768	1519
p-kardabg		N	1321	1185
p-kardabg	gpl	A	110	71
p-kardabg	u/ml	A	257	145
p-kardabg		H	44	25
p-kardabg	u/ml	H	265	138
p-kardabg		A	62	35
p-kardabg	gpl	N	12	12
p-kardabm	mpl	A	151	114
p-kardabm		N	23	23
p-kardabm		A	13	10
p-kardabm	mpl	N	16	15
p-kardiolipiini,iggvasta-aineet		N	26	25
p-kardiolipiini,iggvasta-aineet	u/ml	N	72	63
p-kardiolipiini,iggvasta-aineet	u/ml	A	21	13
p-kardiolipiini,iggvasta-aineet,plasmasta		N	24	24
p-kardiolipiini,iggvasta-aineet,plasmasta	u/ml	N	50	48
p-karsinoembryonaalinenantigeeni(pi)		N	18	17
p-keto-o		N	164	138
p-keto-o		A	21	19
p-khoi		A	28	25
p-khoi	mmol/l	A	6	6
p-kloridi	mmol/l	N	85	67
p-kloridi	mmol/l	L	13	12
p-kloridi	mmol/l	A	6	6
p-kloridi,vierilaitteella	mmol/l	N	22	18
p-kloridipika,hoitoyksiköt	mmol/l	L	20	11
p-kloridipika,hoitoyksiköt	mmol/l	H	11	7
p-ko-hdl	mmol/l	N	215	198
p-ko-hdl	mmol/l	L	83	79
p-kol	mmol/l	N	113991	66114
p-kol	mmol/l	A	36807	23183
p-kol	mmol/l	H	38813	26004
p-kol		N	194	190
p-kol		A	6	6
p-kol-hdl	mmol/l	N	120696	69068
p-kol-hdl	mmol/l	A	22586	13294
p-kol-hdl	mmol/l	L	27176	16876
p-kol-hdl	mmol/l	H	152	93
p-kol-hdl		N	109	92
p-kol-hdl		A	18	18
p-kol-hdl		L	8	8
p-kol-hdl	mmol/l	I	6	6
p-kol-hdlviitasaar	mmol/l	N	91	89
p-kol-ldl	mmol/l	N	161320	77956
p-kol-ldl	mmol/l	A	42526	25538
p-kol-ldl	mmol/l	H	54426	33498
p-kol-ldl		N	66	59
p-kol-ldl		A	38	38
p-kolesteroli	mmol/l	A	1684	1442
p-kolesteroli	mmol/l	N	645	549
p-kolesteroli,highdensitylipoproteiinit	mmol/l	N	686	566
p-kolesteroli,highdensitylipoproteiinit	mmol/l	A	560	491
p-kolesteroli,lowdensitylipoproteiinit	mmol/l	A	1753	1471
p-kolesteroli,lowdensitylipoproteiinit	mmol/l	N	539	435
p-kolesteroli-hdl	mmol/l	N	75	65
p-kolesteroli-hdl	mmol/l	A	11	10
p-kolesteroli-ldl	mmol/l	N	97	80
p-kolesteroli-ldl	mmol/l	A	35	32
p-kolkvot		N	13	12
p-kolviitasaari	mmol/l	N	70	69
p-kolviitasaari	mmol/l	H	29	29
p-komplementtic1q,vasta-aineet		N	13	13
p-komplementtic1r,pitoisuus		N	15	14
p-komplementtic1s,pitoisuus		N	15	14
p-komplementtic2		N	15	14
p-komplementtic5		N	15	14
p-komplementtic6		N	15	14
p-komplementtic7		N	15	14
p-komplementtic8		N	15	14
p-komplementtic9		N	15	14
p-kopept	pmol/l	A	32	27
p-kopept	pmol/l	N	147	128
p-kopept		N	14	14
p-kopept	pmol/l	H	29	26
p-kopept		A	6	6
p-kor/dxm	nmol/l	N	9	9
p-koriongonadotropiini		N	645	391
p-koriongonadotropiini	u/l	H	94	49
p-koriongonadotropiini	u/l	N	45	34
p-koriongonadotropiini	u/l	A	87	53
p-koriongonadotropiini,ihmisen		N	140	125
p-koriongonadotropiini,ihmisen	u/l	A	119	72
p-koriongonadotropiini,ihmisen	u/l	H	37	12
p-koriongonadotropiini,ihmisen	u/l	N	18	16
p-koriongonadotropiini,totaali	iu/l	A	77	42
p-kors-9h	nmol/l	N	31	30
p-kors-9h		N	9	9
p-korsol	nmol/l	N	3644	2759
p-korsol	nmol/l	A	3805	2407
p-korsol	nmol/l	H	847	639
p-korsol	nmol/l	L	789	430
p-korsol		A	180	120
p-korsol		L	16	9
p-korsol		N	11	10
p-kortisoli	nmol/l	N	233	191
p-kortisoli	nmol/l	A	14	13
p-kortisoli(pi)	nmol/l	N	14	13
p-kp	mmol/l	N	299	104
p-kp	mmol/l	L	37	21
p-kp	mmol/l	H	10	7
p-kpika	mmol/l	A	20	19
p-krea	umol/l	N	1361095	214251
p-krea	umol/l	A	1623120	156425
p-krea	umol/l	H	651625	59413
p-krea	umol/l	L	251169	41586
p-krea		A	14646	3756
p-krea		N	2185	1630
p-krea	umol/l	HH	11879	1133
p-krea	umol	A	314	97
p-krea	ml/min/173m2	A	171	112
p-krea		AA	8	8
p-krea		H	58	53
p-krea		L	340	67
p-krea	ml/min/173m2	N	14	13
p-krea	umol/l	AA	35	17
p-krea(gfre)	umol/l	A	17	11
p-krea+gfr,p-krea	umol/l	N	3741	664
p-krea+gfr,p-krea	umol/l	H	1149	181
p-krea+gfr,p-krea	umol/l	L	145	28
p-krea+gfr,p-krea		H	8	6
p-krea+gfr,pt-gfre	ml/min/173m2	L	1699	366
p-krea+gfr,pt-gfre	ml/min/173m2	N	2464	547
p-krea+gfr,pt-gfre-md	ml/min/173m2	N	270	180
p-krea+gfr,pt-gfre-md		N	230	130
p-krea+gfr,pt-gfre-md	ml/min/173m2	L	169	64
p-krea+gfr,pt-gfre-md		L	8	7
p-krea+gfrviitasaar,p-krea	umol/l	N	192	143
p-krea+gfrviitasaar,p-krea	umol/l	H	66	35
p-krea+gfrviitasaar,pt-gfre	ml/min/173m2	N	178	132
p-krea+gfrviitasaar,pt-gfre	ml/min/173m2	L	96	58
p-krea,osatutki4600	umol/l	N	253	126
p-krea,osatutki4600	umol/l	A	250	51
p-krea,osatutkimus	umol/l	N	453	206
p-krea,osatutkimus	umol/l	A	265	81
p-krea,osatutkimus		N	8	8
p-krea-hoi	umol/l	A	7	7
p-krea-pa	umol/l	L	84	74
p-krea-pa	umol/l	H	95	59
p-krea-pt	umol/l	A	69	53
p-krea-vt	umol/l	A	543	324
p-krea-vt		N	166	87
p-krea-vt		A	257	96
p-krea-vt	umol/l	N	117	92
p-krea-vt	1	N	20	16
p-krea-vt	1	H	17	9
p-krea.	umol/l	A	525	204
p-kreahoi	umol/l	A	125	98
p-kreap	umol/l	N	193	89
p-kreap	umol/l	H	105	31
p-kreap	umol/l	L	46	21
p-kreapik	umol/l	A	91	77
p-kreatiini,vieritutkimus	umol/l	A	7	7
p-kreatiinikinaasi	u/l	A	722	483
p-kreatiinikinaasi	u/l	N	90	78
p-kreatiinikinaasi		A	10	9
p-kreatiinikinaasi,mb-alayksikkö,massa	ug/l	A	33	27
p-kreatiinikinaasi,plasmasta	u/l	N	33	25
p-kreatiniini	umol/l	A	29147	7324
p-kreatiniini	umol/l	H	7224	2714
p-kreatiniini	umol/l	N	30310	18236
p-kreatiniini	umol/l	L	1468	856
p-kreatiniini		N	8	8
p-kreatiniini,paikallisanalytiikka,kuivakemia	umol/l	L	188	147
p-kreatiniini,paikallisanalytiikka,kuivakemia	umol/l	N	599	440
p-kreatiniini,paikallisanalytiikka,kuivakemia	umol/l	H	194	121
p-kreatiniini,paikallisanalytiikka,kuivakemia	umol/l	A	184	97
p-kreatiniini,paikallisanalytiikka,kuivakemiap-kreatiniini,paikallisanalytiikka,kuivakemia	umol/l	L	140	103
p-kreatiniini,paikallisanalytiikka,kuivakemiap-kreatiniini,paikallisanalytiikka,kuivakemia	umol/l	H	227	78
p-kreatiniini,pikatutkimus(emmlisännyt)	umol/l	N	29	28
p-kreatiniini,pikatutkimus(emmlisännyt)	umol/l	H	17	11
p-kreatiniini,vieritutkimus		A	8	7
p-kreatiniini,vieritutkimus	umol/l	A	61	41
p-kreatiniini,vieritutkimus		N	13	12
p-kreatiniini,vieritutkimus	umol/l	N	94	66
p-kreatiniini,vieritutkimus	umol/l	H	11	6
p-kreatiniinipikahoitoyksiköt	umol/l	H	108	73
p-kreatiniinipikahoitoyksiköt	umol/l	L	49	40
p-kreatiniinitykslab	umol/l	N	861	785
p-kreatiniinitykslab	umol/l	A	72	67
p-kreatiniinitykslab(osat.)	umol/l	N	103	102
p-kreatiniinitykslab(osat.)	umol/l	A	8	8
p-kreatiniinitykslab(sis.gfreepi)	umol/l	N	453	436
p-kreatiniinitykslab(sis.gfreepi)	umol/l	A	23	23
p-kryog-o		N	24	24
p-kysc	mg/l	A	20887	4764
p-kysc	mg/l	N	5509	1988
p-kysc	mg/l	H	16912	4415
p-kysc		A	10	10
p-kysc		N	8	7
p-kystatiinic	mg/l	A	309	188
p-kystatiinic	mg/l	H	15	13
p-kystatiinic	mg/l	N	9	9
p-la1	s	N	9	9
p-la1		N	24	21
p-la1-mix		N	33	30
p-la1/la2		N	33	30
p-la2		N	31	28
p-la2-mix		N	32	29
p-laaptct		N	2754	2150
p-laaptct		A	30	25
p-laktaat	mmol/l	A	2166	1262
p-laktaat	mmol/l	H	1017	553
p-laktaat	mmol/l	L	120	74
p-laktaatti	mmol/l	A	1134	757
p-laktaatti	mmol/l	N	5846	2474
p-laktaatti	mmol/l	H	649	365
p-laktaatti	mmol/l	L	116	64
p-laktaatti		N	27	13
p-laktaattidehydrogenaasi	u/l	A	1121	368
p-laktaattipikahoitoyksiköt		A	37	30
p-lakthoi		A	36	34
p-lakthoi	mmol/l	A	6	6
p-lakveka	mmol/l	A	290	183
p-lam/m		N	32	29
p-larvvct		N	2750	2147
p-larvvct		A	40	36
p-ld	u/l	A	73869	19038
p-ld	u/l	N	38345	12882
p-ld	u/l	H	27374	7521
p-ld	u/l	L	255	142
p-ld		N	87	69
p-ld		A	708	326
p-ld		H	15	10
p-ldl-kolesteroli,lipidit,eipaasto	mmol/l	N	25	25
p-ldl-kolesteroli,lipidit,eipaasto	mmol/l	A	18	18
p-ldl-kolesteroli,suoramittaus	mmol/l	N	77	71
p-ldl-kolesteroli,suoramittaus	mmol/l	A	114	94
p-ldllaskennallinen	mmol/l	A	613	511
p-ldllaskennallinen	mmol/l	N	654	608
p-ldllaskennallinen		N	12	10
p-lh	u/l	A	688	523
p-lh	u/l	N	357	330
p-lh		A	299	236
p-lh		N	14	13
p-lh	u/l	H	54	52
p-lh		L	10	10
p-lh		H	8	8
p-lh	u/l	L	15	15
p-lh/fsh		N	44	43
p-lh:njafsh:nsuhde		N	35	32
p-lipidit		N	4855	3652
p-lipiditeipaast		N	13	13
p-lipoa1	g/l	A	32	28
p-lipoa1	g/l	N	12	12
p-lipoa1	g/l	L	9	9
p-lipob	g/l	A	21	20
p-lipob	g/l	H	11	11
p-lipob		N	18	17
p-lipob	g/l	N	9	9
p-lipoproteiini,apoa1	g/l	A	13	7
p-lipoproteiini,apob	g/l	A	19	11
p-lipoproteiini,apob/apoa1-suhde		A	8	8
p-luakptt	ratio	A	313	273
p-luakptt	ratio	H	23	20
p-luakptt		A	15	15
p-luakptt	ratio	N	28	28
p-luakrvv	ratio	A	232	204
p-luakrvv		A	10	8
p-luakrvv	ratio	H	18	16
p-luakrvv	ratio	N	20	20
p-luakrw		N	9	9
p-lupusak		N	145	131
p-lupusak		A	10	10
p-lupusak.		N	2638	2103
p-lupusak.		A	27	25
p-lupusantikoagulantti		N	42	37
p-lupusantikoagulantti,aptt,varm.		N	32	28
p-lupusantikoagulantti,drvvt,varm.		N	36	32
p-luteinisoivahormoni	u/l	H	9	7
p-luteinisoivahormoni	u/l	N	49	39
p-luteinisoivahormoni	u/l	A	15	15
p-lutenisoivahormoni	u/l	H	9	8
p-lutenisoivahormoni	u/l	N	11	11
p-magnesium	mmol/l	A	507	237
p-magnesium	mmol/l	N	185	168
p-magnesium	mmol/l	H	27	24
p-magnesium	mmol/l	L	37	24
p-magnesium(ko)	mmol/l	N	8	8
p-magnesium,plasmasta	mmol/l	N	11	10
p-mb/ck		A	166	150
p-metanef	nmol/l	N	6	6
p-metanefriini	nmol/l	N	10	8
p-mg	mmol/l	A	51926	16860
p-mg	mmol/l	N	46252	19654
p-mg	mmol/l	H	7777	4293
p-mg	mmol/l	L	18671	6111
p-mg	mmol/l	HH	28	23
p-mg	mmol/l	LL	207	120
p-mg		A	441	243
p-mg		N	23	20
p-mg		LL	28	19
p-mg		L	9	7
p-mitotan	mg/l	L	54	6
p-mitotan	mg/l	N	16	6
p-mitotan	mg/l	A	92	8
p-monab-o		A	15	15
p-monotest		N	20	20
p-myogl	ug/l	A	17462	7441
p-myogl	ug/l	H	7388	3148
p-myogl	ug/l	N	2709	2086
p-myogl		A	714	475
p-myogl		H	161	110
p-myogl		N	43	42
p-myogl		L	65	52
p-myogl	ug/l	L	62	54
p-myoglobiini	ug/l	A	357	212
p-mypa	mg/l	N	402	177
p-mypa		N	26	21
p-mypa	mg/l	A	12	7
p-na	mmol/l	A	1128989	169209
p-na	mmol/l	N	1544543	224834
p-na	mmol/l	L	569970	77316
p-na	mmol/l	H	81262	27294
p-na	mmol/l	LL	8375	1590
p-na		A	6985	2448
p-na		N	1311	1194
p-na	mmol/l	HH	490	217
p-na	mmol/l	AA	19	13
p-na		AA	12	12
p-na		L	65	57
p-na		H	12	11
p-na-pa	mmol/l	H	28	26
p-na-pa	mmol/l	L	27	24
p-na-pt	mmol/l	A	64	50
p-na-ses	mmol/l	A	155	61
p-na-veka	mmol/l	A	7176	3171
p-na-veka		A	34	31
p-na-vieri	mmol/l	N	60	56
p-na-vieri	mmol/l	L	36	30
p-na-vt	mmol/l	A	698	434
p-na-vt		N	261	112
p-na-vt		A	189	101
p-na-vt	mmol/l	N	119	79
p-na-vt	1	L	12	10
p-na-vt	1	N	26	19
p-na.	mmol/l	A	295	120
p-na:	mmol/l	A	266	119
p-nahoi	mmol/l	A	121	97
p-naka		L	6	6
p-nap	mmol/l	L	91	39
p-nap	mmol/l	N	224	94
p-nap	mmol/l	H	27	11
p-napika	mmol/l	A	95	76
p-natrium	mmol/l	A	17603	5173
p-natrium	mmol/l	L	4662	2097
p-natrium	mmol/l	N	23012	12793
p-natrium	mmol/l	H	508	365
p-natrium		N	25	24
p-natrium	mmol/l	LL	201	89
p-natrium,paikallisanalytiikka,kuivakemia	mmol/l	H	225	155
p-natrium,paikallisanalytiikka,kuivakemia	mmol/l	N	734	543
p-natrium,paikallisanalytiikka,kuivakemia	mmol/l	L	349	192
p-natrium,paikallisanalytiikka,kuivakemia	mmol/l	A	124	71
p-natrium,pikatutkimus(emmlisännyt)	mmol/l	N	51	39
p-natrium,vieritutkimus		N	17	16
p-natrium,vieritutkimus	mmol/l	N	108	78
p-natrium,vieritutkimus	mmol/l	A	66	40
p-natrium,vieritutkimus		A	8	8
p-natrium,vieritutkimus	mmol/l	L	14	7
p-natriumjakalium		N	14211	6063
p-natriumpika,hoitoyksiköt	mmol/l	L	98	73
p-natriumpika,hoitoyksiköt	mmol/l	H	36	28
p-natriureett.peptidin-termin.propept.vieritl	ng/l	H	107	70
p-natriureettinenpeptidi	ng/l	N	8	8
p-natriureettinenpeptidi	ng/l	H	11	9
p-natriureettinenpeptidi	ng/l	A	10	6
p-natriureettinenpeptidi,b-tyypin(32-)	ng/l	A	16	12
p-natriureettinenpeptidi,b-tyypin(32-)		N	7	7
p-natriureettinenpeptidi,b-tyypin(32-)	ng/l	N	21	20
p-natriureettinenpeptidi,b-tyypin(32-)(pi)	ng/l	N	14	14
p-natriureettinenpeptidi,b-tyypinn-termin.prop	ng/l	N	69	57
p-natriureettinenpeptidi,b-tyypinn-termin.prop	ng/l	A	11	9
p-natriureettinenpeptidi,b-tyypinn-termin.prop		N	10	9
p-natriureettinenpeptidi,b-tyypinn-termin.prop.	ng/l	A	14	6
p-natriureettinenpeptidi,b-tyypinn-terminaalin	ng/l	A	3194	1399
p-natriureettinenpeptidi,b-tyypinn-terminaalinenpropepti(ko)	ng/l	N	16	15
p-natriureettinenpeptidi,b-tyypinn-terminaalinenpropeptidi	ng/l	N	16	16
p-natriureettinenpeptidi,b-tyypinterminaalinenpropeptidi	ng/l	A	43	34
p-natriureettinenpeptidi,b-tyypinterminaalinenpropeptidi	ng/l	N	33	29
p-natriureettinenpeptidi,b-tyypinterminaalinenpropeptidi		N	13	13
p-natriureettinenpeptidi,b-tyypn-term.propeptidi	ng/l	A	887	556
p-nest-vt		N	453	195
p-neste-pika,p-k		N	198	106
p-neste-pika,p-k		L	35	23
p-neste-pika,p-k		H	9	9
p-neste-pika,p-krea		N	124	76
p-neste-pika,p-krea		H	96	57
p-neste-pika,p-krea		L	18	17
p-neste-pika,p-na		N	155	85
p-neste-pika,p-na		L	70	38
p-neste-pika,p-na		H	18	15
p-nestearvot,vieritutkimus		N	151	96
p-neurofilamentti,kevytketju	ng/l	N	6	6
p-nh4-ion	umol/l	A	581	124
p-nh4-ion		A	68	17
p-nkäs10		N	205	108
p-non-hdl		H	39	39
p-non-hdl	mmol/l	N	32	32
p-non-hdl		N	287	287
p-non-hdl	mmol/l	A	10	10
p-normet	nmol/l	A	10	7
p-ntprobnp	ng/l	A	1134	288
p-ntprobnp	ng/l	N	295	190
p-ntprobnp		A	119	36
p-ntprobnp		N	85	68
p-näytk10		N	60	22
p-ohbut	mmol/l	A	25	18
p-ohbutyr	mmol/l	N	37	33
p-ohbutyr	mmol/l	H	216	80
p-ohbutyr	mmol/l	A	533	203
p-ohbutyr		N	83	63
p-ohbutyr	mmol/l	HH	19	14
p-ohbutyr		A	11	10
p-omagluk,,potilasmittaringlukoosi		N	777	602
p-osmol	mosm/kgh2o	A	342	189
p-osmol		L	62	59
p-osmol	mosm/kgh2o	N	150	116
p-osmol	mosm/kgh2o	L	204	192
p-osmol	mosm/kgh2o	H	94	71
p-osmol		H	12	12
p-osmolaliteetti	mosm/kgh2o	A	27	25
p-pakk-si		N	29	25
p-pbmcbio		N	368	365
p-pbnp-lb	ng/l	A	1103	491
p-pbnp-lb		A	37	24
p-pbnp-o	ng/l	H	78	50
p-pbnp-o	ng/l	A	16	9
p-pbnp-o		H	12	11
p-pc	%	N	1647	1548
p-pc	%	A	1330	1236
p-pc	%	H	508	478
p-pc		A	173	168
p-pc	%	HH	11	11
p-pc		N	31	31
p-pc	%	L	160	142
p-pc		HH	15	15
p-pc		L	22	19
p-pc		H	7	7
p-pc-ag	%	A	6	6
p-pct	ug/l	A	15893	8359
p-pct	ug/l	H	4278	2524
p-pct	ng/ml	A	563	328
p-pct		H	65	57
p-pct	ug/l	N	118	108
p-pct		N	66	61
p-pct		A	60	54
p-pegtsh	mu/l	A	11	11
p-pepsin1		A	9	9
p-pepsin1/pepsin2-suhde		N	62	62
p-pg1/pg2		N	15	14
p-ph		N	1532	1290
p-ph		A	33	24
p-pi	mmol/l	A	39179	7484
p-pi	mmol/l	N	45753	11848
p-pi	mmol/l	L	9382	3787
p-pi	mmol/l	H	22370	4439
p-pi		A	1107	319
p-pi		L	22	19
p-pi		N	19	19
p-pi	mmol/l	HH	7	7
p-plab		N	30	27
p-plab		A	6	6
p-plasmanalbumiinikorjattukalsium	mmol/l	N	15	15
p-porf-o		N	36	34
p-poxvi		N	12	12
p-pp	pmol/l	A	13	9
p-pp	pmol/l	N	24	19
p-prbnp-vt	ng/l	A	19	15
p-prbnpvt	ng/l	A	83	68
p-prbnpvt		A	26	13
p-prealb	g/l	A	8637	4878
p-prealb	g/l	L	2734	1947
p-prealb		A	82	59
p-prealb	g/l	N	707	580
p-prealb	g/l	H	27	25
p-prealb	mg/l	A	29	22
p-prealb		L	25	21
p-prealb	g/l	LL	44	41
p-prealb	mg/l	L	34	31
p-prealbumiini	g/l	A	900	634
p-prealbumiini	g/l	N	7	7
p-prealbumiini		A	8	8
p-prl	mu/l	A	2879	1559
p-prl	mu/l	H	418	267
p-prl	mu/l	N	627	553
p-prl	mu/l	L	62	47
p-prl	nmol/l	N	14	11
p-prl	mu/l	HH	29	17
p-prl		A	48	22
p-pro-bnp	ng/l	N	283	173
p-pro-bnp	ng/l	A	432	124
p-pro-bnp		N	31	30
p-proaika	s	N	279	32
p-proaika	s	L	42	15
p-probnp	ng/l	A	149427	44497
p-probnp	ng/l	H	67138	24013
p-probnp	ng/l	N	31247	21674
p-probnp		N	4764	3899
p-probnp	ng/l	HH	10	9
p-probnp		A	628	353
p-probnp		H	56	39
p-probnp(	ng/l	H	14	13
p-probnp(	ng/l	N	8	7
p-probnp(k	ng/l	A	105	70
p-probnp(ksks)	ng/l	A	349	156
p-probnp(pi)	ng/l	N	13	12
p-probnp(pika)	ng/l	H	85	49
p-probnp(pika)	ng/l	N	18	14
p-probnp(pika)		N	7	6
p-probnp-o	ng/l	H	7	6
p-probnp-osoitus	ng/l	H	16	12
p-probnp-osoitus		H	12	9
p-probnpv	ng/l	A	13	9
p-probnpviitasaari	ng/l	H	7	6
p-probnpvt	ng/l	A	175	76
p-probnpvt		N	21	20
p-probnpvt	ng/l	N	21	16
p-prokalsitoniini	ug/l	A	1154	732
p-prokalsitoniini	ug/l	H	677	421
p-prokalsitoniini	ug/l	N	22	21
p-prokalsitoniini	ng/ml	H	16	10
p-prokalsitoniini	ng/ml	A	31	23
p-prokalsitoniini,kvantitatiivinen	ug/l	A	107	82
p-prolaktiini	mu/l	N	114	114
p-prolaktiini	mu/l	A	90	71
p-prolaktiini	mu/l	H	14	14
p-prop	%	A	6	6
p-properdiini	%	N	12	12
p-prostataspesifantigeeni,sms-viestillätulos	ug/l	A	33	14
p-prostataspesifinenantigeeni	ug/l	A	900	461
p-prostataspesifinenantigeeni	ug/l	N	781	631
p-prostataspesifinenantigeeni		N	14	12
p-prostataspesifinenantigeeni(pi)	ug/l	N	71	50
p-prostataspesifinenantigeeni,kokonais	ug/l	N	66	54
p-prostataspesifinenantigeeni,kokonais	ug/l	H	89	62
p-prostataspesifinenantigeeni,kokonais	ug/l	A	8	6
p-prostataspesifinenantigeeni,suh.sis.paketin		N	111	76
p-prostataspesifinenantigeeni,suh.sis.paketin	%	N	11	11
p-prostataspesifinenantigeeni,suh.sis.paketin	%	A	9	8
p-prostataspesifinenantigeeni,suhde		N	415	314
p-prostataspesifinenantigeeni,suhde	%	L	10	9
p-prostataspesifinenantigeeni,suhde	%	N	134	112
p-prostataspesifinenantigeeni,suhde	%	A	97	73
p-prostataspesifinenantigeeni,suhde,plasmasta	%	A	47	36
p-prostataspesifinenantigeeni,vapaa		N	286	219
p-prostataspesifinenantigeeni,vapaa	ug/l	N	118	90
p-prostataspesifinenantigeeni,vapaa,osuus		N	19	17
p-prostataspesifinenantigeeni,vapaa,osuus	%	A	33	25
p-prostataspesifinenantigeeni,vapaa:totaali-suhde		N	62	52
p-prostataspesifinenantigeeni,vapaa:totaali-suhde	%	N	19	15
p-prostataspesifinenantigeeni,vapaajakokonais	ug/l	N	12	12
p-prostataspesifinenantigeenivapaanjakok.psa:	%	L	62	44
p-prostataspesifinenantigeenivapaanjakok.psa:	%	A	7	6
p-prot	g/l	N	82	60
p-prot	g/l	A	139	64
p-protc		H	20	20
p-protc	%	A	31	31
p-protc		A	6	6
p-protc	%	H	23	23
p-proteiinic	%	N	7	7
p-proteiinic	%	A	26	26
p-proteiinis,antigeeni,vapaa	%	A	11	11
p-proteiinis,antigeeni,vapaa	%	N	10	10
p-proteiinis,vapaa,antigeeni	%	N	9	9
p-ps	%	A	468	453
p-ps		H	16	16
p-ps		L	30	30
p-ps		A	119	116
p-ps	%	N	20	20
p-ps	%	H	18	18
p-ps	%	L	8	8
p-ps-agv	%	N	1977	1843
p-ps-agv	%	H	156	151
p-ps-agv	form	N	7	6
p-ps-agv	%	A	374	339
p-ps-agv		N	35	34
p-ps-agv	%	L	145	134
p-ps-agv		A	43	41
p-ps-agv		L	21	19
p-psa	ug/l	A	57076	14580
p-psa	ug/l	N	86821	33933
p-psa	ug/l	H	24734	7391
p-psa		N	14915	3714
p-psa		A	66	55
p-psa	ug/l	HH	27	17
p-psa,leikattupotilas	ug/l	N	7	7
p-psa,sädehoidettupotilas		N	10	10
p-psa-i	%	A	25	14
p-psa-suh		N	14196	9173
p-psa-suh	%	L	2319	1308
p-psa-suh	%	A	10697	4150
p-psa-suh	%	N	13472	6924
p-psa-suh	%	H	1787	976
p-psa-suh	form	A	387	165
p-psa-suh	form	N	665	277
p-psa-suh		L	135	112
p-psa-suh		A	12	12
p-psa-suh	ug/l	H	11	7
p-psa-suhd	%	L	8	7
p-psa-t	ug/l	A	2084	467
p-psa-v	ug/l	N	25559	14553
p-psa-v		N	2830	1711
p-psa-v	form	N	7	7
p-psa-v	ug/l	A	16	10
p-psa-v/t	%	L	346	238
p-psa-v/t	%	N	82	76
p-psagen		N	44	43
p-psagen	ug/l	A	9	9
p-psamob	ug/l	A	57	21
p-psasäde	ug/l	A	27	24
p-pt	s	A	32	8
p-pthrp		N	81	79
p-pthrp	pmol/l	A	42	35
p-pthrp		A	8	7
p-pthrp	pmol/l	N	10	10
p-pthrp	pmol/l	H	10	9
p-punasoluvasta-aineet		N	5590	3797
p-punasoluvasta-aineet,seulonta(kval)		N	33	28
p-rasuraat	umol/l	A	129	45
p-rasuraat		A	95	42
p-rauta	umol/l	A	53	37
p-reniini,konsentraatio	mu/l	N	6	6
p-reniinm	mu/l	N	14	11
p-reniinm	mu/l	H	9	9
p-reninm	mu/l	L	193	168
p-reninm	mu/l	A	1194	888
p-reninm	mu/l	H	429	293
p-reninm		A	246	209
p-reninm	mu/l	N	1132	843
p-reninm		N	27	26
p-reumafa	iu/ml	A	28	26
p-reumafaktori	iu/ml	A	328	277
p-reumafaktori		N	2792	2467
p-reumafaktori	iu/ml	H	76	70
p-reumafaktori	u/ml	N	62	61
p-reumafaktori	iu/ml	N	736	687
p-reumafaktori	u/ml	A	20	20
p-reumafaktori(pi)		N	44	43
p-reumafaktori,määritys		N	996	880
p-reumafaktori,määritys	iu/ml	N	306	293
p-reumafaktori,määritys	iu/ml	A	203	171
p-reumafaktori,plasmasta	iu/ml	A	41	37
p-reumafaktori,rf	iu/ml	H	187	156
p-rf		N	8381	7784
p-rf	iu/ml	H	3041	2474
p-rf	iu/ml	A	4869	3923
p-rf	iu/ml	N	3013	2856
p-rf	u/ml	A	513	445
p-rf		A	43	40
p-rf	u/ml	N	42	41
p-rf		H	18	17
p-rvvt-l		N	33	30
p-sc5b-9	ng/ml	N	7	7
p-se	umol/l	N	232	173
p-se	umol/l	A	194	123
p-se	umol/l	H	166	117
p-shbg		A	243	156
p-shbg	nmol/l	A	160	104
p-shbg	nmol/l	N	17	8
p-sinkki	umol/l	N	9	9
p-sit3.1		N	23	11
p-sitr3.8		N	104	36
p-sldl	mmol/l	N	1876	662
p-sldl	mmol/l	H	967	464
p-sldl		H	37	35
p-sldl	mmol/l	A	68	37
p-sldlviitasaari	mmol/l	N	72	70
p-sldlviitasaari	mmol/l	H	28	28
p-sterol		N	40	23
p-sukupuolihormonejasitovaglobuliini	nmol/l	N	75	70
p-sukupuolihormonejasitovaglobuliini	nmol/l	A	49	38
p-supar	ug/l	H	28	26
p-supar		H	7	6
p-sytomegalovirus,nukleiinihappo(kvant)	iu/ml	A	29	8
p-t3-v	pmol/l	N	17665	7125
p-t3-v	pmol/l	A	6989	3479
p-t3-v	pmol/l	H	2638	1354
p-t3-v		L	63	54
p-t3-v	pmol/l	L	509	370
p-t3-v		A	196	157
p-t3-v		H	41	34
p-t3-vver	pmol/l	A	19	12
p-t4-v	pmol/l	A	54294	24249
p-t4-v	pmol/l	N	295384	117066
p-t4-v	pmol/l	H	9202	4934
p-t4-v	pmol/l	L	7639	4643
p-t4-v		A	699	487
p-t4-v	pmol/l	HH	247	146
p-t4-v		LL	88	73
p-t4-v		N	731	684
p-t4-v		L	106	92
p-t4-v	pmol/l	LL	26	24
p-t4-v	pmol/l	AA	9	7
p-t4-v		H	16	11
p-t4-vver	pmol/l	N	24	23
p-t4-vver	pmol/l	A	27	10
p-t4v	pmol/l	H	2840	1309
p-t4v	pmol/l	A	1937	1080
p-t4v	pmol/l	L	1526	826
p-t4v	pmol/l	N	630	468
p-t4v	pmol/l	LL	14	13
p-t4v		A	19	14
p-tati	ug/l	N	22	21
p-tau-217		A	135	135
p-tau-217	ng/l	H	71	70
p-tau-217	ng/l	N	44	44
p-tau-proteiini,217-fosforyloitu	ng/l	H	8	7
p-tau-proteiini,217-fosforyloitu	ng/l	N	8	8
p-tau-proteiini,217-fosforyloitu	ng/l	A	10	10
p-tffesat	%	A	216	147
p-tffesat	%	L	394	303
p-tffesat	%	H	41	33
p-tfr	mg/l	H	18560	10308
p-tfr	mg/l	A	41636	21519
p-tfr	mg/l	N	38279	25584
p-tfr		N	8845	6861
p-tfr	mg/l	L	746	633
p-tfr		H	25	22
p-tfr		A	30	29
p-tkfiddo		N	100	96
p-tkfiddo	mg/l	N	108	82
p-tkfiddo		A	62	53
p-tkfiddo	mg/l	A	64	55
p-tni	ng/l	N	65051	24870
p-tni	ng/l	A	38466	10951
p-tni		N	16288	9130
p-tni	ug/l	A	12734	3650
p-tni	ng/l	H	32882	8963
p-tni		A	2059	710
p-tni	ug/l	N	240	194
p-tni		H	7	6
p-tni-o		N	146	125
p-tni-o	ng/l	H	22	20
p-tni-vt		N	18	15
p-tni.	ug/l	A	12	9
p-tnih	ng/l	A	622	210
p-tnl	ug/l	N	158	96
p-tnl	ug/l	H	21	14
p-tnl	ng/l	A	34	20
p-tnt	ng/l	A	219230	52441
p-tnt	ng/l	N	18780	12026
p-tnt	ng/l	H	33851	11710
p-tnt		N	6241	4551
p-tnt	ug/l	A	56	42
p-tnt		A	152	128
p-tnt	ug/l	N	17	16
p-tnt(pi)		N	12	9
p-tnt,hoitoyksikkö		N	32	29
p-tnt-hy	ng/l	H	46	36
p-tnt-lb	ng/l	A	115	56
p-tnt-lb		A	69	43
p-tnt-o		N	1889	1468
p-tnt-o	ng/l	H	1001	603
p-tnt-o	ng/l	A	269	145
p-tnt-o		H	204	117
p-tnt-o	ng/l	N	44	42
p-tnt-o	form	N	29	12
p-tnt-o		A	11	10
p-tnt-pt	ng/l	A	59	43
p-tnt-vt	ng/l	A	832	389
p-tnt-vt		N	841	498
p-tnt-vt		A	25	17
p-tnt-vt	ng/l	N	24	16
p-tntp		N	51	36
p-tntp	ng/l	N	8	8
p-tntpika	ng/l	A	31	26
p-tntpika		N	173	136
p-tntpika		A	15	14
p-tpoab	u/ml	A	1204	1005
p-tpoab		A	348	301
p-tpoab		N	667	625
p-tpoab	u/ml	H	310	270
p-tpoab		H	18	17
p-tpoab	u/ml	N	165	155
p-tpoab	iu/ml	A	9	7
p-traa	%	N	17	16
p-tradp	%	N	15	13
p-traika	s	A	17	16
p-traispr		N	6	6
p-transferriininkyllästymisaste	%	N	69	60
p-transferriininkyllästymisaste	%	L	25	19
p-transferriininrautakyllästeisyys	%	N	61	56
p-transferriininrautakyllästeisyys	%	A	75	67
p-transferriininrautakyllästeisyys,fp-fe/tr,fp-fe/tran,fp-fe/trans	%	L	124	108
p-transferriininrautakyllästeisyys,fp-fe/tr,fp-fe/tran,fp-fe/trans	%	H	7	7
p-transferriininreseptori,liukoinen	mg/l	N	25	23
p-transferriininreseptori,liukoinen	mg/l	A	11	9
p-transferriinireseptori	mg/l	A	444	294
p-transferriinireseptori	mg/l	N	26	21
p-transferriinireseptori		N	24	21
p-transferriinireseptori,liukoinen	mg/l	A	428	329
p-transferriinireseptori,liukoinen(pi)	mg/l	N	10	8
p-transferriinisaturaatio	%	N	8	7
p-trigly	mmol/l	N	120622	70956
p-trigly	mmol/l	A	26157	15687
p-trigly	mmol/l	H	24317	15217
p-trigly		N	24	23
p-trigly	mmol/l	I	6	6
p-trigly		A	13	13
p-triglyseridit	mmol/l	N	657	553
p-triglyseridit	mmol/l	A	617	533
p-trijodityroniini,vapaa	pmol/l	N	295	212
p-trijodityroniini,vapaa	pmol/l	A	34	20
p-trijodityroniini,vapaa	pmol/l	H	7	6
p-trijodityroniini,vapaa(pi)	pmol/l	N	10	7
p-trijodityroniini,vapaa,plasmasta	pmol/l	A	56	26
p-trijodityroniini,vapaa,plasmasta	pmol/l	N	29	26
p-trkoll	%	N	16	15
p-trlta		N	19	16
p-trombai		A	746	295
p-trombai	s	A	4214	1981
p-trombai	s	N	10826	5675
p-trombai	s	L	289	225
p-trombai	s	H	3361	1545
p-trombai		N	249	129
p-trombai		H	655	246
p-trombai		L	20	17
p-trombiiniaika	s	A	25	19
p-trombiiniaika	s	N	12	12
p-trombiiniaika(huslab)	s	A	8	8
p-trombiiniaika(huslab)	s	N	33	33
p-tromboblastiiniaika	%	A	188	125
p-tromboositaipumuksenselvittely		N	11	11
p-tromboplastiiniaika	%	A	721	473
p-tromboplastiiniaika	%	N	67	63
p-tromboplastiiniaika	%	L	7	6
p-tromboplastiiniaika		N	230	40
p-tromboplastiiniaika		A	37	26
p-tromboplastiiniaika,-tulostus	%	L	9	6
p-tromboplastiiniaika,aktivoitu,partiaalinen	s	A	249	192
p-tromboplastiiniaika,aktivoitu,partiaalinen	s	N	29	28
p-tromboplastiiniaika,aktivoitu,partiaalinen(huslab)	s	N	7	7
p-tromboplastiiniaika,inr	inr	A	20	17
p-tromboplastiiniaika,inr		A	128	66
p-tromboplastiiniaika,inr	inr	N	19	10
p-tromboplastiiniaika,inr		N	18	9
p-tromboplastiiniaika,inr,tt	inr	L	2740	1130
p-tromboplastiiniaika,inr,tt	inr	H	597	156
p-tromboplastiiniaika,inr,tt	inr	HH	12	10
p-tromboplastiiniaika,inr-tulos	inr	A	3970	492
p-tromboplastiiniaika,inr-tulos	1	A	919	222
p-tromboplastiiniaika,inr-tulos	1	N	8127	666
p-tromboplastiiniaika,inr-tulos	1	H	807	319
p-tromboplastiiniaika,inr-tulos	1	L	1543	613
p-tromboplastiiniaika,inr-tulos		A	21	16
p-tromboplastiiniaika,inr-tulos	1	HH	20	17
p-tromboplastiiniaika,inr-tulos		L	8	8
p-tromboplastiiniaika,inr-tulostus	inr	A	13760	5131
p-tromboplastiiniaika,inr-tulostus	inr	N	6484	574
p-tromboplastiiniaika,inr-tulostus		A	50	46
p-tromboplastiiniaika,inr-tulostus	inr	H	124	41
p-tromboplastiiniaika,inr-tulostus	inr	L	171	62
p-tromboplastiiniaika,inr-tulostus		N	20	17
p-tromboplastiiniaika,inr-tulostus	1	A	16	6
p-tromboplastiiniaika,inr-tulostus,pikatutkimus	inruikkã¶	L	26	25
p-tromboplastiiniaika,inr-tulostus,pikatutkimus	inruikkã¶	N	11	6
p-tromboplastiiniaika,inr-tulostus,pikatutkimus	inruikk|	A	8	8
p-tromboplastiiniaika,inr-tulostus,vieritutkimus	inr	A	101	99
p-tromboplastiiniaika,inr-tulostus,vieritutkimus		N	22	15
p-tromboplastiiniaika,inr-tulostus,vieritutkimus		A	49	18
p-tromboplastiiniaika,inrtulostus		N	201	25
p-tromboplastiiniaika,normotest	%	A	19	16
p-tromboplastiiniaika,nycotest,pt,inr-tuloste	inr	A	33	6
p-tromboplastiiniaika,plasmasta	%	N	10	9
p-tromboplastiiniaika,thrombotest(huslab)	%	A	9	9
p-tromboplastiiniaika,thrombotest(huslab)	%	N	31	31
p-tromboplastiiniaika-pika,inrpika-tulos		A	299	288
p-tromboplastiiniaika-pika,inrpika-tulos		N	33	29
p-tromboplastiiniaika-pika,inrpika-tulostus		A	7	7
p-tromboplastiiniaika.	%	A	10	10
p-tromboplastiiniaikainr-tulos,vieritutkimus		A	21	21
p-trombot		N	1809	1662
p-trombot		A	12	12
p-troponiini	ng/l	A	37	30
p-troponiini	ng/l	N	14	14
p-troponiini-t	ng/l	A	12	10
p-troponiinii	ng/l	A	1907	702
p-troponiinii(pi)		N	8	7
p-troponiinii,herkkä	ng/l	A	88	48
p-troponiinii,plasmasta		N	25	23
p-troponiinit	ng/l	A	5349	2348
p-troponiinit		N	265	241
p-troponiinit		A	111	92
p-troponiinit	ng/l	N	569	483
p-troponiinit	ng/l	H	163	74
p-troponiinit(kval)	ng/l	A	32	22
p-troponiinit(kval)	ng/l	N	6	6
p-troponiinit(kval),pika		N	14	14
p-troponiinit,kvantitatiivinen	ng/l	A	724	266
p-troponiinit,kvantitatiivinen(ko)		N	6	6
p-troponiinit,pikatutkimus		N	138	115
p-troponiinit,pikatutkimus	ng/l	H	17	12
p-troponiinit,pikatutkimus	ng/l	N	6	6
p-troponiinit,pikatutkimus	ng/l	A	29	15
p-troponiinit,vieritesti	ng/l	H	42	27
p-troponiinit,vieritesti	ng/l	A	7	7
p-troponiinit,vieritutkimus	ng/l	A	22	15
p-troponiinit,vieritutkimus		N	106	92
p-troponiinit:nosoituskoe		N	426	358
p-troponiinit:nosoituskoe	ng/l	H	43	39
p-tropt		N	6	6
p-troptkon		A	206	130
p-troptkone		N	41	35
p-troptkone	ng/l	N	9	6
p-trristo	%	N	16	14
p-trtrap	%	N	13	12
p-tsh	mu/l	N	358995	149047
p-tsh	mu/l	A	188672	58770
p-tsh	mu/l	L	46622	17555
p-tsh		A	17604	5925
p-tsh	mu/l	H	53140	21597
p-tsh	miu/l	A	6390	2288
p-tsh	miu/l	N	19021	6415
p-tsh		L	6603	2470
p-tsh		N	908	836
p-tsh	mu/l	HH	68	39
p-tsh		H	6	6
p-tsheri	mu/l	A	46	36
p-tshver	mu/l	N	28	27
p-tshver		A	7	6
p-tt	%	N	164884	57092
p-tt	%	A	65054	23246
p-tt	%	H	11661	6695
p-tt	%	L	64346	19173
p-tt		H	600	435
p-tt		A	1191	880
p-tt		N	256	233
p-tt		L	149	128
p-tt	form	N	7	6
p-tt-	%	A	320	109
p-tt-		A	23	11
p-tt-in		N	26	17
p-tt-inr	inr	A	639052	103594
p-tt-inr		A	26005	10914
p-tt-inr	inr	N	175431	19220
p-tt-inr	inr	L	92698	28193
p-tt-inr	inr	H	93891	6678
p-tt-inr	inr	AA	29	22
p-tt-inr		H	161	113
p-tt-inr		N	1858	529
p-tt-inr	inr	HH	302	207
p-tt-inr		L	113	94
p-tt-inr		HH	133	102
p-tt-inr	1	A	8	7
p-tt-inrp		N	158	21
p-tt-inrqc	inr	A	759	155
p-tt-inrqc		A	176	63
p-tt-inrqc		H	70	16
p-tt-spa	%	A	120	104
p-tt-spa		A	28	28
p-tt-spa	%	N	12	12
p-tt-spr	%	A	115	108
p-tt-spr		A	21	21
p-tt.	%	N	1698	1577
p-tt.	%	L	315	291
p-tt.	%	A	700	624
p-tt.	%	H	284	274
p-tt.		H	38	38
p-tt.		N	21	20
p-tt.		A	56	55
p-tt.		L	27	26
p-ttinrspr	inr	N	6	6
p-ttr		L	6	6
p-ttspr	%	A	7	6
p-tyreoideaperoksidaasi,vasta-aineet	u/ml	A	37	34
p-tyreoideaperoksidaasi,vasta-aineet		N	12	12
p-tyreotropiini	mu/l	N	10158	7810
p-tyreotropiini	mu/l	A	3263	1832
p-tyreotropiini	mu/l	H	882	614
p-tyreotropiini	mu/l	L	391	299
p-tyreotropiini		A	556	287
p-tyreotropiini		L	63	43
p-tyreotropiini	miu/l	N	298	185
p-tyreotropiini	miu/l	A	30	18
p-tyreotropiini(ko)	mu/l	N	208	163
p-tyreotropiini(ko)	mu/l	A	28	19
p-tyreotropiini(pi)	mu/l	N	143	122
p-tyreotropiini(pi)	mu/l	A	27	19
p-tyreotropiini,plasmasta,erimenetelmällä	mu/l	A	12	10
p-tyroksiini,vapaa	pmol/l	N	13319	9493
p-tyroksiini,vapaa	pmol/l	A	977	679
p-tyroksiini,vapaa	pmol/l	H	235	199
p-tyroksiini,vapaa	pmol/l	L	133	104
p-tyroksiini,vapaa		A	17	15
p-tyroksiini,vapaa(ko)	pmol/l	N	211	153
p-tyroksiini,vapaa(pi)	pmol/l	N	112	87
p-uraat	umol/l	N	42279	24463
p-uraat	umol/l	A	53307	20867
p-uraat	umol/l	H	22476	10869
p-uraat	umol/l	L	3420	1928
p-uraat		N	98	93
p-uraat		L	126	53
p-uraat	mmol/l	N	1266	813
p-uraat		A	842	350
p-uraat	mmol/l	A	467	246
p-uraat	mmol/l	H	185	113
p-uraat	mmol/l	L	30	18
p-uraatlä	umol/l	A	44	9
p-uraatti	umol/l	A	1620	1163
p-uraatti	umol/l	N	867	702
p-uraatti	umol/l	H	232	138
p-uraatti	umol/l	L	22	21
p-uraatti,plasma(umol/l)	umol/l	A	40	27
p-uraatti,rasburikaasihoidonyhteydessä		A	25	14
p-uraatti,rasburikaasihoidonyhteydessä	umol/l	A	36	15
p-urarasb		L	180	61
p-urarasb	umol/l	L	131	53
p-urarasb	umol/l	N	47	28
p-urarasb		A	261	49
p-urarasb	umol/l	A	130	48
p-urat	umol/l	A	66	38
p-urat	umol/l	N	111	76
p-urea	mmol/l	A	69326	8487
p-urea	mmol/l	H	48284	7551
p-urea	mmol/l	N	20571	7876
p-urea	mmol/l	L	2130	1162
p-urea		N	237	192
p-urea		L	189	109
p-urea		A	84	75
p-urea	mmol/l	HH	22	12
p-urea,resirkulaatio	mmol/l	N	56	53
p-urea-dj		N	57	33
p-urea-dj	mmol/l	N	1932	325
p-urea-ed	mmol/l	A	168	12
p-urea-jd	mmol/l	A	37	10
p-varmtr	s	N	948	763
p-varmtr		N	65	63
p-varmtt	%	N	955	767
p-varmtt		N	58	58
p-veriryhm{vasta-aineet,seulonta		N	12	9
p-veriryhmävasta-aine,seulonta		A	125	15
p-veriryhmävasta-aineet,seulonta		N	491	290
p-viskos	mpas	N	90	79
p-viskos	mpas	H	66	29
p-viskos	mpas	A	100	52
p-viskos		A	17	10
p-viskositeetti	mpas	A	29	6
p-vonwillebrand-tekijä,aktiivisuus(t)	%	A	35	14
p-vonwillebrand-tekijä,aktiivisuus(t)	%	N	86	26
p-vprobnp	ng/l	A	96	34
p-vrab-0		N	847	435
p-vrab-0		A	8	6
p-vrab-o		A	3986	1620
p-vrab-o		N	3484	2216
p-vuotot		N	328	305
p-vwf-ag	%	N	775	497
p-vwf-ag	%	A	707	376
p-vwf-ag	%	H	514	338
p-vwf-ag		N	12	11
p-vwf-ag		A	39	27
p-vwf-ag	%	L	143	43
p-vwf-ag		H	7	7
p-vwf-akt	%	A	764	430
p-vwf-akt	%	N	920	569
p-vwf-akt	%	H	380	269
p-vwf-akt		A	83	49
p-vwf-akt		L	16	6
p-vwf-akt	%	L	192	59
p-vwf-akt		H	59	47
p-vwf-akt		N	18	16
p-vwf-aktt	%	A	66	48
p-vwf-aktt		A	13	9
p-vwf-ty		N	32	28
p-vwf2n		N	12	12
p-vwfcb	%	A	36	24
p-vwfcb	%	N	13	12
p-vwfcb	%	L	10	7
p-vwfpaiv	%	A	50	10
p-vzvnho		N	17	16
p-vzvnho		A	8	6
p-zn	umol/l	N	986	734
p-zn	umol/l	A	620	464
p-zn	umol/l	H	60	43
p-zn	umol/l	L	120	93
p-zn		N	18	16
p-zn		A	46	25
p.-trombai	s	H	175	170
p.-trombai	s	N	1893	1735
p.-trombai	s	A	472	465
p.-trombai	s	L	136	135
p.-trombai		A	30	29
p.-trombai		H	19	19
p.-trombai		L	27	27
p.-trombai		N	16	15
paastoplasmankalsium-ioni,aktuaali	mmol/l	N	10	9
paastoseeruminkalsium-ioni.	mmol/l	N	382	293
paastoseeruminkalsium-ioni.	mmol/l	H	80	60
paastoseeruminkalsium-ioni.	mmol/l	L	111	65
paastoseeruminkalsium-ioni.aktuaali	mmol/l	N	8	8
paastoseeruminph		N	8	8
pad		N	390	257
padkolo		N	8	8
pakettib-hba1c	mmol/mol	N	33	33
pakettib-hba1c		N	8	8
pakettib-la	mm/h	N	13	13
pakettib-la		N	16	16
pakettib-perusverenkuvajatrombosyytit,paketti	form	N	35	34
pakettifs-kreatiniini	umol/l	N	18	18
pakettifs-lipidit		N	15	15
pakettifs-lipidit	form	N	21	21
pakettis-alaniiniaminotransferaasi	u/l	N	35	34
pakettis-b12-vitamiini	pmol/l	N	31	30
pakettis-b12-vitamiini	pmol/l	A	9	9
pakettis-ca-albk	mmol/l	N	13	13
pakettis-d-25	nmol/l	N	30	30
pakettis-d-25		N	6	6
pakettis-ferritiini	ug/l	N	15	14
pakettis-glutamyylitransferaasi	u/l	A	8	8
pakettis-glutamyylitransferaasi	u/l	N	29	28
pakettis-k	mmol/l	N	33	33
pakettis-k		N	8	8
pakettis-na	mmol/l	N	32	32
pakettis-na		N	9	9
pakettis-psa	ug/l	N	11	10
pakettis-testosteroni	nmol/l	N	11	10
pakettis-tsh	mu/l	N	27	27
pakettis-tsh		N	6	6
pakettis-tyroksiini,vapaa	pmol/l	N	35	35
paksuneulabiopsianhistologinentutkimus		A	81	80
palmitiinihappo	%	N	315	255
palmitoleiinihappo	%	N	315	255
papa		N	1120	607
papillomaviruksenosoittaminennukleiinihappote		N	23	23
papilloomavirus(hpv),suurenriskin,mrna-osoitus␤		A	183	125
papilloomavirus(hpv),tyypitys		A	23	23
papilloomavirus,nukleiinihappo(kval)		N	23	23
papilloomavirus,nukleiinihappo(kval)		A	11	10
papilloomavirus,nukleiinihappo,(kval)		A	30	20
papilloomavirus,seulonta		A	34	31
papiloomavirusseulonta		A	195	195
pappakmom	ratio	N	4343	3835
parainfluenssa,tyypit1-3,va:t(cf)/virus,laaja	titre	N	6	6
parasiitit,ulosteesta(alkueläintenkystat,madot,madonmunat,toukat)		A	8	6
parasiitituloste		N	8	8
parathormoni	pmol/l	N	6	6
parathormoni,plasmasta,paastotilassa	ng/l	A	1163	411
parathormoni,plasmasta,paastotilassa	ng/l	H	90	51
parechovirus,nukleiinihappo(kval),likvori		N	12	11
patologiankonsultaatio		A	10	10
patologiankonsultaatio,ulkopuolinen		A	17	16
patologiankonsultaatiopyyntö,valmisnäyte		A	7	6
patologianlisälausunto		N	19	19
patologisetlieriöt		N	97	80
paxgene		N	39	25
pcna-vasta-aineet		N	6	6
pd-baktvi		N	119	53
pd-baktvi		A	73	38
pd-diffi		N	13	9
pd-eryt	e6/l	N	13	9
pd-gluk	mmol/l	N	98	20
pd-krea	umol/l	N	96	19
pd-leuk	e6/l	A	258	13
pd-leuk	e6/l	N	579	79
pd-leuk.	e6/l	N	13	9
pd-prot	g/l	A	197	30
pd-solut		N	14	10
pd-urea	mmol/l	N	96	19
peak		L	31	31
pef		N	601	455
pef	ml	N	10	10
pef-mittaus		N	18	18
pef-pa		N	208	187
pef-pa		IND	7	7
pekaanipähkinä(f201),igevas		N	11	11
pemfigoidi,bp180-antigeeni,vasta-aineet,seerumista␤	u/ml	A	13	6
penicilliumspeciesige	u/ml	N	15	15
pepsin1/pepsin2suhde(osatutk)		N	7	7
perinnöllinenrinta-jaovariosyöpäalttius,perusgeenipaneelings-menetelmällä		N	22	22
peritoneaalinesteenirtosolututkimus		A	8	8
persikka	u/ml	A	7	6
perusterveyspakettialat	u/l	N	259	218
perusterveyspakettigluk	mmol/l	N	258	217
perusterveyspakettigt	u/l	N	258	218
perusterveyspakettihdl-kol	mmol/l	N	259	218
perusterveyspakettikol	mmol/l	N	259	218
perusterveyspakettikrea	umol/l	N	258	217
perusterveyspakettilowdensitylipoprot	mmol/l	N	256	216
perusterveyspakettitrigly	mmol/l	N	260	218
perustutkimus,esitiedot		N	957	717
perustutkimus,esitiedot(360u-tutkesi)		N	266	202
perustutkimus,esitiedot(u-tutkesi)		N	655	486
perusverenkuva+trombosyy		N	61	40
perusverenkuvajatrombosyytit		N	5098	3062
perusverenkuvajatrombosyytit(2474b-pvk)		N	702	575
perusverenkuvajatrombosyytit(b-pvk)		N	2619	1613
perusverenkuvajatrombosyytit(pvk)		N	2213	1533
perusverenkuvajatrombosyytit(pvk)	paketti	N	7	7
perusverenkuvatth		N	63	61
pf-/p-ld		A	20	18
pf-/s-prot		A	21	18
pf-ace		N	28	28
pf-ace	u/l	N	41	39
pf-ada	u/l	N	782	674
pf-ada		N	11	11
pf-ada/s-ada		A	34	30
pf-ada/s-ada		N	88	81
pf-bakteeri,värjäys		N	20	20
pf-c3	g/l	N	6	6
pf-cea	ug/l	N	42	40
pf-cea		N	43	42
pf-chylus		N	39	30
pf-diffi		N	1706	1197
pf-eryt	e6/l	N	2056	1444
pf-eryt	e6/l	A	121	88
pf-eryt		N	44	39
pf-gluk	mmol/l	N	1401	1142
pf-gluk	mmol/l	A	438	364
pf-gluk		A	13	13
pf-gluk	mmol/l	H	56	51
pf-gluk		N	46	42
pf-gran	%	A	69	59
pf-happamuusaste		A	81	66
pf-happamuusaste		L	24	20
pf-happamuusaste		N	23	21
pf-kol	mmol/l	H	21	20
pf-l/liusk	%	A	39	33
pf-l/yksit	%	A	39	33
pf-laktaat	mmol/l	A	332	276
pf-laktaat	mmol/l	N	23	23
pf-laktaat	mmol/l	H	33	32
pf-laktaat		A	28	27
pf-laktaatti	mmol/l	A	63	53
pf-laktaatti	mmol/l	N	59	52
pf-laktaatti,päivystystutkimus	mmol/l	N	11	7
pf-laktaatti,päivystystutkimus	mmol/l	H	15	14
pf-laktaatti,päivystystutkimus	mmol/l	A	24	21
pf-laktteh	mmol/l	A	18	15
pf-ld	u/l	N	880	718
pf-ld		N	20	19
pf-ld	u/l	A	21	18
pf-leuk	e6/l	A	899	734
pf-leuk	e6/l	N	1860	1314
pf-leuk	e9/l	H	11	11
pf-leuk	e6/l	H	70	64
pf-leuk	e6/l	HH	11	11
pf-leuk		N	15	15
pf-leuk		A	13	12
pf-leuk	e6/l	L	18	15
pf-leukosyytit,liuskatumaiset	%	A	26	22
pf-leukosyytit,liuskatumaiset		A	6	6
pf-leukosyytit,liuskatumaiset	%	H	20	16
pf-leukosyytit,yksitumaiset	%	A	26	22
pf-leukosyytit,yksitumaiset		A	6	6
pf-leukosyytit,yksitumaiset	%	L	20	16
pf-liuskat	%	A	28	25
pf-lzm	mg/l	N	30	30
pf-mononukleaarisetvalkosolut	%	N	54	47
pf-neut	%	A	30	24
pf-ph		N	349	316
pf-ph		A	171	143
pf-ph		L	46	42
pf-ph		LL	6	6
pf-pleuranesteenirtosolututkimus		A	17	16
pf-polymorfonukleaarisetvalkosolut	%	N	54	47
pf-prot	g/l	A	1873	1385
pf-prot	g/l	N	1440	1046
pf-prot		N	307	266
pf-prot	g/l	H	99	85
pf-prot		A	15	13
pf-proteiini	g/l	A	11	9
pf-rf	iu/ml	A	18	14
pf-sameus		A	105	79
pf-sameus,pleuranesteestä		A	7	6
pf-solut		N	1737	1218
pf-syto		N	918	677
pf-syto		AA	820	641
pf-syto		A	33	29
pf-trigly	mmol/l	A	14	10
pf-trigly	mmol/l	N	6	6
pf-unäkö-o		N	1675	1164
pglukoosi,0-näyte	mmol/l	A	10	8
pglukoosi,0-näyte	mmol/l	N	7	7
ph		N	2669	1919
ph		A	1315	648
ph(akt)	ph	N	701	546
ph,ca-ionosatutkimus	1	N	31	25
ph,ca-ionosatutkimus		N	22	20
ph,seerumista		N	200	155
ph,seerumista,osatutk		A	249	141
phadiatop		A	360	347
phadiatop	u/ml	A	364	355
phadiatop		N	7	7
phaptoglobiini	g/l	N	15	14
pienetepiteelisolut		N	331	280
pienetepiteelisolut	e6/l	N	246	228
pienetepiteelisolut	e6/l	H	9	9
pienikudoskoepala,enintään1-3samankokonaisuudennäytettä		A	20	19
pika-crp	mg/l	H	1038	396
pika-crp		N	609	310
pika-crp	mg/l	N	377	228
pika-crp	mg/l	A	128	89
pika-crp		H	15	13
pika-crp(pikatesti)	mg/l	N	7	6
pika-crp-o	mg/l	H	857	383
pika-crp-o	mg/l	N	239	173
pika-crp-o		N	557	357
pika-crp-o		A	23	19
pika-crp-o		H	21	18
pika-ghb-a	mmol/mol	H	18	12
pika-ghb-a	mmol/mol	N	6	6
pika-ghb-a,pika-ghb-a1c	%	H	170	50
pika-ghb-a,pika-ghb-a1c	%	N	46	22
pika-ghb-a,pika-hba1c	mmol/mol	H	171	51
pika-ghb-a,pika-hba1c	mmol/mol	N	44	22
pika-ghb-a1c,pika-ghb-a1c	%	H	268	63
pika-ghb-a1c,pika-ghb-a1c	%	N	41	30
pika-ghb-a1c,pika-hba1c	mmol/mol	H	264	64
pika-ghb-a1c,pika-hba1c	mmol/mol	N	39	28
pika-gluk	mmol/l	N	26	12
pika-hb		A	20	12
pika-hba1c	mmol/mol	N	7	7
pika-hba1c	mmol/mol	H	30	18
pika-inr		N	196	19
pika-inr		L	23	8
pika-inr		H	16	8
pikacovid-19-koronavirustauti,nukleiinihappo(kval),(-ncovnho)		N	10	6
pikacrp	mg/l	N	480	184
pikacrp	mg/l	A	94	57
pikacrp		N	28	26
pikainr		L	20	7
pikatesti,c-reaktiivinenproteiini	mg/l	A	221	145
pikornavirus,nukleiinihappo(kval)		A	9	8
pin1nho		A	13	12
pin3nho		A	69	37
pintamärkä,iho		A	11	11
pistaasi(f203),igevasta-ain		N	9	9
pl-12-ab(ib)		N	26	26
pl-7-ab(ib)		N	26	26
pl-pad		N	258	255
plasmanalbumiini	g/l	A	6	6
plasmanalbumiini	g/l	N	6	6
plasmanbilirubiini	umol/l	N	50	40
plasmanc-reaktiivinenproteiiniosoitus	mg/l	H	2180	1311
plasmanc-reaktiivinenproteiiniosoitus		N	1842	1482
plasmanc-reaktiivinenproteiiniosoitus	mg/l	N	592	527
plasmanc-reaktiivinenproteiiniosoitus	mg/l	A	251	188
plasmanc-reaktiivinenproteiiniosoitus		H	64	56
plasmanc-reaktiivinenproteiiniosoitus		A	6	6
plasmanglukoosi(k)	mmol/l	N	34	33
plasmanglukoosi(k)	mmol/l	H	19	19
plasmangt(k)	u/l	H	54	34
plasmangt(k)	u/l	N	19	17
plasmaninr(k)		L	117	48
plasmaninr(k)		N	123	25
plasmaninr(k)		H	57	16
plasmankalium(k)	mmol/l	N	2178	626
plasmankalium(k)	mmol/l	L	146	89
plasmankalium(k)	mmol/l	H	60	38
plasmankalium(k)	mmol/l	LL	17	11
plasmankreatiinikinaasi	u/l	N	14	13
plasmankreatiinikinaasi	u/l	L	9	8
plasmankreatiniini(k)	umol/l	L	418	143
plasmankreatiniini(k)	umol/l	N	1251	442
plasmankreatiniini(k)	umol/l	H	735	187
plasmanmagnesium	mmol/l	N	16	15
plasmannatrium(k)	mmol/l	N	1528	523
plasmannatrium(k)	mmol/l	L	823	256
plasmannatrium(k)	mmol/l	H	65	32
plasmanprostataspesifinenantigeeni(k)	ug/l	N	20	18
plasmanrauta	umol/l	A	56	41
plasmanrauta	umol/l	N	25	17
plasmanrauta	umol/l	L	41	33
plasmantransferriinisaturaatio	%	N	22	22
plasmantransferriinisaturaatio	%	L	31	30
plasmantromboplastiiniaika	%	L	31	15
plasmantromboplastiiniaika	%	N	15	14
plasmanuraatti(k)	umol/l	N	20	18
plasmanuraatti(k)	umol/l	H	8	7
plasmaproteiinia,raskauteenliittyvä	mu/l	N	61	61
plasmasta,bilirubiini(vastasyntyneistä)	umol/l	N	22	18
plesiomonasshigelloides		N	432	348
plesnho		N	233	213
plesnho		A	6	6
pleuranesteenirtosolututkimus		A	9	9
plt	e9/l	A	412	113
pm-scl100		A	11	8
pm-scl100		N	53	51
pm-scl75		A	13	8
pm-scl75		N	52	50
polymyosiitti/sklerodermavasta-aineet		N	6	6
potilasmittaringlukoosi,ihopisto	mmol/l	N	443	358
potilasmittaringlukoosi,ihopisto		N	309	288
potilasmittaringlukoosi,sensori		N	276	259
potilasmittaringlukoosi,sensori	mmol/l	N	75	60
povnh		A	224	34
pp-bakteeri,nukleiinihappo(kvant),ientasku		A	28	28
pp-baktnh		A	100	93
pp-baktnh		N	76	62
pperusverenkuvajatrombosyytit		N	21	19
prealb	g/l	N	976	888
prealb	g/l	L	90	88
prealb		N	24	23
prealb	g/l	A	84	83
prealb	g/l	H	10	10
prealbumiini	g/l	N	56	50
prealbumiini	g/l	L	26	23
prealbumiini,plasma	g/l	A	47	37
prealbumiini,plasma	g/l	L	22	15
prealbumiini,seerumista	g/l	A	13	12
prealbumiini,seerumista	g/l	L	14	13
prealbumiini,seerumista␤	g/l	A	74	58
probnp	ng/l	H	20	6
projektiinliittyvänäytteenkäsittelykunnäyteotetaantykslabinputkiin		N	15	12
prolaktiini	mu/l	N	32	32
prolaktiini	mu/l	A	39	26
prolaktiini,plasmasta	mu/l	A	29	18
prolaktiini,seerumi	mu/l	A	48	35
prolaktiini,seerumi	mu/l	L	6	6
prolaktiini,seerumi	mu/l	H	39	31
prom	%	A	293	150
prom	%	N	51	30
promyelosyytit	%	H	146	78
promyelosyytit	%	N	789	409
promyelosyytit		N	295	238
promyelosyytit	%	A	32	24
promyelosyytit,osuusleukosyyteistä	%	H	53	22
prostatabiopsianhistologinentutkimus		A	86	79
prostataspes.antigeeni,suhde(p-psa-suh)		N	19	14
prostataspesif.antig,vap.tot.suh.	%	N	20	16
prostataspesif.antig,vap.tot.suh.		N	13	12
prostataspesif.antig,vap.tot.suh.	%	A	35	19
prostataspesifinenantigeeni	ug/l	N	2685	2371
prostataspesifinenantigeeni	ug/l	H	211	165
prostataspesifinenantigeeni		N	151	128
prostataspesifinenantigeeni	ug/l	A	72	52
prostataspesifinenantigeeni,kokonais	ug/l	N	149	110
prostataspesifinenantigeeni,kokonais	ug/l	A	28	15
prostataspesifinenantigeeni,seerumista,osatutkimus		N	15	12
prostataspesifinenantigeeni,totaali	ug/l	N	100	65
prostataspesifinenantigeeni,totaali	ug/l	A	9	8
prostataspesifinenantigeeni,vapaa		N	31	31
prostataspesifinenantigeeni,vapaa	ug/l	N	281	230
prostataspesifinenantigeeni,vapaa	%	N	18	7
prostataspesifinenantigeeni,vapaa(4900p-psa-v)	ug/l	N	95	55
prostataspesifinenantigeeni,vapaa(p-psa-v)	ug/l	N	113	65
prostataspesifinenantigeeni,vapaa(psa-v)	ug/l	N	83	54
prostataspesifinenantigeeni,vapaa,osuus		N	22	17
prostataspesifinenantigeeni,vapaa,osuus,seerumista		N	140	91
prostataspesifinenantigeeni,vapaa/kokonais-suhde	%	N	22	14
prostataspesifinenantigeeni,vapaa/kokonais-suhde	%	A	9	6
prostataspesifinenantigeeni,vapaa/kokonais-suhde,osatutk.4637eikiinnit.	%	L	37	22
prostataspesifinenantigeeni,vapaa/kokonais-suhdeeikiinnit	%	N	10	10
prostataspesifinenantigeeni,vapaa/totaali	%	N	46	40
proteiini	g	A	57	42
proteiini	g/l	N	10	10
proteiini		N	58	39
proteiini	g	N	10	9
proteiini(kval)		N	67	62
proteiini,(kval),virtsasta,osatutk.		A	85	69
proteiini,fraktiot(el.forees)		N	9	8
proteiini,selkäydinnesteestä␤	g/l	A	43	39
proteiini,ty,seerumista	g/l	A	237	88
proteiini,ty,vuorokausivirtsasta		A	20	16
proteiini,ty,vuorokausivirtsasta	g	A	20	10
proteiini,vrk-virtsa	g	H	14	13
proteiini,vrk-virtsa	g	A	23	17
proteiinic,plasma	%	A	26	26
proteiinic,plasmasta	%	N	7	7
proteiinic,plasmasta␤	%	A	9	9
proteiinis,antigeeni,vapaa	%	A	7	7
proteinaasi3,vasta-aineet		N	15	15
protrombiini,plasma	%	A	8	8
provtagn		N	26	25
provtagnin		N	462	211
ps-bakteeri,viljely		A	38	38
ps-bakteeri,viljely		N	15	15
ps-baktvi		N	401	381
ps-baktvi		A	183	173
ps-infaag		N	1067	929
ps-infaag		A	255	255
ps-infbag		N	1080	937
ps-infbag		A	115	115
ps-probnp	ng/l	H	9	7
ps-rsvag		N	13	11
ps-str-vi		A	84	67
ps-stra-ag		A	36	31
ps-straag		N	5043	4076
ps-straag		A	1475	1319
ps-straag		NEG	22	22
ps-straag		POS	7	7
ps-straag	form	N	11	9
ps-straagp		N	28	21
ps-straagpika		N	32	17
ps-stragho		A	120	115
ps-stranho		A	50	45
ps-stranho		N	27	27
ps-straohy		A	125	110
ps-straolb		A	91	84
ps-strep-a		N	23	22
ps-streptococcus,(hemolyytt.streptokokki)		N	35	34
ps-streptococcus,jatkoviljely(seulottunäyte)		A	17	17
ps-streptococcus,viljely(-hemol.streptok.)		N	30	26
ps-streptococcus,viljely(hemolyytt.streptokokit)		N	199	180
ps-streptococcus,viljely(hemolyytt.streptokokit)		A	16	16
ps-streptococcus,viljely(hemolyyttisetstreptok)		N	16	16
ps-streptococcus,viljely(hemolyyttisetstreptokokit)		N	320	237
ps-streptococcus,viljely(hemolyyttisetstreptokokit)(pi)		N	12	12
ps-streptococcuspyogenes(a),antigeeni		A	86	77
ps-streptococcuspyogenes(a),antigeeni		N	81	72
ps-streptococcuspyogenes(a),antigeeni,pika		N	28	27
ps-streptococcuspyogenes(a),nukleiinihappo(kval)		N	8	8
ps-streptococcuspyogenes(a),nukleiinihappo(kval)		A	25	24
ps-streptococcuspyogenis(a)antig,vierithoitoy		A	20	20
ps-streptokokki,jatkoviljely		A	18	17
ps-streptokokki,jatkoviljely		N	13	13
ps-streptokokki,jatkoviljely(seulottunäyte)		A	98	83
ps-streptokokki,viljely		N	50	43
ps-streptokokki,viljely,nielu		A	36	35
ps-streptokokkia,antigeeni,hoitoyksiköt		A	72	64
ps-streptokokkipikatesti		N	45	41
ps-strjvi		A	3286	2659
ps-strjvi		N	80	75
ps-strnho		N	136	123
ps-strnho		A	179	152
ps-strtunn		A	38	34
ps-strvi		N	26145	18916
ps-strvi		A	3088	2584
ps-strvi	form	N	30	28
psa-v/psa		L	9190	6304
psa-v/psa	%	L	829	562
psa-v/psa		A	95	42
psa-v/psa	%	N	229	136
psa-v/psa		N	6	6
psa-v/psa-suhde	%	N	1008	809
psa-v/psa-suhde	%	L	222	173
psa-v/psaeikäytössä	%	N	36	25
psa-vapaa/totaali-suhde,plasmasta	%	A	409	168
psatotaali+vapaa	ug/l	H	10	10
psatotaali+vapaa	ug/l	N	15	15
psavapaanjatotaalinsuhde	%	N	36	33
psavapaanjatotaalinsuhde		N	83	73
psavapaanjatotaalinsuhde	%	A	25	11
pt-acth-r1		N	14	14
pt-ada-i		A	29	25
pt-ada-ind		A	226	183
pt-aika-tilavuusspirometriajabronkodilaatiokoe		N	20	13
pt-apri		A	187	161
pt-apri		H	168	146
pt-apri		N	137	117
pt-arg-r		A	10	8
pt-asat/trombosyytit-indeksi		A	8	8
pt-asat/trombosyytit-indeksi		H	13	8
pt-audio		N	60	53
pt-biomam		N	210	193
pt-bmi	kg/m2	H	237	230
pt-brdil		N	186	126
pt-dcosb-x		N	9	9
pt-diagnostinengynekologinenirtosolunäyte,josta		A	41	33
pt-dxm-r1		N	132	127
pt-dxm-r1	nmol/l	N	43	43
pt-eeg-3		N	122	109
pt-eeg-tav		N	13	13
pt-ekg,12kytkentälevossa		N	240	218
pt-ekg,12kytkentäälevossa		N	2341	1899
pt-ekg,12kytkentäälevossa(k-pks:n)(ko)		N	272	172
pt-ekg,muuerikoiskytkentä		N	13	12
pt-ekg,pika12kytkentäälevossa		N	20	20
pt-ekg,pitkäaikaisrekisteröinti(24h),kytkentä,analysointi,lausunto		N	138	135
pt-ekg,pitkäaikaisrekisteröinti(48h),kytkentä,analysointijalausunto		N	25	16
pt-ekg,sisältäentietokoneanalyysin		N	3109	2542
pt-ekg,sisältäentietokoneanalyysin(malmin)(pi)		N	226	160
pt-ekg,tavallinen12kytkentää		N	39	32
pt-ekg-12		N	25977	14125
pt-ekg-24a		N	8	8
pt-ekg-48l		N	16	16
pt-ekg-atk		N	25250	7282
pt-ekg-fal		N	261	156
pt-ekg-fas		N	202	194
pt-ekg-hoi		N	19	12
pt-ekg-mon		N	4590	2244
pt-ekg-oma		N	1301	998
pt-ekg-pa		N	168	166
pt-ekg-pa1		N	6	6
pt-ekg-ras		N	234	222
pt-ekg-ryt		N	13	12
pt-ekghoi		N	89	53
pt-ekgkons		N	24	24
pt-ekgkonsultaatio		N	22	22
pt-ekgpao1		N	15	15
pt-ekgpitk		N	58	53
pt-ekgsis[lt[entietokoneanalyysin		N	183	154
pt-ekgsisältäentietokoneanalyysin		N	129	109
pt-eneg-0		N	6	6
pt-eneg-1		N	410	367
pt-eneg-2		N	6	6
pt-eneg-et		N	6	6
pt-enmg-1		N	152	139
pt-enmg-2		N	493	450
pt-enmg-3		N	128	112
pt-eristysnäytteenotto		N	26	24
pt-fib-4		N	4827	3593
pt-fib-4		A	180	164
pt-fib-4		H	170	158
pt-fibrosis-4		H	10	9
pt-fibrosis-4		A	14	8
pt-fibrosis-4indeksi		A	47	42
pt-fibrosis-4indeksi	1	N	32	31
pt-fibrosis-4indeksi		N	116	102
pt-fit		N	27	27
pt-fvspido		N	501	335
pt-fvspiro		N	25	22
pt-gfr-arv	ml/min/173m2	L	51	44
pt-gfr-arv		L	33	32
pt-gfre	ml/min/173m2	N	956732	128533
pt-gfre	ml/min/173m2	L	466965	60599
pt-gfre	ml/min/173m2	A	264812	41561
pt-gfre	form	N	2407	1136
pt-gfre		A	189	181
pt-gfre	ml/min/173m2	H	526	447
pt-gfre	form	A	1676	575
pt-gfre		N	435	280
pt-gfre		L	27	27
pt-gfre-3	ml/min/173m2	A	181	117
pt-gfre-3		L	90	77
pt-gfre-3		A	50	48
pt-gfre-3		N	99	70
pt-gfre-cg	ml/min/173m2	N	8010	4086
pt-gfre-cg		N	853	613
pt-gfre-cg	ml/min/173m2	A	1989	1141
pt-gfre-cg		A	85	64
pt-gfre-cg		H	6	6
pt-gfre-md	ml/min/173m2	A	10694	3941
pt-gfre-md		L	4589	3313
pt-gfre-md	ml/min/173m2	L	2918	1063
pt-gfre-md	ml/min/173m2	N	2955	2020
pt-gfre-md		N	404	349
pt-gfre-md	ml/min/173m2	H	528	297
pt-gfre-md		A	11	11
pt-gfre-md	form	N	11	11
pt-gfreep	ml/min/173m2	A	4290	1021
pt-gfreep	ml/min/173m2	N	1505	799
pt-gfreep		H	214	144
pt-gfreep		N	18	17
pt-gfreepi		L	25881	18519
pt-gfreepi	ml/min/173m2	H	44338	10945
pt-gfreepi	ml/min/173m2	A	611449	83686
pt-gfreepi	ml/min/173m2	L	149781	34179
pt-gfreepi	ml/min/173m2	N	177278	54000
pt-gfreepi		N	19945	4436
pt-gfreepi		A	137	132
pt-gfreepinosatutkimus		N	669	416
pt-gfreepio1		A	437	105
pt-gfreepio1	ml/min/173m2	N	11	11
pt-gfrekce	ml/min/173m2	A	532	225
pt-gfrekce	ml/min/173m2	L	6571	2294
pt-gfrekce	ml/min/173m2	N	916	553
pt-gfrekce		A	39	33
pt-gfrekce		L	100	83
pt-gfrekce		N	8	8
pt-gfrekce,glomerulussuodosnopeuskysc:stä	ml/min/173m2	A	61	36
pt-gfrekys	ml/min/173m2	A	1294	791
pt-gfrekys	ml/min/173m2	L	3486	1236
pt-gfrekys		L	301	244
pt-gfrekys		A	71	68
pt-gfrekys		N	149	120
pt-gfrekys	ml/min/173m2	N	20	18
pt-glomerolussuodosnopeus,estimoitu,ckd-epi-kaava		N	36	32
pt-glomerolussuodosnopeus,estimoitu,ckd-epi-kaava		A	29	15
pt-glomerulussuodatusnopeus		N	117	102
pt-glomerulussuodatusnopeus		L	33	24
pt-glomerulussuodatusnopeus,estimoitu,ckd-epi-kaava	ml/min/173m2	N	267	136
pt-glomerulussuodatusnopeus,estimoitu,ckd-epi-kaava	ml/min/173m2	A	67	42
pt-glomerulussuodosnopeus		N	65	60
pt-glomerulussuodosnopeus	ml/min/173m2	N	43	40
pt-glomerulussuodosnopeus,ckd-epi-kaava	ml/min/173m2	A	1991	641
pt-glomerulussuodosnopeus,estimoitu	ml/min/173m2	A	26770	6165
pt-glomerulussuodosnopeus,estimoitu	ml/min/173m2	N	3776	2557
pt-glomerulussuodosnopeus,estimoitu	ml/min/173m2	L	620	231
pt-glomerulussuodosnopeus,estimoitu,ckd-ep	ml/min/173m2	A	397	275
pt-glomerulussuodosnopeus,estimoitu,ckd-ep	ml/min/173m2	N	1091	810
pt-glomerulussuodosnopeus,estimoitu,ckd-epi-kaav	ml/min/173m2	A	1566	565
pt-glomerulussuodosnopeus,estimoitu,ckd-epi-kaav	ml/min/173m2	N	28	28
pt-glomerulussuodosnopeus,estimoitu,ckd-epi-kaav	ml/min/173m2	L	9	7
pt-glomerulussuodosnopeus,estimoitu,ckd-epi-kaava	ml/min/173m2	A	73202	15544
pt-glomerulussuodosnopeus,estimoitu,ckd-epi-kaava	ml/min/173m2	N	71591	23850
pt-glomerulussuodosnopeus,estimoitu,ckd-epi-kaava	ml/min/173m2	L	3792	1228
pt-glomerulussuodosnopeus,estimoitu,ckd-epi-kaava		N	5288	2868
pt-glomerulussuodosnopeus,estimoitu,ckd-epi-kaava	1	A	378	148
pt-glomerulussuodosnopeus,estimoitu,ckd-epi-kaava	1	N	11	9
pt-glomerulussuodosnopeus,estimoitu,ckd-epi-kaava(p-kreaosatutkimus)		N	171	133
pt-glomerulussuodosnopeus,estimoitu,ckd-epi-kaava(pt-gfre-3osatutkimus)	ml/min/173m2	N	378	286
pt-glomerulussuodosnopeus,estimoitu,ckd-epi-kaava(pt-gfre-3osatutkimus)	ml/min/173m2	A	21844	3299
pt-glomerulussuodosnopeus,estimoitu,ckd-epi-kaavalla	ml/min/173m2	A	8	7
pt-glomerulussuodosnopeus,estimoitu,ckd-epi-kaavalla	ml/min/173m2	N	31	30
pt-glomerulussuodosnopeus,estimoitu,ckd-epikaava		A	61	22
pt-glomerulussuodosnopeus,estimoitu,ckd-epikaava		N	111	48
pt-glomerulussuodosnopeus,estimoitu,ckd-epikaava		L	14	12
pt-glomerulussuodosnopeus,estimoitu,kystatiinic-kaava	ml/min/173m2	A	1000	268
pt-glomerulussuodosnopeus,estimoitu,mdrd-kaava	ml/min/173m2	A	28	24
pt-glomerulussuodosnopeus,estimoitu,mdrd-tutkimuksenkaava(mittayksikkö:ml/min/1.73m2)	ml/min/173m2	A	12	6
pt-glomerulussuodosnopeus,estimoituckd-epi-kaava	ml/min/173m2	N	2323	1948
pt-glomerulussuodosnopeus,estimoituckd-epi-kaava	ml/min/173m2	L	1162	889
pt-glomerulussuodosnopeus,estimoituckd-epikaava		N	107	65
pt-glomerulussuodosnopeus,estimoituckd-epikaava		A	26	17
pt-glomerulussuodosnopeus,estimoituckd-epikaava	1	A	29	19
pt-glomerulussuodosnopeus,estimoituckd-epikaava	ml/min/173m2	N	14	11
pt-glomerulussuodosnopeus,estimoituckd-epikaavallakystatiinic:stä	ml/min/173m2	A	69	54
pt-glomerulussuodosnopeus,estimoituckd-epikaavallakystatiinic:stä		A	105	63
pt-glomerulussuodosnopeus,estimoituckd-epikaavallakystatiinic:stä		N	18	16
pt-glomerulussuodosnopeus,estimoituckd-epikaavallakystatiinic:stä	ml/min/173m2	L	29	15
pt-glomerulussuodosnopeus,estimoituckd-epikaavallakystatiinic:stä		L	19	17
pt-glomerulussuodosnopeus,estimoituckd-epikaavallakystatiinic:stä	ml/min/173m2	N	22	22
pt-glomerulussuodosnopeus,estimoitukystatiinic:stä	ml/min/173m2	A	54	37
pt-glomerulussuodosnopeus,estimoitukystatiinic:stä	ml/min/173m2	L	12	9
pt-glomerulussuodosnopeus,pt-gfreepiestimoitu,ckd-epi-kaava	ml/min/173m2	N	5517	3215
pt-glomerulussuodosnopeus,pt-gfreepiestimoitu,ckd-epi-kaava	ml/min/173m2	A	1583	934
pt-glomerulussuodusnopeus,estimoitu,ckd-epi-kaava	ml/min/173m2	N	6434	3183
pt-glomerulussuodusnopeus,estimoitu,ckd-epi-kaava	ml/min/173m2	A	5521	1678
pt-glomerulustensuodatusnopeudenmittau	ml/min/173m2	N	35	31
pt-glomerulustensuodatusnopeudenmittau	ml/min/173m2	L	22	16
pt-glomerulustensuodatusnopeudenmittaus	ml/min/173m2	L	101	70
pt-glomerulustensuodatusnopeudenmittaus	ml/min/173m2	N	57	44
pt-glomerulustensuodatusnopeus	ml/min/173m2	L	8	8
pt-glomerulustensuodatusnopeus	ml/min/173m2	N	8	7
pt-glomerulustensuodatusnopeus,estimoitu,ckd-epi-kaava	ml/min/173m2	N	20961	11509
pt-glomerulustensuodatusnopeus,estimoitu,ckd-epi-kaava	ml/min/173m2	L	8629	3492
pt-glomerulustensuodatusnopeus,estimoitu,ckd-epi-kaava	ml/min/173m2	A	859	471
pt-glomerulustensuodatusnopeus,estimoitu,mdrd-kaava		L	61	56
pt-glomerulustensuodatusnopeus,estimoitu,mdrd-kaava	ml/min/173m2	A	10	9
pt-gluc-r		N	39	39
pt-gluk-0		N	97	76
pt-gluk-0		H	46	35
pt-gluk-0h	mmol/l	A	13	12
pt-gluk-2h	mmol/l	A	18	18
pt-gluk-r		N	357	313
pt-gluk-r1		N	4953	3563
pt-gluk-r1		A	66	52
pt-gluk-r1	mmol/l	N	255	99
pt-gluk-r1	mmol/l	A	12	10
pt-gluk-r1	form	N	71	27
pt-gluk-r1	mmol/l	H	18	11
pt-gluk-r1,osatutkimus		N	7	7
pt-gluk-r1/0h	mmol/l	N	19	19
pt-gluk-r6		N	841	570
pt-gluk-r6	mmol/l	N	86	26
pt-gluk-r6,osatutkimus4800		N	8	6
pt-gluk0	mmol/l	H	18	17
pt-gluk0	mmol/l	N	12	12
pt-gluk0h	mmol/l	N	25	22
pt-gluk0h	mmol/l	H	28	28
pt-gluk2	mmol/l	H	12	11
pt-gluk2	mmol/l	N	18	18
pt-gluk2h	mmol/l	N	32	29
pt-gluk2h	mmol/l	H	21	19
pt-glukoosi-koe(glukoosirasitus),oraalinen,lyhyt		N	25	24
pt-glukoosi-koe,oraalinen,(0,2h)(ko)		N	18	18
pt-glukoosi-koe,oraalinen,lyhyt		N	111	91
pt-glukoosi-koe,oraalinen,lyhyt(0,1h,2h)		N	28	27
pt-glukoosi-koe,oraalinen,lyhyt(0,2h)		N	64	50
pt-glukoosi-koe,oraalinen,lyhyt,0ja2h-näyte		N	48	48
pt-glukoosi-koe,oraalinen,lyhyt,laskimoplasmasta		N	72	53
pt-glukoosi-koe,oraalinen,lyhyt0ja2h(seerumi)		N	17	17
pt-glukoosi-koe,oraalinen,raskausajandiabetes		N	18	15
pt-glukoosikoe,lyhyt		N	48	16
pt-glukoosikoe,oraalinen,lyhyt(0,2h)		N	331	303
pt-glukoosikoe,oraalinen,lyhyt(0,2h),		N	13	13
pt-glukoosikoe,oraalinen,raskaudenaikana		N	26	14
pt-glukoosikoe0-arvo	mmol/l	N	16	15
pt-glukoosikoe1h-arvo	mmol/l	N	13	11
pt-glukoosikoe2h-arvo	mmol/l	N	17	15
pt-glukoosirasitus-0arvo	mmol/l	N	24	23
pt-glukoosirasitus-2h	mmol/l	N	24	23
pt-glukoosirasitus0-näytevb	mmol/l	N	9	9
pt-glukoosirasitus2h-näytevb	mmol/l	N	6	6
pt-glukoosirasitus2h-näytevb	mmol/l	A	6	6
pt-glukr1/2h	mmol/l	N	19	19
pt-glukr2h		N	12	8
pt-glumerulussuodosnopeus,estimoitu,cjd-epikaava	ml/min/173m2	N	2586	1568
pt-glumerulussuodosnopeus,estimoitu,cjd-epikaava	ml/min/173m2	A	2117	753
pt-gromerulussuodosnopeus,estimoituckd-epikaavallakystatiinic:stä	ml/min/173m2	A	34	10
pt-gynekologinenirtosolututkimus		N	261	256
pt-gynekologinenirtosolututkimus		A	48	43
pt-hembiop		N	23	13
pt-hepy-r		N	32	31
pt-hepy-r	promille	N	11	11
pt-hepy-r		A	12	10
pt-hoitajantekemäskooraus		N	7	7
pt-holter		N	8	8
pt-icg-r	%	A	54	50
pt-iho-r1		N	92	91
pt-iho-r3		N	245	239
pt-iom-2		N	7	7
pt-iom-3		N	12	12
pt-irtosolututkimus,gynekologinen,lbc		N	7	7
pt-kalsium,ionisoitunut	mmol/l	H	140	76
pt-kalsium,ionisoitunut	mmol/l	N	39	36
pt-kalsium,ionisoitunut	mmol/l	L	87	42
pt-kalsiumionisoitunutph7.4	mmol/l	H	103	56
pt-kalsiumionisoitunutph7.4	mmol/l	N	39	36
pt-kalsiumionisoitunutph7.4	mmol/l	L	99	47
pt-keliakiatutkimus,medium		N	6	6
pt-keliakiatutkimus,seulonta		N	15	14
pt-keliakiatutkimus,seulonta(sis.s-iga,s-ttgaba)		N	178	178
pt-kelixl		N	6	6
pt-kiire		N	300	279
pt-kliininenrasituskoe,työjoht.,työajanulkopuolella		N	11	11
pt-klr-spi		N	25	24
pt-klr-tje		N	83	83
pt-kolmaslisälausuntoilmanlaboratoriotyötä		A	10	10
pt-kons-1		N	23	23
pt-kons-1		A	25	25
pt-kons-1		AA	49	49
pt-kons-2		AA	16	16
pt-kons-2		A	7	7
pt-kons-3		AA	18	18
pt-kons-3		N	11	11
pt-konsn-1		N	8	8
pt-konsnhä		N	24	21
pt-konsulp		N	42	40
pt-konsulp		A	26	26
pt-konsultaatio,ulkopuolellelähetetty		N	9	7
pt-konsultaatiopyyntökliinikolta,valmisnäyte		A	66	62
pt-konsultaatiopyyntöpatologilta,valmisnäyte		A	7	6
pt-koveeg1		N	14	14
pt-koveegj		N	14	14
pt-krea-cl		A	19	15
pt-krea-cl	ml/s/173m2	A	179	135
pt-krea-cl	ml/s/173	A	126	91
pt-krea-cl		L	16	14
pt-krea-cl	ml/s	A	18	11
pt-krea-cl	ml/min/173m2	L	7	7
pt-krea-cl		N	13	11
pt-kt/v		A	48	21
pt-kt/v		N	6	6
pt-kt/v1		N	1925	324
pt-kudsop		N	442	436
pt-lakt-r1		N	22	22
pt-lakt-r1	mmol/l	N	12	12
pt-laktoosi-koe20min	mmol/l	N	11	11
pt-laktoosi-koe40min	mmol/l	N	9	9
pt-lasku		N	51	50
pt-lausklf		N	41	41
pt-lislau		N	14	14
pt-lisäla2		AA	524	505
pt-lisäla2		N	194	187
pt-lisäla2		A	36	34
pt-lisäla3		AA	89	89
pt-lisäla3		N	20	20
pt-lisäla3		A	6	6
pt-lisäla4		AA	15	15
pt-lisälau		N	2565	2154
pt-lisälau		AA	3987	3492
pt-lisälau		A	245	226
pt-lisälausunto		A	8	8
pt-lisälausuntoilmanlaboratoriotyötä		A	130	111
pt-lisäsyt		N	105	94
pt-lisäsyt		AA	28	27
pt-luutih2		N	200	193
pt-luutih3		N	51	51
pt-luutil2		N	97	96
pt-luutil3		N	40	40
pt-luuttbs		N	11	11
pt-lämpötila	°c	N	23	22
pt-meet2		N	22	22
pt-meet2		AA	42	42
pt-meetin		A	83	78
pt-meetin		N	29	29
pt-meetin		AA	24	23
pt-meeting		AA	2306	2049
pt-meeting		N	1018	946
pt-meeting		A	36	32
pt-metakoliiniprovokaatio,bronkospasminentutkimus		N	57	51
pt-nenänielunäytteenotto		N	390	379
pt-nfs		N	10	10
pt-notto1		N	128	117
pt-notyk		N	6	6
pt-näesiv		N	48	35
pt-näytteenottomaksu(oletus)		N	35999	7504
pt-obd-1		N	335	333
pt-obd-1		A	16	16
pt-obd-1		AA	51	51
pt-obd-2		N	24	24
pt-obd-his		N	316	316
pt-obd-his		AA	55	55
pt-obd-his		A	7	7
pt-obduktio,aikuinen		N	12	10
pt-papa-1		N	10431	8874
pt-papa-1		AA	741	608
pt-papa-1		A	95	89
pt-papa-tk		N	724	691
pt-papa-tk		A	116	106
pt-papa-tk		AA	9	9
pt-papahpv		AA	2387	1428
pt-papahpv		N	2296	1835
pt-pef		N	20	8
pt-pef	form	N	22	10
pt-peruspa,tiivis		N	8	8
pt-pol-eil		N	257	256
pt-polamb		N	1445	1347
pt-polamb		A	8	8
pt-polamb		IND	15	15
pt-polamb1		N	85	84
pt-polamb1		A	77	75
pt-polambl		N	9	9
pt-polambs		N	43	43
pt-potilastap.kliinispatologinenkäsittelyeilisälaus		A	55	40
pt-potilastapauksenkliinispatologinenkäsittely		N	6	6
pt-potilastapkliinispat.käsitt.kokous,eilisälau		A	89	83
pt-raskaudenaikaisetbiopankkinäytteet		N	7	7
pt-rasukg		N	6	6
pt-rasuäse		N	13	13
pt-rtms		N	10	8
pt-sep		H	32	28
pt-siemennestetutkimus,laaja		N	6	6
pt-sik		N	165	161
pt-silväri		N	8	7
pt-skoorah		N	14	14
pt-sper-1		N	60	54
pt-sper-1		A	15	10
pt-sper-2		N	14	14
pt-sper-o		A	9	8
pt-spird-x		N	694	628
pt-spiro-x		N	23	22
pt-spirom		N	159	128
pt-spr		N	147	89
pt-sprneuvolanäytteet		N	70	62
pt-sydänuä		N	115	113
pt-syn		N	947	594
pt-sytologinenlisäkäyntiinpano		N	15	14
pt-tahdist		N	73	71
pt-taksim1		N	172	138
pt-taksim3		N	105	62
pt-taksim4		N	16	13
pt-tms-et		N	6	6
pt-ttlaite		N	208	92
pt-uloshengityksenhuippuvirtaus,sarjamittaustyöpaikalla		N	63	61
pt-uloshengityksenhuippuvirtaus,vuorokausivaihtelunseuranta		N	474	410
pt-unitutk		N	34	28
pt-utp-1		N	362	348
pt-utp-1		AA	1356	1294
pt-utp-1		A	75	74
pt-utp-2		AA	121	118
pt-utp-2		N	70	67
pt-utp-3		AA	54	53
pt-utp-3		N	20	20
pt-vai-tk		N	7	7
pt-vainaja		N	612	611
pt-valvottunäytteenotto		N	44	40
pt-verenpaine,pitkäaikaisrekisteröinti(24h)		N	44	44
pt-virtaustilavuus-spirojabronkodilataatiokoeilmanlausuntoa		N	9	9
pt-virtaustilavuus-spirometria		N	263	254
pt-virtaustilavuus-spirometriailmanlausuntoa		N	54	52
pt-virtaustilavuus-spirometriajabronkodilataatio		N	164	158
pt-virtaustilavuus-spirometriajabronkodilataatiokoe		N	351	329
pt-virtaustilavuus-spirometriajabronkodilataatiokoeilmanlau		N	38	35
pt-virtaustilavuus-spirometriajabronkodilataatiokoeilmanlausuntoa		N	641	592
pt-virtaustilavuus-spirometrialääk.tehonseuranta		N	124	108
pt-vymp	cm	H	19	19
pt-yöpolygrafia		N	388	379
pt-yöpolygrafia,ambulatorinen		N	22	21
pt-yöpolygrafia,ambulatorinen,laaja,suppeaunirekisteröintikotona		N	6	6
pt-yöpolygrafia,ambulatorinen␤		N	14	13
pt-yöpolygrafia,suppea,ambulatorinen		N	40	40
pu-bakt-vi2		N	15	12
pu-bakteeri,märkäviljely1,(aerobinenjaanaerobinen,syvätmärkänäytteet)		A	7	7
pu-bakteeri,märkäviljely2,(aerobinen,pinnallisetmärkänäytteet)		A	17	15
pu-bakteeri,viljely(2:aerobitpintanäytteestä)		A	6	6
pu-bakteeri,viljely1(aerobitjaanaerobitsyvän		A	68	56
pu-bakteeri,viljely1(an+aerobi,vilj.syväm)		A	7	7
pu-bakteeri,viljely1(anaerobi+aerobiviljely,		A	534	358
pu-bakteeri,viljely1(anaerobi+aerobiviljely,		N	99	88
pu-bakteeri,viljely1(punkt.kud.ym.syv.m		N	9	8
pu-bakteeri,viljely1(punkt.kud.ym.syv.märkän)		N	10	7
pu-bakteeri,viljely1(punktio-,kudos-,syvänäyt		A	74	65
pu-bakteeri,viljely1,(aerobi+anaerobiviljely,syvämärkä)		N	7	7
pu-bakteeri,viljely1anaerobi+aerobi(syvämärkä,		A	23	15
pu-bakteeri,viljely2(aerobitpintamärästä)		A	107	94
pu-bakteeri,viljely2(aerobivil.pintamärkä)		N	6	6
pu-bakteeri,viljely2(aerobiviljely,pintam.)		A	13	11
pu-bakteeri,viljely2(aerobiviljely,pintamärkä)		N	162	140
pu-bakteeri,viljely2(aerobiviljely,pintamärkä)		A	461	337
pu-bakteeri,viljely2(pintam[rk[ihoyms		N	24	19
pu-bakteeri,viljely2(pintamärkä,ihoyms.)		A	215	154
pu-bakteeri,viljely2(pintamärkäihoyms		A	8	6
pu-bakteeri,viljely2(pintamärkäihoyms		N	10	7
pu-bakteeri,viljely2(pintamärkäihoyms.näyt)		N	14	14
pu-bakteeri,viljely2aerobiviljely(pintamärkä,		A	21	18
pu-baktvi1		N	17125	9611
pu-baktvi1		A	17648	10895
pu-baktvi2		A	18469	11649
pu-baktvi2		N	11297	7695
pu-baktvi3		A	12	11
pu-sieni,viljely		A	33	30
pu-sienvi		A	1928	1306
pu-sienvi		N	2710	1537
pujo		A	104	104
pujo	u/ml	A	96	93
pujo		N	14	14
pujo,siitepöly		N	23	22
pujoe		A	11	11
pujoe	u/ml	N	15	13
pujoe	u/ml	A	77	69
pujoe		N	25	24
pujonsiitepöly(w6),igevasta-aineet	u/ml	A	13	12
pujonsiitepöly,igevasta-aineet	u/ml	N	6	6
punasolojenkokojakauma	%	N	892	857
punasolojenkokojakauma	%	H	176	167
punasolujenerittelylaskenta		A	49	39
punasolujenesiasteet(erytroblastit)	e9/l	N	1025	733
punasolujenesiasteet(erytroblastit)		N	24	23
punasolujenjakaumaleveys(rdw)	%	N	36	36
punasolujenkokojakauma	%	N	74530	30290
punasolujenkokojakauma	%	A	23555	5327
punasolujenkokojakauma	%	H	20528	4552
punasolujenkokojakauma		N	81	77
punasolujenkokojakaumaparametri	%	N	64	43
punasolujenkokojakautuma	%	N	622	358
punasolujenkokojakautuma	%	A	61	34
punasolujenkokojaukauma	%	N	24	24
punasolujenkoonvaihtelu	%	H	479	365
punasolujenkoonvaihtelu	%	N	1549	1021
punasolut,kokojakauma	%	H	38	32
punasolut,kokojakauma	%	N	83	79
puumalavirus,igmvasta-aineet		N	6	6
pähkinät		A	6	6
päivystys		N	14	14
päärynä	u/ml	A	6	6
pölyerittely	u/ml	A	19	19
pölyerittely		N	37	37
pölyerittely,ige-vasta-aineet,seerumista	u/ml	A	12	12
pölyerittely,ige-vasta-aineet,seerumista	u/ml	N	26	24
pölyerittely,ige:vat(s-)	u/ml	A	20	20
pölyerittely,ige:vat(s-)	u/ml	N	63	59
pölyerittely,ruokaerittelyjakomponentit,igevasta-aineet,seerumista		N	31	31
pölyryhmä(phadiatop),ige-va:t(s-)	u/ml	A	10	10
pölyryhmä(phadiatop),ige-va:t(s-)	u/ml	N	28	28
pölyryhmä(phadiatop),igevasta-aineet,seerumista␤	u/ml	A	71	68
pölyryhmä,(phadiatop),igevasta-aineet	u/ml	N	29	29
pölyryhmä,(phadiatop),igevasta-aineet	u/ml	A	10	9
pölysekoitus	u/ml	A	12	12
pölysekoitus		N	30	30
rajcv19		N	404	324
rakkoaika	h	N	3617	2218
rakkoaika		N	8	7
rasvapaketti(6027fp-lipidit)		N	1232	903
rasvapaketti(fp-lipidit)		N	1715	1226
rasvapaketti(lipidit)		N	1205	979
rasvapaketti(lipidit)	paketti	N	9	7
rasvapaketti(lipidit)(fp-lipidit)		N	66	65
rasvapaketti,seuranta		N	818	742
rauta		A	94	61
rauta	umol/l	N	1619	1215
rauta	umol/l	L	578	486
rauta	umol/l	H	49	44
rauta	umol/l	A	120	83
rauta(4529fp-fe)	umol/l	N	25	23
rauta(4529fp-fe)	umol/l	A	13	7
rauta(fe)	umol/l	N	22	15
rauta(fp-fe)	umol/l	N	29	28
rautaseerumista,paastotilassa	umol/l	N	12	6
rcora14(f439,rekombinantti,hasselpähkinä),igevasta-aineet	u/ml	N	38	38
rdg-prov		N	8	8
rdw	%	N	5747	2727
rdw	%	A	526	238
rdw		N	107	91
rdw		A	6	6
redcelldistributionwidth	%	N	3279	2984
redcelldistributionwidth	%	H	320	277
resbaktnho		A	11	11
resgns-seulonta		N	31	13
resistentitgramnegatiivisetsauvat,viljely		N	162	80
respiratorisetbakteerit,nukleiinihaponosoitus(pcr)		N	48	44
respiratorisetbakteerit,nukleiinihappo(kval)		N	43	43
respiratorisetmikrobit,nukleiinihappo(kval)		A	19	18
respiratorysyncytialvirus,nukleiinihaponosoitu		N	215	172
respiratorysyncytialvirus,nukleiinihaponosoitus		N	13	13
resvirnho		A	588	308
retikulosyytit	e9/l	A	88	61
retikulosyytit	e9/l	L	18	6
retikulosyytit	e9/l	H	79	31
retikulosyytit	e9/l	N	80	69
retikulosyytit		N	11	9
retikulosyytit	%	N	27	21
retikulosyytit(2581b-retik)		N	18	13
retikulosyytit(b-retik)		N	7	6
retikulosyytit(lask.)	e9/l	N	133	97
retikulosyytit(lask.)	e9/l	A	48	36
retikulosyytit,indeksi	osuus	N	40	30
retikulosyytit,indeksi		N	15	13
retikulosyytit,tuotantoindeksi	osuus	N	35	32
retikulosyytit,tuotantoindeksi		N	8	8
retikulosyyttienabsoluuttinenmäärä	e9/l	N	6	6
retikulosyyttienkeskimääräine	pg	N	722	393
retikulosyyttienkeskimääräine	pg	L	227	166
retikulosyyttienkeskimääräine	pg	H	52	17
retikulosyyttienkeskimääräine	pg	A	44	40
retikulosyyttienkeskimääräinenhemoglob	pg	N	7	7
retikulosyyttienkeskimääräinenhemoglobiininmäärä	pg	A	165	137
retikulosyyttienkeskimääräinenhemoglobiininmäärä	pg	N	25	23
reumafaktori	iu/ml	A	39	36
reumafaktori		N	34	34
reumafaktori(rf)	iu/ml	N	14	14
reumafaktori,määritys,seerumista	kiu/l	H	10	9
reumafaktori,määritys,seerumista	kiu/l	A	15	13
reumafaktori,plasmasta		N	171	162
reumafaktori,plasmasta	iu/ml	N	15	15
reumafaktori,plasmasta	iu/ml	A	11	10
reumafaktori,seerumista,paastotilassa		N	8	8
reumafaktori,seerumista,paastotilassa␤␤	iu/ml	A	60	54
reumapaketti		N	118	116
rf		A	10	10
ribonukleoproteiini,70kdaantigeeni,vasta-aineet		N	6	6
ribonukleoproteiini,70kdaantigeeni,vasta-aineet(s-rnp70ab)		N	66	64
ribonukleoproteiini,nukleaarinen,vasta-aineet(s-rnpab)		N	86	82
ribosomienp-proteiinienvasta-aineet		N	7	7
ribosomip-proteiinivasta-aineet(blotting)		N	15	15
rin/entnho		A	9	9
rinnanhistologinentutkimus,laajaleikkauspreparaatti		A	66	63
rinnanpaksuneulabiopsiahistologinentutkimus		N	37	34
rinnanpaksuneulabiopsianhistologinentutkimus		A	40	37
rinnanpaksuneulabiopsianhistologinentutkimus		N	67	64
rinnanvaativaleikkausnäyte		A	13	13
rinonho		A	24	19
rinovirus/enterovirus,nukleiinihaponosoitus(pcr)		A	32	32
rna-polymeraasi-iii-vasta-aineet		N	7	7
ro52(ssa)		A	60	50
rotavirusnukleiinihappoosoitus		N	10	9
rotemkuva		N	25	20
rr		N	8	8
rr-pa		N	144	138
rs-virus,nukleiinihappo(kval)		N	91	81
rs-virus,nukleiinihappo(kval)		A	8	8
rs-virus,nukleiinihappo(kval)␤,osatutkimus		A	6	6
rsvanho		A	22	16
rsvbnho		A	49	23
rsvnho		A	349	332
rsvnukleiinihappo(kval)		A	9	9
rte-cd4	%	A	12	9
rte-cd4		A	7	6
rte-cd8	%	A	12	10
ruis,ruoka	u/ml	A	24	22
ruis,sipö	u/ml	A	6	6
ruoka-aine-erittely(fx5),igevasta-aineet		N	8	8
ruoka-aine-erittely(fx5),igevasta-aineet	u/ml	N	7	7
ruoka-aine-erittely(fx5),igevasta-aineet(s-ruok5er)		N	15	14
ruoka-aine-erittely,ige-vasta-aineet,seerumista	u/ml	N	18	18
ruoka-aineryhmä		N	51	51
ruoka-aineryhmä	u/ml	A	9	9
ruoka-aineryhmä	u/ml	N	20	20
ruokaerittely		N	7	7
ruokaerittely(fx5),ige-vasta-aineet		N	10	10
ruokafx5e		A	15	15
ruokaryhmä(fx5),igevasta-aineet	u/ml	N	7	7
ruokaryhmä,ige-va:t(s-)	u/ml	N	15	15
ruokaryhmä,igevasta-aineet,seerumista␤	u/ml	A	19	19
rvirag-o		A	42	39
s-10mlgeel		N	21	20
s-11dok		A	7	7
s-17hprog	nmol/l	N	77	66
s-17hprog	nmol/l	A	147	56
s-17hprog		N	15	11
s-17hprog	nmol/l	H	59	26
s-5-ht	nmol/l	N	64	50
s-5-ht	nmol/l	A	99	80
s-5-ht	nmol/l	H	10	8
s-5-ht		A	18	9
s-5-ht	nmol/l	L	11	9
s-5hiaa	nmol/l	N	1711	858
s-5hiaa	nmol/l	A	2388	505
s-5hiaa	nmol/l	H	675	218
s-5hiaa		N	14	13
s-5hiaa		A	33	18
s-9-hrisp	nmol/l	N	98	67
s-9-hydroksirisperidoni	nmol/l	N	19	11
s-9hrispe	nmol/l	N	21	12
s-a1glob	g/l	A	83	65
s-a1glob		N	17	15
s-a2glob	g/l	A	71	51
s-a2glob		N	17	15
s-ace		A	284	241
s-ace	u/l	N	27	26
s-ace	u/l	A	721	465
s-ace		N	9	9
s-achr-ab		N	665	635
s-achr-ab	nmol/l	A	169	139
s-achr-ab	nmol/l	N	52	50
s-achr-ab		A	47	40
s-achr-ab	nmol/l	H	53	45
s-acremoniumkiliense(ceph.acremonium),igevasta-aineet		N	15	15
s-acrkile	u/ml	N	9	9
s-ada	u/l	A	967	706
s-ada	u/l	H	146	122
s-ada	u/l	N	444	391
s-ada		A	17	13
s-adali	mg/l	H	9	9
s-adali	mg/l	A	88	81
s-adali	mg/l	N	30	29
s-adaliab		N	221	153
s-adaliab	au/ml	A	83	61
s-adaliab		A	44	41
s-adaliab	au/ml	H	49	44
s-adaliab		H	16	14
s-adalimu	mg/l	N	480	273
s-adalimu		A	126	97
s-adalimu	mg/l	A	316	193
s-adalimu		N	30	23
s-adalimumabi	mg/l	A	26	25
s-adalimumabi,vasta-aineet		N	9	9
s-adalimumabivasta-ainemääritys	au/ml	A	17	14
s-adalimumabivasta-ainemääritys		N	13	12
s-adalip		N	191	120
s-adencf	titre	N	9	9
s-adencf		N	29	25
s-adioni	nmol/l	N	212	173
s-adioni	nmol/l	H	76	52
s-adioni	nmol/l	A	134	87
s-adioni		A	26	14
s-adrab	titre	A	25	21
s-adrab	titre	H	27	20
s-adrab		N	124	103
s-afluu	%	A	17	16
s-afluu	%	L	16	16
s-afluu	u/l	A	13	10
s-afluust	u/l	N	829	722
s-afluust		A	17	16
s-afluust	u/l	A	407	319
s-afluust	u/l	H	404	351
s-afluust		N	139	132
s-afluust		H	30	28
s-afmakro	u/l	A	504	423
s-afmakro	u/l	H	673	573
s-afmakro	u/l	N	598	533
s-afmakro		H	57	55
s-afmakro		N	138	131
s-afmakro		A	32	32
s-afmaks1	u/l	A	69	65
s-afmaks1		A	13	13
s-afmaks2		A	6	6
s-afmaks2	u/l	A	58	53
s-afmaksa	u/l	A	621	533
s-afmaksa	u/l	N	572	512
s-afmaksa	u/l	H	759	646
s-afmaksa		H	63	61
s-afmaksa		N	130	123
s-afmaksa		A	41	40
s-afmaksa	%	A	12	12
s-afmaksa	%	N	10	9
s-afmuut	u/l	N	968	831
s-afmuut		N	132	125
s-afos	u/l	N	18097	14723
s-afos	u/l	H	7910	4960
s-afos	u/l	A	3576	2974
s-afos		A	244	224
s-afos	u/l	L	616	500
s-afos		L	104	85
s-afos	iu/l	N	240	188
s-afos		N	69	62
s-afos		H	124	110
s-afos(isoentsyymeihinliittyvä)	u/l	A	68	66
s-afos-is		N	1486	1275
s-afos-is	u/l	N	63	18
s-afos-lsapututkimus	u/l	N	9	9
s-afos1ma	u/l	A	41	39
s-afos2ma	u/l	A	39	35
s-afosluu	ug/l	A	7	7
s-afosluu		A	16	15
s-afosluu	u/l	A	21	18
s-afosluu	ug/l	H	7	7
s-afosmx		A	9	9
s-afospit	u/l	H	48	44
s-afospit	u/l	A	79	64
s-afossuo	u/l	A	14	11
s-afp	u/ml	N	4502	1989
s-afp		N	1017	582
s-afp	u/ml	A	1985	692
s-afp	ug/l	A	606	199
s-afp	ug/l	N	46	37
s-afp		A	83	59
s-afp	ug/l	H	12	9
s-afp	u/ml	H	1371	517
s-afp		H	23	18
s-afp/d	u/ml	N	76	76
s-afp/d		N	7	6
s-afsuol1	u/l	A	78	68
s-afsuol1	u/l	H	19	18
s-afsuol1		H	17	17
s-afsuol1	u/l	N	12	12
s-afsuol1		A	6	6
s-afsuol2	u/l	A	44	40
s-afsuol2	u/l	H	12	12
s-afsuol2	u/l	N	12	12
s-afsuol3	u/l	A	9	7
s-afsuol3	u/l	N	12	12
s-afsuoli	u/l	A	52	43
s-afsuoli	u/l	H	8	7
s-aitendo		N	63	50
s-aitma		N	861	782
s-aitneu		N	481	424
s-aitneu		A	33	26
s-aitpara		N	304	269
s-aitpara		A	23	17
s-al	umol/l	A	7	6
s-alaniini	mmol/l	N	259	240
s-alaniiniaminotransferaasi	u/l	N	1524	1227
s-alaniiniaminotransferaasi	u/l	A	287	213
s-alaniiniaminotransferaasi		N	52	46
s-alat	u/l	N	79887	55259
s-alat	u/l	H	60056	29106
s-alat		N	530	481
s-alat	u/l	A	3503	2091
s-alat	iu/l	N	251	195
s-alat		A	118	74
s-alat	u/l	L	209	105
s-alat		L	40	27
s-alat		H	34	30
s-alattth	u/l	N	7	7
s-alb	g/l	L	1765	1383
s-alb	g/l	N	6562	5432
s-alb	g/l	A	1791	1194
s-alb	g/l	H	505	466
s-alb		A	19	18
s-alb		N	6	6
s-albfr	g/l	N	10	7
s-albind	g/l	A	186	182
s-albind		A	23	23
s-albu	g/l	A	287	105
s-albu	g/l	N	25	14
s-album	g/l	A	2034	1528
s-album	g/l	N	11771	4923
s-album	g/l	L	1535	1090
s-album		N	14	14
s-album	g/l	H	258	209
s-albumiini	g/l	N	666	619
s-albumiini	g/l	A	76	72
s-albumiini	g/l	L	16	16
s-albumiini(paketti)	g/l	N	18	16
s-albumiini,indeksi	g/l	A	28	26
s-albumiini,indeksi	g/l	N	86	83
s-albumiini,osatutkimuss-prot-fr	g/l	A	11	11
s-albumiini-fraktio	g/l	A	1114	583
s-albumiini-fraktio	g/l	N	1192	633
s-albumiinifraktio	g/l	A	87	50
s-aldol		A	101	75
s-aldol	u/l	N	645	517
s-aldol	u/l	A	686	428
s-aldol	u/l	H	156	111
s-aldol		N	18	18
s-aldolaasi	u/l	A	8	8
s-aldos	pmol/l	N	1165	1024
s-aldos		A	27	27
s-aldos	pmol/l	A	285	240
s-aldos		N	297	272
s-aldos	pmol/l	H	295	228
s-aldos		H	18	12
s-aldos-m	pmol/l	A	33	26
s-aldos-p		A	30	25
s-aldos-p	pmol/l	A	126	103
s-aldos-p		H	23	19
s-aldos-p	pmol/l	N	7	6
s-aldos-p	pmol/l	H	14	13
s-aldosteroni	pmol/l	N	20	19
s-aldosteroni		N	6	6
s-alfa-1	g/l	N	12656	5356
s-alfa-1		N	14	14
s-alfa-1	g/l	H	565	506
s-alfa-1	g/l	A	1230	973
s-alfa-1	g/l	L	359	216
s-alfa-1-antitrypsiini	g/l	A	13	13
s-alfa-1-fetoproteiini		N	7	6
s-alfa-1-fetoproteiini	u/ml	A	103	51
s-alfa-1-fetoproteiini	u/ml	H	15	7
s-alfa-1-fetoproteiini	u/ml	N	13	11
s-alfa-1-fraktio	g/l	A	540	401
s-alfa-1-fraktio	g/l	N	1778	806
s-alfa-1-globuliini	g/l	N	11	9
s-alfa-1-globuliini,fraktio	g/l	N	59	56
s-alfa-2	g/l	N	12520	5293
s-alfa-2		N	14	14
s-alfa-2	g/l	A	1290	958
s-alfa-2	g/l	H	648	522
s-alfa-2	g/l	L	342	205
s-alfa-2-fraktio	g/l	N	1758	812
s-alfa-2-fraktio	g/l	A	559	389
s-alfa-2-globuliini,fraktio	g/l	N	60	57
s-alfa-2-globuliini,osatutkimuss-prot-fr	g/l	A	10	9
s-alfa1		N	40	40
s-alfa1	g/l	N	284	226
s-alfa1	g/l	A	156	119
s-alfa1		A	8	8
s-alfa1-globuliini(valetietues-prot-fr)	g/l	A	7	7
s-alfa2	g/l	A	627	455
s-alfa2		N	19	19
s-alfa2	g/l	N	210	166
s-alfa2		A	28	28
s-alfgale	u/ml	N	209	200
s-alfgale	u/ml	A	14	13
s-alfgale	u/ml	H	10	8
s-alkalinenfosfataasi	u/l	N	213	181
s-alkalinenfosfataasi	u/l	A	96	88
s-alkalinenfosfataasi,isoentsyymit		N	23	19
s-alkalinenfosfataasi,luustomuoto(elektrof)	u/l	A	6	6
s-alkalinenfosfataasi,luustoper.isoentsyymi(elektrof)	u/l	N	14	14
s-alkalinenfosfataasi,makromuoto(elektrof)	u/l	N	18	15
s-alkalinenfosfataasi,makromuoto(elektrof)	u/l	A	27	24
s-alkalinenfosfataasi,maksaper.isoentsyymi(el	u/l	A	21	19
s-alkalinenfosfataasi,maksaper.isoentsyymi(elektrof)	u/l	N	15	11
s-alkalinenfosfataasi,maksaper.isoentsyymi(elektrof)	u/l	A	7	7
s-alkalinenfosfataasi,muut(elektrof)	u/l	N	10	9
s-alko		N	89	50
s-allcome		N	43	43
s-allergeeni,c.herbarum(home/mögel)m2		N	20	19
s-allergeeni,d.pteronyssinus(pölyp./kval.)d1		N	16	16
s-allergeeni,hevonen(hilse)/häst(mjäll)e3	u/ml	A	6	6
s-allergeeni,hevonen(hilse)/häst(mjäll)e3		N	15	15
s-allergeeni,igevasta-aineet,kosteusvauriohomeryhmä		N	12	12
s-allergeeni,kissa(hilse)/katt(mjäll)e1	u/ml	A	8	8
s-allergeeni,kissa(hilse)/katt(mjäll)e1		N	11	11
s-allergeeni,koira(hilse)/hund(mjäll)e5	u/ml	A	6	6
s-allergeeni,koira(hilse)/hund(mjäll)e5		N	13	13
s-allergeeni,koivu(siitepöly)/björk(pollen)	u/ml	A	11	11
s-allergeeni,koivu(siitepöly)/björk(pollen)		N	10	10
s-allergeeni,pujo(siitepöly)/gråbo(pollen)w6		N	17	17
s-allergeeni,pölyerittely(phadiatop)/inhalations(pi)	u/ml	A	12	12
s-allergeeni,pölyerittely(phadiatop)/inhalations(pi)	u/ml	N	12	12
s-allergeeni,pölyerittely(phadiatop)/inhalations(pi)		N	18	18
s-allergeeni,timotei/timotej(pollen/siitep.)g6		N	11	11
s-allergeeni,timotei/timotej(pollen/siitep.)g6	u/ml	A	8	8
s-allige		N	75	53
s-allige	u/ml	H	1046	467
s-allige	u/ml	N	25	18
s-allige	u/ml	A	11	9
s-allige,cashew-pähkinä		N	21	21
s-allige,cladosporiumherbarum,home/mögel		N	437	436
s-allige,cladosporiumherbarum,home/mögel	u/ml	H	11	11
s-allige,cladosporiumherbarum,home/mögel	u/ml	N	7	7
s-allige,cladosporiumherbarum,home/mögel	u/ml	A	9	9
s-allige,dermatophagoidespteronyssinus,pölypun		N	284	283
s-allige,dermatophagoidespteronyssinus,pölypun	u/ml	N	33	33
s-allige,dermatophagoidespteronyssinus,pölypun	u/ml	H	34	34
s-allige,dermatophagoidespteronyssinus,pölypunkki/dammvalster	u/ml	N	13	13
s-allige,dermatophagoidespteronyssinus,pölypunkki/dammvalster		N	134	133
s-allige,dermatophagoidespteronyssinus,pölypunkki/dammvalster	u/ml	A	22	22
s-allige,gliadiini,vehnä		N	45	45
s-allige,hasselpähkinä/hasselnöt	u/ml	H	15	15
s-allige,hasselpähkinä/hasselnötosa	u/ml	A	7	7
s-allige,hevonen(hilse)/häst(mjäll)		N	359	358
s-allige,hevonen(hilse)/häst(mjäll)	u/ml	N	29	29
s-allige,hevonen(hilse)/häst(mjäll)	u/ml	H	28	28
s-allige,hevonen(hilse)/häst(mjäll)	u/ml	A	15	15
s-allige,kala(turska)/fisk(torsk)		N	112	112
s-allige,kaseiini		N	43	43
s-allige,kaseiini/casein		N	20	20
s-allige,kaseiiniosa		N	18	18
s-allige,katkarapu/räka		N	7	7
s-allige,kaura(jauho)/havre(mjöl)		N	19	19
s-allige,kissa(hilse)/katt(mjäll)		N	307	306
s-allige,kissa(hilse)/katt(mjäll)	u/ml	N	32	32
s-allige,kissa(hilse)/katt(mjäll)	u/ml	H	65	65
s-allige,kissa(hilse)/katt(mjäll)	u/ml	A	12	12
s-allige,kissa(hilse)/katt(mjäll)osa	u/ml	N	6	6
s-allige,kissa(hilse)/katt(mjäll)osa	u/ml	A	17	17
s-allige,kissa(hilse)/katt(mjäll)osa		N	25	25
s-allige,koira(hilse)/hund(mjäl)		N	304	303
s-allige,koira(hilse)/hund(mjäl)	u/ml	H	66	66
s-allige,koira(hilse)/hund(mjäl)	u/ml	N	34	34
s-allige,koira(hilse)/hund(mjäl)	u/ml	A	13	13
s-allige,koira(hilse)/hund(mjäll)osa	u/ml	A	37	36
s-allige,koira(hilse)/hund(mjäll)osa		N	74	72
s-allige,koira(hilse)/hund(mjäll)osa	u/ml	N	15	15
s-allige,koivu/björk		N	343	341
s-allige,koivu/björk	u/ml	H	115	115
s-allige,koivu/björk	u/ml	N	30	30
s-allige,koivu/björk	u/ml	A	67	67
s-allige,kookospähkinä/kokosnöt		N	8	8
s-allige,lehmä(hilse)/ko(mjäll)		N	7	7
s-allige,leppä/al		N	7	6
s-allige,maapähkinä/jordnöt		N	56	55
s-allige,maapähkinä/jordnöt	u/ml	H	8	7
s-allige,maapähkinä/jordnöt	u/ml	N	12	12
s-allige,maapähkinä/jordnötosatutkimus		N	35	35
s-allige,maapähkinä/jordnötosatutkimus	u/ml	A	7	6
s-allige,maissi/majs		N	8	8
s-allige,maito/mjölk		N	49	49
s-allige,maito/mjölktk		N	34	34
s-allige,manteli/mandel		N	6	6
s-allige,munanvalkuainen/äggvita		N	50	50
s-allige,munanvalkuainen/äggvitaosa		N	33	33
s-allige,nglym5(f431,natiivi,soijapapu)		N	21	21
s-allige,nglym5(varastoproteiini/lagerprotein		N	43	43
s-allige,nglym6(f432,natiivi,soijapapu)		N	20	20
s-allige,nglym6(varastoproteiini/lagerprotein		N	43	43
s-allige,ohra(jauho)/korn(mjöl)		N	18	18
s-allige,omega-5gliadin		N	84	84
s-allige,ovomukoidi		N	22	22
s-allige,ovomukoidi/ovomucoid		N	41	41
s-allige,ovomukoidiosatutkimus		N	23	23
s-allige,parapähkinä/paranöt		N	16	16
s-allige,pekaanipähkinä/pekannöt		N	18	18
s-allige,pistaasi(manteli)/pistasch(mandel)		N	16	16
s-allige,pujo/grabo		N	408	406
s-allige,pujo/grabo	u/ml	N	43	43
s-allige,pujo/grabo	u/ml	H	36	36
s-allige,pujo/grabo	u/ml	A	36	36
s-allige,ranao3(f443,rekombinantti,cashewpä		N	20	20
s-allige,rarah1(f422,rekombinantti,maapähki		N	60	59
s-allige,rarah1(f422,rekombinantti,maapähkinä)		N	23	23
s-allige,rarah2(f423,rekombinantti,maapähki		N	55	54
s-allige,rarah2(f423,rekombinantti,maapähkinä)		N	21	21
s-allige,rarah3(f424,rekombinantti,maapähki		N	46	46
s-allige,rarah3(f424,rekombinantti,maapähkinä)		N	21	21
s-allige,rarah6(f447,rekombinantti,maapähki		N	20	20
s-allige,rarah8pr-10(f352,rekombinantti,ma		N	58	58
s-allige,rarah8pr-10(f352,rekombinantti,ma	u/ml	H	6	6
s-allige,rarah8pr-10(rf352,rekombinantti,maapähkinä)		N	21	21
s-allige,rarah9ltp(f427,rekombinantti,maap		N	60	59
s-allige,rarah9ltp(f427,rekombinantti,maapähkinä)		N	21	21
s-allige,rbere1(f354,rekombinantti,parapähkin		N	22	22
s-allige,rcora1(f428,rekombinantti,hasselpäh	u/ml	H	14	14
s-allige,rcora1(f428,rekombinantti,hasselpäh		N	9	9
s-allige,rcora14(f439,rekombinantti,hasselpä		N	12	12
s-allige,rcora8(f425,rekombinantti,hasselpäh		N	12	12
s-allige,rcora9(f440,rekombinantti,hasselpäh		N	11	11
s-allige,rglym4pr-10(f353,rekombinantti,so		N	43	43
s-allige,rglym4pr-10(f353,rekombinantti,soijapapu)		N	20	20
s-allige,riisi/ris		N	8	8
s-allige,rjugr1(f441,rekombinantti,saksanpäh		N	21	21
s-allige,rjugr3(f442,rekombinantti,saksanpähk		N	21	21
s-allige,ruis(jauho)/r}g(mjöl)		N	20	20
s-allige,saksanpähkinä(ruoka-aine)/valnöt(födoämn)		N	13	13
s-allige,seesaminsiemen/sesamfrö		N	8	8
s-allige,sinisimpukka/blamussla		N	7	7
s-allige,soijapapu/sojaböna	u/ml	N	6	6
s-allige,soijapapu/sojaböna		N	47	47
s-allige,soijapapu/sojabönaosatutkimus		N	31	30
s-allige,tattari/bovete		N	8	8
s-allige,timotei/timotej		N	360	358
s-allige,timotei/timotej	u/ml	H	112	112
s-allige,timotei/timotej	u/ml	N	24	24
s-allige,timotei/timotej	u/ml	A	62	62
s-allige,vehnä(jauho)/vete(mjöl)		N	88	87
s-altalte		N	62	60
s-amebab		N	11	11
s-amh	ug/l	N	2833	2379
s-amh		N	296	152
s-amh	ug/l	A	403	311
s-amh		L	86	73
s-amh	ug/l	H	219	202
s-amh		A	100	81
s-amh	ug/l	L	196	171
s-ami		N	49	11
s-ami	mg/l	N	50	10
s-aminors		N	8	7
s-aminors	nmol/l	A	22	16
s-aminors		L	9	9
s-amiod	umol/l	A	10	10
s-amiod	umol/l	L	9	9
s-amisulpridi	ug/l	N	13	8
s-amitrip	nmol/l	N	16	15
s-amokse	u/ml	N	62	61
s-amoksilliiniige-vasta-aineet		N	16	15
s-ampise	u/ml	N	45	44
s-ampmyre		N	9	9
s-ampmyre	u/ml	N	71	69
s-ampmyre	u/ml	A	109	102
s-ampmyre	u/ml	H	56	52
s-ampmyre		H	10	10
s-ampmyre		A	14	13
s-amyl	u/l	N	3072	2849
s-amyl	u/l	A	150	130
s-amyl	u/l	H	263	195
s-amyl	u/l	L	213	188
s-amyl		N	49	46
s-amyl		A	18	14
s-amyl		L	8	8
s-amyl-is		N	69	68
s-amylaasi	u/l	N	51	50
s-amylp	u/l	A	81	74
s-amylp	u/l	H	13	13
s-amylp	u/l	N	62	58
s-amylp		A	25	23
s-amyls	u/l	A	88	78
s-amyls	u/l	N	56	53
s-amyls		A	19	15
s-amyls	u/l	H	9	9
s-amyls	u/l	L	6	6
s-ana	titre	A	4179	3027
s-ana		N	15747	13531
s-ana	titre	N	3441	3089
s-ana		A	703	561
s-ana	titre	H	1752	1268
s-ana		H	124	105
s-ana(ait)	titre	A	25	23
s-ana-ab		N	115	104
s-ana-ab	titre	A	9	9
s-ana-ab		A	16	15
s-ana-ty		A	816	616
s-ana-ty		N	667	467
s-ana-ty	u/ml	N	12	8
s-anaab		N	92	92
s-anaab	titre	A	65	53
s-anaab	titre	H	79	74
s-anaab		H	99	86
s-anaab		A	60	53
s-anaab	titre	N	7	6
s-anaab-a		N	869	832
s-anaabbl		N	968	851
s-ananase	u/ml	N	21	21
s-anaty-jt		A	14	12
s-anca		N	2405	2145
s-anca,perinukleaarinenvärjäytymiskuvio		N	37	11
s-anca,perinukleaarinenvärjäytymiskuvio	titre	A	6	6
s-anca,sytoplasminenvärjäytymiskuvio		N	41	12
s-anca-p	titre	A	28	10
s-anca-t		N	26	26
s-ancabk		N	172	168
s-ancapika		A	10	10
s-ancatut		N	6	6
s-ancif		N	271	236
s-anplabg		N	9	8
s-antistreptolysiini		N	53	52
s-antistreptolysiini	iu/ml	N	13	13
s-antitry	g/l	N	1093	1051
s-antitry	g/l	A	1073	1014
s-antitry		H	15	15
s-antitry	g/l	H	220	216
s-antitry		A	156	144
s-antitry	g/l	L	93	87
s-apim10e	u/ml	N	8	8
s-apim10e	u/ml	A	9	8
s-apob/a1	ratio	H	957	826
s-apob/a1-suhde		N	144	143
s-apob/a1-suhde		H	49	49
s-apob/apoa1-suhde	ratio	H	1049	1044
s-apolipoproteiinia1	g/l	N	246	228
s-apolipoproteiinia1	g/l	H	8	8
s-apolipoproteiinia1	g/l	L	11	11
s-apolipoproteiinib	g/l	N	248	229
s-apolipoproteiinib	g/l	L	12	11
s-appelse	u/ml	N	24	23
s-appelse		N	7	7
s-apututkimusneuvolalletr1seulvarten		N	41	40
s-aqp4ab		N	300	261
s-aridhas	ug/l	A	17	15
s-aridhas	ug/l	N	36	30
s-aridhas	ug/l	H	7	6
s-aridhas		N	13	12
s-aridhas	nmol/l	A	7	7
s-aripi	nmol/l	L	22	14
s-aripi	nmol/l	H	42	21
s-aripi	nmol/l	N	46	38
s-aripi	nmol/l	A	138	102
s-aripi		A	39	35
s-aripi	ug/l	N	31	20
s-aripi		N	15	12
s-aripipr	nmol/l	N	140	101
s-aripipr	nmol/l	H	70	40
s-aripipr	ug/l	N	92	64
s-aripipr		N	6	6
s-aripipr	nmol/l	L	20	16
s-aripipratsoli	nmol/l	A	6	6
s-aripipratsolinjadehydroaripipratsolinyht.lask.pitoisuus	ug/l	N	21	13
s-asat	u/l	N	4381	3410
s-asat	u/l	A	550	415
s-asat	u/l	H	3426	2329
s-asat	iu/l	N	247	190
s-asat	u/l	L	350	310
s-asat		N	52	51
s-asat		L	13	13
s-asca		N	89	84
s-asca-aba	u/ml	A	9	7
s-asca-abg	u/ml	A	6	6
s-ascaba		N	73	70
s-ascaba	u/ml	A	40	39
s-ascaba	u/ml	H	33	30
s-ascaba		A	10	10
s-ascabg		N	80	77
s-ascabg	u/ml	A	30	28
s-ascabg	u/ml	H	27	24
s-ascabg		A	8	8
s-asetoni		N	138	83
s-asetoni	mmol/l	N	21	16
s-asiroe	u/ml	A	15	15
s-asiroe	u/ml	N	7	7
s-asiroe		N	8	8
s-aspartaattiaminotransferaasi	u/l	N	497	436
s-aspartaattiaminotransferaasi	u/l	A	57	53
s-aspartaattiaminotransferaasi		N	7	7
s-aspeag		N	386	241
s-aspeag	index	H	23	11
s-aspeag	index	N	8	7
s-aspeag	index	A	31	8
s-aspergillusfumigatus,igevasta-aineet		N	13	13
s-aspergillusfumigatus,igevasta-aineet	u/ml	A	16	13
s-aspergillusversicolor(gm25),ige-vasta-aineet		N	11	11
s-aspergillusvesicolor,igevasta-aineet		N	18	18
s-aspfume		A	57	44
s-aspfume	u/ml	A	612	253
s-aspfume	u/ml	N	408	366
s-aspfume		N	163	159
s-aspfume	u/ml	H	154	94
s-aspfume		H	17	17
s-aspfumg	mg/l	N	151	114
s-aspfumg		N	8	7
s-aspvere	u/ml	N	9	9
s-ast		N	532	510
s-ast	iu/ml	A	230	197
s-ast	u/ml	A	76	67
s-ast	iu/ml	H	227	205
s-ast		A	29	26
s-ast	iu/ml	N	470	451
s-ast	u/ml	H	37	34
s-ast		H	17	16
s-ast	iu/ml	HH	11	9
s-ast	u/ml	N	23	22
s-asta		N	585	551
s-asta		H	12	9
s-asta	iu/ml	A	94	75
s-asta	iu/ml	N	18	18
s-asta	iu/ml	H	24	23
s-asta		A	18	16
s-aurkuke	u/ml	N	6	6
s-aurpulg	mg/l	N	7	6
s-avokade	u/ml	N	13	13
s-b12	pmol/l	N	35	34
s-b12	pmol/l	A	11	10
s-b12-akt	pmol/l	A	129	112
s-b12-tc2	pmol/l	N	59652	43569
s-b12-tc2		N	57295	39667
s-b12-tc2		L	8238	7393
s-b12-tc2	pmol/l	L	1636	1403
s-b12-tc2	pmol/l	A	4774	4013
s-b12-tc2	pmol/l	H	769	679
s-b12-tc2		A	176	170
s-b12-tc2		H	21	21
s-b12-vit	pmol/l	N	16910	13775
s-b12-vit	pmol/l	A	15986	11771
s-b12-vit	pmol/l	H	5923	4974
s-b12-vit		H	70	68
s-b12-vit		A	763	679
s-b12-vit		L	159	151
s-b12-vit	pmol/l	L	308	290
s-b12-vit		N	59	58
s-b12-vit	pmol/l	AA	30	28
s-b12-vitamiini	pmol/l	N	113	106
s-b12-vitamiini	pmol/l	A	153	149
s-b12-vitamiini	pmol/l	H	20	20
s-b12-vitamiini		A	11	10
s-b12-vitamiini		N	10	10
s-b12-vitamiini(ko)	pmol/l	N	44	42
s-b12-vitamiini(pi)	pmol/l	N	36	34
s-b12-vitamiini,aktiivinen	pmol/l	A	47	42
s-b12-vitamiini,aktiivinen	pmol/l	N	27	25
s-b12-vitamiini,aktiivinen		N	14	14
s-b12-vitamiini,aktiivinen	pmol/l	L	26	23
s-b12-vitamiini,transkobalamiiniii:eensit.		N	149	138
s-b12-vitamiini,transkobalamiiniii:eensit.	pmol/l	N	69	63
s-b12-vitamiini,transkobalamiiniii:eensit.	pmol/l	A	11	10
s-b12-vitamiini,transkobalamiiniii:eensitoutun	pmol/l	A	57	56
s-b12-vitamiini,transkobalamiiniii:eensitoutunut,seerumista	pmol/l	N	75	64
s-b12-vitamiini,transkobalamiiniii:eensitoutunut,seerumista		N	76	69
s-b12-vitamiini,transkobalamiiniii:nsitoutunut	pmol/l	N	1024	976
s-b12-vitamiini,transkobalamiiniii:nsitoutunut		N	580	560
s-b12-vitamiini,transkobalamiiniii:nsitoutunut	pmol/l	L	25	20
s-b12-vitamiini.aktiivinen	pmol/l	A	15	15
s-b12t-c2	pmol/l	A	7	7
s-b12vit	pmol/l	A	27	25
s-b1glob	g/l	A	138	47
s-b1glob		N	16	15
s-b2glob	g/l	A	149	48
s-b2glob		N	16	14
s-b2gpabg	u/ml	A	67	43
s-b2gpabg	u/ml	N	55	48
s-b2gpabg	sgu	A	30	20
s-b2gpabg		A	13	10
s-b2gpabg		N	21	19
s-b2gpabm	u/ml	A	46	35
s-b2gpabm		A	11	8
s-b2gpabm		N	18	16
s-b2miglo	mg/l	H	840	652
s-b2miglo	mg/l	A	2495	1467
s-b2miglo	mg/l	N	426	361
s-b2miglo		A	165	109
s-b2miglo		H	16	14
s-b6-vit	nmol/l	N	60	58
s-b6-vit		A	14	14
s-b6-vit	nmol/l	A	183	168
s-b6-vit	nmol/l	H	35	29
s-banaane	u/ml	H	14	13
s-banaane	u/ml	N	44	43
s-banaane	u/ml	A	22	22
s-bartab		N	125	124
s-basilie	u/ml	N	7	7
s-beeta-1	g/l	H	9	6
s-beeta-1	g/l	N	10	8
s-beeta-1	g/l	L	7	6
s-beeta-1-globuliini	g/l	N	8	7
s-beeta-1-globuliini,fraktio	g/l	N	56	53
s-beeta-2	g/l	H	13	9
s-beeta-2	g/l	N	10	8
s-beeta-2-globuliini	g/l	N	11	9
s-beeta-2-globuliini,fraktio	g/l	N	57	54
s-beeta-2-mikroglobuliini	mg/l	A	45	43
s-belacte	u/ml	A	37	20
s-belacte	u/ml	H	7	7
s-beta-1	g/l	N	11586	5210
s-beta-1	g/l	A	1805	995
s-beta-1	g/l	L	1491	817
s-beta-1		N	14	14
s-beta-1	g/l	H	472	127
s-beta-1-fraktio	g/l	N	1900	930
s-beta-1-fraktio	g/l	A	480	257
s-beta-2	g/l	N	11044	5033
s-beta-2	g/l	H	2062	897
s-beta-2	g/l	A	2189	1135
s-beta-2		N	14	14
s-beta-2	g/l	L	570	181
s-beta-2-fraktio	g/l	N	1847	858
s-beta-2-fraktio	g/l	A	558	323
s-beta-2-fraktio		A	7	7
s-beta-2-globuliini,osatutkimuss-prot-fr	g/l	A	12	11
s-beta1		N	46	45
s-beta1	g/l	A	187	52
s-beta1	g/l	N	353	291
s-beta1-globuliini(valetietues-prot-fr)	g/l	A	9	7
s-beta2		N	43	42
s-beta2	g/l	N	341	278
s-beta2	g/l	A	200	98
s-bil	umol/l	N	4213	3673
s-bil	umol/l	L	688	624
s-bil	umol/l	H	934	671
s-bil	umol/l	A	339	205
s-bil		L	80	79
s-bil		A	12	12
s-bil-kj	umol/l	N	797	739
s-bil-kj	umol/l	H	1244	919
s-bil-kj	umol/l	A	131	105
s-bil-kj		N	35	32
s-bilirubiini	umol/l	N	53	52
s-bio		N	3355	3055
s-biofmc		N	91	85
s-biol		N	190	190
s-biol2		N	52	52
s-biomam		N	78	76
s-björk		N	79	76
s-björk	u/ml	A	12	11
s-björke		N	7	7
s-bopeab		N	579	530
s-bopeaba		N	606	576
s-bopeaba	iu/ml	N	253	247
s-bopeaba		A	78	67
s-bopeaba	iu/ml	H	149	134
s-bopeaba		H	39	35
s-bopeaba	iu/ml	A	84	75
s-bopeabg		N	463	441
s-bopeabg	iu/ml	N	257	253
s-bopeabg	iu/ml	H	186	168
s-bopeabg		A	45	44
s-bopeabg	iu/ml	A	96	83
s-bopeabg		H	29	28
s-bopeabm		N	517	492
s-bopeabm	index	H	34	29
s-bopeabm	index	A	53	40
s-bopeabm	index	N	9	8
s-bopeabm		A	25	21
s-bopeabm		H	6	6
s-bor-abg	ru/ml	A	14	10
s-bor-abg		N	41	35
s-bor-abg	u/ml	A	25	19
s-bor-abm	ru/ml	A	12	9
s-bor-abm		N	41	35
s-bor-abm		A	18	14
s-borabgjt		N	7	7
s-borabgjt		A	9	8
s-borabgv		N	9	8
s-borabgv		A	229	188
s-borabgv	au/ml	H	65	58
s-borabgv	au/ml	A	180	137
s-borabgvosat.		N	29	24
s-borabgvosat.	au/ml	A	25	21
s-borabjt		N	295	277
s-borabjt		A	10	10
s-borabmjt		N	7	7
s-borabmjt		A	8	6
s-borabmo	au/ml	H	8	8
s-borabmv		A	138	113
s-borabmv	au/ml	H	52	44
s-borabmv	au/ml	A	114	84
s-borabmvosat.	au/ml	A	26	22
s-borabmvosat.	au/ml	N	30	27
s-borc6ab		N	237	228
s-borc6ab		A	165	143
s-bordetellapertussis,iga-vasta-aineet		N	20	19
s-bordetellapertussis,igavasta-aineet	iu/ml	N	14	13
s-bordetellapertussis,igavasta-aineet		N	29	28
s-bordetellapertussis,igavasta-aineet	iu/ml	A	8	8
s-bordetellapertussis,igg-vasta-aineet	iu/ml	N	7	6
s-bordetellapertussis,igg-vasta-aineet		N	25	24
s-bordetellapertussis,iggvasta-aineet	iu/ml	N	18	18
s-bordetellapertussis,iggvasta-aineet		N	23	23
s-bordetellapertussis,iggvasta-aineet	iu/ml	A	9	8
s-bordetellapertussis,iggvasta-aineet		A	7	7
s-bordetellapertussis,igm-vasta-aineet		N	19	19
s-bordetellapertussis,igmvasta-aineet		N	13	13
s-bordetellapertussis,vasta-aineet		N	18	18
s-bordetellapertussis,vasta-aineet,lausunto		A	7	7
s-bordetellapertussis,vasta-aineet,lausunto		N	14	14
s-borrab		N	6086	5288
s-borrab		A	78	59
s-borrab,c6-indeksi		H	11	11
s-borrab,c6-indeksi		N	8	8
s-borrabg	responseequivalent/ml	A	1167	896
s-borrabg		N	5877	5266
s-borrabg	au/ml	H	952	786
s-borrabg		H	989	802
s-borrabg	au/ml	N	212	198
s-borrabg	responseequivalent/ml	H	461	348
s-borrabg	ru/ml	H	368	298
s-borrabg		A	382	313
s-borrabg	au/ml	A	97	78
s-borrabg	responseequivalent/ml	N	7	7
s-borrabg	form	N	10	9
s-borrabg	u/ml	A	18	14
s-borrabm	responseequivalent/ml	A	1991	1600
s-borrabm		N	4745	4289
s-borrabm		H	1638	1366
s-borrabm	au/ml	N	1022	952
s-borrabm	au/ml	H	1125	891
s-borrabm	responseequivalent/ml	H	549	430
s-borrabm	au/ml	A	91	70
s-borrabm	ru/ml	H	591	447
s-borrabm		A	313	250
s-borrabm	ru/ml	A	12	12
s-borrabm	ru/ml	N	45	42
s-borrabm	responseequivalent/ml	N	17	17
s-borrabm	form	N	17	15
s-borrc6	u	N	8	8
s-borrc6	au	A	12	7
s-borrc6	li	A	20	15
s-borrc6	au	N	9	9
s-borrc6		N	6	6
s-borrelia,iggvasta-aineet		N	121	109
s-borrelia,iggvasta-aineet	u/ml	A	19	19
s-borrelia,iggvasta-aineet	au/ml	A	59	50
s-borrelia,iggvasta-aineet		A	15	15
s-borrelia,igm-vasta-aineet		A	18	12
s-borrelia,igm-vasta-aineet		N	71	67
s-borrelia,igmvasta-aineet		N	28	26
s-borrelia,igmvasta-aineet	ru/ml	N	12	12
s-borrelia,igmvasta-aineet		A	7	6
s-borrelia,igmvasta-aineet	au/ml	N	12	11
s-borrelia,igmvasta-aineet	au/ml	A	27	25
s-borrelia,igmvasta-aineet	responseequivalent/ml	A	6	6
s-borrelia,vasa-aineetigmjatkotutkimus		N	6	6
s-borrelia,vasta-aineet		N	45	42
s-borrelia,vasta-aineet,lausunto		A	29	22
s-borrelia,vasta-aineet,lausunto		N	134	119
s-borrelia,vasta-aineetiggjatkotutkimus		N	24	24
s-borrelia,vasta-aineetiggjatkotutkimus		A	11	10
s-borrelia,vasta-aineetiggvarmistustutkimus		N	178	155
s-borrelia,vasta-aineetiggvarmistustutkimus	au/ml	A	134	102
s-borrelia,vasta-aineetiggvarmistustutkimus	au/ml	H	38	35
s-borrelia,vasta-aineetiggvarmistustutkimus		H	16	16
s-borrelia,vasta-aineetiggvarmistustutkimus	au/ml	N	28	26
s-borrelia,vasta-aineetiggvarmistustutkimus		A	45	37
s-borrelia,vasta-aineetigmjatkotutkimus		N	25	25
s-borrelia,vasta-aineetigmvarmistustutkimus	au/ml	N	247	216
s-borrelia,vasta-aineetigmvarmistustutkimus		N	61	55
s-borrelia,vasta-aineetigmvarmistustutkimus	au/ml	A	103	77
s-borrelia,vasta-aineetigmvarmistustutkimus	au/ml	H	44	35
s-borrelia,vasta-aineetigmvarmistustutkimus		H	21	20
s-borrelia,vasta-aineetigmvarmistustutkimus		A	25	19
s-borrelia,vasta-ainetutkimus,laaja		N	19	19
s-borreliaburgdorferi,c6vasta-aineet		A	45	38
s-borreliaburgdorferi,iggvasta-aineet		A	6	6
s-borreliaburgdorferi,iggvasta-aineet		N	20	19
s-borreliaburgdorferi,iggvasta-aineet	au/ml	A	41	37
s-borreliaburgdorferi,iggvasta-aineet(ko)		N	22	21
s-borreliaburgdorferi,igmvasta-aineet	au/ml	A	35	34
s-borreliaburgdorferi,igmvasta-aineet		N	19	19
s-borreliaburgdorferi,igmvasta-aineet	responseequivalent/ml	A	20	18
s-borreliaburgdorferi,igmvasta-aineet(ko)		N	21	20
s-borreliaburgdorferii,iggvasta-aineet		N	74	70
s-borreliaburgdorferii,igmvasta-aineet		N	74	70
s-borreliaburgdorferii,vasta-aineet		N	62	60
s-borreliaigg,vasta-aineet		N	13	12
s-borreliaigg,vasta-aineet	au/ml	A	11	8
s-borreliaigm,vasta-aineet		N	13	12
s-borreliavasta-aineetiggjatkotutkimus		N	6	6
s-borrigg	u/mol	N	10	10
s-borrigg	u/ml	A	8	7
s-borrp		N	19	19
s-borrwbg		N	15	15
s-bp180ab	u/ml	A	7	6
s-bp230ab		N	66	61
s-bp230ab	titre	N	9	8
s-bp230ab	titre	H	6	6
s-br	mmol/l	N	52	8
s-brucab		N	103	85
s-c-anca	titre	A	259	123
s-c-anca		N	58	58
s-c-anca		A	35	18
s-c-anca-vasta-aineet,immunofluoresenssi		N	244	237
s-c-anca-vasta-aineet,immunofluoresenssi	titre	A	14	8
s-c-ancab		N	12	12
s-c-ancif		N	1408	1239
s-c-ancif	titre	A	124	86
s-c-ancif	titre	H	25	21
s-c-ancif		A	13	10
s-c-ancif		H	7	7
s-c-def		N	298	231
s-c-pep-a	nmol/l	A	413	374
s-c-pep-a	nmol/l	N	351	313
s-c-pep-a	nmol/l	H	617	566
s-c-pep-a	nmol/l	L	628	513
s-c-pep-a		N	89	83
s-c-pep-a		H	70	69
s-c-pep-a		A	68	66
s-c-pep-a		L	93	80
s-c-pept	nmol/l	N	32	29
s-c-pept		A	47	46
s-c-pept	nmol/l	A	62	49
s-c-pept		N	37	33
s-c-pept-r	nmol/l	A	11	11
s-c-pept-r	nmol/l	N	9	9
s-c-peptidi+gluk(2tuntiaateriasta)	nmol/l	N	6	6
s-c-peptidi,2haterianjälkeen	nmol/l	A	6	6
s-c-peptidi,proinsuliinin,aterianjälkeen	nmol/l	A	30	28
s-c-peptidi1haterianjäkeen	nmol/l	A	36	32
s-c-peptidi1haterianjälkeen	nmol/l	H	98	92
s-c-peptidi1haterianjälkeen	nmol/l	A	23	23
s-c-peptidi1haterianjälkeen	nmol/l	L	36	31
s-c-peptidi1haterianjälkeen	nmol/l	N	22	22
s-c-peptidiaterianjälkeen	nmol/l	H	36	36
s-c-peptidiaterianjälkeen	nmol/l	A	30	30
s-c-peptidiaterianjälkeen	nmol/l	N	38	36
s-c-peptidiaterianjälkeen	nmol/l	L	19	18
s-c-peptidikaksituntiaaterianjälkeen	nmol/l	A	34	33
s-c-peptidikaksituntiaaterianjälkeen	nmol/l	N	7	7
s-c-reaktiivinenproteiini	mg/l	A	194	165
s-c-reaktiivinenproteiini	mg/l	N	578	483
s-c-reaktiivinenproteiini		N	121	79
s-c-reaktiivinenproteiini,herkkä	mg/l	N	527	490
s-c-reaktiivinenproteiini,herkkä	mg/l	A	257	237
s-c-reaktiivinenproteiini,herkkä		N	34	33
s-c-reaktiivinenproteiini,herkkä	mg/l	H	16	16
s-c-reaktiivinenproteiini,herkkä,seerumista	mg/l	N	27	18
s-c-reaktiivinenproteiini,herkkä,seerumista	mg/l	A	24	17
s-c-reaktiivinenproteiini,herkkä,seerumista/vapaty2	mg/l	N	12	12
s-c-reaktiivinenproteiini,pika		N	187	150
s-c-reaktiivinenproteiini,pika	mg/l	N	45	41
s-c-reaktiivinenproteiini,pika	mg/l	A	32	26
s-c-reaktiivinenproteiini,pika		A	12	11
s-c-reaktiivinenproteiini/	mg/l	N	143	131
s-c-reaktiivinenproteiini/	mg/l	A	48	43
s-c1inh	g/l	N	372	342
s-c1inh	g/l	A	83	66
s-c1inh	g/l	H	24	23
s-c1inh		A	19	16
s-c1inh	g/l	L	25	15
s-c1inh		N	12	11
s-c1inhbk	%	L	13	6
s-c1inhbk	%	N	272	255
s-c1inhbk	g/l	N	6	6
s-c3	g/l	A	1193	893
s-c3	g/l	H	1032	887
s-c3	g/l	N	3598	2316
s-c3	g/l	L	365	151
s-c3		A	92	82
s-c3nef		N	61	50
s-c4	g/l	N	3742	2512
s-c4	g/l	L	655	245
s-c4	g/l	H	571	515
s-c4	g/l	A	956	518
s-c4		A	110	69
s-c4		L	58	15
s-c4		N	14	14
s-ca	mmol/l	N	7997	6973
s-ca	mmol/l	L	275	240
s-ca	mmol/l	H	1024	885
s-ca	mmol/l	A	190	155
s-ca	g/l	N	8	6
s-ca		N	7	7
s-ca		L	17	17
s-ca(7.4)	mmol/l	A	12700	3496
s-ca(7.4)	mmol/l	N	7583	5450
s-ca(7.4)	mmol/l	H	603	352
s-ca(7.4)	mmol/l	L	166	99
s-ca(7.4)	nmol/l	A	20	15
s-ca(7.4)		N	21	21
s-ca(7.4)	nmol/l	N	73	65
s-ca(akt)	mmol/l	A	37122	9316
s-ca(akt)	mmol/l	N	618	517
s-ca(akt)		A	22	22
s-ca++/7.40		A	1017	704
s-ca-17.4	mmol/l	N	164	95
s-ca-17.4	mmol/l	A	204	75
s-ca-akt	mmol/l	A	54	30
s-ca-albk	mmol/l	N	3943	3261
s-ca-albk		N	398	284
s-ca-albk	mmol/l	A	370	202
s-ca-albk	mmol/l	H	526	461
s-ca-albk		L	15	14
s-ca-albk		A	15	15
s-ca-albk	mmol/l	L	43	41
s-ca-i7.4	mmol/l	N	1318	841
s-ca-i7.4	mmol/l	A	12728	4209
s-ca-i7.4		A	1252	445
s-ca-i7.4		N	10	10
s-ca-ion	mmol/l	A	68565	17371
s-ca-ion	mmol/l	H	24097	8644
s-ca-ion	mmol/l	N	134663	52107
s-ca-ion		N	5043	3397
s-ca-ion	mmol/l	L	23329	7316
s-ca-ion	mmol/l	HH	664	225
s-ca-ion		L	59	54
s-ca-ion		A	19	18
s-ca-ion	mmol/l	LL	87	58
s-ca-ion,osatutkimus2019		N	36	32
s-ca-iona	mmol/l	N	116284	35653
s-ca-iona		N	186	167
s-ca12-5	u/ml	A	7790	2050
s-ca12-5	u/ml	N	11917	4005
s-ca12-5	u/ml	H	6435	1509
s-ca12-5		A	262	109
s-ca12-5		N	975	345
s-ca12-5		H	31	24
s-ca12-5antigeeni	u/ml	A	149	42
s-ca15-3	u/ml	N	5982	2201
s-ca15-3	u/ml	H	2030	482
s-ca15-3	u/ml	A	4239	807
s-ca15-3		N	248	173
s-ca15-3		A	82	40
s-ca15-3		H	33	15
s-ca15-3antigeeni	u/ml	A	99	32
s-ca153kym	u/ml	A	8	8
s-ca153ver	u/ml	A	66	60
s-ca19-9	u/ml	N	12827	4479
s-ca19-9	u/ml	A	7810	2269
s-ca19-9		A	240	137
s-ca19-9	u/ml	H	5335	1594
s-ca19-9		N	2557	1200
s-ca19-9		H	71	48
s-ca19-9antigeeni	u/ml	A	210	64
s-ca199ver	u/ml	A	86	79
s-ca199ver		A	9	8
s-ca199ver	u/ml	N	15	15
s-caio7.4	mmol/l	A	270	113
s-caion7.4	mmol/l	A	848	299
s-caionac	mmol/l	A	256	111
s-caknab		N	7	7
s-caknab	index	A	7	6
s-cakpqab		N	11	10
s-campab		N	367	356
s-campaba		N	340	331
s-campaba	titre	A	78	70
s-campaba	index	N	13	12
s-campaba	titre	H	26	22
s-campaba	titre	N	7	7
s-campaba	u/ml	A	7	6
s-campaba		A	6	6
s-campabg		N	339	330
s-campabg	u/ml	N	25	24
s-campabg	titre	H	21	15
s-campabg	titre	A	50	41
s-campabg	u/ml	A	14	14
s-campabg	titre	N	8	8
s-campabm		N	190	185
s-campabm	titre	H	15	13
s-campabm		H	8	6
s-campabm	titre	A	59	47
s-campabm	titre	N	8	8
s-campylobacter,vasta-aineet,lausunto		N	19	18
s-caph7.4	mmol/l	A	915	386
s-caph7.4		A	52	34
s-cashewpähkinä(f202),igevasta-aineet	u/ml	N	32	31
s-caspähe	u/ml	N	519	502
s-caspähe	u/ml	H	80	69
s-caspähe	u/ml	A	60	53
s-caspähe		A	11	10
s-caspähe		N	10	10
s-ccpab		N	16248	14440
s-ccpab	u/ml	N	8210	7408
s-ccpab	u/ml	A	3299	2334
s-ccpab		H	450	404
s-ccpab		A	3672	3311
s-ccpab	u/ml	H	1358	1046
s-ccpab	eliau/ml	H	202	178
s-ccpab	form	N	424	364
s-ccpab	eliau/ml	N	306	302
s-ccpab	form	A	15	15
s-ccpab	eliau/ml	A	6	6
s-cdt	%	N	19798	15314
s-cdt	%	H	4503	2670
s-cdt	%	A	5950	3196
s-cdt		N	309	296
s-cdt		A	15	15
s-cdt	u/l	N	20	18
s-cdt	%	HH	10	8
s-cea	ug/l	N	20909	7356
s-cea	ug/l	H	7122	2255
s-cea	ug/l	A	17919	4788
s-cea		N	11911	4617
s-cea		A	200	97
s-cea	ug/l	HH	21	18
s-ceakym	ug/l	A	39	32
s-ceaver	ug/l	A	182	163
s-ceaver	ug/l	N	21	20
s-ceaver	ug/l	H	8	8
s-cenp		A	22	13
s-cenp-ab	u/ml	A	85	59
s-cenp-ab		A	77	60
s-ch100al	%	A	65	40
s-ch100al	%	N	390	317
s-ch100al	%	L	41	16
s-ch100cl	%	N	373	307
s-ch100cl	%	A	59	39
s-ch100cl	%	L	59	26
s-ch100l	%	A	238	178
s-ch100l	%	N	309	254
s-ch100l		A	7	7
s-ch100l	%	L	110	69
s-ch100l		L	12	6
s-chikvab		N	6	6
s-chipipe	u/ml	N	24	23
s-chlaab		N	50	45
s-chlacf		N	30	28
s-chlamydiapneumoniae(twar),iggvasta-aineet		N	31	30
s-chlamydiapneumoniae(twar),iggvasta-aineet	eiu	N	18	17
s-chlamydiapneumoniae(twar),igmvasta-aineet		N	51	49
s-chlamydiapneumoniae,(twar),vasta-aineet		N	51	49
s-chlamydiapneumoniae,abgvasta-aineet	bu/ml	A	8	7
s-chlamydiapneumoniae,iga-vasta-aineet		N	52	47
s-chlamydiapneumoniae,iga-vasta-aineet	au/ml	A	27	22
s-chlamydiapneumoniae,igavasta-aineet	u/ml	N	9	8
s-chlamydiapneumoniae,igavasta-aineet		N	15	14
s-chlamydiapneumoniae,iggvasta-aineet	au/ml	A	49	44
s-chlamydiapneumoniae,iggvasta-aineet		N	30	27
s-chlamydiapneumoniae,iggvasta-aineet	eiu	N	11	11
s-chlamydiapneumoniae,iggvasta-aineet	bu/ml	A	12	12
s-chlamydiapneumoniae,iggvasta-aineet		A	14	14
s-chlamydiapneumoniae,iggvasta-aineet	eiu	A	9	7
s-chlamydiapneumoniae,igm-va,osatut3586		N	7	7
s-chlamydiapneumoniae,igm-vasta-aineet		N	78	66
s-chlamydiapneumoniae,igmvasta-aineet		N	35	33
s-chlamydiapneumoniae,vasta-aineet		N	11	9
s-chlamydiapneumoniae,vasta-aineet,lausunto		N	69	62
s-chlamydiapneumoniae,vasta-aineet,lausunto		A	8	8
s-chlamydiapneumonie,vasta-aineet		N	11	9
s-chlamydiatrachomatis,igg-vasta-aineet		N	53	52
s-chlamydiatrachomatis,igg-vasta-aineet	au/ml	A	13	11
s-chlorhe	u/ml	N	14	14
s-chpnab		N	1098	1020
s-chpnab		A	36	35
s-chpnaba		N	344	332
s-chpnaba	u/ml	H	550	464
s-chpnaba	u/ml	N	305	287
s-chpnaba		H	59	46
s-chpnaba	eiu	H	182	153
s-chpnaba	u/ml	A	50	44
s-chpnaba	eiu	A	18	16
s-chpnaba	eiu	N	15	14
s-chpnabg		N	381	367
s-chpnabg		H	6	6
s-chpnabg	bu/ml	H	395	357
s-chpnabg	u/ml	H	1049	903
s-chpnabg	titre	N	24	20
s-chpnabg	bu/ml	N	162	154
s-chpnabg		A	29	21
s-chpnabg	eiu	H	222	186
s-chpnabg	u/ml	A	63	60
s-chpnabg	u/ml	N	108	104
s-chpnabg	eiu	N	280	270
s-chpnabg	eiu	A	25	21
s-chpnabg	bu/ml	A	207	173
s-chpnabg	au/ml	H	25	18
s-chpnabg	form	N	12	11
s-chpnabm		N	937	869
s-chpnabm	index	N	440	403
s-chpnabm		H	95	84
s-chpnabm	u/ml	H	20	19
s-chpnabm		A	22	21
s-chpsaba		N	6	6
s-chpsabg		N	6	6
s-chpsabm		N	6	6
s-chtrab		N	53	33
s-chtraba	u/ml	N	9	9
s-chtraba		N	7	7
s-chtrabg		N	113	107
s-chtrabg	u/ml	H	89	80
s-chtrabg	u/ml	N	111	111
s-chtrabg	s/cou	H	19	18
s-chtrabg		H	19	16
s-chtrabm		N	47	43
s-cic	ugeq/ml	N	141	135
s-cic	ugeq/ml	A	34	29
s-cic	ugeq/ml	H	9	8
s-ck	u/l	N	2898	2578
s-ck	u/l	A	197	153
s-ck	u/l	H	1245	805
s-ck	u/l	L	202	188
s-ck		L	27	26
s-ck		N	7	7
s-ck		A	14	14
s-ck-b	u/l	N	16	16
s-ck-bb		N	76	40
s-ck-is		N	61	60
s-ck-mb	u/l	N	45	45
s-ck-mb	%	N	31	31
s-ck-mb		N	18	15
s-ck-mbm	ug/l	N	10	8
s-ck-mm	u/l	A	10	10
s-ck-mm	u/l	N	33	33
s-ck-mm	%	N	33	33
s-ck-mm		N	11	8
s-ck-mm		A	6	6
s-ck-tot	u/l	H	36	35
s-ck-tot		A	6	6
s-ck-tot	u/l	N	17	17
s-ck-tot	u/l	A	14	12
s-ckmakr		N	73	37
s-cl	mmol/l	A	6	6
s-cl	mmol/l	N	51	34
s-cladcle	u/ml	N	7	7
s-cladhee		N	206	179
s-cladhee	u/ml	N	335	328
s-cladhee		H	12	11
s-cladhee	u/ml	A	152	143
s-cladhee	u/ml	H	44	43
s-cladhee		A	10	10
s-cladhee	form	N	7	7
s-cladher		N	96	90
s-cladoporiumherbarum,igevasta-aineet		N	7	7
s-cladosoriumherbarum,igevasta-aineet		N	26	26
s-cladosporiumcladosporioides(gm26),ige-vasta-aineet		N	12	12
s-cladosporiumherbarum(m2),ige-vasta-aineet	u/ml	N	78	78
s-cladosporiumherbarum(m2),ige-vasta-aineet		N	25	25
s-cladosporiumherbarum(m2),igevasta-aineet	u/ml	N	8	8
s-cladosporiumherbarum(m2),igevasta-aineet		N	19	19
s-cladosporiumherbarum,igevasta-aineet		N	253	249
s-cladosporiumherbarum,igevasta-aineet	u/ml	N	99	98
s-cladosporiumherbarum,igevasta-aineet	u/ml	A	13	13
s-cladosporiumherbarum,igevasta-aineet(ko)	u/ml	N	7	7
s-claher		N	37	37
s-claher	form	N	8	7
s-clahere	u/ml	N	1424	1343
s-clahere		N	784	772
s-clahere	u/ml	H	174	162
s-clahere		A	15	15
s-clahere	u/ml	A	48	46
s-clahere		H	12	12
s-clostridiumtetani,iggvasta-aineet	iu/ml	N	19	19
s-clteab	iu/ml	N	168	147
s-clteab		A	15	14
s-clteab		N	26	26
s-clteab	iu/ml	L	8	6
s-clteab	iu/ml	A	12	9
s-clteabg	iu/ml	A	6	6
s-clteabg		A	8	7
s-cmv-abg	u/ml	A	8	7
s-cmvab		N	3005	2478
s-cmvab		A	32	29
s-cmvabg	au/ml	N	1221	1076
s-cmvabg	u/ml	A	883	650
s-cmvabg		N	1844	1461
s-cmvabg		H	11	10
s-cmvabg		A	391	313
s-cmvabg	eiu	N	45	43
s-cmvabg	u/ml	H	127	123
s-cmvabg	u/ml	N	26	24
s-cmvabg.		A	25	25
s-cmvabm		N	2775	2297
s-cmvabm		A	489	412
s-cmvabm	u/ml	A	89	74
s-cmvavi		N	2713	2212
s-cmvcf		N	8	8
s-cnab		N	20	19
s-cobuab		N	79	74
s-cobuabg		N	92	90
s-cobuabm		N	95	93
s-codiab		N	35	32
s-codiab	iu/ml	L	57	49
s-codiab		A	19	16
s-codiab	iu/ml	N	89	83
s-codiab	iu/ml	A	59	50
s-codiab	spu/ml	A	14	13
s-codiab	iu/ml	H	9	8
s-codiab		L	7	6
s-cora14e	u/ml	N	242	225
s-cora14e	u/ml	H	45	38
s-cora14e	u/ml	A	47	46
s-cora9e	u/ml	H	19	19
s-cora9e	u/ml	N	32	31
s-cora9e	u/ml	A	67	64
s-covid-19-koronavirustauti,iga-vasta-aineet		N	2501	2213
s-covid-19-koronavirustauti,igg-vasta-aineet		N	2513	2214
s-covid-19-koronavirustauti,piikkiproteiinivasta-aineet		H	11	9
s-covid-19-koronavirustauti,piikkiproteiinivasta-aineet	au/ml	H	83	66
s-covid-19-koronavirustauti,vasta-aineet,pakettitutkimus		N	26	25
s-coxiellaburnetii,igg-vasta-aineet		N	12	8
s-coxiellaburnetii,iggvasta-aineet		N	15	10
s-coxiellaburnetii,igm-vasta-aineet		N	13	8
s-coxiellaburnetii,igmvasta-aineet		N	15	10
s-cpept-a	nmol/l	A	32	30
s-cpept-a	nmol/l	N	7	7
s-crneag		N	57	48
s-crp	mg/l	H	84170	46841
s-crp	mg/l	N	16305	12605
s-crp		N	16551	13370
s-crp	mg/l	A	2576	1742
s-crp		L	39	33
s-crp		H	27	27
s-crp	form	H	31	17
s-crp	form	N	7	6
s-crp		A	8	8
s-crp	mg/l	HH	7	7
s-crp,herkkä	mg/l	H	1899	1620
s-crp,herkkä	mg/l	N	8484	6899
s-crp,herkkä		N	574	554
s-crp,herkkämenete	mg/l	N	20	20
s-crp-o		N	662	489
s-crp-o	mg/l	A	667	434
s-crp-o	mg/l	N	931	503
s-crp-o	mg/l	H	776	551
s-crp-o		L	266	166
s-crp-o	form	H	178	107
s-crp-o	form	N	36	33
s-crp-o	u/ml	A	6	6
s-crp-o		A	6	6
s-ctdscr		H	15	15
s-cu	umol/l	N	440	399
s-cu		A	21	14
s-cu	umol/l	A	169	137
s-cu	umol/l	L	51	30
s-cu	umol/l	H	23	23
s-cu		H	8	6
s-cv19ab		N	2829	2506
s-cv19ab		A	11	10
s-cv19aba		N	231	205
s-cv19abg		N	308	278
s-cv19abg		A	33	32
s-cv19abm		N	20	20
s-cv19abp		N	34	34
s-cv19sab	au/ml	H	107	98
s-cv19sab	u/ml	H	13	11
s-cytomegalovirus,abgvasta-aineet	u/ml	A	9	9
s-cytomegalovirus,iggvasta-aineet	u/ml	A	32	31
s-cytomegalovirus,iggvasta-aineet		A	6	6
s-cytomegalovirus,igmvasta-aineet		A	12	8
s-cytomegalovirus,igmvasta-aineet		N	9	8
s-d-1,25	pmol/l	N	1439	1208
s-d-1,25	pmol/l	A	474	419
s-d-1,25	pmol/l	L	80	73
s-d-1,25		A	104	91
s-d-1,25	pmol/l	H	62	56
s-d-1,25		L	13	13
s-d-1,25		N	17	17
s-d-1.25	pmol/l	A	15	14
s-d-25	nmol/l	A	26498	18660
s-d-25	nmol/l	N	124881	74269
s-d-25	nmol/l	L	29425	21309
s-d-25		N	92	88
s-d-25		A	395	333
s-d-25	nmol/l	H	900	813
s-d-25		L	95	92
s-d-25-32	nmol/l	H	14	12
s-d-25-32	nmol/l	A	241	206
s-d-25-32	nmol/l	L	24	22
s-d-25-32	nmol/l	N	246	140
s-d-25-32		H	10	10
s-d-25-32		A	16	16
s-d-vitamiini-1,25-oh	pmol/l	A	7	7
s-d-vitamiini-1,25-oh	pmol/l	N	18	18
s-d-vitamiini-25-oh	nmol/l	A	673	583
s-d-vitamiini-25-oh	nmol/l	N	1308	1143
s-d-vitamiini-25-oh	nmol/l	L	64	61
s-d-vitamiini-25-oh=kolekalsidioli	nmol/l	N	25	24
s-d-vitamiini-oh	nmol/l	N	211	204
s-d-vitamiini-oh	nmol/l	L	43	43
s-d2-25	nmol/l	N	34	26
s-d2-25		N	136	91
s-d3-25	nmol/l	N	494	359
s-damm-gr		N	53	52
s-damm-gr	u/ml	A	25	24
s-damm-gr	u/ml	N	13	11
s-dehydroaripipratsoli	ug/l	N	24	14
s-dehydroepiandrosteroni,sulfaatti	umol/l	N	12	10
s-denagab		N	16	16
s-dengab		N	9	8
s-dengabg		N	25	23
s-dengabg	titre	N	7	6
s-dengabm		A	11	11
s-dengabm		N	29	26
s-dengag		N	22	20
s-dermatohpagoidespteronyssinus,igevasta-aineet		N	30	30
s-dermatomyosiittiantigeenimi2,vasta-aineet		N	29	27
s-dermatomyosiittiantigeenimi2,vasta-aineet	u/ml	N	20	19
s-dermatophagoidespteronyssinus(d1),ige-vasta-aineet	u/ml	A	23	23
s-dermatophagoidespteronyssinus(d1),ige-vasta-aineet		N	7	7
s-dermatophagoidespteronyssinus(d1),igevasta-aineet	u/ml	N	51	51
s-dermatophagoidespteronyssinus(d1),igevasta-aineet	u/ml	A	13	13
s-dermatophagoidespteronyssinus(d1),igevasta-aineet		N	16	16
s-dermatophagoidespteronyssinus,igevasta-aineet		N	160	156
s-dermatophagoidespteronyssinus,igevasta-aineet	u/ml	N	71	71
s-dermatophagoidespteronyssinus,igevasta-aineet	u/ml	A	72	71
s-dermatophagoidespteronyssinus,igevasta-aineet	u/ml	H	7	7
s-dermatophagoidespteronyssinus,igevasta-aineet,kotipölypunkki,rast,allergia	u/ml	H	14	9
s-dermatophagoidespteronyssunus,igevasta-ainee		N	7	7
s-desamio	umol/l	A	7	6
s-desialotransferriini	%	N	764	616
s-desialotransferriini		N	11	11
s-desialotransferriini	%	A	58	39
s-desialotransferriini	u/l	N	16	15
s-desialotransferriini	%	H	11	7
s-desital		A	15	12
s-desital	nmol/l	A	7	7
s-desmetyyliklotsapiini	umol/l	N	33	8
s-desmetyyliklotsapiini	nmol/l	N	12	8
s-desvenl	nmol/l	N	151	95
s-dfarine	u/ml	A	7	7
s-dfarine	u/ml	N	7	7
s-dfs70ab		A	7	7
s-dgpab		N	220	215
s-dgpab		A	6	6
s-dgpaba		N	611	602
s-dgpaba	u/ml	N	302	296
s-dgpaba	u/ml	A	138	112
s-dgpaba		H	15	14
s-dgpaba	eliau/ml	H	87	75
s-dgpaba		A	59	45
s-dgpaba	u/ml	H	74	64
s-dgpaba	eliau/ml	N	8	8
s-dgpaba	au	A	6	6
s-dgpabg		N	1281	1247
s-dgpabg	u/ml	N	74	73
s-dgpabg	u/ml	A	222	175
s-dgpabg		A	92	64
s-dgpabg		H	7	7
s-dgpabg	eliau/ml	H	67	57
s-dgpabg	u/ml	H	55	48
s-dgpabg	au	A	14	14
s-dgpabg	eliau/ml	N	6	6
s-dgpabg,s-gliadiinipeptidit,deaminoidut,igg-vasta-aineet		N	42	41
s-dharipi	ug/l	N	49	40
s-dharipi		N	18	15
s-dhea	nmol/l	A	78	66
s-dhea		A	30	24
s-dhea		L	10	10
s-dhea	nmol/l	H	28	25
s-dhea	nmol/l	N	72	69
s-dhea	nmol/l	L	31	25
s-dheas	umol/l	H	110	88
s-dheas	umol/l	N	868	753
s-dheas	umol/l	A	372	291
s-dheas		A	92	59
s-dheas		L	21	14
s-dheas		N	20	16
s-dheas	umol/l	L	94	82
s-dhtesto	nmol/l	N	6	6
s-digoks	nmol/l	A	5940	3139
s-digoks	nmol/l	H	1224	865
s-digoks		A	1516	1167
s-digoks	ug/l	A	358	197
s-digoks		L	702	536
s-digoks	nmol/l	L	2087	1210
s-digoks	nmol/l	N	2506	1443
s-digoks		N	21	19
s-digoks	nmol/l	HH	24	22
s-digoksiini	nmol/l	N	144	94
s-digoksiini		L	12	11
s-digoksiini	nmol/l	A	126	78
s-digoksiini	nmol/l	H	22	21
s-digoksiini	nmol/l	L	17	15
s-digoksiini		A	17	15
s-digoksiinipitoisuus	nmol/l	N	6	6
s-digoksiinipitoisuus	nmol/l	L	6	6
s-digoxin	nmol/l	A	17	8
s-digoxin	nmol/l	N	26	12
s-dmklots	nmol/l	N	605	132
s-dmklots	umol/l	N	683	153
s-dmklots		N	26	23
s-dmriski		N	7	7
s-dna,natiivi,vasta-aineet		N	79	77
s-dna,natiivi,vasta-aineet	kiu/l	A	48	28
s-dna,natiivi,vasta-aineet	iu/ml	A	8	7
s-dna,natiivi,vasta-aineet	iu/ml	N	9	8
s-dna,natiivi,vasta-aineet	iu/ml	H	6	6
s-dna,natiivi,vasta-aineeteia		N	18	17
s-dna,vasta-aineet(natiivi)	iu/ml	A	29	10
s-dna,vasta-aineet(natiivi)		N	19	19
s-dna,vasta-aineet,natiivi(doublestranded,eia)	kiu/l	A	9	8
s-dnaab	iu/ml	A	674	195
s-dnaab	iu/ml	H	589	191
s-dnaab	iu/ml	N	21	17
s-dnaab		N	3217	2473
s-dnaab		H	11	7
s-dnan-ab	iu/ml	A	23	21
s-dnan-ab	titre	A	46	9
s-dnan-ab		A	9	7
s-dnanab	kiu/l	A	230	61
s-dnanab	iu/ml	A	1387	423
s-dnanab		N	3479	3098
s-dnanab	u/ml	H	57	29
s-dnanab	kiu/l	N	127	109
s-dnanab		A	278	84
s-dnanab	iu/ml	H	201	123
s-dnanab	iu/ml	N	101	100
s-dnanab	kiu/l	H	19	15
s-dnanab	u/ml	N	28	27
s-dnanab	u/ml	A	265	81
s-dnanab	titre	N	13	12
s-dnanab	titre	A	26	15
s-dnanab	titre	H	37	28
s-dnanab		H	19	12
s-dnanab.	kiu/l	A	754	198
s-dnavasta-aineet(natiivi),jatkotutkimus		N	7	6
s-dokosaheksaeenihappo	mmol/l	N	140	135
s-dokosaheksaeenihappo	mmol/l	H	116	108
s-dpteroe		N	864	851
s-dpteroe	u/ml	N	1583	1484
s-dpteroe	u/ml	H	856	803
s-dpteroe	u/ml	A	770	732
s-dpteroe		A	107	102
s-dpteroe		H	100	99
s-dpteroe	form	N	13	12
s-dpterony		N	77	74
s-dpterony	u/ml	A	11	10
s-dsg1ab	iu	A	8	7
s-dsg1ab	u/ml	A	68	37
s-dsg1ab		N	257	205
s-dsg1ab		A	38	19
s-dsg1ab	u/ml	H	43	15
s-dsg1ab		H	12	6
s-dsg3ab	u/ml	A	165	75
s-dsg3ab	iu	A	16	12
s-dsg3ab		N	244	191
s-dsg3ab		A	23	10
s-dsg3ab	u/ml	H	43	23
s-dsgab		N	202	145
s-e1	pmol/l	A	12	8
s-e1	pmol/l	N	17	16
s-e2	nmol/l	N	2414	1706
s-e2	nmol/l	H	331	218
s-e2	nmol/l	A	105	63
s-e2		N	253	222
s-e2		A	31	20
s-ebnaab		A	94	78
s-ebnaab	u/ml	A	53	47
s-ebnaab	u/ml	H	38	37
s-ebvab		N	2902	2505
s-ebvabg	u/ml	N	1694	1522
s-ebvabg	u/ml	A	565	521
s-ebvabg	u/ml	H	192	188
s-ebvabg		A	478	414
s-ebvabg		N	1175	977
s-ebvabg	eiu	N	42	39
s-ebvabg		H	32	30
s-ebvabg	form	N	7	6
s-ebvabm		N	2944	2529
s-ebvabm		A	172	156
s-ebvabm	u/ml	A	71	65
s-ebvabm	u/ml	H	45	41
s-ebvabm	u/ml	N	20	20
s-ebvabmo		A	59	59
s-ebvabtx		N	28	25
s-ebvavi		N	2390	2040
s-ebvavi	%	N	71	64
s-ebvnabg	u/ml	H	64	59
s-ebvnabg		N	9	9
s-ebvnabg	u/ml	A	9	8
s-echiab		N	11	11
s-ecp	ug/l	N	795	239
s-ecp	ug/l	H	1561	693
s-ecp	ug/l	A	1103	598
s-ecp		H	20	16
s-ecp		A	19	17
s-ecp		N	46	27
s-ecp	mg/l	A	6	6
s-ejab-o		N	423	403
s-elf		H	16	16
s-elf		N	7	6
s-eläi1er	u/ml	N	54	53
s-eläi1er	u/ml	A	15	15
s-eläi1er	u/ml	H	9	9
s-eläi1ry	u/ml	N	12	12
s-eläiner	u/ml	H	14	14
s-eläiner		N	37	37
s-eläiner	u/ml	A	30	30
s-eläiner	u/ml	N	25	25
s-eläinerittely,igevasta-aineet	u/ml	N	21	21
s-eläinryhmä,igevasta-aineet	u/ml	N	23	23
s-ema		N	311	294
s-ema		A	100	99
s-emaba	titre	A	398	324
s-emaba		N	3732	3504
s-emaba	titre	H	211	187
s-emaba		A	105	88
s-emaba		H	18	15
s-emaba	titre	N	31	29
s-emabg		N	1223	1165
s-emabg		A	8	8
s-ena		A	49	37
s-ena		N	52	51
s-ena		H	66	59
s-enaab		N	1491	1411
s-enaab	u/ml	A	247	193
s-enaab	ratio	N	34	34
s-enaab		A	372	313
s-enaab	ratio	H	84	62
s-enaab	u/ml	H	166	115
s-enaab	ratio	A	108	78
s-enaab	u/ml	N	38	37
s-enaab		H	8	8
s-enaabj		N	12	11
s-enaabla		N	1634	1525
s-enaabse		N	27	26
s-enal		N	117	110
s-enal		A	121	86
s-enaseul		N	853	818
s-endomysium,igavasta-aineet		N	409	403
s-endomysium,igavasta-aineet	titre	A	13	13
s-endomysium,iggvasta-aineet		N	10	10
s-enteabg		N	28	26
s-enteabg	index	N	13	12
s-entlyse	u/ml	A	11	7
s-envopab		N	8	7
s-eosinofiilistengranulos.kationinenproteiini	ug/l	A	10	6
s-eosinofiilistengranulosyyttienkationinenprot	ug/l	A	9	6
s-epo	u/l	A	1155	940
s-epo	u/l	N	1000	885
s-epo	iu/l	A	621	497
s-epo	iu/l	N	214	204
s-epo	u/l	H	507	423
s-epo	u/l	L	347	299
s-epo		A	346	316
s-epo	iu/l	L	18	17
s-epo	pmol/l	N	33	30
s-epo		H	29	27
s-epo		N	18	18
s-epo		L	66	65
s-epo	pmol/l	A	8	7
s-epstein-barr-virus,iggva,immuniteet		A	7	7
s-epstein-barr-virus,iggva,immuniteet	u/ml	A	7	7
s-epstein-barr-virus,iggvasta-aineet	u/ml	A	8	8
s-epstein-barr-virus,igm-vasta-aineet		N	23	15
s-epstein-barr-virus,igmvasta-aineet		N	10	10
s-epstein-barr-virus,vasta-aineet		N	8	8
s-epstein-barrinvirus,vasta-aineet		N	21	20
s-epstein-barrinvirus,vasta-aineet(kudoslaitoksille)		N	18	16
s-epstein-barrvirus,abgvasta-aineet	u/ml	A	9	9
s-epstein-barrvirus,iggvasta-aineet		A	19	18
s-epstein-barrvirus,iggvasta-aineet	u/ml	A	25	25
s-erytropoietiini	u/l	N	41	40
s-erytropoietiini	iu/l	N	30	30
s-erytropoietiini	u/l	A	66	63
s-erytropoietiini		A	8	8
s-erytropoietiini	iu/l	A	17	15
s-estdio	nmol/l	N	15	15
s-estdio	nmol/l	A	16	14
s-estdio	nmol/l	H	20	15
s-estdiol	nmol/l	N	297	175
s-estdiol		N	128	81
s-estradioli	nmol/l	N	8	8
s-estradioli	nmol/l	A	8	7
s-etane	mg/l	N	28	24
s-etane		A	19	17
s-etane	mg/l	A	41	35
s-etgly		N	118	94
s-etoh		N	113	88
s-etoh	promille	N	206	149
s-etoh	mmol/l	A	11	10
s-etosux	umol/l	N	27	10
s-evircf	titre	N	7	7
s-evircf		N	31	27
s-evirnho		N	34	30
s-extra		N	1129	1118
s-fakb	g/l	N	17	16
s-fascab		N	67	63
s-fascab	od	N	7	7
s-fenob	umol/l	A	29	13
s-fenob		A	13	11
s-fenyt		A	158	87
s-fenyt	umol/l	A	580	224
s-fenyt	umol/l	L	91	48
s-fenyt	umol/l	H	20	11
s-fenyt	umol/l	N	79	21
s-fenyt		L	21	13
s-fenytv	umol/l	N	39	21
s-fenytv		N	38	14
s-fenytv		A	33	21
s-fenytv	umol/l	A	33	19
s-fenyylialaniini	mmol/l	N	237	218
s-fenyylialaniini	mmol/l	H	28	26
s-ferrit	ug/l	H	12075	7623
s-ferrit	ug/l	N	61823	43229
s-ferrit	ug/l	L	9706	7234
s-ferrit	ug/l	A	17779	9256
s-ferrit		L	1764	1499
s-ferrit		A	953	642
s-ferrit		N	75	65
s-ferrit	umol/l	N	7	7
s-ferritiini	ug/l	A	125	102
s-ferritiini	ug/l	N	540	377
s-ferritiini	ug/l	L	10	8
s-ferritiini(ko)	ug/l	N	88	71
s-ferritiini(ko)	ug/l	A	9	9
s-ferritiini(pi)	ug/l	N	215	130
s-ferritiini(pi)	ug/l	A	52	32
s-fibrilla	u/ml	A	6	6
s-fibrillarin,vasta-aineet	u/ml	N	38	36
s-fibrillarin,vasta-aineet		N	9	9
s-filaab		N	21	20
s-filaab	od	N	6	6
s-filaab.		N	44	41
s-fisk		N	94	89
s-fit/pgf		N	27	21
s-flekain	umol/l	A	64	46
s-flekain		A	22	19
s-flekain	umol/l	L	18	13
s-flekain	umol/l	N	20	19
s-flekain		L	12	12
s-fluoks	nmol/l	N	11	8
s-follikkeliastimul.horm.	u/l	N	6	6
s-follikkeliastimuloivahormoni	iu/l	N	6	6
s-follikkeliastimuloivahormoni	iu/l	A	16	14
s-follikkeliastimuloivahormoni	u/l	N	26	25
s-follikkeliastimuloivahormoni(ko)	u/l	N	27	25
s-fosfaatti	mmol/l	N	11	11
s-fosfolipaasi-a2-reseptori,vasta-aineet		N	64	50
s-fosfolipaasi-a2-reseptori,vasta-aineet	titre	N	9	7
s-fosfolipaasi-a2-reseptori,vasta-aineet	titre	A	25	7
s-francisellatularensis,vasta-aineet		N	16	16
s-frtuab	titre	A	56	46
s-frtuab		N	63	48
s-frtuab		A	8	7
s-frtuabm		N	8	8
s-fsh	iu/l	N	4844	4015
s-fsh	u/l	H	91	65
s-fsh	u/l	N	1486	1331
s-fsh		L	167	116
s-fsh	u/l	L	38	33
s-fsh	iu/l	H	524	334
s-fsh	u/l	A	243	173
s-fsh	iu/l	A	513	303
s-fsh	iu/l	L	45	42
s-fsh		N	83	71
s-fsh		A	49	45
s-ftaabs		N	6	6
s-ftaaihe		N	14	10
s-fusariummoniliformae,igevasta-aineet	u/ml	N	10	10
s-fusariummoniliformae,igevasta-aineet		N	12	12
s-fusmone	u/ml	N	9	9
s-fusmone		N	6	6
s-gabapen		A	9	9
s-gabapen	umol/l	A	11	9
s-gadab	ru	A	54	47
s-gadab		A	320	288
s-gadab		N	2328	2157
s-gadab	iu/ml	H	201	183
s-gadab	iu/ml	N	75	72
s-gadab	iu/ml	A	407	357
s-gadab		H	88	78
s-gadab	ru	N	37	35
s-gadab	u/ml	N	8	8
s-gadab	u/ml	H	6	6
s-gadab	u/l	A	8	7
s-gamma	g/l	N	7631	4491
s-gamma	g/l	L	4504	1505
s-gamma	g/l	A	6531	2463
s-gamma		N	14	14
s-gamma	g/l	H	2244	795
s-gamma-fraktio	g/l	A	806	276
s-gamma-fraktio	g/l	N	1468	890
s-gamma-globuliini(valetietues-prot-fr)	g/l	A	33	19
s-gamma-globuliini,osatutkimuss-prot-fr	g/l	A	23	22
s-gammafraktio	g/l	A	328	99
s-gammaglobuliini	g/l	N	7	6
s-gammaglobuliini,fraktio	g/l	N	52	51
s-gangab		N	89	83
s-gangabg	%	A	38	31
s-gangabg	index	N	18	17
s-gangabg		N	95	92
s-gangabm	index	N	17	16
s-gangabm		N	95	92
s-gangabm	%	A	11	7
s-gastr17	pmol/l	H	14	14
s-gastr17		L	72	71
s-gbmab		N	1175	1072
s-gbmif	titre	A	8	6
s-gbmif		N	31	31
s-gd1aab		N	16	15
s-gd1aabg		N	19	19
s-gd1aabg	index	N	10	10
s-gd1aabm	index	N	10	10
s-gd1aabm		N	15	15
s-gelate	u/ml	N	7	7
s-gen	mg/l	N	41	16
s-gen		N	59	24
s-gen		A	54	8
s-gen	mg/l	A	52	14
s-gglobul	g/l	A	407	152
s-gglobul		N	11	10
s-gglobul		A	7	6
s-gliadie	u/ml	N	244	227
s-gliadie	u/ml	H	26	18
s-gliadie	u/ml	A	18	16
s-gliadiini,f98,vehnä,ige-vasta-aineet		N	65	65
s-gliadiinipeptidi,deamidoidut,iggvasta-aineet		N	14	13
s-gliadiinipeptidi,igavasta-aineet	au	N	14	14
s-gliadiinipeptidi,igavasta-aineet		N	9	8
s-gliadiinipeptidi,iggvasta-aineet	au	N	14	14
s-gliadiinipeptidi,iggvasta-aineet		N	9	8
s-gliadiinipeptidi,vasta-aineet,igajaigg(pi)		N	45	44
s-gliadiinipeptidit,deamidoidut,iga-vasta-aineet	u/ml	N	300	296
s-gliadiinipeptidit,deamidoidut,igavasta-aineet	eliau/ml	N	8	8
s-gliadiinipeptidit,deamidoidut,igavasta-aineet		N	13	12
s-gliadiinipeptidit,deamidoidut,igavasta-aineet	u/ml	N	8	8
s-gliadiinipeptidit,deamidoidut,igg-vasta-aineet	u/ml	N	90	88
s-gliadiinipeptidit,deamidoidut,igg-vasta-aineet		N	220	217
s-gliadiinipeptidit,demidoidut,iggvasta-aineet		N	7	7
s-glif98e		N	42	42
s-glpepabg		A	9	8
s-gluk	mmol/l	A	35	27
s-gluk	mmol/l	N	52	49
s-gluk	mmol/l	H	47	42
s-glukoosi	mmol/l	N	247	227
s-glukoosi	mmol/l	H	17	16
s-glukoosi,2hnäyte	mmol/l	N	9	9
s-glutamaattidekarboksylaasi(gad),vasta-aineet	iu/ml	A	8	8
s-glutamaattidekarboksylaasi(gad),vasta-aineet		A	6	6
s-glutamaattidekarboksylaasi(gad),vasta-aineet	iu/ml	N	13	13
s-glutamaattidekarboksylaasi(gad),vasta-aineet		N	9	8
s-glutamaattidekarboksylaasi,vasta-aineet		N	28	26
s-glutamyylitransferaasi	u/l	N	688	628
s-glutamyylitransferaasi	u/l	A	164	117
s-glutamyylitransferaasi-desialotransferriini		A	67	56
s-glutamyylitransferaasi-desialotransferriini		N	40	38
s-glutamyylitransferaasi-desialotransferriini		H	14	12
s-gluteee	u/ml	N	47	47
s-gluteee	u/ml	A	10	10
s-gluteee		N	6	6
s-glykoproteiininasetylaatio	mmol/l	N	259	238
s-glykoproteiininasetylaatio	mmol/l	H	6	6
s-glysiini	mmol/l	H	87	84
s-glysiini	mmol/l	N	178	164
s-golim	mg/l	N	119	73
s-golim	mg/l	A	54	39
s-golim		A	22	20
s-golimab		N	89	67
s-golimab	au/ml	A	7	7
s-golimab		A	14	13
s-golimpa		N	53	40
s-golimumabi	mg/l	A	16	14
s-golimumabi	mg/l	N	16	12
s-goodpab	u/ml	A	53	10
s-goodpab		N	93	83
s-goodpk		N	114	110
s-goodpk	u/ml	A	118	10
s-gp210ab		N	25	24
s-gpene	u/ml	A	6	6
s-gpene	u/ml	N	54	53
s-gpenige		N	16	16
s-gq1bab		N	16	16
s-gq1babg	index	N	9	8
s-gq1babg		N	15	15
s-gq1babm	index	N	9	8
s-gq1babm		N	14	14
s-gråbo		N	91	88
s-gråbo	u/ml	A	9	8
s-gt	u/l	H	37142	18014
s-gt	u/l	N	35137	29266
s-gt	u/l	A	2761	1591
s-gt	iu/l	N	216	174
s-gt		N	342	315
s-gt		A	96	66
s-gt		L	9	9
s-gt		H	29	24
s-gt	u/l	L	35	31
s-gt-cdt		A	649	392
s-hae		N	220	204
s-haglund		N	9	9
s-halop	ug/l	N	24	15
s-halop	nmol/l	N	20	9
s-happamuusaste,seerumi	ph	N	39	20
s-haptog	g/l	A	3193	2427
s-haptog	g/l	N	319	296
s-haptog		A	1392	631
s-haptog	g/l	H	92	86
s-haptog		L	40	35
s-haptog	g/l	L	25	20
s-haptoglobiini	g/l	A	42	39
s-haspähe	u/ml	N	300	293
s-haspähe	u/ml	A	83	81
s-haspähe	u/ml	H	256	238
s-haspähe		A	36	36
s-haspähe		N	21	21
s-haspähe		H	15	14
s-hasspäe	u/ml	A	201	192
s-hasspäe		A	23	23
s-hasspäe	u/ml	N	62	62
s-hasspäe	u/ml	H	50	49
s-hasspäe		H	9	8
s-hav-abg		A	17	16
s-havab		N	1686	1606
s-havab		A	374	358
s-havabg		A	871	832
s-havabg		N	195	192
s-havabm		N	1769	1691
s-havtot		N	1393	1323
s-havtot		A	400	380
s-hbcab		N	17051	12556
s-hbcab		A	199	163
s-hbcabm		N	10597	8378
s-hbcabm		A	6	6
s-hbe		N	80	49
s-hbeab		N	88	56
s-hbeab		A	26	20
s-hbeag		N	72	52
s-hbeag		A	27	10
s-hbs-ag		N	20	19
s-hbsab	miu/ml	N	3675	3272
s-hbsab		N	5515	4646
s-hbsab	iu/l	N	1205	1158
s-hbsab	u/l	N	965	895
s-hbsab	miu/ml	H	1048	795
s-hbsab	miu/ml	A	589	519
s-hbsab		A	470	424
s-hbsab	mlu/l	H	54	40
s-hbsab		H	47	40
s-hbsab	iu/l	A	15	15
s-hbsab	form	N	8	8
s-hbsag		N	25949	18258
s-hbsag		A	227	98
s-hbsagkv	iu/ml	A	17	12
s-hbvnh		A	75	33
s-hbvnh		N	470	347
s-hbvnh	iu/ml	A	57	22
s-hbvnh	iu/ml	N	8	7
s-hbvnho		A	12	10
s-hbvnho		N	121	112
s-hbvpak		N	10663	8379
s-hcg		N	2388	1298
s-hcg	u/l	H	859	467
s-hcg	iu/l	A	728	312
s-hcg	iu/l	H	451	250
s-hcg		A	204	151
s-hcg	u/l	N	52	34
s-hcg	u/l	A	305	174
s-hcg	iu/l	N	149	98
s-hcg		H	11	11
s-hcg-0		A	9	9
s-hcg-a	pmol/l	A	19	16
s-hcg-b	u/l	A	54	36
s-hcg-b		N	26	23
s-hcg-b		A	19	6
s-hcg-b-v	pmol/l	A	387	132
s-hcg-b-v		N	671	188
s-hcg-b-v	pmol/l	N	224	151
s-hcg-b-v	ug/l	N	443	311
s-hcg-b-v	ug/l	A	10	10
s-hcg-b-v	pmol/l	H	262	97
s-hcg-b/d	ug/l	N	75	75
s-hcg-b/d		N	8	7
s-hcg-o		N	1244	739
s-hcg-o		A	173	167
s-hcg-tot	u/l	A	90	48
s-hcgbv/d	ug/l	N	4634	3954
s-hcgbv/d		N	19	19
s-hcgo-lb		A	6	6
s-hcrp	mg/l	H	1976	1673
s-hcv-ab		A	6	6
s-hcvab		N	22679	15219
s-hcvab		A	1135	735
s-hcvab-osatadiag		N	14	7
s-hcvabag		N	69	53
s-hcvabjt		A	14	14
s-hcvagab		N	8	8
s-hcvnh		N	183	159
s-hcvnh		A	50	42
s-hcvnho		N	1411	1233
s-hcvnho		A	579	382
s-hcvnhty		N	29	28
s-hcvnhty		A	122	105
s-hdl-kolesteroli	mmol/l	N	223	206
s-hdl-kolesteroli	mmol/l	L	42	42
s-hdvab		N	35	35
s-hdvnho		N	10	9
s-he4	pmol/l	N	1266	1107
s-he4	pmol/l	A	1189	738
s-he4	pmol/l	H	556	437
s-he4		A	21	17
s-he4		N	6	6
s-he4,epididym.ag4	pmol/l	N	8	8
s-he4,ihmisenepididymaalinenantigeeni4	pmol/l	A	83	37
s-he4ihmisenepididymaalinenproteiini4	pmol/l	N	7	7
s-he4proteiini	pmol/l	N	104	91
s-hein1er	u/ml	N	35	35
s-hein1er		N	6	6
s-hein1er	u/ml	H	17	17
s-hein1er	u/ml	A	10	10
s-hein1ry	u/ml	N	10	10
s-heiner	u/ml	A	13	12
s-heiner		N	13	13
s-heinäer	u/ml	A	26	26
s-heinäer	u/ml	N	34	34
s-heinäer	u/ml	H	14	14
s-heinäerittely,igevasta-aineet	u/ml	N	13	13
s-heliaba	u/ml	A	15	12
s-heliabg	u/ml	A	16	12
s-heliabg	titre	A	13	10
s-helicobacterpylori,iga-vasta-aineet		N	68	68
s-helicobacterpylori,iga-vasta-aineet	u/ml	A	8	8
s-helicobacterpylori,igavasta-aineet		N	18	18
s-helicobacterpylori,igavasta-aineet	u/ml	N	10	10
s-helicobacterpylori,igavasta-aineeteia	u/ml	N	27	27
s-helicobacterpylori,igavasta-aineeteia		N	19	18
s-helicobacterpylori,igg-vasta-aineet		N	71	71
s-helicobacterpylori,iggvasta-aineet	index	A	59	53
s-helicobacterpylori,iggvasta-aineet		N	99	97
s-helicobacterpylori,iggvasta-aineet		A	8	8
s-helicobacterpylori,iggvasta-aineet	u/ml	N	9	9
s-helicobacterpylori,iggvasta-aineet,seerumista		N	8	8
s-helicobacterpylori,iggvasta-aineeteia	u/ml	N	28	28
s-helicobacterpylori,iggvasta-aineeteia		N	15	14
s-helicobacterpylori,iggvasta-aineeteia(pi)		N	7	7
s-helicobacterpylori,vasta-aineet		N	7	7
s-helicobacterpylori,vasta-aineet,lausunto		N	95	95
s-helicobacterpylori,vasta-aineeteia		N	45	40
s-helicobakterpylori,iggvasta-aineet	index	A	14	14
s-hepaabc		A	8	7
s-hepabc		N	83	72
s-hepatiittia-virus,iggvasta-aineet		A	36	31
s-hepatiittia-virus,igmvasta-aineet		N	39	39
s-hepatiittia-virus,vasta-aineet,immuniteettitutk.		N	21	21
s-hepatiittiavirus,kokonaisvasta-aineet		A	85	85
s-hepatiittiavirus,vasta-aineet(ensinigg-va,josposit.->igm-va.)		N	7	7
s-hepatiittib,c-tutkimus		N	21	17
s-hepatiittib-virus,c-antigeeni,igm-vasta-aineet		N	36	35
s-hepatiittib-virus,c-antigeeni,vasta-aineet		N	634	260
s-hepatiittib-virus,pinta-antigeeni		N	645	279
s-hepatiittib-virus,pinta-antigeeni(kval)		N	30	24
s-hepatiittib-virus,s-antigeeni		N	298	285
s-hepatiittib-virus,s-antigeeni,vasta-aineet	miu/ml	A	348	154
s-hepatiittib-virus,s-antigeeni,vasta-aineet		A	139	66
s-hepatiittib-virus,s-antigeeni,vasta-aineet		N	129	68
s-hepatiittib-virustutkimus		N	37	35
s-hepatiittib-virustutkimus,hbsab+hbcabjatarv.hbca		N	429	422
s-hepatiittib-virustutkimus,hbsag+hbcabjatarv.hbcabm		N	205	118
s-hepatiittibvirus,c-antigeeni,vasta-aineet		N	112	85
s-hepatiittibvirus,pinta-antigeeni		N	25	25
s-hepatiittibvirus,pinta-antigeeni,äitseul		N	55	51
s-hepatiittibvirus,s-antigeeni		N	228	194
s-hepatiittibvirus,s-antigeeni,vasta-aineet		N	46	29
s-hepatiittibvirus,s-antigeeni,vasta-aineet	miu/ml	A	8	8
s-hepatiittibvirus,s-antigeeni,vasta-aineet		A	6	6
s-hepatiittibvirus,s-antigeeni,vasta-aineet	u/l	N	27	21
s-hepatiittic-virus,antigeenijavasta-aineet,yhdistelmätutkimus		N	10	10
s-hepatiittic-virus,antigeenijavasta-aineet,yhdistelmätutkimus		A	11	10
s-hepatiittic-virus,iggvasta-aineet		N	135	129
s-hepatiittic-virus,iggvasta-aineet		A	7	6
s-hepatiittic-virus,vasta-aineet		N	846	387
s-hepatiittic-virus,vasta-aineet		A	17	15
s-hepatiitticvirus,v-a,osoitus		N	30	24
s-hepatiittie-virus,igg-vasta-aineet		N	35	35
s-hepatiittie-virus,iggvasta-aineet		A	8	8
s-hepatiittie-virus,iggvasta-aineet		N	11	11
s-hepatiittie-virus,igm-vasta-aineet		N	35	35
s-hepatiittie-virus,igmvasta-aineet		N	12	12
s-hepatitisavirus,kokonaisva		N	15	13
s-hepatitisb-virus,s-antigeeni		N	16	16
s-hepatitisbvirus,c-antigeeni,vasta-aineet		N	47	44
s-hepatitisbvirus,s-antigeeni		N	102	84
s-hepatitisbvirus,s-antigeeni,vasta-aineet	miu/ml	A	51	45
s-hepatitisbvirus,s-antigeeni,vasta-aineet		A	35	35
s-hepatitisbvirus,s-antigeeni,vasta-aineet		N	110	90
s-hepatitisbvirus,s-antigeeni,vasta-aineet	miu/ml	N	47	45
s-hepatitisbvirus,s-antigeeni,vasta-aineet	u/l	N	15	10
s-hepatitisbvirus,ydinantigeeni,vasta-aineet		N	32	18
s-hepatitisc-virus,vasta-aineet		N	14	14
s-hepatitiscvirus,nukleiinihaponosoitt.kvalit.		A	13	11
s-hepatitiscvirus,vasta-aineet		N	49	31
s-hepatitiscvirus,vasta-aineet		A	17	15
s-hepatitiscvirusvasta-aineet		N	11	11
s-hepbc		N	40	34
s-hephiv		N	181	138
s-hephiv		A	26	20
s-hepsid	nmol/l	N	217	168
s-hepsid	mmol/l	N	10	9
s-hepsid	nmol/l	H	109	75
s-hepsid		A	64	62
s-hepsid	nmol/l	A	89	80
s-hepsid	nmol/l	L	16	15
s-hepsid	mmol/l	A	7	6
s-hepsid		L	46	45
s-hepyab		N	1184	1113
s-hepyab	titre	N	7	7
s-hepyaba		N	514	495
s-hepyaba		A	214	196
s-hepyaba	u/ml	A	429	382
s-hepyaba	u/ml	H	628	574
s-hepyaba		H	244	218
s-hepyaba	u/ml	N	861	847
s-hepyaba	form	N	18	17
s-hepyaba	responseequivalent	H	38	36
s-hepyaba	form	A	13	10
s-hepyabg	index	H	509	458
s-hepyabg		N	3018	2891
s-hepyabg	u/ml	A	1414	1214
s-hepyabg	u/ml	H	832	728
s-hepyabg	index	A	410	366
s-hepyabg		A	133	120
s-hepyabg	u/ml	N	889	876
s-hepyabg	form	N	16	15
s-hepyabg	titre	A	60	56
s-hepyabg	eiu	N	21	21
s-hepyabg	ru/ml	H	15	15
s-hepyabg	ru/ml	A	23	22
s-hepyabg	responseequivalent	H	39	38
s-hepyabg	form	A	17	15
s-hepyabg		H	31	29
s-hepyl		N	9	9
s-hernee	u/ml	N	34	34
s-hernee	u/ml	A	16	16
s-hernee	u/ml	H	16	12
s-hevab		N	889	848
s-hevab		A	8	8
s-hevabg		N	834	794
s-hevabg		A	33	32
s-hevabm		N	822	783
s-hevabm		A	25	25
s-hevnh		N	36	35
s-hevohie	u/ml	N	1286	1214
s-hevohie		N	717	704
s-hevohie	u/ml	H	675	633
s-hevohie		A	59	53
s-hevohie	u/ml	A	371	338
s-hevohie		H	55	54
s-hevohie	form	N	10	9
s-hevonee		N	77	74
s-hevonee	u/ml	A	334	327
s-hevonee	u/ml	N	224	221
s-hevonee		H	50	49
s-hevonee		A	32	30
s-hevonee	u/ml	H	179	178
s-hevonen		N	52	52
s-hevonen	u/ml	N	7	7
s-hevonen,igevasta-aineet		N	97	96
s-hevonen,igevasta-aineet	u/ml	A	12	12
s-hevonen,igevasta-aineet	u/ml	N	8	8
s-hevonene	u/ml	N	15	15
s-hevonene		N	44	44
s-hevonene	u/ml	A	7	6
s-hevonhie		A	14	13
s-hevonhie	u/ml	A	25	24
s-hevosenhilse		N	6	6
s-hevosenhilse(e3),ige-vasta-aineet	u/ml	N	8	8
s-hevosenhilse(e3),ige-vasta-aineet	u/ml	A	12	12
s-hevosenhilse(e3),igevasta-aineet	u/ml	A	32	32
s-hevosenhilse(e3),igevasta-aineet	u/ml	N	48	47
s-hevosenhilse(e3),igevasta-aineet		N	24	24
s-hevosenhilse,igevasta-aineet		N	194	192
s-hevosenhilse,igevasta-aineet	u/ml	H	6	6
s-hevosenhilse,igevasta-aineet	u/ml	A	49	47
s-hevosenhilse,igevasta-aineet	u/ml	N	75	75
s-hevosenhilse,igevasta-aineet(ko)	u/ml	N	8	8
s-hevosennhilse,igevasta-aineet	u/ml	N	13	13
s-hevosennhilse,igevasta-aineet	u/ml	A	9	9
s-hfostr	u/l	A	23	22
s-hfostr	u/l	N	122	96
s-hfostr	u/l	H	20	17
s-hfostr	u/l	L	10	9
s-hfostr		A	7	6
s-hhv6ab		N	84	66
s-hhv6abg	eiu	N	51	45
s-hhv6abg		N	36	27
s-hhv6abm		N	89	71
s-hi-viru,antigeenijavayhdistelmätutkimus		N	48	46
s-hi-virus,antigeenijavasta-aine,yhdistelmätutkimus		N	43	27
s-hi-virus,antigeenijavasta-aineet		N	131	130
s-hi-virus,antigeenijavasta-aineet,yhdistelmät		N	102	101
s-hi-virus,antigeenijavasta-aineet,yhdistelmätutkimus		N	761	376
s-hi-virus,vasta-aineet,päivystystutkimus		N	51	50
s-hi-virus,vasta-aineetjaantigeeni		N	11	11
s-hibab	mg/l	N	8	7
s-hisabbl		N	2000	1770
s-histab		N	38	35
s-histab		A	15	13
s-histidiini	mmol/l	N	263	242
s-histidyyli-trna-syntetaasi,vasta-aineet		N	15	15
s-histoni,vasta-aineet(immunoblotting)		N	15	15
s-histpab		N	8	8
s-hivab		N	9	7
s-hivab+tod		N	87	77
s-hivabag		N	59	41
s-hivagab		N	42197	25740
s-hivagab		A	185	123
s-hivirus,antigeenijava,yhdistelmätutk.,äitseul		N	55	51
s-hivirus,antigeenijavasta-aine,yhdistelmätutkimus		N	9	7
s-hivirus,antigeenijavasta-aineet,yhdistelmätutk.		N	25	25
s-hivirus,antigeenijavasta-aineet,yhdistelmätutkimus		N	68	41
s-hivirus,antigeenijavasta-aineetjatodistus		N	12	10
s-hla-luovuttajaspesifisetvasta-aineet		N	7	6
s-hladsa		N	342	202
s-hmgcrab		N	57	55
s-home-erittely,igevasta-aineet	u/ml	N	26	25
s-home1er	u/ml	N	38	37
s-home1er		N	7	7
s-home1ry	u/ml	N	16	16
s-homeer		N	50	49
s-homeer	u/ml	N	95	93
s-hs-c-reaktiivinenproteiini	mg/l	N	37	36
s-hs-c-reaktiivinenproteiini	mg/l	A	8	8
s-hs-crp	mg/l	H	1475	845
s-hs-crp	mg/l	N	1742	621
s-hs-crp	mg/l	A	1035	491
s-hs-crp		A	46	38
s-hs-crp		N	38	24
s-hscrp	mg/l	N	253	246
s-hscrp	mg/l	H	99	92
s-hscrp	mg/l	A	10	7
s-hstesto	nmol/l	L	115	94
s-hstesto	nmol/l	A	96	65
s-hstesto		A	10	10
s-hstesto	nmol/l	H	13	12
s-hstesvl	pmol/l	L	31	26
s-hsv1abg		N	301	254
s-hsv1abg	au	H	62	59
s-hsv1abg	eiu	N	114	101
s-hsv1abg		H	119	114
s-hsv1abg	responseequivalent	H	11	11
s-hsv1abg	index	H	76	69
s-hsv1abg	index	N	55	51
s-hsv1abg	u/ml	H	11	11
s-hsv1abg		A	14	13
s-hsv2abg		N	399	340
s-hsv2abg		H	51	50
s-hsv2abg	index	H	39	38
s-hsv2abg	eiu	N	52	47
s-hsv2abg	au	H	42	39
s-hsv2abg		A	8	8
s-hsvab		N	503	439
s-hsvabg		N	33	32
s-hsvabg	eiu	N	15	13
s-hsvabm		N	484	420
s-hsvabm		H	49	41
s-hsvabm		A	42	37
s-hsvabm	index	H	27	27
s-hsvabm	index	N	18	18
s-hsvcf		N	7	7
s-htlvab		N	243	216
s-htlvjt		N	186	167
s-hund		N	79	76
s-hund	u/ml	A	10	9
s-hydroksi-indolyyliaset	nmol/l	N	6	6
s-hydroksi-indolyyliasetaatti(5-)	nmol/l	A	19	10
s-hydroksikarbatsepiini	umol/l	A	6	6
s-hyvehne	u/ml	N	22	22
s-häst		N	88	84
s-ia2ab		N	127	124
s-ia2ab		H	10	10
s-ia2ab	u/ml	H	12	12
s-ia2ab	u/ml	A	53	51
s-ia2ab		A	28	27
s-ica	jdfu	A	12	12
s-ica-vier	mmol/l	L	11	11
s-ica-vier	mmol/l	N	12	11
s-ica-vieri	mmol/l	L	24	21
s-ica-vieri	mmol/l	N	46	43
s-ictp	ug/l	A	367	297
s-ictp		A	29	27
s-ictp	âug/l	H	7	7
s-if-ab	au/ml	N	11	11
s-ifnaab		N	8	8
s-ifnoab		N	8	8
s-ifx	mg/l	N	45	36
s-ifx		N	8	8
s-ifx-ab		N	38	31
s-ifx-ab		A	6	6
s-ifx-ab	au/ml	A	21	20
s-iga	g/l	A	2475	1300
s-iga	g/l	N	8964	8475
s-iga	g/l	L	227	202
s-iga	g/l	H	909	774
s-iga		L	100	87
s-iga		N	32	30
s-iga		A	240	147
s-iga-eia		N	8	7
s-iga-puut		N	13	12
s-igaab		N	14	14
s-igakeli		N	11433	10489
s-igakeli		A	49	47
s-igakeli,s-keliakia,totaaliiga(ko)		N	48	47
s-igd		N	45	34
s-igd		A	10	7
s-igd	mg/l	A	23	8
s-igd	mg/l	N	12	10
s-ige	u/ml	A	8776	6305
s-ige	u/ml	N	6656	6008
s-ige	u/ml	H	3503	2825
s-ige		N	259	234
s-ige		A	141	114
s-ige	u/ml	HH	33	26
s-ige-2,pölyryhmä,seulonta	u/ml	H	19	18
s-ige-2,pölyryhmä,seulonta	u/ml	N	6	6
s-ige-2,pölyryhmäseulonta	u/ml	N	11	11
s-ige-et		N	13	13
s-ige-ps		N	88	87
s-ige-pse		N	669	654
s-ige-pse		A	95	94
s-ige-ss	u/ml	H	23	21
s-ige-sse	u/ml	H	292	244
s-ige-sse		N	12	12
s-ige-sse,pähkinäryhmä2/nötter2		N	11	11
s-ige-sse,pölyryhmä,seulontajaerittely		N	9	9
s-ige-sse,pölyryhmä/damm		N	10	10
s-ige-sse,pölyryhmä:dpteroe,kissae,hevonene,koirae,timoteie,cladhee,koivue,pujoe	u/ml	N	41	41
s-ige-sse,pölyryhmä:dpteroe,kissae,hevonene,koirae,timoteie,cladhee,koivue,pujoe	u/ml	A	9	9
s-ige-sse,pölyryhmä:dpteroe,kissae,hevonene,koirae,timoteie,cladhee,koivue,pujoe		N	49	48
s-ige-sse,ruoka-aineryhmäfx20:ohrajae,riisie,ruisjae,vehnjae		N	8	8
s-ige-sse,viljaryhmä:tattare,seessie,vehnjae,kaurae,maissie		N	7	7
s-ige2pöl	u/ml	A	170	150
s-ige2pöl		A	62	58
s-ige2pöl	u/ml	N	18	17
s-ige2ruo		A	22	20
s-ige2ruo	u/ml	A	47	46
s-ige2ruo	u/ml	N	21	19
s-ige3pöl		N	10	10
s-ige3pölsatadiag		N	7	7
s-igesiru		N	26	26
s-igf-1	nmol/l	A	22	10
s-igf1	nmol/l	A	878	435
s-igf1	nmol/l	N	1977	954
s-igf1	nmol/l	L	139	78
s-igf1		A	45	35
s-igf1	nmol/l	H	279	131
s-igf1		N	10	6
s-igf1		L	12	9
s-igf1sds	nmol/l	A	351	201
s-igfbp3	mg/l	N	19	15
s-igg	g/l	A	5817	2363
s-igg	g/l	H	268	222
s-igg	g/l	N	2092	1931
s-igg	g/l	L	361	273
s-igg		A	237	126
s-igg-sc		N	526	459
s-igg-sc		A	18	17
s-igg1	g/l	A	1441	1116
s-igg1	g/l	N	764	658
s-igg1	g/l	L	214	161
s-igg1	g/l	H	104	89
s-igg1		A	12	10
s-igg2	g/l	H	28	28
s-igg2	g/l	A	853	686
s-igg2	g/l	N	857	743
s-igg2	g/l	L	199	143
s-igg2		A	21	14
s-igg3	g/l	A	1032	802
s-igg3	g/l	N	728	644
s-igg3		L	17	14
s-igg3	g/l	L	345	241
s-igg3	g/l	H	26	26
s-igg3		A	32	30
s-igg4	g/l	N	2608	2027
s-igg4	g/l	A	2174	1004
s-igg4	g/l	H	847	432
s-igg4		A	149	116
s-igg4	g/l	L	231	179
s-igg4		L	62	53
s-iglc-v		N	89	79
s-iglck-v	mg/l	A	21105	7055
s-iglck-v	mg/l	N	5162	1918
s-iglck-v	mg/l	H	7383	3108
s-iglck-v	mg/l	L	850	131
s-iglck-v		L	68	20
s-iglck-v		A	577	125
s-iglck-v		N	9	9
s-iglck-v2	mg/l	A	7	7
s-iglcl-v	mg/l	N	6297	2604
s-iglcl-v	mg/l	H	4991	2208
s-iglcl-v	mg/l	A	17077	5291
s-iglcl-v	mg/l	L	1875	337
s-iglcl-v		L	118	33
s-iglcl-v		A	778	166
s-iglcl-v		N	7	7
s-igm	g/l	N	1330	1225
s-igm		A	618	262
s-igm	g/l	A	2440	1078
s-igm	g/l	L	346	291
s-igm	g/l	H	148	131
s-ihmisenepididymaalinenantigeeni4	pmol/l	N	92	66
s-ihmisenepididymaalinenantigeeni4	pmol/l	H	21	16
s-ihmisenepididymaalinenantigeeni4	pmol/l	A	55	34
s-ihmisepididymaalag	pmol/l	N	7	7
s-ihoab		N	461	393
s-ihonepiteelintyvikalvonvasta-aineet		N	7	7
s-ihonepiteelinvasta-aineet(tyvik.+välia.)		N	28	28
s-ihonepiteelinväliaineenvasta-aineet		N	6	6
s-ihotab	titre	A	216	142
s-ihotab	titre	H	108	61
s-ihotab		N	785	695
s-ihotab		A	35	26
s-ihotab		H	22	17
s-ihovab	titre	A	171	133
s-ihovab		N	815	705
s-ihovab	titre	N	7	7
s-ihovab	titre	H	59	46
s-ihovab		A	14	7
s-il12ab		N	8	8
s-il17aab		N	8	8
s-il17fab		N	8	8
s-il22ab		N	8	8
s-il23ab		N	8	8
s-il2r	u/ml	A	151	124
s-il2r	u/ml	H	7	7
s-il2r	u/ml	N	38	38
s-imm-ong		A	15	13
s-imm-ong		N	6	6
s-immfix		N	1793	1308
s-immfix		A	385	232
s-immunofiksaatiotutkimus		A	31	24
s-immunofiksaatiotutkimus		N	22	22
s-immunoglob,kevyetketjut,vapaat,kappaosatutk	mg/l	A	12	9
s-immunoglobuliini,kappa.lambda-suhde		N	8	8
s-immunoglobuliini,kev.ketjut,vapaat,kappa	mg/l	A	74	58
s-immunoglobuliini,kev.ketjut,vapaat,lambda	mg/l	A	88	63
s-immunoglobuliini,kev.ketjutvap.kappa/lambda	ratio	H	20	6
s-immunoglobuliini,kev.ketjutvap.kappa/lambda	ratio	A	38	18
s-immunoglobuliini,kevyetketjut,k	mg/l	H	58	24
s-immunoglobuliini,kevyetketjut,k/l		H	32	10
s-immunoglobuliini,kevyetketjut,kappa-lambda-suh		A	18	17
s-immunoglobuliini,kevyetketjut,kappa-lambda-suhde		N	19	18
s-immunoglobuliini,kevyetketjut,kappa-lambda-suhde		A	475	133
s-immunoglobuliini,kevyetketjut,kappa-lambda-suhde		H	19	19
s-immunoglobuliini,kevyetketjut,l	mg/l	H	36	20
s-immunoglobuliini,kevyetketjut,vapaat,kappa-	ratio	A	164	23
s-immunoglobuliini,kevyetketjut,vapaat,kappa-lambda-suhde		A	974	232
s-immunoglobuliini,kevyetketjut,vapaat,kappa-lambda-suhde		H	114	44
s-immunoglobuliini,kevyetketjut,vapaat,kappa-lambda-suhde		N	1298	659
s-immunoglobuliini,kevyetketjut,vapaat,kappa-lambda-suhde		L	63	8
s-immunoglobuliini,kevytketju,vapaat,kappa-lambda		N	14	14
s-immunoglobuliini,kevytketjut,kappa,vapaat	mg/l	A	344	123
s-immunoglobuliini,kevytketjut,kappa-lambdasu		A	362	112
s-immunoglobuliini,kevytketjut,lambda,vapaat	mg/l	A	336	93
s-immunoglobuliini,kevytketjut,vapaat		N	8	8
s-immunoglobuliinia	g/l	N	413	404
s-immunoglobuliinia	g/l	A	16	15
s-immunoglobuliiniaosatutkimus	g/l	N	14	13
s-immunoglobuliinie	u/ml	A	75	65
s-immunoglobuliinie	u/ml	N	107	103
s-immunoglobuliinie	u/ml	H	12	11
s-immunoglobuliinie		N	6	6
s-immunoglobuliinie,maapähkinallerg.kom		N	6	6
s-immunoglobuliinie,perusseulonta,erittelyjakomponentit		N	20	20
s-immunoglobuliinie,perusseulonta,erittelyjakomponenttitk		N	24	24
s-immunoglobuliinie,perusseulontajaerittely		N	12	12
s-immunoglobuliinig,alaluokka1	g/l	A	53	43
s-immunoglobuliinig,alaluokka2	g/l	A	27	21
s-immunoglobuliinig,alaluokka3	g/l	A	23	21
s-immunoglobuliinig,alaluokka4	g/l	A	57	37
s-immunoglobuliinig,alaluokka4␤	g/l	A	7	6
s-immunoglobuliinig4	g/l	A	15	8
s-immunoglobuliinim	g/l	A	8	8
s-immunoglobuliiti,kappa/lamdasuhdeseerumista		A	55	20
s-infaabg	u/ml	N	22	18
s-infaabg	eiu	N	8	8
s-infacf	titre	N	7	7
s-infacf		N	32	29
s-infbab	eiu	N	9	9
s-infbab	u/ml	N	19	15
s-infbcf	titre	N	12	12
s-infbcf		N	26	23
s-infli	mg/l	N	1365	394
s-infli		N	113	84
s-infliab		N	728	287
s-infliab	au/ml	A	213	124
s-infliab		A	58	48
s-infliab	au/ml	H	62	53
s-infliab		H	11	10
s-infliksimabi,vasta-aineet	au/ml	A	9	7
s-infliksimabipitoisuus	mg/l	N	32	31
s-infliksimabivasta-ainemääritys		N	6	6
s-inflipa		N	1029	334
s-inhibb	ng/l	N	334	198
s-inhibb		N	377	141
s-inhibb	ng/l	H	71	36
s-inhibb	ng/l	L	43	31
s-inhibb	ng/l	A	65	39
s-inhibb		A	31	23
s-inhibiinib		N	11	9
s-inkiväe	u/ml	N	11	10
s-insu	mu/l	N	791	437
s-insu	mu/l	L	98	40
s-insu	mu/l	H	437	207
s-insu		A	45	32
s-insu	mu/l	A	1409	485
s-insu		L	18	11
s-insu		H	21	19
s-insu-ab	u/ml	N	27	21
s-insu-ab	u/ml	A	103	73
s-insu-ab	u/ml	H	21	14
s-insu-ab		N	90	60
s-insu-ab	%	A	10	8
s-insu-ab		A	8	7
s-insuaab		A	18	18
s-insuab		A	16	13
s-insuliininkaltainenkasvutekijä(igf-1)	nmol/l	A	7	6
s-insuliininkaltainenkasvutekijä1	nmol/l	A	8	8
s-ipro		N	156	95
s-isoleusiini	mmol/l	N	247	227
s-isoleusiini	mmol/l	H	10	10
s-isoleusiini	mmol/l	L	8	8
s-jcvab		N	545	203
s-jcvab		A	109	89
s-jgadab	iu/ml	A	7	7
s-jo1,vasta-aineet		N	11	11
s-jo1ab		N	3356	3062
s-jo1ab		A	12	7
s-jo1ab	u/ml	A	43	19
s-jo1ab	u/ml	H	16	11
s-jo1ab-o		N	423	403
s-jo1abbl		N	2002	1772
s-jo1vasta-aineet(blotting)		N	12	12
s-jordnöt		N	90	85
s-k	mmol/l	N	42640	30122
s-k	mmol/l	H	1537	1150
s-k	mmol/l	L	2372	1612
s-k	mmol/l	A	225	185
s-k		N	163	145
s-k		L	364	267
s-k/l-ex		A	95	72
s-k/l-ex	ratio	A	11	9
s-k/l-s-v	ratio	N	3672	1969
s-k/l-s-v	ratio	A	16817	3817
s-k/l-s-v	ratio	H	5937	2050
s-k/l-s-v	1	N	12	12
s-k/l-s-v	ratio	L	1721	211
s-k/l-s-v		N	72	23
s-k/l-s-v		A	219	65
s-k/l-s-v2	ratio	A	6	6
s-k/l-va	ratio	A	18	8
s-kaakaoe	u/ml	N	22	21
s-kala(turska),igevasta-aineet		N	23	23
s-kala,igevasta-aineet		N	11	11
s-kala2er	u/ml	N	20	20
s-kalaer	u/ml	A	13	11
s-kalaerittely,igevasta-aineet		N	35	35
s-kalaryhmä,igevasta-aineet	u/ml	N	10	10
s-kalium	mmol/l	N	886	694
s-kalium		N	48	47
s-kalium	mmol/l	A	11	9
s-kalsium	mmol/l	N	1309	864
s-kalsium	mmol/l	A	155	91
s-kalsium(paketti)	mmol/l	N	18	16
s-kalsium,albumiinikorjattu	mmol/l	N	34	33
s-kalsium,ionisoitunut	mmol/l	A	1377	684
s-kalsium,ionisoitunut	mmol/l	N	8745	5068
s-kalsium,ionisoitunut		N	1994	1733
s-kalsium,ionisoitunut(aktuaalinenpitoisuus)	mmol/l	N	37	25
s-kalsium,ionisoitunut,aktuaali		N	211	164
s-kalsium,ionisoitunut,aktuaali	mmol/l	N	330	253
s-kalsium,ionisoitunut,aktuaalinen	mmol/l	N	2115	1629
s-kalsium,ionisoitunut,aktuaalisessaph:ssa	mmol/l	N	38	36
s-kalsium,ionisoitunut,ph7,4		N	105	84
s-kalsium,ionisoitunut,ph7.4-korjattu	mmol/l	A	4848	2016
s-kalsium,ionisoitunut,ph7.4-korjattu	mmol/l	L	635	291
s-kalsium,ionisoitunut,ph7.4-korjattu	mmol/l	H	83	49
s-kalsium,ionisoitunut,ph7.4-korjattu	mmol/l	N	1071	766
s-kalsium,ionisoitunut,ph7.4-korjattu␤	mmol/l	N	16	16
s-kalsium,ionisoitunut,ph7.4:ssä	mmol/l	N	78	73
s-kalsium,ionisoitunut,ph7.4:ssä	mmol/l	A	10	7
s-kalsium,ionisoitunut,ph7.4korjattu	mmol/l	A	1135	330
s-kalsium,ionisoitunut,ph7.4korjattu	mmol/l	N	288	245
s-kalsium,ionisoitunut,ph7.4korjattu	mmol/l	L	30	14
s-kalsium,ionisoitunut,ph7.4korjattu	mmol/l	H	35	26
s-kalsium,ionisoitunut,seerumista	mmol/l	N	67	61
s-kalsium,ionisoitunutph7.4korjattu		N	127	113
s-kalsium,ionisoitunutph7.4korjattu		A	86	67
s-kalsium-ioni.aktuaali	mmol/l	N	25	24
s-kalsiumionisoitunut,aktuaali	mmol/l	N	6	6
s-kanalie	u/ml	N	11	11
s-kanelie	u/ml	N	12	12
s-kanie	u/ml	A	8	8
s-kaniepe	u/ml	H	12	12
s-kaniepe	u/ml	N	12	12
s-kaniepe		N	6	6
s-kap-ex		A	122	89
s-kap-ex	mg/l	A	13	10
s-kap-va	mg/l	A	30	21
s-kappa-lambda-suhde,kevytketjut,vapaa	ratio	A	181	36
s-karba	umol/l	N	466	253
s-karba		A	337	269
s-karba		L	132	113
s-karba	umol/l	A	608	350
s-karba	umol/l	H	114	75
s-karba		H	12	12
s-karba	umol/l	L	108	82
s-karba		N	21	15
s-karba-v	umol/l	N	10	7
s-karbae	umol/l	L	9	7
s-karbamatsepiini	umol/l	N	11	10
s-kardab		N	3888	1821
s-kardab		A	22	13
s-kardab	titre	A	599	139
s-kardab	titre	H	572	139
s-kardab	titre	N	196	105
s-kardab		H	13	12
s-kardabg	gpl	A	66	42
s-kardabg		A	16	14
s-kardabg		N	12	12
s-kardabm	mpl	A	129	93
s-kardabm		A	31	24
s-kardabm		N	15	13
s-kardiolipiini(lues),vasta-aineet		N	14	14
s-kardiolipiini,vasta-aineet(vdrl)		N	10	10
s-karni	umol/l	A	48	25
s-karni	umol/l	N	109	45
s-karni	umol/l	L	7	6
s-karni-v	umol/l	A	63	34
s-karni-v	umol/l	N	91	42
s-karni-v	umol/l	L	22	12
s-karni-v	umol/l	H	10	6
s-karpune	u/ml	N	16	15
s-karsinoembryonaalinenantigeeni	ug/l	A	270	90
s-karsinoembryonaalinenantigeeni	ug/l	N	62	50
s-karsinoembryonaalinenantigeeni		N	9	6
s-kaseiie	u/ml	H	17	14
s-kaseiie	u/ml	N	14	13
s-kaseiie	u/ml	A	94	57
s-katkare	u/ml	A	38	36
s-katkare	u/ml	N	42	42
s-katkare	u/ml	H	15	14
s-katkare		N	11	11
s-katt		N	82	79
s-katt	u/ml	A	10	10
s-kaura(ravintoaine),igevasta-aineet		N	14	14
s-kaura,igevasta-aineet		N	7	7
s-kaurae	u/ml	H	11	11
s-kaurae	u/ml	A	11	11
s-kaurae	u/ml	N	31	31
s-kaurae		N	29	29
s-kaurjae	u/ml	A	13	12
s-kefakle	u/ml	N	66	65
s-keliab		N	417	391
s-keliab(ko)		N	69	67
s-keliab,osatutkimus		N	12	11
s-keliab-tutkimuspaketti		N	34	34
s-keliakia		N	149	149
s-keliakia,seulonta		N	99	95
s-keliakia,totaaliiga		N	183	174
s-keliakia,vasta-aineetosatutkimus		N	13	13
s-keliakia,vasta-ainetutkimus		N	17	16
s-keliakia,vasta-ainetutkimus,seerumista		N	97	92
s-keliakiaseulonta		N	1097	1017
s-keliakiatutkimus,laaja		N	83	82
s-keliakiatutkimus,suppea		N	197	195
s-kelila		N	89	88
s-keliseu		N	9042	8455
s-keliseul		N	644	610
s-kelisu		N	728	672
s-kem		N	347	130
s-kemkäs		N	87	35
s-kemtutk		N	25	17
s-kertatyydyttymättömätrasvahapot	mmol/l	N	259	238
s-kerulo	mg/l	L	35	24
s-kerulo	g/l	N	154	151
s-kerulo	g/l	A	389	366
s-kerulo	mg/l	N	725	705
s-kerulo		A	132	111
s-kerulo	mg/l	A	100	74
s-kerulo	mg/l	H	7	7
s-ketiap	nmol/l	L	60	48
s-ketiap	nmol/l	A	164	129
s-ketiap	nmol/l	N	74	52
s-ketiap		A	61	49
s-ketiap	nmol/l	H	25	21
s-keto-o		A	37	33
s-keto-o		N	27	26
s-kid10		N	8	8
s-kiivie	u/ml	A	13	13
s-kiivie	u/ml	N	33	33
s-kiivie	u/ml	H	12	12
s-kikhere	u/ml	N	8	8
s-kilpirauhastutkimuspaketti		N	37	30
s-kilpirauhastutkimuspaketti(s-t4vjas-tsh)		N	13	11
s-kipa		N	599	446
s-kirsike	u/ml	N	10	10
s-kissa		N	21	21
s-kissa,igevasta-aineet	u/ml	A	30	30
s-kissa,igevasta-aineet		N	77	76
s-kissa,igevasta-aineet	u/ml	N	9	9
s-kissae		N	214	197
s-kissae		H	101	100
s-kissae	u/ml	A	702	661
s-kissae		A	95	90
s-kissae	u/ml	H	382	380
s-kissae	u/ml	N	213	207
s-kissanhilse		N	6	6
s-kissanhilse(e1),ige-vasta-aineet	u/ml	A	53	53
s-kissanhilse(e1),ige-vasta-aineet	u/ml	N	61	61
s-kissanhilse(e1),ige-vasta-aineet		N	10	10
s-kissanhilse(e1),ige-vasta-aineet␤	u/ml	A	13	13
s-kissanhilse(e1),igevasta-aineet	u/ml	A	7	7
s-kissanhilse(e1),igevasta-aineet		N	11	11
s-kissanhilse,igevasta-aineet		N	145	144
s-kissanhilse,igevasta-aineet	u/ml	H	12	12
s-kissanhilse,igevasta-aineet	u/ml	A	98	96
s-kissanhilse,igevasta-aineet	u/ml	N	20	20
s-kissanhilse,igevasta-aineet(ko)	u/ml	N	7	7
s-kissanhilse,igevasta-aineet,rast,kissa,allergia	u/ml	H	13	9
s-kisshie	u/ml	H	1324	1234
s-kisshie	u/ml	N	1027	983
s-kisshie		N	614	606
s-kisshie	u/ml	A	704	656
s-kisshie		A	140	130
s-kisshie		H	82	82
s-kkab		N	18	18
s-klobat	umol/l	A	62	25
s-klobat	umol/l	N	153	46
s-klobat		A	11	7
s-klona		A	12	10
s-klona	nmol/l	A	27	7
s-klonors	nmol/l	A	11	10
s-klopi	nmol/l	N	29	14
s-klotsa	nmol/l	A	4961	1123
s-klotsa	nmol/l	N	9536	1016
s-klotsa	nmol/l	H	1513	298
s-klotsa	nmol/l	L	1338	299
s-klotsa		L	26	18
s-klotsa	umol/l	A	5288	874
s-klotsa		A	287	170
s-klotsa	âumol/l	N	16	8
s-klotsa	âumol/l	L	7	6
s-klotsa		N	139	94
s-klotsa	umol/l	N	424	159
s-klotsa	umol/l	H	48	20
s-klotsa	umol/l	L	106	27
s-klotsa	âumol/l	H	7	6
s-klotsa,-dmklotsa	nmol/l	A	15	8
s-klotsaj	nmol/l	N	22	15
s-klotsapiini	nmol/l	A	732	195
s-klotsapiini	nmol/l	H	92	51
s-klotsapiini	nmol/l	N	111	53
s-klotsapiini	umol/l	A	59	40
s-klotsapiini		A	17	11
s-klotsapiini	nmol/l	L	61	37
s-klotsapiini,osatutk.		A	20	8
s-klotsapiini,osavastaus-dmklotsa	umol/l	A	26	6
s-koiheie	u/ml	A	34	33
s-koiheie		A	6	6
s-koiheie	u/ml	H	31	30
s-koihspe	u/ml	A	7	7
s-koira		N	21	21
s-koira,igevasta-aineet		N	42	42
s-koira,igevasta-aineet	u/ml	A	14	14
s-koirae		N	207	192
s-koirae		H	95	94
s-koirae	u/ml	A	694	654
s-koirae		A	79	74
s-koirae	u/ml	H	351	346
s-koirae	u/ml	N	224	220
s-koiranhilse(e5),ige-vasta-aineet	u/ml	A	70	70
s-koiranhilse(e5),ige-vasta-aineet	u/ml	N	68	68
s-koiranhilse(e5),ige-vasta-aineet		N	7	7
s-koiranhilse(e5),igevasta-aineet	u/ml	N	9	9
s-koiranhilse(e5),igevasta-aineet	u/ml	A	6	6
s-koiranhilse(e5),igevasta-aineet		N	13	13
s-koiranhilse,igevasta-aineet		N	143	142
s-koiranhilse,igevasta-aineet	u/ml	N	77	76
s-koiranhilse,igevasta-aineet	u/ml	A	97	94
s-koiranhilse,igevasta-aineet	u/ml	H	7	7
s-koiranhilse,igevasta-aineet(ko)	u/ml	N	6	6
s-koiranhilse,igevasta-aineet,rast,allergia	u/ml	H	19	12
s-koirhie	u/ml	N	1044	995
s-koirhie		N	549	543
s-koirhie	u/ml	H	1239	1161
s-koirhie	u/ml	A	625	581
s-koirhie		A	136	127
s-koirhie		H	71	69
s-koirhie	form	N	6	6
s-koivspe		A	24	24
s-koivspe	u/ml	A	375	353
s-koivspe	u/ml	N	6	6
s-koivu,igevasta-aineet	u/ml	N	24	24
s-koivu,igevasta-aineet		N	35	35
s-koivu,igevasta-aineet	u/ml	A	43	43
s-koivue		N	664	657
s-koivue	u/ml	H	2480	2142
s-koivue	u/ml	N	1147	1050
s-koivue		H	310	290
s-koivue	u/ml	A	1680	1516
s-koivue		A	415	399
s-koivunsiitepöly(t3),ige-vasta-aineet	u/ml	A	11	11
s-koivunsiitepöly(t3),igevasta-aineet	u/ml	A	74	73
s-koivunsiitepöly(t3),igevasta-aineet	u/ml	N	29	29
s-koivunsiitepöly(t3),igevasta-aineet		N	12	12
s-koivunsiitepöly,igevasta-aineet		N	122	121
s-koivunsiitepöly,igevasta-aineet	u/ml	A	167	164
s-koivunsiitepöly,igevasta-aineet	u/ml	N	59	58
s-koivunsiitepöly,igevasta-aineet	u/ml	H	19	18
s-koivunsiitepöly,igevasta-aineet,rast,allergia	u/ml	H	23	15
s-kokonaisrasvahapot	mmol/l	N	248	229
s-kokonaisrasvahapot	mmol/l	H	16	15
s-kol	mmol/l	H	14970	13172
s-kol	mmol/l	N	18880	16242
s-kol	mmol/l	A	238	192
s-kol		H	40	39
s-kol-hdl	mmol/l	N	27305	23224
s-kol-hdl	mmol/l	H	1069	1028
s-kol-hdl	mmol/l	L	5221	4660
s-kol-hdl	mmol/l	A	66	54
s-kol-hdl		L	13	13
s-kol-ldl	mmol/l	H	13785	12616
s-kol-ldl	mmol/l	N	16994	15432
s-kol-ldl	mmol/l	A	320	260
s-kol/kol-hdl-suhde		N	103	86
s-kol/kol-hdl-suhde		A	23	18
s-kolesteroli	mmol/l	N	34	34
s-kolesteroli	mmol/l	A	15	14
s-kolesteroli(paketti)	mmol/l	N	9	8
s-kolesteroli(paketti)	mmol/l	A	16	14
s-kolesteroli,eipaastoa	mmol/l	N	43	41
s-kolesteroli,eipaastoa	mmol/l	A	45	42
s-kolesteroli,highdensitylipoproteiinit	mmol/l	N	69	66
s-kolesteroli,highdensitylipoproteiinit	mmol/l	A	17	16
s-kolesteroli,highdensitylipoproteiinit(paketti)	mmol/l	N	25	22
s-kolesteroli,lowdensitylipoproteiinit	mmol/l	N	126	114
s-kolesteroli,lowdensitylipoproteiinit	mmol/l	A	121	103
s-kolesteroli,lowdensitylipoproteiinit(paketti)	mmol/l	N	11	10
s-kolesteroli,lowdensitylipoproteiinit(paketti)	mmol/l	A	14	12
s-kolesteroli,osatutkimushighdensitylipoproteiinit	mmol/l	N	144	118
s-kolesteroli,osatutkimushighdensitylipoproteiinit	mmol/l	A	17	13
s-kolesteroli,triglyseridit	mmol/l	A	10	9
s-kolesteroli,triglyseridit	mmol/l	N	31	28
s-kolesteroli/hdl-kolesteroli-suhdeosatutkimus		N	8	8
s-kolesteroli/hdl-kolesterolisuhde		N	28	27
s-kolesterolinjahdl-kolesterolinsuhde		N	7	7
s-kolesteroliosatutkimus	mmol/l	N	73	65
s-kolesteroliosatutkimus	mmol/l	A	88	68
s-kolestroli,highdensitylipoproteiinit	mmol/l	N	39	35
s-kolestroli,highdensitylipoproteiinit	mmol/l	A	8	8
s-kolestroli,lowdensitylipoproteiinit	mmol/l	A	30	29
s-kolestroli,lowdensitylipoproteiinit	mmol/l	N	17	16
s-koll7ab		N	16	14
s-komplementtic1q		N	11	10
s-komplementtic1q	g/l	N	9	9
s-komplementtic3	g/l	A	36	31
s-komplementtic3	g/l	N	64	63
s-komplementtic4	g/l	A	27	19
s-konalbe	u/ml	A	11	9
s-koopähe		N	10	10
s-koopähe	u/ml	A	11	11
s-koopähe	u/ml	N	17	17
s-kopept		N	12	11
s-kopept	pmol/l	N	12	11
s-kor/dxm	nmol/l	N	7	7
s-koriane	u/ml	N	10	10
s-koriongonadotropiini(kval)		N	9	9
s-koriongonadotropiini-b-alayksikkö,vapaa	ug/l	N	85	84
s-koriongonadotropiini-b-alayksikkö,vapaa,1.trimesterinseula	ug/l	N	9	9
s-kors/r	nmol/l	N	7	6
s-korsol	nmol/l	N	11746	5724
s-korsol	nmol/l	A	4964	3021
s-korsol		A	792	550
s-korsol	nmol/l	LL	621	399
s-korsol	nmol/l	H	3440	1863
s-korsol	nmol/l	L	692	454
s-korsol		LL	204	119
s-korsol		N	38	36
s-korsol		L	111	92
s-korsol		H	16	16
s-kortisoli	nmol/l	A	189	95
s-kortisoli	nmol/l	N	11	11
s-kortisoli(ko)	nmol/l	N	15	13
s-kostpae		N	6	6
s-kotiniini		N	7	7
s-kotiniini	ng/ml	A	8	6
s-kotipölypunkki(d.pteronyssinus),igevasta-aineet(ko)	u/ml	N	7	7
s-krea	umol/l	N	7586	4221
s-krea	umol/l	L	193	145
s-krea	umol/l	H	2018	708
s-krea		H	43	28
s-krea	umol/l	A	69	45
s-krea		L	10	10
s-kreatiinikinaasi	u/l	N	34	33
s-kreatiinikinaasi	u/l	A	7	7
s-kreatiniini	umol/l	N	602	539
s-kreatiniini	umol/l	A	44	38
s-kreatiniini	umol/l	H	25	25
s-krtiin	umol/l	A	15	13
s-krtiin	umol/l	N	18	16
s-krtiin	umol/l	H	9	6
s-krtiin	umol/l	L	9	8
s-kryog		N	431	405
s-kryog	g/l	N	49	41
s-kryog-o		N	80	78
s-kryog-o		A	17	17
s-kryoglobuliini(kval.)		N	69	67
s-kuab-o		N	423	403
s-kudos,vasta-aineet		N	114	111
s-kudostransglutaminaasi,iga-vasta-aineet		N	299	294
s-kudostransglutaminaasi,iga-vasta-aineet	u/ml	N	33	32
s-kudostransglutaminaasi,iga-vasta-aineetosatutk.		N	425	410
s-kudostransglutaminaasi,igavasta-aineet	eliau/ml	N	10	10
s-kudostransglutaminaasi,igavasta-aineet		N	447	436
s-kudostransglutaminaasi,igavasta-aineet	u/ml	N	411	402
s-kudostransglutaminaasi,igavasta-aineet		A	14	13
s-kudostransglutaminaasi,igavasta-aineet	u/ml	A	79	61
s-kudostransglutaminaasi,igavasta-aineet(keliakia)		N	24	23
s-kudostransglutaminaasi,igg-vasta-aineet		N	7	7
s-kudostransglutaminaasi,iggva(keliakia)		N	24	23
s-kudostransglutaminaasi,iggvasta-aineet		N	25	25
s-kudostransglutaminaasiigava:t		N	10	10
s-kvriski		N	7	7
s-kyhemag		H	54	38
s-kyhemag		N	146	133
s-kyhemag	titre	H	34	20
s-kyhemag	titre	N	14	13
s-kyhemag		A	71	36
s-kyhemag	titre	A	64	26
s-kysc	mg/l	N	559	513
s-kysc	mg/l	A	1981	777
s-kysc	mg/l	H	259	155
s-kysc		A	582	268
s-käsmak		N	25	12
s-l.b.bal		N	15	15
s-l.b.jav		N	15	15
s-l.b.sej		N	15	15
s-l.b.tar		N	15	15
s-l.bifl		N	15	15
s-l.broom		N	15	15
s-l.i.aut		N	15	15
s-l.i.bat		N	15	15
s-l.i.bra		N	15	15
s-l.i.can		N	15	15
s-l.i.cop		N	15	15
s-l.i.har		N	15	15
s-l.i.heb		N	15	15
s-l.i.ict		N	15	15
s-l.i.pom		N	15	15
s-l.k.cyn		N	15	15
s-l.k.gri		N	15	15
s-lakalbe	u/ml	A	38	20
s-lakalbe	u/ml	H	9	8
s-lakosam	mg/l	N	9	8
s-laktaat	mmol/l	A	11	9
s-laktaatti	mmol/l	N	223	207
s-laktaatti	mmol/l	H	39	38
s-lam-ex		A	79	60
s-lam-va	mg/l	A	26	19
s-lam5abg		N	24	22
s-lamotr	umol/l	A	7	6
s-lamotri	umol/l	N	468	297
s-lamotri	umol/l	A	299	198
s-lamotri		N	12	10
s-lamotri		A	87	65
s-lamotri	umol/l	L	8	7
s-lamotrigiini	umol/l	A	18	16
s-langab		N	238	202
s-langab	titre	A	42	40
s-langab	titre	H	7	7
s-latekse		N	14	14
s-latekse	u/ml	N	74	74
s-latekse	u/ml	A	7	6
s-lc1ab-o		N	1094	933
s-ld	u/l	N	383	310
s-ld	u/l	A	1197	379
s-ld	u/l	H	427	321
s-ld	u/ml	N	7	7
s-ld-1	%	A	28	28
s-ld-1	%	N	36	35
s-ld-2	%	A	18	16
s-ld-2	%	N	33	33
s-ld-3	%	A	28	27
s-ld-3	%	N	25	25
s-ld-3	%	H	7	7
s-ld-4	%	A	33	33
s-ld-4	%	N	29	29
s-ld-4	%	H	6	6
s-ld-5	%	A	13	13
s-ld-5	%	N	38	37
s-ld-5	%	H	6	6
s-ld-is		N	31	30
s-ldestre	u/ml	A	10	10
s-ldestre	u/ml	N	8	7
s-ldestre		N	10	9
s-ldl-kolesteroli	mmol/l	H	108	98
s-ldl-kolesteroli	mmol/l	N	157	148
s-ldpit	u/l	A	40	37
s-ldpit		H	7	7
s-ldpit	u/l	N	12	12
s-ldpit		N	14	14
s-ldpit	u/l	H	7	7
s-legiab		N	71	67
s-legiabg		N	69	66
s-legiabm		N	65	63
s-lehmhie	u/ml	A	19	17
s-lehmhie	u/ml	N	18	18
s-lehmhie		N	17	17
s-lehmhie	u/ml	H	6	6
s-lehmäe	u/ml	H	8	8
s-lehmäe		N	29	29
s-lehmäe	u/ml	A	11	11
s-lehmänhilse,igevasta-aineet		N	13	12
s-lehmänmaito,igevasta-aineet	u/ml	A	11	11
s-lehmänmaito,igevasta-aineet		N	36	36
s-leisab		N	13	13
s-leppspe	u/ml	A	9	9
s-leppäe	u/ml	H	50	49
s-leppäe		A	14	14
s-leppäe	u/ml	A	44	44
s-leppäe		H	7	7
s-leppäe	u/ml	N	23	22
s-leppäe		N	15	15
s-leptab		N	7	7
s-leptabm	u/ml	A	12	8
s-lepänsiitepöly,igevasta-aineet	u/ml	N	14	14
s-leu-eo		N	2034	578
s-leu-es		N	460	256
s-leuab1		A	119	17
s-leuab2		A	51	11
s-leuabi		N	1215	448
s-leuabii		N	893	291
s-leuabpr		N	2563	803
s-leukabo		N	2086	701
s-leukabo		A	434	60
s-leukosyyttivasta-aineet,elinsiirtoaodottava		N	75	43
s-leukosyyttivasta-aineet,luokkai,igg,tunnistus		A	21	6
s-leukpra		N	57	57
s-leusiini	mmol/l	N	253	233
s-leusiini	mmol/l	H	10	10
s-leusyto		A	12	12
s-leuxcdc		N	129	110
s-leveti	umol/l	A	122	70
s-leveti		A	26	22
s-leveti	umol/l	N	89	60
s-leveti		L	7	6
s-leveti	mg/l	A	13	9
s-leveti	umol/l	L	63	24
s-leveti	umol/l	H	8	8
s-lh	iu/l	N	2730	2190
s-lh	iu/l	L	278	247
s-lh	u/l	A	248	197
s-lh		L	402	283
s-lh	u/l	N	493	474
s-lh	iu/l	A	388	247
s-lh	u/l	L	41	35
s-lh	iu/l	H	287	196
s-lh		A	286	188
s-lh		N	151	121
s-lh	u/l	H	125	98
s-lh		H	14	13
s-li	mmol/l	A	6791	1604
s-li		A	530	388
s-li	mmol/l	N	7847	1177
s-li	mmol/l	L	2819	992
s-li	mmol/l	H	561	270
s-li		L	415	285
s-li		N	24	21
s-linetso		N	13	6
s-linssie	u/ml	H	6	6
s-lipa		N	42	29
s-lipa(lipidipakettiilmanpaastoa)		N	18	15
s-lipidit		N	2106	1796
s-lipidit,paketti(eipaasto,kol,hdl,ldl)		N	25	24
s-lipiditeipaast		N	329	274
s-lipoa1	g/l	N	15471	14651
s-lipoa1	g/l	H	287	278
s-lipoa1	g/l	L	790	767
s-lipob	g/l	H	296	294
s-lipob	g/l	N	15546	14728
s-lipob	g/l	L	707	681
s-litium	mmol/l	A	119	58
s-litium	mmol/l	N	114	56
s-litium	mmol/l	L	47	30
s-litium		A	6	6
s-liukoistenena-vasta-aineidenjatkotutkimus		N	20	20
s-liv2x10		N	20	12
s-lkmab		N	2002	1654
s-lkmab-o		N	1094	933
s-lohie	u/ml	A	34	32
s-lohie	u/ml	N	68	66
s-lohie	u/ml	H	20	18
s-lohie		N	13	13
s-luteinisoivahormoni	iu/l	A	15	15
s-luteinisoivahormoni		A	9	8
s-luteinisoivahormoni(ko)	u/l	N	6	6
s-luust	u/l	H	8	8
s-luusto		A	37	37
s-luustoisoentsyymi		A	22	22
s-luustoisoentsyymi		H	9	8
s-luustoisoentsyymi	u/l	A	7	6
s-luustoisoentsyymi(afos)	u/l	N	157	153
s-luustoisoentsyymi(afos)	u/l	A	55	53
s-luustoisoentsyymi(afos)		N	14	13
s-luustoperäinenisoentsyymi	%	A	15	15
s-lysotse	u/ml	N	10	10
s-lysotsyymi	mg/l	A	120	105
s-lysotsyymi	mg/l	H	9	8
s-lzm	mg/l	A	10524	5217
s-lzm	mg/l	H	3989	1859
s-lzm		H	48	39
s-lzm	mg/l	N	1644	1044
s-lzm		A	108	90
s-m-komp1	g/l	A	239	17
s-m-komponentti-1(valetietues-prot-fr)	g/l	A	37	19
s-m-komponentti1	g/l	H	47	44
s-m-komponentti1	g/l	N	17	17
s-m-komponentti2	g/l	H	45	44
s-m-komponentti2	g/l	N	19	19
s-maapäek,maapähkinäjakomponentit(f13)ige-vasta-aineet		N	56	56
s-maapäek,maapähkinäjakomponentit(f13)ige-vasta-aineet	u/ml	H	6	6
s-maapäh		N	12	12
s-maapähe		N	421	416
s-maapähe	u/ml	N	586	540
s-maapähe		A	47	46
s-maapähe	u/ml	A	337	296
s-maapähe	u/ml	H	406	297
s-maapähe		H	43	41
s-maapähkinä(f13),ige-vasta-aineet	u/ml	A	8	7
s-maapähkinä(f13),igevasta-aineet		N	11	11
s-maapähkinä,igevasta-aineet	u/ml	N	12	12
s-maapähkinä,igevasta-aineet		N	61	60
s-maapähkinä,igevasta-aineet	u/ml	A	10	10
s-magab		N	56	50
s-magab	u/ml	A	37	12
s-magab		A	11	7
s-magnesium	mmol/l	N	10	10
s-magnesium	mmol/l	A	10	10
s-maissie	u/ml	N	18	18
s-maissie	u/ml	H	6	6
s-maissie		N	10	10
s-maito(f2),igevasta-aineet		N	11	11
s-maito,igevasta-aineet		N	24	24
s-maitoe		N	436	432
s-maitoe	u/ml	A	312	239
s-maitoe	u/ml	H	311	248
s-maitoe	u/ml	N	205	202
s-maitoe		A	29	28
s-maitoe		H	36	34
s-maitoek		N	22	22
s-maitoek,maitojakomponentit(f2)igevasta-aineet		N	40	40
s-maksa-1	u/l	H	42	40
s-maksa-1-isoentsyymi	u/l	A	68	65
s-maksa-1-isoentsyymi	u/l	H	7	6
s-maksa-1-isoentsyymi(afos)	u/l	N	104	101
s-maksa-1-isoentsyymi(afos)	u/l	A	116	109
s-maksa-1-isoentsyymi(afos)		N	14	13
s-maksa-2	u/l	H	21	20
s-maksa-2		A	10	10
s-maksa-2-isoentsyymi	u/l	A	58	56
s-maksa-2-isoentsyymi	u/l	N	6	6
s-maksa-2-isoentsyymi	u/l	H	8	7
s-maksa-2-isoentsyymi(afos)	u/l	N	121	118
s-maksa-2-isoentsyymi(afos)	u/l	A	96	89
s-maksa-2-isoentsyymi(afos)		N	15	14
s-maksa-jamunuaismikrosomi,vasta-aineet		N	6	6
s-maksa1	u/l	A	68	67
s-maksa2	u/l	A	47	47
s-maksaab		N	171	157
s-malsppe	u/ml	A	11	10
s-mangoe	u/ml	N	8	8
s-mansike	u/ml	N	34	34
s-mansike		N	32	31
s-mantele		N	23	23
s-mantele	u/ml	N	82	80
s-mantele	u/ml	A	53	50
s-mantele	u/ml	H	25	24
s-mantele		A	16	16
s-manteli,igevasta-aineet	u/ml	N	6	6
s-marsepe	u/ml	H	8	8
s-matgrupp		N	62	60
s-matgrupp	u/ml	N	24	23
s-matgrupp	u/ml	A	7	7
s-matoab		N	53	48
s-mda5-o		N	423	403
s-mdiige		N	6	6
s-mehmyre		N	11	11
s-mehmyre	u/ml	H	15	15
s-mehmyre	u/ml	N	79	77
s-mehmyre	u/ml	A	29	28
s-mehmyre		A	6	6
s-meoh		N	153	95
s-metad	mg/l	N	28	17
s-metalb	nmol/l	N	9	9
s-metanefriini	nmol/l	N	152	137
s-metanefriini		N	39	34
s-metanefriini	nmol/l	A	10	6
s-metanefriinijanormetanefriini		N	9	9
s-metmal	nmol/l	N	32	32
s-metmal		N	18	18
s-metmal	form	A	14	12
s-metmal	form	N	25	20
s-metmal		H	8	6
s-metmal	nmol/l	A	36	29
s-metmal	nmol/l	H	16	16
s-metnef		N	310	254
s-metnef	nmol/l	N	1090	888
s-metnef	nmol/l	A	89	58
s-metnef	nmol/l	H	36	24
s-metnefriini		N	32	22
s-metnefriini	nmol/l	N	73	66
s-metnor		N	102	91
s-metoksityramiini		N	14	14
s-mg	mmol/l	N	2139	1941
s-mg	mmol/l	H	499	451
s-mg	mmol/l	A	205	136
s-mg	mmol/l	L	126	96
s-mg-ion	mmol/l	A	1747	749
s-mg-ion	mmol/l	N	247	210
s-mg-ion	mmol/l	L	103	79
s-mg-ion		A	60	45
s-mg-ion	mmol/l	H	57	45
s-mg-ion		H	7	7
s-mi-2	u/ml	A	16	12
s-mi-2a-o		N	423	403
s-mi-2b-o		N	423	403
s-mikrobx		N	103	86
s-mirtats	nmol/l	N	11	8
s-mito-ab		A	12	12
s-mito-ab	titre	A	8	8
s-mitoab		N	3641	3097
s-mitoab	titre	A	365	253
s-mitoab		H	20	19
s-mitoab	titre	H	121	103
s-mitoab		A	86	72
s-mitoab	titre	N	24	22
s-mitokondria,vasta-aineet		N	18	18
s-mjölk		N	91	86
s-mkomp-1	g/l	N	9068	5817
s-mkomp-1	g/l	A	5776	1005
s-mkomp-1		N	19	18
s-mkomp-1	g/l	H	6382	1012
s-mkomp-2	g/l	N	12543	5678
s-mkomp-2	g/l	A	637	135
s-mkomp-2		N	19	18
s-mkomp-2	g/l	H	960	141
s-mkomp-3	g/l	N	13198	5687
s-mkomp-3		N	19	18
s-mkomp-3	g/l	A	118	14
s-mkomp-3	g/l	H	187	28
s-mkomp-4	g/l	N	13334	5694
s-mkomp-4		N	14	14
s-mogab		N	261	223
s-monab-o		N	932	897
s-monab-o		A	219	216
s-monabo		A	17	17
s-monityydyttymättömätrasvahapot	mmol/l	H	85	80
s-monityydyttymättömätrasvahapot	mmol/l	N	170	161
s-morbab		N	357	350
s-morbabg	titre	N	43	43
s-morbabg		N	608	591
s-morbabg	au/ml	N	27	26
s-morbabg	au/ml	A	16	16
s-morbabg		A	60	59
s-morbabg	au/ml	H	8	8
s-morbabm		N	338	332
s-morbillivirus,iggvasta-aineet		A	6	6
s-mpn-abg	eiu	A	8	7
s-mpoab	u/ml	A	495	91
s-mpoab		A	132	63
s-mpoab		N	500	439
s-mpoab	iu/ml	A	193	36
s-mpoab	iu/ml	H	25	13
s-mpoab	kiu/l	A	11	8
s-mpoab	kiu/l	H	13	7
s-mpoab	u/ml	H	20	11
s-mpoabg		N	5736	4708
s-mpoabg	iu/ml	H	640	109
s-mpoabg		A	461	74
s-mpoabg	iu/ml	A	1218	220
s-mpoabg	iu/ml	N	33	28
s-mpoabg		H	34	17
s-mpoabgk		N	13	13
s-mpoabgk	iu/ml	A	6	6
s-mta		N	1625	1325
s-mta	nmol/l	A	330	223
s-mta		A	32	29
s-mta	nmol/l	N	13	12
s-mta	nmol/l	H	111	83
s-mtx	umol/l	N	846	87
s-mtx		N	12	11
s-mtx	umol/l	A	26	9
s-munakee	u/ml	A	8	8
s-munanvalkuainen(f1),igevasta-aineet		N	12	12
s-munanvalkuainen,igevasta-aineet		N	67	67
s-munanvalkuainen,igevasta-aineet	u/ml	A	8	8
s-munanvalkuainen,igevasta-aineet	u/ml	N	6	6
s-munavae		N	408	404
s-munavae	u/ml	A	275	211
s-munavae	u/ml	H	307	234
s-munavae	u/ml	N	178	169
s-munavae		A	28	28
s-munavae		H	25	23
s-munavek		N	22	22
s-muskab		N	260	251
s-muskab	u/ml	N	34	34
s-muspipe	u/ml	N	11	11
s-muspähe	u/ml	N	6	6
s-mustike	u/ml	N	7	7
s-mycoplasmapneumoniae,igg-vasta-aineet␤	eiu	A	16	13
s-mycoplasmapneumoniae,iggvasta-aineet	eiu	N	60	57
s-mycoplasmapneumoniae,iggvasta-aineet	eiu	A	163	129
s-mycoplasmapneumoniae,iggvasta-aineet		A	6	6
s-mycoplasmapneumoniae,iggvasta-aineet		N	8	8
s-mycoplasmapneumoniae,igmvasta-aineet	s/co	N	85	74
s-mycoplasmapneumoniae,igmvasta-aineet		N	92	77
s-mycoplasmapneumoniae,igmvasta-aineet		A	17	15
s-mycoplasmapneumoniae,igmvasta-aineet	s/co	A	9	7
s-mycoplasmapneumoniae,vasta-aineet		N	103	93
s-mycoplasmapneumoniae,vasta-aineet,lausunto		N	122	105
s-mycoplasmapneumoniae,vasta-aineet,lausunto		A	20	20
s-myeliinioligodendrosyyttiglykoproteiini,vasta-aineet		N	6	6
s-myeloperoksidaasi,iggvasta-aineet	iu/ml	A	16	9
s-myeloperoksidaasi,vasta-aineet		N	15	15
s-myeloperoksidaasi,vasta-aineet	kiu/l	A	25	12
s-myeloperoksidaasi,vasta-aineet	u/ml	A	12	8
s-mykoplasma,iggvasta-aineet	eiu	N	32	30
s-mykoplasma,iggvasta-aineet	eiu	A	41	36
s-mykoplasma,iggvasta-aineet		N	14	13
s-mykoplasma,igmvasta-aineet		N	61	56
s-mykoplasma,igmvasta-aineet	s/co	N	18	18
s-mykoplasmapneumoniae,iggvasta-aineet		N	29	26
s-mykoplasmapneumoniae,iggvasta-aineet	eiu	N	8	8
s-mykoplasmapneumoniae,igmvasta-aineet		N	36	33
s-mykoplasmapneumoniae,igmvasta-aineet	index	N	8	8
s-myogl	ug/l	A	371	166
s-myogl	ug/l	HH	69	35
s-myogl	ug/l	H	12	12
s-myogl		H	9	9
s-myogl		HH	7	7
s-myosab		N	383	366
s-myosab		A	19	17
s-myplcf		N	36	32
s-mypn-abm		A	28	27
s-mypnab		N	2841	2400
s-mypnab		A	33	31
s-mypnabg	eiu	H	637	569
s-mypnabg	au/ml	H	441	401
s-mypnabg	eiu	A	1565	1191
s-mypnabg	eiu	N	1134	1014
s-mypnabg	au/ml	N	603	584
s-mypnabg	ru/ml	H	352	314
s-mypnabg	au/ml	A	33	30
s-mypnabg		N	627	594
s-mypnabg		A	42	39
s-mypnabg	ru/ml	A	26	23
s-mypnabg	form	A	44	36
s-mypnabg	form	N	8	7
s-mypnabm	s/co	N	559	502
s-mypnabm		N	1951	1676
s-mypnabm	index	H	246	227
s-mypnabm	index	N	1083	1030
s-mypnabm	index	A	39	37
s-mypnabm		A	201	174
s-mypnabm	s/co	A	39	36
s-mypnabm	s/co	H	49	45
s-mypnabm	form	N	15	12
s-n-propanoli		N	7	7
s-na	mmol/l	N	37492	27384
s-na	mmol/l	L	6524	4345
s-na	mmol/l	H	447	405
s-na	mmol/l	A	491	379
s-na		L	291	196
s-na		N	156	146
s-na		A	11	10
s-natrium	mmol/l	N	783	616
s-natrium	mmol/l	A	60	53
s-natriureettinenpeptidi,b-tyypinn-terminaalinenpropeptidi	ng/l	N	14	12
s-natsuab		N	56	31
s-naudlie	u/ml	N	7	7
s-nbosd6e	u/ml	N	12	11
s-negadab		N	30	30
s-negadab	mu/ml	A	17	7
s-neulanpisto,altistunut		N	415	284
s-neurofilamentti,kevytketjut	ng/l	N	22	22
s-neurofilamentti,kevytketjut	ng/l	A	10	10
s-neuronispesifinenenolaasi	ug/l	A	16	12
s-neursyf		N	13	11
s-neutrofiiliensytoplasma-antigeeni	titre	A	33	29
s-neutrofiiliensytoplasma-antigeeni,vasta-ainetutkimus		N	220	213
s-neuvol1		N	73	69
s-neuvthl		N	19	19
s-nfl	ng/l	N	40	38
s-nfl	ng/l	H	14	14
s-ngab/a1		H	41	41
s-ngkokonaiskolesteroli	mmol/l	H	119	110
s-ngkokonaiskolesteroli	mmol/l	N	146	139
s-nglym5e	u/ml	N	97	92
s-nglym5e		N	31	31
s-nglym5e	u/ml	H	37	25
s-nglym5e	u/ml	A	27	24
s-nglym6e	u/ml	N	92	89
s-nglym6e		N	31	31
s-nglym6e	u/ml	H	39	27
s-nglym6e	u/ml	A	25	23
s-niitnue	u/ml	A	33	32
s-niitnue	u/ml	H	25	24
s-niitspe	u/ml	A	7	7
s-niittyne	u/ml	H	6	6
s-nkaseie	u/ml	H	72	41
s-nkaseie	u/ml	N	90	85
s-nkaseie		N	70	70
s-nmdarab		N	19	19
s-non-hdl	mmol/l	N	18	18
s-non-hdl		N	16	16
s-non-hdl-kolesteroliosatutkimus	mmol/l	N	8	8
s-norfluo	nmol/l	N	12	9
s-norklob	umol/l	L	13	9
s-norklob	umol/l	H	44	18
s-norklob	umol/l	A	129	39
s-norklob	umol/l	N	114	43
s-norklob		A	9	8
s-norkloj	nmol/l	N	22	15
s-norklom	nmol/l	N	29	14
s-norklot	nmol/l	N	8927	788
s-norklot		N	180	90
s-norklots		A	13	9
s-norklots	nmol/l	A	8	6
s-normet		N	30	30
s-normet		A	45	44
s-normet	nmol/l	A	1097	720
s-normet	nmol/l	N	1532	1334
s-normet	nmol/l	H	351	237
s-normet		H	20	16
s-normetanefriini	nmol/l	A	27	23
s-normetanefriini	nmol/l	N	23	23
s-nortrip	nmol/l	L	32	23
s-nortrip		A	44	39
s-nortrip	nmol/l	A	70	50
s-nortrip		L	9	6
s-nproh		N	152	89
s-nse	ug/l	N	1314	773
s-nse	ug/l	A	2742	1541
s-nse	ug/l	H	856	471
s-nse		A	64	55
s-nse	ug/l	HH	9	8
s-nse(pä)	ug/l	A	8	6
s-nurnate		A	6	6
s-nurnate	u/ml	A	36	35
s-nurnate	u/ml	H	32	31
s-nurnspe	u/ml	A	6	6
s-nxp2-o		N	423	403
s-o4.5.12	titre	A	9	8
s-o4.5.12		N	191	189
s-o4.5.12	titre	N	6	6
s-o4.5.12	titre	H	8	6
s-ohkarba	umol/l	N	886	515
s-ohkarba		N	6	6
s-ohkarba	umol/l	A	429	287
s-ohkarba		A	220	185
s-ohkarba	umol/l	L	197	148
s-ohkarba	umol/l	H	14	12
s-ohkarba		L	34	30
s-ohkloro	umol/l	N	25	21
s-ohkloro	umol/l	A	12	9
s-ohra(ravintoaine),igevasta-aineet		N	10	10
s-ohra,igevasta-aineet		N	9	9
s-ohrae	u/ml	N	36	36
s-ohrae	u/ml	A	13	13
s-ohrae		N	24	24
s-ohrae	u/ml	H	6	6
s-ohrajae	u/ml	A	12	11
s-ojab-o		N	423	403
s-okarba	umol/l	N	6	6
s-olants	nmol/l	A	747	470
s-olants	nmol/l	H	210	129
s-olants		A	176	135
s-olants	nmol/l	L	169	119
s-olants	nmol/l	N	634	354
s-olants		H	39	31
s-olants		N	15	7
s-olants		L	21	18
s-olantsapiini	nmol/l	N	7	7
s-om5glie	u/ml	N	315	300
s-om5glie	u/ml	A	30	24
s-om5glie		N	88	88
s-om5glie	u/ml	H	19	14
s-omega-3-rasvahapot	mmol/l	N	82	80
s-omega-3-rasvahapot	mmol/l	H	183	172
s-omega-6-rasvahapot	mmol/l	H	52	49
s-omega-6-rasvahapot	mmol/l	N	206	192
s-omenae	u/ml	H	15	15
s-omenae	u/ml	N	28	28
s-omenae	u/ml	A	24	24
s-omenae		N	15	15
s-osacdt	mg/l	N	322	274
s-osacdtr	g/l	N	318	270
s-osmol	mosm/kgh2o	A	2550	1895
s-osmol		A	312	269
s-osmol	mosm/kgh2o	L	238	214
s-osmol	mosm/kgh2o	N	311	245
s-osmol	mo/kgh2o	A	155	120
s-osmol	mosm/kgh2o	H	74	62
s-osmol		L	91	83
s-osmol		H	24	18
s-osmol	mo/kgh2o	N	9	8
s-osmol	form	A	12	9
s-osmol		N	16	14
s-osmol	form	N	7	6
s-osmolaliteetti	mosm/kgh2o	A	119	99
s-osmolaliteetti		L	9	9
s-osmolaliteetti	mosm/kgh2o	L	12	12
s-osmolaliteetti	mosm/kgh2o	N	7	7
s-ovalbue	u/ml	A	34	22
s-ovarab		N	96	78
s-ovarab	titre	N	8	8
s-ovomuke	u/ml	A	128	74
s-ovomuke	u/ml	H	110	59
s-ovomuke	u/ml	N	65	58
s-ovomukoidi(f233,natiivi,ngald1),igevasta-aineet	u/ml	N	11	11
s-ovomukoidi,ige-vasta-aineet		N	63	63
s-p-anca		A	82	56
s-p-anca	titre	A	820	519
s-p-anca		N	50	50
s-p-anca		H	7	6
s-p-anca	titre	H	23	12
s-p-anca-vasta-aineet,immunofluoresenssi		N	248	235
s-p-anca-vasta-aineet,immunofluoresenssi	titre	A	8	8
s-p-ancab	titre	A	13	11
s-p-ancif	titre	A	562	438
s-p-ancif	titre	N	328	283
s-p-ancif		N	745	690
s-p-ancif		A	52	43
s-p-ancif	titre	H	101	97
s-p-ancif		H	21	19
s-pakast5		N	240	88
s-pakast7		N	27	12
s-pakaste		N	85	37
s-pakgas		N	33	10
s-pakkas		N	386	266
s-pakkase		N	82	30
s-pakkask		N	114	64
s-pakkasl		N	124	95
s-pakkasv		N	35	9
s-papp-a		N	55	51
s-pappa	mu/l	N	4984	4225
s-pappa	form	N	136	95
s-pappa		N	26	25
s-paprike	u/ml	N	34	31
s-papu,vihreä,ige-vasta-aineet	u/ml	N	6	6
s-papuvae	u/ml	N	6	6
s-parapäe	u/ml	N	542	522
s-parapäe	u/ml	H	52	45
s-parapäe	u/ml	A	24	23
s-parapähkinä,igevasta-aineet		N	6	6
s-paras		N	342	253
s-paras	umol/l	A	301	142
s-paras	umol/l	N	547	243
s-paras		A	323	235
s-paras	umol/l	L	7	7
s-paras		L	40	21
s-parasetamoli		A	8	6
s-paroab		N	54	52
s-paroabg	au/ml	N	63	63
s-paroabg		N	42	41
s-paroabg		A	30	29
s-paroabm		N	46	45
s-parpäh		N	25	25
s-parpäh	u/ml	N	33	32
s-parvab		N	436	350
s-parvab		A	26	24
s-parvabg	index	A	79	73
s-parvabg		N	351	281
s-parvabg	iu/ml	A	40	40
s-parvabg		A	120	107
s-parvabg	titre	A	19	16
s-parvabg	iu/ml	N	9	9
s-parvabg	titre	N	57	48
s-parvabg	index	H	19	18
s-parvabg	iu/ml	H	8	8
s-parvabg		H	31	29
s-parvabg	index	N	6	6
s-parvabm		N	421	341
s-parvabm		A	16	13
s-parvavi		N	277	217
s-parvnho		N	53	48
s-parvovirus,iggvasta-aineet	index	A	10	10
s-parvovirus,iggvasta-aineet		A	23	14
s-parvovirus,igmvasta-aineet		N	10	7
s-parvovirus,vasta-aineet		N	9	6
s-pcnaab		N	29	27
s-pcnaab	u/ml	N	22	21
s-pct	ug/l	A	3266	1991
s-pct		N	40	37
s-pct		A	544	233
s-pct	ug/l	H	561	350
s-pct	ug/l	N	8	8
s-pdhab-o		N	1094	933
s-pdhab-o		A	17	15
s-peak-1	g/l	N	7	7
s-peak-1		N	8	8
s-peak-2	g/l	N	7	7
s-peak-2		N	11	9
s-peak-3	g/l	N	7	7
s-peak-3		N	11	9
s-peak-4	g/l	N	7	7
s-peak-4		N	11	9
s-pekpähe	u/ml	A	7	7
s-pekpähe		N	6	6
s-pemfiab		N	824	736
s-pemfiab	u/ml	A	892	382
s-pemfiab	ru/ml	A	10	9
s-pemfiab		A	75	51
s-pemfiab	u/ml	H	286	135
s-pemfiab		H	31	24
s-pemfigoidi,bp180-antigeeni,vasta-aineet		N	9	9
s-pemfigoidi,bp180-antigeeni,vasta-aineet	u/ml	A	19	15
s-penchre		N	14	14
s-penicilliumspp.(gm27),ige-vasta-aineet		N	11	11
s-pennote		N	48	46
s-pensppe	u/ml	N	12	12
s-pensppg	mg/l	N	9	8
s-perfen		A	51	40
s-perfen	nmol/l	N	50	30
s-perfen	nmol/l	A	80	48
s-perfen	nmol/l	L	48	30
s-perfen		L	11	7
s-perfenatsiini	nmol/l	A	15	6
s-perinukleaarinenneutrofiiliensytoplasmava	titre	A	27	26
s-perinukleaarinenp-anca	titre	A	18	16
s-persike	u/ml	A	16	16
s-persile	u/ml	N	8	8
s-pertussis,igmvasta-aineet		N	9	8
s-perunae	u/ml	N	11	11
s-perunae	u/ml	A	7	7
s-ph	ph	N	117743	36510
s-ph	ph	A	3134	1634
s-ph		A	1043	573
s-ph		N	182	163
s-ph	ph	H	320	172
s-ph	ph	L	101	63
s-ph(akt)	ph	N	1812	1418
s-ph(akt)		N	10	10
s-ph(s-kalsium,ionisoitunut)		N	39	27
s-phadiat		N	18	18
s-phadiat		A	6	6
s-phomabetae,igevasta-aineet	u/ml	N	8	8
s-phomabetae,igevasta-aineet		N	10	10
s-pi	mmol/l	A	17	14
s-pigf	ng/l	N	27	21
s-piiinp	ug/l	A	648	415
s-piiinp		A	75	53
s-piiinp	ug/l	N	49	47
s-piiinp	ug/l	H	75	52
s-piiinp		H	10	8
s-piiinp	u/ml	H	15	15
s-pincf	titre	N	11	11
s-pincf	titre	H	8	8
s-pincf		N	25	22
s-pinp	ug/l	H	260	170
s-pinp	ug/l	N	453	305
s-pinp	ug/l	A	796	533
s-pinp		A	57	50
s-pinp	ug/l	L	34	28
s-pinsiee	u/ml	N	13	13
s-pistaae	u/ml	A	15	14
s-pistaae		A	7	7
s-pistaae	u/ml	N	7	7
s-pistaae	u/ml	H	6	6
s-pistaae		N	6	6
s-pitorbe	u/ml	A	37	33
s-pl12-o		N	423	403
s-pl7ab-o		N	423	403
s-pla2rab	titre	A	249	45
s-pla2rab	titre	H	60	12
s-pla2rab	titre	N	27	13
s-pla2rab		N	560	426
s-pla2rab		A	7	6
s-plab		N	960	771
s-plasab		N	6	6
s-plasmaproteiinia,raskauteenliittyvä	mu/l	N	84	83
s-pm-scl	u/ml	A	6	6
s-pm-skleroderma,vasta-aineet		N	13	12
s-pm-skleroderma,vasta-aineet	u/ml	N	37	35
s-pm100-o		N	423	403
s-pm1ab		N	9	9
s-pm75abo		N	423	403
s-pmlab		N	25	24
s-porkkae	u/ml	N	20	20
s-porkkae	u/ml	A	7	7
s-porkkae	u/ml	H	8	8
s-pr3ab	iu/ml	A	2136	317
s-pr3ab	iu/ml	H	971	172
s-pr3ab		N	6344	5144
s-pr3ab		A	1025	178
s-pr3ab	u/ml	A	670	104
s-pr3ab	kiu/l	H	22	12
s-pr3ab	u/ml	H	19	10
s-pr3ab	kiu/l	A	17	14
s-pr3ab	iu/ml	N	33	32
s-pr3ab		H	56	15
s-pr3abg	iu/ml	A	35	8
s-pr3abg	iu/ml	H	12	9
s-pr3abg		N	6	6
s-pr3abg		H	9	7
s-pr3abgk	iu/ml	A	15	14
s-pr3abgk		N	13	13
s-prealb	mg/l	N	10322	6202
s-prealb	g/l	A	17025	6978
s-prealb		A	1174	731
s-prealb	g/l	N	2633	1862
s-prealb	mg/l	L	4796	2791
s-prealb		L	2079	1207
s-prealb	mg/l	H	428	329
s-prealb	mg/l	A	6580	3154
s-prealb		N	101	76
s-prealb	g/l	L	197	166
s-prealb	g/l	H	6	6
s-prealbl	mg/l	N	7	7
s-prealbumiini	g/l	A	204	157
s-prealbumiini	mg/l	A	151	103
s-prealbumiini	g/l	N	67	63
s-prealbumiini	g/l	L	21	20
s-prealbumiini		A	35	28
s-pregaba		A	14	11
s-prl	mu/l	A	5361	2877
s-prl	mu/l	N	6105	5013
s-prl	mu/l	H	3199	1793
s-prl	mu/l	L	565	364
s-prl	miu/l	H	74	65
s-prl		N	13	13
s-prl		A	165	86
s-prl		L	102	56
s-prl	nmol/l	N	40	39
s-prl	miu/l	N	169	166
s-prl	miu/l	L	90	81
s-prl	miu/l	A	21	19
s-prl	nmol/l	A	11	10
s-prlbio	mu/l	N	617	491
s-prlbio		N	7	7
s-prlmakr		N	105	98
s-prlpit	mu/l	A	10	9
s-prlrec	%	N	613	491
s-prlrec		N	10	9
s-prltot	mu/l	A	123	110
s-prltot		A	11	10
s-pro.seer		N	15	12
s-probnp	ng/l	H	695	538
s-probnp	ng/l	N	564	530
s-probnp	ng/l	A	73	57
s-probnp		N	20	20
s-probnp		A	14	13
s-prog	nmol/l	N	831	642
s-prog		N	13	13
s-prog	nmol/l	A	35	27
s-prog		A	7	6
s-prokollageenii:naminoterminaalinenpropeptidi	ug/l	A	9	6
s-prokollageeniiii:naminoterminaalinenpropepti	ug/l	A	10	9
s-prolaktiini	mu/l	A	206	156
s-prolaktiini		A	10	8
s-prolaktiini	mu/l	H	11	9
s-prolaktiini	mu/l	N	25	23
s-prolaktiini,biologisestiaktiivinen	mu/l	N	12	12
s-prolaktiini,saanto	%	N	10	10
s-prolaktiini,totaali	mu/l	A	21	20
s-propgly		N	151	88
s-propyleeniglykoli		N	6	6
s-prostataspecifinenantigeeni	ug/l	N	6	6
s-prostataspesifinenantig.vapaa,osuus		N	8	7
s-prostataspesifinenantigeeni	ug/l	N	90	76
s-prostataspesifinenantigeeni		N	171	155
s-prostataspesifinenantigeeni		A	14	10
s-prostataspesifinenantigeeni(pi)		N	75	57
s-prostataspesifinenantigeeni,kokonais	ug/l	N	413	334
s-prostataspesifinenantigeeni,kokonais	ug/l	A	895	417
s-prostataspesifinenantigeeni,kokonais		N	124	110
s-prostataspesifinenantigeeni,kokonais	ug/l	H	81	75
s-prostataspesifinenantigeeni,suhde		N	60	55
s-prostataspesifinenantigeeni,suhde	%	N	12	10
s-prostataspesifinenantigeeni,vapaa	ug/l	N	704	521
s-prostataspesifinenantigeeni,vapaa		N	79	70
s-prostataspesifinenantigeeni,vapaa,osuus		N	109	99
s-prostataspesifinenantigeeni,vapaa,osuus	%	N	12	8
s-prostataspesifinenantigeeni,vapaa,osuus(ko)		N	268	138
s-prostataspesifinenantigeeni,vapaa,osuus,osatutk.		N	68	57
s-prostataspesifinenantigeeni,vapaa/kokonais-su	%	A	76	60
s-prostataspesifinenantigeeni,vapaa/kokonais-suhde	%	N	167	144
s-prostataspesifinenantigeeni,vapaa/kokonais-suhde	%	A	257	138
s-prostataspesifinenantigeeni,vapaa/kokonais-suhde	%	L	29	26
s-prostataspesifinenantigeeni,vapaa/kokonais-suhde		N	29	26
s-prostataspesifinenantigeeni,vapaa/kokonais-suhde		A	9	7
s-prostataspesifinenantigeeni,vapaa/totaali	%	N	1561	1159
s-prostataspesifinenantigeeni,vapaanjatotaalinsuhde		N	24	20
s-prostataspesifinenantigeeni,vapaansuhde		N	118	106
s-prostataspesifinenantigeeni,vapaansuhde	%	N	22	20
s-prostataspesifinenantigeeni,vapaansuhde	%	A	8	6
s-prostataspesifinenantigeenit	ug/l	N	10	10
s-prostataspesifinenantigeenivap/tot-suhde	%	A	94	64
s-prostatspesifinenantigeeni,kokonais		A	16	6
s-prot	g/l	A	20896	8198
s-prot	g/l	N	15364	7836
s-prot	g/l	L	5766	2875
s-prot		N	12	11
s-prot	g/l	H	1566	669
s-prot		A	174	76
s-prot	g/l	LL	9	8
s-prot-fr		N	11333	5404
s-prot-fr		A	935	377
s-proteiini	g/l	N	167	151
s-proteiini	g/l	A	356	143
s-proteiini	g/l	L	33	26
s-proteiini	g/l	H	10	10
s-proteiini(s-prot-frvaletietue)	g/l	A	23	13
s-proteiini,fraktiot		N	66	62
s-proteiini,fraktiot(elektroforeesi)		A	58	34
s-proteiini,fraktiot,tilaamyös2516s-prot		N	25	22
s-proteiinifraktioidenalbumiinifraktio	g/l	A	162	45
s-proteiinifraktioidenalfa-1-fraktio	g/l	A	46	20
s-proteiinifraktioidenalfa-2-fraktio	g/l	A	67	26
s-proteiinifraktioidenbeeta-1-fraktio	g/l	A	60	10
s-proteiinifraktioidenbeeta-2-fraktio	g/l	A	52	17
s-proteiinifraktioidengammafraktio	g/l	A	129	26
s-proteiinifraktioidenm-komponentti1	g/l	A	108	8
s-proteinaasi3,vasta-aineet		N	18	18
s-proteinaasi3,vasta-aineet	iu/ml	A	39	11
s-proteinaasi3,vasta-aineet	kiu/l	A	22	16
s-proteinaasi3,vasta-aineet	u/ml	A	15	10
s-protks	g/l	A	53	34
s-psa	ug/l	H	6821	3746
s-psa	ug/l	N	20666	14741
s-psa	ug/l	A	3668	1431
s-psa		A	17	13
s-psa		N	533	276
s-psa		AA	16	11
s-psa	ug/l	AA	13	12
s-psa		L	6	6
s-psa(pi)	ug/l	N	61	49
s-psa(pi)		N	7	7
s-psa,vapaanjatotaalinsuhde	%	N	11	9
s-psa-suh	%	N	2501	1909
s-psa-suh		N	5650	3242
s-psa-suh	%	L	3011	1787
s-psa-suh		A	385	197
s-psa-suh		L	1516	1469
s-psa-suh	%	A	391	230
s-psa-suh	ug/l	N	44	38
s-psa-suh	%	H	172	159
s-psa-suh,osatutkimus		N	59	40
s-psa-suh,osatutkimus4637		N	18	17
s-psa-suh,psa	ug/l	N	22	15
s-psa-suh,psa		N	82	39
s-psa-suh,s-psa	ug/l	H	14	11
s-psa-suh,s-psa	ug/l	N	52	36
s-psa-suh,s-psa-v/t	%	N	10	8
s-psa-t	ug/l	A	5055	1545
s-psa-t		A	489	237
s-psa-t	ug/l	N	250	147
s-psa-v		N	2112	2037
s-psa-v	ug/l	N	1031	946
s-psa-v	%	A	23	18
s-psa-v(pi)	ug/l	N	21	16
s-psa-v/t	%	A	3318	1263
s-psa-v/t	%	L	86	58
s-psa-v/t		N	607	352
s-psa-v/t		L	95	75
s-psa-v/t	%	N	334	175
s-psa-v/t		A	390	222
s-psa-v/t(pi)		N	8	8
s-psa-v/t(pi)	%	N	7	7
s-psa-v/t(pi)	%	A	14	11
s-psa/oma	ug/l	N	148	87
s-psa/oma	ug/l	H	35	18
s-psav/t	%	A	320	120
s-psav/t		N	40	38
s-psav/t	%	N	6	6
s-psav/t	%	L	10	8
s-psavapaanjatotaalinsuhde	%	N	73	56
s-psavapaanjatotaalinsuhde	%	A	24	17
s-psavapaanjatotaalinsuhde		N	83	77
s-psavapaanjatotaalinsuhde	%	L	8	6
s-psolab	titre	A	41	39
s-psolab	u/ml	H	22	21
s-psolab		N	101	87
s-psolab		A	18	16
s-psolab		H	9	9
s-psolab	u/ml	A	20	18
s-pujo,igevasta-aineet		N	33	33
s-pujoe		N	830	818
s-pujoe	u/ml	N	1541	1452
s-pujoe	u/ml	H	915	861
s-pujoe	u/ml	A	557	536
s-pujoe	ucor	N	506	406
s-pujoe		A	113	112
s-pujoe		H	90	88
s-pujonsiitepöly(w6),ige-vasta-aineet	u/ml	A	22	22
s-pujonsiitepöly(w6),ige-vasta-aineet	u/ml	N	6	6
s-pujonsiitepöly(w6),igevasta-aineet	u/ml	A	14	14
s-pujonsiitepöly(w6),igevasta-aineet	u/ml	N	46	46
s-pujonsiitepöly(w6),igevasta-aineet		N	21	21
s-pujonsiitepöly,ige-vasta-aineet	u/ml	N	35	35
s-pujonsiitepöly,ige-vasta-aineet	u/ml	A	11	11
s-pujonsiitepöly,igevasta-aineet		N	193	191
s-pujonsiitepöly,igevasta-aineet	u/ml	N	99	98
s-pujonsiitepöly,igevasta-aineet	u/ml	A	71	70
s-pujonsiitepöly,igevasta-aineet	u/ml	H	6	6
s-pujonsiitepöly,igevasta-aineet(ko)	u/ml	N	7	7
s-pujonsiitepöly,igevasta-aineet,rast,allergia	u/ml	H	10	7
s-pujospe	u/ml	A	133	129
s-pujospe		A	7	7
s-pujospe		N	12	12
s-puu9er	u/ml	N	30	27
s-puu9er	u/ml	A	6	6
s-puu9er		N	6	6
s-puuer	u/ml	A	17	17
s-puuer		N	19	19
s-puuer	u/ml	N	17	17
s-puuer	u/ml	H	8	8
s-puuerittely,igevasta-aineet	u/ml	N	33	33
s-puum-abm		A	6	6
s-puumab		N	842	770
s-puumab		A	12	12
s-puumabg		N	830	760
s-puumabg		A	189	180
s-puumabg		H	61	58
s-puumabm		N	774	711
s-puumabm		A	219	206
s-puumabm		H	74	67
s-puumabo		N	186	170
s-puumabo		A	131	126
s-puumalavirus,iggvasta-aineet		N	6	6
s-puumalavirus,igmpikatesti		N	47	42
s-puumalavirus,igmpikatesti		A	27	26
s-puumalavirus,igmpikatesti,myyräkuume		A	14	14
s-puumalavirus,igmvasta-aineet		A	17	16
s-puumalavirus,igmvasta-aineet		N	12	11
s-puumalavirus,pikatestiigm		A	12	12
s-puumavi		N	702	640
s-puumpik		A	239	235
s-päh22er	u/ml	A	17	17
s-pähcome		N	455	438
s-pähk1er	u/ml	A	8	8
s-pähk1er		N	12	12
s-pähk1er	u/ml	H	13	13
s-pähkier		A	14	14
s-pähkier	u/ml	A	41	40
s-pähkier	u/ml	H	7	7
s-pähkryh		H	6	6
s-pähkryh	u/ml	A	6	6
s-pähpene	u/ml	A	25	25
s-pähpene		N	6	6
s-pähpene	u/ml	H	16	16
s-päivke	ucarr	N	506	407
s-pääryne	u/ml	N	8	8
s-pöly-s	u/ml	A	48	42
s-pölyer	form	N	57	53
s-pölyer	u/ml	H	3784	3556
s-pölyer	u/ml	N	3680	3420
s-pölyer		H	26	26
s-pölyer		N	516	508
s-pölyer	u/ml	A	2410	2291
s-pölyer		A	45	45
s-pölyer(ent.phadiatop)tykslab	u/ml	N	77	77
s-pölyer(ent.phadiatop)tykslab	u/ml	A	47	47
s-pölyeri	u/ml	A	24	24
s-pölyerittely		N	490	457
s-pölyerittely	u/ml	A	179	175
s-pölyerittely	u/ml	H	42	42
s-pölyerittely(phad),igevasta-aineet	u/ml	N	18	17
s-pölyerittely(phad),igevasta-aineet	u/ml	A	7	7
s-pölyerittely(phadiatop),igevasta-aineet		N	71	71
s-pölyerittely(phadiatop),igevasta-aineet	u/ml	H	189	189
s-pölyerittely(phadiatop),igevasta-aineet	u/ml	N	60	60
s-pölyerittely,ige-vasta-aineet	u/ml	N	50	49
s-pölyerittely,ige-vasta-aineet	u/ml	A	46	46
s-pölyerittely,igevasta-aineet	u/ml	A	113	113
s-pölyerittely,igevasta-aineet	u/ml	N	53	52
s-pölyerittely,igevasta-aineet		N	22	22
s-pölyry		N	62	62
s-pölyry	u/ml	A	76	74
s-pölyry	u/ml	H	113	110
s-pölyry	u/ml	N	39	39
s-pölyryh	u/ml	H	44	44
s-pölyryh		H	14	14
s-pölyryh		A	16	16
s-pölyryh	u/ml	A	48	47
s-pölyryhmä		N	29	29
s-pölyryhmä	u/ml	A	65	65
s-pölyryhmä	u/ml	N	11	11
s-pölyryhmä,igevasta-aineet		N	8	8
s-pölyryhmäjatarvittaessaerittely,igevasta-aineet	u/ml	N	22	22
s-pölyryhmäjatarvittaessaerittely,igevasta-aineet		N	10	10
s-pölyryhmäjatarvittaessaerittely,igevasta-aineet	u/ml	A	8	8
s-pölyryhmäjatarvittaessaerittely,igevasta-aineet(ko)	u/ml	N	28	28
s-pölyryhmäjatarvittaessaerittely,igevasta-aineet(ko)	u/ml	A	23	23
s-pölyss	u/ml	H	6	6
s-pölyt	u/ml	H	113	113
s-pölyt		N	66	65
s-pölyt	u/ml	N	17	17
s-pölyt	u/ml	A	35	35
s-pölyt,igevasta-aineet		N	6	6
s-pölyt,igevasta-aineet	u/ml	A	7	7
s-rabiab		L	16	16
s-rabiab	iu/ml	N	10	10
s-rabiab		N	19	15
s-rabiab		H	7	7
s-ractd8e	u/ml	N	7	7
s-raiheie	u/ml	A	35	34
s-raiheie	u/ml	H	30	29
s-ranao3e	u/ml	H	66	55
s-ranao3e	u/ml	N	73	71
s-ranao3e	u/ml	A	73	67
s-rapi10e	u/ml	N	51	51
s-rapi10e		N	11	11
s-rapig1e	u/ml	N	14	14
s-rapim1e	u/ml	N	61	60
s-rapim1e		N	12	12
s-rapim1e	u/ml	A	15	11
s-rapim1e	u/ml	H	6	6
s-rapue	u/ml	N	11	11
s-rarah1e		N	103	102
s-rarah1e	u/ml	A	34	29
s-rarah1e		A	7	7
s-rarah1e	u/ml	N	12	11
s-rarah1eosatutkimus		N	19	19
s-rarah2e	u/ml	A	112	97
s-rarah2e	u/ml	H	109	71
s-rarah2e	u/ml	N	173	136
s-rarah2e		N	99	99
s-rarah2e		A	23	20
s-rarah2eosatutkimus		N	19	19
s-rarah3e		N	104	103
s-rarah3e	u/ml	A	27	23
s-rarah3e	u/ml	N	12	11
s-rarah3e		A	6	6
s-rarah3eosatutkimus		N	19	19
s-rarah6e	u/ml	H	86	52
s-rarah6e	u/ml	N	177	141
s-rarah6e	u/ml	A	28	27
s-rarah6e		N	37	35
s-rarah6e		A	10	8
s-rarah8e	u/ml	H	16	12
s-rarah8e	u/ml	A	134	129
s-rarah8e		N	68	68
s-rarah8e		A	19	19
s-rarah8e	u/ml	N	8	8
s-rarah8eosatutkimus		N	17	17
s-rarah9e		N	98	98
s-rarah9e	u/ml	A	33	30
s-rarah9e	u/ml	H	12	9
s-rarah9e	u/ml	N	11	10
s-rarah9eosatutkimus		N	20	20
s-rbere1e	u/ml	N	82	80
s-rbere1e	u/ml	H	21	18
s-rbere1e	u/ml	A	13	13
s-rcor14e		N	9	9
s-rcora14(f439,rekombinantti,hasselpähkinä),igevasta-aineet	u/ml	N	7	6
s-rcora1e	u/ml	A	177	175
s-rcora1e		A	39	38
s-rcora1e	u/ml	H	9	9
s-rcora1e	u/ml	N	8	8
s-rcora8e		N	9	9
s-rcora8e	u/ml	N	48	48
s-rcora8e	u/ml	A	29	29
s-rcora9e		N	10	10
s-rcora9e	u/ml	N	231	222
s-rcora9e	u/ml	H	49	43
s-rcora9e	u/ml	A	11	11
s-rcypc1e	u/ml	A	28	27
s-rcypc1e	u/ml	N	33	32
s-rcypc1e	u/ml	H	6	6
s-rekovab		N	7	6
s-requc1e		N	53	53
s-reumafaktori		N	69	63
s-reumafaktori	kiu/l	A	11	7
s-reumafaktori	kiu/l	N	23	23
s-reumafaktori(ko)		N	23	22
s-reumafaktori(ko)	kiu/l	N	19	19
s-reumafaktori,määritys	iu/ml	N	24	24
s-reumafaktori,määritys	kiu/l	N	10	9
s-reumafaktori,määritys		N	100	97
s-reumafaktori,määritys	kiu/l	A	30	26
s-reumafaktori,määritys	iu/ml	A	8	7
s-reumapa		N	7	7
s-reumapaketti		N	11	11
s-rf	u/ml	H	220	183
s-rf		N	5949	5648
s-rf	kiu/l	A	907	741
s-rf	iu/ml	H	1990	1659
s-rf	kiu/l	N	617	574
s-rf	iu/ml	N	1851	1787
s-rf	iu/ml	A	1247	1037
s-rf		A	61	59
s-rf	u/ml	A	206	184
s-rf	kiu/l	H	6	6
s-rf	u/ml	N	26	26
s-rgadc1e	u/ml	A	22	21
s-rgadc1e	u/ml	N	38	37
s-rgadc1e	u/ml	H	8	8
s-rgadc1e		N	7	6
s-rglym4e	u/ml	H	66	57
s-rglym4e	u/ml	A	101	99
s-rglym4e		N	29	29
s-rglym4e		A	16	16
s-rglym4e	u/ml	N	50	47
s-rhev11e	u/ml	N	26	26
s-rhevb1e	u/ml	N	36	36
s-rhevb3e	u/ml	N	36	36
s-rhevb5e	u/ml	N	34	34
s-rhevb6e	u/ml	N	29	29
s-rhevb8e	u/ml	A	7	7
s-rhevb8e	u/ml	N	31	31
s-ribonukeliiniproteiini70,vasta-aineet	u/ml	N	173	148
s-ribonukeliiniproteiini70,vasta-aineet		N	337	323
s-ribonukleiiniproteiini70,vasta-aineet		N	12	12
s-ribonukleoproteiini,70kdaantigeeni,vasta-aineet		N	30	30
s-ribonukleoproteiini,nukleaarinen,vasta-aineet		N	93	91
s-ribonukleoproteiini,nukleaarinen,vasta-aineet	u/ml	N	13	12
s-ribonukleoproteiini,nukleaarinen,vasta-aineet(u1rnp)	u/ml	A	11	9
s-ribonukleoproteiini,vasta-aineet		N	18	18
s-ribosomaalisetfosfoproteiinit,vasta-aineet		N	29	27
s-ribosomaalisetfosfoproteiinit,vasta-aineet	u/ml	N	23	22
s-rickab		N	9	9
s-ricoab		N	16	16
s-riisie		N	6	6
s-riisie	u/ml	N	11	11
s-ris9hrs	ug/l	A	11	8
s-risper		N	76	53
s-risper	nmol/l	N	71	49
s-risperidoninja9-hydroksirisperidoninsumma		N	26	18
s-risperidoninja9-hydroksirisperidoninsumma		A	16	7
s-rityab		N	15	15
s-rjugr1e	u/ml	N	98	92
s-rjugr1e	u/ml	A	54	52
s-rjugr1e	u/ml	H	52	44
s-rjugr3e	u/ml	N	62	59
s-rjugr3e	u/ml	H	18	16
s-rjugr3e	u/ml	A	43	43
s-rmald1e	u/ml	A	23	23
s-rmald1e	u/ml	H	6	6
s-rmald1e	u/ml	N	14	14
s-rmald3e	u/ml	N	88	88
s-rmald3e	u/ml	A	34	34
s-rnapoab		N	95	92
s-rnapolymeraasiiii,vasta-aineet		N	43	41
s-rnp-vasta-aineet(blotting)		N	15	15
s-rnp70-ab	u/ml	A	41	27
s-rnp70ab		N	2422	2220
s-rnp70ab	u/ml	A	23	15
s-rnp70ab	u/ml	H	43	31
s-rnpab		N	3390	3108
s-rnpab	u/ml	H	165	117
s-rnpab	u/ml	A	506	301
s-rnpab	u/ml	N	359	299
s-rnpab		H	17	16
s-rnpab		A	190	145
s-rnpabbl		N	2002	1772
s-rnpabbl		A	6	6
s-rocuroe	u/ml	N	6	6
s-rottae	u/ml	H	6	6
s-rpena1e	u/ml	A	13	13
s-rpena1e	u/ml	N	55	54
s-rpena1e		N	12	11
s-rprup1e	u/ml	A	28	28
s-rprup3e	u/ml	N	153	149
s-rprup3e	u/ml	A	36	36
s-rprup3e	u/ml	H	8	7
s-rrnpab		N	8	8
s-rrnpabb		N	2000	1770
s-rsesi1e	u/ml	N	9	9
s-rsvcf	titre	N	11	11
s-rsvcf		N	27	24
s-rsvcf	titre	H	6	6
s-rtri14e	u/ml	N	67	67
s-rubeab		N	111	104
s-rubeabg	eiu	N	18	18
s-rubeabg	iu/ml	N	157	152
s-rubeabg		N	29	28
s-rubeabm		N	106	99
s-ruis(ravintoaine),igevasta-aineet	u/ml	N	6	6
s-ruis(ravintoaine),igevasta-aineet		N	9	9
s-ruise	u/ml	N	32	32
s-ruise	u/ml	A	14	14
s-ruise		N	28	28
s-ruise	u/ml	H	11	10
s-ruisjae	u/ml	A	15	14
s-ruoat	u/ml	H	29	29
s-ruoat	u/ml	A	6	6
s-ruoat,igevasta-aineet		N	9	9
s-ruoat,igevasta-aineet	u/ml	N	7	7
s-ruocome	u/ml	N	489	470
s-ruocome	u/ml	H	142	131
s-ruocome		H	9	8
s-ruocome	u/ml	A	13	13
s-ruoer	u/ml	A	9	9
s-ruoerco	u/ml	A	11	11
s-ruok5er		N	341	338
s-ruok5er	u/ml	N	450	441
s-ruok5er	u/ml	H	216	211
s-ruok5er	u/ml	A	73	70
s-ruok5er		H	9	9
s-ruok5ry		N	51	51
s-ruok5ry	u/ml	N	37	37
s-ruok5ry	u/ml	A	14	14
s-ruok5ry	u/ml	H	14	14
s-ruoka-aine-erittely,igevasta-aineet		N	7	7
s-ruoka-aineet,erittelyjakomponentit,igevast		N	9	9
s-ruoka-aineryhmä		N	41	41
s-ruoka-aineryhmä	u/ml	N	11	10
s-ruoka-aineryhmäosat		N	16	16
s-ruoka-aineryhmäosat	u/ml	N	6	6
s-ruoka-s	u/ml	A	9	9
s-ruoka5e		N	8	8
s-ruokae	u/ml	H	12	11
s-ruokae		N	18	18
s-ruokae,ruoka-aineryhmäjakomponentit		N	28	28
s-ruokae,ruoka-aineryhmäjakomponentit	u/ml	N	10	10
s-ruokaer	u/ml	N	112	110
s-ruokaer	u/ml	A	155	144
s-ruokaer	u/ml	H	80	80
s-ruokaer		N	35	35
s-ruokaer		H	47	46
s-ruokaer		A	17	16
s-ruokaerittely		N	98	92
s-ruokaerittely	u/ml	A	12	12
s-ruokaerittely,igevasta-aineet	u/ml	N	45	45
s-ruokaerittely,igevasta-aineet	u/ml	A	6	6
s-ruokaerittelyjaerittelytarvittaessa,igevasta-aineet	u/ml	N	15	15
s-ruokaerittelyjaerittelytarvittaessa,igevasta-aineet(ko)	u/ml	N	16	15
s-ruokaryhmä		N	11	11
s-ruokaryhmä,igevasta-aineet		N	6	6
s-ruokryh	u/ml	H	8	8
s-rvesv1e	u/ml	N	77	74
s-rvesv1e		N	15	15
s-rvesv1e	u/ml	A	34	27
s-rvesv1e	u/ml	H	8	7
s-rvesv5e	u/ml	A	126	105
s-rvesv5e	u/ml	N	54	52
s-rvesv5e		N	9	9
s-rvesv5e		A	19	19
s-rvesv5e	u/ml	H	38	35
s-s-keliakia,seulonta		N	235	227
s-s100	ug/l	A	67	37
s-s100	ug/l	N	27	16
s-s100	ug/l	H	11	10
s-saccharomycescerevisiae,iggvasta-aineet		N	6	6
s-sae1-o		N	423	403
s-sakspäe	u/ml	N	503	487
s-sakspäe	u/ml	H	87	71
s-sakspäe	u/ml	A	55	53
s-sakspäe		H	11	11
s-sakspäe		A	10	10
s-sakspäe		N	6	6
s-salis	mmol/l	N	20	7
s-salis		L	25	23
s-salis	umol/l	A	22	12
s-salis		A	39	34
s-salmab		N	363	353
s-salmab	index	N	13	13
s-salmaba		N	29	27
s-salmabg		N	31	29
s-salmabm		N	24	22
s-salmonella,vasta-aineet(eia),lausunto		N	19	17
s-sappih	umol/l	A	2882	944
s-sappih	umol/l	H	1297	457
s-sappih		N	467	366
s-sappih	umol/l	N	1496	986
s-sappih		H	137	107
s-sappih		A	181	125
s-sappihapot	umol/l	N	21	16
s-scc-ag	ug/l	A	236	130
s-scc-ag	ug/l	N	210	104
s-scc-ag	ug/l	H	30	20
s-scc-ag		N	48	41
s-scc-ag		A	14	10
s-schiaab		N	67	63
s-schimab	od	A	10	7
s-schimab		N	67	63
s-scl-70-vasta-aineet(blotting)		N	15	15
s-scl70ab		N	3356	3061
s-scl70ab	u/ml	A	73	40
s-scl70ab	u/ml	H	8	7
s-scl70ab		A	26	17
s-scl70ab	u/ml	N	76	69
s-scl70bl		N	2001	1771
s-scl70bl		A	8	6
s-se	umol/l	A	15	9
s-seer.tip		N	139	16
s-seerp		N	55	41
s-seerumi		N	166	126
s-seerumn		N	200	103
s-seesame	u/ml	A	8	8
s-seessie	u/ml	N	17	17
s-seessie	u/ml	H	10	10
s-seessie		N	9	9
s-seitie	u/ml	A	7	7
s-seitie	u/ml	N	12	11
s-sellere	u/ml	N	21	21
s-sellere	u/ml	A	7	7
s-sentab	u/ml	A	222	127
s-sentab		N	148	139
s-sentab		A	154	106
s-sentab	u/ml	H	22	16
s-sentab		H	8	7
s-sentabb		N	2001	1771
s-sentbab		N	2593	2372
s-sentbab		A	50	40
s-sentbab		H	47	42
s-sentbab	u/ml	H	63	47
s-sentbab	u/ml	A	33	29
s-sentromeeri,vasta-aineet		N	27	26
s-sentromeeri,vasta-aineet	u/ml	A	37	26
s-sentromeeri,vasta-aineet		A	15	14
s-sentromeeri-b,vasta-aineet		N	19	19
s-sentromeerip,vasta-aineet		N	526	488
s-sentromeerip,vasta-aineet	u/ml	A	24	19
s-sentromeerip,vasta-aineet	u/ml	N	23	21
s-sentromeerip,vasta-aineet		A	15	13
s-sentvasta-aineet(blotting)		N	15	15
s-serto	mg/l	N	17	14
s-sertoab		H	9	8
s-sertral	nmol/l	N	24	17
s-sertral	nmol/l	A	18	15
s-sertral		A	8	8
s-sertral	nmol/l	L	7	6
s-sfit1	ng/l	N	27	21
s-shbg	nmol/l	H	1150	884
s-shbg	nmol/l	N	7368	5218
s-shbg	nmol/l	L	1619	918
s-shbg	nmol/l	LL	16	8
s-shbg	nmol/l	A	1990	1366
s-shbg		L	6	6
s-shbg		N	11	11
s-sikalie	u/ml	N	9	9
s-sikiön21-trisomiariskinseulonta,ensimmäinentr		N	14	14
s-sikiönkehityshäiriöidenseulonta,ensimmäinentr		N	46	45
s-sikiönkehityshäiriöidenseulonta,ensimmäinentrimesteri		N	20	20
s-sileälihas,vasta-aineet		N	8	8
s-sileälihas,vasta-aineet	titre	A	8	8
s-siliab		N	3611	3061
s-siliab		A	118	104
s-siliab	titre	A	568	481
s-siliab	titre	N	133	123
s-siliab	titre	H	92	69
s-siliab		H	10	8
s-simpuke	u/ml	N	6	6
s-sinappe	u/ml	N	7	7
s-sinappe	u/ml	H	6	6
s-sindab		N	131	119
s-sindabg		A	93	77
s-sindabg		N	124	114
s-sindabg	titre	N	11	10
s-sindabm		A	53	50
s-sindabm		N	136	125
s-sindhi		N	47	43
s-sinkki	umol/l	N	55	50
s-sinsime		N	10	10
s-sinsime	u/ml	N	8	8
s-sipulie	u/ml	N	11	11
s-sital	nmol/l	A	11	7
s-sital	nmol/l	N	17	14
s-sitalop		A	8	6
s-sitrulliinipeptidi,vasta-aineet	u/ml	A	180	167
s-sitrulliinipeptidi,vasta-aineet	u/ml	N	159	153
s-sitrulliinipeptidi,vasta-aineet		N	99	90
s-sitrulliinipeptidi,vasta-aineet	u/ml	H	9	7
s-sitrulliinipeptidi,vasta-aineet		A	27	26
s-sitrulliinipeptidi,vasta-aineet␤	u/ml	A	9	9
s-sitrulliinivasta-aineet		N	24	23
s-sitruue	u/ml	N	24	24
s-sjögreninsyndroma,a(ro)-vasta-aineet		A	18	15
s-sjögreninsyndroma,a(ro)-vasta-aineet		N	65	63
s-sjögreninsyndroma,a(ro)-vasta-aineet	u/ml	A	14	8
s-sjögreninsyndroma,a(ro52)-vasta-aineet		N	447	414
s-sjögreninsyndroma,a(ro52)-vasta-aineet	u/ml	N	18	18
s-sjögreninsyndroma,a(ro52)-vasta-aineet	u/ml	A	41	35
s-sjögreninsyndroma,a(ro52)-vasta-aineet		A	29	26
s-sjögreninsyndroma,a(ro60)-vasta-aineet		N	464	430
s-sjögreninsyndroma,a(ro60)-vasta-aineet	u/ml	N	12	12
s-sjögreninsyndroma,a(ro60)-vasta-aineet	u/ml	A	20	19
s-sjögreninsyndroma,a(ro60)-vasta-aineet		A	34	27
s-sjögreninsyndroma,b(la)-vasta-aineet		N	95	92
s-sjögreninsyndroma,b(la)-vasta-aineet	u/ml	N	7	6
s-sjögreninsyndroma,b(la)-vasta-aineet	u/ml	A	7	7
s-sjögreninsyndromaa(ro)-vasta-aineet		A	27	19
s-sjögreninsyndromaa(ro)-vasta-aineet	u/ml	A	14	11
s-sjögreninsyndromaa(ro)-vasta-aineet		N	6	6
s-sjögreninsyndromaa,vasta-aineet		N	12	12
s-sjögreninsyndromaavasta-aineet	u/ml	A	17	12
s-sjögreninsyndromab(la)-vasta-aineet	u/ml	A	10	8
s-sjögreninsyndromab,vasta-aineet		N	10	10
s-sjögreninsyndrooma,a(ro-),vasta-aineet	u/ml	A	11	6
s-sjögreninsyndroomaa,(ro)-vasta-aineet		A	13	6
s-sjögreninsyndroomaa,(ro)-vasta-aineet	u/ml	A	6	6
s-skleroderma70,vasta-aineet		N	55	53
s-skleroderma70,vasta-aineet	u/ml	N	7	7
s-slaab-o		N	1093	932
s-sldl	mmol/l	N	1958	769
s-sldl	mmol/l	H	93	70
s-sldl	mmol/l	L	156	92
s-sm(smith),vasta-aineet		N	103	101
s-sm(smith),vasta-aineet	u/ml	N	10	9
s-sm-vasta-aineet(blotting)		N	15	15
s-smab		N	3688	3361
s-smab	u/ml	H	31	26
s-smab		A	43	26
s-smab	u/ml	A	171	118
s-smab	u/ml	N	150	136
s-smabbl		N	2002	1772
s-smabbl		A	7	6
s-smith,vasta-aineet		N	12	12
s-soija,igevasta-aineet		N	8	8
s-soija,nglym5(varastoproteiini,soijapapu)osa		N	19	19
s-soija,nglym6(varastoproteiini,soijapapu)osa		N	19	19
s-soija,rglym4pr-10(rekombinantti,soijapapu)osa		N	19	19
s-soijae		N	53	52
s-soijae	u/ml	A	68	62
s-soijae	u/ml	H	31	30
s-soijae		H	14	14
s-soijae	u/ml	N	24	24
s-soijaek		N	21	21
s-soijaeksoijapapujakomponentit(f14)igevasta-aineet		N	39	39
s-soijapapu(f14),igevasta-aineet		N	12	12
s-soijapapu,igevasta-aineet		N	70	69
s-soijapapu,natiivi(nglym5,f431),igevasta-aineet		N	40	40
s-soijapapu,natiivi(nglym6,f432),igevasta-aineet		N	40	40
s-soijapapu,rekombinantti(rglym4pr-10,f353),igevasta-aineet		N	40	40
s-soijape		N	383	381
s-soijape	u/ml	N	181	175
s-soijape	u/ml	H	114	102
s-soijape	u/ml	A	39	37
s-sojaböna		N	91	86
s-sp100ab		N	25	24
s-spnabnv		N	63	32
s-spnabvt		N	175	115
s-srpab-o		N	423	403
s-ssa-52		A	191	137
s-ssa-52	u/ml	A	196	146
s-ssa-60		A	233	157
s-ssa-60	u/ml	A	153	112
s-ssa-ab		N	7	7
s-ssa-vasta-aineet(blotting)		N	15	15
s-ssa52-o		N	423	403
s-ssaab		N	3092	2843
s-ssaab		A	965	657
s-ssaab	u/ml	H	293	204
s-ssaab	u/ml	A	791	496
s-ssaab		H	220	179
s-ssaab	u/ml	N	21	19
s-ssaabbl		N	2002	1772
s-ssaabbl		A	14	12
s-ssb-vasta-aineet(blotting)		N	15	15
s-ssbab		N	3869	3500
s-ssbab	u/ml	A	493	291
s-ssbab		A	279	196
s-ssbab		H	29	24
s-ssbab	u/ml	H	134	98
s-ssbab	u/ml	N	52	46
s-ssbabbl		N	2002	1772
s-ssbabbl		A	12	11
s-stachybothrysatra(chartarum;gm24),ige-vasta-aineet		N	12	12
s-stachybotrysatra(chartarum),igevasta-aineet		N	17	17
s-stachybotrysatra(chartarum),igevasta-aineet	u/ml	N	7	7
s-statrae	u/ml	N	9	9
s-sterab		N	12	11
s-stpn1	mg/l	N	127	92
s-stpn1		N	36	31
s-stpn10a		N	60	30
s-stpn11a		N	60	30
s-stpn12f		N	60	30
s-stpn14	mg/l	N	112	79
s-stpn14		N	51	39
s-stpn15b		N	60	30
s-stpn17f		N	60	30
s-stpn18c	mg/l	N	148	97
s-stpn18c		N	15	13
s-stpn19f	mg/l	N	128	86
s-stpn19f		N	35	29
s-stpn2		N	60	30
s-stpn20a		N	60	30
s-stpn23f	mg/l	N	140	94
s-stpn23f		N	23	21
s-stpn33f		N	60	30
s-stpn4	mg/l	N	123	86
s-stpn4		N	40	35
s-stpn5	mg/l	N	117	84
s-stpn5		N	46	38
s-stpn6b	mg/l	N	125	86
s-stpn6b		N	38	32
s-stpn7f	mg/l	N	140	91
s-stpn7f		N	23	20
s-stpn8		N	60	30
s-stpn9v	mg/l	N	133	93
s-stpn9v		N	30	25
s-strdnab		N	101	98
s-strdnab	u/ml	A	44	34
s-strdnab	u/ml	H	12	12
s-strdnab	u/ml	N	16	15
s-stroab		N	68	64
s-stroab	od	A	9	7
s-stroab	od	N	7	7
s-sukupuolihormonejasitovaglobuliini	nmol/l	N	181	131
s-sukupuolihormonejasitovaglobuliini	nmol/l	A	33	21
s-sukupuolihormonejasitovaglobuliini	nmol/l	H	35	30
s-sukupuolihormonejasitovaglobuliini	nmol/l	L	9	6
s-sukupuolihormonejasitovaglobuliiniosat.	nmol/l	N	16	11
s-sulfabm		N	18	16
s-sumrisp	nmol/l	L	15	14
s-sumrisp	nmol/l	A	19	19
s-sumrisp		N	53	39
s-sumrisp	nmol/l	N	37	31
s-sumrisp	nmol/l	H	18	14
s-suoli	u/l	H	21	17
s-suoli		A	6	6
s-suolist	u/l	A	37	35
s-suolistoisoentsyymi	u/l	A	37	37
s-suolistoisoentsyymi(afos)	u/l	N	79	78
s-suolistoisoentsyymi(afos)		N	104	99
s-suolistoisoentsyymi(afos)	u/l	A	44	41
s-sydämenikä		H	8	8
s-sydäntautiriski	%	N	260	240
s-syklinencitrullinoitupeptidi,vasta-aine	u/ml	N	7	7
s-syklinensitrullinoitupeptidi,vasta-aineet	u/ml	A	17	17
s-syklinensitrullinoitupeptidi,vasta-aineet		N	156	154
s-sytomegalovirus,iggvasta-aine	u/ml	A	11	10
s-sänka		N	82	68
s-sänka		A	10	7
s-t3-v	pmol/l	N	3044	2062
s-t3-v		A	198	117
s-t3-v	pmol/l	A	1381	645
s-t3-v		N	23	23
s-t3-v	pmol/l	H	417	322
s-t3-v	pmol/l	L	125	102
s-t3-v		H	39	31
s-t3-v		L	28	27
s-t3-vdi	pmol/l	N	160	153
s-t3-vdi		A	11	10
s-t3-vdi	pmol/l	A	35	31
s-t3-vdi	pmol/l	H	19	15
s-t3-vdi		N	11	6
s-t3-vdi	pmol/l	L	7	7
s-t3ab		N	22	20
s-t4-v	pmol/l	N	64560	44893
s-t4-v	pmol/l	L	2568	1921
s-t4-v	pmol/l	H	3125	2252
s-t4-v	pmol/l	A	1703	1183
s-t4-v		N	7314	5794
s-t4-v		L	74	59
s-t4-v		A	18	17
s-t4-vd	pmol/l	N	19	17
s-t4-vdi	pmol/l	N	221	183
s-t4-vdi	pmol/l	A	120	104
s-t4-vdi		A	49	45
s-t4-vdi	pmol/l	H	37	32
s-t4-vdi	pmol/l	L	7	7
s-t4ab		N	9	9
s-t4v	pmol/l	A	36	20
s-t4vhypo		N	20	18
s-tammie	u/ml	A	9	9
s-tammie	u/ml	H	6	6
s-tati	nmol/l	A	133	107
s-tati	nmol/l	N	68	65
s-tati	ug/l	A	88	66
s-tati	ug/l	H	6	6
s-tati	nmol/l	H	36	36
s-tati		A	23	17
s-tattare	u/ml	H	14	14
s-tattare	u/ml	N	13	13
s-tattare		N	10	10
s-tattare	u/ml	A	11	11
s-tbeab		N	452	420
s-tbeab		A	9	6
s-tbeabg		N	441	405
s-tbeabg		A	38	32
s-tbeabg	ru/ml	A	90	81
s-tbeabm		N	414	387
s-tbeabm		A	84	71
s-tbeabm	index	N	9	9
s-tbetot		N	53	51
s-teikab		N	85	80
s-teofy		A	96	69
s-teofy	umol/l	A	200	139
s-teofy	umol/l	L	30	29
s-teofy	umol/l	N	92	64
s-teofy		L	28	27
s-teofy	umol/l	H	6	6
s-tes-vlik	pmol/l	L	1402	1126
s-tes-vlik	pmol/l	H	13	13
s-tes-vlik		L	59	51
s-tesmsvl	pmol/l	N	58	57
s-tesmsvl	pmol/l	L	34	30
s-tesmsvl	pmol/l	H	9	9
s-tesmsvl	pmol/l	A	8	8
s-testab		N	95	78
s-testab	titre	H	8	7
s-testo	nmol/l	A	15547	7526
s-testo	nmol/l	N	17934	12844
s-testo	nmol/l	L	9535	5063
s-testo		L	1786	1039
s-testo		A	1693	1086
s-testo	nmol/l	H	1505	1066
s-testo		N	309	217
s-testo	form	N	21	17
s-testo		H	58	50
s-testo	pmol/l	N	22	18
s-testo,vap,laskmassasp	pmol/l	N	105	97
s-testo,vap,laskmassasp	pmol/l	L	73	68
s-testo,vap,laskmassasp	pmol/l	H	13	12
s-testo,vapaa+kok+shbg	pmol/l	N	10	10
s-testo,vapaa,laskettu	pmol/l	N	13	11
s-testo-v	pmol/l	H	74	67
s-testo-v	pmol/l	A	253	187
s-testo-v		A	86	70
s-testo-v	pmol/l	N	93	80
s-testo-v		N	41	37
s-testo-v	pmol/l	L	91	83
s-testo-vi	pmol/l	A	11	9
s-testo-vi		A	19	11
s-testo-vl	pmol/l	A	818	472
s-testo-vl		A	172	122
s-testo-vl	pmol/l	N	12	6
s-testoms	nmol/l	N	311	243
s-testoms	nmol/l	L	102	72
s-testoms		A	9	8
s-testoms	nmol/l	H	73	55
s-testoms	nmol/l	A	82	71
s-testoms		N	28	22
s-testoms		L	21	15
s-testosteroni	nmol/l	N	421	323
s-testosteroni	nmol/l	A	129	89
s-testosteroni	nmol/l	H	6	6
s-testosteroni		N	11	9
s-testosteroni	nmol/l	L	67	49
s-testosteroni,herkkä	nmol/l	N	113	107
s-testosteroni,herkkä	nmol/l	L	9	9
s-testosteroni,herkkämenetelmä	nmol/l	L	12	11
s-testosteroni,massaspektrometrinen	nmol/l	N	64	62
s-testosteroni,massaspektrometrinen	nmol/l	A	22	15
s-testosteroni,massaspektrometrinen,seerumista	nmol/l	A	58	55
s-testosteroni,massaspektrometrinen,seerumista	nmol/l	L	10	10
s-testosteroni,massaspektrometrinen,seerumista		A	10	10
s-testosteroni,seerumista	nmol/l	A	156	101
s-testosteroni,seerumista		A	93	61
s-testosteroni,seerumista	nmol/l	N	11	7
s-testosteroni,vapaa	pmol/l	A	7	6
s-testosteroni,vapaa,laskettu	pmol/l	L	1195	983
s-testosteroni,vapaa,laskettu	pmol/l	N	1790	1468
s-testosteroni,vapaa,laskettu	pmol/l	A	127	90
s-testosteroni,vapaa,laskettu		N	43	34
s-testosteroni,vapaa,laskettu		A	7	7
s-testosteroni,vapaa,laskettu	pmol/l	H	18	17
s-testosteroni,vapaa,laskettu,seerumista	pmol/l	A	17	16
s-testosteroni,vapaa,prosentti	%	N	8	7
s-testosteroni,vapaalaskettu	pmol/l	N	20	18
s-testosteroni,vapaalaskettu	pmol/l	A	7	7
s-testosteroni,vapaalaskettu(ko)	pmol/l	N	10	9
s-testosteronimassaspektrometrinenmenetelmä	nmol/l	N	9	8
s-testosteronivapaalaskettu	pmol/l	A	21	15
s-testosteronivapaalaskettu	pmol/l	N	81	66
s-testosterooni,vapaa,lask.	pmol/l	N	92	74
s-testosterooni,vapaa,lask.	pmol/l	L	19	18
s-testostervapaalaske	pmol/l	L	52	36
s-testostervapaalaske	pmol/l	N	68	56
s-testostoni,vapaa,laskettu	pmol/l	A	8	6
s-testotot		A	8	6
s-testovi	pmol/l	A	25	19
s-testovl	pmol/l	L	2795	1936
s-testovl	pmol/l	N	1552	1193
s-testovl	pmol/l	A	2079	1352
s-testovl		N	438	307
s-testovl	pmol/l	H	144	121
s-testovl		A	141	118
s-testovl		L	124	110
s-testovl		H	16	15
s-tfr	mg/l	N	5842	4943
s-tfr	mg/l	A	16550	8899
s-tfr	mg/l	H	7797	4325
s-tfr	mg/l	L	668	575
s-tfr	mg/l	HH	79	68
s-tfr		A	375	284
s-tfr		N	9	7
s-thermoactiomycesvulgaris,igevasta-aineet		N	18	18
s-thsd7ab		N	75	74
s-tif1g-o		N	423	403
s-timospe		A	17	17
s-timospe	u/ml	A	348	333
s-timotee		N	703	693
s-timotee	u/ml	H	2114	1980
s-timotee		H	215	210
s-timotee	u/ml	N	1030	980
s-timotee	u/ml	A	1432	1345
s-timotee		A	270	263
s-timotei,igevasta-aineet		N	32	32
s-timotei,igevasta-aineet	u/ml	A	21	21
s-timotei,igevasta-aineetosat.	u/ml	N	22	22
s-timotei,igevasta-aineetosat.	u/ml	A	24	24
s-timoteinsiitepöly(g6),ige-vasta-aineet	u/ml	A	22	22
s-timoteinsiitepöly(g6),igevasta-aineet	u/ml	A	67	66
s-timoteinsiitepöly(g6),igevasta-aineet	u/ml	N	32	32
s-timoteinsiitepöly(g6),igevasta-aineet		N	16	16
s-timoteinsiitepöly,igevasta-aineet		N	117	115
s-timoteinsiitepöly,igevasta-aineet	u/ml	A	169	165
s-timoteinsiitepöly,igevasta-aineet	u/ml	N	60	60
s-timoteinsiitepöly,igevasta-aineet	u/ml	H	10	10
s-timoteinsiitepöly,igevasta-aineet(ko)	u/ml	N	6	6
s-timoteinsiitepöly,igevasta-aineet,rast,timotei,allergia	u/ml	H	23	15
s-timotej		N	80	77
s-timotej	u/ml	A	12	11
s-tiosyan	umol/l	A	9	7
s-titiab		N	7	6
s-tk-äpkl		N	101	81
s-tnf	ng/l	H	25	22
s-tnf	ng/l	N	18	17
s-tnf	ng/l	A	21	17
s-tni		N	35	34
s-tni	ng/l	H	9	8
s-tnt	ng/l	H	133	122
s-tnt		N	14	14
s-tnt		H	18	17
s-tnt	ng/l	N	6	6
s-tob	mg/l	N	122	44
s-tob	mg/l	A	70	26
s-tob		N	86	36
s-tocaab		N	24	23
s-tocaab	od	N	7	7
s-tocaab.		N	45	42
s-tomaate	u/ml	N	44	44
s-tomaate	u/ml	A	10	10
s-tomaate		N	12	12
s-tomaate	u/ml	H	9	9
s-tomaatti,igevasta-aineet	u/ml	N	10	10
s-tonnike	u/ml	A	6	6
s-tonnike	u/ml	N	20	18
s-tonnike		N	12	12
s-topira	mg/l	A	16	9
s-topira		A	13	6
s-topiram	mg/l	N	15	9
s-topiram	umol/l	N	8	6
s-tosilab		N	6	6
s-toxoab		N	1531	1346
s-toxoaba		N	1331	1176
s-toxoabg	iu/ml	N	205	192
s-toxoabg		A	50	41
s-toxoabg		N	1420	1221
s-toxoabg	iu/ml	A	105	88
s-toxoabm		N	1517	1334
s-toxoabm		A	18	15
s-toxoavi		N	1385	1216
s-toxocf		N	32	29
s-toxocf	titre	N	6	6
s-toxoplasma,iggvasta-aineet		N	6	6
s-toxoplasma,igmvasta-aineet		N	6	6
s-toxoplasma,vasta-aineet		N	9	8
s-tpha		N	1542	952
s-tpha	titre	A	767	222
s-tpha	titre	H	740	229
s-tpha	titre	N	77	37
s-tpha		A	71	30
s-tpha		H	13	12
s-tpo-ab		A	41	38
s-tpo-ab	iu/ml	A	50	45
s-tpoab		A	716	612
s-tpoab	iu/ml	A	3723	3004
s-tpoab	u/ml	A	615	491
s-tpoab	iu/ml	N	718	673
s-tpoab		N	5154	4705
s-tpoab	u/ml	N	776	751
s-tpoab	iu/ml	H	2117	1780
s-tpoab	u/ml	H	1440	1229
s-tpoab		H	59	53
s-tpoab	form	N	9	7
s-tputree	u/ml	A	11	11
s-tputree	u/ml	H	6	6
s-tputree		N	14	13
s-tr1horm		N	54	50
s-tr1kem		N	56	54
s-tr1seul		N	552	399
s-tr2seul		N	79	78
s-tr2seul		A	8	7
s-transferriinireseptori	mg/l	N	1246	1059
s-transferriinireseptori	mg/l	H	674	487
s-transferriinireseptori	mg/l	L	14	13
s-transferriinireseptori,liukoinen	mg/l	N	97	78
s-transferriinireseptori,liukoinen	mg/l	A	29	25
s-transferriinireseptori,liukoinen(ko)	mg/l	N	24	22
s-transglutaminaasi,iggvasta-aineet		N	17	16
s-transglutaminaasivasta-aineet		N	453	448
s-transglutaminaasivasta-aineet	u/ml	H	11	8
s-transglutaminaasivasta-aineetiga		N	10	10
s-treponemapallidum,vasta-aineet		N	158	158
s-treponemapallidum,vasta-aineet		A	17	12
s-treponemapallidum,vasta-aineet,äitseul		N	55	51
s-treponemapallidumhemagglutinaatio		N	10	10
s-treponemapallidumv-a		N	7	7
s-tria14e	u/ml	A	7	7
s-trigly	mmol/l	N	24912	22342
s-trigly	mmol/l	H	5587	5230
s-trigly	mmol/l	A	112	92
s-triglyseridit	mmol/l	N	319	297
s-triglyseridit	mmol/l	A	12	11
s-triglyseridit	mmol/l	H	28	28
s-triglyseridit(paketti)	mmol/l	N	18	17
s-triglyseriditosatutkimus	mmol/l	N	126	105
s-triglyseriditosatutkimus	mmol/l	A	36	29
s-trijodityroniini,vapaa	pmol/l	N	52	43
s-trijodityroniini,vapaa(ko)	pmol/l	N	8	8
s-trivire		N	16	16
s-troponiinii		N	12	12
s-trpaab		N	14809	10250
s-trpaab		A	722	282
s-trpaab		H	9	9
s-trspab		N	21	20
s-trspab	od	N	6	6
s-trspab.		N	46	43
s-trypg2	ug/l	A	364	67
s-trypg2	ug/l	H	39	8
s-trypg2		A	22	6
s-trypt	ug/l	N	563	432
s-trypt	ug/l	A	717	210
s-trypt	ug/l	H	292	86
s-trypt		A	48	33
s-tryptaasi	ug/l	N	196	178
s-tryptaasi	ug/l	A	62	31
s-tryptaasi	ug/l	H	13	9
s-tsh	mu/l	N	87420	63602
s-tsh	mu/l	L	11768	6636
s-tsh	miu/l	A	4602	2760
s-tsh	mu/l	H	9396	5760
s-tsh	mu/l	A	10364	5486
s-tsh	miu/l	N	4613	3882
s-tsh	miu/l	H	8519	5064
s-tsh	miu/l	L	7555	4179
s-tsh		A	830	444
s-tsh		N	118	101
s-tsh		L	1936	1247
s-tsh		LL	60	48
s-tsh	mu/l	LL	23	19
s-tsh	u/l	N	57	45
s-tsh	mu/l	HH	13	10
s-tsh-abr	mu/l	N	115	48
s-tsh-abr		N	38	27
s-tsh-reseptori,vasta-aineet	iu/l	A	147	101
s-tsh-reseptori,vasta-aineet		N	43	42
s-tsh-reseptori,vasta-aineet	iu/l	H	21	16
s-tsh-reseptori,vasta-aineet␤	iu/l	A	60	30
s-tshrab	iu/l	H	2455	1212
s-tshrab	iu/l	N	547	494
s-tshrab	iu/l	A	4132	2226
s-tshrab		N	3527	2646
s-tshrab	iu/ml	A	11	11
s-tshrab	u/l	A	1043	566
s-tshrab	u/l	H	123	111
s-tshrab	u/l	N	19	17
s-tshrab		A	172	95
s-tshrab		H	46	33
s-tshrab	iu/ml	H	8	8
s-tshrefl		N	5337	4277
s-tshrefl	mu/l	A	297	155
s-tshrefl		A	18	14
s-tshrefl	mu/l	N	288	283
s-tshreflpt		N	1404	1278
s-ttgaba		N	26331	23316
s-ttgaba	u/ml	N	10056	9138
s-ttgaba		A	309	281
s-ttgaba	u/ml	A	1701	1056
s-ttgaba	u/ml	H	824	538
s-ttgaba	eliau/ml	N	303	298
s-ttgaba	form	N	145	144
s-ttgaba	eliau/ml	H	111	92
s-ttgaba		H	78	63
s-ttgaba	eliau/ml	A	20	18
s-ttgaba	form	A	8	6
s-ttgaba,s-kudostransglutaminaasi,igavasta-aineet		N	68	66
s-ttgabg		N	10494	9739
s-ttgabg	u/ml	N	57	57
s-ttgabg		A	14	12
s-ttgabg	u/ml	A	39	19
s-ttgabg	u/ml	H	31	11
s-ttgabg,s-kudostransglutaminaasi,iggvasta-aineet(ko)		N	48	47
s-tuma,liukoisetantigeenit		A	9	9
s-tuma,liukoisetantigeenit,seulonta,vasta-aineet		N	7	7
s-tuma,liukoisetantigeenit,vasta-aineet		N	170	162
s-tuma,liukoisetantigeenit,vasta-aineet	ratio	H	12	12
s-tuma,liukoisetantigeenit,vasta-aineet	ratio	A	34	24
s-tuma,liukoisetantigeenit,vasta-aineet		A	18	15
s-tuma,liukoisetantigeenit,vasta-aineet,immuno		N	6	6
s-tuma,liukoisetantigeenit,vasta-aineet,laaja		N	10	10
s-tuma,liukoisetantigeenit,vasta-aineet,laajatutkimus		N	29	29
s-tuma,liukoisetva		N	28	27
s-tuma,vasta-aineet		N	508	478
s-tuma,vasta-aineet	titre	N	101	96
s-tuma,vasta-aineet	titre	A	89	78
s-tuma,vasta-aineet		A	32	29
s-tuma,vasta-aineet	titre	H	8	8
s-tuma,vasta-aineet,analyysi,lausunto		N	7	7
s-tuma,vasta-aineet,tyypitys		N	15	15
s-tuma,vasta-aineetblottaus		N	7	7
s-tumavasta-aineet,analyysi		N	13	13
s-turska(f3),igevasta-aineet		N	12	12
s-turskae		N	509	503
s-turskae	u/ml	A	61	55
s-turskae	u/ml	N	237	220
s-turskae		H	8	7
s-turskae	u/ml	H	54	43
s-turskae		A	10	10
s-tuumori		N	16	14
s-tygl	ug/l	N	1939	509
s-tygl		N	2574	746
s-tygl	ug/l	A	755	242
s-tygl		A	131	72
s-tygl	ug/l	H	297	56
s-tygl		H	13	11
s-tygl		L	7	7
s-tygl	ug/l	L	18	18
s-tygl-va		N	2651	568
s-tygl-va	u/ml	A	389	93
s-tygl-va	u/ml	H	83	31
s-tygl-va	u/ml	N	64	35
s-tygl-va		A	17	10
s-tyglab		N	2053	978
s-tyglab	u/ml	H	204	127
s-tyglab	u/ml	N	134	97
s-tyglab	u/ml	A	272	99
s-tyglab	iu/ml	A	354	169
s-tyglab	iu/ml	N	130	107
s-tyglab	iu/ml	H	100	70
s-tyglab		H	44	31
s-tyglab		A	50	40
s-tymidiinikinaasi	u/l	A	114	68
s-tymidk	u/l	A	927	569
s-tymidk	u/l	N	90	80
s-tymidk	u/l	H	149	124
s-tymidk		A	24	20
s-tymidk		N	6	6
s-tyreoglobuliini		A	25	16
s-tyreoglobuliini	ug/l	A	26	23
s-tyreoglobuliini		N	24	20
s-tyreoglobuliini	ug/l	N	7	6
s-tyreoglobuliini,vasta-aineet	iu/ml	N	15	15
s-tyreoglobuliini,vasta-aineet		N	69	63
s-tyreoglobuliini,vasta-aineet	iu/ml	A	49	21
s-tyreoglobuliini,vasta-aineet	u/ml	A	27	10
s-tyreoglobuliini,vasta-aineet,osatutkimus		N	30	24
s-tyreoglobuliinivasta-aineet		N	16	8
s-tyreoideaperoksidaasi,vasta-aineet	iu/ml	A	75	73
s-tyreoideaperoksidaasi,vasta-aineet	iu/ml	N	101	96
s-tyreoideaperoksidaasi,vasta-aineet		N	82	82
s-tyreoideaperoksidaasi,vasta-aineet	iu/ml	H	29	28
s-tyreoideaperoksidaasi,vasta-aineet	u/ml	A	32	29
s-tyreoideaperoksidaasi,vasta-aineet		A	19	18
s-tyreoideaperoksidaasi,vasta-aineet	u/ml	H	9	6
s-tyreoideaperoksidaasi,vasta-aineet	u/ml	N	14	13
s-tyreoideaperoksidaasi,vasta-aineet(ko)	iu/ml	N	8	7
s-tyreoideaperoksidaasi,vasta-aineet(pi)		N	7	7
s-tyreoideavasta-aineet		N	69	69
s-tyreotropiini	mu/l	N	494	393
s-tyreotropiini	miu/l	N	346	279
s-tyreotropiini	mu/l	A	82	56
s-tyreotropiini	miu/l	A	52	34
s-tyreotropiini		N	12	12
s-tyreotropiini(pakettiin)	mu/l	N	63	42
s-tyreotropiini,elinvasta-aineristireaktio	mu/l	N	9	7
s-tyreotropiini,peg-saostuksella	mu/l	N	28	20
s-tyreotropiinipakettiin	mu/l	N	8	7
s-tyroksiini,vapaa	pmol/l	N	635	486
s-tyroksiini,vapaa	pmol/l	A	20	16
s-tyroksiini,vapaa		N	8	8
s-tyroksiini,vapaa(paketti)	pmol/l	N	70	42
s-tyroksiini,vapaapakettiin	pmol/l	N	7	6
s-tyrosiini	mmol/l	N	260	239
s-tyydyttyneetrasvahapot	mmol/l	N	244	225
s-tyydyttyneetrasvahapot	mmol/l	H	17	17
s-tyypin2diabetesriski	%	N	260	240
s-ucrp	mg/l	A	1279	928
s-ucrp		A	80	77
s-uraat	umol/l	H	5233	3543
s-uraat	umol/l	N	6457	5426
s-uraat	umol/l	L	403	359
s-uraat	umol/l	A	246	189
s-uraat		L	55	47
s-uraat		H	9	9
s-uraat	mmol/l	N	7	7
s-uraat		N	39	38
s-uraat		A	11	11
s-uraatti	umol/l	A	88	78
s-uraatti	umol/l	N	533	480
s-uraatti		N	38	37
s-urea	mmol/l	A	8	6
s-urtikar		N	53	53
s-ustek	mg/l	N	25	13
s-ustekab		A	10	9
s-ustekab		N	40	24
s-usteki	mg/l	N	183	84
s-usteki		N	51	34
s-ustekinumpitoisuus	mg/l	N	6	6
s-valiini	mmol/l	N	243	223
s-valiini	mmol/l	H	22	21
s-valkoinenpapu,ige-vasta-aineet	u/ml	N	7	7
s-valksie	u/ml	N	16	16
s-valp-v	umol/l	A	12	6
s-valpr	umol/l	A	7746	3230
s-valpr	umol/l	L	3588	1554
s-valpr	umol/l	N	4977	1595
s-valpr		A	537	429
s-valpr		L	303	255
s-valpr	umol/l	H	872	393
s-valpr	%	L	8	7
s-valpr		N	8	8
s-valpr-v	umol/l	N	262	191
s-valpr-v		L	128	108
s-valpr-v	umol/l	L	136	105
s-valpr-v	umol/l	H	116	83
s-valpr-v	umol/l	A	126	84
s-valpr-v		A	64	47
s-valpro	umol/l	A	31	15
s-valproaatti	umol/l	N	82	56
s-valproaatti	umol/l	A	111	74
s-valproaatti	umol/l	L	23	16
s-valproaatti		A	12	11
s-van	mg/l	A	2909	1064
s-van		A	209	143
s-van	mg/l	N	6081	1223
s-van	mg/l	H	198	99
s-van		N	143	92
s-van	mg/l	LL	86	52
s-van	mg/l	L	33	25
s-van		L	8	8
s-van-0	mg/l	A	33	20
s-van-1	mg/l	A	16	14
s-vancom	mg/l	A	54	18
s-vani	mg/l	A	33	7
s-vapaanjakokonais-psa:nsuhde		N	1213	962
s-vapaanjakokonais-psa:nsuhde	%	N	514	377
s-vapaanjakokonais-psa:nsuhde	%	H	127	103
s-vapaantestosteroninindeksi	pmol/l	N	12	10
s-vapaantestosteroninindeksi	pmol/l	A	15	12
s-vapaidenkappa-jalambdakevytketjujenmääritys		N	13	13
s-vapaidenkappa-jalambdakevytketjumääritys		N	17	17
s-varah		N	7	7
s-varicella-zostervirus,iggvasta-aineet	eiu	N	12	12
s-varicella-zostervirus,igmvasta-aineet		N	15	14
s-varicellazostervirus,iggvasta-aineet	miu/ml	A	10	10
s-varizella-zostervirus,igg-vasta-aineet	u/l	A	85	84
s-varizella-zostervirus,igm-vasta-aineet		N	87	86
s-varizella-zostervirus,vasta-aineet,lausunto		N	87	86
s-varizella-zostervirus,vasta-aineet,lausunto		A	16	16
s-vaskuab		N	516	484
s-vedol		N	170	87
s-vedol	mg/l	N	517	185
s-vedolab		N	698	223
s-vedolab		A	6	6
s-vedolpa		N	642	205
s-vegf	ng/l	N	18	10
s-vehnjae		N	51	50
s-vehnjae	u/ml	A	133	111
s-vehnjae	u/ml	H	43	41
s-vehnjae		H	17	17
s-vehnjae	u/ml	N	28	28
s-vehnä(ravintoaine),igevasta-aineet		N	27	26
s-vehnä/ravintoaine,igevasta-aineet		N	11	11
s-vehnä/ravintoaine,igevasta-aineet	u/ml	A	6	6
s-vehnäe		N	393	391
s-vehnäe	u/ml	N	204	199
s-vehnäe	u/ml	H	178	159
s-vehnäe	u/ml	A	89	86
s-vehnäe		A	12	12
s-vehnäe		H	8	8
s-vehnäek		N	21	21
s-vehnäek,vehnäjauhojakomponentit/f4)igevasta-aineet)		N	39	39
s-vehnäjauho(f4),igevasta-aineet		N	11	11
s-vehnäjauho,igevasta-aineet	u/ml	N	18	18
s-vehnäjauho,igevasta-aineet		N	33	33
s-vendves	nmol/l	H	59	45
s-vendves	nmol/l	N	78	58
s-vendves	nmol/l	A	16	15
s-venlaf	nmol/l	N	159	100
s-venlaf		N	8	7
s-verialt,verialtistus,tutkimuksetaltistuneesta		N	65	38
s-veriryhmävasta-aineet,seulonta		N	13	9
s-veriryhmävasta-aineet,tunnistus		N	19	17
s-veritapaturmatutkimus,mahdollisentartunnankohde		N	99	70
s-veritapaturmatutkimus,mahdollisentartunnanlähde		N	24	17
s-vesirokkovirus,iggvasta-aineet	miu/ml	A	25	25
s-vesirokkovirus,vasta-aineet		N	16	15
s-vete		N	89	84
s-viirype	u/ml	N	11	10
s-vilj3er	u/ml	N	14	13
s-vilj3er	u/ml	H	6	6
s-vilj3er		N	15	15
s-viljaer		N	6	6
s-viljaer	u/ml	N	7	7
s-viljaryhmä,igevasta-aineet	u/ml	N	15	15
s-virab		N	51	47
s-viseabg		A	147	108
s-viseabg	au/ml	A	25	22
s-viseabg		H	91	57
s-viseabg		N	80	73
s-viseabg,borreliaburgdorferinvise-proteiini,vasta-aineetigg		N	95	89
s-viseabg,borreliaburgdorferinvise-proteiini,vasta-aineetigg	au/ml	N	12	10
s-viseabg,borreliaburgdorferinvise-proteiini,vasta-aineetigg	au/ml	A	22	18
s-viseabm		A	154	113
s-viseabm		N	87	79
s-viseabm		H	76	47
s-viseabm	au/ml	A	15	11
s-viseabm,borreliaburgdorferinvisejaospcproteiinit,vasta-aineet	au/ml	A	8	7
s-viseabm,borreliaburgdorferinvisejaospcproteiinit,vasta-aineet	au/ml	N	9	8
s-viseabm,borreliaburgdorferinvisejaospcproteiinit,vasta-ainetigm		N	47	47
s-viseabm,borreliaburgdorferinvisejaospcproteiinit,vasta-ainetigm	au/ml	A	36	27
s-viseabm,borreliaburgdorferinvisejaospcproteiinit,vasta-ainetigm	au/ml	N	27	25
s-vldl-kolesteroli	mmol/l	N	265	244
s-vlseabg	au/ml	A	549	401
s-vlseabg		N	2410	2170
s-vlseabg	au/ml	H	559	420
s-vlseabg		A	141	109
s-vlseabg		H	260	195
s-vlseabg	au/ml	N	66	60
s-vlseabg,borreliaburgdorferinvlse-proteiini,vasta-aineetigg		N	21	17
s-vlseabm	au/ml	A	634	495
s-vlseabm		N	2116	1928
s-vlseabm	au/ml	H	502	408
s-vlseabm	au/ml	N	410	358
s-vlseabm		A	103	80
s-vlseabm		H	259	194
s-vlseabm,borreliaburgdorferinvlsejaospcproteiinit,vasta-aineetigm	au/ml	N	12	11
s-vlseabm,borreliaburgdorferinvlsejaospcproteiinit,vasta-aineetigm		N	9	9
s-vlseabm,borreliaburgdorferinvlsejaospcproteiinit,vasta-aineetigm	au/ml	A	10	7
s-vorikon	mg/l	H	10	10
s-vorikon	mg/l	N	64	26
s-vorikon		A	37	20
s-vorikon	mg/l	A	144	52
s-vorikon	mg/l	L	57	21
s-vpene	u/ml	A	9	8
s-vpene	u/ml	N	58	57
s-vpenige		N	17	17
s-vrab-o		N	103867	42656
s-vzv,iggvasta-aineet	miu/ml	A	9	9
s-vzv-abg	u/l	A	7	7
s-vzvab		N	1943	1837
s-vzvabg	index	N	496	468
s-vzvabg	miu/ml	H	102	100
s-vzvabg		H	52	50
s-vzvabg	eiu	N	767	742
s-vzvabg	iu/l	N	384	371
s-vzvabg		N	411	398
s-vzvabg	u/l	H	18	16
s-vzvabg		A	8	8
s-vzvabg	u/l	A	19	18
s-vzvabg	miu/ml	N	123	123
s-vzvabg	miu/ml	A	66	66
s-vzvabg	titre	N	9	9
s-vzvabm		N	1834	1730
s-vzvabm		A	47	42
s-vzvcf		N	8	8
s-w-h:a		N	207	202
s-w-h:b	titre	A	110	99
s-w-h:b	titre	N	14	14
s-w-h:b	titre	H	23	22
s-w-h:b		N	179	176
s-w-h:b		H	14	13
s-w-h:d	titre	A	56	46
s-w-h:d		N	197	193
s-w-h:d		A	6	6
s-w-h:d	titre	H	12	12
s-w-h:g.m		N	192	188
s-w-h:g.m	titre	A	36	31
s-w-h:g.m	titre	H	9	9
s-w-h:g.m	titre	N	7	7
s-w-h:i		N	177	173
s-w-h:i	titre	A	42	35
s-w-h:i	titre	H	17	16
s-w-h:i	titre	N	15	15
s-w-o6.7		N	195	192
s-w-o6.7	titre	A	8	8
s-w-o6.7	titre	H	9	6
s-w-o9.12		N	178	177
s-w-o9.12	titre	H	9	9
s-w-o9.12	titre	N	20	18
s-w-o9.12	titre	A	20	16
s-yee3aba		N	10	10
s-yee3abg		N	11	11
s-yee3abm		N	10	10
s-yee9aba		N	11	11
s-yee9abg		N	11	11
s-yee9abm		N	11	11
s-yep1aba		N	11	11
s-yep1abg		N	11	11
s-yep1abm		N	11	11
s-yep3aba		N	11	11
s-yep3abg		N	11	11
s-yep3abm		N	11	11
s-yer3ab	titre	N	99	96
s-yer3ab		N	317	305
s-yer3ab	titre	A	34	32
s-yer9ab		N	390	376
s-yer9ab	titre	A	40	34
s-yer9ab	titre	N	22	22
s-yer9ab	titre	H	19	19
s-yerp1ab		N	405	390
s-yerp1ab	titre	N	26	26
s-yerp3ab		N	393	379
s-yerp3ab	titre	N	38	36
s-yersab		N	371	360
s-yersab		A	9	9
s-yersaba		N	65	63
s-yersaba	responseequivalent	A	19	16
s-yersaba	responseequivalent	H	11	10
s-yersaba		A	13	12
s-yersaba	index	H	9	9
s-yersaba	ratio	A	12	9
s-yersabg	responseequivalent	H	23	21
s-yersabg		H	9	9
s-yersabg		N	55	54
s-yersabg	ratio	A	20	16
s-yersabg	iu/ml	A	10	10
s-yersabg	responseequivalent	A	39	32
s-yersabg	ratio	H	16	15
s-yersabg		A	20	17
s-yersabg	iu/ml	H	11	11
s-yersabl		N	28	26
s-yersinia,iga-vasta-aineet		N	61	57
s-yersinia,iga-vasta-aineet	ratio	A	12	12
s-yersinia,igg-vasta-aineet		N	44	43
s-yersinia,igg-vasta-aineet	ratio	A	29	24
s-yersinia,vasta-aineet,lausunto		N	73	71
s-yersinia,vasta-aineet,lausunto		A	18	16
s-yersiniaenterocolitica0:3va:t/yersiniava		N	8	8
s-yersiniaenterocolitica0:9va:t/yersiniava		N	10	10
s-yersiniaenterocoliticao:9,vasta-aineet		N	7	7
s-yersiniaenterocoliticao:9vasta-aineet		N	6	6
s-yersiniapseudotuberculosis1a,vasta-aineet		N	14	14
s-yersiniapseudotuberculosis3,vasta-aineet		N	13	13
s-ypstu1a		N	17	16
s-zn	umol/l	A	42	38
s-zn	umol/l	N	29	29
s-zn		N	8	8
s-znt8ab		N	9	9
s-zuklop	nmol/l	A	13	12
s-zuklop	nmol/l	N	40	18
s-äggvita		N	89	84
s-äit-seul		N	130	115
s-äit-seula		N	55	54
s-äitiseulanosatutkimus		N	20	10
s-äitiysneuvoloideninfektioseulontapaketti		N	39	37
s-äitiysneuvoloideninfektioseulontapaketti,osatutk.		N	55	51
s-äitiysneuvoloideninfektioseulontapaketti,otsikko		N	10	10
s-äitseul		N	5521	4666
sa-bio		N	44	37
sa-bio2		N	11	9
sa-korsol	nmol/l	N	374	235
sa-korsol	nmol/l	A	666	382
sa-korsol		N	117	97
sa-korsol	nmol/l	H	171	96
sa-korsol	nmol	N	27	23
sa-korsol	nmol	A	18	13
sa-korsol		A	63	45
sa-kortisoli	nmol/l	N	6	6
sae1		N	26	26
saksanpähkinä(f256),igevast		N	11	11
saksanpähkinä(ruoka-aine),igevasta-aineet	u/ml	N	30	29
salmnho		N	230	211
salmnho		A	25	23
salmonellaspp		N	12	12
salmonellaspp.		N	416	334
sapovirusnukleiinihappo		N	10	9
sappihapot	umol/l	H	48	19
sappihapot	umol/l	N	39	23
sappihapot	umol/l	A	56	19
sappihapot		N	7	7
sappihapot,seerumista,paastotilassa	umol/l	A	12	8
sapututkimusneuvolalletr1seulvarten		N	7	7
sars-cov-2-antigeenitesti,pikatesti		A	14	14
sars-cov-2antigenrapidtest,roche(sdbiosensor)(7905,-cv19ag5)		N	13	13
sclerodermavasta-aineet	u/ml	N	29	24
sclerodermavasta-aineet		N	12	12
se-amyl	u/l	N	23	13
se-amyl		N	16	15
se-erytrosyytit		N	21	9
se-glukoosi	mmol/l	N	14	7
se-k	mmol/l	N	7	7
se-krea	umol/l	N	7	7
se-kreatiniini	umol/l	N	22	10
se-leuk	e6/l	N	23	11
se-leukosyyttienerittelylaskenta,(mikrosk.)		N	11	8
se-likvo-o		N	13	12
se-na	mmol/l	N	7	7
se-prot		N	13	12
se-prot	g/l	N	47	35
se-solut		N	23	11
se-trigly	mmol/l	N	49	36
se-urea	mmol/l	N	20	8
se-virts-o		N	6	6
seerumi		N	19	19
seeruminhappamuusaste		N	2117	1630
seeruminkokonais-iga-pitoisuusphadiaprimella		N	961	920
seerumisilmätippojennäytteenottoja-käsittely		N	44	12
seksivälitteisetmikrobit,nukleiinihapp(kval)		N	12	12
seksivälitteisetmikrobit,nukleiinihappo(kval)		N	38	35
seleenikokoveren	umol/l	N	350	281
seltyö(ko)		N	33	31
sentromeeri(cnpb),vasta-aineet		N	17	16
sentromeeri,vasta-aineet		N	29	27
sentromeeri,vasta-aineet	u/ml	N	7	6
seulontapsa		N	6	6
sh/eiecnho		N	232	212
shepatiitticvirus,antigeenijavasta-aineet,yhdistelmätutkimus		N	14	9
shigella/eiec(enteroinvasiivinene.coli)		N	430	346
sieni,viljely		N	180	158
sieni,viljely		A	31	28
sieni,viljely(syvänäyte)		A	44	30
sieni,viljely,pinta		N	8	8
sieni,viljelyjanatiivi		A	61	54
sieni,viljelyjanatiivi		N	21	21
sieni,värjäys		N	26	25
sieni,värjäys(-sienvr)		N	27	27
sieni,värjäys(2632-sienvr)		N	33	32
sieniviljely		A	10	9
sienvi		A	301	252
sikiönkehityshäiriöidenseuranta,1.trimesteri,hormonit		N	60	60
sikiönrhd-veriryhmäsuojaustavarten,verestä␤		A	16	14
sindabemagglutinaationinhibitio-menetelmällä		N	8	8
sinkki	umol/l	N	27	26
sinkkipunasoluista	umol/l	N	46	44
sitruliinipeptidi,vasta-aineet	u/ml	N	351	345
sitruliinipeptidi,vasta-aineet	u/ml	H	9	9
sitruliinipeptidi,vasta-aineet		H	8	8
sitrulliinipeptidi,vasta-aineet	u/ml	N	69	68
sitrulliinipeptidi,vasta-aineet		A	27	26
sitrulliinipeptidi,vasta-aineet	u/ml	A	26	24
sitrulliinipeptidi,vasta-aineet,seerumista␤		A	15	15
sitrulliinipeptidi,vasta-aineet,seerumista␤	u/ml	A	23	22
sjukhus		N	696	230
sjögreninsyndroomaa(ro),vasta-aineet(s-ssaab)		N	90	86
sjögreninsyndroomab(la),vasta-aineet(s-ssbab)		N	93	88
sk-ihottumanäytteenhistologinentutkimu		N	12	10
sk-ihottumanäytteenhistologinentutkimus		A	17	17
sk-kromos		N	30	30
sk-mohs		AA	26	26
sk-mohs		N	9	8
sk-pad-if		N	619	570
sk-padihot		N	2462	2196
sk-padihot		AA	203	185
sk-padihot		A	78	70
sk-sien-vi		A	45	42
sk-sieni,viljely		A	247	216
sk-sieni,viljely		N	13	12
sk-sieni,viljely(iho,kynsi,hius)		N	19	17
sk-sieni,viljely(iho,kynsi,hius)(ko)		N	13	12
sk-sieni,viljely(pintanäyte)		A	146	127
sk-sieni,viljely(pintasieni)		N	15	15
sk-sienivi		N	145	127
sk-sienvi		N	6273	5345
sk-sienvi		A	8516	7279
skleroderma70,vasta-aineet(s-scl70ab)		N	64	63
slco1b1-geeninc.521t>cvariaa		N	8	8
slco1b1-geeninnukleotidivariaatiot,dna-tutkimus		N	75	73
sm(smith),vasta-aineet(s-smab)		N	89	85
sm(smith),vasta-aineet(s-smab)	u/ml	N	7	6
smkomp-1	g/l	N	22	22
smkomp-1	g/l	H	11	8
smycoplasmapneumoniae,abgvasta-aineet	eiu	A	23	20
snabb-crp		N	1159	498
snabb-crp		A	990	391
snabb-inr	inr	N	6282	104
snabbcrp		N	71	43
snabbsvalg		N	16	14
so-b-cd19	%	N	7	7
so-nk	%	N	7	7
so-t-cd3	%	N	68	53
so-t-cd4	%	N	68	53
so-t-cd4/8		N	7	7
so-t-cd8	%	N	68	53
soijae		N	9	7
soijae	u/ml	A	10	10
soijapapu		A	7	7
soijapapujakomponentit(f14),igevasta-aineet		N	16	16
solujenmorfologinentarkastelu,lausunto		N	10	9
solut		N	45	45
solut,nivelneste	e6/l	A	320	241
solut,selkäydinneste		N	12	11
solut,virtsa		N	53	44
sp-anald		N	18	15
sp-liik.pr	%	A	11	9
sp-pakd		N	71	13
sp-pesud		N	76	17
sp-pr+np	%	A	10	8
sp-s.yht	e6	A	8	7
sp-siitt.	e6/ml	A	10	7
sp-siittiö		N	10	10
sp-suld		N	170	66
spirmvv		N	11	11
spiro		N	6	6
spirom		L	18	18
spirom		N	105	96
spiromd		N	193	172
spirometria,tavall.dyn.aikatilavuusmittaus		N	108	105
spirometriabronkodilataatio		N	7	7
sprkiirlis		N	658	371
sprneuvola		N	20	12
sprv,yhteenvetolausunto,neuvolanäytteet		N	26	22
sprv-helau		N	9	9
sprv-ktlau		N	32	32
sprv-laus		N	605	411
sprv-lelau		N	2495	746
sprxkoe1		N	71	57
sprxkoe5		N	11	10
srp		N	26	26
sshbg	nmol/l	N	17	12
stachybotrysatraige	u/ml	N	15	15
standardqcovid-19ag,sdbionsensorinc		N	19	18
staphylococcusaureus-viljely,nenästä␤		A	25	24
stearidonihappo	%	N	288	234
stearidonihappo		N	29	28
steariinihappo	%	N	315	255
sterpapikatesti		N	153	136
sthlm3-score	%	H	12	12
sthlm3-score	%	N	10	10
straag-o		A	57	55
strbvieri		A	28	27
strepa		N	167	108
strepa-pika		N	13	11
strepa-pikatesti,tth		N	115	84
strepa-pikatesti,tth		NEG	21	19
streptoc.		N	74	58
streptococcus,jatkoviljely		N	11	11
streptococcus,jatkoviljely(4167-strjvi)		N	9	9
streptococcus,viljely(hemolyytt.streptokokit)		N	61	54
streptococcus,viljely,nielusta		A	7	7
streptococcusagalactiae(b),nukleiinihaponosoitus,fluori,vieritesti		A	34	33
streptococcusagalactiae(b),nukleiinihappo(kval),likvori		N	12	11
streptococcusagalactiae(b),viljelyemätineritteestä		A	10	10
streptococcuspneumoniae,antigeeninosoitus,virtsasta␤		A	6	6
streptococcuspneumoniae,nukleiinihappo(kval)		A	11	11
streptococcuspneumoniae,nukleiinihappo(kval)		N	64	44
streptococcuspneumoniae,nukleiinihappo(kval),likvori		N	11	10
streptococcuspneumoniaenukleiinihappo(kval)		N	42	42
streptococcuspyogenes(a),antigeeni,nielueritteestä␤		A	21	19
streptococcuspyogenes(a),nukleiinihappo-osoitus		A	10	9
streptococcuspyogenes(a),nukleiinihappo-osoitus		N	8	8
streptococcuspyogenes(a),osoituskoe		N	298	275
streptococcuspyogenes(a),osoituskoe		A	16	16
streptokokki,viljely,nielueritteestä␤		A	47	43
streptokokkia		N	51	44
streptokokkiapikaviljely		N	18	11
streptokokkiviljely		N	9	9
suhteellinentiheys		N	147	102
suhteellinentiheys		A	25	17
suhteellinentiheys(kval)		N	246	191
suhteellinentiheys(kval)		A	60	53
suhteellinentiheys,virtsasta,osatutk.		A	41	36
sukupuolihormonejasitovaglobuliini	nmol/l	N	164	104
sukupuolihormonejasitovaglobuliini	nmol/l	A	14	8
suolis-is	u/l	A	212	193
suolis-is		A	15	14
suolistoisoentsyymi	u/l	A	14	13
suolistoisoentsyymi	u/l	N	27	27
suolistoisoentsyymi		N	11	11
suppealeikkausnäyte,kudosnos		A	32	28
suupatologinenpad-tutkimus		N	35	34
svalgodl.		N	29	27
sw-cl	mmol/l	A	12	9
sy-alitsariini-värjäys		N	14	13
sy-bakteeri,värjäys		N	69	63
sy-diffi		N	2810	2047
sy-diffi	granos	A	11	10
sy-eos	%	N	6	6
sy-eryt	e6/l	A	1056	817
sy-eryt	e6/l	N	68	65
sy-eryt	e6/l	HH	228	199
sy-eryt		N	153	128
sy-eryt	e6/l	H	394	332
sy-eryt		H	59	56
sy-eryt		HH	71	67
sy-eryt		A	37	36
sy-erytrosyytit		N	11	11
sy-erytrosyytit	e6/l	A	11	10
sy-erytrosyytit	e6/l	N	15	14
sy-gluk	mmol/l	A	9	9
sy-gran	%	A	532	379
sy-gran		A	82	73
sy-gran		N	14	14
sy-gran	%	H	30	28
sy-gran	%	N	8	8
sy-kide-o		N	2091	1689
sy-kide-o		A	507	428
sy-kiteet(kval)		N	58	55
sy-kiteet(kval)		A	19	19
sy-l/liusk		N	23	22
sy-l/liusk	%	A	45	40
sy-l/yksit		N	23	22
sy-l/yksit	%	A	45	40
sy-laktaat		N	35	29
sy-laktaat	mmol/l	A	199	167
sy-laktaat		A	18	18
sy-leuk	e6/l	N	2713	1976
sy-leuk	e6/l	A	4547	2776
sy-leuk		N	285	260
sy-leuk	e6/l	H	247	219
sy-leuk		A	551	459
sy-leuk	e9/l	A	14	13
sy-leukosyytit,erittelylaskenta		N	12	12
sy-leukosyytit,liuskatumaiset	%	A	59	52
sy-leukosyytit,liuskatumaiset	%	H	17	15
sy-leukosyytit,muut	%	N	9	9
sy-leukosyytit,yksitumaiset	%	A	59	52
sy-leukosyytit,yksitumaiset	%	L	17	15
sy-liuskat	%	A	50	43
sy-liuskat		A	17	16
sy-ly		N	14	14
sy-ly	%	N	17	17
sy-ly+mono	%	N	7	7
sy-monon	%	A	129	104
sy-mononuk	%	N	12	11
sy-mononuk		N	11	11
sy-mononukleaarisetleukosyytit,nivelnesteestä	%	N	7	7
sy-mononukleaarisetsolut	%	N	18	17
sy-mononukleaarisetvalkosolut	%	N	113	97
sy-mononukleaarisetvalkosolut		N	14	12
sy-muutsol		N	10	10
sy-neut	%	A	211	106
sy-neut	%	N	8	8
sy-neut+eo	%	A	624	423
sy-neut+eo	%	N	13	12
sy-neut+eo		A	64	58
sy-neut-eo		N	8	8
sy-neutrofiilit	%	N	8	8
sy-neutrofiilit,nivelnesteestä	%	H	36	28
sy-neutrofiilitjaeosinofiilit	%	N	12	11
sy-perust		N	25	25
sy-perustutkimus		N	13	13
sy-polymorfologisetleukosyytit,nivelnesteestä	%	N	7	7
sy-polymorfonukleaarisetvalkosolut	%	N	116	99
sy-polymorfonukleaarisetvalkosolut		N	15	13
sy-prot	g/l	A	636	540
sy-prot		N	120	98
sy-prot	g/l	H	20	19
sy-prot		H	8	8
sy-prot	g/l	N	9	9
sy-prot		A	77	70
sy-sameus		A	331	184
sy-sameus		N	9	9
sy-sameus,nivelnesteestä		A	48	35
sy-solut		N	3015	2172
sy-solut	e6/l	A	1374	872
sy-solut	e6/l	N	112	103
sy-solut		A	114	105
sy-solut		H	6	6
sy-syto		N	9	9
sy-ulkonäkö(kval)		N	6	6
sy-unäkö-0		N	24	24
sy-unäkö-n		N	26	24
sy-unäkö-o		N	2710	1920
sy-väri		N	9	9
sydän-javerisuonitautiriski		N	2373	2365
sydän-javerisuonitautiriski		A	946	938
sydäninfarktiriski		N	2788	2777
sydäninfarktiriski		A	535	529
syntest		N	39	38
sytokromip4502c19,cyp2c19-g		N	8	8
sytokromip4502d6variaatioid		N	8	8
sähkönjohtokyky,virtsasta	mosm/kgh2o	N	12	9
t-auttajasolujenosuus(määritettynäcd3+cd4+soluina)	%	A	380	155
t-auttajasolujenosuus(määritettynäcd3+cd4+soluina)	%	N	285	222
t-auttajasolujenosuus(määritettynäcd3+cd4+soluista)	%	A	20	12
t-estäjäsolujenosuus(määritettynäcd3+cd8+soluina)	%	N	388	256
t-estäjäsolujenosuus(määritettynäcd3+cd8+soluina)	%	A	277	122
t-estäjäsolujenosuus(määritettynäcd3+cd8+soluista)	%	A	12	8
t-lymfosyytit(auttaja,cd4)		N	15	14
t-lymfosyytit(kaikki,cd3)		N	15	14
t-lymfosyytit(tappaja,cd8)		N	15	14
t-solujenosuus	%	A	382	208
t-solujenosuus	%	N	313	205
t18-riski		N	88	80
tau-proteiini,217-fosforyloitu	ng/l	H	14	14
tau-proteiini,217-fosforyloitu	ng/l	A	9	9
tb1		A	104	92
tb1	iu/ml	A	121	106
tb1antigen-putki		N	619	593
tb1antigen-putki	iu/ml	A	22	19
tb2		A	113	98
tb2	iu/ml	A	130	113
tb2antigen-putki		N	621	595
tb2antigen-putki	iu/ml	A	20	17
tcm-cd4	%	A	18	15
tcm-cd4		A	7	6
tcm-cd8	%	A	15	14
tcra/b+,cd3+,cd4-,cd8-dnt-solut	%	N	9	8
tcrg/d-cd3	%	A	11	8
tem-cd4	%	A	12	12
temra-cd4	%	A	15	13
temra-cd8		A	7	7
terveelläsydämellätöihinprojekti		N	45	45
terveystarkastusseulontatutkimus		N	13	10
terveystarkeipaastoa		N	139	133
terveystarkpaasto		N	13	13
testo/shbg		A	244	193
testosteroni	nmol/l	N	199	131
testosteroni	nmol/l	A	49	42
testosteroni,herkkä	nmol/l	L	24	22
testosteroni,herkkä	nmol/l	N	70	58
testosteroni,osatutkimus	nmol/l	N	58	45
testosteroni,osatutkimus	nmol/l	A	17	15
testosteroni,vapaa	pmol/l	A	6	6
testosteroni,vapaa,las	pmol/l	N	10	9
testosteroni,vapaa,laskettu	pmol/l	N	21	16
testosteroni,vapaa,laskettu,herkkämenetelmä	pmol/l	N	11	11
testosteroni,vapaa,prosentti	%	N	9	7
testosteroni,vapaalask	pmol/l	N	757	616
testosteroni,vapaalask	pmol/l	L	137	121
testosteroni,vapaalask	pmol/l	H	19	17
testosteroni,vapaalaskettu	pmol/l	N	375	233
testosteroni,vapaalaskettu	pmol/l	A	161	121
testosteroni,vapaalaskettu		N	90	59
testosteroni,vapaalaskettu(2736s-testovl)		N	17	17
testosteroni,vapaalaskettu(6451s-testovl)		N	13	11
testosteroni,vapaalaskettu(s-testovl)		N	100	57
testovl	pmol/l	N	7	7
tif1y		N	26	26
tilaatämähepatiittic-virus,vasta-aineet,osoitus␤		A	7	6
tilavuus,keräysvirtsa	ml	N	70	52
tilavuus,vuorokausivirtsa	ml	N	12	11
timeintherapeuticrange(sis.inr:n)		N	371	134
timeintherapeuticrange(sis.inr:n)	%	N	1032	80
timotee	u/ml	A	142	128
timotee		A	23	22
timotee	u/ml	N	8	8
timotee		N	25	24
timotei		A	204	195
timotei	u/ml	A	212	204
timotei		N	12	12
timoteinsiitepöly(g6),ige-vasta-aineet	u/ml	A	37	37
tnipika	ug/l	A	10	8
toinenlisälausuntoilmanlaboratoriotyötä		A	49	47
tpmt-geeninnukleotidivariaatiot,dna-tutkimus		N	75	73
transf-sat	%	A	504	314
transf-sat		A	12	12
transferiininrautakyllästeisyys,seerumista,paastotilassa	osuus	A	67	53
transferiininrautakyllästeisyys,seerumista,paastotilassa		A	23	21
transferiininrautakyllästeisyys,seerumista,paastotilassa	paketti	N	16	14
transferiininrautakyllästeisyys,seerumista,paastotilassa		L	30	25
transferiininrautakyllästeisyys,seerumista,paastotilassa		H	8	7
transferriini	g/l	N	174	140
transferriini	g/l	H	9	9
transferriini	g/l	L	27	17
transferriini(4567fp-transf)	g/l	N	32	25
transferriini(fp-transf)	g/l	N	24	21
transferriini(transf)	g/l	N	19	13
transferriini,rautakyllästeisyys	paketti	N	90	79
transferriininrautakyllästeisyys	%	A	255	218
transferriininrautakyllästeisyys	%	N	119	101
transferriininrautakyllästeisyys(4606-trfesat)	%	N	6	6
transferriininrautakyllästeisyys(fp-)	%	N	438	361
transferriininrautakyllästeisyys(fp-)	%	A	158	135
transferriininrautakyllästeisyys(fp-)		N	14	14
transferriininrautakyllästeisyys(fp-trfesat)	%	N	15	14
transferriininrautakyllästeisyys(trfesat)	%	N	16	12
transferriininrautakyllästeisyys,osatutkimus	1	N	12	9
transferriininrautakyllästeisyys␤	%	A	448	313
transferriinirautakyllästeisyys	%	N	166	109
transferriinirautakyllästeisyys	%	L	59	50
transferriinirautakyllästeisyys	%	H	8	8
transferriinireseptori,liukoinen	mg/l	N	171	135
transferriinireseptori,liukoinen	mg/l	A	25	20
transferriinireseptori,liukoinen		N	8	8
transferriinireseptori,liukoinen(4720p-tfr)	mg/l	N	20	18
transferriinireseptori,liukoinen(p-tfr)	mg/l	N	18	15
transferriinireseptori,liukoinen(tfr)	mg/l	N	8	8
transferriinireseptori,liukoinen(tfr)	mg/l	A	9	6
transferriinireseptori,liukoinen,seerumista		N	16	13
transferriinireseptori,plasmasta	mg/l	N	21	20
transferriinireseptori,plasmasta	mg/l	H	16	16
transferriinisaturaatio	%	N	165	147
traponemapallidum,vasta-aineet		N	43	42
tregsolut(cd25hi,cd127lo,cd4+),osuuscd4+t-soluista	%	N	7	7
treponemapallidum,vasta-aineet		N	203	195
treponemapallidumv-aineet,äitseulosatutk.		N	10	10
trfesat	%	L	21	18
trfesat	%	N	52	37
trfesat	%	H	7	6
tri18risuh		N	4257	3758
trich.nat.		N	286	139
trichodermavirideige	u/ml	N	15	15
trichomonasvaginalis,nukleiinihappo(kval)		N	18	15
trichophytonmentagrophytes		N	36	35
trichophytonmentagrophytescomplex		N	152	147
trichophytonrubrum		N	27	27
trichophytonrubrum		A	21	20
trichophytonrubrum,nukleiinihappo(kval)		N	10	10
trichophytonrubrum,nukleiinihappo(kval)		A	22	22
trichophytonrubrumcomplex		N	91	89
trichophytonrubrumcomplex		A	65	62
trichophytonrubrumcomplex,nho		A	9	8
trichophytonrubrumnho		A	7	6
trichophytonspp.,nukleiinihappo(kval)		A	13	13
trichophytontonsurans		N	193	187
triglyseridit	mmol/l	A	803	709
triglyseridit	mmol/l	N	4906	4116
triglyseridit	mmol/l	H	957	817
triglyseridit		N	10	10
triglyseridit(4568trigly)/lipiditosatutkimus	mmol/l	N	39	39
triglyseridit(4568trigly)/lipiditosatutkimus	mmol/l	A	17	17
triglyseridit(trigly)/lipidit	mmol/l	N	2005	1466
triglyseridit(trigly)/lipidit	mmol/l	A	754	471
triglyseridit(trigly)/lipidit		N	20	15
triglyseridit(trigly)/lipiditosatutkimus	mmol/l	N	873	706
triglyseridit(trigly)/lipiditosatutkimus	mmol/l	A	312	235
triglyseridit,plasmasta	mmol/l	N	604	459
triglyseridit,plasmasta	mmol/l	A	111	92
triglyseridit,plasmasta,paastotilassa(fp-trigly)	mmol/l	N	2932	2139
triglyseridit,plasmasta,paastotilassa(fp-trigly)	mmol/l	A	589	467
triglyseridit/lipidit(4568trigly),osatutkimus	mmol/l	N	8	8
triglyseridit/lipidit,osatutkimus(4568trigly)	mmol/l	N	141	131
triglyseridit/lipidit,osatutkimus(4568trigly)	mmol/l	A	50	48
triglyseriditplasmasta,paastotila	mmol/l	N	1072	670
triglyseriditplasmasta,paastotila	mmol/l	A	218	148
triglyseriditplasmasta,paastotila(ko)	mmol/l	A	9	9
triglyseriditplasmasta,paastotila(ko)	mmol/l	N	94	91
trijodityroniini,vapaa	pmol/l	A	18	17
trijodityroniini,vapaa	pmol/l	N	102	82
trijodityroniini,vapaa(t3v)	pmol/l	N	437	292
trijodityroniini,vapaa(t3v)	pmol/l	A	22	20
trijodityroniini,vapaa(t3v)		N	6	6
trijodityroniini,vapaa,plasmasta	pmol/l	N	47	41
trijodityroniini,vapaa,verta	pmol/l	N	14	14
trik-od		N	384	178
trim		A	17	13
trimetopri		N	930	326
trisyklisetantidepressantit(kval)		N	36	34
trombiiniaika,hus	s	N	14	14
trombiiniaika,plasma	s	N	6	6
tromboplastiiniaika	%	N	7	7
tromboplastiiniaika	%	A	32	29
tromboplastiiniaika		A	11	9
tromboplastiiniaika,aktivoitu	s	A	8	8
tromboplastiiniaika,aktivoitu	s	N	7	7
tromboplastiiniaika,aktivoitu,partiaalinen,plasma	s	A	77	52
tromboplastiiniaika,aktivoitu,partiaalinen.plasma	s	A	51	41
tromboplastiiniaika,aktivoitu,partiaalinen.plasma	s	H	57	39
tromboplastiiniaika,aktivoitu,partiaalinen.plasma	s	N	13	10
tromboplastiiniaika,hus	%	A	8	8
tromboplastiiniaika,hus	%	N	15	14
tromboplastiiniaika,inr-tulos	inr	A	2355	142
tromboplastiiniaika,inr-tulos	inr	N	61	49
tromboplastiiniaika,inr-tulos		N	94	33
tromboplastiiniaika,inr-tulostu	inr	A	485	36
tromboplastiiniaika,inr-tulostu	inr	N	9	8
tromboplastiiniaika,inr-tulostus	inr	A	6476	629
tromboplastiiniaika,inr-tulostus	inr	N	24	24
tromboplastiiniaika,inr-tulostus		A	7	7
tromboplastiiniaika,inr-tulostus,laaduntarkkailu	inr	A	127	32
tromboplastiiniaika,inr-tulostus,pikatutkimus	inr	L	41	38
tromboplastiiniaika,inr-tulostus,plasma	inr	A	3086	376
tromboplastiiniaika,inr-tulostus,plasma	inr	N	49	43
tromboplastiiniaika,inr-tulostus,plasma	inr	H	3068	389
tromboplastiiniaika,inr-tulostus,plasma	inr	L	31	25
tromboplastiiniaika,inr-tulostus,plasma		A	16	15
tromboplastiiniaika,inr-tulostus,plasmasta		H	34	15
tromboplastiiniaika,inr-tulostus,plasmasta		A	679	316
tromboplastiiniaika,inr-tulostus,plasmasta		L	74	49
tromboplastiiniaika,inr-tulostus,plasmasta␤	inr	A	9961	3442
tromboplastiiniaika,inr-tulostus,plasmasta␤		A	28	20
tromboplastiiniaika,inr-tulostus,vieritutkimus	inr	L	8	7
tromboplastiiniaika,pikamääritys,plasmasta␤	inr	A	17	17
tromboplastiiniaika,pikatesti	inr	N	69	66
tromboplastiiniaika,pikatesti	inr	A	9	9
tromboplastiiniaika,pikatesti,veri	inr	A	16	16
tromboplastiiniaika,plasma	%	A	154	119
tromboplastiiniaika,plasma	%	H	17	12
tromboplastiiniaika,plasma	%	L	13	11
tromboplastiiniaika,plasma		A	20	17
tromboplastiiniaika,plasma	%	N	19	19
tromboplastiiniaika,plasmasta	%	A	20	11
trombosyytit	e9/l	N	3687	2399
trombosyytit	e9/l	A	2785	1003
trombosyytit		N	19	15
trombosyytit(b-tromb)	e9/l	N	60	52
trombosyytit,pvkosatutkimus	e9/l	N	77	45
trombosyytit,sitraattiveri	e9/l	N	11	6
trombosyytit,sitraattiveri	e9/l	A	80	33
trombosyytit,sitraattiveri	e9/l	L	11	7
trombosyytit,verestä,pikatesti	e9/l	A	11	9
trombosyytit/pvk	e9/l	N	6570	2946
trombosyytit/pvk	e9/l	A	719	354
trombosyytit/pvk		N	31	22
trop-t		N	372	248
trop-t	ng/l	A	52	37
troponiini	ng/l	H	731	493
troponiini	ng/l	N	857	703
troponiini		N	150	136
troponiini,pikatesti,veri	ng/l	A	11	9
troponiinii	ng/l	A	13	9
troponiinii,plasmasta	ng/l	A	54	23
troponiinii,plasmasta		N	6	6
troponiinimääritys,tk:ntekemä		N	35	34
troponiinipikatesti		N	24	22
troponiinit	ng/l	A	2949	1388
troponiinit	ng/l	N	33	31
troponiinit		N	10	10
troponiinit(4532p-tnt)	ng/l	N	23	22
troponiinit(4532p-tnt)		N	16	15
troponiinit(p-tnt)		N	34	31
troponiinit(p-tnt)	ng/l	N	28	27
troponiinit(pikatesti)		N	41	40
troponiinit(pikatesti)(4464b-tnt-o)		N	17	16
troponiinit(pikatesti)(b-tnt-o)		N	57	50
troponiinit,kvalitatiivinen,verestä	ng/l	A	15	9
troponiinit,pika		N	40	25
troponiinit,pikatesti,veri		N	19	17
troponiinit,pikatesti,veri	ng/l	A	32	30
troponiinit,pikatesti,veri(23281b-tnt-pt)		N	50	47
troponiinit,pikatutkimus,plasmasta		N	15	13
troponiinit,plasma	ng/l	H	1834	652
troponiinit,plasma	ng/l	A	1704	639
troponiinit,plasmasta	ng/l	H	618	282
troponiinit,plasmasta	ng/l	A	27	26
troponiinit,plasmasta		N	14	14
troponiinit,plasmasta	ng/l	N	16	14
troponiinit,verestävieritestinä		N	7	7
troponiinit,vieritutkimus,plasmasta		N	23	21
tryptaasi	ug/l	N	33	29
tryptaasi	ug/l	A	34	22
ts-aa-o		N	35	34
ts-abortti		N	53	53
ts-aches-o		N	8	7
ts-amyl-au		N	10	10
ts-brcamut		N	389	338
ts-brovmut		N	15	14
ts-ca1mut		N	696	607
ts-cc		N	280	254
ts-colonoskopianäytteidenhistologinentutkimus		A	17	17
ts-colotk		N	84	81
ts-colseul		N	533	531
ts-colseul		AA	191	191
ts-colseul		A	14	14
ts-digoks		N	20	19
ts-dnamet		N	8	8
ts-egfpika		N	8	8
ts-egfrish		N	13	13
ts-elektronimikrosk.tutk.edeltävämuovil.valomikrosk.tutkimus		N	15	15
ts-em-ko3		N	28	27
ts-em-valu		N	6	6
ts-ertutk		A	9	9
ts-exseq-d		N	7	7
ts-fish		N	60	58
ts-fishvar		N	9	9
ts-fnab		N	1390	1232
ts-fnab		AA	392	375
ts-fnab		A	65	64
ts-gas1-tk		N	108	106
ts-gastroskopianäytteidenhistologinentutkimus		N	8	8
ts-gastroskopianäytteidenhistologinentutkimus		A	18	18
ts-gasttk		N	82	78
ts-geneseq		N	29	29
ts-hemafc		N	87	86
ts-hemafc		AA	19	19
ts-hemfuus		N	12	12
ts-hepyvi		A	234	225
ts-hepyvi		N	344	340
ts-her2ish		N	419	391
ts-her2ish		AA	200	192
ts-her2ish		A	34	33
ts-hercish		N	12	12
ts-histologinentutkimus,1-3näytettä		N	554	376
ts-histologinentutkimus,suppealeikkausparam		N	23	20
ts-hnpccih		A	25	23
ts-hnpccih		AA	640	618
ts-hnpccih		N	84	83
ts-hrd-d		N	89	87
ts-hs1mut		N	87	69
ts-igh-d		N	43	41
ts-ihpika,pikaleikkeenimmunohistokemiallinentutkimus		N	10	10
ts-kiire		A	243	211
ts-kohdunlimakalvonhistologisenmateriaalintutkimus		N	37	37
ts-kolonoskopianäyte,suolisto-syöpäseulonta		N	81	79
ts-kolonoskopianäyte,suolistosyöpäseulonta		A	17	17
ts-kolonoskopianäytteidenhistologinentutkimus		N	7	7
ts-kolonoskopianäytteidenhistologinentutkimus␤		A	53	50
ts-kolposkopianäytteidenhistologinentutkimus		A	66	55
ts-kromhem		N	17	15
ts-kudoksenhistologinentutkimus,laajaleikkauspreparaatti		A	62	57
ts-kudoksenhistologinentutkimus,suppealeikkauspreparaatti		A	35	34
ts-kudosnäyte,histologinenerikoisvärjäys		N	15	14
ts-kudosnäyte,immunohistokemiallinentutkimus		A	48	42
ts-kudosnäyte,immunohistokemiallinentutkimus		N	30	29
ts-kudosnäytt.histolog.tutk.suppealeikk.prep.		N	7	7
ts-kudosnäytteenhistolog.tutk.1-3näyt		N	70	35
ts-kudosnäytteenhistologinenerikois-/lisävärjäys		N	281	272
ts-kudosnäytteenhistologinentutkimus		N	6	6
ts-kudosnäytteenhistologinentutkimus,1-3erit.näytettä		A	16	15
ts-kudosnäytteenhistologinentutkimus,1-3eriteltyäpientänäytettä		N	21	21
ts-kudosnäytteenhistologinentutkimus,laajaleik		A	248	219
ts-kudosnäytteenhistologinentutkimus,laajaleikkausprepar␤aatti		A	9	9
ts-kudosnäytteenhistologinentutkimus,pieni		A	336	275
ts-kudosnäytteenhistologinentutkimus,pienikudosnäyte		A	316	271
ts-kudosnäytteenhistologinentutkimus,suppealei		N	32	30
ts-kudosnäytteenhistologinentutkimus,suppealeikkauspreparaatti		A	25	25
ts-kudosnäytteenhistologinentutkimus,suppeaprepar		A	65	58
ts-kudospankkinäyte		N	33	32
ts-laktaas	u/gprot	A	15	15
ts-lisähis		N	134	133
ts-lisähis		AA	165	160
ts-makon-d		N	98	84
ts-maltaas	u/gprot	A	13	13
ts-mgmtmet		N	84	84
ts-mksyn		N	58	57
ts-mrdmut		N	35	34
ts-msipika		AA	15	15
ts-myelmut		N	40	37
ts-ngsmmt2		N	8	7
ts-ngspmt1		N	6	6
ts-ngssca1		A	20	19
ts-ngsshs1		N	157	137
ts-nt1mut		N	65	65
ts-näytker		N	184	184
ts-ohutneulatutkimus		N	16	16
ts-pad-0		N	245	236
ts-pad-0		AA	285	273
ts-pad-0-u		N	9	9
ts-pad-1		N	24457	19712
ts-pad-1		A	2112	1766
ts-pad-1		AA	7156	5308
ts-pad-1	form	N	14	13
ts-pad-1tk		N	145	126
ts-pad-1tk		A	40	36
ts-pad-1tu		N	83	81
ts-pad-1tu		AA	41	41
ts-pad-2		N	381	362
ts-pad-2		AA	208	191
ts-pad-2		A	14	13
ts-pad-2tu		AA	24	22
ts-pad-2tu		N	8	8
ts-pad-3		N	12846	11215
ts-pad-3		A	789	716
ts-pad-3		AA	4694	3743
ts-pad-3tu		N	238	214
ts-pad-3tu		AA	114	111
ts-pad-4		N	6185	5591
ts-pad-4		AA	3600	3230
ts-pad-4		A	611	527
ts-pad-4tu		N	1004	894
ts-pad-4tu		AA	434	413
ts-pad-5		AA	1245	1173
ts-pad-5		N	778	705
ts-pad-5		A	8	8
ts-pad-5tu		N	890	868
ts-pad-5tu		AA	2670	2532
ts-pad-5tu		A	35	34
ts-pad-bio		N	2343	2279
ts-pad-ev		N	524	499
ts-pad-ev		AA	92	89
ts-pad-if		N	9	9
ts-pad-ih		N	3077	2668
ts-pad-ih		AA	2920	2603
ts-pad-ih		A	671	561
ts-pad-ih2		A	34	32
ts-pad-ih2		N	16	15
ts-pad-ish		N	196	177
ts-pad-ish		AA	258	237
ts-pad-ish		A	17	15
ts-pad-pnb		AA	841	780
ts-pad-pnb		N	978	906
ts-pad-pnb		A	100	96
ts-pad-tk		A	533	459
ts-pad-tk		N	660	619
ts-pad-tk		AA	132	127
ts-pad4-hn		AA	193	174
ts-pad4-hn		N	84	84
ts-padbrea		N	1242	1107
ts-padbrea		AA	1019	911
ts-padbrea		A	123	119
ts-padbrearinnanpaksuneulabiopsianhistologinentutkimus		N	8	8
ts-padcns		N	35	31
ts-padcolo		N	11263	9530
ts-padcolo		AA	1615	1397
ts-padcolo		A	249	240
ts-padendo		N	1787	1672
ts-padendo		AA	112	106
ts-padendo		A	21	21
ts-padgas2		N	283	275
ts-padgas2		AA	25	24
ts-padgast		AA	523	423
ts-padgast		N	9839	8913
ts-padgast		A	89	80
ts-padkolp		N	1049	989
ts-padkolp		AA	1082	927
ts-padkolp		A	80	72
ts-padlis1		N	23	22
ts-padpika		N	1354	1169
ts-padpika		AA	678	619
ts-padpika		A	24	24
ts-padpros		AA	1513	1370
ts-padpros		N	338	321
ts-padpros		A	362	347
ts-padtria		N	52	49
ts-paksuneulabiopsianhistologinentutkimus		A	29	28
ts-paksuneulabiopsianhistologinentutkimus		N	8	7
ts-panel-l		N	363	274
ts-panel-m		N	8	8
ts-panel-s		N	8	8
ts-patlask		N	99	92
ts-pika2		N	12	12
ts-pika3		N	9	9
ts-polemut		N	17	17
ts-prostatabiopsianhistologinentutkimus		A	108	106
ts-resepto		A	74	70
ts-rinnanpaksuneulabiopsianhistologinentutkimus		A	32	27
ts-rinnanpaksuneulabiopsianhistologinentutkimus␤		A	15	12
ts-rintasyövänennustekijätutkimus		N	52	50
ts-rnafuus		A	7	6
ts-sakraas	u/gprot	A	14	14
ts-sarfuus		N	14	13
ts-sekvy-d		N	38	31
ts-tcr-d		N	25	23
ts-tcrg-d		N	67	56
ts-terveyskeskuksenhistologinentutkimus		N	17	13
ts-tmrfuus		N	120	114
ts-trinho		N	71	70
ts-vgh-ml		N	75	75
ts-vmmut		N	20	14
ts-yksinkertainenhistologinentutkimus		N	120	105
ts-yksinkertainenhistologinentutkimus(perusterv		N	186	169
ts-yksinkertainenhistologinentutkimus(perusterveydenhuolto)		N	70	65
tsh-reseptori,vasta-aineet	iu/l	A	33	30
tth-pika-raskaustestihcg		N	10	10
tth-tnt-pikatesti		N	27	27
tthp-crp+hb		N	64	58
tuma,liukoisetantigeenit(ena),vasta-aineet	u/ml	N	26	26
tuma,liukoisetantigeenit,vasta-aineet		N	42	41
tuma,liukoisetantigeenit,vasta-aineet(osatutkimus)		N	17	16
tuma,vasta-aineet		N	24	24
tuma,vasta-aineet,tyypitys,seerumista␤		A	26	25
tumavasta-aineet(2819s-ana)		N	21	21
tumavasta-aineet(ana)		N	14	14
tumavasta-aineet(s-ana)		N	20	20
tumavasta-aineet(s-anaab)		N	6	6
tyreoglobuliini,seerumista	ug/l	A	6	6
tyreoglobuliini,vasta-aineet		N	8	8
tyreoideaperoksidaasi,vasta-aineet	u/ml	A	53	50
tyreoideaperoksidaasi,vasta-aineet		N	39	39
tyreoideaperoksidaasi,vasta-aineet		A	7	7
tyreoideaperoksidaasi,vasta-aineet	u/ml	N	10	10
tyreoideaperoksidaasi,vasta-aineet,plasma	u/ml	A	33	28
tyreoideaperoksidaasi,vasta-aineet,seerumi	u/ml	A	19	16
tyreoideaperoksidaasi,vasta-aineet,seerumi		N	7	7
tyreotropiini	mu/l	N	751	677
tyreotropiini		N	307	107
tyreotropiini	mu/l	A	101	91
tyreotropiini		A	15	15
tyreotropiini(tsh)		N	50	49
tyreotropiini(tsh)	mu/l	N	536	480
tyreotropiini(tsh)		A	10	8
tyreotropiini(tsh)	mu/l	A	78	57
tyreotropiini,elinvasta-aineristireaktio,seerumista	mu/l	N	39	19
tyreotropiini,plasmasta		N	50	40
tyreotropiini,plasmasta		A	16	7
tyreotropiini,plasmasta,erimenetelmällä	mu/l	A	35	31
tyreotropiini,plasmasta,erimenetelmällä		A	13	13
tyreotropiinirefleksointitutkimus		N	1372	1265
tyreotropiiniseerumista	mu/l	N	123	96
tyreotropiiniseerumista	mu/l	A	23	15
tyroideaperoksidaasi,vasta-aineet		A	18	16
tyroideaperoksidaasi,vasta-aineet	u/ml	A	186	150
tyroideaperoksidaasi,vasta-aineet		N	389	352
tyroideaperoksidaasi,vasta-aineet	u/ml	N	257	246
tyroideaperoksidaasiva(tpoab)	u/ml	N	10	10
tyroksiini,palsmasta		N	52	29
tyroksiini,vapaa	pmol/l	A	47	40
tyroksiini,vapaa	pmol/l	N	761	672
tyroksiini,vapaa		N	305	107
tyroksiini,vapaa(t4v)	pmol/l	N	748	571
tyroksiini,vapaa(t4v)	pmol/l	A	34	27
tyroksiini,vapaa(t4v)		N	48	44
tyroksiini,vapaa,plasmasta	pmol/l	N	144	94
tyroksiini,vapaa,vertailumen	pmol/l	N	39	38
tyroksiini,vapaaseerumista	pmol/l	N	93	73
tyypin2diabetesriski		A	916	910
tyypin2diabetesriski		N	2403	2392
työpaikanhuumeseulontajavarmistus,4yhdistettä		N	468	393
työpaikanhuumeseulontajavarmistus,7yhdistettä		N	263	222
työpaikanhuumetutkimus6a(amfetamiini,bentsodiatsepiinit,buprenorfiini,kannabis,kokaiini,opi		N	108	100
täydellinenverenkuva		N	1040	735
u-a1miglo	mg/l	H	131	97
u-a1miglo	mg/l	N	28	27
u-a1miglo	mg/l	A	113	69
u-a1miglo		N	37	27
u-a1mikre		H	66	44
u-a1mikre		N	40	25
u-al	umol/l	N	32	23
u-alb	mg/l	H	33351	11789
u-alb	mg/l	A	47674	15368
u-alb		N	32143	19793
u-alb	mg/l	N	35934	22145
u-alb		H	18	14
u-alb		A	567	285
u-alb		AA	11	11
u-alb-0		A	100	56
u-alb-lb	mg/l	A	22	15
u-alb-mi	mg/l	N	1299	703
u-alb-mi		N	542	412
u-alb-mi	mg/l	A	89	76
u-alb-o		A	38953	16224
u-alb-o		N	21563	10403
u-alb-o	estimate	N	7298	4691
u-alb-o	form	N	281	176
u-alb-o	estimate	A	6	6
u-alb/kre	g/mol	A	114	50
u-alb/kre	mg/mmol	N	261	227
u-alb/kre	mg/mmol	A	906	411
u-alb/kre		N	130	70
u-alb/kre		A	29	19
u-alb/kre	mg/mmol	L	10	7
u-alb/krea	mg/mmol	A	265	130
u-alb/krea	g/mol	A	40	14
u-alb/krea	mg/mmol	N	16	15
u-alb/krea		N	21	17
u-albkre	mg/mmol	H	29873	11262
u-albkre	mg/mmol	A	84572	23178
u-albkre		N	29655	19739
u-albkre	mg/mmol	N	45616	24064
u-albkre		A	671	368
u-albkre		H	20	12
u-albkre,osatutk4511	mg/mmol	N	15	13
u-albkre,osatutk4511		N	9	9
u-albkre,osatutk4511	mg/mmol	A	19	11
u-albkrea	mg/mmol	A	1753	920
u-albkrea		A	1705	989
u-albkrea	mg/mmol/l	A	22	13
u-albkrea		H	634	399
u-albkrea	mg/mmol	H	342	250
u-albkrea		N	289	251
u-albkrea	mg/mmol	N	86	81
u-albkrlb	mg/mmol	A	14	10
u-albmipi		N	8	8
u-albumiini	mg/l	N	5368	4401
u-albumiini		N	3180	2863
u-albumiini	mg/l	H	765	611
u-albumiini	mg/l	A	1347	932
u-albumiini(kval)		A	1749	1241
u-albumiini(kval)		N	10279	6664
u-albumiini(kval)	estimate	N	188	150
u-albumiini(kval)tykslab.osat.		N	321	276
u-albumiini,kval		A	119	86
u-albumiini,kval,osatutkmm.1881u-kemseul		A	7	7
u-albumiini,virtsasta,osatutkimus	mg/l	N	21	18
u-albumiini,virtsasta,osatutkimus		N	11	10
u-albumiini-kreatiniini-suhde,osatutk.		N	289	271
u-albumiini-kreatiniini-suhde,osatutk.		A	62	51
u-albumiini/kreatiniini-suhdemikroalbuminuria		N	47	40
u-albumiini/kreatiniini-suhdemikroalbuminuria	mg/mmol	N	22	19
u-albumiinimikroalbuminuriamg/l(u-albkre)	mg/l	A	412	231
u-albumiinimikroalbuminuriamg/l(u-albkre)		N	9	9
u-albumiinimikroalbuminuriamg/l(u-albkre)	mg/l	N	20	18
u-albumiininjakreatin	mg/mmol	N	12	12
u-albumiininjakreatiniininsuhde	mg/mmol	A	1594	1107
u-albumiininjakreatiniininsuhde	mg/mmol	N	267	244
u-albumiininjakreatiniininsuhde		N	228	213
u-albumiininjakreatiniininsuhde(mikroalbumiini)		N	117	115
u-albumiininjakreatiniinisuhde	mg/mmol	N	9	9
u-albumiininjakreatiniinisuhde		N	14	12
u-alvhu6a		N	7	7
u-amf-ena		N	22	11
u-amfet-o		N	7221	4218
u-amfet-o		A	614	291
u-amfetamiini(kval)		N	1335	1109
u-amfetamiinijasenjohdannaiset,varmistus		N	16	16
u-amfetct		N	52	39
u-amfetct		A	30	23
u-aminoh		N	14	11
u-amyl	u/l	L	40	36
u-amyl	u/l	A	103	96
u-amyl	u/l	N	110	104
u-amyl	u/l	HH	34	27
u-amyl	u/l	H	124	106
u-amyl		A	20	16
u-amyl		H	9	8
u-amyl		N	11	10
u-amyl-o		N	24	21
u-amylp	u/l	H	9	9
u-amylp	u/l	N	30	27
u-amylp	u/l	A	7	7
u-annat		N	2048	590
u-annat	/sunf	N	104	79
u-asetoniaineet(kval)		A	911	816
u-asetoniaineet(kval)		N	11133	7301
u-asetoniaineet(kval)	estimate	N	132	119
u-asetoniaineet(kval),eitil		N	14	14
u-asetoniaineet(kval),osatutkimus		N	150	68
u-asetoniaineet(kval)tykslabosat.		N	321	276
u-asetoniaineet(kval)␤		N	314	247
u-asetoniaineet(kval)␤		A	36	33
u-asetoniaineet,kval		A	27	25
u-asetoniaineet,kval,vieritestihoitoyksikössä		A	34	31
u-b2miglo	mg/l	A	80	52
u-b2miglo	mg/l	N	8	8
u-bact		N	31	29
u-bact,mittaustulos		N	25	23
u-bakt		N	110150	42435
u-bakt		A	5020	3649
u-bakt	e6/l	A	4145	1651
u-bakt	e6/l	H	10	8
u-bakt-vi		A	868	311
u-bakt.	/sunf	N	514	304
u-bakt.		N	1617	509
u-bakt.	/sunfält	N	40	33
u-baktalv		A	38	35
u-baktalv		N	26	14
u-baktb		N	210	145
u-baktbv,u-bakteerit,virtsatieinfektionseulon	e6/l	N	6	6
u-bakteeri,erikoisviljely		A	13	11
u-bakteeri,jatkoviljely		A	2735	1825
u-bakteeri,jatkoviljely		N	240	174
u-bakteeri,jatkoviljely,seulottun{yt		N	108	75
u-bakteeri,jatkoviljely,seulottunäyt		A	101	66
u-bakteeri,jatkoviljely,seulottunäyte		A	4761	2543
u-bakteeri,jatkoviljely,seulottunäyte		N	1907	1215
u-bakteeri,jatkoviljelypartikkeliseulotustanäytteestä		N	7	7
u-bakteeri,jatkoviljelyseulottunäyte		A	80	58
u-bakteeri,jatkoviljelyseulottunäyte(ko)		N	94	60
u-bakteeri,partikkelilask.jatko		A	1825	999
u-bakteeri,partikkelilaskenta,jatko		N	41	25
u-bakteeri,viljely		N	5101	3048
u-bakteeri,viljely		A	56	45
u-bakteeri,viljely	form	N	20	17
u-bakteeri,viljely,		N	62	39
u-bakteeri,viljely,virtsa		N	353	199
u-bakteeri,viljelyilmanseulontaa		N	6	6
u-bakteeri,viljelytk		N	20	14
u-bakteeri,viljelyvirtsasta		N	796	396
u-bakteerijatkoviljely,seulottunäyte		N	261	197
u-bakteerijatkoviljely,seulottunäyte		A	268	174
u-bakteerit	e6/l	H	771	461
u-bakteerit		N	1202	929
u-bakteerit		A	79	66
u-bakteerit	e6/l	N	10	10
u-bakteerit,lausunt		N	9866	4822
u-bakteerit,virtsatieinfektionseulonta	e6/l	N	6	6
u-bakteeritosatutkuf1000		N	42	31
u-bakteeriviljely		N	50	34
u-bakteeriviljely,seulottunäyte,jatkoviljely		A	162	126
u-bakteeriviljely2		N	61	51
u-bakteria		N	59	43
u-baktevi		N	1057	480
u-baktevi		A	480	339
u-baktjvi		A	90569	37692
u-baktjvi		N	39465	17882
u-baktjvi.		A	1816	967
u-baktjvi.		N	20	16
u-baktjvi.(satadiag)		N	8	6
u-bakts		N	1045	571
u-baktseu		N	15799	4661
u-baktsjvi		A	20	15
u-baktsjvi(seulonnanjatkoviljely;eivoipyytääerikseen)		A	24	15
u-baktvi		N	189370	70391
u-baktvi		A	17563	7835
u-barb-o		N	55	53
u-bendi-o		N	7331	4237
u-bendi-o		A	2744	1078
u-bendict		A	129	70
u-bendict		N	69	47
u-bentsodiatsepiinit		N	15	10
u-bentsodiatsepiinit(k		N	15	13
u-bentsodiatsepiinit(kval)		N	1295	1083
u-bentsodiatsepiinit(kval)		A	40	29
u-bentsodiatsepiinit,varmistus		N	15	15
u-bil-o		N	126	34
u-bio		N	841	636
u-bkvnh		N	256	93
u-bkvnh	u/ml	A	64	30
u-bkvnh	u/ml	N	15	14
u-bkvnh		A	15	7
u-blaca-d		N	7	7
u-bld-o		N	176	115
u-blod-0		N	1794	438
u-blod-o		N	6	6
u-bta-o		A	10	6
u-bubre-o		N	10	7
u-bupre-o		N	6429	3945
u-bupre-o		A	2945	284
u-buprect		A	82	26
u-buprect		N	76	24
u-buprenorfiini(kval)		N	1358	1135
u-buprenorfiini(kval)		A	42	25
u-buprenorfiini,kvalitatiivinen		N	25	16
u-buprenorfiini,varmistus		N	16	16
u-bzd-hy		A	11	6
u-ca		N	15	15
u-ca	mmol/l	N	312	141
u-canna-o		N	7379	4268
u-canna-o		A	837	365
u-cannact		N	27	17
u-cannact		A	33	22
u-chl.trach.janeisser.gonorrh.nukl.happo(kval)		N	23	19
u-chlamydiatrachomatis+neisseriagonorrhoeae,nukl.happo(kval),virtsasta,osatutk.		N	36	31
u-chlamydiatrachomatis,nho(kval)		A	24	20
u-chlamydiatrachomatis,nukleiinihaponosoittaminen		N	62	54
u-chlamydiatrachomatis,nukleiinihaponosoitusvirtsasta		N	7	7
u-chlamydiatrachomatis,nukleiinihappo(kval)		A	46	42
u-chlamydiatrachomatis,nukleiinihappo(kval)		N	899	788
u-chlamydiatrachomatis,nukleiinihappokotona(kval)		N	1822	1149
u-chlamydiatrachomatis,nukleiinihappokotona(kval)		A	67	56
u-chlamydiatrachomatis,nukleiinihappovirtsasta		N	19	17
u-chlamydiatrachomatis,virtsasta,osnukleiinihappo		A	16	15
u-chlamydiatrachomatisjaneisseriagonorrhoeae,nukleiinihappo(kval)		N	92	82
u-chlamydiatrachomatisjaneisseriagonorrhoeanukleiinihappo		N	83	71
u-chtrnho		N	22583	13288
u-chtrnho		A	2777	2235
u-chtrnho		AA	10	10
u-cl	mmol/l	N	35	25
u-co	nmol/l	H	56	22
u-co	form	N	11	11
u-co	nmol/l	N	15	13
u-cot		N	129	123
u-cot	ug/l	N	19	17
u-cot	ng/ml	H	16	13
u-cr	umol/l	H	34	29
u-cr	umol/l	N	40	23
u-cr		N	36	32
u-cr	umol/l	A	13	10
u-ctgcnho		N	20742	12207
u-ctgcnho		A	414	364
u-ctgcnho	umol/l	N	7	7
u-ctgcnho,osatutkimus		N	13	11
u-ctngnho		N	206	152
u-dala	umol/l	N	20	20
u-dala	umol/l	A	13	12
u-diffi		N	46	42
u-ds6huumeseulonta		N	20	20
u-ds6huumeseulontaalv		N	51	48
u-eddp-o		N	127	10
u-epilevy	e6/l	A	771	608
u-epilevy	e6/l	H	1049	773
u-epilevy		H	8	7
u-epilevy		A	9	9
u-epipien	e6/l	H	3939	2661
u-epipien	e6/l	A	3248	2154
u-epit	e6/l	A	19769	12451
u-epit	e6/l	N	2618	2166
u-epit	e6/l	H	1788	1501
u-epit		N	1071	849
u-epit		A	112	105
u-epit		H	17	17
u-epit	u/field	A	47	43
u-epit-l		A	9	7
u-epiteelisolu	e6/l	A	353	290
u-epiteelisolut	e6/l	N	11540	6209
u-epiteelisolut	e6/l	H	1442	981
u-epiteelisolut	e6/l	A	1628	1235
u-epiteelisolut		N	84	75
u-epiteelisolut		A	18	17
u-epiteelisolut		H	7	6
u-epiteelisolut,osatutkimus	e6/l	N	41	32
u-epiteelisolut,osatutkimus	e6/l	A	12	10
u-epiteelit	e6/l	A	275	218
u-epiteelit	e6/l	N	711	577
u-epitel	/sunf	N	1316	494
u-epitel	u/field	N	1936	833
u-epitel	sunf	N	66	53
u-epitel	u/field	A	57	45
u-epitla	e6/l	A	393	299
u-eryt	e6/l	A	73871	34854
u-eryt	e6/l	H	65783	28630
u-eryt		H	3155	2271
u-eryt	e6/l	N	85434	42563
u-eryt		N	2515	1714
u-eryt		A	3814	2795
u-eryt	/sunf	N	1182	446
u-eryt	form	N	996	470
u-eryt	u/field	A	102	88
u-eryt	form	A	191	137
u-eryt	u/field	N	108	94
u-eryt	u	A	11	11
u-eryt	u/field	H	19	14
u-eryt-0		A	140	86
u-eryt-hy		A	1349	799
u-eryt-o		A	42012	17850
u-eryt-o		N	25641	11504
u-eryt-o	estimate	N	11282	5232
u-eryt-o	form	N	647	427
u-eryt-o	estimate	A	12	8
u-erytdys		N	23	23
u-erytdys		A	16	14
u-erytla	e6/l	A	841	539
u-erytla		A	18	17
u-erytrosyytit	e6/l	N	4238	2889
u-erytrosyytit	e6/l	A	4629	3011
u-erytrosyytit		H	847	527
u-erytrosyytit	e6/l	H	2881	1886
u-erytrosyytit		A	296	235
u-erytrosyytit		N	59	58
u-erytrosyytit	u/field	N	11	10
u-erytrosyytit(kval)		N	9232	6108
u-erytrosyytit(kval)		A	757	513
u-erytrosyytit(kval)	estimate	N	125	114
u-erytrosyytit(kval),osatutkimus		N	108	54
u-erytrosyytit(kval),osatutkimus		A	43	27
u-erytrosyytit(kval)osaseulontaa		N	32	28
u-erytrosyytit(kval)osaseulontaa		A	7	6
u-erytrosyytit(kval)tykslab.osat.		N	321	276
u-erytrosyytit,kval		A	393	246
u-erytrosyytit,kval,vieritestihoitoyksikössä		A	187	148
u-erytrosyytit,osatutkimus	e6/l	A	30	21
u-erytrosyytit,osatutkimus	e6/l	N	19	18
u-erytrosyytitkval		N	277	219
u-erytrosyytitkval		A	71	54
u-etoh		A	9	7
u-fensy-o		N	16	16
u-fenta-o		N	1545	699
u-fenta-o		A	15	15
u-färg		N	6	6
u-gcnho		N	20371	11833
u-gcnho		A	150	124
u-gluk	mmol/l	A	12	9
u-gluk		N	139	109
u-gluk	form	N	17	16
u-gluk	mmol/l	N	11	8
u-gluk-0		N	8272	1626
u-gluk-0		A	111	61
u-gluk-hy		A	286	169
u-gluk-o		N	150645	60101
u-gluk-o		A	29607	10975
u-gluk-o	estimate	N	12913	5218
u-gluk-o	form	N	783	433
u-gluk-o.		N	6963	4039
u-glukoosi		N	31	28
u-glukoosi(kval)		A	2444	1532
u-glukoosi(kval)		N	11040	7323
u-glukoosi(kval)	estimate	N	200	172
u-glukoosi(kval)tykslabosastutk.		N	321	276
u-glukoosi,kval		N	181	128
u-glukoosi,kval		A	156	107
u-glukoosi,kvalvieritestihoitoyksikössä		A	53	44
u-glukoosijaproteiini		N	11	11
u-glukoosinosoitusvirtsasta		N	24	21
u-glukoosiosoitus		N	342	241
u-hapaamuusaste(kval)		A	364	275
u-happamuus		A	77	62
u-happamuusaste		N	3814	2959
u-happamuusaste		A	1510	917
u-happamuusaste		H	1068	878
u-happamuusaste	5170	N	19	19
u-happamuusaste	1	N	229	155
u-happamuusaste(kval)	form	N	111	81
u-happamuusaste(kval)	form	H	53	50
u-happamuusaste,huumeseulonta		N	17	7
u-hb		N	10	9
u-hb-o		N	113482	46347
u-hb-o		A	55127	17615
u-hb-o	estimate	N	57	42
u-hb-o	A	A	19	17
u-hb-o.		N	6977	4043
u-hcg	iu/l	N	64	61
u-hcg		N	42	39
u-hcg-o		N	2038	1742
u-hcg-o		A	444	424
u-hcgo-lb		A	12	12
u-hemoglobiini(kval)		A	3646	2278
u-hemoglobiini(kval)		N	1438	989
u-hemsi-o		N	27	27
u-hemsi-o		A	8	7
u-hiiva		N	20	16
u-huseula		N	993	652
u-huum-o		N	3391	2259
u-huum-o		A	379	226
u-huum-ps		N	15	15
u-huum-su		N	381	49
u-huum6a:amfetamiinit,bentsodiatsepiinit,buprenorfiini,kannabis,kokaiinijaopiaatit.vainsop.		N	113	106
u-huume-5b(amfetamiini,bentsodiatsepiinit,kannabis,kokaiini,opiaatit)		N	20	18
u-huume-6a		N	6	6
u-huume-6a(amfetamiini,bentsodiatsepiinit,buprenorfiini,kannabis,kokaiini,opiaatit)		N	24	22
u-huume-jalääkeaineseulonta,kval.,virtsasta		A	36	25
u-huume-o		A	259	118
u-huume6a		A	6	6
u-huumeseula6		N	7	7
u-huumeseulonta		N	32	22
u-huumeseulonta(amfet.,bents.,opiaatit,kannabis,kokaiini,buprenorfiini)		N	731	630
u-huumeseulonta(kval)		N	201	192
u-huumeseulonta,työterveyshuolto,6ainetta		N	27	23
u-huumeseulonta,työterveyshuolto,6ainetta,sis.alv		N	31	27
u-huumeseulonta6alv,valvottu		N	11	11
u-huuml-o		N	201	86
u-huumlct		N	6845	2717
u-huumoct		N	761	490
u-huumtof		N	228	51
u-hva-lap		N	36	9
u-hyalie	e6/l	A	1403	938
u-hyalie	e6/l	N	828	618
u-hyalie		N	20	20
u-hyalie		A	54	53
u-hyalier	e6/l	A	1013	752
u-hyalier		N	487	364
u-hyalier	e6/l	N	1124	783
u-hyalier		A	65	57
u-hyaliinilieriöt	e6/l	N	75	60
u-hyaliinilieriöt	e6/l	A	18	16
u-hyallie	e6/l	N	127	89
u-hyallie	e6/l	A	19	17
u-i	ug/l	N	247	200
u-i	ug/l	L	17	15
u-i	ug/l	H	13	11
u-i/u-kreaosatutkimus	ug/g	N	129	113
u-immfix		N	145	131
u-immfix		A	16	13
u-immunoglobuliini,kevyetketjut,lambda		N	6	6
u-infektio,tutkimuspaketti		N	36	31
u-inh-o		A	33	13
u-intp		H	213	158
u-intp		N	642	404
u-intp		L	47	29
u-intp	nmol/mmol	A	468	303
u-intp	nmol/mmol	H	63	43
u-intp		A	16	13
u-intp	ratio	A	10	9
u-isuhtu-krea(osatutk)	ug/g	N	88	82
u-jatkoviljely		A	269	255
u-jcvnh		N	289	90
u-jcvnh	u/ml	A	39	18
u-jodidi	ug/l	A	61	31
u-k	mmol/l	N	542	404
u-k		N	40	37
u-kakaiini		N	15	10
u-kannabis(kval)		N	1334	1109
u-kannabis,varmistus		N	16	16
u-kemiallinenseulonta		N	5049	3355
u-kemiallinenseulonta(ko)		N	27	23
u-kemiallinenseulonta(pi)		N	18	17
u-kemiallinenseulonta,osavastausu-suhtih	1	N	38	28
u-kemiallinenseulonta,osavastausu-suhtih		N	8	7
u-kemiallinenseulonta,otsikko,osatutk		N	148	90
u-kemiallinenseulontamedipoctku,jkl		N	32	29
u-kemiallinenseulontasatadiag		N	30	26
u-kemiallinenseulontatykslab		N	151	131
u-kemseul		N	160985	67398
u-kemseul		A	9109	4718
u-kemseul		H	16	12
u-kemseul		L	146	110
u-kemseul		IND	25	24
u-kemseul,gluk		N	3251	1950
u-kemseul,kemiallisetosoituskokeet		N	308	224
u-kemseul,osatutkimus1881		N	73	53
u-kemseul,u-suhtih		N	169	77
u-kemseul,u-suhtih		L	7	6
u-kemseula,osavastausu-suhtih		N	35	24
u-kemseula,u-suhtih		N	320	109
u-kemseula,u-suhtih		L	7	7
u-ket-o		A	16	11
u-keto		N	120	89
u-keto-0		A	115	95
u-keto-0		N	1479	383
u-keto-hy		A	298	259
u-keto-o		N	146514	57882
u-keto-o		A	19417	14028
u-keto-o	estimate	N	17895	6968
u-keto-o	form	N	915	567
u-keto-o	estimate	A	7	7
u-keto-o.		N	6951	4034
u-ketoaineet		N	79	58
u-ketoaineet,kval		N	194	131
u-ketoaineet,kval		A	8	8
u-ketoniaineetstix		N	1062	743
u-kiteet		N	24	18
u-kivi		N	276	258
u-kivi		A	6	6
u-koka-o		N	7231	4154
u-koka-o		A	21	21
u-kokaiini(kval)		N	1325	1104
u-kokaiini,varmistus		N	16	16
u-koriongonadotropiini(kval)		N	16	14
u-koriongonadotropiini,ihmisen(kval)		N	7	6
u-krea	mmol/l	N	77693	33214
u-krea	mmol/l	L	2796	2083
u-krea	mmol/l	A	3066	2196
u-krea	mmol/l	H	1965	1657
u-krea	umol/l	N	325	267
u-krea		N	278	258
u-krea		A	18	17
u-krea		L	10	10
u-kreahu		N	15	8
u-kreahuu	mmol/l	A	21	18
u-kreahuu	mmol/l	N	47	10
u-kreahuu		N	17	7
u-kreat	mmol/l	N	2903	1916
u-kreatiini,virtsasta(u-intp)	mmol/l	L	30	17
u-kreatiniini	mmol/l	N	4409	3232
u-kreatiniini		N	97	69
u-kreatiniini	mmol/l	A	96	95
u-kreatiniini(huumeseulonnanyhteydessä)	mmol/l	N	11	9
u-kreatiniini,huumeseulonnanyhteydessä	mmol/l	N	34	33
u-kreatiniini,virtsasta(huumeseulonnanyhteydessä)	mmol/l	N	364	347
u-kreatiniini,virtsasta(huumeseulonnanyhteydessä)	mmol/l	A	34	33
u-kreatiniinimmol/l(u-albkre)	mmol/l	N	32	27
u-kreatiniiniosatutkimus	mmol/l	N	8	8
u-kreintp	mmol/l	N	442	335
u-kreintp	mmol/l	L	138	113
u-kreintp	mmol/l	H	55	54
u-kreintp	mmol/l	A	42	37
u-käsma		N	252	204
u-lepnag		N	753	706
u-lepnag		A	20	19
u-leu/µl		N	7	7
u-leuk	e6/l	N	93396	47761
u-leuk	e6/l	A	82857	37400
u-leuk	e6/l	H	69401	30880
u-leuk	/sunf	N	802	406
u-leuk		N	2899	1837
u-leuk		H	5810	3469
u-leuk		A	6398	3851
u-leuk	u/field	A	107	89
u-leuk	u/field	N	28	26
u-leuk	u/field	H	6	6
u-leuk	/sunfält	N	7	6
u-leuk(pi)	e6/l	N	7	7
u-leuk-0		A	276	151
u-leuk-0		N	1830	468
u-leuk-bv	e6/l	N	1101	802
u-leuk-bv	e6/l	A	8520	3180
u-leuk-bv		N	55	48
u-leuk-hy		A	1201	690
u-leuk-o		A	95165	33293
u-leuk-o		N	45995	21205
u-leuk-o	estimate	N	13716	5833
u-leuk-o	estimate	A	25	22
u-leuk-o	form	N	834	555
u-leuk-o	A	A	27	19
u-leuk-o	u/field	N	47	43
u-leuk-o	form	A	9	6
u-leuk-o.		N	6977	4044
u-leuk-op		A	8	7
u-leuk.		N	100362	39876
u-leukb		N	210	145
u-leukbv,u-leukosyytit,virtasatieinfektionseu	e6/l	N	6	6
u-leukla	e6/l	A	1113	660
u-leukla		A	38	33
u-leuko-o		A	67	48
u-leukosyystit	e6/l	N	7	6
u-leukosyytit		H	877	583
u-leukosyytit	e6/l	N	3375	2403
u-leukosyytit	e6/l	A	4866	3007
u-leukosyytit	e6/l	H	1970	1263
u-leukosyytit		A	566	411
u-leukosyytit		N	165	143
u-leukosyytit	u/field	N	12	11
u-leukosyytit(kval)		A	4753	2973
u-leukosyytit(kval)		N	10763	7192
u-leukosyytit(kval)	estimate	N	272	217
u-leukosyytit(kval),osatutkperustutkimuksissa		A	17	14
u-leukosyytit(kval)tykslab.osat.		N	321	276
u-leukosyytit,kval		A	271	166
u-leukosyytit,kval,vieritestihoitoyksikössä		A	147	111
u-leukosyytit,virtsatieinfektionseulonta	e6/l	N	6	6
u-leukosyytitstix		N	1059	741
u-leukosyyttiosoitus		N	79	58
u-levyep	e6/l	A	6803	4730
u-levyep	e6/l	H	14238	9180
u-levyep	e6/l	N	123388	46293
u-levyep		N	2792	2186
u-levyep		H	691	627
u-levyep		A	155	150
u-levyepiteelisolut	e6/l	A	817	637
u-levyepiteelisolut	e6/l	N	510	420
u-levyepiteelisolut		A	29	26
u-levyepiteelisolut	e6/l	H	29	22
u-levyepiteelisolut		N	153	119
u-levyepiteelisolut	u/field	N	7	6
u-levyepiteelisolut,uf5000	e6/l	N	7	6
u-levyepiteelit	u/field	N	77	65
u-levyepiteelit		N	16	16
u-lier	e6/l	N	132774	48556
u-lier	e6/l	H	5347	4337
u-lier	e6/l	A	8860	6608
u-lier		N	1767	1399
u-lier		A	163	158
u-lier		H	93	93
u-lieri?t	e6/l	N	378	278
u-lieri?t		N	7	7
u-lieri?t	e6/l	A	28	24
u-lieriö	e6/l	A	1128	638
u-lieriö	e6/l	N	42	31
u-lieriöt	e6/l	N	11458	6359
u-lieriöt	e6/l	A	4246	3026
u-lieriöt		N	368	288
u-lieriöt	e6/l	H	654	406
u-lieriöt		A	44	41
u-lieriöt,osatutk		N	6	6
u-lieriöt,osatutkuf1000	e6/l	N	41	31
u-lieriöt,uf5000		N	9	7
u-lierla	e6/l	A	15	13
u-liuskakokeet		N	8	6
u-liuskakokeet,pika		N	32	27
u-makrof.		N	1958	577
u-makrof.	/sunf	N	193	143
u-makrofag		N	40	26
u-manip		N	28	28
u-mdma-o		N	4330	2218
u-mdma-o		A	44	16
u-menetel		N	894	644
u-metad-o		N	5319	3051
u-metad-o		A	531	93
u-metadct		A	45	6
u-metadct		N	44	6
u-metadoni(kval)		N	31	23
u-metam-o		N	1669	756
u-metam-o		A	46	35
u-metfe-o		A	13	6
u-metfe-o		N	221	12
u-metodoni		N	15	10
u-mg	mmol/l	N	18	16
u-mn		N	6	6
u-momalap		N	37	9
u-morf-o		N	477	23
u-muulier	e6/l	A	850	645
u-muulier		N	477	353
u-muulier	e6/l	N	1277	880
u-muulier		A	78	71
u-mygenho		N	128	101
u-mygenho		A	9	8
u-na	mmol/l	N	1259	957
u-na		N	185	166
u-naftol		N	9	8
u-neisseriagonorrhoeae,nukl.os.(kval)		N	17	13
u-neisseriagonorrhoeae,nukleiinihappo(kval)		N	1025	881
u-neisseriagonorrhoeae,nukleiinihappo(kval),virtsasta		N	7	7
u-neisseriagonorrhoeae,nukleiinihappokotona(kval)		N	1889	1167
u-neisseriagonorrhoese,nukleiinihappo(kval)		N	19	17
u-ni	umol/l	N	107	91
u-ni	form	N	49	48
u-ni		N	35	32
u-ni	umol/l	H	45	30
u-ni	ug/l	N	17	14
u-ni	ug/l	H	9	8
u-nitr-0		N	1964	550
u-nitr-hy		A	361	254
u-nitr-o		N	152533	61294
u-nitr-o		A	38676	16929
u-nitr-o	estimate	N	14457	6001
u-nitr-o	form	N	789	538
u-nitr-o.		N	6508	3809
u-nitri-o		A	292	184
u-nitriitti(kval)		A	2009	1365
u-nitriitti(kval)		N	11245	7478
u-nitriitti(kval)	estimate	N	229	196
u-nitriitti(kval),osatutkperustutkimuksissa		A	6	6
u-nitriitti(kval)tykslab.		N	321	276
u-nitriitti,kval		A	146	101
u-nitriitti,kval,vieritestihoitoyksikössä		A	62	49
u-nitriittiosoitus		N	79	58
u-nitrit-o		N	6	6
u-nitritti(kval)		N	14	14
u-nitro-0		A	72	33
u-nitrpik		A	6	6
u-niturstix		N	1063	744
u-näytk10		N	40	24
u-näytkäs		N	17	10
u-odling		N	238	118
u-oksik-o		N	1400	694
u-oksik-o		A	19	16
u-oksikodoni(kval)		N	44	42
u-om.p.-o		N	60	47
u-ominaispaino		N	10109	6716
u-ominaispaino	5170	N	8	8
u-ominp-h	kg/l	N	3956	2265
u-opiaa-o		N	6886	4239
u-opiaa-o		A	317	217
u-opiaact		A	13	10
u-opiaact		N	16	15
u-opiaatit(kval)		A	12	12
u-opiaatit(kval)		N	1327	1107
u-opiaatit,seulonta(kval)		N	7	7
u-opiaatit,varmistus		N	16	16
u-orgah		N	19	19
u-osmest	mosm/kgh2o	N	2124	1696
u-osmest	mosm/kgh2o	A	90	89
u-osmest		N	22	22
u-osmoe	mosm/kgh2o	N	366	271
u-osmoe	mosm/kgh2o	A	31	27
u-osmoe		N	14	12
u-osmoest	mosm/kgh2o	N	11549	4164
u-osmoest	mosm/kgh2o	A	14090	5148
u-osmoest	e6/l	A	659	262
u-osmoest		N	89	84
u-osmoest	e6/l	N	1767	520
u-osmoest		A	6	6
u-osmoest(pi)	mosm/kgh2o	N	7	7
u-osmoet	mosm/kgh2o	N	184	129
u-osmoet	mosm/kgh2o	A	172	116
u-osmoie	mosm/kgh2o	A	11	10
u-osmoie		N	52	42
u-osmol	mosm/kgh2o	A	817	623
u-osmol	mosm/kgh2o	N	2005	1641
u-osmol		A	57	35
u-osmol	mo/kgh2o	A	257	198
u-osmol	form	A	19	16
u-osmol	form	N	8	8
u-osmol	mo/kgho	A	10	9
u-osmol		N	11	11
u-osmol	mosm/kgh2o	LL	11	10
u-osmol	mosm/kgh2o	L	13	13
u-osmolaliteetti	mosm/kgh2o	N	38	37
u-osmolaliteetti		N	32	28
u-osmolaliteetti	mosm/kgh2o	A	16	16
u-osmolaliteetti,estimoitu	mosm/kgh2o	N	217	173
u-osmolaliteetti,estimoitu		N	23	20
u-osmolaliteetti,virtsasta	mosm/kgh2o	L	15	14
u-osmolaliteettilaskennallinenosatutk		N	6	6
u-osmolaliteettilaskennallinenosatutkuf1000	mosm/kgh2o	N	41	30
u-osmolaliteettilaskennallinenosatutkuf1000	mosm/kgh2o	A	9	9
u-osmole	mosm/kgh2o	N	1164	938
u-osmole		N	1058	836
u-osmole	mosm/kgh2o	A	245	208
u-osmole		A	12	12
u-oxy-o		A	20	8
u-partik		N	21	17
u-partikkelienperuslaskenta,koneellinen		N	389	302
u-pbg	umol/l	A	17	13
u-pbg	umol/l	N	27	26
u-pbg-o		N	63	59
u-ph	ph	N	149439	63082
u-ph	ph	H	44673	17161
u-ph	ph	A	46633	17736
u-ph		N	1482	1374
u-ph	ph	L	26	26
u-ph		A	162	142
u-ph		L	72	69
u-ph		H	56	53
u-ph,huumetutkimuksiin		N	11	9
u-ph,huumetutkimuksiin/u-huumeseulonta,kval.		N	35	31
u-ph-0		N	1720	430
u-ph-0		A	74	57
u-ph-huu		N	4016	2274
u-ph-o	ph	N	14215	4371
u-ph-o	ph	A	869	464
u-ph-o		N	197	147
u-ph-o	ph	H	95	92
u-ph-o		L	11	11
u-ph.		N	6978	4044
u-phhu		N	14	8
u-phhu		A	8	6
u-phstix		N	1057	740
u-pi	mmol/l	N	198	107
u-pi		N	7	7
u-pien.ep	e6/l	H	7	7
u-pienep	e6/l	H	3547	2890
u-pienep	e6/l	N	132398	48328
u-pienep		N	2794	2184
u-pienep	e6/l	A	5046	3036
u-pienep		H	28	28
u-pienep		A	6	6
u-pienepiteelisolut	e6/l	N	62	54
u-pienetepiteelisolut		N	194	154
u-pienetepiteelisolut	e6/l	N	400	324
u-pienetepiteelisolut	e6/l	A	238	205
u-pienetepiteelisolut	e6/l	H	8	8
u-pienetepiteelisolut,uf5000		N	8	7
u-pneuag		A	118	109
u-pneumokokki,antigeeninosoitus		A	33	30
u-povnh		N	336	103
u-proj.nä		N	34	9
u-prokre	mg/mmol	N	435	214
u-prokre	g/mol	N	53	34
u-prokre		N	77	52
u-prokre	mg/mmol	H	692	182
u-prokre	mg/mmol	A	433	108
u-prokre	g/mol	H	136	38
u-prokre	g/mol	A	152	40
u-prokre		A	56	25
u-prot	g/l	A	8743	2554
u-prot		N	3286	1875
u-prot	mg/l	A	2884	1073
u-prot	g/l	H	97	68
u-prot	mg/l	H	2743	991
u-prot	mg/l	N	3911	1532
u-prot	g/l	N	227	197
u-prot		A	83	38
u-prot	mg/l	HH	36	12
u-prot-0		N	167	116
u-prot-fr		N	280	267
u-prot-fr		A	27	23
u-prot-hy		A	945	615
u-prot-o		N	131689	51774
u-prot-o		A	19500	8731
u-prot-o	form	N	9837	2388
u-prot-o.		N	6950	4032
u-prot-op		A	7	6
u-prot-ou		A	179	128
u-proteiini		N	29	27
u-proteiini	mg/l	A	131	46
u-proteiini	mg/l	N	13	13
u-proteiini(kval)		A	733	561
u-proteiini(kval)		N	912	715
u-proteiini(kval),osatutkimus		N	133	63
u-proteiini(kval),osatutkimus		A	18	11
u-proteiini(kval)osaseulonttaa		N	39	34
u-proteiini,fraktiot		N	13	13
u-proteiini,kval,vieritestihoitoyksikössä		A	139	112
u-proteiinikval		N	165	119
u-proteiinikval		A	42	33
u-proteiininosoitus		N	79	58
u-proteiininosoitusvirtsasta		N	22	19
u-proteiinitstix		N	1062	743
u-punasolutstix		N	1060	742
u-pyr		N	6	6
u-raskauskoe		N	48	40
u-resist.		N	930	326
u-sakka		N	866	817
u-sakka,eryt	u/field	N	59	54
u-sakka,eryt	u/field	H	27	21
u-sakka,leuk	u/field	N	75	58
u-sakka,leuk	u/field	H	10	9
u-schi-o		N	15	12
u-sed		N	2162	622
u-sg	kg/l	N	130	95
u-sg		N	43	35
u-sokeristix		N	1063	744
u-solu		N	753	546
u-solu,osatutkimus		N	161	108
u-solu.		N	127	83
u-solut		N	115864	46568
u-solut		A	355	266
u-solut	e6/l	N	114	78
u-solut	e6/l	H	16	16
u-solut	u/field	N	9	8
u-solut(ko)		N	12	11
u-solut(pi)		N	48	32
u-solut,muut		N	95	81
u-solut,osatutk.		N	33	27
u-solut,osatutkimus		N	9	8
u-solut,partikkelienperuslaskenta=u-sakka		N	25	18
u-soluttykslab		N	119	96
u-spice-o		N	185	10
u-stpnag		N	848	811
u-stpnag		A	64	63
u-suhteellinentiheys	1	H	1704	1415
u-suhteellinentiheys	1	A	2205	1560
u-suhteellinentiheys	1	N	4187	3208
u-suhteellinentiheys		N	74	71
u-suhteellinentiheys		A	716	630
u-suhteellinentiheys	1	L	1356	1090
u-suhteellinentiheys	kg/l	N	31	21
u-suhteellinentiheys		H	77	71
u-suhteellinentiheys		L	16	16
u-suhteellinentiheys,huumausaineseulonnanyhteydessä		N	35	33
u-suhteellinentiheys,kval		H	62	59
u-suhteellinentiheys,osatutkimus		N	129	66
u-suhteellinentiheys,osatutkimus		A	25	16
u-suhteellinentiheyskg/l		A	862	622
u-suhteellinentiheysstix		N	1056	738
u-suhti	kg/l	A	49585	18316
u-suhti	kg/l	H	29272	13978
u-suhti	kg/l	L	24028	12046
u-suhti	kg/l	N	21348	12151
u-suhti		A	4800	3665
u-suhti		N	1628	1217
u-suhti		L	2179	2022
u-suhti		H	1595	1239
u-suhti	ratio	A	299	61
u-suhti	form	N	27	22
u-suhti	ratio	N	9	9
u-suhti-o	ratio	N	13506	4590
u-suhti-o	ratio	A	12530	4873
u-suhti.	ratio	N	7113	4111
u-suhtih	kg/l	N	5735	2402
u-suhtih		N	569	386
u-suhtih	kg/l	A	6712	3509
u-suhtih		A	553	460
u-suhtihu		N	14	8
u-syto		N	6795	3118
u-syto		A	45	30
u-syto		AA	305	185
u-syto-1		A	72	52
u-syto-1		N	158	109
u-tbvi		N	155	76
u-trama-o		N	1462	745
u-trama-o		A	113	68
u-tramact		N	7	7
u-trisy-o		N	1044	687
u-trisy-o		A	57	42
u-trisyklisetantidepressantit(kval)		N	7	7
u-tryp2-o		N	12	11
u-trypg2	ug/l	L	7	6
u-trypg2o		A	11	9
u-tub.ep		N	2024	585
u-tub.ep	/sunf	N	127	96
u-tutk-1		A	85	77
u-tutk-1		N	757	659
u-tutk-1,sg		N	1245	343
u-tutk-1,u-omp		N	189	72
u-tutk-2		N	53	50
u-tutk-3		N	15	15
u-tutk/ottotapa		N	1533	1137
u-tutkesi		N	3866	2338
u-tutkimus,seulonta,tk:ntekemä		N	48	44
u-tutkimus1,seulonta(alb,hb,leuk,nitr		N	159	116
u-työelämänhuumenäytteenotto,valvonnallinen		N	18	15
u-työelämänhuumetestaus6a,sisältääalv.		N	26	25
u-ubg-o		N	110	27
u-unäkö-o		N	20	17
u-uraat	mmol/l	N	14	13
u-urea	mmol/l	N	35	26
u-uricult		N	650	237
u-utseende		N	6	6
u-valvott		N	679	530
u-veri(kval)		N	116	99
u-veri(kval)		A	56	47
u-veri,osatutkperustutkimuksissa		A	9	9
u-veri-0		A	24	18
u-veri-o		N	9759	3257
u-veri-o		A	8058	3416
u-veri-o	estimate	N	2519	764
u-veri-o	estimate	A	20	17
u-veri-ou		A	295	166
u-virtsanhemoglobiini	form	N	6	6
u-virtsanhemoglobiini		N	16	14
u-virtsanirtosolututkimus		N	76	46
u-virtsanirtosolututkimus		A	10	8
u-virtsanketoaineet		N	24	21
u-virtsanleukosyytit		N	17	15
u-virtsannitriitti		N	23	20
u-virtsanominaispaino	form	N	22	20
u-virtsanominaispainohuumemäärityksissä		N	44	38
u-virtsanph	form	N	24	21
u-virtsatutkimus1		N	15	12
u-vre-vi		N	8	7
u-välimuotoisetepiteelisolut		N	14	9
u-välimuotoisetepiteelisolut	u/field	N	6	6
u-välimuotoisetepiteelit	u/field	N	75	63
u-välimuotoisetepiteelit		N	20	20
u-överg.ep		N	2027	587
u-överg.ep	/sunf	N	124	93
ua-be	mmol/l	N	62	62
ua-hb	g/l	N	51	51
ua-hco3-st	mmol/l	N	62	62
ua-hetashb		N	51	51
ua-pco2	kpa	N	62	62
ua-ph		N	62	62
ua-po2	kpa	N	61	61
ua-vekaas		N	11	11
ug-pad-4		A	44	44
ug-pad-4		AA	459	451
ug-pad-4		N	258	248
ug-pad-4	mmol/l	A	9	6
ug-pad-4	mmol/l	N	8	8
ulosteenadenovirus,nukleiinihappo		N	291	233
ulosteenastrovirus,nukleiinihappo		N	290	232
ulosteenbakteeripatogeenit,nukleiinihaponosoitus		N	16	16
ulosteenbakteeripatogeenit,nukleiinihaponosoitus(pcr)		N	485	401
ulosteenbakteeripatogeenit,nukleiinihapoosoitus(pcr)		N	31	31
ulosteenbakteeripatogeenitnukleiinihaponosoitus		N	18	17
ulosteencalprotectin	ug/g	N	7	7
ulosteencalprotectin	ug/g	A	12	10
ulosteenhemoglobiini	ug/g	H	65	58
ulosteenhemoglobiini		N	846	624
ulosteenparasiitit,nukleiini		N	6	6
ulosteenparasiitit,nukleiinihappo(kva		N	10	9
ulosteenparasiitit,nukleiinihappo(kval)		N	17	15
ulosteenparasiitit,nukleiinihappo(kval)(f-paranho)		N	10	8
ulosteenparasiitit,nukleiinihappo-osoitus		N	109	98
ulosteenripulivirukset,nukleiinihappo(kval)		N	12	11
ulosteenripulivirukset,nukleiinihappo-osoitus(kval)		N	325	266
ulosteensapovirus,nukleiinihappo		N	279	223
uniapnea-analysointi		A	6	6
unipolygrafia(psg,sis.univaiheet)kotona		N	6	6
uraatti	umol/l	N	943	832
uraatti	umol/l	A	692	426
uraatti	umol/l	H	204	162
uraatti	umol/l	L	47	42
uraatti,plasma	umol/l	N	63	61
uraatti,plasma	umol/l	H	180	113
uraatti,plasma	umol/l	A	229	155
uraatti,plasma	umol/l	L	48	34
uraatti,plasmasta	umol/l	H	48	30
uraatti,plasmasta␤	umol/l	A	1092	416
urea	mmol	A	39	26
urea,pikatesti␤	mmol/l	A	48	42
ureapika	mmol/l	A	264	239
ureaplasmaparvum		N	19	19
ureaplasmaparvum		A	11	10
ureaplasmaparvum,nukleiinihappo(kval)		N	17	14
ureaplasmaparvum,nukleiinihappo(kval)		A	8	8
ureaplasmaparvum,nukleiinihappo(kval.)		N	7	7
ureaplasmaurealyticum		N	26	25
ureaplasmaurealyticum,nukleiinihappo(kval)		N	18	15
ureavieri	mmol/	N	21	21
ureavieri	mmol/	H	18	18
urogenitaalialueennäytteenhistologinentutkimus,laajaleikkauspreparaatti		A	33	32
urogenitaalinäytteenseulonta,virtsasta,nukleiinihaponosoitus(pcr)		N	7	6
urpanho		A	20	17
ururnho		A	10	10
us-tsh	mu/l	N	65	65
uuricult		N	9	7
uusikoronavirus,covid-19,nukleiinihaponosoitus		N	8	7
uv-be	mmol/l	N	21	21
uv-hb	g/l	N	18	18
uv-hco3-st	mmol/l	N	21	21
uv-hetashb		N	18	18
uv-pco2	kpa	N	21	21
uv-ph		N	21	21
uv-po2	kpa	N	21	21
v-be		N	34	32
v-hb		N	249	140
v-hco3		N	34	32
v-hct		N	256	143
v-ica		N	294	171
v-k		N	265	149
v-na		N	265	149
v-pco2		N	34	32
v-ph		N	39	34
v-po2		N	34	32
v-so2	%	N	22	20
v-so2		N	15	15
v-tco2		N	34	32
vaativaleikkausnäyte,kudosnos		A	9	8
vagicul		N	122	78
vainajansäilytys		N	6	6
valkosolu,v-a,värjäytymiskuvioc-an		N	15	15
valkosolu,v-a,värjäytymiskuviop		N	14	14
valkosolu,vasta-aineet,		N	70	44
valkosolu,vasta-aineet,	titre	A	11	11
valkosolu,vasta-aineet,	titre	H	19	18
valkosolu,vasta-aineet,värjäytymi		N	28	15
vapaanjakokonais-psa:nsuhde	%	N	18	15
vapaanjakokonais-psa:nsuhde		N	31	27
vapaty2-paketti		N	41	24
vapaty3-paketti		N	23	23
varaputki		N	7	7
varfariininannostukseenliitt		N	8	8
varicella-zostervirus,iggvasta-aineet	iu/l	N	16	16
vartijaimusolmukenäyte(sentinelnode)		A	12	12
vartijaimusolmuketutkimus(sentinelnode)		A	7	7
vartijaimusolmuketutkimus,formaliinifiksaatio		A	7	7
vastliite		N	78	64
vb-ahco3	mmol/l	A	13704	5209
vb-ahco3	mmol/l	N	12	12
vb-ahco3vt		A	77	69
vb-ahco3vt	mmol/l	N	34	16
vb-ahco3vt	mmol/l	A	94	70
vb-aktuaalibikarbonaatti	mmol/l	H	59	34
vb-aktuaalibikarbonaatti	mmol/l	N	193	108
vb-aktuaalibikarbonaatti	mmol/l	A	553	243
vb-aktuaalibikarbonaatti	mmol/l	L	109	39
vb-aktuaalibikarbonaatti,vierilaitteella	mmol/l	N	23	19
vb-be	mmol/l	A	47894	15411
vb-be	mmol/l	N	30079	9056
vb-be	mmol/l	H	21917	8725
vb-be	mmol/l	L	14279	4301
vb-be	mmol/l	HH	153	75
vb-be		A	292	128
vb-be		N	123	113
vb-be	mmol/l	LL	58	40
vb-be-vt		A	159	119
vb-be-vt	mmol/l	N	30	12
vb-be-vt	mmol/l	A	67	51
vb-bepika	mmol/l	A	285	244
vb-bepika		A	183	156
vb-bikarbonaatti		A	29	27
vb-ca	mmol/l	N	12	9
vb-ca	mmol/l	L	13	9
vb-ca-i7.4		A	234	105
vb-ca-i7.4	mmol/l	A	1343	667
vb-caionvt		A	113	96
vb-caionvt	mmol/l	A	97	76
vb-caionvt	1	N	32	24
vb-cvo2sat	%	A	35	11
vb-emästase		A	21	19
vb-emäsylimäärä	mmol/l	A	5587	2575
vb-emäsylimäärä	mmol/l	H	1599	700
vb-emäsylimäärä	mmol/l	N	3579	1930
vb-emäsylimäärä	mmol/l	L	870	350
vb-emäsylimäärä		N	16	13
vb-emäsylimäärä,vierilaitteella	mmol/l	N	26	19
vb-erytrosyytit,tilavuusosuus,vierilaitteella		N	14	9
vb-gluk	mmol/l	A	11081	4417
vb-gluk		A	64	61
vb-happamuusaste	1	A	658	397
vb-happamuusaste	1	N	62	53
vb-happamuusaste	1	H	20	20
vb-happamuusaste,vierilaitteella	1	N	12	11
vb-happamuusaste,vierilaitteella		N	16	11
vb-happamuusaste,vierilaitteella	1	H	12	8
vb-happikyllästeisyys(hemoglobiini)	%	L	31	28
vb-happikyllästeisyys(hemoglobiini)	%	N	10	8
vb-happikyllästeisyys(hemoglobiini)	%	H	17	12
vb-happikyllästeisyys(hemoglobiinin,osuustoimin	%	A	214	81
vb-happikyllästeisyys(hemoglobiinin,osuustoiminnallisesta␤hb:sta)	%	A	27	19
vb-happiosapaine	kpa	A	740	446
vb-happiosapaine	kpa	L	33	32
vb-happiosapaine	kpa	N	31	25
vb-happiosapaine	kpa	H	18	14
vb-happoemästase		N	15	13
vb-hb	g/l	A	10406	3086
vb-hb	g/l	N	9948	5345
vb-hb	g/l	H	1166	786
vb-hb	g/l	L	20213	3623
vb-hb		A	29	28
vb-hb		N	18	18
vb-hb-co	%	N	23147	7794
vb-hb-co	%	L	6392	997
vb-hb-co	%	H	2113	1006
vb-hb-co	%	A	198	68
vb-hb-co		A	13	12
vb-hb-co		N	18	18
vb-hb-met	%	N	31233	8743
vb-hb-met	%	L	316	131
vb-hb-met	%	A	36	13
vb-hb-met		N	15	15
vb-hb-met	%	H	86	42
vb-hb-vt	g/l	A	290	206
vb-hb02sat	%	A	68	37
vb-hblask	g/l	N	94	85
vb-hbo2	%	N	11606	3105
vb-hbo2	%	H	8900	3072
vb-hbo2	%	L	10982	4995
vb-hbo2	%	A	429	175
vb-hbo2		N	16	16
vb-hbo2sat	%	A	42893	14872
vb-hbo2sat	%	N	1605	1012
vb-hbo2sat	%	L	6707	2504
vb-hbo2sat	%	H	2509	1231
vb-hbo2sat		A	80	63
vb-hbo2sat		H	13	9
vb-hbo2sat		L	16	12
vb-hbo2sat		N	15	12
vb-hco3	mmol/l	H	7	7
vb-hco3	mmol/l	A	223	105
vb-hco3		A	49	44
vb-hco3	mmol/l	N	56	33
vb-hco3	mmol/l	L	16	15
vb-hco3-st	mmol/l	L	28674	7882
vb-hco3-st	mmol/l	A	20874	5506
vb-hco3-st	mmol/l	N	27911	9585
vb-hco3-st	mmol/l	H	6840	2502
vb-hco3-st		N	135	123
vb-hco3-st	mmol/l	HH	82	53
vb-hco3-st		A	16	15
vb-hco3-st	mmol/l	LL	32	23
vb-he-tase		N	18251	4684
vb-he-tase,p-k	mmol/l	L	12	10
vb-he-tase,p-k	mmol/l	N	20	15
vb-he-tase,p-na	mmol/l	L	18	13
vb-he-tase,p-na	mmol/l	N	18	16
vb-he-tase,vb-beecf	mmol/l	N	96	80
vb-he-tase,vb-beecf	mmol/l	L	27	23
vb-he-tase,vb-beecf	mmol/l	H	79	67
vb-he-tase,vb-hco3	mmol/l	N	162	127
vb-he-tase,vb-hco3	mmol/l	L	87	71
vb-he-tase,vb-hco3	mmol/l	H	81	72
vb-he-tase,vb-k	mmol/l	N	279	209
vb-he-tase,vb-k	mmol/l	L	35	33
vb-he-tase,vb-k	mmol/l	H	14	12
vb-he-tase,vb-na	mmol/l	N	210	165
vb-he-tase,vb-na	mmol/l	L	115	85
vb-he-tase,vb-pco2	kpa	N	16	16
vb-he-tase,vb-pco2	kpa	H	13	11
vb-he-tase,vb-ph		H	120	102
vb-he-tase,vb-ph		N	234	181
vb-he-tase,vb-ph		L	19	18
vb-he-tase,vb-po2	kpa	L	30	24
vb-hemoglobiini	g/l	N	115	74
vb-hemoglobiini	g/l	A	597	217
vb-hemoglobiini	g/l	L	297	98
vb-hemoglobiini	g/l	H	10	8
vb-hemoglobiini(totaali),laskimoveri	g/l	L	54	14
vb-hemoglobiini(totaali),laskimoveri	g/l	A	10	9
vb-het-ion		N	4225	1654
vb-het-oks		N	8	8
vb-hetiogl		N	113	101
vb-hetiong		N	347	215
vb-hiilidioksidiosapaine	kpa	A	570	307
vb-hiilidioksidiosapaine	kpa	N	43	37
vb-hiilidioksidiosapaine	kpa	L	36	30
vb-hiilidioksidiosapaine,vierilaitteella	kpa	N	9	8
vb-hiilimonoksidi-hb	%	N	6461	2600
vb-hiilimonoksidi-hb	%	A	293	169
vb-hiilimonoksidi-hb		N	16	12
vb-hiilimonoksidi-hb		A	22	16
vb-hiilioksidiosapaine,vierilaitteella	kpa	N	9	8
vb-hiilioksidiosapaine,vierilaitteella	kpa	L	15	8
vb-hkr-vt		N	27	16
vb-kalsium,ionisoitunut,ph7.4-korjattu	mmol/l	A	159	117
vb-kalsium,ionisoitunut,ph7.4-korjattu	mmol/l	N	46	33
vb-kalsium,ionisoitunut,ph7.4-korjattu	mmol/l	L	34	21
vb-kokonaishemoglobiini,verikaasuanalysaattorista	g/l	N	3332	1746
vb-kokonaishemoglobiini,verikaasuanalysaattorista	g/l	H	325	177
vb-kokonaishemoglobiini,verikaasuanalysaattorista	g/l	L	1659	586
vb-kokonaishemoglobiini,verikaasuanalysaattorista	g/l	A	3954	1591
vb-kokonaishemoglobiini,verikaasuanalysaattorista		N	17	13
vb-krea-hy	umol/l	A	11	11
vb-laktaat	mmol/l	A	3058	1842
vb-laktaat		A	16	15
vb-methemoglobiini	%	N	6356	2599
vb-methemoglobiini	%	A	396	212
vb-methemoglobiini		A	25	25
vb-methemoglobiini		N	16	12
vb-na	mmol/l	A	7	6
vb-o2-sis	%	A	2450	1353
vb-o2-sis	%	N	49	43
vb-o2-vol	%	N	2970	1683
vb-o2-vol	%	L	11639	3369
vb-o2-vol	%	A	252	67
vb-o2-vol	%	H	522	399
vb-o2hb	%	A	395	79
vb-o2sat	%	H	10198	3649
vb-o2sat	%	L	12511	5738
vb-o2sat	%	N	11015	3041
vb-o2sat		L	373	279
vb-o2sat	%	A	1488	614
vb-o2sat		H	212	181
vb-o2sat		A	61	45
vb-o2sat		N	25	25
vb-o2sat1	%	N	19	19
vb-o2sat2	%	N	19	19
vb-pco2	kpa	A	42229	15557
vb-pco2	kpa	L	22195	7857
vb-pco2	kpa	N	45695	13488
vb-pco2	kpa	H	5417	2673
vb-pco2		A	25	24
vb-pco2	kpa	HH	312	90
vb-pco2		N	139	124
vb-pco2	kpa	LL	10	8
vb-pco2-vt	kpa	A	132	107
vb-pco2-vt		A	187	155
vb-pco2-vt	kpa	N	22	12
vb-ph	ph	A	34194	13053
vb-ph	ph	N	44005	13876
vb-ph	ph	H	15866	6467
vb-ph	ph	L	12164	4089
vb-ph	ph	LL	482	312
vb-ph		A	751	328
vb-ph		N	137	122
vb-ph	ph	HH	23	20
vb-ph(t)		A	8	7
vb-ph-vt		A	219	166
vb-ph-vt		N	30	15
vb-phpika		A	348	305
vb-po2	kpa	A	41666	17120
vb-po2	kpa	N	24871	7981
vb-po2	kpa	L	15496	8259
vb-po2	kpa	H	11119	4344
vb-po2		N	58	52
vb-po2	kpa	LL	376	279
vb-po2	kpa	HH	78	43
vb-po2		A	38	36
vb-po2(t)	kpa	A	6	6
vb-po2(t)		A	7	7
vb-sbc	mmol/l	A	42	42
vb-shco3	mmol/l	A	7247	2565
vb-shco3	mmol/l	L	2633	1142
vb-shco3	mmol/l	H	1158	449
vb-shco3		A	58	38
vb-shco3	mmol/l	HH	140	49
vb-shco3		L	22	16
vb-standardibikarbonaatti	mmol/l	A	4763	2107
vb-standardibikarbonaatti	mmol/l	L	1642	743
vb-standardibikarbonaatti	mmol/l	N	3460	1873
vb-standardibikarbonaatti	mmol/l	H	644	244
vb-standardibikarbonaatti	mmol/l	HH	10	6
vb-standardibikarbonaatti		N	17	13
vb-temp	°c	N	10	10
vb-thb	g/l	A	7234	2436
vb-thb	g/l	L	3270	989
vb-thb	g/l	H	369	239
vb-thb		A	21	20
vb-thb		L	12	9
vb-to2c	ml/dl	A	343	50
vb-vekaas		N	879	606
vb-vekaas5,agapk	mmol/l	N	54	34
vb-vekaas5,be(ecf)	mmol/l	L	11	9
vb-vekaas5,be(ecf)	mmol/l	N	35	25
vb-vekaas5,be(ecf)	mmol/l	H	15	10
vb-vekaas5,ca++	mmol/l	L	27	17
vb-vekaas5,ca++	mmol/l	N	34	29
vb-vekaas5,chco3	mmol/l	N	42	29
vb-vekaas5,chco3	mmol/l	H	14	10
vb-vekaas5,chgb	g/l	N	43	30
vb-vekaas5,chgb	g/l	L	11	8
vb-vekaas5,chgb	g/l	H	6	6
vb-vekaas5,cl-	mmol/l	H	15	10
vb-vekaas5,cl-	mmol/l	N	34	28
vb-vekaas5,crea	umol/l	H	24	10
vb-vekaas5,crea	umol/l	N	32	25
vb-vekaas5,cso2	%	L	51	34
vb-vekaas5,cso2	%	N	8	8
vb-vekaas5,ctc02	mmol/l	N	39	27
vb-vekaas5,ctc02	mmol/l	H	16	11
vb-vekaas5,glu	mmol/l	N	15	10
vb-vekaas5,glu	mmol/l	H	44	29
vb-vekaas5,hct	l/l	N	40	30
vb-vekaas5,hct	l/l	L	17	12
vb-vekaas5,k+	mmol/l	N	43	31
vb-vekaas5,k+	mmol/l	L	10	8
vb-vekaas5,lac	mmol/l	H	29	21
vb-vekaas5,lac	mmol/l	N	26	18
vb-vekaas5,na+	mmol/l	N	36	27
vb-vekaas5,na+	mmol/l	L	21	13
vb-vekaas5,pco2	kpa	L	29	23
vb-vekaas5,pco2	kpa	N	30	23
vb-vekaas5,ph		N	40	26
vb-vekaas5,ph		H	19	15
vb-vekaas5,po2	kpa	N	21	15
vb-vekaas5,po2	kpa	H	18	14
vb-vekaas5,po2	kpa	L	23	18
vb-vekavt4		N	40	16
vb-verikaasuanalyysi,epocvierilaitteella		N	11	10
vb-verikaasuanalyysi,laaja		A	121	87
vb-verikaasuanalyysi,laaja		N	18	17
vb-verikaasuanalyysi,perus		A	712	269
vb-vklaaja		A	495	213
vb-vkperus		A	3500	968
vbhco3pika	mmol/l	A	12	11
vbpco2pika	kpa	A	502	418
vcs		N	15	12
vehnjae		A	7	6
vehnjae	u/ml	A	26	26
vehnjae		N	9	7
vehnä,ruok		A	14	14
vehnä,ruok	u/ml	A	40	37
vehnä,sipö	u/ml	A	6	6
vehnäjauho,igevasta-aineet		N	13	13
vehnäjauhojakomponentit(f4),igevasta-aineet		N	6	6
vehnäjauhojakomponentit(f4),vasta-aineet		N	10	10
vekapak1		N	216699	18680
vekapak4		N	946	43
verenhemoglobiini	g/l	A	6	6
verenhemoglobiini	g/l	N	23	17
verensokeri		N	22	17
verensokeri,tk:ntekemä		N	52	48
verensokeripikatesti	u	N	18	11
verensopivuuskoenäyte		N	47	21
verenvalkosolujenerittelylaskennanmikrosk.tarkistus		N	841	408
verenvalkosolujenerittelylaskenta		N	52	39
verenvalkosolut	e9/l	N	1790	538
verenvalkosolut	e9/l	H	1011	328
verenvalkosolut	e9/l	L	45	26
veri		N	57	38
veri,virtsasta(osoitus),osatutk.		A	183	140
verialtistus,tutkimuksetaltistuneesta		N	9	7
verikaasuanalyysi,kapillaariveri		N	9	7
veriryhmä+veriryhmäkortt		N	7	7
veriryhmäjarh		N	36	32
veriryhmäjarh,spr		N	74	69
veriryhmäkortti		N	7	7
veriryhmävasta-aineet,raskaudenaikaiset		N	74	69
veriryhmävasta-aineet,raskaudenaikaiset,veri		N	11	11
veriryhmävasta-aineet,seulonta		N	12	11
veriryhmävasta-aineet,seulonta		A	51	29
veriryhmävasta-aineet,seulonta,plasmasta		A	189	94
veriryhmävasta-aineet,seulonta,spr		N	74	69
veritapaturmatutkimus,mahdollisentartunnanlähde		N	7	7
veritartunnankohde		N	31	21
veritartuntatutk.lähde		N	6	6
vertcea	ug/l	A	10	9
vesirokkovirus,igg-vasta-aineetseerumista	iu/l	N	19	19
vesirokkovirus,iggvasta-aineet	eiu	N	18	18
vesirokkovirus,iggvasta-aineet	miu/ml	N	10	10
vesirokkovirus,nukleiinihappo(kval),likvori		N	12	11
vibriospp.(vulnificus/parahaemolyticus/cholerae		N	36	35
vibriospp.(vulnificus/parahaemolyticus/cholerae)		N	395	312
vibrnho		N	233	213
vieri-inr	inr	A	65	63
virdonor		N	47	46
virtaustilavuus-spirometriajabronkodil.		N	8	8
virtaustilavuus-spirometriajabronkodil.koelausunnolla		N	52	49
virtsam.	ml	N	11	11
virtsam.		N	312	180
virtsanalb/kreasuhde	mg/mmol	N	2227	2121
virtsanalb/kreasuhde	mg/mmol	H	827	655
virtsanbakteerinjatkoviljelyjaherkkyys(u-baktjvi)		N	28	26
virtsanbakteeriviljely		A	318	197
virtsanbakteeriviljely		N	10	10
virtsanglukoosi		N	25	24
virtsankemiallinenseulonta		N	66	60
virtsankemseu-stixtutkimusoma		N	6	6
virtsanlieriösolut		N	7	6
virtsanlieriöt	e6/l	N	12	9
virtsanlieriöt		N	16	13
virtsanliuskatesti		N	28	20
virtsanmikroalbumiini:u-albumiininja-kreatiniininsuhde		N	69	51
virtsanmikroalbumiini:u-albumiininja-kreatiniininsuhde		A	21	14
virtsannitriitti,vieritesti␤		A	6	6
virtsanpartikkelienperuslaskenta		N	34	27
virtsanpikatutkimus		N	30	16
virtsanproteiini		N	27	25
virtsansakka(u-sakka)		A	9	9
virtsansokeri		N	17	16
virtsansolujenhl7-siirtoon	e6/l	N	1929	1105
virtsansolujenhl7-siirtoon	e6/l	A	622	459
virtsansolujenhl7-siirtoon	e6/l	H	473	391
virtsansolujenhl7-siirtoon		N	14	7
virtsansuhteellinentiheys	kg/l	N	70	56
virtsansuhteellinentiheys	kg/l	L	16	15
virtsatutkimus(vo:nyhteydessäotettu),tth		N	93	80
virtsatutkimus(vo:nyhteydessäotettu),tth		A	13	9
virtsatutkimus2,seulontajaviljely		N	15	12
vitascreen		N	514	453
vitascreen		A	6	6
vitascreen,paketti		N	103	90
vkorc1-geeninnukleotidivariaatiot,dna-tutkimus		N	75	73
vldlkolestroli(osatutkimus)	mmol/l	N	43	40
vonwillebrand-tekijä,aktiivi	%	N	22	11
vp-ca-ion	mmol/l	A	2110	1187
vp-cl	mmol/l	A	3297	1935
vp-gluk	mmol/l	A	2282	1254
vp-gluk-0h		N	385	311
vp-gluk-0h	mmol/l	N	574	452
vp-gluk-1h	mmol/l	N	193	133
vp-gluk-1h		N	134	104
vp-gluk-2h	mmol/l	N	574	452
vp-gluk-2h		N	369	296
vp-gluk20m		N	11	11
vp-gluk40m		N	11	11
vp-glukoosi,0-näyte	mmol/l	N	63	60
vp-glukoosi,2h	mmol/l	N	62	59
vp-happamuusaste		A	936	264
vp-hco3st	mmol/l	A	58	34
vp-k	mmol/l	A	1524	946
vp-laktaat	mmol/l	A	2203	1412
vp-na	mmol/l	A	3165	1665
vp-ph		A	2028	534
vp-ple		N	9	9
vp-shco3	mmol/l	A	4296	764
vp-shco3		A	27	20
vt-hbcab		N	41	39
vt-hbsab	iu/l	N	69	56
vt-hbsab		N	36	27
vt-hcvab		N	108	69
vt-hcvab		A	14	14
vt-hcvkomb		N	65	54
vt-hepatiittib-virus,s-antigeeni		N	41	39
vt-hepatiittic-virus,antigeenijavasta-aineet,yhdist.osatutkimus		N	13	12
vt-hepatiittic-virus,antigeenijavasta-aineet,yhdistelmätutkimus		N	9	9
vt-hivagab		N	127	88
vymp	cm	H	109	107
vzvnho		A	7	7
wbc-largecellcount	e9/l	A	26	11
xxbaso	%	N	180	145
xxbaso	%	A	20	17
xxeos	%	N	171	144
xxeos	%	A	29	26
xxlymf	%	A	32	25
xxlymf	%	N	168	145
xxmono	%	N	188	152
xxmono	%	A	12	12
xxneut	%	N	186	153
xxneut	%	A	14	12
yersinia		N	391	308
yersinia		A	8	8
yersiniaenterocolitica		N	37	36
yersnho		N	233	213
yersnho		A	38	38
yksinkertainenhistologinentutkimus		N	261	237
yleinenkosteusvauriopaneeli,igevasta-aineet		N	23	23
yöpolygrafia		N	8	8
yöpolygrafia,ambulatorinen,suppeaunirekisteröintikotona		N	6	6
zb-ahco3	mmol/l	A	1181	306
zb-aktuaalibikarbonaatti	mmol/l	A	78	41
zb-aktuaalibikarbonaatti	mmol/l	N	55	20
zb-be	mmol/l	A	1798	429
zb-emäsylimäärä		A	88	49
zb-emäsylimäärä		L	17	9
zb-emäsylimäärä		N	19	10
zb-emäsylimäärä	mmol/l	A	68	30
zb-emäsylimäärä	mmol/l	N	18	7
zb-happikyllästeisyys(hemoglobiini)	%	A	230	87
zb-happikyllästeisyys(hemoglobiini)	%	N	28	15
zb-happikyllästeisyys(hemoglobiini)	%	H	18	11
zb-happikyllästeisyys(hemoglobiini)	%	L	14	9
zb-hbo2sat	%	A	2664	512
zb-hbo2sat		A	41	7
zb-o2-vol	%	A	3773	591
zb-o2-vol	%	N	27	13
zb-o2-vol	%	L	33	12
zb-o2-vol	vol%	A	50	12
zb-pco2	kpa	A	1150	392
zb-pco2	kpa	H	9	6
zb-pco2	kpa	N	51	20
zb-ph		A	1412	438
zb-ph		N	45	20
zb-ph		L	13	8
zb-ph(t)		A	30	11
zb-po2	kpa	A	1139	431
zb-po2	kpa	H	30	12
zb-po2	kpa	N	27	13
zb-po2(t)	kpa	A	124	12
äit-seula		N	52	52
äitiseulanosatutkimus		N	25	15
äitiysseulas-hepatiittibvirus,pinta-antigeeni		N	7	7
äitiysseulas-hivirus,antigeenijavasta-aineet,yhdistelmätutk.		N	7	7
äitiysseulas-treponemapallidum,vasta-aineet		N	7	7
ögontryck		N	9	9
överg.epit		N	19	15
