TEST_NAME	MEASUREMENT_UNIT	value_source	n_records	n_subjects
b-eryt	e12/l	Source	8060272	463815
e-mcv	fl	Source	10031048	470987
b-hkr	%	Source	4829967	323255
b-hb	g/l	Source	10074670	471026
e-mchc	g/l	Source	6816912	370926
e-mch	pg	Source	10034823	470794
b-leuk	e9/l	Source	7626251	461023
b-trom	e9/l	Source	7900350	462589
s-t4-v	pmol/l	Source	242852	113505
fp-gluk	mmol/l	Source	1532255	375154
b-hb-a1c	%	Source	43496	26771
s-k	mmol/l	Source	138252	71399
fs-kol	mmol/l	Source	256230	110265
fs-kol-hdl	mmol/l	Source	255364	109847
fs-kol-ldl	mmol/l	Source	256263	110309
s-ck	u/l	Source	11560	8894
s-na	mmol/l	Source	124117	68077
fs-trigly	mmol/l	Source	259859	110963
s-tsh	miu/l	Source	95774	51625
b-hba1c	mmol/mol	Source	1621942	370732
s-afos	u/l	Source	62976	42215
s-amyl	u/l	Source	10384	8915
s-asat	u/l	Source	22999	15342
s-crp	mg/l	Source	154064	76537
s-gt	u/l	Source	178336	95682
u-ph	ph	Source	292049	106330
cb-hbo2sat	%	Source	27897	9221
cb-be	mmol/l	Source	63917	18924
cb-hco3-st	mmol/l	Source	64098	15292
p-hco3	mmol/l	Source	268392	30640
p-ca-ion.	mmol/l	Source	356773	39421
p-gluk	mmol/l	Source	1188915	241358
cb-ph	ph	Source	86842	24117
cb-po2	kpa	Source	47698	11804
cb-pco2	kpa	Source	107752	28199
p-k	mmol/l	Source	6741733	412785
fp-laktaat	mmol/l	Source	299151	32611
p-ca-iona	mmol/l	Source	404656	45538
p-na	mmol/l	Source	6704565	413489
b-la	mm/h	Source	1239534	306478
s-uraat	umol/l	Source	36444	23688
s-ccpab	eliau/ml	Source	5657	5282
e-rdw	%	Source	5843575	349407
p-crp	mg/l	Source	3941035	321913
p-krea	umol/l	Source	7092868	406768
pt-gfre	ml/min/173m2	Source	1214362	215202
p-ck	u/l	Source	261065	120043
p-ck-mbm	ug/l	Source	69830	29687
b-hkr	ratio	Source	5112547	289806
p-tnt	ng/l	Source	404700	105727
vb-hb-co	%	Source	63013	20034
p-alat	u/l	Source	4341872	409453
p-tni	ng/l	Source	218205	55618
tromboplastiiniaika,inr-tulostus,plasma	inr	Source	11740	2775
b-erytrosyytit	e12/l	Source	324095	72924
b-erytrosyytit,tilavuusosuus	ratio	Source	299805	67584
e-erytrosyytit,kokojakaumaindeksi	%	Source	75220	8724
b-erytroblastit	e9/l	Source	151955	27028
b-leukosyytit	e9/l	Source	369235	82071
b-trombosyytit	e9/l	Source	323140	74121
pt-glomerulussuodosnopeus,estimoitu,ckd-epi-kaava(pt-gfre-3osatutkimus)	ml/min/173m2	Source	61771	8121
vb-ph	ph	Source	90620	24106
vb-po2	kpa	Source	134247	37200
vb-pco2	kpa	Source	187454	44614
vb-hbo2sat	%	Source	71459	21371
vb-be	mmol/l	Source	127190	34704
vb-hco3-st	mmol/l	Source	104847	21633
s-b12-tc2	pmol/l	Source	176983	105009
s-d-25	nmol/l	Source	380387	165608
s-ferrit	ug/l	Source	228331	97993
fs-folaat	nmol/l	Source	164039	103600
fp-krea	umol/l	Source	763214	110113
s-tsh	mu/l	Source	248600	128301
s-rf	iu/ml	Source	11352	10236
p-uraat	umol/l	Source	226239	81041
p-afos	u/l	Source	2453755	302845
p-amyl	u/l	Source	342965	127025
p-asat	u/l	Source	445588	133424
p-bil	umol/l	Source	1374808	214584
p-gt	u/l	Source	718741	231280
s-ccpab	u/ml	Source	30370	24775
e-erytrosyytit,keskitilavuus	fl	Source	101085	30518
b-erytrosyytit,tilavuusosuus	%	Source	85074	17321
b-hemoglobiini	g/l	Source	172668	50720
e-hemoglobiini,keskimassakonsentraatio	g/l	Source	111181	32526
e-hemoglobiini(massa)	pg	Source	79896	14987
e-punasolujenkokojakauma	%	Source	196934	51618
p-natrium	mmol/l	Source	106413	33754
p-kalium	mmol/l	Source	106850	33554
p-c-reaktiivinenproteiini	mg/l	Source	41016	8753
p-kreatiniini	umol/l	Source	116977	38296
pt-glomerulussuodosnopeus,estimoitu	ml/min/173m2	Source	94717	25083
p-alaniiniaminotransferaasi	u/l	Source	56153	21984
p-natriureettinenpeptidi,b-tyypinn-terminaalin	ng/l	Source	4682	2312
p-tyreotropiini	mu/l	Source	31679	20570
p-tyroksiini,vapaa	pmol/l	Source	27695	17673
e-punasolujenkokojakaum	%	Source	55570	36380
p-fidd	mg/l	Source	117832	66281
s-mypnabg	eiu	Source	7564	6367
s-mypnabm	s/co	Source	1089	952
lymfosyytit,3-osa	%	Source	2068	1750
neutrofiilit,3-osa	%	Source	2068	1750
muut,3-osa	%	Source	2070	1752
b-neutrofiilit,3-osa	e9/l	Source	2068	1750
b-lymfosyytit,3-osa	e9/l	Source	2067	1750
glom.suod.nopeusckd-epi	ml/min/173m2	Source	25374	19545
u-leuk	e6/l	Source	295344	107208
u-ph-o	ph	Extracted	11734	9393
p-troponiinii	ng/l	Source	7302	3444
s-alat	u/l	Source	323441	128728
u-ph	ph	Extracted	341977	114581
s-cea	ug/l	Source	87852	23245
fs-krea	umol/l	Source	277772	123620
punasolujenkokojakauma	%	Source	155883	44869
f-calpro	ug/g	Source	131678	50763
rdw	%	Source	6273	2819
s-pappa	mu/l	Source	33757	22951
s-hcg-b-v	ug/l	Source	15993	10532
p-aptt	s	Source	143680	65433
p-tt-inr	inr	Source	922920	137624
b-eos	e9/l	Source	1093111	199815
s-tsh	miu/l	Extracted	21304	15447
b-baso	e9/l	Extracted	359144	69500
b-ly	e9/l	Source	784145	156373
b-monos	e9/l	Extracted	374732	75551
b-neut	e9/l	Extracted	684525	96411
p-krea	umol/l	Extracted	598371	123657
l-neut(a)	%	Extracted	48894	16672
l-lymf(a)	%	Extracted	50575	17332
l-mono(a)	%	Extracted	49710	16936
l-eos(a)	%	Extracted	49328	16917
l-baso(a)	%	Extracted	48073	16357
b-erblast	e9/l	Extracted	314388	55123
b-leuk	e9/l	Extracted	2613176	232151
b-eryt	e12/l	Extracted	2700395	245270
b-trom	e9/l	Extracted	2441671	214278
e-rdw	%	Extracted	443300	85622
fp-gluk	mmol/l	Extracted	373599	120352
fp-kol-hdl	mmol/l	Extracted	235493	87336
fp-kol-ldl	mmol/l	Extracted	294523	104828
fp-kol	mmol/l	Source	1161566	323004
fp-trigly	mmol/l	Extracted	239311	89553
p-k	mmol/l	Extracted	701622	140513
p-na	mmol/l	Extracted	616006	124576
s-korsol	nmol/l	Source	43731	20062
p-t4-v	pmol/l	Extracted	203549	68817
p-tsh	mu/l	Extracted	344367	111126
p-crp-oma	mg/l	Source	1613	702
s-b12-tc2	pmol/l	Extracted	45941	28640
b-la	mm/h	Extracted	149974	63570
fe-folaat	nmol/l	Source	76801	54542
p-alb	g/l	Source	871853	172463
p-ca	mmol/l	Extracted	24978	17932
p-ca-albk	mmol/l	Extracted	18841	13368
pt-gfreepi	ml/min/173m2	Extracted	502802	113972
s-prl	mu/l	Source	28244	16836
lymfo	%	Source	7681	5973
neutro	%	Source	7682	5976
muut	%	Source	8051	6244
b-neutrof	e9/l	Source	11553	6967
b-lymfosy	e9/l	Source	7747	6033
s-fsh	u/l	Source	14307	11162
fs-folaat	nmol/l	Extracted	26452	18840
s-prealb	mg/l	Source	38109	16019
p-afos	u/l	Extracted	179630	71293
s-ttgaba	u/ml	Source	32275	26929
fp-kol-hdl	mmol/l	Source	1111932	317838
fp-trigly	mmol/l	Source	1105149	315774
fp-kol-ldl	mmol/l	Source	1266084	329745
kol/hdlsuh	ratio	Source	66520	40201
non-hdl	mmol/l	Source	37719	27441
f-calpro	ug/g	Extracted	13214	8824
p-tt	%	Source	466009	109826
pt-gfre	ml/min/173m2	Extracted	1351858	133272
p-tsh	mu/l	Source	1316482	310861
pt-gfreepi	ml/min/173m2	Source	2256308	256010
p-t4v	pmol/l	Source	90253	28197
hdl/kol	%	Source	131590	34448
b-ghb-a1c	%	Source	48918	28782
b-pyruv	umol/l	Source	400	298
p-myogl	ug/l	Source	34594	15028
p-psa	ug/l	Source	354999	82095
p-bil-kj	umol/l	Source	124904	42917
p-gluk	mmol/l	Extracted	34513	23614
ca-ion	mmol/l	Extracted	27209	12378
b-monos	e9/l	Source	965563	183156
b-eosin	e9/l	Source	12144	5155
b-neut	e9/l	Source	1798971	225001
l-lymfos	%	Source	83976	17848
l-monos	%	Source	435259	81241
b-basof	e9/l	Source	4732	2386
b-lymfos	e9/l	Source	4466	2359
b-neutr	e9/l	Source	7726	3525
l-eosin	%	Source	82764	17702
l-basof	%	Source	84570	18108
l-neutr	%	Source	88708	18980
14272	e9/l	Source	79059	9362
p-korsol	nmol/l	Source	51530	22624
l-bla	%	Source	9308	2827
l-prom	%	Source	10075	3167
l-myel	%	Source	13605	4391
l-metam	%	Source	7296	2445
l-nst	%	Source	7568	2559
l-nlt	%	Source	8001	2642
l-lymf	%	Source	292067	53171
l-mono	%	Source	60592	13552
l-eos	%	Source	946220	142651
l-baso	%	Source	930981	140446
cb-be	mmol/l	Extracted	36600	13139
s-pct	ug/l	Source	4418	2671
13189	%	Source	558	397
pf-ld	u/l	Source	4785	3660
pf-leuk	e6/l	Source	4958	3515
pf-prot	g/l	Source	7348	5145
s-ada	u/l	Source	4147	2996
pf-cea	ug/l	Source	765	636
pf-ada	u/l	Source	3550	2821
pf-pmn	%	Source	562	398
pf-laktaat	mmol/l	Source	994	772
s-prot	g/l	Source	87672	32846
p-ld	u/l	Source	215925	48676
p-cea	ug/l	Source	51055	12446
s-aspfumg	mg/l	Source	685	539
s-aspfume	u/ml	Source	2772	1989
s-ige	u/ml	Source	34204	26235
p-iga	g/l	Source	52605	34001
p-igg	g/l	Source	73262	24777
p-igm	g/l	Source	38234	20050
b-baso	e9/l	Source	1026618	190038
s-ana	titre	Source	17068	13118
b-nk	e6/l	Source	5898	2078
b-cd4	e6/l	Source	3893	1258
b-cd8	e6/l	Source	3892	1258
cd4/cd8	ratio	Source	3739	1209
b-cd19	e6/l	Source	3891	1257
b-cd3	e6/l	Source	3891	1257
ly-cd3	%	Source	3726	1795
ly-cd4	%	Source	3726	1795
ly-cd8	%	Source	3725	1795
ly-cd19	%	Source	3462	1701
ly-cd16/56	%	Source	3462	1700
pf-eryt	e6/l	Source	3443	2487
p-probnp	ng/l	Source	318122	102613
s-nse	ug/l	Source	10085	5100
pt-glomerulussuodosnopeus,estimoitu,ckd-epi-kaava	ml/min/173m2	Source	204955	42988
p-trigly	mmol/l	Source	219601	112766
p-ca	mmol/l	Source	399399	101632
p-kol	mmol/l	Source	235391	117086
p-kol-hdl	mmol/l	Source	221307	112975
p-kol-ldl	mmol/l	Source	340920	137189
pt-glumerulussuodosnopeus,estimoitu,cjd-epikaava	ml/min/173m2	Source	6297	2459
b-c-resktiivinenproteiini	mg/l	Source	1192	710
u-albkre	mg/mmol	Source	243480	79543
u-albumiini	mg/l	Source	16272	10871
u-kreatiniini	mmol/l	Source	25030	16744
u-alb	mg/l	Extracted	52062	23156
u-krea	mmol/l	Extracted	92531	37208
u-albkre	mg/mmol	Extracted	51399	22838
p-tni	ug/l	Source	25059	7728
b-laktteh	mmol/l	Source	59507	9983
p-tnih	ng/l	Source	1974	1014
b-erybla	e9/l	Source	1050891	95571
p-vrab-o	estimate	Source	10636	8202
s-trigly	mmol/l	Source	30438	26948
s-kol	mmol/l	Source	33507	28081
s-kol-hdl	mmol/l	Source	33871	27876
s-kol-ldl	mmol/l	Source	30028	26625
s-lipoa1	g/l	Source	16694	15755
s-lipob	g/l	Source	16695	15756
s-apob/apoa1-suhde	ratio	Extracted	16805	15846
b-crp-vt	mg/l	Source	17701	11286
s-caph7.4	mmol/l	Source	5238	2741
s-ca-akt	mmol/l	Source	5288	2755
b-lymf	e9/l	Source	275665	50808
l-neut	%	Source	386679	72773
s-cdt	%	Source	89766	52886
p-t4-v	pmol/l	Source	904579	245245
u-alb-o	estimate	Source	121087	42385
u-keto-o	estimate	Source	146947	46314
u-eryt-o	estimate	Source	115915	41394
u-gluk-o	estimate	Source	134384	43867
u-leuk-o	estimate	Source	116930	42085
u-nitr-o	estimate	Source	136691	45229
u-eryt	e6/l	Source	274628	98012
u-osmest	mosm/kgh2o	Source	89561	30600
u-epit	e6/l	Source	169688	67207
u-lier	e6/l	Source	195787	72443
s-ca-ion	mmol/l	Source	482513	120020
s-ca(7.4)	mmol/l	Source	116409	29591
s-ph(akt)	ph	Source	98441	24728
b-retik	e9/l	Source	69300	28425
e-retik	%	Source	121880	45500
e-rethe	pg	Source	12154	5602
l-blastit	%	Source	23847	6652
l-promyel	%	Source	23432	6431
l-myelos	%	Source	22499	6093
l-metamye	%	Source	18882	5084
b-peth	mg/l	Source	18629	10166
p-ca-ion	mmol/l	Source	37154	15941
p-angap	mmol/l	Source	4593	2525
b-hb-co	%	Source	82148	17085
b-hb-met	%	Source	81067	16654
p-k-veka	mmol/l	Source	22023	7623
p-cl	mmol/l	Source	441345	56017
vb-laktaat	mmol/l	Source	17603	6206
p-ca(7.4)	mmol/l	Source	23257	8841
vb-o2-sis	%	Source	14860	5427
p-na-veka	mmol/l	Source	22025	7620
vb-ahco3	mmol/l	Source	37230	10100
vb-temp	°c	Source	18946	6044
vb-hb	g/l	Source	61616	16978
vb-gluk	mmol/l	Source	16911	5742
glomerulussuodosnopeus,estimoitu,ckd-epi-kaava	ml/min/173m2	Source	58183	13908
kalsium,albumiinikorjattu	mmol/l	Source	3797	3034
happamuusaste,seerumi	ph	Source	4823	2236
kalsium,ionisoitunut(7.4),seerumi	mmol/l	Source	9434	3757
s-kudostransglutaminaasi,igavasta-aineet	u/ml	Source	2058	1958
s-testo	nmol/l	Source	77727	35860
hemoglobiini,hiilimonoksidi,veri	%	Source	3801	2112
methemoglobiini,veri	%	Source	4108	2227
happamuusaste,laskimoveri	ph	Source	3552	1987
kalium(verikaasulaite),plasma	mmol/l	Source	3813	2117
kloridi,plasma	mmol/l	Source	4201	2262
laktaatti(verikaasulaite),laskimoveri	mmol/l	Source	3272	1902
kalsium,ionisoitunut(7.4),plasma	mmol/l	Source	4136	2271
happisisältö,laskimoveri	%	Source	3569	1984
natrium(verikaasulaite),plasma	mmol/l	Source	3815	2117
bikarbonaatti(aktuaali),laskimoveri	mmol/l	Source	3593	1993
emäsylimäärä,laskimoveri	mmol/l	Source	2439	1615
potilaanlämpötila	°c	Source	5158	2673
hemoglobiini(totaali),laskimoveri	g/l	Source	3479	1960
glukoosi(verikaasulaite),laskimoveri	mmol/l	Source	3275	1901
troponiinit	ng/l	Source	4958	2521
tromboplastiiniaika,aktivoitu,partiaalinen,plasma	s	Source	406	319
tromboplastiiniaika,inr-tulostus	inr	Source	9382	2334
b-eosinofiilit	e9/l	Source	51909	20234
b-basofiilit	e9/l	Source	17451	6665
b-monosyytit	e9/l	Source	36457	14087
b-lymfosyytit	e9/l	Source	41892	16613
l-lymfosyytti	%	Source	11080	3614
l-neutrofiilit	%	Source	70969	25470
b-neutrofiilit	e9/l	Source	74600	22801
l-eosinofiili	%	Source	11080	3614
l-basofiili	%	Source	11396	3762
l-monosyytti	%	Source	17110	6655
p-tfr	mg/l	Source	152688	68858
p-prealbumiini	g/l	Source	1203	864
p-ferrit	ug/l	Source	415078	136418
p-tt-inr	inr	Extracted	469158	59248
fb-b1-vit	nmol/l	Source	3061	2404
s-b12-vit	pmol/l	Source	76626	49969
fp-urea	mmol/l	Source	124755	16002
p-ige	u/ml	Source	5482	4231
s-sappih	umol/l	Source	9103	3665
b-fosfatidyylietanoli	umol/l	Source	4787	2866
p-mg	mmol/l	Source	247847	65750
li-erytrosyytit	e6/l	Source	163	155
fp-nh4-ion	umol/l	Source	22919	8418
li-gluk	mmol/l	Source	13384	10202
li-prot	mg/l	Source	15656	11422
fp-pi	mmol/l	Source	175212	31422
e-mcv	fl	Extracted	860990	141452
b-hkr	%	Extracted	190882	43811
b-hb	g/l	Extracted	876843	140720
e-mchc	g/l	Extracted	306097	70895
e-mch	pg	Extracted	857124	140937
b-ghb-a1c	%	Extracted	38144	24328
b-hba1c	mmol/mol	Extracted	354881	102718
b-eos	e9/l	Extracted	383220	72019
b-ly	e9/l	Extracted	336884	64075
s-rf	u/ml	Extracted	1809	1696
p-crp	mg/l	Extracted	327483	78084
p-alat	u/l	Extracted	485288	118858
p-ck	u/l	Extracted	17916	12358
p-alb	g/l	Extracted	50903	29122
p-gt	u/l	Extracted	101437	45534
p-pi	mmol/l	Extracted	6632	3063
p-mg	mmol/l	Extracted	11979	6974
e-retik	%	Extracted	11872	8115
fe-folaat	nmol/l	Extracted	27158	19273
p-tfr	mg/l	Extracted	35718	20537
p-ferrit	ug/l	Extracted	65306	32333
nu-albkrea	mg/mmol	Extracted	9489	5933
s-cea	ug/l	Extracted	2342	1508
p-amylp	u/l	Extracted	5280	4126
p-amylp	u/l	Source	91258	36909
p-bil	umol/l	Extracted	45660	25350
p-tt	%	Extracted	5994	3944
p-inr	inr	Extracted	386450	19031
p-asat	u/l	Extracted	20835	13532
l-neut(a)	%	Source	591336	77834
l-mono(a)	%	Source	589871	77781
l-baso(a)	%	Source	93266	26502
l-eos(a)	%	Source	92082	26273
l-lymf(a)	%	Source	589553	77721
b-erblast	e9/l	Source	313993	60226
p-rf	iu/ml	Source	11376	9694
s-ast	iu/ml	Source	2043	1866
u-alb	mg/l	Source	249146	83424
u-krea	mmol/l	Source	393097	121079
nu-albkrea	mg/mmol	Source	11440	6637
b-tbifng	iu/ml	Source	2858	2632
s-ph	ph	Source	234685	63938
s-ca-iona	mmol/l	Source	382969	90453
s-cmvabg	au/ml	Source	3508	2738
s-parvabg	titre	Source	510	433
s-evircf	titre	Source	408	354
s-infacf	titre	Source	315	277
s-infbcf	titre	Source	588	513
s-rsvcf	titre	Source	597	515
s-toxocf	titre	Source	120	108
s-pincf	titre	Source	702	603
s-album	g/l	Source	25450	10857
s-alfa-1	g/l	Source	27729	11908
s-alfa-2	g/l	Source	27664	11849
s-beta-1	g/l	Source	27407	11673
s-beta-2	g/l	Source	27354	11644
s-gamma	g/l	Source	28579	12586
s-mkomp-1	g/l	Source	29847	12751
s-mkomp-2	g/l	Source	27037	11516
s-mkomp-3	g/l	Source	25610	10715
s-mkomp-4	g/l	Source	25593	10693
p-haptog	g/l	Source	18313	11196
u-osmole	mosm/kgh2o	Source	74928	32218
s-afp	u/ml	Source	18183	6061
s-ca12-5	u/ml	Source	43238	13093
s-ca15-3	u/ml	Source	23073	6188
s-tati	nmol/l	Source	551	482
fp-cga	nmol/l	Source	10000	3154
s-borrabm	responseequivalent/ml	Source	2780	2162
s-vlseabg	au/ml	Source	1332	980
s-vlseabm	au/ml	Source	2311	1766
u-levyep	e6/l	Source	81777	35204
u-pienep	e6/l	Source	65520	29794
s-tymidk	u/l	Source	1864	1002
21792	mg	Source	353	232
p-bnp	ng/l	Source	88514	29683
s-lzm	mg/l	Source	24706	11635
fs-ace	u/l	Source	33401	16522
s-igg4	g/l	Source	9792	6132
p-ca-albk	mmol/l	Source	165621	61322
p-d-25	nmol/l	Source	55725	35196
u-eryt	e6/l	Extracted	157274	58532
u-leuk	e6/l	Extracted	156521	58521
u-lier	e6/l	Extracted	155392	56677
u-levyep	e6/l	Extracted	135565	48550
u-pienep	e6/l	Extracted	135269	48414
b-retik	e9/l	Extracted	25796	12117
fp-fe	umol/l	Source	142129	52713
fp-transf	g/l	Source	145264	53565
fp-trfesat	%	Source	88675	32064
otettujenpurkkien/putkienlkm	u	Extracted	36443	25010
b-hkr	ratio	Extracted	693235	103396
s-dmklots	umol/l	Extracted	515	206
s-klotsa	umol/l	Extracted	747	236
fp-ca	mmol/l	Extracted	8291	6076
s-dmklots	nmol/l	Extracted	1413	312
fp-kol	mmol/l	Extracted	245957	91638
s-klotsa	nmol/l	Extracted	3663	617
p-amyl	u/l	Extracted	25887	17792
s-iga	g/l	Extracted	2381	2140
s-ttgaba	u/ml	Extracted	13735	10807
s-igg	g/l	Extracted	1570	1118
s-b12-vit	pmol/l	Extracted	20290	11973
s-ige	u/ml	Extracted	1438	1380
s-klotsa	nmol/l	Source	37683	2645
b-erybla	e9/l	Extracted	165255	30998
u-bakt	estimate	Source	14083	7464
b-ph	ph	Source	39224	9966
b-pco2	kpa	Source	35551	9169
b-be	mmol/l	Source	20351	6350
b-po2	kpa	Source	35844	9220
b-thb	g/l	Source	11963	5390
cb-o2hb	%	Source	8903	4951
cb-to2c	ml/dl	Source	8900	4949
cb-laktaat	mmol/l	Source	12059	6481
s-ca(akt)	mmol/l	Source	86730	19679
s-dmklots	nmol/l	Source	13665	1508
p-etoh	mmol/l	Source	1054	814
s-dharipi	ug/l	Source	88	76
s-aridhas	ug/l	Source	87	76
s-aripi	ug/l	Source	115	88
erytroblastit	e9/l	Source	141340	34123
glomerulussuodosnopeus,estimo	ml/min/173m2	Source	69944	17874
p-ca19-9	u/ml	Source	27681	7934
eosinofiilit,absol.arvot	e9/l	Source	16122	7659
basofiilit,absol.arvot	e9/l	Source	15827	7500
monosyytit,absol.arvot	e9/l	Source	14835	6875
lymfosyytit,absol.arvot	e9/l	Source	17138	7784
lymfosyytit	%	Source	19120	9218
neutrofiilit	%	Source	25282	12196
neutrofiilit,absol.arvot	e9/l	Source	21975	10008
eosinofiilit	%	Source	17318	7969
basofiilit	%	Source	16756	7629
monosyytit	%	Source	18973	9116
b-bas	%	Source	15318	10580
b-eos	%	Source	25755	13999
b-ly	%	Source	20881	13401
b-monos	%	Source	21498	13861
b-neut	%	Source	25399	14842
s-epo	u/l	Source	5380	4248
p-vwf-ag	%	Source	3318	1668
p-kysc	mg/l	Source	52896	11109
p-vwf-akt	%	Source	4342	2308
p-urea	mmol/l	Source	168418	23470
s-tfr	mg/l	Source	75755	36817
s-c-pep-a	nmol/l	Source	2839	2247
fp-pth	ng/l	Source	124073	29307
p-psa-v	ug/l	Source	112795	40954
p-psa-suh	%	Source	97569	30538
s-ihovab	titre	Source	248	190
pt-gfrekce	ml/min/173m2	Source	850	427
l-ly	%	Source	137436	31932
l-meta	%	Source	6151	1881
u-suhti	kg/l	Source	163092	57263
p-fe	umol/l	Source	2840	1754
p-tffesat	%	Source	2968	1611
ab-hbo2sat	%	Source	123740	26720
ab-po2	kpa	Source	391583	48875
ab-pco2	kpa	Source	392210	48916
ab-hbo2	%	Source	293979	28155
ab-ph	ph	Source	116917	26751
ab-be	mmol/l	Extracted	52642	16914
ab-hb-co	%	Source	287746	27580
ab-hb-met	%	Source	285514	27667
ab-ahco3	mmol/l	Source	102158	19561
ab-shco3	mmol/l	Source	51291	11088
ab-thb	g/l	Source	48641	10238
ap-k	mmol/l	Source	50256	10802
ap-na	mmol/l	Source	50234	10802
ap-laktaat	mmol/l	Source	49205	10418
p-inr	inr	Source	781195	40315
s-kalsium,ionisoitunut,aktuaalinen	mmol/l	Source	12500	5936
s-kalsium,ionisoitunut,ph7.4korjattu	mmol/l	Source	6022	2174
fp-kolesteroli	mmol/l	Source	14065	10478
fp-kolesteroli,highdensitylipoproteiinit	mmol/l	Source	15477	11729
fp-triglyseridit	mmol/l	Source	17857	12915
fp-kolesteroli,lowdensitylipoprotein	mmol/l	Source	7970	4832
p-alkalinenfosfataasi	u/l	Source	26327	9379
fp-glukoosi	mmol/l	Source	21518	15004
s-d-vitamiini-25-oh	nmol/l	Source	6314	4705
fs-folaatti	nmol/l	Source	4763	4136
s-b12-vitamiini,transkobalamiiniii:eensitoutun	pmol/l	Source	1737	1407
b-hemoglobiini-a1c	mmol/mol	Source	57566	41252
p-prostataspesifinenantigeeni	ug/l	Source	5953	3990
p-tromboplastiiniaika	%	Source	2769	1788
p-amylaasi,haimaperäinen	u/l	Source	2841	1627
p-bilirubiini	umol/l	Source	14935	5194
p-glukoosi	mmol/l	Source	9345	5655
p-laktaattidehydrogenaasi	u/l	Source	3272	1025
p-transferriinireseptori	mg/l	Source	1449	928
fp-rauta	umol/l	Source	3856	2395
fp-transferriini	g/l	Source	3265	2050
fp-transferriininrautakyllästeisyys	%	Source	3193	2035
p-ferritiini	ug/l	Source	10171	6335
p-haptoglobiini	g/l	Source	2101	1731
s-ohkarba	umol/l	Source	4080	1659
10299	mmol/l	Source	25412	6499
11564	mmol/l	Source	22700	5852
s-li	mmol/l	Source	33581	2783
s-olants	nmol/l	Source	4003	1611
s-iga	g/l	Source	35688	29683
s-igg	g/l	Source	20892	11445
s-igm	g/l	Source	10874	7331
s-e2	nmol/l	Source	9988	6872
s-lh	u/l	Source	7218	5434
s-vzvabg	iu/l	Source	1366	1223
l-lymfosyytit	%	Source	69226	25088
l-monosyytit	%	Source	59710	20044
e-erytrosyytit,kokojakauma	%	Source	117168	23087
p-kolesteroli	mmol/l	Source	6602	5171
b-laktaatti,päivystystutkimus	mmol/l	Source	11297	3143
b-hemoglobiini-a1c	mmol/m	Source	7630	6862
u-suhteellinentiheys	1	Source	9847	5713
u-lieriöt	e6/l	Source	60707	26245
u-suhti	kg/l	Extracted	144683	39572
s-psa	ug/l	Source	88951	40190
s-psa-v	ug/l	Source	22261	10345
s-psa-suh	%	Source	15340	7847
fs-gluk	mmol/l	Source	17573	10869
b-baso	%	Source	10493	3578
b-hba1c	mmol/ml	Source	138	112
u-alb-o	estimate	Extracted	40583	16059
u-keto-o	estimate	Extracted	44298	16780
u-eryt-o	estimate	Extracted	34210	14999
u-gluk-o	estimate	Extracted	41928	16207
u-leuk-o	estimate	Extracted	29906	14508
u-nitr-o	estimate	Extracted	38683	16171
s-hcrp	mg/l	Source	6474	5099
s-prog	nmol/l	Source	4208	2910
neutros	%	Source	18077	13209
lymfos	%	Source	18423	13251
monos	%	Source	27780	14669
basof	%	Source	18756	13271
eosin	%	Source	18337	13257
s-crp,herkkä	mg/l	Source	6628	5400
kolesteroli/hdl-suhde	ratio	Extracted	33789	25505
non-hdl	mmol/l	Extracted	28300	22042
neutrofiilit,5-osa	%	Source	4342	3786
lymfosyytit,5-osa	%	Source	4342	3786
monosyytit,5-osa	%	Source	4342	3786
basofiilit,5-osa	%	Source	4342	3786
eosinofiilit,5-osa	%	Source	4342	3786
s-tshrab	iu/l	Extracted	3515	1971
p-t3-v	pmol/l	Source	73882	19872
s-tshrab	iu/l	Source	6651	3833
s-b6-vit	nmol/l	Source	586	522
s-cdt	%	Extracted	12299	8318
p-psa	ug/l	Extracted	85364	31027
p-psa-v	ug/l	Extracted	38759	16266
p-at3	%	Source	33377	11765
p-fibr	g/l	Source	38628	13854
p-trombai	s	Source	30572	12958
s-van	mg/l	Source	34535	5705
p-pi	mmol/l	Source	179761	26571
p-fviii.	%	Source	28767	11057
s-borrabg	responseequivalent/ml	Source	1756	1316
p-crp/pika	mg/l	Source	5634	2510
p-kol-ldl	mmol/l	Extracted	76347	39857
b-peth	mg/l	Extracted	1483	878
hdl/kol	%	Extracted	89062	23076
pt-glomerulustensuodatusnopeus,estimoitu,ckd-epi-kaava	ml/min/173m2	Source	30449	14208
p-transferriininrautakyllästeisyys	%	Source	288	228
s-hbsab	miu/ml	Source	6910	5475
u-epit	e6/l	Extracted	17703	12202
u-osmole	mosm/kgh2o	Extracted	8881	6246
s-ph	ph	Extracted	161962	46340
p-crp/pik	mg/l	Source	3425	2088
du-kors-v	nmol/24h	Source	2476	1727
ab-ph	ph	Extracted	266735	23505
ab-o2-vol	%	Source	247132	24275
ab-hb	g/l	Source	300767	29008
ab-o2sat	%	Source	241563	17558
ab-be	mmol/l	Source	330628	38892
ab-hco3-st	mmol/l	Source	255843	22562
b-hb/pika	g/l	Source	2428	1354
u-suhtih	kg/l	Extracted	7667	2414
fp-kol-hd	mmol/l	Source	95	93
b-pikacrp	mg/l	Source	2705	1093
p-probnp	ng/l	Extracted	41727	21326
fp-ca	mmol/l	Source	53370	25010
s-ca-i7.4	mmol/l	Extracted	1212	654
s-ca-iona	mmol/l	Extracted	11943	7282
u-lieri?t	e6/l	Source	406	295
u-osmoe	mosm/kgh2o	Source	397	290
l-baso	%	Extracted	16977	8693
l-eos	%	Extracted	18269	9113
l-neut	%	Extracted	16302	8013
l-ly	%	Extracted	4892	1544
l-monos	%	Extracted	31379	13897
fb-leuk	e9/l	Extracted	78408	18209
l-ly	e9/l	Extracted	610	216
p-prealb	g/l	Source	17752	10004
se-bil	umol/l	Source	526	266
s-ca19-9	u/ml	Source	44400	12589
b-liuskat	e9/l	Source	28125	8521
l-liuskat	%	Source	31496	8829
p-fidd-o	mg/l	Source	13693	11090
p-krea+gfr,p-krea	umol/l	Source	5035	713
p-krea+gfr,pt-gfre-md	ml/min/173m2	Source	501	259
b-crp-pik	mg/l	Source	353	211
p-sldl	mmol/l	Source	2968	946
p-psa-i	%	Source	188	101
p-krea+gfr,pt-gfre	ml/min/173m2	Source	4245	664
b-crp-pika	mg/l	Source	2088	858
baso	%	Source	50262	14274
eos	%	Source	50032	14209
b-bas	e9/l	Source	10535	1962
b-mono	e9/l	Source	66816	13094
neut	%	Source	61935	16810
lymf	%	Source	47207	14023
p-krea+gfrviitasaar,p-krea	umol/l	Source	258	171
p-krea+gfrviitasaar,pt-gfre	ml/min/173m2	Source	274	180
u-na	mmol/l	Source	8969	6362
u-osmol	mosm/kgh2o	Source	7793	5711
vb-be	mmol/l	Extracted	46359	13076
ab-gluk	mmol/l	Source	3963	2038
ab-o2-sis	%	Source	5099	2328
ab-laktaat	mmol/l	Source	5666	2555
ab-temp	°c	Source	3693	1667
b-tromb	e9/l	Source	323133	39517
rakkoaika	h	Source	61320	21509
u-epi	e6/l	Source	8723	2678
s-c3	g/l	Source	10614	6594
s-c4	g/l	Source	10445	6458
s-dnanab	kiu/l	Source	1144	691
s-dnanab	iu/ml	Source	3166	1496
p-c3	g/l	Source	14280	8409
p-c4	g/l	Source	13915	8197
s-cenp-ab	u/ml	Source	169	131
l-eosinofiilit	%	Source	47819	15437
l-basofiilit	%	Source	41629	13129
hdl/kol.	%	Extracted	11554	9563
p-trigly	mmol/l	Extracted	60100	33053
p-kol	mmol/l	Extracted	63594	34729
p-kol-hdl	mmol/l	Extracted	61151	33327
u-ominp-h	kg/l	Extracted	6799	3100
p-b12-vit	pmol/l	Source	37088	24940
p-tsh	miu/l	Source	37289	10283
pt-gfre-cg	ml/min/173m2	Source	10063	4646
s-afp	ug/l	Source	2510	947
b-hba1c,tk	mmol/mol	Source	7906	2702
b-ghb-a1c,tk	%	Source	5243	2225
s-prealb	g/l	Extracted	2234	1383
u-kreat	mmol/l	Source	2903	1916
s-t4vvert	pmol/l	Source	12	12
e-erytbla	e9/l	Source	20590	2927
p-tromboplastiiniaika,inr-tulos	inr	Source	6341	1844
e-mcv(erytrosyytit,keskitilavuus)	fl	Source	26897	9397
b-hkr(erytrosyytit,tilavuusosuus)	ratio	Source	39618	10768
p-albumiini	g/l	Source	7305	3926
kreatiniini	umol/l	Source	23902	9587
glomerulussuodosnopeus,estimoitu	ml/min/173m2	Source	46730	14340
p-pct	ug/l	Source	23380	12028
fb-leuk	e9/l	Source	326601	40650
pt-gfre-md	ml/min/173m2	Source	27382	12015
e-erytrosyytit,tilavuus	fl	Source	30285	7146
e-hemoglobiini(massakonsentraatio)	g/l	Source	30325	7146
e-rdw,punasolujenkokojakauma	%	Source	25929	5188
p-transferriinireseptori,liukoinen	mg/l	Source	1328	1065
p-kolesteroli,lowdensitylipoproteiinit	mmol/l	Source	7255	5330
p-kolesteroli,highdensitylipoproteiinit	mmol/l	Source	3597	3009
l-basofiilisetleukosyytit	%	Source	10852	4587
b-basofiilisetleukosyytit	e9/l	Source	25298	9990
l-neutrofiilit,automaatio	%	Source	19277	7962
l-monosyytit,automaatio	%	Source	19276	7962
l-lymfosyytit,automaatio	%	Source	19279	7962
b-lasko	mm/h	Source	15430	9386
p-tromboplastiiniaika,inr-tulostus	inr	Source	37226	6016
p-myoglobiini	ug/l	Source	463	293
p-kreatiinikinaasi	u/l	Source	2764	1961
s-kalsium,ionisoitunut	mmol/l	Source	33415	14096
s-kortisoli	nmol/l	Source	572	275
s-follikkeliastimuloivahormoni	iu/l	Source	416	376
s-luteinisoivahormoni	iu/l	Source	178	157
p-adrenokortikotropiini	ng/l	Source	363	297
fp-parathormoni	ng/l	Source	3057	1611
p-troponiinit	ng/l	Source	9142	4471
fp-ammonium-ioni	umol/l	Source	148	85
p-magnesium	mmol/l	Source	1759	958
p-prokalsitoniini	ug/l	Source	1922	1204
u-erytrosyytit	e6/l	Source	29915	15576
u-levyepiteelisolut	e6/l	Source	8564	4928
u-pienetepiteelisolut	e6/l	Source	8457	4831
u-leukosyytit	e6/l	Source	20737	11106
p-psa-suh	%	Extracted	20591	9482
-h-ind	index	Source	20177	6365
vb-ph	ph	Extracted	85100	22156
vb-po2	kpa	Extracted	3374	1717
vb-pco2	kpa	Extracted	3380	1722
-h-ind	index	Extracted	21011	7981
s-ca-ion	mmol/l	Extracted	25145	16687
p-antifxa	iu/ml	Source	13788	4248
p-inr-pika	%	Source	3790	180
psa-v/psa	%	Extracted	13002	4525
p-uraat	umol/l	Extracted	37341	20440
p-tnt	ng/l	Extracted	32884	16105
psa-v/psa	%	Source	25494	8415
ca++/7.40	mmol/l	Extracted	27431	12207
p-d-25	nmol/l	Extracted	38110	21908
p-ck-mbm	ug/l	Extracted	7160	4673
s-prot	g/l	Extracted	5216	3883
s-album	g/l	Extracted	2547	1941
s-alfa-1	g/l	Extracted	2552	1945
s-alfa-2	g/l	Extracted	2555	1950
s-beta-1	g/l	Extracted	2540	1935
s-beta-2	g/l	Extracted	2541	1935
s-gamma	g/l	Extracted	2678	2042
s-iglck-v	mg/l	Source	39062	12081
s-iglcl-v	mg/l	Source	38839	12066
s-k/l-s-v	ratio	Source	21991	7205
fs-ca-ion	mmol/l	Extracted	10580	6506
du-k	mmol	Source	2083	1711
du-na	mmol/24h	Source	2845	2230
s-ca-i7.4	mmol/l	Source	45599	14583
s-osmol	mosm/kgh2o	Source	4897	3277
s-probnp	ng/l	Source	2092	1753
fp-glukr0h	mmol/l	Source	948	876
p-glukr2h	mmol/l	Source	1601	1280
b-lap	mm/h	Source	2727	2271
s-lzm	mg/l	Extracted	1021	897
leukosyytit	e9/l	Source	30962	9534
ihopisto	mmol/l	Source	4075	1972
b-inr-pik	inr	Source	4496	1478
p-antifxa	u/ml	Source	11003	3697
s-vzvabg	eiu	Source	3325	3086
li-eryt	e6/l	Source	11748	8026
li-leuk	e6/l	Source	11108	7754
s-enaab	u/ml	Source	1872	1575
-nt	mm	Source	11777	8637
s-hcgbv/d	ug/l	Source	14571	9986
hcgbvkmom	ratio	Extracted	9392	7626
pappakmom	ratio	Extracted	9297	7577
ntkmom	ratio	Extracted	9402	7629
non-hdl-kolesteroli(-non-hdl)	mmol/l	Source	432	409
s-kysc	mg/l	Source	5489	2476
fs-pi	mmol/l	Source	1919	1412
fs-urea	mmol/l	Source	682	514
p-acth	ng/l	Source	10007	6288
s-igf1	nmol/l	Source	9729	3956
s-d-25	nmol/l	Extracted	15436	10866
s-crp	mg/l	Extracted	694	405
s-ccpab	u/ml	Extracted	7580	6682
p-crp-o	mg/l	Extracted	7287	4660
s-t4-v	pmol/l	Extracted	9407	6819
p-tni	ng/l	Extracted	1890	1213
p-crp-o	mg/l	Source	31353	17415
l-mon	%	Source	13367	3653
b-erblas	e9/l	Source	2889	1624
s-mypnabg	au/ml	Source	2221	2061
s-chpnabg	u/ml	Source	1518	1335
s-chpnaba	u/ml	Source	1649	1441
b-crpp	mg/l	Source	6753	4557
b-erytp	e12/l	Source	7635	4767
b-hbp	g/l	Source	6699	4248
b-leukp	e9/l	Source	7467	4618
b-tromb	e9/l	Extracted	75268	16818
b-hb-a1c	%	Extracted	18866	10974
pt-lämpöt	°c	Source	66474	12754
p-laktaat	mmol/l	Source	21546	7393
vb-hb-met	%	Source	62450	19882
vb-shco3	mmol/l	Source	21021	6904
vb-thb	g/l	Source	31104	11285
du-prot	mg	Source	9941	3833
u-epiteelisolut	e6/l	Source	22076	10372
fp-glukoosi,paastonäyte	mmol/l	Source	9610	8085
e-hemoglobiini,keskimassa	pg	Source	57789	25348
fb-leukosyytit	e9/l	Source	53953	21331
u-suhteellinentiheys	1	Extracted	7965	5052
lieriöt	e6/l	Source	23953	12722
p-laktaatti	mmol/l	Source	11624	4522
pt-lämpötila	°c	Source	15538	5209
vb-emäsylimäärä	mmol/l	Source	12183	5209
vb-hiilimonoksidi-hb	%	Source	11081	4230
vb-methemoglobiini	%	Source	11727	4525
vb-standardibikarbonaatti	mmol/l	Source	13754	5394
vb-kokonaishemoglobiini,verikaasuanalysaattorista	g/l	Source	11985	4647
p-kalsium-ioni,aktuaali	mmol/l	Source	15119	4962
p-kalsium,ionisoitunut	mmol/l	Source	11149	4229
b-trombos	e9/l	Source	2827	641
-l-ind	index	Extracted	4747	1830
b-erytrosyyttientilavuusosuus	%	Source	13928	5478
fp-ca-ion.	mmol/l	Source	22605	4053
u-albumiini(kval)	estimate	Source	10494	6324
u-asetoniaineet(kval)	estimate	Source	16819	9305
u-erytrosyytit(kval)	estimate	Source	9326	5533
u-glukoosi(kval)	estimate	Source	14787	8413
u-leukosyytit(kval)	estimate	Source	11845	7411
u-nitriitti(kval)	estimate	Source	14979	8749
s-alb	g/l	Source	23211	16461
s-ca	mmol/l	Source	19207	15153
s-ca-albk	mmol/l	Source	9053	7093
s-non-hdl	mmol/l	Source	51	49
s-c-reaktiivinenproteiini,herkkä	mg/l	Source	813	739
b-cr	ug/l	Source	3297	1793
b-co	ug/l	Source	3760	1968
pt-gfre-md	ml/min/173m2	Extracted	1782	1161
p-fsh	u/l	Source	8373	6344
napika	mmol/l	Source	2233	1427
kpika	mmol/l	Source	2236	1430
glukpika	mmol/l	Source	2164	1393
kreapika	umol/l	Source	1573	1153
leukpika	e9/l	Source	794	477
hbpika	g/l	Source	1101	831
l-neutrofiilit␤	%	Source	9786	2567
l-lymfosyytit␤	%	Source	10981	2687
l-monosyytit␤	%	Source	10999	2703
l-eosinofiilit␤	%	Source	9786	2567
l-basofiilit␤	%	Source	11095	2766
b-lymfosyytit␤	e9/l	Source	9792	2567
b-monosyytit␤	e9/l	Source	9790	2567
s-desmetyyliklotsapiini	nmol/l	Source	1808	424
klotsapiini	nmol/l	Source	694	169
hcgbvkmom	ratio	Source	12333	9291
pappakmom	ratio	Source	12517	9405
ntkmom	ratio	Source	12415	9334
s-b-hcg/d	ug/l	Source	39	38
s-afp/d	u/ml	Source	226	222
b-ghba1c/p	%	Source	506	221
vb-o2sat	%	Source	36026	10443
vb-hbo2	%	Source	32681	9444
vb-o2-vol	%	Source	15588	4778
u-alb-mi	mg/l	Source	7016	2685
b-hba1c-p	mmol/mol	Source	864	329
fp-kol-ind	mmol/l	Source	2507	1714
p-glukoma	mmol/l	Source	17	16
u-albumiinimikroalbuminuriamg/l(u-albkre)	mg/l	Source	1114	762
u-kreatiniinimmol/l(u-albkre)	mmol/l	Source	1616	1116
b-hemoglobiini-a1c,(mmol/mol)pika,hoitoyksiköt	mmol/mol	Source	272	145
s-psa-t	ug/l	Source	35874	8704
s-psa-v/t	%	Source	13331	4289
s-prostataspesifinenantigeeni,kokonais	ug/l	Source	5063	3014
s-prostataspesifinenantigeeni,vapaa/kokonais-suhde	%	Source	1147	624
s-prostataspesifinenantigeeni,vapaa	ug/l	Source	1170	737
p-t4v	pmol/l	Extracted	20628	9728
fb-folaat	nmol/l	Source	2989	2573
s-p-ancif	titre	Source	759	602
prealb	g/l	Source	1797	1551
b-6-tgn	pmol/02ml	Source	368	250
b-6-me-mp	pmol/02ml	Source	345	242
s-afsuol2	u/l	Source	1070	918
s-afsuol3	u/l	Source	1075	923
s-afluust	u/l	Source	3036	2444
s-afmaksa	u/l	Source	2958	2377
s-afsuol1	u/l	Source	1064	914
s-afmakro	u/l	Source	2842	2281
p-hcyst	umol/l	Source	4296	3090
s-pr3ab	iu/ml	Source	2324	406
-calpro	mg/l	Source	368	226
s-pr3ab	iu/ml	Extracted	950	185
s-ana	titre	Extracted	4425	3512
s-p-ancif	titre	Extracted	452	385
pt-gfreep	ml/min/173m2	Source	12674	2687
ca++/7.40	mmol/l	Source	98721	25291
ca-ion	mmol/l	Source	99245	25297
14272	e9/l	Extracted	5660	2707
pt-glomerulussuodusnopeus,estimoitu,ckd-epi-kaava	ml/min/173m2	Source	15425	4819
crp-pika	mg/l	Source	7916	3427
hba1c-pika	mmol/mol	Source	1439	212
gluk-pika	mmol/l	Extracted	1080	267
p-ca12-5	u/ml	Source	29714	9668
b-retind	%	Source	9271	4117
fp-pth	pmol/l	Source	30492	8782
p-aptt	s	Extracted	1772	1550
cb-bil	umol/l	Source	331	151
retikulosyyttienkeskimääräine	pg	Source	1047	552
u-alb/kre	mg/mmol	Source	2591	1381
s-rf	kiu/l	Source	4039	3478
u-prot	g/l	Source	12902	3395
-hdl/kol.	%	Source	4592	3361
fs-ca-ion/ph7.40	mmol/l	Source	27031	10626
s-valpr	umol/l	Source	31538	6014
u-ominp-h	kg/l	Source	6177	2582
s-fsh	iu/l	Source	14890	11585
b-hba1c	%	Extracted	70	65
s-crp-o	mg/l	Extracted	659	388
s-crp-o	mg/l	Source	3611	2117
p-k-ses	mmol/l	Source	571	149
p-na-ses	mmol/l	Source	454	141
b-kreases	umol/l	Source	446	142
pt-glomerulussuodosnopeus,estimoitu,ckd-epi-kaava	ml/min/173m2	Extracted	5287	3045
psa-v/psa-suhde	%	Source	2697	1883
s-shbg	nmol/l	Source	28163	15518
s-d-1,25	pmol/l	Source	5368	4498
s-testovl	pmol/l	Source	14466	8363
fs-sappih	umol/l	Source	3978	2390
s-ihotab	titre	Source	300	186
s-ihotab	titre	Extracted	70	42
pt-gfrekce	ml/min/173m2	Extracted	7321	2563
s-antitry	g/l	Source	6550	6051
s-bil	umol/l	Source	15103	11519
s-fsh	iu/l	Extracted	6155	4803
s-hs-crp	mg/l	Source	8488	3781
s-hepyaba	u/ml	Source	4133	3904
s-hepyabg	u/ml	Source	4120	3871
s-ngkokonaiskolesteroli	mmol/l	Source	265	244
s-vldl-kolesteroli	mmol/l	Source	265	244
s-ldl-kolesteroli	mmol/l	Source	265	244
s-hdl-kolesteroli	mmol/l	Source	265	244
s-triglyseridit	mmol/l	Source	362	335
s-kokonaisrasvahapot	mmol/l	Source	264	243
s-omega-3-rasvahapot	mmol/l	Source	265	244
s-omega-6-rasvahapot	mmol/l	Source	258	238
s-monityydyttymättömätrasvahapot	mmol/l	Source	255	237
s-kertatyydyttymättömätrasvahapot	mmol/l	Source	263	242
s-tyydyttyneetrasvahapot	mmol/l	Source	265	244
s-dokosaheksaeenihappo	mmol/l	Source	256	237
s-omega-3-rasvahappojensuhdekokonaisrasvahappoi	%	Source	264	243
s-omega-6-rasvahappojensuhdekokonaisrasvahappoi	%	Source	258	238
s-monityydyttymättömienrasvahappojensuhdekokon	%	Source	255	237
s-kertatyydyttymättömienrasvahappojensuhdekoko	%	Source	263	242
s-tyydyttyneidenrasvahappojensuhdekokonaisrasv	%	Source	264	243
s-dokosaheksaeenihaponsuhdekokonaisrasvahappoih	%	Source	255	236
s-apolipoproteiinib	g/l	Source	265	244
s-apolipoproteiinia1	g/l	Source	265	244
s-alaniini	mmol/l	Source	265	244
s-glysiini	mmol/l	Source	265	244
s-histidiini	mmol/l	Source	263	242
s-haaraketjuistenaminohappojen(leusiini+isole	mmol/l	Source	264	243
s-isoleusiini	mmol/l	Source	265	244
s-leusiini	mmol/l	Source	264	243
s-valiini	mmol/l	Source	265	244
s-fenyylialaniini	mmol/l	Source	265	244
s-tyrosiini	mmol/l	Source	265	244
s-glukoosi	mmol/l	Source	265	244
s-laktaatti	mmol/l	Source	262	241
s-kreatiniini	umol/l	Source	671	590
s-albumiini	g/l	Source	780	718
s-glykoproteiininasetylaatio	mmol/l	Source	265	244
s-sydäntautiriski	%	Source	265	244
s-tyypin2diabetesriski	%	Source	265	244
s-pölyer	u/ml	Source	15109	13618
u-albkrea	mg/mmol	Source	10590	5828
b-hkr	l/l	Source	3192	1357
b-pvk+t	pg	Source	2769	1056
b-pvk+t	g/l	Source	2746	1045
b-pvk+t	%	Source	8643	2555
b-pvk+t	e9/l	Source	4647	2374
p-uraat	mmol/l	QCOut	2892	1310
nu-albkre	mg/mmol	Source	438	433
s-k/l-s-v	ratio	Extracted	18300	6086
s-hepyabg	index	Extracted	371	337
s-adalimu	mg/l	Source	1976	957
s-adali	mg/l	Source	1092	670
l-sauvat	%	Source	3136	1179
s-morbabg	titre	Source	300	299
s-aldos	pmol/l	Source	5247	4086
p-reninm	mu/l	Source	7367	4727
-trfesat	%	Source	49191	21991
s-prlrec	%	Source	2572	1816
s-prlbio	mu/l	Source	2538	1785
p-fviii	%	Source	4775	3427
p-tt-spa	%	Source	444	394
p-aptaika	s	Source	136	121
p-fv	%	Source	6909	2891
p-fvii	%	Source	1816	1549
p-fii	%	Source	877	787
p-fx	%	Source	914	780
p-fxiii	%	Source	2085	1172
l-eosonofiilit	%	Source	5793	2919
fp-kolesteroli,lowdensitylipoproteiinit	mmol/l	Source	4759	4086
f-kalprotektiini,ulosteesta	ug/g	Source	456	353
adalimumabi	mg/l	Source	126	103
p-gluk-po	mmol/l	Source	820	282
p-crp-hy	mg/l	Source	8156	4716
s-koriongonadotropiini-b-alayksikkö,vapaa	ug/l	Source	136	134
s-plasmaproteiinia,raskauteenliittyvä	mu/l	Source	1756	1685
b-ghba1c	%	Source	3607	2426
p-bnp	ng/l	Extracted	3769	2390
0hp-gluk	mmol/l	Source	837	614
e-redcelldistributionwidth	%	Source	2647	1229
b-leukosyytit	e9/l	Extracted	13173	6193
s-ruokaer	u/ml	Source	1309	1256
s-emaba	titre	Extracted	67	61
s-pölyer	form	Source	59	55
mxd	%	Source	14329	2927
ly	%	Source	10737	2008
lymängd	e9/l	Source	10721	1994
b-vthba1c	mmol/mol	Source	1183	346
b-fidd	mg/l	Source	1817	1411
cp-glucos	mmol/l	Source	3564	651
cp-crp	mg/l	Source	2411	889
cb-leuk	e9/l	Source	915	541
s-testo	nmol/l	Extracted	6868	3855
s-shbg	nmol/l	Extracted	1175	872
p-rf	iu/ml	Extracted	6213	5468
s-ebvabg	u/ml	Source	7501	6224
glomerulussuodosnopeus,estimoitu,ckd-epi-kaava	ml/min/173m2	Extracted	1260	802
l-basofiilit,automaatio	%	Source	10670	4042
l-eosinofiilit,automaatio	%	Source	10670	4042
b-erytroblastit,absoluuttiset,automaattidiffi	e9/l	Source	6511	3831
p-fsh	u/l	Extracted	1936	1629
fb-b6-vit	nmol/l	Source	808	616
s-tpoab	iu/ml	Extracted	3244	2840
u-suhti-o	ratio	Source	41875	9934
u-hyalier	e6/l	Source	11469	4232
u-osmoest	mosm/kgh2o	Source	40236	9785
u-muulier	e6/l	Source	11537	4270
s-tpoab	u/ml	Source	5058	4496
crp,tk	mg/l	Source	10412	3749
l-ly␤	%	Source	1080	195
b-eos␤	e9/l	Source	1006	195
b-neut␤	e9/l	Source	1046	197
e-rdw␤	%	Source	7944	949
b-ly␤mf	e9/l	Source	784	169
b-monos␤	e9/l	Source	1067	196
b-crp-o	mg/l	Source	4359	1738
s-cmvabg	u/ml	Source	2769	2139
s-pm-skleroderma,vasta-aineet	u/ml	Source	46	44
s-rnapolymeraasiiii,vasta-aineet	u/ml	Source	12	10
fs-fe	umol/l	Source	41766	20125
-nt	mm	Extracted	5019	3907
s-pappa	mu/l	Extracted	8219	6599
s-hcgbv/d	ug/l	Extracted	4990	3932
s-pölyryh	u/ml	Source	228	225
s-koivue	u/ml	Source	6650	5764
s-leppäe	u/ml	Source	196	194
s-pujoe	u/ml	Source	4817	4396
s-kissae	u/ml	Source	2267	2141
s-koirae	u/ml	Source	2297	2167
s-eläiner	u/ml	Source	220	218
-liik.pr	%	Source	4165	1283
-liik.np	%	Source	4158	1282
-liik.im	%	Source	4157	1283
-siitt.	e6/ml	Source	1198	651
-pes.jäl	e6/ml	Source	499	278
-pes.til	ml	Source	1411	688
s-tpoab	iu/ml	Source	7177	6170
p-ca12-5antigeeni	u/ml	Source	689	313
s-ifx	mg/l	Source	1242	391
s-infli	mg/l	Source	4337	1375
basofiilitosuus	%	Source	4363	3496
eosinofiilit,osuus	%	Source	2988	2584
lymfosyytitosuus	%	Source	4362	3496
monosyytitosuus	%	Source	4362	3496
neutrofiilit,osuus	%	Source	2989	2585
p-pc	%	Source	7162	6450
p-ps-agv	%	Source	5702	5076
p-tt.	%	Source	5628	4956
p-kardabg	u/ml	Source	4443	3480
p-at3.	%	Source	4852	4357
p.-trombai	s	Source	5497	4867
-eryt	e6/l	Extracted	433	377
-leuk	e6/l	Extracted	446	388
s-afsuoli	u/l	Source	189	160
s-afmaks1	u/l	Source	199	173
s-afmaks2	u/l	Source	205	180
cu-alb	ug/min	Source	5389	2881
am-epo	u/l	Source	267	198
am-lamel	e9/l	Source	266	186
s-hcgbvtr	ug/l	Source	1332	1081
s-timotee	u/ml	Source	5952	5426
s-kisshie	u/ml	Source	3975	3693
s-koirhie	u/ml	Source	3964	3687
s-dpteroe	u/ml	Source	5401	4923
fp-k	mmol/l	Source	4399	1405
fp-na	mmol/l	Source	6047	1562
b-ly/abs	e9/l	Source	2103	642
b-mo/abs	e9/l	Source	2103	642
b-ba/abs	e9/l	Source	2103	642
b-neu/abs	e9/l	Source	2097	641
s-tshrefl	mu/l	Source	1735	921
s-epo	iu/l	Source	2352	1860
b-lymfosyytit,abs	e9/l	Source	2753	2325
albumiininjakreatiininsuhde(virtsa)	mg/mmol	Source	691	438
fosfatidyylietanoli	umol/l	Source	1540	977
erytrosyytit	e6/l	Source	5537	3680
osmolaliteetinestimaatti	mosm/kgh2o	Source	5740	3841
epiteelit	e6/l	Source	5125	3355
b-pvk+t	%	Extracted	7694	3920
e-erytrosyyttienkeskitilavuus	fl	Source	7549	3786
b-trombosyytit	e9/l	Extracted	7614	3844
s-alaniiniaminotransferaasi	u/l	Source	1811	1384
s-alkalinenfosfataasi	u/l	Source	368	316
s-aspartaattiaminotransferaasi	u/l	Source	554	477
s-tyreotropiini	mu/l	Source	576	424
fs-kolesteroli	mmol/l	Source	3805	2743
fs-kolesteroli,highdensitylipoproteiinit	mmol/l	Source	3701	2632
fs-kolesteroli,lowdensitylipoproteiinit	mmol/l	Source	3671	2633
fs-triglyseridit	mmol/l	Source	3358	2452
s-immunoglobuliinia	g/l	Source	447	437
s-kudostransglutaminaasi,igavasta-aineet	eliau/ml	Extracted	10	10
s-gliadiinipeptidit,deamidoidut,igavasta-aineet	eliau/ml	Extracted	8	8
s-lh	iu/l	Extracted	2743	2000
s-hevohie	u/ml	Source	3215	2984
s-clahere	u/ml	Source	2058	1936
p-urea	mmol/l	Extracted	5614	1833
-l-ind	index	Source	10342	2491
-i-ind	index	Source	9790	2488
fp-fe	umol/l	Extracted	11322	7847
fp-transf	g/l	Extracted	12807	8865
pd-leuk	e6/l	Source	1688	157
-pr+np	%	Source	1415	1060
-tilav.	ml	Source	1705	1232
-s.yht.	e6	Source	660	520
-pyör.s.	e6/ml	Source	664	508
21622	ug/l	Source	16261	821
s-mg-ion	mmol/l	Source	4664	1644
21904	ml/min/173m2	Source	889	521
21623	ug/l	Source	378	43
b-tacroms	ug/l	Source	48502	1680
b-siroms	ug/l	Source	1286	74
fp-pth	ng/l	Extracted	9222	4982
s-ca(akt)	mmol/l	Extracted	11965	6895
s-ph(akt)	ph	Extracted	15877	8542
s-ca(7.4)	mmol/l	Extracted	16091	8638
s-mypnabg	eiu	Extracted	2013	1739
b-lymf	e9/l	Extracted	9853	5767
l-lymf	%	Extracted	13466	7563
p-prl	mu/l	Extracted	1916	1482
s-hcgbv	ug/l	Source	3401	2620
fs-sappih	umol/l	Extracted	1438	995
s-ucrp	mg/l	Source	3232	1929
s-osacdt	mg/l	Source	4577	2971
s-osacdtr	g/l	Source	4462	2886
-hdl/kol	%	Source	3487	2708
f-elast1	ug/g	Source	11212	7955
p-zn	umol/l	Source	3561	2227
oma-crp	mg/l	Extracted	12951	7579
oma-crp	mg/l	Source	10084	3874
s-igg1	g/l	Extracted	1989	1477
s-igg2	g/l	Extracted	1986	1475
s-igg3	g/l	Extracted	1948	1441
s-igg4	g/l	Extracted	2510	1800
s-igg-sum	g/l	Extracted	1432	995
u-k	mmol/l	Source	3543	2631
b-be	mmol/l	Extracted	15828	5257
b-jak2-d	form	Source	139	138
p-he4	pmol/l	Source	2505	1864
p-hcg	u/l	Source	13156	6011
s-inhibb	ng/l	Source	1571	676
s-amh	ug/l	Source	9455	7269
ts-padendo	form	Source	1320	1064
p-c-pepta	nmol/l	Source	1962	1466
p-b2gpabm	u/ml	Source	430	365
p-b2gpabg	u/ml	Source	3896	3129
p-kardabg	gpl	Source	1101	954
p-kardabm	mpl	Source	1111	943
b-fii-d	form	Source	138	135
b-fv-d	form	Source	139	136
p-luakrvv	ratio	Source	2773	2435
p-luakptt	ratio	Source	2796	2456
p-ps	%	Source	1642	1573
p-laaptct	form	Source	34	28
oma-gluk	mmol/l	Source	17547	2532
fs-a-vit	umol/l	Source	4431	2138
fs-e-vit	umol/l	Source	4208	2027
s-pölyer	u/ml	Extracted	1350	1310
-trfesat	%	Extracted	5310	3770
p-gluk0	mmol/l	Source	205	181
p-gluk120	mmol/l	Source	1668	1154
crpvieri	mg/l	Source	4875	2439
tntvieritesti,terveyskeskuksille	ug/l	Source	16	15
lymf	%	Extracted	13497	5218
mono	%	Extracted	13296	5062
eos	%	Extracted	14217	5462
baso	e9/l	Extracted	25450	5077
neut	%	Extracted	12164	4803
lymf	e9/l	Extracted	12966	5050
mono	e9/l	Extracted	12681	4991
s-prostataspesifinenantigeeni,vapaa/totaali	%	Source	4124	2203
u-ph-o	ph	Source	40731	13200
b-leuc	e9/l	Source	4054	1241
l-mono	%	Extracted	4860	1773
b-crp-v	mg/l	Source	1837	882
p-gluk-vt	mmol/l	Source	5952	3393
cu-alb-mi	ug/min	Source	5890	2866
ab-pco2	kpa	Extracted	3237	1525
cb-ph	ph	Extracted	27647	9939
cb-pco2	kpa	Extracted	9013	4136
cb-hco3-st	mmol/l	Extracted	7857	3779
p-iga	g/l	Extracted	9338	7996
fp-urea	mmol/l	Extracted	5230	2623
s-haptog	g/l	Source	10557	6772
mono	%	Source	42179	13246
baso	e9/l	Source	12796	4950
lymf	e9/l	Source	7628	4102
mono	e9/l	Source	11819	4568
tffesat	%	Source	900	689
alkalinenfosfataasi,kokonaispitoisuus	u/l	Source	80	77
alkalinenfosfataasi,maksaperäinenisoentsyymi	%	Source	76	73
alkalinenfosfataasi,luustoperäinenisoentsyymi	%	Source	76	73
s-prealb	g/l	Source	33018	13049
u-suhtih	kg/l	Source	38932	12307
u-leuk	u/field	Source	1776	995
u-eryt	u/field	Source	2590	1567
u-levyepi	u/field	Source	1272	519
s-he4	pmol/l	Source	11193	7961
b-lymf	%	Source	4438	972
b-neutabs	e9/l	Source	5500	1117
b-crp	mg/l	Source	4359	1933
s-mkomp-1	g/l	Extracted	4886	2314
s-mkomp-2	g/l	Extracted	1703	1273
s-mkomp-4	g/l	Extracted	1434	1143
s-mkomp-3	g/l	Extracted	1542	1223
s-iglck-v	mg/l	Extracted	7882	2672
s-iglcl-v	mg/l	Extracted	7674	2639
p-bil-kj	umol/l	Extracted	5800	4299
5389	mmol/l	Source	503	191
5401	g/l	Source	503	191
cb-o2-sis	%	Source	7701	3192
happisisältö,kapillaariveri	%	Source	4807	1973
happamuusaste,kapillaariveri	ph	Source	1579	692
bikarbonaatti(aktuaali),kapillaariveri	mmol/l	Source	1757	737
hemoglobiini(totaali),kapillaariveri	g/l	Source	1664	694
u-epiteelit	e6/l	Source	2832	1785
s-digoks	nmol/l	Source	18478	6154
u-bakt	e6/l	Source	12886	3692
p-psa-t	ug/l	Source	11083	2276
fs-c-pept	nmol/l	Source	14062	5848
cb-ahco3	mmol/l	Source	17595	6058
ab-o2-sis	ml/l	Source	413	284
ap-gluk	mmol/l	Source	1509	778
ap-cl	mmol/l	Source	271	208
ap-ca-ion	mmol/l	Source	1484	747
vb-o2-sis	ml/l	Source	15633	5643
vp-gluk	mmol/l	Source	10893	4605
vp-laktaat	mmol/l	Source	10894	4608
vp-k	mmol/l	Source	10893	4607
vp-na	mmol/l	Source	10896	4608
vp-cl	mmol/l	Source	10892	4604
vp-ca-ion	mmol/l	Source	10809	4527
e-mch	pg/cell	Source	21286	2115
u-epitel	/sunf	Source	1316	494
u-bakt.	/sunf	Source	514	304
u-leuk	/sunf	Source	802	406
b-cya	ug/l	Source	25550	1227
b-cya-ms	ug/l	Source	33133	1159
l-gran	%	Source	1843	1376
l-mid	%	Source	1593	1205
s-mg	mmol/l	Source	5614	4559
bmind	kg/m2	Source	2204	2105
painom	kg	Source	167	149
b-hkr	fl	Source	7243	5160
b-ghb-a1c	mmol/mol	Source	2058	863
e-rdv	%	Source	3952	1414
-probnppoc	ng/l	Source	17	14
l-eos-m	%	Source	7193	2165
l-baso-m	%	Source	6599	1999
l-monos-m	%	Source	6378	1933
l-lymf-m	%	Source	6498	1963
l-neut-m	%	Source	7115	2165
p-inr-vt	inr	Source	7242	2455
11821	mosm/kgh2o	Source	465	259
s-kalsium,ionisoitunut,ph7.4-korjattu	mmol/l	Source	14759	5864
s-kalsium,ionisoitunut,aktuaali	mmol/l	Source	14573	5981
cu-alb-mi	ug/min	Extracted	1367	947
crp,tk	mg/l	Extracted	2890	1408
u-suhti-o	ratio	Extracted	5267	2358
u-osmoest	mosm/kgh2o	Extracted	5163	2300
p-b12-vit	pmol/l	Extracted	9314	7559
s-hepyabg	u/ml	Extracted	1282	1126
p-gluk,tk	mmol/l	Extracted	3902	1864
cu-vm	ml	Source	2759	1052
fp-ohbutyr	mmol/l	Source	47	41
fb-nh4-ion	umol/l	Source	298	152
p-gluk-vt	mmol/l	Extracted	1923	1037
0mgluk	mmol/l	Source	2692	1820
60mgluk	mmol/l	Source	1176	709
120mgluk	mmol/l	Source	1305	814
s-gadab	ru	Source	444	404
s-tsh-abr	mu/l	Source	2402	947
s-t3-v	pmol/l	Source	18333	8176
s-lh	iu/l	Source	5757	4462
s-prl	miu/l	Source	1647	1529
p-prl	mu/l	Source	8543	5165
p-lh	u/l	Source	4718	3575
s-digoks	nmol/l	Extracted	3560	1564
sy-leuk	e6/l	Source	11367	7603
sy-eryt	e6/l	Source	3557	2630
sy-ly	%	Source	1170	907
sy-neut	%	Source	1432	1026
sy-leukmuu	%	Source	984	760
p-kalsium,alb.korjattu	mmol/l	Source	1368	1212
u-osmest	mosm/kgh2o	Extracted	6301	4502
p-uraatti	umol/l	Source	6899	4531
p-reumafaktori	iu/ml	Source	1339	1210
u-albumiininjakreatiniininsuhde	mg/mmol	Source	4773	3807
p-supar	ug/l	Source	351	287
du-ca	mmol/24h	Extracted	1294	787
us-tsh	mu/l	Source	415	415
uv-pco2	kpa	Source	142	134
uv-po2	kpa	Source	140	132
uv-hco3-st	mmol/l	Source	71	71
ua-pco2	kpa	Source	394	381
ua-po2	kpa	Source	383	370
ua-be	mmol/l	Extracted	331	321
ua-hco3-st	mmol/l	Source	359	352
p-bil-lap	umol/l	Source	1420	378
s-maitoe	u/ml	Source	1316	1113
s-kaseiie	u/ml	Source	252	200
fs-ph	ph	Source	13989	4169
pf-eos	%	Source	1318	992
pf-leukmuu	%	Source	383	316
pf-neut	%	Source	1292	974
pf-ly	%	Source	490	394
p-inr-hy	inr	Source	14228	526
ap-lakt	mmol/l	Source	1456	704
p-laite	ug/l	Source	106	85
s-aldol	u/l	Source	3329	2297
pika-crp-o	mg/l	Source	1103	473
u-sakka,eryt	u/field	Extracted	1162	587
u-sakka,leuk	u/field	Extracted	1002	559
p-t3-v	pmol/l	Extracted	8199	4025
u-amyl	u/l	Source	2762	2222
cb-emäsylimäärä	mmol/l	Source	10678	4894
cb-standardibikarbonaatti	mmol/l	Source	10798	4935
p-etanoli	promille	Source	155	118
l-leukosyytit,eosinofiiliset,mikroskopointi	%	Source	1514	623
l-leukosyytit,basofiiliset,mikroskopointi	%	Source	1517	621
l-monosyytit,mikroskopointi	%	Source	1521	634
l-lymfosyytit,mikroskopointi	%	Source	1513	626
l-neutrofiilit,mikroskopointi	%	Source	1582	668
s-hbsab	miu/ml	Extracted	446	410
vb-happamuusaste	1	Source	2125	1097
vb-emäsylimäärä	mmol/l	Extracted	3592	1586
leuk-pika	e9/l	Source	978	751
hb-pika	g/l	Source	1803	1116
p-c1inhbk	%	Source	1419	1176
u-epiteelisolut,osatutkimus	e6/l	Source	116	88
u-lieriöt,osatutkuf1000	e6/l	Source	111	84
u-osmolaliteettilaskennallinenosatutkuf1000	mosm/kgh2o	Source	110	83
u-erytrosyytit,osatutkimus	e6/l	Source	94	73
p-psasäde	ug/l	Source	1491	327
s-ohkloro	umol/l	Source	125	75
b-tacro	ug/l	Source	43409	1340
fs-transf	g/l	Source	27916	14053
fs-trfesat	osuus	Source	10938	4923
11616	ug/l	Source	3186	112
ab-ca-i7.4	mmol/l	Source	52168	8286
b-k	mmol/l	Source	59422	9339
b-na	mmol/l	Source	59360	9287
ab-ca-ion	mmol/l	Source	52238	8311
b-cl	mmol/l	Source	51262	8022
b-angap	mmol/l	Source	51115	8019
b-takrolimuusi,massaspektrometrinen	ug/l	Source	2366	177
p-cmvnh	iu/ml	Source	7131	1247
b-hba1c	mmol/m	Source	2831	2419
b-takrolimuusi,massaspektrometrinen	âug/l	Source	127	67
s-prostataspesifinenantigeeni,vapaa/kokonais-su	%	Source	471	395
b-trveadp	pru	Source	435	286
s-kalsium-ioni.aktuaali	mmol/l	Source	9670	3152
virtsansolujenhl7-siirtoon	e6/l	Source	5551	3095
pt-glomerulussuodosnopeus,estimoitu	ml/min/173m2	Extracted	449	402
l-bas	%	Source	9106	2469
s-norklot	nmol/l	Source	22359	1096
s-paroks	ug/l	Source	11	7
s-klona	nmol/l	Source	73	32
s-lamotri	umol/l	Source	2480	1195
s-halop	ug/l	Source	56	33
s-ketiap	nmol/l	Source	678	419
s-aripipr	ug/l	Source	156	91
gluk-pika	mmol/l	Source	787	523
ab-o2hb	%	Source	1876	624
ab-to2c	ml/dl	Source	1861	616
b-temp	°c	Source	5254	1663
basofiilit-osuus	%	Source	1195	1030
eosinofiilit-osuus	%	Source	1200	1034
lymfosyytit-osuus	%	Source	2168	1877
monosyytit-osuus	%	Source	2103	1824
neutrofiilit-osuus	%	Source	2116	1835
s-hcg	u/l	Source	5909	2784
p-fidd	mg/l	Extracted	11870	9510
p-il2r	u/ml	Source	7240	2819
s-toxoabg	iu/ml	Extracted	274	259
s-vzvabg	index	Extracted	460	432
p-aboabam	titre	Extracted	236	72
p-aboabbm	titre	Extracted	212	74
ly-cd4-t	%	Source	4573	2061
b-t-cd4	e9/l	Extracted	2025	1221
b-fidd-vt	mg/l	Source	1309	1233
u-pbg	umol/l	Source	248	212
u-alb/kre	g/mol	Source	142	67
plasmanc-reaktiivinenproteiiniosoitus	mg/l	Source	3244	2012
p-kalium,paikallisanalytiikka,kuivakemia	mmol/l	Source	2353	1304
p-kreatiniini,paikallisanalytiikka,kuivakemiap-kreatiniini,paikallisanalytiikka,kuivakemia	umol/l	Source	760	412
p-natrium,paikallisanalytiikka,kuivakemia	mmol/l	Source	2325	1296
s-ld	u/l	Source	5177	2356
li-cxcl13-kemokiinipitoisuus	ng/l	Source	13	12
e-rdw,osatutkimus(19976e-rdw)	%	Source	1577	975
b-erybla,osatutkimus(19978b-erybla)	e9/l	Source	1575	975
trombosyytit/pvk	e9/l	Source	7289	3096
kolesteroli/lipidit(4515fp-kol/lipidit),osatutkimus	mmol/l	Source	68	68
kolesteroli,highdensity/lipidit(4516fp-hdl-kol/lipidit),osatutkimus	mmol/l	Source	57	57
triglyseridit(4568trigly)/lipiditosatutkimus	mmol/l	Source	56	56
kolesteroli,lowdensitylipoproteiinit(ldl)/lipidit(4599fp-kol-ldl/lipidit),osatutkimus	mmol/l	Source	258	237
kreatiniini(4600p-krea)	umol/l	Source	2046	1166
glomerulussuodosnopeus,estimoitu(6354pt-gfre)	ml/min/173m2	Source	2051	1170
b-crp	mg/l	Extracted	1357	1048
fp-pi	mmol/l	Extracted	8841	4702
p-tromboblastiiniaika	%	Source	559	385
s-borrabm	au/ml	Source	3381	2845
li-alb	mg/l	Source	3717	3440
li-eryt	e6/l	Extracted	3040	2096
li-igg	mg/l	Source	3935	3387
li-leuk	e6/l	Extracted	3046	2096
li-igg/alb	osuus	Extracted	546	525
li-igg-ind	ratio	Extracted	1108	1064
li-/s-alb	mg/g	Source	1128	1049
s-mpoabg	iu/ml	Extracted	686	141
l-mon	%	Extracted	1467	757
b-hemoglobiini-a1c,glykoitunut	%	Source	455	397
p-triglyseridit	mmol/l	Source	3818	3211
p-osmol	mosm/kgh2o	Source	493	279
p-k-na	mmol/l	Source	594	240
s-estdiol	nmol/l	Source	654	351
l-erblast	u/100leuk	Source	1310	416
l-blast	%	Source	5230	1673
fs-ph	ph	Extracted	17422	5026
du-ca	mmol/24h	Source	12541	7209
eryt	e6/l	Source	10099	5926
lieriöt	e6/l	Extracted	2944	2140
u-epilevy	e6/l	Source	14635	8104
u-epipien	e6/l	Source	16252	8712
s-c-peptidiaterianjälkeen	nmol/l	Source	150	140
u-leukbv	e6/l	Source	3982	1601
u-baktbv	e6/l	Source	3962	1595
e-erytrosyytit,kokojakaumaprosentti	%	Source	24548	4543
pt-glomerulussuodosnopeus,ckd-epi-kaava	ml/min/173m2	Source	26884	6303
p-prostataspesifinenantigeeni,kokonais	ug/l	Source	726	569
u-bakteerit	e6/l	Source	1692	855
u-happamuusaste(kval)	form	Source	2823	1424
u-leukosyytit,virtsatieinfektionseulonta	e6/l	Source	1103	677
u-bakteerit,virtsatieinfektionseulonta	e6/l	Source	1096	673
cp-c-reaktiivinenproteiini,ihopiston,hoitoyksikössä	mg/l	Source	1820	1057
b-neutrofiilit,lukumäärä	e9/l	Source	3101	938
e-retikulosyytit	%	Source	3814	1764
s-b2miglo	mg/l	Source	5768	3253
s-toxoavi	index	Source	45	44
albumiini,proteiinifraktio	g/l	Source	558	324
beeta-1	g/l	Source	904	437
gamma	g/l	Source	902	435
alfa-1	g/l	Source	903	436
alfa-2	g/l	Source	907	438
beeta-2	g/l	Source	903	436
ph(akt)	ph	Source	9848	4853
kalsium,ionisoitunut(7.4)	mmol/l	Source	9844	4853
blastit	%	Source	1012	464
promyelosyytit	%	Source	1006	463
myelosyytit	%	Source	1008	462
metamyelosyytit	%	Source	999	457
retikulosyytit,tuotantoindeksi	osuus	Source	920	523
kalsium,ionisoitunut(akt)	mmol/l	Source	3674	1832
b-eosinofiilit,lukumäärä	e9/l	Source	2814	895
p-antifaktorix-aktiivisuus	iu/ml	Source	39	15
kalsium,ionisoitunut(s-)	mmol/l	Source	1680	1258
s-d3-25	nmol/l	Source	2269	1495
s-d-25-32	nmol/l	Source	1945	1211
p-kalsium,albumiinikorjattu	mmol/l	Source	8638	6505
p-fix	%	Source	1416	1088
p-fibr	g/l	Extracted	1219	746
p-fxii	%	Source	366	279
p-fxi	%	Source	395	291
du-alb	mg/24h	Source	1676	873
du-iglck	mg	Source	481	209
p-fviiit	%	Source	361	145
p-vwf-aktt	%	Source	211	130
du-iglcl	mg	Source	365	132
s-cmvabg	eiu	Source	1562	1043
b-cd34	e6/l	Source	193	118
afer-trom	e9/l	Source	204	152
afer-mns	e8/kg	Source	185	142
afer-cd34	e6/kg	Source	185	139
gran	%	Source	206	153
mns	%	Source	204	151
afer-hkr	osuus	Source	203	151
colepi	s	Source	43	37
coladp	s	Source	36	31
s-ebvabg	eiu	Source	811	665
p-igg	g/l	Extracted	3711	2751
bla	%	Source	3648	1415
prom	%	Source	4810	1767
myel	%	Source	4788	1759
metam	%	Source	3516	1359
nst	%	Source	3563	1385
nlt	%	Source	4706	1873
14346	g/l	Source	3693	1607
14347	g/l	Source	3710	1598
14348	g/l	Source	3677	1597
14349	g/l	Source	3672	1574
14350	g/l	Source	3675	1606
14351	g/l	Source	3684	1597
14352	g/l	Source	3325	1358
b-neutrofiili,erillistutkimuksena	e9/l	Source	26946	4648
s-albumiini-fraktio	g/l	Source	2356	1157
s-alfa-1-fraktio	g/l	Source	3049	1467
s-alfa-2-fraktio	g/l	Source	3044	1465
s-beta-1-fraktio	g/l	Source	3035	1456
s-beta-2-fraktio	g/l	Source	3006	1436
s-gamma-fraktio	g/l	Source	2354	1153
p-ca15-3	u/ml	Source	16517	3940
p-hyytymistekijäviii(t)	%	Source	108	38
p-vonwillebrand-tekijä,aktiivisuus(t)	%	Source	122	33
sy-leuk	e6/l	Extracted	3117	2141
p-reumafaktori,rf	iu/ml	Source	351	299
p-inr-hy	inr	Extracted	6338	282
oma-p-crp	mg/l	Source	13122	5822
c-reaktiivinenproteiini	mg/l	Source	7963	3524
s-b12-vitamiini,transkobalamiiniii:nsitoutunut	pmol/l	Source	1049	993
s-transferriinireseptori	mg/l	Source	1934	1434
b-retikulosyytit	e9/l	Source	2376	1663
l-myelosyytit	%	Source	3867	1477
l-metamyelosyytit	%	Source	3855	1477
punasolujenkoonvaihtelu	%	Source	2031	1336
laktaattidehydrogenaasi	u/l	Source	112	101
bilirubiini	umol/l	Source	2100	1548
prostataspesifinenantigeeni	ug/l	Source	2969	2546
redcelldistributionwidth	%	Source	3601	3227
pt-gluk-0h	mmol/l	Source	951	617
pt-gluk-2h	mmol/l	Source	1501	1092
pt-gluk-1h	mmol/l	Source	771	512
p-ttr	%	Source	1114	419
p-einr	inr	Source	2707	90
transferriininrautakyllästeisyys(fp-)	%	Source	596	448
s-borabmv	au/ml	Source	617	510
s-borabgv	au/ml	Source	320	260
prolaktiini,plasmasta	mu/l	Source	201	164
fs-c-pept	nmol/l	Extracted	1027	866
cp-gluk-hy	mmol/l	Source	6390	700
p-pbnp-lb	ng/l	Source	1243	583
cp-crp-hy	mg/l	Source	11226	4025
cb-leuk-hy	e9/l	Source	281	238
fp-ca-albk	mmol/l	Source	22	21
p-kalsium,albumiinikorjattu,plasmasta	mmol/l	Source	29	25
cp-glukoosi,ihopistosn,vieritestihoitoyksikössä	mmol/l	Extracted	3854	277
ab-hiilidioksidiosapaine,lämpötilakorjattu	kpa	Source	417	277
ab-emäsylimäärä	mmol/l	Source	9153	3532
ab-happiosapaine,lämpötilakorjattu	kpa	Source	415	276
ab-bikarbonaatti	mmol/l	Source	557	350
ab-aktuaalibikarbonaatti	mmol/l	Source	14354	4290
ab-erytrosyytit,tilavuusosuus	osuus	Source	413	275
ab-hemoglobiini	g/l	Source	10469	2651
ab-methemoglobiini	%	Source	4238	1991
ab-glukoosi	mmol/l	Source	405	272
ab-hemoglobiini,hiilimonoksidi	%	Source	418	279
ab-kalium	mmol/l	Source	415	276
ab-kalsium,ionisoitunut,ph7.4:ssa	mmol/l	Source	402	273
ab-kloridi	mmol/l	Source	417	277
ab-natrium	mmol/l	Source	418	277
ab-lämpötila(he-tase)	aste	Source	418	277
ab-kalsium,ionisoitunut,aktuaalinen	mmol/l	Source	417	277
ab-laktaatti	mmol/l	Source	415	276
e-rdw,osatutkimus(e-rdw)	%	Source	3731	1897
b-erybla,osatutkimus(b-erybla)	e9/l	Source	3732	1897
kolesteroli/lipidit	mmol/l	Source	2903	1922
kolesteroli,highdensitylipoproteiinit/lipidit	mmol/l	Source	2911	1924
triglyseridit(trigly)/lipidit	mmol/l	Source	2759	1792
kolesteroli,lowdensitylipoproteiinit(ldl)/lipidit	mmol/l	Source	2757	1791
hemoglobiini-a1c,glykoitunut(b-hba1c)	mmol/mol	Source	1452	796
erytrosyytit(kval)	estimate	Source	2406	1608
glukoosi(kval)	estimate	Source	2596	1661
leukosyytit(kval)	estimate	Source	2233	1574
nitriitti(kval)	estimate	Source	2448	1667
aika/ed.virt	h	Source	4502	3221
21767	u/ml	Source	221	219
s-om5glie	u/ml	Source	836	791
s-alfgale	u/ml	Source	533	511
s-caspähe	u/ml	Source	895	826
s-hasspäe	u/ml	Source	476	453
s-maapähe	u/ml	Source	1974	1670
s-parapäe	u/ml	Source	829	769
s-sakspäe	u/ml	Source	883	822
s-mantele	u/ml	Source	275	263
s-dgpaba	u/ml	Source	975	913
fs-lipoa1	g/l	Source	4095	3075
fs-lipob	g/l	Source	5513	3661
s-apob/a1	ratio	Source	2606	2051
p-apcres.	form	Extracted	757	715
punasolujenkokojakautuma	%	Source	683	372
s-dgpabg	u/ml	Source	501	432
21741	u/ml	Source	135	120
21763	u/ml	Source	27	26
s-rarah2e	u/ml	Source	869	721
s-rbere1e	u/ml	Source	432	399
s-cora9e	u/ml	Source	479	453
s-cora14e	u/ml	Source	787	707
s-ranao3e	u/ml	Source	514	462
s-rjugr1e	u/ml	Source	516	466
s-viljaer	u/ml	Source	32	32
s-gliadie	u/ml	Source	529	493
s-tria14e	u/ml	Source	76	75
b-fiddp	mg/l	Source	776	704
b-ghba1cp	%	Source	873	479
b-hba1cvt	mmol/mol	Source	12919	2878
p-gluk-sn	mmol/l	Source	1252	343
u-osmoest	e6/l	Source	2426	581
d-dimer	mg/l	Source	465	294
p-tnt	ug/l	Source	73	58
fp-gluk-sn	mmol/l	Source	1398	180
s-b12-vitamiini.aktiivinen	pmol/l	Source	1127	1068
transferriininrautakyllästeisyys	%	Source	1179	890
fp-parathormoni	pmol/l	Source	423	292
s-haptoglobiini	g/l	Source	99	89
du-prot.	mg/24h	Source	1502	957
virtsamäärä	ml	Source	4544	2728
vb-hblask	g/l	Source	285	231
l-lymfos	%	Extracted	19507	7633
l-eosin	%	Extracted	19420	7561
l-basof	%	Extracted	19097	7414
l-neutr	%	Extracted	18989	7431
b-eosin	e9/l	Extracted	19469	7464
b-basof	e9/l	Extracted	19464	7472
b-lymfos	e9/l	Extracted	19863	7638
b-neutr	e9/l	Extracted	19471	7498
p-pct	ug/l	Extracted	1872	1157
albumiini	g/l	Source	6718	3495
p-kalsium	mmol/l	Source	5504	4244
ldl-kolesteroli	mmol/l	Source	10898	8662
s-dnaab	iu/ml	Source	733	218
b-tbifng	iu/ml	Extracted	1726	1561
s-dnaab	iu/ml	Extracted	605	195
p-varmtr	s	Source	1488	1152
p-varmtt	%	Source	1494	1154
s-etane	mg/l	Source	258	199
s-smab	u/ml	Source	1653	1199
u-suhti.	ratio	Source	21924	9744
s-mypnabm	index	Source	3434	3156
s-cefacle	u/ml	Source	64	63
s-ttgaba	eliau/ml	Source	2714	2581
fp-aldos	pmol/l	Source	758	627
s-insu	mu/l	Source	8335	2280
p-ohbutyr	mmol/l	Source	1065	390
p-fxiii.	%	Source	814	746
p-aptt.	s	Source	829	761
p-fibr.	g/l	Source	792	727
b-ko/epi1	s	Source	525	411
b-ko/epi2	s	Source	526	412
b-ko/adp1	s	Source	570	438
b-ko/adp2	s	Source	565	440
inr-pika	inr	Source	4307	124
p-tt-inrqc	inr	Source	767	157
s-psa	ug/l	Extracted	2767	1913
s-c-pept	nmol/l	Source	1452	1086
hba1cvieri	mmol/mol	Extracted	162	95
ca++/ph7.4	mmol/l	Source	18482	4544
p-tromboplastiiniaika,inr,tt	inr	Extracted	9462	1190
epiteelisolut,virtsasta	e6/l	Source	4910	1904
lieriöt,virtsasta	e6/l	Source	4909	1904
uraatti,plasmasta␤	umol/l	Source	2871	1096
parathormoni,plasmasta,paastotilassa	ng/l	Source	1651	697
vp-shco3	mmol/l	Source	7251	1311
proteiini,ty,seerumista	g/l	Source	663	238
gamma-fraktio,seerumista␤	g/l	Source	715	259
m-komponentti-1,seerumista	g/l	Source	666	234
b-retikulos.hb-ekvivalentti␤	pg	Source	1483	490
leukosyytit,virtsasta␤	e6/l	Source	1867	973
transferriininrautakyllästeisyys␤	%	Source	1453	710
tromboplastiiniaika,inr-tulostus,plasmasta␤	inr	Source	15979	3481
p-crphoi	mg/l	Source	6213	3180
u-krea	mmol/l	QCOut	6411	3571
s-c-anca	titre	Source	307	143
p-nh4-ion	umol/l	Source	1298	450
du-tilav	ml	Source	3559	1921
du-prot	g/24h	Source	5118	2185
s-igd	mg/l	Source	179	102
bl-solut	e6/l	Source	820	716
vb-o2hb	%	Source	802	114
vb-to2c	ml/dl	Source	801	113
b-cd19	e9/l	Source	2870	1392
ly-cd4/cd8	ratio	Source	2741	1367
b-cd3	e9/l	Source	2868	1391
b-cd16/56	e9/l	Source	2606	1297
b-cd4	e9/l	Source	2870	1392
b-cd8	e9/l	Source	2870	1392
21777	mg/l	Source	246	242
li-igg/alb	osuus	Source	1489	1396
li-igg-ind	ratio	Source	2709	2538
s-igg-oc	g/l	Source	999	936
s-kerulo	mg/l	Source	2183	2059
ca++	mmol/l	Source	16710	4219
ca++ph7.4	mmol/l	Source	16678	4214
p-crppika	mg/l	Source	947	656
kreatiniini(krea)	umol/l	Source	1301	960
glomerulussuodosnopeus,estimoitu(pt-gfre)	ml/min/173m2	Source	3424	1964
c-reaktiivinenproteiini-pika(crp-pika)	mg/l	Source	1473	860
pf-gluk	mmol/l	Source	5025	3835
pf-solut	e6/l	Source	1150	786
pf-rf	iu/ml	Source	127	117
kalsium,albumiinikorjattu,plasmasta␤	mmol/l	Source	3406	1630
l-sauv	%	Source	3700	993
l-liuskatumaisetneutrofiilit␤	%	Source	1196	390
l-metamyelosyytit␤	%	Source	1193	390
l-myelosyytit␤	%	Source	1194	390
l-promyelosyytit␤	%	Source	1193	390
l-blastit␤	%	Source	1193	390
prokalsitoniini,plasmasta␤	ug/l	Source	703	365
kollageenii:nbeta-karboksiterminaalinentelopeptidi,plasmasta␤	ug/l	Source	58	36
cp-crp-hy	mg/l	Extracted	958	770
s-ecp	ug/l	Source	4748	1949
s-rottae	u/ml	Source	22	21
du-krea	mmol	Source	1602	1157
b-hba1c	mmol	Source	1218	544
l-sauva	%	Source	4826	1346
l-liuska	%	Source	4519	1275
l-lymfo	%	Source	47	30
fs-ca-ion	mmol/l	Source	11371	4248
fs-ca-7.40	mmol/l	Source	987	387
neutrofiilit	e9/l	Source	10480	1540
li-ace	u/l	Source	1231	1138
e-kokojakauma	%	Source	24457	7376
b-erytroblastit	e9/l	Extracted	10404	3513
bla	%	Extracted	1119	400
prom	%	Extracted	1147	417
myel	%	Extracted	1188	443
metam	%	Extracted	1149	427
nst	%	Extracted	1119	406
nlt	%	Extracted	1177	432
tffesat	%	Extracted	2728	1823
e-erytrosyytit,kokojakauma	%	Extracted	1729	743
b-hb-a1c	mmol/mol	Source	7621	3520
s-gliadiinipeptidit,deamidoidut,igg-vasta-aineet	u/ml	Source	95	93
s-gliadiinipeptidit,deamidoidut,iga-vasta-aineet	u/ml	Source	304	299
s-hsv1abg	eiu	Source	494	440
p-aboabam	titre	Source	311	133
p-aboabbm	titre	Source	207	143
s-krea	umol/l	Source	11585	6106
s-papp-a	mu/l	Source	533	410
phakt.	ph	Source	140	75
kalsium(7.4)	mmol/l	Source	140	75
alaniiniaminotransferaasi	u/l	Source	17127	11039
kolesteroli	mmol/l	Source	16479	14035
hdl-kolesteroli	mmol/l	Source	7029	6157
triglyseridit	mmol/l	Source	15656	13364
alkalinenfosfataasi	u/l	Source	4090	3042
s-dgpabg	au	Source	593	569
s-dgpaba	au	Source	236	229
s-ttgaba	eliau/ml	Extracted	309	300
fe-folat	nmol/l	Source	71	56
fp-glukos	mmol/l	Source	977	374
b-ghb-a1c	%	QCOut	816	550
u-erytla	e6/l	Source	2594	1461
u-leukla	e6/l	Source	2574	1461
u-lierla	e6/l	Source	2608	1464
u-epitla	e6/l	Source	2611	1464
p-aspartaattiaminotransferaasi	u/l	Source	7786	4815
-natrium,vieritutkimus	mmol/l	Source	81	68
-kalium,vieritutkimus	mmol/l	Source	81	68
-kreatiniini,vieritutkimus	umol/l	Source	81	68
p-c-reaktiivinenproteiini(kval)␤	mg/l	Source	111	90
cb-hemoglobiini	g/l	Source	120	96
s-tryptaasi	ug/l	Source	347	281
s-c1-esteraasininhibiittori	g/l	Source	17	17
s-komplementtic3	g/l	Source	163	138
s-komplementtic4	g/l	Source	98	74
s-c1-esteraasininhibiittori,aktiivisuus	%	Source	12	12
cb-crp	mg/l	Extracted	2378	877
cb-crp	mg/l	Source	3038	1129
b-crp-vt	mg/l	Extracted	2471	1606
s-caion7.4	mmol/l	Source	5310	1513
s-ca15-3antigeeni	u/ml	Source	785	383
p-kreatiinikinaasi,mb-alayksikkö,massa	ug/l	Source	92	79
p-bilirubiinikonjugaatit	umol/l	Source	1839	961
fp-laktaatti	mmol/l	Source	1982	1154
NA	mmol/l	Source	8633	2034
NA	u/l	Source	2435	1449
NA	umol/l	Source	2399	1817
p-antifxa	iu/ml	Extracted	8708	2609
s-metnef	nmol/l	Source	5654	4433
s-normet	nmol/l	Source	8233	6242
s-mta	nmol/l	Source	1041	770
du-prot	mg	Extracted	804	498
u-sg	kg/l	Source	2668	1663
crp	mg/l	Source	7083	3200
leuk	e6/l	Source	7397	4476
s-siliab	titre	Source	1493	1284
p-etoh	promille	Source	3789	2272
cu-tilav	ml	Source	2545	1068
cu-kesto	min	Source	2606	1064
u-krea	umol/l	Source	4281	2779
ts-tupa15	form	Source	238	225
b-dpyd-d	form	Source	211	210
maksa-1-is	u/l	Source	1031	909
maksa-2-is	u/l	Source	1034	913
luusto-is	u/l	Source	1039	915
suolis-is	u/l	Source	619	560
p-d-vitamiini-25-oh	nmol/l	Source	1605	1484
p-tromboplastiiniaika,inr-tulostus	inr	Extracted	1248	183
fp-glukoosi	mmol/l	Extracted	1344	841
p-kreatiniini	umol/l	Extracted	1176	438
sp-pr+np	%	Source	28	23
sp-liik.pr	%	Source	28	23
sp-liik.np	%	Source	28	23
sp-liik.im	%	Source	28	23
sp-tilav.	ml	Source	30	24
sp-siitt.	e6/ml	Source	29	23
sp-s.yht	e6	Source	27	22
sp-pyör.s.	e6/ml	Source	28	24
fp-insu	mu/l	Source	1853	1166
kolesteroli,highdensitylipoproteiinit	mmol/l	Source	8580	7241
kolesteroli,lowdensity	mmol/l	Source	4116	3359
p-kreatiniini,paikallisanalytiikka,kuivakemia	umol/l	Source	1411	839
c-reaktiivinenproteiini	1	Source	925	654
fp-kol-ind	mmol/l	Extracted	2589	1541
c-reaktiivinenproteiini,herkkä,seerumista	mg/l	Source	7396	6211
ab-hco3-st	mmol/l	Extracted	2611	1097
s-etoh	promille	Source	1369	1077
pt-glomerulussuodosnopeus,estimoituckd-epi-kaava	ml/min/173m2	Source	3485	2719
fb-b1-vit	ug/l	Source	759	631
s-dnanab.	kiu/l	Source	1573	830
ab-hb02sat	%	Source	585	238
ab-po2(t)	kpa	Source	4515	1437
ab-pco2(t)	kpa	Source	4513	1437
ab-t	°c	Source	3430	828
b-hb-co.	%	Source	1009	238
b-hb-met.	%	Source	1016	242
fp-krea	umol/l	Extracted	3024	1147
tnlpika	ug/l	Source	62	51
s-digoks	ug/l	Source	652	284
transf-sat	%	Source	1643	688
crpvieritesti	mg/l	Source	843	586
kalsium,albumiinikorjattu,plasmasta␤(huom.alb-pitoisuus)	mmol/l	Source	680	520
s-crp,herkkä	mg/l	Extracted	3757	3059
s-ca-17.4	mmol/l	Source	835	393
11678	u/ml	Source	16	16
11679	u/ml	Source	22	22
fp-kolesteroli,highdensitylipoprotein,plasmasta	mmol/l	Source	736	538
p-glutamyylitransferaasi	u/l	Source	5833	3942
s-cv19sab	au/ml	Source	149	140
s-anti-myllerhormoni	ug/l	Source	30	27
s-prolaktiini	mu/l	Source	935	795
p-gluk,tk	mmol/l	Source	3521	1862
s-van	mg/l	Extracted	2400	625
NA	g/l	Source	5079	2466
NA	e9/l	Source	6742	2147
NA	pg	Source	2333	1958
NA	%	Source	6666	2232
NA	e12/l	Source	2192	1903
NA	fl	Source	2362	1991
p-afxariv	ug/l	Source	267	230
p-prealb	g/l	Extracted	1529	1103
glukoosi	mmol/l	Source	724	607
kolesteroli,lowdensitylipoproteiinit	mmol/l	Source	4904	4249
hemoglobiini-a1c	mmol/mol	Source	535	472
pt-gfre	form	Source	4090	1558
fp-kolhdl	mmol/l	Source	1223	406
hct	%	Source	3079	561
hgb	g/l	Source	3106	564
plt	e9/l	Source	3107	564
p-na-pt	mmol/l	Source	367	240
p-k-pt	mmol/l	Source	367	240
p-krea-pt	umol/l	Source	367	240
s-prl	mu/l	Extracted	2985	2367
u-suhti.	ratio	Extracted	2722	1442
b-neu	e9/l	Source	3653	1173
b-lym	e9/l	Source	2469	1034
b-neu	%	Source	2479	1037
b-lym	%	Source	2560	1108
b-mono	%	Source	4619	1317
s-rnpab	u/ml	Source	2850	1877
s-ssa-52	u/ml	Source	329	236
s-ssa-60	u/ml	Source	201	145
p-il6	ng/l	Source	645	464
cb-hb	g/l	Source	15989	6069
b-mxa	ug/l	Source	434	334
du-prot	g/24h	Extracted	926	550
hdl/kol.	%	Source	1944	1642
s-ccpab	form	Source	444	381
p-hcg	iu/l	Source	858	385
vp-gluk-0h	mmol/l	Source	715	574
vp-gluk-2h	mmol/l	Source	712	571
s-prl	nmol/l	Source	58	55
u-prot	mg/l	Source	15022	3906
p-krea-vt	umol/l	Source	2805	1386
p-na-vt	mmol/l	Source	2850	1389
p-k-vt	mmol/l	Extracted	1216	665
vb-hb-vt	g/l	Source	790	484
p-cea	ug/l	Extracted	2770	1823
p-ld	u/l	Extracted	5723	3367
s-he4proteiini	pmol/l	Source	308	270
f-kalprotektiini,feia	ug/g	Source	797	455
p-crp-vt	mg/l	Source	9279	4823
p-hstni	ng/l	Source	3261	1194
sy-leukosyytit,liuskatumaiset	%	Source	183	154
sy-leukosyytit,yksitumaiset	%	Source	183	154
s-koriongonadotropiini-b-alayksikkö,ihm.vap	ug/l	Source	309	309
u-lieriö	e6/l	Source	7553	1932
p-glukpoc	mmol/l	Source	957	449
b-crp-poc	mg/l	Source	3319	1408
b-hba1cp	mmol/mol	Source	13766	2170
p-glukpoc	mmol/l	Extracted	1562	715
u-osmolaliteetti	mosm/kgh2o	Source	2715	1739
u-epiteelisolu	e6/l	Source	2393	1466
kortisoli	nmol/l	Source	295	223
p-amylaasi	u/l	Source	1557	1080
kalsium	mmol/l	Source	1032	916
d-vitamiini-25-oh	nmol/l	Source	1576	1443
l-muut	%	Source	3167	2169
b-muut	e9/l	Source	3089	2107
p-haptog	g/l	Extracted	1821	1584
fp-parathormoni,intakti	ng/l	Source	443	347
s-c-peptidi,proinsuliinin,aterianjälkeen	nmol/l	Source	63	57
p-glukoosi,2tuntiaaterianjälkeen	mmol/l	Source	125	118
s-testovi	pmol/l	Source	85	62
sy-neutrofiilitjaeosinofiilit	%	Source	298	243
sy-mononukleaarisetsolut	%	Source	317	262
sy-muutsolut	%	Source	183	159
sy-leukosyytit	e6/l	Source	174	153
uraatti	umol/l	Source	3560	2311
sitruliinipeptidi,vasta-aineet	u/ml	Source	360	354
s-kissanhilse,igevasta-aineet	u/ml	Source	149	145
s-koira,igevasta-aineet	u/ml	Source	24	24
s-timotei,igevasta-aineet	u/ml	Source	23	23
pölyerittely	u/ml	Source	19	19
monosyytit/tvk	e9/l	Source	221	139
s-c-peptidi1haterianjälkeen	nmol/l	Source	275	245
nu-alb	ug/min	Extracted	1512	1027
b-gluk/pi	mmol/l	Source	1386	668
p-crp.	mg/l	Source	761	332
p-k.	mmol/l	Source	1513	743
p-na.	mmol/l	Source	1467	727
p-krea.	umol/l	Source	1719	861
p-alat.	u/l	Source	896	626
p-tromboplastiiniaika,aktivoitu,partiaalinen	s	Source	1686	1275
p-fibrinogeeni	g/l	Source	108	89
s-vankomysiini	mg/l	Source	263	52
cb-happiosapaine	kpa	Source	163	122
cb-hiilidioksidiosapaine	kpa	Source	166	125
cb-happikyllästeisyys(hemoglobiinin,osuustoiminnallisestahb:sta)	%	Source	125	96
pf-glukoosi	mmol/l	Source	46	39
pf-erytrosyytit	e6/l	Source	65	52
pf-leukosyytit	e6/l	Source	56	43
pf-laktaattidehydrogenaasi	u/l	Source	58	48
vb-happiosapaine	kpa	Source	1363	721
vb-hiilidioksidiosapaine	kpa	Source	1547	748
vb-happikyllästeisyys(hemoglobiinin,osuustoimin	%	Source	263	92
pt-glomerulussuodosnopeus,pt-gfreepiestimoitu,ckd-epi-kaava	ml/min/173m2	Source	6938	3729
s-gadab	iu/ml	Source	1693	1557
diabetes	form	Source	187	187
s-hcg-b-v	pmol/l	Source	1130	442
s-pappa	form	Source	136	95
glukbel-vp	mmol/l	Source	664	216
u-prot-o	form	Source	10588	2883
fp-trigl	mmol/l	Source	8566	1590
b-hba1cvt	%	Source	7582	1170
u-veri-o	estimate	Source	2539	781
u-epitel	u/field	Source	1993	844
u-eryt	/sunf	Source	1182	446
fs-ct	pmol/l	Source	598	114
s-metnor	nmol/l	Source	999	772
lymph	%	Source	7959	1526
b-mxd	e9/l	Source	3612	938
s-cu	umol/l	Source	1482	1112
s-c1inh	g/l	Source	1520	1267
s-c1inhbk	%	Source	405	366
s-afmuut	u/l	Source	1490	1274
b-sekvy-d	form	Source	59	59
c-reaktiivinenproteiini(p-crp)	mg/l	Source	500	369
kreatiniini(p-krea)	umol/l	Source	1817	1178
kolesteroli/lipiditosatutkimus	mmol/l	Source	1181	890
kolesteroli,highdensitylipoproteiinit/lipiditosatutkimus	mmol/l	Source	1186	893
triglyseridit(trigly)/lipiditosatutkimus	mmol/l	Source	1185	892
kolesteroli,lowdensitylipoproteiinit(ldl)/lipiditosatutkimus	mmol/l	Source	1185	892
fibriinind-dimeerit,plasmasta(p-fidd)	mg/l	Source	19	19
p-fidd-lb	mg/l	Source	808	613
sy-eos	%	Source	361	204
sy-ly+mono	%	Source	338	206
sy-prot	g/l	Source	778	658
fs-rf	iu/ml	Source	1088	966
c-reaktiivinenproteiini,pikatesti,veri(23318b-crp-pt)	mg/l	Source	802	476
hemoglobiini-a1c,glykoitunut(6128b-hba1c)	mmol/mol	Source	754	522
testosteroni,vapaalaskettu	pmol/l	Source	549	316
testosteroni,osatutkimus	nmol/l	Source	75	54
b-neutrofiilit,erillistutkimuksena	e9/l	Source	1653	590
ckd-epi-yhtälö	ml/min/173m2	Source	12959	2203
folaatti(fe-folaat)	nmol/l	Source	320	288
kolesteroli/lipidit,osatutkimus(4515fp-kol/lipidit)	mmol/l	Source	190	177
kolesteroli,hdl/lipidit,osatutkimus(4516fp-hdl-kol)osatutkimus	mmol/l	Source	201	185
triglyseridit/lipidit,osatutkimus(4568trigly)	mmol/l	Source	191	178
pt-glomerulussuodosnopeus,pt-gfreepiestimoitu,ckd-epi-kaava	ml/min/173m2	Extracted	162	115
u-hyalie	e6/l	Source	15276	4894
u-leuk-bv	e6/l	Source	17865	5621
pt-gluk-r1	mmol/l	Source	369	169
pt-gluk-r2	mmol/l	Source	21	21
p-c-reaktiivinenproteiinipikahoitoyksiköt	mg/l	Source	4587	2296
s-ace	u/l	Source	2203	1402
sy-solut	e6/l	Source	4106	2426
e-mcv	%	Source	3139	1375
s-hsvabg	eiu	Source	515	457
erytrosyytit,kokojakaumaindeksi,osatutk.2474	%	Source	12730	2569
leukosyytit,verestä,osatutk.2474	e9/l	Source	3673	1419
kalsium,ionisoitunut,ph7.4-korjattu,seerumista,osatutk	mmol/l	Source	1225	482
kalsium,ionisoitunut,aktuaaliosatutk.	mmol/l	Source	1227	483
hemoglobiini-a1c,verestä	mmol/m	Source	440	412
b-lakteh	mmol/l	Source	345	103
fp-kolesteroli	mmol/l	Extracted	562	480
l-promyelosyytti	%	Source	847	248
l-myelosyytti	%	Source	847	246
l-metamyelosyytti	%	Source	846	246
s-sitrulliinipeptidi,vasta-aineet	u/ml	Source	1422	1353
b-hb-vt	g/l	Source	3944	2047
u-solut	e6/l	Source	160	91
fb-gluk	mmol/l	Source	332	163
s-sldl	mmol/l	Source	2207	806
fp-ca-ion	mmol/l	Source	1040	557
fp-ca-iona	mmol/l	Source	383	279
amylaasi	u/l	Source	1380	1194
virtsanalb/kreasuhde	mg/mmol	Source	3054	2707
b-gluk/pik	mmol/l	Source	945	554
erytroblastit	e9/l	Extracted	2656	1765
p-glu/0	mmol/l	Source	1831	1313
p-glu/2h	mmol/l	Source	1816	1308
s-aripi	nmol/l	Source	683	335
s-adioni	nmol/l	Source	1252	829
p-hcg-tot	iu/l	Extracted	5570	2614
s-tes-vlik	pmol/l	Source	3055	2285
p-trijodityroniini,vapaa	pmol/l	Source	637	364
s-hcg-b-v	ug/l	Extracted	2173	1934
-i-ind	index	Extracted	61	61
s-tsh	mu/l	Extracted	4569	3584
s-trigly	mmol/l	Extracted	1986	1686
s-kol	mmol/l	Extracted	1778	1537
s-kol-hdl	mmol/l	Extracted	1971	1672
s-kol-ldl	mmol/l	Extracted	1794	1546
sy-neut+eo	%	Source	2006	1297
sy-mononuk	%	Source	2069	1350
u-lieriöt	e6/l	Extracted	2586	1541
p-transferriininrautakyllästeisyys,fp-fe/tr,fp-fe/tran,fp-fe/trans	%	Source	628	423
pt-ttr+inr	%	Source	1974	196
timeintherapeuticrange(sis.inr:n)	%	Source	1521	92
12510	umol/l	Source	161	120
s-vzvabg	eiu	Extracted	495	475
p-urea-dj	mmol/l	Source	7340	683
paino	kg	Source	2621	430
painonmuutoskg	kg	Source	2551	356
p-cmvnh	iu/ml	Extracted	2596	541
u-osmol	mosm/kgh2o	Extracted	2410	1967
s-k	mmol/l	Extracted	1912	1558
fs-kol	mmol/l	Extracted	2781	2334
fs-kol-hdl	mmol/l	Extracted	3009	2496
fs-kol-ldl	mmol/l	Extracted	2724	2287
fs-trigly	mmol/l	Extracted	3037	2517
li-albumiini	mg/l	Source	13	13
li-glukoosi	mmol/l	Source	80	76
li-laktaatti	mmol/l	Source	16	16
li-proteiini	mg/l	Source	82	77
erytrosyytit,selkäydinneste	e6/l	Source	53	52
immunoglobuliinig,plasma	g/l	Source	201	152
li-immunoglobiinig,indeksi	index	Source	6	6
immunoglobuliinig1	g/l	Source	30	27
immunoglobuliinig2	g/l	Source	30	27
immunoglobuliinig3	g/l	Source	30	27
immunoglobuliinig4	g/l	Source	30	27
s-immunoglobuliinig,summa	g/l	Source	27	24
li-fostau(yksittäisenäpyyntönä)	ng/l	Source	16	16
li-tau(yksittäisenäpyyntönä)	ng/l	Source	16	16
li-bam42(yksittäisenäpyyntönä)	ng/l	Source	16	16
p-gluk2h	mmoll/l	Source	169	114
p-gluk1h	mmol/l	Source	181	129
b-na-v	mmol/l	Source	130	95
hemoglobiini,verestä,vieritesti	g/l	Source	546	426
s-testosteroni,herkkä	nmol/l	Extracted	110	104
testosteroni,vapaa,laskettu,herkkämenetelmä	pmol/l	Source	15	15
fs-glukoosi	mmol/l	Source	854	735
b-cd4-positiivisett-lymfosyytit	e6/l	Source	665	349
b-cd8-positiivisett-lymfosyytit	e6/l	Source	665	349
b-b-lymfosyytit	e6/l	Source	665	349
b-cd3-positiivisett-lymfosyytit	e6/l	Source	665	349
t-solujenosuus	%	Source	739	383
t-auttajasolujenosuus(määritettynäcd3+cd4+soluina)	%	Source	665	349
t-estäjäsolujenosuus(määritettynäcd3+cd8+soluina)	%	Source	665	349
b-solujenosuus	%	Source	739	383
nk-solujenosuus(määritettynäcd3-/cd16+/cd56+-soluina)	%	Source	665	349
s-kalsium	mmol/l	Source	1461	920
p-tpoab	u/ml	Source	3102	2633
poikkeavalämpötila	°c	Source	21361	2715
s-ictp	ug/l	Source	801	575
pituus	cm	Source	2086	2015
painonmitt	kg	Source	2019	1948
s-bopeaba	iu/ml	Source	1073	1000
s-bopeabg	iu/ml	Source	1169	1091
s-b2gpabg	u/ml	Source	383	307
s-b2gpabm	u/ml	Source	111	95
s-kardabm	mpl	Source	359	307
p-at3ag	%	Source	53	45
p-at3spr	%	Source	55	53
5381	mmol/l	Source	853	560
5382	mmol/l	Source	444	295
5383	°c	Source	854	563
5384	g/l	Source	851	559
pika-crp	mg/l	Source	3942	1816
s-haptog	g/l	Extracted	996	896
s-ige2pöl	u/ml	Source	504	460
s-ige2ruo	u/ml	Source	405	385
koivue	u/ml	Source	206	189
timotee	u/ml	Source	234	209
hevonee	u/ml	Source	186	174
kissae	u/ml	Source	205	187
koirae	u/ml	Source	209	190
munavae	u/ml	Source	79	75
maitoe	u/ml	Source	74	71
ly-tbspota	spot/e6lumfos	Source	424	402
ly-tbspotb	spot/e6lumfos	Source	424	402
li-fostau	ng/l	Source	1976	1930
li-tau	ng/l	Source	2014	1968
li-bam42	ng/l	Source	1952	1908
s-afmuut	u/l	Extracted	65	62
as-neut+eo	%	Source	313	179
as-mononuk	%	Source	343	200
as-solut	e6/l	Source	745	321
as-alb	g/l	Source	1146	829
fs-cga	nmol/l	Source	6208	1938
ab-hb-met	%	QCOut	5319	1611
l-mono+muu	%	Source	1440	1221
s-hsvabm	index	Source	58	54
s-mpoabg	iu/ml	Source	1315	276
p-kopept	pmol/l	Source	862	679
s-osmol	mosm/kgh2o	Extracted	277	223
p-osmol	mosm/kgh2o	Extracted	444	359
kolesteroli,plasmasta,paastotilassa(fp-kol)	mmol/l	Source	3522	2434
kolesteroli,highdensitylipoprotein,plasmasta,paastotilassa(fp-kol-hdl)	mmol/l	Source	3523	2434
triglyseridit,plasmasta,paastotilassa(fp-trigly)	mmol/l	Source	3521	2434
s-hscrp	mg/l	Source	676	585
s-tshrab	u/l	Extracted	48	45
aspergillusfumigatus,iggvasta-aineet,seerumista	mg/l	Source	7	7
ca12-5antigeeni	u/ml	Source	377	224
ca15-3antigeeni	u/ml	Source	89	69
s-5hiaa	nmol/l	Source	10313	3006
du-vm	ml	Source	866	478
fp-ck	u/l	Source	70	46
s-b12vit	pmol/l	Source	147	127
fp-kreatiniini	umol/l	Source	941	514
fs-kolestroli,highdensitylipoproteiini	mmol/l	Source	201	184
fs-kolestroli,lowdensitylipoproteiini	mmol/l	Source	198	180
du-pi	mmol	Source	591	458
u-alb-o	form	Source	287	180
u-keto-o	form	Source	971	613
u-eryt	form	Source	1189	540
u-gluk-o	form	Source	842	483
u-hb-o	estimate	Source	65	48
u-leuk-o	form	Source	896	607
u-nitr-o	form	Source	833	574
p-tni	ug/l	Extracted	520	309
pt-glomerulussuodatusnopeus,estimoitu,ckd-epi-kaava	ml/min/173m2	Source	212	124
cbhco3pika	mmol/l	Source	4338	1386
pujoe	u/ml	Source	214	197
dpteroe	u/ml	Source	204	184
cladhee	u/ml	Source	175	164
turskae	u/ml	Source	58	56
vehnjae	u/ml	Source	71	70
soijae	u/ml	Source	66	64
s-bil-kj	umol/l	Source	4382	3496
p-kysc	mg/l	Extracted	2573	1554
l-ly	e9/l	Source	3643	1271
l-mon	e9/l	Source	1709	614
l-lymf	e9/l	Source	2342	846
l-neut	e9/l	Source	4519	1546
l-eos	e9/l	Source	4147	1342
l-baso	e9/l	Source	4040	1335
l-mono	e9/l	Source	1397	432
p-prbnpvt	ng/l	Source	110	94
p-k-vt	mmol/l	Source	2388	1174
ab-pco2-vt	kpa	Source	92	69
ab-po2-vt	kpa	Source	95	72
ab-hb-vt	g/l	Source	225	144
ab-ahco3vt	mmol/l	Source	90	70
ab-be-vt	mmol/l	Source	45	33
ab-caionvt	mmol/l	Source	83	62
b-laktevt	mmol/l	Source	408	268
ab-hbo2svt	%	Source	64	52
p-tnt-vt	ng/l	Source	1257	600
vb-pco2-vt	kpa	Source	336	237
vb-ahco3vt	mmol/l	Source	353	236
vb-be-vt	mmol/l	Source	372	279
vb-caionvt	mmol/l	Source	308	223
n-terminaalinenpro-bnp(nt-probnp)	ng/l	Source	2053	1505
kreatiinikinaasi	u/l	Source	821	688
kreatiinikinaasi,mb-alayksikkö	ug/l	Source	382	338
troponiini	ng/l	Source	1588	1158
c-reaktiivinenproteiini-pika(4594crp-pika)	mg/l	Source	136	110
p-crp-hy	mg/l	Extracted	1083	737
cb-to2c	%	Source	7531	2851
cb-gluk	mmol/l	Source	4449	2741
pt-paino	kg	Source	2691	905
p-hiv1nh	u/ml	Extracted	796	257
s-p-anca	titre	Source	893	557
s-psav/t	%	Source	1108	370
u-veri(kval)	estimate	Source	3055	1999
u-epilevy	e6/l	Extracted	1298	888
u-epipien	e6/l	Extracted	1467	1031
s-dheas	umol/l	Source	3597	2814
p-se	umol/l	Source	955	426
e-reti-ma	%	Source	204	49
-amylp	u/l	Source	80	51
21816	u/l	Source	256	206
b-hb-f	%	Source	606	124
fp-c-pept	nmol/l	Source	3082	1800
s-ssbab	u/ml	Source	1137	744
s-dna,vasta-aineet,natiivi(doublestranded,eia)	kiu/l	Source	61	58
s-chpnabg	bu/ml	Extracted	639	585
s-mitoab	titre	Extracted	82	67
p-gluk	mmol	Source	468	374
cp-ohbutlb	mmol/l	Source	245	144
cp-gluk-lb	mmol/l	Source	10492	591
cb-hco3	mmol/l	Source	6213	2023
cb-shco3	mmol/l	Source	2958	822
s-t4-vdi	pmol/l	Source	1927	1383
s-t3-vdi	pmol/l	Source	568	484
s-b12-akt	pmol/l	Source	3424	1989
sa-korsol	nmol/l	Source	3106	1940
fs-trfesat	%	Source	1915	1017
p-rf	u/ml	Source	823	727
crp(hoitaja)	mg/l	Source	1227	568
crp(päiv.hoitaja)	mg/l	Extracted	2927	1110
crp(vo.hoitaja)	mg/l	Source	134	91
i-statcrea	umol/l	Extracted	1237	622
i-statk	mmol/l	Extracted	1238	623
i-statna	mmol/l	Extracted	1239	622
b-erytrosyytit,kokojakaumaprosentti	%	Source	389	295
fs-kalsium,ionisoitunut,ph7.4:ssa	mmol/l	Source	1713	782
fs-kalsium,ionisoitunut,aktuaal.	mmol/l	Source	1715	782
fp-non-hdl	mmol/l	Source	78	78
fs-kalsium,ionisoitunut	mmol/l	Source	6169	4050
kreatiniini,virtsasta(huumeseulonnanyhteydessä)	mmol/l	Source	874	756
u-kreatiniini,virtsasta(huumeseulonnanyhteydessä)	mmol/l	Source	398	354
s-dnanab	u/ml	Source	2079	1454
14273	e9/l	Source	681	511
b-gran	e9/l	Source	160	101
glukr0-n	mmol/l	Source	618	413
glukr2h	mmol/l	Source	780	506
inrpika	inr	Source	227	215
punasolujenesiasteet(erytroblastit)	e9/l	Source	1040	741
s-campabm	titre	Source	544	510
s-campaba	titre	Source	480	455
s-yer3ab	titre	Source	262	240
s-w-h:b	titre	Source	311	294
s-dnanab.	kiu/l	Extracted	2026	1285
pt-glomerulussuodosnopeus,estimoitu,ckd-epi-kaav	ml/min/173m2	Source	5281	1792
paastoseeruminkalsium.ioni.aktuaali	mmol/l	Source	1089	557
glomerulussuodonopeus,estimoitu,ckd-epikaavallakystatiinic:stä	ml/min/173m2	Source	46	36
fp-parathormoni(intakti)	ng/l	Source	167	93
s-sitrulliinipeptidi,vasta-aineet␤	u/ml	Source	133	125
b-pvk+tkd,leuk	e9/l	Extracted	1051	304
b-pvk+tkd,lymph	%	Source	4402	573
b-pvk+tkd,mono	%	Source	4397	572
b-pvk+tkd,eo	%	Source	4389	573
b-pvk+tkd,baso	%	Source	4387	573
b-pvk+tkd,ig	%	Source	4380	572
b-pvk+tkd,neut	e9/l	Source	4373	573
b-pvk+tkd,lymph	e9/l	Source	4366	573
b-pvk+tkd,mono	e9/l	Source	4364	573
b-pvk+tkd,eo	e9/l	Source	4355	573
b-pvk+tkd,baso	e9/l	Source	4345	573
b-pvk+tkd,eryt	e12/l	Source	4432	574
b-pvk+tkd,ig	e9/l	Source	4329	572
b-pvk+tkd,rdw	%	Source	4297	568
b-pvk+tkd,hb	g/l	Source	4431	574
b-pvk+tkd,hkr	ratio	Source	4430	574
b-pvk+tkd,mcv	fl	Source	4432	574
b-pvk+tkd,mch	pg	Source	4427	573
b-pvk+tkd,mchc	g/l	Source	4422	573
b-pvk+tkd,trom	eg/l	Source	4413	573
b-pvk+tkd,neut	%	Source	4407	573
b-pvk+tkd,leuk	e9/l	Source	3390	513
b-pvk	%	Source	1036	678
k-pika	mmol/l	Source	1408	726
na-pika	mmol/l	Source	1412	725
u-rakkoai	h	Source	373	242
krea-pika	umol/l	Source	1294	623
s-chpnabg	eiu	Source	1829	1680
pt-krea-cl	ml/s/173	Source	185	142
pf-ly+mono	%	Source	135	102
auditkysely	form	Source	414	411
b-lymfo	e9/l	Source	324	216
b-rethe	pg	Source	3993	1501
b-tnt-o	ng/l	Source	1245	812
cb-ca-ion	mmol/l	Source	1880	745
-s.yht.	e6	Extracted	844	677
-liik.ab	%	Source	35	34
-liik.abc	%	Source	35	34
-liikk.a	%	Source	108	64
-liikk.b	%	Source	112	65
-liikk.c	%	Source	112	65
-liikk.d	%	Source	112	65
s-ck-mb	u/l	Source	223	209
s-ck-tot	u/l	Source	87	84
s-ck-mm	u/l	Source	171	162
s-ck-mm	%	Source	113	104
s-ck-mb	%	Source	100	92
p-crp-hoi	mg/l	Source	1173	336
crp-pitoisuus,hoitoyksikkömittaavieritestilaitteella	mg/l	Source	771	294
hb(hoitaja)	g/l	Source	131	95
rauta	umol/l	Source	2589	1810
s-banaane	u/ml	Source	133	129
s-latekse	u/ml	Source	232	229
s-paprike	u/ml	Source	109	106
s-soijape	u/ml	Source	552	515
p-gluk-a2	mmol/l	Source	1482	1210
s-hstesto	nmol/l	Source	613	418
s-scl70ab	u/ml	Source	851	615
u-kappa	mg/l	Source	30	28
u-lambda	mg/l	Source	30	21
14353	g/l	Extracted	395	294
14354	g/l	Extracted	400	294
b-inr-pt	inr	Source	390	375
s-kanalie	u/ml	Source	26	25
p-reninm	mu/l	Extracted	145	131
du-korsn-v	nmol	Source	8	8
s-kors/r	nmol/l	Source	1095	944
pf-lymf	%	Source	173	136
pf-gran	%	Source	443	347
pf-muutsol	%	Source	380	307
pf-alb	g/l	Source	413	362
u-iglck	g/l	Source	54	50
u-iglcl	g/l	Source	71	66
iga	g/l	Source	156	140
l-neutrof	%	Source	1733	461
b-eosabs	e9/l	Source	1670	403
u-natrium	mmol/l	Source	144	134
tyreoideaperoksidaasi,vasta-aineet	u/ml	Source	89	83
s-prealb	mg/l	Extracted	956	683
s-alb	g/l	Extracted	1114	865
p-ca-iona	mmol/l	Extracted	4519	1518
fp-laktaat	mmol/l	Extracted	2207	1065
vb-hco3-st	mmol/l	Extracted	1120	750
p-ca-ion.	mmol/l	Extracted	4224	1356
fs-pp	pmol/l	Source	1167	476
astmatesti	u	Source	138	63
b-mon	e9/l	Source	1248	521
b-lt	e9/l	Source	1315	534
s-bil	umol/l	Extracted	451	370
cbpco2pika	kpa	Source	2954	1087
cbpo2pika	kpa	Source	1696	711
cbhbo2satp	%	Source	1694	710
pt-fev1	%	Source	8	8
as-eryt	e6/l	Source	1262	665
as-gluk	mmol/l	Source	680	543
as-leuk	e6/l	Source	2089	1007
b-hba1cvt	mmol/mol	Extracted	956	283
hbvieri	g/l	Source	1633	1034
glukvieri	mmol/l	Source	823	431
kudostransglutaminaasi,iga-vasta-aineet	u/ml	Source	620	580
s-metanefriini	nmol/l	Source	348	304
s-normetanefriini	nmol/l	Source	195	181
pikacrp	mg/l	Source	574	198
b-hemoglobiini-a1c,glykoitunut	mmol/mol	Source	271	197
kalsium,albumiinikorjattu,plasmasta	mmol/l	Source	149	131
s-testosteroni,vapaa,laskettu	pmol/l	Source	3226	2413
e-mcvp	fl	Source	1282	194
e-mchcp	g/l	Source	1281	194
e-mchp	pg	Source	1279	194
b-tromp	e9/l	Source	1290	194
b-hkrp	%	Source	1281	200
p-kp	mmol/l	Source	346	110
p-nap	mmol/l	Source	341	109
p-kreap	umol/l	Source	344	109
b-kdiffi,b-baso	e9/l	Source	465	59
b-kdiffi,b-eos	e9/l	Source	466	59
b-kdiffi,b-lymf	e9/l	Source	466	59
b-kdiffi,b-monos	e9/l	Source	466	59
b-kdiffi,b-neut	e9/l	Source	468	59
b-kdiffi,baso	%	Source	469	60
b-kdiffi,eos	%	Source	469	60
b-kdiffi,lymf	%	Source	473	60
b-kdiffi,mono	%	Source	472	60
b-kdiffi,neut	%	Source	467	59
pt-glomerulussuodosnopeus,estimoituckd-epikaava	1	Source	29	19
b-erytrosyytit,poc-tutkimus	e12/l	Source	448	132
e-erytrosyytit,keskitilavuus,poc-tutkimus	fl	Source	449	132
b-erytrosyytit,tilavuusosuuspoc-tutkimus	%	Source	449	132
b-hemoglobiini,poc-tutkimus	g/l	Source	449	132
e-hemoglobiini,keskimassakonsentraatiopoc-tutkimus	g/l	Source	448	132
e-hemoglobiini,keskimassa,poc-tutkimus	pg	Source	448	132
b-leukosyytit,poc-tutkimus	e9/l	Source	448	132
b-trombosyytit,poc-tutkimus	e9/l	Source	449	132
crp,pikaquikread	mg/l	Source	102	55
vb-ph-vt	1	Source	8	7
vb-pco2-vt	1	Source	8	7
vb-hbo2svt	1	Source	8	7
vb-po2-vt	1	Source	8	7
p-na-vt	1	Source	40	27
p-k-vt	1	Source	40	27
p-cl-vt	1	Source	40	27
p-krea-vt	1	Source	40	27
p-gluk-vt	1	Source	40	27
vb-caionvt	1	Source	40	27
vb-hkr-vt	1	Source	40	27
vb-hb-vt	1	Source	40	27
fp-trfesat	%	Extracted	2311	1873
s-uraat	mmol/l	QCOut	33	31
s-pölyt	u/ml	Source	182	182
osmolaliteetti,virtsa	mosm/kgh2o	Source	310	256
du-mg	mmol	Source	580	530
emäsylimäärä,kapillaariveri	mmol/l	Source	3948	1698
e-retikulosyyttienkeskimääräinenhemoglobiininmäärä	pg	Source	438	304
transferriinireseptori,liukoinen(p-tfr)	mg/l	Source	24	18
-krea	umol/l	Source	773	540
sitrulliinipeptidi,vasta-aineet	u/ml	Source	486	459
albumiini,osoitus,virtsa	estimate	Source	4289	2327
solut,nivelneste	e6/l	Source	599	415
neutrofiilit+eosinofiilit,nivelneste	%	Source	378	252
mononukleaarisetsolut,nivelneste	%	Source	378	252
f-elast1	ug/g	Extracted	1700	1391
tyreotropiini(tsh)	mu/l	Source	614	515
tyroksiini,vapaa(t4v)	pmol/l	Source	782	578
c-reaktiivinenproteiini(crp)	mg/l	Source	381	308
oma-ghb-a1	mmol/mol	Extracted	787	373
oma-ghb-a1c	mmol/mol	Extracted	3023	985
fs-gh	ug/l	Source	4272	1582
s-igf1sds	nmol/l	Extracted	709	478
fp-folaat	nmol/l	Source	855	701
erytrosyytit,virtsa	e6/l	Source	7631	2842
leukosyytit,virtsa	e6/l	Source	6451	2542
epiteelisolut,virtsa	e6/l	Source	7631	2842
lieriöt,virtsa	e6/l	Source	7631	2842
s-zn	umol/l	Source	584	460
s-ceakym	ug/l	Source	141	118
s-mpoabg	u/ml	Source	16	16
s-pr3ab	u/ml	Source	809	147
fs-non-hdl/mbo	mmol/l	Source	52	51
prostataspesifinenantigeeni,vapaa	ug/l	Source	289	233
kolesteroli/s-lipa	mmol/l	Source	54	37
NA	ug/l	Source	580	378
b-hco3	mmol/l	Source	3017	650
tromboplastiiniaika,pikatesti,veri	inr	Source	206	199
s-tygl	ug/l	Source	8827	1749
ab-kalsium,ionisoitunut,ph7.4-korjattu	mmol/l	Source	9532	2130
b-kalium	mmol/l	Source	10600	2467
b-natrium	mmol/l	Source	10582	2466
ab-kalsium,ionisoitunut,eitilattava	mmol/l	Source	9534	2131
ab-happikyllästeisyys(hemoglobiini),eitilattava	%	Source	9564	2150
b-kloridi	mmol/l	Source	9499	2129
b-anionivaje	mmol/l	Source	9462	2127
ab-emäsylimäärä	mmol/l	Extracted	5850	1979
tyreotropiini,plasmasta,erimenetelmällä	mu/l	Source	76	61
c-reaktiivinenproteiini,vieritutkimus,plasmasta	mg/l	Source	1070	807
blasti	%	Source	1162	349
meta	%	Source	1219	376
b-nrbc	/100leuk	Source	1164	349
s-dna,natiivi,vasta-aineet	kiu/l	Source	324	256
u-ni	umol/l	Source	747	344
l-monos	e9/l	Source	2609	806
ab-hco3	mmol/l	Source	5989	2456
ab-chb	g/l	Source	1200	536
l-metamy	%	Source	153	81
l-promye	%	Source	330	147
s-klotsa	umol/l	Source	9435	1058
s-dmklots	umol/l	Source	8473	954
p-aldos	pmol/l	Source	978	789
fp-reninm	mu/l	Source	1612	1084
11308	nmol/l	Source	246	184
s-reumafaktori,määritys	kiu/l	Source	173	163
b-dnamut	form	Source	581	551
glukoosi(verikaasulaite),valtimoveri	mmol/l	Source	547	312
happisisältö,valtimoveri	%	Source	817	443
laktaatti(verikaasulaite),valtimoveri	mmol/l	Source	532	298
bikarbonaatti(aktuaali),valtimoveri	mmol/l	Source	838	459
hemoglobiini(totaali),valtimoveri	g/l	Source	817	443
tryptaasi	ug/l	Source	96	75
1hgluk	mmol/l	Source	383	262
2hgluk	mmol/l	Source	1472	1094
s-dgpabg	eliau/ml	Source	1023	976
s-dgpaba	eliau/ml	Source	2482	2405
u-intp	nmol/mmol	Source	2098	1020
s-albumiini,osatutkimuss-prot-fr	g/l	Source	109	95
s-alfa-1-globuliini,osatutkimuss-prot-fr	g/l	Source	109	95
s-alfa-2-globuliini,osatutkimuss-prot-fr	g/l	Source	109	95
s-beta-1-globuliini,osatutkimuss-prot-fr	g/l	Source	109	95
s-beta-2-globuliini,osatutkimuss-prot-fr	g/l	Source	109	95
s-gamma-globuliini,osatutkimuss-prot-fr	g/l	Source	109	95
tyroideaperoksidaasi,vasta-aineet	u/ml	Source	443	390
o2-virt	l	Extracted	57	53
u-osmolaliteetti,estimoitu	mosm/kgh2o	Source	98	79
pf-polymorfonukleaarisetvalkosolut	%	Source	173	144
pf-mononukleaarisetvalkosolut	%	Source	173	144
pf-laktaatti	mmol/l	Source	125	106
s-ruok5er	u/ml	Source	1783	1720
fs-b12-vit	pmol/l	Source	159	143
s-vzvabg	miu/ml	Source	1470	1402
pt-glomerulussuodosnopeus,estimoitu,ckd-ep	ml/min/173m2	Source	1488	1036
s-kerulo	g/l	Source	1466	1391
c-reaktiivinenproteiini,pika,tehdäänitse	mg/l	Source	991	630
s-tshrab	u/l	Source	1224	720
s-borrabm	ru/ml	Source	2255	1925
u-ca	mmol/l	Source	2045	954
cd4	%/lumf	Source	1920	761
p-psa-v/t	%	Source	590	430
11659	ug/l	Source	977	255
s-homeer	u/ml	Source	282	280
s-ruokaerittely	u/ml	Source	13	13
s-enaab	u/ml	Extracted	1793	1639
p-k-pa	mmol/l	Source	197	166
p-krea-pa	umol/l	Source	349	263
p-na-pa	mmol/l	Source	200	168
hyytymistekijäviii,plasmasta␤	%	Source	25	23
antitrombiiniiii,plasmasta␤	%	Source	30	29
tromboplastiiniaika	%	Source	148	135
proteiinic,plasmasta␤	%	Source	31	29
proteiinis,antigeeni,vapaa,plasmasta␤	%	Source	24	22
b-konedif,lymph	%	Source	1314	592
b-konedif,mxd	%	Source	1308	589
b-konedif,neut	%	Source	1306	588
b-konedif,neuttot	e9/l	Source	1303	587
b-fidd-o	mg/l	Source	814	627
konediffi,lym	%	Source	2412	780
konediffi,mono	%	Source	2409	780
konediffi,neut	%	Source	2404	779
konediffi,eos	%	Source	2397	779
konediffi,baso	%	Source	2389	778
konediffi,neuttot	e9/l	Source	2383	778
eosinofiilitosuus	%	Source	1373	1118
neutrofiilitosuus	%	Source	1373	1118
p-natriureettinenpeptidi,b-tyypn-term.propeptidi	ng/l	Source	1366	960
s-leveti	umol/l	Source	466	207
s-koriongonadotropiini-b-alayksikkö,ihmisen,vapaa	ug/l	Source	369	346
b-eosinofiilit,verestä	e9/l	Source	727	552
e-hemoglobiini,keskimassa	pg/u	Source	723	549
s-amylp	u/l	Source	280	252
s-amyls	u/l	Source	256	232
o2-virt	l/min	Extracted	81	72
mb-o2sat	%	Source	600	215
mb-hb	g/l	Source	3080	257
mb-hb-co	%	Source	574	207
mb-hb-met	%	Source	574	207
mb-hbo2	%	Source	574	207
mb-pco2	kpa	Source	3425	305
mb-po2	kpa	Source	3422	303
mb-ph	ph	Extracted	612	227
mb-hco3-st	mmol/l	Source	953	254
ab-po2	kpa	Extracted	3272	1560
p-inr-pi	inr	Source	2842	114
s-testosteroni	nmol/l	Source	708	496
s-sukupuolihormonejasitovaglobuliini	nmol/l	Source	362	256
s-testosterooni,vapaa,lask.	pmol/l	Source	112	87
u-väliepi	u/field	Source	194	155
u-makrof	u/field	Source	130	113
14347	g/l	Extracted	173	143
p-korsol	nmol/l	Extracted	2443	1859
s-ruokryh	u/ml	Source	101	99
s-vehnjae	u/ml	Source	480	439
s-hevonee	u/ml	Source	1781	1702
s-cladhee	u/ml	Source	2270	2169
b-tacro	ug/l	Extracted	1989	492
14077	ug/l	Source	69	31
b-retind	%	Extracted	1699	1155
e-erytrosyytiit,kokojakaumaprosentti	%	Source	1887	1147
vp-glukoosi,0-näyte	mmol/l	Source	63	60
vp-glukoosi,2h	mmol/l	Source	62	59
p-kors-0m	nmol/l	Source	33	26
p-kors30m	nmol/l	Source	33	26
p-kor120m	nmol/l	Source	25	19
p-kors60m	nmol/l	Source	25	19
b-probnp	ng/l	Source	1338	591
s-venlaf	nmol/l	Source	355	235
s-dmvenla	nmol/l	Source	8	7
s-vlf+dmv	nmol/l	Source	8	7
b-erytroblasti	e9/l	Source	1455	810
b-krea-pt	umol/l	Source	567	459
b-crp-pt	mg/l	Source	478	382
b-leuk-pt	e9/l	Source	678	563
s-timospe	u/ml	Source	734	701
s-koivspe	u/ml	Source	782	738
s-pujospe	u/ml	Source	641	619
s-apob/apoa1-suhde	ratio	Source	84	79
s-c-reaktiivinenproteiini/	mg/l	Source	191	168
fs-kreatiniini	umol/l	Source	1046	772
ts-hemafc	form	Source	226	194
s-chpnabg	bu/ml	Source	1122	1005
s-aspflag	mg/l	Source	26	22
erytrosyytit	e12/l	Source	16829	4695
erytrosyytit,tilavuusosuus	ratio	Source	16822	4690
trombosyytit	e9/l	Source	16801	4687
metanefriini	nmol/l	Source	148	140
fs-trfesat	osuus	Extracted	349	260
p-antifxa	u/ml	Extracted	2197	939
p-kopept	pmol/l	Extracted	35	30
p-igm	g/l	Extracted	2450	2032
s-chpnabg	titre	Source	435	387
s-w-o9.12	titre	Source	145	130
s-w-o6.7	titre	Source	68	65
s-w-h:d	titre	Source	151	134
fs-lipo(a)	mg/l	Source	750	657
erytrosyytit,keskitilavuus	fl	Source	1358	1052
hemoglobiini	g/l	Source	1393	1067
hemoglobiini,keskimassa	pg	Source	1359	1053
ferritiini	ug/l	Source	434	364
p-tnt-o	ng/l	Source	1379	829
b-fibriinind-dimeerit	mg/l	Source	83	79
c-reaktiivinenproteiini,herkkä	mg/l	Source	254	177
s-kolesteroli	mmol/l	Source	50	49
s-kolesteroli,highdensitylipoproteiinit	mmol/l	Source	88	83
s-kolesteroli,lowdensitylipoproteiinit	mmol/l	Source	248	207
s-borrabg	au/ml	Source	1988	1566
fp-crp	mg/l	Source	518	173
fp-alat	u/l	Source	1830	732
s-korsol	nmol/l	Extracted	1503	1243
s-vedol	mg/l	Source	1566	550
fp-gluk0	mmol/l	Source	1616	1182
ruokaryhmä,igevasta-aineet,seerumista␤	u/ml	Source	74	72
sao2	%	Extracted	159	150
s-karsinoembryonaalinenantigeeni	ug/l	Source	1121	503
s-ca19-9antigeeni	u/ml	Source	583	246
s-digoksiini	nmol/l	Source	439	246
NA	mm/h	Source	359	335
NA	pmol/l	Source	835	743
zb-po2	kpa	Source	4752	704
zb-pco2	kpa	Source	4736	704
zb-o2-vol	%	Source	4771	706
vb-ca-i7.4	mmol/l	Source	2427	924
vb-ca-ion	mmol/l	Source	2428	925
zb-be	mmol/l	Source	2420	492
zb-ahco3	mmol/l	Source	4383	606
zb-hbo2sat	%	Source	4476	607
cb-leukosyytit,vieritestihoitoyksikössä	e9/l	Source	41	40
fs-lipidit	g/l	Source	160	123
b-pvk+t	form	Source	361	256
ekg-12	form	Source	46	44
b-la	mm	Source	62	43
pt-gluk-r1	form	Source	75	31
p-ldllaskennallinen	mmol/l	Source	654	608
glukr1h	mmol/l	Source	381	218
b-hemoglobiinipvk:nosana	g/l	Source	336	236
fb-leukosyytitpvk:nosatutkimus	e9/l	Source	336	236
b-trombosyytit-pvk:nosana	e9/l	Source	337	236
sy-l/liusk	%	Source	670	509
sy-l/yksit	%	Source	670	509
s-desvenl	nmol/l	Source	249	157
angiotensiini-1-konvertaasi	u/l	Source	286	239
eosinofiilit	e9/l	Source	678	513
u-epitel	sunf	Source	66	53
u-bakt.	/sunfält	Source	40	33
p-gluc	mmol/l	Source	904	448
cb-crp(qr)	mg/l	Source	3601	1138
he4proteiini	pmol/l	Source	10	10
du-metnef	umol/24h	Source	452	416
du-normet	umol/24h	Source	455	416
du-5hiaa	umol/24h	Source	150	122
22108	s	Source	750	646
p-apcres.	form	Source	2397	2198
p-fsl	s	Source	1808	1477
du-aldos	nmol	Source	1125	980
u-osmoie	mosm/kgh2o	Source	273	128
s-karba	umol/l	Source	3476	1168
p-ldllaskennallinen	mmol/l	Extracted	613	511
s-hcg	iu/l	Source	1870	1024
ab-standardibikarbonaatti	mmol/l	Source	4434	2130
sy-polymorfonukleaarisetvalkosolut	%	Source	379	274
sy-mononukleaarisetvalkosolut	%	Source	376	272
s-igf-1	nmol/l	Source	135	93
s-vapaanjakokonais-psa:nsuhde	%	Source	643	465
pf-eryt	e6/l	Extracted	2022	1413
pf-leuk	e6/l	Extracted	2040	1419
p-hb	mg/l	Source	8510	1493
e-fragm	%	Source	1660	587
s-marsepe	u/ml	Source	20	20
s-pähk1er	u/ml	Source	42	42
s-desital	nmol/l	Source	36	33
b-qr-crp	mg/l	Source	1850	764
b-hemocue	g/l	Source	386	267
s-tygl-va	u/ml	Source	1184	437
f-elastaasi1	ug/g	Source	201	161
s-ica	jdfu	Source	57	56
crppikatutkimusoma	mg/l	Source	159	123
ua-shco3	mmol/l	Source	73	68
uv-shco3	mmol/l	Source	83	75
ua-hbo2sat	%	Source	78	73
uv-hbo2sat	%	Source	87	79
p-crp-hy,osoitushoitoyksikössä	mg/l	Source	611	438
punasolojenkokojakauma	%	Source	1068	1018
b-crp-o	mg/l	Extracted	286	158
b-reltnd	osuus	Source	6	6
b-tnt-vt	ng/l	Source	149	106
ly-t-cd4	%	Source	2005	938
b-t-cd4	e6/l	Source	1609	746
l-blast-m	%	Source	1395	462
b-siklosporiinia,massaspektrometrinen	ug/l	Source	763	78
b-trombosyytit,sitraattiveri	e9/l	Source	135	78
b-lymfosyytit,t-cd4-solut	e6/l	Source	358	215
s-pöly-s	u/ml	Source	165	144
p-tyreoideaperoksidaasi,vasta-aineet	u/ml	Source	48	44
s-tsh-reseptori,vasta-aineet	iu/l	Source	348	245
s-e2	nmol/l	Extracted	363	279
s-dheas	umol/l	Extracted	200	175
NA	mu/l	Source	1133	1068
cp-gluk-hy	mmol/l	Extracted	9618	595
fs-ca++7.4	mmol/l	Source	8087	2339
happiosapaine,laskimoveri	kpa	Source	1134	682
hiilidioksidiosapaine,laskimoveri	kpa	Source	1137	682
kalsium,ionisoitunut(akt),plasma	mmol/l	Source	1087	662
happikyllästeisyys(hemoglobiini),laskimoveri	%	Source	1127	678
p-fibriinind-dimeerit	mg/l	Source	974	852
non-hdl-kolesteroli,plasma	mmol/l	Source	412	412
s-hbsab	u/l	Source	1350	1240
fs-lipaas	u/l	Source	1878	348
s-albind	g/l	Source	814	753
li-laktaat	mmol/l	Source	4033	3328
s-munavae	u/ml	Source	1160	945
s-vehnäe	u/ml	Source	820	774
p-c-peptidi	nmol/l	Source	171	126
s-aspergillusfumigatus,igevasta-aineet	u/ml	Source	62	58
s-fusariummoniliformae,igevasta-aineet	u/ml	Source	12	12
p-crp-vt	mg/l	Extracted	730	425
s-vzvabg	u/l	Source	57	54
covid-19-koronavirustauti,piikkiproteiinivasta-ai	au/ml	Source	9	7
trop-t	ng/l	Source	53	38
p-pro-bnp	ng/l	Source	715	262
troponiini,pikatesti,veri	ng/l	Source	23	20
glomerulussuodosnopeus,estimoitu,kreatiniini-kystatiinic	ml/min/173m2	Source	105	100
glomerulussuodosnopeus,estimoitu,kystatiini	ml/min/173m2	Source	462	338
p-kystatiinic	mg/l	Source	417	283
u-pien.ep	e6/l	Source	999	848
bor-it-abg	index	Source	31	27
li-cxcl13	ng/l	Source	589	542
s-piiinp	ug/l	Source	2039	1235
du-5hiaa	umol	Source	332	282
cu-alb	ug/min	Extracted	1778	1224
prostataspesifinenantigeenivapaa/kokonaispitois	%	Source	144	97
s-o4.5.12	titre	Source	55	51
s-w-h:i	titre	Source	215	200
s-w-h:g.m	titre	Source	108	100
immunoglobuliinia	g/l	Source	219	216
fp-gluk0h	mmol/l	Source	20	11
p-gluk2h	mmol/l	Source	92	78
s-chpnabm	index	Source	841	747
tromboplastiiniaika,inr-tulos	inr	Source	2713	381
u-prot	g/l	Extracted	1483	889
11630	u/ml	Source	13	13
20046	u/ml	Source	15	15
s-haspähe	u/ml	Source	683	654
fosfatidyylietanoli,verestä	umol/l	Source	3284	2394
audit	form	Source	399	398
pulssi	form	Source	1325	1182
fp-bil	umol/l	Source	111	83
s-trypt	ug/l	Source	3600	2339
14349	g/l	Extracted	208	178
14350	g/l	Extracted	204	155
14352	g/l	Extracted	339	269
s-igg1	g/l	Source	4833	3536
s-igg2	g/l	Source	4821	3536
s-igg3	g/l	Source	4833	3538
p-c-pept	nmol/l	Source	1597	790
d-dimeeri	mg/l	Source	13	13
s-heinäer	u/ml	Source	176	175
s-koivunsiitepöly(t3),ige-vasta-aineet	u/ml	Source	22	22
s-hasselpähkinä(f17),ige-vasta-aineet	u/ml	Source	14	14
s-maapähkinä(f13),ige-vasta-aineet	u/ml	Source	24	23
p-prostataspesifinenantigeeni,suhde,plasmasta	%	Source	306	256
p-glukr0h	mmol/l	Source	535	344
p-glukr1h	mmol/l	Source	466	281
glukoosikoe,0näyte,osatutk.glukras	mmol/l	Source	67	57
glukoosikoe,2hnäyte,osatutk.glukras	mmol/l	Source	67	57
ab-o2-vol	vol%	Source	1492	427
l-myel-m	%	Source	2673	978
l-prom-m	%	Source	1339	486
l-meta-m	%	Source	2384	851
s-klotsapiini	nmol/l	Source	1698	420
s-desmetyyliklotsapiini,klotsapiininmetaboliitti	nmol/l	Source	15	7
p-c-reaktiivinenproteiini,vieritutkimus,plasmasta	mg/l	Source	202	127
p-kreatiniini,vieritutkimus	umol/l	Source	190	120
p-natrium,vieritutkimus	mmol/l	Source	232	145
p-kalium,vieritutkimus	mmol/l	Source	228	143
cb-ca-i7.4	mmol/l	Source	1450	644
b-tb1	iu/ml	Source	10	9
b-tb2	iu/ml	Source	10	10
b-eosinofiilit,b-diffiosatutkimus	e9/l	Source	776	469
b-neutrofiilit,b-diffiosatutkimus	e9/l	Source	813	496
s-osmolaliteetti	mosm/kgh2o	Source	189	151
s-kopept	pmol/l	Source	417	317
s-klotsapiini	umol/l	Source	99	59
b-erytbl	u/100l	Source	1293	501
kalsium,ionisoitunut,ph7.4-korjattu	mmol/l	Source	522	389
b-col/epi	s	Source	62	55
b-col/adp	s	Source	46	41
pt-gfrekys	ml/min/173m2	Source	6726	2474
virtsam.	ml	Source	1039	500
pt-gfre-3	ml/min/173m2	Source	1588	433
l-lymf-hy	%	Source	144	121
l-neut-hy	%	Source	144	121
l-mono-hy	%	Source	142	119
l-eos-hy	%	Source	142	119
l-baso-hy	%	Source	143	120
pt-fibrosis-4indeksi	u/l	Source	28	28
s-b12-vitamiini,aktiivinen	pmol/l	Source	1135	921
ab-hiilimonoksidi-hb	%	Source	3649	1646
ab-kokonaishemoglobiini,verikaasuanalysaattorista	g/l	Source	3736	1675
ap-kalium	mmol/l	Source	3784	1651
ap-natrium	mmol/l	Source	3765	1640
ap-laktaatti	mmol/l	Source	3940	1719
p-psa-suh	form	Source	1063	372
p-psavapaanosuustotaalista	%	Source	719	577
p-prostataspesifinenantigeeni,vapaa	ug/l	Source	844	720
s-paroabg	au/ml	Source	72	71
s-rubeabg	iu/ml	Source	205	201
f-calprotectin	ug/g	Source	92	85
kudostransglutaminaasi,igavasta-aineet,seerumista␤	u/ml	Source	169	152
kalsium,albumiinikorjattu,plasma	mmol/l	Source	3434	1542
tsh-reseptori,vasta-aineet	iu/l	Source	121	102
fp-kolesteroli,lowdensitylipoproteiinit,suora	mmol/l	Source	1652	1302
s-prealbumiini	g/l	Source	498	387
s-hepatitisbvirus,s-antigeeni,vasta-aineet	u/l	Source	35	30
p-follikkeliastimuloivahormoni	u/l	Source	511	454
p-luteinisoivahormoni	u/l	Source	198	175
s-sertral	nmol/l	Source	85	66
pt-gfr-arv	ml/min/173m2	Source	1248	682
pt-dxm-r1	nmol/l	Source	76	76
s-insu-ab	u/ml	Source	195	133
p-ohbut	mmol/l	Source	56	38
b-ntprobnp	ng/l	Source	898	449
s-papmom,korjattumom	mom	Source	308	306
s-nt	mm	Source	769	705
s-ntmom	mom	Source	769	705
s-koriongonadotropiini-b-alayksikkö,vapaaxmom,down-seulassa	mom	Source	308	306
s-frtuab	titre	Source	135	111
hepatiittie-virus,igg	index	Source	49	48
s-hcgb-alayksikkö,vapaa	ug/l	Source	212	205
s-plasmaproteiinia	mu/l	Source	231	224
l-mxd	%	Source	848	477
l-mxd	e9/l	Source	634	292
p-gluk0h	mmol/l	Source	69	61
s-valproa	umol/l	Source	30	6
l-promyelosyytit	%	Source	3617	1346
l-neutrofiilit,sauvatumaiset	%	Source	3475	1277
l-neutrofiilit,liuskatumaiset	%	Source	3535	1288
l-bla	%	Extracted	1578	633
l-prom	%	Extracted	1642	721
l-myel	%	Extracted	1810	804
l-metam	%	Extracted	1614	671
l-nst	%	Extracted	1517	627
l-nlt	%	Extracted	1568	648
s-hcg	iu/l	Extracted	311	119
-hcgbsuh	%	Source	349	86
pf-trigly	mmol/l	Source	539	431
pf-amyl	u/l	Source	512	410
pf-kol	mmol/l	Source	614	497
pf-l/liusk	%	Source	317	241
pf-l/yksit	%	Source	317	241
pf-laktteh	mmol/l	Source	350	267
zb-be	mmol/l	Extracted	2455	577
ly-t-cd8	%	Source	2895	1357
ly-t-cd3	%	Source	3926	1817
ly-b-cd19	%	Source	1504	746
ly-nk	%	Source	3894	1811
ly-t-cd4/8	ratio	Source	1744	737
b-t-cd3	e6/l	Source	1174	606
b-b-cd19	e6/l	Source	913	577
b-t-cd8	e6/l	Source	1174	606
s-altalte	u/ml	Source	35	34
l-myelosyytit,mikroskopointi	%	Source	432	199
l-metamyelosyytit,mikroskopointi	%	Source	402	186
s-ebavavi	%	Source	12	11
p-hcg-tot	iu/l	Source	3737	1882
s-hsv1abg	index	Source	144	132
s-hcgxmom	mom	Source	478	453
s-pappmom	mom	Source	461	439
transferriinirautakyllästeisyys	%	Source	233	148
s-paras	umol/l	Source	2680	1231
sy-kide-o	estimate	Source	549	407
bm-mggfe	form	Source	660	470
bm-hemafc	form	Source	379	260
afosmaksa1	u/l	Source	673	589
afosluusto	u/l	Source	630	555
afosmaksa2	u/l	Source	604	532
vieri-inr	inr	Source	564	534
retikulosyytit(lask.)	e9/l	Source	184	131
solut,bronkoalveolaarineste	e6/l	Source	136	131
bikarbonaatti(aktuaali),valt	mmol/l	Source	586	252
emäsylimäärä,valtimoveri	mmol/l	Source	1078	535
hemoglobiini(totaali),valtim	g/l	Source	586	252
prostataspesifinenantigeeni,vapaanosuus(vainlaboratorionkäytössä)	%	Source	1293	613
kalium	mmol/l	Source	629	515
natrium	mmol/l	Source	562	463
tyreotropiini	mu/l	Source	852	751
tyroksiini,vapaa	pmol/l	Source	808	704
b12-vitamiini	pmol/l	Source	245	231
b-tvk	%	Source	505	325
b-tvk	e9/l	Source	368	286
monosyytitabsol.arvot	e9/l	Source	1313	936
neutrofiilit.absol.arvot	e9/l	Source	1339	939
NA	mg/l	Source	1610	1148
b-hbvt	g/l	Source	31	29
s-flekain	umol/l	Source	325	189
p-prostataspesifinenantigeeni,suhde	%	Source	1190	821
fp-gt	u/l	Source	772	452
s-testo-v	pmol/l	Source	1395	1082
s-hepsid	nmol/l	Source	871	541
oma-p-crp	mg/l	Extracted	1588	1074
oma-b-hb	g/l	Source	613	434
oma-b-fidd	mg/l	Source	393	349
p-ca15-3antigeeni	u/ml	Source	454	156
p-prolaktiini	mu/l	Source	361	311
p-lutenisoivahormoni	u/l	Source	30	29
p-crpos	mg/l	Source	380	229
p-fiddosoitus	mg/l	Source	107	104
p-fibriinidimeerit	mg/l	Source	364	336
nt-probnp	ng/l	Source	14	11
s-tpoab	form	Source	13	11
vb-hb-met	%	QCOut	316	131
s-risper	nmol/l	Source	389	254
s-9hrispe	nmol/l	Source	166	99
u-muuta	u/field	Source	120	89
13187	%	Source	1165	761
sy-pmn	%	Source	1206	793
s-emaba	titre	Source	924	739
s-pinp	ug/l	Source	3543	1641
crppika	mg/l	Source	869	649
u-mg	mmol/l	Source	123	96
pikatesti,c-reaktiivinenproteiini	mg/l	Source	315	191
leukosyytit,pikatesti,verestä	e9/l	Source	558	261
kreatiniini,pikatesti	umol/l	Source	649	379
hemoglobiini,pikatesti␤	g/l	Source	470	276
s-anaab	titre	Source	701	640
p-ntprobnp	ng/l	Source	1429	409
cb-inrc-c	inr	Source	4284	122
p-digoks	nmol/l	Source	889	307
b-hb-pt	g/l	Source	649	539
b-na-pt	mmol/l	Source	513	414
b-k-pt	mmol/l	Source	524	424
s-koriongonadotropiini-b-alayksikkö,vapaa1.trimesterinseula	ug/l	Source	462	446
-niskaturvotus	mm	Source	601	591
punasolujenkokojakaumaparametri	%	Source	69	48
p-glu/30m	mmol/l	Source	228	213
s-aldos-p	pmol/l	Source	824	707
fp-renin	mu/l	Source	184	157
b-hba1cp	%	Source	1565	694
crp-p	mg/l	Source	1051	389
p-b12-tc2	pmol/l	Source	69	66
b-aivoinr	inr	Source	203	188
fp-lipaas	u/l	Source	2160	480
se-prot	g/l	Source	184	137
se-trigly	mmol/l	Source	341	236
-prot	g/l	Source	74	72
se-k	mmol/l	Source	28	24
se-na	mmol/l	Source	22	19
se-krea	umol/l	Source	809	340
p-omagluk	mmol/l	Source	284	232
potilasmittaringlukoosi,ihopisto	mmol/l	Source	749	496
glutamyylitransferaasi	u/l	Source	1299	936
prostataspesifinenantigeeni,suhde	%	Source	1497	1279
inrvieri	inr	Source	1324	68
s-tfr	mg/l	Extracted	2005	1417
s-parvabg	eiu	Source	67	66
s-rf	iu/ml	Extracted	1200	1139
s-infliab	au/ml	Source	413	275
s-ustek	mg/l	Source	158	84
tromboplastiiniaika,pikatesti	inr	Source	78	75
cp-glukoosi,ihopistosn,vieritestihoitoyksikössä	mmol/l	Source	1349	206
neutrofiilit+eosinofiilit,s	%	Source	23	14
mononukleaarisetsolut,selkäy	%	Source	23	14
p-troponiinit,vieritesti	ng/l	Source	95	61
s-tyglab	u/ml	Source	826	449
p-gfreepi	ml/min/173m2	Source	7583	1211
glomerulussuodosnopeus,estimoitu,ckd-epi-kaava,osatutk.	ml/min/173m2	Source	3089	719
p-la2	s	Source	498	404
p-fidd-hy	mg/l	Source	119	114
cb-hb-hy	g/l	Source	1575	938
sy-neutrofiilit,nivelnesteestä	%	Source	51	38
sy-eosinofiilit,nivelnesteestä	%	Source	51	38
sy-erytrosyytit,nivelnesteestä	e6/l	Source	54	40
sy-lymfosyytitjamonosyytit,nivelnesteestä	%	Source	51	38
u-osmol	mo/kgh2o	Source	295	232
s-osmol	mo/kgh2o	Source	218	161
s-chtrabg	u/ml	Source	713	684
b-diffi,lymf	%	Source	130	77
b-diffi,nlt	%	Source	128	77
b-diffi,nst	%	Source	129	77
b-diffi,eos	%	Source	126	76
b-diffi,mon	%	Source	128	76
b-diffi,bas	%	Source	124	75
p-immunoglobuliinia	g/l	Source	202	179
s-immunoglobuliinie	u/ml	Source	346	322
s-proteiini	g/l	Source	1209	702
s-albumiinifraktio	g/l	Source	699	317
s-gammafraktio	g/l	Source	694	313
fb-b1-vitamiini	nmol/l	Source	74	71
b-mycobacteriumtuberculosis-herkistyneetsolut,gammainterferoni,eritys	iu/ml	Source	373	351
du-urea	mmol	Source	1220	497
b-hlaad	form	Source	65	63
b-hlabd	form	Source	66	63
s-leuabpr	form	Source	378	96
b-hladrbd	form	Source	62	61
b-hla-bw	form	Source	44	44
b-leuxkoe	form	Source	7	6
b-hladqbd	form	Source	10	10
b-hladpbd	form	Source	10	10
b-hladrld	form	Source	10	10
b-hlacdt	form	Source	10	10
b-hlabdt	form	Source	10	10
b-hlaadt	form	Source	11	11
mb-ph	ph	Source	3111	207
mb-ahco3	mmol/l	Source	2770	161
u-a1miglo	mg/l	Extracted	1298	481
cu-a1miglo	ug/min	Source	1299	478
bikarbonaatti(aktuaali),kapi	mmol/l	Source	3182	1299
hemoglobiini(totaali),kapill	g/l	Source	3140	1284
alfa-1-mikroglobuliini,	mg/l	Source	92	82
tilavuus,keräysvirtsa	ml	Source	254	207
keräyksenkesto	min	Source	260	206
alfa-1-mikroglobuliini,	ug/min	Source	93	82
s-tygl	ug/l	Extracted	36	23
s-nfl	ng/l	Source	64	60
fs-non-hdl	mmol/l	Source	125	122
ghb-a1c(vo.hoitaja)	mmol/mol	Source	431	224
b-gluk(vo.hoitaja)	atj/2t	Source	13	10
b-gluk(vo.hoitaja)	atj/3t	Source	11	10
s-lamotr	umol/l	Source	25	16
psa-vapaa/totaali-suhde,plasmasta	%	Source	1183	523
tehtyposantutk.rek.siirtoavarten	ug/l	Source	128	102
s-rpena1e	u/ml	Source	183	179
s-rcora8e	u/ml	Source	371	364
s-rcypc1e	u/ml	Source	158	152
s-rgadc1e	u/ml	Source	169	164
s-turskae	u/ml	Source	742	665
s-lohie	u/ml	Source	270	250
b-leuk-vt	e9/l	Source	2468	1619
fs-ca	mmol/l	Source	1580	1112
bm-fishmm	form	Source	28	28
bm-fish2	form	Source	29	28
du-tilavu	ml	Source	611	317
s-immfix	form	Source	287	233
kappa-lambda-suhde,kevytketju	ratio	Source	718	325
mkomp-1	g/l	Source	408	148
14286	ng/l	Source	219	213
testosteroni,vapaalask	pmol/l	Source	913	704
s-soijae	u/ml	Source	321	297
b-fosfatidyylietanoli,verestä	umol/l	Source	1535	905
s-5-ht	nmol/l	Source	224	167
b-lymfosyytit,lukumäärä	e9/l	Source	158	74
fs-pepsin1	ug/l	Source	551	534
fs-pepsin2	ug/l	Source	249	246
fs-gastr17	pmol/l	Source	35	35
kol/hdl-su	ratio	Source	980	739
sa-korsol	nmol	Source	46	36
non-hdl-kolesteroli	mmol/l	Extracted	19	19
s-matgrupp	u/ml	Source	31	30
fb-folat	nmol/l	Source	247	218
u-makrof.	/sunf	Source	193	143
u-överg.ep	/sunf	Source	124	93
u-tub.ep	/sunf	Source	127	96
u-annat	/sunf	Source	104	79
u-osmoet	mosm/kgh2o	Source	356	218
p-lipoa1	g/l	Source	136	130
p-lipob	g/l	Source	137	129
p-tyreotropiini(ko)	mu/l	Extracted	18	14
p-tyroksiini,vapaa(ko)	pmol/l	Source	214	153
p-tyreotropiini(ko)	mu/l	Source	218	167
crp(vo:nyhteydessäotettu),tth	mg/l	Extracted	1267	591
s-ferritiini	ug/l	Source	670	431
s-b12-vitamiini	pmol/l	Source	578	551
b-erytrosyytit,tilavuusosuus	ratio	Extracted	2862	1352
s-ferritiini(ko)	ug/l	Source	97	74
s-transferriinireseptori,liukoinen(ko)	mg/l	Source	26	24
triglyseriditplasmasta,paastotila	mmol/l	Source	1212	713
p-uraatti,plasma(umol/l)	umol/l	Source	182	101
reumafaktori,määritys,seerumista	kiu/l	Source	99	94
transferiininrautakyllästeisyys,seerumista,paastotilassa	osuus	Source	236	128
b-mxdp	%	Source	183	161
b-lyp	%	Source	174	152
b-neutp	%	Source	185	163
b-ghba1c/	%	Source	564	179
b-hba1c/p	mmol/mol	Source	568	179
du-metnef	umol	Source	914	827
du-normet	umol	Source	933	828
s-aldos-m	pmol/l	Source	88	80
b-ghba1c/pika	%	Source	718	356
b-hba1c/pika	mmol/mol	Source	452	183
b-ti	ug/l	Source	323	229
13983	ug/l	Source	861	326
13984	ug/l	Source	988	301
s-teofy	umol/l	Source	618	346
fp-ctx	ug/l	Source	1278	803
du-iglck	g	Source	130	88
du-iglcl	g	Source	100	68
s-lam-ex	mg/l	Source	15	13
s-kap-ex	mg/l	Source	17	14
s-k/l-ex	ratio	Source	15	13
s-immunoglobuliini,kev.ketjutvap.kappa/lambda	ratio	Source	183	112
du-oksal	umol/24h	Extracted	259	200
p-tromboplastiiniaika,inr-tulostus,vieritutkimus	inr	Source	112	104
p-posturea	mmol/l	Source	1583	157
p-preurea	mmol/l	Source	2928	178
s-cefacie	u/ml	Source	177	174
s-bopeabg	responseequivalent	Source	34	30
b-6-tgn	umol/l	Source	110	80
b-6-me-mp	umol/l	Source	110	78
laktpika	mmol/l	Source	1191	889
vbpco2pika	kpa	Source	926	712
vb-bepika	mmol/l	Source	574	484
s-allige	u/ml	Source	1753	653
s-ige-sse	u/ml	Source	733	556
igehevonen	u/ml	Source	126	119
igekoira	u/ml	Source	240	225
igekissa	u/ml	Source	230	218
s-borrelia,vasta-aineetigmvarmistustutkimus	au/ml	Source	411	341
ghb-a1c(vo.hoitaja)	mmol/mol	Extracted	40	26
ghb-a1c(vo.hoitaja)	%	Extracted	38	25
p-krea,osatutkimus	umol/l	Source	718	244
troponiinit(p-tnt)	ng/l	Source	35	32
c-reaktiivinenproteiini(4594p-crp)	mg/l	Source	143	117
kalsium,ionisoitunut,ph7.4-korjattu,seerumista	mmol/l	Source	107	93
kalsium,ionisoitunut,aktuaali	mmol/l	Source	260	200
s-caionac	mmol/l	Source	863	372
s-caio7.4	mmol/l	Source	860	372
s-t4v	pmol/l	Source	1086	647
p-inr-vt	inr	Extracted	3094	229
b-lymfosyytitsuhde	%	Source	401	347
b-neutrofiilit	%	Source	866	552
b-monosyytitsuhde	%	Source	402	348
p-krea	uml/l	Source	122	104
lipidit	mmol/l	Source	119	112
u-cr	umol/l	Source	208	129
fp-pth-int	ng/l	Source	44	26
p-pegtsh	mu/l	Source	19	15
b-ghba1cp	%	Extracted	3978	932
cu-aika(s)	s	Source	1458	670
p-tkfiddo	mg/l	Source	191	146
glukr-0	mmol/l	Source	144	113
glukr-2h	mmol/l	Source	144	113
glukr-1h	mmol/l	Source	125	98
b-leukosyytit␤	e9/l	Source	1024	490
s-kanie	u/ml	Source	39	39
p-la1	s	Source	1064	917
u-sg	kg/l	Extracted	1159	881
osmolaliteettiestimoitu	mosm/kgh2o	Source	212	162
u-osmolaliteetti,estimoitu	mosm/kgh2o	Extracted	119	101
ottotapa	h	Source	452	304
fe-folaatt	nmol/l	Source	173	154
fp-tffesat	%	Source	1121	322
glomerulussuodosnopeus,estimoitukystatiinic:stä	ml/min/173m2	Source	130	112
b-mcv	fl	Source	1253	819
s-adaliab	au/ml	Source	257	202
11092	au/ml	Source	40	36
s-kardabg	u/ml	Source	83	64
11615	ug/l	Source	1551	69
s-gluk	mmol/l	Source	305	256
s-mx2ryh	u/ml	Source	42	42
fs-pi	mmol/l	Extracted	802	717
s-ca	mmol/l	Extracted	1750	1479
s-puuryh	u/ml	Source	29	29
s-heinryh	u/ml	Source	36	33
s-eläiryh	u/ml	Source	42	38
13982	ug/l	Source	935	294
glukoosi120min	mmol/l	Source	119	113
p-pct	ng/ml	Source	1499	842
p-fibriinind-dimeerit,laskimon.vierit.lab:ssa	mg/l	Source	96	76
p-prokalsitoniini	ng/ml	Source	100	76
p-natriureett.peptidin-termin.propept.vieritl	ng/l	Source	118	81
s-kefakle	u/ml	Source	209	201
b-hbo2sat	%	Source	382	62
pb-pco2	kpa	Source	45	17
pb-po2	kpa	Source	45	17
pb-shco3	mmol/l	Source	45	17
pb-hbo2sat	%	Source	48	20
pb-hbo2	%	Source	49	21
pt-pef	form	Source	91	70
p-shbg	nmol/l	Source	791	465
s-kalium	mmol/l	Source	897	700
s-natrium	mmol/l	Source	843	654
b-lyabs	e9/l	Extracted	80	73
b-monosabs	e9/l	Extracted	80	73
b-neutabs	e9/l	Extracted	81	74
b-basoabs	e9/l	Extracted	80	73
b-eosabs	%	Source	84	77
0mgluk-r1	mmol/l	Source	93	84
-pikacrp	mg/l	Source	47	38
-crppika	mg/l	Source	239	88
5382	mmol/l	Extracted	370	282
s-cl	mmol/l	Source	194	122
s-testosteroni,seerumista	nmol/l	Source	395	252
s-desialotransferriini	%	Source	995	770
p-ko-hdl	mmol/l	Source	298	275
pika-gluk	mmol/l	Source	1880	725
pika-hb	g/l	Source	1071	684
p-gluk-0	mmol/l	Source	264	197
cb-hb	g/l	Extracted	435	341
ts-laktaas	u/gprot	Source	38	37
ts-sakraas	u/gprot	Source	38	37
ts-maltaas	u/gprot	Source	38	37
osmolaliteetti	mosm/kgh2o	Source	51	32
troponiinit,plasma	ng/l	Source	5794	2125
fp-b6-vit	nmol/l	Source	639	516
s-neuronispesifinenenolaasi	ug/l	Source	105	46
p-glukoosi,toimntakokeissa0m	mmol/l	Source	242	199
p-glukoosi,toimintakokeissa,2h	mmol/l	Source	240	197
s-tyglab	iu/ml	Source	1802	597
sy-muutsol	%	Source	986	694
b-tnt-hy	ng/l	Source	51	46
p-tt-spr	%	Source	511	463
p-apttspr	s	Source	146	137
p-ttinrsp	inr	Source	477	442
no-ex	ppb	Source	282	180
s-valpr	umol/l	Extracted	4309	1416
s-valproaatti	umol/l	Source	431	227
s-borrabg	ru/ml	Source	524	429
ca-ionpika	mmol/l	Source	1106	848
ureapika	mmol/l	Source	894	721
b-tnipika	ug/l	Source	187	179
b-sezary	%lumfosuuteist	Source	49	29
ly-tt-cd8	%	Source	1219	630
ly-cd19-b	%	Source	2507	1211
b-nk	e9/l	Source	1690	744
b-b-cd19	e9/l	Source	1826	778
b-t-cd3	e9/l	Source	1753	760
b-t-cd4	e9/l	Source	4080	1822
b-t-cd8	e9/l	Source	1802	772
b-nk	e9/l	Extracted	928	513
b-b-cd19	e9/l	Extracted	1257	675
b-t-cd3	e9/l	Extracted	938	519
b-t-cd8	e9/l	Extracted	951	531
b-erytbl	e9/l	Source	1109	613
fp-triglyseriditplasmasta	mmol/l	Source	1453	751
s-koivunsiitepöly,igevasta-aineet	u/ml	Source	293	288
s-pujonsiitepöly,igevasta-aineet	u/ml	Source	206	203
s-timoteinsiitepöly,igevasta-aineet	u/ml	Source	256	251
s-pölyerittely	u/ml	Source	222	218
s-tnt	ng/l	Source	149	137
b-hepartp	u/ml	Source	105	92
s-adencf	titre	Source	481	412
non-hdl-kolesteroli	mmol/l	Source	1341	1272
s-testoms	nmol/l	Source	714	492
s-il2r	u/ml	Source	422	338
f-antitry	ug/g	Source	536	300
cb-po2	kpa	Extracted	1243	434
s-helicobacterpylori,iggvasta-aineet	index	Source	64	58
s-usteki	mg/l	Source	758	324
p-hiv1nh	u/ml	Source	1609	432
retikulosyyttienkeskimääräinenhemoglobiininmäärä	pg	Source	525	389
b-lymfos	%	Source	173	146
b-neutr	%	Source	2371	414
-eryt	e6/l	Source	168	153
-leuk	e6/l	Source	190	174
p-kreatiniinitykslab	umol/l	Source	933	841
li-laktteh	mmol/l	Source	299	195
s-ceaver	ug/l	Source	790	743
u-leuk-bv	e6/l	Extracted	1442	845
p-glu/1h	mmol/l	Source	683	451
p-c-reaktiivinenproteiini(kval)	mg/l	Source	187	161
sy-liuskat	%	Source	74	62
kalsium,ionisoitunutph	ph	Source	4705	1589
tromboplastiiniaika,aktivoitu,partiaalinen.plasma	s	Source	752	528
p2y12-reseptoriestonseuranta(vasp)	%	Source	11	11
p-ebvnh	u/ml	Source	738	265
b-pvk+t	%l	Source	229	162
b-pvk+t	%g	Source	229	162
b-pvk+t	%m	Source	229	162
b-pvk+t	paketti	Source	269	242
s-hsv2abg	eiu	Source	247	225
b-dnaex	form	Source	420	412
p-tnt-lb	ng/l	Source	160	85
hba1cpika	mmol	Extracted	96	80
s-prostataspesifinenantigeenivap/tot-suhde	%	Source	280	209
s-ige-2,pölyryhmä,seulonta	u/ml	Source	88	85
l-monosyytit+muut	%	Source	209	194
s-hcg-b/d	ug/l	Source	195	189
p-tau-217	ng/l	Source	132	131
fibriinind-dimeerit,plasmasta(4113p-fidd)	mg/l	Source	11	10
s-campabg	titre	Source	418	389
fs-pth	ng/l	Source	1065	588
as-eryt	e6/l	Extracted	758	499
as-leuk	e6/l	Extracted	761	500
s-currye	u/ml	Source	12	12
b-erytrosyytit(tilavuusosuus)	osuus	Source	1808	665
b-cardiac,ckmb	ng/ml	Source	14	6
b-cardiac,myoglobiini	ng/ml	Source	24	14
mch	pg	Source	32	28
mchc	g/l	Source	101	86
hb-pikamääritys	1	Source	42	37
s-albu	g/l	Source	554	164
s-alfa1	g/l	Source	1708	966
s-alfa2	g/l	Source	1768	1011
s-beta1	g/l	Source	1765	1009
s-beta2	g/l	Source	1772	1017
u-albu	%	Source	31	31
u-globul	%	Source	31	31
s-lamotri	umol/l	Extracted	19	19
mycoplasmapneumoniae,iggvasta-aineet	eiu	Source	30	22
chlamydiapneumoniae,iggvasta-aineet	bu/ml	Source	14	10
afossuoli	u/l	Source	478	420
s-yersaba	index	Source	10	10
u-co	nmol/l	Source	192	77
b-eryt	%	Source	760	388
u-co	ug/l	Source	12	9
oma-gluk	mmol/l	Extracted	1032	518
s-hevosennhilse,igevasta-aineet	u/ml	Source	22	22
kissanhilse,ige-va:t(s-)	u/ml	Source	27	27
koiranhilse,ige-va:t(s-)	u/ml	Source	30	30
s-puuerittely,igevasta-aineet	u/ml	Source	37	37
pölyerittely,ige:vat(s-)	u/ml	Source	83	79
albumiini(kval)	estimate	Source	1803	1146
asetoniaineet(kval)	estimate	Source	1981	1210
s-hein1er	u/ml	Source	84	83
s-puu9er	u/ml	Source	54	50
li-muutsol	%	Source	405	344
li-neut+eo	%	Source	618	475
li-mononuk	%	Source	628	485
e-hemoglobiinikeskimassa	pg	Source	160	133
p-omagluk	mmol/l	Extracted	1184	815
oma-hba1c	mmol/mol	Extracted	922	353
p-hcvnh	iu/ml	Source	198	143
s-sentromeerip,vasta-aineet	u/ml	Source	47	40
s-li	mmol/l	Extracted	4646	798
s-ovomuke	u/ml	Source	452	302
dna,vasta-aineet(natiivi)	kiu/l	Source	48	45
NA	s	Source	12	11
NA	mmol/m	Source	662	656
NA	nmol/l	Source	172	153
NA	ng/l	Source	158	128
s-ssaab	u/ml	Source	1432	945
s-sentab	u/ml	Source	441	283
s-cic	ugeq/ml	Source	622	555
s-cenp	u/ml	Source	17	12
p-fiddpik	mg/l	Source	310	275
s-prealbumiini	mg/l	Source	385	236
fs-e-vitamiini	umol/l	Source	20	18
p-aktuaalinenbikarbonaatti	mmol/l	Source	1258	651
p-kalsium,ionisoitunut,aktuaalinen	mmol/l	Source	1282	688
vb-happikyllästeisyys(hemoglobiini)	%	Source	1075	609
b-hbpoc	g/l	Source	639	342
p-vprobnp	ng/l	Source	109	46
p-troponiinit,kvantitatiivinen	ng/l	Source	1302	573
b-p2y12	%	Source	54	53
hepyaba	u/ml	Source	8	8
immunoglobuliinia,plasma	g/l	Source	237	217
fs-alaniiniaminotransferaasi	u/l	Source	404	283
lymfosyyttienabsol.määrä	e9/l	Source	178	80
monosyyttienabs.määrä	e9/l	Source	178	80
basofiilienabs.määrä	e9/l	Source	178	80
l-neutrofiilit-act5diffillä	%	Source	178	80
b-eosinifiilit-act5diffillä	%	Source	178	80
b-basofiilit-act5diffillä	%	Source	178	80
b-neutrofiilit-absact5diffillä	e9/l	Source	178	80
s-hhv6abg	eiu	Source	720	640
s-ig-oc	g/l	Source	29	29
s-protks	g/l	Source	215	158
b-mn	nmol/l	Source	32	22
s-mg	mmol/l	Extracted	368	312
p-zn	umol/l	Extracted	74	73
p-se	umol/l	Extracted	132	120
fs-e-vit	umol/l	Extracted	99	87
b2-vitamiini	nmol/l	Source	7	7
s-cu	umol/l	Extracted	49	44
fs-a-vit	umol/l	Extracted	106	94
prolaktiini,seerumi	mu/l	Source	237	176
s-ruocome	u/ml	Source	726	694
p-afxaapi	ug/l	Source	885	542
plasmankalium(k)	mmol/l	Source	2406	636
verenvalkosolut	e9/l	Source	2846	644
plasmannatrium(k)	mmol/l	Source	2418	635
plasmankreatiniini(k)	umol/l	Source	2429	634
plasmanuraatti(k)	umol/l	Source	29	26
p-asetoni	mmol/l	Source	171	126
du-cl	mmol	Source	411	360
b-pseudotrombosytopenianselvittely	e9/l	Source	50	45
ampicillin	u/ml	Source	71	69
amoxycilli	u/ml	Source	6	6
s-uraatti	umol/l	Source	621	544
s-transglutaminaasivasta-aineet	u/ml	Source	12	9
neutrofiilit-osuus(diffi)	%	Source	197	146
lymfosyytit-osuus(diffi)	%	Source	197	146
monosyytit-osuus(diffi)	%	Source	197	146
eosinofiilit-osuus(diffi)	%	Source	197	146
basofiilit-osuus(diffi)	%	Source	197	146
s-venlaf	ug/l	Source	12	12
b-vasp	%	Source	164	156
fs-insu	mu/l	Source	561	296
p-hs-crp	mg/l	Source	1315	501
ghbpika	mmol/mol	Extracted	158	43
crppika	mg/l	Extracted	425	191
du-5hiaa	umol/l	Source	25	24
hbpika	g/l	Extracted	42	30
11842	u/l	Source	46	45
11843	u/l	Source	46	45
11846	u/l	Source	44	43
s-maksa1	u/l	Source	134	126
s-maksa2	u/l	Source	132	123
b-hba1cpi	mmol/mol	Source	1299	306
cb-tt-inrpika	inr	Source	4840	179
du-vmml	ml	Source	256	130
b-hemoglobiini-a1c,vieritesti	mmol/mol	Source	106	64
s-pölyerittely,igevasta-aineet	u/ml	Source	539	531
s-lamotrig	umol/l	Source	26	13
p-tromboplastiiniaika,normotest	%	Source	70	63
b-leukvt	e9/l	Extracted	206	181
p-reumafa	iu/ml	Source	66	61
b-hba1cp	%	Extracted	6	6
li-eryt-3	e6/l	Source	240	224
li-leuk-3	e6/l	Source	242	226
s-tattare	u/ml	Source	61	60
s-rtri14e	u/ml	Source	127	127
s-rhevb8e	u/ml	Source	79	79
s-rhevb1e	u/ml	Source	89	89
s-rhevb3e	u/ml	Source	84	84
s-rhevb5e	u/ml	Source	86	85
s-rhevb6e	u/ml	Source	52	52
s-rhev11e	u/ml	Source	54	54
vymp	cm	Source	181	178
s-mypnabg	ru/ml	Source	384	342
s-chpnaba	eiu	Source	328	287
s-myogl	ug/l	Source	583	318
p-gluk-o	mmol/l	Source	1304	483
b-dextro	mmol/l	Source	291	212
f-calpro2	ug/g	Source	395	228
f-kalprotektiini	ug/g	Source	1121	889
p-reumafaktori,määritys	iu/ml	Source	608	558
pt-gfr	ml/min/173m2	Extracted	55	43
cp-ohbuthy	mmol/l	Source	28	26
vb-hco3	mmol/l	Source	1209	334
b-gluk	mmol/l	Source	623	312
s-achr-ab	nmol/l	Source	591	527
neut	e9/l	Source	4350	591
lymph	e9/l	Source	4349	591
eos	e9/l	Source	4350	591
u-alb/krea	g/mol	Source	49	23
b-ohbutvt	mmol/l	Source	97	66
b-cd34-fc	e6/l	Source	143	53
ly-lymfosyytit,t-cd3-solujenosuus	%	Source	307	180
ly-lymfosyytit,nk-solujenosuus	%	Source	313	185
b-lymfosyytit,t-cd3-solut	e6/l	Source	307	180
b-lymfosyytit,b-cd19-solut	e6/l	Source	195	149
b-lymfosyytit,t-cd8-solut	e6/l	Source	307	180
ly-lymfosyytit,t-estäjäsolujenosuus	%	Source	284	171
paastoseeruminkalsium-ioni.	mmol/l	Source	575	385
seeruminkalsium-ioni.aktuaali	mmol/l	Source	569	383
seeruminph	1	Source	358	274
hoicrp	mg/l	Extracted	235	215
s-valpr-v	umol/l	Source	818	475
s-fenyt	umol/l	Source	1398	447
s-leveti	mg/l	Source	22	18
b-mpadp	u	Source	874	675
b-mpadphs	u	Source	99	84
b-mpaspi	u	Source	62	55
eosinofiilit,absol.arvot,osatutkimus(39b-eos)	e9/l	Source	114	95
basofiilit,absol.arvot,osatutkimus(40b-baso)	e9/l	Source	114	95
monosyytit,absol.arvot,osatutkimus(42b-monos)	e9/l	Source	114	95
lymfosyytit,absol.arvot,osatutkimus(43b-lymf)	e9/l	Source	114	95
lymfosyytit,osatutkimus(46l-lymf)	%	Source	114	95
l-neut,osatutkimus(688l-neut)	%	Source	114	95
b-neut,osatutkimus(689b-neut)	e9/l	Source	114	95
eosinofiilit,osatutkimus(690l-eos)	%	Source	114	95
basofiilit,osatutkimus(692l-baso)	%	Source	128	103
monosyytit,osatutkimus(693l-monos)	%	Source	114	95
b-diffi	%	Source	149	35
tromboplastiiniaika,plasma	%	Source	676	494
b-retikulosyyttientuotantoindeksi	osuus	Source	304	196
s-hepyaba	u/ml	Extracted	33	32
p-gluk.	mmol/l	Source	752	269
s-alat	iu/l	Source	251	195
s-afos	iu/l	Source	240	188
s-asat	iu/l	Source	247	190
s-gt	iu/l	Source	216	174
u-i	ug/l	Source	309	243
b-zn	umol/l	QCOut	457	380
b-mn	umol/l	Source	325	259
fs-bkarot	umol/l	Source	318	259
fs-ubikin	umol/l	Source	323	265
kalium,kokoveren	mmol/l	Source	279	225
magnesium,kokoveren	mmol/l	Source	317	257
fosfori,kokoveren	mmol/l	Source	308	248
seleenikokoveren	umol/l	Source	350	281
kupari,punasolun	umol/l	Source	312	250
u-i/u-kreaosatutkimus	ug/g	Source	129	113
lykopeeni	umol/l	Source	305	249
rasvahappoprofiili	paketti	Source	245	212
s-pujoe	ucor	Source	507	407
s-päivke	ucarr	Source	507	407
myristiinihappo	%	Source	314	254
stearidonihappo	%	Source	288	234
eikoseenihappo	%	Source	318	258
eikosadieenihappo	%	Source	319	259
dihomo-gamma-linoleenihappo	%	Source	318	258
arakidonihappo	%	Source	317	257
eikosapentaeenihappo	%	Source	319	259
dokosapentaeenihappo	%	Source	318	258
dokosaheksaeenihappo	%	Source	318	258
omega3-rasvahappojenkokonaismäärä	%	Source	315	255
omega6-rasvahappojenkokonaismäärä	%	Source	315	255
palmitiinihappo	%	Source	315	255
palmitoleiinihappo	%	Source	315	255
steariinihappo	%	Source	315	255
oleiinihappo	%	Source	314	254
linoleenihappo	%	Source	314	254
gamma-linoleenihappo	%	Source	314	254
alfalinoleenihappo	%	Source	317	257
k2-vitamiini,menakinoni-4(mk4)osatutkimus	ug/l	Source	203	165
k2-vitamiini,menakinoni-7(mk7)osatutkimus	ug/l	Source	185	151
k1-vitamiini(fyllokinoni)osatutkimus	ug/l	Source	195	162
pölyryhmä(phadiatop),ige-va:t(s-)	u/ml	Source	38	38
s-eläinryhmä,igevasta-aineet	u/ml	Source	25	25
homeryhmä,ige-va:t(s-)	u/ml	Source	20	20
ruokaryhmä,ige-va:t(s-)	u/ml	Source	15	15
fp-renin-p	mu/l	Source	834	638
du-immunoglobuliini,kevyetketjut,kappa	mg	Source	33	24
antifactorix-aktiivisuus(hepariininestovaikutus->fxa),plasmasta␤	iu/ml	Source	48	27
sy-polymor	osuus	Source	237	167
sy-mononuk	osuus	Source	237	167
erytrosyytit,nivelnesteestä	e6/l	Source	71	52
du-immunoglobuliini,kevyetketjut,lambda	mg	Source	23	18
proteiini,ty,vuorokausivirtsasta	g	Source	21	11
s-hepvase	au/l	Source	8	7
se-leuk	e6/l	Source	657	135
se-urea	mmol/l	Source	498	110
se-gluk	mmol/l	Source	226	99
pt-gluk-0	mmol/l	Source	272	234
u-pi	mmol/l	Source	772	333
s-mitoab	titre	Source	500	359
leukosyytit	e6/l	Source	529	440
s-rubeabg	eiu	Source	80	76
s-myplcf	titre	Source	109	98
pika-crp	mg/l	Extracted	908	381
trijodityroniini,vapaa	pmol/l	Source	275	186
u-dala	umol/l	Source	111	89
fp-transferriininrautakyllästeisyys,plasmasta	%	Source	66	59
myeliiniinassosioituvaglykoproteiini,vasta-aineet	e6/l	Source	92	80
sulfatidi,igmvasta-aineet	e6/l	Source	92	80
fp-trfe-sa	%	Source	1262	658
b-diffi,l-sauv	%	Source	69	47
b-diffi,l-liusk	%	Source	67	47
b-diffi,l-eos	%	Source	99	63
b-diffi,l-bas	%	Source	95	60
b-diffi,l-mon	%	Source	104	63
b-diffi,l-lym	%	Source	64	45
s-pemfiab	u/ml	Source	1322	573
ly-t-cd4.	%	Source	1462	514
emäsylimäärä,arteriaverestä,osatutk.	mmol/l	Source	64	38
aktuaalibikarbonaatti,arteriaverestä,osatutk.	mmol/l	Source	96	58
hemoglobiini,arteriaverestä,osatutk	g/l	Source	95	57
kalsium,ionisoitunut,ph7.4-korjattu,arteriaverestä,osatutk	mmol/l	Source	48	34
kalium,verikaasuosatutk.	mmol/l	Source	179	88
natrium,verikaasuosatutk.	mmol/l	Source	180	88
laktaatti,verikaasuanalysaattorilla,verestä	mmol/l	Source	99	60
kalsium,ionisoitunut,arteriaverestä,osatutk	mmol/l	Source	48	34
happikyllästeisyys(hemoglobiini),osatutk	%	Source	95	57
kloridi,osatutk.	mmol/l	Source	48	34
anionivaje,osatutkimus	mmol/l	Source	48	34
happiosapaine,lämpötilakorjattu,arteriaverestä,osatutk	kpa	Source	45	33
hiilidioksidiosapaine,lämpötilakorjattu,arteriaverestä,osatutk	kpa	Source	45	33
lämpötila,arteriaverestä,osatutk	°c	Source	45	33
c-reaktiivinenproteiini,plasmasta,vieritesti	mg/l	Source	698	449
fp-gluk-2	mmol/l	Source	168	135
fp-gluk-0	mmol/l	Source	88	73
fp-gluk-1	mmol/l	Source	108	83
s-mycoplasmapneumoniae,iggvasta-aineet	eiu	Source	292	251
s-mycoplasmapneumoniae,igmvasta-aineet	s/co	Source	94	80
myelosyytit,osuusleukosyysteistä	%	Source	239	87
blastit,osuusleukosyyteistä	%	Source	105	23
promyelosyytit,osuusleukosyyteistä	%	Source	54	23
metamyelosyytit,osuusleukosyyteistä	%	Source	171	70
l-erytroblastit	u/100leuk	Source	164	56
s-kaurjae	u/ml	Source	84	82
s-ohrajae	u/ml	Source	84	82
s-ruisjae	u/ml	Source	97	96
s-kalsium,ionisoitunut,seerumista	mmol/l	Source	71	62
kreatiniini	mmol/l	Source	449	343
prostataspesifinenantigeeni,vapaa(4900p-psa-v)	ug/l	Source	95	55
kalsium,osatutkimus(4598p-ca)	mmol/l	Source	89	81
fp-gluk-p	mmol/l	Source	391	273
p-gluk-2t	mmol/l	Source	462	316
p-probnp(ksks)	ng/l	Source	593	297
b-hb-vt	g/l	Extracted	280	210
u-b2miglo	mg/l	Source	144	95
p-uraatti,rasburikaasihoidonyhteydessä	umol/l	Source	41	15
s-ribonukeliiniproteiini70,vasta-aineet	u/ml	Source	181	155
albumiini,laskennallinen	ug/min	Source	51	39
hba1cpika	%	Extracted	278	207
s-kappa-lambda-suhde,kevytketjut,vapaa	ratio	Source	420	199
s-suolistoisoentsyymi	u/l	Source	122	114
s-maksa-1-isoentsyymi	u/l	Source	189	176
s-luustoisoentsyymi	u/l	Source	72	65
s-maksa-2-isoentsyymi	u/l	Source	188	175
s-ruo20er	u/ml	Source	8	8
kollageenii:nbeta-karboksiterminaalinentelopeptidi	ug/l	Source	41	35
fs-ictp	ug/l	Source	23	21
fb-leukosyytit/ima	e9/l	Source	104	92
kolesteroli,lowdensitylipoproteiinit/lipidit	mmol/l	Source	134	128
l-basofiilit,absoluuttiset	%	Source	14	7
b-eosinofiilit,absoluuttiset	e9/l	Source	19	8
l-lymfosyytit,absoluuttiset	%	Source	17	10
l-monosyytit,absoluuttiset	%	Source	18	11
l-neutrofiilit,absoluuttiset	%	Source	17	10
b-mono	e9/l	Extracted	2898	867
-gluk-tir	%	Source	120	76
-gluk-tbr	%	Source	118	75
sy-erytrosyytit	e6/l	Source	34	32
b-ti	ug/l	Extracted	276	223
b-crp-pik	mg/l	Extracted	1061	525
laktaatti(verikaasulaite),ka	mmol/l	Source	653	438
kalsium,ionisoitunut(7.4),pl	mmol/l	Source	1012	569
glukoosi(verikaasulaite),kap	mmol/l	Source	652	438
kol/hdl	ratio	Source	397	276
0-näyte	mmol/l	Source	18	17
2h	mmol/l	Source	17	16
s-testosteroni,massaspektrometrinen,seerumista	nmol/l	Source	134	120
s-pr3ab	kiu/l	Source	39	20
kromograniinia	nmol/l	Source	206	103
du-protks	g	Source	9	8
sy-diffi	%	Source	161	132
sy-monon	%	Source	165	128
sy-gran	%	Source	1467	1036
s-m-komponentti-1	g/l	Source	192	54
fp-pthint	pmol/l	Source	1198	304
ca-inona,aktuaalinenpitoisuus	mmol/l	Source	50	45
kalsium,ionisoitunut,ph7.4korjattu	mmol/l/p	Source	51	43
-cdt	mg/l	Extracted	291	276
p-fidd-vt	mg/l	Source	618	498
pt-gluk-r6:p-gluk1hnäyte	mmol/l	Source	194	145
pt-gluk-r6:fp-gluk0-näyte	mmol/l	Source	195	145
pt-gluk-r6:p-gluk2hnäyte	mmol/l	Source	194	145
b-ly␤	e9/l	Source	293	72
kol/hdlsuh	ratio	Extracted	472	184
pt-gfreepio1	ml/min/173m2	Source	649	232
cp-gluk	mmol/l	Source	2869	385
cb-kalsium,ionisoitunut,ph7.4-korjattu	mmol/l	Source	260	140
cb-aktuaalibikarbonaatti	mmol/l	Source	57	38
cb-kalsium,ionisoitunut,eitilattava	mmol/l	Source	39	20
vb-aktuaalibikarbonaatti	mmol/l	Source	1612	552
vb-hemoglobiini	g/l	Source	2010	658
vb-kalsium,ionisoitunut,ph7.4-korjattu	mmol/l	Source	469	247
vb-kalsium,ionisoitunut,eitilattava	mmol/l	Source	459	245
p-vwfcb	%	Source	98	67
-trigly	mmol/l	Source	223	173
p-mypa	mg/l	Source	1692	376
glukoosinpikamittaus	1	Source	351	171
p-prealb	g/l	QCOut	271	225
u-hcg	iu/l	Extracted	56	54
p-c-reaktiivinenproteiini(pikanäyte)	mg/l	Extracted	6	6
prolaktiini	mu/l	Source	131	106
s-hepyabg	index	Source	749	692
neutrofiiliset,konediffi(),osatutk.b-diffi	%	Source	1041	287
lymfosyytit,konediffi(),osatutk.b-diffi	%	Source	1041	287
monosyytit,konediffi(),osatutk.b-diffi	%	Source	1041	287
eosinofiilitabs,konediffi,osatutk.b-diffi	e9/l	Source	1041	287
neutrofiilitabs,konediffi,osatutk.b-diffi	e9/l	Source	1041	287
basofiilit,konediffi(),osatutk.b-diffi	%	Source	1040	287
eosinofiilit,konediffi(),osatutk.b-diffi	%	Source	1041	287
u-levyep	u/field	Source	396	341
u-gran	u/field	Source	518	431
u-välimep	u/field	Source	200	179
s-rjugr3e	u/ml	Source	299	293
s-rarah6e	u/ml	Source	427	344
s-rarah1e	u/ml	Source	318	304
s-rarah3e	u/ml	Source	317	304
s-rarah8e	u/ml	Source	254	237
s-rarah9e	u/ml	Source	292	278
s-sumrisp	nmol/l	Source	148	109
s-9-hrisp	nmol/l	Source	315	207
s-litium	mmol/l	Source	486	166
hemoglobiininpikamittaus	g/l	Source	86	67
p-alaniiniaminotransferaasi,paikallisanalytiikka,kuivakemia	u/l	Source	508	422
s-9-hydroksirisperidoni	nmol/l	Source	70	50
perusterveyspakettialat	u/l	Source	259	218
perusterveyspakettigluk	mmol/l	Source	258	217
perusterveyspakettigt	u/l	Source	258	218
perusterveyspakettikol	mmol/l	Source	259	218
perusterveyspakettihdl-kol	mmol/l	Source	259	218
perusterveyspakettilowdensitylipoprot	mmol/l	Source	256	216
perusterveyspakettikrea	umol/l	Source	258	217
perusterveyspakettitrigly	mmol/l	Source	260	218
kreatiniini,pikatesti,veri	umol/l	Source	226	206
natrium,pikatesti,veri	mmol/l	Source	198	183
kalium,pikatesti,veri	mmol/l	Source	211	195
s-ebvnabg	u/ml	Source	260	235
s-dnan-ab	iu/ml	Source	120	96
sy-lymfos	%	Source	13	12
sy-leuk	e9/l	Source	29	27
sy-eryt	e9/l	Source	35	33
happi	%	Extracted	836	167
du-oksal	mg/24h	Source	164	134
du-sitraat	mmol	Source	161	103
s-cmvabm	u/ml	Source	229	185
di-leuk	e6/l	Source	524	59
di-prot	mg/l	Source	603	101
di-l/liusk	%	Source	23	9
di-l/yksit	%	Source	23	9
s-cpept-a	nmol/l	Source	94	84
vb-happamuusaste	1	Extracted	84	74
p-tnt-pt	ng/l	Source	113	78
p-krea,osatutki4600	umol/l	Source	503	150
p-natriureettinenpeptidi,b-tyypinn-termin.prop	ng/l	Source	80	65
b-hemoglobiini-a1c,verestä	mmol/m	Source	87	76
dehydroepiandrosteroni,sulfaatti	umol/l	Source	12	10
s-albumiini,indeksi	g/l	Source	115	110
li-gran	%	Source	105	75
li-lymf	%	Source	91	62
b-ghb-a1c	mmol/mol	Extracted	275	167
ferritiini(ferrit)	ug/l	Source	94	73
transferriinisaturaatio	%	Source	292	239
s-chtrabg	eiu	Source	12	12
b-hba1c/pika	mmol/mol	Extracted	28	25
oma-cp-glu	mmol/l	Source	7	7
triglyseridit,plasmasta	mmol/l	Source	716	523
kolesteroliplasmasta	mmol/l	Source	695	501
kolesteroli,highdensitylipoproteiinit,plasmasta	mmol/l	Source	711	515
kolesteroli,lowdensitylipoproteiniit,plasmasta	mmol/l	Source	704	502
cfp-glucos	mmol/l	Source	1307	617
fibriinind-dimeerit(kval)	mg/l	Source	8	8
b-pvk+tmd	%	Source	108	33
b-ph	ph	Extracted	579	323
s-hstesvl	pmol/l	Source	86	73
pt-glukr-0	mmol/l	Source	300	248
s-tyreoideaperoksidaasi,vasta-aineet	u/ml	Source	84	74
l-mdx	%	Source	125	118
p-etoh	promille	Extracted	526	326
p-ebvnh	gekv/ml	Source	464	104
s-ch100cl	%	Source	1524	1191
s-ch100al	%	Source	1509	1179
s-ch100l	%	Source	1353	1037
s-koriongonadotropiini-b-alayksikkö,ihm.vap.	ug/l	Source	56	55
u-happamuusaste	1	Source	229	155
p-gluk-1h	mmol/l	Source	402	262
p-gluk-2h	mmol/l	Source	897	656
11086	%	Source	803	262
s-borrabm	form	Source	19	17
li-b2miglo	mg/l	Source	78	67
s-pin1abg	eiu	Source	206	192
s-adenabg	eiu	Source	237	222
s-infaabg	eiu	Source	280	262
s-infbabg	eiu	Source	202	188
s-rsvabg	eiu	Source	136	127
s-gpene	u/ml	Source	163	159
s-vpene	u/ml	Source	177	174
p-bnp	ng/ml	QCOut	11	11
b-fidd-pt	mg/l	Source	142	124
reumafaktori	iu/ml	Source	59	56
työkyky2vuotta	form	Source	265	262
työkyky0-10	form	Source	369	366
inr-vieri	inr	Source	8656	209
b-ghb-a1cv	mmol/mol	Source	346	139
pt-glomerulussuodosnopeus,estimoitu,mdrd-kaava	ml/min/173m2	Source	102	96
b-vnpru	pru	Source	21	16
b-vninhib	%	Source	21	16
tilavuus(virtsankevytketjut)	ml	Source	41	26
tilavuus,vuorokausivirtsa	ml	Source	247	191
proteiini	g	Source	80	61
immunoglobuliini,kevyet	g	Source	10	7
glukoosi(hoitaja)	mmol/l	Source	976	112
s-hepyabg	ru/ml	Source	38	37
plasmaproteiinia,raskauteenliittyvä	mu/l	Source	315	284
koriongonadotropiini,b-alayksikkö,vapaa	ug/l	Source	238	207
alfa1-glob	g/l	Source	2811	708
alfa2-glob	g/l	Source	2811	707
beta1-glob	g/l	Source	2802	699
beta2-glob	g/l	Source	2810	707
gamma-glob	g/l	Source	2834	725
fp-e-vit	umol/l	Source	235	122
p-cu	umol/l	Source	303	271
troponiinit,plasmasta	ng/l	Source	1477	710
s-ruoka-s	u/ml	Source	45	43
s-ttgaba	form	Source	156	153
b-retik	%	Source	42	31
u-eryt-o	form	Source	705	476
transferriinireseptori,liukoinen	mg/l	Source	196	147
s-hsv1abg	responseequivalent	Source	38	37
NA	mg/mmol	Source	148	148
s-ttgabg	u/ml	Source	321	274
!pak.maitoigavasta-aineet	%	Source	131	130
!pak.maitoiggvasta-aineet	%	Source	145	144
uraatti,plasma	umol/l	Source	1913	915
u-hcg	u/l	Source	15	15
-psa-v/t	%	Source	217	105
s-mypn-abg	eiu	Source	50	46
s-björk	u/ml	Source	13	12
s-hund	u/ml	Source	14	13
s-damm-gr	u/ml	Source	38	35
s-dsg1ab	u/ml	Source	116	50
s-dsg3ab	u/ml	Source	215	97
trfesat	%	Source	140	103
l-liusk	%	Source	2753	856
l-metamyel	%	Source	2520	754
sitrulliinipeptidi,vasta-aineet,seerumista␤	u/ml	Source	602	543
laktaatti,verestä,pikatesti␤	mmol/l	Source	718	499
hiilidioksidiosapaine,laskimoverestä,pikatesti␤	kpa	Source	707	486
epstein-barrvirus(ebv),nhkvantitatiivinen,plasmasta	iu/ml	Source	24	6
mononuk	osuus	Source	155	129
polynuk	osuus	Source	155	129
score	%	Source	80	79
p-glukoosi,vieritutkimus	mmol/l	Source	206	156
s-gangabm	index	Extracted	19	17
p-gluk60	mmol/l	Source	934	606
gluk120	mmol/l	Source	7	7
beeta-2-glykoproteiini,iggvasta-aineet,plasmasta	u/ml	Source	31	27
kardiolipiini,igmvasta-aineet,plasmasta	mpl	Source	32	28
nu-alb-mi	ug/min	Source	155	120
du-ca(laskennallinen)	mmol	Source	42	39
hba1cvieri	mmol/mol	Source	431	216
prealbumiini,seerumista␤	g/l	Source	147	122
hba1cvieritestipoliklinikoille	mmol/mol	Source	151	100
glukoosi,vieritesti	mmol/l	Source	150	133
c-peptidi,plasmasta	nmol/l	Source	280	178
fp-gluk-o	mmol/l	Source	104	86
hba1c-vieri	mmol/mol	Source	111	65
s-nglym5e	u/ml	Source	306	270
s-nglym6e	u/ml	Source	316	281
s-katkare	u/ml	Source	174	169
s-sinsime	u/ml	Source	22	21
s-rcora9e	u/ml	Source	405	386
s-musteke	u/ml	Source	11	10
s-hcg-b	u/l	Source	58	38
s-kryog	g/l	Source	269	181
s-infliks	mg/l	Source	933	350
-tffesat	%	Source	61	54
fp-fosfaatti	mmol/l	Source	690	304
b-tacrolimus	ug/l	Source	330	82
u-bil-o	estimate	Source	198	27
u-suhti	ratio	Source	570	88
b-trombosyytit	e/l	Source	65	35
fb-gluc	mmol/l	Source	220	27
s-hcg-tot	iu/l	Source	49	31
l-basofiilisetsolut	%	Source	172	140
-transferriininrautakyllästeisyys	%	Source	11	10
p-psa-suh	ug/l	Source	253	133
s-ck-bb	u/l	Source	62	60
s-lkmab	titre	Source	11	11
-calpro	ug/g	Source	37	34
s-ca199ver	u/ml	Source	427	408
fs-transf	%	Source	453	374
s-psolab	titre	Source	56	54
s-parvabg	index	Source	249	233
fibriinind-dimeerit,pikatesti,veri(23283b-fidd-pt)	mg/l	Source	59	52
ab-hkr	osuus	Source	864	535
ab-k	mmol/l	Source	1089	614
ab-ca++7.4	mmol/l	Source	1106	618
ab-cl	mmol/l	Source	1123	636
ab-na	mmol/l	Source	1125	635
ab-lämpö	aste	Source	1072	605
ab-ca++	mmol/l	Source	1087	613
b-mxd	%	Source	437	183
b-lymfosyytit	%	Source	542	238
s-glutamyylitransferaasi	u/l	Source	861	740
s-c-reaktiivinenproteiini	mg/l	Source	773	612
b-erytrosyytit,tilavuusosuus	ratio	QCOut	809	661
p-kreatiniinitykslab(sis.gfreepi)	umol/l	Source	476	457
vb-sbc	mmol/l	Source	86	79
cb-o2-sis	ml/l	Source	461	211
cb-sbc	mmol/l	Source	461	211
5385	mmol/l	Source	569	436
5386	mmol/l	Source	354	298
5387	°c	Source	568	436
5388	g/l	Source	568	436
5408	mmol/l	Source	561	431
p-kpika	mmol/l	Source	302	229
p-kreapik	umol/l	Source	311	238
p-napika	mmol/l	Source	305	229
b-hbpika	g/l	Source	177	157
pt-kalsium,ionisoitunut	mmol/l	Source	978	590
pt-kalsiumionisoitunutph7.4	mmol/l	Source	976	589
p-b-12-vitamiini	pmol/l	Source	302	293
s-tyreoideaperoksidaasi,vasta-aineet	iu/ml	Source	204	194
p-trijodityroniini,vapaa,plasmasta	pmol/l	Source	505	231
s-tyreoglobuliini	ug/l	Source	201	112
p-gluk-0h	mmol/l	Source	750	541
13191	%	Source	78	47
se-pmn	%	Source	79	48
s-tob	mg/l	Source	803	316
p-cmvnh	u/ml	Source	1466	268
s-chpnabm	u/ml	Source	23	22
p-ca19-9antigeeni	u/ml	Source	705	341
p-alkalinenfosfataasi,paikallisanalytiikka,kuivakemia	u/l	Source	332	289
p-amylaasi,paikallisanalytiikka,kuivakemia	u/l	Source	250	222
p-glutamyyliransferaasi,paikallisanalytiikka,kuivakemia	u/l	Source	168	154
pa-amyl	u/l	Source	181	85
kolesteroli-ldl	mmol/l	Source	39	29
b-tvk	fl	Source	17	14
b-tvk	g/l	Source	19	14
b-tvk	pg	Source	17	14
ly-tbspppd	spot/e6lumfos	Source	180	171
b-la	mmol	Source	365	118
p-lakveka	mmol/l	Source	1581	550
p-gluveka	mmol/l	Source	1581	551
ab-lämpöti	°c	Source	942	358
p-glukhoi	mmol/l	Source	279	193
b-hbhoi	g/l	Source	496	377
s-sjögreninsyndroma,a(ro52)-vasta-aineet	u/ml	Source	59	52
b-inr-pik	inr	Extracted	1032	977
pt-glomerulussuodosnopeus,estimoitu,ckd-epi-kaava	1	Source	389	155
retikulosyyttienabsoluuttinenmäärä	e9/l	Source	6	6
e-retik,osatutkimus	%	Source	6	6
li-igg.	mg/l	Source	603	566
b-basabs	e9/l	Source	108	88
b-neutab	e9/l	Source	108	88
psavapaanjatotaalinsuhde	%	Source	62	43
proteiini,selkäydinnesteestä␤	g/l	Source	104	93
e-coomb-o	estimate	Source	577	502
s-amyl-is	form	Source	15	15
s-psa/oma	ug/l	Source	183	100
p-tnl	ug/l	Source	179	105
p-fviiic	%	Source	13	12
fs-ca-iona	mmol/l	Source	1052	401
b-ohbutyr	mmol/l	Source	147	113
s-amitrip	nmol/l	Source	122	86
s-nortrip	nmol/l	Source	159	101
s-aminors	nmol/l	Source	47	30
s-borreliaburgdorferi,iggvasta-aineet	au/ml	Source	51	47
p-ca-ion:	mmol/l	Source	626	281
p-caio7.4:	mmol/l	Source	608	277
ap-hco3st	mmol/l	Source	750	327
b-hb:	g/l	Source	625	280
p-k:	mmol/l	Source	625	280
p-na:	mmol/l	Source	621	280
p-gluk:	mmol/l	Source	627	281
p-cl:	mmol/l	Source	616	280
b-hhb	%	Source	580	265
s-dnan-ab	titre	Source	55	14
dna,natiivi,vasta-aineet,seerumista	iu/ml	Source	27	15
crp-pika	mg/l	Extracted	570	403
se-amyl	u/l	Source	1679	631
s-immunoglobuliini,kev.ketjut,vapaat,lambda	mg/l	Source	120	81
s-immunoglobuliini,kev.ketjut,vapaat,kappa	mg/l	Source	118	81
21585	ug/l	Source	1430	276
s-mtx	umol/l	Source	4861	513
b-lcd34	e6/l	Source	251	84
la-cd34	e6/kg	Source	156	72
s-hbsab	iu/l	Source	1584	1479
s-yersaba	responseequivalent	Source	36	32
s-yersabg	responseequivalent	Source	69	59
erytrosyytit,kokojakauma	%	Source	235	173
glukoosikoe,0näyte	mmol/l	Source	62	59
glukoosikoe,2hnäyte	mmol/l	Source	62	59
crp-pikatesti	mg/l	Source	363	232
fp-glukr0	mmol/l	Source	173	153
s-dnanab	titre	Source	46	31
s-dnanab	titre	Extracted	43	33
fp-zn	umol/l	Source	173	150
s-muskab	u/ml	Source	70	70
crp(päiv.hoitaja)	mg/l	Source	361	290
i-stathct	%	Source	39	39
i-stathct	%	Extracted	53	51
e-6-tgn	umol/l	Source	26	24
e-6-me-mp	umol/l	Source	23	21
fosfaatti,epäorgaaninen	mmol/l	Source	275	203
natriureettinenpeptidi,b-tyypinn-term	ng/l	Source	32	21
p-dabi-ta	ug/l	Source	122	76
folaatti	nmol/l	Source	67	65
lasko	mm/h	Source	433	348
li-prot	g/l	Source	233	206
fp-transferriininrautasaturaatio	%	Source	400	336
b-gluk(vo.hoitaja)	atj/25t	Source	10	8
l-blas-m	%	Source	297	92
l-mono-m	%	Source	297	92
b-trom-s	e9/l	Source	558	231
blastit,käsidiffi(),osatutk.b-diffi	%	Source	54	28
myelosyytit,käsidiffi(),osatutk.b-diffi	%	Source	54	28
promyelosyytit,käsidiffi(),osatutk.b-diffi	%	Source	54	28
metamyelosyytit,käsidiffi(),osatutk.b-diffi	%	Source	54	28
eosinofiilit,käsidiffi(),osatutk.b-diffi	%	Source	54	28
basofiilit,käsidiffi(),osatutk.b-diffi	%	Source	54	28
monosyytit,käsidiffi(),osatutk.b-diffi	%	Source	54	28
lymfosyytit,käsidiffi(),osatutk.b-diffi	%	Source	54	28
neutrofiilit,käsidiffi(),osatutk.b-diffi	%	Source	54	28
s-tuma,vasta-aineet	titre	Source	281	256
-crp-pika	mg/l	Source	226	144
s-glpepabg	u/ml	Source	10	9
s-ris+9hr	nmol/l	Source	17	12
s-omenae	u/ml	Source	131	129
s-ovalbue	u/ml	Source	86	72
bl-igg	mg/l	Source	79	69
cp-gluk-po	mmol/l	Source	783	115
cp-gluk-po	mmol/l	Extracted	1745	135
s-van-0	mg/l	Source	84	38
s-van-1	mg/l	Source	78	35
b-hb	e9/l	Source	525	333
s-klopi	nmol/l	Source	141	57
s-norklom	nmol/l	Source	129	49
uepit	u/field	Source	9	9
uleuk	u/field	Source	9	9
ulevy	u/field	Source	9	9
ulier	u/field	Source	9	9
fp-gluk(0)	mmol/l	Source	29	28
glomerulussuodosnopeus	ml/min/173m2	Source	109	78
non-hdl-kolesteroli,paastoplasma	mmol/l	Source	492	490
p-traika	s	Source	153	147
s-mx4ryh	u/ml	Source	20	20
b-hemoglopiini	g/l	Source	465	131
pt-iho-r1	mm	Source	115	38
happiosapaine,kapillaariverestä,pikatesti␤	kpa	Source	1260	492
happikyllästeisyys(hemoglobiini),kapillaariverestä,pikatesti␤	%	Source	1260	492
vb-o2sat1	%	Source	46	46
vb-o2sat2	%	Source	46	46
ab-o2sat1	%	Source	48	48
ab-o2sat2	%	Source	47	47
s-vorikon	mg/l	Source	460	102
pf-probnp	ng/l	Source	145	117
p-ebvnh	iu/ml	Extracted	611	202
fe-b2-vit	ug/l	Source	101	88
fs-ubikin	umol/l	Extracted	86	76
p-cu	umol/l	Extracted	59	57
b-pikaghb,b-hba1c	mmol/mol	Source	11	9
b-hba1c	%	Source	758	551
pt-glomerulussuodosnopeus,estimoituckd-epikaava	ml/min/173m2	Source	17	14
fp-renin-p	mu/l	Extracted	14	14
s-vlseabm,borreliaburgdorferinvlsejaospcproteiinit,vasta-aineetigm	au/ml	Source	32	26
u-prot	mg/l	Extracted	223	181
-lymph	%	Source	1159	333
-neut	%	Source	1172	341
-mono	%	Source	1159	333
-eos	%	Source	1176	341
-baso	%	Source	1172	341
p-crp-p	mg/l	Source	188	124
alaniiniaminotransferaasi,plasmasta	u/l	Source	97	53
glukoosi,plasmasta,paastotilassa	mmol/l	Source	50	39
kalium,plasmasta	mmol/l	Source	681	308
natrium,plasmasta	mmol/l	Source	139	70
kreatiniiniplasmasta,osatutkimus	umol/l	Source	145	71
kolesteroli,plasmasta	mmol/l	Source	24	19
kolesteroli,lowdensitylipoproteiinit,plasmasta	mmol/l	Source	70	44
p-urarasb	umol/l	Source	371	123
p-koriongonadotropiini,totaali,plasmasta	u/l	Source	38	27
c-reaktiivinenproteiini,pikatutkimus,plasmasta	mg/l	Source	56	36
p-natrium,pikatutkimus(emmlisännyt)	mmol/l	Source	58	44
p-kalium,pikatutkimus(emmlisännyt)	mmol/l	Source	57	44
p-kreatiniini,pikatutkimus(emmlisännyt)	umol/l	Source	56	43
s-ccpab	eliau/ml	Extracted	280	276
s-reumafaktori,määritys	iu/ml	Source	32	31
s-c-reaktiivinenproteiini,pika	mg/l	Source	77	66
s-17hprog	nmol/l	Source	645	327
p-nahoi	mmol/l	Source	289	235
p-kreahoi	umol/l	Source	282	229
smycoplasmapneumoniae,abgvasta-aineet	eiu	Source	23	20
s-tyroksiini,vapaa	pmol/l	Source	655	492
p-luakrvv	ratio	Extracted	415	389
se-glukoosi	mmol/l	Source	42	23
as-prot	g/l	Source	963	744
b-leupika	e9/l	Source	122	113
pika-k	mmol/l	Source	147	91
pika-na	mmol/l	Source	145	90
pika-krea	umol/l	Source	144	91
fs-alkalinenfosfataasi	u/l	Source	114	59
fp-amylaasi	u/l	Source	20	19
s-tnf	ng/l	Source	100	69
s-suolist	u/l	Source	81	75
glomerulussuodosnopeus,estimoitu,ckd-epi-tutkimuksenkaava	form	Source	23	23
s-sentbab	u/ml	Source	100	77
as-trigly	mmol/l	Source	64	54
as-leukmuu	%	Source	118	75
as-neut	%	Source	145	96
as-ly	%	Source	140	94
karsinoembryonaalinenantigeeni	ug/l	Source	308	211
s-alfa-1-fetoproteiini	u/ml	Source	449	273
11663	umol/l	Source	294	219
cb-ca++7.4	mmol/l	Source	74	31
b-pporf	nmol/l	Source	77	40
prostataspesifinenantigeeni,vapaa(psa-v)	ug/l	Source	83	54
prostataspesifinenantigeeni,vapaa(p-psa-v)	ug/l	Source	113	65
b-fvfii-d	form	Source	52	51
p-larvvct	form	Source	22	16
s-borrelia,vasta-aineetiggvarmistustutkimus	au/ml	Source	202	161
ts-padkolp	form	Source	769	628
retikulosyytit	e9/l	Source	954	514
pt-sper-2	form	Source	39	31
u-alb/krea	mg/mmol	Source	879	488
s-perfenatsiini	nmol/l	Source	23	11
s-perfen	nmol/l	Source	269	144
b-sirolim	ug/l	Source	455	47
pd-eryt	e6/l	Source	368	58
pd-leuk.	e6/l	Source	123	27
pd-leuk	e6/l	Extracted	746	91
14125	e9/l	Source	146	87
b-eryt	e12/l	QCOut	92	66
fs-gh	mu/l	Source	232	92
ulosteenhemoglobiini	ug/g	Source	65	58
cp-shco3	mmol/l	Source	1472	886
fp-reniini,konsentraatio	mu/l	Source	275	179
s-puuer	u/ml	Source	125	124
b-d-dimer	mg/l	Source	538	423
sy-laktaat	mmol/l	Source	247	211
paastoplasmankalsium-ioni,aktuaali	mmol/l	Source	758	388
hba1cvieri	%	Extracted	243	126
nu-alb	ug/min	Source	442	311
p-pbnp-o	ng/l	Source	223	165
b-pb	umol/l	Source	204	132
b-fidd-pt	mg/i	Source	44	42
u-ph-o	ph	QCOut	28	28
s-tyreotropiini	miu/l	Source	403	302
s-rvesv1e	u/ml	Source	361	318
s-ampmyre	u/ml	Source	367	329
s-mehmyre	u/ml	Source	299	283
s-rapim1e	u/ml	Source	223	207
s-rapi10e	u/ml	Source	59	59
s-rvesv5e	u/ml	Source	361	316
s-fx7ryh	u/ml	Source	6	6
s-avokade	u/ml	Source	21	21
s-koopähe	u/ml	Source	83	82
s-koriane	u/ml	Source	31	31
s-hummere	u/ml	Source	7	7
s-rapue	u/ml	Source	23	22
s-simpuke	u/ml	Source	15	15
s-taatele	u/ml	Source	6	6
s-sinappe	u/ml	Source	28	26
s-golim	mg/l	Source	773	446
-bil	umol/l	Source	433	269
albumiininjakreatiniininsuhde	mg/mmol	Source	382	333
kudostransglutaminaasi,igavasta-aineet	u/ml	Source	70	69
p-luakptt	ratio	Extracted	420	395
p-kolesteroli,hdl	mmol/l	Source	243	225
p-kolesteroli,ldl	mmol/l	Source	471	424
p-gluk-pt	mmol/l	Source	42	41
-amyl	u/l	Source	4273	770
s-stpn14	mg/l	Source	410	288
s-stpn19f	mg/l	Source	464	316
-albumiini,seerumi,elektroforeesifraktio(g/l)	g/l	Source	750	206
-alfa-1-globuliini,seerumi,elektroforeesifraktio	g/l	Source	752	206
-alfa-2-globuliini,seerumi,elektroforeesifraktio	g/l	Source	753	206
-beta-1-globuliini,seerumi,elektroforeesifraktio	g/l	Source	754	206
-beta-2-globuliini,seerumi,elektroforeesifraktio	g/l	Source	754	206
-gammaglobuliini,seerumi,elektroforeesifraktio	g/l	Source	750	206
tupakka	u/24h	Source	599	593
p-il8	ng/l	Source	36	29
p-adam13	%	Source	292	199
eikäytössä	ug/l	Source	60	35
du-kors-v	nmol/l	Source	35	29
du-normet	umol/l	Source	8	7
c-reaktiivinenherkkä	mg/l	Source	94	85
s-pölyry	u/ml	Source	293	288
s-scc-ag	ug/l	Source	959	497
s-ca12-5antigeeni	u/ml	Source	416	172
s-infliksimabi	mg/l	Source	20	14
s-infliksimabi,vasta-aineet	au/ml	Source	15	13
s-triglyseriditosatutkimus	mmol/l	Source	162	128
s-kolesteroliosatutkimus	mmol/l	Source	161	128
s-kolesteroli,osatutkimushighdensitylipoproteiinit	mmol/l	Source	161	128
li-lzm	mg/l	Source	165	155
s-sinkki	umol/l	Source	35	34
p-tyreotropiini,plasmasta,erimenetelmällä	mu/l	Source	25	17
pt-pituus	cm	Source	348	334
pt-syke	times/min	Source	159	146
pt-bmi	kg/m2	Source	325	317
pt-vymp	cm	Source	40	39
kolesterolinjahdl-kolest.suhde	ratio	Source	267	163
li-oreksa	ng/l	Source	122	117
crpvastaanotolla	mg/l	Extracted	302	206
s-t3r	nmol/l	Source	13	12
testosteroni,herkkä	nmol/l	Source	98	78
ab-ph	form	Source	1072	421
s-campabg	u/ml	Source	130	125
s-campaba	u/ml	Source	52	51
smkomp-1	g/l	Source	33	29
cb-glukr	mmol/l	Source	107	96
b-keto/pik	mmol/l	Extracted	359	259
s-immunoglobuliinig,alaluokka1	g/l	Source	171	133
s-immunoglobuliinig,alaluokka2	g/l	Source	169	131
s-immunoglobuliinig,alaluokka3	g/l	Source	168	131
s-immunoglobuliinig,alaluokka4	g/l	Source	194	154
troponiinit,kvalitatiivinen,verestä	ng/l	Source	26	20
l-basofiilit(l-baso)	%	Source	337	279
l-eosinifiilit(l-eos)	%	Source	337	279
l-lymfosyytit(l-ly)	%	Source	337	279
l-monosyytit(l-mono)	%	Source	337	279
l-neutrofiilit(l-neut)	%	Source	336	278
b-perklet	umol/l	Source	32	24
crl-mitta	mm	Source	91	89
d-vitamiini-25-oh,plasmasta	nmol/l	Source	694	485
b-tioguaniini	pmol/02ml	Source	129	89
b-6-metyyli-merkaptopuriini	pmol/02ml	Source	134	96
p-crphoi	mg/l	Extracted	33	31
s-prlbio	miu/l	Source	43	40
-extem/ct	s	Source	237	144
-extem/cft	s	Source	237	144
-extem/mcf	mm	Source	237	144
-extem/a5	mm	Source	237	144
-extem/a10	mm	Source	237	144
-extem/a15	mm	Source	237	144
-extem/ml	%	Source	225	134
-povnh	u/ml	Source	100	48
s-ch100mbl	%	Source	143	135
p-ca-albk	form	Source	75	68
fs-kromograniinia	nmol/l	Source	217	124
b-lcd34	e9/l	Extracted	247	157
l-cd34	%	Source	460	284
la-cd34-os	%	Source	373	277
la-cd34	e9/l	Extracted	210	152
s-ast	iu/ml	Extracted	361	337
s-chpnabg	eiu	Extracted	163	156
fp-gluk,fc	mmol/l	Source	96	60
vb-he-tase,vb-hco3	mmol/l	Source	330	240
vb-he-tase,vb-na	mmol/l	Source	330	241
vb-he-tase,vb-k	mmol/l	Source	328	240
omab-fibriinind-dimeerit	mg/l	Source	49	47
21563	%	Source	37	22
u-bkvnh	u/ml	Source	98	52
p-c-reaktiininenproteiini,vieritutkimus	mg/l	Source	258	176
c-reaktiivinenproteiini,vieritutkimus,plasmasta	mg/l	Extracted	135	112
cb-tt-inr	inr	Source	1070	53
fp-lipoa1	g/l	Source	10	8
fp-lipob	g/l	Source	11	9
kolesterolinjahdl-kolesterolinsuhde	%	Source	22	22
s-maissie	u/ml	Source	63	63
s-munakee	u/ml	Source	40	39
p-b2gpabg	sgu	Source	38	30
u-krealb	mmol/l	Source	79	62
trijodityroniini,vapaa(t3v)	pmol/l	Source	459	301
levyepiteelit	e6/l	Source	311	289
l-lym	%	Source	167	146
s-follikkeliastimuloivahormoni,seerumista	iu/l	Source	23	23
s-a1glob	g/l	Source	877	411
s-a2glob	g/l	Source	877	411
s-b1glob	g/l	Source	877	411
s-b2glob	g/l	Source	877	411
s-gglobul	g/l	Source	877	411
p-urea-de	mmol/l	Source	1912	94
dialyysiaedeltäväp-urea	mmol/l	Source	745	42
dialyysinjälkeinenp-urea	mmol/l	Source	708	42
retikulosyytit,indeksi	osuus	Source	532	263
laktaatti(verikaasulaite),kapillaariveri	mmol/l	Source	357	196
glukoosi(verikaasulaite),kapillaariveri	mmol/l	Source	366	204
p-glukoosipikahoitoyksiköt	mmol/l	Source	241	160
b6-vitamiini(pyridoksaaiifosfaatti)	nmol/l	Source	29	26
vb-hemoglobiini(totaali),laskimoveri	g/l	Source	95	26
paastoseeruminkalsium-ioni.aktuaali	mmol/l	Source	371	166
f-elastaasi-1	ug/g	Source	80	69
11649	u/ml	Source	18	17
11650	u/ml	Source	19	18
s-mansike	u/ml	Source	98	98
kasvuhormoni,seerumi	ug/l	Source	18	13
s-insuliininkaltainenkasvutekijä1	nmol/l	Source	60	49
insuliininkaltainenkasvutekijä1	nmol/l	Source	142	107
-kemerik	form	Source	48	41
-mikerik	form	Source	26	26
b-morfo	form	Source	144	130
b-everoli	ug/l	Source	269	18
b-everoms	ug/l	Source	1144	80
s-tati	ug/l	Source	446	394
p-psa,leikattupotilas	ug/l	Source	641	185
s-w-h:d	titre	Extracted	10	10
s-w-h:b	titre	Extracted	27	26
p-kortisoli(pi)	nmol/l	Source	16	15
kalsium,ionisoitunut,7.4seerumi	mmol/l	Source	71	57
s-cladosporiumherbarum,igevasta-aineet	u/ml	Source	145	143
s-hevosenhilse,igevasta-aineet	u/ml	Source	151	148
s-dermatophagoidespteronyssinus,igevasta-aineet	u/ml	Source	163	161
s-maapähkinä,igevasta-aineet	u/ml	Source	26	26
s-lehmänmaito,igevasta-aineet	u/ml	Source	22	22
s-munanvalkuainen,igevasta-aineet	u/ml	Source	17	17
s-soija,igevasta-aineet	u/ml	Source	10	10
s-vehnä/ravintoaine,igevasta-aineet	u/ml	Source	6	6
s-hepatiittibvirus,s-antigeeni,vasta-aineet	miu/ml	Source	8	8
p-reumafaktori,plasmasta	iu/ml	Source	149	143
s-ca153ver	u/ml	Source	231	222
p-ldl-kolesteroli,suoramittaus	mmol/l	Source	77	71
s-ast	u/ml	Source	408	370
b-pvk+tkd	%	Source	567	157
infliksimabi	mg/l	Source	121	99
vedolitsumabi,pitoisuus	mg/l	Source	50	44
s-tpha	titre	Source	893	252
s-hcvnh	e6	Extracted	93	84
s-tpha	titre	Extracted	772	231
b-neutrofiiliterillistutkimuksena	e9/l	Source	555	153
s-testostervapaalaske	pmol/l	Source	122	85
s-allergeeni,pölyerittely(phadiatop)/inhalations(pi)	u/ml	Source	24	24
s-allergeeni,timotei/timotej(pollen/siitep.)g6	u/ml	Source	12	12
s-allergeeni,pujo(siitepöly)/gråbo(pollen)w6	u/ml	Source	6	6
s-allergeeni,koivu(siitepöly)/björk(pollen)	u/ml	Source	13	13
s-mykoplasma,iggvasta-aineet	eiu	Source	79	71
s-mykoplasma,igmvasta-aineet	s/co	Source	25	23
p-tyreotropiini	miu/l	Source	328	189
crp(vo:nyhteydessäotettu),tth	mg/l	Source	158	133
e-rdw(ko)	%	Source	101	99
e-erybla	e9/l	Source	380	143
p-insu	mu/l	Source	532	165
bdi	form	Source	85	80
p-tromboplastiiniaika,inr,tt	inr	Source	67	49
pf-lzm	mg/l	Source	380	329
p-kortisoli	nmol/l	Source	396	322
s-kardab	titre	Source	910	212
p-vonwillebrand-tekijä,antigeeni	%	Source	22	21
p-vonwillebrandtekijä,aktiivisuus(gpibsitout)	%	Source	15	14
p-hyytymistekijäviii.	%	Source	131	93
p-hyytymistekijäviii	%	Source	189	157
p-hyytymistekijäix	%	Source	23	22
p-tromboplastiiniaika.	%	Source	40	39
p-hyytymistekijäv	%	Source	26	24
p-hyytymistekijävii	%	Source	15	15
p.-trombiiniaika	s	Source	15	15
p-vwfpaiv	%	Source	169	44
ustekinumabi,pitoisuus	mg/l	Source	49	35
u-urea	mmol/l	Source	722	442
du-proteiini	mg	Source	183	119
s-testo-vl	pmol/l	Source	1584	911
s-ebvavi	%	Source	222	199
lupusantikoagulantti,drvvt	ratio	Source	44	41
lupusantikoagulantti,ptt	ratio	Source	44	41
tug	s	Extracted	22	20
cd4	%	Source	1036	473
glutamaattidekarboksylaasi(gad),vasta-aineet,seerumista␤	iu/ml	Source	23	23
1.savuk	u	Source	83	83
askivuosia	u/24h	Source	177	177
pt-klr-tje	form	Source	111	111
du-ni	umol	Source	9	9
tyreotropiiniseerumista	mu/l	Source	146	103
lamotrigiini,seerumista␤	umol/l	Source	17	13
p-alat-pa	u/l	Source	37	36
p-asat	umol/l	Source	215	149
b-keto/pik	mmol/l	Source	173	133
s-hepatiittib-virus,s-antigeeni,vasta-aineet	miu/ml	Source	358	163
s-ribonukleoproteiini,nukleaarinen,vasta-aineet(u1rnp)	u/ml	Source	87	65
s-sjögreninsyndromaa(ro)-vasta-aineet	u/ml	Source	19	16
s-sm(smith),vasta-aineet	u/ml	Source	52	42
s-skleroderma,vasta-aineet	u/ml	Source	43	31
s-desialotransferriini,kontrollitutkimus	mg/l	Source	56	49
pika-ghb-a,pika-ghb-a1c	%	Source	216	64
pika-ghb-a,pika-hba1c	mmol/mol	Source	216	64
pika-eos	%	Source	49	39
pika-bas	%	Source	49	39
pika-mon	%	Source	51	39
pika-kalium	mmol/l	Source	145	81
pika-natrium	mmol/l	Source	145	80
pika-kreatiniini	umol/l	Source	142	81
glukoosirasitusr11483,0-näyte	mmol/l	Source	8	7
glukoosirasitus2tunninnäyte	mmol/l	Source	8	7
cb-glukoosi,pikatesti	mmol/l	Source	153	94
cb-hemoglobiini,pikatesti	g/l	Source	72	43
s-hepyaba	responseequivalent	Source	57	55
s-hepyabg	responseequivalent	Source	58	57
laktaatti(verikaasulaite),la	mmol/l	Source	65	61
bikarbonaatti(aktuaali),lask	mmol/l	Source	144	107
hemoglobiini(totaali),laskim	g/l	Source	145	108
glukoosi(verikaasulaite),las	mmol/l	Source	64	60
s-norklot	nmol/l	Extracted	2539	305
s-siliab	titre	Extracted	121	90
b-co	ug/l	Extracted	484	382
b-cr	ug/l	Extracted	478	387
s-gq1babg	index	Extracted	17	16
s-gq1babm	index	Extracted	18	17
fp-gluk	nmol/l	Source	552	348
p-krea	umol	Source	1295	373
u-gluk	mmol/l	Source	46	30
p-gluk2t	mmol/l	Source	13	13
p-gluk-1t	mmol/l	Source	167	104
glomerulussuodosnopeus,estimoitu,kreatiniini-kystatiinic-kaava	ml/min/173m2	Source	920	269
pt-glomerulussuodosnopeus,estimoitu,kystatiinic-kaava	ml/min/173m2	Source	1128	352
p-kreatiniini,pika	umol/l	Source	6	6
klotsapiini,seerumi	nmol/l	Source	1152	75
desmetyyliklotsapiini	nmol/l	Source	1222	100
s-varicellazostervirus,iggvasta-aineet	miu/ml	Source	21	21
fb-folaatti	nmol/l	Source	43	42
s-borrabm	au/ml	Extracted	63	59
u-sakka,eryt	u/field	Source	85	68
u-sakka,leuk	u/field	Source	85	64
p-sldlviitasaari	mmol/l	Source	100	98
p-kolviitasaari	mmol/l	Source	99	97
p-kol-hdlviitasaar	mmol/l	Source	99	97
fp-triglyviitasaari	mmol/l	Source	99	97
hba1cpika	mmol/mol	Extracted	259	184
b-rdw	%	Source	824	718
s-tyreoglobuliini,vasta-aineet	iu/ml	Source	210	101
phadiatop	u/ml	Source	369	360
timotei	u/ml	Source	221	213
p-fakb	g/l	Source	120	114
p-prop	%	Source	139	135
u-välim.e	u/field	Source	63	56
b-pseutro	e9/l	Source	208	165
s-maksa-1-isoentsyymi(afos)	u/l	Source	226	215
s-maksa-2-isoentsyymi(afos)	u/l	Source	226	215
s-luustoisoentsyymi(afos)	u/l	Source	221	211
s-suolistoisoentsyymi(afos)	u/l	Source	126	122
b-natriureettinenpeptidi,b-tyypinn-terminaalinenpropeptidi(kval)	ng/l	Source	14	14
gluk1h	mmol/l	Source	282	200
gluk2h	mmol/l	Source	280	199
hba1cpikatesti	mmol/mol	Extracted	18	18
b-ohbutm	mmol/l	Source	422	180
as-amyl	u/l	Source	277	222
pf-mononuk	%	Source	836	618
s-asta	iu/ml	Extracted	29	29
s-gen	mg/l	Source	372	93
s-d-vitamiini-oh	nmol/l	Source	254	242
s-pölyerittely(phadiatop),igevasta-aineet	u/ml	Source	249	249
s-allige,kissa(hilse)/katt(mjäll)	u/ml	Source	109	109
s-allige,koira(hilse)/hund(mjäl)	u/ml	Source	113	113
se-kreatiniini	umol/l	Source	81	40
se-bilirubiini	umol/l	Source	69	37
s-testo,vap,laskmassasp	pmol/l	Source	192	165
b-hkr.fol	%	Source	28	24
11332	ng/l	Source	30	19
b-eryt	e9/l	QCOut	327	286
e-mcv	pg	Source	323	285
e-mch	fl	Source	322	284
b-leuk	g/l	Source	326	285
s-rabiab	iu/ml	Source	71	59
b-kromos	form	Source	72	72
inr-pika	inr	Extracted	46	33
s-helicobakterpylori,iggvasta-aineet	index	Source	14	14
b-mon,tmd	e3/ul	Source	146	139
e-rdw,kokojakauma	%	Source	141	90
s-triglyseridit(paketti)	mmol/l	Source	25	22
s-kolesteroli(paketti)	mmol/l	Source	25	22
s-kolesteroli,highdensitylipoproteiinit(paketti)	mmol/l	Source	25	22
s-kolesteroli,lowdensitylipoproteiinit(paketti)	mmol/l	Source	25	22
li-erytrosyytit,likvor	e6/l	Source	107	96
li-leukosyytit,likvor	e6/l	Source	49	41
immunoglobuliinig,indeksi,likvor	index	Source	27	26
cd4/cd8	ratio	Extracted	201	163
pd-prot	g/l	Source	708	136
s-levomep	nmol/l	Source	11	8
i-statcrea	umol/l	Source	366	255
b-trveasa	au	Source	193	163
s-sappih	umol/l	Extracted	69	56
kissa	u/ml	Source	150	146
s-varicella-zostervirus,iggvasta-aineet	iu/l	Source	47	45
s-paroabg	titre	Source	45	44
s-crp,herkkämenete	mg/l	Source	21	21
s-psolab	u/ml	Source	42	39
p-at3/spr	%	Source	61	58
11093	mg/l	Source	35	26
11094	au/ml	Source	21	18
b-la-oma	mm/h	Source	41	40
l-lymfosy	%	Source	73	63
b-retlnd	osuus	Source	106	92
s-hepyabg	eiu	Source	206	203
s-gastr17	pmol/l	Source	95	95
u-amfet-o	estimate	Source	206	140
u-bendi-o	estimate	Source	210	143
u-metad-o	estimate	Source	156	104
u-opiaa-o	estimate	Source	206	140
u-canna-o	estimate	Source	206	140
u-koka-o	estimate	Source	206	140
u-bupre-o	estimate	Source	207	141
l-metmye	%	Source	992	411
tromboplastiiniaika,pikamääritys,plasmasta␤	inr	Source	128	123
urea,pikatesti␤	mmol/l	Source	203	147
emäsylimäärä,laskimoverestä,pikatesti␤	mmol/l	Source	373	285
s-asta	iu/ml	Source	227	198
s-metmal	nmol/l	Source	191	171
p-kor/dxm	nmol/l	Source	120	113
s-leppspe	u/ml	Source	13	13
s-sytomegalovirus,igg-vasta-aineet	au/ml	Source	40	37
s-epstein-barrinvirus,igg-vasta-aineet␤	u/ml	Source	12	10
valkosolu,vasta-aineet,	titre	Source	30	29
11784	nmol/l	Source	211	181
kalsium,albumiinikorjattu(p-,sis.p-alb)	mmol/l	Source	404	352
s-stpn18c	mg/l	Source	501	337
s-stpn4	mg/l	Source	402	282
s-stpn6b	mg/l	Source	432	299
s-stpn9v	mg/l	Source	448	308
s-stpn1	mg/l	Source	431	306
s-stpn7f	mg/l	Source	494	327
s-aripipr	nmol/l	Source	230	133
s-vendves	nmol/l	Source	182	117
tpoab	u/ml	Source	9	9
u-hcg	iu/l	Source	37	34
fs-gastr	pmol/l	Source	1126	622
fp-vip	pmol/l	Source	391	282
u-lieriöt	u/field	Source	278	201
cb-hemoglobiini,vieritestihoitoyksikössä	g/l	Source	101	69
fs-transferriininrautakyllästeisyys	%	Source	144	128
p-koriongonadotropiini,ihmisen	u/l	Source	272	171
s-lamotrigiini	umol/l	Source	110	65
cb-bikarbonaatti	mmol/l	Source	576	252
gluk.0	mmol/l	Source	29	27
gluk.120	mmol/l	Source	29	27
s-risp9hs	nmol/l	Source	16	10
9-hydroksirisperidoni	nmol/l	Source	19	14
p-glukp	mmol/l	Source	174	170
pt-glukoosikoe0-arvo	mmol/l	Source	18	16
pt-glukoosikoe1h-arvo	mmol/l	Source	15	13
pt-glukoosikoe2h-arvo	mmol/l	Source	18	16
fp-kol-hdl	mmol/l	QCOut	83	83
b-sr	mm/h	Source	18	17
vb-vekaas5,cl-	mmol/l	Source	72	43
vb-vekaas5,ctc02	mmol/l	Source	73	43
vb-vekaas5,agapk	mmol/l	Source	72	43
vb-vekaas5,hct	l/l	Source	73	43
vb-vekaas5,chgb	g/l	Source	73	43
vb-vekaas5,glu	mmol/l	Source	72	43
vb-vekaas5,lac	mmol/l	Source	72	43
vb-vekaas5,crea	umol/l	Source	70	42
vb-vekaas5,pco2	kpa	Source	75	44
vb-vekaas5,po2	kpa	Source	75	44
vb-vekaas5,chco3	mmol/l	Source	75	44
vb-vekaas5,be(ecf)	mmol/l	Source	74	44
vb-vekaas5,cso2	%	Source	74	44
vb-vekaas5,na+	mmol/l	Source	74	44
vb-vekaas5,k+	mmol/l	Source	74	44
vb-vekaas5,ca++	mmol/l	Source	74	44
li-liuskat	%	Source	12	12
s-karmpue	u/ml	Source	9	9
s-gliade	u/ml	Source	23	23
fosfatidyylietanoli(12510b-peth)	umol/l	Source	24	18
s-koiranhilse,igevasta-aineet	u/ml	Source	198	192
fp-mg	mmol/l	Source	20	19
pt-pulssi	times/min	Source	114	104
b-muubat	%	Source	126	69
u-kreintp	mmol/l	Source	856	571
p-fs	s	Source	319	270
b-hhv6nh	u/ml	Source	370	71
p-ebvnh	iu/ml	Source	730	240
b-hhv6nh	u/ml	Extracted	101	34
u-prokre	mg/mmol	Source	1813	441
p-probnp(k	ng/l	Source	199	145
s-ck-b	u/l	Source	17	17
pf-ace	u/l	Source	312	286
tb1	iu/ml	Source	121	106
tb2	iu/ml	Source	130	112
glukoosi,hoitoyksikönvieritesti,kokoveri	mmol/l	Source	77	57
c-reaktiivinenproteiini,vieritutkimus	mg/l	Source	525	310
ly-cd19lymfosyytit	%	Source	262	186
ly-cd16/cd56	%	Source	262	186
b-cd16/cd56	e9/l	Source	263	186
s-rf	u/ml	Source	288	273
u-prokre	g/mol	Source	973	222
ly-cd4-8-	%	Source	207	119
u-jcvnh	u/ml	Source	43	19
u-jcvnh	u/ml	Extracted	46	20
u-a1miglo	mg/l	Source	355	213
p-crp-päi	mg/l	Source	122	92
s-ana-ab	titre	Source	35	35
s-rnp-ab	u/ml	Source	13	13
p-reumafaktori	u/ml	Source	62	61
tntvieri	ug/l	Source	22	18
dna,vasta-aineet,natiivi(doublest	kiu/l	Source	20	19
-alb	g/l	Source	89	78
lääkmää	mg/24h	Extracted	436	160
c-reaktiivinenproteiini,vieritutkimusnordlab	mg/l	Source	91	74
sensori	mmol/l	Source	1224	482
b-trombp	e9/l	Source	23	22
s-dhea	nmol/l	Source	367	262
e-mcv	l/l	Source	172	70
e-mcv	e12/l	Source	189	85
urea	mmol/l	Source	10	8
aspartaattiaminotransferaasi	u/l	Source	333	260
s-kardabg	gpl	Source	222	187
fs-glukoosi,0-näyte	mmol/l	Source	40	38
s-glukoosi,2hnäyte	mmol/l	Source	13	13
s-allige,koivu/björk	u/ml	Source	212	212
s-allige,timotei/timotej	u/ml	Source	198	198
s-allige,hevonen(hilse)/häst(mjäll)	u/ml	Source	72	72
s-dmicroe	u/ml	Source	13	13
e-punasolujenkoonvaihtelu	%	Source	27	24
pt-glomerulustensuodatusnopeus	ml/min/173m2	Source	16	15
b-lcd34	e9/l	Source	228	138
la-cd34	e9/l	Source	183	136
osmolaliteettiestimoitu	mosm/l	Source	51	44
basofiilisetleukosyytit	e9/l	Source	77	63
monosyytit	e9/l	Source	103	88
lymfosyytit	e9/l	Source	116	101
basofiilisetleukosyytit	%	Source	78	63
b-cya-mit	ug/l	Source	765	163
kromi	ug/l	Source	27	25
koboltti	ug/l	Source	37	34
p-tromboplastiiniaika,inr-tulos	1	Source	13963	1049
p-koriongonadotropiini,totaali	iu/l	Source	95	52
transferriini,rautakyllästeisyys	paketti	Source	90	79
s-metad	mg/l	Source	204	76
hyytymistekijäviii,plasma	%	Source	37	36
hyytymistekijäv,plasma	%	Source	32	32
hyytymistekijävii,plasma	%	Source	29	29
protrombiini,plasma	%	Source	21	21
hyytymistekijäx	%	Source	13	13
hyytymistekijäxiii,plasma	%	Source	28	28
fb-b6-vit-vitamiini	nmol/l	Source	32	23
fibriinind-dimeerit,pikatesti,veri	mg/l	Source	234	214
immunoglobuliinim,plasma	g/l	Source	114	104
immunoglobuliinie,plasma	u/ml	Source	71	70
s-etoh	g/l	Source	84	63
p-urea-ed	mmol/l	Source	732	83
p-urea-jd	mmol/l	Source	700	82
zb-pco2(t)	kpa	Source	157	17
zb-po2(t)	kpa	Source	157	17
zb-o2-vol	vol%	Source	142	16
p-fiddp	mg/l	Source	33	20
kalium,pika	mmol/l	Source	98	58
natrium,pika	mmol/l	Source	97	58
p-fibriinind-dimeerit,pika	mg/l	Source	36	33
kreatiniini,pika	umol/l	Source	119	81
b-konediffi,5-osanen,osavastausb-baso	e9/l	Source	154	30
b-konediffi,5-osanen,osavastausb-eos	e9/l	Source	154	30
b-konediffi,5-osanen,osavastausb-lymf	e9/l	Source	154	30
b-konediffi,5-osanen,osavastausb-monos	e9/l	Source	154	30
b-konediffi,5-osanen,osavastausb-neut	e9/l	Source	156	30
b-konediffi,5-osanen,osavastausbaso	%	Source	156	30
b-konediffi,5-osanen,osavastauseos	%	Source	157	30
b-konediffi,5-osanen,osavastauslymf	%	Source	158	30
b-konediffi,5-osanen,osavastausmono	%	Source	158	30
b-konediffi,5-osanen,osavastausneut	%	Source	158	30
u-kemiallinenseulonta,osavastausu-ph	1	Source	43	29
u-kemiallinenseulonta,osavastausu-suhtih	1	Source	39	28
fp-glukoosi,0-näyte	mmol/l	Source	50	49
p-glukoosi,2hnäyte	mmol/l	Source	8	8
s-hsv1abg	eiu	Extracted	105	92
s-hsv2abg	eiu	Extracted	49	44
s-ld-1	%	Source	209	201
s-ld-5	%	Source	208	200
s-ld-2	%	Source	199	191
s-ld-3	%	Source	197	189
s-ld-4	%	Source	194	188
p-viskos	mpas	Source	210	116
s-hfostr	u/l	Source	910	328
-aspeag	index	Source	25	22
s-pölyer(ent.phadiatop)tykslab	u/ml	Source	124	124
pt-gluk0h	mmol/l	Source	53	48
pt-gluk2h	mmol/l	Source	53	48
p-krea	ml/min/173m2	Source	185	124
prostataspesifinenantigeeni,totaali	ug/l	Source	109	72
koira,hils	u/ml	Source	165	163
koivu	u/ml	Source	204	197
s-yer9ab	titre	Source	112	99
varfariinihoitotavoitetasolla	%	Source	68	62
s-stroab	od	Source	120	113
s-canalbe	u/ml	Source	26	26
fp-kalsium	mmol/l	Source	26	23
etanersepti,pitoisuus	mg/l	Source	9	9
pf-leukosyytit,liuskatumaiset	%	Source	103	83
pf-leukosyytit,yksitumaiset	%	Source	103	83
pf-laktaatti,päivystystutkimus	mmol/l	Source	117	93
prostataspesifinenantigeeni,vapaa	%	Source	20	8
e-mchc	e9/l	Source	80	61
s-rmald3e	u/ml	Source	269	263
s-rprup3e	u/ml	Source	354	342
s-pääryne	u/ml	Source	27	27
22102	nmol/l	Source	218	165
-trfe-sa	%	Source	262	147
se-eryt	e6/l	Source	24	22
erytropoietiini,seerumista	iu/l	Source	59	57
af-leuk	e6/l	Source	70	69
af-eryt	e6/l	Source	35	34
af-neut	%	Source	11	11
af-ly+mono	%	Source	6	6
af-eos	%	Source	10	10
s-beeta-1	g/l	Source	261	227
s-beeta-2	g/l	Source	260	226
s-igg-sum	g/l	Source	479	327
ly-cd4+8+	%	Source	41	36
p-glukpik	mmol/l	Source	200	134
g-etoh-o	promille	Source	63	30
p-alkaalinenfosfataasi	u/l	Source	218	147
natriureettinenpeptidi,b-tyypinn-terminaalinenpropeptidi,plasmasta	ng/l	Source	159	136
koriongonadotropiini,ihmisen,plasma	u/l	Source	260	120
s-plasmaproteiinia,raskauteenliittyvä(sikiöseula)	mu/l	Source	183	175
koriongonadotropiinib-alayks.vapaa	ug/l	Source	183	175
14335	g/l	Source	46	9
du-proteiini	g	Source	21	18
fs-insu	mu/l	Extracted	17	15
s-koivunsiitepöly,igevasta-aineet,rast,allergia	u/ml	Source	23	15
s-timoteinsiitepöly,igevasta-aineet,rast,timotei,allergia	u/ml	Source	23	15
fs-pepsin1	ug/l	Extracted	57	57
fs-pepsin2	ug/l	Extracted	57	57
fs-gastr17	pmol/l	Extracted	32	32
p-helikobakteerinigg-vasta-aineet	eiu	Extracted	58	58
p-c1inh	g/l	Source	186	170
s-cic	ugeq/ml	Extracted	106	99
p-viskos	mpas	Extracted	160	108
s-rnapol3	u/ml	Source	26	26
pakettis-alaniiniaminotransferaasi	u/l	Source	43	41
pakettis-b12-vitamiini	pmol/l	Source	43	41
pakettis-d-25	nmol/l	Source	32	32
pakettis-ferritiini	ug/l	Source	20	19
pakettis-glutamyylitransferaasi	u/l	Source	40	38
pakettis-k	mmol/l	Source	33	33
pakettib-la	mm/h	Source	16	16
pakettifs-lipidit	form	Source	22	22
pakettis-na	mmol/l	Source	33	33
pakettib-perusverenkuvajatrombosyytit,paketti	form	Source	37	36
pakettis-tsh	mu/l	Source	31	31
pakettis-tyroksiini,vapaa	pmol/l	Source	39	37
pakettis-ca-albk	mmol/l	Source	16	16
pakettib-hba1c	mmol/mol	Source	35	35
glutamyylitransferaasi-desialortrasferriini	paketti	Source	92	62
as-mononuk	osuus	Source	46	32
as-polynuk	osuus	Source	46	32
s-tyreoglobuliini,vasta-aineet	u/ml	Source	52	27
s-mpoab	iu/ml	Source	269	69
p-immunoglobuliinig	g/l	Source	564	325
afosluu	u/l	Source	90	76
afosmaks2	u/l	Source	68	56
s-okarba	umol/l	Source	163	85
punasolujenkokojaukauma	%	Source	26	26
aspergillusfumigatusige	u/ml	Source	15	15
aspergillusversicolorige	u/ml	Source	15	15
acremoniumkilienseige	u/ml	Source	15	15
cladosporiumcladospor	u/ml	Source	15	15
fusariummoniliformae	u/ml	Source	15	15
penicilliumspeciesige	u/ml	Source	15	15
stachybotrysatraige	u/ml	Source	15	15
trichodermavirideige	u/ml	Source	15	15
s-b12-tc2	pmol/l	QCOut	16	14
p-t4-vver	pmol/l	Source	86	59
mb-be	mmol/l	Source	1372	146
mb-hbo2sat	%	Source	2507	51
mb-k-veka	mmol/l	Source	2501	51
mb-na-veka	mmol/l	Source	2500	51
mb-gluk	mmol/l	Source	2502	51
mb-laktaat	mmol/l	Source	2452	51
mb-cl	mmol/l	Source	2504	51
mb-ca-ion	mmol/l	Source	2504	51
mb-ca(7.4)	mmol/l	Source	2502	51
b-gal	mmol/l	Source	1044	125
pt-galt1/2	min	Source	175	152
kalium,kokoveren	mmol/l	QCOut	31	29
crp,herkkä	mg/l	Source	227	185
p-troponiinii,herkkä	ng/l	Source	455	304
u-suhti	form	Source	38	31
p-b12-bc	pmol/l	Source	129	126
s-gråbo	u/ml	Source	13	12
s-koriongonadotropiini-b-alayksikkö,ihmisen,vapaa(kasvainmerkkiaine)	ug/l	Source	110	106
kolesteroli,highdensitylipoproteiinit	mmol/l	Extracted	49	43
kolesteroli,lowdensitylipoproteiinit	mmol/l	Extracted	113	96
s-prlrec,saanto	%	Source	82	62
s-prlbio,biologisestiaktiivinenprolaktiini	mu/l	Source	81	61
p-hcg,pika-hcg	u/l	Source	15	11
p-koriongonadotropiini	u/l	Source	260	138
u-albkrea	mg/mmol/l	Source	81	49
s-pölyryhmä	u/ml	Source	77	77
ruoka-aineryhmä	u/ml	Source	29	29
fs-sappihapot	umol/l	Source	198	142
s-koivu	u/ml	Source	8	8
s-pujo	u/ml	Source	10	10
s-timotei	u/ml	Source	8	8
s-hevonen	u/ml	Source	11	11
s-kissa	u/ml	Source	6	6
s-koira	u/ml	Source	7	7
s-all-m2	u/ml	Source	6	6
u-hyaliinilieriöt	e6/l	Source	432	264
s-home1er	u/ml	Source	73	72
s-kaurae	u/ml	Source	154	154
s-ohrae	u/ml	Source	146	146
s-perunae	u/ml	Source	49	47
s-ruise	u/ml	Source	151	149
p-ckmbm	ug/l	Source	372	292
glutamaattidekarboksylaasi,vasta-aineet	iu/ml	Source	8	8
kreatiniini,plasmasta	umol/l	Source	101	99
kreatiniini,plasmasta	ml/min/173m2	Source	84	84
du-kortisoli,vapaa	nmol	Source	23	22
antistreptolysiini,seerumista	iu/ml	Source	32	31
s-turska,igevasta-aineet	u/ml	Source	7	7
s-vehnäjauho,igevasta-aineet	u/ml	Source	26	26
s-ruokaerittely,igevasta-aineet	u/ml	Source	55	55
p-kreatiniinitykslab(osat.)	umol/l	Source	111	110
s-sflt-1	ng/l	Source	318	200
s-plgf	ng/l	Source	289	185
s-plasmaproteiini-a	mu/l	Source	8	8
f-hhb	ug/g	Source	363	283
cp-gluk	mmol/l	Extracted	2187	179
s-allige,pujo/grabo	u/ml	Source	115	115
fp-afos	u/l	Source	595	339
p-inr	ng	Source	382	38
am-lamel	e9/l	Extracted	61	48
vb-lämpöti	°c	Source	545	84
kappa/lambda-suhde,kevytketjut,vapaat	ratio	Source	124	59
d-vitamiini-25-oh,d3-jad2-muodot	nmol/l	Source	219	200
s-hsv1abg	au	Source	65	62
fb-b6-vitamiini	nmol/l	Source	86	75
s-rsvabcf	titre	Source	77	68
s-pinfabcf	titre	Source	89	77
s-aurpulg	mg/l	Source	70	68
s-pensppg	mg/l	Source	116	113
ps-strvi	form	Source	34	32
s-igm	g/l	Extracted	47	45
prealb	g/l	Extracted	39	38
prostataspesifinenantigeeni,vapaa/totaali	%	Source	65	51
pt-glomerulustensuodatusnopeudenmittau	ml/min/173m2	Source	57	46
pt-glomerulustensuodatusnopeudenmittaus	ml/min/173m2	Source	254	189
fp-gluk/0	mmol/l	Source	296	265
p-gluk/2h	mmol/l	Source	204	186
s-rglym4e	u/ml	Source	262	241
happi	l	Extracted	132	107
pt-glukoosirasitus-0arvo	mmol/l	Source	75	70
pt-glukoosirasitus-2h	mmol/l	Source	75	70
s-testoln	nmol/l	Source	18	17
p-probnp(pika)	ng/l	Source	103	61
p-inrviitasaari	inr	Source	98	18
b-krea-vt	mmol/l	Source	155	114
b-leukvt	e9/l	Source	330	199
tromboplastiiniaika,inr-tulostu	inr	Source	494	41
leukosyytit,vieritesti	e9/l	Source	381	219
kreatiniini,hoitoyksikönvieritesti,veri	mmol/l	Source	163	120
natrium,hoitoyksikönvieritesti,veri	mmol/l	Source	163	118
kalium,hoitoyksikönvieritesti,veri	mmol/l	Source	166	120
natriureettinenpeptidi,b-tyypinn-terminaalinenpropeptidi,vieritutkimus	ng/l	Source	12	12
14257	u/ml	Source	92	92
s-nkaseie	u/ml	Source	181	139
pölyerittely,ige-vasta-aineet,seerumista	u/ml	Source	55	52
ruoka-aine-erittely,ige-vasta-aineet,seerumista	u/ml	Source	21	21
b-mycobacteriumtuberculosis-herkistyneetsolut,gammainterferoni,eritys,igra,b-mycobacteriumtuberculosis-herkistyneetsolutb-mykobacteriumtuberkulosis-herkistyneetsolut	iu/ml	Source	84	80
c-reaktiivinenproteiini,pika-crppaikallisesti	mg/l	Source	10	10
-cea	ug/l	Source	86	79
s-vzvabg	index	Source	76	76
ua-hb	g/l	Source	180	179
ua-be	mmol/l	Source	117	116
hb(nla)	g/l	Source	1062	149
s-vesirokkovirus,iggvasta-aineet	miu/ml	Source	55	54
s-estroni	pmol/l	Source	25	25
u-cu	umol/l	Source	42	39
s-enaab	ratio	Source	237	180
d.pteronys	u/ml	Source	111	108
14076	nmol/l	Source	9	8
b-hba1c-pika	mmol/mol	Extracted	22	19
b-ko/adp3	s	Source	50	48
e-rwd	%	Source	46	41
fp-triglyseridit,plasmasta,paastotilassa	mmol/l	Source	189	139
fp-kolesteroli,lowdensitylipoproteiinit,paastotilassa	mmol/l	Source	249	171
du-adr	umol/24h	Source	23	23
du-noradr	umol/24h	Source	25	24
b-suuretvärjäytymättömätsolut	e9/l	Source	169	152
l-suuretvärjääntymättömätsolut	%	Source	170	153
la-afereesituotteenkantasolut	e6/kg	Source	23	12
työkyky	form	Source	207	206
s-ca-ion	mmol/l	QCOut	169	135
s-tomaate	u/ml	Source	165	163
s-ananase	u/ml	Source	45	44
p-afxaedo	ng/ml	Source	20	12
p-f8paiv	%	Source	216	61
s-toxoabg	iu/ml	Source	599	527
afer-leuk	e9/l	Source	182	141
afer-mnst	e9/tuote	Source	189	143
afer-leukt	e9/tuote	Source	191	143
14353	g/l	Source	232	151
14354	g/l	Source	124	111
14355	g/l	Source	115	107
li-crmp5ab	index	Source	16	15
s-crmp5ab	index	Source	25	23
s-kkab	pmol/l	Source	71	67
mb-o2-vol	%	Source	368	147
s-dnanab	iu/ml	Extracted	115	70
b-hkr	ratio	QCOut	272	166
sy-yksit	%	Source	69	50
sy-monit	%	Source	69	50
p-kors-9h	nmol/l	Source	211	186
s-vegf	ng/l	Source	31	22
virtsamärä?	ml	Source	608	324
oma-ghba1c	%	Extracted	1080	466
oma-ghba1c	mmol/mol	Extracted	1078	414
prostataspesifinenantigeeni,kokonais	ug/l	Source	178	122
albumiini,seerumi,elektoforeesifraktio(g/l)␤	g/l	Source	13	9
alfa-1-globuliini,seerumi,elektroforeesifraktio	g/l	Source	12	9
alfa-2-globuliini,seerumi,elektroforeesifraktio	g/l	Source	12	9
beta-1-globuliini,seerumi,elektroforeesifraktio	g/l	Source	13	9
beta-2-globuliini,seerumi,elektroforeesifraktio	g/l	Source	12	9
gammaglobuliini,seerumi,elektroforeesifraktio	g/l	Source	12	9
m-komp-1	g/l	Source	1094	135
-m-komponentti-1,seerumi,elektroforeesifraktio(g/l)	g/l	Source	235	56
s-hepyabg	titre	Source	62	58
-ebvnh	u/ml	Source	134	78
p-meoh	mmol/l	Source	316	242
p-etgly	mmol/l	Source	298	227
p-ipro	mmol/l	Source	297	228
p-progly	mmol/l	Source	285	220
8598	iu/ml	Source	27	23
jo-1	u/ml	Source	36	22
b-k-v	mmol/l	Source	62	52
b-ca++-v	mmol/l	Source	47	42
cp-crp-lb	mg/l	Source	247	127
nivelnesteenneutrofiilit	%	Source	10	8
sy-leukosyytit,muut	%	Source	18	17
b-neutrofiilitabsoluuttinenarvo	e9/l	Source	206	122
liuskatumaisetneutrofiilit	%	Source	178	111
s-karbae	umol/l	Source	87	55
s-karbamatsepiini	umol/l	Source	41	33
fp-fosfaatti,epäorgaaninen	mmol/l	Source	1537	438
u-kollageenii:naminoterminaalinentelopeptidi	nmol/mmol	Source	8	8
fs-c-reaktiivinenproteiini	mg/l	Source	241	58
fp-glutamyylitransferaasi	u/l	Source	102	53
b-pvk	fl	Source	191	142
b-pvk	g/l	Source	371	142
b-pvk	pg	Source	191	142
s-scl70-ab	u/ml	Source	122	90
s-jo1ab	u/ml	Source	157	111
p-c1qabg	u/ml	Source	85	43
s-hbvnh	iu/ml	Source	82	36
afer-cd4	e8/kg	Source	46	37
afer-cd8	e8/kg	Source	49	40
afer-leuk	e8/kg	Source	45	38
b-nk	e6/l	QCOut	57	42
-cmvnh	u/ml	Source	281	158
u-kivi	form	Source	60	56
vb-hemoglobiini,hiilimonoksidi	%	Source	633	313
p-kalsiumioni,aktuaali	mmol/l	Source	878	383
ab-hiilimonoksidihemoglobiini	%	Source	196	91
ab-hemoglobiini,kokonais-	g/l	Source	169	71
tyroksiini,vapaa,vertailumenetelmä	pmol/l	Source	22	21
du-uraat	mmol	Source	230	210
u-uraat	mmol/l	Source	107	96
du-sitraat	mg/24h	Source	137	96
du-oksal	umol/24h	Source	470	313
shepyabg	u/ml	Source	18	17
14346	g/l	Extracted	196	157
crp	mg/l	Extracted	193	163
du-prot-fr	form	Source	14	14
b-retikulosyytit,tuotantoindeksi	osuus	Source	273	184
punasolut,kokojakauma	%	Source	121	110
p-rauta	umol/l	Source	137	88
s-neurofilamentti,kevytketjut	ng/l	Source	61	59
fibriinind-dimeerit,plasmasta,pikatutkimus	mg/l	Source	47	44
du-sitraat	mg/24h	Extracted	40	24
b-gluk-pt	mmol/l	Source	53	49
glukras-0	mmol/l	Source	97	79
glukras-60	mmol/l	Source	88	69
glukras120	mmol/l	Source	153	119
immunoglobuliinie,pölyseos	u/ml	Source	6	6
s-yersaba	ratio	Source	21	17
s-yersabg	ratio	Source	44	38
b-probnp-o	ng/l	Source	139	102
s-myplabg	eiu	Source	40	38
(pikacrp)	mg/l	Extracted	17	15
ap-shco3	mmol/l	Source	192	141
vbhco3pika	mmol/l	Source	26	24
13192	%	Source	211	139
13193	%	Source	211	139
s-rubeabg	iu/ml	Extracted	76	71
albumiininjakreatiniininsuh	mg/mmol	Source	235	185
s-ffa	mmol/l	Source	518	96
cb-gluk-vt	mmol/l	Source	147	65
u-proteiini	mg/l	Source	354	111
cb-o2sat	%	Source	653	334
uv-hb	g/l	Source	42	42
di-gluk	mmol/l	Source	495	79
di-k	mmol/l	Source	70	12
di-krea	umol/l	Source	448	61
di-na	mmol/l	Source	307	48
pd-alb	mg/l	Source	81	12
di-pi	mmol/l	Source	68	12
di-urea	mmol/l	Source	443	62
pt-hiki-r	mmol/l	Source	49	45
b-napika	mmol/l	Source	126	102
c-reaktiivinenproteiini,pikatesti,veri	mg/l	Source	173	159
epiteelisolut,virtsasta,partikkelinlaskijalla,osatutk.	e6/l	Source	203	124
lieriöt,virtsasta,partikkelinlaskijalla,osatutk.	e6/l	Source	203	124
osmolaliteetti,virtsasta,partikkelinlaskijalla,osatutk.	mosm/kgh2o	Source	203	124
erytrosyytit,virtsasta,partikkelinlaskijalla,osatutk.	e6/l	Source	202	123
normetanefriini,osatutkimus2338	nmol/l	Source	12	8
beeta-hydroksibutyraatti,vieritutkimus	mmol/l	Source	19	9
insuliininkaltainenkasvutekijä1,seerumista	nmol/l	Source	41	27
uraatti,plasmasta	umol/l	Source	309	148
p-glkg	ng/l	Source	365	207
p-tnl	ng/l	Source	124	100
u-ni	ug/l	Source	64	45
u-as-i	ug/l	Source	20	17
s-crp-o	form	Source	303	200
oma-crp	mmol/l	Extracted	15	15
14401	ug/l	Source	101	54
120mp-gluk	mmol/l	QCOut	508	397
b-nipttri	form	Source	91	90
p-tsh-ong	mu/l	Source	267	215
p-tshmääritykseenvaikuttavienhäiriötekijöidenselvitys	mu/l	Source	91	84
s-homeryh	u/ml	Source	103	100
s-acrkilg	mg/l	Source	35	35
s-aspverg	mg/l	Source	54	53
s-fusmong	mg/l	Source	37	37
s-phombeg	mg/l	Source	6	6
s-statrag	mg/l	Source	22	22
s-thevulg	mg/l	Source	62	59
-ld	u/l	Source	104	100
s-cashewpähkinä,igevasta-aineet	u/ml	Source	12	12
s-parapähkinä,igevasta-aineet	u/ml	Source	9	9
s-saksanpähkinä,igevasta-aineet	u/ml	Source	10	10
s-manteli,igevasta-aineet	u/ml	Source	9	9
u-happamuusaste(kval)	form	Extracted	81	61
p-tyreotropiini(pi)	mu/l	Source	170	132
l-neutrofiilit	e9/l	Source	124	94
l-lmono	%	Source	124	94
u-albumiini/kreatiniini-suhdemikroalbuminuria	mg/mmol	Source	25	22
p-reumafaktori(pi)	iu/ml	Source	9	9
s-alfa-1-globuliini,fraktio	g/l	Source	60	57
s-alfa-2-globuliini,fraktio	g/l	Source	60	57
s-beeta-1-globuliini,fraktio	g/l	Source	60	57
s-beeta-2-globuliini,fraktio	g/l	Source	60	57
s-gammaglobuliini,fraktio	g/l	Source	60	57
kappa/lambda,vapaat	ratio	Source	32	29
s-m-komponentti1	g/l	Source	64	61
s-m-komponentti2	g/l	Source	64	61
u-alb-lb	mg/l	Source	70	51
11776	au/ml	Source	22	18
albumiini	%	Source	177	169
globuliini	%	Source	150	147
s-insu-ab	%	Source	62	49
p-ck-mb	u/l	Source	109	100
p-probnp(	ng/l	Source	22	19
e-retik-k	%	Source	47	45
b-rchr	pg	Source	47	45
s-mypnabg	au/ml	Extracted	77	72
s-mypnabm	index	Extracted	184	163
fosfatidyylietanoli,veri	umol/l	Source	335	184
ustekinumabi,pitoisuus,seerumi	mg/l	Source	16	12
u-ph	ph	QCOut	102	97
b-hemok-d	form	Source	64	63
u-baktvi	e6/l	Source	60	23
s-ia2ab	u/ml	Source	70	68
leukosyytit,pikatesti,veri	e9/l	Source	148	134
antitrombiiniiii	%	Source	41	34
trombiiniaika,plasma	s	Source	85	83
proteiinic,plasma	%	Source	86	83
proteiinis,antigeeni,vapaa,plasma	%	Source	33	32
lupusantikoagulantti,drvvt,plasma	ratio	Source	44	41
lupusantikoagulantti,ptt,plasma	ratio	Source	44	41
kardiolipiini,iggvasta-aineet,plasma	gpl	Source	113	105
kardiolipiini,igmvasta-aineet,plasma	mpl	Source	122	111
punasolujenerittelylaskenta	%	Source	41	32
s-koriongonadotropiini,vapaa-b-ketju	ug/l	Source	114	110
fp-gluk-2h	mmol/mol	Source	45	41
fp-gluk-0h	mmol/l	Source	156	132
i-stathb	g/l	Source	96	85
i-stathct	%pcv	Source	67	58
i-statk	mmol/l	Source	166	139
i-statna	mmol/l	Source	169	141
5386	mmol/l	Extracted	146	116
i-staturea	mmol/l	Source	39	35
i-statcl	mmol/l	Source	46	42
i-statglu	mmol/l	Source	45	41
sy-lymf	%	Source	525	353
s-clteabg	iu/ml	Source	117	112
normetanefriini	nmol/l	Source	42	42
b-kromi	ug/l	Source	303	255
hydroksi-indolyyliasetaatti(5-)	nmol/l	Source	23	19
u-mapga	mmol/l	Source	24	12
b-hba1c-p	%	Source	148	99
u-alb-mi	mg/l	Extracted	472	239
du-mta	umol	Source	47	37
s-metnefriini	nmol/l	Source	123	109
s-bopeabg	iu/ml	Extracted	39	33
s-clteab	iu/ml	Extracted	166	142
s-stpn23f	mg/l	Source	486	324
s-stpn5	mg/l	Source	372	277
p-nfl	ng/l	Source	79	70
li-spektri	form	Source	32	32
plasmanbilirubiini	umol/l	Source	57	43
du-kalsium	mmol	Source	115	109
interleukiini-2:nreseptori,liukoinen	u/ml	Source	60	54
s-lysotsyymi	mg/l	Source	163	141
koriongonadotropiini	u/l	Source	391	212
s-borabc6	li	Source	27	27
l-neutrofiilit(konediffi)	%	Source	26	21
l-lymfosyytit(konediffi)	%	Source	26	21
l-monosyytit(konediffi)	%	Source	26	21
li-borrabg	wme	Source	165	157
p-na-vieri	mmol/l	Source	100	84
p-k-vieri	mmol/l	Source	99	84
s-ica-vieri	mmol/l	Source	74	64
s-kudostransglutaminaasi,iga-vasta-aineet	u/ml	Source	36	35
s-ebvabm	u/ml	Source	185	170
p-bilirubiinikonjugaatit(ko)	umol/l	Source	24	21
fs-angiotensiini-1-konvertaasi	u/l	Source	168	126
s-kaakaoe	u/ml	Source	39	38
s-sitruue	u/ml	Source	52	51
fs-calsium	mmol/l	Source	12	8
f-hhb-o	estimate	Source	106	50
b-ghb-a1c	mmol	Extracted	50	43
22101	umol/l	Source	7	7
s-testov	%	Source	149	118
p-urat	umol/l	Source	177	95
eosinofiilit,verestä(b-eos)	e9/l	Source	61	53
erytrosyytit(b-eryt)	e12/l	Source	61	53
erytrosyytit,keskitilavuus(e-mcv)	fl	Source	61	53
erytrosyytit,tilavuusosuus(b-hkr)	%	Source	61	53
hemoglobiini(b-hb)	g/l	Source	61	53
hemoglobiini,keskimassakonsentraatio(e-mchc)	g/l	Source	61	53
hemoglobiini,keskimassa(e-mch)	pg/u	Source	61	53
leukosyytit(b-leuk)	e9/l	Source	63	55
trombosyytit(b-tromb)	e9/l	Source	61	53
basofiilisetleukosyytit(b-baso)	e9/l	Source	61	53
lymfosyytit(b-ly)	e9/l	Source	61	53
monosyytit(b-monos)	e9/l	Source	61	53
neutrofiilit(b-neut)	e9/l	Source	61	53
s-salmabm	titre	Source	34	32
p-c4	g/l	Extracted	11	11
fp-pepsin1	ug/l	Source	115	114
sy-polymorfologisetleukosyytit,nivelnesteestä	%	Source	7	7
sy-mononukleaarisetleukosyytit,nivelnesteestä	%	Source	7	7
s-b12-vitamiini,transkobalamiiniii:eensitoutunut,seerumista	pmol/l	Source	75	64
s-follikkeliastimuloivahormoni(ko)	u/l	Source	27	25
s-eosinofiilistengranulos.kationinenproteiini	ug/l	Source	12	9
s-kor/dxm	nmol/l	Source	68	67
p-pctpika	ug/l	Source	141	108
du-cu	umol	Source	93	59
follikkeliastimuloivahormoni	u/l	Source	138	131
p-ldl-kolesteroli,suoramittaus	mmol/l	Extracted	114	94
s-afos1ma	u/l	Source	77	68
s-afos2ma	u/l	Source	76	67
s-afosluu	u/l	Source	106	97
vb-bikarbonaatti	mmol/l	Source	157	62
fp-parathormoni,intakti	pmol/l	Source	213	98
s-insuaab	ru	Source	13	13
p-at3	%	Extracted	10	10
p-pc	%	Extracted	9	9
p-ps	%	Extracted	9	9
p-tt-spa	%	Extracted	6	6
s-ifx	mg/l	Extracted	57	43
s-testo,vapaa,laskettu	pmol/l	Source	16	13
s-yerp1ab	titre	Source	146	144
s-yerp3ab	titre	Source	34	33
s-sital	nmol/l	Source	110	87
vihr.papu	u/ml	Source	17	17
herneet	u/ml	Source	23	23
valko.papu	u/ml	Source	16	16
linssi	u/ml	Source	6	6
rcora14(f439,rekombinantti,hasselpähkinä),igevasta-aineet	u/ml	Source	49	49
p-tt-	%	Source	1432	250
fp-jgluk	mmol/l	Source	90	90
fs-jc-pept	nmol/l	Source	167	167
troponiinii,plasmasta	ng/l	Source	151	90
p-fosfaatti,epäorgaaninen	mmol/l	Source	436	122
arseeni,epäorgaaninen	nmol/l	Source	46	28
hyytymistekijäviii	%	Source	27	26
vonwillebrand-tekijä,antigeeni	%	Source	10	10
s-stpn2	fmiau/ml	Source	25	19
s-stpn10a	fmiau/ml	Source	29	21
s-stpn11a	fmiau/ml	Source	30	21
s-stpn17f	fmiau/ml	Source	27	20
s-stpn20	fmiau/ml	Source	29	20
s-stpn8	fmiau/ml	Source	22	19
s-stpn12f	fmiau/ml	Source	11	10
s-stpn15b	fmiau/ml	Source	24	18
s-stpn33f	fmiau/ml	Source	22	18
p-kalium	mmol/mol	Source	162	132
s-proteiini(s-prot-frvaletietue)	g/l	Source	82	60
s-albumiini(valetietues-prot-fr)	g/l	Source	82	60
s-alfa1-globuliini(valetietues-prot-fr)	g/l	Source	82	60
s-alfa2-globuliini(valetietues-prot-fr)	g/l	Source	82	60
s-beta1-globuliini(valetietues-prot-fr)	g/l	Source	82	60
s-beta2-globuliini(valetietues-prot-fr)	g/l	Source	82	60
s-gamma-globuliini(valetietues-prot-fr)	g/l	Source	82	60
s-m-komponentti-1(valetietues-prot-fr)	g/l	Source	135	68
s-m-komponentti-2(valetietues-prot-fr)	g/l	Source	82	60
s-etoh	mmol/l	Source	73	67
s-sfit1	ng/l	Source	135	105
s-pigf	ng/l	Source	164	124
s-codiab	iu/ml	Source	254	218
s-clteab	iu/ml	Source	313	283
du-proteiini␤	g	Source	148	80
s-chtraba	u/ml	Source	43	43
p-k	mmol/mol	Source	148	130
b-ldlre-4	form	Source	53	53
s-hcg-a	pmol/l	Source	40	37
pt-glomerulussuodosnopeus	ml/min/173m2	Extracted	43	40
pt-gluk-r1:fp-gluk0-näyte	mmol/l	Source	174	164
pt-gluk-r1:p-gluk2hnäyte	mmol/l	Source	174	164
s-tyreotropiini(pakettiin)	mu/l	Source	71	42
s-tyroksiini,vapaa(paketti)	pmol/l	Source	72	42
p-inr-hy,hoitoyksikkö	1	Source	460	53
s-c-pept-r	nmol/l	Source	27	27
b-hb-a1c	%	QCOut	169	152
s-pensppe	u/ml	Source	159	149
l-blastit,mikroskopointi	%	Source	236	94
b-erytrosyytit,normoblastit,mikroskopointi	u/100l	Source	333	145
s-ruoat	u/ml	Source	124	123
tupakointi	u/24h	Source	38	37
s-alb-fr	g/l	Source	85	73
-albumiini,virtsa,elektroforeesifraktio()	%	Source	24	24
-globuliini,virtsa,elektroforeesifraktio()	%	Source	24	24
koll/adp	s	Source	76	69
koll/adr	s	Source	73	68
b-fidd-p	mg/l	Source	27	24
allergeeni,ruokaerittely/födoämn.specifik.fx5	u/ml	Source	20	20
allergeeni,pölyerittely(phadiatop)/inhalations	u/ml	Source	35	35
s-histab	u/ml	Source	35	29
s-t3-v	pmol/l	Extracted	324	221
fibtem/mcf	mm	Source	222	130
fibtem/a5	mm	Source	234	140
fibtem/a10	mm	Source	234	140
fibtem/a15	mm	Source	234	140
kolesteroli	mmol/l	Extracted	116	99
s-infli	ug/l	Source	62	48
l-st	%	Source	53	34
l-mo	%	Source	59	37
l-lt	%	Source	61	37
b-lymfosyytit,auttajasolujenosuus	%	Source	51	24
b-lymfosyytit,t-stäjäsolujenosuus	%	Source	27	20
prealbumiini,seerumista	g/l	Source	47	40
neurofilamentti,kevytketjut	ng/l	Source	9	9
prostataspesifinenantigeeni,vapaa/kokonais-suhde,osatutk.4637eikiinnit.	%	Source	156	92
pf-leuk	e9/l	Source	49	47
fs-lipidit	mmol/l	Source	512	127
b-pvk	e9/l	Source	180	133
b-pvk	e12/l	Source	180	133
normetanefriiniseerumista	nmol/l	Source	78	61
leukosyytit,verestä,pikatesti	e9/l	Source	27	25
erytrosyytit,verestä,pikatesti	e12/l	Source	27	25
b-hemoglobiini,pikatesti	g/l	Source	27	25
b-erytrosyytit,tilavuusosuus,pikatesti	osuus	Source	27	25
e-eryrtosyytit,keskitilavuus,pikatesti	fl	Source	27	25
e-hemoglobiini,keskimassa,pikatesti	pg	Source	27	25
trombosyytit,verestä,pikatesti	e9/l	Source	27	25
p-fviiiab	bu/ml	Source	29	14
p-fibriinind-dimeeritpika,hoitoyksiköt	mg/l	Source	86	84
s-rcora1e	u/ml	Source	258	252
du-normet	nmol	Source	8	7
s-gpenige	u/ml	Source	61	60
s-vpenige	u/ml	Source	77	76
s-amokige	u/ml	Source	55	54
s-normet	umol/l	Source	10	7
s-osmol	form	Source	19	14
b-kreatiniini,pikatesti,veri	umol/l	Source	186	165
leukosyytti,pikatesti,veri	e9/l	Source	159	144
hemoglobiini,pikatesti,veri	g/l	Source	402	365
he4proteiini,seerumista␤	pmol/l	Source	78	56
s-helicobacterpylori,iga-vasta-aineet	u/ml	Source	8	8
s-hevonhie	u/ml	Source	128	127
am-gluk	mmol/l	Source	18	18
am-epo	iu/l	Source	76	58
bbi	form	Source	52	52
s-limete	u/ml	Source	7	7
s-porkkae	u/ml	Source	68	68
as-erytrosyytit,askitesnesteestä	e6/l	Source	10	9
globuliini	mg/l	Source	485	153
albumiini	mg/l	Source	536	201
p-bil-l	umol/l	Source	11	8
b-la	form	Source	155	153
-caionac	mmol/l	Source	61	55
-caio7.4	mmol/l	Source	60	55
s-sindabg	titre	Source	44	37
b-leuk-pi	e9/l	Source	46	41
p-fibriinind-dimeerit,pikatesti	mg/l	Source	16	13
s-immunoglobuliini,kevyetketjut,vapaat,kappa-	ratio	Source	249	48
s-proteiinifraktioidenalbumiinifraktio	g/l	Source	244	65
s-proteiinifraktioidenalfa-1-fraktio	g/l	Source	244	65
s-proteiinifraktioidenalfa-2-fraktio	g/l	Source	244	65
s-proteiinifraktioidenbeeta-1-fraktio	g/l	Source	244	65
s-proteiinifraktioidenbeeta-2-fraktio	g/l	Source	244	65
s-proteiinifraktioidengammafraktio	g/l	Source	244	65
antitrombiiniiii,plasmasta	%	Source	14	14
tromboplastiiniaika,plasmasta	%	Source	56	43
p-proteiinic	%	Source	150	146
p-proteiinis,antigeeni,vapaa	%	Source	110	106
s-hydroksikarbatsepiini	umol/l	Source	21	15
glukoosi2h	mmol/l	Source	12	12
li-vzvabg	eiu	Source	93	87
s-c3	g/l	Extracted	83	79
s-c4	g/l	Extracted	83	79
s-codiab	spu/ml	Extracted	18	17
s-clteab	spu/ml	Extracted	16	16
s-stpn14	mg/l	Extracted	9	9
s-stpn18c	mg/l	Extracted	14	12
s-stpn19f	mg/l	Extracted	11	10
s-stpn6b	mg/l	Extracted	13	11
s-stpn5	mg/l	Extracted	9	8
s-stpn7f	mg/l	Extracted	15	14
li-borrabg	u	Source	160	153
s-timoteinsiitepöly(g6),ige-vasta-aineet	u/ml	Source	42	42
s-pujonsiitepöly(w6),ige-vasta-aineet	u/ml	Source	90	90
s-hevosenhilse(e3),igevasta-aineet	u/ml	Source	109	107
s-kissanhilse(e1),ige-vasta-aineet␤	u/ml	Source	33	33
s-koiranhilse(e5),ige-vasta-aineet	u/ml	Source	192	192
s-dermatohpagoidespteronyssinus(d1),igevasta-aineet	u/ml	Source	31	31
s-cladosporiumherbarum(m2),ige-vasta-aineet	u/ml	Source	157	157
s-ruoka-aine-erittely(fx5),igevasta-aineet	u/ml	Source	61	60
u-osmolaliteetti,virtsa	mosm/kgh2o	Source	9	9
p-prokalsitoniini,kvantitatiivinen	ug/l	Source	107	82
happikyllästeisyys(hemoglobiini),valtimoveri	%	Source	30	29
happiosapaine,valtimoveri	kpa	Source	38	33
hiilidioksidiosapaine,valtimoveri	kpa	Source	38	33
laktaatti,valtimoverestä	mmol/l	Source	13	13
u-diffi	e6/l	Source	20	10
vt-hbsab	iu/l	Source	127	108
vp-gluk-1h	mmol/l	Source	247	174
pölyryhmä(phadiatop),igevasta-aineet,seerumista␤	u/ml	Source	110	106
tryptaasi,seerumista␤	ug/l	Source	47	37
s-codiab	spu/ml	Source	58	55
s-clteab	spu/ml	Source	69	66
s-norbup	ng/ml	Source	15	10
s-bupre	ng/ml	Source	44	19
s-inaabcf	titre	Source	44	39
s-inbabcf	titre	Source	68	58
14348	g/l	Extracted	203	165
s-persike	u/ml	Source	42	41
s-rprup1e	u/ml	Source	46	46
s-sellere	u/ml	Source	53	53
s-rapig1e	u/ml	Source	28	28
s-mustike	u/ml	Source	13	13
s-vadelme	u/ml	Source	11	11
s-appelse	u/ml	Source	82	79
s-kiivie	u/ml	Source	101	100
s-ractd8e	u/ml	Source	16	16
b-crp-vt(avo)	mg/l	Source	7	6
s-bilirubiini	umol/l	Source	59	57
pika-hba1c	%	Extracted	125	72
ammonium-ioni	umol/l	Source	259	141
-dfi	%	Source	24	24
testosteroni	nmol/l	Source	248	155
sukupuolihormonejasitovaglobuliini	nmol/l	Source	178	108
s-gadab	iu/ml	Extracted	123	111
s-adrab	titre	Extracted	25	18
s-koriongonadotropiini,b-alayksikkö,vapaa	ug/l	Source	20	20
s-dna,vasta-aineet(natiivi)	iu/ml	Source	32	12
s-tuma,liukoisetantigeenit,vasta-aineet	ratio	Source	53	42
s-sjögreninsyndromaavasta-aineet	u/ml	Source	17	12
s-endoteelikasvutekijänliukoinenreseptori	ng/l	Source	57	46
s-plasentaalinenkasvutekijä	ng/l	Source	57	46
s-rapim1e	u/ml	Extracted	20	19
amp.myrkky	u/ml	Source	43	31
meh.myrkky	u/ml	Source	15	13
s-hevohie	form	Source	12	11
s-kissa	form	Source	8	7
s-koira	form	Source	8	7
s-dpteroe	form	Source	18	17
s-claher	form	Source	8	7
s-raiheie	u/ml	Source	72	70
s-timoteinsiitepöly(g6),igevasta-aineet	u/ml	Source	120	119
s-koivunsiitepöly(t3),igevasta-aineet	u/ml	Source	124	121
s-dermatophagoidespteronyssimus(d1),igevasta-aineet	u/ml	Source	11	11
prolaktiini,recovery	%	Source	8	6
prolaktiini,biologisestiaktiivinen(s-prlmakrosatutkimus)	mu/l	Source	8	6
s-kardab	titre	Extracted	730	152
li-eryt-1	e6/l	Source	27	27
li-alb	g/l	Source	34	33
li-igg	g/l	Source	37	36
b-hba1chy	mmol/mol	Source	261	73
transferriini(4567fp-transf)	g/l	Source	35	26
rauta(4529fp-fe)	umol/l	Source	38	29
0mp-glukoosi,gestaatiorasitus	mmol/l	Source	25	19
60minglukoosi,gestaatiorasitus	mmol/l	Source	25	19
120minp-glukoosi,gestaatiorasitus	mmol/l	Source	25	19
b-hb-ospk	g/l	Source	52	33
b-gluk-pi	mmol/l	Source	60	45
u-prot-o	form	Extracted	189	131
b-hb-ospkl	g/l	Source	27	22
s-alkalinenfosfataasi,luustoper.isoentsyymi(elektrof)	u/l	Source	22	18
s-alkalinenfosfataasi,maksaper.isoentsyymi(elektrof)	u/l	Source	22	18
s-alkalinenfosfataasi,suolistoper.isoentsyymi(elektrof)	u/l	Source	6	6
s-alkalinenfosfataasi,makromuoto(elektrof)	u/l	Source	65	58
l-basobasofiilit	%	Source	84	65
l-eoseosinofiilit	%	Source	84	65
l-lylymfosyytit,absoluuttiset/tvk	%	Source	82	64
l-monosmonosyytit,absoluuttiset/tvk	%	Source	82	64
l-neutneutrofiilit,absoluuttiset/tvk	%	Source	82	64
b-tnt-pt	ng/l	Source	110	75
s-ca(7.4)	nmol/l	Source	93	78
cp-ca-ion	mmol/l	Source	307	140
cb-chb	g/l	Source	262	108
cp-na	mmol/l	Source	305	133
cp-k	mmol/l	Source	307	134
cp-laktaat	mmol/l	Source	301	140
s-cer1	umol/l	Source	109	108
s-cer2	umol/l	Source	110	109
s-cer3	umol/l	Source	111	110
s-cer4	umol/l	Source	111	110
s-cer1/3	umol/l	Source	111	110
s-cer2/3	umol/l	Source	111	110
s-cer4/3	umol/l	Source	117	116
ap-kalium␤	mmol/l	Source	162	127
ap-natrium␤	mmol/l	Source	162	127
s-prostatspesifinenantigeeni,kokonais	ug/l	Source	98	65
pgi/pgii	ratio	Source	19	19
u-osmoest	mosm/kgh2o	QCOut	94	89
glukoosi,plasmasta,osatutkimus	mmol/l	Source	128	47
s-ebnaab	u/ml	Source	134	118
s-yer3ab	titre	Extracted	112	107
cu-a1migl	ug/min	Source	61	38
happikyllästeisyys(hemoglobiini),kapillaariveri	%	Source	187	107
happiosapaine,kapillaariveri	kpa	Source	236	135
hiilidioksidiosapaine,kapillaariveri	kpa	Source	236	135
s-dvenlaf	nmol/l	Source	46	36
b-hba1c	mmol	Extracted	138	104
b-natrium,pikatesti,veri	mmol/l	Source	179	158
b-kalium,pikatesti,veri	mmol/l	Source	181	160
fp-triglyseridit	mmol/l	Extracted	90	83
s-ascaba	u/ml	Source	74	69
s-ascabg	u/ml	Source	61	56
s-morbabg	au/ml	Source	89	88
s-ca-albk	mmol/l	Extracted	39	32
fp-renin-m	mu/l	Source	69	65
s-karni	umol/l	Source	328	111
s-karni-v	umol/l	Source	342	116
u-baktvi	e6	Extracted	45	28
cb-leuk-o	e9/l	Source	73	63
s-fenytv	umol/l	Source	244	108
u-ni	form	Source	57	54
b-fuus-mr	form	Source	26	26
s-natriureettinenpeptidi,b-tyypinn-terminaalinenpropeptidi	ng/l	Source	17	14
cb-gluk-0	mmol/l	Source	21	20
s-t3v	pmol/l	Source	53	16
-dmriski	%	Extracted	54	54
s-yerp1ab	titre	Extracted	27	27
b-pvk	paketti	Source	261	116
hdl-kol/kol-suhde	ratio	Source	293	128
li-polymorfonukleaarisetvalkosolut	%	Source	38	29
li-mononukleaarisetvalkosolut	%	Source	38	29
fp-glukoosi(gluk.ras0)	mmol/l	Source	226	215
fp-glukoosi(gluk.ras2h)	mmol/l	Source	225	214
b-erytrosyytit,tilavuusosuus(hematokriitti)	%	Source	177	167
fs-korsol	nmol/l	Source	25	23
b-neutrofiilit,diffinosatutkimus	e9/l	Source	16	16
s-kalsium,ionisoitunut,ph7.4-korjattu␤	mmol/l	Source	22	18
s-kalsium,ionisoitunut,aktuaali␤	mmol/l	Source	22	18
hemoglobiini,hiilimonoksidi,	%	Source	329	127
glukoosi(verikaasulaite),val	mmol/l	Source	311	112
kalium(verikaasulaite),plasm	mmol/l	Source	334	130
laktaatti(verikaasulaite),va	mmol/l	Source	311	112
natrium(verikaasulaite),plas	mmol/l	Source	334	130
ldlhapettunut	u/l	Source	19	14
fs-lipidit	paketti	Source	259	220
kolestrolivldl	mmol/l	Source	80	72
kol-hdl/kol	mmol/l	Source	129	102
u-isuhtu-krea(osatutk)	ug/g	Source	88	82
b5-vitamiini(pantoteenihappo)	umol/l	Source	82	70
b3-vitamiini(niasiini)	umol/l	Source	101	85
pt-ekg,12kytkentäälevossa	1	Source	55	50
s-borabmo	au/ml	Source	8	8
s-varizella-zostervirus,igg-vasta-aineet	u/l	Source	85	84
s-tr1tutkosatutkimus,papp-a:nosuus,seerumista	mu/l	Source	112	110
e-pk	umol/min	Source	10	10
u-pienepiteelisolut	e6/l	Source	62	54
af-solut	e6/l	Source	40	39
af-neut+eo	%	Source	44	42
af-mononuk	%	Source	53	51
fibriinind-dimeerit,pikatesti(fidd-o)	mg/l	Source	42	40
p-psamob	ug/l	Source	575	171
pt-gluk-r6	mmol/l	Source	370	98
työkyky2	form	Source	165	165
s-nbosd6e	u/ml	Source	67	50
s-lakalbe	u/ml	Source	79	50
s-angiotensiini-1-konvertaasi	u/l	Source	16	14
p-vip	pmol/l	Source	28	22
lym	e9/l	Source	690	113
mon	e9/l	Source	690	113
gra	%	Source	687	115
lym	%	Source	687	115
mon	%	Source	685	113
gra	e9/l	Source	685	113
p-jgluk	mmol/l	Source	100	99
kortisoli,sylki	nmol/l	Source	32	27
p-fibrspr	g/l	Source	138	132
b-hemoglobiini-a1c,verestä	mmol/mol	Source	84	59
p-tsheri2	mu/l	Source	15	10
u-albumiinifraktionosuus,elektroforeesi	%	Source	8	8
u-globuliiniifraktionosuus,elektroforeesi	%	Source	8	8
fb-b1-vitamiini	ug/l	Source	35	31
p-lh	u/l	Extracted	61	60
fp-rauta(osat.)	umol/l	Source	288	228
p-hcyst	umol/l	Extracted	61	53
p-tt	form	Source	20	19
p-prealb	mg/l	Source	180	156
vp-hco3st	mmol/l	Source	123	45
b-rdw	%	Extracted	22	19
p-prostataspesifinenantigeenivapaanjakok.psa:	%	Source	185	146
p-tau-proteiini,217-fosforyloitu	ng/l	Source	74	74
s-hbsagkv	iu/ml	Extracted	17	12
s-cv19sab	u/ml	Source	15	13
reumafaktori,seerumista,paastotilassa␤␤	iu/ml	Source	80	70
glomerulussuodosnopeusestimoituckd-epikaavallakystatiinic:stä	ml/min/173m2	Source	12	10
li-borrabg	au/ml	Source	44	37
p-c-reaktiivinenproteiini,pikatutkimus	mg/l	Source	9	9
fp-glukr2h	mmol/l	Source	50	46
du-dopam	umol/24h	Source	10	10
du-hva	umol	Source	25	23
s-klotsaj	nmol/l	Source	76	35
s-norkloj	nmol/l	Source	74	34
s-desialotransferriin	%	Source	42	36
s-ketiapiini	nmol/l	Source	20	11
u-cot	ug/l	Source	95	66
s-gabapen	umol/l	Source	22	19
u-bendict	form	Source	19	17
s-tsh-peg	mu/l	Source	565	315
p-etyleeniglykoli	mmol/l	Source	27	26
p-isopropanoli	mmol/l	Source	28	27
p-propyleeniglygoli	mmol/l	Source	21	21
p-tsheri	mu/l	Source	81	61
s-pemfiab	form	Source	95	56
-ca19-9	u/ml	Source	23	23
e-cdw	%	Source	247	194
ab-sbc	mmol/l	Source	138	73
b-hb-met	%	Extracted	66	57
pf-nse	ug/l	Source	24	23
s-hernee	u/ml	Source	107	98
s-papu,vihreä,ige-vasta-aineet	u/ml	Source	9	9
s-valkoinenpapu,ige-vasta-aineet	u/ml	Source	10	10
-linssi	u/ml	Source	11	10
p-tshver	mu/l	Source	42	41
p-t3-vver	pmol/l	Source	43	27
eosinofiilit,absol.arvot,osatutkimus(b-eos)	e9/l	Source	82	69
basofiilit,absol.arvot,osatutkimus(b-baso)	e9/l	Source	82	69
monosyytit,absol.arvot,osatutkimus(b-monos)	e9/l	Source	82	69
lymfosyytit,absol.arvot,osatutkimus(b-lymf)	e9/l	Source	82	69
lymfosyytit,osatutkimus(l-lymf)	%	Source	82	69
l-neut,osatutkimus(l-neut)	%	Source	82	69
b-neut,osatutkimus(b-neut)	e9/l	Source	82	69
eosinofiilit,osatutkimus(l-eos)	%	Source	82	69
basofiilit,osatutkimus(l-baso)	%	Source	82	69
monosyytit,osatutkimus(l-monos)	%	Source	82	69
s-igd	g/l	Source	31	20
tuma,liukoisetantigeenit(ena),vasta-aineet	u/ml	Source	27	27
epididymaalinenantigeeni4(he4)	pmol/l	Source	26	25
komplementtic3	g/l	Source	82	66
komplementtic4	g/l	Source	81	65
plasmankalsium-ioni,aktuaali	mmol/l	Source	135	112
plasmanph	1	Source	29	29
b-hemoglobiinipikahoitoyksiköt	g/l	Source	513	362
s-serto	mg/l	Source	108	93
koriongonadotropiini,beeta-alayksikkö	u/l	Source	10	6
s-bopeabg	titre	Source	63	57
s-bopeabm	titre	Source	54	49
kalsium,ionisoitunutseerumista	mmol/l/p	Source	7	7
s-tni	ug/l	Source	11	11
kromograniinia,plasmasta,paastotilassa␤	nmol/l	Source	77	34
s-krtiin	umol/l	Source	334	250
NA	eiu	Source	15	14
s-transferriinireseptori,liukoinen	mg/l	Source	125	95
plasmasta,bilirubiini(vastasyntyneistä)	umol/l	Source	26	20
tyroksiini,vapaa,plasmasta	pmol/l	Source	153	95
sthlm3-score	%	Source	61	60
psatotaali+vapaa	ug/l	Source	61	60
s-langab	titre	Source	59	57
p-natriumpika,hoitoyksiköt	mmol/l	Source	325	219
p-kreatiniinipikahoitoyksiköt	umol/l	Source	321	220
p-kloridipika,hoitoyksiköt	mmol/l	Source	238	161
p-bkvnh	iu/ml	Extracted	608	94
maksa-1-isoentsyymi	u/l	Source	92	90
luustoisoentsyymi	u/l	Source	85	83
maksa-2-isoentsyymi	u/l	Source	79	77
p-protc	%	Source	164	162
u-epit	u/field	Source	324	235
24hkors	nmol/l	Source	91	72
0hkors	nmol/l	Source	94	74
fp-glkg	ng/l	Source	15	10
fp-pp	pmol/l	Source	24	19
s-insuliininkaltainenkasvutekijä(igf-1),somme	nmol/l	Source	28	14
s-pujonsiitepöly(w6),igevasta-aineet	u/ml	Source	64	64
s-stachybotrysatra(chartarum),igevasta-aineet	u/ml	Source	8	8
s-salis	mmol/l	Source	56	12
11162	mmol/l	Source	28	26
p-inr-pt	inruikk	Source	97	33
p-prostataspesifantigeeni,sms-viestillätulos	ug/l	Source	344	110
p-bilirubiini(pi)	umol/l	Source	12	9
pf-c3	g/l	Source	143	128
pf-c4	g/l	Source	129	114
14355	g/l	Extracted	101	91
14351	g/l	Extracted	196	151
s-d-vitamiini-1,25-oh	pmol/l	Source	40	38
l-segm	%	Source	126	74
fs-c-peptidi,proinsuliinin	nmol/l	Source	56	51
s-amokse	u/ml	Source	178	175
s-pcnaab	u/ml	Source	81	80
s-rib-pab	u/ml	Source	98	96
s-fibrilla	u/ml	Source	150	147
s-pm-scl	u/ml	Source	166	161
s-mi-2	u/ml	Source	80	75
p-albumiini(p-alb)	g/l	Source	76	73
p-kalsium(p-ca)	mmol/l	Source	76	73
p-gluk/1h	mmol/l	Source	60	48
s-maksa-1	u/l	Source	115	104
s-luust	u/l	Source	100	91
s-suoli	u/l	Source	115	104
s-maksa-2	u/l	Source	110	99
s-adalimumabi	mg/l	Source	57	52
crp-pikamääritys	mg/l	Source	390	157
potilasmittaringlukoosi,sensori	mmol/l	Source	201	138
s-gh	ug/l	Source	218	118
igg-summa	g/l	Source	106	98
b-koboltti	ug/l	Source	157	114
fp-kollageenii:nbeta-karboksiterminaalinentelopeptidi	ug/l	Source	299	248
s-endomysium,igavasta-aineet	titre	Source	22	21
fp-gluk-2h	mmol/l	Source	109	96
s-pla2rab	titre	Source	377	52
s-fosfolipaasi-a2-reseptori,vasta-aineet	titre	Source	34	11
s-sinkki	umol/l	Extracted	48	43
u-cl	mmol/l	Source	200	122
p-immunoglobuliinim	g/l	Source	246	195
s-d3-vitamiini-25-oh	nmol/l	Source	46	45
s-d-vitamiini-25-oh,d3-jad2-muodot	nmol/l	Source	47	46
ca19-9antigeeni	u/ml	Source	273	176
kreatiinikinaasi,kokonaisaktiivisuus	u/l	Source	17	17
kreatiinikinaasi,mm-isoentsyymi,aktiivisuus	u/l	Source	16	16
kreatiinikinaasi,mm-isoentsyymi,osuus	%	Source	16	16
kreatiinikinaasi,mb-isoentsyymi,osuus	%	Source	16	16
s-adalimumabipitoisuusmääritys	âug/ml	Source	15	14
basofiilit,absoluuttiset	e9/l	Source	148	99
lymfosyytit,absoluuttiset	e9/l	Source	152	101
monosyytit,absoluuttiset	e9/l	Source	150	100
neutrofiilit,absoluuttiset	e9/l	Source	152	101
s-vedolitsumabi,pitoisuus	mg/l	Source	41	27
s-ustekinumabi	mg/l	Source	21	18
u-jodidi	ug/l	Source	85	43
fp-amyl	u/l	Source	166	120
5400	mmol/l	Source	118	82
s-allige,dermatophagoidespteronyssinus,pölypun	u/ml	Source	67	67
s-prostataspesifinenantigeeni	ug/l	Source	97	80
s-lehmhie	u/ml	Source	97	89
s-psa-suh	ug/l	Source	116	79
aspergillusfumigatus(m3),igevasta-aineet,seerumista␤	u/ml	Source	11	11
s-testo	form	Source	21	17
u-suhteellinentiheys	kg/l	Source	68	48
l-mxd-osuus,vieritutkimus	%	Source	62	60
l-lymfosyytit-osuus,vieritutkimus	%	Source	61	59
l-neutrofiilit-osuus,vieritutkimus	%	Source	62	60
snabb-inr	inr	Source	6280	99
s-tpo-ab	iu/ml	Source	76	69
s-hsv2abg	index	Source	44	42
p-bil-vt	umol/l	Source	614	112
s-norklotsapiini	nmol/l	Source	259	51
b-eos	e6/l	Source	168	128
kreatiniini,virtsasta	mmol/l	Source	92	70
s-dfarine	u/ml	Source	50	50
s-home1ry	u/ml	Source	52	52
kreatiniininpoistumavirtsaan,toimintakoe␤	ml/s/173	Source	17	15
s-cytomegalovirus,iggvasta-aineet	eiu	Source	73	56
li-infbabg	eiu	Source	17	16
s-cob5abg	eiu	Source	174	162
s-evirabg	eiu	Source	278	259
s-ro214e	u/ml	Source	13	13
b-kreatiniini	umol/l	Source	49	41
fibriinind-dimeerit,plasmasta(fidd)	mg/l	Source	10	10
b-diffi	form	Source	14	9
s-borrc6	au	Source	21	15
s-covid-19-koronavirustauti,piikkiproteiinivasta-aineet	au/ml	Source	87	69
s-he4,ihmisenepididymaalinenantigeeni4	pmol/l	Source	204	125
s-adalimumabi,pitoisuus	mg/l	Source	18	16
omahemoglobiini	g/l	Source	52	49
s-igf1sds	nmol/l	Source	699	442
p-normet	nmol/l	Source	47	29
s-lysotse	u/ml	Source	30	29
s-psavapaanjatotaalinsuhde	%	Source	106	76
kystatiinic(p-kysc)	mg/l	Source	17	16
kalsium,osatutkimus(p-ca)	mmol/l	Source	167	140
p-ca-albk(laskennallinentutkimus)	mmol/l	Source	161	138
s-aspvere	u/ml	Source	106	106
s-fusmone	u/ml	Source	104	104
s-statrae	u/ml	Source	83	83
b-vnp2y12	u	Source	33	26
b-hba1c	mmol/l	Source	134	88
e-erytrosyytit,kokojakumaprosentti	%	Source	497	41
wbc-largecellcount	e9/l	Source	489	41
wbc-middlecellratio	%	Source	489	41
p-probnp-osoitus	ng/l	Source	37	30
osmolaliteetti,seerumi	mosm/kgh2o	Source	123	92
as-lymf	%	Source	67	44
as-gran	%	Source	146	90
as-muutsol	%	Source	258	160
li-neut	%	Source	331	206
li-ly	%	Source	341	209
li-monos	%	Source	309	184
li-eos	%	Source	231	154
immunoglobuliinie,suunnattuseulonta(pölyer)	u/ml	Source	17	16
s-amh	ug/l	Extracted	90	86
du-uraat	umol	Source	64	54
plasmanc-reaktiivinenproteiiniosoitus	mg/l	Extracted	11	10
l-neut-kd	%	Source	111	56
l-lymf-kd	%	Source	111	56
l-mono-kd	%	Source	111	56
l-eos-kd	%	Source	111	56
l-baso-kd	%	Source	111	56
neutrofiilit+eosinofiilit,niv	%	Source	187	141
mononukleaarisetsolut,niveln	%	Source	186	140
p-kreapika	umol/l	Source	38	38
p-na-pika	mmol/l	Source	31	31
p-k-pika	mmol/l	Source	30	30
cb-kalsium,ionisoitunut	mmol/l	Source	203	109
u-glukoosi,(kval)	estimate	Source	89	69
triglyseriditplasmasta,paastotila(ko)	mmol/l	Source	103	100
hb-pikatesti	u	Source	7	6
p-etoh	g/l	Source	50	37
s-chlamydiapneumoniae(twar),iggvasta-aineet	eiu	Source	20	19
f-kalprotektiini,ulosteesta	ug/g	Extracted	16	16
s-kortisoli(ko)	nmol/l	Source	15	13
s-reumafaktori	kiu/l	Source	32	28
p-glukoosi,plasma	mmol/l	Source	32	18
beeta-2-glykoproteiini,igmvasta-aineet,plasma	u/ml	Source	47	39
beeta-2-glykoproteiini,iggvasta-aineet,plasma	u/ml	Source	116	107
u-hyalier	u/field	Source	109	104
u-tubulep	u/field	Source	123	112
li-leukosyytit	e6/l	Source	123	118
li-immunoglobuliinig,li-igg-oc:nosatutkimus	mg/l	Source	8	8
s-borreliaburgdorferi,igmvasta-aineet	au/ml	Source	66	62
li-fosfo-tauproteiini	ng/l	Source	24	24
li-tauproteiini	ng/l	Source	32	32
li-beeta-amyloidi42proteiini	ng/l	Source	20	20
u-jyvlier	u/field	Source	51	50
fs-rf	kiu/l	Source	98	90
-etohgc	mmol/l	Source	11	9
plasmanrauta	umol/l	Source	265	172
siklosporiinia,massaspektrometrinen,verestä	ug/l	Source	421	57
p-antitrombiiniiii	%	Source	230	175
p-hyytymistekijäviii,c	%	Source	12	10
p-proteiinis,vapaa,antigeeni	%	Source	14	14
s-normet	nmol/l	Extracted	8	8
s-rnp70-ab	u/ml	Source	262	225
sinkkipunasoluista	umol/l	Source	47	45
helicobakteeriag(osatutk)	eiu	Source	7	7
normetanefriini,vuorokausivirtsa	umol/l	Source	8	8
metanefriini,seerumi	nmol/l	Source	50	46
normetanefriini,seerumi	nmol/l	Source	65	61
p-gluk-1	mmol/l	Source	42	29
p-gluk-2	mmol/l	Source	57	40
s-sappihapot	umol/l	Source	24	19
p-antifactorix-aktiivisuus(hep.estovaikutusak	iu/ml	Source	94	43
s-ustekinumabi␤	mg/l	Source	24	18
s-trypg2	ug/l	Source	459	104
koivunsiitepöly,ige-va:t(s-)	u/ml	Source	25	25
s-halop	nmol/l	Source	30	13
c-reaktiivinenproteiini,pika	mg/l	Source	111	71
u-suhti	kg/l	QCOut	140	129
10503	mmol/l	Source	176	149
p-trombiiniaika	s	Source	111	92
kappa-lambda-suhde,kevytketjut,vapaat	ratio	Source	43	37
s-ami	mg/l	Extracted	24	20
p-c-reaktiivinenproteiini,pikatesti	mg/l	Extracted	190	158
fp-kromograniinia	nmol/l	Source	99	53
s-cpn-abg	eiu	Source	15	15
p-antifxa3	iu/ml	Source	53	15
s-prog	nmol/l	Extracted	21	16
s-testosteroni,massaspektrometrinen	nmol/l	Source	89	79
p-sukupuolihormonejasitovaglobuliini	nmol/l	Source	153	130
fs-transf	g/l	Extracted	83	73
b-gran	%	Source	9	9
b-mon	%	Source	25	21
NA	iu/ml	Source	43	41
s-dharipi	ug/l	Extracted	18	16
s-aridhas	ug/l	Extracted	18	16
s-desvenl	nmol/l	Extracted	9	9
fp-kolesteroli,lowdensitylipoproteinit	mmol/l	Extracted	60	50
b-eosinofiilit,erillistutkimuksena	e9/l	Source	58	56
kromipitoisuus,verestä	ug/l	Source	23	22
kobolttipitoisuus,verestä	ug/l	Source	21	20
b-hb-p	g/l	Source	19	17
p-krea-vt	mmol/l	Source	44	35
b-hb-a1c	%/mmol	Source	29	21
p-inr-pika	%	Extracted	38	24
fp-glukoosirasitus,0-näyte	mmol/l	Source	68	68
p-glukoosirasitus,120minnäyte	mmol/l	Source	126	120
s-dmriski	%	Source	16	16
s-mehiläisenmyrkky,rekombinantti(rapim10,i217),igevasta-ain	u/ml	Source	7	7
s-mehiläinen,rekombinantti(rapim1phospholipasea2,i208),igevasta-ai	u/ml	Source	6	6
b-tioguan	umol/l	Source	42	27
s-kysc	mg/l	Extracted	37	32
p-tt-inr	1	Source	23	9
diabetes-laskuri	form	Source	76	76
fp-kalsium,ionisoitunut	mmol/l	Source	172	113
-intem/ct	s	Source	38	19
-intem/cft	s	Source	38	19
-intem/mcf	mm	Source	38	19
-intem/a5	mm	Source	38	19
-intem/a10	mm	Source	38	19
-intem/a15	mm	Source	38	19
-intem/ml	%	Source	38	19
heptem/ct	s	Source	24	9
heptem/cft	s	Source	24	9
heptem/mcf	mm	Source	24	9
heptem/a5	mm	Source	24	9
heptem/a10	mm	Source	24	9
heptem/a15	mm	Source	24	9
heptem/ml	%	Source	24	9
karmiini	u/ml	Source	11	11
katkarapu	u/ml	Source	35	35
maapähkinä	u/ml	Source	24	21
munanvalku	u/ml	Source	13	12
b-laktaat	mmol/l	Source	337	255
b-t-cd4,t-auttajasolut	e9/l	Source	273	189
ly-t-auttajasojenosuus	%	Source	268	189
s-hepatitisbvirus,s-antigeeni,vasta-aineet	miu/ml	Source	97	88
s-epstein-barr-virus,iggvasta-aineet	u/ml	Source	17	17
s-cytomegalovirus,iggvasta-aineet	u/ml	Source	58	55
fp-glukoosirasitus,pikatutkimus0minnäyte	mmol/l	Source	14	12
fp-glukoosirasitus,0minnäyte	mmol/l	Source	28	26
p-glukoosirasitus,60minnäyte	mmol/l	Source	66	53
s-topira	mg/l	Source	34	17
fp-kol	mmol	Source	7	7
u-krea␤	mmol/l	Source	139	132
s-hepatiittibvirus,s-antigeeni,vasta-aineet	iu/l	Source	17	16
s-ck-mbm	ug/l	Source	40	32
s-psa-v/t	%	Extracted	6	6
aktuaalibikarbonaatti,venaverestä,pikatesti	mmol/l	Source	72	58
komplementtic3,pleuranesteestä	g/l	Source	17	15
komplementtic4,pleuranesteestä	g/l	Source	17	15
vi	form	Source	101	85
fp-ld	u/l	Source	6	6
s-dhtesto	nmol/l	Source	32	28
neutrofiilit,pleuraneste	%	Source	199	149
eosinofiilit,pleuraneste	%	Source	192	144
mononukleaarisetsolut,pleura	%	Source	69	48
-frtuab	titre	Source	72	52
ikäryhmä	mmol/l	Source	154	52
ikäryhmä	e9/l	Source	51	51
ikäryhmä	%	Source	41	41
ikäryhmä	u/l	Source	51	51
pd-neut+eo	%	Source	588	67
pd-lymf+mo	%	Source	145	25
pd-solut	e6/l	Source	925	94
pd-krea	umol/l	Source	990	165
pd-urea	mmol/l	Source	952	163
pd-gluk	mmol/l	Source	719	134
vb-hb-co	%	QCOut	43	36
s-gangabg	index	Extracted	18	17
p-cytomegalovirus,nukleiinihappo(kvant)	iu/ml	Source	49	11
p-prostataspesifinenantigeeni,vapaa,osuus	%	Source	204	169
u-kreahuu	mmol/l	Source	213	84
s-meoh	mmol/l	Source	50	45
s-ipro	mmol/l	Source	51	46
s-etglygc	mmol/l	Source	37	36
s-etohgc	mmol/l	Source	70	66
b-trinho	form	Source	29	29
am-trinho	form	Source	31	30
dnaex	form	Source	31	29
-generik	form	Source	60	48
am-dnamut	form	Source	20	17
zb-aktuaalibikarbonaatti	mmol/l	Source	394	119
zb-happikyllästeisyys(hemoglobiini)	%	Source	394	119
p-okorsol	nmol/l	Source	206	113
p-vkorsol	nmol/l	Source	161	114
p-akorsol	nmol/l	Source	124	114
s-oaldos	pmol/l	Source	200	112
s-valdos	pmol/l	Source	157	112
s-aaldos	pmol/l	Source	125	115
fp-a-vit	umol/l	Source	532	268
l-blasti-m	%	Source	7	6
s-caknab	index	Source	40	38
li-hsvabg	eiu	Source	185	161
lämpö	aste	Source	99	89
s-w-o9.12	titre	Extracted	27	24
s-w-h:i	titre	Extracted	28	27
s-genta	mg/l	Source	49	20
b-hba1c-e	mmol/mol	Source	85	61
30mkors	nmol/l	Source	20	19
0mkors	nmol/l	Source	24	22
s-prolaktiini,saanto	%	Source	29	28
tromboplastiiniaika,hus␤	%	Source	7	7
trombiiniaika,hus␤	s	Source	7	7
tromboplastiiniaika,aktivoitu,partiaalinen,hus	s	Source	11	11
p-hyytymistekijäxiii	%	Source	21	20
s-pähkier	u/ml	Source	83	82
s-muspipe	u/ml	Source	37	37
s-chipipe	u/ml	Source	67	66
s-ldpit	u/l	Source	145	139
korionkonadotropiini-beta-alayksikkö,vapaa,(alkuraskaudennäyte)	ug/l	Source	78	78
glukoosi,pikatutkimus	mmol/l	Source	70	57
glukoosikoe,1hnäyte,osatutk.glukras	mmol/l	Source	45	35
triglyseridit/lipidit(4568trigly),osatutkimus	mmol/l	Source	11	11
p-tni-o	ng/l	Source	27	25
s-hepyab	titre	Source	8	8
s-codiab	iu/ml	Extracted	143	121
syntymäpaino?(g)	g	Source	35	34
s-magnesium	mmol/l	Source	34	33
pt-icg-r	%	Source	78	72
s-koiranhilse(e5),igevasta-aineet	u/ml	Source	21	21
s-dermatophagoidespteronyssinus(d1),igevasta-aineet	u/ml	Source	64	64
s-cladosporiumherbarum(m2),igevasta-aineet	u/ml	Source	8	8
s-hmgcr-ab	u/ml	Source	15	7
b-beeta-hydroksibutyraatti,pikatutkimus,verestä	mmol/l	Source	85	57
bm-kromos	form	Source	30	28
bm-fish	form	Source	48	39
bm-dnaex	form	Source	45	39
bm-fuus-mr	form	Source	14	12
bm-fish3	form	Source	11	10
bm-flt3-d	form	Source	9	7
bm-dnamut	form	Source	33	27
pt-glomerulussuodosnopeus,estimoitu,ckd-epi-kaavalla	ml/min/173m2	Source	39	37
cb-inr-hoi	inr	Source	799	96
ly-lymfosyytit,b-cd19-solujenosuus	%	Source	178	139
oma-hba1c	mmol	Extracted	443	181
s-parvabg	iu/ml	Source	57	57
p-acth	ng/l	Extracted	38	27
s-clostridiumtetani,iggvasta-aineet	iu/ml	Source	20	20
s-pennote	u/ml	Source	13	13
eikäytössä	mg/l	Source	23	22
s-gammaglobuliini	g/l	Source	7	6
b-tbifng	iu/l	Source	117	108
s-gadab	u/ml	Source	25	23
u-trypg2	ug/l	Source	42	40
proteiini,vrk-virtsa	g	Source	50	35
virtsamäärä,vrk-virtsa	ml	Source	26	16
s-vilj3er	u/ml	Source	39	38
pt-gfrekce,glomerulussuodosnopeuskysc:stä	ml/min/173m2	Source	63	38
cb-pco2-mi	kpa	Source	10	6
cb-po2-mi	kpa	Source	10	6
cb-be-mi	mmol/l	Source	8	6
cb-hco3-mi	mmol/l	Source	18	12
s-t4-vd	pmol/l	Source	46	38
fp-aldos-p	pmol/l	Source	6	6
tb1antigen-putki	iu/ml	Source	23	20
s-estdio	nmol/l	Source	341	299
immunoglobuliinie-koivu	u/ml	Source	48	45
p-c-reaktiivinenproteiini,hoitoyksikkö	mg/l	Source	67	62
p-kloridi	mmol/l	Source	149	115
NA	titre	Source	13	7
s-gluteee	u/ml	Source	124	122
s-b2gpabg	sgu	Source	45	33
p-etoh	promillea	Source	168	131
af-liuskat	%	Source	9	9
afer-cd3	e8/kg	Source	47	39
s-macro-ck	u/l	Source	18	17
anti-muller-hormoni	ug/l	Source	49	48
s-sjögreninsyndroma,a(ro)-vasta-aineet	u/ml	Source	23	16
p-interleukiini-2:nreseptori,liukoinen	u/ml	Source	41	31
p-mitotan	mg/l	Source	266	16
tyreoglobuliini,seerumista	ug/l	Source	65	25
bordetella,iga-vasta	iu/ml	Source	8	8
bordetellaigg-vasta-ai	iu/ml	Source	6	6
s-ihmisenepididymaalinenantigeeni4	pmol/l	Source	252	168
u-lzm	mg/l	Source	17	17
p-rasuraat	umol/l	Source	153	51
s-ami	mg/l	Source	270	82
s-hevb11e	u/ml	Source	26	26
s-rarah1e	u/ml	Extracted	21	21
s-ranao3e	u/ml	Extracted	11	11
s-nglym5e	u/ml	Extracted	16	16
s-nglym6e	u/ml	Extracted	14	14
s-rjugr1e	u/ml	Extracted	15	15
s-rarah6e	u/ml	Extracted	11	11
gluteeni	u/ml	Source	34	33
alfalakalb	u/ml	Source	9	9
beetalakgl	u/ml	Source	9	9
maito	u/ml	Source	14	14
tyreotropiini,elinvasta-aineristireaktio,seerumista	mu/l	Source	72	38
pt-krea-cl	ml/s/173m2	Source	273	218
b-crppika	mg/l	Source	17	15
punasolujenjakaumaleveys(rdw)	%	Source	38	38
pölyryhmä,(phadiatop),igevasta-aineet	u/ml	Source	39	38
s-crp-o	u/ml	Source	10	10
s-hevonen,igevasta-aineet	u/ml	Source	20	20
s-ige-sse,pölyryhmä:dpteroe,kissae,hevonene,koirae,timoteie,cladhee,koivue,pujoe	u/ml	Source	50	50
s-allige,cashew-pähkinä	u/ml	Source	9	9
s-ige-sse,pähkinäryhmä2/nötter2	u/ml	Source	7	7
s-allige,koira(hilse)/hund(mjäll)osa	u/ml	Source	52	51
s-allige,munanvalkuainen/äggvitaosa	u/ml	Source	8	7
s-allige,vehnä(jauho)/vete(mjöl)	u/ml	Source	13	11
s-allige,maapähkinä/jordnötosatutkimus	u/ml	Source	12	11
p-antitro	%	Source	48	47
b-takrolimuusi,massaspekrometrinen	ug/l	Source	359	33
p-bk-virus,nukleiinihappo(kvant)	iu/ml	Source	56	11
fs-a-vitamiini	umol/l	Source	26	23
s-helicobacterpylori,igavasta-aineeteia	u/ml	Source	46	45
s-helicobacterpylori,iggvasta-aineeteia	u/ml	Source	44	43
p-aspartaattiaminotransferaasi	u/l	Extracted	25	17
p-kolesteroli-hdl	mmol/l	Source	86	74
p-kolesteroli-ldl	mmol/l	Source	132	100
tyroksiini,vapaaseerumista	pmol/l	Source	102	74
cladosp.he	u/ml	Source	69	68
p-korsol.	nmol/l	Source	102	94
s-metanef	nmol/l	Source	140	111
s-viseabg	au/ml	Source	47	42
s-viseabm	au/ml	Source	128	107
s-bopeabm	index	Source	114	89
s-afluu	%	Source	87	80
s-afsuoli	%	Source	49	46
s-afospit	u/l	Source	177	155
s-afmaksa	%	Source	89	82
s-tbetot	titre	Source	88	76
s-e1	pmol/l	Source	123	111
maksa-2-isoentsyymi(sappitieisoentsyymi)	u/l	Source	12	12
suolistoisoentsyymi	u/l	Source	53	52
afos(isoentsyymeihinliittyvä)	u/l	Source	14	14
s-follikkeliastimuloivahormoni	u/l	Source	80	78
s-luteinisoivahormoni	u/l	Source	26	25
u-leuk-o	u/field	Source	53	48
u-levyepiteelit	u/field	Source	77	65
u-välimuotoisetepiteelit	u/field	Source	75	63
s-fascab	od	Source	120	113
s-trspab.	od	Source	100	93
s-tocaab.	od	Source	100	93
s-schiaab	od	Source	125	118
s-schimab	od	Source	126	119
s-filaab.	od	Source	100	93
li-l/liusk	%	Source	145	92
li-l/yksit	%	Source	145	92
120mp-glu	mmol/l	Source	95	93
s-testosteroni,vapaa,laskettu,seerumista	pmol/l	Source	33	26
rauta(fp-fe)	umol/l	Source	34	31
s-cdt	u/l	Source	35	30
6427s-triglyosatutk.	mmol/l	Source	7	6
6428s-kolosatutk.	mmol/l	Source	7	6
6430s-kol-hdlosatutk.	mmol/l	Source	7	6
6432s-kol-ldlosatutk.	mmol/l	Source	7	6
9120e-punasolujenkokojakaumaosatutk.	%	Source	82	56
b-eosinofiiliterillistutkimuksena	e9/l	Source	18	18
li-fosftau	ng/l	Source	13	13
li-infaabg	eiu	Source	38	36
p-crp-poc	mg/l	Source	281	142
s-envabcf	titre	Source	46	41
s-vzvabcf	titre	Source	6	6
s-toxabcf	titre	Source	23	19
s-hbsab	mlu/l	Source	54	40
li-nfl	ng/l	Source	35	34
s-borrabc6	li	Source	6	6
s-caknab	index	Extracted	9	9
s-cakpqab	pmol/l	Source	11	11
b-tni-vt	ug/l	Source	30	21
ts-pad-1	form	Source	14	13
af-amyl	u/l	Source	19	18
s-risperidoninja9-hydroksirisperidoninsumma	nmol/l	Source	13	8
as-krea	umol/l	Source	162	107
pt-krea-cl	ml/s/173m2	Extracted	8	8
14025	mg/l	Source	106	49
s-ustekin	mg/l	Source	48	32
beeta-hydroksibutyraatti	mmol/l	Source	21	15
prealbumiini	g/l	Source	85	72
s-tesmsvl	pmol/l	Source	118	109
hba1c-vier	mmol/mol	Source	100	62
s-s100	ug/l	Source	276	117
s-9-ohrisp	nmol/l	Source	46	37
tyroideaperoksidaasiva(tpoab)	u/ml	Source	14	13
fs-ffa	mmol/l	Source	169	65
s-etosux	umol/l	Source	60	16
b-leuk-vt	ng/l	Source	134	76
fs-apob/a1	ratioluku	Source	64	37
p-tntp	ng/l	Source	19	11
u-albumiininjakreatiniinisuhde	mg/mmol	Source	11	10
s-mito-ab	titre	Source	8	8
b-trombosyytit,adp-vasteverifynow-laitteella	pru	Source	29	29
s-olantsapiini	nmol/l	Source	40	34
s-estradioli	nmol/l	Source	45	42
s-tsh	u/l	Source	142	86
sy-gluk	mmol/l	Source	115	110
p-psa-suhd	%	Source	15	13
b-beeta-hydroksibutyraatti,pika	mmol/l	Source	10	10
b-lymf-m	%	Source	131	63
b-ketoaineet	mmol/l	Extracted	80	71
s-echiab.	od	Source	72	66
s-testosteroni,herkkämenetelmä	nmol/l	Source	23	20
fiddpika	mg/l	Extracted	29	26
p-beeta-2-glykoproteiini,iggvasta-aine	u/ml	Source	126	119
p-kardiolipiini,iggvasta-aineet,plasmasta	u/ml	Source	56	52
p-hepyabg	eiu	Extracted	12	11
fp-pepsin2	ug/l	Source	22	18
fp-gastr17	pmol/l	Source	24	23
s-etoh	promille	Extracted	137	73
s-asetoni	mmol/l	Source	42	32
u-albumiininjakreatiniininsuhde(mikroalbumiini)	mg/mmol	Source	20	14
b-hemoglobiinia1c,glykoitunut,pikatesti,osavastauspika-ghb-a1c	%	Source	32	22
b-hemoglobiinia1c,glykoitunut,pikatesti,osavastauspika-hba1c	mmol/mol	Source	32	22
s-timotei,igevasta-aineetosat.	u/ml	Source	46	46
s-koivu,igevasta-aineet	u/ml	Source	67	67
s-pujonsiitepöly,ige-vasta-aineet	u/ml	Source	46	46
hevonen(hilse)igevasta-aineet	u/ml	Source	46	46
s-kissanhilse(e1),ige-vasta-aineet	u/ml	Source	135	135
dermatophagoidespteronyssimus,igevasta-aineet	u/ml	Source	46	46
p-kardiolipiini,iggvasta-aineet	u/ml	Source	185	158
14397	titre	Source	20	13
lmono(a)	%	Source	213	98
plasmankreatiinikinaasi	u/l	Source	28	26
du-sitraat	mmol/24h	Source	153	105
s-se	umol/l	Source	44	36
b-ristoh	auc	Source	28	26
b-adp	auc	Source	28	26
b-aspi	auc	Source	28	26
b-trap	auc	Source	28	26
tyreoglobuliini	ug/l	Source	81	23
li-immunoglobuliinig,li-ig-oc:nosatutkimus,huslab	mg/l	Source	28	26
b-b-tyypinnatriureettinenpeptidi	ng/l	Source	7	7
p-psaleik	ug/l	Source	164	147
s-hyalur	ug/l	Source	24	23
s-timp-1	ug/l	Source	23	22
s-b12-vitamiini,transkobalamiiniii:eensit.	pmol/l	Source	81	72
u-lieriö	e6/l	Extracted	27	18
immunoglobuliinig	g/l	Source	81	77
s-immunoglobuliinig,alaluokka4␤	g/l	Source	51	46
s-igg-summa	g/l	Source	51	46
p-kalsium,ionisoitunut,ph7.4korjattu	mmol/l	Source	33	29
fs-non-hdl-kolesteroli	mmol/l	Source	77	74
b-probnpo	ng/l	Source	44	38
p-fviiikr	%	Source	124	28
s-ige-ss	u/ml	Source	95	90
s-parvovirus,iggvasta-aineet	index	Source	16	16
b-crp-0	mg/l	Source	280	137
b-leuk-pika	e9/l	Source	478	247
sokerirasitus,0-näyte	mmol/l	Source	66	54
sokerirasitus,2hnäyte	mmol/l	Source	104	65
lämpöt.	°c	Source	103	75
du-alb-mi	ug/min	Source	37	33
cp-glukoosi	1	Source	60	37
s-papuvae	u/ml	Source	21	21
li-borrabm	u	Source	57	53
fp-hcyst	umol/l	Source	105	101
p-at3-spr	%	Source	330	314
p-traispr	s	Source	110	103
b-vnaspi	u	Source	13	11
s-borrelia,igmvasta-aineet	au/ml	Source	71	67
af-bil	umol/l	Source	18	15
s-allige,soijapapu/sojaböna	u/ml	Source	7	7
s-allige,maapähkinä/jordnöt	u/ml	Source	22	21
s-allige,kala(turska)/fisk(torsk)	u/ml	Source	11	10
b-hba1cvt	%	QCOut	39	37
hb(päiv.hoitaja)	g/l	Source	52	52
residuaali-mittaus	ml	Source	9	8
neutrofiilit+eosinofiilit,selkäydinneste	%	Source	34	31
mononukleaarisetsolut,selkäydinneste	%	Source	34	31
s-borrelia,iggvasta-aineet	au/ml	Source	106	93
li-borrelia,iggvasta-aineet	au/ml	Source	6	6
b-inrpika	inr	Source	1539	50
b-inrpika	inr	Extracted	1505	52
du-prot	mg/24h	Source	200	95
s-cmvavi	index	Source	119	110
s-borrabg	au/ml	Extracted	21	20
ab-kokonaishemoglobiiniverikaasuanalysaattorista	g/l	Source	42	31
igekoivu	u/ml	Source	241	236
fvc	l	Source	24	18
fev1	l	Source	23	17
fev1	%	Source	30	24
ribonukleoproteiini,nukleaarinen,vasta-aineet,seerumista	u/ml	Source	48	45
sm,vasta-aineet,seerumista	u/ml	Source	17	17
s-afluu	u/l	Source	80	69
s-ld1	%	Source	17	16
s-ld5	%	Source	17	16
s-ld2	%	Source	17	16
s-ld3	%	Source	17	16
s-ld4	%	Source	17	16
c-reaktiivinenproteiini,vieritesti	mg/l	Source	23	21
infliksimabipitoisuus,seerumista␤	mg/l	Source	36	28
infliksimabivasta-aineet,seerumista␤	au/ml	Source	9	8
s-agm1abg	index	Source	8	8
s-agm1abm	index	Source	8	8
p-psa-suh	ratio	Source	8	8
bl-alb	mg/l	Source	81	76
s-ruok5ry	u/ml	Source	127	126
s-glpepabg	au	Source	181	176
s-niitnue	u/ml	Source	59	57
s-koiheie	u/ml	Source	72	70
s-nurnate	u/ml	Source	83	81
s-eläi1er	u/ml	Source	123	119
fs-kalsium-ioni.aktuaali	mmol/l	Source	216	182
u-hyallie	e6/l	Source	146	99
p-ttspr	%	Source	66	60
l-erytroblastit	u/100le	Source	63	24
s-pr3abgk	iu/ml	Source	18	15
s-b12-vitamiini(pi)	pmol/l	Source	39	34
s-borreliaburgdorferi,igmvasta-aineet	responseequivalent/ml	Source	20	18
-afp	u/ml	Source	16	16
s-gelate	u/ml	Source	19	18
hemoglobiini-a1c,vieritesti	mmol/mol	Source	35	27
-aikaglukoositavoitteessa	%	Source	28	23
-aikahypoglykemiassa	%	Source	27	22
s-prltot	mu/l	Source	246	224
fp-glukgr0	mmol/l	Source	33	31
p-glukgr2	mmol/l	Source	33	31
p-glukgr3	mmol/l	Source	33	31
-gluk-0	mmol/l	Source	8	8
-gluk-1h	mmol/l	Source	8	8
-gluk-2h	mmol/l	Source	8	8
b-hkr	%	QCOut	55	50
vb-he-tase,vb-beecf	mmol/l	Source	202	152
l-basofiilisetlaukosyytit	%	Source	76	68
l-eosinofiilit	%	Extracted	23	21
pähkinäpen	u/ml	Source	10	10
am-afp	u/ml	Source	73	69
s-piiinp	u/ml	Source	31	30
ekg-12	tehtu	Source	12	11
s-koivue.	u/ml	Source	8	7
p-dvitamiini-25-oh	nmol/l	Source	28	25
bl-cd4/cd8	form	Source	42	41
la-t-cd3	e9/l	Source	53	46
la-t-cd4	e9/l	Source	53	46
la-t-cd8	e9/l	Source	53	46
so-t-cd3	%	Source	149	121
so-t-cd4	%	Source	149	121
so-t-cd8	%	Source	149	121
b-ko/epi3	s	Source	66	59
m-komp-1	mg/l	Source	199	53
b-diffi,l-lymf	%	Source	39	18
b-diffi,l-metam	%	Source	38	17
b-diffi,l-myel	%	Source	39	18
b-diffi,l-neutr	%	Source	38	17
b-diffi,l-plast	%	Source	38	17
b-diffi,l-promyel	%	Source	38	17
s-tbeabg	eiu	Source	74	63
transferriini	g/l	Source	212	165
e-dysmorf	%	Source	65	57
e-akantos	%	Source	65	57
s-strdnab	u/ml	Source	124	110
b-leukppi	e9/l	Source	22	22
s-zuklop	nmol/l	Source	96	49
u-zn	umol/l	Source	7	6
u-cd	nmol/l	Source	31	24
s-gangabm	%	Source	18	12
levyepiteelisolut	e6/l	Source	33	26
hyaliinilieriöt	e6/l	Source	18	15
pienetepiteelisolut	e6/l	Source	264	245
muutlieriöt	e6/l	Source	18	15
s-syklinencitrullinoitupeptidi,vasta-aine	u/ml	Source	36	35
99112367s-mycoplasmapneumoniae,iggvasta-aineet	eiu	Source	9	8
s-mpoab	u/ml	Source	585	113
s-myeloperoksidaasi,vasta-aineet	u/ml	Source	16	9
s-myeloperoksidaasi,vasta-aineet	kiu/l	Source	25	12
p-prostataspesifinenantigeeni,vapaa:totaali-suhde	%	Source	19	15
s-epstein-barrvirus,iggvasta-aineet	u/ml	Source	75	70
ly-tbspota	sp/e6lum	Source	77	73
ly-tbspotb	sp/e6lum	Source	79	75
ly-tbspppd	sp/e6lum	Source	78	74
sp-siittiöidenliikkuvuus,kaikkiliikkuvat	%	Source	7	7
sp-siittiöidenliikkuvuuspr,eteenpäinliikkuvat	%	Source	7	7
sp-siittiöidenliikkuvuusnp,paikallaanliikkuvat	%	Source	7	7
sp-siittiöidenliikkuvuusim,liikkumattomat	%	Source	7	7
sp-tilavuus	ml	Source	10	10
sp-siittiötiheys	e6/ml	Source	10	10
sp-siittiöidenkokonaislukumäärä	e6	Source	10	10
sp-pyöreätsolut,sperma	e6/ml	Source	10	10
s-osteoca	ug/l	Source	52	43
s-ribosomaalisetfosfoproteiinit,vasta-aineet	u/ml	Source	28	27
crppika	mg/ml	Extracted	7	6
s-erytropoietiini	u/l	Source	269	257
prostataspesifinenantigeeni,osuus	%	Source	108	57
s-ruokae	u/ml	Source	17	16
oma-phepoc	1	Source	160	121
oma-pco2(hiilidioksidiosapaine)epoc	1	Source	160	122
oma-po2(happiosapaine)epoc	1	Source	159	122
oma-na+(natrium)epoc	1	Source	159	123
oma-k+(kalium)epoc	1	Source	157	122
oma-ca++(kalsiumioni)epoc	1	Source	156	121
oma-glu(glukoosi)epoc	1	Source	156	121
oma-lac(laktaatti)epoc	1	Source	155	120
oma-cl-(kloridi)epoc	1	Source	153	118
oma-kreaepoc	1	Source	150	117
oma-hct(hematokriitti)epoc	1	Source	148	118
oma-chgb(hemoglobiini)epoc	1	Source	147	117
oma-chco3-(karbonaatti)epoc	1	Source	137	108
s-linssie	u/ml	Source	16	15
s-aukusie	u/ml	Source	21	21
s-chlacf	titre	Source	27	26
b-hba1c	%	QCOut	19	12
cu-igg	ug/min	Source	71	69
tromboplastiiniaika,hus	%	Source	43	42
trombiiniaika,hus	s	Source	47	47
antitrombiiniiii,hus	%	Source	30	30
s-rsvab	eiu	Source	92	86
s-infbab	eiu	Source	75	70
kollageeni/adp	s	Source	30	25
kollageenii/adrenaliini	s	Source	23	19
du-proteiini,(du-prot-fr,valetietue)	g	Source	16	14
du-proteiini(kok.)jatkoa	ml	Source	13	13
p-glukoosi,toimintakokeissa,1h	mmol/l	Source	126	93
p-fviii	form	Source	7	7
p-at3	form	Source	18	17
b12-vitamiini,transkobalamiiniii:eens	pmol/l	Source	51	49
ly-cd4-cd8-	%	Source	16	14
s-viseabm,borreliaburgdorferinvisejaospcproteiinit,vasta-ainetigm	au/ml	Source	63	51
s-aurpule	u/ml	Source	43	42
s-chlamydiapneumoniae,iggvasta-aineet	eiu	Source	55	53
s-micfaeg	mg/l	Source	45	45
glycopha.d	u/ml	Source	12	12
vehnä,sipö	u/ml	Source	11	11
acaru.siro	u/ml	Source	15	15
kaura,sipö	u/ml	Source	12	12
ruis,sipö	u/ml	Source	12	12
b-tioguaniini	umol/l	Source	9	6
b-6-metyylimerkaptopuriini	umol/l	Source	8	6
b-hb-a1c	mmol/l	Source	12	7
s-immunoglobuliini,kevytketjut,lambda,vapaat	mg/l	Source	581	194
s-immunoglobuliini,kevytketjut,kappa,vapaat	mg/l	Source	579	193
s-beeta-2-mikroglobuliini	mg/l	Source	95	84
polymorfologisetleukosyytit	%	Source	10	10
mononukleaarisetleukosyytit	%	Source	14	14
ua-hiilidioksidiosapaine,napavaltimo	kpa	Source	32	31
ua-happiosapaine,napavaltimo	kpa	Source	30	29
ua-standardibikarbonaatti,napavaltimo	mmol/l	Source	31	30
ua-happikyllästeisyys(hemoglobiini),napavaltimo	%	Source	31	30
uv-hiilidioksidiosapaine,napalaskimo	kpa	Source	32	32
uv-happiosapaine,napalaskimo	kpa	Source	32	32
uv-standardibikarbonaatti,napalaskimo	mmol/l	Source	32	32
uv-happikyllästeisyys(hemoglobiini),napalaskimo	%	Source	32	32
NA	ug/g	Source	27	24
b-6-tgn	umol/l	Extracted	6	6
s-sikalie	u/ml	Source	16	15
fp-kolesteroli,highdensitylipoproteiinit	mmol/l	Extracted	59	53
b-hemoglobiini-a1c	mmol/mol	Extracted	92	63
keskisoluhemoglobiini	pg	Source	89	70
keskisoluhemoglobiinikonsentraatio	g/l	Source	89	70
11362	mg/l	Source	21	18
s-d-1.25	pmol/l	Source	63	38
pd-neut	%	Source	157	24
pd-ly	%	Source	151	24
pd-eos	%	Source	126	23
pd-leukmuu	%	Source	149	24
p-bkvnh	iu/ml	Source	260	39
fp-uraat	umol/l	Source	136	80
ly-t-cd4/8	ratio	Extracted	72	51
b-c/epi	s	Source	139	122
pt-fvspird	form	Source	18	15
c-peptidi,proinsuliinin,aterianjälkeinen	nmol/l	Source	51	50
pt-krea-cl	ml/min/173m2	Source	28	24
p-proaika	s	Source	388	52
keruloplasmiini,seerumi	mg/l	Source	10	10
eosinofiilitdiffissä	e9/l	Source	46	33
neutrofiilitdiffissä	e9/l	Source	45	35
bilirubiini,plasmasta	umol/l	Source	63	48
NA	ml/min/173m2	Source	19	19
p-transferriininkyllästymisaste	%	Source	95	77
p-probnpvt	ng/l	Source	196	86
p-reniini,konsentraatio	mu/l	Source	75	64
s-aldosteroni	pmol/l	Source	81	72
du-metanefriini	umol	Source	11	10
du-normetanefriini	umol	Source	19	19
s-igg,oligoklonaalinen	g/l	Source	42	40
p-kalsium,plasma(ko)	mmol/l	Source	38	35
pt-gal-r3	min	Source	36	36
s-kalsiumionisoitunut,aktuaali	mmol/l	Source	27	15
verikaasuanalyysi+hbo2sat+hb+na+k+ca-ion+gluklaskimoveresrä,osavastausagapk	mmol/l	Source	22	10
verikaasuanalyysi+hbo2sat+hb+na+k+ca-ion+gluklaskimoveresrä,osavastausbe(ecf)	mmol/l	Source	25	12
verikaasuanalyysi+hbo2sat+hb+na+k+ca-ion+gluklaskimoveresrä,osavastausca++	mmol/l	Source	25	12
verikaasuanalyysi+hbo2sat+hb+na+k+ca-ion+gluklaskimoveresrä,osavastauschco3	mmol/l	Source	26	12
verikaasuanalyysi+hbo2sat+hb+na+k+ca-ion+gluklaskimoveresrä,osavastauschgb	g/l	Source	22	10
verikaasuanalyysi+hbo2sat+hb+na+k+ca-ion+gluklaskimoveresrä,osavastauscl-	mmol/l	Source	25	12
verikaasuanalyysi+hbo2sat+hb+na+k+ca-ion+gluklaskimoveresrä,osavastauscrea	umol/l	Source	25	12
verikaasuanalyysi+hbo2sat+hb+na+k+ca-ion+gluklaskimoveresrä,osavastauscso2	%	Source	25	12
verikaasuanalyysi+hbo2sat+hb+na+k+ca-ion+gluklaskimoveresrä,osavastausctc02	mmol/l	Source	22	10
verikaasuanalyysi+hbo2sat+hb+na+k+ca-ion+gluklaskimoveresrä,osavastausglu	mmol/l	Source	25	12
verikaasuanalyysi+hbo2sat+hb+na+k+ca-ion+gluklaskimoveresrä,osavastaushct	l/l	Source	22	10
verikaasuanalyysi+hbo2sat+hb+na+k+ca-ion+gluklaskimoveresrä,osavastausk+	mmol/l	Source	25	12
verikaasuanalyysi+hbo2sat+hb+na+k+ca-ion+gluklaskimoveresrä,osavastauslac	mmol/l	Source	25	12
verikaasuanalyysi+hbo2sat+hb+na+k+ca-ion+gluklaskimoveresrä,osavastausna+	mmol/l	Source	25	12
verikaasuanalyysi+hbo2sat+hb+na+k+ca-ion+gluklaskimoveresrä,osavastauspco2	kpa	Source	26	12
verikaasuanalyysi+hbo2sat+hb+na+k+ca-ion+gluklaskimoveresrä,osavastauspo2	kpa	Source	26	12
neutrofiilit,koneellinen	%	Source	10	9
lymfosyytit,koneellinen	%	Source	10	9
monosyytit,koneellinen	%	Source	10	9
neutrofiilit,koneellinen	e9/l	Source	10	9
s-sjögreninsyndromab(la)-vasta-aineet	u/ml	Source	18	14
-ana	titre	Source	21	20
s-hydroksi-indolyyliasetaatti(5-)	nmol/l	Source	71	37
p-pepsin1	ug/l	Source	37	37
uv-be	mmol/l	Source	35	35
e-hemoglobiini,keskimassakonsentraatio	g/l	Extracted	67	58
fp-kolesteroli,plasma	mmol/l	Extracted	32	28
fp-triglyseridit,plasma	mmol/l	Source	82	76
c-peptidi,proinsuliinin,paastonaikainen	nmol/l	Source	60	53
erytrosyytit	u/field	Source	44	23
s-ribonukleoproteiini,nukleaarinen,vasta-aineet	u/ml	Source	54	42
s-skleroderma70,vasta-aineet	u/ml	Source	31	29
u-huuml-o	form	Source	6	6
reniini,konsentraatio,plasmasta	mu/l	Source	9	9
p-non-hdl	mmol/l	Source	40	40
u-dysmorf	%	Source	31	30
tromboplastiiniaika,inr-tulostus,laaduntarkkailu	inr	Source	127	32
s-mäntye	u/ml	Source	38	37
tyrophag.p	u/ml	Source	16	16
nbosd4	u/ml	Source	6	6
nbosd5	u/ml	Source	7	7
s-asiroe	u/ml	Source	101	100
s-ldestre	u/ml	Source	93	90
s-lehmäke	u/ml	Source	6	6
s-acsiroe	u/ml	Source	7	7
s-tputree	u/ml	Source	89	88
s-fakb	g/l	Source	27	26
p-properdiini	%	Source	16	15
gal-alpha-1,3-galthyroglobulin,bovine,igevasta-aineet,seerumista	u/ml	Source	64	62
gliadiini(f98),igevasta-aineet,seerumista	u/ml	Source	46	45
nu-gluk	mmol/12h	Source	17	16
l-mxdp	%	Source	88	72
l-lyp	%	Source	88	72
l-neutp	%	Source	88	72
vldlkolestroli(osatutkimus)	mmol/l	Source	43	40
s-glutamaattidekarboksylaasi(gad),vasta-aineet	iu/ml	Source	61	59
s-c-ancif	titre	Source	162	119
s-pr3abg	iu/ml	Source	54	23
neutrofiilit,konediffi()	%	Source	45	39
lymfosyytit,konediffi()	%	Source	45	39
monosyytit,konediffi()	%	Source	45	39
eosinofiilit,abs,konediffi	e9/l	Source	45	39
neutrofiilitabs,konediffi	e9/l	Source	45	39
fp-rf	iu/ml	Source	35	32
du-k	mmol/24h	Source	19	19
alfa-1-fetoproteiini,seerumista	u/ml	Source	105	58
s-fibrill	u/ml	Source	9	9
s-b12t-c2	pmol/l	Source	132	81
b-c/adp	s	Source	32	30
afoskokonaispitoisuus,seerumista	u/l	Source	27	27
maksaisoentsyymi,seerumista	%	Source	27	27
s-luustoperäinenisoentsyymi	%	Source	35	34
s-suolistoisoentsyymi	%	Source	20	20
p-bkvnh	u/ml	Source	148	36
troponiinit(4532p-tnt)	ng/l	Source	28	26
cp-hco3st	mmol/l	Source	453	219
siklosporiinia,massaspektrometrinen,veri	ug/l	Source	393	26
cytomegalovirus,nukleiinihappo	iu/ml	Source	26	9
p-metnef	nmol/l	Source	49	39
sa-kors	nmol/l	Source	46	10
14078	ug/l	Source	113	31
du-cu	umol/24h	Source	127	101
p-kor/0	nmol/l	Source	22	19
p-kor/30	nmol/l	Source	20	17
p-kor/60	nmol/l	Source	14	14
prealbumiini,plasma	g/l	Source	103	69
s-parasetamoli	umol/l	Source	23	19
fs-tryps	ug/l	Source	25	22
u-albumiini,kval.	estimate	Source	90	73
p-aboabag	titre	Extracted	178	22
s-parvabg	titre	Extracted	48	39
p-sc5b-9	ng/ml	Source	32	32
b-trom	%	Source	131	50
b-hb-f-vr	%	Source	24	24
p-beta-2-glykoproteiini,vasta-aineetigg	u/ml	Source	6	6
p-kardiolipiini-iggvasta-aineet(fosfolipidi,igg-	u/ml	Source	8	8
p-trombiiniaikahuslab	s	Source	6	6
p-tromboplastiiniaika,-tulostushuslab	%	Source	6	6
cb-happikyllästeisyys(hemoglobiini)	%	Source	21	15
ab-happiosapaine	kpa	Source	352	259
ab-hiilidioksidiosapaine	kpa	Source	352	259
ab-happikyllästeisyys(hemoglobiinin,osuustoimin	%	Source	63	36
s-kupari	umol/l	Source	9	9
pf-ph	ph	Source	29	20
b-tromsit	e9/l	Source	84	34
li-ada	u/l	Source	64	57
s-alb/li	g/l	Source	55	52
s-igg/li	g/l	Source	54	51
21764	u/ml	Source	12	12
s-apim10e	u/ml	Source	84	81
p2y12-vastetulosverifynow-lai	pru	Source	25	14
p2y12-inhibitioprosenttiverif	%	Source	25	14
d-cmvabg	au/ml	Source	44	44
borreliaigm,varmistus,seerumista	au/ml	Source	81	64
happamuusaste,valtimoveri	ph	Source	55	37
glomerulussuodosnopeus,estimoitu,ckd-epi-kaavalla	ml/min/173m2	Source	168	146
immunoglobuliinie	u/ml	Source	18	14
s-tymidiinikinaasi	u/l	Source	237	121
s-aldolaasi	u/l	Source	38	35
s-dna,natiivi,vasta-aineet	iu/ml	Source	23	21
sinkki	umol/l	Source	30	29
mononukleaarisetsolut,pleuraneste	%	Source	125	96
solut,pleuraneste	e6/l	Source	144	107
proteiinit,muupunktioneste	g/l	Source	8	6
b-basofiilit,absoluuttiset	e9/l	Extracted	9	8
b-lymfosyytit,absoluuttiset	e9/l	Extracted	9	8
b-monosyytit,absoluuttiset	e9/l	Extracted	9	8
b-neutrofiilit,absoluuttiset	e9/l	Extracted	9	8
b-hbpvk	g/l	Source	79	43
s-mycoplasmapneumoniaeigg,vasta-aineet	eiu	Source	31	29
b-fosfatidyylietanoli,verestä(pi)	umol/l	Source	6	6
cb-hba1cnla	mmol/mol	Source	212	51
s-ruoerco	u/ml	Source	33	32
muutsolut,pleuraneste	%	Source	58	56
s-pähpene	u/ml	Source	98	98
p-urea,resirkulaatio	mmol/l	Source	200	66
-ennendialyysiä,p-urea	mmol/l	Source	210	68
-dialyysinjälkeen,p-urea	mmol/l	Source	180	68
s-maitaba	%	Source	23	23
s-maitabg	%	Source	25	25
1hkors	nmol/l	Source	6	6
s-perinukleaarinenneutrofiiliensytoplasmava	titre	Source	27	26
s-mypnabg	form	Source	53	44
s-d2-25	nmol/l	Source	140	103
s-kissa,igevasta-aineet	u/ml	Source	39	39
s-sjögreninsyndrooma,a(ro-),vasta-aineet	u/ml	Source	18	11
ghb-a1c-pika	%	Source	88	30
p-krea(gf	umol/l	Source	14	11
p-krea(gfre)	umol/l	Source	92	63
c-reaktiivinenproteiini,pikatutkimus	mg/l	Source	106	66
s-heiner	u/ml	Source	16	15
s-tammie	u/ml	Source	33	33
s-allige,dermatophagoidespteronyssinus,pölypunkki/dammvalster	u/ml	Source	35	35
s-legiabg	u/ml	Source	10	10
s-psa-v	%	Source	63	50
s-tyreotropiini,peg-saostuksella	mu/l	Source	28	20
trijodityroniini,vapaa,plasmasta	pmol/l	Source	51	42
as-l/liusk	%	Source	218	97
as-l/yksit	%	Source	218	97
lamotrigiini	umol/l	Source	23	18
bu-gran	%	Source	15	15
bu-lymf	%	Source	15	15
bu-muutsol	%	Source	27	26
bu-solut	e6/l	Source	96	86
sjögreninsyndroma,b(la)vasta-aineet,seerumista	u/ml	Source	7	7
p-glukoosipotilaanomallamittarilla	mmol/l	Source	44	43
s-igfbp3	mg/l	Source	86	65
p-tntpika	ng/l	Source	53	43
dna,natiivi,vasta-aineet	kiu/l	Source	113	64
b-cd4sup	ng/ml	Source	43	23
pt-afpmom	mom	Source	26	25
pt-hcgbmom	mom	Source	26	25
pt-ikä(dd)	v	Source	27	25
s-ifx-ab	au/ml	Source	48	41
s-adalimu	mg/l	Extracted	28	25
hct(hkr)-v	%pcv	Source	20	20
s-ica-vier	mmol/l	Source	24	23
bl-eryt	u/ul	Source	71	64
bl-muusolu	u/ul	Source	71	64
pt-glomerulussuodosnopeus,estimoitukystatiinic:stä	ml/min/173m2	Source	73	50
adrenokortikotropiini	ng/l	Source	71	62
-immunoglobuliini,alaluokkag1	g/l	Source	74	46
-immunoglobuliini,alaluokkag2	g/l	Source	74	46
s-immunoglobuliini,alaluokkag3	g/l	Source	74	46
s-immunoglobuliinig4	g/l	Source	74	46
s-immunoglobuliini-g,summa	g/l	Source	74	46
p-lipoproteiini,apoa1	g/l	Source	60	33
p-lipoproteiini,apob	g/l	Source	61	33
s-seesame	u/ml	Source	24	24
s-bopeaba	iu/ml	Extracted	24	21
NA	e6/l	Source	213	68
NA	mosm/k	Source	76	67
bor-it-abm	index	Source	18	15
cu-prot	g	Source	34	29
fp-b6-vitamiini	nmol/l	Source	23	21
u-albkre,osatutk4511	mg/mmol	Source	34	22
s-mpn-abg	eiu	Source	43	41
s-mpn-abm	s/co	Source	9	8
p2y12-reseptoriestonseuranta(vasp),veri	%	Source	19	19
s-prolaktiini,biologisestiaktiivinenosuus	%	Source	22	17
s-prolaktiini,biologisestiaktiivinen	mu/l	Source	61	55
s-kissanhilse(e1),igevasta-aineet	u/ml	Source	14	13
cladosporiumherbarum(m2),ige-vasta-aineet	u/ml	Source	14	13
s-kolhdl3	mmol/l	Source	9	9
rauta(fe)	umol/l	Source	27	16
transferriini(transf)	g/l	Source	20	14
transferriininrautakyllästeisyys(trfesat)	%	Source	16	12
b-p2y12-reseptoriestonseuranta	%	Source	36	36
s-cladcle	u/ml	Source	109	108
kardiolipiini,iggvasta-aineet,plasmasta	gpl	Source	29	26
-cv19ag	mmol/l	Source	25	8
s-luu	u/l	Source	22	20
album	g/l	Source	346	112
-cdt	mg/l	Source	174	114
-transf	g/l	Source	143	84
nu-dala	umol/l	Source	31	29
dna,vasta-aineet,natiivi	kiu/l	Source	180	142
s-brucab	titre	Source	15	12
s-testosteronivapaalaskettu	pmol/l	Source	102	77
s-testo	pmol/l	Source	25	20
trijodityroniini,vapaa,vertailumenetelmä	pmol/l	Source	13	13
li-immunoglobuliinig,indeksi	index	Source	16	16
b-c9orf72	form	Source	12	12
b-mn	ug/l	Source	9	7
s-acrkile	u/ml	Source	85	85
s-trvirie	u/ml	Source	57	57
vehnä,ruok	u/ml	Source	42	39
tyroksiini,vapaa,vertailumen	pmol/l	Source	41	40
s-venlafk	nmol/l	Source	10	7
p-fidd,osoitus	mg/l	Source	17	17
erytrosyytit,pvkosatutkimus	e12/l	Source	84	47
hemoglobiini,pvkosatutkimus	g/l	Source	84	47
erytrosyytit,pvkosatutkimus	%	Source	84	47
erytrosyytit,keskitilavuus,pvkosatutkimus	fl	Source	84	47
hemoglobiini,keskimassa,pvkosatutkimus	pg	Source	83	46
hemoglobiini,keskimassakonsentraatio,pvkosatutkimus	g/l	Source	83	46
trombosyytit,pvkosatutkimus	e9/l	Source	83	46
l-neutrofiilit,osatutk2225diffi	%	Source	34	28
l-lymfosyytitosatutk2225diffi	%	Source	33	28
l-monosyytitosatutk2225diffi	%	Source	33	28
b-eosinofiilit,b-diffiosatutkimus2225	e9/l	Source	32	27
b-neutrofiilit,b-diffiosatutkimus2225diffi	e9/l	Source	33	28
basofiilisetleukosyytitosatutk2225diffi	%	Source	33	28
eosinofiilitosatutk.2225diffi	%	Source	33	28
basofiilisetleukosyytitosatutk2225diffi	e9/l	Source	32	27
lymfosyytitosatutk2225diffi	e9/l	Source	33	28
monosyytitosatutk2225diffi	e9/l	Source	33	28
b-fosfatidyylietanolivita	umol/l	Source	42	35
nu-uporf1	nmol/l	Source	72	37
nu-7c-porf	nmol/l	Source	56	25
nu-kporf1	nmol/l	Source	74	38
nu-kporf3	nmol/l	Source	74	38
leukosyytit,pvkosatutkimus	1	Source	37	21
s-maito(f2),ige-vasta-aineet	u/ml	Source	7	7
p-sinkki	umol/l	Source	37	35
s-tbeabm	index	Source	8	8
antitrombiiniiii,plasmasta	mg/l	Source	44	41
s-proteinaasi3,vasta-aineet	iu/ml	Source	40	12
s-kyhemag	titre	Source	136	81
p-gluk/120	mmol/l	Source	95	82
psa-v/psaeikäytössä	%	Source	36	25
p-acth,per	ng/l	Source	54	8
p-acth,vas	ng/l	Source	54	8
p-acth,oik	ng/l	Source	48	11
b-tnt	ng/l	Source	87	54
p-natriureettinenpeptidi,b-tyypin(32-)	ng/l	Source	37	32
p-natriureettinenpeptidi	ng/l	Source	29	21
b-erytrosyytit	e12/l	Extracted	108	91
s-testoms	nmol/l	Extracted	7	7
hemoglobiini,vieritutkimus	g/l	Source	176	122
natriureettinenpeptidi,b-tyypinn-terminaalinenpropeptidi	ng/l	Source	27	23
p-lupdrvvt	ratio	Source	10	10
p-lupakptt	ratio	Source	10	10
laktaatti,päivystystutkimus,verestä	mmol/l	Source	353	121
p-sytomegalovirus,nukleiinihappo(kvant)	iu/ml	Source	29	8
s-probnp	ng/l	Extracted	12	12
p-c-reaktiivinenproteiini,herkkä	mg/l	Source	20	19
s-chtrabg	s/cou	Source	20	19
kortisoli,vapaa,vuorokausivirtsa	nmol/l	Source	29	19
b-hemafc	form	Source	50	44
s-bordetellapertussis,igg-vasta-aineet	iu/ml	Source	13	11
vb-hb02sat	%	Source	82	47
s-kuusie	u/ml	Source	18	18
s-kalaer	u/ml	Source	39	36
sianliha	u/ml	Source	10	10
naudanliha	u/ml	Source	13	13
e-retikulosyytit,osatutk.	%	Source	19	17
pt-fibrosis-4indeksi	1	Source	33	32
s-tonnike	u/ml	Source	69	65
-kol	mmol/l	Source	17	17
troponiinii	ng/l	Source	26	18
s-kaniepe	u/ml	Source	42	42
s-aripipratsoli	nmol/l	Source	11	9
b-hemoglobiini,vieritutkimus	g/l	Source	52	44
p-glukoosi,vieritutkimus(cit1000)	mmol/l	Source	18	16
vb-hiilidioksidiosapaine,vierilaitteella	kpa	Source	11	10
vb-aktuaalibikarbonaatti,vierilaitteella	mmol/l	Source	40	26
vb-emäsylimäärä,vierilaitteella	mmol/l	Source	37	24
p-kloridi,vierilaitteella	mmol/l	Source	38	25
b-laktaatti,vierilaitteella	mmol/l	Source	12	11
fibriinind-dimeerit	mg/l	Source	37	29
granulosyytit	%	Source	8	8
muutsolut	%	Source	8	8
b-tpmt-d	form	Source	30	30
p-pthrp	pmol/l	Source	124	108
sy-mn	%	Source	43	40
s-rmald1e	u/ml	Source	63	62
s-riisie	u/ml	Source	40	40
magnesium	mmol/l	Source	29	29
s-borreliaigg,vasta-aineet	au/ml	Source	14	10
b-crp,pikatesti,veri	mg/l	Source	66	59
p-clhoi	mmol/l	Source	161	125
hyytymistekijäviii,päivystys,plasma	%	Source	18	14
hyytymistekijäix,plasma	%	Source	16	16
hyytymistekijäxii,plasma	%	Source	8	8
hyytymistekijäxi,plasma	%	Source	8	8
hyytymistekijäx,plasma	%	Source	9	9
p-fvpaiv	%	Source	14	11
li-beeta-amyloidi40-proteiini	ng/l	Source	41	41
li-bam42/40suhde	ratio	Source	40	40
s-yersabg	iu/ml	Source	19	19
u-osmol	form	Source	27	23
rf	iu/ml	Source	21	21
p-kreatiinikinaasi,plasmasta	u/l	Source	34	26
s-dt4v	pmol/l	Source	82	63
p-fidd-o	form	Source	49	46
li-borrabm	wme	Source	87	83
s-sjögreninsyndroma,b(la)-vasta-aineet	u/ml	Source	15	14
s-cenp-ab	u/ml	Extracted	15	15
helicobacterpylori,iggvasta-aineet,seerumista	index	Source	17	15
p-pre-urea	mmol/l	Source	338	35
post-urea	mmol/l	Source	259	31
s-fenob	umol/l	Source	228	27
fb-folaatti(k-pks:n)(ko)	nmol/l	Source	9	9
fe-folaatti	nmol/l	Source	14	13
s-gliadiinipeptidi,igavasta-aineet	au	Source	14	14
s-gliadiinipeptidi,iggvasta-aineet	au	Source	14	14
s-dengabg	titre	Source	35	33
e-mch	g/l	Source	118	80
s-maufx70	u/ml	Source	10	10
s-haptryh	u/ml	Source	7	6
immunoglobuliinie-koira	u/ml	Source	16	15
s-rcora14	u/ml	Source	32	32
s-lehmäe	u/ml	Source	56	56
li-muut	e6/l	Source	43	42
li-neut+eo	e6/l	Source	80	60
li-lymf+mo	e6/l	Source	80	60
transferriini(fp-transf)	g/l	Source	25	21
antitrombiiniiii,plasma	%	Source	30	30
proteiinis,antigeeni,vapaa	%	Source	42	41
omap-crp-pika	1	Source	33	27
u-al	umol/l	Source	78	63
p-fviiiis	%	Source	75	58
pf-neutrofiilitjaeosinofiilit	%	Source	127	102
pf-mononukleaarisetsolut	%	Source	130	105
pf-muutsolut	%	Source	59	56
b-eosinofiilit	e9/l	Extracted	34	25
b-basofiilit,suhde	%	Source	21	10
b-lakt-d	form	Source	18	18
s-afossuo	u/l	Source	44	40
p-prot	g/l	Source	379	193
du-tilavuus	ml	Source	25	24
etanoli,plasma	promille	Source	66	36
li-borrelia,iggvasta-aineet	u	Source	9	9
ab-happikyllästeisyys(hemoglobiini)	%	Source	281	216
e-mchc	g/l	QCOut	83	77
hemoglobiini.itse	g/l	Source	45	30
ghb-a1c(vo-hoitaja)	mmol/mol	Source	43	31
basofiilit	e9/l	Source	28	25
s-vzvabg␤	miu/ml	Source	15	14
s-chtrabg	au/ml	Source	20	19
s-c-ancif	titre	Extracted	23	20
p-hyytymistekijäxiii(huslab)	%	Source	6	6
p-tromboplastiiniaika,aktivoitu,partiaalinen(huslab)	s	Source	8	8
p-fibrinogeeni(huslab)	g/l	Source	8	8
p-trombiiniaika(huslab)	s	Source	41	41
p-tromboplastiiniaika,thrombotest(huslab)	%	Source	40	40
vb-he-tase,p-na	mmol/l	Source	48	36
vb-he-tase,p-k	mmol/l	Source	48	36
b-leukpä	e9/l	Source	105	73
vb-he-tase,vb-pco2	kpa	Source	47	36
vb-he-tase,vb-po2	kpa	Source	47	36
p-pp	pmol/l	Source	84	37
hemoglobiini-a1c,entsymaattisellamenetelmällä	mmol/mol	Source	33	26
insuliini	mu/l	Source	39	26
b-leuk-o	e9/l	Source	59	54
s-hepyaba	form	Source	31	27
s-hepyabg	form	Source	34	31
p-tromboplastiiniaika,inr	inr	Source	45	25
s-psa(pi)	ug/l	Source	67	51
p-prostataspesifinenantigeeni(pi)	ug/l	Source	78	54
dxmr/8.kor	nmol/l	Source	21	21
sy-neutrofiilit	%	Source	8	8
af-prot	g/l	Source	10	10
s-adrab	titre	Source	54	48
li-hemafc	form	Source	62	49
s-erytropoietiini	iu/l	Source	121	116
p-hepyabg	eiu	Source	24	24
s-rprup4e	u/ml	Source	30	30
s-hein1ry	u/ml	Source	33	33
s-puu9ry	u/ml	Source	17	17
levyepiteelit	u/field	Source	16	16
granulosyytit	u/field	Source	22	21
mb-be	mmol/l	Extracted	975	38
b-hepartp	au/l	Source	28	26
p-ureaed	mmol/l	Source	233	35
p-ureajd	mmol/l	Source	213	34
p-cytomegalovirus,nukleiinihappo,(kvant)	iu/ml	Source	102	19
s-allige,cladosporiumherbarum,home/mögel	u/ml	Source	27	27
p-hb	g/l	Source	34	22
s-alkalinenfosfataasi,luustomuoto(elektrof)	u/l	Source	38	35
s-alkalinenfosfataasi,maksaper.isoentsyymi(el	u/l	Source	38	35
s-keruloplasmiini	mg/l	Source	50	48
kreatiniini(u-maniposat.)	mmol/l	Source	394	150
s-infliksimabi,pitoisuus	mg/l	Source	36	23
seleeni,seerumi	umol/l	Source	10	6
sinkki,seerumi	umol/l	Source	17	13
infliksimabi,pitoisuus	mg/l	Source	45	27
di-eryt	e6/l	Source	54	11
b-eryt	form	Source	34	34
e-mcv	form	Source	34	34
b-hkr	form	Source	33	33
b-hb	form	Source	34	34
e-mchc	form	Source	34	34
e-mch	form	Source	34	34
b-leuk	form	Source	34	34
b-trom	form	Source	34	34
p-reniinm	mu/l	Source	35	30
fs-non-hdl-kolesteroliosatutkimus	mmol/l	Source	17	17
b-ghba1cp	%	QCOut	17	13
bnppika	ng/l	Extracted	29	21
as-polymorfonukleaarisetvalkosolut	%	Source	41	28
as-mononukleaarisetvalkosolut	%	Source	41	28
b-neutrofiilitsuhde	%	Source	10	9
nu-pbg	umol/l	Source	29	28
s-chpnaba	eiu	Extracted	11	11
s-seitie	u/ml	Source	33	31
fs-glukoosi,2h-näyte	mmol/l	Source	27	25
s-urea	mmol/l	Source	9	7
pt-lämpöt	%	Source	34	12
s-asca	u/ml	Source	89	81
fp-kolesteroli,plasma	mmol/l	Source	52	51
-kalsium,ionisoitunut,korjattuph7,40	mmol/l	Source	40	37
-kalsium,ionisoitunutaktuaalisessaph:ssa	mmol/l	Source	41	38
p-natriureettinenpeptidi,b-tyypinn-terminaalinenpropepti(ko)	ng/l	Source	19	18
s-ferritiini(pi)	ug/l	Source	267	147
du-globuliiniifraktionosuus,elektroforeesi	mg/l	Source	39	18
du-albumiinifraktionosuus,elektroforeesi	mg/l	Source	39	18
b-hemoglobiini-a1c,vieritesti	mmol/mol	Extracted	37	34
s-desialotransferriini,-osuus	%	Source	87	74
u-kreatiniini,virtsasta,huumeseulonta	mmol/l	Source	36	25
s-fx29ryh	u/ml	Source	9	9
tyreoideaperoksidaasi,vasta-aineet,seerumi	u/ml	Source	27	24
interleukiini-2:nresertori,liukoinen,seerumi	u/ml	Source	19	12
u-co	form	Source	15	14
s-magab	u/ml	Source	41	14
b-t-cd3,t-solut	e9/l	Source	114	85
ly-t-cd3,t-solujenosuus	%	Source	113	85
b-b-cd19,b-solut	e9/l	Source	112	84
ly-b-cd19,b-solujenosuus	%	Source	109	85
b-t-cd8,t-estäjäsolut	e9/l	Source	114	85
b-nk,nk-solut	e9/l	Source	113	85
ly-nk,nk-solujenosuus	%	Source	112	85
glukr0	mmol/l	Source	204	127
hevonen	u/ml	Source	82	81
u-kreintp	mmol/l	Extracted	55	54
fp-kol-ldl	mmol/	Source	19	19
s-hbvnh	e8	Extracted	13	9
s-emaaba	titre	Source	8	6
s-helicobacterpylori,iggvasta-aineet	u/ml	Source	36	35
troponiinit,pikatesti,veri	ng/l	Source	57	49
bl-prot	mg/l	Source	10	10
s-afosma	u/l	Source	10	9
s-c-peptidikaksituntiaaterianjälkeen	nmol/l	Source	82	75
li-pyruv	umol/l	Source	12	11
digoksiini,seerumista␤	ug/l	Source	43	31
p-fidd-ospkl	mg/l	Source	12	11
nu-osmol	mosm/kgh2o	Source	30	29
s-perinukleaarinenp-anca	titre	Source	18	16
p-troponiinit:nosoituskoe	ng/l	Source	50	45
s-ampiaisenmyrkky,rekombinantti(rvesv1phospholipasea1,i211),igeva	u/ml	Source	7	7
pika-dimee	mg/l	Source	73	69
14638	nmol/l	Source	53	50
14659	nmol/l	Source	62	58
pd-mononuk	%	Source	443	48
happamuusaste,koneveri	ph	Source	65	56
bikarbonaatti(aktuaali),kone	mmol/l	Source	56	48
b-crp-pika	mg/l	Extracted	9	6
s-prlpit	mu/l	Source	21	20
fp-gluk(0	mmol/l	Source	18	14
p-gluk(2	mmol/l	Source	18	14
s-aspfumg	mg/l	Extracted	30	28
li-mypnabg	eiu	Source	32	32
s-p-ancab	titre	Source	31	29
li-fosfo-tauproteiini,likvor	ng/l	Source	11	11
li-tauproteiini,likvor	ng/l	Source	13	13
li-beeta-amyloidi42proteiini,likvor	ng/l	Source	12	12
p-osmolaliteetti	mosm/kgh2o	Source	35	32
fp-e-vitamiini	umol/l	Source	58	46
s-alboys	g/l	Source	7	7
s-iggoys	g/l	Source	8	8
fibriinind-dimeerit,vieritutkimus	mg/l	Source	19	19
crppäiv.aikana	mg/l	Source	149	89
p-gammagt	u/l	Source	46	32
s-crpsens	mg/l	Source	17	16
s-makapäe	u/ml	Source	11	11
natriureettinenpeptidi(p-probnp)	ng/l	Source	6	6
s-hbs-ab	iu/l	Source	29	29
cu-albumiini	ug/min	Source	32	27
s-c-peptidi1haterianjäkeen	nmol/l	Source	57	47
s-munaryh	u/ml	Source	23	22
fp-ctx	ng/l	Source	34	34
o2-virt	%	Extracted	14	14
s-bor-abg	ru/ml	Source	15	11
s-bor-abm	ru/ml	Source	37	31
p-glukoosi,paikallisanalytiikka,kuivakemia	mmol/l	Source	165	152
oma,pvk+t	e9/l	Source	36	33
oma,pvk+t	e12/l	Source	36	33
oma,pvk+t	fl	Source	36	33
oma,pvk+t	g/l	Source	72	33
troponiinit,vieritutkimus	ng/l	Source	15	9
p-kreatiinikinaasi,läh.ksks	u/l	Source	7	6
li-leukmuu	%	Source	113	83
p-amyl.	u/l	Source	60	54
b-inr	inr	Source	41	39
l-neutrofiilit	%	Extracted	17	13
l-lymfosyytit	%	Extracted	18	14
s-kalsium,ionisoitunut,ph7.4:ssä	mmol/l	Source	85	78
s-kalsium,ionisoitunut,aktuaalisessaph:ssa	mmol/l	Source	38	36
s-ebvabg␤	u/ml	Source	52	48
s-aspeag	index	Extracted	31	14
kolesteroli,plasmasta␤	mmol/l	Source	10	10
amylaasinkokonaisaktiivisuus	u/l	Source	13	12
hemoglobiini,pikatutkimus,verestä	g/l	Source	12	12
b-leukosyytit,pikatutkimus	e9/l	Source	15	15
li-hsv1abg	eiu	Source	10	10
s-gadab	u/l	Source	8	7
-pregnlo	nmol/l	Source	38	31
s-viljryh	u/ml	Source	53	53
s-kanelie	u/ml	Source	28	28
s-b12	pmol/l	Source	46	43
p-c-reaktiivinenproteiini,hoitoyksikkö	1	Source	40	35
s-k/l-s-v	1	Source	17	17
cp-keto	mmpl/l	Source	11	8
osmolaliteetti,virtsasta␤	mosm/kgh2o	Source	150	127
p-trombai.	s	Source	29	29
s-klobat	umol/l	Source	366	75
s-norklob	umol/l	Source	384	80
11089	u/ml	Source	8	8
u-uraat	umol/l	Source	16	16
pt-pef	l/min	Source	24	20
u-hg	nmol/l	Source	107	40
mcv	fl	Source	69	58
peak	l/min	Source	12	11
sy-uraat	umol/l	Source	39	38
kalsium,ionisoitunut,ph7.4-korjattu,kapillaariverestä,osatutk	mmol/l	Source	24	16
aktuaalibikarbonaatti,kapillaariverestä,osatutk.	mmol/l	Source	22	15
kalsium,ionisoitunut,kapillaariverestä,osatutk	mmol/l	Source	23	15
fs-transferriini	g/l	Source	166	128
s-goodpab	u/ml	Source	82	29
p-uraattiviitasaar	umol/l	Source	10	9
p-troponiini	ng/l	Source	51	43
pd-muutsol	%	Source	90	23
li-neutrofiilitjaeosinofiilit	%	Source	35	27
li-mononukleaarisetsolut	%	Source	35	27
li-muutsolut	%	Source	12	12
s-rarah3e	u/ml	Extracted	13	13
s-cora9e	u/ml	Extracted	24	24
s-om5glie	u/ml	Extracted	9	9
s-vancom	mg/l	Source	138	37
v-so2	%	Extracted	22	20
fp-kol-ldl	mmol/l	QCOut	40	39
as-ld	u/l	Source	128	124
s-metalb	nmol/l	Source	27	26
saag	g/l	Source	57	50
p-tati	ug/l	Source	25	24
e-erytrosyytit,keskitilavuus	fl	Extracted	77	50
b-hemoglobiini	g/l	Extracted	66	52
b-lasko	mm/h	Extracted	36	26
pt-fvspiro	form	Source	26	26
tu-fish	form	Source	102	99
p-fibriinidimeerit,pika	mg/l	Source	15	13
b-hbf-fc	%	Source	16	16
b-hbfvol	ml	Source	14	14
s-t3vdi	pmol/l	Source	15	14
maksa-1-ls	u/l	Source	22	18
maksa-2-ls	u/l	Source	22	18
luusto-ls	u/l	Source	24	20
suolis-ls	u/l	Source	16	12
-gluk	mmol/l	Source	34	33
p-tni.	ug/l	Source	155	125
b-lymfosyytit,t-auttajasolujenosuus	%	Source	61	41
b-lymfosyytit,t-auttajasolujenmäärä	e9/l	Source	56	38
kalsium,aktuaalinenpitoisuus	mmol/l	Source	35	28
kalsium,ionisoitunut	mmol/l	Source	35	28
u-alb/kre,u-alb/krea	mg/mmol	Source	148	67
pika-ghb-a1c,pika-ghb-a1c	%	Source	309	79
pika-ghb-a1c,pika-hba1c	mmol/mol	Source	305	79
b-perusverenkuvajatrombosyytit,vieritutkimus,osavastausb-hkr-vt	%	Extracted	13	13
b-perusverenkuvajatrombosyytit,vieritutkimus,osavastause-rdw-vt	%	Extracted	12	12
s-hcvnh	iu/ml	Source	129	105
s-bupre	ug/l	Source	94	41
b-hb-th	g/l	Source	90	60
u-kalium	mmol/l	Source	51	51
plasmantransferriinisaturaatio	%	Source	53	49
crp-pika,hoitajattekee	1	Source	56	36
s-tyreotropiini,elinvasta-aineristireaktio	mu/l	Source	82	59
p-tromboblastiiniaika(vuotot-paketti)	%	Source	20	20
p-proteiinis,antigeeni,vapaa,plasmasta	%	Source	26	26
p-antirtombiiniiii(trombot-paketti)	%	Source	18	18
p.-trombiiniaika(vuotot-paketti)	s	Source	20	20
e-rdw(19976e-rdw),osatutkimus	%	Source	161	135
b-erybla(19978b-erybla),osatutkimus	e9/l	Source	162	136
s-c-pepaj	nmol/l	Source	64	54
s-muspähe	u/ml	Source	15	15
as-urea	mmol/l	Source	42	9
11844	u/l	Source	25	24
af-krea	umol/l	Source	24	22
s-ferrit	ug/l	Extracted	36	32
kromi,veri	ug/l	Source	8	8
koboltti,veri	ug/l	Source	12	12
fa-c26:0	umol/l	Source	8	8
s-lipidit	mmol/l	Source	11	11
s-chpnabg	form	Source	22	20
s-epo	pmol/l	Source	44	39
s-jyrsier	u/ml	Source	13	13
s-stpn2	mg/l	Source	8	7
s-stpn15b	mg/l	Source	9	7
parapähkin	u/ml	Source	16	16
acajoupähk	u/ml	Source	26	25
s-hirssie	u/ml	Source	12	12
s-seessie	u/ml	Source	37	37
u-kreatiini,virtsasta(u-intp)	mmol/l	Source	92	47
s-hbs-ab	miu/ml	Source	28	27
s-cladclg	mg/l	Source	21	21
s-trvirig	mg/l	Source	28	28
s-che	u/ml	Source	9	6
s-w-h:g.m	titre	Extracted	13	13
s-ruokae,ruoka-aineryhmäjakomponentit	u/ml	Extracted	12	12
bu-mononuk	%	Source	55	48
bu-neut+eo	%	Source	55	48
s-pölyryhmäjatarvittaessaerittely,igevasta-aineet(ko)	u/ml	Source	47	47
p-antitrombiiniiii,päivystys	%	Source	36	35
p-homokysteiini,homokys	umol/l	Source	14	10
t-auttajasolujenosuus(määritettynäcd3+cd4+soluista)	%	Source	74	36
t-estäjäsolujenosuus(määritettynäcd3+cd8+soluista)	%	Source	74	36
nk-solujenosuus(määritettynäcd3-/cd16+/cd56+soluista)	%	Source	74	36
nk-solut(cd3-/cd16+/cd56+)	e6/l	Source	74	36
af-ly	%	Source	10	10
bm-blastit	%	Source	51	31
bm-mrdpfc	%	Source	13	11
p-pt	s	Source	184	25
s-testo-vi	pmol/l	Source	30	24
s-jyr70er	u/ml	Source	9	9
s-hsv2abg	au	Source	44	41
l-myelo	%	Source	173	68
s-parvigg	titre	Source	8	7
takrolimuusi,massaspektrometrinen,verestä	ug/l	Source	411	55
s-ruisspe	u/ml	Source	12	12
s-vehnspe	u/ml	Source	21	21
plasmanc-reaktiivinenproteiiniosoitus	1	Source	36	33
b-tblfng	iu/ml	Source	27	24
p-crp-pt	mg/l	Source	28	23
s-kisshie	u/ml	Extracted	12	12
s-yer9ab	titre	Extracted	42	40
li-ly+mono	%	Source	11	10
u-amylp	u/l	Source	106	103
bm-cd34	%	Source	52	34
bm-lcd34	e9/l	Extracted	23	14
bm-hb	g/l	Source	85	31
bm-hkr	%	Source	85	31
bm-eryt	e12/l	Extracted	49	16
bm-trom	e9/l	Extracted	49	16
bm-tumsol	e9/l	Extracted	49	16
s-b12-vitamiini(ko)	pmol/l	Source	48	45
s-trivire	u/ml	Source	9	9
p-troponiinit(kval)	ng/l	Source	42	32
p-fibriinind-dimeerit(kval)	mg/l	Source	56	50
osmolaliteetti,seerumista␤	mosm/kgh2o	Source	68	53
pt3-v	pmol/l	Source	12	8
tau-proteiini,217-fosforyloitu	ng/l	Source	34	34
b-pnhfc	form	Source	13	9
u-kreaetg	mmol/l	Source	92	32
s-ca125kj	u/ml	Source	12	11
natrium,pikatesti	mmol/l	Source	16	16
u-happamuusaste	5170	Source	19	19
s-kalsium,albumiinikorjattu	mmol/l	Source	38	36
l-neutrofiilit,osatutkimus	%	Source	12	8
b-eosonofiilit,b-diffiosatutkimus	e9/l	Source	12	7
alkalinenfosfataasi,plasmasta	u/l	Source	29	18
c-reaktiivinenproteiini,plasmasta	mg/l	Source	35	19
p-ck-mb	ug/l	Source	27	27
hcgbv	ug/l	Source	9	8
u-erytrosyytit	u/field	Source	13	12
u-leukosyytit	u/field	Source	14	13
u-leukosyystit	e6/l	Source	16	13
s-latekse	mmol/l	Source	6	6
s-pumpule	mmol/l	Source	6	6
13185	%	Source	145	95
as-pmn	%	Source	152	97
kalsiumionisoitunut,seerumi..	mmol/l	Source	49	42
s-bopeabm	index	Extracted	23	21
fs-krea	mmol/l	QCOut	6	6
erytropoietiini	iu/l	Source	114	107
hyytymistekijäviii(8),plasmasta	%	Source	13	11
s-dsg3ab	iu	Source	18	14
vertca12-5	u/ml	Source	15	13
s-progesteroni	nmol/l	Source	32	27
s-ampise	u/ml	Source	100	98
solut,peritoneaalidialyysineste	e6/l	Source	161	16
neutrofiilit+eosinofiilit,peritoneaalidialyysineste	%	Source	104	13
mononukleaarisetsolut,peritoneaalidialyysineste	%	Source	96	12
l-baso	e/l	Source	32	25
l-neutr	e9/l	Source	296	39
s-konalbe	u/ml	Source	48	38
14248	e9/l	Extracted	13	12
10081	mmol/l	Source	240	48
u-bkvnh	u/ml	Extracted	77	35
b-siklosporiinia,massaspektrometrinen	âug/l	Source	33	17
p-crp,herkkä	mg/l	Source	70	55
s-pitorbe	u/ml	Source	54	50
kreatiniini,vieritutkimus	umol/l	Source	55	42
natrium,vieritutkimus	mmol/l	Source	55	42
kalium,vieritutkimus	mmol/l	Source	55	42
p-vwfrco	%	Source	35	33
-ca15-3	u/ml	Source	20	20
testosteroni,massaspektrom.,seerumista	nmol/l	Source	8	8
s-gliadiinipeptidit,deamidoidut,igavasta-aineet	u/ml	Source	8	8
fibriinind-dimeerit,pikatesti(3939b-fidd-o)	mg/l	Source	16	16
glukoosi(päiv.hoitaja)	mmol/l	Source	55	52
laktaatti,pleuraneste	mmol/l	Source	21	18
s-mdie	u/ml	Source	7	7
s-hdie	u/ml	Source	6	6
li-pin1abg	eiu	Source	7	7
s-ribonukleoproteiini,vasta-aineet	u/ml	Source	9	6
li-borabmv	au/ml	Source	14	13
s-valpro	umol/l	Source	171	44
gluk0	mmol/l	Source	143	100
b-peth,fosfatidyylietanoli	umol/l	Source	47	35
neurofilamentti,kevytketjut,seerumista	ng/l	Source	45	42
alkalinenfosfataasi,suolistoperäinenisoentsyymi	%	Source	52	49
p-at-jatk	%	Source	63	51
li-evirabg	eiu	Source	7	7
glukoosi(vo:nyhteydessäotettu),tth	mmol	Source	13	10
fp-kalsium(pi)	mmol/l	Source	29	25
pglukoosi,0-näyte	mmol/l	Source	17	15
p-glukoosi,2h	mmol/l	Source	36	28
pt-arr	pmol/mu	Source	23	21
s-sertoab	au/ml	Source	19	16
crpvieri	mg/l	Extracted	27	25
sentromeeri,vasta-aineet	u/ml	Source	16	12
sclerodermavasta-aineet	u/ml	Source	29	24
kollageenii:nbetakarboksterminaalinentelopeptidi,plasma	ug/l	Source	10	7
u-kalsium	mmol/l	Source	6	6
am-kromos	form	Source	10	10
reumafaktori,plasmasta	iu/ml	Source	26	25
b-gluk/pi	mmol/l	Extracted	28	27
ps-probnp	ng/l	Source	10	7
0mgluk/0m	mmol/l	Source	30	22
60mgluk/60m	mmol/l	Source	30	22
120mgluk/120m	mmol/l	Source	52	39
p-gluk-vt/0m	mmol/l	Source	27	20
s-micfaee	u/ml	Source	24	22
s-thevule	u/ml	Source	32	32
s-borabmvosat.	au/ml	Source	56	46
-tilav.	ml	Extracted	25	24
l-lmono	e9/l	Source	93	72
gpenisilliini(c1),igevasta-aineet,seerumista␤	u/ml	Source	9	9
vpenisilliini(c2),igevasta-aineet,seerumista␤	u/ml	Source	9	9
amoksisilliini(c6),ige-vasta-aineet,seerumista	u/ml	Source	8	8
cefaclor,igevasta-aineet,seerumista␤	u/ml	Source	7	7
s-afpxmom	mom	Source	18	18
s-afp-w	u/ml	Source	18	18
s-hcgbv-w	ug/l	Source	18	18
antifaktorix-aktiivisuus	u/ml	Source	73	30
pf-proteiini	g/l	Source	66	52
s-adenosiinideaminaasi	u/l	Source	20	15
pf-adenosiinideaminaasi	u/l	Source	30	22
pf-lysotsyymi	mg/l	Source	11	8
s-k220e	u/ml	Source	32	31
f-salmvi	form	Source	18	11
-albumiini	g/l	Source	24	20
-desialotransferriini	mg/l	Source	36	34
-transferriini	g/l	Source	36	34
s-sitrulliinipeptidi,vast-aineet	u/ml	Source	29	29
retikulosyytit	%	Source	29	22
s-puumabg	eiu	Source	82	78
p-tt-hus	%	Source	15	14
p-traihus	s	Source	15	15
p-psagen	ug/l	Source	36	31
p-c-peptidi,proinsuliinin,aterianjälkeinen	nmol/l	Source	11	11
s-hsv2abg	responseequivalent	Source	16	16
ab-happikyllästeisyys	%	Source	312	106
sappihapot	umol/l	Source	161	59
fs-ct	pmol/l	Extracted	13	8
s-w-h:a	titre	Source	7	6
li-laktaatti,päivystystutkimus	mmol/l	Source	90	67
gluk-ro-n	mmol/l	Source	11	10
gluk-r2-h	mmol/l	Source	19	18
b-myocap	form	Source	11	11
nollanäyte	mmol/l	Source	24	23
s-stpn23f	mg/l	Extracted	11	10
s-stpn4	mg/l	Extracted	13	11
s-stpn9v	mg/l	Extracted	13	12
s-stpn1	mg/l	Extracted	10	9
s-eläinerittely,igevasta-aineet	u/ml	Source	25	25
s-chlamydiatrachomatis,igg-vasta-aineet	au/ml	Source	13	11
-sul.jäl	e6/ml	Source	9	6
u-gluk	form	Source	17	16
p-tnt-hy	ng/l	Source	52	40
b-crp-tth	mg/l	Source	61	34
vb-he-tase-pika,vb-pco2	kpa	Source	10	10
vb-he-tase-pika,vb-po2	kpa	Source	10	10
vb-he-tase-pika,p-na	mmol/l	Source	11	11
vb-he-tase-pika,p-k	mmol/l	Source	11	11
l-eosinofiilt	%	Source	42	33
s-neurospesifinenenolaasi	ug/l	Source	16	13
s-mirtats	nmol/l	Source	21	14
fp-kolesteroli,highdensitylipoproteiinit(ko)	mmol/l	Source	15	15
u-leuk-o	A	Source	27	19
li-cmvabg	eiu	Source	7	7
li-hhv6abg	eiu	Source	14	14
s-gdomese	u/ml	Source	34	34
esat-6	tpl	Source	75	73
cfp-10	tpl	Source	76	73
hb(vo.hoitaja)	g/l	Source	9	9
s-parpäh	u/ml	Source	67	66
s-rcor14e	u/ml	Source	22	22
p-fibriinind-dimeeri,vieritutkimus	mg/l	Source	11	8
fs-trfesat	1	Source	27	20
fs-rauta	umol/l	Source	144	116
fibriinid-dimeerit,plasmasta,pikatutkimus	mg/l	Source	7	7
s-pähkryh	u/ml	Source	31	31
s-koriongonadotropiini-b-alayksikkö,vapaa,1.trimesterinseula	ug/l	Source	67	64
fp-glukoosi,120-näyte	mmol/l	Source	24	23
s-ia2ab	ru	Source	9	9
pujo	u/ml	Source	120	117
fp-uraatti	umol/l	Source	27	25
fs-kalsium	mmol/l	Source	22	22
as-laktaat	mmol/l	Source	13	12
bm-eryt	e12/l	Source	36	15
bm-trom	e9/l	Source	36	15
bm-tumsol	e9/l	Source	36	15
bm-lcd34	e9/l	Source	29	20
fp-kolesteroli,lowdensitylipoproteiinit	mmol/l	Extracted	92	82
s-cora14e	u/ml	Extracted	18	18
s-tbeabg	ru/ml	Source	91	82
leukosyytit(leuk)	e9/l	Source	31	29
pt-glomerulussuodosnopeus,estimoituckd-epikaavallakystatiinic:stä	ml/min/173m2	Source	131	100
p-homokysteiini	umol/l	Source	31	24
3045	mmol/l	Source	19	18
s-cytomegalovirus,iggvasta-aineet	au/ml	Source	19	15
s-ebstein-barriggvasta-aineet	u/ml	Source	8	8
s-psa-suh,s-psa	ug/l	Source	66	46
tromboplastiiniaika,akt,part.	s	Source	26	14
s-ihmisepididymaalag	pmol/l	Source	7	7
s-chlorhe	u/ml	Source	18	18
l-promyelosyytit,mikroskopointi	%	Source	111	61
vesirokkovirus,iggvasta-aineet	miu/ml	Source	11	11
b-hb-o	g/l	Source	31	28
p-tromboplastiiniaika,inr-tulostus,pikatutkimus	inruikkã¶	Source	45	34
s-kolaige	u/ml	Source	14	14
b-hb-ief	form	Source	10	10
s-kolesteroli,triglyseridit	mmol/l	Source	41	37
s-kolesteroli,eipaastoa	mmol/l	Source	88	79
b-fosfatidyylietanoli,verestä,peth	umol/l	Source	37	26
fs-reumafaktori	iu/ml	Source	33	30
u-proteiini,(u-prot-fr,valetietue)	g/l	Source	6	6
p-troponiinitpika,hoitoyksiköt	ng/l	Source	26	24
leukosyytit,vieritesti	ng/l	Source	41	29
ab-be	ml	Source	33	19
f-kporf	nmol/g	Source	58	49
f-pporf	nmol/g	Source	61	52
varicella-zostervirus,iggvasta-aineet	iu/l	Source	16	16
p-crp-v	mg/l	Source	33	32
vertca19-9	u/ml	Source	16	15
seesam.sie	u/ml	Source	7	7
se-erytrosyytit	e6/l	Source	9	9
no-ex	form	Source	15	13
s-antistreptolysiini	u/ml	Source	10	10
kardiolipiini,iggvasta-aineet,plasma	u/ml	Source	20	17
kardiolipiini,igmvasta-aineet,plasma	u/ml	Source	12	11
s-hcg-tot	u/l	Source	131	79
p-inr	inr	QCOut	14	13
l-blasti	%	Source	28	20
s-glpepaba	u/ml	Source	16	16
p-t3v	pmol/l	Source	30	27
s-epstein-barrvirus,abgvasta-aineet	u/ml	Source	18	18
s-cytomegalovirus,abgvasta-aineet	u/ml	Source	16	16
p-cl-vt	mmol/l	Source	40	16
-cmvnh	iu/ml	Source	188	82
p-c-reaktiivinenproteiinipikahoitoyksiköt	mg/l	Extracted	14	13
s-pajue	u/ml	Source	42	42
p-natrium	mmol/l	Extracted	10	6
s-ricoab	titre	Source	6	6
s-trijodityroniini,vapaa	pmol/l	Source	58	46
s-trijodityroniini,vapaa(ko)	pmol/l	Source	8	8
alfa-1-glo	g/l	Source	95	84
alfa-2-glo	g/l	Source	96	85
beeta-1-gl	g/l	Source	99	87
beeta-2-gl	g/l	Source	98	86
gammaglob	g/l	Source	74	67
fibriinind-dimeerit,plasmasta	mg/l	Source	75	60
ly-cd4/cd8	ratio	Extracted	11	11
plasmanglukoosi(k)	mmol/l	Source	53	48
du-adr	umol	Source	10	10
du-noradr	umol	Source	14	14
b-leukos	e9/l	Extracted	83	53
la-leukos	e9/l	Extracted	74	55
s-enteabg	index	Extracted	15	14
p-fidd-poc	mg/l	Source	13	11
erytropoietiini	u/l	Source	23	21
p-bilirubiini(ko)	umol/l	Source	16	16
li-borabgv	au/ml	Source	17	17
li-lymfosy	osuus	Source	31	28
li-neutrof	osuus	Source	31	28
-c-reaktiivinenproteiinipikatesti	mg/l	Source	8	6
p-c-reaktiivinenproteiini,vieritutkimus	mg/l	Source	53	37
p-kreatiini,vieritutkimus	umol/l	Source	33	21
b-erytrosyytit,vieritutkimus	e12/l	Source	23	18
b-erytrosyytit,tilavuusosuus,vieritutkimus	%	Source	29	23
e-erytrosyytit,keskitilavuus,vieritutkimus	fl	Source	23	18
e-hemiglobiini,keskimassa,vieritutkimus	pg	Source	23	18
e-hemoglobiini,keskimassakonsentraatio,vieritutkimus	g/l	Source	23	18
e-punasolujenkokojakauma,vieritutkimus	%	Source	23	18
b-trombosyytit,vieritutkimus	e9/l	Source	23	18
p-fibriinind-dimeerit,vieritutkimus	mg/l	Source	8	8
b-neutrofiilit,b-diffiosattutkimus	e9/l	Source	18	10
pt-audio-1	form	Source	27	27
s-belacte	u/ml	Source	73	46
s-achr-ab	nmol/l	Extracted	26	25
b-syklosporiinia	ug/l	Source	40	14
s-ovarab	titre	Extracted	14	12
s-testab	titre	Extracted	11	8
p-c-reaktiivinenproteiini	mg/l	Extracted	30	24
s-timoteinsiitepöly,igevasta-aineet(ko)	u/ml	Source	7	7
s-koivunsiitepöly,igevasta-aineet(ko)	u/ml	Source	7	6
s-pujonsiitepöly,igevasta-aineet(ko)	u/ml	Source	8	8
s-hevosenhilse,igevasta-aineet(ko)	u/ml	Source	8	8
s-kissanhilse,igevasta-aineet(ko)	u/ml	Source	7	7
s-kotipölypunkki(d.pteronyssinus),igevasta-aineet(ko)	u/ml	Source	8	8
s-cladosporiumherbarum,igevasta-aineet(ko)	u/ml	Source	8	8
p-noradr	nmol/l	Source	7	7
s-hevonene	u/ml	Source	22	21
u-mukon	umol/l	Source	18	17
s-ttgabg	eliau/ml	Source	34	32
proteiinic	%	Source	6	6
pf-komplementtic3	g/l	Source	12	10
pf-komplementtic4	g/l	Source	11	9
p-glukoosi,0-näyte	mmol/l	Source	21	19
p-probnp(pi)	ng/l	Source	14	13
-fishhyb	form	Source	48	48
s-achrab	nmol/l	Source	45	41
p-tradp	%	Extracted	7	6
p-traa	%	Extracted	7	6
p-trristo	%	Extracted	8	7
p-trtrap	%	Extracted	10	9
p-trkoll	%	Extracted	12	10
s-sentromeeri,vasta-aineet	u/ml	Source	55	41
cb-k	mmol/l	Source	61	11
s-hepatiittib-virus,vasta-aineetpinta-antigeen	miu/ml	Source	14	12
14248	e9/l	Source	20	17
b-hb-a1	mmol/mol	Source	21	14
crp-pikanäyte	mg/l	Source	34	26
b-leukdiffpikanäyte	e9/l	Source	14	13
vertcea	ug/l	Source	40	39
hemoglobiini-a1c,vieritutkimu	mmol/mol	Source	38	37
s-net	mg/l	Source	51	16
cb-na	mmol/l	Source	57	9
s-gq1babg	index	Source	22	22
s-gq1babm	index	Source	20	20
s-testo,vapaa+kok+shbg	pmol/l	Source	15	15
s-kalkhöe	mmol/l	Source	7	7
s-kaniepe	mmol/l	Source	9	7
pt-gfr-ccr	ml/min/173m2	Source	9	9
alfa-1-globuliini	g/l	Source	11	10
beeta-1-globuliini	g/l	Source	12	11
beeta-2-globuliini	g/l	Source	11	10
ph,ca-ionosatutkimus	1	Source	35	27
s-bor-abm	au/ml	Source	13	12
laskennallinenpunasoluindeksi/vitascreen	%	Source	46	45
laskennallinenpunasoluindeksi/pvk	%	Source	41	33
b-erytbi	u/100l	Source	8	6
lymfosyytit,t-cd3-solujenosuus,osatutk.2275	%	Source	24	10
lymfosyytit,b-cd19-solujenosuus,osatutk.2275	%	Source	8	8
lymfosyytit,nk-solujenosuus,osatutk.2275	%	Source	24	10
lymfosyytit,t-cd3-solut,verestä,osatutk.2275	e6/l	Source	24	10
lymfosyytit,b-cd19-solut,verestä,osatutk.2275	e6/l	Source	8	8
lymfosyytit,t-cd4-solut,verestä,osatutk.	e6/l	Source	31	12
lymfosyytit,t-cd8-solut,verestä,osatutk.2275	e6/l	Source	24	10
lymfosyytit,t-auttajasolujenosuus,osatutk.	%	Source	31	12
lymfosyytit,t-estäjäsolujenosuus,osatutk.2275	%	Source	24	10
lymfosyytit,nk-solut,verestä,osatutk.2275	e6/l	Source	24	10
sitruuna	u/ml	Source	8	8
s-mangoe	u/ml	Source	19	18
s-passhee	u/ml	Source	8	8
du-globul	mg/l	Source	54	32
du-albumi	mg/l	Source	56	34
s-adeabcf	titre	Source	53	45
s-inkiväe	u/ml	Source	25	24
s-kaalie	u/ml	Source	8	8
s-tuma,liukag.va,laaja	ratio	Source	6	6
antitrombiini3,plasma	%	Source	33	28
p-lakthoi	mmol/l	Source	31	31
p-khoi	mmol/l	Source	47	47
s-desmetyyliklotsapiini	umol/l	Source	42	13
s-ld	u/ml	Source	8	8
takrolimuusi,massaspektrometrinen	ug/l	Source	221	23
bm-t-solut	%	Source	23	12
p-krea-hoi	umol/l	Source	15	13
p-na-hoi	mmol/l	Source	15	13
p-k-hoi	mmol/l	Source	15	13
s-testosteronimassaspektrometrinenmenetelmä	nmol/l	Source	12	10
s-testoms-vlmassaspektrometrinen,vapaalaskettu	pmol/l	Source	8	8
s-parvavi	%	Source	13	11
aspergillusfumigatus,iggvasta-aineet	mg/l	Source	43	40
kreatiniini	umol/l	QCOut	25	24
s-prolaktiini,rec,osatutkimuss-prlmakr	%	Source	9	8
s-prolaktiini,bio,osatutkimuss-prlmakr	mu/l	Source	9	8
e-hemoglobiini,keskimassa	pg	Extracted	54	44
s-reumafaktori(ko)	kiu/l	Source	22	21
jodidi/kreatiniini(osatutk)	ug/g	Source	9	9
s-chlamydiapneumoniae,iggvasta-aineet	bu/ml	Source	12	12
s-digoxin	nmol/l	Source	43	13
pt-laktoosi-koe20min	mmol/l	Source	12	12
pt-lakt-r1	mmol/l	Source	14	14
pt-laktoosi-koe40min	mmol/l	Source	10	10
golimumabi,pitoisuus	mg/l	Source	12	12
u-immunoglobuliini,kevyetketjut,kappa	mg/l	Source	12	12
s-dmriskiluku	%	Source	21	20
s-neurofilamentti,kevytketjut	ng/l	Extracted	11	11
s-laktaattidehydrogenaasi,isoentsyymi2	%	Source	9	9
s-laktaattidehydrogenaasi,isoentsyymi3	%	Source	9	9
s-laktaattidehydrogenaasi,isoentsyymi4	%	Source	9	9
s-mandare	u/ml	Source	21	21
s-iga-eia	mg/l	Source	11	11
album	%	Source	20	19
globul	%	Source	20	19
l-este-vr	e6/l	Source	89	25
bm-estf-vr	e6/l	Extracted	22	11
bm-estf-vr	e6/l	Source	70	22
s-psa-t	ug/l	Extracted	15	7
b-pdc	%leuk	Source	38	32
b-mdc	%leuk	Source	38	32
s-varicella-zostervirus,iggvasta-aineet	eiu	Source	23	23
p-plasmanneurofilamentti,kevytketju	ng/l	Source	15	13
li-bam40	ng/l	Source	47	47
s-nt-2	mm	Source	6	6
s-proteinaasi3,vasta-aineet	u/ml	Source	15	10
s-proteinaasi3,vasta-aineet	kiu/l	Source	22	16
ruoka-aine-erittely(fx5),igevasta-aineet	u/ml	Source	7	7
u-prot12h	mg/l	Source	30	10
cu-prot12h	mg	Source	34	10
tyreoideaperoksidaasi,vasta-aineet,plasma	u/ml	Source	52	46
s-endoaba	titre	Source	7	6
b-fosfatidyylietanoli,verestä	umol/l	Extracted	20	17
s-psa-v/t(pi)	%	Source	21	16
s-psa-v(pi)	ug/l	Source	21	16
li-leukosyytit,liuskatumaiset	%	Source	31	21
li-leukosyytit,yksitumaiset	%	Source	31	21
elastaasi1	ug/g	Source	36	20
p-kaliumpikahoitoyksiköt	mmol/l	Source	88	80
timoteinsiitepöly(g6),ige-vasta-aineet	u/ml	Source	48	46
koivunsiitepöly(t3),ige-vasta-aineet	u/ml	Source	55	54
pujonsiitepöly(w6),igevasta-aineet	u/ml	Source	15	14
kissanhilse(e1),ige-vasta-aineet	u/ml	Source	46	45
koiranhilse(e5),ige-vasta-aineet	u/ml	Source	49	48
s-dermatophagoidespteronyssinus(d1),ige-vasta-aineet	u/ml	Source	50	50
b-troponiinit(kval)	ng/l	Source	13	7
-tyreoglobuliiniva	u/ml	Source	14	12
s-prostataspesifinenantig.,vapaa/totaali-suhde	%	Source	15	11
u-albkres	mg/mmol	Source	10	9
vb-happikyllästeisyys(hemoglobiinin,osuustoiminnallisesta␤hb:sta)	%	Source	44	23
b-keto/pi	mmol/l	Source	31	27
s-ena,seu	ratio	Source	38	35
s-chpnabg	au/ml	Source	29	22
s-chpnaba	au/ml	Source	9	8
s-immunoglob,kevyetketjut,vapaat,kappaosatutk	mg/l	Source	15	11
s-immunoglobuliini,kevyetketjut,vapaat,lambdaosatutk	mg/l	Source	15	11
s-proteiini,osatutk2522	g/l	Source	9	8
-albumiini,elektroforeesifraktio,osatutk2522	g/l	Source	9	8
-alfa-1-globuliini,elektroforeesifraktio,osatutk2522	g/l	Source	17	15
-alfa-2-globuliini,eletroforeesifraktio,osatutk2522	g/l	Source	16	14
-beeta-1-globuliini,elektroforeesifraktio,osatutk2522	g/l	Source	18	16
-beeta-2-globuliini,elektroforeesifraktio,osatutk2522	g/l	Source	18	16
-gamma-globuliini,elektroforeesifraktio,osatutk2522	g/l	Source	18	16
insuliini,plasma	mu/l	Source	76	19
p-natriureettinenpeptidi,b-tyypinn-terminaalinenpropeptidi	ng/l	Source	19	18
as-eos	%	Source	98	71
vertca15-3	u/ml	Source	8	8
keliakia,immunoglobuliinia	g/l	Source	8	8
s-tyglab	iu/ml	Extracted	32	29
b-ghba1c-oma	%	Source	360	85
p-glukoosirasitus,0-näyte␤	mmol/l	Source	68	58
p-glukoosirasitus,120minnäyte␤	mmol/l	Source	68	58
b-cd	nmol/l	Source	51	40
fs-pcb	form	Source	12	10
s-phombee	u/ml	Source	22	22
s-c-peptidi,proinsul.2haterianjälkeen	nmol/l	Source	14	13
s-psa,vapaanjatotaalinsuhde	%	Source	14	11
s-infacf	titre	Extracted	6	6
s-infbcf	titre	Extracted	7	7
s-rsvcf	titre	Extracted	7	7
s-pincf	titre	Extracted	8	8
s-dermatophagoidespteronyssinus,igevasta-aineet,kotipölypunkki,rast,allergia	u/ml	Source	14	9
s-yerp3ab	titre	Extracted	39	37
b-hb-poc	g/l	Source	25	16
happi	l/min	Extracted	6	6
p-kretiniini,vierilaitteella	umol/l	Source	7	7
p-troponiinit,vieritutkimus	ng/l	Source	29	20
kalium	mmol	Source	17	16
asetyylikoliinireseptori,vasta-aineet	nmol/l	Source	6	6
sappihapot,seerumista,paastotilassa	umol/l	Source	23	17
b-na-vt	mmol/l	Source	149	113
b-k-vt	mmol/l	Source	150	114
b-gluk-vt	mmol/l	Source	62	49
crpherkkä	mg/l	Source	21	21
s-rnp70ab	u/ml	Source	71	50
fp-kolesteroli,lowdensitylipoproteinit	mmol/l	Source	33	31
b-lydiff	%	Source	8	8
s-rf	iu/l	Source	9	9
li-tpha	titre	Source	11	10
s-pölyerittely,ige-vasta-aineet	u/ml	Source	133	131
pd-eryt	e6/l	Extracted	18	11
pd-leuk.	e6/l	Extracted	18	11
p-aboabbg	titre	Extracted	152	23
s-humanherpesvirus6,iggvasta-aineet	eiu	Source	16	13
ureavieri	mmol/	Source	44	41
s-digoksiinipitoisuus	nmol/l	Source	15	13
ghb-a1c-pi	%	Source	7	7
stim-max	cpm	Source	56	18
stim-taust	cpm	Source	22	18
s-clostridiumtetani,vasta-aineet	iu/ml	Source	10	10
alfa-1-glo	%	Source	22	18
alfa-2-glo	%	Source	22	18
beeta-1-gl	%	Source	25	20
beeta-2-gl	%	Source	22	20
gamma-glob	%	Source	22	18
p-prbnp-vt	ng/l	Source	20	16
p-troponiinit,pikatutkimus	ng/l	Source	56	31
tropopika	ng/l	Extracted	12	10
allergeeni,ruoka-aineryhmä,erittelyjakomponentit,igevasta-aineet	u/ml	Source	74	73
saksanpähkinä(ruoka-aine),igevasta-aineet	u/ml	Source	33	32
s-cashewpähkinä(f202),igevasta-aineet	u/ml	Source	34	33
s-rcora14(f439,rekombinantti,hasselpähkinä),igevasta-aineet	u/ml	Source	11	10
cp-beeta-hydroksibutyraatti,vieritestihoitoy:ssä	mmol/l	Source	10	10
ts-dnamut	form	Source	104	102
sw-cl	mmol/l	Source	46	39
kalsium,ionisoitunut,plasmasta	mmol/l	Source	69	48
as-amylp	u/l	Source	34	31
s-myeloperoksidaasi,vasta-aineet	iu/ml	Source	17	11
s-hsv1abg	u/ml	Source	12	12
pemfigoidi,bp180-antigeeni,vasta-aineet,seerumista␤	u/ml	Source	14	7
ihonepiteelintyvikalvonvasta-aineet,seerumista␤	titre	Source	9	7
eosinofiilistengranulosyyttienkationinenproteiini	ug/l	Source	9	9
s-sjögreninsyndroomaa,(ro)-vasta-aineet	u/ml	Source	15	14
s-sjögreninsyndroma(b),vasta-aineet	u/ml	Source	13	6
fb-glukoosi120	mmol/l	Source	13	13
testosteroni,massaspektrometrinen,seerumista	nmol/l	Source	30	26
p-afos-pa	u/l	Source	23	22
p-amyl-pa	u/l	Source	18	17
p-gt-pa	u/l	Source	12	12
du-alb	mg/24h	Extracted	78	74
gammaglobuliini	g/l	Source	6	6
alfa-1-globuliini()	%	Source	7	7
beeta-2-globuliini()	%	Source	7	7
s-tyreoideaperoksidaasi,vasta-aineet(ko)	iu/ml	Source	9	8
triglyseriditplasmasta,paastotila	mmol/l	Extracted	78	53
c-reaktiivinenproteiini,vieritesti	mg/l	Extracted	24	23
s-gbmab	u/ml	Source	138	40
kalprotektiini,uloste	ug/g	Source	14	14
s-9-ohrisper	nmol/l	Source	7	6
bu-kide-o	estimate	Source	21	20
s-kryopre	g/l	Source	8	8
s-d2+d3-25	nmol/l	Source	29	27
s-karba-v	umol/l	Source	22	17
c-reaktiivinenproteiini(pikatesti)	mg/l	Source	35	24
s-ana(ait)	titre	Source	114	105
hyytymistekijäv,plasmasta␤	%	Source	16	15
hyytymistekijävii,plasmasta␤	%	Source	15	14
protrombiini,plasmasta␤	%	Source	13	12
hyytymistekijäx,plasmasta␤	%	Source	13	12
hyytymistekijäxiii,plasmasta␤	%	Source	13	12
ap-standardibikarbonaatti␤	mmol/l	Source	25	20
b-neutrofiilit	e9/l	Extracted	25	22
alfa-1-fetoproteiini	u/ml	Source	80	32
sy-eryt	e6/l	Extracted	12	11
homeryhmä,igevasta-aineet	u/ml	Source	10	9
s-avocade	u/ml	Source	17	17
e-mchc	pg	Source	17	14
hematokriitti	%	Source	8	6
s-metmal	form	Source	39	30
-kol/adp	s	Source	23	18
-kol/adr	s	Source	22	18
s-gluteie	u/ml	Source	16	16
fs-krea	umol	Source	19	16
vyötärönympäryys	cm	Source	45	45
s-kalsium,ionisoitunut(aktuaalinenpitoisuus)	mmol/l	Source	46	32
sy-polymorfonukleaarisetsolut	%	Source	13	13
c-pepta	nmol/l	Source	13	10
mkomp-2	g/l	Source	14	7
p-fidd-p	mg/l	Source	7	7
p-vwf-ak	%	Source	8	8
s-chlamydiapneumoniae,abgvasta-aineet	bu/ml	Source	8	7
ab-he-tase,ab-pco2	kpa	Source	16	13
ab-he-tase,ab-po2	kpa	Source	16	13
ab-he-tase,ab-hco3	mmol/l	Source	16	13
s-pölyeri	u/ml	Source	24	24
s-alfa-1-antitrypsiini	g/l	Source	52	51
s-epstein-barrvirus,iggvasta-aineet,immuniteettitutkimus	u/ml	Source	34	33
s-dmklots	umol/l	QCOut	63	22
residuaali	ml	Source	21	17
p-natriureettinenpeptidi,b-tyypinterminaalinenpropeptidi	ng/l	Source	76	63
p-hcvnhty	iu/ml	Source	13	13
fp-lipaasi	u/l	Source	78	37
hba1cpikatesti	mmol	Extracted	51	30
glutamyylitransferaasi-desialotransferriini-indeksi	1	Source	9	8
s-neutrofiiliensytoplasma-antigeeni	titre	Source	33	29
p-laktaattipikahoitoyksiköt	mmol/l	Source	58	51
b-erytrosyytit,tilavuusosuus,pikahoitoyksiköt	osuus	Source	42	37
s-ca153kym	u/ml	Source	71	67
s-pistaae	u/ml	Source	47	45
du-aldos	nmol/24h	Source	31	26
pt-gluk-r1/0h	mmol/l	Source	19	19
pt-glukr1/2h	mmol/l	Source	19	19
p-hscrp	mg/l	Source	53	53
-ca12-5	u/ml	Source	15	15
s-lakosam	mg/l	Source	9	8
-pekaanipähkinä	u/ml	Source	8	8
-pistaasi(manteli)	u/ml	Source	12	12
s-tni	ng/l	Source	63	61
s-helicobacterpylori,igavasta-aineet	u/ml	Source	19	18
s-c1inh	g/l	Extracted	39	38
troponiini-t-pit.hoitoyksikkötekeevieritestilaitteella	ng/l	Source	7	6
pikadiffieosinofiilit	%	Source	15	12
pikadiffibasofiilit	%	Source	15	12
pikadiffimonosyytit	%	Source	15	12
s-immunoglobuliini,kevyetketjut,k	mg/l	Source	81	37
s-immunoglobuliini,kevyetketjut,l	mg/l	Source	81	37
magnesium(mg)	mmol/l	Source	9	9
b-hkrhoi	osuus	Source	18	18
perusverenkuvajatrombosyytit(pvk)	paketti	Source	7	7
p-tyreotropiini	mu/l	Extracted	14	11
plasmangt(k)	u/l	Source	73	51
s-aspeag	index	Source	39	11
u-levyepi	e6/l	Source	14	12
c-anca	titre	Source	6	6
p-anca	titre	Source	14	9
vb-hkr	osuus	Source	13	12
vb-k	mmol/l	Source	16	15
vb-ca++7.4	mmol/l	Source	11	10
vb-cl	mmol/l	Source	17	16
vb-na	mmol/l	Source	30	27
vb-ca++	mmol/l	Source	13	12
ulosteencalprotectin	ug/g	Source	27	24
l-neutrofiilit,sauvatumiaset	%	Source	35	20
kalsium(s-)	mmol/l	Source	7	7
s-itrakon	mg/l	Source	17	6
hummeri	u/ml	Source	6	6
s-rder10e	u/ml	Source	7	7
p-alaniiniaminotransferaasi	u/l	Extracted	17	13
xxlymf	%	Source	200	162
xxmono	%	Source	200	162
xxeos	%	Source	200	162
xxbaso	%	Source	200	162
xxneut	%	Source	200	162
fs-reumafaktori,määritys	iu/ml	Source	12	12
c-peptidi,proinsuliini	nmol/l	Source	8	6
s-asca-aba	u/ml	Source	9	7
s-asca-abg	u/ml	Source	8	7
dehydroaripipratsoli	ug/l	Source	19	16
aripipratsolinjadehydroaripipratsolinyht.lask.pitoisuus	ug/l	Source	6	6
aripipratsoli	ug/l	Source	16	14
pt-gluk-r-,0-n	mmol/l	Source	9	7
pt-gluk-r-,1t	mmol/l	Source	9	7
pt-gluk-r-,2t	mmol/l	Source	9	7
as-erytrosyytit	e6/l	Source	22	15
as-leukosyytit	e6/l	Source	19	14
s-bp230ab	titre	Extracted	14	11
s-ihovab	titre	Extracted	58	46
b-tntp	ng/l	Source	50	49
s-pl-abm	mpl	Source	6	6
s-psa-suh,s-psa-v/t	%	Source	19	12
s-hs-c-reaktiivinenproteiini	mg/l	Source	34	31
u-epit,le	u/field	Source	15	15
u-pienepi	u/field	Source	20	20
s-epstein-barr-virus,iggva,immuniteet	u/ml	Source	12	11
du-aldos	ug/24h	Source	12	12
12890	index	Source	8	8
pf-monit	%	Source	34	27
pf-yksit	%	Source	34	27
s-d-1-1,2	pmol/l	Source	6	6
gluk.60	mmol/l	Source	11	10
p-fibriinind-dimeerit,pikatutkimus	mg/l	Source	18	17
s-ca19-9v	u/ml	Source	9	9
tromboplastiiniaika,inr-tulostus,vieritutkimus	inr	Source	19	15
s-adalimumabipitoisuusmääritys	mg/l	Source	73	54
b-gluk	mmol/l	Extracted	13	13
-psa-v	%	Source	6	6
s-afos(isoentsyymeihinliittyvä)	u/l	Source	80	76
erytrosyytit,nivelnesteestä,osatutk.2658	e6/l	Source	18	17
leukosyytit,yksitumaiset,nivelnesteestä,osatutk	%	Source	12	11
leukosyytit,monitumaiset,nivelnesteestä,osatutk	%	Source	12	11
b-gluk-pika	mmol/l	Source	44	43
koira,hilse	u/ml	Source	29	28
s-hibab	mg/l	Source	40	32
pt-glomerolussuodosnopeus,estimoitu,ckd-epi-kaava	ml/min/173m2	Source	19	16
fp-gluk120	mmol/l	Source	19	18
prostataspesif.antig,vap.tot.suh.	%	Source	55	33
s-chlamydiapneumoniae,iggvasta-aineet	au/ml	Source	49	44
s-pemfiab	ru/ml	Source	14	11
fp-ala	umol/l	Source	17	15
fp-glu	umol/l	Source	17	15
fp-gln	umol/l	Source	17	15
fp-orn	umol/l	Source	17	15
fp-phe	umol/l	Source	23	16
gly	umol/l	Source	17	15
fp-lys	umol/l	Source	17	15
fp-pro	umol/l	Source	17	15
fp-val	umol/l	Source	17	15
fp-leu	umol/l	Source	17	15
fp-ile	umol/l	Source	17	15
fp-tyr	umol/l	Source	17	15
fp-sit	umol/l	Source	17	15
fp-arg	umol/l	Source	17	15
fp-meth	umol/l	Source	17	15
fp-cys	umol/l	Source	17	15
fp-taur	umol/l	Source	17	15
fp-ser	umol/l	Source	17	15
fp-eta	umol/l	Source	9	9
fp-asn	umol/l	Source	17	15
fp-thr	umol/l	Source	17	15
fp-hypro	umol/l	Source	14	12
fp-trp	umol/l	Source	17	15
fp-aab	umol/l	Source	17	15
fp-his	umol/l	Source	17	15
myeloperoksidaasi,vasta-aineet,seerumista␤	iu/ml	Source	41	9
s-kolestroli,highdensitylipoproteiinit	mmol/l	Source	47	42
s-kolestroli,lowdensitylipoproteiinit	mmol/l	Source	47	42
s-testo-v	%	Source	15	15
af-gluk	mmol/l	Source	8	8
p-glutamyylitransferaasi	u/l	Extracted	11	10
s-bordetellapertussis,iggvasta-aineet	iu/ml	Source	32	30
luu	u/l	Source	9	9
ana	titre	Source	6	6
igg	g/l	Source	7	7
igm	g/l	Source	7	7
s-dehydroepiandrosteroni,sulfaatti	umol/l	Source	29	27
s-insuliininkaltainenkasvutekijä(igf-1)	nmol/l	Source	32	27
fs-kasvuhormoni	ug/l	Source	26	21
p-egfr-d	form	Source	6	6
sy-proteiini	g/l	Source	6	6
b1-vitamiini(tiamiini),verestä,paastotilassa␤	ug/l	Source	7	7
s-lammepe	u/ml	Source	8	8
tuumoriinliittyvätrypsiini-inhibiittori,seerumi	nmol/l	Source	6	6
ferritiini,seerumista	ug/l	Source	25	19
koriongonadotropiini,totaali,plasmasta	u/l	Source	51	25
nu-alb-mi	mg/12h	Source	12	12
hcgb-v/hcg	%	Source	13	10
b-monosyytti	e9/l	Source	73	30
b-basofiili	e9/l	Source	73	30
b-monosyytti	%	Source	73	30
b-eosinofiili	%	Source	73	30
b-basofiilit	%	Source	121	71
p-beeta-2-glykoproteiini,igg(trombot-paketti)	u/ml	Source	22	19
b-shba1c	mmol/mol	Source	13	13
albumiini,seerumi,elektroforeesifraktio(g/l),osatutk.2522	g/l	Source	151	44
alfa1-globuliini,seerumi,elektroforeesifraktio,osatutk.2522	g/l	Source	151	44
alfa2-globuliini,seerumi,elektroforeesifraktio,osatutk.2522	g/l	Source	151	44
beta1-globuliini,seerumi,elektroforeesifraktio,osatutk.2522	g/l	Source	151	44
beta2-globuliini,seerumi,elektroforeesifraktio,osatutk.2522	g/l	Source	151	44
gamma-globuliini,seerumi,elektroforeesifraktio,osatutk.2522	g/l	Source	151	44
glukpika	mmol/l	Extracted	9	9
s-goodpk	u/ml	Source	175	28
s-gbmif	titre	Source	14	7
se-likvo-o	form	Source	7	6
s-persile	u/ml	Source	15	15
s-parvorokkovirus,iggvasta-aineet	iu/ml	Source	10	7
p-tau-proteiini,217-fosforyloitu	ng/l	Extracted	15	14
s-rfeld1e	u/ml	Source	6	6
s-feld4e	u/ml	Source	7	7
s-desialotransferriini	u/l	Source	17	16
s-pekpähe	u/ml	Source	31	31
s-päh22er	u/ml	Source	41	41
kreatiniini,dreenieritteestä␤	umol/l	Source	7	6
p-probnp-pika	ng/l	Source	22	19
s-pi	mmol/l	Source	80	58
pax6	u/ml	Source	17	17
hoi-crp-pi	mg/l	Extracted	9	8
s-borrab	au/ml	Source	18	12
ab-thb-	g/l	Source	164	35
s-desmetyylivenlafaksiini	nmol/l	Source	15	14
s-nordiat	umol/l	Source	7	7
fp-trans	g/l	Source	56	46
fp-reumafaktori,määritys	iu/ml	Source	6	6
s-syklinensitrullinoitupeptidi,vasta-aineet	u/ml	Source	17	17
parathormoni	pmol/l	Source	10	10
reumafaktori(rf)	iu/ml	Source	16	16
s-ana-ty	u/ml	Source	16	10
du-ca(laskennallinen)	mmol/l	Source	7	7
virtsansuhteellinentiheys	kg/l	Source	90	70
s-rapim2e	u/ml	Source	11	11
s-rapim3e	u/ml	Source	13	13
s-rapim5e	u/ml	Source	15	15
l-ba	%	Source	28	17
p-troptkone	ng/l	Source	9	6
s-heinäre	u/ml	Source	23	22
s-testosteroni,vapaa,laskettu,voitilata	pmol/l	Source	6	6
b-inhibit	%	Source	11	11
b-base	basepru	Source	12	12
b-p2y12	pru	Source	18	17
lateksi(luonnonkumi,k82),igevasta-aineet,seerumista	u/ml	Source	6	6
immunoglobuliinig,indeksi,	index	Source	27	27
s-golimumabi	mg/l	Source	91	75
s-langab	jdf	Source	12	12
b-hg	nmol/l	Source	63	44
s-klonors	nmol/l	Source	31	12
s-leptabg	u/ml	Source	29	21
s-leptabm	u/ml	Source	36	28
s-borrc6	li	Source	62	53
s-borrigg	u/ml	Source	58	52
cp-beeta-hydroksibutyraatti,vieritestilab:ssa	mmol/l	Source	22	19
b-glukhoi	mmol/l	Source	52	45
s-home-erittely,igevasta-aineet	u/ml	Source	27	26
s-hbsab	iu/l	Extracted	15	15
s-clteabg	iu/ml	Extracted	11	11
s-vzv-abg	u/l	Source	7	7
b-hba1c	form	Source	16	14
fs-trigly	mmol/	Source	16	13
o2-pros	%	Source	7	7
kors/dxm	nmol/l	Source	20	17
s-al	umol/l	Source	37	34
fibriinind-dimeerit,pikatesti(b-fidd-o)	mg/l	Source	73	63
p-at3-ag	%	Source	7	7
s-hsvcf	titre	Source	14	14
s-vzvcf	titre	Source	18	17
u-momalap	ug/mg	Source	43	11
u-hva-lap	ug/mg	Source	44	12
f-k	mmol/l	Source	10	6
f-na	mmol/l	Source	13	8
s-teicopl	mg/l	Source	39	13
solut,bursaneste	e6/l	Source	17	17
glukoosinpikamääritys	1	Source	12	11
omgluk-r1	mmol/l	Source	28	26
transferriininrautakyllästeisyys(fp-trfesat)	%	Source	15	14
u-cr	ug/l	Source	25	19
s-cv19ab	au/ml	Source	36	35
s-ihot-ab	titre	Source	16	7
epiteelisolut	e6/l	Source	14	10
osmolaliteetti,estimoitu	mosm/kgh2o	Source	7	6
neutrofiilit+eosinofiilit,ask	%	Source	27	22
mononukleaarisetsolut,askite	%	Source	27	22
p-kalsium,ionisoitunutpika,hoitoyksiköt	mmol/l	Source	44	36
NA	u/ml	Source	47	26
p-prl	nmol/l	Source	16	12
p-ldl-kolesteroli,lipidit,eipaasto	mmol/l	Source	43	43
s-p-anca-vasta-aineet,immunofluoresenssi	titre	Source	10	10
p-uraatlä	umol/l	Source	48	12
s-rarah2e	u/ml	Extracted	19	19
s-rbere1e	u/ml	Extracted	6	6
u-kreatiniini,huumeseulonnanyhteydessä	mmol/l	Source	35	33
p-tyroksiini,vapaa(pi)	pmol/l	Source	114	88
vb-o2sat3	%	Source	9	9
vb-o2sat4	%	Source	7	7
vesirokkovirus,igg-vasta-aineetseerumista	iu/l	Source	19	19
u-bakteeri,viljely	form	Source	22	19
di-ca-ion	mmol/l	Source	450	34
di-ca-iona	mmol/l	Source	456	35
e-hypokr	%	Source	350	81
mxd-osuus	%	Source	13	12
s-i	nmol/l	Source	12	12
vb-pakesk	%	Source	9	8
vb-ra1	%	Source	7	6
vb-vcs1	%	Source	8	7
ab-so2	%	Source	9	8
u-protkre	mg/mmol	Source	121	20
cb-k-veka	mmol/l	Source	17	15
cb-na-veka	mmol/l	Source	17	15
kalium(verikaasulaite),kapillaariveri	mmol/l	Source	57	23
natrium(verikaasulaite),kapillariveri	mmol/l	Source	55	21
s-valpr	%	Source	33	32
s-pujonsiitepöly,igevasta-aineet,rast,allergia	u/ml	Source	10	7
s-ypstu3	titre	Source	6	6
d-vitamiini-25-oh,hepariiniplasmasta	nmol/l	Source	22	21
e-mchc	%	Source	8	8
ub-hb-pu	g/l	Source	71	6
ub-hkr-pu	%	Source	24	6
ue-mcv-pu	fl	Source	24	6
ue-mchc-pu	g/l	Source	24	6
ue-reti-pu	%	Source	23	6
s-vani	mg/l	Source	78	8
u-cot	ng/ml	Source	23	19
transferriinireseptori,plasmasta	mg/l	Source	37	35
s-gad-ab	ru	Source	19	16
s-infliks	mg/l	Extracted	18	15
s-allergeeni,koira(hilse)/hund(mjäll)e5	u/ml	Source	10	10
s-allergeeni,d.pteronyssinus(pölyp./kval.)d1	u/ml	Source	7	7
s-allergeeni,kissa(hilse)/katt(mjäll)e1	u/ml	Source	12	12
s-allergeeni,hevonen(hilse)/häst(mjäll)e3	u/ml	Source	8	8
la-t-cd3	e9/l	Extracted	96	75
la-t-cd4	e9/l	Extracted	96	75
la-t-cd8	e9/l	Extracted	96	75
la-hb	g/l	Source	35	19
la-hkr	%	Source	35	19
la-eryt	e12/l	Extracted	24	15
la-tumsol	e9/l	Extracted	24	15
la-trom	e9/l	Extracted	24	15
s-pölyer(ent.phadiatop)	u/ml	Source	7	7
inrvieritesti	inr	Source	198	17
s-norklots	nmol/l	Source	53	29
-aspeag	index	Extracted	22	19
s-formige	u/ml	Source	19	19
s-immunoglobuliinig	g/l	Source	32	32
s-immunoglobuliinim	g/l	Source	25	25
di-eos	%	Source	130	18
s-fluoks	nmol/l	Source	45	28
s-norfluo	nmol/l	Source	47	29
plasmanprostataspesifinenantigeeni(k)	ug/l	Source	24	22
b-diffi	e9/l	Source	147	31
am-aminoh	ug/l	Source	8	8
s-mykoplasmapneumoniae,iggvasta-aineet	eiu	Source	40	38
s-hevosenhilse(e3),ige-vasta-aineet	u/ml	Source	61	61
b-fidd-pika	mg/l	Source	27	25
tb2antigen-putki	iu/ml	Source	21	18
s-borabgvosat.	au/ml	Source	27	23
laskennallinenpunasoluindeksi	%	Source	17	16
pt-arr	pmol/l:mu/l	Source	6	6
du-kalium	mmol	Source	14	12
du-natrium	mmol	Source	36	30
u-eryt	u	Source	33	29
u-leuk	u	Source	43	36
u-epit	u	Source	37	31
am-lamellaarikappaleet	e9/l	Source	8	6
s-borabc6	au	Source	14	14
s-fibrillarin,vasta-aineet	u/ml	Source	48	45
b-ghb-a1c,tk	%	QCOut	61	56
cxcl13-komokiinipitoisuus,selkäydinnesta	ng/l	Source	6	6
f-cl	mmol/l	Source	14	8
du-moma	umol	Source	76	73
s-hepatitiscvirus,nukleiinihappo,kvantitatiiv	iu/ml	Source	8	7
b-monosyytit	e9/l	Extracted	20	19
s-ige-2,ruokaryhmä,seulonta	u/ml	Source	10	10
s-borrabm	titre	Source	7	7
s-karpune	u/ml	Source	36	35
p-vonwillebrand-tekijä,antigeeni(vuotot-paketti)	%	Source	6	6
s-eläi1ry	u/ml	Source	25	25
etanoli,plasmasta	promille	Source	36	22
fp-pthint	ng/l	Source	23	7
u-protks	g/l	Source	8	7
b-magnesium,kokoveren	mmol/l	Source	9	9
oma-crp-pika	mg/l	Extracted	14	14
klobatsaami	umol/l	Source	9	7
p-tt-inr	inr	QCOut	10	9
-bnp	ng/l	Source	43	15
allergeeni,timotei(siitepöly)/timotej(pollen)g6	u/ml	Source	14	14
allergeeni,pujo(siitepöly)/gråbo(pollen)w6	u/ml	Source	12	12
allergeeni,koivu(siitepöly)/björk(pollen)	u/ml	Source	14	14
allergeeni,koira(hilse)/hund(mjäll)e5	u/ml	Source	19	17
allergeeni,dermatophagoidespteronyssinus(pölypunkki/husdammskvalster)d1	u/ml	Source	14	14
allergeeni,cladosporiumherbarum(home/mögel)m2	u/ml	Source	15	14
allergeeni,kissa(hilse)/katt(mjäll)e1	u/ml	Source	18	16
allergeeni,hevonen(hilse)/häst(mjäll)e3	u/ml	Source	18	16
rakkoaika	h	Extracted	6	6
u-proteiininjakreatiniininsuhde	mg/mmol	Source	22	11
tromboplastiiniaika,aktivoitu	s	Source	16	16
hyytymistekijäviii,rekombina	%	Source	33	17
vonwillebrand-tekijä,aktiivi	%	Source	24	12
s-kopöryh	u/ml	Source	13	13
hasselpähk	u/ml	Source	11	10
b-tni-vt	ng/l	Source	59	49
ly-tbspota	spot/e6lu	Source	23	22
ly-tbspotb	spot/e6lu	Source	23	22
ly-tbspppd	spot/e6lu	Source	23	22
pt-hepy-r	promille	Source	23	23
banaani	u/ml	Source	18	18
persikka	u/ml	Source	12	11
s-borrabg	u/ml	Source	27	21
järviruoko	u/ml	Source	7	7
fgluk-0	mmol/l	Source	34	29
s-kreatiinikinaasi	u/l	Source	41	38
s-prolaktiini,totaali	mu/l	Source	26	25
u-lieriöt,osatutkimus	e6/l	Source	8	7
c-reaktiivinenproteiini,pikatestioma	1	Source	44	29
vb-happamuusaste,vierilaitteella	1	Source	25	14
b-laktaatti,vieritutkimus	mmol/l	Source	28	14
p-glukoosi,vieritutkimus	1	Source	29	15
vb-ca	mmol/l	Source	26	14
b-leukosyytit	1	Source	10	9
b-erytrosyytit	1	Source	10	9
vb-hiilioksidiosapaine,vierilaitteella	kpa	Source	25	14
0mgh	ug/l	Source	14	10
30mgh	ug/l	Source	12	8
1hgh	ug/l	Source	13	9
90mgh	ug/l	Source	12	8
2hgh	ug/l	Source	13	9
p-tromboplastiiniaika,-tulostus	%	Source	36	19
s-pujoe	u/ml	Extracted	11	11
s-hevohie	u/ml	Extracted	7	7
s-rarah9e	u/ml	Extracted	16	16
s-spho3ry	u/ml	Source	6	6
b-vakuly	estimate	Source	12	12
b-eryt	e12/	Source	18	14
p-glukoosirasitus,0-näyte	mmol/l	Source	31	27
10329	u/l	Source	10	9
10330	u/l	Source	9	8
10333	%	Source	9	8
du-5hiaa	umol/24h	Extracted	25	25
verenm.tuberculosis-herkistyneetsolut,gammainterferoni,eritys	iu/ml	Source	8	8
p-tc2	nmol/l	Source	29	29
l-erblast	u/100le	Source	95	35
b-muisti	%	Extracted	8	8
ig-vaiht	%	Extracted	7	7
s-tosilit	mg/l	Source	18	13
p-caion7.4	mmol/l	Source	58	24
s-adalimumabivasta-ainemääritys	au/ml	Source	18	15
pt-gluk0	mmol/l	Source	30	29
pt-gluk2	mmol/l	Source	30	29
albumiini,virtsasta	mg/l	Source	34	30
b-tvk	paketti	Source	22	20
transferriinireseptori,liukoinen(4720p-tfr)	mg/l	Source	27	23
solut,askitesneste	e6/l	Source	88	52
s-amylaasi	u/l	Source	56	55
li-immunoglobuliinig	mg/l	Source	8	8
li-albumiini/s-albumiinisuhde	mg/g	Source	6	6
s-klotsa	âumol/l	Source	32	14
s-dmklots	âumol/l	Source	32	14
p-ngal	ug/l	Source	31	28
b-hb-a1	%	Source	16	11
urea	mmol	Source	39	26
s-inhiblns	ng/l	Source	12	6
hoihb	g/l	Extracted	6	6
calprotectinulosteesta	ug/g	Source	27	23
pt-galt1/2	min	Extracted	9	6
s-hhv6abg	eiu	Extracted	38	32
-ebvnh	iu/ml	Source	14	11
du-aldos	nmol/l	Source	25	22
s-pölyerittely(phad),igevasta-aineet	u/ml	Source	25	24
liikunta	kuntolii	Source	9	6
glukoosi120minot	mmol/l	Source	31	29
reniini,konsentraatio	mu/l	Source	22	21
s-antistreptolysiini	iu/ml	Source	33	31
albumiini,bronkoalveolaarihuuhtelunesteestä␤	mg/l	Source	7	7
s-allige,kissa(hilse)/katt(mjäll)osa	u/ml	Source	23	23
s-ruoka-aineryhmäjakomponentit	u/ml	Source	8	8
s-tyreoideaperoksidaasi,vasta-aineet(pi)	u/ml	Source	6	6
zb-emäsylimäärä	mmol/l	Source	167	65
s-kaurspe	u/ml	Source	10	10
s-ohraspe	u/ml	Source	9	9
s-home2ry	u/ml	Source	8	8
s-home4ry	u/ml	Source	7	7
b-nlt	%	Source	7	7
s-tshrab	iu/ml	QCOut	20	20
p-glukoosi2h	mmol/l	Source	53	46
li-fosfotau-proteiini	ng/l	Source	19	19
li-tau-proteiini	ng/l	Source	19	19
li-amyloidi-peptidi42-proteiini	ng/l	Source	17	17
s-ins/0	mu/l	Source	9	9
s-ins/1h	mu/l	Source	9	9
s-ins/2h	mu/l	Source	9	9
vb-krea-hy	umol/l	Source	17	16
s-he4,epididym.ag4	pmol/l	Source	14	14
hemoglobiini(totaali),koneveri	g/l	Source	497	30
bikarbonaatti(aktuaali),koneveri	mmol/l	Source	497	30
hiilidioksidiosapaine,koneveri	kpa	Source	497	30
happiosapaine,koneveri	kpa	Source	495	30
happikyllästeisyys(hemoglobiini),koneveri	%	Source	493	30
kalium,koneveri	mmol/l	Source	499	30
natrium,koneveri	mmol/l	Source	499	30
glukoosi,koneveri	mmol/l	Source	498	30
laktaatti,koneveri	mmol/l	Source	499	30
kloridi,koneveri	mmol/l	Source	499	30
kalsium,ionisoitunut,koneveri	mmol/l	Source	497	30
kalsium,ionsoitunut(7.4),koneveri	mmol/l	Source	496	30
urea,ennendialyysiä	mmol/l	Source	141	32
urea,dialyysinjälkee	mmol/l	Source	133	32
emäsylimäärä,koneveri	mmol/l	Source	216	28
triglyseridit	mmol/l	Extracted	53	47
s-koirag	mg/l	Source	6	6
li-amyloidibeeta-40-proteiini	ng/l	Source	8	8
li-fosfotauproteiinintutkimus	ng/l	Source	8	8
li-beeta-amyloidi-42proteiini	ng/l	Source	8	8
-lymf	%	Source	17	8
-monos	%	Source	17	8
s-gd1aabg	index	Source	20	20
amylaasi,plasmasta	u/l	Source	13	9
s-mypnabm	form	Source	16	13
s-salmab	index	Source	12	12
u-kreatiniini,huumeseulonta	mmol/l	Source	7	6
cb-hba1chy	mmol/mol	Source	51	35
u-ly	u/field	Source	15	14
u-tublier	u/field	Source	31	30
u-erylier	u/field	Source	25	24
u-gralier	u/field	Source	25	24
u-vahlier	u/field	Source	26	25
s-gangabg	%	Source	47	40
p-anti-a-isoagglutiniinitiitteri,igm	titre	Source	30	28
p-anti-b-isoagglutiniinitiitteri,igm	titre	Source	30	28
s-lepänsiitepöly,igevasta-aineet	u/ml	Source	15	15
s-tomaatti,igevasta-aineet	u/ml	Source	10	10
s-heinäerittely,igevasta-aineet	u/ml	Source	13	13
11403	ug/l	Source	21	6
s-amisulpridi	ug/l	Source	32	17
b-pbnp-pt	ng/l	Source	9	9
s-ampi5e	u/ml	Source	24	24
s-myeloperoksidaasi,iggvasta-aineet	iu/ml	Source	18	9
s-luustoentsyymi(afos)	u/l	Source	7	6
u-kreatiniiniosatutkimus	mmol/l	Source	12	12
s-non-hdl-kolesteroliosatutkimus	mmol/l	Source	28	27
s-ebv-abg	eiu	Source	8	7
14356	mg	Source	13	13
s-borrelia,iggvasta-aineet	u/ml	Source	19	19
oma-hba1c	%	Extracted	8	7
l-basto	%	Source	17	15
2tunninjälkeen	mmol/l	Source	23	22
s-dermatomyosiittiantigeenimi2,vasta-aineet	u/ml	Source	23	22
b-fosfatidyylietanoli,verestä(ko)	umol/l	Source	13	7
fp-rauta,plasmasta,paastotilassa	umol/l	Source	6	6
p-magnesium,plasmasta	mmol/l	Source	12	10
s-homesieniryhmä(mx1),igevasta-aineet	u/ml	Source	9	9
p-fibriinind-dimeerit,vieritestihoitoyksikössä	mg/l	Source	10	10
pt-glomerulustensuodatusnopeus,estimoitu,mdrd-kaava	ml/min/173m2	Source	39	27
-transferriininrautakyllasteisyys	%	Source	11	11
s-salmaba	titre	Source	8	8
s-hunajae	u/ml	Source	16	16
s-taimene	u/ml	Source	6	6
s-infaabg	u/ml	Source	31	27
s-infbab	u/ml	Source	20	16
basofiilisetleukosyytit,absoluuttiset/tvk	e9/l	Extracted	9	6
lymfosyytit,absoluuttiset/tvk	e9/l	Extracted	9	6
monosyytit,absoluuttiset/tvk	e9/l	Extracted	9	6
neutrofiilit,absoluuttiset/tvk	e9/l	Extracted	9	6
eosinofiilit,absoluuttiset/tvk	%	Source	9	6
laskennallinenpunasoluindeksi/tvk	%	Source	9	6
p-gluk/60	mmol/l	Source	58	48
p-ked.	mmol/l	Source	344	12
p-naed.	mmol/l	Source	306	11
p-kreaed	umol/l	Source	227	11
fp-ureaed	mmol/l	Source	161	11
fp-ureajd	mmol/l	Source	153	8
p-kjd.	mmol/l	Source	160	9
p-najd.	mmol/l	Source	154	8
p-kreajd	umol/l	Source	153	8
p-tradp	%	Source	13	12
p-traa	%	Source	13	12
p-trristo	%	Source	12	11
p-trtrap	%	Source	10	9
p-trkoll	%	Source	8	7
mycobacteriumtuberculosis-herkistyn.solut,tb2antigeeni	iu/ml	Source	7	6
s-pölyt	u/ml	Extracted	25	25
b-c-reaktiivinenproteiini	mg/l	Source	29	25
p-natriureettinenpeptidi,b-tyypin(32-)(pi)	ng/l	Source	14	14
p-alat	umol/l	Source	23	19
b-pb	ug/l	Source	30	26
s-aspflae	u/ml	Source	12	11
p-fibr.	g/l	Extracted	21	21
s-eosinofiilistengranylos.kationinenprot.	ug/l	Source	6	6
vb-glukoosi	mmol/l	Source	25	19
leuk	e6	Source	13	13
fe-folaat,fe-folaat	nmol/l	Source	28	23
plasmanalbumiini	g/l	Source	12	12
rautaseerumista,paastotilassa	umol/l	Source	14	7
s-lam-va	mg/l	Source	37	25
s-kap-va	mg/l	Source	37	25
s-k/l-va	ratio	Source	38	26
s-immunoglobuliiniaosatutkimus	g/l	Source	15	14
osmolaliteetti(laskennallinen)	mosm/kgh2o	Source	9	6
u-kalsiumvm.	ml	Source	30	22
li-borrelia,vasta-aineetigmvarmistustutkimus	au/ml	Source	10	9
p-aboabbg	titre	Source	81	29
pt-dxm-r1:p-korsol	nmol/l	Source	22	22
kortisoli,vapaa,vrk-virtsa	nmol/l	Source	7	7
9662	ug/l	Source	13	8
s-asetyylikoliinireseptori,vasta-aineet	nmol/l	Source	10	8
glomerulussuodatuksennopeus	ml/min/173m2	Extracted	13	8
glukoosi,plasmasta,pikamittarilla	mmol/l	Source	52	45
p-fiddviitasaari	mg/l	Source	6	6
fs-lipidit	form	Source	50	41
46150	titre	Source	18	15
neutrof	%	Source	423	49
s-filaab	od	Source	35	35
s-tocaab	od	Source	35	35
s-trspab	od	Source	35	35
s-stroab.	od	Source	7	7
s-fascab.	od	Source	7	7
p-interleukiini6	ng/l	Source	15	15
p-urea,ennendialyysiä	mmol/l	Source	139	29
p-urea,10mindialyysinjälkeen	mmol/l	Source	136	29
verenhemoglobiini	g/l	Source	29	22
s-luustoperäinenisoentsyymi	u/l	Source	15	14
s-ceakaj	ug/l	Source	15	13
s-hamsepe	u/ml	Source	24	22
p-c-reaktiivinenproteiini,crp	mg/l	Source	110	17
s-happamuusaste,seerumi	ph	Source	41	22
s-dehydroaripipratsoli	ug/l	Source	33	22
s-aripipratsolinjadehydroaripipratsolinyht.lask.pitoisuus	ug/l	Source	24	14
s-homesienierittely(mx1),igevasta-aineet	u/ml	Source	9	9
p-tau217	ng/l	Source	10	10
lymfosyytit,osuus	%	Source	8	8
neutrofiilitsauvatumaiset,osuus	%	Source	7	7
neutrofiilitliuskatumaiset,osuus	%	Source	7	7
monosyytit,osuus	%	Source	8	8
atyyppisetlymfosyytit,osuus	%	Source	8	8
metamyelosyytit,osuus	%	Source	7	7
myelosyytit,osuus	%	Source	7	7
p-prostataspesifinenantigeeni,vapaajakokonais	ug/l	Source	12	12
s-salis	umol/l	Source	87	18
p-inr-vt	inr	QCOut	6	6
b-dm2alld	form	Source	19	18
k-vitamiini(fyllokinoni)osatutkimus	ug/l	Source	9	9
s-albål	g/l	Source	7	6
s-iggål	g/l	Source	7	6
li-albål	mg/l	Source	7	6
li-iggål	mg/l	Source	7	6
s-rcora8e	u/ml	Extracted	13	13
b-basofiilit	e9/l	Extracted	11	11
b-lymfosyytit	e9/l	Extracted	18	18
b-eosinofiilit	%	Source	79	69
b-cya2	ug/l	Source	74	48
ab-hblask	g/l	Source	36	16
pf-ly+mo	%	Source	25	19
s-yersinia,iga-vasta-aineet	ratio	Source	13	12
s-yersinia,igg-vasta-aineet	ratio	Source	30	25
(pikahb)	g/l	Extracted	11	11
s-kyhemag	titre	Extracted	44	26
du-virtsam	l	Source	56	27
aktuaalibikarbonaatti,venaverestä,osatutk.	mmol/l	Source	62	30
hemoglobiini,venaverestä,osatutk	g/l	Source	62	30
kalsium,ionisoitunut,ph7.4-korjattu,venaverestä,osatutk	mmol/l	Source	62	30
kalsium,ionisoitunut,venaverestä,osatutk	mmol/l	Source	62	30
li-erytrosyytit,likvorista	e6/l	Source	25	23
li-leukosyytit,likvorista	e6/l	Source	25	23
-afer-cd34-positiivisetkantasolut	e6/kg	Source	19	17
-afer-granulosyytit	%	Source	14	13
-afer-mononukleaarisetsolut	%	Source	14	13
p-hyytymistekijäviii(huslab)	%	Source	7	7
p-antitrombiiniiii(huslab)	%	Source	34	34
s-afos-is	u/l	Source	70	19
afoskokonaispitoisuus	u/l	Source	7	7
parainfluenssa,tyypit1-3,va:t(cf)/virus,laaja	titre	Source	6	6
s-interleukiini-2:nresptori,liukoinen	u/ml	Source	10	7
b-ehba1c	mmol/mol	Source	7	6
cp-c-reaktiivinenproteiini,ihopiston,hoitoyksikössä	mg/l	Extracted	6	6
pf-liuskat	%	Source	71	59
s-laktaat	mmol/l	Source	30	26
prolaktiini,seerumista	mu/l	Source	47	40
pt-glomerulussuodatusnopeus,estimoitu,ckd-epi-kaava	ml/min/173m2	Extracted	122	87
leukosyytit,selkäydinneste	e6/l	Source	38	38
kalsium	mmol	Source	13	12
natrium	mmol	Source	13	13
s-borrc6	u	Source	10	10
s-borrigg	u/mol	Source	10	10
s-heliaba	u/ml	Source	21	17
s-heliabg	u/ml	Source	24	20
fs-zn	umol/l	Source	7	6
s-ruocome	u/ml	Extracted	10	10
s-nse(pä)	ug/l	Source	11	7
s-chlamydiapneumoniae,iga-vasta-aineet	au/ml	Source	27	22
s-pemfiab	titre	Source	12	10
s-leihiie	u/ml	Source	13	13
s-oregane	u/ml	Source	9	9
proteiinic,plasmasta	%	Source	12	12
beeta2-glykoproteiini-1-iggvasta-aine	u/ml	Source	8	7
kardiolipiini-iggvasta-aineetplasmasta	u/ml	Source	7	6
p-antitrombiiniiii,huslab	%	Source	10	10
s-hepatiittibvirus,s-antigeeni,vasta-aineet	u/l	Source	27	21
u-virtsanominaispaino	form	Source	22	20
u-virtsanph	form	Source	24	21
p-tromboplastiiniaika,inr-tulostus,pikatutkimus	inruikk|	Source	43	35
p-gluk120	mmol/l	Extracted	6	6
p-gfr-kre	ml/min/173m2	Source	23	23
s-infliksimabi,seerumista	mg/l	Source	41	16
b-hb	e12/l	Source	14	13
fp-insuliini	mu/l	Source	29	15
s-sjögreninsyndroma,a(ro60)-vasta-aineet	u/ml	Source	32	31
p-psa-v	form	Source	7	7
pika-hba1c	mmol/mol	Source	38	25
s-prostataspesifinenantigeeni,vapaa/kokonaissu	%	Source	25	16
s-sukupuolihormonejasitovaglobuliiniosat.	nmol/l	Source	21	15
s-vapaantestosteroninindeksi	pmol/l	Source	27	21
b-caionpf	mmol/l	Source	652	36
s-entlyse	u/ml	Source	49	41
antifaktorix-aktiivisuus,plasmasta	u/ml	Source	47	20
du-moma	umol/24h	Source	19	19
cytomegalovirus,nukleiinihappo(kvant),plasmasta␤	iu/ml	Source	118	27
alkalinenfosfataasi(afos-isvaletietue)	u/l	Source	22	21
p-c1inhbk	form	Source	11	10
muutsolut,nivelneste	%	Source	12	12
troponiinit,vieritutkimus,plasmasta	ng/l	Source	10	10
ab-krea-hy	umol/l	Source	47	42
ruis,ruoka	u/ml	Source	25	23
ohra,ruoka	u/ml	Source	20	19
kaura,ruok	u/ml	Source	21	20
s-ancif	titre	Source	76	74
s-kala2er	u/ml	Source	33	33
u-kreatiniini(huumeseulonnanyhteydessä)	mmol/l	Source	11	9
cp-cl	mmol/l	Source	22	19
cb-thb	g/l	Source	22	19
cb-hb-co	%	Source	22	19
cb-hb-met	%	Source	22	19
globuliinit,virtsa,elektroforeesifraktio,osatutk	mg/l	Source	10	6
albumiini,virtsa,elektroforeesifraktio,osatutk	mg/l	Source	10	6
borreliaigg,varmistus,seerumista	au/ml	Source	38	27
plasmanmagnesium	mmol/l	Source	21	20
p-na	mmol/l	QCOut	7	6
l-lymfosyytit,suhde	%	Source	31	23
l-monosyytit,suhde	%	Source	31	23
l-neutrofiilit,suhde	%	Source	31	23
pd-polynuk	osuus	Source	65	11
pd-mononuk	osuus	Source	65	11
urea,ennendialyysia,plasmasta␤	mmol/l	Source	162	25
urea,dialyysinjälkeen,plasmasta␤	mmol/l	Source	128	22
s-prostataspesifinenantigeeni,vapaa,osuus	%	Source	14	9
ab-be(b)	mmol/l	Source	7	7
ab-chco3	mmol/l	Source	10	10
li-igm	mg/l	Source	11	7
paprika	u/ml	Source	11	11
14400	ug/l	Source	56	40
b-atrytyd	form	Source	7	7
s-campaba	index	Extracted	18	16
trombosyytit,sitraattiveri	e9/l	Source	129	51
s-crp	form	Source	43	24
s-prolaktiini,saanto-	%	Source	7	7
s-kortisolirasitus,0-näyte	nmol/l	Source	19	15
b-bnaive	%	Source	31	30
b-bmuisti	%	Source	31	30
b-nsmb	%	Source	30	29
b-smb	%	Source	30	29
b-bakt	%	Source	29	28
b-btrans	%	Source	30	29
b-bplasbl	%	Source	16	15
b-tnaiv	%	Source	32	26
b-tnaiva	e9/l	Extracted	29	23
b-tmuisti	%	Source	32	26
b-tab	%	Source	32	26
b-tgd	%	Source	29	23
b-t-dp	%	Source	29	23
b-t-dnt	%	Source	29	23
b-takt	%	Source	29	23
b-cd4naiv	%	Source	32	26
b-cd4-rte	%	Source	31	25
b-rte-abs	e9/l	Extracted	28	22
b-cd4-cm	%	Source	32	26
b-cd4-em	%	Source	31	25
b-cd4emra	%	Source	29	23
b-cd4treg	%	Source	29	23
b-cd4akt	%	Source	29	23
b-cd8naiv	%	Source	32	26
b-cd8-cm	%	Source	30	24
b-cd8-em	%	Source	32	26
b-cd8emra	%	Source	30	24
b-cd8akt	%	Source	30	24
b-ohbutp	mmol/l	Source	26	16
p-kardabm	u/ml	Source	11	11
s-topiram	mg/l	Source	17	11
-extam/ml	%	Source	12	10
-fibtem/mcf	mm	Source	12	10
s-hyvehne	u/ml	Source	24	24
myoglobiini	ug/l	Source	11	10
glykoitunuthemoglobiini	mmol/mol	Source	39	22
p-reumafaktori	u/ml	Extracted	20	20
p-glukoosi120	mmol/l	Source	20	20
s-prot-fr	g/l	Source	29	9
s-borrelia,igmvasta-aineet	responseequivalent/ml	Source	6	6
s-c1inhbk	%	Extracted	20	20
p-la1-rvtt	s	Source	8	8
p-fsl-aptt	s	Source	9	9
p-trombiiniaika(p-trombot-paketti)	s	Source	25	24
ruokaryhmä(fx5),igevasta-aineet	u/ml	Source	7	7
u-veri-o	estimate	Extracted	15	15
albumiini,keräysvirtsa	ug/min	Source	8	8
ts-mgmtmet	form	Source	14	14
pef	ml	Source	10	10
s-prokollageeniiii:naminoterminaalinenpropepti	ug/l	Source	16	14
shbg	nmol/l	Source	26	18
testo	nmol/l	Source	26	18
s-heinäerittely(gx1),igevasta-aineet	u/ml	Source	7	7
s-eläinerittely(ex1),igevasta-aineet	u/ml	Source	9	9
p-plasmanalbumiinikorjattukalsium	mmol/l	Source	19	19
s-pemfigoidi,bp180-antigeeni,vasta-aineet	u/ml	Source	21	17
hemoglobiini(abx/sysmex-laitteella)	g/l	Source	7	7
testvl	pmol/l	Source	13	11
u-leukbv,u-leukosyytit,virtasatieinfektionseu	e6/l	Source	17	17
u-baktbv,u-bakteerit,virtsatieinfektionseulon	e6/l	Source	17	17
s-vedoli	mg/l	Source	14	10
s-infliksimabipitoisuus	mg/l	Source	32	31
ab-he-tase,ab-so2	%	Source	9	8
ab-he-tase,ab-na	mmol/l	Source	9	8
ab-he-tase,ab-k	mmol/l	Source	9	8
p-tsh/60	mu/l	Source	10	10
p-tsh/20	mu/l	Source	10	10
p-tsh/0	mu/l	Source	10	10
s-cakpqab	pmol/l	Extracted	8	8
s-sumklop	nmol/l	Source	10	6
s-dgpab	au	Source	10	10
p-tc1	nmol/l	Source	28	28
c-peptidi,proinsuliinin,paastoaikainen	nmol/l	Source	12	12
p-cytomegalovirus,nukleiinihappo,kvantitatiivi	iu/ml	Source	95	14
tuma,vasta-aineet,seerumista	titre	Source	33	26
immunoglobuliinig,alaluokka4,seerumista	g/l	Source	9	7
pf-polynuk	%	Source	10	9
pf-eosinof	%	Source	10	9
pt-urea-cl	ml/s/173m	Source	15	7
b-fish	form	Source	14	12
s-dengabg	titre	Extracted	7	6
p-tromboplastiiniaika,nycotest,pt,inr-tuloste	inr	Source	90	6
u-virtsanleukosyytit	form	Source	7	6
u-virtsanhemoglobiini	form	Source	7	7
u-huumlct	form	Source	9	8
s-formale	u/ml	Source	8	8
s-jgadab	iu/ml	Source	8	8
s-ustekinumpitoisuus	mg/l	Source	6	6
homokysteiini	umol/l	Source	14	11
b6-vitamiini	nmol/l	Source	12	11
s-hamstee	u/ml	Source	12	12
s-staatrg	mg/l	Source	9	9
s-prostataspesifinenantigeeni,vapaansuhde	%	Source	30	25
luc	%	Source	17	6
b-luc	e9/l	Source	17	6
s-alfamye	u/ml	Source	30	30
s-hepatiittib-virus,vasta-aineetpinta-antigeenille.	miu/ml	Source	21	15
s-frtuabg	titre	Source	9	8
u-cannact	form	Source	7	7
immunoglobuliini,kevyetketjut,kappa,virtsa	g	Source	10	8
immunoglobuliini,kevyetketjut,lambda,virtsa	g	Source	8	6
nikkeli,virtsa	umol/l	Source	91	33
ts-dnafc	form	Source	35	18
ab-vekaas5,cl-	mmol/l	Source	11	11
ab-vekaas5,ctco2	mmol/l	Source	14	13
ab-vekaas5,agapk	mmol/l	Source	11	11
ab-vekaas5,hct	l/l	Source	14	13
ab-vekaas5,chgb	g/l	Source	14	13
ab-vekaas5,glu	mmol/l	Source	14	13
ab-vekaas5,lac	mmol/l	Source	14	13
ab-vekaas5,crea	umol/l	Source	11	11
ab-vekaas5,pco2	kpa	Source	17	16
ab-vekaas5,po2	kpa	Source	17	16
ab-vekaas5,chco3-	mmol/l	Source	16	15
ab-vekaas5,be(ecf)	mmol/l	Source	16	15
ab-vekaas5,cso2	%	Source	16	15
ab-vekaas5,na+	mmol/l	Source	16	15
ab-vekaas5,k+	mmol/l	Source	15	14
ab-vekaas5,ca++	mmol/l	Source	14	13
s-t4	nmol/l	Source	8	8
-globuliinit,virtsa,elektroforeesifraktio(mg/l)	mg/l	Source	53	34
-albumiini,virtsa,elektroforeesifraktio(mg/l)	mg/l	Source	53	34
s-prostataspecifinenantigeeni	ug/l	Source	8	8
p-probnp-p	ng/l	Source	7	6
transferiininrautakyllästeisyys,seerumista,paastotilassa	paketti	Source	16	14
b-monosyytit	%	Source	58	51
NA	iu/l	Source	28	26
he4,antigeeni4	pmol/l	Source	22	22
pf-neut+eo	%	Source	32	26
fibriinind-dimeerit,pikatutkimus	mg/l	Source	22	19
b-hba1c-pika	%	Extracted	20	14
tromboplastiiniaika,inr-tulostus,pikatutkimus	inr	Source	55	45
tnipika	ug/l	Source	39	34
hepatiittie-virus,igm	index	Source	16	16
b-ohbuhoi	mmol/l	Source	21	17
fp-kolesteroli,lowdensitylipoproteiinit,suoramittaus	mmol/l	Source	7	7
oma-p-gluk	mmol/l	Extracted	14	12
p-c-reaktiivinenproteiini,hoitoyksikkö	mg/l	Extracted	14	11
b-vakuly	u/500lu	Source	14	14
b-nk	e9/l	QCOut	39	27
histamiini	mm	Source	16	13
tervaleppä	mm	Source	29	29
cladospori	mm	Source	9	9
timotei	mm	Source	40	40
koivut6	mm	Source	9	9
pujo	mm	Source	40	40
kissa	mm	Source	40	40
koira	mm	Source	40	40
hevonen	mm	Source	40	40
d.pteronys	mm	Source	20	20
d.farinae	mm	Source	29	29
timoteinsiitepöly,igevasta-aineet	u/ml	Source	7	7
dermatopahgoidespteronyssinus(pölypunkki)	u/ml	Source	7	7
du-proteiini,vuorokausivirtsasta	g	Source	16	11
u-proteiini,virtsasta	g/l	Source	7	6
se-polymorfonukleaarisetvalkosolut	%	Source	33	18
se-mononukleaarisetvalkosolut	%	Source	33	18
cb-kalsium,ionisoitunut,kapillaariverestä	mmol/l	Source	6	6
p-apcres	form	Source	14	14
s-amiod	umol/l	Source	31	27
s-desamio	umol/l	Source	26	23
p-ferritin	ug/l	Source	95	59
u-välim.ep	u/field	Source	10	8
tattari	u/ml	Source	6	6
s-11dok	nmol/l	Source	21	18
5409	mmol/l	Source	39	29
cp-glukpaa	mmol/l	Source	116	31
s-afosluu	ug/l	Source	30	26
s-w-o6.7	titre	Extracted	10	9
s-aqp4ab	titre	Source	20	16
s-kukkryh	u/ml	Source	7	6
s-rnp70	u/ml	Source	11	10
ica(7.4)	mmol/l	Source	70	54
s-tpo-ab	u/ml	Source	12	11
p-ps-agv	form	Source	7	6
p-pc	form	Source	12	11
luteinisoivahormoni,plasmasta␤	iu/l	Source	6	6
s-br	mmol/l	Source	127	9
s-topiram	umol/l	Source	13	10
u-vä.epit	u/field	Source	10	9
p-karsinoembryonaalinenantigeeni(pi)	ug/l	Source	6	6
s-prolaktiini,rec	%	Source	12	12
abpco2pika	kpa	Source	17	17
abpo2pika	kpa	Source	17	17
abhbo2satp	%	Source	17	17
abhco3pika	mmol/l	Source	20	20
cv-trinho	form	Source	15	15
cv-dnamut	form	Source	10	10
11901	ng/l	Source	10	10
p-antifactorix-aktiivisuus(hepariininestovaik)	iu/ml	Source	12	8
adalimumabipitoisuus,seerumista␤	mg/l	Source	39	29
osmolaliteetti,virtsasta	mosm/kgh2o	Source	38	19
fs-urea	mmol/l	Extracted	39	37
p-fibrag	g/l	Source	29	17
p-tnthoi	ng/l	Source	11	9
b-beeta-hydroksibutyraatti,pika␤	mmol/l	Source	29	18
b-täydellinenverenkuva(hb,mcv/hkr,erytrosyytit,leukosyytit,trombosyytit,leukosyyttieneritte	form	Source	33	24
prostataspesifinenantigeeni,vapaa/kokonais-suhdeeikiinnit	%	Source	16	14
s-viseabg,borreliaburgdorferinvise-proteiini,vasta-aineetigg	au/ml	Source	34	27
s-psa-suh,psa	ug/l	Source	23	16
se-triglyseridit	mmol/l	Source	12	9
u-albkrlb	mg/mmol	Source	41	30
vb-cvo2sat	%	Source	82	28
s-c-reaktiivinenproteiini(kval)	form	Source	7	7
s-androstendioni	nmol/l	Source	11	8
alaniiniaminotransferaasi(alat)	u/l	Source	6	6
glutamyylitransferaasi(gamma-gt)	u/l	Source	12	12
l-cd34	%	Extracted	21	13
la-cd34-os	%	Extracted	20	11
allergeeni,puuerittely/trädspecificeringtx9	u/ml	Source	9	9
p-gluk-p	mmol/l	Source	31	25
p-tpoab	iu/ml	Source	10	8
s-iglcl-v2	mg/l	Source	8	8
s-iglck-v2	mg/l	Source	8	8
s-k/l-s-v2	ratio	Source	8	8
u-prot-fr	form	Source	6	6
glomerulussuodosnopeus,estimoitu,ckd-epi-tutkimuksenkaava	ml/min/173m2	Source	14	14
b-monosyytit,absoluuttiset	%	Source	9	6
s-ruoer	u/ml	Source	9	9
s-kostige	u/ml	Source	11	11
b-erytrosyytit,tilavuusosuus	1	Source	11	11
jäännösvirtsanuä/kk	ml	Extracted	8	7
e-retic	%	Source	13	12
kalsium,ionisoitunut(7,4),seerumi	mmol/l	Source	17	12
s-testotot	nmol/l	Source	6	6
s-borreliaburgdorferi,igmvasta-aineet,varmistus	au/ml	Source	18	17
s-niittyne	u/ml	Source	9	9
p-insu60	mu/l	Source	54	14
virtsanlieriöt	e6/l	Source	12	9
s-aspergillusfumigatus,igevasta-aineet,rast	u/ml	Source	6	6
s-hevkäre	u/ml	Source	7	7
b-ghba1c-	%	Source	123	47
s-bta-2-fraktio	g/l	Source	35	30
nu-alb-12h	ug/min	Source	13	13
s-teikab	titre	Source	14	14
p-tnt-hoi	ng/l	Source	20	11
s-ast	titre	Source	7	7
b-bcr-qr	form	Source	159	23
NA	mg	Source	17	17
b-hb-co	%	QCOut	13	12
p-prostataspesifinenantigeeni,suh.sis.paketin	%	Source	20	19
s-bordetellapertussis,igavasta-aineet	iu/ml	Source	22	21
pt-gromerulussuodosnopeus,estimoituckd-epikaavallakystatiinic:stä	ml/min/173m2	Source	41	15
hdl/kol.(ilmanpaastoa)	%	Source	8	8
s-tnih	ng/l	Source	9	6
b-hb	mg/l	Extracted	9	9
p-transferriinireseptori,liukoinen(pi)	mg/l	Source	12	9
p-b12-vitamiini(pi)	pmol/l	Source	27	23
p-trijodityroniini,vapaa(pi)	pmol/l	Source	15	7
b-beeta-hydroksibutyraatti,pikamääritys,verestä	mmol/l	Source	6	6
af-hemafc	form	Source	10	9
s-cmvcf	titre	Source	10	10
testosteroni,vapaa,laskettu	pmol/l	Source	27	21
s-ige	u/l	Source	9	9
u-sakkaa	estimate	Source	19	18
u-kiteet	estimate	Source	12	12
happamuusaste,pleuraneste	ph	Source	8	8
reumafaktori,pleuraneste	iu/ml	Source	7	7
tioguaani,veri	pmol/02ml	Source	21	17
u-ngal	ug/l	Source	23	21
neutrofiilit+eosinofiilit,askitesneste	%	Source	55	36
mononukleaarisetsolut,askitesneste	%	Source	54	35
as-neutrofiilitjaeosinofiilit	%	Source	44	28
as-mononukleaarisetsolut	%	Source	44	28
as-muutsolut	%	Source	23	17
s-etanersepti	mg/l	Source	11	10
p-tromboplastiiniaika,inr-tulostus	1	Source	64	8
b-erytbl	%	Source	53	13
omaverenketoaineet	1	Source	8	7
s-ampimye	u/ml	Source	7	7
s-kor/30	nmol/l	Source	40	32
s-kor/60	nmol/l	Source	22	22
s-kor/0	nmol/l	Source	42	33
s-gangabg	index	Source	9	9
s-gangabm	index	Source	9	9
p-vwf-fl	%	Source	13	6
u-albumiini,virtsasta,osatutkimus	mg/l	Source	21	18
golimumabipitoisuus,seerumista␤	mg/l	Source	7	6
s-alb	mg/g	Source	7	7
proteiinis,plasma	%	Source	12	12
glukr120m	mmol/l	Source	37	31
jodidi,virtsa	ug/l	Source	16	13
fs-b12-vitamiini	pmol/l	Source	19	18
p-adamts13,aktiivisuus	%	Source	43	18
s-pölyryhmäjatarvittaessaerittely,igevasta-aineet	u/ml	Source	29	29
s-ruokaerittelyjaerittelytarvittaessa,igevasta-aineet	u/ml	Source	16	16
pt-sep	mg/l	Source	12	11
s-hsv1abg	index	Extracted	19	19
s-hsv2abg	index	Extracted	6	6
-uraat	umol/l	Source	7	7
e-retik	pg	Source	17	17
u-spma	ug/g	Source	6	6
s-alattth	u/l	Source	9	9
oma-hb	g/l	Extracted	16	15
14143	titre	Source	11	10
hemoglobiini(vo:nyhteydessäotettu),tth	g/l	Source	21	20
vesirokkovirus,iggvasta-aineet	eiu	Source	18	18
p-fviiire	%	Source	250	39
immunoglobuliinim	g/l	Source	23	22
erytrosyytit,likvorista	e6/l	Source	9	9
alkalinenfosfataasi(afos)	u/l	Source	18	18
li-igg-ind	g/l	Source	11	11
-d-dimqpik	mg/l	Source	15	15
s-hbvnh	iu/ml	Extracted	56	22
s-yersiniaenterocoliticao:3,vasta-aineet	titre	Source	6	6
oma-b-fid	mg/l	Source	15	15
b-amokbat	%	Source	12	12
p-ca-albk,osatutkimus(63840laskennallinentutkimus)	mmol/l	Source	51	47
s-legp7ab	titre	Source	10	8
pt-glom.filt.arviointi	ml/min/173m2	Source	9	9
ts-idh1/2d	form	Source	9	9
s-sikaepe	u/ml	Source	6	6
b-hemoglobiini-a1c,glykoitunut(ko)	%	Extracted	24	22
u-proteiini	g/l	Source	16	11
kystatiinic	mg/l	Source	9	9
p-crpvieri	mg/l	Source	16	13
li-borrabm	au/ml	Source	23	19
s-c-reaktiivinenproteiini,herkkä,seerumista	mg/l	Source	51	28
s-c-reaktiivinenproteiini,herkkä,seerumista/vapaty2	mg/l	Source	17	17
s-sileälihas,vasta-aineet	titre	Source	16	16
s-kurpite	u/ml	Source	6	6
s-pinsiee	u/ml	Source	25	25
s-lupsiee	u/ml	Source	10	9
s-pelsiee	u/ml	Source	17	17
e-rdw(9057e-rdw),osatutkimus	%	Source	7	7
s-hcg(tot)	iu/l	Source	10	9
p-c-reaktiivinenproteiini,päivystysnäyte	mg/l	Source	32	23
glutamyylitransferaasi-desialotransferriini,seerumista	u/l	Source	15	13
du-mhistam	ug/g	Source	8	8
antifaktori-x-aktiivisuus,plasmasta,3h-näyte␤	iu/ml	Source	13	10
magnesium(4601p-mg)	mmol/l	Source	13	12
s-koivunsiitepöly	u/ml	Source	7	7
s-teofy	mg/l	Source	10	9
s-muu-abe	u/ml	Source	19	14
s-papaije	u/ml	Source	12	12
s-golimab	au/ml	Source	24	22
b-hlanark	form	Source	9	9
fp-transferriini(pi)	g/l	Source	12	12
fp-transferriininrautakyllästeisyys(pi)	%	Source	11	11
u-leuk(pi)	e6/l	Source	10	10
u-osmoest(pi)	mosm/kgh2o	Source	7	7
phaptoglobiini	g/l	Source	18	17
bilirubiinikonjugaatit	umol/l	Source	33	24
u-intp	ratio	Source	47	30
kolesteroli/hdl-suhde	ratio	Source	11	11
p-etanoli	g/l	Source	9	6
li-rsvabg	eiu	Source	10	9
fs-gh	ug/l	Extracted	41	10
s-niitspe	u/ml	Source	12	12
testosteroni,vapaa,las	pmol/l	Source	15	11
l-lymfosyytit,laskentahoitoyksikössä	%	Source	9	9
l-neutrofiilit,laskentahoitoyksikössä	%	Source	9	9
l-monosyytitlaskentahoitoyksikössä	%	Source	9	9
l-eosinofiilit,laskentahoitoyksikössä	%	Source	8	8
l-basofiilit,laskentahoitoyksikössä	%	Source	9	9
p-antifaktorix-ak.(frag.hepar.estovaikut)	u/ml	Source	37	14
maapähe	u/ml	Source	6	6
s-pla2rab	titre	Extracted	81	15
ts-trinho	form	Source	19	17
s-alkalinenfosfataasi,muut(elektrof)	u/l	Source	33	32
s-afos-lsapututkimus	u/l	Source	9	9
s-enteabg	index	Source	6	6
b-tnt-o	ng/l	Extracted	12	10
p-probnpviitasaari	ng/l	Source	10	9
venlafaksiini	nmol/l	Source	7	7
desmetyylivenlafaksiini	nmol/l	Source	22	17
-cv19ag	g/l	Source	15	9
-cv19ag	e9/l	Source	19	7
-cv19ag	pg	Source	8	8
-cv19ag	e12/l	Source	7	7
-cv19ag	fl	Source	8	8
9120e-punasolujenkokojakauma	%	Source	6	6
transferriininrautakyllästeisyys,osatutkimus	1	Source	15	12
as-proteiini	g/l	Source	11	9
as-albumiini	g/l	Source	16	12
c-reaktiivinenproteiini,pikatesti	mg/l	Source	12	11
fp-parathomoni	ng/l	Source	14	11
-urea	mmol/l	Source	12	10
p-glukoosi,60min-näyterasituksessa	mmol/l	Source	7	6
p-glukoosi,120min-näyterasituksessa	mmol/l	Source	10	9
ohra,heinä	u/ml	Source	8	8
nurminata	u/ml	Source	16	16
prostataspesifinenantigeeni,osatutkimus	ug/l	Source	6	6
s-toksoplasma,iggvasta-aineet	iu/ml	Source	6	6
s-adalimumabi,seerumista	mg/l	Source	25	17
s-sili-ab	titre	Source	11	11
s-viirype	u/ml	Source	14	13
s-vesimee	u/ml	Source	6	6
s-vzv-abg	eiu	Source	6	6
as-cea	ug/l	Source	27	25
pakettifs-kreatiniini	umol/l	Source	22	21
dermatophagoidespteronyssinus(d1),ige-vasta-aineet	u/ml	Source	11	10
pölyerittely,ige-vasta-aineet	u/ml	Source	27	26
leukosyytit	u/field	Source	33	16
levyepiteelisolut	u/field	Source	33	11
s-kisshie	form	Source	10	10
s-ldesrte	u/ml	Source	7	7
as-neut-eo	%	Source	15	12
s-stpn2	ug/mlgmc	Source	37	25
s-stpn8	ug/mlgmc	Source	40	27
s-stpn10a	ug/mlgmc	Source	43	26
s-stpn11a	ug/mlgmc	Source	46	28
s-stpn12f	ug/mlgmc	Source	29	23
s-stpn15b	ug/mlgmc	Source	38	26
s-stpn17f	ug/mlgmc	Source	42	27
s-stpn33f	ug/mlgmc	Source	39	26
ly-tsc-fc	form	Source	16	15
ly-bsc-fc	form	Source	17	16
s-beeta-1	g/l	Extracted	8	6
s-albfr	g/l	Extracted	8	6
s-beeta-2	g/l	Extracted	9	6
p-kalsium,albumiinikorjattukalsium	mmol/l	Source	7	7
u-natriumvm.	ml	Source	8	8
kokonaisprolaktiini	mu/l	Source	11	11
testosteroni,vapaa,laskettu,seerumista	pmol/l	Source	11	7
14565	mmol/l	Source	26	23
14568	mmol/l	Source	25	22
adalimumabi,seerumista	mg/l	Source	18	8
sy-muut	%	Source	18	15
p-c1q	%	Source	36	33
fc-glu-o	mmol/lliuska	Source	50	44
s-allige,hasselpähkinä/hasselnöt	u/ml	Source	21	21
di-prot	g/l	Source	38	15
14171	mu/l	Source	12	9
kreatiniini,virtsasta(u-intp)	mmol/l	Source	25	21
s-eosinofiilistengranulosyyttienkationinenprot	ug/l	Source	17	13
pvwf-akt	%	Source	15	14
d.microcer	u/ml	Source	8	8
s-vesirokkovirus,igg-vasta-aineet␤	iu/l	Source	9	8
pf-alb	mg/l	Source	9	7
alat.itse	u/l	Source	6	6
kolesteroli.itse	mmol/l	Source	13	12
pt-glukoosirasitus0-näytevb	mmol/l	Source	12	12
pt-glukoosirasitus2h-näytevb	mmol/l	Source	12	12
glukoosirasitus2h	mmol/l	Source	18	9
p-normetanefriini,plasmasta	nmol/l	Source	13	8
s-kortisoli,toimintakokeissa0h	nmol/l	Source	6	6
s-kortisoli,toimintakokeissa24h	nmol/l	Source	6	6
p-kopeptiini	pmol/l	Source	8	8
verensokeripikatesti	u	Source	18	11
99114955s-chlamydiapneumoniae,iggvasta-aineet	eiu	Source	8	7
p-transferriininreseptori,liukoinen	mg/l	Source	36	31
p-troponiini-t	ng/l	Source	13	11
b-pbnp-vt(viitas.)	ng/l	Source	10	8
s-prostataspesifinenantigeeni,suhde	%	Source	16	12
s-hevabg	index	Source	20	20
p-ca-albk,p-alb	mmol/l	Source	9	7
s-ruokaerittelyjakomponentit,igevasta-aineet	u/ml	Source	12	12
s-dermatophagoidespteronyssinusigevasta-aineet	u/ml	Source	27	27
pika-crp(pikatesti)	mg/l	Source	8	7
sshbg	nmol/l	Source	34	23
p-hivirus1,nukleiinihappo(kvant)	u/ml	Source	9	7
sp-vital	%	Source	16	16
p-pc-ag	%	Source	16	16
s-tbg	nmol/l	Source	12	12
s-laktaattidehydrogenaasi	u/l	Source	6	6
cytomegalovirus,iggvasta-aineet,osatutk.	u/ml	Source	9	7
m-komp1	g/l	Source	182	20
p-koriongonadotropiini;ihmisen	u/l	Source	11	6
p-d-25-oh	nmol/l	Source	21	17
oma-ghb-a1c	mmol	Extracted	19	19
kortisoli,oikealisämunuainen	nmol/l	Source	24	16
kortisoli,vasenlisämunuainen	nmol/l	Source	21	17
kortisoli,alaonttolaskimo,pe	nmol/l	Source	15	15
aldosteroni,oikealisämunuain	pmol/l	Source	23	15
aldosteroni,vasenlisämunuain	pmol/l	Source	20	16
aldosteroni,alaonttolaskimo,	pmol/l	Source	14	14
5400	mmol/l	Extracted	11	10
s-asta	u/ml	Source	10	10
s-testosteroni,vapaalaskettu	pmol/l	Source	26	23
af-cea	ug/l	Source	16	15
vb-pco2(t)	kpa	Source	8	8
vb-po2(t)	kpa	Source	9	9
c-reaktiivinenproteiini,pika,tehdäänitse	mg/l	Extracted	6	6
s-viljaryhmä,igevasta-aineet	u/ml	Source	15	15
emäsylimäärä,venaverestä,osatutk.	mmol/l	Source	31	21
fp-aspartaattiaminotransferaasi	u/l	Source	13	12
s-tyreotropiinipakettiin	mu/l	Source	10	9
s-tyroksiini,vapaapakettiin	pmol/l	Source	7	6
du-immunoglobuliini,kevyetketjut,lambda	g	Source	6	6
1histamii	mm	Source	7	7
3koivu	mm	Source	7	7
4timotei	mm	Source	7	7
5pujo	mm	Source	7	7
u-osmolaliteetti,virtsasta	mosm/kgh2o	Source	23	22
s-kissanhilse,igevasta-aineet,rast,kissa,allergia	u/ml	Source	14	10
s-koiranhilse,igevasta-aineet,rast,allergia	u/ml	Source	19	12
s-tsh-reseptori,vasta-aineet␤	iu/l	Source	77	37
s-alfa-2	%	Source	11	11
s-gamma	%	Source	11	11
s-alfa-1	%	Source	11	11
s-beta-2	%	Source	11	11
s-alb	%	Source	12	12
s-beta-1	%	Source	11	11
s-borrabg	form	Source	15	12
p-etprom	promille	Source	26	21
af-muutsol	%	Source	12	12
inr-pikamittaus	1	Source	15	8
fs-tffesat	%	Source	26	25
b-mndcap	form	Source	6	6
s-alfa-1-globuliini	g/l	Source	11	9
s-alfa-2-globuliini	g/l	Source	7	6
s-beeta-1-globuliini	g/l	Source	8	7
s-beeta-2-globuliini	g/l	Source	11	9
antistreptolysiini,seerumi	u/ml	Source	12	12
fp-pepsinogeeni1	ug/l	Source	7	7
alkalinenfosfataasi,seerumista	u/l	Source	10	9
u-solut	u/field	Source	26	15
u-välimuotoisetepiteelisolut	u/field	Source	6	6
fosfatidyylietanoli,verestätth	umol/l	Source	35	32
s-prl	mul/l	Source	6	6
as-bil	umol/l	Source	27	25
s-pölyer	estimate	Source	13	13
crpvieritesti	mg/l	Extracted	13	10
s-c-peptidi,2haterianjälkeen	nmol/l	Source	14	13
s-gangabg	%	Extracted	19	19
s-gangabm	%	Extracted	19	19
s-pölyt,igevasta-aineet	u/ml	Source	11	11
0mgluk-r1/0m	mmol/l	Source	22	19
s-fpsa	ug/l	Source	29	28
s-kala2ry	u/ml	Source	10	10
li-fosfo-tauproteiini␤	ng/l	Source	9	9
li-tauproteiini␤	ng/l	Source	8	8
li-beeta-amyloidi40proteiini␤	ng/l	Source	9	9
e-g6pd	ku/mol	Source	20	19
s-e-vit	umol/l	Source	10	8
fp-glukoosi	nmol/l	Source	15	14
prostataspesifinenantigeeni,vapaa/kokonais-suhde	%	Source	31	18
p-prostataspesifinenantigeeniv/t	%	Source	9	7
koivu	mm	Source	31	31
niittynur.	mm	Source	18	18
histam	mm	Source	20	20
neg.kontr	mm	Source	39	39
retikulosyyttienkeskimääräinenhemoglob	pg	Source	7	7
s-anca,perinukleaarinenvärjäytymiskuvio	titre	Source	8	8
hct	%	Extracted	7	6
s-mykoplasmapneumoniae,igg-vasta-aineet	eiu	Source	7	6
s-ye-col3	titre	Source	6	6
s-ye-col9	titre	Source	6	6
c-reaktiivinenproteiini,herkkä,seerumista␤	mg/l	Source	15	14
anjovis	u/ml	Source	7	7
s-dsg1ab	iu	Source	10	8
s-igf1	nmol/l	Extracted	8	6
p-protrom	%	Source	6	6
m-komp-2	g/l	Source	23	12
m-komp-2	mg/l	Source	15	7
l-eos-m␤	%	Source	46	17
l-baso-m␤	%	Source	46	17
l-lymf-m␤	%	Source	45	16
s-golim	mg/l	Extracted	16	14
s-koirhie	form	Source	9	9
b-everolimuusi	ug/l	Source	79	8
ts-tcr-d	form	Source	14	11
pistaasi	u/ml	Source	17	17
fs-pcb	ug/l	Source	6	6
s-insuliini	mu/l	Source	9	9
trijodityroniini,vapaa,verta	pmol/l	Source	14	14
maapähkinäjakomponentit(f13),igevasta-aineet	u/ml	Source	6	6
s-ruokaryhmä,erittelyjakomponentit,igevasta-aineet	u/ml	Source	9	9
s-if-ab	au/ml	Source	20	20
s-stpn20a	ug/mlgmc	Source	40	27
hemoglobiinivastaanotolla	g/l	Extracted	8	7
epstein-barrvirus,igg-vasta-aineet,osatutk.1335	u/ml	Source	9	9
rr	mmhg	Source	9	7
retikulosyyttienhemoglobiiniekvivalentti	pg	Source	6	6
s-soijapapu(f14),ige-vasta-aineet	u/ml	Source	6	6
s-vehnäjauho(f4),ige-vasta-aineet	u/ml	Source	10	10
p-hepneu	form	Source	6	6
s-tiosyan	umol/l	Source	36	25
s-testo,p	%	Source	8	8
immunoglobuliinig,indeksi,selkäydinneste	index	Source	7	7
immunoglobuliinig,selkäydinneste	mg/l	Source	12	11
u-ctgcnho	umol/l	Source	8	8
14175	ug/l	Source	116	7
plasmantromboplastiiniaika	%	Source	46	29
avocado	u/ml	Source	11	11
s-karni-t	umol/l	Source	15	10
s-klobatsaami	umol/l	Source	9	6
s-ohkarb	umol/l	Source	7	6
tau-proteiini,217-fosforyloitu,plasmasta	ng/l	Source	14	14
amyloidibeeta-40-proteiinintutkimus,osatutkimus	ng/l	Source	12	12
fosfo-tauproteiini,likvorista	ng/l	Source	11	11
tau-proteiini,likvorista	ng/l	Source	11	11
amyloidibeeta-42-proteiinin,likvorista	ng/l	Source	11	11
p-crp	mg/ml	Extracted	11	11
s-cmv-abg	eiu	Source	15	14
e-hemoglobiini,keskimassakonsentraatio,pikatesti	g/l	Source	7	6
s-flunors	nmol/l	Source	14	12
proteiinis,plasmasta␤	%	Source	6	6
hb	g/l	Extracted	17	11
la-b-cd19	e9/l	Extracted	7	7
la-nk	e9/l	Extracted	7	7
so-b-cd19	%	Source	12	12
so-nk	%	Source	12	12
la-leuk	e9/l	Extracted	8	8
u-hb-o	A	Source	19	17
11677	u/ml	Source	10	10
infliksimabi,pitoisuusmääritysseerumista	mg/l	Source	11	7
ab-bepika	mmol/l	Source	7	7
s-emabg	titre	Source	18	16
s-crp	mg/ml	Source	7	7
b-k(pika)	mmol/l	Source	27	25
b-na(pika)	mmol/l	Source	26	24
b-krea(pika)	umol/l	Source	26	25
s-ckmb	ug/l	Source	6	6
p-tyreoideaperoksidaasi,vasta-aineet	u/ml	Extracted	6	6
b-trom	dalmed	Source	19	16
i-stathb	g/l	Extracted	9	9
as-afp	u/ml	Source	16	15
fp-aaa	umol/l	Source	9	8
fp-myristiinihappo	%	Source	9	8
fp-stearidonihappo	%	Source	9	8
fp-eiikoseenihappo	%	Source	10	9
fp-eikosadieenihappo	%	Source	10	9
fp-dihomo-gamma-linoleenihappo	%	Source	10	9
fp-arakidonihappo	%	Source	10	9
fp-eikosapentaeenihappo	%	Source	10	9
fp-dokosapentaeenihappo	%	Source	10	9
fp-dokosaheksaeenihappo	%	Source	10	9
fp-omega3-rasvahappojenkokonaismäärä	%	Source	9	8
fp-omega6-rasvahappojenkokonaismäärä	%	Source	9	8
fp-palmitiinihappo	%	Source	9	8
fp-palmitoleiinihappo	%	Source	9	8
fp-steariinihappo	%	Source	9	8
fp-oleiinihappo	%	Source	9	8
fp-linoleenihappo	%	Source	9	8
fp-gamma-linoleenihappo	%	Source	9	8
fp-alfalinoleenihappo	%	Source	10	9
b-kalium,kokoveren	mmol/l	Source	7	7
b-fosfori,kokoveren	mmol/l	Source	7	7
b-seleenikokoveren	umol/l	Source	8	8
e-kupari	umol/l	Source	8	8
p-fiddhoi	mg/l	Source	17	17
fs-sinkki	umol/l	Source	6	6
s-negadab	mu/ml	Source	28	14
epoc-laitteellatehtäväpikatesti,osavastausp-k	1	Source	68	43
epoc-laitteellatehtäväpikatesti,osavastausp-krea	1	Source	66	42
epoc-laitteellatehtäväpikatesti,osavastausp-na	1	Source	68	43
helicobacterpylori,igavasta-aineet,osatutk.3950	u/ml	Source	13	13
helicobacterpylori,iggvasta-aineet,osatutk.3950	u/ml	Source	13	13
b-kefabat	%	Source	17	17
p-glukoosi,laboratorio,poc	mmol/l	Source	32	27
as-ly+mono	%	Source	21	17
u-kporf1	nmol/l	Source	18	16
u-kporf3	nmol/l	Source	18	16
u-uporf1	nmol/l	Source	18	16
p-ca++hoi	mmol/l	Source	11	11
s-langab	titre	Extracted	12	10
epstein-barrvirus,nukleiinihappo(kvant)	iu/ml	Source	15	12
fs-kasvuhormoni,paastoseerumi	ug/l	Source	6	6
globul	mg/l	Source	113	31
album	mg/l	Source	113	31
s-malsppe	u/ml	Source	21	19
lehmänmaito,ige-va:t(s-)	u/ml	Source	6	6
s-laktaattidehydrogenaasi1(s-ld-is)	%	Source	7	7
s-laktaattidehydrogenaasi5(s-ld-is)	%	Source	7	7
p-c3	g/l	Extracted	23	23
s-interleukiini-2:nreseptori,liukoinen	u/ml	Source	38	23
cb-hemoglobiini-a1c,ihopistosn,vierithoitoy:ssä	mmol/mol	Source	13	11
p-neurofilamentti,kevytketju	ng/l	Source	7	7
p-glukpika	mmol/l	Source	19	19
li-beeta-amyloidi42proteiini␤	ng/l	Source	8	8
sa-kortisoli	nmol/l	Source	11	10
glomerulussuodosnopeus,estimoitu,kystatiini(23315pt-gfrekys)	ml/min/173m2	Source	16	16
kystatiinic(4507p-kysc)	mg/l	Source	19	18
di-neut	%	Source	102	14
di-ly+mono	%	Source	93	13
herkkäcrp	mg/l	Source	7	6
p-ttinrspr	inr	Source	6	6
b-plas-o	ml/min/173m2	Source	53	47
cv-kromos	form	Source	7	7
s-ia-2ab	ru	Source	14	14
s-borrabg	titre	Source	6	6
b-cd34-positiivisetkantasolut	e6/l	Source	19	12
b-neutrofiilit,kiireellinentutkimus	e9/l	Source	58	32
b-retikulosyytit,indeksi	osuus	Source	20	18
fibrinogeeni,hus	g/l	Source	17	17
cmvnh	u/ml	Source	7	7
s-gd1aabm	index	Source	14	14
c-reaktiivinenproteiini(kval)	mg/l	Source	18	15
fs-gluk	mmol/l	Extracted	17	17
kollageenii:naminoterminaalinentelopeptidi	ratio	Source	23	19
s-legp8ab	titre	Source	8	6
transferriinireseptori,liukoinen(tfr)	mg/l	Source	17	13
s-mpoab	kiu/l	Source	24	9
hladr+cd4	%	Source	17	16
tcrab-cd4	%	Source	18	17
tcrgd-cd4	%	Source	19	17
naivit-cd4	%	Source	38	32
tcm-cd4	%	Source	37	30
tem-cd4	%	Source	34	27
temra-cd4	%	Source	37	30
rte-cd4	%	Source	37	30
treg-solut	%	Extracted	10	10
tcrab-cd8	%	Source	16	15
tcrgd-cd8	%	Source	16	14
naivit-cd8	%	Source	37	31
tcm-cd8	%	Source	34	30
tem-cd8	%	Source	32	27
temra-cd8	%	Source	35	29
hladr+cd8	%	Source	17	15
rte-cd8	%	Source	33	28
treg-solut	%	Source	9	9
rte-cd8	%	Extracted	6	6
tem-cd8	%	Extracted	7	7
cd3+solut	x109/l	Source	20	17
cd4+solut	x109/l	Source	19	16
cd8+solut	x109/l	Source	20	17
nkt-solut	%	Source	18	16
tcrg/d-cd3	%	Source	18	15
tcra/b-dnt	%	Source	20	17
treg/cd3	%	Source	17	14
treg/cd4	%	Source	20	17
aktiv-cd8	%	Source	19	16
b-muisti	%	Source	13	13
ig-vaiht	%	Source	14	14
aktiv-cd4	%	Source	16	14
s-levetirasetaami	umol/l	Source	16	11
p-tt-inrp	inr	Source	16	10
s-m-komp1	g/l	Source	239	17
u-osmol	mo/kgho	Source	10	9
b-hbf-fc	form	Source	24	22
s-envopab	index	Source	6	6
as-glukoosi	mmol/l	Source	15	13
s-ca	g/l	Source	8	6
s-9hrispe	ug/l	Source	14	10
s-risper	ug/l	Source	12	9
s-ris9hrs	ug/l	Source	14	10
b-pvk+t	e12/l	Source	8	7
b-pvk+t	fl	Source	8	7
p-inr	form	Source	229	25
afos-is,suolistoperäinen	u/l	Source	14	13
afos-is,maksaperäinen1	u/l	Source	25	24
afos-is,luustoperäinen	u/l	Source	25	24
afos-is,maksaperäinen2	u/l	Source	24	24
s-afos,afos-is:nosanavitavastaus	u/l	Source	30	29
s-kurkkue	u/ml	Source	7	7
s-minttue	u/ml	Source	6	6
s-pinaate	u/ml	Source	7	6
c1-esteraasininhibiittori	g/l	Source	10	8
pt-nilkkuä	%	Source	9	9
fs-kol	mmol/	Source	7	6
s-borrelia,igmvasta-aineet	ru/ml	Source	14	13
s-hcgbsuh	%	Source	9	9
cb-ghb-a1c	%	Source	21	7
s-kvriski	form	Source	9	8
s-dmriski	form	Source	8	7
natriureettinenpeptidi,b-tyypinn-terminaalinenpropeptidipäivystysaikana	ng/l	Source	18	14
14125	e9/l	Extracted	18	13
p-b12-vitamiini	pmol/l	Source	8	8
pujonsiitepöly(w6),ige-vasta-aineet	u/ml	Source	11	10
maapähkinä(f13),ige-vasta-aineet	u/ml	Source	7	6
hasselpähkinä,rekombinanttipr-10coraa1(f428),ige-vasta-aineet	u/ml	Source	6	6
cb-kalsium,ionisoitunut,aktuaali	mmol/l	Source	11	10
p-acth	pmol/l	Source	7	7
transferriininrautakyllästeisyys(4606-trfesat)	%	Source	7	7
cashewpähkinä,igevasta-aineet,seerumista␤	u/ml	Source	6	6
saksanpähkinä,igevasta-aineet,seerumista␤	u/ml	Source	6	6
haptoglobiini	g/l	Source	11	11
p-komplementtic1q,vasta-aineet	u/ml	Source	6	6
s-d2d3-25	nmol/l	Source	30	28
s-dharipi	nmol/l	Source	15	13
s-aridhas	nmol/l	Source	16	14
s-kimmyre	u/ml	Source	7	7
p-angap.	mmol/l	Source	17	16
p-hyyerik	form	Source	14	13
pb-be	mmol/l	Source	42	14
du-fosfaatti,epäorgaaninen	mmol	Source	6	6
as-leukosyytit,liuskatumaiset	%	Source	77	30
as-leukosyytit,yksitumaiset	%	Source	77	30
du-a1miglo	mg	Source	14	14
-tupa15	form	Source	14	14
b-igshm-d	form	Source	7	7
p-fidd-hoi	mg/l	Source	8	8
p-tromboplastiiniaika,plasmasta	%	Source	11	10
s-mykoplasmapneumoniae,iggvasta-aineet	au/ml	Source	8	8
s-mykoplasmapneumoniae,igmvasta-aineet	index	Source	9	9
tst	mmol/l	Source	18	6
tst	e9/l	Source	6	6
fp-gluk	mmol/	Source	10	10
pt-krea-cl	ml/s	Source	56	31
s-ck-bb	%	Source	11	9
s-glpepiga	au	Source	9	9
s-glpepigg	au	Source	9	9
14804	g/l	Source	22	22
␤␤s-hcgb	ug/l	Source	22	20
s-dhea	nmol/l	Extracted	31	31
l-bas	%	Extracted	16	13
b-cd16/56	e6/l	Source	12	11
s-smabbl	s	Source	8	8
s-ssbabbl	s	Source	6	6
s-scl70bl	s	Source	6	6
s-o4.5.12	titre	Extracted	11	9
pt-uresi	ml	Source	6	6
du-magnesium	mmol	Source	9	9
s-chlamydiapneumoniae,igavasta-aineet	u/ml	Source	11	10
alfa-1-globuliini,fraktio,seerumi	g/l	Source	14	12
alfa-2-globuliini,fraktio,seerumi	g/l	Source	14	12
beeta-1-globuliini,fraktio,seerumi	g/l	Source	14	12
beeta-2-globuliini,fraktio,seerumi	g/l	Source	14	12
gammaglobuliini,fraktio,seerumi	g/l	Source	14	12
s-timotej	u/ml	Source	13	12
s-katt	u/ml	Source	12	12
s-dpterony	u/ml	Source	16	15
s-campaba	titre	Extracted	18	15
p-gt	mg/ml	Source	8	8
s-kol	mg/ml	Source	9	9
testosteroni	pmol/l	Source	6	6
s-prostataspesifinenantigeenit	ug/l	Source	12	11
s-hydroksi-indolyyliaset	nmol/l	Source	6	6
resid	ml	Extracted	27	27
kalsium,ionisoitunutseerumista	mmol/l	Source	10	10
ts-fish	form	Source	7	7
s-vzvabg	titre	Source	8	8
s-dehydroepiandrosteroni	nmol/l	Source	8	6
s-hcg-b/d	ug/l	Extracted	8	8
s-afp/d	u/ml	Extracted	8	8
s-ruokaerittelyjaerittelytarvittaessa,igevasta-aineet(ko)	u/ml	Source	17	16
li-iglck-v	mg/l	Source	14	14
s-hslck-v	mg/l	Source	11	11
s-ictp	âug/l	Source	11	10
s-mkomponentti-2,seerumista	g/l	Source	12	8
ab-emäsylimäärä␤	mmol/l	Source	13	10
cb-ca-iona	mmol/l	Source	27	25
ab-happamuusaste	1	Source	8	7
ab-oksihemoglobiini	%	Source	17	14
fp-sinkki	umol/l	Source	16	16
as-liuskat	%	Source	16	9
as-alb	mg/l	Source	28	18
s-kanahöe	u/ml	Source	10	10
s-prealbl	mg/l	Source	9	7
f-elastaasi1,ulosteesta	ug/g	Source	8	7
s-chlamydiapneumoniae,iggvasta-aineet	u/ml	Source	10	9
s-ruoka-aineryhmä	u/ml	Source	16	15
s-koihspe	u/ml	Source	9	9
s-pajuspe	u/ml	Source	9	9
s-amisul	ug/l	Source	16	7
s-timotee	u/ml	Extracted	12	12
s-koivue	u/ml	Extracted	9	9
u-as-i	nmol/l	Source	16	13
b-leudiff	e9/l	Source	20	18
ug-pad-4	mmol/l	Source	17	14
s-hepsid	mmol/l	Source	17	14
p-at3/trt	%	Source	6	6
crppikatutkimus	mg/l	Source	6	6
s-stpn8	mg/l	Source	7	6
11548	mg/l	Source	23	17
14401	ug/l	Extracted	10	10
s-bil-kj	umol/l	Extracted	10	10
cu-prot	ug/min	Source	18	15
gfr-e-epi	ml/min/173m2	Source	15	13
kalprotektiini,ulosteesta	ug/g	Source	7	6
lamotrigiini,seerumi	umol/l	Source	23	13
u-albumiininjakreatin	mg/mmol	Source	12	12
ruokafx20	u/ml	Source	7	7
s-hyttyne	u/ml	Source	7	7
s-norbupr	ug/l	Source	38	18
esat-6	täplää	Source	8	8
cfp-10	täplää	Source	7	7
b-tromto	form	Source	6	6
tthp-crp+hb	mg/l	Source	6	6
b-vpenbat	%	Source	17	17
-crp-vt	mg/l	Source	10	7
u-baktvi	form	Source	10	6
probnp	ng/l	Source	25	9
s-melonie	u/ml	Source	12	12
c-reaktiivinenproteiini-pika(crp-pika)	mg/l	Extracted	15	15
fibriinind-dimeerit,pikatesti,veri(3939b-fidd-pt)	mg/l	Source	7	7
10231	au/ml	Source	6	6
u-igg	mg/l	Source	7	7
s-evircf	titre	Extracted	7	7
s-chtrabg	titre	Source	13	13
oksalaatti,vrk-virtsa	umol/24h	Source	6	6
s-pölyryhmä,igevasta-aineet	u/ml	Source	9	9
s-infaabg	eiu	Extracted	8	8
s-infbab	eiu	Extracted	9	9
p-at3-hus	%	Source	12	12
nu-uporf3	nmol/l	Source	50	22
nu-6c-porf	nmol/l	Source	20	11
nu-5c-porf	nmol/l	Source	40	18
u-uporf3	nmol/l	Source	7	6
u-7c-porf	nmol/l	Source	10	9
b-ykrom-d	form	Source	7	7
s-gt-cdt	%	Source	13	6
s-testostoni,vapaa,laskettu	pmol/l	Source	16	11
e-rethe,osatutkimus(e-rethe)	pg	Source	14	12
p-troptkon	ng/l	Source	14	12
af-l/liusk	%	Source	11	11
af-l/yksit	%	Source	11	11
timoteinsiitepöly,ige-vasta-aineet,seerumista	u/ml	Source	9	9
koivunsiitepöly,ige-vasta-aineet,seerumista	u/ml	Source	11	10
pujonsiitepöly,ige-vasta-aineet,seerumista	u/ml	Source	8	8
hevosenhilse,ige-vasta-aineet,seerumista	u/ml	Source	8	8
kissanhilse,ige-vasta-aineet,seerumista	u/ml	Source	8	8
koiranhilse,ige-vasta-aineet,seerumista	u/ml	Source	8	8
dermatophagoidespteronyssinus,ige-vasta-aineet,seerumista	u/ml	Source	8	8
cladosporiumherbarum,ige-vasta-aineet,seerumista	u/ml	Source	8	8
s-sillie	u/ml	Source	11	11
s-c1inhbk	g/l	Source	8	8
e-g6pd	umol/min	Source	9	9
s-bor-abg	u/ml	Source	25	19
s-ampiaisenmyrkky(i3),igevasta-aineet	u/ml	Source	7	7
s-ampiainen,rekombinantti(rvesv5,i209),igevasta-ain	u/ml	Source	8	7
pos.kontr	mm	Source	11	11
leppä	mm	Source	11	11
pähkinäpen	mm	Source	11	11
cladosp.he	mm	Source	11	11
asperg.fum	mm	Source	11	11
latex	mm	Source	10	10
s-pähk1ry	u/ml	Source	11	11
sy-diffi	granos	Source	18	17
b-etoh	umol/l	Source	18	9
fs-ohbutyr	mmol/l	Source	22	8
pölysekoitus	u/ml	Source	12	12
p-gluk-pa	mmol/l	Source	6	6
s-rbetv1e	u/ml	Source	6	6
s-rcanf1e	u/ml	Source	8	8
s-marsue	u/ml	Source	15	15
s-aripipratsoli	ug/l	Source	9	8
s-aripipratsolinjadehydroaripipratsolinsumma	ug/l	Source	9	8
s-aprikoe	u/ml	Source	12	12
glukoosi(verikaasulaite),pleuraneste	mmol/l	Source	8	8
laktaatti,(verikaasulaite),pleuraneste	mmol/l	Source	8	8
p-protrombiini	%	Source	8	8
s-vedolitsumabi	mg/l	Source	20	10
du-sitraatti	mg/24h	Source	11	8
glukoosi(gluk.ras0)	mmol/l	Source	11	11
glukoosi(gluk.ras2h)	mmol/l	Source	11	11
s-peak-1	g/l	Source	21	17
s-peak-2	g/l	Source	25	20
s-peak-3	g/l	Source	25	20
s-peak-4	g/l	Source	25	20
u-osmolie	mosm/kgh2o	Source	8	8
s-kirsike	u/ml	Source	16	15
kasvuhormoni	ug/l	Source	23	13
s-insuliininkaltainenkasvutekijä1(entsommedc	nmol/l	Source	18	17
s-gd1aabg	index	Extracted	10	10
s-gd1aabm	index	Extracted	10	10
u-tutk-1	form	Source	10	9
b-kokonaishemoglobiini,verikaasuanalysaattorista	g/l	Source	53	12
b-happikyllästeisyys(hemoglobiini)	%	Source	57	13
b-happiosapaine	kpa	Source	56	13
u-kreint	mmol/l	Source	9	9
p-aspartaattiaminotransferaatti	u/l	Source	20	16
forfatidyylietanoli,verestä	umol/l	Source	13	9
albumiini,plasma(alb)	g/l	Source	16	16
pt-glomerulussuodosnopeus,estimoitu,ckd-epi-kaava(p-kreaosatutkimus)	ml/min/173m2	Source	10	7
s-malasseziaspp(m227),igevasta-aineet	u/ml	Source	7	7
pöly-s	u/ml	Source	13	13
pika-ghb-a	mmol/mol	Source	24	16
s-ovarab	titre	Source	8	8
p-urea,dialyysinjälkeen	mmol/l	Source	74	11
s-allige,munanvalkuainen/äggvita	u/ml	Source	6	6
p-fgf23	kru/l	Source	27	17
cytomegalovirus,dna-osoitus,kvant.,plasmasta	iu/ml	Source	13	6
b-tnt-o	form	Source	31	18
p-crp-p	mg/l	Extracted	10	10
pt-glomerulussuodosnopeus,estimoitu,mdrd-tutkimuksenkaava(mittayksikkö:ml/min/1.73m2)	ml/min/173m2	Source	19	10
-nt.	mm	Source	6	6
s-kudostransglutaminaasi,iggvasta-aineet	u/ml	Source	6	6
p-metanef	nmol/l	Source	14	14
s-campabg	titre	Extracted	10	8
koboltti,virtsa	nmol/l	Source	13	8
b-k-diffi,mxd	%	Source	23	10
b-k-diffi,neut	%	Source	23	10
b-k-diffi,lym	e9/l	Source	23	10
b-k-diffi,mxd	e9/l	Source	23	10
b-k-diffi,neut	e9/l	Source	23	10
s-klotsa,-dmklotsa	umol/l	Source	30	9
s-klotsa,-dmklotsa	nmol/l	Source	19	8
neurofilamentit,plasma	ng/l	Source	15	15
mansikka	u/ml	Source	6	6
b-siklosporiini,massaspektrometrinen,verestä	ug/l	Source	35	6
leuk	u/field	Source	9	8
levyepi	u/field	Source	10	9
pienepi	u/field	Source	10	9
lier	u/field	Source	10	9
u-leuk	/sunfält	Source	7	6
ananas	u/ml	Source	9	9
s-venlafaksiini+desmetyylivenlafaksiini	nmol/l	Source	6	6
l-segm	%	Extracted	9	9
fvspiro	%	Source	7	7
pt-gfre-md	form	Source	16	15
s-anca-p	titre	Source	36	13
s-herpessimplexvirus,iggvasta-aineet	eiu	Source	6	6
klotsapiini,seerumista	nmol/l	Source	22	9
desmetyyliklotsapiini,seerumista,osatutk.3964	nmol/l	Source	22	9
b-anionivaje	mmol/l	Extracted	11	7
s-hs-c-reaktiivinenproteiini	mg/l	Extracted	14	14
dna,vasta-aineet(natiivi),if-menetelmä,seerumista	iu/ml	Source	10	10
fvspird	form	Source	25	25
s-hiirie	u/ml	Source	13	13
p-tnt-o	form	Source	29	12
s-c-anca-vasta-aineet,immunofluoresenssi	titre	Source	15	8
kiivi	u/ml	Source	13	13
p-na	mmol/	Source	14	12
e-rethe,osatutkimus(19977e-rethe)	pg	Source	7	6
21624	ug/l	Source	87	8
b-fibriinind-dimeerit(kval)	mg/l	Source	7	7
s-sytomegalovirus,iggvasta-aine	u/ml	Source	11	10
du-krea	mmol/24h	Source	13	10
s-venlafaksiininosatutkimus	nmol/l	Source	16	12
s-ris9hrs	nmol/l	Source	16	12
b-agalak	form	Source	15	11
s-komplementtic1q	g/l	Source	11	10
s-albumiini(paketti)	g/l	Source	18	16
s-kalsium(paketti)	mmol/l	Source	18	16
fs-gh	mlu/l	Source	6	6
s-koirhie	u/ml	Extracted	9	9
s-dpteroe	u/ml	Extracted	8	8
s-ruokae	u/ml	Extracted	6	6
s-bopeaba	responseequivalent	Source	9	9
as-bilirubiini	umol/l	Source	8	8
m-komponentti-1,virtsa,elektroforeesifraktio(mg/l)	mg/l	Source	17	13
as-yksit	%	Source	12	7
as-monit	%	Source	12	7
s-d-vitamiini-25-oh=kolekalsidioli	nmol/l	Source	28	27
s-valksie	u/ml	Source	44	44
s-testosteroni,vapaalaskettu(ko)	pmol/l	Source	13	11
s-ruoka-aineryhmä(fx5),igevasta-aineet	u/ml	Source	6	6
sitraatti,vuorokausivirtsa	mg/24h	Source	16	11
b-gluk-vt	mmol/l	Extracted	10	7
u-epitlevy	u/field	Source	14	11
u-epitmuut	u/field	Source	13	10
basofiilit,osatutkimus(9112l-baso)	%	Source	6	6
eosinofiilit,osatutkimus(9113l-eos)	%	Source	6	6
l-ly,osatutkimus(9116l-ly)	%	Source	6	6
monosyytit,osatutkimus(9117l-monos)	%	Source	6	6
l-neut,osatutkimus(9122l-neut)	%	Source	6	6
kopeptiini,seerumi	pmol/l	Source	11	6
fs-kolldls	mmol/l	Source	12	10
suhteellinentiheys	ratio	Source	17	6
p-aboabag	titre	Source	187	19
natrium,vieritesti␤	mmol/l	Source	12	12
kreavieri	umol/l	Source	13	13
s-testosteroni,vapaa	pmol/l	Source	11	10
u-muut	u/field	Source	7	6
s-ngkol	mmol/l	Source	10	7
s-ngkvldl	mmol/l	Source	10	7
s-ngk-ldl	mmol/l	Source	10	7
s-ngk-hdl	mmol/l	Source	10	7
s-ngtrigl	mmol/l	Source	10	7
s-ngtotfa	mmol/l	Source	10	7
s-ngfaw3	mmol/l	Source	10	7
s-ngfaw6	mmol/l	Source	9	6
s-ngpufa	mmol/l	Source	9	6
s-ngmufa	mmol/l	Source	10	7
s-ngsfa	mmol/l	Source	10	7
s-ngdha	mmol/l	Source	10	7
s-ngfaw3	%	Source	10	7
s-ngfaw6	%	Source	9	6
s-ngpufa	%	Source	9	6
s-ngmufa	%	Source	10	7
s-ngsfa	%	Source	10	7
s-ngdha	%	Source	10	7
s-ngapob	g/l	Source	10	7
s-ngapoa1	g/l	Source	10	7
s-ngala	mmol/l	Source	10	7
s-nggly	mmol/l	Source	10	7
s-nghis	mmol/l	Source	10	7
s-ngtobca	mmol/l	Source	10	7
s-ngile	mmol/l	Source	10	7
s-ngleu	mmol/l	Source	10	7
s-ngval	mmol/l	Source	10	7
s-ngphe	mmol/l	Source	10	7
s-ngtyr	mmol/l	Source	10	7
s-nggluk	mmol/l	Source	10	7
s-nglakt	mmol/l	Source	10	7
s-ngkrea	umol/l	Source	10	7
s-ngalb	g/l	Source	10	7
s-ngglyca	mmol/l	Source	10	7
s-cvdrisk	%	Source	10	7
s-t2drisk	%	Source	10	7
tyreoglobuliini,vasta-aineet,seerumista	u/ml	Source	14	8
s-tyroksiini,vapaa,dialyysimenetelmä	pmol/l	Source	6	6
s-glutamaatttidekarboksylaasi(gad),vasta-aineet	iu/ml	Source	10	9
oma-ghb-a1	mmol	Extracted	15	15
s-keruloplasmiini	g/l	Source	11	11
s-vihpipe	u/ml	Source	7	7
s-basilie	u/ml	Source	13	13
s-sipulie	u/ml	Source	30	30
proteiini	g/l	Source	10	10
s-rnapoab	u/ml	Source	7	6
p-transferriinisaturaatio	%	Source	8	7
s-psa	mg/l	Source	7	7
s-vlseabg,borreliaburgdorferinvlse-proteiini,vasta-aineetigg	au/ml	Source	9	8
s-campabm	titre	Extracted	11	10
kalsium(4598p-ca),osatutkimus	mmol/l	Source	12	11
erytrosyytit,pleuranesteestä,osatutk	e6/l	Source	9	7
u-lima	estimate	Source	10	10
s-dermatophagoidespteronyssinus,igevasta-ainee	u/ml	Source	7	7
b-etoh	promille	Source	11	11
s-parvovirus,iggvasta-aineet	iu/ml	Source	12	10
b-sauv	%	Source	14	11
b-lius	%	Source	16	12
b-blast	%	Source	14	11
b-prom	%	Source	14	11
b-myel	%	Source	14	11
b-meta	%	Source	14	11
u-cr	form	Source	8	8
plasmanfibriinind-dimeerit,osoitus	mg/l	Source	11	10
s-leptin	ug/l	Source	6	6
du-osmol	mosm/kgh2o	Source	8	8
laktaatti,(verikaasulaite),kapillaariveri	mmol/l	Source	8	8
s-papuhöe	u/ml	Source	8	8
fp-glukoosi,paikallisanalytiikka,kuivakemia	mmol/l	Source	9	9
s-aurkuke	u/ml	Source	9	9
s-kursiee	u/ml	Source	8	7
s-heinäry	u/ml	Source	16	16
tyreotropiini,elinvasta-aineristireaktio	mu/l	Source	14	9
s-allige,hasselpähkinä/hasselnötosa	u/ml	Source	7	7
s-treponemapallidum,hemagglutinaatio	titre	Source	21	7
s-nanac2e	u/ml	Source	9	9
ribonukleoproteiini,nukleaarinen,vasta-aineet(s-rnpab)	u/ml	Source	7	6
sm(smith),vasta-aineet(s-smab)	u/ml	Source	7	6
s-hydroksikarbatsepiini(10)	umol/l	Source	10	6
pujo,siitepöly	u/ml	Source	7	7
fs-bkarot	nmol/l	Source	18	18
p-glukoosi,potilas	mmol/l	Source	14	14
p-inr-pik	inr	Source	8	7
s-aspnige	u/ml	Source	13	13
s-phomabetae,igevasta-aineet	u/ml	Source	9	9
hydroksikarbatsepiini	umol/l	Source	20	13
tryptaasi,seerumi	ug/l	Source	17	12
u-lymf	u/field	Source	13	12
pt-glukoosi,toimintakokeissa0m	mmol/l	Source	10	10
pt-glukoosi,toimintakokeissa2h	mmol/l	Source	10	10
s-naudlie	u/ml	Source	20	18
s-osmol	mo/kgho	Source	6	6
igepölyerittely(phadiatop),igevasta-aineet	u/ml	Source	8	8
plasmanlaktaattidehydrogenaasi	u/l	Source	9	9
pakettis-testosteroni	nmol/l	Source	15	14
pakettis-psa	ug/l	Source	13	12
esik	form	Source	10	10
p-c-pept	nmol/l	Extracted	26	22
e-mcv	fl	QCOut	6	6
fp-insu0	mu/l	Source	26	22
fp-kalsium(ko)	mmol/l	Source	10	10
60mkors	nmol/l	Source	9	9
s-hbsab	form	Source	14	12
s-leuxcdc	form	Source	6	6
s-viseabm,borreliaburgdorferinvisejaospcproteiinit,vasta-aineet	au/ml	Source	17	15
p-probnp-o	ng/l	Source	8	7
s-sertolitsumabi	mg/l	Source	7	7
s-laktaattidehydrogenaasi,pitoisuus(s-ld-is)	u/l	Source	6	6
s-laktaattidehydrogenaasi2(s-ld-is)	%	Source	6	6
s-laktaattidehydrogenaasi3(s-ld-is)	%	Source	6	6
s-laktaattidehydrogenaasi4(s-ld-is)	%	Source	6	6
s-psarj	ug/l	Source	8	7
s-estradioli,lapset	nmol/l	Source	14	12
p-aminoh	form	Source	17	10
s-borrelia,vasta-aineet	form	Source	8	6
testosteroni,vapaa	pmol/l	Source	11	9
testosteroni,vapaa,prosentti	%	Source	10	8
ps-straag	form	Source	12	10
b-eosinofiilit(ko)	e9/l	Source	6	6
manteli	u/ml	Source	8	8
soijapapu	u/ml	Source	6	6
du-proteiini,du-prot-fr:nosatutkimus	mg	Source	6	6
muutsolut,askitesneste	%	Source	50	35
s-valp-v	umol/l	Source	21	11
testosteroni-vl	pmol/l	Source	11	6
lipaasi,plasmasta,paastotilassa	u/l	Source	9	9
zb-emäsylimäärä	mmol/l	Extracted	18	16
u-tilav	ml	Source	20	14
u-aika	t	Source	20	14
s-vehnjäe	u/ml	Source	8	8
s-amyltot	u/l	Source	11	10
s-echiab	od	Source	15	15
s-klotsapiini,osavastaus-dmklotsa	umol/l	Source	28	6
s-kotiniini	ng/ml	Source	8	6
s-hsvabm	index	Extracted	6	6
s-metad	mg/l	Extracted	8	6
lateksi	u/ml	Source	11	11
u-ominaispaino	5170	Source	8	8
u-kalsium,virtsasta	mmol/l	Source	11	10
glukoosi,0-näyte	mmol/l	Source	8	8
s-mycoplasmapneumoniae,igg-vasta-aineet␤	eiu	Source	20	17
s-mycoplasmapneumoniae,igm-vasta-aineet	s/co	Source	14	13
albumiini,fraktio,seerumi	g/l	Source	8	6
neutrofiilitsauvatumaiset	%	Source	11	8
neutrofiilitliuskatumaiset	%	Source	11	8
m-komponentti-1	g/l	Source	8	6
m-komponentti-2	g/l	Source	8	6
p-antifaktorix-aktiivisuus	u/ml	Source	29	14
s-vzv,iggvasta-aineet	miu/ml	Source	10	10
pf-makro	%	Source	29	16
pf-meso	%	Source	29	16
p-b12-vit	pmol/l	QCOut	8	8
glukr60m	mmol/l	Source	20	16
s-bartab	titre	Source	19	13
-trigly	mmol/l	Extracted	6	6
-prot	g/l	Extracted	6	6
s-kikhere	u/ml	Source	15	15
p-natriureettinenpeptidi,b-tyypinn-terminaalinenpropeptidivieritutkimus	ng/l	Source	6	6
b-pvk	form	Source	6	6
s-kalaryh	u/ml	Source	17	17
s-heliabg	titre	Source	13	10
p-inr-poc	inr	Source	11	7
basofiilit,absol.määrä	e9/l	Source	23	18
lymfosyytit,absol.määrä	e9/l	Source	25	20
monosyytit,absol.määrä	e9/l	Source	23	18
eosonofiilit	%	Source	23	18
p-gluk60`	mmol/l	Source	7	6
sy-mononukleaarisetvalkosolutmikroskopoidut	%	Source	9	9
sy-polymorfonukleaarisetvalkosolutmikroskopoidut	%	Source	9	9
fs-cga	ug/l	Source	11	9
s-mpnabcf	titre	Source	14	14
ap-laktaatti(arteria)	mmol/l	Source	17	14
neutrofiilisetleukosyytit	%	Source	15	15
neutrofiilisetleukosyytitmd	e9/l	Source	15	15
b-eosinofiilitabsoluuttinenmäärä	e9/l	Source	15	15
p-magnesium(ko)	mmol/l	Source	8	8
alaniiniaminotransferaas	u/l	Source	11	10
s-kuminae	u/ml	Source	11	11
s-ige-2,pölyryhmäseulonta	u/ml	Source	15	15
p-c4d	mg/l	Source	6	6
s-glukr0h	mmol/l	Source	8	7
s-glukr2h	mmol/l	Source	11	11
p-probnpv	ng/l	Source	13	9
23292	u/ml	Source	8	8
kasvuhormoni,seerumista	ug/l	Source	12	8
s-ebv-abg	u/ml	Source	13	13
lepidogl.d	u/ml	Source	12	12
23291	u/ml	Source	8	8
koivunsiiteply,igevasta-aineet	u/ml	Source	9	8
pujonsiitepöly,igevasta-aineet	u/ml	Source	7	7
koiranhilse,igevasta-aineet	u/ml	Source	7	7
s-derp10e	u/ml	Source	9	9
s-testab	titre	Source	6	6
glukoosi-koe,0h	mmol/l	Source	11	9
glukoosi-koe,2h	mmol/l	Source	11	9
s-koiranhilse,igevasta-aineet(ko)	u/ml	Source	6	6
kananliha	u/ml	Source	8	8
du-ca	*sai	Source	6	6
tnt(päiv.hoitaja)	ng/l	Source	7	7
u-gluk	g/l	Source	18	12
11079	pmol/l	Source	6	6
u-naftol	form	Source	11	7
s-enkefab	form	Source	9	9
erytrosyytit,virtsansolujenerittelylaskenta	u/field	Source	15	7
leukosyytit,virtsansolujenerittelylaskenta	u/field	Source	15	7
karsinoembryonaalinenantigeen	ug/l	Source	8	7
s-ferrit	umol/l	Source	15	14
bilirubiini,neste	umol/l	Source	17	9
u-levyepiteelisolut	u/field	Source	7	6
u-bakt	u/field	Source	11	10
p-fidd-po	mg/l	Source	7	7
p-fpsa	ug/l	Source	27	27
p-vreninm	mu/l	Source	7	7
p-areninm	mu/l	Source	6	6
p-tni.	ng/l	Source	6	6
p-fviiire	form	Source	23	6
b-muistisolut(cd19,cd27)	%	Source	10	10
ig-luokkaavaihtaneetmuistisolut(cd19,cd27,igd)	%	Source	10	10
b-neutoks	mfi	Source	7	7
p-follikkeliastimuloivahormoni(pi)	u/l	Source	9	9
cu-tilavu	ml	Source	8	7
mustapipp.	u/ml	Source	7	7
s-chtrabg	s/co	Source	8	7
pika-kol	mmol/l	Source	7	7
p-alkalinenfosfataasi	u/l	Extracted	8	8
b-erytrosyytit,tilavuusosuus	%	Extracted	14	14
s-ecp	mg/l	QCOut	11	11
ruoka-aineryhmäjakomponentit	u/ml	Source	6	6
s-chpnabm	index	Extracted	7	7
s-chpnaba	u/ml	Extracted	6	6
s-hcyst	umol/l	Source	13	11
nu-albumiininjakreatiniininsuhde	mg/mmol	Source	8	8
kollageni:nbeta-karboksiterminaalinentelopeptidi(ctx)	ug/l	Source	12	11
bm-fishhem	form	Source	7	7
u-bkvnh	e6	Extracted	7	6
beta-ketoaine	g/l	Source	8	8
emäsylimäärä,kapillaariverestä,osatutk.	mmol/l	Source	13	8
s-gq1bab	index	Source	7	7
u-hemsi-o	estimate	Source	7	6
p-natriureettinenpeptidi,b-tyypinn-termin.prop.	ng/l	Source	20	11
s-he4ihmisenepididymaalinenproteiini4	pmol/l	Source	7	7
hepyabg	u/ml	Source	6	6
s-klotsa	umol/l	QCOut	16	10
u-cokrea	ug/g	Source	24	11
u-nikrea	ug/g	Source	16	6
s-hcgb-v	pmol/l	Source	10	10
!psavapaanjatotaalinsuhde	%	Source	7	7
testovl	pmol/l	Source	11	10
klotsapiini,seerumista	umol/l	Source	77	17
desmetyyliklotsapiini,seerumista,osatutk.3964	umol/l	Source	77	17
tonnikala	u/ml	Source	7	7
s-testo	nmol	Source	11	9
vapaanjakokonais-psa:nsuhde	%	Source	20	16
prolaktiini,biologisestiaktiivinen	mu/l	Source	7	7
munanvalkuainenjakomponentit(f1),igevasta-aineet	u/ml	Source	6	6
s-ruis(ravintoaine),igevasta-aineet	u/ml	Source	9	9
s-ohra(ravintoaine),igevasta-aineet	u/ml	Source	8	8
allergeeni,aspergillusversicolor(home/mögel)rm215	u/ml	Source	7	7
allergeeni,cladosporiumcladosporioides(home/mögel)rm216	u/ml	Source	7	7
allergeeni,pencilliumspp.(home/mögel)rm217	u/ml	Source	7	7
allergeeni,stachybotrysatra(home/mögel)rm214	u/ml	Source	7	7
allergeeni,trichodermaviride(home/mögel)m15	u/ml	Source	7	7
s-hcg-b-alayksikkö/down-seula	ug/l	Source	6	6
s-afp,down-seula	u/ml	Source	6	6
sg	form	Source	9	9
ph	form	Source	10	10
s-cytomegalovirus,iggvasta-aineet,infektiotutkimus	u/ml	Source	8	8
s-allige,rcora1(f428,rekombinantti,hasselpäh	u/ml	Source	14	14
us-epo	u/l	Source	7	7
-seerumi-askitesalbumiinigradientti	g/l	Source	7	6
b-neutrofiilitb-diffiosatutkimus	e9/l	Source	6	6
cd45ra+,ccr7+cd4t-solut	%	Source	9	8
cd45ra-,ccr7+cd4t-solut	%	Source	9	8
cd45ra-,ccr7-cd4t-solut	%	Source	9	8
cd45ra+,ccr7-cd4t-solut	%	Source	9	8
cd45ra+cd31+cd62l+cd4t-solut	%	Source	9	8
cd45ra+,ccr7+cd8t-solut	%	Source	9	8
cd45ra-,ccr7+cd8t-solut	%	Source	9	8
cd45ra-,ccr7-cd8t-solut	%	Source	9	8
cd45ra+,ccr7-cd8t-solut	%	Source	9	8
cd45ra+cd31+cd62l+cd8t-solut	%	Source	9	8
cd3+(kaikki)tsolut	x109/l	Source	9	8
cd4+tsolut	x109/l	Source	9	8
cd8+tsolut	x109/l	Source	9	8
nkt-solut(cd3+,cd56+,tcrg/dnegat.lymfosyytit)	%	Source	9	8
tcrg/d+cd3+t-solut	%	Source	9	8
tcra/b+,cd3+,cd4-,cd8-dnt-solut	%	Source	9	8
treg-solut(cd25hi,cd127lo,cd4+),osuuscd3+t-soluista	%	Source	9	8
hladr+,cd38+(aktivoituneet)cd4t-solut	%	Source	9	8
tregsolut(cd25hi,cd127lo,cd4+),osuuscd4+t-soluista	%	Source	9	8
hladr+,cd38+(aktivoituneet)cd8t-solut	%	Source	9	8
osmolaliteetti,seerumista	mosm/kgh2o	Source	16	10
s-rocuroe	u/ml	Source	9	9
glukoosiosatutkimus	mmol/l	Source	16	9
s-pölyss	u/ml	Source	7	7
b-c-resktiivinenproteiini	mg/l	Extracted	9	8
c-pept-90	nmol/l	Source	9	9
s-caalbk	mmol/l	Source	7	7
pt-glomerulussuodosnopeus,ckd-epi-kaava	form	Source	12	12
s-kukaale	u/ml	Source	7	7
du-kalsium,vuorokausivirtsa	mmol/24h	Source	9	7
eosinofiilit,absol.arvot(39b-eos),osatutkimus	e9/l	Source	14	10
basofiilit,absol.arvot(40b-baso),osatutkimus	e9/l	Source	14	10
monosyytit,absol.arvot(42b-monos),osatutkimus	e9/l	Source	14	10
lymfosyytit,absol.arvot(43b-lymf),osatutkimus	e9/l	Source	14	10
lymfosyytit(46l-lymf),osatutkimus	%	Source	14	10
l-neut(688l-neut),osatutkimus	%	Source	14	10
b-neut(689b-neut),osatutkimus	e9/l	Source	14	10
eosinofiilit(690l-eos),osatutkimus	%	Source	14	10
monosyytit(693l-monos),osatutkimus	%	Source	14	10
sukupuolihormonejasitovaglobuliini,plasmasta	nmol/l	Source	12	11
crp,pikamääritys,qid-reedlaitteella	1	Source	10	6
s-prokollageenii:naminoterminaalinenpropeptidi	ug/l	Source	14	10
p-luakrvv	form	Source	7	6
p-luakptt	form	Source	7	6
s-ruoat,igevasta-aineet	u/ml	Source	8	8
s-vehnä(ravintoaine),igevasta-aineet	u/ml	Source	6	6
s-osmolaliteetti,seerumi	mosm/kgh2o	Source	6	6
neutrofiilit+eosinofiilit,aspiraatti	%	Source	15	10
mononukleaarisetsolut,aspiraatti	%	Source	15	10
solut,aspiraatti	e6/l	Source	13	8
s-insraba	ratio	Source	8	8
p-lupusak	form	Source	9	9
u-orgah	form	Source	8	7
li-neurofilamentti,kevytketjut	ng/l	Source	6	6
proteiini,nivelneste	g/l	Source	6	6
u-immunoglobuliini,kevyetketjut,lambda	mg/l	Source	7	7
p-lipo(a)	mg/l	Source	6	6
p-ps-ag	%	Source	10	10
oma-trop-2	ng/l	Extracted	9	9
s-kardeme	u/ml	Source	9	7
s-maufx71	u/ml	Source	8	8
s-makro-ck	u/l	Source	6	6
11811	mmol/l	Source	7	6
ly-lymfosyytit,b-solujenosuus	%	Source	28	15
b-lymfosyytit,b-solujenmäärä	e9/l	Source	28	15
päärynä	u/ml	Source	6	6
kirsikka	u/ml	Source	10	10
b1-vitamiini(tiamiini)	ug/l	Source	10	8
s-allige,saksanpähkinä(ruoka-aine)/valnöt(föd	u/ml	Source	6	6
s-allige,rarah8pr-10(f352,rekombinantti,ma	u/ml	Source	6	6
fp-sinkki,paastoplasmasta	umol/l	Source	8	8
nikkeli	ug/l	Source	8	8
kollageeni/adrenaliini	s	Source	7	6
s-luteinisoivahormoni(ko)	u/l	Source	6	6
allergeeni,heinäerittely/grässpecificeringgx1	u/ml	Source	6	6
kopeptiini	pmol/l	Source	16	13
s-asfuabg	mg/l	Source	6	6
s-asveabg	mg/l	Source	6	6
s-ackiabg	mg/l	Source	6	6
s-pespabg	mg/l	Source	6	6
14433	ng/l	Source	6	6
s-cmv-abg	u/ml	Source	8	7
heinär.gx1	u/ml	Source	6	6
s-hmgcrab	u/ml	Source	11	8
s-sm-ab	u/ml	Source	8	8
s-testosteroni,vapaa,prosentti	%	Source	9	8
af-ada	u/l	Source	12	12
mycobakteriumtuberculosis-her	iu/ml	Source	15	7
albumiini,plasmasta,osatutk.11162	g/l	Source	10	9
kalsium,plasmasta,osatutk.11162	mmol/l	Source	8	8
p-metanefriini	nmol/l	Source	10	8
b-nk-solut(luonnollisettappajasolut)	e9/l	Source	7	6
ly-lymfosyytit,t-solujenosuus	%	Source	7	6
b-lymfosyytit,t-solujenmäärä	e9/l	Source	7	6
b-lymfosyytit,t-estäjäsolujenmäärä	e9/l	Source	7	6
b-hba1cvt	mmol	Extracted	7	7
s-ovomukoidi(f233,natiivi,ngald1),igevasta-aineet	u/ml	Source	12	12
b-mksyn	form	Source	7	7
b-probnp	ng/l	Extracted	6	6
ruokaerittely(fx5),ige-vasta-aineet	u/ml	Source	7	7
s-c-peptidi+gluk(2tuntiaateriasta)	nmol/l	Source	12	12
s-tfr	mg	Source	7	6
p-pepsin2	ug/l	Source	14	14
pax5	u/ml	Source	9	9
s-etgly	mmol/l	Source	72	11
b-hb-vieri	g/l	Source	6	6
s-fx31ryh	u/ml	Source	6	6
s-tbeabg	vieu/ml	Source	15	14
s-asetylkoliinireseptori,vasta-aineet,akor-va	nmol/l	Source	7	6
s-allige,manteli/mandel	u/ml	Source	7	7
s-kappa-lambda-suhde,kevytketjut,vapaat	ratio	Source	6	6
s-testosteroni,herkkä	nmol/l	Source	13	13
s-fosfaatti	mmol/l	Source	13	12
u-eryt.	e6/l	Source	10	8
u-leuk.	e6/l	Source	10	8
epit.solut	e6/l	Source	10	8
s-follikkeliastimul.horm.	u/l	Source	6	6
s-alkalinenfosfataasi,luustoper.isoentsyymi(ele	u/l	Source	6	6
s-alkalinenfosfataasi,maksaper.isoentsyymi(ele	u/l	Source	6	6
s-varicella-zostervirus,iggvasta-aineet	miu/ml	Source	7	7
s-cladhee	form	Source	7	7
s-asfuabe	u/ml	Source	6	6
s-asveabe	u/ml	Source	7	6
s-ackiabe	u/ml	Source	6	6
s-clclabe	u/ml	Source	6	6
s-fumoabe	u/ml	Source	6	6
s-pespabe	u/ml	Source	6	6
s-statabe	u/ml	Source	6	6
s-trviabe	u/ml	Source	6	6
s-pölyryhmä(phadiatop),igevasta-aineet	u/ml	Source	6	6
prolaktiini,biologisestiakti	%	Source	6	6
prolaktiini,biologisestiakti	mu/l	Source	6	6
u-kreatiniinivm.	ml	Source	7	7
s-timjame	u/ml	Source	8	8
u-naftol	ug/l	Source	9	6
li-ebvnh	u/ml	Source	6	6
sinkki,seerumista	umol/l	Source	8	8
s-inhibiinib	ng/l	Source	21	6
klomipramiininjanorklomipramiininyhteenlaskettupitoisuus	nmol/l	Source	11	7
s-norklomipramiini	nmol/l	Source	12	8
s-tygl-ab	u/ml	Source	16	8
prolaktiini,saanto	%	Source	8	7
cb-hba1c	mmol/mol	Source	29	8
s-mpoabgk	iu/ml	Source	6	6
fs-reumafaktori,määritys(kvant)	iu/ml	Source	9	9
p-hemoglobiini	mg/l	Source	12	12
munaseos	u/ml	Source	6	6
glukoosi,omalab	mmol/l	Source	9	8
b-basofiilisetleukosyytit	e9/l	Extracted	6	6
uloshengityskaasuntyppioksidi	ppb	Source	6	6
vb-natrium	mmol/l	Source	7	7
p-lupusantikoagulantti,aptt	ratio	Source	13	11
p-lupusantikoagulantti,dptt	ratio	Source	13	11
kalium,vieritesti␤	mmol/l	Source	9	9
ureavieri	mmol/l	Source	7	7
s-c3h	g/l	Source	7	7
s-c4h	g/l	Source	7	7
s-ruoka	u/ml	Source	8	8
b-ertytrosyytit	e12/l	Source	31	11
b-hematokriitti	osuus	Source	31	11
f-hhb-o	form	Source	18	10
12195	nmol/l	Source	6	6
s-kalaryhmä,igevasta-aineet	u/ml	Source	10	10
glukoosipikamittarilla	mmol/l	Source	7	7
s-rjugr3e	u/ml	Extracted	8	8
vehnnä,rekombinantti(rtria19,omega-5gliadin,f416).igevasta-aineet,seer	u/ml	Source	6	6
s-borabm	au/ml	Source	7	6
fs-reumafaktori,määritys	kiu/l	Source	6	6
sileälihas,vasta-aineet	titre	Source	10	9
s-vehnäjauho(f4),igevasta-aineet	u/ml	Source	6	6
s-vilj3ry	u/ml	Source	10	10
s-proteiinifraktioidenm-komponentti1	g/l	Source	108	8
p-viskositeetti	mpas	Source	34	10
s-gliadiini(f98),igevasta-aineet	u/ml	Source	11	11
u-kreahu	mmol/l	Source	9	6
s-rsesi1e	u/ml	Source	10	10
ovomukoidi	u/ml	Source	9	9
u-pbg	umol/mmol	Source	6	6
amylaasi,kokonaisaktiivisuus	u/l	Source	8	7
kalsium,ionisoitunut,vieritesti␤	mmol/l	Source	6	6
aspergillusfumigatus,	mg/l	Source	6	6
aureobasidiumpullulans,igg	mg/l	Source	7	7
penicillium(5lajia),igg	mg/l	Source	7	7
rasvapaketti(lipidit)	paketti	Source	9	7
helicobacterpylori,iggvasta-aineet	index	Source	13	8
u-intp	nmol/mmolkr	Source	14	9
s-mogab	titre	Source	7	7
b-keton-sn	mmol/l	Source	14	12
p-metanef	nmol/l	Extracted	6	6
b-tvk	form	Source	11	10
s-tox-abg	iu/ml	Source	7	6
b-hba1cvt	%	Extracted	9	9
p-c1-esteraasininhibiittori	g/l	Source	7	7
omena	u/ml	Source	9	9
virtaus	l	Extracted	7	6
u-levyepiteelisolut,uf5000	e6/l	Source	8	7
-cv19ag	%	Source	13	6
sähkönjohtokyky,virtsasta	mosm/kgh2o	Extracted	9	6
-natiivi,ovalbumiini/ovalbumin	u/ml	Source	6	6
s-ebvabg	form	Source	9	8
b-perusverenkuvajatrombosyytit	form	Source	17	10
hepatiittib-virus,s-antigeeni,vasta-aineet	u/l	Source	6	6
b-perusverenkuvajatrombosyytit,paketti	form	Source	7	7
l-neutrofiilit,sauvatum	%	Source	7	6
mango	u/ml	Source	6	6
fb-ammonium-ioni	umol/l	Source	7	6
m-komponentti-1,seerumi,elektroforeesifraktio(g/l),osatutk.2522,irrall.	g/l	Source	30	6
m-komponentti-2,seerumi,elektroforeesifraktio(g/l)	g/l	Source	7	7
p-kalium	mmol/l	Extracted	6	6
-cv19ag	umol/l	Source	6	6
p-tnios	ug/l	Source	8	8
trombosyytit,sitraattinäyte	e9/l	Source	8	6
se-alb	g/l	Source	6	6
p-kreatiniini-vt	umol/l	Source	6	6
nu-albumiini	ug/min	Source	6	6
s-ruoka-aineryhmäosat	u/ml	Source	8	7
s-bp180ab	u/ml	Source	7	6
s-caspek	u/ml	Source	6	6
s-ige-pse	u/ml	Source	18	6
s-nurnspe	u/ml	Source	8	8
psa-v/t	%	Source	8	6
u-metnefl	umol/l	Source	6	6
u-normetl	umol/l	Source	7	7
s-hasselpähkinä,igevasta-aineet	u/ml	Source	6	6
gliadiini(f98),igevasta-aineet,seerumista␤	u/ml	Source	6	6
chilipipp.	u/ml	Source	8	8
