TEST_NAME	MEASUREMENT_UNIT	TEST_OUTCOME	n_TEST_OUTCOME	n_subjects
!pak.maitoigavasta-aineet	%	A	37	37
!pak.maitoigavasta-aineet	%	N	93	93
!pak.maitoigavasta-aineet		N	16	16
!pak.maitoiggvasta-aineet	%	A	15	15
!pak.maitoiggvasta-aineet	%	N	129	129
(alv)huumeseulonta4a		N	18	18
(alv)huumeseulonta5a		N	6	6
(alv)huumeseulonta5b		N	44	40
(alv)huumeseulonta6a		N	140	130
(alv)huumeseulonta7a		N	7	7
(m)gluk120		N	20	17
-abcg2		N	1450	1403
-acantvi		N	18	17
-activi		A	61	61
-adenag		N	66	57
-adennho		A	94	71
-adennho		N	1258	792
-adenovirus,nukleiinihaponosoitus		N	9	9
-agglut		N	693	562
-aikaisemmintutkitunnäytteenkäsitteleminenmeetingissä		N	7	7
-albumiini,elektroforeesifraktio,osatutk2522	g/l	A	6	6
-albumiini,seerumi,elektroforeesifraktio(g/l)	g/l	A	427	140
-albumiini,seerumi,elektroforeesifraktio(g/l)	g/l	L	77	43
-albumiini,seerumi,elektroforeesifraktio(g/l)	g/l	N	15	15
-alfa-1-globuliini,elektroforeesifraktio,osatutk2522	g/l	A	6	6
-alfa-1-globuliini,elektroforeesifraktio,osatutk2522	g/l	N	7	6
-alfa-1-globuliini,seerumi,elektroforeesifraktio	g/l	A	142	72
-alfa-1-globuliini,seerumi,elektroforeesifraktio	g/l	H	30	21
-alfa-1-globuliini,seerumi,elektroforeesifraktio	g/l	N	62	42
-alfa-2-globuliini,eletroforeesifraktio,osatutk2522	g/l	A	6	6
-alfa-2-globuliini,eletroforeesifraktio,osatutk2522	g/l	N	6	6
-alfa-2-globuliini,seerumi,elektroforeesifraktio	g/l	A	251	104
-alfa-2-globuliini,seerumi,elektroforeesifraktio	g/l	H	17	15
-alfa-2-globuliini,seerumi,elektroforeesifraktio	g/l	L	12	8
-alfa-2-globuliini,seerumi,elektroforeesifraktio	g/l	N	64	44
-alk-pak		N	52	36
-alk-sul		N	110	87
-amebvr		A	45	30
-amebvr		N	16	13
-amyl	u/l	N	1651	294
-amyl		N	188	121
-amylp	u/l	N	56	30
-amylp		N	9	8
-anaerobibakteeriviljely		A	6	6
-artriittitutkimus,lausunto		A	10	9
-artriittitutkimus,lausunto		N	11	11
-askirje		N	436	409
-aspeag	index	A	10	9
-aspeag		A	18	17
-aspeag		H	12	11
-aspeag		N	532	258
-aspenho		A	9	8
-aspenho		N	18	15
-bakt		N	6	6
-bakteeri,nukleiinihappo(kval)		A	31	18
-bakteeri,nukleiinihappo-osoitus		A	13	11
-bakteeri,viljely		A	55	47
-bakteeri,värjäys		A	32	27
-bakteeriviljely,aerobi		N	119	101
-bakteeriviljely,anaerobi		N	128	106
-baktnho		A	2025	1429
-baktnho		N	3846	2251
-baktvi		N	83	81
-baktvr		A	535	487
-baktvr		N	1109	907
-baso	%	A	35	22
-beeta-1-globuliini,elektroforeesifraktio,osatutk2522	g/l	N	10	9
-beeta-2-globuliini,elektroforeesifraktio,osatutk2522	g/l	A	10	9
-beta-1-globuliini,seerumi,elektroforeesifraktio	g/l	A	189	74
-beta-1-globuliini,seerumi,elektroforeesifraktio	g/l	L	20	14
-beta-1-globuliini,seerumi,elektroforeesifraktio	g/l	N	72	46
-beta-2-globuliini,seerumi,elektroforeesifraktio	g/l	A	97	51
-beta-2-globuliini,seerumi,elektroforeesifraktio	g/l	H	6	6
-beta-2-globuliini,seerumi,elektroforeesifraktio	g/l	L	12	7
-beta-2-globuliini,seerumi,elektroforeesifraktio	g/l	N	75	49
-bil	umol/l	N	149	88
-bil		N	34	30
-bkvnh		A	134	25
-bkvnh		N	58	31
-bnp	ng/l	A	29	8
-bocanho		N	10	10
-bocavirus,nukleenihappo		N	14	14
-bokanho		A	36	18
-bokanho		N	795	495
-bopenho		A	30	30
-bopenho		N	180	175
-bopenho.		N	368	252
-bopevip		N	10	10
-boppnho		N	67	66
-bordetellapertussis,nukleiinihappo(kval)		A	8	8
-bordetellapertussis,nukleiinihappo(kval)		N	12	12
-borrnho		A	36	35
-borrnho		N	207	203
-bparnho		N	13	13
-c19nho		A	6	6
-c6-ind		A	34	30
-c6-ind		N	9	8
-caauvi		N	152	42
-caio7.4	mmol/l	A	10	10
-caionac	mmol/l	A	10	10
-calbnho		N	86	80
-calpro	mg/l	N	39	39
-cand		N	51	43
-cand-vi		A	32	23
-candida,viljely		A	20	20
-candida,viljely		N	9	8
-candidaalbicans,nukleiinihappo		N	20	18
-candidaalbicansnho		N	36	33
-candidaparapsilosisnho		N	8	7
-candvi		A	1056	816
-candvi		N	1001	808
-cd138-solujeneristysluuydin-taiverinäytteestä		N	21	21
-cd4-solujensuhdecd8-soluihin		N	236	161
-cdt	mg/l	N	16	15
-cdt		N	66	59
-cea	ug/l	N	30	29
-cea		N	12	12
-cenp-a-ab(ib)		N	30	30
-cenp-b-ab(ib)		N	30	30
-chl..trach.janeisser.gonorrh.nukl.happo(kval)		N	7	6
-chl.trach.janeisser.gonorrh,nukl.hapon(kval)		N	97	75
-chlamydiatrachomatis,nukleiinihaponosoitus		A	16	13
-chlamydiatrachomatis,nukleiinihaponosoitus		N	7	7
-chlamydiatrachomatis,nukleiinihappo(kval)		A	34	27
-chlamydiatrachomatis,nukleiinihappo(kval)		N	7	6
-chlamydiatrachomatis,nukleiinihappo(kval)(kalmydia)		N	10	6
-chlamydiatrachomatis,nukleiinihappokotona		A	181	156
-chlamydiatrachomatis,nukleiinihappokotona		N	4635	2677
-chlamydiatrachomatis,osoittaminen,		N	27	21
-chlamydiatrachomatis,osoittaminennukleiinihap		A	29	22
-chlamydiatrachomatisjaneisseriagonorrhoeae,nukleiinihappokotona(kval)		N	6639	3643
-chpnab		N	19	15
-chpnnho		N	732	551
-chtrnho		A	1291	976
-chtrnho		N	24766	13326
-cmvhe		N	6	6
-cmvnh	iu/ml	A	40	37
-cmvnh	iu/ml	N	25	11
-cmvnh	u/ml	N	8	8
-cmvnh		A	64	60
-cmvnh		N	195	163
-cmvnho		A	35	34
-cmvnho		N	17	16
-cmvvi		N	9	8
-coinrsv		N	64	58
-colnrsv		A	19	19
-covid-19-koronavirustauti,antigeeni		A	8	8
-covid-19-koronavirustauti,antigeeni		N	68	59
-covid-19-koronavirustauti,antigeeni,standardq		N	6	6
-covid-19-koronavirustauti,nho-pikatesti(kval)		A	207	194
-covid-19-koronavirustauti,nho-pikatesti(kval)		N	11	11
-covid-19-koronavirustauti,nukleiinihappo(kval)		A	743	678
-covid-19-koronavirustauti,nukleiinihappo(kval)		N	150	109
-covid-19-koronavirustauti,nukleiinihappo(kval)(pi)		N	8	8
-covid-19-koronavirustauti,nukleiinihappo(kval).		A	15	15
-covid-19-koronavirustauti,nukleiinihappo(kval).		N	13	10
-covid-19-koronavirustautinukleiinihappo(kval)		A	8	7
-covid-19-koronavirustautinukleiinihappo(kval)		N	8	7
-covid-19-koronavirustesti,nho-pikatesti(kval)		N	41	32
-covidjt		N	41	38
-crp-pika	mg/l	A	186	125
-crp-pika		A	11	10
-crppika	mg/l	A	167	70
-crppika		A	31	21
-ctgcnho		A	111	101
-ctgcnho		N	19325	10327
-ctgcnho,-chtrnho		N	21	17
-ctgcnho,1738osatutkimus		N	13	11
-ctjtnho		N	115	81
-ctngnho		N	129	56
-cv19ag		A	432	413
-cv19ag		N	102	96
-cv19ag0		A	462	455
-cv19ag0		N	3366	2893
-cv19ag4		A	23	23
-cv19ag4		N	73	38
-cv19ag5		A	241	231
-cv19ag5		N	754	696
-cv19nho		A	38443	35301
-cv19nho		AA	9	9
-cv19nho		N	102457	52593
-cv19nho-covid-19koronavirustauti,nukleiinihappo(kval)		N	386	341
-cv19pika		A	816	779
-cv19vt		A	70	69
-cyp2b6		N	1450	1403
-cyp2c19		N	1450	1403
-cyp2c9		N	1450	1403
-cyp2d6		N	1450	1403
-cyp3a5		N	1450	1403
-cyp4f2		N	1450	1414
-d-dimqpik		A	10	7
-dermatofyytitryhmä,nukleiinihappo(kval)		A	18	17
-dermatofyytitryhmä,nukleiinihappo(kval)		N	27	27
-dermatofyytti(silsasieni),nukleiinihappo		N	19	17
-dermnho		A	246	225
-dermnho		N	335	322
-desialotransferriini	mg/l	N	36	34
-diagn.		N	709	589
-diagn..		N	99	79
-dialyysinjälkeen,p-urea	mmol/l	N	51	44
-diffi		N	360	312
-dnaex		N	316	290
-dpyd		N	1450	1403
-ebvnh	u/ml	N	6	6
-ebvnh		A	29	18
-ebvnh		N	67	59
-eflonho		N	78	72
-emcilia		N	6	6
-ennendialyysiä,p-urea	mmol/l	N	60	49
-eos	%	A	309	102
-epflnho		N	7	6
-epidermophytonfloccosum,nukleiinihappo		N	20	18
-epidermophytonfloccosum,nukleiinihappo(kval)		N	46	45
-epidermophytonfloccosumnho		N	35	32
-epit		N	6	6
-eryt		N	366	318
-esblvi		A	57	37
-esblvi		N	706	372
-evirnho		A	28	17
-evirnho		N	823	512
-extem/a10	mm	A	54	46
-extem/a15	mm	A	48	41
-extem/a5	mm	A	49	44
-extem/cft	s	A	32	26
-extem/cft	s	N	9	8
-extem/ct	s	A	20	18
-extem/ct	s	N	10	8
-extem/mcf	mm	A	34	30
-extem/mcf	mm	N	9	7
-extem/ml	%	A	12	7
-fibrillarin(ib)		N	30	30
-fibtem/mcf	mm	N	8	6
-fidd-vt		A	22	19
-fish-s		N	35	31
-fossadouglas-näytteensolututkimus		N	13	13
-foundationone,kudoksesta		N	12	12
-frtuab	titre	A	58	42
-frtuab		N	234	214
-fuusiogeenitutkimuskiinteillekasvaimille,pcr-menetelmällä		N	10	10
-gamma-globuliini,elektroforeesifraktio,osatutk2522	g/l	A	7	7
-gamma-globuliini,elektroforeesifraktio,osatutk2522	g/l	N	7	7
-gammaglobuliini,seerumi,elektroforeesifraktio	g/l	A	422	99
-gammaglobuliini,seerumi,elektroforeesifraktio	g/l	H	20	19
-gammaglobuliini,seerumi,elektroforeesifraktio	g/l	L	44	20
-gammaglobuliini,seerumi,elektroforeesifraktio	g/l	N	28	24
-gardnerellavaginalis,nukleiinihappo		A	130	120
-gardnerellavaginalis,nukleiinihappo		N	140	128
-gcnho		A	515	285
-gcnho		N	21336	11144
-gcvi		A	147	119
-gcvi		AA	94	71
-gcvi		N	268	209
-genuusl		N	38	36
-ghba1c-vt		A	14	13
-gluk	mmol/l	N	9	9
-gluk-1h	mmol/l	A	6	6
-glutamyylitransferaasi-desialotransferriini-indeksi		A	269	186
-glutamyylitransferaasi-desialotransferriini-indeksi		N	457	398
-h-ind		N	8514	2372
-hbpika		A	10	9
-hbvnh		N	37	37
-hcgbsuh	%	N	105	40
-hcgbsuh		N	841	217
-hcvnho		A	46	37
-hcvnho		N	60	60
-hdl/kol	%	N	915	856
-hdl/kol.	%	N	1235	1120
-hdl/kol.		N	6	6
-hematologisenpotilaandiagnoosivaiheenfish-tutkimus		N	28	28
-hematologisenpotilaanfish-jäännöstautianalyysi		N	8	6
-hemoglobiinipika		A	26	20
-hepynho		A	114	98
-hepynho		N	1262	1204
-hermosäietutkimus		N	18	18
-herpessimplex-virus,nukleiinihaponosoitus		A	8	8
-herpessimplex-virus1,nukleiinihappo		N	15	15
-herpessimplex2,nukleiinihappo		N	15	15
-herpessimplexvirus,nukleiinihaponosoitus		A	10	10
-herpessimplexvirus,nukleiinihappo(kval)		A	14	14
-hhpvgt		N	423	399
-hhpvnho		A	3445	1931
-hhpvnho		N	3630	2891
-hhpvty		N	423	399
-hhv6nh		A	6	6
-hhv6nh		N	24	20
-hhv8nho		N	10	9
-hhvnh2		N	13	12
-hiiva,viljely		N	43	39
-hinfnho		N	11	11
-hinnho		N	14	14
-histologinensolublokkisytologisestanäytteestä		N	64	57
-hivabct		N	7	6
-hivagab		N	6	6
-hmpvag		N	40	32
-hmpvnh		N	13	12
-hmpvnho		A	76	71
-hmpvnho		N	966	600
-hpvnho		A	1270	706
-hpvnho		N	482	470
-hpvnhty		A	41	38
-hpvnhty		N	20	20
-hpvseul		A	275	250
-hr16nho		A	7	7
-hr16nho		N	9	9
-hr18nho		N	9	9
-hrnho		A	11	11
-hrnho		N	9	9
-hsv1nho		A	9	9
-hsv1nho		N	13	13
-hsv2nho		N	12	12
-hsvag		A	48	48
-hsvag		N	27	26
-hsvnho		A	798	766
-hsvnho		N	1171	1026
-hsvpvi		A	155	147
-hsvpvi		N	19	18
-hsvvi		A	126	126
-hsvvi		N	131	130
-humaanimetapneumovirus,nukleiinihappo(kval)		N	7	7
-humanpapillomavirusgenotyyppi16		A	17	14
-humanpapillomavirusgenotyyppi16		N	15	15
-humanpapillomavirusgenotyyppi18		N	16	16
-humanpapillomavirusgenotyyppimuupatogeeninenhpv		A	44	34
-humanpapillomavirusgenotyyppimuupatogeeninenhpv		N	16	16
-i-ind		N	58	58
-icsi		N	48	44
-imm-ong		N	78	72
-immunoglobuliini,alaluokkag1	g/l	A	26	18
-inabnho		A	144	142
-inabnho		N	102	99
-inabrsnho		A	7	7
-inabrsv		A	388	369
-inabrsv		N	1266	1070
-inanhoho		A	70	70
-inbnho		A	7	7
-inbnhoho		A	30	30
-infaag		A	44	44
-infaag		N	58	50
-infabag		A	13	13
-infabag		N	197	194
-infabnh		A	49	49
-infabnh		N	62	60
-infabrsv		N	31	30
-infah03		N	6	6
-infah09		N	7	7
-infah1		N	9	9
-infanho		A	4067	3901
-infanho		N	28864	17124
-infavt		A	87	86
-infbag		A	6	6
-infbag		N	64	55
-infbnho		A	543	533
-infbnho		N	27448	15967
-influenssaa,b,rsvjacovid-19nukleiinihappo(kval)		A	690	631
-influenssaa,b,rsvjacovid-19nukleiinihappo(kval)		N	33	29
-influenssaa,b,rsvjacovid-19nukleiinihappo(kval),osatutk		N	8	8
-influenssaa-rna-osoitus		A	37	37
-influenssaa-virus(a/h-2009),variantti,nho(kval)		A	9	9
-influenssaa-virus(a/h-2009),variantti,nho(kval)		N	15	15
-influenssaa-virus(a/h3),variantti,nho(kval)		N	15	15
-influenssaa-virus,nukleiinihappo(kval)		A	51	51
-influenssaa-virus,nukleiinihappo(kval)		N	36	34
-influenssaa-virus,nukleiinihappo(kval),osatutkimus8577		A	8	8
-influenssaa-virus,nukleiinihappo(kval),osatutkimus8577		N	11	9
-influenssaa-virus,nukleiinihappo(kval)sis.h7n9)		A	6	6
-influenssaa/b,rsvjacovid-19-koronavirus,poc-nukleiinihaponosoitus(kval)		N	12	11
-influenssaah1nho(kval)		N	16	16
-influenssaavirus,antigeeni		N	20	20
-influenssaavirus,nukleiinihaponosoitus		A	24	24
-influenssaavirus,nukleiinihappo(kval)		A	132	127
-influenssab,nukleiinihappo(kval)		N	8	8
-influenssab,osoitus,osatutk.8577		N	11	9
-influenssab,osoitus,osatutk.8818		N	22	20
-influenssab-virus,nukleiinihappo(kval)		A	11	11
-influenssab-virus,nukleiinihappo(kval)		N	2105	1531
-influenssabvirus,antigeeni		N	18	18
-influenssavirus,nukleiinihaponosoitus		N	23	23
-influenssavirus,nukleiinihaponosoitus.		N	15	12
-infnho.		A	6	6
-infrpak		N	944	840
-infrsvnho		A	47	47
-infrsvnho		N	7	7
-infvnho		N	8	7
-inrscov		A	6	6
-inrscov		N	46	43
-intem/a10	mm	A	8	8
-intem/a15	mm	A	8	8
-intem/a5	mm	A	8	8
-irtosolututkimus		A	12	12
-ivf-bl		N	40	40
-ivf-et		N	136	125
-jc-virusnukleiinihappo(kvant)		N	58	31
-jo-1		A	17	13
-kalium,vieritutkimus	mmol/l	A	6	6
-kalsium,ionisoitunut,korjattuph7,40	mmol/l	N	38	36
-kalsium,ionisoitunutaktuaalisessaph:ssa	mmol/l	N	40	37
-kat-vi		A	45	42
-kiire		N	8	8
-kol/adp	s	A	12	9
-kol/adr	s	A	10	8
-kor229e		A	7	7
-kor229e		N	10	10
-korhku1		N	9	9
-korinho		A	11	11
-kornl63		A	12	12
-kornl63		N	12	12
-koroag		N	52	43
-koroc43		A	13	13
-koroc43		N	10	10
-koronaviruksen(covid-19)nukleiinihappo-osoitus		N	6	6
-koronavirus,nukleiinihappo(kval)		A	9	9
-koronavirus229e,nho		N	14	14
-koronavirus229e,nukleiinihaponosoitus		N	205	123
-koronavirushku1,nho		N	16	16
-koronavirusnl63,nho		A	6	6
-koronavirusnl63,nho		N	13	13
-koronavirusnl63,nukleiinihaponosoitus		N	208	125
-koronavirusoc43,nho		A	17	13
-koronavirusoc43,nho		N	14	14
-koronavirusoc43,nukleiinihaponosoitus		A	11	10
-koronavirusoc43,nukleiinihaponosoitus		N	203	124
-koronavirusoc43,nukleiinihappo		A	14	14
-koronho		A	40	39
-koronho		N	941	580
-kras-geeninmutaationmääritys		N	13	13
-krea	umol/l	N	270	217
-krea		N	7	6
-kreatiniini,vieritutkimus	umol/l	A	37	28
-kt/v,daugirdaksenkaava		N	48	44
-ku72/86		A	12	8
-kudosnäytteenhistologinentutkimus,makropreparaatti		N	106	105
-kylskåp		N	8	6
-l-ind		N	4729	1830
-lak/sak		A	16	15
-ld	u/l	N	17	15
-leginho		N	121	106
-legionellapneumophila,legionellaspp.os.		N	9	9
-legivi		N	16	14
-lepnnho		N	152	147
-leuk		N	370	322
-liik.ab	%	N	30	29
-liik.abc	%	L	6	6
-liik.abc	%	N	29	28
-liik.im	%	N	2232	722
-liik.np	%	N	2231	721
-liik.pr	%	A	358	204
-liik.pr	%	L	605	338
-liik.pr	%	N	1793	669
-liik.pr		N	44	41
-linssi	u/ml	N	8	7
-listvi		A	7	7
-listvi		N	85	69
-lisäma1		N	245	239
-lisäma2		N	27	27
-lisämaksukiireellisenäpyydetyllenäytteelle		N	177	166
-lisätutkimuspyyntöaiemmintutkitullenäytteelle		N	64	54
-lisävastaus2laskutuskuitatullenäytteelle		N	135	129
-lisävastaus3laskutuskuitatullenäytteelle		N	26	26
-lisävastaus4laskutuskuitatullenäytteelle		N	11	11
-lisävastauslaskutuskuitatullenäytteelle		N	880	782
-llajitt		N	144	137
-lmark		N	10	10
-lymph	%	A	251	101
-m-komponentti-1,seerumi,elektroforeesifraktio(g/l)	g/l	A	205	51
-m-komponentti-1,seerumi,elektroforeesifraktio(g/l)	g/l	H	28	23
-matolm		A	7	7
-matolm		N	25	21
-maudnho		N	78	72
-mcannho		N	78	72
-mdrsvi		A	75	46
-mdrsvi		N	839	464
-merscov		N	11	10
-metapneumovirus,nukleiinihaponosoitus		A	18	17
-metapneumovirus,nukleiinihaponosoitus		N	201	120
-metapneumovirus,nukleiinihappo(kval)		A	14	14
-metapneumovirus,nukleiinihappo(kval)		N	10	10
-metisilliiniresistenttistaph.aureus,viljelynenästä		N	135	69
-metisilliiniresistenttistaph.aureus,viljelynielusta		N	134	69
-metisilliiniresistenttistaph.aureus,viljelyperineumista		N	134	68
-mi-2b		A	12	11
-micanho		N	6	6
-microsporumaudouinii,nukleiinihappo		N	20	18
-microsporumaudouiniinho		N	35	32
-microsporumcanis,nukleiinihappo(kval)		N	46	45
-microsporumcanis/ferrugineum,nukleiinihappo		N	20	18
-microsporumcanis/ferrugineumnho		N	23	23
-moniresistentitgramnegatiivisetsauvat,jatkoviljely		A	12	8
-mono	%	A	495	169
-morbnho		N	13	13
-mrsajvi		N	29	27
-mrsanho		N	9	7
-mrsavi		A	184	103
-mrsavi		N	7651	3276
-mrsavine		N	102	61
-mrsavini		N	103	61
-mycobacteriumtuberculosis,viljely		A	20	14
-mycohe		N	171	128
-mycoplasmagenitalium,nukleiinihappo(kval),refleksinäherkkyysmääritys		N	88	81
-mycoplasmapneumoniae,nukleiinihappo(kval)		A	9	9
-mycoplasmapneumoniae,nukleiinihappo(kval)		N	9	9
-mycoty		N	52	47
-mygehe		N	103	96
-mygenho		A	49	39
-mygenho		N	343	320
-myhecp		N	100	87
-myhonho		A	11	8
-myhonho		N	12	7
-mypnhe		N	101	88
-mypnnho		A	138	134
-mypnnho		N	808	621
-myrkyt		N	94	80
-nannizziagypseanho		N	9	8
-natrium,vieritutkimus	mmol/l	A	20	17
-ncovnhj		N	148	146
-ncovnho		A	212	197
-ncovnho		N	245	192
-neisseriagonorrhoeae,nukl.os.(kval)		N	24	20
-neisseriagonorrhoeae,nukleiinihappo(kval)		N	41	34
-neisseriagonorrhoeae,nukleiinihappokotona(kval)		N	4815	2703
-neursyf		N	42	37
-neut	%	A	130	64
-ngs-geenitutkimus,laskutuskulloisenkinpaneelinmukainen		N	25	25
-niskaturvotus	mm	N	9	9
-nivenho		A	20	19
-nivenho		N	16	15
-nocavi		A	9	9
-nocavi		N	158	125
-nor90(ib)		N	30	30
-nt	mm	N	3360	3024
-nt		N	887	842
-nudt15		N	1450	1403
-palovvi		A	83	27
-palovvi		N	197	53
-pan-dermatofyyttinho		N	9	8
-papilloomavirus(hpv),nukleiinihappo(kval),suu		A	116	83
-papilloomavirus(hpv),suurenriskin,dna-osoitus		A	465	307
-papilloomavirus(hpv),suurenriskin,dna-osoitus		N	225	223
-papilloomavirus,muukorkeanriskintyyppi		A	11	11
-papilloomavirus,nukleiinihappo(kval)		A	31	23
-para-o		N	7	6
-parainfluenssa1-virus,nukleiinihappo(kval)		N	9	9
-parainfluenssa1virus,nukleiinihaponosoittaminen(kval)		N	208	125
-parainfluenssa2-virus,nukleiinihappo(kval)		N	9	9
-parainfluenssa2virus,nukleiinihaponosoittaminen(kval)		N	208	125
-parainfluenssa3-virus,nukleiinihappo(kval)		N	9	9
-parainfluenssa3virus,nukleiinihaponosoittaminen(kval)		A	15	15
-parainfluenssa3virus,nukleiinihaponosoittaminen(kval)		N	204	122
-parainfluenssa3virus,nukleiinihappo(kval)		A	7	6
-parainfluenssa4-virus,nukleiinihappo(kval)		N	9	9
-parainfluenssa4virus,nukleiinihaponosoitus		N	208	125
-parinfluenssa3-virus,nukleiinihappo		A	13	13
-pat		N	11	11
-pdgfr(ib)		N	30	30
-pekaanipähkinä	u/ml	N	7	7
-pes.jäl		N	824	442
-pes.til	ml	N	796	431
-ph		A	17	14
-ph		L	12	12
-ph		N	875	699
-piconh0		N	6	6
-piconho		A	7	7
-piconho		N	23	22
-pikacrp	mg/l	A	47	38
-pin1nho		A	11	11
-pin1nho		N	959	591
-pin2nho		A	12	11
-pin2nho		N	953	586
-pin3ag		A	6	6
-pin3nho		A	98	89
-pin3nho		N	943	580
-pin4nho		A	13	13
-pin4nho		N	954	587
-pinf1ag		N	53	44
-pinf2ag		N	53	44
-pinf3ag		N	53	44
-pinfnho		N	17	16
-pistaasi(manteli)	u/ml	N	9	9
-pl-7		A	19	11
-pncanho		A	356	294
-pncanho		N	728	428
-pneumocystisjirovecii,nukleiinihaponosoitus		A	13	10
-pocabrc		N	23514	13844
-pocabrc,-cv19nho		N	193	154
-pocabrc,-infanho		N	54	49
-poccv19		A	202	201
-poccv19		N	6454	4714
-polyomavirus(jcv,bkv),nukleiinihaponos.(pcr)kvant.		A	28	9
-polyomavirus,nukleiinihappo(kvant)		N	58	31
-potilaantunnistus		N	24	24
-povnh		A	72	15
-poxnho		N	9	9
-poxpak		N	12	12
-pr+np	%	A	189	135
-pr+np	%	L	239	184
-pr+np	%	N	520	465
-pregnlo	nmol/l	A	8	6
-pregnlo	nmol/l	N	24	22
-probnppoc	ng/l	A	14	11
-prot	g/l	N	24	23
-psa-v/t	%	A	48	28
-punktionesteenimmunofenotyypitys		N	9	7
-pvlnho		N	29	24
-pyör.s.		N	766	624
-päivystyslisäkolmestatutkimuksesta		N	18	17
-rbaknho		N	14	14
-resistentitgramnegatiivisetsauvat,viljely		N	24	18
-respiratorisetvirukset,nukleiinihaponosoittaminen(kval)		N	208	125
-respiratoristenmikrobientutkimus		A	156	130
-respiratorysyncytial-virus,nukl.happo		N	6	6
-respiratorysyncytial-virus,nukleiinihappo(kval)		N	21	19
-respiratorysyncytial-virus,nukleiinihappo(kval),osatutkimus8577		N	10	8
-respiratorysyncytialavirus,nukleiinihaponosoittaminen(kval)		A	6	6
-respiratorysyncytialavirus,nukleiinihaponosoittaminen(kval)		N	204	122
-respiratorysyncytialbvirus,nukleiinihaponosoittaminen(kval)		N	208	125
-respnho		A	12	11
-respnho		N	390	274
-riennho		A	25	22
-riennho		N	9	9
-rievnho		A	120	109
-rievnho		N	350	240
-rino-/enterovirus,nukleiinihappo(kval)		A	24	23
-rino/enterovirus,nho		A	72	57
-rino/enterovirus,nho		N	14	14
-rino/enterovirus,nukleiinihappo		A	30	29
-rinonho		A	539	317
-rinonho		N	792	494
-rmiknho		N	12	11
-ro52(ssa)		N	54	52
-ro52ssa		A	10	7
-rp11(ib)		N	30	30
-rp155(ib)		N	30	30
-rs-virus,nukleiinihappo(kval)		A	51	50
-rs-virus,nukleiinihappo(kval)		N	20	20
-rsvag		A	9	9
-rsvag		N	56	47
-rsvanho		A	7	7
-rsvbnho		A	9	9
-rsvnho		A	1537	1489
-rsvnho		N	28938	17254
-rsvvt		A	31	31
-rvirag		N	434	316
-rvirnho		A	22	21
-rvirnho		N	149	115
-s.yht.	e6	A	209	151
-s.yht.		A	81	69
-s.yht.		L	336	247
-s.yht.		N	485	443
-sameus		N	799	650
-scl-70-ab(ib)		N	30	30
-scopulariopsisbrevicaulisnho		N	9	8
-selvittelytyö;eipyyntöä/lähetettä		N	14	14
-selvtyö		N	17	17
-seulontakolonoskopianäytteidenhistologinentutkimus,1-7näytteenottokohtaa		N	60	60
-sien-vr		N	6	6
-sieni,natiivivalmiste		A	28	27
-sieni,natiivivalmiste		N	208	179
-sieni,viljely		A	23	19
-sieni,viljely		N	32	31
-sieni,viljelyjanatiivi		N	8	8
-sieni,värjäys		N	19	19
-sieninho,dermatofyytit,nukleonihappo-osoitus(kval)		N	16	15
-sieniviljely(pi)		N	13	11
-sienlm		N	37	34
-sienna		A	52	50
-sienna		N	21	20
-siennho		A	42	37
-siennho		N	435	242
-sienvi		A	87	87
-sienvi		N	1503	1234
-sienvr		N	747	670
-siitt.	e6/ml	A	325	193
-siitt.		A	120	87
-siitt.		L	557	321
-siitt.		N	1222	651
-sklerodermatutkimus,immunoblottaus		N	30	30
-slco1b1		N	1450	1410
-solut		N	370	320
-srp		A	6	6
-staphylococcusaureus,metisilliiniresistentti		N	18	13
-staphylococcusaureus,metisilliiniresistentti,jatkoviljely		A	14	6
-staphylococcusaureus,metisilliiniresistentti,v		N	48	44
-stapvi		N	39	37
-staunho		A	33	33
-staupvl		A	6	6
-staupvl		N	41	30
-stauvi		A	123	120
-stpnag		A	124	116
-stpnag		N	116	101
-stpnnho		N	25	25
-strag		A	9	9
-strag		N	213	184
-streptokokki,viljely		A	8	8
-strjvi		A	1236	1054
-strjvi		N	1086	960
-strovi		N	9	9
-strvi		A	117	100
-sul.jäl		N	23	13
-syto		A	16	16
-syto		AA	696	474
-syto		N	354	315
-sytokiir		A	19	17
-tbennho		N	78	72
-tbevi		A	12	7
-tbnho		A	52	36
-tbnho		N	2451	1690
-tbvi		A	406	163
-tbvi		N	184	76
-tbvr		N	40	16
-tbvrvi		A	39	32
-tbvrvi		N	2632	1873
-tffesat	%	A	8	7
-th/to(ib)		N	30	30
-tif1y		A	13	9
-tilav.	ml	A	102	86
-tilav.	ml	L	145	119
-tilav.	ml	N	826	639
-tintnho		N	80	72
-tmennho		N	76	71
-toimitusmaksudiagnostisillelainapyynnöille		N	13	13
-toxonho		N	136	110
-tpmt		N	1450	1403
-transf	g/l	N	16	15
-transf		N	65	58
-transferriini	g/l	N	36	34
-transferriininrautakyllasteisyys	%	N	8	8
-transferriininrautakyllästeisyys	%	N	9	8
-trfe-sa	%	A	93	57
-trfe-sa	%	N	32	29
-trfesat	%	A	4572	3251
-trfesat	%	H	767	583
-trfesat	%	L	2183	1716
-trfesat	%	N	6136	4423
-trfesat		A	291	203
-trfesat		H	136	115
-trfesat		L	898	697
-trfesat		N	2575	2034
-trich		N	51	43
-trichophytonbenhamiae,nukleiinihappo		N	20	18
-trichophytonbenhamiaenho		N	36	33
-trichophytoninterdigitale,nukleiinihappo		N	20	18
-trichophytoninterdigitale/mentagrophytesnho		N	8	8
-trichophytoninterdigitalenho		N	30	25
-trichophytonmentagrophytes,nukleiinihappo		N	18	16
-trichophytonmentagrophytesnho		N	26	25
-trichophytonrubrum,nukleiinihappo		N	20	18
-trichophytonrubrum,nukleiinihappo(kval)		A	17	16
-trichophytonrubrum,nukleiinihappo(kval)		N	29	29
-trichophytonrubrumnho		A	40	37
-trichophytonrubrumnho		N	33	30
-trichophytonschoenleinii/quinckeanumnho		N	10	9
-trichophytontonsurans,nukleiinihappo		N	20	18
-trichophytontonsuransnho		N	28	25
-trichophytonverrocusumnho		N	16	16
-trichophytonverrucosum,nukleiinihappo		N	20	18
-trichophytonverrucosumnho		N	20	17
-trichophytonviolaceum,nukleiinihappo		N	20	18
-trichophytonviolaceumnho		N	34	31
-trigly	mmol/l	N	86	61
-trubnho		A	26	21
-trubnho		N	86	80
-trvaag		A	10	9
-trvaag		N	134	126
-trvanho		N	191	178
-ttonnho		N	56	51
-tuberkuloosibakteeri,viljely(sisältääainamyös		A	9	6
-tunnetundna-mutaationtutkimusverestä		N	35	35
-tunnetundna-variantintutkimusverestä		N	10	10
-tvernho		N	78	72
-tvionho		N	78	72
-tyreoglobuliiniva	u/ml	A	12	10
-tyreoglobuliiniva		N	76	54
-unäkö-n		N	362	314
-urpanho		A	32	22
-urpanho		N	12	7
-ururnho		A	27	21
-ururnho		N	21	15
-vainajansäilytys		N	66	66
-verkoh		A	28	23
-virem		N	12	12
-virvi		A	9	9
-virvi		N	30	30
-viskos.		N	792	646
-vkorc1		N	1450	1403
-vks/vcs		N	83	59
-vrevi		A	35	19
-vrevi		N	365	207
-vzvag		A	50	50
-vzvag		N	11	11
-vzvnho		A	214	205
-vzvnho		N	617	548
-väri		N	801	651
-zoonnho		A	19	18
-zoonnho		N	631	601
-zoonoosivirus,nukleiinihappo(kval)		N	20	18
-äitseul		N	95	92
..-chlamydiatrachomatis,nukl.haponos.(kval)		A	20	14
0-näyte	mmol/l	A	11	10
0-näyte	mmol/l	N	6	6
0115pt-mediscreenseulontatutkimus,paketti		N	17	16
0hp-gluk	mmol/l	N	793	582
0mgluk	mmol/l	N	554	327
0mgluk		N	10	10
0mgluk-r1	mmol/l	N	56	55
0mgluk-r1/0m	mmol/l	N	22	19
0mgluk/0m	mmol/l	N	30	22
0mp-glukoosi,gestaatiorasitus	mmol/l	N	25	19
10081	mmol/l	A	111	22
10101ts-ngscomp		A	8	7
10113rna-fuusiogeenientutkimuskudosnäytteestä		A	8	8
10115ts-oncotype		A	9	9
10299	mmol/l	A	8916	2156
11086	%	A	8	7
11086	%	N	790	259
11086		N	10	8
11092	au/ml	A	31	28
11094	au/ml	A	10	8
11332	ng/l	A	25	15
11392patonäyte(ulkop.lähetys,eitilattavatutkimus)		N	6	6
11649	u/ml	A	8	8
11659	ug/l	A	866	210
11663	umol/l	A	147	115
11784	nmol/l	A	161	142
11821	mosm/kgh2o	A	51	44
11842	u/l	A	27	26
11843	u/l	A	17	16
11844	u/l	A	9	8
11845		A	13	13
11846	u/l	A	36	35
120mgluk	mmol/l	N	593	362
120mgluk		N	13	12
120mgluk/120m	mmol/l	N	52	39
120minp-glukoosi,gestaatiorasitus	mmol/l	N	25	19
120mp-glu	mmol/l	N	51	49
120mp-glu		N	228	204
120mp-gluk	mmol/l	N	508	397
12510	umol/l	A	78	59
13177		A	16	8
14125	e9/l	A	123	79
14125		A	16	11
14248	e9/l	A	19	16
14248		A	12	11
14257	u/ml	A	38	38
14272	e9/l	A	24138	5199
14272		A	1579	1027
14273	e9/l	A	157	114
14273		A	6	6
14346	g/l	A	1544	724
14346		A	89	77
14347	g/l	A	615	430
14347		A	15	14
14348	g/l	A	754	497
14348		A	37	33
14349	g/l	A	705	311
14349		A	27	24
14350	g/l	A	781	424
14350		A	45	37
14351	g/l	A	1336	420
14351		A	73	53
14352	g/l	A	1391	233
14352		A	74	51
14353	g/l	A	36	11
14356	mg	A	9	9
14401	ug/l	A	14	10
14518		A	31	31
14568	mmol/l	A	16	14
14638	nmol/l	A	10	10
14659	nmol/l	A	14	13
14804	g/l	A	8	8
21563	%	A	21	7
21585	ug/l	A	444	101
21741	u/ml	A	27	24
21758		A	13	12
21767	u/ml	A	37	37
21777	mg/l	A	140	138
21792	mg	A	315	208
21904	ml/min/173m2	A	717	455
21909		A	7	7
22102	nmol/l	A	95	79
2575ts-resepto		A	90	85
2h	mmol/l	A	7	6
2h	mmol/l	N	9	9
2hgluk	mmol/l	N	15	14
4043ts-padgast		A	16	10
4049ln-pad		A	37	25
4054ts-pad-1		A	424	337
4056ts-pad-3		A	293	235
4061bm-pad		A	14	11
4191ts-pad-ih		A	379	293
4192ts-pad-is		A	8	8
4194ts-pad-4		A	33	28
4721ts-her2ish		A	36	36
4763ts-padpros		A	73	73
4764ts-padcolo		A	35	33
4765ln-padsent		A	20	19
5381	mmol/l	A	444	299
5382	mmol/l	A	217	132
5382		A	193	147
5384	g/l	A	378	267
5385	mmol/l	A	237	191
5386	mmol/l	A	200	168
5386		A	111	89
5388	g/l	A	250	200
5389	mmol/l	A	292	122
5400	mmol/l	A	42	33
5400		A	224	81
5408	mmol/l	A	345	269
5409	mmol/l	A	21	18
60mgluk	mmol/l	N	524	307
60mgluk		N	21	21
60mgluk/60m	mmol/l	N	30	22
60minglukoosi,gestaatiorasitus	mmol/l	N	25	19
6144ts-padbrea		A	41	25
6146br-pad-4		A	86	76
6147gi-pad-4		A	84	46
6148lu-pad-4		A	41	26
6149ug-pad-4		A	41	40
6274ts-pad-pnb		A	8	7
6430s-kol-hdlosatutk.	mmol/l	N	7	6
6629		N	22	21
6630		A	422	369
6630		N	123	114
6631		N	23	22
6633		N	95	22
6639		N	38	33
6643		N	6	6
6646		N	9	8
6650		N	6	6
6651		N	6	6
6656		N	7	7
6657		N	7	7
6659		A	12	10
6667		N	20	20
6670	u/ml	H	6	6
6670		H	6	6
6670		N	49	46
6673		N	6	6
6674		N	8	8
6675		N	10	9
6676		A	12	12
6676		N	43	40
6686		N	91	85
6690		N	8	7
6697	titre	A	16	7
6697		N	277	224
6701		N	30	29
6702	u/ml	H	14	11
6702		N	403	380
6704	u/ml	H	18	16
6704		H	11	9
6704		N	449	423
6705		A	54	45
6705		N	99	80
6708		A	28	27
6708		N	249	240
6709		N	28	28
6713		N	11	11
6714		A	8	8
6714		N	115	108
6724		N	15	13
6730		N	242	125
6736		A	11	11
6737		N	47	45
6738		N	18	16
6739		N	18	16
6740		N	18	16
6741		N	18	16
6742		A	6	6
6806	umol/l	H	453	369
6806	umol/l	L	73	71
6806	umol/l	N	3266	3040
6808	mg/l	H	49	46
6808	mg/l	N	213	209
6812	mg/l	H	11	11
6812	mg/l	N	42	42
6812		N	13	13
6818	%	A	8	8
6818	%	H	29	28
6818	%	N	676	653
6820		A	123	123
7907	mmol/l	A	15	15
7907	mmol/l	N	57	57
7908	mmol/l	A	8	8
7908	mmol/l	N	32	32
7910	mmol/l	N	17	17
7910		N	16	16
8595		A	66	15
8633		A	66	65
8635		A	53	52
8656		A	59	44
8657		A	9	9
8659		A	12	12
8665		A	30	24
8667		A	60	50
8668		A	10	8
8669		A	110	101
8670		A	22	21
8692		A	7	6
8818		A	203	166
8819		A	6	6
8824		A	151	127
8826		A	93	75
8830		A	65	62
8836		A	1134	1027
9052fs-työterveyshuollonperuspaketti		N	11	10
9052mk4-7,työterveyshuollonperuspaketti		N	8	7
9120e-punasolujenkokojakauma	%	N	6	6
9120e-punasolujenkokojakaumaosatutk.	%	N	82	56
99112367s-mycoplasmapneumoniae,iggvasta-aineet	eiu	N	9	8
99112367s-mycoplasmapneumoniae,igmvasta-aineet		N	11	10
99112764fl-clue-solut		N	24	19
99112764fl-hiiva-natiivivalmiste		N	24	19
99112764fl-tricomonas,natiivivalmiste		N	24	19
99113552s-borrelia,iggvasta-aineet		N	17	16
99113552s-borrelia,igmvasta-aineet		N	17	16
99114816u-chlamydiatrachomatis,nho		N	13	11
99114816u-neisseriagonorrhoeae,nho		N	13	11
99114955s-chlamydiapneumoniae,iggvasta-aineet	eiu	N	8	7
99114955s-chlamydiapneumoniae,igmvasta-aineet		N	12	11
99119289fev		N	9	8
99119289tehostettuuloshengitystilavuus1s:ssa		N	9	8
99119289tehostettuvitalikapasiteetti		N	9	8
99119540fev/brdil		N	9	8
99119540fev1/brdil		N	9	8
99119540fvc/brdil		N	9	8
99119563no/papapapa-näytteenotto1		N	7	6
9916c-reaktiivinenproteiini,plasmasta		N	12	12
9928aspartaattiaminotransferaasi,plasmasta		N	7	6
9944ts-ngssca1		A	27	23
9989glutamyylitransferaasi,plasmasta		N	25	21
:glutamyylitransferaasi-desialotransferriini-indeksi		H	73	49
aa/epasuhdeluku		N	314	253
ab-ahco3	mmol/l	A	26066	5518
ab-ahco3		A	5436	1055
ab-ahco3vt	mmol/l	A	28	24
ab-ahco3vt		A	49	40
ab-aktuaalibikarbonaatti	mmol/l	A	4316	1340
ab-aktuaalibikarbonaatti	mmol/l	H	435	166
ab-aktuaalibikarbonaatti	mmol/l	L	375	156
ab-aktuaalibikarbonaatti	mmol/l	N	2470	1136
ab-arteriaverikaasuanalyysi		N	23	21
ab-be	mmol/l	A	53785	12490
ab-be	mmol/l	H	70715	8240
ab-be	mmol/l	HH	132	34
ab-be	mmol/l	L	44264	6961
ab-be	mmol/l	N	121660	14707
ab-be		A	25636	8315
ab-be		H	707	212
ab-be		L	534	274
ab-be		N	50	44
ab-be-vt	mmol/l	A	19	13
ab-be-vt		A	77	62
ab-bepika		A	6	6
ab-bikarbonaatti	mmol/l	A	96	73
ab-bikarbonaatti	mmol/l	H	144	87
ab-bikarbonaatti	mmol/l	L	101	77
ab-bio-0		N	162	152
ab-ca++		A	24	21
ab-ca++7.4	mmol/l	A	550	329
ab-ca-i7.4	mmol/l	A	32424	5252
ab-ca-i7.4		A	5388	905
ab-caionvt	mmol/l	A	25	23
ab-caionvt		A	43	29
ab-cl	mmol/l	A	193	105
ab-emäsylimäärä	mmol/l	A	4134	1553
ab-emäsylimäärä	mmol/l	H	951	376
ab-emäsylimäärä	mmol/l	N	1615	997
ab-emäsylimäärä		A	2386	856
ab-emäsylimäärä		L	821	320
ab-emäsylimäärä		N	327	155
ab-erytrosyytit,tilavuusosuus	osuus	A	16	14
ab-erytrosyytit,tilavuusosuus	osuus	H	22	21
ab-erytrosyytit,tilavuusosuus	osuus	L	165	117
ab-gluk	mmol/l	A	2411	1244
ab-gluk		A	40	34
ab-glukoosi	mmol/l	H	61	38
ab-happamuusaste		A	473	294
ab-happamuusaste		N	63	61
ab-happamuusaste,lämpötilakorjattu		A	12	12
ab-happamuusaste,lämpötilakorjattu		H	116	100
ab-happamuusaste,lämpötilakorjattu		L	51	36
ab-happikyllästeisyys	%	A	214	81
ab-happikyllästeisyys(hemoglobiini)	%	A	194	164
ab-happikyllästeisyys(hemoglobiini)	%	N	17	15
ab-happikyllästeisyys(hemoglobiini),eitilattava	%	A	5160	1363
ab-happikyllästeisyys(hemoglobiini),eitilattava	%	H	749	224
ab-happikyllästeisyys(hemoglobiini),eitilattava	%	L	129	60
ab-happikyllästeisyys(hemoglobiini),eitilattava	%	N	633	228
ab-happikyllästeisyys(hemoglobiinin,osuustoimin	%	A	45	23
ab-happiosapaine	kpa	A	238	186
ab-happiosapaine	kpa	L	8	6
ab-happiosapaine	kpa	N	16	15
ab-happiosapaine,lämpötilakorjattu	kpa	H	61	51
ab-happiosapaine,lämpötilakorjattu	kpa	L	285	195
ab-hb	g/l	A	6043	2252
ab-hb	g/l	H	1552	544
ab-hb	g/l	L	179010	11782
ab-hb	g/l	N	57326	10651
ab-hb		N	77	52
ab-hb-co	%	A	285	204
ab-hb-co	%	H	15602	3020
ab-hb-co	%	L	23718	3882
ab-hb-co	%	N	198434	15005
ab-hb-co		A	61	33
ab-hb-co		N	80	55
ab-hb-met	%	A	41	21
ab-hb-met	%	H	1056	250
ab-hb-met	%	L	5319	1611
ab-hb-met	%	N	234440	16827
ab-hb-met		A	26	26
ab-hb-met		N	43	31
ab-hb-vt	g/l	A	80	59
ab-hb02sat	%	A	343	147
ab-hblask	g/l	N	27	7
ab-hbo2	%	A	6009	2746
ab-hbo2	%	H	21266	5866
ab-hbo2	%	L	70357	9315
ab-hbo2	%	N	145950	15036
ab-hbo2		N	83	59
ab-hbo2sat	%	A	60111	16381
ab-hbo2sat	%	H	55	46
ab-hbo2sat	%	HH	205	105
ab-hbo2sat	%	L	5586	1775
ab-hbo2sat	%	N	1419	788
ab-hbo2sat		A	5451	1398
ab-hbo2sat		L	64	49
ab-hbo2sat		N	9	9
ab-hbo2svt	%	A	39	33
ab-hbo2svt		A	44	37
ab-hco3	mmol/l	A	3195	1427
ab-hco3		A	97	66
ab-hco3-st	mmol/l	A	9201	4258
ab-hco3-st	mmol/l	H	77242	8492
ab-hco3-st	mmol/l	L	43756	6508
ab-hco3-st	mmol/l	N	118697	14296
ab-hco3-st		A	203	163
ab-hco3-st		H	714	213
ab-hco3-st		L	365	187
ab-hco3-st		N	101	75
ab-he-tase		N	1079	745
ab-he-tase,ab-hco3	mmol/l	H	9	7
ab-he-tase,ab-hco3	mmol/l	N	7	7
ab-he-tase,ab-k	mmol/l	N	9	8
ab-he-tase,ab-pco2	kpa	N	7	7
ab-he-tase,ab-ph		H	8	7
ab-he-tase,ab-ph		N	8	6
ab-he-tase,ab-po2	kpa	L	9	6
ab-he-tase,ab-po2	kpa	N	7	7
ab-hemoglobiini	g/l	A	3905	882
ab-hemoglobiini	g/l	H	28	23
ab-hemoglobiini	g/l	L	1239	374
ab-hemoglobiini	g/l	N	479	211
ab-hemoglobiini,hiilimonoksidi	%	H	97	63
ab-hemoglobiini,kokonais-	g/l	A	118	43
ab-het-ion		A	8	7
ab-het-ion		N	1064	720
ab-het-oks		N	247	187
ab-hetasel		N	8	8
ab-hetiogl		N	15	10
ab-hiilidioksidiosapaine	kpa	A	141	112
ab-hiilidioksidiosapaine	kpa	N	61	58
ab-hiilidioksidiosapaine,lämpötilakorjattu	kpa	H	67	35
ab-hiilidioksidiosapaine,lämpötilakorjattu	kpa	L	166	128
ab-hiilimonoksidi-hb	%	A	61	35
ab-hiilimonoksidi-hb	%	N	2181	1062
ab-hiilimonoksidi-hb		A	28	18
ab-hkr	osuus	A	338	221
ab-hkr		A	70	63
ab-k	mmol/l	A	159	112
ab-k		A	9	9
ab-kalium	mmol/l	H	41	26
ab-kalium	mmol/l	L	36	31
ab-kalsium,ionisoitunut,ph7.4-korjattu	mmol/l	A	4364	1108
ab-kalsium,ionisoitunut,ph7.4-korjattu	mmol/l	H	77	58
ab-kalsium,ionisoitunut,ph7.4-korjattu	mmol/l	L	752	174
ab-kalsium,ionisoitunut,ph7.4-korjattu	mmol/l	N	653	259
ab-kalsium,ionisoitunut,ph7.4:ssa	mmol/l	L	209	147
ab-kloridi	mmol/l	H	30	25
ab-kloridi	mmol/l	L	47	32
ab-kokonaishemoglobiini,verikaasuanalysaattorista	g/l	A	1529	736
ab-kokonaishemoglobiini,verikaasuanalysaattorista	g/l	H	49	34
ab-kokonaishemoglobiini,verikaasuanalysaattorista	g/l	L	682	242
ab-kokonaishemoglobiini,verikaasuanalysaattorista	g/l	N	803	506
ab-kokonaishemoglobiiniverikaasuanalysaattorista	g/l	A	14	8
ab-krea-hy	umol/l	A	20	17
ab-laktaat	mmol/l	A	1688	1094
ab-laktaat		A	24	21
ab-laktaatti	mmol/l	H	103	78
ab-laktaatti	mmol/l	L	57	48
ab-methemoglobiini	%	A	142	92
ab-methemoglobiini	%	N	2091	1042
ab-methemoglobiini		A	56	50
ab-na	mmol/l	A	439	261
ab-natrium	mmol/l	H	29	22
ab-natrium	mmol/l	L	129	91
ab-o2-sis	%	A	2524	976
ab-o2-sis	%	N	113	84
ab-o2-sis	ml/l	A	204	155
ab-o2-vol	%	A	38420	5080
ab-o2-vol	%	H	419	169
ab-o2-vol	%	L	156064	12025
ab-o2-vol	%	N	25321	6279
ab-o2-vol	vol%	A	795	225
ab-o2-vol		A	4867	627
ab-o2-vol		N	29	28
ab-o2hb	%	A	1151	447
ab-o2sat	%	A	835	456
ab-o2sat	%	H	66749	10473
ab-o2sat	%	L	60145	8544
ab-o2sat	%	N	113313	13123
ab-o2sat		A	14	11
ab-o2sat		L	66	58
ab-o2sat		N	79	55
ab-o2sat1	%	N	20	20
ab-o2sat2	%	N	18	18
ab-pco2	kpa	A	49919	16707
ab-pco2	kpa	H	44480	8429
ab-pco2	kpa	HH	1284	302
ab-pco2	kpa	L	50779	8854
ab-pco2	kpa	LL	188	98
ab-pco2	kpa	N	160731	17333
ab-pco2		A	3590	1203
ab-pco2		H	509	146
ab-pco2		HH	69	24
ab-pco2		L	619	371
ab-pco2		N	48	48
ab-pco2(t)	kpa	A	2155	775
ab-pco2(t)		A	25	22
ab-pco2-vt	kpa	A	51	43
ab-pco2-vt		A	82	57
ab-ph	form	A	454	215
ab-ph	ph	A	1019	460
ab-ph	ph	N	377	190
ab-ph		A	60866	19083
ab-ph		H	69171	10808
ab-ph		L	42022	8871
ab-ph		N	144601	17360
ab-ph(t)		A	2016	715
ab-ph-vt		A	102	80
ab-phpika		A	10	10
ab-po2	kpa	A	89649	23919
ab-po2	kpa	H	107511	15019
ab-po2	kpa	HH	385	236
ab-po2	kpa	L	56074	9756
ab-po2	kpa	LL	1212	842
ab-po2	kpa	N	93977	13236
ab-po2		A	7737	1979
ab-po2		H	370	185
ab-po2		L	887	424
ab-po2		LL	119	83
ab-po2		N	53	53
ab-po2(t)	kpa	A	3051	1113
ab-po2(t)		A	33	30
ab-po2-vt	kpa	A	77	56
ab-po2-vt		A	121	80
ab-sbc	mmol/l	A	63	40
ab-shco3	mmol/l	A	20971	5500
ab-shco3	mmol/l	H	4798	956
ab-shco3	mmol/l	L	1511	510
ab-shco3		H	31	19
ab-shco3		L	13	13
ab-standardibikarbonaatti	mmol/l	A	1572	900
ab-standardibikarbonaatti	mmol/l	H	350	157
ab-standardibikarbonaatti	mmol/l	L	341	150
ab-standardibikarbonaatti	mmol/l	N	1317	826
ab-standardibikarbonaatti		N	10	10
ab-thb	g/l	A	25919	4998
ab-thb	g/l	H	343	161
ab-thb	g/l	L	6535	1056
ab-thb		A	13	10
ab-thb		L	6	6
ab-thb-	g/l	A	100	21
ab-to2c	ml/dl	A	1414	402
ab-vekaas		N	48	46
ab-vekaas5,agapk	mmol/l	N	10	10
ab-vekaas5,be(ecf)	mmol/l	N	7	7
ab-vekaas5,ca++	mmol/l	L	7	7
ab-vekaas5,ca++	mmol/l	N	7	7
ab-vekaas5,chco3-	mmol/l	N	11	10
ab-vekaas5,chgb	g/l	L	8	7
ab-vekaas5,chgb	g/l	N	6	6
ab-vekaas5,cl-	mmol/l	N	7	7
ab-vekaas5,crea	umol/l	H	6	6
ab-vekaas5,cso2	%	N	9	9
ab-vekaas5,ctco2	mmol/l	N	10	9
ab-vekaas5,glu	mmol/l	H	14	13
ab-vekaas5,hct	l/l	L	9	8
ab-vekaas5,k+	mmol/l	N	11	11
ab-vekaas5,lac	mmol/l	H	6	6
ab-vekaas5,lac	mmol/l	N	8	8
ab-vekaas5,na+	mmol/l	L	6	6
ab-vekaas5,na+	mmol/l	N	10	9
ab-vekaas5,pco2	kpa	L	6	6
ab-vekaas5,pco2	kpa	N	10	9
ab-vekaas5,ph		H	8	8
ab-vekaas5,ph		N	8	7
ab-vekaas5,po2	kpa	L	13	12
abcg2-geeninnukleotidivariaatiot,dna-tutkimus		N	74	72
abhbo2satp	%	A	12	12
abhco3pika	mmol/l	A	10	10
abpco2pika	kpa	A	11	11
abpo2pika	kpa	A	12	12
acremoniumkilienseige	u/ml	N	15	15
adenovirus,nukleiinihappo(kval)		N	7	7
adrenokortikotropiini	ng/l	A	10	6
adrenokortikotropiini		A	10	9
af-baktvi		A	55	44
af-sameus		A	6	6
afos(isoentsyymeihinliittyvä)	u/l	A	12	12
afoskokonaispitoisuus	u/l	H	6	6
afoskokonaispitoisuus,seerumista	u/l	A	23	23
afosluusto	u/l	N	28	24
afosmaksa1	u/l	N	27	24
afosmaksa2	u/l	N	28	24
afossuoli	u/l	N	20	17
afossuoli		N	8	7
aika/ed.virt	h	N	1597	1175
aktiv-cd4	%	A	7	6
aktuaalibikarbonaatti,arteriaverestä,osatutk.	mmol/l	A	31	19
aktuaalibikarbonaatti,venaverestä,osatutk.	mmol/l	A	23	12
aktuaalibikarbonaatti,venaverestä,pikatesti	mmol/l	A	43	32
akutcov19		N	8	7
alaniiniaminotransferaas	u/l	N	11	10
alaniiniaminotransferaasi	u/l	A	93	76
alaniiniaminotransferaasi	u/l	H	2402	1550
alaniiniaminotransferaasi	u/l	N	14632	10014
alaniiniaminotransferaasi		N	569	224
alaniiniaminotransferaasi,plasmasta	u/l	A	21	9
alaniiniaminotransferaasi,plasmasta	u/l	N	75	46
alb-o		A	1004	450
album	g/l	A	159	69
albumiini	g/l	A	1589	463
albumiini	g/l	H	16	16
albumiini	g/l	L	1088	736
albumiini	g/l	N	2769	2191
albumiini	mg/l	A	7	7
albumiini	mg/l	N	40	40
albumiini		A	139	74
albumiini		N	22	22
albumiini(kval)	estimate	N	551	455
albumiini(kval)		N	67	51
albumiini,laskennallinen	ug/min	A	26	17
albumiini,laskennallinen	ug/min	N	25	25
albumiini,laskennallinen		N	16	13
albumiini,osoitus,virtsa	estimate	N	59	57
albumiini,osoitus,virtsa		A	87	71
albumiini,plasma(alb)	g/l	A	6	6
albumiini,plasma(alb)	g/l	N	10	10
albumiini,seerumi,elektoforeesifraktio(g/l)	g/l	A	7	6
albumiini,seerumi,elektroforeesifraktio(g/l),osatutk.2522	g/l	A	101	30
albumiini,virtsa		N	9	9
albumiini,virtsasta	mg/l	N	33	29
albumiini,virtsasta		N	9	9
albumiininjakreatiininsuhde(virtsa)	mg/mmol	A	102	61
albumiininjakreatiininsuhde(virtsa)	mg/mmol	N	589	403
albumiininjakreatiininsuhde(virtsa)		N	457	323
albumiininjakreatiniininsuh	mg/mmol	A	172	127
albumiininjakreatiniininsuhde	mg/mmol	A	121	106
albumiininjakreatiniininsuhde	mg/mmol	N	204	182
albumiininjakreatiniininsuhde		N	473	328
albumiininjakreatiniininsuhde,virtsasta		A	26	18
albumiininjakreatiniininsuhde,virtsasta		N	116	107
alfa-1	g/l	A	59	39
alfa-1-fetoproteiini	u/ml	A	29	8
alfa-1-fetoproteiini,seerumista	u/ml	A	35	14
alfa-1-globuliini	g/l	N	11	10
alfa-1-globuliini()	%	N	6	6
alfa-1-globuliini,fraktio,seerumi	g/l	N	14	12
alfa-1-globuliini,seerumi,elektroforeesifraktio	g/l	N	11	8
alfa-1-mikroglobuliini,	ug/min	A	85	76
alfa-1-mikroglobuliini,	ug/min	N	6	6
alfa-1-mikroglobuliini,		A	11	10
alfa-2	g/l	A	177	64
alfa-2-glo	g/l	H	16	16
alfa-2-globuliini,fraktio,seerumi	g/l	N	14	12
alfa-2-globuliini,seerumi,elektroforeesifraktio	g/l	N	10	7
alfa1-glob	g/l	A	508	248
alfa1-glob	g/l	N	29	21
alfa1-glob		A	50	31
alfa1-globuliini,seerumi,elektroforeesifraktio,osatutk.2522	g/l	A	43	20
alfa2-glob	g/l	A	1183	380
alfa2-glob	g/l	N	18	13
alfa2-glob		A	180	65
alfa2-globuliini,seerumi,elektroforeesifraktio,osatutk.2522	g/l	A	39	23
alfalinoleenihappo	%	N	317	257
alkalinenfosfataasi	u/l	A	29	20
alkalinenfosfataasi	u/l	H	853	483
alkalinenfosfataasi	u/l	L	30	22
alkalinenfosfataasi	u/l	N	3117	2559
alkalinenfosfataasi		N	106	41
alkalinenfosfataasi(afos)	u/l	N	16	16
alkalinenfosfataasi(afos)		N	6	6
alkalinenfosfataasi(afos-isvaletietue)	u/l	A	6	6
alkalinenfosfataasi,kokonaispitoisuus	u/l	H	42	40
alkalinenfosfataasi,kokonaispitoisuus	u/l	N	33	33
alkalinenfosfataasi,luustoperäinenisoentsyymi	%	L	20	20
alkalinenfosfataasi,luustoperäinenisoentsyymi	%	N	54	51
alkalinenfosfataasi,maksaperäinenisoentsyymi	%	H	7	7
alkalinenfosfataasi,maksaperäinenisoentsyymi	%	N	67	64
alkalinenfosfataasi,plasmasta	u/l	N	24	17
alkalinenfosfataasi,seerumista	u/l	A	10	9
alkalinenfosfataasi,seerumista		A	11	11
alkalinenfosfataasi,suolistoperäinenisoentsyymi	%	N	16	16
alkalinenfosfataasi,suolistoperäinenisoentsyymi		N	9	9
alkiot,säilytys2vuotta		N	26	26
alkoholimaksasairausriski		A	49	49
alkoholimaksasairausriski		N	3269	3251
allergeeni,aspergillusversicolor(home/mögel)rm215	u/ml	N	7	7
allergeeni,cladosporiumcladosporioides(home/mögel)rm216	u/ml	N	7	7
allergeeni,cladosporiumherbarum(home/mögel)m2	u/ml	N	13	13
allergeeni,cladosporiumherbarum(home/mögel)m2		N	41	41
allergeeni,dermatophagoidespteronyssinus(pölypunkki/husdammskvalster)d1	u/ml	N	10	10
allergeeni,dermatophagoidespteronyssinus(pölypunkki/husdammskvalster)d1		N	39	39
allergeeni,hevonen(hilse)/häst(mjäll)e3	u/ml	N	16	15
allergeeni,hevonen(hilse)/häst(mjäll)e3		N	42	40
allergeeni,igevasta-aineet,kosteusvaurioryhmä		N	15	15
allergeeni,kissa(hilse)/katt(mjäll)e1	u/ml	A	8	6
allergeeni,kissa(hilse)/katt(mjäll)e1	u/ml	N	10	10
allergeeni,kissa(hilse)/katt(mjäll)e1		N	42	40
allergeeni,koira(hilse)/hund(mjäll)e5	u/ml	A	9	7
allergeeni,koira(hilse)/hund(mjäll)e5	u/ml	N	10	10
allergeeni,koira(hilse)/hund(mjäll)e5		N	42	40
allergeeni,koivu(siitepöly)/björk(pollen)	u/ml	A	12	12
allergeeni,koivu(siitepöly)/björk(pollen)		N	39	39
allergeeni,kosteusvauriopaneeli/fuktskadepanel		N	7	7
allergeeni,maapähkinä/jordnötf13		N	25	25
allergeeni,maito(lehmä)/mjölk(ko)f2		N	25	25
allergeeni,munanvalkuainen/äggvitaf1		N	25	25
allergeeni,pencilliumspp.(home/mögel)rm217	u/ml	N	7	7
allergeeni,pujo(siitepöly)/gråbo(pollen)w6	u/ml	N	9	9
allergeeni,pujo(siitepöly)/gråbo(pollen)w6		N	33	33
allergeeni,pujo(siitepöly)/gr†bo(pollen)w6		N	6	6
allergeeni,pähkinäseulontajakomponenttierittelyigevasta-aineet		N	12	12
allergeeni,pölyerittely(phadiatop)/inhalations	u/ml	N	35	35
allergeeni,pölyerittely(phadiatop)/inhalations		N	20	20
allergeeni,ruoka-aineryhmä,erittelyjakomponentit,igevasta-aineet	u/ml	A	12	12
allergeeni,ruoka-aineryhmä,erittelyjakomponentit,igevasta-aineet	u/ml	N	59	58
allergeeni,ruokaerittely/födoämn.specifik.fx5	u/ml	N	20	20
allergeeni,soijapapu/sojabönaf14		N	25	25
allergeeni,stachybotrysatra(home/mögel)rm214	u/ml	N	7	7
allergeeni,timotei(siitepöly)/timotej(pollen)g6	u/ml	A	9	9
allergeeni,timotei(siitepöly)/timotej(pollen)g6		N	39	39
allergeeni,trichodermaviride(home/mögel)m15	u/ml	N	6	6
allergeeni,turska/torskaf3		N	25	25
allergeeni,vehnä(jauho)/vete(mjöl)f4		N	25	25
allergeeniigev-a,aspergillusversicolor		N	7	7
allergeeniigev-a,cladosporiumcladosp.		N	7	7
allergeeniigev-a,penicillliumspp		N	7	7
allergeeniigev-a,staphylobotrysatra		N	7	7
allergeeniigev-a,trichodermaviride		N	7	7
alzheimerintaudindiag.merkkiaineet		N	26	25
am-aminoh	ug/l	A	7	7
am-epo	iu/l	A	60	47
am-epo	u/l	A	147	114
am-epo	u/l	H	66	49
am-epo	u/l	N	8	8
am-epo		A	12	9
am-kromos		N	47	46
am-lamel		N	51	38
am-mksyn		N	78	75
am-trinho		N	139	132
am-unäkö		N	51	38
amfetamiini		N	8	8
amfetamiinit,bentsidiatsepiinit,buprenorfiini,kannabis,kokaiini,opiaatit		N	71	65
ammonium-ioni	umol/l	A	36	17
ammonium-ioni	umol/l	H	47	23
ammonium-ioni	umol/l	N	166	119
amp.myrkky	u/ml	A	43	31
amylaasi	u/l	H	49	39
amylaasi	u/l	L	68	58
amylaasi	u/l	N	1261	1113
amylaasi		N	7	7
amylaasi,plasmasta	u/l	N	13	9
angiotensiini-1-konvertaasi	u/l	A	25	21
angiotensiini-1-konvertaasi	u/l	H	34	26
angiotensiini-1-konvertaasi	u/l	N	167	146
anti-muller-hormoni	ug/l	N	41	40
antikoagulanttihoidonseuranta,p-tt-inr,kapillaarinäyte		A	27	7
antitrombiini3,plasma	%	A	10	10
antitrombiiniiii	%	A	14	11
antitrombiiniiii,hus	%	A	8	8
antitrombiiniiii,plasmasta	%	A	11	11
antitrombiiniiii,plasmasta	mg/l	A	8	8
antitrombiiniiii,plasmasta	mg/l	N	36	33
ap-ca-ion	mmol/l	A	908	481
ap-cl	mmol/l	A	141	110
ap-gluk	mmol/l	A	118	102
ap-hco3st	mmol/l	A	333	171
ap-k	mmol/l	A	6416	2769
ap-k	mmol/l	H	633	250
ap-k	mmol/l	HH	66	39
ap-k	mmol/l	L	915	447
ap-kalium	mmol/l	A	518	344
ap-kalium	mmol/l	H	119	66
ap-kalium	mmol/l	L	124	75
ap-kalium	mmol/l	N	1822	967
ap-kalium		N	6	6
ap-lakt	mmol/l	A	539	344
ap-lakt		A	6	6
ap-laktaat	mmol/l	A	10524	3254
ap-laktaat	mmol/l	H	2758	931
ap-laktaat	mmol/l	L	126	51
ap-laktaat		A	35	13
ap-laktaat		H	6	6
ap-laktaatti	mmol/l	A	668	459
ap-laktaatti	mmol/l	H	462	223
ap-laktaatti	mmol/l	L	22	16
ap-laktaatti	mmol/l	N	1798	910
ap-laktaatti		N	11	9
ap-laktaatti(arteria)	mmol/l	N	11	9
ap-na	mmol/l	A	18531	5098
ap-na	mmol/l	H	452	97
ap-na	mmol/l	L	4451	1196
ap-na	mmol/l	LL	632	106
ap-na		A	11	7
ap-na		L	6	6
ap-natrium	mmol/l	A	963	534
ap-natrium	mmol/l	H	65	22
ap-natrium	mmol/l	L	460	210
ap-natrium	mmol/l	N	1484	814
ap-ph		A	131	103
ap-shco3	mmol/l	A	81	58
ap-shco3		A	38	32
ap-standardibikarbonaatti	mmol/l	A	13	10
arakidonihappo	%	N	317	257
as-alb	g/l	N	105	103
as-alb		N	48	44
as-amylp	u/l	N	9	9
as-amylp		N	12	10
as-bakteeri,värjäys		N	18	18
as-bio		N	29	19
as-cea	ug/l	N	7	7
as-cea		N	8	8
as-diffi		N	631	425
as-eryt	e6/l	A	372	175
as-eryt	e6/l	N	11	10
as-eryt		N	634	425
as-gluk	mmol/l	N	280	224
as-gluk		N	7	7
as-gran	%	A	14	11
as-krea	umol/l	N	12	10
as-ld	u/l	N	12	12
as-leuk	e6/l	A	157	112
as-leuk	e6/l	HH	9	8
as-leuk	e6/l	N	107	65
as-leuk		N	624	413
as-mononukleaarisetvalkosolut	%	N	17	15
as-polymorfonukleaarisetvalkosolut	%	N	17	15
as-prot	g/l	A	171	113
as-prot	g/l	N	239	196
as-prot		A	9	7
as-prot		N	148	113
as-sameus		A	21	17
as-solut		N	649	436
as-syto		A	33	31
as-syto		AA	735	659
as-syto		N	974	930
as-un�k�-o		N	626	415
asat/trombosyytit-indeksi		A	10	8
asat/trombosyytit-indeksi		H	10	7
asetoniaineet(kval)	estimate	N	594	473
asetoniaineet(kval)		N	88	84
asetoniaineet(kval),virtsasta,osatutk.		A	26	25
aspartaattiaminotransferaasi	u/l	H	68	52
aspartaattiaminotransferaasi	u/l	N	257	210
aspartaattiaminotransferaasi		N	11	7
aspergillusfumigatus,iggvasta-aineet	mg/l	N	10	9
aspergillusfumigatusige	u/ml	N	15	15
aspergillusversicolorige	u/ml	N	15	15
atopobiumvaginae		A	29	26
atopobiumvaginae		N	33	31
audiogram		N	8	8
audiogramm		N	31	28
audiogvanl		N	76	69
audit		N	132	131
b-12srrna		N	9	9
b-6-me-mp	umol/l	A	11	8
b-6-me-mp		N	317	241
b-6-tgn	umol/l	A	9	7
b-6-tgn		N	317	241
b-adp	auc	A	6	6
b-adp		L	220	49
b-adp		N	109	42
b-agu-d		N	6	6
b-angap	mmol/l	A	11731	2719
b-angap		A	121	50
b-anionivaje	mmol/l	A	2066	646
b-anionivaje	mmol/l	H	218	95
b-anionivaje	mmol/l	L	127	37
b-anionivaje	mmol/l	N	1119	329
b-anionivaje		A	11	7
b-aortmut		N	7	7
b-apoe-d		N	21	21
b-aptem		N	54	35
b-aspi	auc	A	9	9
b-aspi		H	18	6
b-aspi		L	259	59
b-aspi		N	62	29
b-asyykar		N	16	12
b-atrytyd		N	40	36
b-b-cd19	e6/l	A	391	240
b-b-cd19	e9/l	A	742	261
b-b-cd19	e9/l	L	26	16
b-b-cd19		A	374	161
b-b-cd19		H	16	15
b-b-cd19		L	457	320
b-b-cd19		N	679	360
b-b-cd19,b-solut	e9/l	A	78	57
b-b-cd19,b-solut	e9/l	L	13	10
b-b-cd19,b-solut	e9/l	N	10	9
b-b-lymfosyytit	e6/l	A	390	214
b-b-lymfosyytit	e6/l	N	275	172
b-b-tyypinnatriureettinenpeptidi	ng/l	H	7	7
b-bakt	%	N	15	15
b-bakteeri,jatkoviljely(verestä),seulottunäyte		A	355	165
b-bakteeri,jatkoviljely,seulottunäyte		A	519	260
b-bakteeri,jatkoviljely,seulottunäyte		N	97	38
b-bakteeri,veriviljely		N	34	22
b-bakteeri,viljely		A	37	25
b-bakteeri,viljely		N	573	410
b-bakteeri,viljelyverestä		N	38	30
b-bakteeriviljelyverestä,jatkotutkimus		A	37	25
b-baktjvi		A	6248	3345
b-baktjvi		N	3422	1626
b-baktvi		A	4027	2530
b-baktvi		N	94890	24836
b-baktvi-aerobi		N	2886	1806
b-baktvi-anaerobi		N	2906	1817
b-bas	%	H	1509	1205
b-bas	e9/l	A	19	12
b-bas	e9/l	H	45	32
b-bas	e9/l	N	9900	1766
b-bas		N	6	6
b-baso	%	A	400	222
b-baso	%	H	149	112
b-baso	%	N	985	610
b-baso	e9/l	A	31213	11594
b-baso	e9/l	H	6370	3776
b-baso	e9/l	L	779	401
b-baso	e9/l	N	83722	35769
b-baso		A	1628	845
b-baso		H	11322	3989
b-baso		L	84	54
b-baso		N	284851	56402
b-basoabs		N	81	73
b-basof	e9/l	A	108	66
b-basof		A	867	422
b-basofiili	e9/l	N	73	30
b-basofiilisetleukosyytit	e9/l	A	705	407
b-basofiilisetleukosyytit	e9/l	H	258	181
b-basofiilisetleukosyytit	e9/l	L	13	11
b-basofiilisetleukosyytit	e9/l	N	6309	3214
b-basofiilisetleukosyytit		N	37	37
b-basofiilit	%	N	117	67
b-basofiilit	e9/l	A	793	383
b-basofiilit	e9/l	N	1701	1027
b-basofiilit		N	13	13
b-basofiilit,absoluuttiset		N	18	14
b-basofiilit,suhde	%	N	21	10
b-basofiilit-act5diffillä	%	H	16	11
b-basofiilit-act5diffillä	%	N	162	76
b-basofiilitabsoluuttinenmäärä		N	15	15
b-bcr-qr		A	31	8
b-bcr-qr		N	30	13
b-be	mmol/l	A	9750	2757
b-be		A	7123	2294
b-beeta-hydroksibutyraatti,pika	mmol/l	A	30	24
b-beeta-hydroksibutyraatti,pikatutkimus,verestä	mmol/l	A	40	26
b-beeta-hydroksibutyraatti,pikatutkimus,verestä	mmol/l	H	28	21
b-beeta-hydroksibutyraatti,pikatutkimus,verestä	mmol/l	N	8	7
b-bio		N	1426	1239
b-bio-0		N	15093	14656
b-biodna		N	662	655
b-biomam		N	75	73
b-biomamd		N	72	70
b-bmuisti	%	N	16	16
b-bnaive	%	N	16	16
b-bnp-v		A	88	40
b-bo3-d		N	723	718
b-borrnho		N	28	28
b-bplasbl	%	N	7	7
b-bplasbl		N	10	10
b-brcamut		N	30	30
b-brcay-d		N	97	97
b-brovmut		N	524	524
b-btrans	%	N	16	16
b-c-reaktiivinenproteiini	mg/l	A	24	21
b-c-reaktiivinenproteiini		N	10	10
b-c-reaktiivinenproteiini(kval)		N	8	8
b-c-reaktiivinenproteiini,vieritesti		A	15	12
b-c-reaktiivinenproteiini,vieritesti		N	73	54
b-c-reaktiivinenproteiinipika		A	149	97
b-c-reaktiivinenproteiinipika		N	74	66
b-c-resktiivinenproteiini	mg/l	N	778	514
b-c-resktiivinenproteiini		N	506	363
b-c/adp	s	A	22	21
b-c/adp	s	H	7	7
b-c/epi	s	A	27	26
b-c/epi	s	H	8	7
b-c/epi	s	N	8	8
b-c/epi		A	6	6
b-ca++-v	mmol/l	A	25	21
b-ca++-v		A	21	18
b-ca1mut		N	12	12
b-caionpf	mmol/l	A	265	27
b-caionpf		A	55	6
b-calr-d		A	7	7
b-calr-d		N	10	10
b-cardiac,ckmb	ng/ml	N	12	6
b-cardiac,ckmb		N	10	10
b-cardiac,myoglobiini	ng/ml	N	16	11
b-cardiac,troponiinii		N	23	13
b-cd16/56	e9/l	A	455	328
b-cd16/cd56	e9/l	A	48	47
b-cd16/cd56	e9/l	N	72	60
b-cd19	e6/l	A	2215	714
b-cd19	e9/l	A	1679	864
b-cd19	e9/l	L	12	9
b-cd19	e9/l	N	49	42
b-cd19		A	32	28
b-cd3	e6/l	A	1496	579
b-cd3	e9/l	A	1577	821
b-cd3	e9/l	N	32	30
b-cd3		A	24	21
b-cd3-positiivisett-lymfosyytit	e6/l	A	304	150
b-cd3-positiivisett-lymfosyytit	e6/l	N	361	234
b-cd34-fc		N	191	118
b-cd4	e6/l	A	1904	592
b-cd4	e9/l	A	1769	878
b-cd4	e9/l	N	28	27
b-cd4		A	25	19
b-cd4-cm	%	N	11	11
b-cd4-em	%	N	11	11
b-cd4-positiivisett-lymfosyytit	e6/l	A	395	164
b-cd4-positiivisett-lymfosyytit	e6/l	N	270	207
b-cd4-rte	%	N	11	11
b-cd4akt	%	N	11	11
b-cd4emra	%	N	11	11
b-cd4naiv	%	N	11	11
b-cd4sup	ng/ml	A	17	11
b-cd4treg	%	N	11	11
b-cd8	e6/l	A	1136	452
b-cd8	e9/l	A	1023	599
b-cd8	e9/l	N	67	58
b-cd8		A	18	15
b-cd8-cm	%	N	11	11
b-cd8-em	%	N	11	11
b-cd8-positiivisett-lymfosyytit	e6/l	A	220	120
b-cd8-positiivisett-lymfosyytit	e6/l	N	445	266
b-cd8akt	%	N	11	11
b-cd8emra	%	N	11	11
b-cd8naiv	%	N	11	11
b-cftr-d		N	12	12
b-ckmbmv		A	21	18
b-cl	mmol/l	A	15095	3054
b-cl		A	2841	562
b-co	ug/l	A	1825	1133
b-co	ug/l	H	255	187
b-co	ug/l	N	231	201
b-co		A	326	286
b-co		H	21	18
b-co		N	97	96
b-col/adp	s	A	17	16
b-col/epi	s	A	12	12
b-cr	ug/l	A	1673	1034
b-cr	ug/l	H	226	159
b-cr	ug/l	N	212	188
b-cr		A	185	170
b-cr		H	24	21
b-cr		N	125	103
b-crcmut		N	117	116
b-crco		N	689	415
b-crp	mg/l	A	475	325
b-crp	mg/l	N	79	59
b-crp		A	1579	993
b-crp		N	1698	687
b-crp,pikatesti,veri	mg/l	A	49	42
b-crp-0	mg/l	H	194	99
b-crp-0	mg/l	N	86	59
b-crp-0		N	150	86
b-crp-o	mg/l	A	1027	443
b-crp-o		A	16	14
b-crp-pik	mg/l	H	267	159
b-crp-pik	mg/l	N	33	30
b-crp-pik		H	41	39
b-crp-pik		N	296	200
b-crp-pika	mg/l	H	988	440
b-crp-pika	mg/l	N	425	269
b-crp-pika		H	47	43
b-crp-pika		N	681	420
b-crp-pt	mg/l	A	372	294
b-crp-pt	mg/l	N	68	66
b-crp-pt		A	94	76
b-crp-pt		N	446	379
b-crp-v	mg/l	A	1327	697
b-crp-vt	mg/l	A	2985	1431
b-crp-vt	mg/l	H	11694	8468
b-crp-vt	mg/l	N	570	530
b-crp-vt		A	244	114
b-crp-vt		H	36	35
b-crp-vt		N	2670	2370
b-crpp	mg/l	H	4418	3094
b-crpp	mg/l	N	51	40
b-crpp		H	23	16
b-crpp		N	104	57
b-crppika	mg/l	H	14	13
b-cya	ug/l	N	241	82
b-cya-ms	ug/l	N	10400	672
b-cya-ms		N	336	201
b-cyp2c19		N	123	123
b-cyp2d6		N	147	147
b-d-dimer	mg/l	A	180	149
b-d-dimer	mg/l	H	20	16
b-d-dimer	mg/l	N	18	18
b-dcmmut		N	26	26
b-dend-fc		N	16	13
b-diff		N	144	49
b-diff-mik		N	28	24
b-diff-mik,mikroskooppidiffi		N	17	14
b-diffi	%	H	8	8
b-diffi	%	N	19	14
b-diffi	e9/l	H	13	10
b-diffi		A	63	49
b-diffi		L	23	19
b-diffi		N	257748	56413
b-diffi,bas	%	H	17	14
b-diffi,bas	%	N	106	66
b-diffi,eos	%	H	14	10
b-diffi,eos	%	L	15	11
b-diffi,eos	%	N	96	63
b-diffi,l-bas	%	N	92	59
b-diffi,l-eos	%	L	33	23
b-diffi,l-eos	%	N	62	41
b-diffi,l-liusk	%	L	28	16
b-diffi,l-liusk	%	N	38	33
b-diffi,l-lym	%	H	23	12
b-diffi,l-lym	%	L	13	11
b-diffi,l-lym	%	N	28	26
b-diffi,l-lymf	%	L	15	7
b-diffi,l-lymf	%	N	19	13
b-diffi,l-mon	%	H	24	17
b-diffi,l-mon	%	N	71	48
b-diffi,l-myel	%	H	21	9
b-diffi,l-myel	%	N	17	9
b-diffi,l-neutr	%	N	19	12
b-diffi,l-promyel	%	N	29	17
b-diffi,l-sauv	%	L	34	22
b-diffi,l-sauv	%	N	29	26
b-diffi,lymf	%	H	26	17
b-diffi,lymf	%	L	13	10
b-diffi,lymf	%	N	90	57
b-diffi,mon	%	H	22	16
b-diffi,mon	%	N	101	62
b-diffi,nlt	%	H	7	6
b-diffi,nlt	%	L	30	18
b-diffi,nlt	%	N	90	58
b-diffi,nst	%	H	21	19
b-diffi,nst	%	N	107	66
b-diffi,osatutkimus		N	50	35
b-diffi-kd		N	113	95
b-diffi-m		N	181	109
b-diffim		N	256	159
b-diffmik		N	176	54
b-digoks		N	20	19
b-dm2alld		A	13	12
b-dnamut		A	9	9
b-dpyd-d		N	804	789
b-ecolnho		A	6	6
b-edta		N	1102	1091
b-edta-nä		N	38	18
b-edta-näy		N	266	192
b-edta-put		N	19	19
b-edta10ml		N	303	148
b-edta20ml		N	97	88
b-edta5/4		N	320	201
b-edtanäy		N	975	479
b-edtaproj		N	258	230
b-edtaputk		N	89	56
b-edtatutk		N	299	222
b-egfr-fd		N	29	25
b-egfr-pt		N	117	96
b-elinkim		N	107	88
b-enterobacterales		A	6	6
b-eos	%	A	1366	646
b-eos	%	H	2390	1873
b-eos	%	L	1527	1208
b-eos	%	N	743	387
b-eos	e6/l	A	28	24
b-eos	e6/l	N	46	43
b-eos	e9/l	A	146848	43378
b-eos	e9/l	H	17071	9218
b-eos	e9/l	L	22601	8544
b-eos	e9/l	N	86825	38315
b-eos		A	14964	6622
b-eos		H	26144	9602
b-eos		L	44763	12245
b-eos		N	250472	52390
b-eosabs	%	A	7	7
b-eosabs	%	N	77	70
b-eosabs	e9/l	A	71	41
b-eosin	e9/l	A	2074	971
b-eosin	e9/l	N	8	8
b-eosin		A	3265	1604
b-eosinifiilit-act5diffillä	%	H	37	16
b-eosinifiilit-act5diffillä	%	L	23	14
b-eosinifiilit-act5diffillä	%	N	118	65
b-eosinofiili	%	N	73	30
b-eosinofiilit	%	A	8	8
b-eosinofiilit	%	N	68	58
b-eosinofiilit	e9/l	A	8641	3569
b-eosinofiilit	e9/l	H	257	202
b-eosinofiilit	e9/l	L	390	194
b-eosinofiilit	e9/l	N	5308	3868
b-eosinofiilit		A	155	113
b-eosinofiilit		N	205	142
b-eosinofiilit(ko)	e9/l	N	6	6
b-eosinofiilit,absoluuttiset	e9/l	N	17	8
b-eosinofiilit,b-diffiosatutkimus	e9/l	A	80	56
b-eosinofiilit,b-diffiosatutkimus	e9/l	N	332	233
b-eosinofiilit,b-diffiosatutkimus		A	38	31
b-eosinofiilit,b-diffiosatutkimus2225	e9/l	N	28	23
b-eosinofiilit,erillistutkimuksena	e9/l	A	8	7
b-eosinofiilit,erillistutkimuksena	e9/l	N	45	45
b-eosinofiilit,erillistutkimuksena		N	15	11
b-eosinofiilit,lukumäärä	e9/l	A	109	58
b-eosinofiilit,lukumäärä	e9/l	H	156	91
b-eosinofiilit,lukumäärä	e9/l	L	298	98
b-eosinofiilit,lukumäärä	e9/l	N	20	20
b-eosinofiilit,verestä	e9/l	A	87	65
b-eosinofiilit,verestä	e9/l	N	640	498
b-eosinofiilit,verestä		N	6	6
b-eosinofiilitabsoluuttinenmäärä	e9/l	N	11	11
b-eosinofiiliterillistutkimuksena	e9/l	N	14	14
b-eosonofiilit,b-diffiosatutkimus	e9/l	N	12	7
b-erblast	e9/l	N	1525	782
b-erblast		N	229748	46527
b-ertytrosyytit	e12/l	N	20	8
b-erybla	e9/l	A	30472	5868
b-erybla	e9/l	H	7089	1341
b-erybla	e9/l	N	77507	21799
b-erybla		A	829	425
b-erybla		H	916	317
b-erybla		N	114570	26483
b-erybla(19978b-erybla),osatutkimus	e9/l	N	161	135
b-erybla,osatutkimus(19978b-erybla)	e9/l	N	1566	971
b-erybla,osatutkimus(b-erybla)	e9/l	N	3700	1888
b-eryt	%	A	55	33
b-eryt	%	H	6	6
b-eryt	%	N	643	321
b-eryt	e12/l	A	2356658	185674
b-eryt	e12/l	H	51329	20393
b-eryt	e12/l	HH	125	15
b-eryt	e12/l	L	400667	60424
b-eryt	e12/l	N	736170	222367
b-eryt	e9/l	A	49	41
b-eryt	e9/l	N	270	247
b-eryt		A	282244	53227
b-eryt		H	41567	13111
b-eryt		HH	24	6
b-eryt		L	763567	64962
b-eryt		N	998913	148680
b-erytbi	u/100l	A	8	6
b-erytbl	%	A	53	13
b-erytbl	e9/l	N	1107	612
b-erytbl	u/100l	A	1021	365
b-erytbl		A	84	37
b-erytp	e12/l	H	241	185
b-erytp	e12/l	L	576	318
b-erytp	e12/l	N	1167	336
b-erytroblasti	e9/l	N	1446	805
b-erytroblastit	e9/l	A	2911	538
b-erytroblastit	e9/l	H	1111	240
b-erytroblastit	e9/l	N	956	656
b-erytroblastit		A	45	20
b-erytroblastit		N	9	9
b-erytroblastit,absoluuttiset,automaattidiffi	e9/l	N	801	613
b-erytroblastit,absoluuttiset,automaattidiffi		N	182	149
b-erytrosyytit	1	N	6	6
b-erytrosyytit	e12/l	A	81894	14203
b-erytrosyytit	e12/l	H	2299	1260
b-erytrosyytit	e12/l	L	26131	5232
b-erytrosyytit	e12/l	N	54278	24712
b-erytrosyytit		A	73	56
b-erytrosyytit		L	25	10
b-erytrosyytit		N	180	176
b-erytrosyytit(tilavuusosuus)	osuus	H	91	50
b-erytrosyytit(tilavuusosuus)	osuus	L	459	127
b-erytrosyytit,kokojakaumaprosentti	%	H	12	9
b-erytrosyytit,kokojakaumaprosentti	%	N	370	287
b-erytrosyytit,normoblastit,mikroskopointi	u/100l	A	294	124
b-erytrosyytit,normoblastit,mikroskopointi	u/100l	H	30	22
b-erytrosyytit,normoblastit,mikroskopointi		A	16	10
b-erytrosyytit,poc-tutkimus	e12/l	H	15	6
b-erytrosyytit,poc-tutkimus	e12/l	L	83	31
b-erytrosyytit,poc-tutkimus	e12/l	N	349	123
b-erytrosyytit,tilavuusosuus	%	A	27671	4378
b-erytrosyytit,tilavuusosuus	%	H	7	6
b-erytrosyytit,tilavuusosuus	%	L	31	19
b-erytrosyytit,tilavuusosuus	%	N	8487	4217
b-erytrosyytit,tilavuusosuus	1	N	9	9
b-erytrosyytit,tilavuusosuus	osuus	A	59493	12109
b-erytrosyytit,tilavuusosuus	osuus	H	2875	1688
b-erytrosyytit,tilavuusosuus	osuus	L	27018	4596
b-erytrosyytit,tilavuusosuus	osuus	N	53141	26279
b-erytrosyytit,tilavuusosuus		A	2466	664
b-erytrosyytit,tilavuusosuus		H	17	12
b-erytrosyytit,tilavuusosuus		L	96	49
b-erytrosyytit,tilavuusosuus		N	3153	1641
b-erytrosyytit,tilavuusosuus(hematokriitti)	%	A	18	18
b-erytrosyytit,tilavuusosuus(hematokriitti)	%	N	159	152
b-erytrosyytit,tilavuusosuus,pikahoitoyksiköt	osuus	L	14	12
b-erytrosyytit,tilavuusosuus,pikahoitoyksiköt		A	78	61
b-erytrosyytit,tilavuusosuus,pikatesti	osuus	A	12	11
b-erytrosyytit,tilavuusosuuspoc-tutkimus	%	H	19	8
b-erytrosyytit,tilavuusosuuspoc-tutkimus	%	L	65	23
b-erytrosyytit,tilavuusosuuspoc-tutkimus	%	N	364	123
b-erytrosyytit,vieritutkimus	e12/l	A	8	7
b-erytrosyyttientilavuusosuus	%	A	245	173
b-erytrosyyttientilavuusosuus	%	N	7364	3743
b-erytrosyyttientilavuusosuus	osuus	A	223	170
b-erytrosyyttientilavuusosuus	osuus	N	6096	3224
b-erytrosyyttientilavuusosuus		N	6	6
b-escherichiacoli		A	35	30
b-etoh	umol/l	N	8	7
b-etoh		N	12	9
b-everoli	ug/l	A	65	9
b-everoms	ug/l	N	383	33
b-everoms		N	35	16
b-exkon-d		N	91	91
b-exseq-d		N	57	57
b-extem		N	129	100
b-extri-d		N	78	78
b-farmakogeneettinenlaajatestipaneeli,dna-tutkimus,verestä		N	12	12
b-farml-d		N	8	8
b-fibriinind-dimeerit	mg/l	A	29	29
b-fibriinind-dimeerit	mg/l	H	9	9
b-fibriinind-dimeerit		A	8	8
b-fibriinind-dimeerit		N	7	6
b-fibtem		N	129	100
b-fidd	mg/l	A	525	417
b-fidd	mg/l	H	133	92
b-fidd	mg/l	N	898	760
b-fidd		A	102	88
b-fidd		N	73	64
b-fidd-o	mg/l	A	64	57
b-fidd-o	mg/l	H	208	160
b-fidd-o	mg/l	N	342	267
b-fidd-o		H	73	66
b-fidd-o		N	124	109
b-fidd-pt	mg/i	A	25	24
b-fidd-pt	mg/i	N	19	19
b-fidd-pt	mg/l	A	61	55
b-fidd-pt	mg/l	N	14	13
b-fidd-pt		A	21	19
b-fidd-pt		N	21	20
b-fidd-v		A	29	29
b-fidd-vt	mg/l	H	294	279
b-fidd-vt	mg/l	N	1001	960
b-fidd-vt		A	40	32
b-fidd-vt		H	15	15
b-fidd-vt		N	168	160
b-fiddp	mg/l	H	151	143
b-fiddpik		A	21	19
b-fiddpik		N	44	44
b-fii-d		N	1795	1654
b-fosfatidyylietanoli	umol/l	A	1172	771
b-fosfatidyylietanoli	umol/l	H	1206	699
b-fosfatidyylietanoli	umol/l	N	1428	1152
b-fosfatidyylietanoli		A	374	272
b-fosfatidyylietanoli		H	12	10
b-fosfatidyylietanoli		N	2234	1892
b-fosfatidyylietanoli,verestä	umol/l	A	743	408
b-fosfatidyylietanoli,verestä	umol/l	H	16	8
b-fosfatidyylietanoli,verestä	umol/l	N	416	309
b-fosfatidyylietanoli,verestä		A	51	35
b-fosfatidyylietanoli,verestä		H	11	10
b-fosfatidyylietanoli,verestä		N	698	573
b-fosfatidyylietanoli,verestä(ko)	umol/l	N	7	6
b-fosfatidyylietanoli,verestä(ko)		N	17	11
b-fosfatidyylietanoli,verestä,peth	umol/l	A	18	14
b-fosfatidyylietanoli,verestä,peth	umol/l	N	19	16
b-fosfatidyylietanoli,verestä,peth		N	41	28
b-fosfatidyylietanolivita	umol/l	A	11	9
b-fosfatidyylietanolivita	umol/l	N	30	27
b-fosfatidyylietanolivita		N	70	60
b-fosfori,kokoveren	mmol/l	N	7	7
b-frax-d		N	67	67
b-fuus-mr		N	24	24
b-fv-d		A	13	13
b-fv-d		N	1918	1772
b-fvfii-d		N	8	7
b-gelso-d		N	6	6
b-geneseq		N	227	222
b-ghb-a1c	%	A	15400	7106
b-ghb-a1c	%	H	2134	971
b-ghb-a1c	%	N	4228	2698
b-ghb-a1c	mmol/mol	A	1406	496
b-ghb-a1c		A	9868	5474
b-ghb-a1c		H	5616	3639
b-ghb-a1c		N	348	330
b-ghb-a1cv	mmol/mol	A	290	118
b-ghba1c	%	A	1929	1157
b-ghba1c	%	N	82	55
b-ghba1c		A	8	7
b-ghba1c-	%	H	85	34
b-ghba1c-	%	N	38	24
b-ghba1c-o		H	25	18
b-ghba1c-oma	%	H	238	63
b-ghba1c-oma	%	N	122	42
b-ghba1c/	%	H	374	131
b-ghba1c/	%	N	192	95
b-ghba1c/		H	10	9
b-ghba1c/p	%	H	437	183
b-ghba1c/p	%	N	69	56
b-ghba1c/pika	%	H	568	285
b-ghba1c/pika	%	N	151	108
b-ghba1cp	%	A	401	200
b-ghba1cp	%	N	92	76
b-ghbpika		A	118	43
b-gle1		N	9	9
b-gluk	mmol/l	A	301	133
b-gluk	mmol/l	N	86	84
b-gluk		N	45	40
b-gluk-oma		H	41	32
b-gluk-pt	mmol/l	A	33	31
b-gluk-pt		A	15	15
b-gluk-vt	mmol/l	H	38	30
b-gluk-vt	mmol/l	N	20	19
b-gluk/pi	mmol/l	H	225	161
b-gluk/pi	mmol/l	N	70	66
b-gluk/pi		H	956	428
b-gluk/pi		N	160	96
b-gluk/pik	mmol/l	H	790	469
b-gluk/pik	mmol/l	N	149	130
b-gluk/pika		H	1332	817
b-gluk/pika		N	245	197
b-glukoche		N	71	52
b-happamuusaste		A	234	141
b-hb	e12/l	N	11	11
b-hb	e9/l	A	192	152
b-hb	e9/l	N	327	268
b-hb	g/l	A	2638820	198912
b-hb	g/l	AA	160	85
b-hb	g/l	H	85164	31283
b-hb	g/l	L	1167868	102941
b-hb	g/l	LL	21314	5457
b-hb	g/l	N	1621179	295248
b-hb		A	234979	42706
b-hb		AA	16	16
b-hb		H	9207	4741
b-hb		L	83150	17813
b-hb		LL	579	301
b-hb		N	84740	26665
b-hb-a1	mmol/mol	N	12	11
b-hb-a1c	%	A	11322	4865
b-hb-a1c	%	H	7736	4160
b-hb-a1c	%	N	3538	2539
b-hb-a1c	%/mmol	H	13	9
b-hb-a1c	%/mmol	N	6	6
b-hb-a1c	mmol/l	N	9	6
b-hb-a1c	mmol/mol	A	3295	977
b-hb-a1c	mmol/mol	H	68	52
b-hb-a1c	mmol/mol	N	1617	1337
b-hb-a1c		A	4356	2295
b-hb-a1c		H	4461	2185
b-hb-a1c		L	25	24
b-hb-a1c		N	2488	1695
b-hb-co	%	A	5165	2226
b-hb-co	%	H	52	33
b-hb-co	%	N	1446	377
b-hb-co		A	273	178
b-hb-co.	%	A	74	30
b-hb-ef		N	40	40
b-hb-f	%	A	83	20
b-hb-f	%	H	302	45
b-hb-f	%	N	192	55
b-hb-f		N	432	175
b-hb-fr		N	81	79
b-hb-ief		N	45	44
b-hb-met	%	A	698	355
b-hb-met	%	H	23	10
b-hb-met	%	N	1485	384
b-hb-met		A	20	20
b-hb-met.	%	A	111	24
b-hb-o	g/l	L	18	16
b-hb-opik		A	25	22
b-hb-p	g/l	A	12	10
b-hb-pt	g/l	A	228	188
b-hb-pt	g/l	N	274	232
b-hb-pt		A	60	46
b-hb-pt		N	86	77
b-hb-th	g/l	L	21	17
b-hb-th	g/l	N	68	48
b-hb-vt	g/l	A	138	86
b-hb-vt	g/l	H	16	14
b-hb-vt	g/l	L	80	53
b-hb-vt	g/l	N	110	102
b-hb-vt		A	39	27
b-hb-vt		N	63	46
b-hb/pika	g/l	H	91	76
b-hb/pika	g/l	L	838	484
b-hb/pika	g/l	N	1499	993
b-hb:	g/l	A	385	156
b-hba/b-d		N	9	9
b-hba1c	%	A	320	214
b-hba1c	%	H	56	28
b-hba1c	%	N	20	13
b-hba1c	mmol	A	438	174
b-hba1c	mmol/l	N	121	80
b-hba1c	mmol/m	A	723	616
b-hba1c	mmol/m	H	170	155
b-hba1c	mmol/m	N	863	803
b-hba1c	mmol/ml	H	16	14
b-hba1c	mmol/ml	N	121	98
b-hba1c	mmol/mol	A	365071	72821
b-hba1c	mmol/mol	H	229890	54287
b-hba1c	mmol/mol	L	122	91
b-hba1c	mmol/mol	N	283734	149768
b-hba1c		A	110257	28838
b-hba1c		H	53254	17974
b-hba1c		L	804	627
b-hba1c		N	40003	22406
b-hba1c-e	mmol/mol	H	23	12
b-hba1c-opikamittari		N	34	30
b-hba1c-p	%	A	62	30
b-hba1c-p	%	H	68	57
b-hba1c-p	mmol/mol	A	640	231
b-hba1c-p	mmol/mol	H	156	98
b-hba1c-p	mmol/mol	N	8	8
b-hba1c-p		A	25	23
b-hba1c/p	mmol/mol	H	373	131
b-hba1c/p	mmol/mol	N	193	95
b-hba1c/p		H	10	9
b-hba1c/pika	mmol/mol	H	341	150
b-hba1c/pika	mmol/mol	N	102	60
b-hba1cp	%	A	1223	532
b-hba1cp	%	N	344	246
b-hba1cp	mmol/mol	A	7418	1620
b-hba1cp	mmol/mol	H	24	23
b-hba1cp	mmol/mol	N	995	458
b-hba1cp		A	7	7
b-hba1cp		N	16	15
b-hba1cpi	mmol/mol	H	6	6
b-hba1cvt	%	A	5127	634
b-hba1cvt	%	N	929	373
b-hba1cvt	mmol/mol	A	7039	1220
b-hba1cvt	mmol/mol	H	1049	351
b-hba1cvt	mmol/mol	N	1645	682
b-hba1cvt		A	81	57
b-hba1cvt		N	51	45
b-hbf-fc	%	A	6	6
b-hbf-fc	%	H	10	10
b-hbf-fc		N	64	63
b-hbfvol	ml	H	10	10
b-hbfvol		N	60	59
b-hbhoi	g/l	A	205	152
b-hbhplc		N	74	73
b-hbp	g/l	H	277	229
b-hbp	g/l	L	703	368
b-hbp	g/l	N	928	182
b-hbpika	g/l	A	58	52
b-hbpvk	g/l	A	35	11
b-hbvt	g/l	L	20	19
b-hbvt	g/l	N	9	9
b-hcm-d		A	6	6
b-hcmmut		N	22	22
b-hco3	mmol/l	A	1583	403
b-hemat		N	42	11
b-hematokriitti	osuus	N	17	8
b-hematologisenpotilaanperuskaryotyypinmääritys		N	38	38
b-hemfuus		N	12	12
b-hemmut		N	10	10
b-hemoglobiini	g/l	A	44938	8529
b-hemoglobiini	g/l	H	1272	818
b-hemoglobiini	g/l	L	10311	3135
b-hemoglobiini	g/l	LL	15	12
b-hemoglobiini	g/l	N	55250	26021
b-hemoglobiini		A	80	64
b-hemoglobiini		N	94	92
b-hemoglobiini,pikatesti	g/l	A	17	16
b-hemoglobiini,poc-tutkimus	g/l	H	19	8
b-hemoglobiini,poc-tutkimus	g/l	L	99	32
b-hemoglobiini,poc-tutkimus	g/l	N	330	118
b-hemoglobiini,vieritutkimus	g/l	A	24	19
b-hemoglobiini,vieritutkimus	g/l	N	10	9
b-hemoglobiini-a1c	mmol/m	A	2294	1930
b-hemoglobiini-a1c	mmol/m	H	13	12
b-hemoglobiini-a1c	mmol/m	N	168	159
b-hemoglobiini-a1c	mmol/mol	A	10224	6084
b-hemoglobiini-a1c	mmol/mol	H	8366	5782
b-hemoglobiini-a1c	mmol/mol	N	27722	22932
b-hemoglobiini-a1c		A	102	72
b-hemoglobiini-a1c		N	32	31
b-hemoglobiini-a1c,(mmol/mol)pika,hoitoyksiköt	mmol/mol	H	262	138
b-hemoglobiini-a1c,glykoitunut	%	A	92	71
b-hemoglobiini-a1c,glykoitunut	%	N	353	326
b-hemoglobiini-a1c,glykoitunut	mmol/mol	A	63	37
b-hemoglobiini-a1c,glykoitunut	mmol/mol	N	208	169
b-hemoglobiini-a1c,glykoitunut		A	12	12
b-hemoglobiini-a1c,glykoitunut		N	48	48
b-hemoglobiini-a1c,glykoitunut(ko)		N	20	18
b-hemoglobiini-a1c,pika		A	17	10
b-hemoglobiini-a1c,verestä	mmol/m	A	29	22
b-hemoglobiini-a1c,verestä	mmol/m	N	26	24
b-hemoglobiini-a1c,verestä	mmol/mol	A	52	32
b-hemoglobiini-a1c,verestä	mmol/mol	N	32	30
b-hemoglobiinia1c,glykoitunut,pikatesti,osavastauspika-ghb-a1c	%	H	30	22
b-hemoglobiinia1c,glykoitunut,pikatesti,osavastauspika-hba1c	mmol/mol	H	30	22
b-hemoglobiinipikahoitoyksiköt	g/l	A	37	29
b-hemoglobiinipikahoitoyksiköt	g/l	H	30	24
b-hemoglobiinipikahoitoyksiköt	g/l	L	203	139
b-hemoglobiinipvk:nosana	g/l	A	11	10
b-hemoglobiinipvk:nosana	g/l	N	325	231
b-hemoglopiini	g/l	A	96	35
b-hemoglopiini	g/l	N	103	51
b-hemok-d		N	24	24
b-heparab		N	91	79
b-hepartp	u/ml	N	46	43
b-hepartp		N	86	70
b-heptem		N	50	44
b-hfe-d		N	155	154
b-hg	nmol/l	A	12	8
b-hg	nmol/l	N	11	8
b-hhv6nh		N	356	112
b-hkr	%	A	682913	68976
b-hkr	%	H	77158	28623
b-hkr	%	L	771106	63377
b-hkr	%	N	1446662	218716
b-hkr	fl	H	136	107
b-hkr	fl	L	203	154
b-hkr	fl	N	3893	2958
b-hkr	l/l	A	41	40
b-hkr	l/l	H	84	58
b-hkr	l/l	L	365	167
b-hkr	l/l	N	658	465
b-hkr	osuus	A	1182007	105396
b-hkr	osuus	AA	146	59
b-hkr	osuus	H	20789	7255
b-hkr	osuus	L	208126	23728
b-hkr	osuus	N	344241	94937
b-hkr		A	504480	66168
b-hkr		AA	26	18
b-hkr		H	8503	4283
b-hkr		L	65532	14756
b-hkr		N	151036	45257
b-hkr(erytrosyytit,tilavuusosuus)	osuus	A	10097	2331
b-hkr(erytrosyytit,tilavuusosuus)	osuus	H	300	174
b-hkr(erytrosyytit,tilavuusosuus)	osuus	L	3087	485
b-hkr(erytrosyytit,tilavuusosuus)		A	19	16
b-hkr.fol	%	A	9	8
b-hkr.fol		A	32	28
b-hkrhoi	osuus	A	6	6
b-hkrhoi		A	65	52
b-hkrp	%	H	67	26
b-hkrp	%	L	206	40
b-hkrp	%	N	1004	185
b-hla		A	72	38
b-hla-a,g-ryhmä,dna-tutkimus,ngs		N	6	6
b-hla-b,g-ryhmä,dna-tutkimus,ngs		N	6	6
b-hla-bw		N	117	117
b-hla-c,g-ryhmä,dna-tutkimus,ngs		N	6	6
b-hla-dpb1,g-ryhmä,dna-tutkimus,ngs		N	6	6
b-hla-dqb1,g-ryhmä,dna-tutkimus,ngs		N	6	6
b-hla-drb1,g-ryhmä,dna-tutkimus,ngs		N	6	6
b-hla1mun		N	142	138
b-hla1pk		N	68	67
b-hla2frk		N	33	32
b-hla2ppr		N	7	7
b-hla2prk		N	19	19
b-hlaabac		N	20	20
b-hlaad		N	358	355
b-hlaadt		N	29	29
b-hlaag		N	26	26
b-hlabd		N	369	363
b-hlabdt		N	29	29
b-hlabg		N	26	26
b-hlacdt		N	30	30
b-hlacg		N	24	24
b-hladpb1g		N	24	24
b-hladpbd		N	29	29
b-hladqb1g		N	24	24
b-hladqbd		N	30	30
b-hladrb1g		N	25	25
b-hladrbd		N	346	343
b-hladrld		N	25	25
b-hlakeli		A	260	259
b-hlakeli		N	100	98
b-hlamaks		N	106	104
b-hlanark		N	11	11
b-hlareu		N	7	7
b-hlasyke		N	96	92
b-hlatrb		N	65	53
b-hlax-o		N	8	8
b-hnpcy-d		N	45	45
b-hunt-d		N	9	9
b-hyytymistekijävgeeni,dna-tutkimus		N	12	11
b-igshm		N	65	65
b-inhibit	%	A	9	9
b-inr-pik		A	11	11
b-inr-pik		L	229	224
b-inr-pik		N	748	708
b-inr-pt	inr	A	26	23
b-inr-vt		A	295	69
b-inr-vt		H	13	9
b-inrpika	inr	A	1540	51
b-inrpika		A	1503	52
b-intem		N	131	102
b-jak2-d		N	733	723
b-jak2-geeninmutaatioanalyysiverestä		N	25	25
b-jcv		A	9	7
b-jcv-ab,tutkimusnäyte		N	9	9
b-jcvab		A	9	8
b-jcvind		A	8	6
b-jk-a		A	6	6
b-k	mmol/l	A	11572	3465
b-k		A	1886	534
b-k(pika)	mmol/l	N	26	24
b-k-pt	mmol/l	A	60	54
b-k-pt	mmol/l	N	418	343
b-k-pt		A	20	18
b-k-pt		N	93	79
b-k-v	mmol/l	A	18	17
b-k-v		A	18	15
b-k-vt	mmol/l	N	139	108
b-kalium	mmol/l	A	1887	715
b-kalium	mmol/l	H	202	78
b-kalium	mmol/l	L	160	73
b-kalium	mmol/l	N	1255	380
b-kalium,kokoveren	mmol/l	N	7	7
b-kalium,pikatesti,veri	mmol/l	A	14	14
b-kdiffi,b-baso	e9/l	N	462	59
b-kdiffi,b-eos	e9/l	H	29	11
b-kdiffi,b-eos	e9/l	L	184	6
b-kdiffi,b-eos	e9/l	N	253	53
b-kdiffi,b-lymf	e9/l	L	64	11
b-kdiffi,b-lymf	e9/l	N	401	50
b-kdiffi,b-monos	e9/l	H	77	15
b-kdiffi,b-monos	e9/l	N	387	49
b-kdiffi,b-neut	e9/l	H	46	19
b-kdiffi,b-neut	e9/l	N	408	46
b-kdiffi,baso	%	H	16	6
b-kdiffi,baso	%	N	453	59
b-kdiffi,eos	%	H	9	7
b-kdiffi,eos	%	L	227	21
b-kdiffi,eos	%	N	233	45
b-kdiffi,lymf	%	L	45	20
b-kdiffi,lymf	%	N	423	49
b-kdiffi,mono	%	H	30	13
b-kdiffi,mono	%	N	439	52
b-kdiffi,neut	%	H	43	18
b-kdiffi,neut	%	N	421	49
b-kefabat	%	N	8	8
b-kel-k		A	6	6
b-keljkfy		N	35	35
b-keto		N	8	6
b-keton-sn	mmol/l	N	10	8
b-ketoniaineet(pikatesti)sormenpääverestä		N	24	21
b-kim-fd		N	767	112
b-klebsiellapneumoniaegroup		A	8	7
b-kllfish		N	84	80
b-kloridi	mmol/l	A	2134	567
b-kloridi	mmol/l	H	167	60
b-kloridi	mmol/l	L	315	74
b-kloridi	mmol/l	N	992	323
b-kml-qr		N	550	89
b-ko/adp1	s	A	183	138
b-ko/adp1	s	H	100	85
b-ko/adp1	s	N	114	105
b-ko/adp1		A	33	25
b-ko/adp1		H	15	13
b-ko/adp2	s	A	190	146
b-ko/adp2	s	H	94	81
b-ko/adp2	s	N	114	104
b-ko/adp2		A	30	21
b-ko/adp2		H	20	17
b-ko/adp3	s	A	24	23
b-ko/adp3	s	H	7	7
b-ko/epi1	s	A	142	113
b-ko/epi1	s	H	59	53
b-ko/epi1	s	L	10	10
b-ko/epi1	s	N	135	124
b-ko/epi1		A	66	51
b-ko/epi1		H	26	22
b-ko/epi2	s	A	129	102
b-ko/epi2	s	H	65	57
b-ko/epi2	s	L	14	14
b-ko/epi2	s	N	130	124
b-ko/epi2		A	65	51
b-ko/epi2		H	23	19
b-ko/epi3	s	A	37	34
b-ko/epi3	s	H	11	10
b-koboltti	ug/l	A	99	65
b-konediffi,5-osanen,osavastausb-baso	e9/l	N	154	30
b-konediffi,5-osanen,osavastausb-eos	e9/l	N	83	22
b-konediffi,5-osanen,osavastausb-lymf	e9/l	L	13	6
b-konediffi,5-osanen,osavastausb-lymf	e9/l	N	138	27
b-konediffi,5-osanen,osavastausb-monos	e9/l	H	29	10
b-konediffi,5-osanen,osavastausb-monos	e9/l	N	124	25
b-konediffi,5-osanen,osavastausb-neut	e9/l	H	23	8
b-konediffi,5-osanen,osavastausb-neut	e9/l	N	126	24
b-konediffi,5-osanen,osavastausbaso	%	N	153	30
b-konediffi,5-osanen,osavastauseos	%	H	8	6
b-konediffi,5-osanen,osavastauseos	%	L	76	9
b-konediffi,5-osanen,osavastauseos	%	N	73	20
b-konediffi,5-osanen,osavastauslymf	%	L	16	7
b-konediffi,5-osanen,osavastauslymf	%	N	137	28
b-konediffi,5-osanen,osavastausmono	%	H	14	8
b-konediffi,5-osanen,osavastausmono	%	N	144	27
b-konediffi,5-osanen,osavastausneut	%	H	17	9
b-konediffi,5-osanen,osavastausneut	%	N	136	28
b-kopoltti		A	18	16
b-kras-fd		N	14	11
b-krea		A	164	120
b-krea(pika)	umol/l	H	8	8
b-krea(pika)	umol/l	N	16	15
b-krea-pt	umol/l	A	269	216
b-krea-pt	umol/l	N	275	242
b-krea-pt		A	46	36
b-krea-pt		N	78	70
b-krea-vt	mmol/l	H	49	37
b-krea-vt	mmol/l	L	13	11
b-krea-vt	mmol/l	N	93	76
b-kreases	umol/l	A	241	79
b-kreatiniini	umol/l	A	10	9
b-kreatiniini	umol/l	N	11	11
b-kreatiniini,pikatesti,veri	umol/l	A	76	67
b-kromhem		N	35	34
b-kromi	ug/l	A	234	192
b-kromi	ug/l	N	36	36
b-kromi		A	20	18
b-kromi		N	44	44
b-kromikobolttititaani		N	89	89
b-kromos		N	397	394
b-la	form	H	7	7
b-la	mm	N	49	37
b-la	mm/h	A	170734	55092
b-la	mm/h	AA	61	38
b-la	mm/h	H	66325	29868
b-la	mm/h	N	255022	120960
b-la	mmol	A	126	41
b-la	mmol	N	12	12
b-la		A	29171	13530
b-la		H	8995	5389
b-la		L	55	53
b-la		N	15472	10550
b-lakt-d		A	105	105
b-lakt-d		N	4727	4573
b-laktaat	mmol/l	A	57	46
b-laktaat	mmol/l	N	7	6
b-laktaat		A	7	6
b-laktaatti,päivystystutkimus	mmol/l	A	2440	976
b-laktaatti,päivystystutkimus	mmol/l	H	448	184
b-laktaatti,päivystystutkimus	mmol/l	L	30	16
b-laktaatti,päivystystutkimus	mmol/l	N	1347	514
b-laktaatti,vierilaitteella	mmol/l	N	7	7
b-laktaatti,vieritutkimus	mmol/l	N	21	11
b-lakteh	mmol/l	A	122	48
b-laktevt	mmol/l	A	138	96
b-laktevt	mmol/l	N	32	16
b-laktevt		A	172	131
b-laktoosi-intoleranssi,dna-tutkimus		N	53	51
b-laktteh	mmol/l	A	14753	3977
b-laktteh		A	2389	686
b-lap	mm/h	H	234	196
b-lasko	mm/h	A	1809	970
b-lasko	mm/h	H	1063	742
b-lasko	mm/h	N	3705	3031
b-lasko		A	36	26
b-lasko		N	19	18
b-lcd34		N	191	118
b-ldlre-4		N	7	7
b-ldlre-d		A	21	21
b-ldlre-d		N	176	167
b-leuc	e9/l	A	1251	390
b-leuc	e9/l	H	101	85
b-leuc-v		A	524	417
b-leuk	e9/l	A	2150372	255236
b-leuk	e9/l	AA	365	200
b-leuk	e9/l	H	407971	111484
b-leuk	e9/l	HH	312	111
b-leuk	e9/l	L	35279	11607
b-leuk	e9/l	LL	116	44
b-leuk	e9/l	N	678714	207315
b-leuk	g/l	A	66	55
b-leuk	g/l	N	254	239
b-leuk		A	283756	73709
b-leuk		AA	16	16
b-leuk		H	632150	91039
b-leuk		HH	860	103
b-leuk		L	70062	12599
b-leuk		LL	4587	466
b-leuk		N	1085520	143684
b-leuk-o		A	31	30
b-leuk-pt	e9/l	A	280	242
b-leuk-pt	e9/l	N	319	278
b-leuk-pt		A	101	89
b-leuk-pt		N	115	94
b-leuk-vt	e9/l	A	465	271
b-leuk-vt	e9/l	H	430	394
b-leuk-vt	e9/l	L	21	21
b-leuk-vt	e9/l	N	656	615
b-leuk-vt		A	169	82
b-leuk-vt		N	202	75
b-leukdiffpikanäyte	e9/l	N	13	12
b-leukos		N	35	26
b-leukosyytit	e9/l	A	103801	28804
b-leukosyytit	e9/l	H	15742	4107
b-leukosyytit	e9/l	L	1957	489
b-leukosyytit	e9/l	N	34666	17242
b-leukosyytit		A	5291	2604
b-leukosyytit		AA	27	18
b-leukosyytit		N	7955	4421
b-leukosyytit,erittelylaskenta		N	2221	1329
b-leukosyytit,erittelylaskenta(ko)		N	88	56
b-leukosyytit,erittelylaskenta(mikrosk.)		N	2226	1506
b-leukosyytit,erittelylaskenta,koneellinen		N	180	160
b-leukosyytit,erittelylaskenta,mikroskooppi		N	17	11
b-leukosyytit,erittelylaskenta,mikroskopointi		N	16	15
b-leukosyytit,poc-tutkimus	e9/l	H	123	48
b-leukosyytit,poc-tutkimus	e9/l	N	319	116
b-leukosyytit,vieritutkimus		A	20	14
b-leukosyytit,vieritutkimus		N	18	15
b-leukosyytiterittelylaskenta(osatutkimus)		N	15	12
b-leukosyytiterittelylaskenta,koneellinen		N	82	65
b-leukosyyttienerittelylaskenta		N	10	9
b-leukosyyttienerittelylaskenta,(mikrosk.)		N	12	9
b-leukosyyttienerittelylaskenta,tarkistettumikroskoopissa		N	189	128
b-leukp	e9/l	H	2474	1729
b-leukp	e9/l	L	99	76
b-leukp	e9/l	N	893	174
b-leukp		H	14	13
b-leukppi	e9/l	H	12	12
b-leukpä	e9/l	H	53	44
b-leukpä	e9/l	N	51	40
b-leukvt	e9/l	H	116	78
b-leukvt	e9/l	L	7	7
b-leukvt	e9/l	N	207	138
b-leukvt		H	73	69
b-leukvt		L	17	17
b-leukvt		N	116	104
b-leupika	e9/l	A	55	53
b-liuskat	e9/l	A	6391	2798
b-lmark		N	75	71
b-lqty-d		N	13	13
b-lt	e9/l	A	65	38
b-lt	e9/l	H	70	41
b-lt	e9/l	L	26	17
b-lt	e9/l	N	671	348
b-ly	%	A	772	290
b-ly	%	H	1378	1045
b-ly	%	L	2033	1592
b-ly	%	N	2142	975
b-ly	e9/l	A	175000	43861
b-ly	e9/l	H	3972	2122
b-ly	e9/l	L	22657	9889
b-ly	e9/l	N	77139	34454
b-ly		A	11563	5751
b-ly		H	12161	4251
b-ly		L	89185	21500
b-ly		N	183493	41682
b-ly-s		N	44	26
b-lyabs		A	7	7
b-lyabs		N	75	68
b-lydiff		N	13	9
b-lydiff-t		N	733	416
b-lydikll		N	264	226
b-lym	%	A	807	369
b-lym	e9/l	A	767	308
b-lym		A	13	8
b-lymf	%	A	596	155
b-lymf	e9/l	A	54519	15321
b-lymf	e9/l	H	3325	1341
b-lymf	e9/l	L	13715	4900
b-lymf	e9/l	N	6128	3203
b-lymf		A	961	513
b-lymf		H	552	345
b-lymf		L	1603	992
b-lymf		N	7178	4463
b-lymf-m	%	A	61	31
b-lymf-m		A	6	6
b-lymfo	e9/l	A	10	10
b-lymfo		A	87	53
b-lymfos	e9/l	A	1050	579
b-lymfos		A	6583	2811
b-lymfosy	e9/l	H	221	182
b-lymfosy	e9/l	L	964	827
b-lymfosy		A	8	6
b-lymfosyytit	%	L	22	6
b-lymfosyytit	%	N	497	227
b-lymfosyytit	e9/l	A	11708	5094
b-lymfosyytit	e9/l	H	8	6
b-lymfosyytit	e9/l	L	185	128
b-lymfosyytit	e9/l	N	5188	3636
b-lymfosyytit		A	8	8
b-lymfosyytit		N	58	58
b-lymfosyytit(cd19)		N	14	12
b-lymfosyytit,3-osa	e9/l	H	29	26
b-lymfosyytit,3-osa	e9/l	L	286	238
b-lymfosyytit,3-osa	e9/l	N	1722	1513
b-lymfosyytit,abs	e9/l	H	138	98
b-lymfosyytit,abs	e9/l	L	405	344
b-lymfosyytit,abs	e9/l	N	2198	1939
b-lymfosyytit,absoluuttiset		N	14	11
b-lymfosyytit,auttajasolujenosuus	%	A	24	10
b-lymfosyytit,b-cd19-solut	e6/l	A	82	64
b-lymfosyytit,b-cd19-solut	e6/l	L	8	8
b-lymfosyytit,b-cd19-solut	e6/l	N	15	14
b-lymfosyytit,b-cd19-solut		A	105	55
b-lymfosyytit,b-cd19-solut		L	7	7
b-lymfosyytit,b-solujenmäärä	e9/l	A	18	9
b-lymfosyytit,lukumäärä	e9/l	H	57	25
b-lymfosyytit,lukumäärä	e9/l	L	48	25
b-lymfosyytit,lukumäärä		A	35	22
b-lymfosyytit,t-auttajasolujenmäärä	e9/l	A	27	14
b-lymfosyytit,t-auttajasolujenosuus	%	A	39	25
b-lymfosyytit,t-cd3-solut	e6/l	A	82	58
b-lymfosyytit,t-cd3-solut	e6/l	L	9	9
b-lymfosyytit,t-cd3-solut	e6/l	N	21	20
b-lymfosyytit,t-cd4-solut	e6/l	A	124	82
b-lymfosyytit,t-cd4-solut	e6/l	L	18	18
b-lymfosyytit,t-cd4-solut	e6/l	N	23	22
b-lymfosyytit,t-cd8-solut	e6/l	A	71	56
b-lymfosyytit,t-cd8-solut	e6/l	N	28	27
b-lymfosyytitsuhde	%	H	27	23
b-lymfosyytitsuhde	%	L	54	51
b-lymfosyytitsuhde	%	N	320	290
b-lymfosyyttienimmunofenotyypitys,suppea		N	240	163
b-lyp	%	H	22	21
b-lyp	%	L	18	18
b-lytbifn		N	377	339
b-lääk-hu		N	72	53
b-magnesium,kokoveren	mmol/l	N	9	9
b-mcv	fl	H	28	20
b-mcv	fl	L	35	23
b-mdc		N	16	13
b-melas-d		N	9	9
b-mito		N	12	12
b-mito,osatutkimus		N	29	26
b-mito.		N	2342	2162
b-mkexom		N	10	10
b-mksyn		A	9	9
b-mksyn		N	92	92
b-mkvan		N	150	150
b-mn	umol/l	N	325	259
b-mnckryo		N	8	7
b-modymut		N	7	7
b-molbiol		N	30	17
b-mon	e9/l	A	89	48
b-mon	e9/l	H	113	72
b-mon	e9/l	N	600	307
b-mono	%	A	625	299
b-mono	e9/l	A	9934	3405
b-mono	e9/l	H	713	280
b-mono	e9/l	L	16	11
b-mono	e9/l	N	10310	2266
b-mono		A	946	472
b-mono		H	23	17
b-mono		N	1792	396
b-monos	%	A	123	45
b-monos	%	H	3949	2926
b-monos	%	L	13	10
b-monos	%	N	1079	693
b-monos	e9/l	A	147690	47029
b-monos	e9/l	H	25774	13035
b-monos	e9/l	L	1930	1069
b-monos	e9/l	N	71454	33173
b-monos		A	15216	7545
b-monos		H	64287	20930
b-monos		L	6141	2558
b-monos		N	228838	50198
b-monosabs		N	78	70
b-monosyytit	%	N	54	47
b-monosyytit	e9/l	A	7892	3936
b-monosyytit	e9/l	H	71	56
b-monosyytit	e9/l	N	3299	2333
b-monosyytit		N	49	49
b-monosyytit,absoluuttiset	%	N	9	6
b-monosyytit,absoluuttiset		N	17	14
b-monosyytitabsoluuttinenmäärä		N	14	14
b-monosyytitsuhde	%	H	40	38
b-monosyytitsuhde	%	N	353	306
b-monosyytti	%	N	73	30
b-monosyytti	e9/l	N	73	30
b-morfo		A	30	30
b-morfo		N	677	637
b-mpadp	u	A	653	523
b-mpadp		A	12	12
b-mpadphs	u	A	65	57
b-mpaspi	u	A	50	47
b-multiplateadp		A	120	110
b-multiplateadp		N	30	30
b-muubat	%	N	35	30
b-muubat		N	44	40
b-muut	e9/l	N	3089	2107
b-mxa	ug/l	N	20	18
b-mxa		N	11	10
b-mxd	%	N	411	170
b-mxdp	%	H	45	38
b-mycobacteriumtuberculosis-herkistyneetsolut,gammainterferoni,eritys	iu/ml	A	13	12
b-mycobacteriumtuberculosis-herkistyneetsolut,gammainterferoni,eritys	iu/ml	N	312	295
b-mycobacteriumtuberculosis-herkistyneetsolut,gammainterferoni,eritys,igra,b-mycobacteriumtuberculosis-herkistyneetsolutb-mykobacteriumtuberkulosis-herkistyneetsolut	iu/ml	H	10	9
b-myelmut		N	269	235
b-myogl-v		A	74	44
b-na	mmol/l	A	23093	4736
b-na		A	3103	714
b-na(pika)	mmol/l	N	20	20
b-na-pt	mmol/l	A	128	102
b-na-pt	mmol/l	N	353	295
b-na-pt		A	29	24
b-na-pt		N	82	70
b-na-v	mmol/l	A	81	58
b-na-vt	mmol/l	L	35	27
b-na-vt	mmol/l	N	111	92
b-nakkrea(na,k,krea),vieritesti		N	13	13
b-napika	mmol/l	L	34	19
b-natrium	mmol/l	A	3600	1054
b-natrium	mmol/l	H	70	25
b-natrium	mmol/l	L	715	206
b-natrium	mmol/l	N	832	292
b-natrium,pikatesti,veri	mmol/l	A	40	36
b-neu	%	A	360	160
b-neu	e9/l	A	531	273
b-neut	%	A	496	265
b-neut	%	H	437	372
b-neut	%	L	1442	1069
b-neut	%	N	2789	1157
b-neut	e9/l	A	336771	74651
b-neut	e9/l	H	36741	14604
b-neut	e9/l	L	17587	4830
b-neut	e9/l	LL	587	266
b-neut	e9/l	N	105201	41188
b-neut		A	29880	11090
b-neut		H	84222	25585
b-neut		L	37988	7640
b-neut		LL	5905	1352
b-neut		N	419783	65053
b-neut(689b-neut),osatutkimus	e9/l	N	12	10
b-neut,osatutkimus(689b-neut)	e9/l	A	12	12
b-neut,osatutkimus(689b-neut)	e9/l	N	102	87
b-neut,osatutkimus(b-neut)	e9/l	A	11	10
b-neut,osatutkimus(b-neut)	e9/l	N	71	59
b-neutab	e9/l	H	9	8
b-neutabs	e9/l	A	558	155
b-neutabs		N	80	72
b-neutp	%	L	14	14
b-neutr	%	A	308	103
b-neutr	%	N	58	30
b-neutr	e9/l	A	1295	702
b-neutr	e9/l	N	104	87
b-neutr		A	3154	1630
b-neutrof	e9/l	A	440	173
b-neutrof	e9/l	H	1100	968
b-neutrof	e9/l	L	92	81
b-neutrof		A	23	19
b-neutrofiili,erillistutkimuksena	e9/l	A	8507	2431
b-neutrofiili,erillistutkimuksena	e9/l	N	18214	3564
b-neutrofiili,erillistutkimuksena		N	89	57
b-neutrofiilit	%	L	23	20
b-neutrofiilit	%	N	813	521
b-neutrofiilit	e9/l	A	14056	5487
b-neutrofiilit	e9/l	H	1107	657
b-neutrofiilit	e9/l	L	365	168
b-neutrofiilit	e9/l	LL	7	6
b-neutrofiilit	e9/l	N	9896	5792
b-neutrofiilit		A	332	163
b-neutrofiilit		N	204	143
b-neutrofiilit,3-osa	e9/l	H	268	249
b-neutrofiilit,3-osa	e9/l	L	22	17
b-neutrofiilit,3-osa	e9/l	N	1746	1513
b-neutrofiilit,absoluuttiset		N	18	14
b-neutrofiilit,b-diffiosatutkimus	e9/l	A	142	108
b-neutrofiilit,b-diffiosatutkimus	e9/l	N	338	230
b-neutrofiilit,b-diffiosatutkimus2225diffi	e9/l	N	29	25
b-neutrofiilit,diffinosatutkimus	e9/l	N	15	15
b-neutrofiilit,erillistutkimuksena	e9/l	A	257	150
b-neutrofiilit,erillistutkimuksena	e9/l	N	729	296
b-neutrofiilit,erillistutkimuksena		A	76	30
b-neutrofiilit,kiireellinentutkimus	e9/l	A	53	30
b-neutrofiilit,lukumäärä	e9/l	A	123	86
b-neutrofiilit,lukumäärä	e9/l	H	388	182
b-neutrofiilit,lukumäärä	e9/l	L	119	47
b-neutrofiilit,lukumäärä	e9/l	N	21	21
b-neutrofiilit-absact5diffillä	e9/l	N	178	80
b-neutrofiilitabsoluuttinenarvo	e9/l	A	34	18
b-neutrofiilitabsoluuttinenarvo	e9/l	N	98	69
b-neutrofiiliterillistutkimuksena	e9/l	A	108	39
b-neutrofiiliterillistutkimuksena	e9/l	N	269	104
b-neutrofiilitsuhde	%	N	8	8
b-neuvolanäytteetspr:lle		N	32	31
b-neuvspr		N	252	173
b-ngsmmt2		N	9	9
b-nil		N	2354	2174
b-nil,osatutkimus		N	29	26
b-niptdel�������		N	10	10
b-nipttri		N	350	323
b-nipttri���������		N	10	10
b-nk	e6/l	A	1392	727
b-nk	e6/l	L	10	9
b-nk	e6/l	N	479	287
b-nk	e9/l	A	216	124
b-nk		A	70	58
b-nk		H	6	6
b-nk		L	88	72
b-nk		N	750	444
b-nk,nk-solut	e9/l	A	21	17
b-nk,nk-solut	e9/l	N	67	52
b-non-invasiivinenprenataalitutkimus,seulonta		A	19	15
b-non-invasiivinenprenataalitutkimus,seulonta		N	142	141
b-nphs1-d		N	6	6
b-npm1-qr		N	18	7
b-nrbc		N	44	22
b-nsmb	%	N	15	15
b-ntprobnp	ng/l	A	798	384
b-ntprobnp		A	314	166
b-ohbuhoi	mmol/l	A	9	8
b-ohbuhoi		A	15	9
b-ohbutm	mmol/l	A	218	102
b-ohbutm	mmol/l	H	46	24
b-ohbutm	mmol/l	N	22	15
b-ohbutm		A	22	17
b-ohbutm		N	12	11
b-ohbutvt	mmol/l	A	43	26
b-ohbutyr	mmol/l	A	71	47
b-ohbutyr	mmol/l	N	6	6
b-ohbutyr		A	12	11
b-ohbutyr		N	7	6
b-pahanlaatuisenveritaudinimmunofenotyypitys		N	28	27
b-panel-l		N	77	74
b-panel-m		N	72	72
b-panel-s		N	538	531
b-paroksysmaalinennokturnaalinenhemoglobinuriatutkimusleukosyyteistä		N	7	7
b-paxgenp		N	96	40
b-pb	ug/l	N	17	14
b-pb	umol/l	A	17	16
b-pb	umol/l	H	50	36
b-pb	umol/l	N	36	25
b-pb		A	7	7
b-pb		N	57	55
b-pbnp-pt	ng/l	A	6	6
b-pco2	kpa	A	12569	3870
b-pco2		A	242	138
b-pcr-kim		N	231	64
b-pdc		N	16	13
b-perklet	umol/l	N	20	17
b-perklet		N	24	23
b-perusverenkuva		N	1162	818
b-perusverenkuva(leuk,eryt,hb,trom,indeksit)		N	34	30
b-perusverenkuva+trombosyytit		N	15852	6382
b-perusverenkuva,leukosyyttienerittelylaskenta,koneellinen		N	24	21
b-perusverenkuva,paketti(erytrosyytit,hb,hematokriitti,mcv,mch,mchc,leukosyytit)		N	27	26
b-perusverenkuva,trombosyytitjakonediffi		N	24	24
b-perusverenkuva,trombosyytitjaneutrofiilit		N	11	11
b-perusverenkuvajatrombosyytit	form	N	17	10
b-perusverenkuvajatrombosyytit		N	2657	1846
b-perusverenkuvajatrombosyytit(lks),osatutkimus		N	179	80
b-perusverenkuvajatrombosyytit,osatutk.		N	2730	1230
b-perusverenkuvajatrombosyytit,paketti	form	N	7	7
b-perusverenkuvajatrombosyytit,paketti		N	43	41
b-peruverenkuva,trombosyytitjaeosinofiinit		N	9	9
b-peth	umol/l	A	4106	2396
b-peth	umol/l	H	4310	2543
b-peth	umol/l	N	3542	2706
b-peth		A	785	523
b-peth		H	263	178
b-peth		N	7405	5496
b-peth,fosfatidyylietanoli	umol/l	A	14	12
b-peth,fosfatidyylietanoli	umol/l	N	33	28
b-peth,fosfatidyylietanoli		N	53	52
b-pgx-d		N	1448	1401
b-ph	ph	A	13150	4881
b-ph		A	1393	597
b-pikacrp	mg/l	H	2123	921
b-pikacrp	mg/l	N	582	382
b-pikacrp		H	28	26
b-pikacrp		N	1200	715
b-plas-o	ml/min/173m2	A	20	15
b-plas-o	ml/min/173m2	N	33	32
b-plas-o		N	132	66
b-pnh-la		N	153	122
b-po2	kpa	A	27366	7803
b-po2		A	521	295
b-pporf	nmol/l	A	27	7
b-probnp	ng/l	A	842	317
b-probnp	ng/l	N	297	204
b-probnp		A	36	25
b-probnp		N	99	81
b-probnp-o	ng/l	H	13	12
b-probnp-o	ng/l	N	59	43
b-probnp-o		A	14	8
b-probnp-o		N	9	7
b-probnpo	ng/l	A	28	25
b-protrombiinigeeni,dna-tutkimus		N	12	11
b-pseudtr		N	72	65
b-pvk	%	H	51	39
b-pvk	%	N	59	47
b-pvk	e12/l	H	8	7
b-pvk	e9/l	H	24	17
b-pvk	fl	H	8	6
b-pvk	fl	L	6	6
b-pvk	form	N	6	6
b-pvk	g/l	H	13	11
b-pvk	g/l	L	10	7
b-pvk	paketti	N	765	171
b-pvk		A	22	15
b-pvk		N	27803	6924
b-pvk(pi)		N	984	589
b-pvk+t	%	A	13	12
b-pvk+t	%	H	238	154
b-pvk+t	%	L	191	121
b-pvk+t	%	N	538	363
b-pvk+t	%l	H	7	7
b-pvk+t	%l	L	25	19
b-pvk+t	e9/l	H	366	214
b-pvk+t	e9/l	L	86	56
b-pvk+t	e9/l	N	1965	1412
b-pvk+t	form	N	304	213
b-pvk+t	g/l	H	43	36
b-pvk+t	g/l	L	166	119
b-pvk+t	g/l	N	30	18
b-pvk+t	paketti	N	269	242
b-pvk+t	pg	H	285	110
b-pvk+t	pg	L	47	29
b-pvk+t	pg	N	398	286
b-pvk+t		A	51172	7965
b-pvk+t		L	15	15
b-pvk+t		N	245461	89182
b-pvk+t+e		N	85	83
b-pvk+t+n		N	211	28
b-pvk+t+r		N	172	157
b-pvk+t,osatutkimus		N	840	269
b-pvk+t,osatutkimus2474		N	542	170
b-pvk+tkd	%	L	28	28
b-pvk+tkd		A	14	12
b-pvk+tkd		N	4917	3323
b-pvk+tkd,baso	%	H	290	107
b-pvk+tkd,baso	%	N	4097	557
b-pvk+tkd,baso	e9/l	H	127	47
b-pvk+tkd,baso	e9/l	N	4218	570
b-pvk+tkd,eo	%	H	389	124
b-pvk+tkd,eo	%	L	873	208
b-pvk+tkd,eo	%	N	3127	509
b-pvk+tkd,eo	e9/l	H	382	119
b-pvk+tkd,eo	e9/l	L	292	44
b-pvk+tkd,eo	e9/l	N	3681	547
b-pvk+tkd,eryt	e12/l	H	127	40
b-pvk+tkd,eryt	e12/l	L	917	143
b-pvk+tkd,eryt	e12/l	N	3388	542
b-pvk+tkd,hb	g/l	H	137	42
b-pvk+tkd,hb	g/l	L	1176	144
b-pvk+tkd,hb	g/l	N	3118	540
b-pvk+tkd,hkr	osuus	H	116	29
b-pvk+tkd,hkr	osuus	L	918	136
b-pvk+tkd,hkr	osuus	N	3396	550
b-pvk+tkd,leuk	e9/l	H	1088	223
b-pvk+tkd,leuk	e9/l	L	47	18
b-pvk+tkd,leuk	e9/l	N	2255	452
b-pvk+tkd,leuk		H	270	104
b-pvk+tkd,leuk		L	11	10
b-pvk+tkd,leuk		N	770	269
b-pvk+tkd,lymph	%	H	79	40
b-pvk+tkd,lymph	%	L	788	196
b-pvk+tkd,lymph	%	N	3535	532
b-pvk+tkd,lymph	e9/l	H	203	61
b-pvk+tkd,lymph	e9/l	L	662	157
b-pvk+tkd,lymph	e9/l	N	3501	535
b-pvk+tkd,lymph		L	9	6
b-pvk+tkd,mch	pg	H	158	43
b-pvk+tkd,mch	pg	L	265	52
b-pvk+tkd,mch	pg	N	4004	557
b-pvk+tkd,mchc	g/l	H	163	84
b-pvk+tkd,mchc	g/l	L	608	90
b-pvk+tkd,mchc	g/l	N	3651	549
b-pvk+tkd,mcv	fl	H	189	34
b-pvk+tkd,mcv	fl	L	231	66
b-pvk+tkd,mcv	fl	N	4012	549
b-pvk+tkd,mono	%	H	716	189
b-pvk+tkd,mono	%	L	41	30
b-pvk+tkd,mono	%	N	3640	532
b-pvk+tkd,mono	e9/l	H	1187	229
b-pvk+tkd,mono	e9/l	L	10	8
b-pvk+tkd,mono	e9/l	N	3167	523
b-pvk+tkd,neut	%	H	611	177
b-pvk+tkd,neut	%	L	112	55
b-pvk+tkd,neut	%	N	3684	540
b-pvk+tkd,neut	e9/l	H	733	174
b-pvk+tkd,neut	e9/l	L	106	48
b-pvk+tkd,neut	e9/l	N	3534	542
b-pvk+tkd,rdw	%	H	1301	158
b-pvk+tkd,rdw	%	N	2996	530
b-pvk+tkd,rdw		H	7	7
b-pvk+tkd,trom	eg/l	H	520	112
b-pvk+tkd,trom	eg/l	L	282	64
b-pvk+tkd,trom	eg/l	N	3608	543
b-pvk+tmd	%	H	12	10
b-pvk+tmd	%	L	8	8
b-pvk+tmd		N	5009	2595
b-pvkt		A	46	25
b-pyruv	umol/l	A	228	166
b-pyruv	umol/l	H	24	18
b-pyruv		A	6	6
b-qr-crp	mg/l	H	28	25
b-raskaudenaikainenbiopankkinäyte		N	7	7
b-raskaudenaikainendna-biopankkinäyte		N	7	7
b-rchr	pg	A	7	7
b-rdw	%	N	788	683
b-rdw		A	22	19
b-ret-d		N	7	7
b-rethe	pg	A	1401	672
b-rethe	pg	N	162	146
b-rethe		A	106	95
b-rethe		N	16	14
b-retik	%	N	33	25
b-retik	e9/l	A	13696	5669
b-retik	e9/l	H	1930	1060
b-retik	e9/l	L	276	162
b-retik	e9/l	N	4022	2917
b-retik		A	811	496
b-retik		H	3909	1776
b-retik		L	981	565
b-retik		N	17558	9092
b-retikulos.hb-ekvivalentti	pg	A	474	210
b-retikulosyytit	e9/l	A	421	243
b-retikulosyytit	e9/l	H	50	47
b-retikulosyytit	e9/l	N	417	380
b-retikulosyytit,perusverenkuvajatrombosyytit		N	77	72
b-retind	osuus	N	121	108
b-retind		N	62	53
b-retlnd	osuus	N	70	58
b-retlnd		N	26	18
b-rhce-c		A	6	6
b-rhce-e		A	6	6
b-rhd-d		A	6	6
b-ristaus		N	2799	1415
b-ristoh	auc	A	8	8
b-rotem		N	47	41
b-rte-abs		N	11	11
b-saurnho		A	8	6
b-sekvy-d		N	417	413
b-seleenikokoveren	umol/l	N	8	8
b-sferos		N	8	7
b-shba1c	mmol/mol	A	6	6
b-sienvi		N	29	17
b-sikiönrhd-veriryhmäsuojaustavarten		A	37	35
b-sikiönrhd-veriryhmäsuojaustavarten		N	23	23
b-sikiörh		A	717	601
b-sikiörh		N	647	574
b-sikiörh-veriryhmäsuojaustavarten		N	8	8
b-siroms	ug/l	N	847	63
b-siroms		N	38	17
b-slco1b1		N	148	148
b-smb	%	N	15	15
b-smb-fc		N	29	23
b-solujenosuus	%	A	475	254
b-solujenosuus	%	N	237	156
b-soluvi		N	11	11
b-sopnäyt		N	293	136
b-sr	mm/h	N	17	16
b-staphylococcusaureus		A	27	22
b-staphylococcusepidermidis		A	7	7
b-streck		N	89	29
b-strenho		A	6	6
b-streptococcussp.		A	18	16
b-suuretvärjäytymättömätsolut	e9/l	N	169	152
b-t-cd3	e6/l	A	410	236
b-t-cd3	e9/l	A	377	206
b-t-cd3	e9/l	H	15	13
b-t-cd3	e9/l	L	10	9
b-t-cd3		A	45	37
b-t-cd3		H	42	34
b-t-cd3		L	102	82
b-t-cd3		N	698	404
b-t-cd3,t-solut	e9/l	A	26	22
b-t-cd3,t-solut	e9/l	H	8	6
b-t-cd3,t-solut	e9/l	L	7	6
b-t-cd3,t-solut	e9/l	N	62	49
b-t-cd4	e6/l	A	662	318
b-t-cd4	e9/l	A	1314	606
b-t-cd4	e9/l	H	8	8
b-t-cd4	e9/l	L	52	18
b-t-cd4		A	119	90
b-t-cd4		H	73	61
b-t-cd4		L	486	281
b-t-cd4		N	1385	935
b-t-cd4,t-auttajasolut	e9/l	A	74	54
b-t-cd4,t-auttajasolut	e9/l	H	9	7
b-t-cd4,t-auttajasolut	e9/l	N	159	123
b-t-cd8	e6/l	A	373	231
b-t-cd8	e9/l	A	332	193
b-t-cd8	e9/l	H	20	14
b-t-cd8		A	54	43
b-t-cd8		H	59	48
b-t-cd8		L	87	78
b-t-cd8		N	708	406
b-t-cd8,t-estäjäsolut	e9/l	A	25	19
b-t-cd8,t-estäjäsolut	e9/l	L	7	6
b-t-cd8,t-estäjäsolut	e9/l	N	63	52
b-t-dnt	%	N	11	11
b-t-dp	%	N	11	11
b-tab	%	N	11	11
b-tacro	ug/l	A	3031	554
b-tacro	ug/l	H	38	18
b-tacro	ug/l	L	255	33
b-tacro	ug/l	N	1955	238
b-tacro		A	541	248
b-tacro		L	13	6
b-tacro		N	12	10
b-tacrolimus	ug/l	L	11	6
b-tacrolimus	ug/l	N	35	9
b-tacroms	ug/l	N	27596	1343
b-tacroms		N	475	292
b-takt	%	N	11	11
b-tb1	iu/ml	A	10	9
b-tb1		N	2355	2175
b-tb1,osatutkimus		N	65	61
b-tb2	iu/ml	A	10	10
b-tb2		N	2355	2175
b-tb2,osatutkimus		N	65	61
b-tbevi		N	115	72
b-tbifng	iu/l	A	12	10
b-tbifng	iu/ml	A	108	96
b-tbifng	iu/ml	H	32	27
b-tbifng	iu/ml	N	20	19
b-tbifng		A	156	140
b-tbifng		H	93	85
b-tbifng		N	2631	2448
b-tcr-d		N	26	21
b-tcrg-d		N	66	56
b-tdif-fc		N	38	32
b-tem		N	506	330
b-tem-he		N	54	46
b-tgd	%	N	11	11
b-thb	g/l	A	5797	2620
b-thb		A	7	7
b-ti	ug/l	A	299	218
b-ti		A	138	108
b-ti		N	140	137
b-tmuisti	%	N	11	11
b-tnaiv	%	N	11	11
b-tnaiva		N	11	11
b-tni-vt	ug/l	A	11	8
b-tnipika	ug/l	A	9	9
b-tnt	ng/l	A	11	9
b-tnt	ng/l	H	17	11
b-tnt	ng/l	HH	30	14
b-tnt	ng/l	N	25	21
b-tnt		A	81	47
b-tnt		N	402	247
b-tnt-hy	ng/l	A	32	29
b-tnt-o	form	N	31	18
b-tnt-o	ng/l	A	313	220
b-tnt-o	ng/l	H	11	9
b-tnt-o	ng/l	N	75	60
b-tnt-o		A	172	123
b-tnt-o		N	2467	1423
b-tnt-pt	ng/l	A	69	46
b-tnt-pt	ng/l	N	17	16
b-tnt-pt		A	31	20
b-tnt-pt		N	323	279
b-tnt-vt	ng/l	A	56	34
b-tnt-vt	ng/l	H	12	11
b-tnt-vt	ng/l	N	16	16
b-tnt-vt		A	34	21
b-tnt-vt		N	801	770
b-tntp	ng/l	H	37	36
b-tp53-d		N	110	104
b-tpmt-d		N	39	38
b-trap	auc	A	8	8
b-trap		H	25	12
b-trap		L	176	43
b-trap		N	138	48
b-trfupfa		N	181	156
b-trimatp		N	288	287
b-trmulti		N	301	55
b-trom	%	H	14	11
b-trom	dalmed	N	16	13
b-trom	e9/l	A	1363063	152520
b-trom	e9/l	AA	113	55
b-trom	e9/l	H	174780	47952
b-trom	e9/l	HH	531	153
b-trom	e9/l	L	92775	21758
b-trom	e9/l	LL	3978	633
b-trom	e9/l	N	843270	228700
b-trom		A	139256	34655
b-trom		AA	19	18
b-trom		H	224796	36684
b-trom		L	189294	25672
b-trom		LL	11685	1262
b-trom		N	1313549	149036
b-trom-s	e9/l	A	29	9
b-trom-s		N	8	6
b-tromb	e9/l	A	14035	3450
b-tromb	e9/l	H	24163	6222
b-tromb	e9/l	HH	227	106
b-tromb	e9/l	L	13932	3031
b-tromb	e9/l	LL	1381	320
b-tromb	e9/l	N	12787	2484
b-tromb		A	17	16
b-tromb		H	7204	2631
b-tromb		HH	63	41
b-tromb		L	3724	1324
b-tromb		LL	331	98
b-tromb		N	255	146
b-tromboplastiiniaika,pikamittaus,inr		A	22	22
b-trombos	e9/l	A	153	84
b-trombos	e9/l	H	126	55
b-trombos	e9/l	L	81	35
b-trombos	e9/l	N	1387	492
b-trombosyytit	e/l	H	8	6
b-trombosyytit	e9/l	A	46595	11364
b-trombosyytit	e9/l	H	9169	3168
b-trombosyytit	e9/l	L	7677	2205
b-trombosyytit	e9/l	LL	88	36
b-trombosyytit	e9/l	N	56726	26345
b-trombosyytit		A	900	574
b-trombosyytit		H	17	8
b-trombosyytit		N	6935	3714
b-trombosyytit,poc-tutkimus	e9/l	H	25	13
b-trombosyytit,poc-tutkimus	e9/l	L	28	9
b-trombosyytit,poc-tutkimus	e9/l	N	395	126
b-trombosyytit,vieritutkimus	e9/l	A	8	7
b-trombosyytit-pvk:nosana	e9/l	A	22	17
b-trombosyytit-pvk:nosana	e9/l	N	315	225
b-trombot		N	19	19
b-tromp	e9/l	H	99	38
b-tromp	e9/l	L	58	18
b-tromp	e9/l	N	1133	183
b-tromsit	e9/l	A	60	28
b-troponiinit(kval)	ng/l	N	11	6
b-troponiinit(kval)		A	9	8
b-troponiinit(kval)		N	102	92
b-troponin-t,kvantitatiivinen-oma		N	16	14
b-trveadp	pru	A	39	35
b-trveadp		H	10	10
b-trveadp		N	275	242
b-trveasa	au	A	36	32
b-trveasa		H	15	12
b-trveasa		N	119	103
b-tt-inrv		A	915	161
b-tvk	%	H	12	9
b-tvk	%	N	100	87
b-tvk	e9/l	A	11	11
b-tvk	e9/l	N	213	198
b-tvk	form	N	10	9
b-tvk	paketti	N	23	21
b-tvk		A	23	14
b-tvk		N	23676	12192
b-tvk+r		N	36	34
b-täydellinenverenkuva		N	135	104
b-täydellinenverenkuva(hb,mcv/hkr,erytrosyytit,leukosyytit,trombosyytit,leukosyyttieneritte	form	N	27	23
b-täydellinenverenkuva(hb,mcv/hkr,erytrosyytit,leukosyytit,trombosyytit,leukosyyttieneritte		N	11	11
b-täydellinenverenkuva(pi)		N	225	164
b-vakuly		N	6	6
b-vara		N	87	69
b-varfa-d		N	127	127
b-vasp		N	23	23
b-vasseu1		N	61	59
b-ven.sec		N	105	19
b-verensokeripikatesti		N	95	79
b-verensopivuuskoe		N	301	130
b-verensopivuuskoe,osatutk.		N	26	13
b-veriryhmävasta-aineet,raskaudenaikaiset		N	73	58
b-veriryhmävasta-aineet,raskaudenaikaiset(äidinnäyte)		N	182	139
b-veriryhmävasta-aineet,seulonta		N	7	6
b-veriryhmävasta-aineet,tunnistus		N	9	7
b-vervi1		A	14	9
b-vervi2		A	9	7
b-vpenbat	%	N	10	10
b-vrab-gr		N	6740	4553
b-vrabgrs		N	316	213
b-vrabtu		A	64	38
b-vrabtu		N	64	30
b-vrabtu1		N	2356	1431
b-vrabtu5		N	655	375
b-vrabtup		N	10	9
b-vrisägr		N	8	8
b-vthba1c	mmol/mol	A	1107	335
b-xkoe		N	81673	40090
b-xkompl		N	33	33
b-ykrom-d		N	34	34
b-zn	umol/l	N	319	256
b1-vitentsyymiaktiivisuus		N	307	250
b12-vitamiini	pmol/l	A	76	72
b12-vitamiini	pmol/l	N	169	162
b12-vitamiini,seerumi		N	7	7
b12-vitamiini,transkobalamiiniii:eens	pmol/l	N	50	48
b12-vitamiini,transkobalamiiniii:eens		N	22	22
b12-vitamiini,transkobalamiiniii:eensit.,seerumista		N	12	11
b2-vitamiini	nmol/l	N	7	7
b2-vitentsyymiaktiivisuus		N	310	254
b3-vitamiini(niasiini)	umol/l	A	11	9
b3-vitamiini(niasiini)	umol/l	N	90	77
b5-vitamiini(pantoteenihappo)	umol/l	A	37	31
b5-vitamiini(pantoteenihappo)	umol/l	N	45	44
b6-vitentsyymiaktiivisuus		N	334	263
bakt.vilj.,virtsasta		A	16	7
bakt.vilj.,virtsasta		N	62	36
bakteeri,jatkoviljely		A	27	9
bakteeri,jatkoviljely		N	25	23
bakteeri,jatkoviljely,ulosteesta		A	15	15
bakteeri,jatkoviljely,veriviljelynäytteestä		A	26	15
bakteeri,jatkoviljelyvirtsastakäytössä		A	148	111
bakteeri,maljaviljely,virtsasta		A	111	92
bakteeri,nukleiinihaponosoittaminen(kval)		A	47	36
bakteeri,seulontavirtsasta		N	187	140
bakteeri,viljely		A	8	6
bakteeri,viljely		N	67	64
bakteeri,viljely(1:aerobitjaanaerobitsyvänäytteestä),märkäeritteestä		A	53	31
bakteeri,viljely(aerobiviljely,pintamärkä)		A	18	18
bakteeri,viljely,virtsasta		N	16	14
bakteeri,viljely,ysköksestä		A	63	38
bakteeri,viljely-janukleiinihappo(kval)ulosteesta		N	21	21
bakteeri,viljely1(salmonella,shigella,yersinia		N	30	28
bakteeri,viljely1(salmonella,shigella,yersinia,campylobacter)		N	11	11
bakteeri,viljely1,syvämärkänäyte(anaerobi+aerobi)		A	252	167
bakteeri,viljely2,pinnallinenmärkänäyte(aerobi)		A	240	176
bakteeri,viljelyvirtsasta		N	13	13
bakteeri,värjäys		A	17	14
bakteeri,värjäyslikvorista		N	12	11
bakteerienjatkoviljelyvirtsasta		N	31	17
bakteeripatogeenit,nukleiinihaponosoitus(pcr),ulosteesta		N	35	19
bakteerit		N	1091	872
bakteerit,jatkoviljely,uloste		N	7	7
bakteerit,nukleiinihappo(kval),uloste		N	16	16
bakteerit,nukleiinihappo(kval),uloste(23458f-baktnho))		N	6	6
bakteerit,virt(paketti)		N	8	7
bakteerit,virtsa		N	34	27
bakteerit,virtsasta,partikkelinlaskijalla,osatutk.		A	37	30
bakteerit,virtsasta,uf5000		N	20	15
bakteeritosatutkimus		A	25	15
bakteeritosatutkimus		N	46	36
bakteeritvirtsasta		A	225	216
bakteeriulosteviljelyjanho		A	49	49
bakteeriulosteviljelyjanho		N	136	135
bakteerivaginoosi,nukleiinihappo		N	62	57
bakteeriviljelyjanukleiinihappo(kval)ulosteesta		N	22	21
bakteerivärjäys		N	57	51
baktnho		A	25	25
baktvr		A	12	10
baso	%	A	4707	2257
baso	%	H	231	130
baso	%	N	9533	1817
baso	e9/l	A	223	109
baso		A	3299	1420
baso		H	11	9
baso		N	34	29
basof	%	H	1523	1325
basof		A	15	12
basofiilienabs.määrä	e9/l	N	178	80
basofiilisetleukosyytit	%	N	74	61
basofiilisetleukosyytit	e9/l	N	75	61
basofiilisetleukosyytit(b-baso)	e9/l	N	61	53
basofiilisetleukosyytit,absoluuttiset/tvk		N	9	6
basofiilisetleukosyytitosatutk2225diffi	%	A	7	7
basofiilisetleukosyytitosatutk2225diffi	%	N	26	22
basofiilisetleukosyytitosatutk2225diffi	e9/l	N	31	26
basofiilit	%	A	202	153
basofiilit	%	H	677	406
basofiilit	%	N	14630	6886
basofiilit	e9/l	N	17	17
basofiilit		N	20	12
basofiilit,5-osa	%	H	823	757
basofiilit,5-osa	%	N	3519	3103
basofiilit,absol.arvot	e9/l	A	264	172
basofiilit,absol.arvot	e9/l	H	585	397
basofiilit,absol.arvot	e9/l	L	149	105
basofiilit,absol.arvot	e9/l	N	13626	6703
basofiilit,absol.arvot		N	16	14
basofiilit,absol.arvot(40b-baso),osatutkimus	e9/l	N	14	10
basofiilit,absol.arvot,osatutkimus(40b-baso)	e9/l	N	111	92
basofiilit,absol.arvot,osatutkimus(b-baso)	e9/l	N	78	66
basofiilit,absol.määrä	e9/l	N	23	18
basofiilit,absoluuttiset	e9/l	N	145	96
basofiilit,konediffi(),osatutk.b-diffi	%	H	228	77
basofiilit,osatutkimus(692l-baso)	%	N	124	100
basofiilit,osatutkimus(9112l-baso)	%	N	6	6
basofiilit,osatutkimus(l-baso)	%	N	78	66
basofiilit-osuus	%	A	169	153
basofiilit-osuus	%	H	55	53
basofiilit-osuus	%	N	971	848
basofiilit-osuus(diffi)	%	A	24	18
basofiilit-osuus(diffi)	%	N	173	135
basofiilitosuus	%	H	2150	1854
basofiilitosuus	%	N	2212	1860
bb-pcr		N	23	23
beeta-1	g/l	A	133	37
beeta-1-globuliini	g/l	N	11	10
beeta-1-globuliini,fraktio,seerumi	g/l	N	14	12
beeta-2	g/l	A	62	41
beeta-2-globuliini	g/l	N	11	10
beeta-2-globuliini,fraktio,seerumi	g/l	N	12	10
beeta-2-glykoproteiini,igmvasta-aineet,plasma	u/ml	A	11	8
beeta-hydroksibutyraatti	mmol/l	A	11	7
beeta2-glykoproteiini-1-iggvasta-aine	u/ml	N	8	7
bentsidiatsepiini		N	8	8
beta-1-globuliini,seerumi,elektroforeesifraktio	g/l	N	8	8
beta-2-globuliini,seerumi,elektroforeesifraktio	g/l	N	10	7
beta-ketoaine	g/l	N	6	6
beta1-glob	g/l	A	896	239
beta1-glob	g/l	N	26	18
beta1-glob		A	88	32
beta1-globuliini,seerumi,elektroforeesifraktio,osatutk.2522	g/l	A	31	15
beta2-glob	g/l	A	470	240
beta2-glob	g/l	N	28	18
beta2-glob		A	51	37
beta2-globuliini,seerumi,elektroforeesifraktio,osatutk.2522	g/l	A	29	11
bf-bronkuseritteenirtosolututkimus		A	9	9
bf-syto		A	34	30
bf-syto		AA	213	193
bf-syto		N	380	360
bi-inflamm		N	233	171
bikarbonaatti(aktuaali),kapi	mmol/l	A	285	217
bikarbonaatti(aktuaali),kapi	mmol/l	H	975	366
bikarbonaatti(aktuaali),kapi	mmol/l	L	641	315
bikarbonaatti(aktuaali),kapi	mmol/l	N	1281	814
bikarbonaatti(aktuaali),kapillaariveri	mmol/l	A	666	347
bikarbonaatti(aktuaali),kapillaariveri	mmol/l	H	98	47
bikarbonaatti(aktuaali),kapillaariveri	mmol/l	L	163	79
bikarbonaatti(aktuaali),kapillaariveri	mmol/l	N	14	13
bikarbonaatti(aktuaali),lask	mmol/l	A	47	42
bikarbonaatti(aktuaali),lask	mmol/l	N	97	71
bikarbonaatti(aktuaali),laskimoveri	mmol/l	A	1167	753
bikarbonaatti(aktuaali),laskimoveri	mmol/l	L	33	10
bikarbonaatti(aktuaali),valt	mmol/l	A	309	160
bikarbonaatti(aktuaali),valt	mmol/l	N	276	139
bikarbonaatti(aktuaali),valtimoveri	mmol/l	A	351	210
bikarbonaatti(aktuaali),valtimoveri	mmol/l	H	89	48
bikarbonaatti(aktuaali),valtimoveri	mmol/l	L	22	19
bilirubiini	umol/l	A	15	14
bilirubiini	umol/l	H	158	90
bilirubiini	umol/l	L	203	169
bilirubiini	umol/l	N	1722	1335
bilirubiini		L	8	8
bilirubiini		N	28	17
bilirubiini,plasmasta	umol/l	N	15	9
bilirubiinikonjugaatit	umol/l	H	13	10
bilirubiinikonjugaatit	umol/l	N	20	14
bk-virus,nukleiinihappo		A	36	8
bk-virus,nukleiinihappo		AA	10	7
bk-virus,nukleiinihappo(kvant)		A	39	7
bkvnh		A	117	20
bl-bakteeri,viljely,bal-näyte		A	14	14
bl-bal		N	17	17
bl-bal-1		AA	13	13
bl-bal-1		N	705	456
bl-bal-2		N	12	12
bl-eos		A	7	7
bl-prot	mg/l	N	8	8
bla	%	A	240	78
bla		A	151	31
blasti	%	A	66	20
blasti		N	39	19
blastit	%	A	36	26
blastit	%	H	137	55
blastit	%	N	799	414
blastit		N	1012	682
blastit,osuusleukosyyteistä	%	H	81	22
blastit,osuusleukosyyteistä	%	HH	23	6
blastocystishominis,nukleiinihappo		A	20	19
blastocystishominis,nukleiinihappo		N	95	91
bm-aso2-qd		N	91	19
bm-asoal-d		N	11	11
bm-aspirnä		N	23	16
bm-bcr-qr		N	12	7
bm-bpvalm		N	60	37
bm-cd34	%	N	19	11
bm-cd34-ks		N	18	11
bm-eryt		N	38	12
bm-fip1l1		N	6	6
bm-fish		N	241	205
bm-fishvar		N	61	58
bm-flt3-d		N	18	18
bm-fuus-mr		N	53	51
bm-hb	g/l	N	38	12
bm-hemfuus		N	46	44
bm-hkr	%	N	38	12
bm-keräys		N	6	6
bm-kit-d		N	7	7
bm-kll-res		N	23	16
bm-kromos		A	34	30
bm-kromos		N	839	766
bm-lcd34		N	19	11
bm-lmark-h		N	256	210
bm-luuydintutkimus,aspiraatio,lausunto		N	105	68
bm-luuydintutkimus,biopsia,lausunto		N	69	68
bm-luuytimenhistologinentutkimus		A	48	42
bm-lydikll		N	165	148
bm-mgg		N	21	17
bm-mggfe		A	106	80
bm-mggfe		N	2120	1301
bm-mm-ift		N	247	221
bm-molbiol		N	153	47
bm-mrd-all		N	119	25
bm-mrdmut		N	138	30
bm-myelmut		N	332	289
bm-notto		N	19	19
bm-npm1-qr		N	70	12
bm-näyte		N	37	26
bm-näyte-e		N	20	14
bm-pad		A	63	57
bm-pad		AA	674	607
bm-pad		N	952	825
bm-pahanlaatuisenveritaudinimmunofenotyypitys		N	61	57
bm-pahanlaatuisenveritaudinimmunofenotyyppinenjäännöstautianalyysi		N	72	36
bm-pcr-kim		N	21	8
bm-resid		N	118	39
bm-soluvi		A	6	6
bm-tbevi		N	18	18
bm-tcr-d		N	7	7
bm-tcrg-d		N	251	238
bm-trom		N	38	12
bm-tumsol		N	38	12
bm-vgh-ml		N	30	26
bmind	kg/m2	H	1594	1520
bmind	kg/m2	L	13	13
bo-pad		AA	11	11
bo-pad		N	47	47
bo-pad-4		AA	67	60
bo-pad-4		N	25	25
bor-it-abg	index	A	29	25
bor-it-abm	index	A	17	14
bordetellaparapertussis,nukleiinihappo(kval)		N	42	38
borrelia,iggvasta-aineet		N	13	12
borrelia,iggvasta-aineet,seerumista		A	32	20
borrelia,igmvasta-aineet		N	13	12
borrelia,igmvasta-aineet,seerumista		A	23	13
borrelia,vasta-aineet		N	26	24
borreliaburgdorferi,jatkotutk.		N	19	19
borreliaburgdorferi,vasta-aineet(lyme,vasta-aineet),seerumista		N	7	7
borreliaigg,varmistus,seerumista	au/ml	A	31	24
borreliaigm,varmistus,seerumista	au/ml	A	31	20
borreliavasta-aineg		N	7	7
borrelioosivasta-ainem		N	7	7
botnia		N	873	802
bparanho		N	6	6
br-pad-4		A	225	217
br-pad-4		AA	996	912
br-pad-4		N	149	143
br-rinnanhistologinentutkimus,laajaleikkauspreparaatti		A	100	92
braf-mutaatiotesti		N	6	6
brdil		N	15	14
buprenorfiini		N	83	66
buprenorfiini(kval)		N	45	38
c-anca	titre	A	6	6
c-anca		A	17	7
c-ancapika		A	7	7
c-pepta	nmol/l	A	10	8
c-peptidi,proinsuliinin,aterianjälkeinen	nmol/l	A	31	31
c-peptidi,proinsuliinin,paastoaikainen	nmol/l	N	11	11
c-peptidi,proinsuliinin,paastonaikainen	nmol/l	A	17	15
c-reakt.prot,oma		N	9	8
c-reaktiivinenherkkä	mg/l	A	36	31
c-reaktiivinenherkkä	mg/l	N	58	56
c-reaktiivinenproteiini	mg/l	A	34	24
c-reaktiivinenproteiini	mg/l	H	7354	3129
c-reaktiivinenproteiini	mg/l	N	575	498
c-reaktiivinenproteiini		H	17	16
c-reaktiivinenproteiini		N	4743	3556
c-reaktiivinenproteiini(4594p-crp)	mg/l	A	41	31
c-reaktiivinenproteiini(4594p-crp)	mg/l	N	102	92
c-reaktiivinenproteiini(4594p-crp)		N	74	71
c-reaktiivinenproteiini(crp)	mg/l	A	76	64
c-reaktiivinenproteiini(crp)	mg/l	N	305	259
c-reaktiivinenproteiini(crp)		N	248	215
c-reaktiivinenproteiini(kval)	mg/l	A	8	7
c-reaktiivinenproteiini(kval)	mg/l	N	9	9
c-reaktiivinenproteiini(kval)		N	16	16
c-reaktiivinenproteiini(p-crp)	mg/l	A	90	71
c-reaktiivinenproteiini(p-crp)	mg/l	N	410	319
c-reaktiivinenproteiini(p-crp)		N	260	211
c-reaktiivinenproteiini,herkkä	mg/l	N	243	170
c-reaktiivinenproteiini,herkkä		N	15	15
c-reaktiivinenproteiini,herkkä,seerumista	mg/l	A	9	8
c-reaktiivinenproteiini,herkkä,seerumista	mg/l	H	644	605
c-reaktiivinenproteiini,herkkä,seerumista	mg/l	N	6712	5693
c-reaktiivinenproteiini,herkkä,seerumista		N	10	10
c-reaktiivinenproteiini,pika,tehdäänitse	mg/l	N	26	25
c-reaktiivinenproteiini,pika,tehdäänitse		N	26	24
c-reaktiivinenproteiini,pika-crppaikallisesti	mg/l	H	10	10
c-reaktiivinenproteiini,pikatesti,veri	mg/l	A	48	44
c-reaktiivinenproteiini,pikatesti,veri	mg/l	H	62	57
c-reaktiivinenproteiini,pikatesti,veri		N	300	182
c-reaktiivinenproteiini,pikatesti,veri(23318b-crp-pt)	mg/l	A	339	213
c-reaktiivinenproteiini,pikatesti,veri(23318b-crp-pt)	mg/l	H	21	20
c-reaktiivinenproteiini,pikatesti,veri(23318b-crp-pt)	mg/l	N	438	319
c-reaktiivinenproteiini,pikatesti,veri(23318b-crp-pt)		N	237	182
c-reaktiivinenproteiini,pikatestioma	1	H	26	19
c-reaktiivinenproteiini,pikatestioma	1	N	18	14
c-reaktiivinenproteiini,pikatestioma		H	26	18
c-reaktiivinenproteiini,pikatestioma		N	19	12
c-reaktiivinenproteiini,pikatutkimus	mg/l	H	84	50
c-reaktiivinenproteiini,pikatutkimus,plasmasta	mg/l	A	12	9
c-reaktiivinenproteiini,pikatutkimus,plasmasta	mg/l	H	22	19
c-reaktiivinenproteiini,pikatutkimus,plasmasta	mg/l	N	22	16
c-reaktiivinenproteiini,pikatutkimus,plasmasta		N	27	24
c-reaktiivinenproteiini,plasmasta	mg/l	N	30	17
c-reaktiivinenproteiini,plasmasta		N	9	8
c-reaktiivinenproteiini,plasmasta,vieritesti	mg/l	A	492	320
c-reaktiivinenproteiini,tk:ntekemä		N	363	260
c-reaktiivinenproteiini,vieritesti	mg/l	A	15	15
c-reaktiivinenproteiini,vieritutkimus	mg/l	H	279	168
c-reaktiivinenproteiini,vieritutkimus	mg/l	N	136	107
c-reaktiivinenproteiini,vieritutkimus		A	13	11
c-reaktiivinenproteiini,vieritutkimus		N	282	205
c-reaktiivinenproteiini,vieritutkimus,plasmasta	mg/l	A	24	21
c-reaktiivinenproteiini,vieritutkimus,plasmasta		N	10	9
c-reaktiivinenproteiini,vieritutkimusnordlab	mg/l	N	14	14
c-reaktiivinenproteiini,vieritutkimusnordlab		N	19	19
c-reaktiivinenproteiini-pika(4594crp-pika)	mg/l	A	68	58
c-reaktiivinenproteiini-pika(4594crp-pika)	mg/l	N	67	59
c-reaktiivinenproteiini-pika(4594crp-pika)		N	47	42
c-reaktiivinenproteiini-pika(crp-pika)	mg/l	A	695	475
c-reaktiivinenproteiini-pika(crp-pika)	mg/l	H	12	12
c-reaktiivinenproteiini-pika(crp-pika)	mg/l	N	761	544
c-reaktiivinenproteiini-pika(crp-pika)		N	516	378
c.trachomatisjan.gonnorreae,nukeliinihappomuistanäytteistä		N	176	115
c.trachomatisjan.gonorrhoeae,nukleiinihappomuistanäytteistä		N	7	6
c.trachomatisjan.gonorrhoeae,nukleiinihappovirtsasta		N	114	98
c6-ind		A	9	8
c6-ind		N	7	7
c6-indeksi		A	980	625
ca++	mmol/l	A	3796	1009
ca++	mmol/l	N	756	589
ca++		A	6	6
ca++		N	8	8
ca++/7.40	mmol/l	A	23843	5756
ca++/7.40	mmol/l	N	2361	1764
ca++/7.40		A	5578	2311
ca++/7.40		N	6	6
ca++/ph7.4	mmol/l	A	5800	1272
ca++/ph7.4	mmol/l	N	57	49
ca++/ph7.4		A	384	270
ca++ph7.4	mmol/l	A	3556	908
ca++ph7.4	mmol/l	N	757	589
ca++ph7.4		N	8	8
ca-baktvi		A	118	106
ca-ion	mmol/l	N	2508	1805
ca-ionpika	mmol/l	A	385	340
ca12-5antigeeni	u/ml	A	24	15
ca12-5antigeeni	u/ml	H	52	26
ca12-5antigeeni	u/ml	N	26	26
ca15-3antigeeni	u/ml	A	42	28
ca15-3antigeeni	u/ml	H	10	7
ca19-9antigeeni	u/ml	A	60	37
ca19-9antigeeni	u/ml	H	71	43
calprotectinulosteesta	ug/g	A	8	6
calprotectinulosteesta	ug/g	N	6	6
campnho		A	100	98
campnho		N	228	209
campylobacter		A	30	30
campylobacter		N	423	339
cand-odl.		N	532	236
cand.nativ		N	286	139
candvi		A	30	30
cannabis		N	8	8
cashewpähkinä(f202),ige-vast		N	10	10
cb-ahco3	mmol/l	A	7676	2990
cb-ahco3	mmol/l	H	1248	543
cb-ahco3	mmol/l	L	980	423
cb-ahco3		A	168	72
cb-ahco3		H	44	31
cb-ahco3		L	23	17
cb-ahco3		N	38	33
cb-aktuaalibikarbonaatti	mmol/l	A	17	17
cb-be	mmol/l	A	30528	9119
cb-be	mmol/l	H	2844	895
cb-be	mmol/l	L	789	272
cb-be	mmol/l	N	3104	702
cb-be		A	15324	5801
cb-be		H	44	33
cb-be		L	945	402
cb-be		N	55	49
cb-bepika		A	1824	704
cb-bikarbonaatti	mmol/l	A	158	83
cb-bikarbonaatti	mmol/l	H	107	44
cb-bikarbonaatti	mmol/l	L	51	21
cb-bil		N	6	6
cb-ca-i7.4	mmol/l	A	421	210
cb-ca-i7.4		A	28	14
cb-ca-ion	mmol/l	A	38	29
cb-crp(qr)	mg/l	A	2514	901
cb-crp(qr)	mg/l	N	1087	623
cb-crp(qr)		A	29	28
cb-crp(qr)		N	2011	918
cb-emäsylimäärä	mmol/l	A	5276	2089
cb-emäsylimäärä	mmol/l	H	118	52
cb-emäsylimäärä	mmol/l	N	5086	3413
cb-emäsylimäärä		A	266	150
cb-emäsylimäärä		N	50	42
cb-ghb-a1c	%	A	20	6
cb-gluk	mmol/l	A	1415	1028
cb-gluk	mmol/l	H	637	511
cb-gluk	mmol/l	HH	116	77
cb-gluk	mmol/l	L	13	10
cb-gluk	mmol/l	N	231	198
cb-gluk		N	9	9
cb-gluk-v		A	108	97
cb-gluk-vt	mmol/l	A	115	46
cb-gluk-vt		A	216	25
cb-happamuusaste		A	344	240
cb-happamuusaste		N	41	34
cb-happiosapaine	kpa	A	9	8
cb-happoemästase		N	100	59
cb-hb	g/l	L	13	13
cb-hb	g/l	N	127	106
cb-hb		A	138	93
cb-hb		N	18	18
cb-hb-co	%	A	14	13
cb-hb-hy	g/l	A	649	407
cb-hb-v		A	127	94
cb-hba1c	mmol/mol	A	27	6
cb-hba1chy	mmol/mol	A	40	27
cb-hba1cnla	mmol/mol	A	153	30
cb-hba1cnla		A	86	18
cb-hbo2sat	%	A	14884	5949
cb-hbo2sat	%	L	5525	2192
cb-hbo2sat	%	N	715	445
cb-hbo2sat		A	155	107
cb-hbo2sat		L	73	54
cb-hbo2sat		N	17	16
cb-hco3	mmol/l	A	3953	1293
cb-hco3-st	mmol/l	A	29372	7915
cb-hco3-st	mmol/l	H	1587	363
cb-hco3-st	mmol/l	L	646	228
cb-hco3-st	mmol/l	N	3238	722
cb-hco3-st		A	4351	2114
cb-hco3-st		L	8	6
cb-hco3-st		N	22	19
cb-he-tase		A	11	9
cb-he-tase		N	3442	1967
cb-hemoglobiini		A	45	30
cb-hemoglobiini,vieritestihoitoyksikössä	g/l	A	21	19
cb-hemoglobiini,vieritestihoitoyksikössä	g/l	L	34	14
cb-hemoglobiini-a1c,ihopistosn,vierithoitoy:ssä	mmol/mol	A	9	7
cb-het-ion		N	4152	652
cb-hetiong		N	602	234
cb-hiilidioksidiosapaine	kpa	A	59	47
cb-inr,pikamääritys		A	17	17
cb-inr,pikamääritys		N	176	173
cb-inr-oma		A	222	47
cb-inr-oma		N	197	91
cb-inrati		H	52	16
cb-inrati		L	40	12
cb-inrati		N	204	15
cb-inratio		H	22	8
cb-inratio		N	76	7
cb-inrc-c		A	1310	109
cb-inrc-c		N	2978	108
cb-inrpika		A	217	189
cb-k	mmol/l	A	37	8
cb-k-veka	mmol/l	A	6	6
cb-kalsium,ionisoitunut,ph7.4-korjattu	mmol/l	A	102	53
cb-laktaat	mmol/l	A	4919	3320
cb-laktaat	mmol/l	H	252	198
cb-leuk	e9/l	A	247	190
cb-leuk	e9/l	N	668	433
cb-leuk		N	52	8
cb-leuk-hy	e9/l	A	90	81
cb-leuk-hy		A	40	36
cb-leuk-o	e9/l	A	16	15
cb-leukosyytit,vieritestihoitoyksikössä	e9/l	H	6	6
cb-pco2	kpa	A	34628	10799
cb-pco2	kpa	H	2137	696
cb-pco2	kpa	L	2534	940
cb-pco2	kpa	N	12009	5616
cb-pco2		A	3001	1540
cb-pco2		H	28	19
cb-pco2		L	31	23
cb-pco2		N	104	93
cb-ph	ph	A	2919	1538
cb-ph	ph	N	442	306
cb-ph		A	37884	13908
cb-ph		H	3516	1254
cb-ph		L	1106	558
cb-ph		N	10989	5156
cb-phpika		A	542	264
cb-po2	kpa	A	4985	1852
cb-po2	kpa	H	9	7
cb-po2	kpa	L	72	15
cb-po2	kpa	LL	86	69
cb-po2	kpa	N	5447	907
cb-po2		A	168	114
cb-po2		N	12	12
cb-sbc	mmol/l	A	286	133
cb-shco3	mmol/l	A	1712	503
cb-shco3	mmol/l	H	61	9
cb-shco3	mmol/l	L	12	7
cb-shco3		A	13	12
cb-standardibikarbonaatti	mmol/l	A	5584	2274
cb-standardibikarbonaatti	mmol/l	H	118	52
cb-standardibikarbonaatti	mmol/l	L	47	21
cb-standardibikarbonaatti	mmol/l	N	4775	3240
cb-standardibikarbonaatti		A	45	24
cb-standardibikarbonaatti		N	41	34
cb-tt-inr	inr	A	429	44
cb-tt-inr		A	47	22
cb-ttinrvt		A	59	24
cb-vekaas		N	16	15
cbhbo2satp	%	A	1358	567
cbhco3pika	mmol/l	A	1870	556
cbpco2pika	kpa	A	1239	435
cbpo2pika	kpa	A	1095	442
cd3+solut	x109/l	A	15	13
cd3+solut		A	7	6
cd4	%/lumf	A	136	108
cd4+solut	x109/l	A	15	13
cd4+solut		A	7	6
cd4+tsolut	x109/l	A	7	6
cd45ra+,ccr7-cd4t-solut	%	A	7	6
cd45ra+,ccr7-cd8t-solut	%	A	7	6
cd45ra+cd31+cd62l+cd4t-solut	%	A	9	8
cd45ra+cd31+cd62l+cd8t-solut	%	A	8	7
cd45ra-,ccr7+cd8t-solut	%	A	6	6
cd45ra-,ccr7-cd8t-solut	%	N	8	7
cd8+solut	x109/l	A	15	12
cd8+solut		A	7	6
cd8+tsolut	x109/l	A	7	6
cefalexin		N	930	326
cenp-a-ib		A	8	8
cfp-10	tpl	A	6	6
cfp-glucos	mmol/l	A	1115	546
cfp-glucos	mmol/l	N	190	147
cfp-glucos		A	23	23
cfp-glucos		N	7	7
chamydiapneumoniae,keuhkoklam.nukleiinih		N	9	9
chl.trachom.jan.gonorrhoeae,nukleii		N	32	29
chl.trachom.jan.gonorrhoeae,nukleiinihappo(		N	62	54
chl.trachom.jan.gonorrhoeae,nukleiinihappo(u-ctngnho)		N	13	12
chl.trachomatisjan.gonorrhoenukleiinihappo(kval		N	36	29
chlamydiapneumoniae,iggvasta-aineet	bu/ml	A	9	6
chlamydiapneumoniae,igmvasta-aineet		N	14	10
chlamydiapneumoniae,vasta-aineet		N	9	8
chlamydiapneumoniae,vasta-aineet(s-chpnab)		N	9	6
chlamydiatrachomatis		N	13	11
chlamydiatrachomatis,dnatutkimus		N	25	23
chlamydiatrachomatis,nukeliinihappo(kval)		N	176	115
chlamydiatrachomatis,nukleiinihaponosoittaminen		N	50	44
chlamydiatrachomatis,nukleiinihaponosoitus(chtrnho)		N	74	60
chlamydiatrachomatis,nukleiinihappo(k		N	32	29
chlamydiatrachomatis,nukleiinihappo(kval)		A	11	10
chlamydiatrachomatis,nukleiinihappo(kval)		N	105	85
chlamydiatrachomatis,nukleiinihappovirtsasta		A	7	6
chlamydiatrachomatisjaneisseriagonorrhoaevirtsasta		N	17	15
chlamydiatrachomatisjaneisseriagonorrhoeae,nukleiinihappo(kval)		N	16	14
chlamydiatrachomatisjaneisseriagonorrhoeaenukleiinihappo		N	13	11
chlamydiatracjaneisseriagonorr.		N	26	23
chlamydiatracomatis,nukleiinihappo(kval)		N	14	12
chtrnho		A	59	53
ckd-epi-yhtälö	ml/min/173m2	A	4541	806
ckd-epi-yhtälö	ml/min/173m2	N	134	120
cladhee	u/ml	A	13	12
cladhee	u/ml	N	6	6
cladosp.he	u/ml	A	31	30
cladosp.he		A	14	14
cladosp.he		N	12	12
cladosporiumcladospor	u/ml	N	15	15
cladosporiumherbarum		N	30	29
cladosporiumherbarum(m2),ige-vasta-aineet(s-cladhee)		N	6	6
clostridiumdifficile,toksiinigeeni,nukleiinihaponosoitus		N	13	12
clostridiumdifficile,toksiinigeeni,nukleiinihappo		A	61	46
clostridiumdifficile,toksiinigeeni,nukleiinihappo		N	16	16
clostridiumdifficile,toksiinigeeni,nukleiinihappo(kval)		A	47	37
clostridiumdifficile,toksiinigeeni,nukleiinihappo(kval)		N	25	23
clostridiumdifficile,toksiinigeeni,nukleiinihappo(kval),ulosteesta		A	63	48
clue-celle		N	286	139
clue-solut,vaginaeritteestä		A	35	29
cn-pad		N	42	38
coladp	s	A	21	17
colepi	s	A	17	15
colepi		A	12	10
coombs,suora(mono-/polyspes.antis.(kval)		N	16	15
coombs,suora(polyspesifinenantiseerumi)(kval),punasoluista		A	19	18
coronatestnho		N	7	6
covid-19		N	9	7
covid-19-koronavirustauti,nukleiinihappo		A	163	141
covid-19-koronavirustauti,nukleiinihappo(kval)		A	21	21
covid-19-koronavirustauti,nukleiinihappo(kval)		N	109	97
covid-19-koronavirustauti,nukleiinihappo,osatutkimus		A	53	48
covid-19-koronavirustauti,piikkiproteiinivasta-ai	au/ml	H	9	7
covid-19-koronavirustauti,poistettukäytöstä1.11.2023		A	16	16
covid-19-koronavirustesti,nukleiinihappo(kval)		N	33	28
covid-19koronavirus		N	18	18
covid-19koronavirus,2019-ncov,pcr-tutkimus		A	801	722
covid-19koronavirus,2019-ncov,pcr-tutkimus		N	1391	1165
covid-19koronavirus,2019-ncov,sekvensointi		A	15	15
covid-19koronavirus,2019-ncov,sekvensointi		N	10	10
covid-19koronaviruspcr-tutkimus		A	14	14
covid-19koronaviruspcr-tutkimus		N	24	19
covid-19koronavirustauti,sekvensointitutkimus		N	8	8
covid-pikatesti		N	7	7
cp-beeta-hydroksibutyraatti,vieritestilab:ssa	mmol/l	H	8	8
cp-c-reaktiivinenproteiini,ihopiston,hoitoyksikössä	mg/l	A	1054	675
cp-c-reaktiivinenproteiini,ihopiston,hoitoyksikössä	mg/l	H	245	132
cp-c-reaktiivinenproteiini,ihopiston,hoitoyksikössä		A	99	91
cp-ca-ion	mmol/l	A	179	81
cp-cl	mmol/l	A	9	8
cp-crp	mg/l	A	1871	683
cp-crp	mg/l	N	540	395
cp-crp		A	47	40
cp-crp		N	773	516
cp-crp-hy	mg/l	A	8605	3231
cp-crp-hy		A	236	213
cp-crp-lb	mg/l	A	212	109
cp-crp-lb		A	37	30
cp-glucos	mmol/l	N	3564	651
cp-glucos		N	793	397
cp-gluk	mmol/l	A	817	31
cp-gluk	mmol/l	H	8	8
cp-gluk		A	1476	29
cp-gluk		H	301	82
cp-gluk-hy	mmol/l	A	2333	192
cp-gluk-hy		A	3696	191
cp-gluk-lb	mmol/l	A	2375	238
cp-gluk-po	mmol/l	A	335	67
cp-gluk-po		A	739	77
cp-glukoosi,ihopistosn,vieritestihoitoyksikössä	mmol/l	A	420	92
cp-glukoosi,ihopistosn,vieritestihoitoyksikössä	mmol/l	H	57	14
cp-glukoosi,ihopistosn,vieritestihoitoyksikössä		A	1424	120
cp-hco3st	mmol/l	A	173	84
cp-k	mmol/l	A	16	13
cp-keto	mmpl/l	N	11	8
cp-laktaat	mmol/l	A	11	10
cp-na	mmol/l	A	13	9
cp-ohbuthy	mmol/l	A	10	10
cp-ohbutlb	mmol/l	A	124	74
cp-ph		A	63	46
cp-shco3	mmol/l	A	581	381
cp-shco3		A	74	45
crp	mg/l	A	53	41
crp	mg/l	N	18	16
crp		N	34	30
crp(vo:nyhteydessäotettu),tth	mg/l	A	35	32
crp(vo:nyhteydessäotettu),tth	mg/l	H	16	16
crp(vo:nyhteydessäotettu),tth	mg/l	N	107	91
crp(vo:nyhteydessäotettu),tth		A	70	59
crp(vo:nyhteydessäotettu),tth		H	16	16
crp(vo:nyhteydessäotettu),tth		N	1264	638
crp,herkkä	mg/l	N	225	184
crp,herkkä		N	78	65
crp,omalab		A	19	17
crp,pikaquikread	mg/l	H	80	46
crp,pikaquikread	mg/l	N	22	19
crp,pikaquikread		N	56	37
crp,tk		H	5428	2732
crp,tk		N	7827	3683
crp-p	mg/l	A	846	299
crp-p	mg/l	N	205	162
crp-p		A	14	8
crp-p		N	350	247
crp-pika	mg/l	A	1860	1030
crp-pika	mg/l	H	467	173
crp-pika	mg/l	N	146	93
crp-pika		A	691	468
crp-pika		H	1237	593
crp-pika		N	2504	1159
crp-pika,hoitajattekee	1	H	21	15
crp-pika,hoitajattekee	1	N	35	25
crp-pika,hoitajattekee		H	9	7
crp-pika,hoitajattekee		N	12	11
crp-pika-oma		H	9	7
crp-pika-oma		N	11	11
crp-pikamääritys	mg/l	H	300	119
crp-pikamääritys	mg/l	N	90	70
crp-pikamääritys		H	8	8
crp-pikamääritys		N	49	45
crp-pikanäyte	mg/l	A	23	19
crp-pikanäyte	mg/l	N	11	10
crp-pikanäyte		N	10	10
crp-pikatesti	mg/l	A	61	56
crp-pikatesti	mg/l	H	7	7
crp-pikatesti	mg/l	N	295	205
crp-pikatesti		N	66	57
crp-pitoisuus,hoitoyksikkömittaavieritestilaitteella	mg/l	A	310	97
crp-pitoisuus,hoitoyksikkömittaavieritestilaitteella		N	10	10
crp-quikread		N	14	9
crp-vier		H	26	16
crp-vier		N	36	35
crp-vieri		H	806	292
crp-vieri		N	950	394
crp-vt		A	25	16
crpherkkä	mg/l	N	19	19
crppika	mg/l	A	594	465
crppika		A	21	19
crppikatutkimus	mg/l	N	6	6
crppikatutkimusoma	mg/l	N	158	123
crppikatutkimusoma		N	46	42
crpvieritesti		A	129	100
cryptococcusneoformans,nukleiinihappo(kval),likvori		N	12	11
cryptosporidium,nukleiinihappo-osoitus		N	12	11
cryptosporidiumspp.nukleiinihappo		N	114	108
cryptosporidiumspp.nukleiinihappo(kva		N	17	13
cryptosporidiumspp.nukleiinihappo(kval)		N	18	13
cu-a1migl	ug/min	A	57	34
cu-a1migl		A	6	6
cu-a1miglo	ug/min	A	1187	434
cu-a1miglo	ug/min	H	41	40
cu-a1miglo		A	229	127
cu-a1miglo		H	8	8
cu-alb	ug/min	A	1866	1041
cu-alb	ug/min	H	1257	703
cu-alb	ug/min	N	119	108
cu-alb		A	658	418
cu-alb		H	413	268
cu-alb		N	166	139
cu-alb-mi	ug/min	A	1899	828
cu-alb-mi	ug/min	H	231	153
cu-alb-mi	ug/min	N	364	294
cu-alb-mi		A	867	557
cu-alb-mi		N	594	487
cu-albumiini	ug/min	A	18	14
cu-igg	ug/min	A	67	66
cu-igg		A	7	7
cu-kesto	min	N	14	9
cu-prot	ug/min	A	18	15
cu-prot12h	mg	A	25	6
cu-tilav	ml	N	14	9
cu-vm	ml	N	461	276
cu-vm		N	706	505
cv-kromos		N	21	20
cv-mksyn		N	18	17
cv-trinho		N	56	51
cv19nho		A	2542	2371
cv19nho		N	52	42
cv19nho-covid-19-koronavirustauti,nukleiinihappo(kval)		N	59	34
cv19sekv		A	65	65
cyclosporacayetanensis,nukleiinihappo		N	115	109
cyp2b6-geeninnukleotidivariaatiot,dna-tutkimus		N	75	73
cyp2c19-geeninnukleotidivariaatiot,dna-tutkimus		N	75	73
cyp2c9-geeninnukleotidivariaatiot,dna-tutkimus		N	75	73
cyp2d6-geeninvariaatiot,dna-tutkimus		N	74	72
cyp3a5-geeninnukleotidivariaatiot,dna-tutkimus		N	75	73
cyp4f2-geeninnukleotidivariaatiot,dna-tutkimus		N	75	74
cytomegalovirus,dna-osoitus,kvant.,plasmasta	iu/ml	H	10	6
cytomegalovirus,iggvasta-aineet,osatutk.	u/ml	A	9	7
cytomegalovirus,nukleiinihappo		A	9	6
cytomegalovirus,nukleiinihappo		N	7	7
d-cmvabg	au/ml	N	30	30
d-cmvabg		N	17	16
d-cmvabm		N	43	42
d-dimeeri	mg/l	N	13	13
d-dimer	mg/l	A	161	98
d-dimer	mg/l	N	265	191
d-dimer		A	6	6
d-dimer		N	28	27
d-ebvabg		N	41	41
d-ebvabm		N	47	46
d-hbcab		N	47	46
d-hbsab		N	42	41
d-hbsag		N	47	46
d-hcvab		N	47	46
d-hivagab		N	47	46
d-hsv1abg		N	21	21
d-hsv2abg		N	21	21
d-roms		N	11	11
d-toxoabg		N	47	46
d-toxoabm		N	47	46
d-trpaab		N	47	46
d-vitamiini-25-oh	nmol/l	A	152	140
d-vitamiini-25-oh	nmol/l	N	467	452
d-vitamiini-25-oh		N	6	6
d-vitamiini-25-oh,d3-jad2-muodot	nmol/l	A	25	25
d-vitamiini-25-oh,d3-jad2-muodot	nmol/l	N	194	180
d-vitamiini-25-oh,hepariiniplasmasta	nmol/l	N	20	19
d-vitamiini-25-oh,plasmasta	nmol/l	A	102	85
d-vitamiini-25-oh,plasmasta	nmol/l	N	592	436
d.pteronys	u/ml	A	101	98
d.pteronys		A	104	97
d.pteronys		N	10	10
dehydroepiandrosteroni,sulfaatti	umol/l	N	10	8
dermatofyytit		A	10	9
dermatofyytit		N	33	32
dermatofyytitryhmä,nukleiinihappo(kval)		A	15	15
dermatofyyttiosatutkimus		N	12	9
dermatophagoidespteronyssimus,igevasta-aineet	u/ml	A	15	15
dermatophagoidespteronyssimus,igevasta-aineet	u/ml	N	31	31
dermatophagoidespteronyssinus(d1),ige-vasta-aineet	u/ml	A	8	7
desmetyyliklotsapiini	nmol/l	N	20	12
dgpaba		N	7	7
dgpabg		N	7	7
di-leuk	e6/l	A	127	17
di-na	mmol/l	A	95	25
di-prot	g/l	A	21	9
di-prot	mg/l	N	85	17
di-solut		A	375	13
dialysointiteho		A	308	47
dientamoebafragilis,nukleiinihappo		A	17	16
dientamoebafragilis,nukleiinihappo		N	98	95
dientamoebafragilis,nukleiinihappo-osoitus		N	13	13
dientamoebafragilisnukleiini		N	6	6
dientamoebafragilisnukleiinihappo(kva		N	17	13
dientamoebafragilisnukleiinihappo(kval)		N	18	13
digoksiini,seerumista	ug/l	A	26	21
dihomo-gamma-linoleenihappo	%	N	318	258
dihydropyrimidiinidehydrogenaasi-geeninvariaatioidendna-tukimus		N	6	6
dio2-geeninvariaatiotutkimus		N	6	6
dna,natiivi,vasta-aineet	kiu/l	A	40	11
dna,natiivi,vasta-aineet,seerumista	iu/ml	A	27	15
dna,natiivi,vasta-aineeteia		N	24	23
dna,vasta-aineet(natiivi)	kiu/l	N	47	44
dna,vasta-aineet,natiivi	kiu/l	A	38	25
dna,vasta-aineet,natiivi	kiu/l	N	136	120
dna,vasta-aineet,natiivi(doublest	kiu/l	N	18	18
dokosaheksaeenihappo	%	N	318	258
dokosapentaeenihappo	%	N	318	258
down-riski		N	88	80
down-risuh		N	4493	3866
dpteroe	u/ml	A	77	69
dpteroe		A	23	23
dpyd-geeninnuleotidivariaatiot,dna-tutkimus		N	75	73
dpyd-geeninvarianttientutkimusverestä		N	60	60
du-5hiaa	umol	A	49	36
du-5hiaa	umol	N	13	11
du-5hiaa	umol/24h	A	31	21
du-5hiaa		A	8	8
du-5hiaa		H	7	7
du-5hiaa		L	6	6
du-5hiaa		N	12	12
du-a1miglo	mg	A	13	13
du-adr	umol/24h	N	7	7
du-adrnor		N	6	6
du-alb	mg	A	631	310
du-alb	mg	H	38	34
du-alb	mg	HH	18	16
du-alb	mg	N	46	37
du-alb	mg/24h	A	6	6
du-alb	mg/24h	H	19	16
du-alb		A	42	41
du-alb		H	15	12
du-alb		N	31	27
du-aldos	nmol	A	257	216
du-aldos	nmol	H	99	91
du-aldos	nmol	N	134	126
du-aldos	nmol/l	N	7	7
du-aldos		A	24	19
du-aldos		H	12	12
du-aldos		N	17	17
du-ca	*sai	A	6	6
du-ca	mmol	A	3962	2343
du-ca	mmol	H	1125	731
du-ca	mmol	L	170	151
du-ca	mmol	N	1365	1116
du-ca	mmol/24h	A	46	35
du-ca	mmol/24h	H	31	27
du-ca	mmol/24h	L	13	13
du-ca	mmol/24h	N	12	10
du-ca		A	671	445
du-ca		H	65	53
du-ca		L	42	41
du-ca		N	40	39
du-ca(laskennallinen)	mmol	A	14	13
du-cl	mmol	A	113	102
du-cl	mmol	H	23	23
du-cl	mmol	L	14	14
du-cl	mmol	N	65	63
du-cl		A	31	25
du-cl		N	6	6
du-cu	umol	A	31	12
du-cu	umol	N	19	19
du-cu	umol/24h	A	37	14
du-cu	umol/24h	N	7	7
du-cu		N	20	15
du-iglck	g	A	112	76
du-iglck	mg	N	27	25
du-iglck		A	608	317
du-iglck		N	16	14
du-iglcl	g	A	81	55
du-iglcl	g	H	8	6
du-iglcl	mg	N	13	11
du-iglcl		A	641	323
du-iglcl		N	28	25
du-immfix		A	92	51
du-immfix		N	768	486
du-immunoglobuliini,kevyetketjut,lambda	g	A	6	6
du-k	mmol	A	1040	881
du-k	mmol	H	180	163
du-k	mmol	L	132	124
du-k	mmol	N	136	134
du-k		A	118	104
du-k		H	27	26
du-k		L	14	14
du-k		N	12	10
du-kalium	mmol	A	8	8
du-kalsium	mmol	A	30	29
du-kalsium	mmol	N	22	22
du-kors-v	nmol	A	646	446
du-kors-v	nmol	H	148	102
du-kors-v	nmol	L	69	67
du-kors-v	nmol	N	330	276
du-kors-v	nmol/24h	A	11	10
du-kors-v	nmol/24h	H	11	11
du-kors-v	nmol/l	A	7	6
du-kors-v		A	49	43
du-kors-v		H	13	10
du-kors-v		L	7	7
du-kors-v		N	13	12
du-krea	mmol	A	694	444
du-krea	mmol	H	35	29
du-krea	mmol	L	29	27
du-krea	mmol	N	209	191
du-krea		A	176	126
du-metanefriini	umol	N	7	6
du-metnef	umol	A	27	19
du-metnef	umol	N	109	105
du-metnef	umol/24h	N	13	12
du-metnef		N	30	30
du-metnor		N	108	101
du-mg	mmol	A	18	17
du-mg	mmol	N	179	173
du-mg		A	6	6
du-moma	umol	A	6	6
du-moma	umol	N	6	6
du-mta	umol	N	6	6
du-na	mmol	A	1046	878
du-na	mmol	H	96	90
du-na	mmol	L	141	136
du-na	mmol	N	391	345
du-na	mmol/24h	L	12	11
du-na		A	151	137
du-na		H	19	18
du-na		L	28	28
du-na		N	40	39
du-natrium	mmol	A	12	10
du-ni	umol	N	8	8
du-noradr	umol/24h	N	7	7
du-normet	nmol	N	7	6
du-normet	umol	A	55	45
du-normet	umol	N	90	88
du-normet	umol/24h	A	57	47
du-normet	umol/24h	N	13	12
du-normet		A	6	6
du-normet		N	22	22
du-oksal	mg/24h	A	71	58
du-oksal	umol/24h	A	132	92
du-oksal	umol/24h	N	52	40
du-oksal		A	33	27
du-oksal		H	63	49
du-oksal		N	172	157
du-pi	mmol	A	139	104
du-pi	mmol	H	11	10
du-pi	mmol	L	38	34
du-pi	mmol	N	83	75
du-pi		A	6	6
du-prot	g	A	4315	1826
du-prot	g	H	76	63
du-prot	g	N	15	14
du-prot	g/24h	A	48	27
du-prot	g/24h	H	63	45
du-prot	mg	A	6877	2385
du-prot	mg	H	1405	843
du-prot	mg	HH	18	14
du-prot	mg	N	174	135
du-prot	mg/24h	A	131	57
du-prot	mg/24h	H	21	15
du-prot	mg/24h	N	11	6
du-prot		A	1797	1051
du-prot		H	541	334
du-prot		HH	11	9
du-prot		N	276	221
du-prot-fr		A	132	56
du-prot-fr		N	1342	837
du-prot.	mg	A	101	82
du-prot.	mg	H	1197	760
du-prot.	mg	N	180	140
du-prot.		N	216	154
du-proteiini	g	A	149	85
du-proteiini	mg	A	127	65
du-proteiini	mg	H	30	29
du-proteiini	mg	N	21	21
du-proteiini		A	9	9
du-proteiini,(du-prot-fr,valetietue)	g	A	15	13
du-proteiini,du-prot-fr:nosatutkimus	mg	A	6	6
du-proteiini,vuorokausivirtsasta	g	H	9	6
du-protks	g	A	7	6
du-sitraat	mg/24h	A	71	54
du-sitraat	mg/24h	N	11	10
du-sitraat	mmol	A	57	40
du-sitraat	mmol	L	8	6
du-sitraat	mmol	N	24	18
du-sitraat	mmol/24h	A	66	47
du-sitraat	mmol/24h	N	11	9
du-sitraat		A	43	32
du-sitraat		L	17	10
du-sitraat		N	21	15
du-tilavuus	ml	N	22	21
du-uraat	mmol	A	88	85
du-uraat	mmol	L	21	21
du-uraat	mmol	N	29	27
du-uraat	umol	A	12	11
du-uraat	umol	N	14	11
du-urea	mmol	A	980	367
du-urea	mmol	L	29	24
du-urea	mmol	N	7	7
du-urea		N	15	13
du-vm	ml	N	51	44
du-vm		N	29	26
du-vmml	ml	N	62	43
du-vmml		N	72	57
dxmr/8.kor	nmol/l	A	18	18
e-6-tgn	umol/l	A	18	17
e-abo-jarh-veriryhmämääritys		N	9	8
e-abo/xko		N	233	102
e-aborh		N	30924	25844
e-abotark		N	70	53
e-abovarm		N	613	241
e-akantos	%	N	15	15
e-antic3d		A	11	10
e-antiigg		A	39	30
e-cdw	%	H	18	16
e-cdw	%	N	13	12
e-cmbc3c		N	247	222
e-cmbc3d		N	251	226
e-cmbiga		N	254	229
e-cmbigg		A	11	10
e-cmbigg		N	254	229
e-cmbigm		N	254	229
e-coli.		N	930	326
e-coomb-o		A	832	422
e-coomb-o		N	1611	1260
e-coombm		N	16	15
e-coombp		A	33	29
e-coombp		N	254	229
e-coombs,suora(polyspesifinen)(kval)		N	39	39
e-coombs,suora(polyspesifinenantiseerumi)(kva		A	7	7
e-coombs,suora(polyspesifinenantiseerumi)(kval)		A	12	11
e-coomc3d		A	75	25
e-coomc3d		N	1394	1058
e-coomigg		A	190	84
e-coomigg		N	1391	1055
e-dysmorf	%	N	15	15
e-eryrtosyytit,keskitilavuus,pikatesti	fl	A	6	6
e-erytbla	e9/l	A	396	130
e-erytrosyytiit,kokojakaumaprosentti	%	A	157	116
e-erytrosyytiit,kokojakaumaprosentti	%	N	1725	1079
e-erytrosyytit,keskitilavuus	fl	A	9661	2146
e-erytrosyytit,keskitilavuus	fl	H	4107	1842
e-erytrosyytit,keskitilavuus	fl	L	869	405
e-erytrosyytit,keskitilavuus	fl	N	44967	20946
e-erytrosyytit,keskitilavuus		A	77	50
e-erytrosyytit,keskitilavuus		N	110	108
e-erytrosyytit,keskitilavuus,poc-tutkimus	fl	H	36	14
e-erytrosyytit,keskitilavuus,poc-tutkimus	fl	N	403	126
e-erytrosyytit,kokojakauma	%	A	34937	5017
e-erytrosyytit,kokojakauma	%	H	3782	949
e-erytrosyytit,kokojakauma	%	N	11216	5596
e-erytrosyytit,kokojakauma		A	1711	728
e-erytrosyytit,kokojakauma		N	98	90
e-erytrosyytit,kokojakaumaindeksi	%	A	10525	1274
e-erytrosyytit,kokojakaumaindeksi	%	H	10331	1217
e-erytrosyytit,kokojakaumaindeksi	%	N	600	462
e-erytrosyytit,kokojakaumaprosentti	%	A	314	189
e-erytrosyytit,kokojakaumaprosentti	%	H	7997	1038
e-erytrosyytit,kokojakaumaprosentti	%	N	17	7
e-erytrosyytit,kokojakumaprosentti	%	A	68	8
e-erytrosyytit,tilavuus	fl	A	5059	1153
e-erytrosyytit,tilavuus	fl	N	4003	1931
e-erytrosyyttienkeskitilavuus	fl	A	504	268
e-erytrosyyttienkeskitilavuus	fl	N	7045	3641
e-fenotty		N	51	16
e-fenoty		N	684	285
e-fenotyypitys		N	28	14
e-fragm	%	N	719	280
e-g6pd	ku/mol	N	9	9
e-hemoglobiini(massa)	pg	A	12207	2422
e-hemoglobiini(massa)	pg	N	4053	1933
e-hemoglobiini(massakonsentraatio)	g/l	A	6451	1894
e-hemoglobiini(massakonsentraatio)	g/l	N	3467	1782
e-hemoglobiini,keskimassa	pg	A	1660	892
e-hemoglobiini,keskimassa	pg	H	1725	883
e-hemoglobiini,keskimassa	pg	L	1755	657
e-hemoglobiini,keskimassa	pg	N	52461	24060
e-hemoglobiini,keskimassa	pg/u	A	45	39
e-hemoglobiini,keskimassa	pg/u	N	678	518
e-hemoglobiini,keskimassa		A	54	44
e-hemoglobiini,keskimassa		N	113	111
e-hemoglobiini,keskimassa,poc-tutkimus	pg	H	13	7
e-hemoglobiini,keskimassa,poc-tutkimus	pg	L	16	7
e-hemoglobiini,keskimassa,poc-tutkimus	pg	N	419	128
e-hemoglobiini,keskimassakonsentraatio	g/l	A	10667	3174
e-hemoglobiini,keskimassakonsentraatio	g/l	H	72	64
e-hemoglobiini,keskimassakonsentraatio	g/l	L	4802	1873
e-hemoglobiini,keskimassakonsentraatio	g/l	N	54244	23531
e-hemoglobiini,keskimassakonsentraatio		A	67	58
e-hemoglobiini,keskimassakonsentraatio		N	153	142
e-hemoglobiini,keskimassakonsentraatio,vieritutkimus	g/l	A	8	6
e-hemoglobiini,keskimassakonsentraatiopoc-tutkimus	g/l	L	49	16
e-hemoglobiini,keskimassakonsentraatiopoc-tutkimus	g/l	N	397	126
e-hemoglobiinikeskimassa	pg	N	160	133
e-hypokr	%	A	91	35
e-kokojakauma	%	A	4371	1391
e-kokojakauma	%	H	2126	691
e-kokojakauma	%	N	9282	3499
e-kokojakauma		N	40	19
e-kupari	umol/l	N	8	8
e-luov-vr		N	197	154
e-mch	fl	A	9	9
e-mch	fl	N	310	275
e-mch	g/l	N	8	7
e-mch	pg	A	831370	90634
e-mch	pg	H	246958	34959
e-mch	pg	L	194483	29514
e-mch	pg	N	2244757	303224
e-mch	pg/cell	A	2661	470
e-mch	pg/cell	N	18625	2048
e-mch		A	89657	21701
e-mch		H	19275	6264
e-mch		L	16718	4877
e-mch		N	120143	33080
e-mchc	%	N	7	7
e-mchc	g/l	A	649368	96170
e-mchc	g/l	H	39025	19544
e-mchc	g/l	HH	152	111
e-mchc	g/l	L	522207	76990
e-mchc	g/l	LL	5182	1267
e-mchc	g/l	N	1658617	219855
e-mchc	pg	N	14	12
e-mchc		A	42620	12323
e-mchc		H	6048	3565
e-mchc		HH	37	26
e-mchc		L	21815	6279
e-mchc		LL	588	206
e-mchc		N	20204	8242
e-mchcp	g/l	H	11	7
e-mchcp	g/l	L	266	58
e-mchcp	g/l	N	1004	184
e-mchp	pg	H	41	10
e-mchp	pg	L	92	17
e-mchp	pg	N	1146	186
e-mcv	%	A	62	46
e-mcv	%	N	3068	1339
e-mcv	e12/l	A	47	28
e-mcv	e12/l	N	14	14
e-mcv	fl	A	954649	103739
e-mcv	fl	H	407943	52057
e-mcv	fl	L	121060	25003
e-mcv	fl	N	2209022	302326
e-mcv	l/l	A	51	22
e-mcv	l/l	N	121	53
e-mcv	pg	A	18	16
e-mcv	pg	N	302	268
e-mcv		A	100868	24242
e-mcv		H	30215	8688
e-mcv		L	13847	4657
e-mcv		N	115578	32615
e-mcv(erytrosyytit,keskitilavuus)	fl	A	4490	1446
e-mcvp	fl	H	100	23
e-mcvp	fl	L	56	13
e-mcvp	fl	N	1126	183
e-mg		N	11	11
e-plas-o		N	37	20
e-plasnho		N	93	52
e-punasolujenkokojakaum	%	H	2842	2621
e-punasolujenkokojakaum	%	N	6420	6008
e-punasolujenkokojakauma	%	A	43986	8027
e-punasolujenkokojakauma	%	H	2057	564
e-punasolujenkokojakauma	%	N	41272	16820
e-punasolujenkokojakauma		A	869	270
e-punasolujenkokojakauma		N	143	135
e-punasolujenkoonvaihtelu	%	N	22	20
e-rdv	%	A	1009	269
e-rdv	%	H	30	23
e-rdv	%	N	957	547
e-rdv		N	7	7
e-rdw	%	A	1081919	82963
e-rdw	%	H	713143	62159
e-rdw	%	N	1192664	150296
e-rdw		A	68439	15418
e-rdw		H	90118	19532
e-rdw		N	119814	34753
e-rdw(19976e-rdw),osatutkimus	%	A	18	9
e-rdw(19976e-rdw),osatutkimus	%	N	143	127
e-rdw(9057e-rdw),osatutkimus	%	N	6	6
e-rdw(ko)	%	N	98	96
e-rdw,kokojakauma	%	A	10	8
e-rdw,kokojakauma	%	N	131	84
e-rdw,osatutkimus(19976e-rdw)	%	A	99	56
e-rdw,osatutkimus(19976e-rdw)	%	N	1471	938
e-rdw,osatutkimus(e-rdw)	%	A	215	104
e-rdw,osatutkimus(e-rdw)	%	N	3490	1842
e-rdw,osatutkimus(e-rdw)		N	8	7
e-rdw,punasolujenkokojakauma	%	A	8339	1176
e-rdw,punasolujenkokojakauma	%	N	48	47
e-redcelldistributionwidth	%	A	853	301
e-redcelldistributionwidth	%	N	1788	1039
e-redcelldistributionwidth		N	11	11
e-rethe	pg	A	2415	1583
e-rethe	pg	H	116	66
e-rethe	pg	L	1056	747
e-rethe	pg	N	841	746
e-rethe		A	26	24
e-rethe,osatutkimus(e-rethe)	pg	N	12	10
e-reti-ma	%	N	119	28
e-retik	%	A	27619	10081
e-retik	%	H	11001	5123
e-retik	%	HH	17	13
e-retik	%	L	1059	530
e-retik	%	LL	16	15
e-retik	%	N	18746	11223
e-retik	pg	N	13	13
e-retik		A	2922	1870
e-retik		H	568	459
e-retik		L	63	59
e-retik		N	1101	886
e-retik-k	%	A	9	9
e-retikulosyytit	%	A	417	240
e-retikulosyytit	%	H	630	308
e-retikulosyytit	%	L	42	27
e-retikulosyytit	%	N	252	234
e-retikulosyytit,osatutk.	%	N	17	15
e-retikulosyyttienkeskimääräinenhemoglobiininmäärä	pg	A	141	120
e-retikulosyyttienkeskimääräinenhemoglobiininmäärä		A	14	14
e-rhdjatk		N	19	19
e-rwd	%	N	40	37
e-sprcoom		A	113	59
e-veriryhmä,abojarh		N	24	20
e-veriryhmä,muuttuminenallogeenisenkantasolusiirronjälkeen		N	8	8
e-veriryhmä,tarkistus		N	4822	3513
e-veriryhmäjarh		N	258	204
e-veriryhmäjarhtarkistus		N	20	12
e-vr-ty		N	58	58
e-vr-ty2		N	36	35
e-vrtark		N	75863	36017
edta-veril		N	83	14
ehec(enterohemorraaginene.coli)		N	428	344
ehecnho		A	34	20
ehecnho		N	197	181
eikosadieenihappo	%	N	319	259
eikosapentaeenihappo	%	N	319	259
eikoseenihappo	%	N	318	258
eikäytössä	mg/l	A	15	14
eikäytössä	ug/l	A	19	9
eitullut		N	20	20
eivoitu		N	36	36
ej-ab		N	26	26
ekg		N	1131	441
ekg,12kytkentäälevossa		N	221	208
ekg,12kytkentäälevossa(asiakkaanottama)		N	17	16
ekg,12kytkentäälevossa(asiakkanottama)		N	285	211
ekg,oma(9526pt-ekg-oma)		N	59	55
ekg,oma(pt-ekg-oma)		N	60	46
ekg-12		N	2018	1553
ekg-12kytkentäälevossa		N	458	423
ekg-atk		N	1328	900
ekg-tutkimus,tth		N	6	6
ekg:npitkäaikaisrekisteröinti24h		N	9	9
ekgasiakkaanottama		N	10	8
elastaasi1	ug/g	A	15	8
elektroneuromyografia,rannekanava		A	94	90
eläinallergeeniryhmä		N	6	6
emäsylimäärä,arteriaverestä,osatutk.	mmol/l	A	28	17
emäsylimäärä,arteriaverestä,osatutk.		A	13	10
emäsylimäärä,kapillaariveri	mmol/l	A	846	546
emäsylimäärä,kapillaariveri	mmol/l	H	1024	394
emäsylimäärä,kapillaariveri	mmol/l	L	581	284
emäsylimäärä,kapillaariveri	mmol/l	N	1080	732
emäsylimäärä,kapillaariveri		A	517	246
emäsylimäärä,kapillaariveri		N	6	6
emäsylimäärä,laskimoverestä,pikatesti	mmol/l	A	174	133
emäsylimäärä,laskimoverestä,pikatesti		A	210	160
emäsylimäärä,laskimoveri	mmol/l	A	1244	890
emäsylimäärä,laskimoveri		A	539	308
emäsylimäärä,valtimoveri	mmol/l	A	737	349
emäsylimäärä,valtimoveri	mmol/l	H	88	46
emäsylimäärä,valtimoveri		A	164	100
emäsylimäärä,venaverestä,osatutk.	mmol/l	A	14	10
emäsylimäärä,venaverestä,osatutk.		A	24	8
ena,seulontatutkimus		A	12	12
ena,seulontatutkimus		N	33	33
endomysium,igavasta-aineet		N	21	21
ennaltamääritellyngeenineksonienemäsmuutostenjapientenkopiolukumuutostentutkimusngs-menetelmällä		N	58	58
enrirsvnho		A	65	28
entamoebahistolytica,nukleiinihappo		N	115	109
entamoebahistolytica,nukleiinihappo-osoitus		N	14	13
entamoebahistolyticanukleiin		N	6	6
entamoebahistolyticanukleiinihappo(kv		N	17	13
entamoebahistolyticanukleiinihappo(kval)		N	18	13
enterokokki,vankomysiiniresistentti,viljely		N	29	18
enterovirus,nukleiinihappo(kval),likvori		N	12	11
eos	%	A	14456	5208
eos	%	H	931	360
eos	%	L	54	25
eos	%	N	8845	1742
eos	e9/l	A	1558	157
eos		A	5564	2720
eos		H	27	21
eos		N	25	22
eosin	%	H	1698	1427
eosin	%	L	1633	1335
eosin		A	461	35
eosin		L	17	17
eosinofiilit	%	A	875	591
eosinofiilit	%	H	971	612
eosinofiilit	%	L	1379	781
eosinofiilit	%	N	12984	6660
eosinofiilit	e9/l	A	61	43
eosinofiilit	e9/l	N	609	475
eosinofiilit		A	7	7
eosinofiilit		N	15	10
eosinofiilit(690l-eos),osatutkimus	%	N	13	10
eosinofiilit,5-osa	%	H	418	385
eosinofiilit,5-osa	%	L	442	388
eosinofiilit,5-osa	%	N	3482	3111
eosinofiilit,abs,konediffi	e9/l	N	40	35
eosinofiilit,absol.arvot	e9/l	A	542	354
eosinofiilit,absol.arvot	e9/l	H	812	545
eosinofiilit,absol.arvot	e9/l	L	443	281
eosinofiilit,absol.arvot	e9/l	N	13187	6622
eosinofiilit,absol.arvot		N	16	14
eosinofiilit,absol.arvot(39b-eos),osatutkimus	e9/l	N	14	10
eosinofiilit,absol.arvot,osatutkimus(39b-eos)	e9/l	A	7	6
eosinofiilit,absol.arvot,osatutkimus(39b-eos)	e9/l	N	107	90
eosinofiilit,absol.arvot,osatutkimus(b-eos)	e9/l	N	79	66
eosinofiilit,absoluuttiset/tvk	%	N	9	6
eosinofiilit,konediffi(),osatutk.b-diffi	%	H	131	44
eosinofiilit,konediffi(),osatutk.b-diffi	%	L	186	70
eosinofiilit,käsidiffi(),osatutk.b-diffi	%	L	22	10
eosinofiilit,osatutkimus(690l-eos)	%	A	11	10
eosinofiilit,osatutkimus(690l-eos)	%	N	103	86
eosinofiilit,osatutkimus(9113l-eos)	%	N	6	6
eosinofiilit,osatutkimus(l-eos)	%	N	78	65
eosinofiilit,osuus	%	H	252	235
eosinofiilit,osuus	%	L	127	105
eosinofiilit,osuus	%	N	2608	2303
eosinofiilit,verestä(b-eos)	e9/l	A	8	6
eosinofiilit,verestä(b-eos)	e9/l	N	53	47
eosinofiilit-osuus	%	A	172	154
eosinofiilit-osuus	%	H	11	11
eosinofiilit-osuus	%	L	12	10
eosinofiilit-osuus	%	N	1005	879
eosinofiilit-osuus(diffi)	%	A	75	50
eosinofiilit-osuus(diffi)	%	N	122	104
eosinofiilitabs,konediffi,osatutk.b-diffi	e9/l	H	130	46
eosinofiilitabs,konediffi,osatutk.b-diffi	e9/l	L	103	24
eosinofiilitdiffissä		A	8	7
eosinofiilitosatutk.2225diffi	%	A	7	7
eosinofiilitosatutk.2225diffi	%	N	26	21
eosinofiilitosuus	%	H	76	75
eosinofiilitosuus	%	L	102	85
eosinofiilitosuus	%	N	1195	991
eosonofiilit	%	N	22	17
epidermophytonfloccosum		N	203	196
epidermophytonfloccosum,nukleiinihappo(kval)		N	15	15
epididymaalinenantigeeni4(he4)	pmol/l	A	11	11
epiteelisolut	e6/l	N	11	9
epiteelisolut,virtsa	e6/l	A	1405	888
epiteelisolut,virtsa	e6/l	N	29	24
epiteelisolut,virtsasta	e6/l	A	668	493
epiteelisolut,virtsasta,partikkelinlaskijalla,osatutk.	e6/l	A	13	13
epiteelit	e6/l	A	847	731
epiteelit	e6/l	H	82	69
epiteelit	e6/l	N	3976	2648
epoc-laitteellatehtäväpikatesti,osavastausp-k	1	L	13	9
epoc-laitteellatehtäväpikatesti,osavastausp-k	1	N	50	34
epoc-laitteellatehtäväpikatesti,osavastausp-k		N	17	12
epoc-laitteellatehtäväpikatesti,osavastausp-krea	1	H	19	15
epoc-laitteellatehtäväpikatesti,osavastausp-krea	1	L	7	6
epoc-laitteellatehtäväpikatesti,osavastausp-krea	1	N	40	27
epoc-laitteellatehtäväpikatesti,osavastausp-krea		L	10	7
epoc-laitteellatehtäväpikatesti,osavastausp-krea		N	9	8
epoc-laitteellatehtäväpikatesti,osavastausp-na	1	L	16	11
epoc-laitteellatehtäväpikatesti,osavastausp-na	1	N	46	33
epoc-laitteellatehtäväpikatesti,osavastausp-na		N	19	12
epstein-barrinvirus,tuma-antigeeni,vasta-aineet,seerumista		A	85	70
epstein-barrvirus,igg-vasta-aineet,osatutk.1335	u/ml	A	9	9
epstein-barrvirus,igg-vasta-aineet,osatutk.1335		A	7	7
erik.näyte		H	41	36
erikoiskäsittely		N	23	9
eryt	e6/l	A	339	228
eryt	e6/l	H	2086	1503
eryt	e6/l	HH	41	36
eryt		A	90	67
eryt		H	607	469
eryt		HH	38	31
erytroblastit	e9/l	A	2365	785
erytroblastit	e9/l	H	2292	531
erytroblastit	e9/l	N	67312	19986
erytroblastit		N	2990	2079
erytropoietiini	iu/l	A	14	14
erytropoietiini,seerumista	iu/l	A	17	16
erytrosyytit	e12/l	A	4667	1189
erytrosyytit	e12/l	N	3285	2300
erytrosyytit	e6/l	A	1124	882
erytrosyytit	e6/l	H	107	79
erytrosyytit	e6/l	N	4101	2868
erytrosyytit	u/field	N	29	23
erytrosyytit		N	94	86
erytrosyytit(b-eryt)	e12/l	N	57	49
erytrosyytit(kval)	estimate	N	1330	986
erytrosyytit(kval)		N	145	112
erytrosyytit,keskitilavuus	fl	A	126	95
erytrosyytit,keskitilavuus	fl	N	1230	973
erytrosyytit,keskitilavuus(e-mcv)	fl	N	58	50
erytrosyytit,keskitilavuus,pvkosatutkimus	fl	N	78	44
erytrosyytit,kokojakauma	%	N	235	173
erytrosyytit,punasoluindeksi		N	55	30
erytrosyytit,pvkosatutkimus	%	L	13	6
erytrosyytit,pvkosatutkimus	%	N	67	43
erytrosyytit,pvkosatutkimus	e12/l	L	16	7
erytrosyytit,pvkosatutkimus	e12/l	N	62	37
erytrosyytit,selkäydinneste	e6/l	A	17	17
erytrosyytit,tilavuusosuus	osuus	A	3998	1090
erytrosyytit,tilavuusosuus	osuus	N	3397	2364
erytrosyytit,tilavuusosuus		N	9	9
erytrosyytit,tilavuusosuus(b-hkr)	%	N	60	52
erytrosyytit,verestä,pikatesti	e12/l	A	14	13
erytrosyytit,virtsa	e6/l	A	1748	972
erytrosyytit,virtsa	e6/l	N	27	23
erytrosyytit,virtsansolujenerittelylaskenta	u/field	A	14	6
erytrosyytit,virtsasta,partikkelinlaskijalla,osatutk.	e6/l	A	50	35
escherichiacoli,nukleiinihaponosoitusosatutk.		A	7	6
escherichiacolik1,nukleiinihappo(kval),likvori		N	12	11
etanoli,plasma	promille	A	64	36
etanoli,plasma		A	24	23
etec(enterotoksigeeninene.coli)		N	429	345
etecnho		A	14	14
etecnho		N	232	212
eturauhasenpaksuneulanäyte		A	12	12
ex-bakteeri,viljely		A	110	73
ex-bakteeri,viljely,yskös		A	17	13
ex-bakteeri,viljelyysköksestä		A	11	9
ex-baktvi		A	2500	1165
ex-baktvi		N	770	380
ex-baktvr		A	51	22
ex-baktvr		N	28	15
ex-eos		A	38	36
ex-eos		N	12	9
ex-neut		A	57	53
ex-sieni,viljely,yskös		A	70	37
ex-syto		N	90	43
ex-tbvi		N	26	11
ex-tbvrvi		A	508	158
ex-tbvrvi		N	5158	1466
ex-tuberkuloosibakteeri,vr+vi		N	14	6
ex-tuberkuloosibakteeri,värjäysjaviljely		A	12	10
extra		N	145	117
f-actimfecalblood(pi)		N	17	9
f-adenag		A	8	8
f-adenag		N	161	111
f-adennho		N	13	13
f-adenonho		A	7	6
f-adenonho		N	35	35
f-adenovirus,nukleiinihappo		N	7	7
f-adenovirus,nukleiinihappo(kval)		N	12	12
f-adenovirus,nukleiinihappo(kval),osatutk.		N	12	12
f-antitry	ug/g	A	94	63
f-antitry	ug/g	H	23	18
f-antitry	ug/g	N	200	125
f-antitry		A	52	22
f-antitry		H	13	9
f-antitry		N	23	21
f-astrnho		A	13	11
f-astrnho		N	41	39
f-astronho		A	11	11
f-astronho		N	35	35
f-astrovirus,nukleiinihappo		N	7	7
f-astrovirus,nukleiinihappo(kval)		N	8	8
f-bakteeri,viljely-janukleiinihappo(kval)ulosteesta		N	7	6
f-bakteeri,viljely1(salmon,shig,yers,campylo)		N	16	16
f-bakteeri,viljely1(salmon,shig,yers,campylo)(pi)		N	9	9
f-bakteeri,viljely1(salmonella,shigella,yersinia,campylobacter)		N	24	21
f-bakteeri,viljely3		N	8	8
f-bakteeri,viljely3(viljely1+b.cereus,c.perfringens,s.aureus)		A	10	10
f-bakteeri,viljely3(viljely1+bacilluscereu		A	13	13
f-bakteeri,viljelyjanukleiinihappo(kval),ulosteesta		N	36	35
f-bakteerijatkoviljely		A	8	8
f-bakteeripatogeenit,jatkoviljely		N	7	7
f-bakteeripatogeenit,nukleiinihaponosoitus		N	31	28
f-bakteeripatogeenit,nukleiinihaponosoitus(pcr)		A	16	16
f-bakteeripatogeenit,nukleiinihaponosoitus(pcr)		N	13	13
f-bakteeripatogeenit,nukleiinihaponosoitus(pcr)(ko)		N	20	19
f-bakteeripatogeenit,nukleiinihaponosoitus(pcr),osatutk.		N	9	9
f-bakteeripatogeenit,nukleiinihaponosoitus(pcr),ulosteesta		N	19	19
f-bakteerit,nukleiinihappo(kval)uloste		N	12	11
f-baktjvi		A	17	15
f-baktjvi		N	17	17
f-baktnho		A	301	273
f-baktnho		N	1153	1079
f-baktvi1		A	127	126
f-baktvi1		N	2963	2703
f-baktvi2		A	12	11
f-baktvi2		N	140	131
f-baktvi3		A	53	53
f-baktvi3		N	107	104
f-baktvip		A	1008	918
f-baktvip		N	6526	5360
f-bio		N	24	24
f-blasnho		N	6	6
f-blastocystishominis,nukleiinihappo(kval)		N	14	12
f-blod-1		N	47	37
f-blod-2		N	45	36
f-blod-3		N	46	37
f-calpro	ug/g	A	40050	13633
f-calpro	ug/g	H	20129	9116
f-calpro	ug/g	N	19998	13994
f-calpro		A	5865	3775
f-calpro		H	1883	1338
f-calpro		N	3853	3588
f-calpro2	ug/g	A	219	114
f-calpro2		A	10	7
f-calprotectin	ug/g	A	35	33
f-calprotectin	ug/g	N	30	30
f-calprotectin		N	9	9
f-campjvi		A	22	21
f-campnho		A	15	15
f-campnho		N	112	106
f-campvi		A	425	411
f-campvi		N	434	415
f-campylobacter,nukleiinihappo(kval),osatutk.		N	11	11
f-campylobacter,viljely		N	167	164
f-campylobacterspp,nukl.haponosoitus		N	44	28
f-campylobacterspp.(jejuni&coli),nukl.haponos		N	29	28
f-campylobakteeri,viljely		A	10	10
f-campylobakteeri,viljely		N	118	110
f-cdltnho		N	423	289
f-clditox		A	29	22
f-clditox		N	8	8
f-cldivi		A	71	45
f-cldivi		N	19	19
f-cldivit		A	60	46
f-cldivit		N	69	69
f-cldivtx		N	31	25
f-cldtnho		A	3105	2029
f-cldtnho		N	7972	5936
f-clostridioidesdifficile,nukleiinihappo(kval)		A	79	52
f-clostridiumdifficile,nukleiinihappo(kval),kiireellisenä		A	11	8
f-clostridiumdifficile,toksigeeni,nukleiinihappo		N	7	6
f-clostridiumdifficile,toksiinigeeni,nu.h(kval		A	14	13
f-clostridiumdifficile,toksiinigeeni,nukleiinihappo(kval)		A	47	36
f-clostridiumdifficile,toksiinigeeni,nukleiinihappo(kval)		N	113	103
f-clostridiumdifficile,toksiinigeeni,nukleiinihappo(kval),ulosteesta		N	7	7
f-clostridiumdifficile,toksiinigeeni,nukleiinihappo(kval),ulosteesta(ko)		N	6	6
f-clostridiumdifficile,viljely		N	35	33
f-clostridiumdifficile,viljelyjatoksiininosoittaminen		N	11	11
f-clpevi		A	12	11
f-crypag		N	6	6
f-crypnho		A	36	35
f-crypnho		N	98	90
f-cryptosporidium(c.parvumjac.hominis),nukleiinihappo-osoitus		N	52	47
f-cryptosporidium(c.parvumjac.hominis)nukleiinihappo-osoitus		N	10	9
f-cryptosporidiumparvum,nukleiinihappo		N	22	17
f-cryptosporidiumspp.(c.parvum/c.hominis)nho		N	9	9
f-cryptosporidiumspp.(c.parvum/c.hominis)nukl.haponos		N	10	10
f-cryptosporidiumspp.,nukleiinihappo(kval)		N	19	16
f-cryptosporodiumin,nukleiinihappo		N	11	11
f-crypvr		A	18	17
f-crypvr		N	14	13
f-cyclnho		N	8	8
f-cyclosporacayetanensis,nukleiinihappo(kval)		N	28	23
f-cyclosporacayetanensis,nukleiinihappo(kval),osatutk.		N	9	9
f-diennho		A	91	61
f-diennho		N	29	26
f-dientamoeabafragilis,nukleiinihappo(kval)		N	8	6
f-dientamoebafragilis,nukleiinihappo		A	16	13
f-dientamoebafragilis,nukleiinihappo		N	13	13
f-dientamoebafragilis,nukleiinihappo(kval)		N	10	10
f-difrnho		A	23	14
f-difrnho		N	14	14
f-eaec(enteroaggregatiivinene.coli),nukleiinihappo(kval)		N	22	20
f-ehec		N	15	12
f-ehec(enterohemorraaginene.coli),nukl.haponos		N	29	28
f-ehecnho		A	7	6
f-ehecnho		N	111	105
f-ehecvtx		A	82	36
f-ehecvtx		N	8	7
f-ehisnho		N	54	47
f-ehistnh		N	9	8
f-ehistnho		N	27	27
f-elast1	ug/g	A	3104	2028
f-elast1	ug/g	H	171	114
f-elast1	ug/g	L	963	670
f-elast1	ug/g	N	1239	1130
f-elast1		A	1795	1232
f-elast1		H	110	90
f-elast1		L	363	341
f-elast1		N	965	892
f-elastaasi-1	ug/g	A	12	8
f-elastaasi-1	ug/g	L	24	20
f-elastaasi-1	ug/g	N	19	18
f-elastaasi-1		N	13	13
f-elastaasi1	ug/g	A	92	72
f-elastaasi1	ug/g	N	24	24
f-elastaasi1		A	9	6
f-elastaasi1		N	24	23
f-entamoebahistolytica,nukleiinihappo		N	32	27
f-entamoebahistolytica,nukleiinihappo(kval)		N	18	17
f-entamoebahistolytica,nukleiinihappo-osoitus		N	62	56
f-entamoebahistolyticanukl.haponos.		N	12	12
f-entamoeban,nukleiinihappo		N	11	11
f-entanho		N	7	7
f-enterohemorraaginene.coli,nukl.haponosoitus		N	44	28
f-enterotoksigeeninene.coli,nukl.haponosoitus		N	44	28
f-enve-o		A	12	9
f-enve-o		N	167	111
f-epec(enteropatogeeninene.coli),nukleiinihappo(kval)		A	14	12
f-epec(enteropatogeeninene.coli),nukleiinihappo(kval)		N	10	9
f-epec(enteropatogeeninene.coli),nukleiinihappo(kval),osatutk.		N	11	11
f-etec(enterotoksigeeninene.coli),nukl.haponos		N	29	28
f-etecnho		N	111	105
f-fentamoebahistolytica,nukleiinihappo(kval)		N	10	7
f-giarag		N	6	6
f-giardialambia,nukleiinihappo(kval)		N	10	7
f-giardialamblia,nukleiinihappo		N	23	18
f-giardialamblia,nukleiinihappo(kval)		N	27	26
f-giardialamblia,nukleiinihappo-osoitus		N	62	56
f-giardialamblianukleiinihappo		N	127	106
f-giardian,nukleiinihappo		N	11	11
f-giarnho		A	15	7
f-giarnho		N	101	92
f-gicrag		N	11	10
f-gryptosporidium		N	118	97
f-hb-hum		A	202	93
f-hb-o		A	187	134
f-hb-o		N	257	127
f-hb-o-2		A	12	12
f-hb-o-3		A	15	14
f-hb-o2		A	26	25
f-hb-o3		A	31	30
f-helicobacterpylori,antigeeni		A	108	95
f-helicobacterpylori,antigeeni		N	180	160
f-hemoglobiini(kval)(ko)		N	112	42
f-hemoglobiini,ihmisen		N	13	9
f-hemoglobiini,ihmisen(kval)		A	36	25
f-hemoglobiini,ihmisen(kval)		N	80	55
f-hemoglobiini,ihmisen(kval)(pi)		A	17	10
f-hemoglobiini,ihmisen(kval)(pi)		N	72	32
f-hemoglobiini,ihmisen(kval),ulosteesta		N	35	20
f-hemoglobiini,ihmisen(kvan)		N	73	48
f-hemoglobiini,ihmisen(kvant)		N	27	13
f-hemoglobiini2		N	9	8
f-hemoglobiiniihmisen(kval)		A	9	9
f-hemoglopiini3		N	9	8
f-hepyag		A	1604	1265
f-hepyag		N	7132	6203
f-hhb	ug/g	H	318	257
f-hhb		N	251	161
f-hhb-1		N	400	320
f-hhb-2		N	400	320
f-hhb-o	form	N	16	8
f-hhb-o		A	4214	2392
f-hhb-o		N	8997	4243
f-hhb-o1		N	23	23
f-hhb-o2		N	25	25
f-hhb-o3		N	25	25
f-hiivavi		N	11	11
f-kalprotektiini	ug/g	A	331	227
f-kalprotektiini	ug/g	H	125	116
f-kalprotektiini	ug/g	N	288	280
f-kalprotektiini		N	88	84
f-kalprotektiini,feia	ug/g	A	371	214
f-kalprotektiini,ulosteesta	ug/g	A	320	237
f-kalprotektiini,ulosteesta	ug/g	N	49	48
f-kalprotektiini,ulosteesta		A	37	33
f-kalprotektiini,ulosteesta		N	24	24
f-kamp-vi		N	6	6
f-kystat		A	363	212
f-kystat		N	458	263
f-kystat/f-parasiitit		N	100	61
f-madonmunatjatoukat		N	35	19
f-madonmunatjatoukat/f-parasiitit		N	100	61
f-mikrobit,nukleiinihaponosoitus(kval)ulosteesta		A	20	19
f-mm-o		N	54	27
f-mm-touk		N	371	217
f-norogi		N	37	29
f-norogii		A	27	25
f-norogii		N	24	22
f-noronho		A	1178	1081
f-noronho		N	2254	1948
f-norovirus,nukleiinihappo		N	34	31
f-norovirus,nukleiinihappo(kval)		A	199	181
f-norovirus,nukleiinihappo(kval)		N	32	31
f-pakkasl		N	19	13
f-para-o		A	356	231
f-para-o		N	1999	1287
f-paranho		A	660	416
f-paranho		N	3241	2811
f-paranho.		A	9	9
f-parasiitit		N	7	7
f-parasiitit(kval)		A	10	9
f-parasiitit(kval)		N	18	13
f-perfrvi		A	18	18
f-plesiomonasshigelloides,nukl.haponos		N	9	9
f-plesiomonasshigelloides,nukl.haponosoitus		N	44	28
f-plesiomonasshigelloides.,nukl.haponos		N	20	19
f-plesnho		N	110	104
f-pporf	nmol/g	A	12	9
f-projekti		N	47	28
f-rotaag		A	8	8
f-rotaag		N	170	117
f-rotanho		A	6	6
f-rotanho		N	48	48
f-rotavirus,nukleiinihappo		N	267	212
f-rotavirus,nukleiinihappo(kval)		N	10	10
f-rotavirus,nukleiinihappo(kval),osatutk.		N	12	12
f-rotavirusnukleiinihappo		N	20	17
f-salmjvi		A	6	6
f-salmnho		N	162	144
f-salmonella,viljely		N	396	297
f-salmonellaspp.,nukl.haponos		N	29	28
f-salmonellaspp.,nukl.haponosoitus		N	44	28
f-salmvi	form	N	17	10
f-salmvi		A	335	152
f-salmvi		N	3728	2642
f-saponho		A	31	25
f-saponho		N	47	47
f-sapovirus,nukleiinihappo		N	6	6
f-sapovirus,nukleiinihappo(kval)		N	10	10
f-sapovirus,nukleiinihappo(kval),osatutk.		N	12	12
f-shigella,viljely		N	300	287
f-shigellaspp./eiec(enteroinvasiivinene.coli),nukl.haponos		N	20	19
f-shigellaspp./eiec(enteroinvasiivinene.coli)nukl.haponos		N	12	12
f-shigellaspp./enteroinvasiivinene.coli,nukl.haponosoitus		N	44	28
f-shignho		N	108	102
f-shigvi		A	17	13
f-shigvi		N	455	427
f-soke-o		N	7	6
f-stafvi		A	6	6
f-transf2		A	12	12
f-transf3		A	13	13
f-transfo		A	29	27
f-tricna		N	256	224
f-tutk		N	13	9
f-uloste		N	40	36
f-ulosteenbakteeripatogeenit,nukleiinihaponosoitus		A	50	50
f-ulosteenbakteeripatogeenit,nukleiinihaponosoitus		N	20	20
f-ulosteenbakteeripatogeenit,nukleiinihaponosoitus,ulosteesta		N	12	12
f-ulosteenparasiitit,nukleiinihappo(kval),ulosteesta		N	13	9
f-veri-o		A	42	28
f-vibrioparahaemolyticusnukleiinihappo(kval)		N	11	9
f-vibrioparahaemolyticusnukleiinihappo(kval),osatutk.		N	10	10
f-vibriospp,nukl.haponosoitus		N	44	28
f-vibriospp.(vulnificus/parahaemolyticus/cholerae),nukl.haponos		N	20	19
f-vibriospp.(vulnificus/parahemolyticus/cholerae)nukl.ha		N	9	9
f-vibriovulnificusnukleiinihappo(kval)		N	11	9
f-vibriovulnificusnukleiinihappo(kval),osatutk.		N	11	11
f-vibrnho		N	109	103
f-virag		N	144	92
f-virnho		A	189	151
f-virnho		N	49	48
f-viruspatogeenit,nukleiinihaponosoitus(kval)		N	13	12
f-viruspatogeenit,nukleiinihappo(kval)		A	125	111
f-vre-vi		N	8	7
f-yersinia,nukleiinihappo(kval),osatutk.		N	9	9
f-yersinia,viljely		N	295	285
f-yersiniaenterocolitica,,nukl.haponos		N	9	9
f-yersiniaenterocolitica,nukl.haponosoitus		N	44	28
f-yersiniaenterocolitica.,nukl.haponos		N	20	19
f-yersnho		A	10	9
f-yersnho		N	110	104
f-yersvi		A	109	108
f-yersvi		N	453	431
farmakogeneettinenlaajatesti		N	8	8
farmakogeneettinenlaajatestipaneeli		N	36	36
farmakogeneettinenlaajatestipaneeli,dna-tutkimusverestä		N	38	38
farmakogeneettinenpaketti		N	6	6
farmakogeneettinenpaneeli		N	10	10
farmakogeneettinenpaneelitutkimus		N	69	69
fb-b1-vit	nmol/l	A	116	105
fb-b1-vit	nmol/l	H	21	21
fb-b1-vit	nmol/l	L	8	8
fb-b1-vit	nmol/l	N	626	595
fb-b1-vit	ug/l	A	51	46
fb-b1-vit	ug/l	H	9	9
fb-b1-vit	ug/l	N	137	123
fb-b1-vit		H	6	6
fb-b1-vit		N	22	16
fb-b1-vitamiini	nmol/l	N	15	15
fb-b6-vit	nmol/l	A	251	197
fb-b6-vit	nmol/l	H	76	65
fb-b6-vit	nmol/l	N	9	9
fb-b6-vit		A	90	76
fb-b6-vit		N	8	8
fb-b6-vit-vitamiini	nmol/l	H	10	9
fb-b6-vitamiini	nmol/l	A	21	17
fb-b6-vitamiini	nmol/l	N	58	54
fb-folaat	nmol/l	A	10	9
fb-folaat	nmol/l	L	13	13
fb-folaat	nmol/l	N	156	151
fb-folaat		A	6	6
fb-folaat		N	250	242
fb-folaatti	nmol/l	N	40	39
fb-folaatti(k-pks:n)(ko)	nmol/l	N	9	9
fb-folat	nmol/l	N	247	218
fb-folat		N	11	11
fb-gluc	mmol/l	A	171	26
fb-gluk	mmol/l	A	193	60
fb-gluk	mmol/l	H	22	20
fb-gluk	mmol/l	N	45	37
fb-gluk		A	36	33
fb-gluk		N	40	38
fb-glukoosi120	mmol/l	N	10	10
fb-leuk	e9/l	A	16797	4171
fb-leuk	e9/l	H	67317	15214
fb-leuk	e9/l	HH	47	15
fb-leuk	e9/l	L	4681	1633
fb-leuk	e9/l	N	16637	4118
fb-leuk		A	883	435
fb-leuk		AA	46	33
fb-leuk		H	19571	6940
fb-leuk		L	1132	591
fb-leuk		N	2284	1152
fb-leukosyytit	e9/l	A	4367	2119
fb-leukosyytit	e9/l	H	9394	4296
fb-leukosyytit	e9/l	L	541	305
fb-leukosyytit	e9/l	N	34212	16856
fb-leukosyytit		A	9	8
fb-leukosyytit		N	61	61
fb-leukosyytit/ima	e9/l	A	20	20
fb-leukosyytit/ima	e9/l	N	84	74
fb-leukosyytitpvk:nosatutkimus	e9/l	A	40	38
fb-leukosyytitpvk:nosatutkimus	e9/l	N	296	214
fb-nh4-ion	umol/l	A	86	38
fb-nh4-ion	umol/l	L	11	10
fb-nh4-ion	umol/l	N	14	12
fb-nh4-ion		A	12	7
fb-nh4-ion		N	12	10
fc-glu-o	mmol/lliuska	H	9	9
fc-glu-o	mmol/lliuska	N	32	29
fe-b1-vitentsyymiaktiivisuus		N	10	10
fe-b2-vit	ug/l	N	99	87
fe-b2-vitentsyymiaktiivisuus		N	8	8
fe-b6-vitentsyymiaktiivisuus		N	12	11
fe-folaat	nmol/l	A	7615	6320
fe-folaat	nmol/l	AA	48	46
fe-folaat	nmol/l	H	1737	1570
fe-folaat	nmol/l	HH	96	81
fe-folaat	nmol/l	L	211	203
fe-folaat	nmol/l	N	4021	3372
fe-folaat		A	5590	4675
fe-folaat		H	977	884
fe-folaat		HH	96	90
fe-folaat		L	184	175
fe-folaat		N	901	845
fe-folaat,fe-folaat	nmol/l	N	27	23
fe-folaatt	nmol/l	A	34	30
fe-folaatti	nmol/l	N	14	13
fe-folat	nmol/l	A	13	12
fe-folat	nmol/l	N	58	49
ferritiini	ug/l	A	85	72
ferritiini	ug/l	N	349	301
ferritiini		N	23	17
ferritiini(ferrit)	ug/l	A	16	13
ferritiini(ferrit)	ug/l	N	78	67
ferritiini,seerumista	ug/l	N	22	18
fev1	l	N	23	17
fev1		N	22	21
fh-audio		N	94	78
fh-synsc		N	41	33
fibriinid-dimeerit,plasmasta,pikatutkimus	mg/l	N	7	7
fibriinind-dimeerit	mg/l	A	8	6
fibriinind-dimeerit	mg/l	N	16	15
fibriinind-dimeerit		N	12	12
fibriinind-dimeerit,pikatesti(3939b-fidd-o)	mg/l	N	15	15
fibriinind-dimeerit,pikatesti(b-fidd-o)	mg/l	A	11	9
fibriinind-dimeerit,pikatesti(b-fidd-o)	mg/l	N	62	57
fibriinind-dimeerit,pikatesti(b-fidd-o)		N	8	8
fibriinind-dimeerit,pikatesti(fidd-o)	mg/l	A	11	10
fibriinind-dimeerit,pikatesti(fidd-o)	mg/l	N	31	31
fibriinind-dimeerit,pikatesti,veri	mg/l	A	70	65
fibriinind-dimeerit,pikatesti,veri		A	6	6
fibriinind-dimeerit,pikatesti,veri(23283b-fidd-pt)	mg/l	A	13	11
fibriinind-dimeerit,pikatesti,veri(23283b-fidd-pt)	mg/l	N	46	42
fibriinind-dimeerit,pikatesti,veri(3939b-fidd-pt)	mg/l	N	6	6
fibriinind-dimeerit,pikatutkimus	mg/l	H	10	8
fibriinind-dimeerit,plasmasta	mg/l	H	56	45
fibriinind-dimeerit,plasmasta(4113p-fidd)	mg/l	N	6	6
fibriinind-dimeerit,plasmasta(4113p-fidd)		N	15	13
fibriinind-dimeerit,plasmasta(fidd)	mg/l	N	7	7
fibriinind-dimeerit,plasmasta(fidd)		N	10	10
fibriinind-dimeerit,plasmasta(p-fidd)	mg/l	N	16	16
fibriinind-dimeerit,plasmasta(p-fidd)		N	19	19
fibriinind-dimeerit,plasmasta,pikatutkimus	mg/l	A	18	18
fibriinind-dimeerit,vieritestikokoverestä		N	9	9
fibriinind-dimeerit,vieritutkimus	mg/l	H	8	8
fibriinind-dimeerit,vieritutkimus	mg/l	N	8	8
fibrillariini-vasta-aineet		N	7	7
fibrinogeeni,hus	g/l	A	6	6
fibrosis-4-indeksi		N	167	127
fibrosis-4indeksi		A	48	37
fibrosis-4indeksi		N	211	208
fibtem/a10	mm	A	24	23
fibtem/a10	mm	N	8	6
fibtem/a15	mm	A	26	23
fibtem/a15	mm	N	8	6
fibtem/a5	mm	A	20	19
fibtem/a5	mm	N	8	6
fibtem/mcf	mm	A	29	26
fl-bakteeri,värjäys		A	43	38
fl-bakteeri,värjäys(jorvinpyyntö)		A	111	104
fl-baktvr		A	2464	1916
fl-baktvr		N	2040	1560
fl-candidanatiivi(kval)		A	48	44
fl-candidanatiivi(kval)		N	208	187
fl-candvi		A	231	194
fl-clue		A	26	22
fl-clue-o		A	114	97
fl-clue-o		N	202	183
fl-flag		A	24	19
fl-flagnat		A	20	13
fl-fluortutkimus		N	21	20
fl-gyn-hoi		N	54	53
fl-hiiva,viljely		A	61	57
fl-hiivana		A	21	19
fl-hiivavi		A	942	816
fl-hiivavi		N	1403	1176
fl-hiivaviljely		A	7	7
fl-hiivaviljely		N	7	7
fl-hiivaviljely,emätineritteestä		N	9	7
fl-koh		A	10	9
fl-leuk		A	121	86
fl-notto		N	10	10
fl-str-bvi		N	128	115
fl-strbnho		A	606	547
fl-strbnho		N	5578	4748
fl-strbvi		A	541	481
fl-strbvi		N	183	166
fl-streptococcusagalactiae(b),viljely		A	7	7
fl-streptococcusagalactiae(b),viljely		N	35	35
fl-streptococcusagalactiaeb,viljely,emätinerit		A	50	50
fl-streptococcusagalactie(b),nukleiinihaponosoitus		A	9	8
fl-streptococcusagalactie(b)nukleiinihappo		A	16	14
fl-tric-na		A	22	10
fl-trihina		A	37	34
fl-trihina		N	998	692
fl-trihivi		N	293	170
fluorinhiivaviljely		A	14	12
folaatti	nmol/l	A	7	7
folaatti	nmol/l	N	44	44
folaatti		N	20	19
folaatti(fe-folaat)	nmol/l	A	28	27
folaatti(fe-folaat)	nmol/l	N	292	266
folaatti(fe-folaat)		A	11	10
folaatti,seerumi		N	16	15
follikkeliastimuloivahormoni	u/l	N	41	38
fosfaatti,epäorgaaninen	mmol/l	H	48	24
fosfaatti,epäorgaaninen	mmol/l	L	12	11
fosfaatti,epäorgaaninen	mmol/l	N	212	176
fosfatidyylietanoli	umol/l	A	550	353
fosfatidyylietanoli	umol/l	H	196	156
fosfatidyylietanoli	umol/l	N	532	430
fosfatidyylietanoli		A	91	58
fosfatidyylietanoli		N	472	424
fosfatidyylietanoli(12510b-peth)	umol/l	A	9	8
fosfatidyylietanoli(12510b-peth)	umol/l	N	15	13
fosfatidyylietanoli(12510b-peth)		N	26	12
fosfatidyylietanoli,verestä	umol/l	A	443	279
fosfatidyylietanoli,verestä	umol/l	H	873	597
fosfatidyylietanoli,verestä	umol/l	N	1595	1444
fosfatidyylietanoli,verestä		A	28	26
fosfatidyylietanoli,verestä		N	1086	1037
fosfatidyylietanoli,verestätth	umol/l	A	7	7
fosfatidyylietanoli,verestätth	umol/l	N	28	26
fosfatidyylietanoli,verestätth		N	66	62
fosfatidyylietanoli,veri	umol/l	A	142	93
fosfatidyylietanoli,veri	umol/l	H	12	11
fosfatidyylietanoli,veri		A	20	18
fosfori,kokoveren	mmol/l	N	308	248
fp-1-mehis		N	17	15
fp-a-vit	umol/l	A	90	57
fp-a-vit	umol/l	N	14	12
fp-a-vit		A	8	7
fp-aa/epasuhdeluku		N	9	8
fp-aab	umol/l	N	17	15
fp-afos	u/l	A	71	39
fp-ala	umol/l	N	15	13
fp-alat	u/l	A	363	185
fp-aldos	pmol/l	A	53	47
fp-aldos	pmol/l	H	24	20
fp-aldos	pmol/l	N	56	43
fp-aldos		N	14	13
fp-alfalinoleenihappo	%	N	10	9
fp-alle		N	16	14
fp-aminohh		N	82	21
fp-ammonium-ioni	umol/l	A	23	13
fp-amyl	u/l	A	9	7
fp-amylaasi	u/l	N	17	17
fp-arakidonihappo	%	N	10	9
fp-arg	umol/l	N	17	15
fp-asa		N	17	15
fp-asn	umol/l	N	17	15
fp-asp		N	12	12
fp-aspartaattiaminotransferaasi	u/l	N	8	8
fp-b6-vit	nmol/l	A	129	102
fp-b6-vit	nmol/l	H	82	73
fp-b6-vit	nmol/l	N	103	92
fp-b6-vit		A	89	82
fp-b6-vit		H	58	50
fp-b6-vit		L	19	13
fp-b6-vit		N	277	229
fp-bala		N	16	14
fp-bil	umol/l	A	25	18
fp-c-pept	nmol/l	A	738	568
fp-c-pept	nmol/l	H	13	13
fp-c-pept	nmol/l	L	11	11
fp-c-pept	nmol/l	N	320	254
fp-c-pept		A	288	269
fp-ca	mmol/l	A	7191	3678
fp-ca	mmol/l	H	637	496
fp-ca	mmol/l	L	251	206
fp-ca	mmol/l	N	4155	3724
fp-ca		A	1523	1006
fp-ca		N	176	168
fp-ca-albk	mmol/l	A	7	7
fp-ca-ion	mmol/l	A	257	143
fp-ca-ion.	mmol/l	H	557	169
fp-ca-ion.	mmol/l	L	11840	2488
fp-ca-ion.	mmol/l	LL	635	199
fp-ca-ion.		L	23	21
fp-ca-iona	mmol/l	N	16	12
fp-cga	nmol/l	A	4120	1354
fp-cga	nmol/l	H	1113	528
fp-cga	nmol/l	N	2340	1069
fp-cga		A	136	103
fp-cga		H	18	12
fp-cga		N	49	35
fp-ck	u/l	A	8	7
fp-crp	mg/l	A	431	149
fp-ctx	ng/l	N	8	8
fp-ctx	ug/l	A	88	81
fp-ctx	ug/l	H	11	9
fp-ctx	ug/l	N	259	207
fp-ctx		A	67	59
fp-ctx		H	10	10
fp-ctx		L	10	9
fp-ctx		N	60	56
fp-cys	umol/l	N	17	15
fp-dihomo-gamma-linoleenihappo	%	N	10	9
fp-dokosaheksaeenihappo	%	N	10	9
fp-dokosapentaeenihappo	%	N	10	9
fp-e-vit	umol/l	A	15	10
fp-e-vit		A	11	8
fp-eiikoseenihappo	%	N	10	9
fp-eikosadieenihappo	%	N	10	9
fp-eikosapentaeenihappo	%	N	10	9
fp-fe	umol/l	A	26930	14323
fp-fe	umol/l	H	882	692
fp-fe	umol/l	L	18296	10237
fp-fe	umol/l	N	37544	18683
fp-fe		A	2605	2039
fp-fe		H	92	80
fp-fe		L	1392	1126
fp-fe		N	3043	2334
fp-folaat	nmol/l	A	270	224
fp-folaat	nmol/l	N	39	39
fp-fosfaatti	mmol/l	A	300	112
fp-fosfaatti,epäorgaaninen	mmol/l	A	693	154
fp-fosfaatti,epäorgaaninen	mmol/l	N	11	8
fp-fras		N	11	11
fp-gamma-linoleenihappo	%	N	9	8
fp-gastpan		N	60	60
fp-gastr17	pmol/l	N	7	7
fp-gastr17		L	6	6
fp-gln	umol/l	N	12	12
fp-glu	umol/l	N	16	14
fp-gluk	mmol/	N	8	8
fp-gluk	mmol/l	A	379239	112786
fp-gluk	mmol/l	AA	6	6
fp-gluk	mmol/l	H	244077	84403
fp-gluk	mmol/l	HH	273	240
fp-gluk	mmol/l	L	1236	1092
fp-gluk	mmol/l	N	257753	137343
fp-gluk	nmol/l	A	280	165
fp-gluk	nmol/l	N	6	6
fp-gluk		A	145167	45440
fp-gluk		H	58260	29228
fp-gluk		HH	83	78
fp-gluk		L	480	404
fp-gluk		N	31431	19945
fp-gluk(0)	mmol/l	H	6	6
fp-gluk,fc	mmol/l	H	50	34
fp-gluk,fc	mmol/l	N	46	36
fp-gluk,tk		H	540	443
fp-gluk,tk		N	657	634
fp-gluk-0	mmol/l	A	22	22
fp-gluk-0	mmol/l	H	10	10
fp-gluk-0	mmol/l	N	12	12
fp-gluk-0h	mmol/l	A	88	76
fp-gluk-1	mmol/l	A	6	6
fp-gluk-2	mmol/l	A	8	7
fp-gluk-2	mmol/l	H	30	29
fp-gluk-2	mmol/l	N	74	60
fp-gluk-2h	mmol/l	A	37	34
fp-gluk-2h	mmol/mol	A	18	14
fp-gluk-o	mmol/l	H	36	35
fp-gluk-o	mmol/l	N	68	53
fp-gluk-p	mmol/l	H	188	142
fp-gluk-p	mmol/l	N	203	158
fp-gluk-p3		H	10	9
fp-gluk-p3		N	19	14
fp-gluk-sn	mmol/l	N	1397	180
fp-gluk-sn		N	27	21
fp-gluk/0	mmol/l	A	15	15
fp-gluk/0	mmol/l	N	131	118
fp-gluk/0		N	43	36
fp-gluk0	mmol/l	A	169	161
fp-gluk0	mmol/l	N	13	13
fp-gluk0		A	112	109
fp-gluk0,osatutk.		N	57	50
fp-glukoosi	mmol/l	A	9137	6482
fp-glukoosi	mmol/l	H	135	122
fp-glukoosi	mmol/l	N	1785	1536
fp-glukoosi	nmol/l	N	7	7
fp-glukoosi		A	1342	840
fp-glukoosi		N	15	15
fp-glukoosi(gluk.ras0)	mmol/l	A	137	131
fp-glukoosi(gluk.ras0)	mmol/l	N	89	88
fp-glukoosi(gluk.ras2h)	mmol/l	A	73	69
fp-glukoosi(gluk.ras2h)	mmol/l	N	152	148
fp-glukoosi,0-näyte	mmol/l	A	6	6
fp-glukoosi,0-näyte	mmol/l	H	6	6
fp-glukoosi,0-näyte	mmol/l	N	37	36
fp-glukoosi,120-näyte	mmol/l	N	23	22
fp-glukoosi,paastonäyte	mmol/l	H	4194	3391
fp-glukoosi,paastonäyte	mmol/l	L	9	9
fp-glukoosi,paastonäyte	mmol/l	N	5401	4953
fp-glukos	mmol/l	A	422	165
fp-glukos	mmol/l	N	555	306
fp-glukr0h	mmol/l	H	29	27
fp-glukr0h	mmol/l	N	9	9
fp-glukr0h		H	13	13
fp-glukr2h	mmol/l	H	12	11
fp-glukr2h	mmol/l	N	10	9
fp-glutamyylitransferaasi	u/l	H	47	26
fp-glutamyylitransferaasi	u/l	N	55	29
fp-gt	u/l	A	218	104
fp-gt		A	11	9
fp-hcyst	umol/l	A	20	19
fp-hcyst	umol/l	N	10	10
fp-his	umol/l	N	16	15
fp-ile	umol/l	N	14	12
fp-insu	mu/l	A	330	270
fp-insu	mu/l	H	9	9
fp-insu	mu/l	N	169	150
fp-insu		A	28	26
fp-jgluk	mmol/l	A	76	76
fp-k	mmol/l	A	279	154
fp-kalsium	mmol/l	N	20	19
fp-kalsium(ko)	mmol/l	N	10	10
fp-kalsium(pi)	mmol/l	N	27	24
fp-kalsium,ionisoitunut	mmol/l	A	38	23
fp-kalsium,ionisoitunut		N	14	14
fp-kol	mmol/l	A	187797	87179
fp-kol	mmol/l	H	108048	61726
fp-kol	mmol/l	N	187941	98651
fp-kol		A	41150	22666
fp-kol		H	16298	11854
fp-kol		N	13230	9426
fp-kol-hd	mmol/l	A	6	6
fp-kol-hd	mmol/l	N	89	87
fp-kol-hdl	mmol/l	A	103033	44740
fp-kol-hdl	mmol/l	AA	9	7
fp-kol-hdl	mmol/l	H	5704	4175
fp-kol-hdl	mmol/l	L	43709	26605
fp-kol-hdl	mmol/l	N	227958	114953
fp-kol-hdl		A	18812	10373
fp-kol-hdl		H	4547	3290
fp-kol-hdl		L	2833	2246
fp-kol-hdl		N	16963	11619
fp-kol-ind		A	1486	1103
fp-kol-ind		N	1885	1220
fp-kol-ldl	mmol/	N	15	15
fp-kol-ldl	mmol/l	A	183663	83670
fp-kol-ldl	mmol/l	AA	18	17
fp-kol-ldl	mmol/l	H	118001	64777
fp-kol-ldl	mmol/l	N	204627	104672
fp-kol-ldl		A	35568	19176
fp-kol-ldl		H	26428	16357
fp-kol-ldl		N	10096	7411
fp-kol-paketti		N	1281	1078
fp-kolesteroli	mmol/l	A	3868	3118
fp-kolesteroli	mmol/l	H	27	27
fp-kolesteroli	mmol/l	N	1741	1540
fp-kolesteroli		A	562	480
fp-kolesteroli,highdensitylipoproteiinit	mmol/l	A	2939	2409
fp-kolesteroli,highdensitylipoproteiinit	mmol/l	L	11	10
fp-kolesteroli,highdensitylipoproteiinit	mmol/l	N	4223	3414
fp-kolesteroli,highdensitylipoproteiinit		A	65	59
fp-kolesteroli,highdensitylipoproteiinit(ko)	mmol/l	N	13	13
fp-kolesteroli,highdensitylipoprotein,plasmasta	mmol/l	A	161	124
fp-kolesteroli,highdensitylipoprotein,plasmasta	mmol/l	N	575	441
fp-kolesteroli,lowdensitylipoproteiinit	mmol/l	A	1450	1197
fp-kolesteroli,lowdensitylipoproteiinit	mmol/l	N	728	630
fp-kolesteroli,lowdensitylipoproteiinit		A	106	96
fp-kolesteroli,lowdensitylipoproteiinit		N	16	15
fp-kolesteroli,lowdensitylipoproteiinit,paastotilassa	mmol/l	A	38	32
fp-kolesteroli,lowdensitylipoproteiinit,paastotilassa	mmol/l	H	27	26
fp-kolesteroli,lowdensitylipoproteiinit,paastotilassa	mmol/l	N	183	128
fp-kolesteroli,lowdensitylipoproteiinit,suora	mmol/l	A	409	348
fp-kolesteroli,lowdensitylipoprotein	mmol/l	A	2394	1800
fp-kolesteroli,lowdensitylipoprotein	mmol/l	N	86	75
fp-kolesteroli,lowdensitylipoproteinit	mmol/l	N	32	30
fp-kolesteroli,lowdensitylipoproteinit		A	59	49
fp-kolesteroli,plasma	mmol/l	A	17	17
fp-kolesteroli,plasma	mmol/l	N	35	35
fp-kolesteroli,plasma		A	32	28
fp-kolhdl	mmol/l	A	148	75
fp-kollageenii:nbeta-karboksiterminaalinentelopeptidi	ug/l	N	124	117
fp-krea	umol/l	A	226235	25773
fp-krea	umol/l	H	9029	4959
fp-krea	umol/l	L	516	413
fp-krea	umol/l	N	45781	29044
fp-krea		A	2596	1008
fp-krea		H	816	235
fp-krea		N	2960	1461
fp-kreatiniini	umol/l	A	53	31
fp-kreatiniini	umol/l	H	156	68
fp-kreatiniini	umol/l	L	60	19
fp-kreatiniini	umol/l	N	672	431
fp-kromograniinia	nmol/l	A	28	13
fp-laktaat	mmol/l	A	4459	2608
fp-laktaat	mmol/l	H	28938	6383
fp-laktaat	mmol/l	L	13690	3667
fp-laktaat	mmol/l	N	235794	22810
fp-laktaat		A	117	75
fp-laktaat		H	310	196
fp-laktaat		HH	6	6
fp-laktaat		N	1250	518
fp-laktaatti	mmol/l	A	362	265
fp-leu	umol/l	N	13	12
fp-linoleenihappo	%	N	9	8
fp-lipaas	u/l	A	419	143
fp-lipaas	u/l	H	35	21
fp-lipaas	u/l	N	615	128
fp-lipaas		A	22	14
fp-lipaasi	u/l	A	38	18
fp-lipider		N	1064	760
fp-lipidit		N	63520	21933
fp-lipidit(pi)		N	1067	628
fp-lipoa1	g/l	N	7	6
fp-lys	umol/l	N	13	11
fp-mabi-la		N	14	12
fp-meth	umol/l	N	16	14
fp-myristiinihappo	%	N	9	8
fp-na	mmol/l	A	920	283
fp-nh4-ion	umol/l	A	5714	1610
fp-nh4-ion	umol/l	H	2059	662
fp-nh4-ion	umol/l	N	3348	1909
fp-nh4-ion		A	281	126
fp-nh4-ion		H	127	56
fp-nh4-ion		N	614	536
fp-non-hdl		N	8	8
fp-ohbutyr	mmol/l	A	25	20
fp-oleiinihappo	%	N	9	8
fp-omega3-rasvahappojenkokonaismäärä	%	N	9	8
fp-omega6-rasvahappojenkokonaismäärä	%	N	9	8
fp-orn	umol/l	N	10	10
fp-palmitiinihappo	%	N	9	8
fp-palmitoleiinihappo	%	N	9	8
fp-parathomoni	ng/l	N	14	11
fp-parathormoni	ng/l	A	1756	729
fp-parathormoni	ng/l	H	169	137
fp-parathormoni	ng/l	N	274	259
fp-parathormoni	pmol/l	A	307	201
fp-parathormoni	pmol/l	N	8	8
fp-parathormoni		A	12	8
fp-parathormoni(intakti)	ng/l	A	104	53
fp-parathormoni,intakti	ng/l	A	264	191
fp-parathormoni,intakti	pmol/l	A	118	57
fp-parathormoni,intakti	pmol/l	H	50	33
fp-pepsin1	ug/l	N	86	86
fp-pepsin1		A	7	6
fp-pepsin2	ug/l	N	11	10
fp-ph		N	22	17
fp-phe	umol/l	N	17	15
fp-pi	mmol/l	A	62550	9589
fp-pi	mmol/l	H	5400	1467
fp-pi	mmol/l	L	1866	913
fp-pi	mmol/l	N	13060	6045
fp-pi		A	2064	1074
fp-pi		H	161	102
fp-pi		L	122	97
fp-pi		N	781	577
fp-pro	umol/l	N	16	14
fp-pser		N	15	14
fp-pth	ng/l	A	53868	10744
fp-pth	ng/l	H	28335	6748
fp-pth	ng/l	HH	50	17
fp-pth	ng/l	L	1136	583
fp-pth	ng/l	N	13415	7640
fp-pth	pmol/l	A	16044	3207
fp-pth	pmol/l	H	4402	1493
fp-pth	pmol/l	L	114	90
fp-pth	pmol/l	N	1229	1062
fp-pth		A	6910	2861
fp-pth		H	1307	855
fp-pth		L	427	207
fp-pth		N	742	628
fp-pth-int	ng/l	A	26	9
fp-pthint	ng/l	A	19	7
fp-pthint	pmol/l	A	819	169
fp-rasvahappoprofiili		N	10	9
fp-rauta	umol/l	A	1131	787
fp-rauta	umol/l	L	48	39
fp-rauta	umol/l	N	337	276
fp-rauta		A	19	16
fp-rauta(osat.)	umol/l	A	34	31
fp-rauta(osat.)	umol/l	N	254	210
fp-reniini,konsentraatio	mu/l	A	91	64
fp-reniini,konsentraatio	mu/l	H	26	21
fp-reniini,konsentraatio	mu/l	L	20	14
fp-reniini,konsentraatio	mu/l	N	100	73
fp-renin	mu/l	A	52	38
fp-renin		A	21	21
fp-renin		H	46	38
fp-renin		L	9	8
fp-renin-m	mu/l	A	20	20
fp-renin-m		A	8	8
fp-renin-p	mu/l	A	304	239
fp-renin-p		A	135	115
fp-reninm	mu/l	A	497	334
fp-reninm	mu/l	H	53	45
fp-reninm	mu/l	L	51	42
fp-reninm	mu/l	N	20	19
fp-reninm		A	46	41
fp-reninm		H	9	7
fp-reninm		L	17	16
fp-reninm		N	14	12
fp-reumafaktori,määritys		N	15	14
fp-rf	iu/ml	A	23	20
fp-rf		A	6	6
fp-rf-o		A	7	7
fp-ser	umol/l	N	15	13
fp-sit	umol/l	N	11	11
fp-stearidonihappo	%	N	9	8
fp-steariinihappo	%	N	9	8
fp-taur	umol/l	N	16	14
fp-thr	umol/l	N	14	13
fp-trans	g/l	A	15	12
fp-trans	g/l	N	41	36
fp-transf	g/l	A	26794	10394
fp-transf	g/l	H	2478	1906
fp-transf	g/l	L	13404	6042
fp-transf	g/l	LL	12	6
fp-transf	g/l	N	39836	20595
fp-transf		A	1777	1440
fp-transf		H	379	331
fp-transf		L	680	547
fp-transf		N	4097	2995
fp-transferriini	g/l	A	825	512
fp-transferriini	g/l	N	126	111
fp-transferriini(pi)	g/l	N	12	12
fp-transferriininrautakyllästeisyys	%	A	910	675
fp-transferriininrautakyllästeisyys	%	H	7	7
fp-transferriininrautakyllästeisyys	%	L	112	97
fp-transferriininrautakyllästeisyys	%	N	493	376
fp-transferriininrautakyllästeisyys(pi)	%	N	10	10
fp-transferriininrautakyllästeisyys,plasmasta	%	A	24	22
fp-transferriininrautasaturaatio	%	A	169	146
fp-trfe-sa	%	A	396	267
fp-trfe-sa		A	87	56
fp-trfesat	%	A	11743	6937
fp-trfesat	%	H	1808	1280
fp-trfesat	%	L	14676	8716
fp-trfesat	%	N	27202	12764
fp-trfesat		A	335	274
fp-trfesat		H	37	24
fp-trfesat		L	289	253
fp-trfesat		N	49	47
fp-trigl	mmol/l	A	1974	558
fp-trigl	mmol/l	N	6592	1452
fp-trigl		N	89	86
fp-trigly	mmol/l	A	122671	53714
fp-trigly	mmol/l	AA	14	9
fp-trigly	mmol/l	H	59717	34296
fp-trigly	mmol/l	L	102	84
fp-trigly	mmol/l	N	213081	111094
fp-trigly		A	33281	17531
fp-trigly		H	10636	7530
fp-trigly		N	15679	10904
fp-triglyseridit	mmol/l	A	3349	2735
fp-triglyseridit	mmol/l	H	680	532
fp-triglyseridit	mmol/l	N	2544	2193
fp-triglyseridit		A	90	83
fp-triglyseridit,plasma	mmol/l	N	80	74
fp-triglyseridit,plasmasta,paastotilassa	mmol/l	A	22	20
fp-triglyseridit,plasmasta,paastotilassa	mmol/l	H	11	11
fp-triglyseridit,plasmasta,paastotilassa	mmol/l	N	152	119
fp-triglyseriditplasmasta	mmol/l	A	216	136
fp-triglyseriditplasmasta	mmol/l	N	1237	687
fp-triglyviitasaari	mmol/l	N	93	91
fp-trp	umol/l	N	17	15
fp-tyr	umol/l	N	17	15
fp-uraat	umol/l	A	57	36
fp-uraatti	umol/l	H	11	11
fp-uraatti	umol/l	N	16	16
fp-urea	mmol/l	A	87444	9958
fp-urea	mmol/l	H	7427	1462
fp-urea	mmol/l	L	78	57
fp-urea	mmol/l	N	2299	1158
fp-urea		A	4727	1850
fp-urea		H	411	268
fp-urea		N	100	94
fp-val	umol/l	N	14	13
fp-vip	pmol/l	A	34	23
fp-vip	pmol/l	N	76	70
fp-vip		N	10	10
fp-zn	umol/l	L	36	32
fp-zn	umol/l	N	98	91
frk-bak		N	16	13
fs--kalsium,ionisoitunut		N	84	74
fs-a-vit	umol/l	A	337	194
fs-a-vit	umol/l	H	82	48
fs-a-vit	umol/l	L	34	25
fs-a-vit	umol/l	N	1684	1046
fs-a-vit		A	15	12
fs-a-vit		H	7	6
fs-a-vit		L	6	6
fs-a-vit		N	99	88
fs-ace	u/l	A	5389	2607
fs-ace	u/l	H	1422	655
fs-ace	u/l	L	50	48
fs-ace	u/l	N	6658	3767
fs-ace		A	648	492
fs-ace		H	30	23
fs-ace		L	23	21
fs-ace		N	985	453
fs-alaniiniaminotransferaasi	u/l	H	52	29
fs-alaniiniaminotransferaasi	u/l	N	352	262
fs-alkalinenfosfataasi	u/l	H	29	10
fs-alkalinenfosfataasi	u/l	N	84	49
fs-angiotensiini-1-konvertaasi	u/l	A	40	26
fs-angiotensiini-1-konvertaasi	u/l	N	16	15
fs-apob/a1	ratioluku	H	30	20
fs-apob/a1	ratioluku	N	34	25
fs-apob/a1		A	98	94
fs-apob/a1		H	47	46
fs-apob/a1		N	9	9
fs-artriittitutkimuspaketti		N	18	16
fs-b12-vit	pmol/l	A	18	17
fs-b12-vitamiini	pmol/l	N	13	13
fs-bkarot	nmol/l	N	12	12
fs-bkarot	umol/l	N	318	259
fs-c-pept	nmol/l	A	2635	1367
fs-c-pept	nmol/l	H	710	288
fs-c-pept	nmol/l	L	605	350
fs-c-pept	nmol/l	N	4371	1813
fs-c-pept		A	629	500
fs-c-pept		H	46	44
fs-c-pept		L	96	88
fs-c-pept		N	620	572
fs-c-peptidi,proinsuliinin	nmol/l	N	16	16
fs-c-reaktiivinenproteiini	mg/l	H	207	51
fs-c-reaktiivinenproteiini	mg/l	N	34	20
fs-c-reaktiivinenproteiini		N	180	115
fs-ca	mmol/l	A	158	115
fs-ca	mmol/l	H	37	35
fs-ca++/7.40		A	1788	940
fs-ca++7.4	mmol/l	A	2409	575
fs-ca-7.40	mmol/l	A	297	113
fs-ca-ion	mmol/l	A	285	145
fs-ca-ion	mmol/l	H	37	30
fs-ca-ion	mmol/l	L	11	8
fs-ca-ion	mmol/l	N	111	101
fs-ca-ion		A	57	54
fs-ca-ion		N	305	205
fs-ca-ion/ph7.40	mmol/l	A	6897	2462
fs-ca-ion/ph7.40	mmol/l	N	17666	8293
fs-ca-ion/ph7.40		A	122	78
fs-ca-ion/ph7.40		N	103	94
fs-cga	nmol/l	A	2475	814
fs-cga	nmol/l	H	75	35
fs-cga	nmol/l	N	43	42
fs-cga		A	88	62
fs-ct	pmol/l	A	375	50
fs-ct	pmol/l	H	88	19
fs-ct	pmol/l	N	13	8
fs-ct		A	31	8
fs-ct		N	68	42
fs-e-vit	umol/l	A	866	425
fs-e-vit	umol/l	H	253	159
fs-e-vit	umol/l	L	31	13
fs-e-vit	umol/l	N	1233	840
fs-e-vit		A	23	7
fs-e-vit		H	27	26
fs-e-vit		N	72	65
fs-fe	umol/l	A	10771	5991
fs-fe	umol/l	H	183	169
fs-fe	umol/l	L	960	828
fs-fe	umol/l	N	3358	2699
fs-fe		A	325	229
fs-fe		AA	22	20
fs-fe		L	27	26
fs-fe		N	238	183
fs-ffa	mmol/l	A	38	30
fs-ffa	mmol/l	H	6	6
fs-folaat	nmol/l	A	9743	8316
fs-folaat	nmol/l	H	487	466
fs-folaat	nmol/l	HH	9	9
fs-folaat	nmol/l	L	5876	5262
fs-folaat	nmol/l	N	56426	41886
fs-folaat		A	3717	3376
fs-folaat		H	446	432
fs-folaat		L	1577	1479
fs-folaat		N	11578	9590
fs-folaatti	nmol/l	A	276	261
fs-folaatti	nmol/l	L	234	231
fs-folaatti	nmol/l	N	1538	1433
fs-folaatti		A	86	82
fs-folaatti		N	60	59
fs-gastr	pmol/l	A	261	145
fs-gastr	pmol/l	H	28	22
fs-gastr	pmol/l	N	140	98
fs-gastr		A	94	66
fs-gastr		N	22	16
fs-gastr17	pmol/l	N	10	10
fs-gastr17		H	12	12
fs-gastr17		L	32	30
fs-gastr17		N	51	51
fs-gh	ug/l	A	233	167
fs-gh	ug/l	H	38	24
fs-gh	ug/l	N	532	327
fs-gh		A	89	69
fs-gh		N	45	37
fs-gluk	mmol/l	A	1556	802
fs-gluk	mmol/l	H	2396	1417
fs-gluk	mmol/l	L	43	43
fs-gluk	mmol/l	N	5753	3924
fs-gluk		A	38	33
fs-gluk		L	21	21
fs-gluk		N	269	245
fs-glukoosi	mmol/l	A	156	133
fs-glukoosi	mmol/l	N	698	624
fs-glukoosi		N	13	13
fs-glukoosi,0-näyte	mmol/l	A	21	20
fs-glukoosi,0-näyte	mmol/l	N	19	18
fs-glukoosi,2h-näyte	mmol/l	A	12	11
fs-glukoosi,2h-näyte	mmol/l	N	15	14
fs-ictp	ug/l	A	11	10
fs-insu	mu/l	A	147	104
fs-insu	mu/l	N	11	11
fs-insu		A	9	8
fs-insu		N	17	15
fs-jc-pept	nmol/l	A	66	66
fs-kalsium	mmol/l	N	20	20
fs-kalsium,ionisoitunut		N	2609	2076
fs-kalsium,ionisoitunut,aktuaal.	mmol/l	N	26	25
fs-kalsium,ionisoitunut,ph7.4:ssa	mmol/l	H	252	103
fs-kalsium,ionisoitunut,ph7.4:ssa	mmol/l	L	257	106
fs-kalsium,ionisoitunut,ph7.4:ssa	mmol/l	N	36	35
fs-kalsium-ioni.aktuaali	mmol/l	N	216	182
fs-kalsium-ioni.aktuaali		N	26	23
fs-kol	mmol/	N	6	6
fs-kol	mmol/l	A	7226	5033
fs-kol	mmol/l	H	117436	61008
fs-kol	mmol/l	N	29204	22015
fs-kol		A	152	135
fs-kol		H	1250	1088
fs-kol		N	1680	1420
fs-kol-hdl	mmol/l	A	1756	1287
fs-kol-hdl	mmol/l	H	1575	1450
fs-kol-hdl	mmol/l	L	30993	16993
fs-kol-hdl	mmol/l	N	41938	29044
fs-kol-hdl		A	19	17
fs-kol-hdl		H	354	314
fs-kol-hdl		L	299	237
fs-kol-hdl		N	2760	2306
fs-kol-ldl	mmol/l	A	7719	5393
fs-kol-ldl	mmol/l	H	128092	65452
fs-kol-ldl	mmol/l	N	25732	19717
fs-kol-ldl		A	159	140
fs-kol-ldl		H	1470	1279
fs-kol-ldl		N	1467	1232
fs-kol/hdl		N	11	11
fs-kol/kol-hdl-suhde		A	13	12
fs-kol/kol-hdl-suhde		N	43	35
fs-kolesteroli	mmol/l	A	1846	1352
fs-kolesteroli	mmol/l	H	84	79
fs-kolesteroli	mmol/l	N	1859	1546
fs-kolesteroli,highdensitylipoproteiinit	mmol/l	A	377	274
fs-kolesteroli,highdensitylipoproteiinit	mmol/l	N	3322	2428
fs-kolesteroli,highdensitylipoproteiinit		N	14	14
fs-kolesteroli,lowdensitylipoproteiinit	mmol/l	A	1848	1369
fs-kolesteroli,lowdensitylipoproteiinit	mmol/l	H	23	23
fs-kolesteroli,lowdensitylipoproteiinit	mmol/l	N	1784	1459
fs-kolesteroli,lowdensitylipoproteiinit		A	15	11
fs-kolesteroli,lowdensitylipoproteiinit		N	35	35
fs-kolesterolinjahdl-kolesterolinsuhde		N	83	80
fs-kolestroli,highdensitylipoproteiini	mmol/l	L	30	30
fs-kolestroli,highdensitylipoproteiini	mmol/l	N	171	155
fs-kolestroli,lowdensitylipoproteiini	mmol/l	H	70	64
fs-kolestroli,lowdensitylipoproteiini	mmol/l	N	128	125
fs-kolldls	mmol/l	H	7	6
fs-krea	umol	N	17	14
fs-krea	umol/l	A	1387	901
fs-krea	umol/l	H	18837	9890
fs-krea	umol/l	L	7582	5285
fs-krea	umol/l	N	71602	53068
fs-krea		A	22	17
fs-krea		L	428	291
fs-krea		N	257	236
fs-kreatiniini	umol/l	A	118	66
fs-kreatiniini	umol/l	N	927	732
fs-kromograniinia	nmol/l	A	90	52
fs-lipaas	u/l	A	365	99
fs-lipaas	u/l	H	25	13
fs-lipaas	u/l	N	274	79
fs-lipider		N	226	157
fs-lipidit	form	N	47	38
fs-lipidit	g/l	A	10	10
fs-lipidit	g/l	N	150	117
fs-lipidit	mmol/l	A	20	19
fs-lipidit	mmol/l	H	94	78
fs-lipidit	mmol/l	L	12	12
fs-lipidit	mmol/l	N	8	8
fs-lipidit	paketti	N	135	125
fs-lipidit		A	65	56
fs-lipidit		N	17774	13734
fs-lipidit,paketti(kol,hdl,ldl,trigly)		N	56	51
fs-lipidit,paketti(kol,hdl,trigly,ldl)		N	381	161
fs-lipo(a)	mg/l	A	34	33
fs-lipo(a)	mg/l	H	103	91
fs-lipo(a)	mg/l	N	240	218
fs-lipo(a)		N	31	30
fs-lipoa1	g/l	A	37	37
fs-lipoa1	g/l	H	6	6
fs-lipoa1	g/l	L	579	496
fs-lipoa1	g/l	N	772	676
fs-lipob	g/l	A	744	390
fs-lipob	g/l	H	1940	1568
fs-lipob	g/l	N	604	539
fs-lipob		A	41	37
fs-mbopak7		N	391	287
fs-mononukleoosi,vasta-aineet(kval)		N	8	8
fs-non-hdl	mmol/l	N	70	68
fs-ohbutyr	mmol/l	A	12	6
fs-pepsin1	ug/l	A	19	19
fs-pepsin1	ug/l	H	14	14
fs-pepsin1	ug/l	L	15	13
fs-pepsin1	ug/l	N	124	124
fs-pepsin1		A	47	43
fs-pepsin1		H	8	8
fs-pepsin1		L	13	13
fs-pepsin1		N	52	52
fs-pepsin2	ug/l	H	34	34
fs-pepsin2	ug/l	N	35	35
fs-pepsin2		H	9	9
fs-pepsin2		N	48	48
fs-ph	ph	A	210	128
fs-ph		A	603	341
fs-ph		N	247	207
fs-ph(ca-ion)		A	75	66
fs-ph(ca-ion)		H	259	178
fs-ph(ca-ion)		L	105	36
fs-ph(ca-ion)		N	18	18
fs-pi	mmol/l	A	45	29
fs-pi	mmol/l	H	69	51
fs-pi	mmol/l	L	59	54
fs-pi	mmol/l	N	448	354
fs-pi		H	12	12
fs-pi		L	20	17
fs-pi		N	770	692
fs-pp	pmol/l	A	189	91
fs-pp	pmol/l	H	83	38
fs-pp	pmol/l	N	224	132
fs-pp		A	17	15
fs-pp		N	74	40
fs-pth	ng/l	A	595	248
fs-pth	ng/l	H	43	35
fs-pth	ng/l	N	13	12
fs-pth		A	161	90
fs-pth		H	142	72
fs-rauta	umol/l	A	39	33
fs-rauta	umol/l	N	102	87
fs-reuma,lausunto		A	36	36
fs-reuma,lausunto		N	29	29
fs-reumafaktori	iu/ml	A	13	12
fs-reumafaktori	iu/ml	H	17	16
fs-reumafaktori,määritys	iu/ml	A	6	6
fs-reumafaktori,määritys	iu/ml	N	6	6
fs-reumafaktori,määritys	kiu/l	N	6	6
fs-reumafaktori,määritys		N	61	58
fs-reumafaktori,määritys(kvant)	iu/ml	N	6	6
fs-reumafaktori,määritys(kvant)		N	67	65
fs-rf	iu/ml	A	527	436
fs-rf	iu/ml	H	41	36
fs-rf	kiu/l	A	19	17
fs-rf		A	85	80
fs-sappih	umol/l	A	823	429
fs-sappih	umol/l	H	187	132
fs-sappih	umol/l	N	207	168
fs-sappih		A	404	273
fs-sappih		H	180	122
fs-sappih		N	101	83
fs-sappihapot	umol/l	A	38	25
fs-sappihapot	umol/l	N	17	14
fs-sappihapot		N	11	10
fs-tffesat	%	L	10	10
fs-transf	%	A	57	48
fs-transf	%	N	394	341
fs-transf	g/l	A	5251	2678
fs-transf	g/l	H	414	380
fs-transf	g/l	L	387	280
fs-transf	g/l	N	2880	2357
fs-transf		A	160	106
fs-transf		H	18	16
fs-transf		L	11	8
fs-transf		N	90	80
fs-transferiininrautakyllästeisyys		A	661	539
fs-transferiininrautakyllästeisyys		H	16	15
fs-transferiininrautakyllästeisyys		L	76	66
fs-transferiininrautakyllästeisyys		N	159	150
fs-transferiininrautakyllästeisyys,osatutk.		A	19	17
fs-transferiininrautakyllästeisyys,osatutk.		N	36	30
fs-transferiininrautakyllästeisyys,paastotilassa		A	44	37
fs-transferiininrautakyllästeisyys,paastotilassa		N	42	31
fs-transferriini	g/l	A	16	13
fs-transferriini	g/l	N	148	118
fs-trfesat	%	A	7	6
fs-trfesat	%	H	11	10
fs-trfesat	%	L	67	64
fs-trfesat	1	N	17	15
fs-trfesat	osuus	A	158	100
fs-trfesat		A	3753	2346
fs-trfesat		L	46	41
fs-trfesat		N	205	152
fs-trfesat,fs-fe		A	6	6
fs-trfesat,fs-fe		N	9	9
fs-trigly	mmol/	N	12	10
fs-trigly	mmol/l	A	3187	2117
fs-trigly	mmol/l	H	55342	29260
fs-trigly	mmol/l	N	42909	29533
fs-trigly		A	59	54
fs-trigly		H	512	438
fs-trigly		N	2909	2400
fs-triglyseridit	mmol/l	A	658	469
fs-triglyseridit	mmol/l	H	15	15
fs-triglyseridit	mmol/l	N	2684	2085
fs-triglyseridit		N	32	32
fs-tryps	ug/l	A	10	9
fs-työterveyshuollonperuspaketti		N	16	16
fs-ubikin	umol/l	N	318	260
fs-ubikin		H	49	42
fs-ubikin		L	23	23
fs-ubikin		N	14	14
fs-urea	mmol/l	A	28	26
fs-urea	mmol/l	H	147	86
fs-urea	mmol/l	L	12	12
fs-urea	mmol/l	N	133	118
fs-urea		N	28	26
fs-vlcfa		N	6	6
fusariummoniliformae	u/ml	N	15	15
fvc	l	N	24	18
fvc		N	21	20
fvspido		N	15	15
g-etoh-o	promille	A	15	10
g-etoh-o	promille	N	45	24
gal-alpha-1,3-galthyroglobulin,bovine,igevasta-aineet,seerumista	u/ml	N	59	57
gal-alpha1,3-galtyroglobulin		N	17	17
gamma	g/l	A	222	38
gamma-fraktio,seerumista	g/l	A	302	82
gamma-glob	g/l	A	1698	285
gamma-glob	g/l	N	29	19
gamma-glob		A	168	44
gamma-globuliini,seerumi,elektroforeesifraktio,osatutk.2522	g/l	A	77	21
gamma-linoleenihappo	%	N	314	254
gammaglob	g/l	L	14	14
gammaglobuliini,fraktio,seerumi	g/l	N	9	8
gammaglobuliini,seerumi,elektroforeesifraktio	g/l	N	11	8
gangliosidigd1b,igg-vasta-aineet,seerumista		N	7	7
gangliosidigd1b,igm-vasta-aineet,seerumista		N	7	7
gangliosidigm1,igg-vasta-aineet,seerumista		N	7	7
gangliosidigm1,igm-vasta-aineet,seerumista		N	7	7
gardnerellavaginalis		A	7	7
gardnerellavaginalis,nukleiinihappo		A	38	34
gardnerellavaginalis,nukleiinihappo		N	15	15
gastroskopianäytteidenhistologinentutkimus		A	10	8
gcnho		A	10	8
genlisä		N	35	12
gfr-e-epi	ml/min/173m2	N	10	9
gi-alueennäytteenhistologinentutkimus,laajaleikkausprepar		A	28	28
gi-alueennäytteenhistologinentutkimus,laajaleikkauspreparaat		A	8	8
gi-alueennäytteenhistologinentutkimus,laajaleikkauspreparaatti		A	36	36
gi-gi-alueennäytteenhistologinentutkimus,laajaleikkauspreparaatti		A	15	15
gi-pad-4		A	137	137
gi-pad-4		AA	776	740
gi-pad-4		N	310	300
giardialamblia,nukleiinihappo		N	113	108
giardialamblia,nukleiinihappo-osoitus		N	14	13
giardialamblianukleiinihappo		N	6	6
giardialamblianukleiinihappo(kval)		N	35	26
gliadiini(f98),igevasta-aineet,seerumista	u/ml	N	44	44
gliadiinipeptidit,deamidoidut,iga-vasta-aineet		N	9	9
gliadiinipeptidit,deamidoidut,igg-vasta-aineet		N	11	11
gliadiinipeptidit,deamidoidut,iggvasta-aineet		N	50	49
glom.suod.nopeusckd-epi	ml/min/173m2	L	5422	4214
glom.suod.nopeusckd-epi	ml/min/173m2	N	19941	16045
glomerulussuodatuksennopeus		N	22	20
glomerulussuodatusnopeus,estimoitu,ckd-epi-tutkimuksenkaava		N	36	34
glomerulussuodonopeus,estimoitu,ckd-epikaavallakystatiinic:stä	ml/min/173m2	A	44	35
glomerulussuodosnopeus	ml/min/173m2	L	34	25
glomerulussuodosnopeus	ml/min/173m2	N	75	58
glomerulussuodosnopeus,estimo	ml/min/173m2	A	6109	2779
glomerulussuodosnopeus,estimo	ml/min/173m2	L	20475	5573
glomerulussuodosnopeus,estimo	ml/min/173m2	N	33218	11843
glomerulussuodosnopeus,estimo		L	10	10
glomerulussuodosnopeus,estimoitu	ml/min/173m2	A	18366	5120
glomerulussuodosnopeus,estimoitu	ml/min/173m2	N	1572	1143
glomerulussuodosnopeus,estimoitu		N	11	11
glomerulussuodosnopeus,estimoitu(6354pt-gfre)	ml/min/173m2	A	541	325
glomerulussuodosnopeus,estimoitu(6354pt-gfre)	ml/min/173m2	N	1510	930
glomerulussuodosnopeus,estimoitu(pt-gfre)	ml/min/173m2	A	603	404
glomerulussuodosnopeus,estimoitu(pt-gfre)	ml/min/173m2	N	2821	1739
glomerulussuodosnopeus,estimoitu(pt-gfre)		N	8	8
glomerulussuodosnopeus,estimoitu,ckd-epi-kaava	ml/min/173m2	A	19719	4750
glomerulussuodosnopeus,estimoitu,ckd-epi-kaava	ml/min/173m2	N	129	122
glomerulussuodosnopeus,estimoitu,ckd-epi-kaava		A	206	123
glomerulussuodosnopeus,estimoitu,ckd-epi-kaava		N	1092	759
glomerulussuodosnopeus,estimoitu,ckd-epi-kaava,osatutk.	ml/min/173m2	L	3070	712
glomerulussuodosnopeus,estimoitu,ckd-epi-kaavalla	ml/min/173m2	N	168	146
glomerulussuodosnopeus,estimoitu,ckd-epi-tutkimuksenkaava	form	N	23	23
glomerulussuodosnopeus,estimoitu,ckd-epi-tutkimuksenkaava	ml/min/173m2	N	12	12
glomerulussuodosnopeus,estimoitu,kreatiniini-kystatiinic	ml/min/173m2	A	63	60
glomerulussuodosnopeus,estimoitu,kreatiniini-kystatiinic		N	16	15
glomerulussuodosnopeus,estimoitu,kreatiniini-kystatiinic-kaava	ml/min/173m2	A	819	208
glomerulussuodosnopeus,estimoitu,kystatiini	ml/min/173m2	A	342	240
glomerulussuodosnopeus,estimoitu,kystatiini	ml/min/173m2	N	43	34
glomerulussuodosnopeus,estimoitu,kystatiini(23315pt-gfrekys)	ml/min/173m2	N	14	14
glomerulussuodosnopeus,estimoitukystatiinic:stä	ml/min/173m2	A	101	88
glomerulussuodosnopeus,estimoitukystatiinic:stä	ml/min/173m2	N	19	14
glomerulussuodosnopeusestimoituckd-epikaavallakystatiinic:stä	ml/min/173m2	N	10	8
glucocheck		N	122	77
gluk-pika	mmol/l	A	103	92
gluk-vi		H	31	27
gluk-vieri		H	237	145
gluk-vieri		N	72	63
gluk1h	mmol/l	H	20	18
gluk1h	mmol/l	N	123	92
gluk2h	mmol/l	H	15	13
gluk2h	mmol/l	N	126	95
glukbel-vp	mmol/l	A	12	10
glukbel-vp	mmol/l	N	293	214
glukoosi	mmol/l	A	186	157
glukoosi	mmol/l	N	518	463
glukoosi		N	104	85
glukoosi(gluk.ras0)	mmol/l	N	6	6
glukoosi(gluk.ras2h)	mmol/l	N	9	9
glukoosi(kval)	estimate	N	1377	1004
glukoosi(kval)		N	163	145
glukoosi(kval),virtsasta,osatutk.		A	68	52
glukoosi(verikaasulaite),kap	mmol/l	A	166	150
glukoosi(verikaasulaite),kap	mmol/l	H	195	150
glukoosi(verikaasulaite),kap	mmol/l	L	7	6
glukoosi(verikaasulaite),kap	mmol/l	N	284	212
glukoosi(verikaasulaite),kapillaariveri	mmol/l	A	157	104
glukoosi(verikaasulaite),kapillaariveri	mmol/l	H	66	45
glukoosi(verikaasulaite),las	mmol/l	A	37	37
glukoosi(verikaasulaite),las	mmol/l	N	27	26
glukoosi(verikaasulaite),laskimoveri	mmol/l	A	2075	1326
glukoosi(verikaasulaite),laskimoveri	mmol/l	H	10	9
glukoosi(verikaasulaite),val	mmol/l	A	233	85
glukoosi(verikaasulaite),val	mmol/l	N	75	44
glukoosi(verikaasulaite),valtimoveri	mmol/l	A	366	205
glukoosi(verikaasulaite),valtimoveri	mmol/l	H	66	53
glukoosi(vo:nyhteydessäotettu),tth	mmol	N	12	9
glukoosi(vo:nyhteydessäotettu),tth		N	31	27
glukoosi,hoitoyksikönvieritesti,kokoveri	mmol/l	H	51	39
glukoosi,hoitoyksikönvieritesti,kokoveri	mmol/l	N	26	22
glukoosi,pikatesti,veri		N	114	92
glukoosi,pikatutkimus,verestä,osatutk.		N	28	22
glukoosi,plasmasta,paastotilassa	mmol/l	A	30	22
glukoosi,plasmasta,paastotilassa	mmol/l	N	20	19
glukoosi,plasmasta,pikamittarilla	mmol/l	A	29	25
glukoosi,plasmasta,pikamittarilla		A	54	43
glukoosi-koe,oraal.,lyhyt(0,2h)		N	299	266
glukoosi-koe,oraalinen,lyhyt		N	13	12
glukoosi-koe,oraalinen,lyhyt(0,2h)		N	28	27
glukoosi120min	mmol/l	A	30	29
glukoosi120min	mmol/l	N	88	84
glukoosi120minot	mmol/l	A	14	12
glukoosi120minot	mmol/l	N	17	17
glukoosi2h	mmol/l	N	10	10
glukoosikoe,0näyte	mmol/l	N	62	59
glukoosikoe,0näyte		N	9	9
glukoosikoe,2hnäyte	mmol/l	N	62	59
glukoosikoe,2hnäyte		N	9	9
glukoosikoe,oraalinen,lyhyt		N	38	35
glukoosikoe,oraalinen,lyhyt(0,2h)		N	66	62
glukoosikoe,oraalinen,lyhyt(0,2h),lähetevaaditaan		N	34	31
glukoosikoe,oraalinen,lyhyt(0,2h)pt		N	31	29
glukoosikoe,oraalinen,raskaudenaikainen		N	33	29
glukoosiosatutkimus	mmol/l	H	10	7
glukoosipikamittarilla	mmol/l	N	7	7
glukoosipikamittarilla		N	14	14
glukoosipikamittarilla(gluk-pika)		N	20	19
glukoosirasitus2tunninnäyte	mmol/l	N	8	7
glukoosirasitusoraalinenlyhyt0ja2h		N	6	6
glukoosirasitusr11483,0-näyte	mmol/l	N	8	7
glukpika	mmol/l	A	1197	854
glukpika		H	59	31
glukpika		N	97	61
glukr0	mmol/l	A	52	43
glukr0-n	mmol/l	A	184	160
glukr1h	mmol/l	A	10	9
glukr2h	mmol/l	A	205	168
glukras-0		A	29	27
glukrvalm		N	110	106
glukvieri		H	25	25
glukvieri		N	19	18
glutamaattidekarboksylaasi(gad),vasta-aineet,seerumista	iu/ml	A	7	7
glutamyylitransferaasi	u/l	A	56	44
glutamyylitransferaasi	u/l	H	454	291
glutamyylitransferaasi	u/l	N	789	646
glutamyylitransferaasi		N	38	25
glutamyylitransferaasi(gamma-gt)	u/l	N	10	10
glutamyylitransferaasi-desialortrasferriini	paketti	N	72	48
glutamyylitransferaasi-desialotransf.indeksi		A	59	32
glutamyylitransferaasi-desialotransf.indeksi		N	21	20
glutamyylitransferaasi-desialotransferriini,seerumista		A	32	14
glutamyylitransferaasi-desialotransferriini-indeks		A	86	49
glutamyylitransferaasi-desialotransferriini-indeks		N	41	21
glutamyylitransferaasi-desialotransferriini-indeksi		A	124	91
glutamyylitransferaasi-desialotransferriini-indeksi		N	37	36
gluteeni	u/ml	A	31	30
gly	umol/l	N	9	9
glykoitunuthemoglobiini	mmol/mol	A	33	17
gra	%	A	160	39
gran.cyl.		N	15	15
granulosyytit	%	N	8	8
granulosyytit	u/field	N	22	21
granulosyytit		N	10	10
gt-cdt-ind		A	3175	1987
gt-cdt-ind		H	682	274
gt-cdt-ind		N	54	47
gynekologinenirtosolunäyte,hpvnhojaainanestep		N	7	7
gynekologinenirtosolututkimus		N	124	123
gynekologisennäytteenotto		N	23	22
haemophilusinfluenzae,nukleiinihappo(kval)		A	29	27
haemophilusinfluenzae,nukleiinihappo(kval)		N	30	28
haemophilusinfluenzae,nukleiinihappo(kval),likvori		N	12	11
haemophilusinfluenzaenukleiinihappo(kval)		N	42	42
happamusaste,kapillaariverestä,pikatesti		A	339	153
happamuusaste		N	452	382
happamuusaste,arteriaverestä,osatutk		A	23	19
happamuusaste,kapillaariverestä,osatutk		A	9	7
happamuusaste,kapillaariveri	ph	A	31	28
happamuusaste,kapillaariveri	ph	N	7	6
happamuusaste,kapillaariveri		A	276	170
happamuusaste,kapillaariveri		H	35	25
happamuusaste,kapillaariveri		L	66	28
happamuusaste,kapillaariveri		N	8	6
happamuusaste,laskimoverestä,pikatesti		A	258	198
happamuusaste,laskimoveri	ph	A	279	213
happamuusaste,laskimoveri		A	835	556
happamuusaste,lämpötilakorjattu,arteriaverestä,osatutk		A	6	6
happamuusaste,seerumi	ph	N	77	70
happamuusaste,valtimoveri	ph	A	15	11
happamuusaste,valtimoveri		A	213	137
happamuusaste,valtimoveri		H	22	18
happamuusaste,valtimoveri		L	14	9
happamuusaste,venaverestä,osatutk		A	16	9
happikyllästeisyys(hemoglobiini),kapillaariveri	%	A	155	83
happikyllästeisyys(hemoglobiini),laskimoveri	%	A	911	594
happikyllästeisyys(hemoglobiini),osatutk	%	A	39	26
happikyllästeisyys(hemoglobiini),valtimoveri	%	A	20	19
happiosapaine,kapillaariveri	kpa	N	7	6
happiosapaine,laskimoveri	kpa	A	615	444
happiosapaine,lämpötilakorjattu,arteriaverestä,osatutk	kpa	A	32	22
happiosapaine,valtimoveri	kpa	A	25	22
happisisältö,kapillaariveri	%	N	21	18
happisisältö,laskimoveri	%	A	2701	1630
happisisältö,valtimoveri	%	A	449	254
haptoglobiini	g/l	N	10	10
hasselpähk	u/ml	A	7	7
hasselpähkinä(f17),ige-vasta-aineet	u/ml	A	6	6
hasselpähkinä,allergeenikomponentit		N	6	6
hasselpähkinä,rekombinanttipr-10coraa1(f428),ige-vasta-aineet	u/ml	A	6	6
hb-o		A	1476	651
hb-pika	g/l	A	369	278
hb-pika		A	113	83
hb-pikatesti	u	N	7	6
hb-vier		N	11	11
hb-vieri		L	108	66
hb-vieri		N	280	195
hba1c-pika		N	106	79
hba1c-vier	mmol/mol	H	76	44
hba1c-vier	mmol/mol	N	24	21
hba1c-vieri	mmol/mol	H	80	46
hba1c-vieri	mmol/mol	N	31	22
hba1cpikatesti		N	232	178
hbpika	g/l	A	399	297
hbpika		L	104	77
hbpika		N	95	81
hc-diffi		N	158	98
hcgbv		N	11	8
hcgbvkmom		N	4340	3931
hct	%	A	715	201
hct		A	23	20
hct(hkr)-v	%pcv	N	16	16
hdl-kol/kol-suhde	ratio	A	27	15
hdl-kol/kol-suhde	ratio	N	266	123
hdl/kol	%	N	21330	12226
hdl/kol		N	967	362
hdl/kol.(ilmanpaastoa)	%	N	8	8
he-pad		N	515	137
he4,antigeeni4	pmol/l	N	22	22
he4proteiini	pmol/l	N	10	10
helicobacterpylori,antig.uloste		N	8	8
helicobacterpylori,antigeeni		N	34	32
helicobacterpylori,antigeeni,ulosteesta		A	8	8
helicobacterpylori,iggvasta-aineet	index	A	13	8
helicobacterpylori,iggvasta-aineet,seerumista	index	A	17	15
helicobacterpylori,vasta-aineet		N	8	7
helicobakteeriag(osatutk)	eiu	N	7	7
hematokriitti		N	18	17
hemoglobiini	g/l	A	200	145
hemoglobiini	g/l	N	1192	941
hemoglobiini(b-hb)	g/l	N	59	51
hemoglobiini(kval),uloste		N	15	12
hemoglobiini(kval)ulosteesta(3813f-hhb-o)		N	24	14
hemoglobiini(kval)ulosteesta(f-hhb-o)		N	120	65
hemoglobiini(kval,hemolex)		N	11	9
hemoglobiini(totaali),kapillaariveri	g/l	N	21	18
hemoglobiini(totaali),laskim	g/l	A	70	47
hemoglobiini(totaali),laskim	g/l	N	75	63
hemoglobiini(totaali),laskimoveri	g/l	A	1611	872
hemoglobiini(totaali),valtim	g/l	A	402	156
hemoglobiini(totaali),valtim	g/l	N	183	115
hemoglobiini(totaali),valtimoveri	g/l	A	346	192
hemoglobiini(totaali),valtimoveri	g/l	H	12	8
hemoglobiini(totaali),valtimoveri	g/l	L	81	51
hemoglobiini(vo:nyhteydessäotettu),tth	g/l	N	18	17
hemoglobiini(vo:nyhteydessäotettu),tth		N	114	93
hemoglobiini,arteriaverestä,osatutk	g/l	A	42	27
hemoglobiini,hiilimonoksidi,	%	A	28	14
hemoglobiini,hiilimonoksidi,veri	%	A	278	199
hemoglobiini,ihmisen(kval),uloste		N	12	12
hemoglobiini,ihmisen(kval),ulosteesta		A	35	27
hemoglobiini,kapillaariverestäotettu		N	66	54
hemoglobiini,keskimassa	pg	A	81	62
hemoglobiini,keskimassa	pg	N	1273	999
hemoglobiini,keskimassa(e-mch)	pg/u	N	57	49
hemoglobiini,keskimassa,pvkosatutkimus	pg	N	74	45
hemoglobiini,keskimassakonsentraatio(e-mchc)	g/l	N	59	51
hemoglobiini,keskimassakonsentraatio,pvkosatutkimus	g/l	N	76	45
hemoglobiini,pikatesti	g/l	A	142	88
hemoglobiini,pikatesti,veri	g/l	A	80	71
hemoglobiini,pikatesti,veri	g/l	L	20	20
hemoglobiini,pikatesti,veri		N	14	10
hemoglobiini,pvkosatutkimus	g/l	L	20	8
hemoglobiini,pvkosatutkimus	g/l	N	60	40
hemoglobiini,tk:ntekemä		N	35	34
hemoglobiini,ulosteenveri		N	21	19
hemoglobiini,venaverestä,osatutk	g/l	A	29	14
hemoglobiini,vieritutkimus	g/l	L	59	39
hemoglobiini,vieritutkimus	g/l	N	112	90
hemoglobiini-a1c	mmol/mol	A	139	118
hemoglobiini-a1c	mmol/mol	N	395	358
hemoglobiini-a1c		N	72	69
hemoglobiini-a1c,entsymaattisellamenetelmällä	mmol/mol	H	9	8
hemoglobiini-a1c,entsymaattisellamenetelmällä	mmol/mol	N	24	19
hemoglobiini-a1c,glykoitunut(6128b-hba1c)	mmol/mol	A	194	109
hemoglobiini-a1c,glykoitunut(6128b-hba1c)	mmol/mol	N	560	442
hemoglobiini-a1c,glykoitunut(b-hba1c)	mmol/mol	A	343	150
hemoglobiini-a1c,glykoitunut(b-hba1c)	mmol/mol	N	1108	706
hemoglobiini-a1c,glykoitunut(b-hba1c)		N	31	30
hemoglobiini-a1c,verestä	mmol/m	A	180	164
hemoglobiini-a1c,vieritesti	mmol/mol	A	34	26
hemoglobiini-a1c,vieritutkimu	mmol/mol	A	34	33
hemoglobiinisormenpäänäyte		N	6	6
hemolyysi-indeksi		N	1375	891
hepatiitti,a,b,c-tutkimus		A	17	13
hepatiitti,a,b,c-tutkimus		N	29	19
hepatiittia-virus,igg-vasta-aineet,seerumista		N	10	10
hepatiittia-virus,kokonaisvasta-aineet		A	33	33
hepatiittiavirus,vasta-aineet		N	8	8
hepatiittib-virus,c-antigeeni,vasta-aineet		N	27	25
hepatiittib-virus,s-antigeeni		N	36	34
hepatiittibydinantigeeni,äitseulosatutk.		N	10	10
hepatiittic-virus,antigeenijavasta-aineet,yhdistelmätut		N	115	83
hepatiitticviruksen(hcv)vasta-ainemääritysjahcvantigeeni		N	7	7
hepatiitticvirus,nukleiinihappo(kval)		N	7	6
hepatiitticvirus,vasta-aineet		N	32	31
hepatiittie-virus,igg	index	N	45	44
hepatiittie-virus,igm	index	N	13	13
hepatiittie-virus,igm		N	9	9
hepatitisbvirus,c-antigeeni,vasta-ai		N	18	18
hepatitisbvirus,s-antigeeni		N	80	80
hepatitiscvirus,vasta-aineet		N	20	20
herkkäcrp	mg/l	N	6	6
herpessimplex-virus,nhosoitus		A	18	17
herpessimplex-virus,nukleiinihappo(kval)		A	18	17
herpessimplex-virus1,nukleiinihappo(kval),likvori		N	12	11
herpessimplex-virus2,nukleiinihappo(kval),likvori		N	12	11
herpessimplextyyppi1,nukleiinihappo(kval)		A	10	10
herpessimplextyyppi1,nukleiinihappo(kval)		N	16	16
herpessimplextyyppi2,nukleiinihappo(kval)		A	9	9
herpessimplextyyppi2,nukleiinihappo(kval)		N	17	16
hevonee	u/ml	A	35	33
hevonee	u/ml	N	6	6
hevonee		A	7	7
hevonen	u/ml	A	72	71
hevonen		A	66	64
hevonen		N	11	11
hevonen(hilse)igevasta-aineet	u/ml	N	41	41
hgb	g/l	A	723	194
hhpvnho		A	967	489
hi-virus,antigeenijavasta-aineet,yhdistelmätutkimus		N	43	40
hi-virus,antigeenijavasta-aineetseerumista		N	24	21
hi-virusv-ainejaantigeeni,äitseulosatutk.		N	10	10
hiilidioksidiosapaine,kapillaariveri	kpa	A	88	56
hiilidioksidiosapaine,laskimoverestä,pikatesti	kpa	A	426	308
hiilidioksidiosapaine,laskimoveri	kpa	A	400	258
hiilidioksidiosapaine,lämpötilakorjattu,arteriaverestä,osatutk	kpa	A	16	11
hiilidioksidiosapaine,valtimoveri	kpa	A	18	15
hiiva,viljely,limakalvo		A	30	29
hiivaviljely(ei-gynekologisetnäytteet,pinnalliset)		A	10	9
hinflnho		A	19	19
hivab+todistus		N	11	11
hladr+,cd38+(aktivoituneet)cd8t-solut	%	N	6	6
hmgcoar-vasta-aineet,seerumista		N	19	19
hmpvnho		A	50	41
holter		N	19	18
homepöly-igeva,kosteusvauriomikrobit		N	8	8
homeryhmä,ige-va:t(s-)	u/ml	N	20	20
homeryhmä,igevasta-aineet	u/ml	N	7	7
homokysteiini	umol/l	N	11	9
hpvnho		A	110	84
hpvnho,nestepapa		N	85	85
hpvnhojarefnestepapa		N	255	255
hpvseul		A	23	23
hsvnho		A	22	22
humanherpes-virus6.nukleiinihappo(kval),likvori		N	12	11
humanimmunodeficiencyvirus,antigeeni		N	22	22
humanimmunodeficiencyvirus,antigeenijavasta-		N	29	26
humanimmunodeficiencyvirus,antigeenijavasta-aineet,yhd		N	61	61
huume-jalääkeainetutkimus,laaja,varmistus		N	36	8
huumeds6a		N	8	7
huumeseula(amfet.,bents.,opiaatit,kannabis,kokaiini)		N	8	7
huumeseula(ds5)+bupre-o		N	20	20
huumeseulonta		N	12	6
huumeseulonta(amfet.,bents.,opiaatit,kannabis,kokaiini,buprenorfiini)		A	34	29
huumeseulonta(amfet.,bents.,opiaatit,kannabis,kokaiini,buprenorfiini)		N	510	481
huumeseulonta(ds6)		N	17	17
huumeseulonta4a		N	6	6
huumeseulonta4a(9577u-huum4a),alv		N	29	24
huumeseulonta5b(9580u-huum5b),alv		N	6	6
huumeseulonta5b(u-huum5b)		N	14	13
huumeseulonta5b(u-huum5b),alv		N	7	7
huumeseulonta6		N	383	368
huumeseulonta6(u-huum6a)		N	63	57
huumeseulonta6(u-huum6a),alv		N	25	25
huumeseulonta6,virtsasta		N	22	22
huumeseulonta6a(9582u-huum6a),alv		N	102	89
huumeseulonta6a(u-huum6a),alv		N	67	65
huumeseulonta6pt		N	121	113
hyal.cyl.		N	48	44
hyaliinilieriöt	e6/l	N	17	14
hydroksi-indolyyliasetaatti(5-)	nmol/l	A	13	10
hydroksikarbatsepiini	umol/l	A	6	6
hyytlaus		N	159	153
hyytymistekijäix,plasma	%	A	7	7
hyytymistekijäv,plasma	%	A	9	9
hyytymistekijävii,plasma	%	A	11	11
hyytymistekijäviii	%	A	12	12
hyytymistekijäviii(8),plasmasta	%	H	6	6
hyytymistekijäviii,plasma	%	A	21	20
hyytymistekijäviii,plasmasta	%	A	20	18
hyytymistekijäviii,päivystys,plasma	%	A	9	7
hyytymistekijäviii,rekombina	%	N	21	12
hörsel		N	112	104
i-statcrea		N	209	119
ica(7.4)		A	18	15
iga	g/l	A	10	8
iga-luokantransglutaminaasivasta-aineet		N	16	16
iga/prealb		A	59	58
iga/prealb		H	78	73
iga/prealb		N	1014	920
igakeli		N	36	35
igecladosporiumherbarum,home/mögel		N	14	14
igedermatophagoidespteronyssinus,pölypunkki/dammvalster		N	11	11
igehevonen	u/ml	H	72	67
igehevonen(hilse)/häst(epitel)		N	11	11
igekissa	u/ml	H	144	140
igekissa(hilse)/katt(mjäll)		N	10	10
igekoira	u/ml	H	136	127
igekoira(hilse)/hund(mjäll)		N	10	10
igekoivu	u/ml	H	169	166
igekoivu/björk		N	9	9
igemdidifenyylimetaanidi-isosyanaatti/isocyanat		N	6	6
igepujo/grabo		N	13	13
igepölyerittely(phadiatop),igevasta-aineet	u/ml	H	6	6
igetimotei/timotej		N	12	12
igf1-pitoisuudensd-score		A	15	15
igf1-pitoisuudensd-score		N	16	16
igg-summa	g/l	N	7	7
ihottumanäytteenhistologinentutkimus		A	16	16
ihottumanäytteenhistologinentutkimus		N	93	91
ikäriski		N	4330	3828
ikäriski,trisomia		N	10	10
ikäryhmä	mmol/l	H	39	33
immunofenotyypitys,luuydin		N	8	7
immunoglobuliini,kevyet	g	A	7	7
immunoglobuliini,kevyet		A	29	11
immunoglobuliini,kevyetketjut,kappa,virtsa	g	A	10	8
immunoglobuliini,kevyetketjut,kappa-lambda-suhde,osatutk.		H	82	21
immunoglobuliini,kevyetketjut,lambda,virtsa	g	A	8	6
immunoglobuliini,kevytketjut,vapaat		N	7	7
immunoglobuliinia	g/l	H	18	16
immunoglobuliinia	g/l	N	199	198
immunoglobuliinia,plasma	g/l	A	32	23
immunoglobuliinia,plasma		A	10	6
immunoglobuliinie	u/ml	N	13	10
immunoglobuliinie,perusseulonta,erittelyjakomponentit		N	23	23
immunoglobuliinie,plasma	u/ml	A	20	20
immunoglobuliinie,pölyseos	u/ml	N	6	6
immunoglobuliinie,pölyseos		N	15	15
immunoglobuliinie,suunnattuseulonta(pölyer)	u/ml	N	17	16
immunoglobuliinie,suunnattuseulonta(pölyer)		N	21	21
immunoglobuliinie-koira	u/ml	A	11	10
immunoglobuliinie-koira		N	18	17
immunoglobuliinie-koivu	u/ml	A	37	34
immunoglobuliinie-koivu	u/ml	N	11	11
immunoglobuliinie-koivu		N	27	26
immunoglobuliinig	g/l	N	29	26
immunoglobuliinig,indeksi,	index	A	6	6
immunoglobuliinig,plasma	g/l	A	68	50
immunoglobuliinig,selkäydinneste	mg/l	A	8	8
immunoglobuliinig4	g/l	A	6	6
immunoglobuliinim	g/l	N	18	17
immunoglobuliinim,plasma	g/l	A	29	22
immunohistokemiallinentutkimus		A	28	24
imusolmukkeenhistologinentutkimus		A	36	28
infaag		A	10	10
infabag		N	11	11
infanho		A	154	149
infbnho		A	234	228
infbnhoinfluenssab-virus,nukleiinihappo(kval)		N	8	8
infbnhoinfluenssab-virus,nukleiinihappo(kval)(osatutk.)		N	9	9
infliksimabivasta-aineet,seerumista	au/ml	A	8	7
influenssaa,nukleiinihaponosoitus(kval)		A	28	28
influenssaa-virus,nukleiinihaponosoitus		N	7	7
influenssaa-virus,nukleiinihappo(kval)		A	217	208
influenssaa-virus,nukleiinihappo(kval)		N	334	271
influenssaaalatyyppih1n1/2009		N	6	6
influenssaajab,rsv,covid-19,nukleiinihappo(kval)		N	8	8
influenssaajabvirus,antigeeni		N	6	6
influenssaavirus,antigeeni		N	30	29
influenssaavirus,nukleiinihapo(kval)		N	8	8
influenssaavirus,nukleiinihappo(kval)		A	14	14
influenssaavirus,nukleiinihappo(kval)		N	6	6
influenssaavirus,nukleiinihappo(kval),osatutk.		A	15	15
influenssab,antigeeni		N	9	9
influenssab-virus,nukleiinihappo(kval)		N	349	286
influenssabvirus,antigeeni		N	20	19
influenssajarsv,nukleiinihappo-osoitusnenänielusta,päivystyksenä		N	20	20
influenssavirus,nukleiinihaponosoitus		N	29	29
influenssavirusa,va:tcf/virus,laaj		N	6	6
infnho		A	24	24
inkub.2vrk		A	6	6
inr,tk		H	569	120
inr,tk		L	500	115
inr,tk		N	1874	136
inr-liuska		H	30	8
inr-liuska		L	71	9
inr-liuska		N	110	12
inr-pika		N	249	44
inr-vieri		H	511	117
inr-vieri		L	21	11
inr-vieri		N	7299	194
inr/hoito		A	204	19
inrpika	inr	A	38	37
insuliini	mu/l	N	19	18
insuliini,plasma	mu/l	A	29	7
insuliininkaltainenkasvutekijä1,sd-score,seerumi		A	27	17
interleukiini-2:nreseptori,liukoinen	u/ml	A	23	22
ionisoitunutkalsium		N	39	29
ipro2		N	32	25
itsetehtäväp-crp+hb		N	30	29
itsetehtäväpika-raskaustestihcg		N	18	17
itsetehtävätnt-pikatesti		N	293	258
jak2-geeninmutaatioanalyysi,verestä		N	13	13
jo-1		N	26	26
jo-1(histidyl-trna-syntaasi),vasta-aineet(s-jo1ab)		N	63	61
jodidi,virtsa	ug/l	L	8	8
jodidi/kreatiniini(osatutk)	ug/g	N	9	9
jäku		N	680	671
k-pika	mmol/l	A	107	74
k-vitamiini(fyllokinoni)osatutkimus	ug/l	N	8	8
k1-vitamiini(fyllokinoni)osatutkimus	ug/l	A	31	30
k1-vitamiini(fyllokinoni)osatutkimus	ug/l	N	162	139
k1-vitamiini(fyllokinoni)osatutkimus		A	8	8
k2-vitamiini,menakinoni-4(mk4)osatutkimus	ug/l	A	7	6
k2-vitamiini,menakinoni-4(mk4)osatutkimus	ug/l	N	194	162
k2-vitamiini,menakinoni-4(mk4)osatutkimus		N	11	11
k2-vitamiini,menakinoni-7(mk7)osatutkimus	ug/l	A	50	43
k2-vitamiini,menakinoni-7(mk7)osatutkimus	ug/l	N	133	126
k2-vitamiini,menakinoni-7(mk7)osatutkimus		N	29	29
kalium	mmol	A	14	13
kalium	mmol/l	A	10	10
kalium	mmol/l	N	618	513
kalium		N	193	136
kalium(verikaasulaite),plasm	mmol/l	A	64	37
kalium(verikaasulaite),plasm	mmol/l	N	269	107
kalium(verikaasulaite),plasma	mmol/l	A	554	330
kalium(verikaasulaite),plasma	mmol/l	L	13	10
kalium,hoitoyksikönvieritesti,veri	mmol/l	H	8	7
kalium,hoitoyksikönvieritesti,veri	mmol/l	L	11	9
kalium,hoitoyksikönvieritesti,veri	mmol/l	N	147	109
kalium,kokoveren	mmol/l	N	310	251
kalium,pika	mmol/l	L	13	11
kalium,pika	mmol/l	N	82	52
kalium,pikatesti,veri	mmol/l	H	6	6
kalium,pikatesti,veri	mmol/l	N	6	6
kalium,pikatutkimus		L	18	13
kalium,plasmasta	mmol/l	A	53	31
kalium,plasmasta	mmol/l	L	6	6
kalium,plasmasta	mmol/l	N	621	297
kalium,verikaasuosatutk.	mmol/l	A	36	19
kaliummääritysplasmastavieritestinä		N	10	7
kalprotektiini,uloste	ug/g	N	9	9
kalprotektiini,uloste		N	37	18
kalsium	mmol	A	7	7
kalsium	mmol/l	A	112	100
kalsium	mmol/l	N	181	155
kalsium(4598p-ca),osatutkimus	mmol/l	N	12	11
kalsium(7.4)	mmol/l	A	24	9
kalsium(s-)	mmol/l	N	7	7
kalsium,aktuaalinenpitoisuus	mmol/l	N	31	25
kalsium,albumiinikorjattu	mmol/l	A	1049	815
kalsium,albumiinikorjattu	mmol/l	N	646	572
kalsium,albumiinikorjattu		N	294	250
kalsium,albumiinikorjattu(p-,sis.p-alb)	mmol/l	A	46	38
kalsium,albumiinikorjattu(p-,sis.p-alb)	mmol/l	N	358	323
kalsium,albumiinikorjattu(p-,sis.p-alb)		N	46	45
kalsium,albumiinikorjattu(p-ca-albk)		N	25	25
kalsium,albumiinikorjattu,plasma	mmol/l	A	678	304
kalsium,albumiinikorjattu,plasma	mmol/l	H	313	200
kalsium,albumiinikorjattu,plasma	mmol/l	N	53	37
kalsium,albumiinikorjattu,plasmasta	mmol/l	A	1216	618
kalsium,albumiinikorjattu,plasmasta	mmol/l	N	68	59
kalsium,albumiinikorjattu,plasmasta(huom.alb-pitoisuus)	mmol/l	A	72	60
kalsium,ionisoitunut	mmol/l	A	11	7
kalsium,ionisoitunut	mmol/l	N	24	22
kalsium,ionisoitunut		N	89	76
kalsium,ionisoitunut(7,4),seerumi	mmol/l	N	11	11
kalsium,ionisoitunut(7.4)	mmol/l	A	2070	734
kalsium,ionisoitunut(7.4)	mmol/l	H	296	181
kalsium,ionisoitunut(7.4)	mmol/l	L	345	162
kalsium,ionisoitunut(7.4)	mmol/l	N	4464	2777
kalsium,ionisoitunut(7.4),pl	mmol/l	A	332	196
kalsium,ionisoitunut(7.4),pl	mmol/l	H	11	8
kalsium,ionisoitunut(7.4),pl	mmol/l	L	144	108
kalsium,ionisoitunut(7.4),pl	mmol/l	N	525	362
kalsium,ionisoitunut(7.4),plasma	mmol/l	A	1263	728
kalsium,ionisoitunut(7.4),plasma	mmol/l	H	12	7
kalsium,ionisoitunut(7.4),plasma	mmol/l	L	63	36
kalsium,ionisoitunut(7.4),seerumi	mmol/l	A	1671	686
kalsium,ionisoitunut(7.4),seerumi	mmol/l	H	182	94
kalsium,ionisoitunut(7.4),seerumi	mmol/l	L	193	79
kalsium,ionisoitunut(7.4),seerumi	mmol/l	N	91	66
kalsium,ionisoitunut(7.4),seerumi		A	45	28
kalsium,ionisoitunut(akt)	mmol/l	A	1371	463
kalsium,ionisoitunut(akt)	mmol/l	N	2158	1466
kalsium,ionisoitunut(akt),plasma	mmol/l	A	228	153
kalsium,ionisoitunut(s-)	mmol/l	A	139	92
kalsium,ionisoitunut(s-)	mmol/l	N	1541	1218
kalsium,ionisoitunut,7.4seerumi	mmol/l	A	10	6
kalsium,ionisoitunut,7.4seerumi	mmol/l	N	61	53
kalsium,ionisoitunut,aktuaali	mmol/l	N	260	200
kalsium,ionisoitunut,ph7.4-korjattu	mmol/l	A	91	46
kalsium,ionisoitunut,ph7.4-korjattu	mmol/l	N	427	363
kalsium,ionisoitunut,ph7.4-korjattu,arteriaverestä,osatutk	mmol/l	A	7	6
kalsium,ionisoitunut,ph7.4-korjattu,kapillaariverestä,osatutk	mmol/l	A	10	6
kalsium,ionisoitunut,ph7.4-korjattu,seerumista	mmol/l	A	9	9
kalsium,ionisoitunut,ph7.4-korjattu,seerumista	mmol/l	N	98	89
kalsium,ionisoitunut,ph7.4-korjattu,seerumista,osatutk	mmol/l	A	383	158
kalsium,ionisoitunut,ph7.4-korjattu,seerumista,osatutk	mmol/l	H	13	13
kalsium,ionisoitunut,ph7.4-korjattu,seerumista,osatutk	mmol/l	L	67	45
kalsium,ionisoitunut,ph7.4-korjattu,venaverestä,osatutk	mmol/l	A	11	9
kalsium,ionisoitunut,ph7.4korjattu	mmol/l/p	N	47	43
kalsium,ionisoitunut,plasmasta	mmol/l	L	26	19
kalsium,ionisoitunut,plasmasta	mmol/l	N	41	33
kalsium,ionisoitunut,seerumista		N	11	8
kalsium,ionisoitunutph	ph	N	77	56
kalsium,normalisoitupitoisuus		N	31	25
kalsium,osatutkimus(4598p-ca)	mmol/l	A	6	6
kalsium,osatutkimus(4598p-ca)	mmol/l	N	83	76
kalsium,osatutkimus(p-ca)	mmol/l	A	11	6
kalsium,osatutkimus(p-ca)	mmol/l	N	156	134
kalsiumionisoitunut,seerumi..	mmol/l	N	43	39
kappa-lambda-suhde,kevytketju	ratio	A	168	71
kappa-lambda-suhde,kevytketju	ratio	H	74	40
kappa-lambda-suhde,kevytketju	ratio	L	44	26
kappa-lambda-suhde,kevytketju	ratio	N	432	258
kappa-lambda-suhde,kevytketjut,vapaat	ratio	A	10	6
kappa-lambda-suhde,kevytketjut,vapaat	ratio	N	11	11
kappa/lambda,vapaat	ratio	N	32	29
kappa/lambda-suhde,kevytketjut,vapaat	ratio	A	32	10
kardiolipiini,iggvasta-aineet,plasma	gpl	A	10	9
kardiolipiini,igmvasta-aineet,plasma	mpl	A	8	7
kardiolipiini-iggvasta-aineetplasmasta	u/ml	N	7	6
karsinoembryonaalinenantigeeni	ug/l	A	122	66
karsinoembryonaalinenantigeeni	ug/l	N	7	7
karsinoembryonaalinenantigeeni		N	28	12
kattavakardiologinenpaneeli(184geeniä,blueprint)dna-tutk.		A	8	8
kaura,ruok	u/ml	A	21	20
kaura,sipö	u/ml	A	6	6
keliakia,immunoglobuliinia	g/l	N	8	8
keliakia,kudostransglutaminaasiigavasta-aineet		N	9	9
keliakia,seulonta		N	10	10
keliakia,totaaliiga		N	13	13
keliakia,vasta-ainetutkimus,seerumista		N	21	14
keliakia,vasta-ainetutkimus,seerumista,osatutkimus		N	7	7
keliakianhla-tautiassosiaatio,nukleiinihappo,verestä		A	10	10
keliakianperustutkimus		N	55	55
keliakianperustutkimuspaketti		N	25	25
keliakiaperustutkimuspaketti		N	493	493
keliakiaseulonta		N	81	81
keliakiat2		N	7	7
keliakiatutkimus		N	35	34
keliakiatutkimus,laaja		N	349	343
keliakiatutkimus,laaja(kelit)		N	8	8
keliakiatutkimus,laaja(s-iga,s-dgaba,s-dgpabg,s-emaba,s-ttgaba)		N	9	9
keliakiatutkimus,lausunto		N	293	291
keliakiatutkimus,seulonta		N	98	94
keliakiatutkimus,seulonta(sis.s-iga,s-ttgaba)		N	6	6
keliakiatutkimus,suppea		N	24	24
keliakiatutkimus,suppea(kelia-s)		N	7	7
keliakiatutkimus,suppea(s-ttgaba(celikey®)jas-iga)		N	23	23
keliakiatutkimuspaketti		N	11	11
keliakiavasta-aineet,seerumista		N	11	11
kemiallinenseulonta		N	749	403
kemiallinenseulonta,virtsasta,osatutkimus		N	66	39
keräyksenkesto	min	N	68	50
keuhkoahtaumatautiriski(tupakoivilla)		A	3319	3300
keuhkosyöpäriski(tupakoivilla)		A	3319	3300
ki-pad		N	1144	682
ki-pad-if		N	26	25
kiire		N	8	8
kiirelisä		N	28	26
kilpirauhasentutkimuspaketti		N	1828	1692
kilpirauhaspaketti		N	7	6
kilpirauhastutkimus		N	285	233
kilpirauhastutkimus(paketti:tsh,t4v)		N	33	21
kilpirauhastutkimus(tsh,t4v)		N	23	21
kilpirauhastutkimus,paketti		N	37	28
kilpirauhastutkimuspaketti		N	123	101
kilpirauhastutkimuspaketti(s-t4vjas-tsh)		N	15	15
kilpirauhasvasta-a.(tygl-ab,tpo-ab)		N	8	8
kipa		N	11	10
kissa	u/ml	A	138	134
kissa		A	136	133
kissa		N	11	11
kissae	u/ml	A	97	89
kissae		A	17	17
kissanhilse(e1),ige-vasta-aineet	u/ml	A	34	33
kissanhilse,ige-va:t(s-)	u/ml	A	20	20
kissanhilse,ige-va:t(s-)	u/ml	N	7	7
klamydiatrachomatisnukleiinihappo(kval)		N	11	10
klamydiavasta-aineet(cf)/virus,laaj		N	7	7
kliinineneksomi,triotutkimusverestä,vanhempi		N	7	7
klobatsaami	umol/l	N	7	6
kloridi,plasma	mmol/l	A	721	384
kloridi,plasma	mmol/l	L	14	11
kloridi,plasma	mmol/l	N	275	115
klotsapiini	nmol/l	A	433	138
klotsapiini	nmol/l	N	15	12
klotsapiini		A	6	6
klotsapiini		N	18	11
klotsapiini,seerumi	nmol/l	A	376	60
klotsapiini,seerumi	nmol/l	H	202	38
klotsapiini,seerumi	nmol/l	L	120	27
klotsapiini,seerumista	nmol/l	A	10	7
klotsapiini,seerumista	umol/l	A	33	13
kobolttipitoisuus,verestä	ug/l	A	15	15
kohdunlimakalvonhistologisenmateriaalintutkimus		N	8	8
koira,hils	u/ml	A	151	149
koira,hils		A	119	114
koira,hilse	u/ml	A	19	18
koira,hilse	u/ml	N	10	10
koira,hilse		N	22	22
koirae	u/ml	A	93	81
koirae		A	19	18
koiranhilse(e5),ige-vasta-aineet	u/ml	A	27	26
koiranhilse,ige-va:t(s-)	u/ml	A	12	12
koiranhilse,ige-va:t(s-)	u/ml	N	18	18
koiranhilse,igevasta-aineet	u/ml	N	6	6
koivu	u/ml	A	196	189
koivu		A	216	209
koivu		N	12	12
koivue	u/ml	A	120	110
koivue	u/ml	N	10	9
koivue		A	14	14
koivue		N	25	24
koivunsiitepöly(t3),ige-vasta-aineet	u/ml	A	43	42
koivunsiitepöly,ige-va:t(s-)	u/ml	A	10	10
koivunsiitepöly,ige-va:t(s-)	u/ml	N	15	15
koivunsiitepöly,ige-vasta-aineet,seerumista	u/ml	H	7	7
kokaiini		N	8	8
kokaiini(kval)		N	45	38
kokoeksomi(wes),tritutkimusverestä,vanhempi		N	8	8
kokoeksomi(wes),tutkimusverestä		N	7	7
kokonaisprolaktiini	mu/l	N	7	7
kol-hdl-suhde		A	8	8
kol-hdl-suhde		N	12	11
kol-hdl/kol	mmol/l	N	129	102
kol.kvot		N	115	98
kol/hdl		A	71	54
kol/hdl		H	36	21
kol/hdl		N	207	155
kol/hdl-su		H	249	188
kol/hdlsuh		A	10	9
kol/hdlsuho1		A	6	6
kol/kol-hdl-suhde		N	7	7
kolesteroli	mmol/l	A	1501	1299
kolesteroli	mmol/l	H	1781	1581
kolesteroli	mmol/l	N	3368	2966
kolesteroli		A	118	101
kolesteroli,hdl/lipidit,osatutkimus(4516fp-hdl-kol)osatutkimus	mmol/l	A	36	33
kolesteroli,hdl/lipidit,osatutkimus(4516fp-hdl-kol)osatutkimus	mmol/l	N	165	153
kolesteroli,highdensity/lipidit(4516fp-hdl-kol/lipidit),osatutkimus	mmol/l	A	15	15
kolesteroli,highdensity/lipidit(4516fp-hdl-kol/lipidit),osatutkimus	mmol/l	N	42	42
kolesteroli,highdensitylipoproteiinit	mmol/l	A	736	670
kolesteroli,highdensitylipoproteiinit	mmol/l	L	642	554
kolesteroli,highdensitylipoproteiinit	mmol/l	N	5273	4368
kolesteroli,highdensitylipoproteiinit		A	50	44
kolesteroli,highdensitylipoproteiinit,plasmasta	mmol/l	A	104	77
kolesteroli,highdensitylipoproteiinit,plasmasta	mmol/l	N	607	455
kolesteroli,highdensitylipoproteiinit/lipidit	mmol/l	A	481	318
kolesteroli,highdensitylipoproteiinit/lipidit	mmol/l	N	2430	1686
kolesteroli,highdensitylipoproteiinit/lipidit		N	6	6
kolesteroli,highdensitylipoproteiinit/lipiditosatutkimus	mmol/l	A	238	190
kolesteroli,highdensitylipoproteiinit/lipiditosatutkimus	mmol/l	N	948	731
kolesteroli,highdensitylipoprotein,plasmasta,paastotilassa(fp-kol-hdl)	mmol/l	A	419	335
kolesteroli,highdensitylipoprotein,plasmasta,paastotilassa(fp-kol-hdl)	mmol/l	N	3104	2207
kolesteroli,lowdensity	mmol/l	H	1936	1733
kolesteroli,lowdensity	mmol/l	N	2180	1917
kolesteroli,lowdensitylipoproteiinit	mmol/l	A	1349	1162
kolesteroli,lowdensitylipoproteiinit	mmol/l	N	1455	1274
kolesteroli,lowdensitylipoproteiinit		A	115	98
kolesteroli,lowdensitylipoproteiinit(ldl)/lipidit	mmol/l	N	2756	1791
kolesteroli,lowdensitylipoproteiinit(ldl)/lipidit		N	20	15
kolesteroli,lowdensitylipoproteiinit(ldl)/lipidit(4599fp-kol-ldl/lipidit),osatutkimus	mmol/l	A	117	112
kolesteroli,lowdensitylipoproteiinit(ldl)/lipidit(4599fp-kol-ldl/lipidit),osatutkimus	mmol/l	N	141	133
kolesteroli,lowdensitylipoproteiinit(ldl)/lipiditosatutkimus	mmol/l	A	311	272
kolesteroli,lowdensitylipoproteiinit(ldl)/lipiditosatutkimus	mmol/l	N	874	699
kolesteroli,lowdensitylipoproteiinit,plasmasta	mmol/l	A	20	15
kolesteroli,lowdensitylipoproteiinit,plasmasta	mmol/l	N	50	35
kolesteroli,lowdensitylipoproteiinit/lipidit	mmol/l	A	62	61
kolesteroli,lowdensitylipoproteiinit/lipidit	mmol/l	N	72	68
kolesteroli,lowdensitylipoproteiniit,plasmasta	mmol/l	A	400	302
kolesteroli,lowdensitylipoproteiniit,plasmasta	mmol/l	N	304	248
kolesteroli,plasmasta	mmol/l	A	9	7
kolesteroli,plasmasta	mmol/l	N	15	13
kolesteroli,plasmasta,paastotilassa(fp-kol)	mmol/l	A	2179	1541
kolesteroli,plasmasta,paastotilassa(fp-kol)	mmol/l	N	1343	1102
kolesteroli-ldl	mmol/l	A	22	18
kolesteroli-ldl	mmol/l	N	17	15
kolesteroli/hdl-kolesteroli-suhde		N	8	8
kolesteroli/hdl-suhde		H	2320	2215
kolesteroli/hdl-suhde		N	7537	7191
kolesteroli/hdl-suhdevv65		N	22	22
kolesteroli/lipidit	mmol/l	A	1323	947
kolesteroli/lipidit	mmol/l	N	1580	1163
kolesteroli/lipidit(4515fp-kol/lipidit),osatutkimus	mmol/l	A	22	22
kolesteroli/lipidit(4515fp-kol/lipidit),osatutkimus	mmol/l	N	46	46
kolesteroli/lipidit,osatutkimus(4515fp-kol/lipidit)	mmol/l	A	95	92
kolesteroli/lipidit,osatutkimus(4515fp-kol/lipidit)	mmol/l	N	95	92
kolesteroli/lipiditosatutkimus	mmol/l	A	530	421
kolesteroli/lipiditosatutkimus	mmol/l	N	651	534
kolesteroli/s-lipa	mmol/l	A	27	19
kolesteroli/s-lipa	mmol/l	N	27	23
kolesterolinjahdl-kolest.suhde		A	59	39
kolesterolinjahdl-kolest.suhde		N	207	134
kolesterolinjahdl-kolesterolinsuhde	%	N	22	22
kolesterolinjahdl-kolesterolinsuhde		A	221	178
kolesterolinjahdl-kolesterolinsuhde		N	635	503
kolesteroliplasmasta	mmol/l	A	310	237
kolesteroliplasmasta	mmol/l	N	385	321
kolestrolivldl	mmol/l	N	80	72
koll/adp	s	A	37	33
koll/adr	s	A	26	24
kollageeni/adp	s	A	8	8
kollageenii/adrenaliini	s	A	7	6
kolonoskopianäytteidenhistologinentutkimus		A	79	77
kolposkopianäytteidenhistologinentutkimus		A	67	64
komplementtic3	g/l	A	15	6
komplementtic3	g/l	N	6	6
komplementtic4	g/l	A	13	8
komplementtic4	g/l	N	6	6
konalbumiini,igevasta-aineet,seerumista		N	6	6
koriongonadotropiini	u/l	A	293	153
koriongonadotropiini	u/l	N	67	35
koriongonadotropiini		N	82	63
koriongonadotropiini,b-alayksikkö,vapaa	ug/l	N	61	61
koriongonadotropiini,beeta-alayksikkö	u/l	A	9	6
koriongonadotropiini,ihmisen,plasma	u/l	A	118	58
koriongonadotropiini,ihmisen,plasma	u/l	H	129	59
koriongonadotropiini,virtsakval(u-hcg-o)		N	7	6
korona-rs-influenssa,pcrpikatesti		A	30	29
korona-rs-influenssa,pcrpikatesti		N	2218	1718
korona-rs-influenssavirusten,nukleiinihappo		N	24	21
kors/dxm	nmol/l	A	16	15
kortisoli	nmol/l	A	53	38
kortisoli	nmol/l	N	34	30
kortisoli,sylki	nmol/l	A	9	8
kortisoli,sylki	nmol/l	N	21	17
kortisoli,vapaa,vuorokausivirtsa	nmol/l	A	14	11
kotikäynti		N	72	38
kpika	mmol/l	A	153	134
krea-pika	umol/l	A	446	239
kreapika	umol/l	A	420	309
kreatiinikinaasi	u/l	A	6	6
kreatiinikinaasi	u/l	H	141	94
kreatiinikinaasi	u/l	L	26	20
kreatiinikinaasi	u/l	N	648	591
kreatiinikinaasi,bb-isoentsyymi,aktiivisuus		N	8	8
kreatiinikinaasi,bb-isoentsyymi,osuus		N	7	7
kreatiinikinaasi,kokonaisaktiivisuus	u/l	N	8	8
kreatiinikinaasi,mb-alayksikkö	ug/l	H	38	27
kreatiinikinaasi,mb-alayksikkö	ug/l	N	344	314
kreatiinikinaasi,mb-isoentsyymi,osuus	%	N	7	7
kreatiinikinaasi,mm-isoentsyymi,aktiivisuus	u/l	N	7	7
kreatiinikinaasi,mm-isoentsyymi,osuus	%	N	6	6
kreatiniini	mmol/l	N	354	280
kreatiniini	umol/l	A	9324	3012
kreatiniini	umol/l	N	652	554
kreatiniini		N	391	202
kreatiniini(4600p-krea)	umol/l	A	215	131
kreatiniini(4600p-krea)	umol/l	N	1831	1092
kreatiniini(krea)	umol/l	A	137	104
kreatiniini(krea)	umol/l	N	1164	890
kreatiniini(krea)		N	72	67
kreatiniini(p-krea)	umol/l	A	224	139
kreatiniini(p-krea)	umol/l	N	1595	1071
kreatiniini(p-krea)		N	12	11
kreatiniini,hoitoyksikönvieritesti,veri	mmol/l	H	65	53
kreatiniini,hoitoyksikönvieritesti,veri	mmol/l	N	96	71
kreatiniini,pika	umol/l	H	18	16
kreatiniini,pika	umol/l	L	41	29
kreatiniini,pika	umol/l	N	60	44
kreatiniini,pikatesti	umol/l	A	215	140
kreatiniini,pikatesti,veri	umol/l	A	13	13
kreatiniini,pikatesti,veri	umol/l	H	37	32
kreatiniini,pikatesti,veri	umol/l	L	13	13
kreatiniini,pikatutkimus		H	44	28
kreatiniini,pikatutkimus		L	13	10
kreatiniini,plasmasta	ml/min/173m2	N	81	81
kreatiniini,plasmasta	umol/l	N	80	80
kreatiniini,virtsasta	mmol/l	N	33	28
kreatiniini,virtsasta(huumeseulonnanyhteydessä)	mmol/l	A	76	72
kreatiniini,virtsasta(huumeseulonnanyhteydessä)	mmol/l	N	798	736
kreatiniininpoistumavirtsaan,toimintakoe	ml/s/173	A	17	15
kreatiniiniplasmasta,osatutkimus	umol/l	A	26	13
kreatiniiniplasmasta,osatutkimus	umol/l	N	119	63
kromipitoisuus,verestä	ug/l	A	16	16
kromograniinia	nmol/l	A	75	51
kromograniinia,plasmasta,paastotilassa	nmol/l	A	58	29
krooninenmunuaistenvajaatoimintariski		A	274	273
krooninenmunuaistenvajaatoimintariski		N	3045	3031
ks-viabil		N	77	65
kssoluvi		N	58	50
ku-ab(ib)		N	52	50
kudoksenhistologinentutkimus,pienikudosnäyte		A	148	133
kudosantigeenib27		N	14	14
kudosantigeenib27,dna-tutkimus		A	17	17
kudosnäyte1-3biopsiaa		A	15	15
kudosnäytt.histol.tutk.(pad)1-3näytettä(ts-pad-1)		N	80	65
kudosnäytt.histol.tutk.,suppealeikkauspreparaatti(ts-pad-3)		N	16	13
kudosnäytteenhist.tutk.,laajaleik.prep.		A	229	182
kudosnäytteenhist.tutk.,suppealeikkauspreparaatti		A	55	51
kudosnäytteenhistologinentutkimus,laajaleikkauspreparaatti		A	18	18
kudosnäytteenhistologinentutkimus,pienikudosnäyte		A	347	249
kudosnäytteenhistologinentutkimus,pienikudosnäyte		N	181	166
kudosnäytteenhistologinentutkimus,suppealeikkauspreparaatti		A	8	8
kudosnäytteet,1-3pientänäytepurkkia		N	39	38
kudostransglutaminaasi,iga-vasta-aineet	u/ml	A	11	8
kudostransglutaminaasi,iga-vasta-aineet		N	10	10
kudostransglutaminaasi,igavasta-aineet	u/ml	N	64	64
kudostransglutaminaasi,igavasta-aineet		N	12	12
kudostransglutaminaasi,igavasta-aineet(keliakia)		N	12	11
kudostransglutaminaasi,igavasta-aineet,seerumista	u/ml	A	20	13
kudostransglutaminaasi,iggvasta-aineet		N	11	11
kupari,punasolun	umol/l	N	312	250
kv229enho		A	31	18
kvnl63nho		A	11	11
kvoc43nho		A	29	24
kystatiinic	mg/l	N	6	6
kystatiinic(4507p-kysc)	mg/l	N	18	17
kystatiinic(p-kysc)	mg/l	N	16	15
l-bas	%	A	388	208
l-bas	%	N	4017	1235
l-bas		A	134	92
l-bas		N	1866	858
l-baso	%	A	46779	16978
l-baso	%	H	45543	15354
l-baso	%	N	253980	54678
l-baso	e9/l	A	108	70
l-baso	e9/l	N	176	133
l-baso		A	1838	1172
l-baso		H	416	326
l-baso		N	15857	7949
l-baso(a)	%	A	4723	2041
l-baso(a)	%	H	2256	1038
l-baso(a)	%	N	1546	786
l-baso(a)		A	986	602
l-baso(a)		H	2320	1319
l-baso(a)		N	6214	3126
l-baso-kd	%	N	106	52
l-baso-m	%	A	1296	573
l-baso-m	%	N	26	19
l-baso-m		A	112	73
l-baso-m		N	50	26
l-basobasofiilit	%	A	9	9
l-basobasofiilit	%	N	75	57
l-basof	%	A	4743	2043
l-basof		A	1120	578
l-basofiili	%	A	633	286
l-basofiili		A	14	11
l-basofiilisetlaukosyytit	%	N	76	68
l-basofiilisetleukosyytit	%	A	889	475
l-basofiilisetleukosyytit	%	H	13	11
l-basofiilisetleukosyytit	%	N	356	227
l-basofiilisetsolut	%	A	23	19
l-basofiilisetsolut	%	N	149	126
l-basofiilit	%	A	6729	3082
l-basofiilit	%	H	24	17
l-basofiilit	%	N	33385	11297
l-basofiilit		N	83	65
l-basofiilit(l-baso)	%	H	49	47
l-basofiilit(l-baso)	%	N	283	236
l-basofiilit,absoluuttiset	%	N	14	7
l-basofiilit,automaatio	%	A	1480	751
l-basofiilit,automaatio	%	H	92	68
l-basofiilit,automaatio	%	N	387	254
l-bglukos		N	14	14
l-bla	%	A	671	171
l-bla		A	221	48
l-bla		N	17	15
l-blas		A	79	14
l-blast	%	A	941	257
l-blast	%	H	199	82
l-blast	%	HH	21	11
l-blast	%	N	140	101
l-blast		A	12	8
l-blast		N	503	261
l-blast-m	%	A	560	182
l-blast-m	%	N	15	11
l-blast-m		A	63	25
l-blast-m		N	60	31
l-blasti	%	N	23	16
l-blasti		N	95	60
l-blasti-m	%	N	7	6
l-blastit	%	A	2932	682
l-blastit	%	H	483	123
l-blastit	%	N	2997	1210
l-blastit		H	9	7
l-blastit		N	1610	903
l-blastit,mikroskopointi	%	A	160	55
l-blastit,mikroskopointi	%	H	13	8
l-blastit,mikroskopointi	%	N	32	26
l-cd34	%	N	181	117
l-cd34		N	10	7
l-eos	%	A	145493	42493
l-eos	%	H	33394	12293
l-eos	%	HH	9	7
l-eos	%	L	61064	19965
l-eos	%	N	214680	52350
l-eos	e9/l	A	1050	308
l-eos	e9/l	N	186	142
l-eos		A	6526	3224
l-eos		H	720	543
l-eos		L	756	474
l-eos		N	14108	7246
l-eos(a)	%	A	10578	3822
l-eos(a)	%	H	3347	1745
l-eos(a)	%	L	4979	2054
l-eos(a)	%	N	1447	765
l-eos(a)		A	3458	1728
l-eos(a)		H	3306	1903
l-eos(a)		L	4459	2025
l-eos(a)		N	5588	2944
l-eos-hy	%	A	39	36
l-eos-kd	%	H	13	8
l-eos-kd	%	L	35	14
l-eos-kd	%	N	63	41
l-eos-m	%	A	2675	1090
l-eos-m	%	N	17	12
l-eos-m		A	278	166
l-eos-m		N	25	18
l-eoseosinofiilit	%	A	7	6
l-eoseosinofiilit	%	N	77	60
l-eosin	%	A	19504	7041
l-eosin		A	4841	2438
l-eosinifiilit(l-eos)	%	H	27	26
l-eosinifiilit(l-eos)	%	L	15	12
l-eosinifiilit(l-eos)	%	N	292	245
l-eosinofiili	%	A	2426	910
l-eosinofiilit	%	A	18517	7233
l-eosinofiilit	%	H	26	19
l-eosinofiilit	%	L	75	43
l-eosinofiilit	%	N	26099	10430
l-eosinofiilit		A	90	67
l-eosinofiilit		N	86	68
l-eosinofiilit,automaatio	%	A	2911	1265
l-eosinofiilit,automaatio	%	H	78	54
l-eosinofiilit,automaatio	%	L	72	58
l-eosinofiilit,automaatio	%	N	361	241
l-eosinofiilt	%	A	11	10
l-eosinofiilt	%	N	31	27
l-eosonofiilit	%	A	1152	581
l-gran	%	A	31	21
l-gran	%	H	88	80
l-gran	%	L	31	29
l-gran	%	N	15	12
l-ind		N	73	58
l-leukosyytit,basofiiliset,mikroskopointi	%	A	296	158
l-leukosyytit,basofiiliset,mikroskopointi	%	H	25	15
l-leukosyytit,basofiiliset,mikroskopointi	%	N	140	93
l-leukosyytit,basofiiliset,mikroskopointi		A	12	8
l-leukosyytit,basofiiliset,mikroskopointi		N	12	12
l-leukosyytit,eosinofiiliset,mikroskopointi	%	A	435	231
l-leukosyytit,eosinofiiliset,mikroskopointi	%	H	8	6
l-leukosyytit,eosinofiiliset,mikroskopointi	%	L	38	24
l-leukosyytit,eosinofiiliset,mikroskopointi	%	N	117	86
l-leukosyytit,eosinofiiliset,mikroskopointi		A	28	18
l-liusk	%	A	1269	447
l-liusk		A	119	62
l-liuska	%	A	2126	674
l-liuska	%	N	63	55
l-liuska		A	42	25
l-liuska		N	32	27
l-liuskat	%	A	5979	2368
l-liuskatumaisetneutrofiilit	%	A	578	217
l-lmono	%	A	31	29
l-lmono	%	N	93	75
l-lmono	e9/l	A	14	13
l-lmono	e9/l	N	79	64
l-ly	%	A	36362	11323
l-ly	%	H	1431	565
l-ly	%	HH	71	23
l-ly	%	L	1094	665
l-ly	%	N	6440	2696
l-ly	e9/l	A	489	298
l-ly		A	2366	1050
l-ly		H	79	54
l-ly		L	46	38
l-ly		N	4178	1282
l-lylymfosyytit,absoluuttiset/tvk	%	A	9	9
l-lylymfosyytit,absoluuttiset/tvk	%	N	73	58
l-lym	%	A	14	14
l-lym	%	H	11	11
l-lym	%	L	13	9
l-lym	%	N	12	10
l-lymf	%	A	77627	21123
l-lymf	%	H	1891	741
l-lymf	%	L	18052	6438
l-lymf	%	N	8605	3914
l-lymf	e9/l	A	519	222
l-lymf	e9/l	N	94	83
l-lymf		A	5134	2628
l-lymf		H	249	135
l-lymf		L	2409	1544
l-lymf		N	8038	4925
l-lymf(a)	%	A	91764	23237
l-lymf(a)	%	H	24908	7729
l-lymf(a)	%	L	88543	23720
l-lymf(a)	%	N	174539	39682
l-lymf(a)		A	4737	2266
l-lymf(a)		H	2884	1553
l-lymf(a)		L	8019	3679
l-lymf(a)		N	6372	3127
l-lymf-hy	%	A	50	45
l-lymf-kd	%	H	17	11
l-lymf-kd	%	L	14	12
l-lymf-kd	%	N	80	41
l-lymf-m	%	A	3241	1032
l-lymf-m	%	N	15	12
l-lymf-m		A	470	196
l-lymf-m		N	35	27
l-lymfo	%	A	28	18
l-lymfos	%	A	25748	8403
l-lymfos		A	6299	2922
l-lymfosy	%	L	11	11
l-lymfosyytit	%	A	23755	9859
l-lymfosyytit	%	H	538	249
l-lymfosyytit	%	L	1093	607
l-lymfosyytit	%	N	29385	13226
l-lymfosyytit		A	133	113
l-lymfosyytit		N	252	181
l-lymfosyytit(konediffi)	%	N	23	19
l-lymfosyytit(l-ly)	%	H	27	21
l-lymfosyytit(l-ly)	%	L	31	27
l-lymfosyytit(l-ly)	%	N	274	235
l-lymfosyytit,absoluuttiset	%	N	11	8
l-lymfosyytit,automaatio	%	A	5109	2390
l-lymfosyytit,automaatio	%	H	32	28
l-lymfosyytit,automaatio	%	L	71	57
l-lymfosyytit,automaatio	%	N	3744	2539
l-lymfosyytit,automaatio		N	7	7
l-lymfosyytit,mikroskopointi	%	A	651	289
l-lymfosyytit,mikroskopointi	%	H	20	16
l-lymfosyytit,mikroskopointi	%	L	43	26
l-lymfosyytit,mikroskopointi	%	N	108	82
l-lymfosyytit,mikroskopointi		A	38	24
l-lymfosyytit,suhde	%	N	24	18
l-lymfosyytit-osuus,vieritutkimus	%	L	19	19
l-lymfosyytit-osuus,vieritutkimus	%	N	41	39
l-lymfosyytitosatutk2225diffi	%	N	28	24
l-lymfosyytti	%	A	3512	1437
l-lyp	%	H	7	6
l-lyp	%	L	14	14
l-mdx	%	H	13	12
l-meta	%	A	2337	855
l-meta	%	H	621	257
l-meta	%	N	127	88
l-meta		A	207	80
l-meta		N	598	321
l-meta-m	%	A	1302	514
l-meta-m	%	N	21	17
l-meta-m		A	130	81
l-meta-m		N	60	31
l-metam	%	A	3575	1361
l-metam		A	713	367
l-metam		N	15	13
l-metamy		N	18	16
l-metamye	%	A	6302	2123
l-metamye	%	H	1394	509
l-metamye	%	N	179	100
l-metamye		A	26	19
l-metamye		H	72	58
l-metamye		N	2095	1175
l-metamyel	%	A	678	296
l-metamyel		A	33	27
l-metamyelosyytit	%	A	2387	1028
l-metamyelosyytit	%	H	24	17
l-metamyelosyytit	%	N	1447	677
l-metamyelosyytit		N	15	15
l-metamyelosyytit,mikroskopointi	%	A	290	138
l-metamyelosyytit,mikroskopointi	%	H	47	26
l-metamyelosyytit,mikroskopointi	%	N	29	23
l-metamyelosyytit,mikroskopointi		A	27	16
l-metamyelosyytti	%	A	467	117
l-metmye	%	A	285	143
l-metmye		N	140	116
l-mid	%	H	17	16
l-mid	%	L	20	20
l-mon	%	A	297	143
l-mon	e9/l	A	365	182
l-mon		A	1588	803
l-mono	%	A	17143	4806
l-mono	%	H	134	82
l-mono	%	N	4014	1580
l-mono	e9/l	A	378	137
l-mono		A	2033	1029
l-mono		N	3409	1239
l-mono(a)	%	A	64485	16820
l-mono(a)	%	H	77170	20267
l-mono(a)	%	L	1267	469
l-mono(a)	%	N	205718	43348
l-mono(a)		A	3633	1701
l-mono(a)		H	7659	3710
l-mono(a)		L	13	11
l-mono(a)		N	6806	3309
l-mono+muu	%	H	279	252
l-mono+muu	%	L	6	6
l-mono-hy	%	A	7	7
l-mono-kd	%	H	77	38
l-mono-kd	%	N	34	23
l-mono-m	%	A	130	44
l-monos	%	A	83910	25295
l-monos	%	H	11626	4590
l-monos	%	HH	43	10
l-monos	%	L	1367	580
l-monos	%	N	11396	5094
l-monos	e9/l	A	353	162
l-monos	e9/l	N	70	51
l-monos		A	6411	3142
l-monos		H	1633	1130
l-monos		L	95	64
l-monos		N	9977	5391
l-monos-m	%	A	2619	888
l-monos-m	%	N	18	15
l-monos-m		A	358	159
l-monos-m		N	44	26
l-monosmonosyytit,absoluuttiset/tvk	%	A	6	6
l-monosmonosyytit,absoluuttiset/tvk	%	N	76	59
l-monosyytit	%	A	15622	6415
l-monosyytit	%	H	761	429
l-monosyytit	%	L	72	51
l-monosyytit	%	N	31904	12560
l-monosyytit		A	92	79
l-monosyytit		N	238	167
l-monosyytit(konediffi)	%	N	22	17
l-monosyytit(l-mono)	%	H	22	19
l-monosyytit(l-mono)	%	N	313	259
l-monosyytit+muut	%	H	17	17
l-monosyytit+muut	%	N	191	178
l-monosyytit,absoluuttiset	%	N	17	10
l-monosyytit,automaatio	%	A	3524	1683
l-monosyytit,automaatio	%	H	120	66
l-monosyytit,automaatio	%	N	3944	2651
l-monosyytit,automaatio		N	8	8
l-monosyytit,mikroskopointi	%	A	629	265
l-monosyytit,mikroskopointi	%	H	30	18
l-monosyytit,mikroskopointi	%	L	29	19
l-monosyytit,mikroskopointi	%	N	109	81
l-monosyytit,mikroskopointi		A	32	19
l-monosyytit,suhde	%	N	25	21
l-monosyytitosatutk2225diffi	%	N	30	25
l-monosyytti	%	A	3369	1645
l-monosyytti		A	58	47
l-muut	%	A	110	101
l-muut	%	N	2995	2054
l-mxd	%	H	28	23
l-mxd	%	N	78	74
l-mxd-osuus,vieritutkimus	%	H	6	6
l-mxd-osuus,vieritutkimus	%	N	56	54
l-mxdp	%	H	14	14
l-myel	%	A	5737	2163
l-myel	%	H	701	286
l-myel	%	N	128	92
l-myel		A	951	462
l-myel		N	609	334
l-myel-m	%	A	1624	660
l-myel-m	%	N	20	16
l-myel-m		A	194	105
l-myel-m		N	59	31
l-myelo		A	19	9
l-myelocy		N	23	20
l-myelos	%	A	8553	2902
l-myelos	%	H	1644	600
l-myelos	%	N	164	98
l-myelos		A	82	62
l-myelos		H	98	79
l-myelos		N	2192	1256
l-myelosyytit	%	A	2515	1089
l-myelosyytit	%	H	25	16
l-myelosyytit	%	N	1388	619
l-myelosyytit		N	15	15
l-myelosyytit,mikroskopointi	%	A	325	158
l-myelosyytit,mikroskopointi	%	H	45	25
l-myelosyytit,mikroskopointi	%	N	27	21
l-myelosyytit,mikroskopointi		A	28	19
l-myelosyytti	%	A	420	100
l-neut	%	A	52771	18441
l-neut	%	H	6790	3167
l-neut	%	HH	40	35
l-neut	%	L	4383	1634
l-neut	%	N	11813	5342
l-neut	e9/l	A	730	363
l-neut	e9/l	N	64	46
l-neut		A	3167	1796
l-neut		H	606	447
l-neut		L	517	324
l-neut		N	13252	6670
l-neut(688l-neut),osatutkimus	%	N	13	10
l-neut(a)	%	A	40944	13080
l-neut(a)	%	H	19444	8506
l-neut(a)	%	L	28627	8884
l-neut(a)	%	N	233188	45678
l-neut(a)		A	1980	1078
l-neut(a)		H	1323	822
l-neut(a)		L	3279	1733
l-neut(a)		N	7594	3595
l-neut,osatutkimus(688l-neut)	%	A	7	7
l-neut,osatutkimus(688l-neut)	%	N	107	89
l-neut,osatutkimus(l-neut)	%	N	81	68
l-neut-hy	%	A	19	17
l-neut-kd	%	H	10	9
l-neut-kd	%	L	13	10
l-neut-kd	%	N	88	45
l-neut-m	%	A	3125	1092
l-neut-m	%	N	17	12
l-neut-m		A	413	168
l-neut-m		N	28	20
l-neutneutrofiilit,absoluuttiset/tvk	%	N	79	61
l-neutp	%	H	9	9
l-neutr	%	A	9972	4350
l-neutr	%	N	3726	1216
l-neutr	e9/l	A	65	27
l-neutr		A	2425	1430
l-neutr		N	1504	770
l-neutrof	%	A	246	104
l-neutrofiilit	%	A	10341	5330
l-neutrofiilit	%	H	420	293
l-neutrofiilit	%	L	403	172
l-neutrofiilit	%	N	36901	15030
l-neutrofiilit	e9/l	A	12	11
l-neutrofiilit	e9/l	N	112	88
l-neutrofiilit		A	138	123
l-neutrofiilit		N	266	188
l-neutrofiilit(konediffi)	%	N	23	19
l-neutrofiilit(l-neut)	%	H	13	13
l-neutrofiilit(l-neut)	%	L	24	18
l-neutrofiilit(l-neut)	%	N	299	250
l-neutrofiilit,absoluuttiset	%	N	11	8
l-neutrofiilit,automaatio	%	A	2253	1210
l-neutrofiilit,automaatio	%	H	12	10
l-neutrofiilit,automaatio	%	L	31	23
l-neutrofiilit,automaatio	%	N	3971	2668
l-neutrofiilit,automaatio		N	7	7
l-neutrofiilit,liuskatumaiset	%	A	1267	557
l-neutrofiilit,liuskatumaiset	%	H	27	19
l-neutrofiilit,liuskatumaiset	%	L	45	22
l-neutrofiilit,liuskatumaiset	%	N	1995	872
l-neutrofiilit,liuskatumaiset		N	7	7
l-neutrofiilit,mikroskopointi	%	A	622	280
l-neutrofiilit,mikroskopointi	%	H	32	20
l-neutrofiilit,mikroskopointi	%	L	16	13
l-neutrofiilit,mikroskopointi	%	N	186	125
l-neutrofiilit,mikroskopointi		A	28	18
l-neutrofiilit,osatutk2225diffi	%	N	29	24
l-neutrofiilit,osatutkimus	%	N	9	7
l-neutrofiilit,sauvatumaiset	%	A	303	170
l-neutrofiilit,sauvatumaiset	%	N	2845	1062
l-neutrofiilit,suhde	%	N	25	17
l-neutrofiilit-act5diffillä	%	N	165	77
l-neutrofiilit-osuus,vieritutkimus	%	H	12	12
l-neutrofiilit-osuus,vieritutkimus	%	N	48	46
l-nlt	%	A	2506	1017
l-nlt		A	1047	410
l-nlt		N	141	86
l-nst	%	A	602	332
l-nst		A	157	97
l-nst		N	256	138
l-prom	%	A	985	487
l-prom	%	H	149	87
l-prom	%	N	22	16
l-prom		A	158	81
l-prom		N	109	73
l-prom-m	%	A	186	102
l-prom-m	%	N	20	16
l-prom-m		A	13	7
l-prom-m		N	57	30
l-promyel	%	A	2780	1155
l-promyel	%	H	600	249
l-promyel	%	N	346	207
l-promyel		A	23	19
l-promyel		H	22	20
l-promyel		N	2802	1582
l-promyelosyytit	%	A	622	342
l-promyelosyytit	%	N	2706	1051
l-promyelosyytit		N	14	14
l-promyelosyytit,mikroskopointi	%	A	41	22
l-promyelosyytit,mikroskopointi	%	H	9	6
l-promyelosyytit,mikroskopointi	%	N	29	23
l-promyelosyytti	%	A	212	39
l-sauv	%	A	400	218
l-sauv		A	7	6
l-sauva	%	A	1647	687
l-sauva	%	N	63	48
l-sauva		A	62	45
l-sauva		N	105	80
l-sauvat	%	A	1331	709
l-segm	%	A	69	46
l-segm	%	N	7	6
l-segm		A	56	39
l-segm		N	139	103
l-stav		N	51	39
l-suuretvärjääntymättömätsolut	%	N	170	153
l:e-abo-rh		N	46	44
l:e-coombo		N	46	44
la-b-cd19		N	7	7
la-cd34		N	148	110
la-cd34-ks		N	148	110
la-cd34-os	%	N	148	110
la-eryt		N	18	11
la-hb	g/l	N	17	10
la-hkr	%	N	17	10
la-leuk		N	9	9
la-leukos		N	32	24
la-nk		N	7	7
la-soludif		N	7	7
la-t-cd3		N	68	53
la-t-cd4		N	68	53
la-t-cd8		N	68	53
la-t-solut		N	61	49
la-trom		N	18	11
la-tumsol		N	18	11
laajahuumeseulonta,varmistustasoinen,virtsasta		N	265	79
laboratoriolähetetekemättä		N	9	8
laboratoriopaketti		N	84	76
lactobacillusspp		A	43	40
lactobacillusspp		N	10	9
laktaatti(verikaasulaite),ka	mmol/l	A	122	112
laktaatti(verikaasulaite),ka	mmol/l	H	129	99
laktaatti(verikaasulaite),ka	mmol/l	N	398	287
laktaatti(verikaasulaite),kapillaariveri	mmol/l	A	119	86
laktaatti(verikaasulaite),kapillaariveri	mmol/l	H	64	45
laktaatti(verikaasulaite),la	mmol/l	A	13	13
laktaatti(verikaasulaite),la	mmol/l	N	52	49
laktaatti(verikaasulaite),laskimoveri	mmol/l	A	566	427
laktaatti(verikaasulaite),va	mmol/l	A	101	39
laktaatti(verikaasulaite),va	mmol/l	N	210	96
laktaatti(verikaasulaite),valtimoveri	mmol/l	A	132	87
laktaatti(verikaasulaite),valtimoveri	mmol/l	H	18	16
laktaatti,päivystystutkimus,verestä	mmol/l	A	147	52
laktaatti,verestä,pikatesti	mmol/l	A	159	138
laktaatti,verikaasuanalysaattorilla,verestä	mmol/l	A	17	15
laktaattidehydrogenaasi	u/l	A	6	6
laktaattidehydrogenaasi	u/l	H	31	29
laktaattidehydrogenaasi	u/l	N	74	67
laktoosi-intoleranssi,dna-tutkimus		N	37	36
laktoosimalabsorptioonliittyvägeenimuutos,dna-t		N	54	54
laktpika	mmol/l	A	280	246
laktpika		A	8	8
lamotrigiini,seerumista	umol/l	A	9	7
laskennallinenpunasoluindeksi	%	N	16	15
laskennallinenpunasoluindeksi/pvk	%	N	37	33
laskennallinenpunasoluindeksi/tvk	%	N	9	6
laskennallinenpunasoluindeksi/vitascreen	%	N	44	43
lasko	mm/h	A	53	42
lasko	mm/h	N	372	308
lasko		N	101	37
lateksi	u/ml	A	9	9
laushetr		N	50	46
lausunto,hemostaasi-jatrombosyyttitutkimukset		N	17	16
lausuntotutkimusvsvalausunto		N	6	6
ldlhapettunut	u/l	N	19	14
lehmänmaito,ige-va:t(s-)	u/ml	N	6	6
leuc		N	286	139
leuk	e6	A	11	11
leuk	e6/l	A	590	354
leuk	e6/l	H	1617	1167
leuk	e6/l	HH	74	67
leuk		A	365	216
leuk		H	1436	861
leuk		HH	112	88
leuk-o		A	1891	704
leuk-pika	e9/l	A	368	305
leuk-pika		A	199	164
leukosyytit	e6/l	A	65	57
leukosyytit	e6/l	N	282	245
leukosyytit	e9/l	A	4754	1688
leukosyytit	e9/l	H	3812	1580
leukosyytit	e9/l	L	220	135
leukosyytit	e9/l	N	11690	5776
leukosyytit	u/field	N	22	16
leukosyytit		A	117	100
leukosyytit		N	171	107
leukosyytit(b-leuk)	e9/l	A	23	18
leukosyytit(b-leuk)	e9/l	N	40	37
leukosyytit(kval)	estimate	N	1291	969
leukosyytit(kval)		N	259	194
leukosyytit(leuk)	e9/l	A	11	10
leukosyytit(leuk)	e9/l	N	20	20
leukosyytit,erittelylaskenta		N	220	176
leukosyytit,pikatesti,verestä	e9/l	A	192	120
leukosyytit,pikatesti,veri	e9/l	A	18	16
leukosyytit,pikatesti,veri	e9/l	H	46	44
leukosyytit,pvkosatutkimus	1	H	12	6
leukosyytit,pvkosatutkimus	1	N	24	18
leukosyytit,pvkosatutkimus		N	42	32
leukosyytit,verestä,osatutk.2474	e9/l	H	1222	492
leukosyytit,verestä,osatutk.2474	e9/l	L	69	20
leukosyytit,verestä,pikatesti	e9/l	A	14	13
leukosyytit,vieritesti	e9/l	H	131	81
leukosyytit,vieritesti	e9/l	L	8	7
leukosyytit,vieritesti	e9/l	N	242	167
leukosyytit,virtsa	e6/l	A	2628	1233
leukosyytit,virtsa	e6/l	N	13	13
leukosyytit,virtsansolujenerittelylaskenta	u/field	A	13	6
leukosyytit,virtsasta	e6/l	A	538	356
leukosyytit,virtsasta,osoitus,osatutk.		A	158	116
leukosyytti,pikatesti,veri	e9/l	A	82	72
leukosyyttienerittelylaskenta(diffi)		N	278	222
leukosyyttivasta-aineet,igg,seulonta,seerumi		A	39	14
leukpika	e9/l	A	320	230
levofloxac		N	420	192
levyepiteelisolut	e6/l	N	30	25
levyepiteelisolut	u/field	N	21	11
levyepiteelisolut		N	38	32
levyepiteelit	e6/l	H	23	23
levyepiteelit	e6/l	N	280	260
levyepiteelit	u/field	N	16	16
levyepiteelit		N	134	125
li-/s-alb	mg/g	A	134	125
li-/s-alb	mg/g	H	73	68
li-/s-alb	mg/g	N	403	391
li-ace	u/l	A	151	132
li-ace	u/l	H	65	58
li-ace	u/l	N	194	189
li-ace		A	8	8
li-ace		N	200	196
li-ada	u/l	A	20	17
li-ada	u/l	H	6	6
li-aitneu		A	7	6
li-aitneu		N	185	178
li-aitpara		N	131	128
li-alb	g/l	A	7	6
li-alb	mg/l	A	654	609
li-alb	mg/l	H	101	93
li-alb	mg/l	L	16	15
li-alb	mg/l	N	506	493
li-alb		A	96	91
li-alz		N	15	15
li-amyloidi-peptidi42-proteiini	ng/l	A	7	7
li-b2miglo	mg/l	A	21	16
li-ba42/40		A	159	158
li-bakteeri,viljely		N	12	11
li-baktnho		N	65	63
li-baktvi		A	135	114
li-baktvi		N	776	528
li-baktvr		N	799	527
li-bam42	ng/l	A	537	533
li-bam42	ng/l	H	6	6
li-bam42	ng/l	L	210	208
li-bam42	ng/l	N	260	256
li-bam42		A	93	93
li-bam42		H	12	12
li-bam42		N	41	41
li-bam42/40suhde	ratio	A	19	19
li-bam42/40suhde		A	6	6
li-bam42/40suhde		L	11	11
li-bam42/bam40suhdeluku		A	48	48
li-bam42/bam40suhdeluku		N	30	29
li-beeta-amyloidi40-proteiini	ng/l	N	7	7
li-beeta-amyloidi40proteiini		N	25	24
li-beeta-amyloidi42proteiini	ng/l	A	11	11
li-bil		N	7	7
li-bio		N	39	33
li-blastit		N	367	140
li-borabgv	au/ml	A	13	13
li-borabgv		A	7	7
li-borrab		A	8	8
li-borrab		N	702	672
li-borrabg	u	A	12	12
li-borrabg	u	H	144	139
li-borrabg	wme	A	149	142
li-borrabg		A	30	29
li-borrabg		H	71	69
li-borrabg		N	780	755
li-borrabm	u	H	53	49
li-borrabm	wme	A	80	77
li-borrabm		A	15	15
li-borrabm		H	39	39
li-borrabm		N	921	894
li-borrelia,iggvasta-aineet	u	A	9	9
li-borrelia,vasta-aineetiggvarmistustutkimus		N	7	7
li-borrelia,vasta-aineetigmvarmistustutkimus	au/ml	A	6	6
li-borrelia,vasta-aineetigmvarmistustutkimus		N	6	6
li-borrelia,vasta-ainetutkimus,laaja		N	22	22
li-cjd-pak		N	9	9
li-cmvab		N	6	6
li-cmvabm		N	6	6
li-crneag		N	37	33
li-cxcl13	ng/l	A	233	208
li-cxcl13	ng/l	H	10	8
li-cxcl13	ng/l	N	92	89
li-cxcl13		A	34	30
li-cxcl13		N	213	208
li-diffi		N	2418	1660
li-eryt	e6/l	A	7307	4934
li-eryt	e6/l	H	430	373
li-eryt	e6/l	N	232	209
li-eryt		A	155	119
li-eryt		H	2111	1528
li-eryt		N	974	720
li-eryt-3	e6/l	A	148	140
li-erytrosyytit	e6/l	A	97	92
li-erytrosyytit		A	8	8
li-erytrosyytit,likvor	e6/l	A	28	27
li-erytrosyytit,likvor	e6/l	H	40	37
li-erytrosyytit,likvorista	e6/l	H	11	9
li-evirabg		N	6	6
li-evirnho		N	59	56
li-fosfo-tauproteiini	ng/l	A	14	14
li-fosfotau-proteiini	ng/l	A	6	6
li-fosfotauproteiinintutkimus	ng/l	A	6	6
li-fostau	ng/l	A	356	355
li-fostau	ng/l	H	175	174
li-fostau	ng/l	N	355	349
li-fostau		A	86	86
li-fostau		H	10	10
li-fostau		N	19	19
li-fostau(yksittäisenäpyyntönä)	ng/l	A	6	6
li-gluk	mmol/l	A	2301	1883
li-gluk	mmol/l	H	453	382
li-gluk	mmol/l	L	105	90
li-gluk	mmol/l	N	2436	1902
li-gluk		A	186	168
li-gluk		H	11	11
li-gluk		L	6	6
li-glukoosi	mmol/l	A	18	18
li-hb		N	7	7
li-hhv6abg		N	6	6
li-hhv6abm		N	7	7
li-hhv6nh		N	224	211
li-hhvnh1		N	116	107
li-hhvnh2		N	161	154
li-hsv1abg		N	12	12
li-hsv1nho		A	6	6
li-hsv2abg		N	12	12
li-hsvab		N	20	19
li-hsvabg		N	9	8
li-hsvabm		N	24	23
li-hsvnho		A	19	19
li-hsvnho		N	575	535
li-igg	g/l	A	10	10
li-igg	mg/l	A	1162	1008
li-igg	mg/l	H	209	199
li-igg	mg/l	HH	6	6
li-igg	mg/l	L	69	69
li-igg	mg/l	N	336	328
li-igg		A	228	213
li-igg		L	16	15
li-igg-ind	index	A	13	13
li-igg-ind	osuus	A	151	147
li-igg-ind	osuus	N	83	81
li-igg-ind	ratio	A	12	12
li-igg-ind		A	561	539
li-igg-ind		H	187	182
li-igg-ind		L	23	23
li-igg-ind		N	326	316
li-igg-oc		N	462	436
li-igg.	mg/l	A	47	44
li-igg.	mg/l	H	211	200
li-igg.	mg/l	L	51	51
li-igg.	mg/l	N	237	227
li-igg.		L	12	11
li-igg/alb	osuus	A	106	105
li-igg/alb	osuus	N	91	89
li-igg/alb		A	162	159
li-igg/alb		H	104	99
li-igg/alb		L	36	35
li-igg/alb		N	340	335
li-iglck-v	mg/l	H	9	9
li-iglck-v		N	17	17
li-immfix		A	7	7
li-immunoglobuliinig,li-ig-oc:nosatutkimus,huslab	mg/l	A	11	11
li-jcvnh		N	37	36
li-kardab		N	6	6
li-laktaat	mmol/l	A	482	321
li-laktaat	mmol/l	H	12	12
li-laktaat	mmol/l	N	219	207
li-laktaat		A	33	26
li-laktaat		N	35	34
li-laktaatti,päivystystutkimus	mmol/l	A	11	10
li-laktaatti,päivystystutkimus	mmol/l	H	11	7
li-laktaatti,päivystystutkimus	mmol/l	N	16	12
li-laktteh	mmol/l	A	78	40
li-laktteh		A	16	12
li-leuk	e6/l	A	3037	1908
li-leuk	e6/l	H	103	88
li-leuk	e6/l	HH	29	23
li-leuk	e6/l	N	254	221
li-leuk		A	100	77
li-leuk		H	842	542
li-leuk		N	2219	1667
li-leuk-3	e6/l	A	50	46
li-leukosyytit	e6/l	A	33	32
li-leukosyytit,likvor	e6/l	A	13	10
li-leukosyytit,likvor	e6/l	H	15	13
li-leukosyytit,likvorista	e6/l	H	6	6
li-leukosyytit,liuskatumaiset	%	A	8	8
li-leukosyytit,yksitumaiset	%	A	8	8
li-lmark-h		N	268	127
li-lymf+mo	e6/l	A	57	40
li-lzm	mg/l	A	16	15
li-mibnho		A	10	10
li-mogab		N	10	9
li-mononuk	%	A	138	92
li-mononukleaarisetvalkosolut		N	42	40
li-myd88-d		N	9	8
li-mypnab		N	16	15
li-mypnabg		N	29	28
li-mypnabm		N	28	27
li-neursyf		N	14	13
li-neut+eo	%	A	136	90
li-neut+eo	e6/l	A	37	28
li-nfl	ng/l	A	6	6
li-nfl	ng/l	N	7	7
li-oreksa	ng/l	A	23	22
li-oreksa	ng/l	N	9	9
li-oreksa		A	8	8
li-p14-3-3		N	10	10
li-parenho		N	6	6
li-perust		N	7	7
li-polymorfonukleaarisetvalkosolut		N	42	40
li-prot	g/l	A	100	87
li-prot	mg/l	A	4127	3072
li-prot	mg/l	H	817	661
li-prot	mg/l	L	270	180
li-prot	mg/l	N	2334	1830
li-prot		A	135	109
li-prot		H	23	21
li-prot		L	6	6
li-prot-fr		A	50	47
li-prot-fr		N	10	6
li-proteiini	mg/l	A	22	21
li-prpsc-o		N	9	9
li-pyruv	umol/l	A	8	8
li-solut		N	2442	1679
li-solut,1.putki		N	81	76
li-solut,3.putki		N	72	68
li-spektri		N	135	135
li-syto		AA	18	18
li-syto		N	198	171
li-tau	ng/l	A	428	424
li-tau	ng/l	H	194	193
li-tau	ng/l	N	335	330
li-tau		A	100	100
li-tau		H	13	13
li-tau		N	12	12
li-tau(yksittäisenäpyyntönä)	ng/l	A	8	8
li-tau-proteiini	ng/l	A	9	9
li-tauproteiini	ng/l	A	23	23
li-tbeab		N	182	180
li-tbeabg		N	52	52
li-tbeabm		A	38	37
li-tbeabm		N	162	161
li-tpha	titre	A	7	6
li-tpha		N	61	60
li-unäkö-n		N	2436	1673
li-unäkö-o		N	7	7
li-unäkö-s		N	6	6
li-un�k�-o		N	2287	1541
li-varicella-zostervirus,nukleiinihappo(kval)		N	27	26
li-vzvab		N	7	7
li-vzvabg		N	11	11
li-vzvabm		N	11	11
li-vzvnho		A	19	19
li-vzvnho		N	420	393
lieriöt	e6/l	A	744	645
lieriöt	e6/l	H	1287	1013
lieriöt	e6/l	N	7930	5336
lieriöt		A	228	190
lieriöt		N	536	471
lieriöt,virtsa	e6/l	A	861	551
lieriöt,virtsa	e6/l	N	31	25
lieriöt,virtsasta	e6/l	A	416	305
lieriöt,virtsasta,partikkelinlaskijalla,osatutk.	e6/l	A	8	8
linoleenihappo	%	N	314	254
lipaasi,plasmasta,paastotilassa	u/l	N	6	6
lipemia-indeksi		N	1098	831
lipidipaketti		A	39	38
lipidipaketti		N	628	534
lipidit	mmol/l	H	14	13
lipidit	paketti	N	12	12
lipidit		N	1068	943
lipidit,paasto		N	30	29
lipidit,plasma		N	1278	1126
listeriamonocytogenes,nukleiinihappo(kval),likvori		N	12	11
lisälausuntotutkimukselle		A	153	144
lisämaksukiireellisenäpyydetyllenäytteelle		N	9	9
lisätutkim		A	58	57
lisätutkim		N	6	6
lisävastausjoaiemminvastatullenäytteelle		N	8	8
lisävastauslaskutuskuitatullenäytteelle		N	93	92
liuskatumaisetneutrofiilit	%	A	15	9
liuskatumaisetneutrofiilit	%	N	82	58
lmono(a)	%	H	48	29
lmono(a)	%	N	163	76
ln-imusolmukkeenhistologinentutkimus		A	16	16
ln-imusolmukkeenimmunofenotyypitys		N	24	22
ln-pad		A	76	74
ln-pad		AA	704	551
ln-pad		N	459	396
ln-padsent		A	61	61
ln-padsent		AA	63	57
ln-padsent		N	151	137
lr-maksanhistologinentutkimus		A	21	21
lr-pad		A	57	56
lr-pad		AA	329	325
lr-pad		N	995	624
lu-keuhkonhistol.tutk,parenkyymitaudinselvittely		A	8	8
lu-pad		A	14	14
lu-pad		AA	576	568
lu-pad		N	488	274
lu-pad-4		A	23	22
lu-pad-4		AA	194	186
lu-pad-4		N	68	67
luov.seul.		N	62	34
luuntiheysmittaus,2kohdetta(nk6qa),ilmanlausuntoa		N	11	11
luusto-is	u/l	A	290	254
luusto-is		A	20	20
luustoisoentsyymi	u/l	A	16	15
luustoisoentsyymi	u/l	N	50	49
luuydintutkimus,mgg-jarautavärjäys		N	10	10
luuytimenhistologinentutkimus		A	17	14
ly	%	A	3464	917
ly	%	N	7268	1799
ly		N	25	10
ly-b-cd19	%	A	795	303
ly-b-cd19	%	L	23	12
ly-b-cd19		A	399	161
ly-b-cd19		N	190	124
ly-b-cd19,b-solujenosuus	%	A	77	57
ly-b-cd19,b-solujenosuus	%	L	16	12
ly-b-cd19,b-solujenosuus	%	N	8	8
ly-bsc-fc		N	18	18
ly-cd16/56	%	A	788	444
ly-cd16/cd56	%	A	58	43
ly-cd16/cd56	%	N	70	61
ly-cd19	%	A	1929	1002
ly-cd19-b	%	A	220	143
ly-cd19-b	%	H	32	24
ly-cd19-b	%	L	443	309
ly-cd19-b	%	N	672	363
ly-cd19-b		N	8	8
ly-cd19lymfosyytit	%	A	145	97
ly-cd19lymfosyytit	%	L	12	9
ly-cd19lymfosyytit	%	N	49	42
ly-cd3	%	A	1402	764
ly-cd3	%	H	7	6
ly-cd3	%	N	58	50
ly-cd4	%	A	1675	786
ly-cd4	%	N	53	46
ly-cd4+8+	%	A	23	20
ly-cd4-8-	%	A	189	105
ly-cd4-cd8-	%	A	15	13
ly-cd4-t	%	A	1105	570
ly-cd4-t	%	H	127	99
ly-cd4-t	%	L	661	410
ly-cd4-t	%	N	1147	763
ly-cd4-t		A	55	49
ly-cd4-t		N	21	21
ly-cd4/cd8		A	1020	521
ly-cd4/cd8suhde		A	89	70
ly-cd4/cd8suhde		N	57	48
ly-cd8	%	A	1409	712
ly-cd8	%	N	67	54
ly-hla		N	9	7
ly-hlab27		A	597	581
ly-hlab27		N	3617	3486
ly-kudosantigeenib27		A	16	16
ly-kudosantigeenib27		N	83	82
ly-lymfosyytit,b-cd19-solujenosuus	%	A	65	53
ly-lymfosyytit,b-cd19-solujenosuus	%	L	9	9
ly-lymfosyytit,b-cd19-solujenosuus	%	N	15	14
ly-lymfosyytit,b-cd19-solujenosuus		A	62	42
ly-lymfosyytit,b-solujenosuus	%	A	19	10
ly-lymfosyytit,nk-solujenosuus	%	A	59	42
ly-lymfosyytit,nk-solujenosuus	%	N	24	23
ly-lymfosyytit,t-cd3-solujenosuus	%	A	123	69
ly-lymfosyytit,t-cd3-solujenosuus	%	H	11	11
ly-lymfosyytit,t-cd3-solujenosuus	%	N	19	18
ly-lymfosyytit,t-cd4/cd8-suhde		A	81	53
ly-lymfosyytit,t-cd4/cd8-suhde		N	29	28
ly-lymfosyytit,t-estäjäsolujenosuus	%	A	93	52
ly-nk	%	A	598	324
ly-nk	%	H	47	43
ly-nk	%	L	79	65
ly-nk	%	N	725	421
ly-nk		A	48	36
ly-nk		N	8	8
ly-nk,nk-solujenosuus	%	A	31	22
ly-nk,nk-solujenosuus	%	N	57	44
ly-sytotuo		N	35	27
ly-t-auttajasojenosuus	%	A	92	66
ly-t-auttajasojenosuus	%	H	12	11
ly-t-auttajasojenosuus	%	N	138	110
ly-t-cd3	%	A	795	364
ly-t-cd3	%	H	133	100
ly-t-cd3	%	L	32	24
ly-t-cd3	%	N	697	407
ly-t-cd3		A	72	45
ly-t-cd3		N	9	9
ly-t-cd3,t-solujenosuus	%	A	46	33
ly-t-cd3,t-solujenosuus	%	N	42	34
ly-t-cd4	%	A	877	427
ly-t-cd4	%	L	7	7
ly-t-cd4	%	N	35	33
ly-t-cd4		A	110	73
ly-t-cd4		N	849	621
ly-t-cd4.	%	A	538	200
ly-t-cd4.	%	H	8	6
ly-t-cd4.	%	L	42	14
ly-t-cd4/8	ratio	A	27	23
ly-t-cd4/8		A	547	254
ly-t-cd4/8		L	13	10
ly-t-cd4/cd8,t-auttaja/estäjäsolujensuhde		A	26	20
ly-t-cd4/cd8,t-auttaja/estäjäsolujensuhde		H	6	6
ly-t-cd4/cd8,t-auttaja/estäjäsolujensuhde		N	59	49
ly-t-cd8	%	A	548	258
ly-t-cd8	%	H	168	128
ly-t-cd8	%	L	33	28
ly-t-cd8	%	N	767	461
ly-t-cd8		A	75	47
ly-t-cd8		N	10	10
ly-tbspota	spot/e6lumfos	A	17	17
ly-tbspota		H	21	18
ly-tbspota		N	439	403
ly-tbspotb	spot/e6lumfos	A	28	25
ly-tbspotb		H	31	26
ly-tbspotb		N	429	397
ly-tbspppd		H	63	63
ly-tbspppd		N	395	357
ly-tcd4/8.		A	328	163
ly-tcd4/8.		H	49	41
ly-tcd4/8.		L	106	82
ly-tcd4/8.		N	704	413
ly-tsc-fc		N	12	12
ly-tt-cd8	%	A	218	131
ly-ttcd4/8		N	10	10
lykopeeni	umol/l	N	305	249
lym	%	A	93	23
lymf	%	A	12457	4691
lymf	%	H	634	256
lymf	%	L	1837	552
lymf	%	N	7613	1707
lymf	e9/l	A	1519	808
lymf	e9/l	N	173	104
lymf		A	9016	2963
lymf		H	8	8
lymf		L	81	42
lymf		N	37	31
lymfo	%	H	456	398
lymfo	%	L	1177	1048
lymfo		A	10	9
lymfos	%	H	1412	1111
lymfos	%	L	1473	1228
lymfos		A	189	30
lymfos		L	18	18
lymfosyytit	%	A	1599	1113
lymfosyytit	%	H	408	195
lymfosyytit	%	L	4216	2231
lymfosyytit	%	N	11919	6851
lymfosyytit	e9/l	A	8	7
lymfosyytit	e9/l	N	102	89
lymfosyytit		N	30	24
lymfosyytit(46l-lymf),osatutkimus	%	N	13	10
lymfosyytit(b-ly)	e9/l	A	7	6
lymfosyytit(b-ly)	e9/l	N	54	47
lymfosyytit,3-osa	%	H	112	101
lymfosyytit,3-osa	%	L	330	305
lymfosyytit,3-osa	%	N	1626	1417
lymfosyytit,5-osa	%	H	344	296
lymfosyytit,5-osa	%	L	383	338
lymfosyytit,5-osa	%	N	3615	3246
lymfosyytit,absol.arvot	e9/l	A	1106	711
lymfosyytit,absol.arvot	e9/l	H	641	388
lymfosyytit,absol.arvot	e9/l	L	2984	1462
lymfosyytit,absol.arvot	e9/l	N	11391	6014
lymfosyytit,absol.arvot(43b-lymf),osatutkimus	e9/l	N	11	8
lymfosyytit,absol.arvot,osatutkimus(43b-lymf)	e9/l	A	14	14
lymfosyytit,absol.arvot,osatutkimus(43b-lymf)	e9/l	N	100	83
lymfosyytit,absol.arvot,osatutkimus(b-lymf)	e9/l	N	80	67
lymfosyytit,absol.määrä	e9/l	N	23	18
lymfosyytit,absoluuttiset	e9/l	A	37	24
lymfosyytit,absoluuttiset	e9/l	N	115	80
lymfosyytit,b-cd19-solut,verestä,osatutk.2275		A	16	7
lymfosyytit,erittely		N	17	16
lymfosyytit,konediffi()	%	N	43	37
lymfosyytit,konediffi(),osatutk.b-diffi	%	H	8	7
lymfosyytit,konediffi(),osatutk.b-diffi	%	L	189	70
lymfosyytit,koneellinen	%	N	7	7
lymfosyytit,käsidiffi(),osatutk.b-diffi	%	H	12	6
lymfosyytit,käsidiffi(),osatutk.b-diffi	%	L	17	7
lymfosyytit,nk-solut,verestä,osatutk.2275	e6/l	A	10	7
lymfosyytit,osatutkimus(46l-lymf)	%	A	20	19
lymfosyytit,osatutkimus(46l-lymf)	%	N	93	76
lymfosyytit,osatutkimus(l-lymf)	%	A	15	14
lymfosyytit,osatutkimus(l-lymf)	%	N	67	55
lymfosyytit,osuus	%	N	6	6
lymfosyytit-osuus	%	A	183	160
lymfosyytit-osuus	%	H	80	71
lymfosyytit-osuus	%	L	119	102
lymfosyytit-osuus	%	N	1784	1598
lymfosyytit-osuus(diffi)	%	A	42	35
lymfosyytit-osuus(diffi)	%	N	155	116
lymfosyytit/tvk		N	16	15
lymfosyytitosatutk2225diffi	e9/l	N	28	23
lymfosyytitosuus	%	H	259	211
lymfosyytitosuus	%	L	449	382
lymfosyytitosuus	%	N	3653	3036
lymfosyyttienabsol.määrä	e9/l	N	178	80
lymph	%	A	2008	608
lymph	e9/l	A	758	188
lymängd	e9/l	A	2508	655
lymängd	e9/l	N	8213	1859
lymängd		N	25	11
m-fish,moniväritutkimus		N	9	9
m-komp-1	g/l	A	1092	134
m-komp-1	mg/l	A	196	53
m-komp-1		A	220	52
m-komp-2	g/l	A	21	11
m-komp-2	mg/l	A	15	7
m-komp1	g/l	A	182	20
m-komponentti-1,seerumi,elektroforeesifraktio(g/l),osatutk.2522,irrall.	g/l	A	30	6
m-komponentti-1,seerumista	g/l	A	287	35
m-komponentti-1,virtsa,elektroforeesifraktio(mg/l)	mg/l	A	15	11
m-pad		N	82	80
maapähkinä	u/ml	A	13	12
maapähkinä		A	8	8
maapähkinä		N	14	14
maapähkinäjakomponentit(f13),igevasta-aineet		N	16	16
magnesium	mmol/l	A	7	7
magnesium	mmol/l	N	22	22
magnesium(4601p-mg)	mmol/l	N	11	10
magnesium(mg)	mmol/l	N	9	9
magnesium,kokoveren	mmol/l	N	317	257
maito	u/ml	A	12	12
maito		A	6	6
maito,igevasta-aineet		N	13	13
maitoe	u/ml	A	40	40
maitoe		A	7	7
maitojakomponentit(f2),igevasta-aineet		N	10	10
makadamia(f345),igevasta-ai		N	9	9
maksa-1-is	u/l	A	539	484
maksa-1-is		A	37	35
maksa-1-isoentsyymi	u/l	A	27	26
maksa-1-isoentsyymi	u/l	N	42	41
maksa-2-is	u/l	A	426	378
maksa-2-is		A	23	22
maksa-2-isoentsyymi	u/l	A	26	24
maksa-2-isoentsyymi	u/l	N	42	42
maksanfibroosijakirroosiriski		A	844	834
maksanfibroosijakirroosiriski		N	2475	2469
maksanhistologinentutkimus		A	20	20
mb-ahco3	mmol/l	A	388	95
mb-be	mmol/l	N	153	60
mb-hb	g/l	L	491	198
mb-hb	g/l	N	81	34
mb-hb-co	%	H	35	20
mb-hb-co	%	N	535	198
mb-hb-met	%	N	557	206
mb-hbo2	%	N	471	169
mb-hco3-st	mmol/l	N	473	170
mb-isoentsyyminosuus		A	24	23
mb-o2-vol	%	N	338	127
mb-o2sat	%	N	497	177
mb-pco2	kpa	A	63	33
mb-pco2	kpa	H	300	148
mb-pco2	kpa	L	10	7
mb-pco2	kpa	N	260	123
mb-ph		N	474	171
mb-po2	kpa	A	237	42
mb-po2	kpa	L	571	207
mb-po2		A	27	18
mch	pg	N	32	28
mch		N	22	22
mchc	g/l	N	32	28
mchc		A	17	12
mchc		N	60	44
mda5		N	26	26
mecillinam		N	930	326
meh.myrkky	u/ml	A	15	13
meta	%	A	309	133
meta		A	8	6
meta		N	37	20
metabolia		N	17	17
metadoni(kval)		N	47	40
metam	%	A	1313	587
metam		A	416	192
metamfetamiini,huumeseulonta		N	11	11
metamyelosyytit	%	A	89	60
metamyelosyytit	%	H	384	186
metamyelosyytit	%	N	491	298
metamyelosyytit		N	295	238
metamyelosyytit,osuusleukosyyteistä	%	H	170	70
metanefriini	nmol/l	N	118	113
metapneumovirus,nukleiinihaponosoitus		A	11	11
methemoglobiini,veri	%	A	79	61
metisilliiniresistentinstaphylococcusaureus(mrs		N	104	40
metisilliiniresistenttistaph.aureus,viljelyne		N	122	68
metisilliiniresistenttistaph.aureus,viljelynen		N	21	10
metisilliiniresistenttistaph.aureus,viljelynenästä		N	38	16
metisilliiniresistenttistaph.aureus,viljelyni		N	122	68
metisilliiniresistenttistaph.aureus,viljelynie		N	21	10
metisilliiniresistenttistaph.aureus,viljelynielusta		N	40	16
metisilliiniresistenttistaph.aureus,viljelype		N	123	68
metisilliiniresistenttistaph.aureus,viljelyper		N	21	10
metisilliiniresistenttistaph.aureus,viljelyperineumista		N	38	16
mi-2-vasta-aineet		N	7	7
mi-2a		N	26	26
mi-2b		N	26	26
microsporumcanis		N	49	47
microsporumcanis/ferrugineumnho		N	12	9
microsporumspp.		N	156	151
mikroalbuminiuria/keräysvirtsa(cu-alb)		N	15	9
mikrobit,nukleiinihappo(kval),likvori		N	13	12
mikrobix,likvor		N	8	7
mikrobix,seerumi		N	8	7
mikroskooppidiffi		N	39	30
mikroskooppidiffinneutrofiilit/l-neutrofiilit		N	9	8
mk4-7,työterveyshuollonperuspaketti		N	36	23
mkomp-1		N	6	6
mkomp-2		N	7	7
mkomp-3		N	7	7
mm-hygvi		A	128	32
mm-potilaaninterfaasi-fish-tutkimus		N	22	22
mobiuncusspp.		A	43	42
mobiuncusspp.		N	19	17
mon	%	A	92	24
mono	%	A	9919	3897
mono	%	H	42	30
mono	%	L	11	11
mono	%	N	588	426
mono	e9/l	A	1023	660
mono		A	8462	2824
mono		N	21	17
mononukleaarisetsolut,selkäy	%	A	16	9
mononukleaarisetsolut,selkäy	%	N	7	6
mononukleaarisetsolut,selkäydinneste	%	A	15	15
mononukleaarisetsolut,selkäydinneste		N	9	8
mononukleoosi,vasta-aineet(kval)(monab-o)		N	9	9
monos	%	H	6554	3652
monos	%	L	50	28
monos	%	N	6308	1215
monos		A	113	26
monos		H	124	90
monos		L	18	18
monosyytit	%	A	894	629
monosyytit	%	H	2524	1473
monosyytit	%	L	271	144
monosyytit	%	N	14146	7579
monosyytit	e9/l	A	8	7
monosyytit	e9/l	N	89	75
monosyytit		N	26	17
monosyytit(693l-monos),osatutkimus	%	N	12	10
monosyytit(b-monos)	e9/l	A	9	8
monosyytit(b-monos)	e9/l	N	52	46
monosyytit,5-osa	%	H	865	767
monosyytit,5-osa	%	N	3470	3090
monosyytit,absol.arvot	e9/l	A	636	446
monosyytit,absol.arvot	e9/l	H	2230	1422
monosyytit,absol.arvot	e9/l	L	169	96
monosyytit,absol.arvot	e9/l	N	10767	5459
monosyytit,absol.arvot		N	16	14
monosyytit,absol.arvot(42b-monos),osatutkimus	e9/l	N	13	10
monosyytit,absol.arvot,osatutkimus(42b-monos)	e9/l	A	9	8
monosyytit,absol.arvot,osatutkimus(42b-monos)	e9/l	N	104	87
monosyytit,absol.arvot,osatutkimus(b-monos)	e9/l	A	11	10
monosyytit,absol.arvot,osatutkimus(b-monos)	e9/l	N	71	59
monosyytit,absol.määrä	e9/l	N	22	17
monosyytit,absoluuttiset	e9/l	A	7	7
monosyytit,absoluuttiset	e9/l	N	143	96
monosyytit,konediffi()	%	N	39	36
monosyytit,konediffi(),osatutk.b-diffi	%	H	179	60
monosyytit,konediffi(),osatutk.b-diffi	%	L	22	13
monosyytit,koneellinen	%	N	9	8
monosyytit,osatutkimus(693l-monos)	%	A	6	6
monosyytit,osatutkimus(693l-monos)	%	N	107	89
monosyytit,osatutkimus(9117l-monos)	%	N	6	6
monosyytit,osatutkimus(l-monos)	%	A	7	7
monosyytit,osatutkimus(l-monos)	%	N	75	62
monosyytit,osuus	%	N	8	8
monosyytit-osuus	%	A	112	101
monosyytit-osuus	%	H	100	85
monosyytit-osuus	%	N	1887	1671
monosyytit-osuus(diffi)	%	A	67	54
monosyytit-osuus(diffi)	%	N	130	101
monosyytit/tvk	e9/l	N	219	138
monosyytit/tvk		N	16	14
monosyytitabsol.arvot	e9/l	A	112	91
monosyytitabsol.arvot	e9/l	N	1199	889
monosyytitosatutk2225diffi	e9/l	A	8	7
monosyytitosatutk2225diffi	e9/l	N	25	21
monosyytitosuus	%	H	294	249
monosyytitosuus	%	L	8	8
monosyytitosuus	%	N	4059	3309
monosyyttienabs.määrä	e9/l	N	178	80
mrsa(st.aureus,metisilliiniresistenssi)		N	11	6
mrsa-nenä		N	15	13
mrsa-nenästä		N	15	9
mrsa-nielu		N	12	6
mrsa-nielusta		N	15	9
mrsa-perineumista		N	15	9
mrsa-sevi		N	17	11
mrsa-viljely,esim.haava,virtsa		N	32	8
mrsaneni		N	25	13
mrsaperin		N	23	12
mrsavi		N	27	7
munanvalku	u/ml	A	11	10
munanvalku		A	6	6
munanvalkuainen		N	13	13
munanvalkuainenjakomponentit(f1),igevasta-aineet		N	16	16
munanvalkuainenkomponentti(f1),ige-vasta-aineet		N	37	37
munavae	u/ml	A	32	31
munavae		A	6	6
muuhpvtyyppikuin16/18		A	32	32
muulaskutusosoite		N	18	10
muut	%	H	121	109
muut	%	L	8	8
muut,3-osa	%	H	14	9
muut,3-osa	%	N	2022	1723
muuta		N	12	11
muutlieriöt	e6/l	N	17	14
muutsolut	%	N	8	8
muutsolut		N	9	9
muutsolut,selkäydinneste		N	12	11
muuttutk		N	52	48
mxd	%	A	1150	471
mxd	%	N	10057	1976
mxd		N	21	18
mxd-osuus	%	N	10	10
mycobacteriumtuberculosis,viljely		A	8	7
mycobacteriumtuberculosis-herkistyn.solut,tb2antigeeni	iu/ml	A	7	6
mycobakteriumtuberculosis-her	iu/ml	A	9	7
mycobakteriumtuberculosis-her		N	62	61
mycobakteriumtuberculosis-herkist.solut,tb1antigeeni.		N	6	6
mycobakteriumtuberculosis-herkist.solut,tb2antigeeni.		N	6	6
mycobakteriumtuberculosis-herkistyn.sol		N	12	12
mycobakteriumtuberculosis-herkistyneet		N	6	6
mycoplasmagenitalium,nukleiinihappo(kval)		N	55	24
mycoplasmagenitalium,nukleiinihappo(kval),refl		N	11	11
mycoplasmagenitalium,nukleiinihappo(kval),refleksinäherkkyysmääritys		N	11	10
mycoplasmahominis		N	29	28
mycoplasmahominis,nukleiinihappo(kval)		N	18	15
mycoplasmapneumoniae,iggvasta-aineet	eiu	A	19	14
mycoplasmapneumoniae,iggvasta-aineet	eiu	N	11	9
mycoplasmapneumoniae,iggvasta-aineet		N	12	11
mycoplasmapneumoniae,igmvasta-aineet		N	42	32
mycoplasmapneumoniae,nukleiinihaponosoit(kval)		A	15	13
mycoplasmapneumoniae,nukleiinihappo(kval)		A	7	7
mycoplasmapneumoniae,vasta-aineet		N	8	8
myel	%	A	1639	712
myel		A	462	214
myel		N	32	16
myeliinioligodendrosyyttiglykoproteiini,vasta-aineet,seerumista		N	8	8
myeloperoksidaasi,vasta-aine		N	12	12
myeloperoksidaasi,vasta-aineet,seerumista	iu/ml	A	41	9
myelosyytit	%	A	112	79
myelosyytit	%	H	432	206
myelosyytit	%	N	429	261
myelosyytit		N	295	238
myelosyytit,osuus	%	H	7	7
myelosyytit,osuusleukosyysteistä	%	H	238	87
myhonho		A	8	7
mykoplasma,vasta-aineet(cf)/virus,laaj		N	8	8
myoglobiini	ug/l	N	6	6
myristiinihappo	%	N	314	254
myvoplasmagenitalium,nukleiinihappo(kval)		N	8	6
n-terminaalinenpro-bnp(nt-probnp)	ng/l	H	724	421
n-terminaalinenpro-bnp(nt-probnp)	ng/l	N	1328	1151
n-terminaalinenpro-bnp(nt-probnp)		N	17	16
na-pika	mmol/l	A	371	243
naivit-cd4	%	A	13	10
naivit-cd8	%	A	11	10
napika	mmol/l	A	524	382
natrium	mmol	A	11	11
natrium	mmol/l	A	81	66
natrium	mmol/l	N	481	407
natrium		N	187	136
natrium(verikaasulaite),kapillariveri	mmol/l	A	14	7
natrium(verikaasulaite),plas	mmol/l	A	168	76
natrium(verikaasulaite),plas	mmol/l	N	165	75
natrium(verikaasulaite),plasma	mmol/l	A	1453	798
natrium(verikaasulaite),plasma	mmol/l	L	56	34
natrium,hoitoyksikönvieritesti,veri	mmol/l	L	49	31
natrium,hoitoyksikönvieritesti,veri	mmol/l	N	113	94
natrium,pika	mmol/l	L	16	10
natrium,pika	mmol/l	N	79	52
natrium,pikatesti,veri	mmol/l	A	10	9
natrium,pikatesti,veri	mmol/l	L	31	30
natrium,pikatutkimus		L	31	24
natrium,plasmasta	mmol/l	A	26	13
natrium,plasmasta	mmol/l	N	113	64
natrium,verikaasuosatutk.	mmol/l	A	53	33
natrium,vieritutkimus	mmol/l	A	14	12
natriureettinenpeptidi(p-probnp)		N	8	8
natriureettinenpeptidi,b-tyypinn-term	ng/l	A	21	11
natriureettinenpeptidi,b-tyypinn-term	ng/l	N	11	11
natriureettinenpeptidi,b-tyypinn-term		N	6	6
natriureettinenpeptidi,b-tyypinn-terminaalinenpropeptidi	ng/l	A	15	13
natriureettinenpeptidi,b-tyypinn-terminaalinenpropeptidi,plasmasta	ng/l	A	16	14
natriureettinenpeptidi,b-tyypinn-terminaalinenpropeptidi,plasmasta	ng/l	H	84	68
natriureettinenpeptidi,b-tyypinn-terminaalinenpropeptidi,plasmasta	ng/l	N	59	57
neisseriagononorrhoeae,nukleiinihappo(kval)		N	176	115
neisseriagonorrhoeae		N	13	11
neisseriagonorrhoeae,nukleiinihaponosoittaminen		N	26	23
neisseriagonorrhoeae,nukleiinihappo(k		N	31	28
neisseriagonorrhoeae,nukleiinihappo(kval)		N	86	73
neisseriagonorrhoeae,nukleiinihappo(kval)(gcnho)		N	70	56
neisseriagonorrhoeaevirtsasta		N	17	15
neisseriameningitidis,nukleiinihappo(kval),likvori		N	12	11
neulanpistopaketti(kohde)		N	180	79
neulanpistopaketti(kohde)pyydäerikseenp-alat		N	437	175
neurofilamentti,kevytketjut,seerumista	ng/l	A	7	7
neut	%	A	6738	3036
neut	%	H	672	279
neut	%	L	620	264
neut	%	N	17823	3722
neut	e9/l	A	1000	189
neut		A	1567	937
neut		H	41	26
neut		L	16	15
neut		N	90	51
neutro	%	H	1134	1012
neutro	%	L	181	149
neutro		A	9	8
neutrof		A	107	20
neutrofiiliset,konediffi(),osatutk.b-diffi	%	H	157	51
neutrofiiliset,konediffi(),osatutk.b-diffi	%	L	32	13
neutrofiilisetleukosyytit	%	N	14	14
neutrofiilisetleukosyytitmd	e9/l	N	15	15
neutrofiilit	%	A	1592	1057
neutrofiilit	%	H	1398	817
neutrofiilit	%	L	642	351
neutrofiilit	%	N	15127	8021
neutrofiilit	e9/l	A	1810	471
neutrofiilit	e9/l	H	967	272
neutrofiilit	e9/l	L	614	142
neutrofiilit	e9/l	N	757	525
neutrofiilit		A	26	13
neutrofiilit		N	40	23
neutrofiilit(b-neut)	e9/l	A	10	9
neutrofiilit(b-neut)	e9/l	N	51	46
neutrofiilit+eosinofiilit,niv	%	A	148	117
neutrofiilit+eosinofiilit,niv	%	N	30	24
neutrofiilit+eosinofiilit,nivelneste	%	A	180	137
neutrofiilit+eosinofiilit,s	%	A	17	9
neutrofiilit+eosinofiilit,s	%	N	6	6
neutrofiilit+eosinofiilit,selkäydinneste	%	A	15	15
neutrofiilit+eosinofiilit,selkäydinneste		N	9	8
neutrofiilit,3-osa	%	H	356	333
neutrofiilit,3-osa	%	L	32	25
neutrofiilit,3-osa	%	N	1680	1449
neutrofiilit,5-osa	%	H	130	119
neutrofiilit,5-osa	%	L	284	237
neutrofiilit,5-osa	%	N	3928	3482
neutrofiilit,absol.arvot	e9/l	A	2088	1246
neutrofiilit,absol.arvot	e9/l	H	2109	1206
neutrofiilit,absol.arvot	e9/l	L	712	333
neutrofiilit,absol.arvot	e9/l	N	11149	5692
neutrofiilit,absoluuttiset	e9/l	A	22	15
neutrofiilit,absoluuttiset	e9/l	N	130	93
neutrofiilit,konediffi()	%	N	40	35
neutrofiilit,koneellinen	%	N	8	8
neutrofiilit,koneellinen	e9/l	A	6	6
neutrofiilit,käsidiffi(),osatutk.b-diffi	%	L	16	7
neutrofiilit,osuus	%	H	98	89
neutrofiilit,osuus	%	L	168	143
neutrofiilit,osuus	%	N	2722	2394
neutrofiilit-osuus	%	A	127	107
neutrofiilit-osuus	%	H	20	18
neutrofiilit-osuus	%	L	76	66
neutrofiilit-osuus	%	N	1893	1674
neutrofiilit-osuus(diffi)	%	A	31	25
neutrofiilit-osuus(diffi)	%	N	166	125
neutrofiilit.absol.arvot	e9/l	A	168	125
neutrofiilit.absol.arvot	e9/l	N	1170	873
neutrofiilit/tvk		N	19	17
neutrofiilitabs,konediffi	e9/l	A	13	10
neutrofiilitabs,konediffi	e9/l	N	32	29
neutrofiilitabs,konediffi,osatutk.b-diffi	e9/l	H	140	69
neutrofiilitabs,konediffi,osatutk.b-diffi	e9/l	L	61	25
neutrofiilitdiffissä		A	9	8
neutrofiilitliuskatumaiset,osuus	%	N	7	7
neutrofiilitosuus	%	H	75	65
neutrofiilitosuus	%	L	80	68
neutrofiilitosuus	%	N	1218	1019
neutrofiilitsauvatumaiset,osuus	%	N	7	7
neutros	%	H	495	430
neutros	%	L	1072	834
neutros		L	19	19
neuvola1,äitiysneuvolatutkimukset		N	108	108
neuvolanäytteenotto		N	60	60
nielunäytteenotto		N	18	17
nikkeli	ug/l	N	8	8
nikkeli		N	16	16
nikkeli,virtsa	umol/l	N	6	6
nitr		A	10	8
nitr		N	97	63
nitr-o		A	758	354
nitriitti		N	57	38
nitriitti(kval)	estimate	N	1293	982
nitriitti(kval)		N	257	202
nitriitti(kval),virtsasta,osatutk.		A	64	52
nitrofuran		N	930	326
nk-solujenosuus(määritettynäcd3-/cd16+/cd56+-soluina)	%	A	194	109
nk-solujenosuus(määritettynäcd3-/cd16+/cd56+-soluina)	%	N	471	277
nk-solujenosuus(määritettynäcd3-/cd16+/cd56+soluista)	%	A	12	9
nk-solut(cd16/56)		N	15	14
nk-solut(cd3-/cd16+/cd56+)	e6/l	A	10	9
nlt	%	A	1317	570
nlt		A	624	247
non-hdl		A	139	80
non-hdl		H	16987	13885
non-hdl		N	5360	5207
non-hdl(paasto)		H	622	608
non-hdl(paasto)		N	1118	1079
non-hdl-kolesteroli	mmol/l	N	42	41
non-hdl-kolesteroli,paastoplasma	mmol/l	A	80	79
non-hdl-kolesteroli,plasma	mmol/l	A	86	86
non-hdlvv65		H	8	8
non-hdlvv65		N	19	19
nopeutettucovid-19,pcr,nukleiinihappo(kval),(26466-ncovnho)		N	22	15
norfloxaci		N	511	213
normetanefriini	nmol/l	N	8	8
normetanefriini,seerumi	nmol/l	A	9	7
normetanefriiniseerumista	nmol/l	A	13	7
noroviruksennukleiinihappo-osoitus		N	7	6
norovirus		A	9	9
norovirus,nukleiinihaponosoittaminen(kval),ulosteesta		A	18	16
norovirus,nukleiinihappo(kval)		A	25	23
notto/eris		N	133	80
nottorasitus		N	34	26
nottoverikoe		N	1735	758
np-pikcv19		A	91	91
np-pinfrsv		A	515	494
np-pkorsi		A	1478	1362
np-päivinf		A	207	204
np-rino-entero-rs-virus,nukleiinihaponosoitus(kval)		N	41	39
ns-eos		A	62	62
ns-eos		N	242	237
ns-eosinofiilit		N	11	11
ns-eosinofiilitnenänlimakalvolta		N	14	14
ns-eosoik		N	16	16
ns-eosvas		N	16	16
ns-neut		A	111	111
ns-neut		N	66	63
ns-neutoik		N	15	15
ns-neutrof		A	10	10
ns-neutrofiilit		A	11	11
ns-neutvas		N	15	15
ns-staurvi		A	73	66
nst	%	A	301	183
nst		A	136	48
nt		N	25	17
nt,niskaturvotus		N	63	63
nt-probnp	ng/l	H	10	7
ntkmom		N	4344	3934
nu-5c-porf	nmol/l	A	12	8
nu-5c-porf		N	19	13
nu-6c-porf		N	19	9
nu-7c-porf	nmol/l	A	24	9
nu-7c-porf		N	14	7
nu-alb	ug/min	A	139	88
nu-alb	ug/min	H	10	8
nu-alb		A	596	332
nu-alb		H	157	122
nu-alb		N	87	84
nu-alb-12h	ug/min	A	13	13
nu-alb-mi	mg/12h	A	6	6
nu-alb-mi	mg/12h	N	6	6
nu-alb-mi	ug/min	A	60	43
nu-alb-mi	ug/min	H	25	17
nu-alb-mi	ug/min	N	25	25
nu-alb-mi		A	34	24
nu-alb-mi		N	85	77
nu-albkre	mg/mmol	A	14	13
nu-albkre	mg/mmol	H	121	120
nu-albkre	mg/mmol	N	29	29
nu-albkre		A	8	8
nu-albkre		H	233	154
nu-albkre		N	1165	870
nu-albkrea	mg/mmol	A	444	277
nu-albkrea	mg/mmol	H	3415	1814
nu-albkrea	mg/mmol	N	2877	2161
nu-albkrea		A	535	385
nu-albkrea		H	2364	1380
nu-albkrea		N	5281	3819
nu-kporf1		N	17	8
nu-kporf3		N	18	8
nu-osmol	mosm/kgh2o	A	25	25
nu-uporf1	nmol/l	A	13	6
nu-uporf1		N	19	9
nu-uporf3	nmol/l	A	23	8
nu-uporf3		N	19	13
nudt15-geeninnukleotidivariaatiot,dna-tutkimus		N	70	68
nurminata	u/ml	A	9	9
nxp2		N	26	26
näkötutkimus:värinäkö(testikirja)		N	12	12
näytekulje		N	35	32
näytt.otto		N	6552	2348
näytteenotto		N	203	57
näytteenottopalkkio		N	93	91
ohra,ruoka	u/ml	A	19	18
ohutneulabiopsiatutkimus		A	7	6
ohutneulanäyte		A	6	6
oj-ab		N	26	26
oleiinihappo	%	N	314	254
oma,pvk+t	e9/l	H	7	6
oma-crp	mg/l	H	925	540
oma-crp	mg/l	L	261	216
oma-crp	mg/l	N	161	147
oma-crp		H	663	423
oma-crp		L	1338	813
oma-crp		N	264	225
oma-crp-pi		H	67	62
oma-crp-pi		N	89	87
oma-crp-pika		H	190	146
oma-crp-pika		N	168	143
oma-hb		L	193	123
oma-hb		N	362	267
omahemoglobiini	g/l	A	7	7
omahemoglobiini	g/l	N	45	43
omap-crp-pika	1	H	25	21
omap-crp-pika	1	N	8	8
omap-crp-pika		H	17	17
omap-crp-pika		N	34	33
omapikanieluviljely		N	9	9
omega3-rasvahappojenkokonaismäärä	%	N	315	255
omega6-rasvahappojenkokonaismäärä	%	N	315	255
omega6/omega3suhdeluku		N	327	264
omena	u/ml	A	9	9
opiaatit		N	20	9
opiaatit(kval)		N	35	7
osatutk.		N	22	13
osmolaliteetinestimaatti	mosm/kgh2o	N	5348	3592
osmolaliteetinestimaatti		N	6	6
osmolaliteetti	mosm/kgh2o	A	8	8
osmolaliteetti	mosm/kgh2o	N	17	11
osmolaliteetti(laskennallinen)	mosm/kgh2o	N	9	6
osmolaliteetti,seerumi	mosm/kgh2o	A	79	71
osmolaliteetti,seerumista	mosm/kgh2o	A	59	47
osmolaliteetti,virtsasta	mosm/kgh2o	A	21	11
osmolaliteetti,virtsasta,partikkelinlaskijalla,osatutk.	mosm/kgh2o	A	14	12
osmolaliteettiestimoitu	mosm/kgh2o	A	45	42
osmolaliteettiestimoitu	mosm/kgh2o	N	167	133
osmolaliteettiestimoitu	mosm/l	A	18	17
osmolaliteettiestimoitu	mosm/l	N	33	27
ottotapa		N	3561	2196
ovomukoidi	u/ml	A	7	7
p-aboabag		N	234	29
p-aboabam		N	287	73
p-aboabbg		N	234	29
p-aboabbm		N	288	73
p-aboabg		N	237	29
p-aboabm		N	30	28
p-acth	ng/l	A	1144	624
p-acth	ng/l	H	375	230
p-acth	ng/l	N	2084	1624
p-acth	pmol/l	N	6	6
p-acth		A	205	149
p-acth		H	10	8
p-acth		L	9	8
p-acth		N	224	190
p-acth,oik	ng/l	N	25	8
p-adam13	%	A	30	26
p-adam13	%	L	63	27
p-adam13	%	N	87	69
p-adam13		A	6	6
p-adamts13,aktiivisuus	%	A	18	10
p-adamts13,aktiivisuus	%	N	19	6
p-adennh		N	122	27
p-adennho		N	39	21
p-adrenokortikotropiini	ng/l	A	41	32
p-adrenokortikotropiini	ng/l	N	23	22
p-adrenokortikotropiini		A	11	9
p-afos	u/l	A	408225	70246
p-afos	u/l	H	166782	33714
p-afos	u/l	L	8667	3318
p-afos	u/l	N	454601	119278
p-afos		A	29253	10989
p-afos		H	13117	6064
p-afos		L	1164	813
p-afos		N	23058	15001
p-afxaapi	ug/l	N	622	378
p-afxaapi		N	101	94
p-afxaedo	ng/ml	N	12	7
p-afxaedo		N	9	9
p-afxariv	ug/l	N	119	103
p-afxariv		N	84	77
p-alaniiniaminotransferaasi	u/l	A	9783	4058
p-alaniiniaminotransferaasi	u/l	H	17	16
p-alaniiniaminotransferaasi	u/l	N	2922	2051
p-alaniiniaminotransferaasi		A	548	308
p-alaniiniaminotransferaasi		N	49	41
p-alaniiniaminotransferaasi,paikallisanalytiikka,kuivakemia	u/l	A	9	8
p-alaniiniaminotransferaasi,paikallisanalytiikka,kuivakemia	u/l	H	61	53
p-alaniiniaminotransferaasi,paikallisanalytiikka,kuivakemia	u/l	N	230	198
p-alaniiniaminotransferaasi,paikallisanalytiikka,kuivakemia		N	21	20
p-alat	u/l	A	562638	120933
p-alat	u/l	AA	203	102
p-alat	u/l	H	295749	76044
p-alat	u/l	L	595	387
p-alat	u/l	N	905484	207767
p-alat	umol/l	N	21	17
p-alat		A	67806	26480
p-alat		AA	115	69
p-alat		H	29379	13456
p-alat		L	514	401
p-alat		N	100272	37636
p-alat.	u/l	A	125	98
p-alb	g/l	A	310204	65483
p-alb	g/l	H	2922	2228
p-alb	g/l	L	95874	29485
p-alb	g/l	N	125907	46919
p-alb		A	27172	10973
p-alb		H	200	194
p-alb		L	6154	4382
p-alb		LL	13	9
p-alb		N	4284	3438
p-albumiini	g/l	A	2499	1247
p-albumiini	g/l	N	684	606
p-albumiini(p-alb)	g/l	N	76	73
p-aldos	pmol/l	A	98	88
p-aldos	pmol/l	N	89	81
p-aldos		A	18	18
p-alkaalinenfosfataasi	u/l	A	48	30
p-alkaalinenfosfataasi	u/l	N	170	130
p-alkalinenfosfataasi	u/l	A	6682	2083
p-alkalinenfosfataasi	u/l	N	1055	778
p-alkalinenfosfataasi		A	8	8
p-alkalinenfosfataasi,paikallisanalytiikka,kuivakemia	u/l	A	9	8
p-alkalinenfosfataasi,paikallisanalytiikka,kuivakemia	u/l	H	74	57
p-alkalinenfosfataasi,paikallisanalytiikka,kuivakemia	u/l	N	144	131
p-alko		A	67	46
p-aminoh		N	68	46
p-amyl	u/l	A	44250	19651
p-amyl	u/l	H	5136	2353
p-amyl	u/l	L	3857	2311
p-amyl	u/l	N	41416	23037
p-amyl		A	3030	1996
p-amyl		H	498	304
p-amyl		L	1098	810
p-amyl		N	4441	3491
p-amyl.	u/l	A	7	6
p-amylaasi	u/l	A	205	140
p-amylaasi	u/l	N	455	367
p-amylaasi,haimaperäinen	u/l	A	362	179
p-amylaasi,haimaperäinen	u/l	N	10	10
p-amylaasi,paikallisanalytiikka,kuivakemia	u/l	H	12	12
p-amylaasi,paikallisanalytiikka,kuivakemia	u/l	L	7	7
p-amylaasi,paikallisanalytiikka,kuivakemia	u/l	N	135	121
p-amylp	u/l	A	8446	3446
p-amylp	u/l	H	5668	2605
p-amylp	u/l	HH	1922	924
p-amylp	u/l	L	832	627
p-amylp	u/l	N	34759	18877
p-amylp		A	525	323
p-amylp		H	285	217
p-amylp		HH	113	91
p-amylp		L	532	364
p-amylp		N	14563	8069
p-anca	titre	A	13	8
p-anca		A	24	19
p-ancab		N	15	15
p-angap	mmol/l	A	1330	892
p-anti-a-isoagglutiniinitiitteri,igm	titre	N	30	28
p-anti-b-isoagglutiniinitiitteri,igm	titre	N	30	28
p-antifxa	iu/ml	N	57	34
p-antifxa	u/ml	A	23	16
p-antifxa	u/ml	N	86	52
p-antifxa		A	9	6
p-antifxa		HH	62	61
p-antifxa		N	13610	5414
p-antitro	%	A	11	11
p-antitro		A	23	21
p-antitrombiiniiii	%	A	64	42
p-antitrombiiniiii	%	N	64	54
p-antitrombiiniiii(huslab)	%	A	11	11
p-antitrombiiniiii(huslab)	%	N	23	23
p-antitrombiiniiii,huslab	%	N	8	8
p-apcres		A	30	29
p-apcres		H	6	6
p-apcres		L	14	14
p-apcres		N	34	34
p-apcres.		A	162	153
p-apcres.		H	35	33
p-apcres.		L	28	26
p-apcres.		N	330	309
p-apob/a1		A	19	19
p-aptaika	s	A	46	40
p-aptt	s	A	34035	16966
p-aptt	s	H	9423	3215
p-aptt	s	L	7494	4599
p-aptt	s	N	25105	14971
p-aptt		A	1657	1154
p-aptt		H	226	158
p-aptt		L	44	39
p-aptt		N	203	169
p-aptt-l		N	34	31
p-aptt.	s	A	171	161
p-aptt.	s	H	42	39
p-aptt.	s	L	74	71
p-aptt.	s	N	204	194
p-apttm/m		N	33	30
p-asat	u/l	A	88591	34312
p-asat	u/l	H	25710	11208
p-asat	u/l	L	7428	4854
p-asat	u/l	N	81105	42231
p-asat	umol/l	A	40	31
p-asat	umol/l	N	175	123
p-asat		A	6241	3692
p-asat		H	2705	1763
p-asat		L	890	754
p-asat		N	4411	3401
p-asetoni	mmol/l	A	49	30
p-aspartaattiaminotransferaasi	u/l	A	2214	1403
p-aspartaattiaminotransferaasi	u/l	N	769	545
p-aspartaattiaminotransferaasi		A	99	60
p-aspartaattiaminotransferaasi		N	12	12
p-aspartaattiaminotransferaatti	u/l	N	17	15
p-at-jatk	%	L	15	12
p-at-jatk	%	N	24	21
p-at3	%	A	7779	3209
p-at3	%	H	1103	580
p-at3	%	L	6236	2374
p-at3	%	N	8183	3875
p-at3		A	166	117
p-at3		H	27	26
p-at3		L	43	36
p-at3		N	53	44
p-at3-spr	%	A	88	84
p-at3-spr		A	32	30
p-at3.	%	A	652	617
p-at3.	%	H	221	215
p-at3.	%	L	246	228
p-at3.	%	N	1515	1410
p-at3.		A	35	35
p-at3.		H	46	45
p-at3.		L	8	8
p-at3.		N	15	15
p-at3/spr	%	A	19	16
p-at3ag	%	A	11	10
p-at3ag	%	N	11	8
p-at3spr	%	A	15	14
p-b-12-vitamiini	pmol/l	H	110	108
p-b-12-vitamiini	pmol/l	L	7	6
p-b-12-vitamiini	pmol/l	N	185	182
p-b12-bc		A	12	12
p-b12-tc2	pmol/l	N	69	66
p-b12-tc2		N	49	46
p-b12-vit	pmol/l	A	6136	4962
p-b12-vit	pmol/l	H	1972	1638
p-b12-vit	pmol/l	HH	421	386
p-b12-vit	pmol/l	L	149	139
p-b12-vit	pmol/l	N	4701	3606
p-b12-vit		A	2967	2616
p-b12-vit		H	210	197
p-b12-vit		HH	54	48
p-b12-vit		L	38	37
p-b12-vit		N	2477	1972
p-b12-vitamiini	pmol/l	N	6	6
p-b12-vitamiini(pi)	pmol/l	A	8	7
p-b12-vitamiini(pi)	pmol/l	N	19	16
p-b2gpabg	sgu	A	23	17
p-b2gpabg	u/ml	A	217	119
p-b2gpabg	u/ml	H	159	85
p-b2gpabg	u/ml	N	1480	1259
p-b2gpabg		A	38	23
p-b2gpabg		H	38	23
p-b2gpabg		N	1724	1546
p-b2gpabm	u/ml	A	81	55
p-b2gpabm	u/ml	N	9	9
p-b2gpabm		N	31	30
p-beeta-2-glykoproteiini,iggvasta-aine	u/ml	N	59	58
p-beeta-2-glykoproteiini,iggvasta-aine		N	26	26
p-bil	umol/l	A	147225	38924
p-bil	umol/l	H	58277	15003
p-bil	umol/l	HH	504	110
p-bil	umol/l	L	6717	3110
p-bil	umol/l	N	288102	71864
p-bil		A	10291	5414
p-bil		H	2085	1160
p-bil		L	1072	782
p-bil		N	15769	7802
p-bil-kj	umol/l	A	37147	12660
p-bil-kj	umol/l	H	21141	8007
p-bil-kj	umol/l	N	21975	11244
p-bil-kj		A	1475	888
p-bil-kj		H	1474	971
p-bil-kj		N	4426	2954
p-bil-lap	umol/l	N	857	242
p-bil-lap		N	2446	132
p-bil-vt	umol/l	H	575	107
p-bil-vt	umol/l	N	39	20
p-bil-vt		N	7394	2278
p-bilirubiini	umol/l	A	2106	801
p-bilirubiini	umol/l	N	174	137
p-bilirubiini(ko)	umol/l	N	16	16
p-bilirubiini(pi)	umol/l	N	11	9
p-bilirubiinikonjugaatit	umol/l	A	860	432
p-bilirubiinikonjugaatit	umol/l	N	9	8
p-bilirubiinikonjugaatit(ko)	umol/l	N	22	20
p-bio		N	17	17
p-bk-virus,nukleiinihappo(kvant)	iu/ml	A	56	11
p-bkvnh	iu/ml	A	59	7
p-bkvnh		A	602	92
p-bkvnh		N	1470	386
p-bnp	ng/l	A	53767	16099
p-bnp	ng/l	H	4329	3000
p-bnp	ng/l	N	696	611
p-bnp	ng/ml	A	7	7
p-bnp		A	4463	2372
p-bnp		AA	16	16
p-bnp		H	744	592
p-bnp		N	180	155
p-c-pept	nmol/l	A	12	12
p-c-pept	nmol/l	N	10	10
p-c-pepta	nmol/l	A	907	814
p-c-pepta	nmol/l	H	70	68
p-c-pepta	nmol/l	L	16	16
p-c-pepta	nmol/l	N	106	102
p-c-pepta		A	103	97
p-c-peptidi	nmol/l	N	52	45
p-c-reaktiininenproteiini,vieritutkimus	mg/l	A	175	115
p-c-reaktiivinenproteiini	mg/l	A	37625	7296
p-c-reaktiivinenproteiini	mg/l	H	13	9
p-c-reaktiivinenproteiini	mg/l	N	361	292
p-c-reaktiivinenproteiini		A	14169	4395
p-c-reaktiivinenproteiini		N	1214	845
p-c-reaktiivinenproteiini(kval)	mg/l	A	158	123
p-c-reaktiivinenproteiini(kval)	mg/l	H	69	65
p-c-reaktiivinenproteiini(kval)		N	6	6
p-c-reaktiivinenproteiini(pikanäyte)		N	225	197
p-c-reaktiivinenproteiini,crp	mg/l	A	90	15
p-c-reaktiivinenproteiini,herkkä	mg/l	N	6	6
p-c-reaktiivinenproteiini,hoitoyksikkö	mg/l	H	47	44
p-c-reaktiivinenproteiini,hoitoyksikkö	mg/l	N	17	17
p-c-reaktiivinenproteiini,hoitoyksikkö		N	87	79
p-c-reaktiivinenproteiini,pikatesti		N	2090	1312
p-c-reaktiivinenproteiini,päivystysnäyte	mg/l	N	28	19
p-c-reaktiivinenproteiini,vieritutkimus	mg/l	A	37	24
p-c-reaktiivinenproteiini,vieritutkimus		N	15	11
p-c-reaktiivinenproteiini,vieritutkimus,plasmasta	mg/l	A	143	92
p-c-reaktiivinenproteiini,vieritutkimus,plasmasta	mg/l	N	34	25
p-c-reaktiivinenproteiini,vieritutkimus,plasmasta		N	55	42
p-c-reaktiivinenproteiini.pika		A	157	113
p-c-reaktiivinenproteiinipikahoitoyksiköt	mg/l	A	49	40
p-c-reaktiivinenproteiinipikahoitoyksiköt	mg/l	H	3569	1812
p-c-reaktiivinenproteiinipikahoitoyksiköt		A	37	35
p-c-reaktiivinenproteiinipikamittari		A	193	125
p-c1inh	g/l	A	6	6
p-c1inh	g/l	N	18	18
p-c1inhbk	%	A	80	61
p-c1inhbk	%	H	22	18
p-c1inhbk	%	N	81	73
p-c1inhbk		A	15	14
p-c1inhbk		N	7	7
p-c1qabg	u/ml	A	24	14
p-c1qabg	u/ml	H	37	16
p-c1qabg	u/ml	N	10	8
p-c1qabg		N	30	29
p-c3	g/l	A	2659	1706
p-c3	g/l	H	329	288
p-c3	g/l	L	249	93
p-c3	g/l	N	896	725
p-c3		A	122	112
p-c3		H	16	16
p-c3		L	7	7
p-c4	g/l	A	2162	1068
p-c4	g/l	H	101	86
p-c4	g/l	L	324	123
p-c4	g/l	N	1015	810
p-c4		A	277	160
p-c4		H	12	12
p-c4		L	73	34
p-c4d		N	7	7
p-ca	mmol/l	A	35212	13898
p-ca	mmol/l	H	29045	11733
p-ca	mmol/l	HH	153	89
p-ca	mmol/l	L	5671	3188
p-ca	mmol/l	LL	31	25
p-ca	mmol/l	N	107819	32186
p-ca		A	2509	1574
p-ca		H	1280	931
p-ca		HH	9	7
p-ca		L	955	760
p-ca		N	1175	956
p-ca(7.4)	mmol/l	A	6094	2864
p-ca(7.4)	mmol/l	H	24	19
p-ca(7.4)	mmol/l	L	258	190
p-ca++hoi		A	50	42
p-ca-albk	form	A	15	14
p-ca-albk	form	N	60	57
p-ca-albk	mmol/l	A	24787	9335
p-ca-albk	mmol/l	H	31474	15240
p-ca-albk	mmol/l	HH	179	114
p-ca-albk	mmol/l	L	276	177
p-ca-albk	mmol/l	N	30985	14818
p-ca-albk		A	1676	1199
p-ca-albk		H	3215	2366
p-ca-albk		HH	16	11
p-ca-albk		L	113	94
p-ca-albk		N	1434	1240
p-ca-albk(laskennallinentutkimus)	mmol/l	A	23	19
p-ca-albk(laskennallinentutkimus)	mmol/l	N	138	122
p-ca-albk,osatutkimus(63840laskennallinentutkimus)	mmol/l	N	45	43
p-ca-albk,p-alb	mmol/l	N	9	7
p-ca-ion	mmol/l	A	10879	5272
p-ca-ion	mmol/l	H	211	183
p-ca-ion	mmol/l	HH	20	15
p-ca-ion	mmol/l	L	1043	812
p-ca-ion	mmol/l	LL	7	7
p-ca-ion	mmol/l	N	2007	1664
p-ca-ion		A	52	29
p-ca-ion		H	13	7
p-ca-ion		L	12	9
p-ca-ion		N	582	502
p-ca-ion.	mmol/l	A	40438	9779
p-ca-ion.	mmol/l	H	7101	1541
p-ca-ion.	mmol/l	L	139647	14748
p-ca-ion.	mmol/l	N	124713	19575
p-ca-ion.		A	373	165
p-ca-ion.		H	43	29
p-ca-ion.		L	768	256
p-ca-ion.		N	162	131
p-ca-ion:	mmol/l	A	207	118
p-ca-iona	mmol/l	N	234145	21190
p-ca-iona		N	184	163
p-ca12-5	u/ml	A	9629	2206
p-ca12-5	u/ml	H	1198	352
p-ca12-5	u/ml	HH	186	74
p-ca12-5	u/ml	N	1110	684
p-ca12-5		A	59	48
p-ca12-5		N	23	10
p-ca12-5antigeeni	u/ml	A	201	78
p-ca12-5antigeeni	u/ml	N	401	204
p-ca15-3	u/ml	A	7154	1223
p-ca15-3	u/ml	H	467	144
p-ca15-3	u/ml	N	579	267
p-ca15-3		A	60	33
p-ca15-3antigeeni	u/ml	A	233	61
p-ca15-3antigeeni	u/ml	N	199	91
p-ca19-9	u/ml	A	8888	2383
p-ca19-9	u/ml	H	1835	525
p-ca19-9	u/ml	HH	27	21
p-ca19-9	u/ml	N	1485	922
p-ca19-9		A	217	130
p-ca19-9		N	194	115
p-ca19-9antigeeni	u/ml	A	327	120
p-ca19-9antigeeni	u/ml	N	344	219
p-ca19-9antigeeni		N	62	31
p-caio7.4:	mmol/l	A	209	106
p-caion7.4	mmol/l	A	24	10
p-caion7.4		A	10	7
p-cea	ug/l	A	16638	4060
p-cea	ug/l	H	1948	537
p-cea	ug/l	N	3977	1895
p-cea		A	764	520
p-cea		N	1010	616
p-citratm		N	285	144
p-ck	u/l	A	52368	27060
p-ck	u/l	H	12708	6842
p-ck	u/l	HH	18	9
p-ck	u/l	L	4184	3030
p-ck	u/l	N	40094	27968
p-ck		A	3981	2456
p-ck		H	1212	750
p-ck		HH	40	20
p-ck		L	549	458
p-ck		N	1702	1399
p-ck-mb	u/l	A	11	8
p-ck-mb	u/l	N	38	37
p-ck-mb	ug/l	N	24	24
p-ck-mb		A	6	6
p-ck-mbm	ug/l	A	12638	7015
p-ck-mbm	ug/l	H	2276	1570
p-ck-mbm	ug/l	HH	12	9
p-ck-mbm	ug/l	N	3028	2396
p-ck-mbm		A	835	599
p-ck-mbm		H	241	178
p-ck-mbm		N	612	513
p-ckmbm	ug/l	A	94	75
p-cl	mmol/l	A	20544	7005
p-cl	mmol/l	H	31095	3886
p-cl	mmol/l	HH	16	9
p-cl	mmol/l	L	30194	4547
p-cl	mmol/l	LL	402	108
p-cl	mmol/l	N	218022	24655
p-cl		A	146	119
p-cl		H	6	6
p-cl		L	21	18
p-cl		N	157	130
p-cl-vt	1	L	9	7
p-cl-vt	1	N	29	22
p-cl-vt	mmol/l	A	23	10
p-cl-vt	mmol/l	N	17	11
p-cl:	mmol/l	A	100	65
p-clhoi	mmol/l	A	17	14
p-cmvnh	iu/ml	A	2769	419
p-cmvnh	iu/ml	H	39	12
p-cmvnh	iu/ml	N	120	36
p-cmvnh		A	2741	613
p-cmvnh		N	9641	2816
p-cptputk		N	21	8
p-crp	mg/l	A	1975645	210455
p-crp	mg/l	AA	80	56
p-crp	mg/l	H	943925	131434
p-crp	mg/l	HH	95093	21034
p-crp	mg/l	N	121064	50675
p-crp		A	159678	38912
p-crp		AA	14	11
p-crp		H	89693	29455
p-crp		HH	7431	2883
p-crp		N	551708	141484
p-crp,herkkä	mg/l	A	6	6
p-crp,herkkä	mg/l	H	9	7
p-crp,herkkä	mg/l	N	24	23
p-crp-hoi	mg/l	A	532	120
p-crp-hy	mg/l	A	3457	2090
p-crp-hy	mg/l	H	1482	1008
p-crp-hy		A	116	104
p-crp-hy		H	740	522
p-crp-hy,osoitushoitoyksikössä	mg/l	A	454	337
p-crp-hy,osoitushoitoyksikössä		A	11	11
p-crp-o	mg/l	A	2745	1406
p-crp-o	mg/l	H	17007	10207
p-crp-o	mg/l	L	393	327
p-crp-o	mg/l	N	3621	2930
p-crp-o		A	777	656
p-crp-o		H	5285	3470
p-crp-o		L	974	687
p-crp-o		N	6104	4808
p-crp-oma	mg/l	H	1169	542
p-crp-oma	mg/l	N	301	202
p-crp-oma		H	15	14
p-crp-oma		N	578	320
p-crp-p	mg/l	A	108	71
p-crp-p		A	484	285
p-crp-poc	mg/l	A	45	25
p-crp-pt	mg/l	A	16	14
p-crp-päi	mg/l	A	38	27
p-crp-v	mg/l	A	17	16
p-crp-vt	mg/l	A	3936	2104
p-crp-vt	mg/l	N	54	44
p-crp-vt		A	337	158
p-crp-vt		N	353	216
p-crp.	mg/l	A	502	200
p-crp/pik	mg/l	H	2330	1450
p-crp/pik	mg/l	N	1095	911
p-crp/pik		H	107	91
p-crp/pik		N	1934	1363
p-crp/pika	mg/l	H	3914	1851
p-crp/pika	mg/l	N	1720	1205
p-crp/pika		H	66	65
p-crp/pika		N	3660	1820
p-crphoi	mg/l	A	4021	2278
p-crphoi	mg/l	H	27	23
p-crphoi		N	14	14
p-crpos	mg/l	A	280	169
p-crppika	mg/l	A	767	523
p-crppika	mg/l	N	42	41
p-crppika		A	583	333
p-crppika		N	241	200
p-crpvieri	mg/l	A	14	12
p-cu	umol/l	A	19	17
p-cytomegalovirus,nukleiinihappo(kvant)	iu/ml	A	37	7
p-cytomegalovirus,nukleiinihappo(kvant)		A	11	8
p-cytomegalovirus,nukleiinihappo,(kvant)	iu/ml	A	34	7
p-cytomegalovirus,nukleiinihappo,(kvant)		A	17	11
p-cytomegalovirus,nukleiinihappo,kvantitatiivi	iu/ml	A	91	13
p-d-25	nmol/l	A	5115	4010
p-d-25	nmol/l	H	897	795
p-d-25	nmol/l	L	602	584
p-d-25	nmol/l	N	7758	5795
p-d-25		A	3436	2670
p-d-25		H	1000	868
p-d-25		L	97	92
p-d-25		N	32	28
p-d-25-oh	nmol/l	N	16	16
p-d-vitamiini-25-oh	nmol/l	A	145	135
p-d-vitamiini-25-oh	nmol/l	N	1140	1086
p-d-vitamiini-25-oh		A	8	8
p-dabi-ta	ug/l	N	44	31
p-dabi-ta		N	30	26
p-digoks	nmol/l	A	570	245
p-digoks	nmol/l	N	147	88
p-digoks		A	137	91
p-digoks		N	32	21
p-dvitamiini-25-oh	nmol/l	N	25	22
p-ebvnh	iu/ml	A	268	98
p-ebvnh	iu/ml	N	14	6
p-ebvnh		A	620	206
p-ebvnh		N	5885	2377
p-edta		N	99	99
p-edtapak		N	26	20
p-efa		N	37	17
p-einr	inr	A	844	49
p-etanoli	promille	A	20	12
p-etanoli		A	16	15
p-etoh	mmol/l	A	134	100
p-etoh	promille	A	626	410
p-etoh	promille	H	28	25
p-etoh	promille	N	48	44
p-etoh		A	98	78
p-etoh		H	25	25
p-etoh		N	903	698
p-f8paiv	%	A	121	38
p-fakb		N	7	6
p-fakbb		N	7	7
p-fe	umol/l	A	211	132
p-fe	umol/l	H	45	38
p-fe	umol/l	L	584	441
p-fe		H	13	13
p-fe		L	162	134
p-ferrit	ug/l	A	81670	35081
p-ferrit	ug/l	H	35457	16701
p-ferrit	ug/l	L	22590	12544
p-ferrit	ug/l	N	102563	52154
p-ferrit		A	13497	8568
p-ferrit		H	4764	3304
p-ferrit		L	3737	2582
p-ferrit		N	14334	8628
p-ferritiini	ug/l	A	2544	1597
p-ferritiini	ug/l	H	420	339
p-ferritiini	ug/l	L	244	206
p-ferritiini	ug/l	N	2774	2052
p-ferritiini		A	17	16
p-ferritin	ug/l	A	24	20
p-ferritin	ug/l	N	71	44
p-fgf23	kru/l	A	18	9
p-fgf23		N	9	8
p-fibr	g/l	A	9286	4322
p-fibr	g/l	H	5478	2839
p-fibr	g/l	L	2418	873
p-fibr	g/l	LL	156	50
p-fibr	g/l	N	9403	4276
p-fibr		A	700	381
p-fibr		H	40	33
p-fibr		L	14	13
p-fibr		N	57	48
p-fibr.	g/l	A	126	118
p-fibr.	g/l	H	75	75
p-fibr.	g/l	L	24	20
p-fibr.	g/l	N	217	203
p-fibr.		A	13	13
p-fibrag	g/l	N	9	7
p-fibriinidimeerit	mg/l	H	174	161
p-fibriinidimeerit	mg/l	N	190	181
p-fibriinidimeerit		N	34	33
p-fibriinidimeerit,pika	mg/l	N	15	13
p-fibriinind-dimeerit	mg/l	A	627	553
p-fibriinind-dimeerit	mg/l	N	16	16
p-fibriinind-dimeerit		N	12	12
p-fibriinind-dimeerit(kval)	mg/l	A	30	26
p-fibriinind-dimeerit(kval)		N	11	9
p-fibriinind-dimeerit,laskimon.vierit.lab:ssa	mg/l	H	48	37
p-fibriinind-dimeerit,pika	mg/l	H	9	7
p-fibriinind-dimeerit,pika	mg/l	N	15	14
p-fibriinind-dimeerit,pikatesti	mg/l	A	9	7
p-fibriinind-dimeerit,pikatutkimus	mg/l	H	7	6
p-fibriinind-dimeerit,vieritestihoitoyksikössä	mg/l	A	6	6
p-fibriinind-dimeerit,vieritutkimus	mg/l	A	6	6
p-fibriinind-dimeeritpika,hoitoyksiköt	mg/l	H	31	31
p-fibriinind-dimeeritpika,hoitoyksiköt		A	19	19
p-fibrinogeeni	g/l	A	56	45
p-fibrspr	g/l	A	54	53
p-fibrspr		A	7	7
p-fidd	mg/l	A	43181	23926
p-fidd	mg/l	AA	12	11
p-fidd	mg/l	H	30161	16770
p-fidd	mg/l	HH	197	173
p-fidd	mg/l	N	11318	9273
p-fidd		A	5630	4304
p-fidd		AA	18	17
p-fidd		H	2488	2112
p-fidd		HH	37	37
p-fidd		L	8	7
p-fidd		N	7773	6221
p-fidd(vieri)		H	14	13
p-fidd(vieri)		N	35	34
p-fidd-hy	mg/l	A	33	31
p-fidd-hy	mg/l	H	12	12
p-fidd-hy		A	16	16
p-fidd-lb	mg/l	A	305	235
p-fidd-lb		A	19	18
p-fidd-o	form	H	12	10
p-fidd-o	form	N	16	16
p-fidd-o	mg/l	A	290	242
p-fidd-o	mg/l	H	2573	2215
p-fidd-o	mg/l	N	1001	953
p-fidd-o		A	42	39
p-fidd-o		H	265	232
p-fidd-o		N	57	56
p-fidd-opi		A	16	15
p-fidd-os		H	10	10
p-fidd-os		N	17	16
p-fidd-ospkl	mg/l	H	9	8
p-fidd-poc	mg/l	A	8	6
p-fidd-vt	mg/l	A	246	205
p-fidd-vt	mg/l	N	56	44
p-fidd-vt		A	70	67
p-fidd-vt		N	8	8
p-fiddosoitus	mg/l	H	39	39
p-fiddosoitus	mg/l	N	62	61
p-fiddp	mg/l	H	12	9
p-fiddp	mg/l	N	19	14
p-fiddpik	mg/l	A	92	82
p-fiddpik	mg/l	H	29	22
p-fiddpik	mg/l	N	6	6
p-fiddpik		A	7	7
p-fiddpik		N	14	13
p-fii	%	A	235	219
p-fii	%	L	33	30
p-fii	%	N	107	89
p-fii		A	28	26
p-fii		N	226	219
p-fii-d		N	11	10
p-fimo-o		A	9	8
p-fix	%	A	256	170
p-fix	%	H	71	69
p-fix	%	L	78	46
p-fix	%	N	367	327
p-follikkeliastimuloivahormoni	u/l	N	213	191
p-follikkeliastimuloivahormoni(pi)	u/l	N	9	9
p-fosfaatti,epäorgaaninen	mmol/l	A	169	47
p-fs		N	30	27
p-fs-mix		N	33	30
p-fsh	u/l	A	593	491
p-fsh	u/l	N	788	718
p-fsh		A	264	231
p-fsh		N	28	28
p-fsl	s	N	9	9
p-fsl		N	24	21
p-fsl-mix		N	31	28
p-fsl/fs		N	30	27
p-fv	%	A	1541	646
p-fv	%	H	237	177
p-fv	%	L	787	346
p-fv	%	N	1523	873
p-fv		A	46	33
p-fv		N	14	14
p-fvii	%	A	298	239
p-fvii	%	H	27	27
p-fvii	%	L	141	98
p-fvii	%	N	327	294
p-fvii		A	17	15
p-fviii	%	A	1050	875
p-fviii	%	H	1557	1059
p-fviii	%	L	159	77
p-fviii	%	N	785	623
p-fviii		A	129	116
p-fviii		H	79	62
p-fviii		L	12	11
p-fviii		N	21	21
p-fviii.	%	A	9804	3821
p-fviii.	%	H	9483	4350
p-fviii.	%	L	238	99
p-fviii.	%	N	3854	2259
p-fviii.		A	195	157
p-fviii.		H	342	262
p-fviii.		N	573	284
p-fviiiab		N	12	8
p-fviiic	%	A	8	8
p-fviiiis	%	A	40	34
p-fviiikr	%	N	107	23
p-fviiikr		N	40	8
p-fviiit	%	A	207	94
p-fviiit		A	30	12
p-fvpaiv	%	A	11	8
p-fx	%	A	221	174
p-fx	%	L	71	53
p-fx	%	N	81	70
p-fx		A	19	16
p-fx		N	226	219
p-fxi	%	A	84	70
p-fxi	%	H	30	11
p-fxi	%	L	20	16
p-fxi	%	N	81	69
p-fxi		H	11	7
p-fxi		N	252	238
p-fxii	%	A	77	62
p-fxii	%	H	12	6
p-fxii	%	L	24	21
p-fxii	%	N	76	67
p-fxii		A	8	8
p-fxii		N	254	240
p-fxiii	%	A	415	194
p-fxiii	%	H	13	11
p-fxiii	%	L	389	149
p-fxiii	%	N	388	271
p-fxiii		A	15	13
p-fxiii		N	10	10
p-fxiii.	%	A	88	81
p-fxiii.	%	H	17	17
p-fxiii.	%	L	44	40
p-fxiii.	%	N	250	232
p-gammagt	u/l	A	18	12
p-gammagt	u/l	N	28	23
p-gfr-kre	ml/min/173m2	A	19	19
p-gfr-kre		A	15	13
p-gfreepi	ml/min/173m2	A	6216	1047
p-gfreepi		A	1173	479
p-gfreepi		N	13	12
p-gfrtest		N	1165	583
p-glkg	ng/l	A	135	68
p-glkg	ng/l	H	6	6
p-glkg	ng/l	N	35	29
p-glkg		A	20	9
p-glu/0	mmol/l	A	440	365
p-glu/0	mmol/l	N	336	278
p-glu/0		A	11	11
p-glu/0		N	8	8
p-glu/1h	mmol/l	A	57	50
p-glu/1h	mmol/l	N	184	148
p-glu/2h	mmol/l	A	456	361
p-glu/2h	mmol/l	N	327	279
p-glu/2h		A	15	15
p-glu/2h		N	8	8
p-gluc	mmol/l	A	742	367
p-gluc	mmol/l	N	162	126
p-gluc		A	1321	423
p-gluc		N	141	111
p-gluk	mmol	A	65	55
p-gluk	mmol/l	A	275612	82354
p-gluk	mmol/l	H	300176	46414
p-gluk	mmol/l	HH	2227	784
p-gluk	mmol/l	L	2829	1798
p-gluk	mmol/l	LL	42	35
p-gluk	mmol/l	N	135260	44913
p-gluk		A	18322	8046
p-gluk		H	5706	3840
p-gluk		HH	133	118
p-gluk		L	120	112
p-gluk		N	5972	2088
p-gluk,tk		H	2767	1533
p-gluk,tk		N	629	501
p-gluk-0	mmol/l	N	61	34
p-gluk-0h	mmol/l	A	138	115
p-gluk-1	mmol/l	N	13	12
p-gluk-1h	mmol/l	A	114	69
p-gluk-1t	mmol/l	H	12	12
p-gluk-1t	mmol/l	N	155	96
p-gluk-2	mmol/l	N	12	11
p-gluk-2h	mmol/l	A	200	145
p-gluk-2h	mmol/l	H	6	6
p-gluk-2h	mmol/l	N	16	16
p-gluk-2t	mmol/l	H	141	107
p-gluk-2t	mmol/l	L	15	11
p-gluk-2t	mmol/l	N	306	223
p-gluk-2t		H	6	6
p-gluk-a2	mmol/l	N	712	594
p-gluk-a2		N	105	99
p-gluk-o	mmol/l	H	8	8
p-gluk-o	mmol/l	N	188	45
p-gluk-p	mmol/l	A	10	9
p-gluk-pt	mmol/l	A	18	17
p-gluk-sn	mmol/l	N	1252	343
p-gluk-sn		N	2685	413
p-gluk-vt	1	H	21	15
p-gluk-vt	1	N	17	13
p-gluk-vt	mmol/l	A	633	422
p-gluk-vt	mmol/l	N	154	107
p-gluk-vt		A	791	346
p-gluk-vt		N	220	161
p-gluk-vt/0m	mmol/l	N	26	20
p-gluk/120	mmol/l	N	85	74
p-gluk/120		N	29	24
p-gluk/2h	mmol/l	A	14	14
p-gluk/2h	mmol/l	N	50	48
p-gluk/2h		N	15	12
p-gluk/60	mmol/l	N	47	39
p-gluk/60		N	17	13
p-gluk0	mmol/l	A	14	14
p-gluk0		A	70	65
p-gluk0h	mmol/l	A	25	22
p-gluk120	mmol/l	N	25	24
p-gluk120,osatutk.		N	56	49
p-gluk1h	mmol/l	H	9	7
p-gluk1h	mmol/l	N	87	56
p-gluk2h	mmol/l	A	27	24
p-gluk2h	mmoll/l	H	40	31
p-gluk2h	mmoll/l	N	129	92
p-gluk60,osatutk.		N	28	22
p-gluk:	mmol/l	A	118	61
p-glukoosi	mmol/l	A	4274	2456
p-glukoosi	mmol/l	H	471	418
p-glukoosi	mmol/l	N	469	379
p-glukoosi		N	115	100
p-glukoosi,0-näyte	mmol/l	N	20	18
p-glukoosi,120min-näyterasituksessa	mmol/l	N	7	6
p-glukoosi,2h	mmol/l	N	30	25
p-glukoosi,2hnäyte	mmol/l	N	7	7
p-glukoosi,60min-näyterasituksessa	mmol/l	N	7	6
p-glukoosi,paikallisanalytiikka,kuivakemia	mmol/l	A	26	23
p-glukoosi,paikallisanalytiikka,kuivakemia	mmol/l	H	90	85
p-glukoosi,paikallisanalytiikka,kuivakemia	mmol/l	N	21	20
p-glukoosi,plasma	mmol/l	N	32	18
p-glukoosi,plasma		N	29	24
p-glukoosi,vieritutkimus	mmol/l	A	10	9
p-glukoosi,vieritutkimus	mmol/l	N	27	23
p-glukoosi,vieritutkimus		N	31	23
p-glukoosi,vieritutkimus(cit1000)	mmol/l	A	12	10
p-glukoosi,vieritutkimus(cit1000)	mmol/l	N	6	6
p-glukoosi120	mmol/l	A	7	7
p-glukoosi120	mmol/l	N	13	13
p-glukoosi2h	mmol/l	N	47	44
p-glukoosipikahoitoyksiköt	mmol/l	A	8	8
p-glukoosirasitus,0-näyte	mmol/l	N	26	22
p-glukoosirasitus,0-näyte		N	13	13
p-glukoosirasitus,120minnäyte	mmol/l	N	26	22
p-glukoosirasitus,120minnäyte		N	13	13
p-glukoosirasitus,60minnäyte		N	6	6
p-glukp	mmol/l	H	78	74
p-glukpik	mmol/l	A	42	35
p-glukpik		A	9	9
p-glukr2h		H	10	10
p-glutamyyliransferaasi,paikallisanalytiikka,kuivakemia	u/l	A	12	11
p-glutamyyliransferaasi,paikallisanalytiikka,kuivakemia	u/l	H	51	46
p-glutamyyliransferaasi,paikallisanalytiikka,kuivakemia	u/l	N	52	48
p-glutamyylitransferaasi	u/l	A	2173	1222
p-glutamyylitransferaasi	u/l	N	1080	893
p-glutamyylitransferaasi		A	11	10
p-gt	u/l	A	197505	55568
p-gt	u/l	AA	112	37
p-gt	u/l	H	74038	28907
p-gt	u/l	L	102	75
p-gt	u/l	N	126591	75443
p-gt		A	37004	14170
p-gt		H	12399	6068
p-gt		HH	46	28
p-gt		L	55	51
p-gt		N	11661	8169
p-hae		N	24	21
p-hae-tutkimus		N	16	11
p-haglund		N	8	8
p-happamuusaste(ionis.ca)		N	8681	5204
p-haptog	g/l	A	2189	1768
p-haptog	g/l	H	2487	2056
p-haptog	g/l	L	822	449
p-haptog	g/l	N	6365	4310
p-haptog		A	1647	869
p-haptog		H	438	412
p-haptog		L	1395	520
p-haptog		N	132	130
p-haptoglobiini	g/l	A	595	524
p-haptoglobiini	g/l	H	69	64
p-haptoglobiini	g/l	L	6	6
p-haptoglobiini	g/l	N	900	752
p-haptoglobiini		A	223	137
p-haptoglobiini		L	15	13
p-hb	g/l	N	33	21
p-hb	mg/l	A	3787	615
p-hb	mg/l	H	1622	310
p-hb	mg/l	N	824	254
p-hb		A	62	56
p-hb		H	13	13
p-hb		HH	10	10
p-hb		N	77	49
p-hbcfdn		N	2734	2239
p-hcg	iu/l	A	587	256
p-hcg	iu/l	N	21	11
p-hcg	u/l	A	3592	1670
p-hcg	u/l	H	1685	891
p-hcg	u/l	N	249	196
p-hcg		A	96	57
p-hcg		H	262	162
p-hcg		N	1383	996
p-hcg,pika-hcg	u/l	H	12	9
p-hcg-tot	iu/l	A	2570	1194
p-hcg-tot	iu/l	H	612	476
p-hcg-tot	iu/l	N	9	9
p-hcg-tot		A	595	432
p-hcg-tot		H	4297	1941
p-hcg-tot		N	7679	4952
p-hco3	mmol/l	A	16928	4561
p-hco3	mmol/l	N	154023	14289
p-hco3		A	350	194
p-hco3		N	39	35
p-hcvnh	iu/ml	A	102	71
p-hcvnh		A	15	14
p-hcvnh		N	218	198
p-hcvnho		A	35	29
p-hcvnhty		A	21	21
p-hcyst	umol/l	A	662	510
p-hcyst	umol/l	H	558	431
p-hcyst	umol/l	L	8	8
p-hcyst	umol/l	N	1373	1093
p-hcyst		A	52	48
p-hcyst		H	21	19
p-hcyst		N	76	68
p-he4	pmol/l	A	189	132
p-he4	pmol/l	H	67	62
p-he4	pmol/l	N	112	109
p-helikobakteerinigg-vasta-aineet		H	6	6
p-helikobakteerinigg-vasta-aineet		N	55	55
p-hepar10		N	24	22
p-hepar5		N	63	53
p-heparm		N	82	52
p-hepatiittic,iggvasta-aineetjanukleiinihappo,(kvant)		N	79	78
p-hepnäyt		N	31	16
p-hepyabg		N	12	11
p-histam		N	42	28
p-hiv1nh	u/ml	A	15	8
p-hiv1nh		A	794	257
p-hiv1nh		N	3368	897
p-hiv1res		N	6	6
p-hivinir		N	26	21
p-hivirus1,nukleiinihappo(kvant)	u/ml	A	9	7
p-hivkant		N	16	16
p-hivnhre		N	62	49
p-hok		N	153	77
p-hok2		N	34	12
p-homokysteiini	umol/l	A	16	11
p-homokysteiini,homokys	umol/l	H	7	6
p-hs-crp	mg/l	A	286	152
p-hs-crp	mg/l	H	54	31
p-hs-crp		A	11	10
p-hstni	ng/l	A	709	220
p-hsvnho		N	12	12
p-hyyttek		N	60	56
p-hyytymistekijäv	%	A	8	7
p-hyytymistekijäviii	%	A	104	80
p-hyytymistekijäviii	%	H	15	11
p-hyytymistekijäviii	%	N	24	24
p-hyytymistekijäviii(t)	%	A	68	26
p-hyytymistekijäviii(t)	%	N	40	19
p-hyytymistekijäviii.	%	A	82	55
p-hyytymistekijäviii.	%	N	9	7
p-hyytymistutkimus,suppea		N	6	6
p-iga	g/l	A	6306	3289
p-iga	g/l	H	1928	1180
p-iga	g/l	L	1847	568
p-iga	g/l	N	9001	7256
p-iga		A	1481	887
p-iga		H	207	185
p-iga		L	750	302
p-iga		N	1531	1466
p-iga+g+m		N	21	19
p-ige	u/ml	A	1260	963
p-ige	u/ml	H	699	509
p-ige	u/ml	N	436	413
p-ige		A	31	31
p-ige		H	50	50
p-ige		N	147	145
p-igg	g/l	A	16335	5301
p-igg	g/l	H	3275	1417
p-igg	g/l	L	5651	1689
p-igg	g/l	N	12985	6506
p-igg		A	1052	686
p-igg		H	149	106
p-igg		L	121	93
p-igg		N	210	176
p-igm	g/l	A	7093	2970
p-igm	g/l	H	1816	567
p-igm	g/l	L	3495	1216
p-igm	g/l	N	7134	5117
p-igm		A	1325	666
p-igm		H	63	51
p-igm		L	405	202
p-igm		N	150	140
p-il2r	u/ml	A	1464	765
p-il2r	u/ml	H	1064	498
p-il2r	u/ml	L	51	34
p-il2r	u/ml	N	2467	961
p-il2r		A	10	10
p-il2r		H	8	8
p-il6	ng/l	A	131	66
p-il6	ng/l	H	63	44
p-il6	ng/l	N	30	22
p-il6		N	26	22
p-il8	ng/l	A	9	8
p-il8	ng/l	N	22	19
p-il8		N	9	9
p-immunoglobuliinia	g/l	A	26	23
p-immunoglobuliinia	g/l	N	6	6
p-immunoglobuliinia		A	8	7
p-immunoglobuliinig	g/l	A	190	100
p-immunoglobuliinim	g/l	A	61	37
p-inr	form	N	226	25
p-inr	inr	A	28874	6624
p-inr	inr	H	458	85
p-inr	inr	L	1008	126
p-inr	inr	N	4464	116
p-inr	ng	A	67	27
p-inr		A	202796	31336
p-inr		AA	40	27
p-inr		H	76830	11268
p-inr		HH	1143	926
p-inr		L	106558	19513
p-inr		N	33034	1752
p-inr-poc		A	27	16
p-inr-pt	inruikk	A	36	18
p-inr-pt		A	40	13
p-inr-vt	inr	A	953	811
p-inr-vt	inr	N	42	18
p-inr-vt		A	1614	618
p-inr-vt		N	2384	95
p-inrhoi		A	20	13
p-inrhoit		A	96	28
p-inrpika		A	1898	1633
p-inrviitasaari	inr	L	20	8
p-inrviitasaari	inr	N	67	17
p-insu	mu/l	A	18	11
p-insu	mu/l	N	39	27
p-insu		A	11	10
p-interleukiini-2:nreseptori,liukoinen	u/ml	A	18	15
p-interleukiini6	ng/l	N	10	10
p-ipro	mmol/l	A	22	9
p-jcvnh		N	317	94
p-jgluk	mmol/l	A	33	33
p-k	mmol/l	A	400461	93934
p-k	mmol/l	AA	187	121
p-k	mmol/l	H	92503	22700
p-k	mmol/l	HH	3995	1683
p-k	mmol/l	L	100585	35617
p-k	mmol/l	LL	7050	3786
p-k	mmol/l	N	1852197	220286
p-k	mmol/mol	A	24	20
p-k		A	48356	19958
p-k		AA	60	47
p-k		H	7461	3704
p-k		HH	240	156
p-k		L	6632	3972
p-k		LL	954	562
p-k		N	102825	32828
p-k-pa	mmol/l	H	7	7
p-k-pa	mmol/l	L	11	9
p-k-pt	mmol/l	A	44	33
p-k-ses	mmol/l	A	136	41
p-k-veka	mmol/l	A	3153	1564
p-k-veka		A	6	6
p-k-vieri	mmol/l	H	7	7
p-k-vieri	mmol/l	N	90	75
p-k-vt	1	N	36	24
p-k-vt	mmol/l	A	257	198
p-k-vt	mmol/l	N	144	94
p-k-vt		A	164	121
p-k-vt		N	285	120
p-k.	mmol/l	A	87	45
p-k:	mmol/l	A	85	58
p-kalium	mmol/l	A	6717	2554
p-kalium	mmol/l	H	1521	806
p-kalium	mmol/l	HH	20	12
p-kalium	mmol/l	L	678	476
p-kalium	mmol/l	LL	130	90
p-kalium	mmol/l	N	25903	13526
p-kalium	mmol/mol	A	25	21
p-kalium	mmol/mol	N	63	56
p-kalium		A	50	45
p-kalium		N	284	250
p-kalium,paikallisanalytiikka,kuivakemia	mmol/l	A	47	33
p-kalium,paikallisanalytiikka,kuivakemia	mmol/l	H	186	100
p-kalium,paikallisanalytiikka,kuivakemia	mmol/l	L	126	90
p-kalium,paikallisanalytiikka,kuivakemia	mmol/l	N	864	613
p-kalium,pikatutkimus(emmlisännyt)	mmol/l	N	53	41
p-kalium,vieritutkimus	mmol/l	A	31	25
p-kalium,vieritutkimus	mmol/l	N	144	92
p-kalium,vieritutkimus		N	21	20
p-kaliumpikahoitoyksiköt	mmol/l	H	7	7
p-kaliumpikahoitoyksiköt		A	38	33
p-kalsium	mmol/l	A	505	383
p-kalsium	mmol/l	H	332	254
p-kalsium	mmol/l	L	46	42
p-kalsium	mmol/l	N	3575	3015
p-kalsium		N	21	11
p-kalsium(p-ca)	mmol/l	N	73	72
p-kalsium,alb.korjattu	mmol/l	H	57	45
p-kalsium,alb.korjattu	mmol/l	L	118	105
p-kalsium,alb.korjattu	mmol/l	N	1193	1099
p-kalsium,albumiinikorjattu	mmol/l	A	1502	1139
p-kalsium,albumiinikorjattu	mmol/l	H	1163	894
p-kalsium,albumiinikorjattu	mmol/l	L	15	14
p-kalsium,albumiinikorjattu	mmol/l	N	2819	2353
p-kalsium,ionisoitunut	mmol/l	A	6790	2668
p-kalsium,ionisoitunut	mmol/l	L	12	12
p-kalsium,ionisoitunut	mmol/l	N	3252	1751
p-kalsium,ionisoitunut		N	24	21
p-kalsium,ionisoitunut,ph7.4korjattu	mmol/l	A	13	12
p-kalsium,ionisoitunutpika,hoitoyksiköt	mmol/l	L	7	6
p-kalsium,ionisoitunutpika,hoitoyksiköt		A	74	60
p-kalsium,plasma(ko)	mmol/l	N	36	34
p-kalsium-ioni,aktuaali	mmol/l	N	23	22
p-kardabg	gpl	A	110	71
p-kardabg	gpl	N	12	12
p-kardabg	u/ml	A	256	144
p-kardabg	u/ml	H	265	138
p-kardabg	u/ml	N	1768	1519
p-kardabg		A	61	35
p-kardabg		H	44	25
p-kardabg		N	1310	1186
p-kardabm	mpl	A	151	114
p-kardabm	mpl	N	16	15
p-kardabm		A	11	9
p-kardabm		N	23	23
p-kardiolipiini,iggvasta-aineet	u/ml	A	21	13
p-kardiolipiini,iggvasta-aineet	u/ml	N	72	63
p-kardiolipiini,iggvasta-aineet		N	26	25
p-kardiolipiini,iggvasta-aineet,plasmasta	u/ml	N	50	48
p-kardiolipiini,iggvasta-aineet,plasmasta		N	24	24
p-karsinoembryonaalinenantigeeni(pi)		N	18	17
p-keto-o		A	21	19
p-keto-o		N	164	138
p-khoi	mmol/l	A	6	6
p-khoi		A	28	25
p-kloridi	mmol/l	A	6	6
p-kloridi	mmol/l	L	13	12
p-kloridi	mmol/l	N	84	67
p-kloridi,vierilaitteella	mmol/l	N	22	18
p-kloridipika,hoitoyksiköt	mmol/l	H	11	7
p-kloridipika,hoitoyksiköt	mmol/l	L	20	11
p-ko-hdl	mmol/l	L	83	79
p-ko-hdl	mmol/l	N	215	198
p-kol	mmol/l	A	34739	21871
p-kol	mmol/l	H	25925	18053
p-kol	mmol/l	N	78738	49307
p-kol		A	2072	1721
p-kol		H	12876	8298
p-kol		N	35419	18367
p-kol-hdl	mmol/l	A	21300	12614
p-kol-hdl	mmol/l	H	147	90
p-kol-hdl	mmol/l	L	17888	11902
p-kol-hdl	mmol/l	N	82676	51145
p-kol-hdl		A	1302	1062
p-kol-hdl		L	9285	5346
p-kol-hdl		N	38095	19259
p-kol-hdlviitasaar	mmol/l	N	91	89
p-kol-ldl	mmol/l	A	39729	23920
p-kol-ldl	mmol/l	H	40763	25208
p-kol-ldl	mmol/l	N	119962	59858
p-kol-ldl		A	2834	2193
p-kol-ldl		H	13651	8688
p-kol-ldl		N	41382	19916
p-kolesteroli	mmol/l	A	1683	1441
p-kolesteroli	mmol/l	N	645	549
p-kolesteroli,highdensitylipoproteiinit	mmol/l	A	560	491
p-kolesteroli,highdensitylipoproteiinit	mmol/l	N	686	566
p-kolesteroli,lowdensitylipoproteiinit	mmol/l	A	1753	1471
p-kolesteroli,lowdensitylipoproteiinit	mmol/l	N	539	435
p-kolesteroli-hdl	mmol/l	A	11	10
p-kolesteroli-hdl	mmol/l	N	75	65
p-kolesteroli-ldl	mmol/l	A	35	32
p-kolesteroli-ldl	mmol/l	N	97	80
p-kolkvot		N	13	12
p-kolviitasaari	mmol/l	H	29	29
p-kolviitasaari	mmol/l	N	70	69
p-komplementtic1q,vasta-aineet		N	13	13
p-komplementtic1r,pitoisuus		N	15	14
p-komplementtic1s,pitoisuus		N	15	14
p-komplementtic2		N	15	14
p-komplementtic5		N	15	14
p-komplementtic6		N	15	14
p-komplementtic7		N	15	14
p-komplementtic8		N	15	14
p-komplementtic9		N	15	14
p-kopept	pmol/l	A	32	27
p-kopept	pmol/l	H	29	26
p-kopept	pmol/l	N	144	128
p-kopept		A	6	6
p-kopept		N	11	11
p-kor/dxm	nmol/l	N	9	9
p-koriongonadotropiini	u/l	A	87	53
p-koriongonadotropiini	u/l	H	96	51
p-koriongonadotropiini	u/l	N	45	34
p-koriongonadotropiini		N	645	391
p-koriongonadotropiini,ihmisen	u/l	A	120	73
p-koriongonadotropiini,ihmisen	u/l	H	37	12
p-koriongonadotropiini,ihmisen	u/l	N	18	16
p-koriongonadotropiini,ihmisen		N	140	125
p-koriongonadotropiini,totaali	iu/l	A	77	42
p-kors-9h	nmol/l	N	31	30
p-kors-9h		N	9	9
p-korsol	nmol/l	A	3689	2312
p-korsol	nmol/l	H	811	609
p-korsol	nmol/l	L	782	425
p-korsol	nmol/l	N	3558	2692
p-korsol		A	296	222
p-korsol		H	36	31
p-korsol		L	16	9
p-korsol		N	97	87
p-kortisoli	nmol/l	A	14	13
p-kortisoli	nmol/l	N	233	191
p-kortisoli(pi)	nmol/l	N	14	13
p-kp	mmol/l	H	10	7
p-kp	mmol/l	L	37	21
p-kp	mmol/l	N	299	104
p-kpika	mmol/l	A	20	19
p-krea	ml/min/173m2	A	171	112
p-krea	ml/min/173m2	N	14	13
p-krea	mmol/l	N	7	7
p-krea	umol	A	314	97
p-krea	umol/l	A	1475027	146057
p-krea	umol/l	AA	31	17
p-krea	umol/l	H	603894	57440
p-krea	umol/l	HH	11569	1081
p-krea	umol/l	L	236720	39910
p-krea	umol/l	N	1330216	212426
p-krea		A	161321	33179
p-krea		AA	8	8
p-krea		H	47572	10185
p-krea		HH	309	119
p-krea		L	14752	5557
p-krea		N	32528	13041
p-krea(gfre)	umol/l	A	17	11
p-krea+gfr,p-krea	umol/l	H	1149	181
p-krea+gfr,p-krea	umol/l	L	145	28
p-krea+gfr,p-krea	umol/l	N	3741	664
p-krea+gfr,pt-gfre	ml/min/173m2	L	1699	366
p-krea+gfr,pt-gfre	ml/min/173m2	N	2464	547
p-krea+gfr,pt-gfre-md	ml/min/173m2	L	169	64
p-krea+gfr,pt-gfre-md	ml/min/173m2	N	270	180
p-krea+gfr,pt-gfre-md		L	7	6
p-krea+gfr,pt-gfre-md		N	230	130
p-krea+gfrviitasaar,p-krea	umol/l	H	66	35
p-krea+gfrviitasaar,p-krea	umol/l	N	192	143
p-krea+gfrviitasaar,pt-gfre	ml/min/173m2	L	96	58
p-krea+gfrviitasaar,pt-gfre	ml/min/173m2	N	178	132
p-krea,osatutki4600	umol/l	A	250	51
p-krea,osatutki4600	umol/l	N	253	126
p-krea,osatutkimus	umol/l	A	263	81
p-krea,osatutkimus	umol/l	N	450	206
p-krea,osatutkimus		N	8	8
p-krea-hoi	umol/l	A	7	7
p-krea-pa	umol/l	H	95	59
p-krea-pa	umol/l	L	84	74
p-krea-pt	umol/l	A	69	53
p-krea-vt	1	H	17	9
p-krea-vt	1	N	20	16
p-krea-vt	umol/l	A	543	324
p-krea-vt	umol/l	N	117	92
p-krea-vt		A	257	96
p-krea-vt		N	166	89
p-krea.	umol/l	A	525	204
p-kreahoi	umol/l	A	125	98
p-kreap	umol/l	H	105	31
p-kreap	umol/l	L	46	21
p-kreap	umol/l	N	193	89
p-kreapik	umol/l	A	91	77
p-kreatiini,vieritutkimus	umol/l	A	7	7
p-kreatiinikinaasi	u/l	A	721	482
p-kreatiinikinaasi	u/l	N	90	78
p-kreatiinikinaasi		A	10	9
p-kreatiinikinaasi,mb-alayksikkö,massa	ug/l	A	33	27
p-kreatiinikinaasi,plasmasta	u/l	N	33	25
p-kreatiniini	umol/l	A	27968	6907
p-kreatiniini	umol/l	H	7221	2713
p-kreatiniini	umol/l	L	1468	856
p-kreatiniini	umol/l	N	30309	18235
p-kreatiniini		A	1169	437
p-kreatiniini		N	9	9
p-kreatiniini,paikallisanalytiikka,kuivakemia	umol/l	A	184	97
p-kreatiniini,paikallisanalytiikka,kuivakemia	umol/l	H	194	121
p-kreatiniini,paikallisanalytiikka,kuivakemia	umol/l	L	188	147
p-kreatiniini,paikallisanalytiikka,kuivakemia	umol/l	N	599	440
p-kreatiniini,paikallisanalytiikka,kuivakemiap-kreatiniini,paikallisanalytiikka,kuivakemia	umol/l	H	227	78
p-kreatiniini,paikallisanalytiikka,kuivakemiap-kreatiniini,paikallisanalytiikka,kuivakemia	umol/l	L	140	103
p-kreatiniini,pikatutkimus(emmlisännyt)	umol/l	H	17	11
p-kreatiniini,pikatutkimus(emmlisännyt)	umol/l	N	29	28
p-kreatiniini,vieritutkimus	umol/l	A	61	41
p-kreatiniini,vieritutkimus	umol/l	H	11	6
p-kreatiniini,vieritutkimus	umol/l	N	94	66
p-kreatiniini,vieritutkimus		A	7	6
p-kreatiniini,vieritutkimus		N	9	8
p-kreatiniinipikahoitoyksiköt	umol/l	H	108	73
p-kreatiniinipikahoitoyksiköt	umol/l	L	49	40
p-kreatiniinitykslab	umol/l	A	72	67
p-kreatiniinitykslab	umol/l	N	861	785
p-kreatiniinitykslab(osat.)	umol/l	A	8	8
p-kreatiniinitykslab(osat.)	umol/l	N	103	102
p-kreatiniinitykslab(sis.gfreepi)	umol/l	A	23	23
p-kreatiniinitykslab(sis.gfreepi)	umol/l	N	453	436
p-kryog-o		N	24	24
p-kupari	umol/l	A	10	9
p-kupari		N	54	52
p-kysc	mg/l	A	20107	4551
p-kysc	mg/l	H	16227	4170
p-kysc	mg/l	N	5273	1802
p-kysc		A	757	510
p-kysc		H	682	495
p-kysc		N	244	196
p-kystatiinic	mg/l	A	309	188
p-kystatiinic	mg/l	H	15	13
p-kystatiinic	mg/l	N	9	9
p-la1	s	N	9	9
p-la1		N	24	21
p-la1-mix		N	30	28
p-la1/la2		N	33	30
p-la2		N	31	28
p-la2-mix		N	31	28
p-laaptct		A	30	25
p-laaptct		N	2706	2150
p-laktaat	mmol/l	A	2166	1262
p-laktaat	mmol/l	H	1017	553
p-laktaat	mmol/l	L	120	74
p-laktaatti	mmol/l	A	1134	757
p-laktaatti	mmol/l	H	648	365
p-laktaatti	mmol/l	L	115	64
p-laktaatti	mmol/l	N	5845	2474
p-laktaatti		N	27	13
p-laktaattidehydrogenaasi	u/l	A	1121	368
p-laktaattipikahoitoyksiköt		A	37	30
p-lakthoi	mmol/l	A	6	6
p-lakthoi		A	36	34
p-lakveka	mmol/l	A	290	183
p-lam/m		N	31	28
p-larvvct		A	40	36
p-larvvct		N	2703	2147
p-ld	u/l	A	71811	18395
p-ld	u/l	H	26875	7286
p-ld	u/l	L	253	140
p-ld	u/l	N	38143	12724
p-ld		A	2727	1336
p-ld		H	514	357
p-ld		N	289	241
p-ldl-kolesteroli,lipidit,eipaasto	mmol/l	A	18	18
p-ldl-kolesteroli,lipidit,eipaasto	mmol/l	N	25	25
p-ldl-kolesteroli,suoramittaus	mmol/l	N	77	71
p-ldl-kolesteroli,suoramittaus		A	114	94
p-ldllaskennallinen	mmol/l	N	654	608
p-ldllaskennallinen		A	613	511
p-ldllaskennallinen		N	12	10
p-lh	u/l	A	683	518
p-lh	u/l	H	54	52
p-lh	u/l	L	15	15
p-lh	u/l	N	357	330
p-lh		A	304	246
p-lh		H	8	8
p-lh		L	10	10
p-lh		N	14	13
p-lh/fsh		N	44	43
p-lh:njafsh:nsuhde		N	35	34
p-lipidit		N	4854	3651
p-lipiditeipaast		N	13	13
p-lipoa1	g/l	A	32	28
p-lipoa1	g/l	L	9	9
p-lipoa1	g/l	N	11	11
p-lipob	g/l	A	21	20
p-lipob	g/l	H	10	10
p-lipob	g/l	N	9	9
p-lipob		H	6	6
p-lipob		N	18	17
p-lipoproteiini,apoa1	g/l	A	12	7
p-lipoproteiini,apob	g/l	A	18	11
p-lipoproteiini,apob/apoa1-suhde		A	8	8
p-luakptt	ratio	A	114	99
p-luakptt	ratio	N	19	19
p-luakptt		A	214	189
p-luakptt		H	23	21
p-luakptt		N	10	10
p-luakrvv	ratio	A	92	77
p-luakrvv	ratio	N	19	19
p-luakrvv		A	150	135
p-luakrvv		H	13	11
p-luakrw		N	9	9
p-lupusak		A	10	10
p-lupusak		N	145	131
p-lupusak.		A	27	25
p-lupusak.		N	2596	2103
p-lupusantikoagulantti		N	42	37
p-lupusantikoagulantti,aptt,varm.		N	32	28
p-lupusantikoagulantti,drvvt,varm.		N	36	32
p-luteinisoivahormoni	u/l	A	15	15
p-luteinisoivahormoni	u/l	H	9	7
p-luteinisoivahormoni	u/l	N	49	39
p-lutenisoivahormoni	u/l	H	9	8
p-lutenisoivahormoni	u/l	N	11	11
p-magnesium	mmol/l	A	507	237
p-magnesium	mmol/l	H	27	24
p-magnesium	mmol/l	L	37	24
p-magnesium	mmol/l	N	185	168
p-magnesium(ko)	mmol/l	N	8	8
p-magnesium,plasmasta	mmol/l	N	11	10
p-mb/ck		A	166	150
p-metanef		N	6	6
p-metanefriini	nmol/l	N	10	8
p-mg	mmol/l	A	49374	16045
p-mg	mmol/l	H	7450	4069
p-mg	mmol/l	HH	27	22
p-mg	mmol/l	L	17983	5850
p-mg	mmol/l	LL	199	115
p-mg	mmol/l	N	45489	19047
p-mg		A	2954	1556
p-mg		H	326	264
p-mg		L	695	385
p-mg		LL	36	26
p-mg		N	784	692
p-mitotan	mg/l	A	92	8
p-mitotan	mg/l	L	54	6
p-mitotan	mg/l	N	16	6
p-monab-o		A	15	15
p-monotest		N	20	20
p-myogl	ug/l	A	17432	7437
p-myogl	ug/l	H	7390	3148
p-myogl	ug/l	L	62	54
p-myogl	ug/l	N	2709	2086
p-myogl		A	714	478
p-myogl		H	160	109
p-myogl		L	65	52
p-myogl		N	43	42
p-myoglobiini	ug/l	A	356	212
p-mypa	mg/l	A	12	7
p-mypa	mg/l	N	402	177
p-mypa		N	26	21
p-na	mmol/l	A	1033621	159623
p-na	mmol/l	AA	19	13
p-na	mmol/l	H	73556	24341
p-na	mmol/l	HH	437	188
p-na	mmol/l	L	528089	72456
p-na	mmol/l	LL	7833	1428
p-na	mmol/l	N	1460699	212302
p-na		A	101820	32150
p-na		AA	12	12
p-na		H	7704	4736
p-na		HH	53	32
p-na		L	41835	14044
p-na		LL	537	215
p-na		N	84920	28675
p-na-pa	mmol/l	H	28	26
p-na-pa	mmol/l	L	27	24
p-na-pt	mmol/l	A	64	50
p-na-ses	mmol/l	A	155	61
p-na-veka	mmol/l	A	7176	3171
p-na-veka		A	31	29
p-na-vieri	mmol/l	L	36	30
p-na-vieri	mmol/l	N	60	56
p-na-vt	1	L	12	10
p-na-vt	1	N	26	19
p-na-vt	mmol/l	A	698	434
p-na-vt	mmol/l	N	119	79
p-na-vt		A	162	96
p-na-vt		N	256	109
p-na.	mmol/l	A	295	120
p-na:	mmol/l	A	266	119
p-nahoi	mmol/l	A	121	97
p-naka		L	6	6
p-nap	mmol/l	H	27	11
p-nap	mmol/l	L	91	39
p-nap	mmol/l	N	224	94
p-napika	mmol/l	A	95	76
p-natrium	mmol/l	A	17593	5170
p-natrium	mmol/l	H	508	365
p-natrium	mmol/l	L	4662	2097
p-natrium	mmol/l	LL	201	89
p-natrium	mmol/l	N	23012	12793
p-natrium		A	10	6
p-natrium		N	25	24
p-natrium,paikallisanalytiikka,kuivakemia	mmol/l	A	124	71
p-natrium,paikallisanalytiikka,kuivakemia	mmol/l	H	224	155
p-natrium,paikallisanalytiikka,kuivakemia	mmol/l	L	349	192
p-natrium,paikallisanalytiikka,kuivakemia	mmol/l	N	734	543
p-natrium,pikatutkimus(emmlisännyt)	mmol/l	N	51	39
p-natrium,vieritutkimus	mmol/l	A	66	40
p-natrium,vieritutkimus	mmol/l	L	14	7
p-natrium,vieritutkimus	mmol/l	N	108	78
p-natrium,vieritutkimus		N	17	16
p-natriumjakalium		N	14172	6060
p-natriumpika,hoitoyksiköt	mmol/l	H	36	28
p-natriumpika,hoitoyksiköt	mmol/l	L	98	73
p-natriureett.peptidin-termin.propept.vieritl	ng/l	H	107	70
p-natriureettinenpeptidi	ng/l	A	10	6
p-natriureettinenpeptidi	ng/l	H	11	9
p-natriureettinenpeptidi	ng/l	N	8	8
p-natriureettinenpeptidi,b-tyypin(32-)	ng/l	A	16	12
p-natriureettinenpeptidi,b-tyypin(32-)	ng/l	N	21	20
p-natriureettinenpeptidi,b-tyypin(32-)		N	7	7
p-natriureettinenpeptidi,b-tyypin(32-)(pi)	ng/l	N	14	14
p-natriureettinenpeptidi,b-tyypinn-termin.prop	ng/l	A	11	9
p-natriureettinenpeptidi,b-tyypinn-termin.prop	ng/l	N	69	57
p-natriureettinenpeptidi,b-tyypinn-termin.prop		N	10	9
p-natriureettinenpeptidi,b-tyypinn-termin.prop.	ng/l	A	14	6
p-natriureettinenpeptidi,b-tyypinn-terminaalin	ng/l	A	3190	1399
p-natriureettinenpeptidi,b-tyypinn-terminaalinenpropepti(ko)	ng/l	N	16	15
p-natriureettinenpeptidi,b-tyypinn-terminaalinenpropeptidi	ng/l	N	16	16
p-natriureettinenpeptidi,b-tyypinterminaalinenpropeptidi	ng/l	A	43	34
p-natriureettinenpeptidi,b-tyypinterminaalinenpropeptidi	ng/l	N	33	29
p-natriureettinenpeptidi,b-tyypinterminaalinenpropeptidi		N	13	13
p-natriureettinenpeptidi,b-tyypn-term.propeptidi	ng/l	A	887	556
p-nest-vt		N	453	195
p-neste-pika,p-k		H	9	9
p-neste-pika,p-k		L	35	23
p-neste-pika,p-k		N	198	106
p-neste-pika,p-krea		H	96	57
p-neste-pika,p-krea		L	18	17
p-neste-pika,p-krea		N	124	76
p-neste-pika,p-na		H	18	15
p-neste-pika,p-na		L	70	38
p-neste-pika,p-na		N	155	85
p-nestearvot,vieritutkimus		N	151	96
p-neurofilamentti,kevytketju	ng/l	N	6	6
p-nh4-ion	umol/l	A	581	124
p-nh4-ion		A	68	17
p-nkäs10		N	205	108
p-non-hdl		H	39	39
p-non-hdl		N	287	287
p-normet	nmol/l	A	10	7
p-ntprobnp	ng/l	A	1134	288
p-ntprobnp	ng/l	N	295	190
p-ntprobnp		A	119	36
p-ntprobnp		N	85	68
p-näytk10		N	60	22
p-ohbut	mmol/l	A	25	18
p-ohbutyr	mmol/l	A	533	203
p-ohbutyr	mmol/l	H	216	80
p-ohbutyr	mmol/l	HH	19	14
p-ohbutyr	mmol/l	N	37	33
p-ohbutyr		A	8	7
p-ohbutyr		N	83	63
p-omagluk,,potilasmittaringlukoosi		N	777	602
p-osmol	mosm/kgh2o	A	342	189
p-osmol		H	105	82
p-osmol		L	265	251
p-osmol		N	150	116
p-osmolaliteetti	mosm/kgh2o	A	27	25
p-pakk-si		N	29	25
p-pbmcbio		N	367	365
p-pbnp-lb	ng/l	A	1103	491
p-pbnp-lb		A	37	24
p-pbnp-o	ng/l	A	16	9
p-pbnp-o	ng/l	H	78	50
p-pbnp-o		H	12	11
p-pc	%	A	1326	1232
p-pc	%	H	508	478
p-pc	%	HH	11	11
p-pc	%	L	159	141
p-pc	%	N	1645	1546
p-pc		A	172	168
p-pc		H	7	7
p-pc		HH	15	15
p-pc		L	23	20
p-pc		N	33	33
p-pc-ag	%	A	6	6
p-pct	ng/ml	A	563	328
p-pct	ug/l	A	14354	7473
p-pct	ug/l	H	4151	2436
p-pct	ug/l	N	102	93
p-pct		A	1596	1000
p-pct		H	193	164
p-pct		N	82	76
p-pegtsh	mu/l	A	11	11
p-pepsin1		A	8	8
p-pepsin1/pepsin2-suhde		N	62	62
p-pg1/pg2		N	14	13
p-ph		A	33	24
p-ph		N	1532	1299
p-pi	mmol/l	A	37417	7177
p-pi	mmol/l	H	22074	4323
p-pi	mmol/l	L	9092	3602
p-pi	mmol/l	N	45624	11788
p-pi		A	2806	1058
p-pi		H	295	192
p-pi		L	312	233
p-pi		N	148	113
p-plab		A	6	6
p-plab		N	29	27
p-plasmanalbumiinikorjattukalsium	mmol/l	N	15	15
p-porf-o		N	36	34
p-poxvi		N	12	12
p-pp	pmol/l	A	13	9
p-pp	pmol/l	N	24	19
p-prbnp-vt	ng/l	A	19	15
p-prbnpvt	ng/l	A	83	68
p-prbnpvt		A	21	9
p-prealb	g/l	A	8042	4570
p-prealb	g/l	H	22	20
p-prealb	g/l	L	2239	1606
p-prealb	g/l	LL	39	36
p-prealb	g/l	N	534	439
p-prealb	mg/l	A	29	22
p-prealb	mg/l	L	34	31
p-prealb		A	675	482
p-prealb		L	519	425
p-prealb		N	173	144
p-prealbumiini	g/l	A	900	634
p-prealbumiini	g/l	N	7	7
p-prealbumiini		A	8	8
p-prl	mu/l	A	2331	1250
p-prl	mu/l	H	360	228
p-prl	mu/l	HH	20	11
p-prl	mu/l	L	48	33
p-prl	mu/l	N	627	553
p-prl	nmol/l	N	14	11
p-prl		A	595	412
p-prl		H	58	45
p-prl		HH	9	6
p-prl		L	14	14
p-pro-bnp	ng/l	A	432	124
p-pro-bnp	ng/l	N	283	173
p-pro-bnp		N	31	30
p-proaika	s	L	42	15
p-proaika	s	N	279	32
p-probnp	ng/l	A	135395	41573
p-probnp	ng/l	H	60060	21753
p-probnp	ng/l	N	27524	19040
p-probnp		A	14631	7033
p-probnp		H	7145	4102
p-probnp		HH	8	8
p-probnp		N	8485	6958
p-probnp(	ng/l	H	14	13
p-probnp(	ng/l	N	8	7
p-probnp(k	ng/l	A	105	70
p-probnp(ksks)	ng/l	A	349	156
p-probnp(pi)	ng/l	N	13	12
p-probnp(pika)	ng/l	H	85	49
p-probnp(pika)	ng/l	N	18	14
p-probnp(pika)		N	7	6
p-probnp-o	ng/l	H	7	6
p-probnp-osoitus	ng/l	H	16	12
p-probnp-osoitus		H	12	9
p-probnpv	ng/l	A	13	9
p-probnpviitasaari	ng/l	H	7	6
p-probnpvt	ng/l	A	175	76
p-probnpvt	ng/l	N	21	16
p-probnpvt		N	21	20
p-prokalsitoniini	ng/ml	A	31	23
p-prokalsitoniini	ng/ml	H	16	10
p-prokalsitoniini	ug/l	A	1154	732
p-prokalsitoniini	ug/l	H	675	420
p-prokalsitoniini	ug/l	N	22	21
p-prokalsitoniini,kvantitatiivinen	ug/l	A	107	82
p-prolaktiini	mu/l	A	90	71
p-prolaktiini	mu/l	H	14	14
p-prolaktiini	mu/l	N	114	114
p-prop	%	A	6	6
p-properdiini	%	N	12	12
p-prostataspesifantigeeni,sms-viestillätulos	ug/l	A	33	14
p-prostataspesifinenantigeeni	ug/l	A	896	458
p-prostataspesifinenantigeeni	ug/l	N	781	631
p-prostataspesifinenantigeeni		N	14	12
p-prostataspesifinenantigeeni(pi)	ug/l	N	71	50
p-prostataspesifinenantigeeni,kokonais	ug/l	A	7	6
p-prostataspesifinenantigeeni,kokonais	ug/l	H	89	62
p-prostataspesifinenantigeeni,kokonais	ug/l	N	66	54
p-prostataspesifinenantigeeni,suh.sis.paketin	%	A	9	8
p-prostataspesifinenantigeeni,suh.sis.paketin	%	N	11	11
p-prostataspesifinenantigeeni,suh.sis.paketin		N	111	76
p-prostataspesifinenantigeeni,suhde	%	A	97	73
p-prostataspesifinenantigeeni,suhde	%	L	10	9
p-prostataspesifinenantigeeni,suhde	%	N	133	112
p-prostataspesifinenantigeeni,suhde		N	413	313
p-prostataspesifinenantigeeni,suhde,plasmasta	%	A	47	36
p-prostataspesifinenantigeeni,vapaa	ug/l	N	118	90
p-prostataspesifinenantigeeni,vapaa		N	286	219
p-prostataspesifinenantigeeni,vapaa,osuus	%	A	33	25
p-prostataspesifinenantigeeni,vapaa,osuus		N	19	17
p-prostataspesifinenantigeeni,vapaa:totaali-suhde	%	N	19	15
p-prostataspesifinenantigeeni,vapaa:totaali-suhde		N	62	52
p-prostataspesifinenantigeeni,vapaajakokonais	ug/l	N	12	12
p-prostataspesifinenantigeenivapaanjakok.psa:	%	A	7	6
p-prostataspesifinenantigeenivapaanjakok.psa:	%	L	62	44
p-prot	g/l	A	139	64
p-prot	g/l	N	82	60
p-protc	%	A	31	31
p-protc	%	H	23	23
p-protc		A	6	6
p-protc		H	19	19
p-proteiinic	%	A	26	26
p-proteiinic	%	N	7	7
p-proteiinis,antigeeni,vapaa	%	A	11	11
p-proteiinis,antigeeni,vapaa	%	N	10	10
p-proteiinis,vapaa,antigeeni	%	N	9	9
p-ps	%	A	468	453
p-ps	%	H	18	18
p-ps	%	N	18	18
p-ps		A	119	116
p-ps		H	16	16
p-ps		L	29	29
p-ps-agv	%	A	370	335
p-ps-agv	%	H	156	151
p-ps-agv	%	L	145	134
p-ps-agv	%	N	1977	1843
p-ps-agv	form	N	7	6
p-ps-agv		A	43	41
p-ps-agv		L	18	16
p-ps-agv		N	35	34
p-psa	ug/l	A	49894	13084
p-psa	ug/l	H	21219	6330
p-psa	ug/l	HH	26	16
p-psa	ug/l	N	73578	29272
p-psa		A	7188	3836
p-psa		H	3510	1930
p-psa		N	28135	10438
p-psa,leikattupotilas	ug/l	N	7	7
p-psa,sädehoidettupotilas		N	8	8
p-psa-i	%	A	25	14
p-psa-suh	%	A	9192	3653
p-psa-suh	%	H	639	451
p-psa-suh	%	L	2044	1194
p-psa-suh	%	N	11518	6103
p-psa-suh	form	A	387	165
p-psa-suh	form	N	665	277
p-psa-suh	ug/l	H	11	7
p-psa-suh		A	1514	893
p-psa-suh		H	1148	708
p-psa-suh		L	410	280
p-psa-suh		N	16133	10344
p-psa-suhd	%	L	8	7
p-psa-t	ug/l	A	2085	467
p-psa-v	form	N	7	7
p-psa-v	ug/l	A	16	10
p-psa-v	ug/l	N	22802	13167
p-psa-v		N	5584	3475
p-psa-v/t	%	L	346	238
p-psa-v/t	%	N	82	76
p-psagen	ug/l	A	9	9
p-psagen		N	44	43
p-psamob	ug/l	A	57	21
p-psasäde	ug/l	A	27	24
p-pt	s	A	32	8
p-pthrp	pmol/l	A	42	35
p-pthrp	pmol/l	H	10	9
p-pthrp	pmol/l	N	10	10
p-pthrp		A	8	7
p-pthrp		N	81	79
p-punasoluvasta-aineet		N	5590	3797
p-punasoluvasta-aineet,seulonta(kval)		N	33	28
p-rasuraat	umol/l	A	129	45
p-rasuraat		A	94	41
p-rauta	umol/l	A	53	37
p-reniini,konsentraatio	mu/l	N	6	6
p-reniinm	mu/l	H	9	9
p-reniinm	mu/l	N	14	11
p-reninm	mu/l	A	1194	888
p-reninm	mu/l	H	389	271
p-reninm	mu/l	L	168	147
p-reninm	mu/l	N	1075	795
p-reninm		A	241	210
p-reninm		H	43	36
p-reninm		L	26	25
p-reninm		N	84	81
p-reumafa	iu/ml	A	28	26
p-reumafaktori	iu/ml	A	328	277
p-reumafaktori	iu/ml	H	76	70
p-reumafaktori	iu/ml	N	736	687
p-reumafaktori	u/ml	N	62	61
p-reumafaktori		A	22	22
p-reumafaktori		N	2790	2466
p-reumafaktori(pi)		N	44	43
p-reumafaktori,määritys	iu/ml	A	203	171
p-reumafaktori,määritys	iu/ml	N	306	293
p-reumafaktori,määritys		N	992	880
p-reumafaktori,plasmasta	iu/ml	A	41	37
p-reumafaktori,rf	iu/ml	H	187	156
p-rf	iu/ml	A	3869	3159
p-rf	iu/ml	H	1577	1317
p-rf	iu/ml	N	491	474
p-rf	u/ml	A	513	445
p-rf	u/ml	N	42	41
p-rf		A	1043	881
p-rf		H	1482	1234
p-rf		N	10900	10169
p-rvvt-l		N	33	30
p-sc5b-9	ng/ml	N	7	7
p-se	umol/l	A	194	123
p-se	umol/l	H	102	58
p-se	umol/l	N	165	113
p-se		H	65	61
p-se		N	69	63
p-shbg	nmol/l	A	160	104
p-shbg	nmol/l	N	17	8
p-shbg		A	237	156
p-sinkki	umol/l	N	9	9
p-sit3.1		N	23	11
p-sitr3.8		N	104	36
p-sldl	mmol/l	A	68	37
p-sldl	mmol/l	H	967	464
p-sldl	mmol/l	N	1876	662
p-sldl		H	36	35
p-sldlviitasaari	mmol/l	H	28	28
p-sldlviitasaari	mmol/l	N	72	70
p-sterol		N	40	23
p-sukupuolihormonejasitovaglobuliini	nmol/l	A	49	38
p-sukupuolihormonejasitovaglobuliini	nmol/l	N	74	70
p-supar	ug/l	H	28	26
p-supar		H	7	6
p-sytomegalovirus,nukleiinihappo(kvant)	iu/ml	A	29	8
p-t3-v	pmol/l	A	6200	3152
p-t3-v	pmol/l	H	2462	1261
p-t3-v	pmol/l	L	484	349
p-t3-v	pmol/l	N	17267	6952
p-t3-v		A	981	637
p-t3-v		H	217	161
p-t3-v		L	88	77
p-t3-v		N	397	230
p-t3-vver	pmol/l	A	19	12
p-t4-v	pmol/l	A	43809	20178
p-t4-v	pmol/l	AA	9	7
p-t4-v	pmol/l	H	7374	3979
p-t4-v	pmol/l	HH	239	139
p-t4-v	pmol/l	L	6332	3912
p-t4-v	pmol/l	LL	26	24
p-t4-v	pmol/l	N	244533	101162
p-t4-v		A	11153	6226
p-t4-v		H	1838	1191
p-t4-v		HH	8	8
p-t4-v		L	1412	964
p-t4-v		LL	88	73
p-t4-v		N	51531	23634
p-t4-vver	pmol/l	A	27	10
p-t4-vver	pmol/l	N	24	23
p-t4v	pmol/l	A	1409	817
p-t4v	pmol/l	H	2152	1117
p-t4v	pmol/l	L	1036	618
p-t4v	pmol/l	LL	11	10
p-t4v	pmol/l	N	630	468
p-t4v		A	546	348
p-t4v		H	688	419
p-t4v		L	489	305
p-tati	ug/l	N	22	21
p-tau-217	ng/l	H	70	69
p-tau-217	ng/l	N	43	43
p-tau-217		A	12	12
p-tau-proteiini,217-fosforyloitu	ng/l	A	10	10
p-tau-proteiini,217-fosforyloitu		H	8	7
p-tau-proteiini,217-fosforyloitu		N	7	7
p-tffesat	%	A	216	147
p-tffesat	%	H	41	33
p-tffesat	%	L	395	303
p-tfr	mg/l	A	30908	16994
p-tfr	mg/l	H	15613	9021
p-tfr	mg/l	L	395	328
p-tfr	mg/l	N	35471	23625
p-tfr		A	10742	6712
p-tfr		H	2970	2016
p-tfr		L	351	321
p-tfr		N	11652	9131
p-tkfiddo	mg/l	A	64	55
p-tkfiddo	mg/l	N	108	82
p-tkfiddo		A	60	51
p-tkfiddo		N	100	97
p-tni	ng/l	A	38073	10825
p-tni	ng/l	H	32510	8877
p-tni	ng/l	N	64798	24739
p-tni	ug/l	A	12392	3563
p-tni	ug/l	N	64	55
p-tni		A	2796	1059
p-tni		H	391	213
p-tni		N	16716	9484
p-tni-o	ng/l	H	22	20
p-tni-o		N	146	125
p-tni-vt		N	17	15
p-tni.	ug/l	A	12	9
p-tnih	ng/l	A	622	210
p-tnl	ng/l	A	34	20
p-tnl	ug/l	H	21	14
p-tnl	ug/l	N	158	96
p-tnt	ng/l	A	207381	51224
p-tnt	ng/l	H	26241	9269
p-tnt	ng/l	N	16797	10671
p-tnt	ug/l	A	55	41
p-tnt	ug/l	N	17	16
p-tnt		A	11996	5556
p-tnt		H	7607	3451
p-tnt		N	8220	6140
p-tnt(pi)		N	12	9
p-tnt,hoitoyksikkö		N	32	29
p-tnt-hy	ng/l	H	46	36
p-tnt-lb	ng/l	A	115	56
p-tnt-lb		A	69	43
p-tnt-o	form	N	29	12
p-tnt-o	ng/l	A	269	145
p-tnt-o	ng/l	H	1001	603
p-tnt-o	ng/l	N	44	42
p-tnt-o		A	9	8
p-tnt-o		H	200	114
p-tnt-o		N	1884	1468
p-tnt-pt	ng/l	A	59	43
p-tnt-vt	ng/l	A	832	389
p-tnt-vt	ng/l	N	24	16
p-tnt-vt		A	20	13
p-tnt-vt		N	841	503
p-tntp	ng/l	N	8	8
p-tntp		N	50	36
p-tntpika	ng/l	A	31	26
p-tntpika		A	12	11
p-tntpika		N	173	136
p-tpoab	iu/ml	A	9	7
p-tpoab	u/ml	A	1204	1005
p-tpoab	u/ml	H	310	270
p-tpoab	u/ml	N	165	155
p-tpoab		A	348	303
p-tpoab		H	18	17
p-tpoab		N	667	626
p-traa	%	N	11	11
p-tradp	%	N	9	9
p-traika	s	A	17	16
p-traispr		N	6	6
p-transferriininkyllästymisaste	%	L	25	19
p-transferriininkyllästymisaste	%	N	69	60
p-transferriininrautakyllästeisyys	%	A	75	67
p-transferriininrautakyllästeisyys	%	N	61	56
p-transferriininrautakyllästeisyys,fp-fe/tr,fp-fe/tran,fp-fe/trans	%	H	7	7
p-transferriininrautakyllästeisyys,fp-fe/tr,fp-fe/tran,fp-fe/trans	%	L	123	108
p-transferriininreseptori,liukoinen	mg/l	A	11	9
p-transferriininreseptori,liukoinen	mg/l	N	25	23
p-transferriinireseptori	mg/l	A	444	294
p-transferriinireseptori	mg/l	N	26	21
p-transferriinireseptori		N	24	21
p-transferriinireseptori,liukoinen	mg/l	A	428	329
p-transferriinireseptori,liukoinen(pi)	mg/l	N	10	8
p-transferriinisaturaatio	%	N	8	7
p-trigly	mmol/l	A	24791	14832
p-trigly	mmol/l	H	15643	10283
p-trigly	mmol/l	N	83431	53025
p-trigly		A	1378	1112
p-trigly		H	8668	5217
p-trigly		N	37184	19430
p-triglyseridit	mmol/l	A	617	533
p-triglyseridit	mmol/l	N	657	553
p-trijodityroniini,vapaa	pmol/l	A	34	20
p-trijodityroniini,vapaa	pmol/l	H	7	6
p-trijodityroniini,vapaa	pmol/l	N	295	212
p-trijodityroniini,vapaa(pi)	pmol/l	N	10	7
p-trijodityroniini,vapaa,plasmasta	pmol/l	A	56	26
p-trijodityroniini,vapaa,plasmasta	pmol/l	N	29	26
p-trkoll	%	N	6	6
p-trkoll		N	10	9
p-trlta		N	19	16
p-trombai	s	A	4206	1977
p-trombai	s	H	3361	1545
p-trombai	s	L	289	225
p-trombai	s	N	10825	5675
p-trombai		A	744	296
p-trombai		H	650	242
p-trombai		L	20	17
p-trombai		N	249	129
p-trombiiniaika	s	A	25	19
p-trombiiniaika	s	N	12	12
p-trombiiniaika(huslab)	s	A	8	8
p-trombiiniaika(huslab)	s	N	33	33
p-tromboblastiiniaika	%	A	188	125
p-tromboositaipumuksenselvittely		N	11	11
p-tromboplastiiniaika	%	A	721	473
p-tromboplastiiniaika	%	L	7	6
p-tromboplastiiniaika	%	N	67	63
p-tromboplastiiniaika		A	37	26
p-tromboplastiiniaika		N	230	40
p-tromboplastiiniaika,-tulostus	%	L	9	6
p-tromboplastiiniaika,aktivoitu,partiaalinen	s	A	249	192
p-tromboplastiiniaika,aktivoitu,partiaalinen	s	N	29	28
p-tromboplastiiniaika,aktivoitu,partiaalinen(huslab)	s	N	7	7
p-tromboplastiiniaika,inr	inr	A	20	17
p-tromboplastiiniaika,inr	inr	N	19	10
p-tromboplastiiniaika,inr		A	128	66
p-tromboplastiiniaika,inr		N	18	9
p-tromboplastiiniaika,inr,tt		H	596	156
p-tromboplastiiniaika,inr,tt		HH	10	8
p-tromboplastiiniaika,inr,tt		L	2738	1145
p-tromboplastiiniaika,inr-tulos	1	H	420	203
p-tromboplastiiniaika,inr-tulos	1	HH	8	7
p-tromboplastiiniaika,inr-tulos	1	L	876	408
p-tromboplastiiniaika,inr-tulos	1	N	4538	517
p-tromboplastiiniaika,inr-tulos	inr	A	3970	492
p-tromboplastiiniaika,inr-tulos		A	938	233
p-tromboplastiiniaika,inr-tulos		H	387	202
p-tromboplastiiniaika,inr-tulos		HH	17	16
p-tromboplastiiniaika,inr-tulos		L	675	356
p-tromboplastiiniaika,inr-tulos		N	3589	531
p-tromboplastiiniaika,inr-tulostus	1	A	16	6
p-tromboplastiiniaika,inr-tulostus	inr	H	12	6
p-tromboplastiiniaika,inr-tulostus	inr	L	13	12
p-tromboplastiiniaika,inr-tulostus	inr	N	67	19
p-tromboplastiiniaika,inr-tulostus		A	13810	5178
p-tromboplastiiniaika,inr-tulostus		H	112	36
p-tromboplastiiniaika,inr-tulostus		L	153	48
p-tromboplastiiniaika,inr-tulostus		N	6437	586
p-tromboplastiiniaika,inr-tulostus,pikatutkimus	inruikk|	A	8	8
p-tromboplastiiniaika,inr-tulostus,pikatutkimus	inruikkã¶	L	26	25
p-tromboplastiiniaika,inr-tulostus,pikatutkimus	inruikkã¶	N	11	6
p-tromboplastiiniaika,inr-tulostus,vieritutkimus	inr	A	101	99
p-tromboplastiiniaika,inr-tulostus,vieritutkimus		A	49	18
p-tromboplastiiniaika,inr-tulostus,vieritutkimus		N	14	11
p-tromboplastiiniaika,inrtulostus		N	201	25
p-tromboplastiiniaika,normotest	%	A	19	16
p-tromboplastiiniaika,nycotest,pt,inr-tuloste	inr	A	33	6
p-tromboplastiiniaika,plasmasta	%	N	10	9
p-tromboplastiiniaika,thrombotest(huslab)	%	A	9	9
p-tromboplastiiniaika,thrombotest(huslab)	%	N	31	31
p-tromboplastiiniaika-pika,inrpika-tulos		A	299	288
p-tromboplastiiniaika-pika,inrpika-tulos		N	32	28
p-tromboplastiiniaika-pika,inrpika-tulostus		A	7	7
p-tromboplastiiniaika.	%	A	10	10
p-tromboplastiiniaikainr-tulos,vieritutkimus		A	21	21
p-trombot		A	12	12
p-trombot		N	1808	1662
p-troponiini	ng/l	A	37	30
p-troponiini	ng/l	N	14	14
p-troponiini-t	ng/l	A	12	10
p-troponiinii	ng/l	A	1905	702
p-troponiinii(pi)		N	8	7
p-troponiinii,herkkä	ng/l	A	88	48
p-troponiinii,plasmasta		N	25	23
p-troponiinit	ng/l	A	5349	2348
p-troponiinit	ng/l	H	163	74
p-troponiinit	ng/l	N	569	483
p-troponiinit		A	111	92
p-troponiinit		N	263	240
p-troponiinit(kval)	ng/l	A	32	22
p-troponiinit(kval)	ng/l	N	6	6
p-troponiinit(kval),pika		N	14	14
p-troponiinit,kvantitatiivinen	ng/l	A	724	266
p-troponiinit,kvantitatiivinen(ko)		N	6	6
p-troponiinit,pikatutkimus	ng/l	A	29	15
p-troponiinit,pikatutkimus	ng/l	H	17	12
p-troponiinit,pikatutkimus	ng/l	N	6	6
p-troponiinit,pikatutkimus		N	138	115
p-troponiinit,vieritesti	ng/l	A	7	7
p-troponiinit,vieritesti	ng/l	H	42	27
p-troponiinit,vieritutkimus	ng/l	A	22	15
p-troponiinit,vieritutkimus		N	106	92
p-troponiinit:nosoituskoe	ng/l	H	43	39
p-troponiinit:nosoituskoe		N	426	358
p-tropt		N	6	6
p-troptkon		A	206	130
p-troptkone	ng/l	N	9	6
p-troptkone		N	41	35
p-trristo	%	N	10	9
p-trtrap	%	N	7	7
p-tsh	miu/l	A	5445	2051
p-tsh	miu/l	N	15260	5185
p-tsh	mlu/l	A	944	278
p-tsh	mlu/l	N	3761	1240
p-tsh	mu/l	A	142899	47735
p-tsh	mu/l	H	41676	17591
p-tsh	mu/l	HH	63	36
p-tsh	mu/l	L	36023	14303
p-tsh	mu/l	N	300955	129330
p-tsh		A	63197	24020
p-tsh		H	11457	6513
p-tsh		L	17176	7885
p-tsh		N	58905	28827
p-tsheri	mu/l	A	46	36
p-tshver	mu/l	N	28	27
p-tshver		A	7	6
p-tt	%	A	63993	22926
p-tt	%	H	11381	6523
p-tt	%	L	63208	18874
p-tt	%	N	164796	57032
p-tt	form	N	7	6
p-tt		A	2130	1465
p-tt		H	880	677
p-tt		L	1285	740
p-tt		N	343	318
p-tt-	%	A	320	109
p-tt-		A	23	11
p-tt-in		N	26	17
p-tt-inr	1	A	8	7
p-tt-inr	form	A	1733	239
p-tt-inr	form	H	84	37
p-tt-inr	form	L	214	116
p-tt-inr	form	N	21821	486
p-tt-inr	inr	A	139075	11752
p-tt-inr	inr	AA	26	20
p-tt-inr	inr	H	15078	2142
p-tt-inr	inr	L	508	394
p-tt-inr	inr	N	17369	7884
p-tt-inr		A	524032	119309
p-tt-inr		H	78747	5594
p-tt-inr		HH	432	309
p-tt-inr		L	92015	28105
p-tt-inr		N	137909	12327
p-tt-inrp		N	158	21
p-tt-inrqc	inr	A	759	155
p-tt-inrqc		A	174	61
p-tt-inrqc		H	70	16
p-tt-spa	%	A	120	104
p-tt-spa	%	N	9	9
p-tt-spa		A	28	28
p-tt-spa		N	6	6
p-tt-spr	%	A	115	108
p-tt-spr		A	21	21
p-tt.	%	A	694	618
p-tt.	%	H	284	274
p-tt.	%	L	315	291
p-tt.	%	N	1698	1577
p-tt.		A	56	55
p-tt.		H	38	38
p-tt.		L	25	24
p-tt.		N	21	20
p-ttinrspr	inr	N	6	6
p-ttr		L	6	6
p-ttspr	%	A	7	6
p-tyreoideaperoksidaasi,vasta-aineet	u/ml	A	31	28
p-tyreoideaperoksidaasi,vasta-aineet		A	8	8
p-tyreoideaperoksidaasi,vasta-aineet		N	12	12
p-tyreotropiini	miu/l	A	30	18
p-tyreotropiini	miu/l	N	297	184
p-tyreotropiini	mu/l	A	3249	1825
p-tyreotropiini	mu/l	H	882	614
p-tyreotropiini	mu/l	L	391	299
p-tyreotropiini	mu/l	N	10158	7810
p-tyreotropiini		A	570	299
p-tyreotropiini		L	63	43
p-tyreotropiini(ko)	mu/l	A	10	8
p-tyreotropiini(ko)	mu/l	N	208	163
p-tyreotropiini(ko)		A	18	14
p-tyreotropiini(pi)	mu/l	A	27	19
p-tyreotropiini(pi)	mu/l	N	143	122
p-tyreotropiini,plasmasta,erimenetelmällä	mu/l	A	12	10
p-tyroksiini,vapaa	pmol/l	A	973	677
p-tyroksiini,vapaa	pmol/l	H	235	199
p-tyroksiini,vapaa	pmol/l	L	133	104
p-tyroksiini,vapaa	pmol/l	N	13319	9493
p-tyroksiini,vapaa		A	17	15
p-tyroksiini,vapaa(ko)	pmol/l	N	211	153
p-tyroksiini,vapaa(pi)	pmol/l	N	112	87
p-uraat	mmol/l	A	467	246
p-uraat	mmol/l	H	185	113
p-uraat	mmol/l	L	30	18
p-uraat	mmol/l	N	1266	813
p-uraat	umol/l	A	45424	17658
p-uraat	umol/l	H	18091	9008
p-uraat	umol/l	L	2989	1624
p-uraat	umol/l	N	38021	21697
p-uraat		A	8700	4738
p-uraat		H	4381	2747
p-uraat		L	557	403
p-uraat		N	4350	3265
p-uraatlä	umol/l	A	44	9
p-uraatti	umol/l	A	1616	1160
p-uraatti	umol/l	H	232	138
p-uraatti	umol/l	L	22	21
p-uraatti	umol/l	N	867	702
p-uraatti,plasma(umol/l)	umol/l	A	40	27
p-uraatti,rasburikaasihoidonyhteydessä	umol/l	A	36	15
p-uraatti,rasburikaasihoidonyhteydessä		A	25	14
p-urarasb	umol/l	A	130	48
p-urarasb	umol/l	L	131	53
p-urarasb	umol/l	N	47	28
p-urarasb		A	261	49
p-urarasb		L	180	61
p-urat	umol/l	A	66	38
p-urat	umol/l	N	111	76
p-urea	mmol/l	A	66164	8210
p-urea	mmol/l	H	47451	7334
p-urea	mmol/l	HH	19	11
p-urea	mmol/l	L	2114	1146
p-urea	mmol/l	N	20553	7861
p-urea		A	3141	1022
p-urea		H	825	422
p-urea		L	205	125
p-urea		N	255	209
p-urea,resirkulaatio	mmol/l	N	56	53
p-urea-dj	mmol/l	N	1932	325
p-urea-dj		N	57	33
p-urea-ed	mmol/l	A	168	12
p-urea-jd	mmol/l	A	37	10
p-varmtr	s	N	942	759
p-varmtr		N	62	60
p-varmtt	%	N	949	763
p-varmtt		N	55	55
p-veriryhm{vasta-aineet,seulonta		N	12	9
p-veriryhmävasta-aine,seulonta		A	125	15
p-veriryhmävasta-aineet,seulonta		N	490	290
p-viskos	mpas	A	96	48
p-viskos		A	21	14
p-viskos		H	62	27
p-viskos		N	90	79
p-viskositeetti	mpas	A	29	6
p-vonwillebrand-tekijä,aktiivisuus(t)	%	A	35	14
p-vonwillebrand-tekijä,aktiivisuus(t)	%	N	86	26
p-vprobnp	ng/l	A	96	34
p-vrab-0		A	8	6
p-vrab-0		N	846	435
p-vrab-o		A	3983	1620
p-vrab-o		N	3473	2216
p-vuotot		N	328	305
p-vwf-ag	%	A	706	376
p-vwf-ag	%	H	514	338
p-vwf-ag	%	L	143	43
p-vwf-ag	%	N	775	497
p-vwf-ag		A	39	27
p-vwf-ag		N	6	6
p-vwf-akt	%	A	763	429
p-vwf-akt	%	H	380	269
p-vwf-akt	%	L	191	58
p-vwf-akt	%	N	920	569
p-vwf-akt		A	83	49
p-vwf-akt		H	55	43
p-vwf-akt		N	18	16
p-vwf-aktt	%	A	66	48
p-vwf-aktt		A	12	8
p-vwf-ty		N	32	28
p-vwf2n		N	12	12
p-vwfcb	%	A	36	24
p-vwfcb	%	L	10	7
p-vwfcb	%	N	13	12
p-vwfpaiv	%	A	50	10
p-vzvnho		A	8	6
p-vzvnho		N	17	16
p-zn	umol/l	A	620	464
p-zn	umol/l	H	47	31
p-zn	umol/l	L	113	86
p-zn	umol/l	N	930	680
p-zn		A	46	25
p-zn		H	13	12
p-zn		L	7	7
p-zn		N	74	71
p.-trombai	s	A	471	464
p.-trombai	s	H	175	170
p.-trombai	s	L	136	135
p.-trombai	s	N	1892	1734
p.-trombai		A	29	28
p.-trombai		H	19	19
p.-trombai		L	27	27
p.-trombai		N	16	15
paastoplasmankalsium-ioni,aktuaali	mmol/l	N	10	9
paastoseeruminkalsium-ioni.	mmol/l	H	80	60
paastoseeruminkalsium-ioni.	mmol/l	L	111	65
paastoseeruminkalsium-ioni.	mmol/l	N	382	293
paastoseeruminkalsium-ioni.aktuaali	mmol/l	N	8	8
paastoseeruminph		N	8	8
pad		N	387	257
padkolo		N	8	8
pakettib-hba1c	mmol/mol	N	33	33
pakettib-hba1c		N	8	8
pakettib-la	mm/h	N	13	13
pakettib-la		N	16	16
pakettib-perusverenkuvajatrombosyytit,paketti	form	N	35	34
pakettifs-kreatiniini	umol/l	N	18	18
pakettifs-lipidit	form	N	21	21
pakettifs-lipidit		N	14	14
pakettis-alaniiniaminotransferaasi	u/l	N	35	34
pakettis-b12-vitamiini	pmol/l	A	9	9
pakettis-b12-vitamiini	pmol/l	N	31	30
pakettis-ca-albk	mmol/l	N	13	13
pakettis-d-25	nmol/l	N	30	30
pakettis-d-25		N	6	6
pakettis-ferritiini	ug/l	N	15	14
pakettis-glutamyylitransferaasi	u/l	A	8	8
pakettis-glutamyylitransferaasi	u/l	N	29	28
pakettis-k	mmol/l	N	33	33
pakettis-k		N	8	8
pakettis-na	mmol/l	N	32	32
pakettis-na		N	9	9
pakettis-psa	ug/l	N	11	10
pakettis-testosteroni	nmol/l	N	11	10
pakettis-tsh	mu/l	N	27	27
pakettis-tsh		N	6	6
pakettis-tyroksiini,vapaa	pmol/l	N	35	35
paksuneulabiopsianhistologinentutkimus		A	81	80
palmitiinihappo	%	N	315	255
palmitoleiinihappo	%	N	315	255
papa		N	1120	607
papillomaviruksenosoittaminennukleiinihappote		N	23	23
papilloomavirus(hpv),suurenriskin,mrna-osoitus		A	183	125
papilloomavirus(hpv),tyypitys		A	23	23
papilloomavirus,nukleiinihappo(kval)		A	11	10
papilloomavirus,nukleiinihappo(kval)		N	23	23
papilloomavirus,nukleiinihappo,(kval)		A	30	20
papilloomavirus,seulonta		A	34	31
papiloomavirusseulonta		A	195	195
pappakmom		N	4342	3934
parainfluenssa,tyypit1-3,va:t(cf)/virus,laaja	titre	N	6	6
parasiitit,ulosteesta(alkueläintenkystat,madot,madonmunat,toukat)		A	8	6
parasiitituloste		N	8	8
parathormoni	pmol/l	N	6	6
parathormoni,plasmasta,paastotilassa	ng/l	A	1163	411
parathormoni,plasmasta,paastotilassa	ng/l	H	90	51
parechovirus,nukleiinihappo(kval),likvori		N	12	11
patologiankonsultaatio		A	10	10
patologiankonsultaatio,ulkopuolinen		A	17	16
patologiankonsultaatiopyyntö,valmisnäyte		A	7	6
patologianlisälausunto		N	19	19
patologisetlieriöt		N	97	80
paxgene		N	39	25
pcna-vasta-aineet		N	6	6
pd-baktvi		A	73	38
pd-baktvi		N	119	53
pd-diffi		N	13	9
pd-eryt		N	13	9
pd-gluk	mmol/l	N	98	20
pd-krea	umol/l	N	96	19
pd-leuk	e6/l	A	258	13
pd-leuk		N	578	79
pd-leuk.		N	13	9
pd-prot	g/l	A	197	30
pd-solut		N	14	10
pd-urea	mmol/l	N	96	19
peak		L	31	31
pef	ml	N	10	10
pef		N	46	35
pef-mittaus		N	20	20
pekaanipähkinä(f201),igevas		N	11	11
pemfigoidi,bp180-antigeeni,vasta-aineet,seerumista	u/ml	A	13	6
penicilliumspeciesige	u/ml	N	15	15
pepsin1/pepsin2suhde(osatutk)		N	7	7
perinnöllinenrinta-jaovariosyöpäalttius,perusgeenipaneelings-menetelmällä		N	22	22
peritoneaalinesteenirtosolututkimus		A	8	8
persikka	u/ml	A	7	6
perusterveyspakettialat	u/l	N	259	218
perusterveyspakettigluk	mmol/l	N	258	217
perusterveyspakettigt	u/l	N	258	218
perusterveyspakettihdl-kol	mmol/l	N	259	218
perusterveyspakettikol	mmol/l	N	259	218
perusterveyspakettikrea	umol/l	N	258	217
perusterveyspakettilowdensitylipoprot	mmol/l	N	256	216
perusterveyspakettitrigly	mmol/l	N	259	218
perustutkimus,esitiedot		N	957	717
perustutkimus,esitiedot(360u-tutkesi)		N	266	202
perustutkimus,esitiedot(u-tutkesi)		N	655	486
perusverenkuva+trombosyy		N	61	40
perusverenkuvajatrombosyytit		N	5088	3054
perusverenkuvajatrombosyytit(2474b-pvk)		N	699	573
perusverenkuvajatrombosyytit(b-pvk)		N	2600	1609
perusverenkuvajatrombosyytit(pvk)	paketti	N	7	7
perusverenkuvajatrombosyytit(pvk)		N	2190	1531
perusverenkuvatth		N	63	61
pf-/p-ld		A	20	18
pf-/s-prot		A	21	18
pf-ace	u/l	N	41	39
pf-ace		N	28	28
pf-ada	u/l	N	782	674
pf-ada		N	11	11
pf-ada/s-ada		A	34	30
pf-ada/s-ada		N	87	80
pf-bakteeri,värjäys		N	20	20
pf-c3	g/l	N	6	6
pf-cea	ug/l	N	42	40
pf-cea		N	43	42
pf-chylus		N	39	30
pf-diffi		N	1706	1197
pf-eryt	e6/l	A	121	88
pf-eryt	e6/l	N	35	33
pf-eryt		N	2065	1452
pf-gluk	mmol/l	A	438	364
pf-gluk	mmol/l	H	56	51
pf-gluk	mmol/l	N	1401	1142
pf-gluk		A	13	13
pf-gluk		N	45	41
pf-gran	%	A	69	59
pf-happamuusaste		A	76	61
pf-happamuusaste		L	23	20
pf-happamuusaste		N	22	20
pf-kol	mmol/l	H	21	20
pf-l/liusk	%	A	39	33
pf-l/yksit	%	A	39	33
pf-laktaat	mmol/l	A	332	276
pf-laktaat	mmol/l	H	33	32
pf-laktaat	mmol/l	N	23	23
pf-laktaat		A	27	26
pf-laktaatti	mmol/l	A	63	53
pf-laktaatti	mmol/l	N	59	52
pf-laktaatti,päivystystutkimus	mmol/l	A	24	21
pf-laktaatti,päivystystutkimus	mmol/l	H	15	14
pf-laktaatti,päivystystutkimus	mmol/l	N	11	7
pf-laktteh	mmol/l	A	18	15
pf-ld	u/l	A	21	18
pf-ld	u/l	N	880	718
pf-ld		N	20	19
pf-leuk	e6/l	A	899	734
pf-leuk	e6/l	H	70	64
pf-leuk	e6/l	HH	10	10
pf-leuk	e6/l	L	18	15
pf-leuk	e6/l	N	202	165
pf-leuk	e9/l	H	11	11
pf-leuk		A	12	11
pf-leuk		N	1672	1165
pf-leukosyytit,liuskatumaiset	%	A	26	22
pf-leukosyytit,liuskatumaiset	%	H	20	16
pf-leukosyytit,liuskatumaiset		A	6	6
pf-leukosyytit,yksitumaiset	%	A	26	22
pf-leukosyytit,yksitumaiset	%	L	20	16
pf-leukosyytit,yksitumaiset		A	6	6
pf-liuskat	%	A	28	25
pf-lzm	mg/l	N	30	30
pf-mononukleaarisetvalkosolut	%	N	54	47
pf-neut	%	A	30	24
pf-ph		A	171	143
pf-ph		L	45	41
pf-ph		N	349	322
pf-pleuranesteenirtosolututkimus		A	17	16
pf-polymorfonukleaarisetvalkosolut	%	N	54	47
pf-prot	g/l	A	1873	1385
pf-prot	g/l	H	99	85
pf-prot	g/l	N	1440	1046
pf-prot		A	15	13
pf-prot		N	305	265
pf-proteiini	g/l	A	11	9
pf-rf	iu/ml	A	18	14
pf-sameus		A	105	79
pf-sameus,pleuranesteestä		A	7	6
pf-solut		N	1737	1218
pf-syto		A	33	29
pf-syto		AA	820	641
pf-syto		N	918	677
pf-trigly	mmol/l	A	14	10
pf-trigly	mmol/l	N	6	6
pf-un�k�-o		N	1673	1162
pglukoosi,0-näyte	mmol/l	A	10	8
pglukoosi,0-näyte	mmol/l	N	7	7
ph		A	1315	648
ph		N	2664	1936
ph(akt)	ph	N	701	546
ph,ca-ionosatutkimus	1	N	31	25
ph,ca-ionosatutkimus		N	22	20
ph,seerumista		N	198	154
ph,seerumista,osatutk		A	249	141
phadiatop	u/ml	A	364	355
phadiatop		A	360	347
phadiatop		N	7	7
phaptoglobiini	g/l	N	15	14
pienetepiteelisolut	e6/l	H	9	9
pienetepiteelisolut	e6/l	N	246	228
pienetepiteelisolut		N	331	280
pienikudoskoepala,enintään1-3samankokonaisuudennäytettä		A	20	19
pika-crp	mg/l	H	993	381
pika-crp	mg/l	N	362	223
pika-crp		A	127	88
pika-crp		H	60	41
pika-crp		N	624	315
pika-crp(pikatesti)	mg/l	N	7	6
pika-crp-o	mg/l	H	857	383
pika-crp-o	mg/l	N	239	173
pika-crp-o		A	23	19
pika-crp-o		H	21	18
pika-crp-o		N	557	357
pika-ghb-a	mmol/mol	H	18	12
pika-ghb-a	mmol/mol	N	6	6
pika-ghb-a,pika-ghb-a1c	%	H	170	50
pika-ghb-a,pika-ghb-a1c	%	N	46	22
pika-ghb-a,pika-hba1c	mmol/mol	H	171	51
pika-ghb-a,pika-hba1c	mmol/mol	N	44	22
pika-ghb-a1c,pika-ghb-a1c	%	H	268	63
pika-ghb-a1c,pika-ghb-a1c	%	N	41	30
pika-ghb-a1c,pika-hba1c	mmol/mol	H	264	64
pika-ghb-a1c,pika-hba1c	mmol/mol	N	39	28
pika-gluk	mmol/l	N	26	12
pika-hb		A	19	12
pika-hba1c	mmol/mol	H	30	18
pika-hba1c	mmol/mol	N	7	7
pika-inr		H	16	8
pika-inr		L	23	8
pika-inr		N	196	19
pikacovid-19-koronavirustauti,nukleiinihappo(kval),(-ncovnho)		N	10	6
pikacrp	mg/l	A	94	57
pikacrp	mg/l	N	480	184
pikacrp		N	28	26
pikainr		L	20	7
pikatesti,c-reaktiivinenproteiini	mg/l	A	221	145
pikornavirus,nukleiinihappo(kval)		A	9	8
pin1nho		A	13	12
pin3nho		A	69	37
pintamärkä,iho		A	11	11
pistaasi(f203),igevasta-ain		N	9	9
pl-12-ab(ib)		N	26	26
pl-7-ab(ib)		N	26	26
pl-pad		N	258	255
plasmanalbumiini	g/l	A	6	6
plasmanalbumiini	g/l	N	6	6
plasmanbilirubiini	umol/l	N	50	40
plasmanc-reaktiivinenproteiiniosoitus	mg/l	A	251	188
plasmanc-reaktiivinenproteiiniosoitus	mg/l	H	2180	1311
plasmanc-reaktiivinenproteiiniosoitus	mg/l	N	581	520
plasmanc-reaktiivinenproteiiniosoitus		A	6	6
plasmanc-reaktiivinenproteiiniosoitus		H	64	56
plasmanc-reaktiivinenproteiiniosoitus		N	1852	1493
plasmanglukoosi(k)	mmol/l	H	19	19
plasmanglukoosi(k)	mmol/l	N	34	33
plasmangt(k)	u/l	H	54	34
plasmangt(k)	u/l	N	19	17
plasmaninr(k)		H	57	16
plasmaninr(k)		L	117	48
plasmaninr(k)		N	123	25
plasmankalium(k)	mmol/l	H	60	38
plasmankalium(k)	mmol/l	L	146	89
plasmankalium(k)	mmol/l	LL	17	11
plasmankalium(k)	mmol/l	N	2178	626
plasmankreatiinikinaasi	u/l	L	9	8
plasmankreatiinikinaasi	u/l	N	14	13
plasmankreatiniini(k)	umol/l	H	733	187
plasmankreatiniini(k)	umol/l	L	418	143
plasmankreatiniini(k)	umol/l	N	1251	442
plasmanmagnesium	mmol/l	N	16	15
plasmannatrium(k)	mmol/l	H	65	32
plasmannatrium(k)	mmol/l	L	822	256
plasmannatrium(k)	mmol/l	N	1528	523
plasmanprostataspesifinenantigeeni(k)	ug/l	N	20	18
plasmanrauta	umol/l	A	56	41
plasmanrauta	umol/l	L	34	33
plasmanrauta	umol/l	N	19	17
plasmantransferriinisaturaatio	%	L	31	30
plasmantransferriinisaturaatio	%	N	22	22
plasmantromboplastiiniaika	%	L	31	15
plasmantromboplastiiniaika	%	N	15	14
plasmanuraatti(k)	umol/l	H	8	7
plasmanuraatti(k)	umol/l	N	20	18
plasmaproteiinia,raskauteenliittyvä	mu/l	N	61	61
plasmasta,bilirubiini(vastasyntyneistä)	umol/l	N	22	18
plesiomonasshigelloides		N	432	348
plesnho		A	6	6
plesnho		N	233	213
pleuranesteenirtosolututkimus		A	9	9
plt	e9/l	A	412	113
pm-scl100		A	11	8
pm-scl100		N	53	51
pm-scl75		A	13	8
pm-scl75		N	52	50
polymyosiitti/sklerodermavasta-aineet		N	6	6
potilasmittaringlukoosi,ihopisto	mmol/l	N	443	358
potilasmittaringlukoosi,ihopisto		N	309	288
potilasmittaringlukoosi,sensori	mmol/l	N	75	60
potilasmittaringlukoosi,sensori		N	276	259
povnh		A	224	34
pp-bakteeri,nukleiinihappo(kvant),ientasku		A	28	28
pp-baktnh		A	32	32
pp-baktnh������		A	68	61
pp-baktnh������		N	74	60
pperusverenkuvajatrombosyytit		N	21	19
prealb	g/l	A	74	73
prealb	g/l	H	10	10
prealb	g/l	L	90	88
prealb	g/l	N	976	888
prealb		A	9	9
prealb		N	24	23
prealbumiini	g/l	L	26	23
prealbumiini	g/l	N	56	50
prealbumiini,plasma	g/l	A	47	37
prealbumiini,plasma	g/l	L	22	15
prealbumiini,seerumista	g/l	A	87	70
prealbumiini,seerumista	g/l	L	14	13
probnp	ng/l	H	20	6
projektiinliittyvänäytteenkäsittelykunnäyteotetaantykslabinputkiin		N	15	12
prolaktiini	mu/l	A	39	26
prolaktiini	mu/l	N	32	32
prolaktiini,plasmasta	mu/l	A	29	18
prolaktiini,seerumi	mu/l	A	48	35
prolaktiini,seerumi	mu/l	H	39	31
prolaktiini,seerumi	mu/l	L	6	6
prom	%	A	193	120
prom		A	100	34
prom		N	44	23
promyelosyytit	%	A	32	24
promyelosyytit	%	H	146	78
promyelosyytit	%	N	789	409
promyelosyytit		N	295	238
promyelosyytit,osuusleukosyyteistä	%	H	52	22
prostatabiopsianhistologinentutkimus		A	86	79
prostataspes.antigeeni,suhde(p-psa-suh)		N	19	14
prostataspesif.antig,vap.tot.suh.	%	A	35	19
prostataspesif.antig,vap.tot.suh.	%	N	20	16
prostataspesif.antig,vap.tot.suh.		N	13	12
prostataspesifinenantigeeni	ug/l	A	72	52
prostataspesifinenantigeeni	ug/l	H	211	165
prostataspesifinenantigeeni	ug/l	N	2685	2371
prostataspesifinenantigeeni		N	151	128
prostataspesifinenantigeeni,kokonais	ug/l	A	24	15
prostataspesifinenantigeeni,kokonais	ug/l	N	149	110
prostataspesifinenantigeeni,seerumista,osatutkimus		N	14	11
prostataspesifinenantigeeni,totaali	ug/l	A	9	8
prostataspesifinenantigeeni,totaali	ug/l	N	100	65
prostataspesifinenantigeeni,vapaa	%	N	18	7
prostataspesifinenantigeeni,vapaa	ug/l	N	281	230
prostataspesifinenantigeeni,vapaa		N	31	31
prostataspesifinenantigeeni,vapaa(4900p-psa-v)	ug/l	N	95	55
prostataspesifinenantigeeni,vapaa(p-psa-v)	ug/l	N	113	65
prostataspesifinenantigeeni,vapaa(psa-v)	ug/l	N	83	54
prostataspesifinenantigeeni,vapaa,osuus		N	22	17
prostataspesifinenantigeeni,vapaa,osuus,seerumista		N	130	91
prostataspesifinenantigeeni,vapaa/kokonais-suhde	%	A	8	6
prostataspesifinenantigeeni,vapaa/kokonais-suhde	%	N	22	14
prostataspesifinenantigeeni,vapaa/kokonais-suhde,osatutk.4637eikiinnit.	%	L	37	22
prostataspesifinenantigeeni,vapaa/kokonais-suhdeeikiinnit	%	N	10	10
prostataspesifinenantigeeni,vapaa/totaali	%	N	46	40
proteiini	g	A	57	42
proteiini	g	N	10	9
proteiini	g/l	N	10	10
proteiini		N	58	39
proteiini(kval)		N	66	62
proteiini,(kval),virtsasta,osatutk.		A	85	69
proteiini,fraktiot(el.forees)		N	9	8
proteiini,selkäydinnesteestä	g/l	A	43	39
proteiini,ty,seerumista	g/l	A	237	88
proteiini,ty,vuorokausivirtsasta	g	A	20	10
proteiini,ty,vuorokausivirtsasta		A	20	16
proteiini,vrk-virtsa	g	A	23	17
proteiini,vrk-virtsa	g	H	14	13
proteiinic,plasma	%	A	26	26
proteiinic,plasmasta	%	A	9	9
proteiinic,plasmasta	%	N	7	7
proteiinis,antigeeni,vapaa	%	A	7	7
proteinaasi3,vasta-aineet		N	15	15
protrombiini,plasma	%	A	8	8
provtagn		N	26	25
provtagnin		N	461	211
ps-bakteeri,viljely		A	38	38
ps-bakteeri,viljely		N	15	15
ps-baktvi		A	183	173
ps-baktvi		N	399	381
ps-infaag		A	255	255
ps-infaag		N	1058	929
ps-infbag		A	115	115
ps-infbag		N	1071	937
ps-probnp	ng/l	H	9	7
ps-rsvag		N	13	11
ps-str-vi		A	84	67
ps-stra-ag		A	36	31
ps-straag	form	N	11	9
ps-straag		A	1482	1324
ps-straag		N	5064	4098
ps-straagp		N	28	21
ps-straagpika		N	32	17
ps-stragho		A	120	115
ps-stranho		A	50	45
ps-stranho		N	27	27
ps-straohy		A	125	110
ps-straolb		A	91	84
ps-strep-a		N	23	22
ps-streptococcus,(hemolyytt.streptokokki)		N	35	34
ps-streptococcus,jatkoviljely(seulottunäyte)		A	17	17
ps-streptococcus,viljely(-hemol.streptok.)		N	30	26
ps-streptococcus,viljely(hemolyytt.streptokokit)		A	16	16
ps-streptococcus,viljely(hemolyytt.streptokokit)		N	199	180
ps-streptococcus,viljely(hemolyyttisetstreptok)		N	16	16
ps-streptococcus,viljely(hemolyyttisetstreptokokit)		N	320	237
ps-streptococcus,viljely(hemolyyttisetstreptokokit)(pi)		N	12	12
ps-streptococcuspyogenes(a),antigeeni		A	86	77
ps-streptococcuspyogenes(a),antigeeni		N	81	72
ps-streptococcuspyogenes(a),antigeeni,pika		N	28	27
ps-streptococcuspyogenes(a),nukleiinihappo(kval)		A	25	24
ps-streptococcuspyogenes(a),nukleiinihappo(kval)		N	8	8
ps-streptococcuspyogenis(a)antig,vierithoitoy		A	20	20
ps-streptokokki,jatkoviljely		A	18	17
ps-streptokokki,jatkoviljely		N	13	13
ps-streptokokki,jatkoviljely(seulottunäyte)		A	98	83
ps-streptokokki,viljely		N	50	43
ps-streptokokki,viljely,nielu		A	36	35
ps-streptokokkia,antigeeni,hoitoyksiköt		A	72	64
ps-streptokokkipikatesti		N	45	41
ps-strjvi		A	3286	2659
ps-strjvi		N	80	75
ps-strnho		A	179	152
ps-strnho		N	136	123
ps-strtunn		A	38	34
ps-strvi	form	N	30	28
ps-strvi		A	3090	2587
ps-strvi		N	25978	18902
psa-v/psa	%	L	829	562
psa-v/psa	%	N	91	66
psa-v/psa		A	95	42
psa-v/psa		L	9190	6304
psa-v/psa		N	144	75
psa-v/psa-suhde	%	L	222	173
psa-v/psa-suhde	%	N	1008	809
psa-v/psaeikäytössä	%	N	36	25
psa-vapaa/totaali-suhde,plasmasta	%	A	409	168
psatotaali+vapaa	ug/l	H	10	10
psatotaali+vapaa	ug/l	N	15	15
psavapaanjatotaalinsuhde	%	A	25	11
psavapaanjatotaalinsuhde	%	N	35	33
psavapaanjatotaalinsuhde		N	82	72
pt-acth-r1		N	14	14
pt-ada-i		A	29	25
pt-ada-ind		A	226	186
pt-aika-tilavuusspirometriajabronkodilaatiokoe		N	20	13
pt-apri		A	187	162
pt-apri		H	168	147
pt-apri		N	137	117
pt-arg-r		A	10	8
pt-asat/trombosyytit-indeksi		A	6	6
pt-asat/trombosyytit-indeksi		H	13	8
pt-audio		N	60	53
pt-biomam		N	210	193
pt-bmi	kg/m2	H	237	230
pt-brdil		N	309	237
pt-dcosb-x		N	9	9
pt-dcosb1		N	7	7
pt-diagnostinengynekologinenirtosolunäyte,josta		A	41	33
pt-dxm-r1	nmol/l	N	43	43
pt-dxm-r1		N	130	125
pt-eeg-3		N	122	109
pt-eeg-tav		N	13	13
pt-ekg,12kytkentälevossa		N	240	218
pt-ekg,12kytkentäälevossa		N	2341	1899
pt-ekg,12kytkentäälevossa(k-pks:n)(ko)		N	272	172
pt-ekg,muuerikoiskytkentä		N	13	12
pt-ekg,pika12kytkentäälevossa		N	20	20
pt-ekg,pitkäaikaisrekisteröinti(24h),kytkentä,analysointi,lausunto		N	138	135
pt-ekg,pitkäaikaisrekisteröinti(48h),kytkentä,analysointijalausunto		N	16	16
pt-ekg,sisältäentietokoneanalyysin		N	3109	2542
pt-ekg,sisältäentietokoneanalyysin(malmin)(pi)		N	226	160
pt-ekg,tavallinen12kytkentää		N	39	32
pt-ekg-12	form	N	39	37
pt-ekg-12	tehtu	N	12	11
pt-ekg-12		A	9	9
pt-ekg-12		N	56748	34117
pt-ekg-15		N	9	8
pt-ekg-24a		N	9	9
pt-ekg-24h		A	8	8
pt-ekg-24h		N	360	332
pt-ekg-48l		N	25	25
pt-ekg-atk		N	36091	14940
pt-ekg-fal		N	261	156
pt-ekg-fas		N	202	194
pt-ekg-hoi		N	19	12
pt-ekg-mon		N	4587	2244
pt-ekg-oma		N	1288	998
pt-ekg-pa		N	168	166
pt-ekg-pa1		N	6	6
pt-ekg-pao		N	8	8
pt-ekg-ras		N	234	222
pt-ekg-ryt		N	13	12
pt-ekghoi		N	89	53
pt-ekgkons		N	24	24
pt-ekgkonsultaatio		N	22	22
pt-ekgpao1		N	15	15
pt-ekgpitk		N	58	53
pt-ekgsis[lt[entietokoneanalyysin		N	181	154
pt-ekgsisältäentietokoneanalyysin		N	125	109
pt-eneg-0		N	6	6
pt-eneg-1		N	373	367
pt-eneg-2		N	6	6
pt-eneg-et		N	6	6
pt-enmg-1		N	146	139
pt-enmg-2		N	476	450
pt-enmg-3		N	115	112
pt-eristysnäytteenotto		N	26	24
pt-farmr		N	22	22
pt-fib-4		A	180	166
pt-fib-4		H	170	158
pt-fib-4		N	4827	3617
pt-fibrosis-4		A	14	8
pt-fibrosis-4		H	10	9
pt-fibrosis-4indeksi	1	N	32	31
pt-fibrosis-4indeksi		A	43	39
pt-fibrosis-4indeksi		N	109	102
pt-fit		N	27	27
pt-fvspido		N	2333	1912
pt-fvspio		N	234	215
pt-fvspird	form	N	94	88
pt-fvspird		A	20	20
pt-fvspird		N	3265	2712
pt-fvspiro	%	N	7	7
pt-fvspiro		N	579	523
pt-gfr-arv	ml/min/173m2	L	51	44
pt-gfr-arv		L	33	32
pt-gfre	form	A	1676	575
pt-gfre	form	N	2407	1136
pt-gfre	ml/min/173m2	A	244448	39284
pt-gfre	ml/min/173m2	H	526	447
pt-gfre	ml/min/173m2	L	53280	20450
pt-gfre	ml/min/173m2	N	38024	22436
pt-gfre		A	20490	7777
pt-gfre		L	407056	46776
pt-gfre		N	911744	116951
pt-gfre-3	ml/min/173m2	A	181	117
pt-gfre-3		A	49	47
pt-gfre-3		L	90	77
pt-gfre-3		N	99	70
pt-gfre-cg	ml/min/173m2	A	1989	1141
pt-gfre-cg	ml/min/173m2	N	8007	4086
pt-gfre-cg		A	83	62
pt-gfre-cg		H	6	6
pt-gfre-cg		N	853	615
pt-gfre-md	form	N	11	11
pt-gfre-md	ml/min/173m2	A	9827	3485
pt-gfre-md	ml/min/173m2	H	422	206
pt-gfre-md	ml/min/173m2	L	2807	964
pt-gfre-md	ml/min/173m2	N	2890	1964
pt-gfre-md		A	873	471
pt-gfre-md		H	106	92
pt-gfre-md		L	4698	3412
pt-gfre-md		N	467	403
pt-gfreep	ml/min/173m2	A	4290	1021
pt-gfreep	ml/min/173m2	N	1505	799
pt-gfreep		H	214	144
pt-gfreep		N	18	17
pt-gfreepi	form	A	407	122
pt-gfreepi	form	N	783	293
pt-gfreepi	ml/min/173m2	A	460104	69562
pt-gfreepi	ml/min/173m2	L	79831	19422
pt-gfreepi	ml/min/173m2	N	52067	13970
pt-gfreepi		A	149815	29175
pt-gfreepi		H	44327	13921
pt-gfreepi		L	95405	38868
pt-gfreepi		N	143933	45974
pt-gfreepinosatutkimus		N	668	417
pt-gfreepio1	ml/min/173m2	N	11	11
pt-gfreepio1		A	434	104
pt-gfrekce	ml/min/173m2	A	532	225
pt-gfrekce	ml/min/173m2	L	82	69
pt-gfrekce	ml/min/173m2	N	84	80
pt-gfrekce		A	39	33
pt-gfrekce		L	6583	2300
pt-gfrekce		N	837	479
pt-gfrekce,glomerulussuodosnopeuskysc:stä	ml/min/173m2	A	61	36
pt-gfrekys	ml/min/173m2	A	1294	791
pt-gfrekys	ml/min/173m2	L	3485	1236
pt-gfrekys	ml/min/173m2	N	20	18
pt-gfrekys		A	69	66
pt-gfrekys		L	300	243
pt-gfrekys		N	148	119
pt-glomerolussuodosnopeus,estimoitu,ckd-epi-kaava		A	29	15
pt-glomerolussuodosnopeus,estimoitu,ckd-epi-kaava		N	36	32
pt-glomerulussuodatusnopeus		L	33	24
pt-glomerulussuodatusnopeus		N	117	102
pt-glomerulussuodatusnopeus,estimoitu,ckd-epi-kaava	ml/min/173m2	A	46	33
pt-glomerulussuodatusnopeus,estimoitu,ckd-epi-kaava	ml/min/173m2	N	166	99
pt-glomerulussuodatusnopeus,estimoitu,ckd-epi-kaava		A	21	17
pt-glomerulussuodatusnopeus,estimoitu,ckd-epi-kaava		N	100	76
pt-glomerulussuodosnopeus		N	106	98
pt-glomerulussuodosnopeus,ckd-epi-kaava	ml/min/173m2	A	1991	641
pt-glomerulussuodosnopeus,estimoitu	ml/min/173m2	A	26724	6138
pt-glomerulussuodosnopeus,estimoitu	ml/min/173m2	L	620	231
pt-glomerulussuodosnopeus,estimoitu	ml/min/173m2	N	3369	2293
pt-glomerulussuodosnopeus,estimoitu		A	47	41
pt-glomerulussuodosnopeus,estimoitu		N	403	364
pt-glomerulussuodosnopeus,estimoitu,ckd-ep	ml/min/173m2	A	397	275
pt-glomerulussuodosnopeus,estimoitu,ckd-ep	ml/min/173m2	N	1091	810
pt-glomerulussuodosnopeus,estimoitu,ckd-epi-kaav	ml/min/173m2	A	1566	565
pt-glomerulussuodosnopeus,estimoitu,ckd-epi-kaav	ml/min/173m2	L	9	7
pt-glomerulussuodosnopeus,estimoitu,ckd-epi-kaav	ml/min/173m2	N	28	28
pt-glomerulussuodosnopeus,estimoitu,ckd-epi-kaava	1	A	377	148
pt-glomerulussuodosnopeus,estimoitu,ckd-epi-kaava	1	N	11	9
pt-glomerulussuodosnopeus,estimoitu,ckd-epi-kaava	ml/min/173m2	A	68131	13678
pt-glomerulussuodosnopeus,estimoitu,ckd-epi-kaava	ml/min/173m2	L	3792	1228
pt-glomerulussuodosnopeus,estimoitu,ckd-epi-kaava	ml/min/173m2	N	69786	22460
pt-glomerulussuodosnopeus,estimoitu,ckd-epi-kaava		A	5059	2226
pt-glomerulussuodosnopeus,estimoitu,ckd-epi-kaava		N	7056	4243
pt-glomerulussuodosnopeus,estimoitu,ckd-epi-kaava(p-kreaosatutkimus)		N	171	133
pt-glomerulussuodosnopeus,estimoitu,ckd-epi-kaava(pt-gfre-3osatutkimus)	ml/min/173m2	A	21844	3299
pt-glomerulussuodosnopeus,estimoitu,ckd-epi-kaava(pt-gfre-3osatutkimus)	ml/min/173m2	N	378	286
pt-glomerulussuodosnopeus,estimoitu,ckd-epi-kaavalla	ml/min/173m2	A	8	7
pt-glomerulussuodosnopeus,estimoitu,ckd-epi-kaavalla	ml/min/173m2	N	31	30
pt-glomerulussuodosnopeus,estimoitu,ckd-epikaava		A	61	22
pt-glomerulussuodosnopeus,estimoitu,ckd-epikaava		L	14	12
pt-glomerulussuodosnopeus,estimoitu,ckd-epikaava		N	111	48
pt-glomerulussuodosnopeus,estimoitu,kystatiinic-kaava	ml/min/173m2	A	1000	268
pt-glomerulussuodosnopeus,estimoitu,mdrd-kaava	ml/min/173m2	A	28	24
pt-glomerulussuodosnopeus,estimoitu,mdrd-tutkimuksenkaava(mittayksikkö:ml/min/1.73m2)	ml/min/173m2	A	11	6
pt-glomerulussuodosnopeus,estimoituckd-epi-kaava	ml/min/173m2	L	1161	889
pt-glomerulussuodosnopeus,estimoituckd-epi-kaava	ml/min/173m2	N	2323	1948
pt-glomerulussuodosnopeus,estimoituckd-epikaava	1	A	29	19
pt-glomerulussuodosnopeus,estimoituckd-epikaava	ml/min/173m2	N	14	11
pt-glomerulussuodosnopeus,estimoituckd-epikaava		A	26	17
pt-glomerulussuodosnopeus,estimoituckd-epikaava		N	107	65
pt-glomerulussuodosnopeus,estimoituckd-epikaavallakystatiinic:stä	ml/min/173m2	A	69	54
pt-glomerulussuodosnopeus,estimoituckd-epikaavallakystatiinic:stä	ml/min/173m2	L	29	15
pt-glomerulussuodosnopeus,estimoituckd-epikaavallakystatiinic:stä	ml/min/173m2	N	22	22
pt-glomerulussuodosnopeus,estimoituckd-epikaavallakystatiinic:stä		A	105	63
pt-glomerulussuodosnopeus,estimoituckd-epikaavallakystatiinic:stä		L	18	16
pt-glomerulussuodosnopeus,estimoituckd-epikaavallakystatiinic:stä		N	18	16
pt-glomerulussuodosnopeus,estimoitukystatiinic:stä	ml/min/173m2	A	54	37
pt-glomerulussuodosnopeus,estimoitukystatiinic:stä	ml/min/173m2	L	12	9
pt-glomerulussuodosnopeus,pt-gfreepiestimoitu,ckd-epi-kaava	ml/min/173m2	A	1545	908
pt-glomerulussuodosnopeus,pt-gfreepiestimoitu,ckd-epi-kaava	ml/min/173m2	N	5388	3167
pt-glomerulussuodosnopeus,pt-gfreepiestimoitu,ckd-epi-kaava		A	37	31
pt-glomerulussuodosnopeus,pt-gfreepiestimoitu,ckd-epi-kaava		N	129	96
pt-glomerulussuodusnopeus,estimoitu,ckd-epi-kaava	ml/min/173m2	A	5521	1678
pt-glomerulussuodusnopeus,estimoitu,ckd-epi-kaava	ml/min/173m2	N	6434	3183
pt-glomerulustensuodatusnopeudenmittau	ml/min/173m2	L	22	16
pt-glomerulustensuodatusnopeudenmittau	ml/min/173m2	N	35	31
pt-glomerulustensuodatusnopeudenmittaus	ml/min/173m2	L	101	70
pt-glomerulustensuodatusnopeudenmittaus	ml/min/173m2	N	57	44
pt-glomerulustensuodatusnopeus	ml/min/173m2	L	8	8
pt-glomerulustensuodatusnopeus	ml/min/173m2	N	8	7
pt-glomerulustensuodatusnopeus,estimoitu,ckd-epi-kaava	ml/min/173m2	A	859	471
pt-glomerulustensuodatusnopeus,estimoitu,ckd-epi-kaava	ml/min/173m2	L	8628	3491
pt-glomerulustensuodatusnopeus,estimoitu,ckd-epi-kaava	ml/min/173m2	N	20958	11509
pt-glomerulustensuodatusnopeus,estimoitu,mdrd-kaava	ml/min/173m2	A	10	9
pt-glomerulustensuodatusnopeus,estimoitu,mdrd-kaava		L	61	56
pt-gluc-r		N	39	39
pt-gluk-0		H	46	35
pt-gluk-0		N	97	76
pt-gluk-0h	mmol/l	A	13	12
pt-gluk-2h	mmol/l	A	17	17
pt-gluk-r		N	357	313
pt-gluk-r1	form	N	30	27
pt-gluk-r1	mmol/l	A	10	10
pt-gluk-r1	mmol/l	H	12	11
pt-gluk-r1	mmol/l	N	119	99
pt-gluk-r1		A	66	52
pt-gluk-r1		N	4868	3558
pt-gluk-r1,osatutkimus		N	7	7
pt-gluk-r1/0h	mmol/l	N	19	19
pt-gluk-r6	mmol/l	N	70	26
pt-gluk-r6		N	841	570
pt-gluk-r6,osatutkimus4800		N	8	6
pt-gluk0	mmol/l	H	18	17
pt-gluk0	mmol/l	N	12	12
pt-gluk0h	mmol/l	H	28	28
pt-gluk0h	mmol/l	N	25	22
pt-gluk2	mmol/l	H	12	11
pt-gluk2	mmol/l	N	18	18
pt-gluk2h	mmol/l	H	21	19
pt-gluk2h	mmol/l	N	32	29
pt-glukoosi-koe(glukoosirasitus),oraalinen,lyhyt		N	25	24
pt-glukoosi-koe,oraalinen,(0,2h)(ko)		N	18	18
pt-glukoosi-koe,oraalinen,lyhyt		N	111	91
pt-glukoosi-koe,oraalinen,lyhyt(0,1h,2h)		N	28	27
pt-glukoosi-koe,oraalinen,lyhyt(0,2h)		N	59	50
pt-glukoosi-koe,oraalinen,lyhyt,0ja2h-näyte		N	48	48
pt-glukoosi-koe,oraalinen,lyhyt,laskimoplasmasta		N	54	53
pt-glukoosi-koe,oraalinen,lyhyt0ja2h(seerumi)		N	17	17
pt-glukoosi-koe,oraalinen,raskausajandiabetes		N	18	15
pt-glukoosikoe,lyhyt		N	32	16
pt-glukoosikoe,oraalinen,lyhyt(0,2h)		N	329	303
pt-glukoosikoe,oraalinen,lyhyt(0,2h),		N	13	13
pt-glukoosikoe,oraalinen,raskaudenaikana		N	26	14
pt-glukoosikoe0-arvo	mmol/l	N	16	15
pt-glukoosikoe1h-arvo	mmol/l	N	13	11
pt-glukoosikoe2h-arvo	mmol/l	N	17	15
pt-glukoosirasitus-0arvo	mmol/l	N	24	23
pt-glukoosirasitus-2h	mmol/l	N	24	23
pt-glukoosirasitus0-näytevb	mmol/l	N	9	9
pt-glukoosirasitus2h-näytevb	mmol/l	A	6	6
pt-glukoosirasitus2h-näytevb	mmol/l	N	6	6
pt-glukr1/2h	mmol/l	N	19	19
pt-glukr2h		N	8	8
pt-glumerulussuodosnopeus,estimoitu,cjd-epikaava	ml/min/173m2	A	2117	753
pt-glumerulussuodosnopeus,estimoitu,cjd-epikaava	ml/min/173m2	N	2586	1568
pt-gromerulussuodosnopeus,estimoituckd-epikaavallakystatiinic:stä	ml/min/173m2	A	34	10
pt-gynekologinenirtosolututkimus		A	48	43
pt-gynekologinenirtosolututkimus		N	261	256
pt-hembiop		N	23	13
pt-hengalp		N	293	277
pt-hepy-r	promille	N	11	11
pt-hepy-r		A	12	10
pt-hepy-r		N	26	26
pt-hoitajantekemäskooraus		N	7	7
pt-holter		N	8	8
pt-icg-r	%	A	54	50
pt-iho-r1		N	92	91
pt-iho-r3		N	245	239
pt-iom-2		N	7	7
pt-iom-3		N	12	12
pt-irtosolututkimus,gynekologinen,lbc		N	7	7
pt-kalsium,ionisoitunut	mmol/l	H	140	76
pt-kalsium,ionisoitunut	mmol/l	L	87	42
pt-kalsium,ionisoitunut	mmol/l	N	39	36
pt-kalsiumionisoitunutph7.4	mmol/l	H	103	56
pt-kalsiumionisoitunutph7.4	mmol/l	L	99	47
pt-kalsiumionisoitunutph7.4	mmol/l	N	39	36
pt-keliakiatutkimus,medium		N	6	6
pt-keliakiatutkimus,seulonta		N	15	14
pt-keliakiatutkimus,seulonta(sis.s-iga,s-ttgaba)		N	178	178
pt-kelixl		N	6	6
pt-kiire		N	300	279
pt-kliininenrasituskoe,työjoht.,työajanulkopuolella		N	11	11
pt-klr-spi		N	33	30
pt-klr-tje		N	174	173
pt-kolmaslisälausuntoilmanlaboratoriotyötä		A	10	10
pt-kons-1		A	25	25
pt-kons-1		AA	49	49
pt-kons-1		N	23	23
pt-kons-2		A	7	7
pt-kons-2		AA	16	16
pt-kons-3		AA	18	18
pt-kons-3		N	11	11
pt-konsn-1		N	8	8
pt-konsnhä		N	24	21
pt-konsulp		A	26	26
pt-konsulp		N	42	40
pt-konsultaatio,ulkopuolellelähetetty		N	9	7
pt-konsultaatiopyyntökliinikolta,valmisnäyte		A	66	62
pt-konsultaatiopyyntöpatologilta,valmisnäyte		A	7	6
pt-koveeg1		N	14	14
pt-koveegj		N	14	14
pt-krea-cl	ml/min/173m2	L	7	7
pt-krea-cl	ml/s	A	18	11
pt-krea-cl	ml/s/173	A	126	91
pt-krea-cl	ml/s/173m2	A	179	135
pt-krea-cl		A	18	14
pt-krea-cl		L	19	18
pt-krea-cl		N	17	16
pt-kt/v		A	47	21
pt-kt/v1		N	1925	378
pt-ktkrpp		N	20	19
pt-kudsop		N	441	436
pt-lakt-r1	mmol/l	N	12	12
pt-lakt-r1		N	21	21
pt-laktoosi-koe20min	mmol/l	N	11	11
pt-laktoosi-koe40min	mmol/l	N	9	9
pt-lasku		N	51	50
pt-lausklf		N	41	41
pt-lislau		N	14	14
pt-lisäla2		A	36	34
pt-lisäla2		AA	524	505
pt-lisäla2		N	194	187
pt-lisäla3		A	6	6
pt-lisäla3		AA	89	89
pt-lisäla3		N	20	20
pt-lisäla4		AA	15	15
pt-lisälau		A	245	226
pt-lisälau		AA	3987	3492
pt-lisälau		N	2542	2133
pt-lisälausunto		A	8	8
pt-lisälausuntoilmanlaboratoriotyötä		A	130	111
pt-lisäsyt		AA	28	27
pt-lisäsyt		N	105	94
pt-luutih2		N	200	193
pt-luutih3		N	51	51
pt-luutil2		N	97	96
pt-luutil3		N	40	40
pt-luuttbs		N	11	11
pt-lämpötila	°c	N	23	22
pt-meet2		AA	42	42
pt-meet2		N	22	22
pt-meetin		A	83	78
pt-meetin		AA	25	24
pt-meetin		N	29	29
pt-meeting		A	36	32
pt-meeting		AA	2305	2049
pt-meeting		N	1016	944
pt-metakoliiniprovokaatio,bronkospasminentutkimus		N	56	51
pt-nenänielunäytteenotto		N	390	379
pt-nfs		N	10	10
pt-no-ex	ppb	H	34	22
pt-no-ex		N	107	101
pt-notto1		N	128	117
pt-notyk		N	6	6
pt-näesiv		N	48	35
pt-näytteenottomaksu(oletus)		N	35999	7504
pt-obd-1		A	16	16
pt-obd-1		AA	51	51
pt-obd-1		N	335	333
pt-obd-2		N	24	24
pt-obd-his		A	7	7
pt-obd-his		AA	55	55
pt-obd-his		N	316	316
pt-obduktio,aikuinen		N	10	10
pt-papa-1		A	95	89
pt-papa-1		AA	741	608
pt-papa-1		N	10430	8874
pt-papa-tk		A	116	106
pt-papa-tk		AA	9	9
pt-papa-tk		N	724	691
pt-papahpv		AA	2387	1428
pt-papahpv		N	2295	1835
pt-pef	form	N	11	11
pt-pef		N	561	426
pt-pef-pa		N	208	187
pt-peruspa,tiivis		N	8	8
pt-pol-eil		N	257	256
pt-polamb		A	8	8
pt-polamb		N	1424	1347
pt-polamb1		A	77	75
pt-polamb1		N	85	84
pt-polambl		N	9	9
pt-polambs		N	42	42
pt-potilastap.kliinispatologinenkäsittelyeilisälaus		A	55	40
pt-potilastapauksenkliinispatologinenkäsittely		N	6	6
pt-potilastapkliinispat.käsitt.kokous,eilisälau		A	89	83
pt-raskaudenaikaisetbiopankkinäytteet		N	7	7
pt-rasukg		N	6	6
pt-rasuäse		N	13	13
pt-rr		N	8	8
pt-rr-pa		N	145	141
pt-rtms		N	9	8
pt-sep		H	32	28
pt-siemennestetutkimus,laaja		N	6	6
pt-sik		N	165	161
pt-silväri		N	7	7
pt-skoorah		N	14	14
pt-sper-1		A	15	10
pt-sper-1		N	60	54
pt-sper-2		N	14	14
pt-sper-o		A	9	8
pt-spird-x		N	694	628
pt-spirmvv		N	11	11
pt-spiro-x		N	23	22
pt-spirom		L	18	18
pt-spirom		N	264	224
pt-spiromd		N	193	173
pt-spr		N	147	89
pt-sprneuvolanäytteet		N	70	62
pt-sydänuä		N	115	113
pt-syn		N	715	594
pt-sytologinenlisäkäyntiinpano		N	14	14
pt-tahdist		N	73	71
pt-taksim1		N	172	138
pt-taksim3		N	105	62
pt-taksim4		N	16	13
pt-tms-et		N	6	6
pt-ttlaite		N	208	92
pt-uloshengityksenhuippuvirtaus,sarjamittaustyöpaikalla		N	63	61
pt-uloshengityksenhuippuvirtaus,vuorokausivaihtelunseuranta		N	473	410
pt-unitutk		N	34	28
pt-utp-1		A	75	74
pt-utp-1		AA	1356	1294
pt-utp-1		N	362	348
pt-utp-2		AA	121	118
pt-utp-2		N	67	64
pt-utp-3		AA	54	53
pt-utp-3		N	20	20
pt-vai-tk		N	7	7
pt-vainaja		N	612	611
pt-valvottunäytteenotto		N	44	40
pt-verenpaine,pitkäaikaisrekisteröinti(24h)		N	44	44
pt-virtaustilavuus-spirojabronkodilataatiokoeilmanlausuntoa		N	9	9
pt-virtaustilavuus-spirometria		N	263	254
pt-virtaustilavuus-spirometriailmanlausuntoa		N	54	52
pt-virtaustilavuus-spirometriajabronkodilataatio		N	164	158
pt-virtaustilavuus-spirometriajabronkodilataatiokoe		N	351	329
pt-virtaustilavuus-spirometriajabronkodilataatiokoeilmanlau		N	38	35
pt-virtaustilavuus-spirometriajabronkodilataatiokoeilmanlausuntoa		N	628	592
pt-virtaustilavuus-spirometrialääk.tehonseuranta		N	124	108
pt-vp-dop		N	6	6
pt-vp-ple		N	14	14
pt-vymp	cm	H	19	19
pt-yöpolygrafia		N	388	379
pt-yöpolygrafia,ambulatorinen		N	36	34
pt-yöpolygrafia,ambulatorinen,laaja,suppeaunirekisteröintikotona		N	6	6
pt-yöpolygrafia,suppea,ambulatorinen		N	40	40
pu-bakt-vi2		N	15	12
pu-bakteeri,märkäviljely1,(aerobinenjaanaerobinen,syvätmärkänäytteet)		A	7	7
pu-bakteeri,märkäviljely2,(aerobinen,pinnallisetmärkänäytteet)		A	17	15
pu-bakteeri,viljely(2:aerobitpintanäytteestä)		A	6	6
pu-bakteeri,viljely1(aerobitjaanaerobitsyvän		A	66	56
pu-bakteeri,viljely1(an+aerobi,vilj.syväm)		A	7	7
pu-bakteeri,viljely1(anaerobi+aerobiviljely,		A	534	358
pu-bakteeri,viljely1(anaerobi+aerobiviljely,		N	99	88
pu-bakteeri,viljely1(punkt.kud.ym.syv.m		N	9	8
pu-bakteeri,viljely1(punkt.kud.ym.syv.märkän)		N	9	7
pu-bakteeri,viljely1(punktio-,kudos-,syvänäyt		A	74	65
pu-bakteeri,viljely1,(aerobi+anaerobiviljely,syvämärkä)		N	7	7
pu-bakteeri,viljely1anaerobi+aerobi(syvämärkä,		A	23	15
pu-bakteeri,viljely2(aerobitpintamärästä)		A	106	94
pu-bakteeri,viljely2(aerobivil.pintamärkä)		N	6	6
pu-bakteeri,viljely2(aerobiviljely,pintam.)		A	13	11
pu-bakteeri,viljely2(aerobiviljely,pintamärkä)		A	461	337
pu-bakteeri,viljely2(aerobiviljely,pintamärkä)		N	162	140
pu-bakteeri,viljely2(pintam[rk[ihoyms		N	24	19
pu-bakteeri,viljely2(pintamärkä,ihoyms.)		A	215	154
pu-bakteeri,viljely2(pintamärkäihoyms		A	8	6
pu-bakteeri,viljely2(pintamärkäihoyms		N	10	7
pu-bakteeri,viljely2(pintamärkäihoyms.näyt)		N	14	14
pu-bakteeri,viljely2aerobiviljely(pintamärkä,		A	21	18
pu-baktvi1		A	17543	10895
pu-baktvi1		N	16975	9597
pu-baktvi2		A	18425	11648
pu-baktvi2		N	11236	7684
pu-baktvi3		A	12	11
pu-sieni,viljely		A	33	30
pu-sienvi		A	1927	1306
pu-sienvi		N	2693	1536
pujo	u/ml	A	96	93
pujo		A	104	104
pujo		N	14	14
pujo,siitepöly		N	23	22
pujoe	u/ml	A	77	69
pujoe	u/ml	N	14	13
pujoe		A	11	11
pujoe		N	25	24
pujonsiitepöly(w6),igevasta-aineet	u/ml	A	13	12
pujonsiitepöly,igevasta-aineet	u/ml	N	6	6
punasolojenkokojakauma	%	H	176	167
punasolojenkokojakauma	%	N	896	861
punasolujenerittelylaskenta		A	49	39
punasolujenesiasteet(erytroblastit)	e9/l	N	1021	730
punasolujenesiasteet(erytroblastit)		N	24	23
punasolujenjakaumaleveys(rdw)	%	N	36	36
punasolujenkokojakauma	%	A	23552	5327
punasolujenkokojakauma	%	H	20459	4546
punasolujenkokojakauma	%	N	74422	30265
punasolujenkokojakauma		N	81	77
punasolujenkokojakaumaparametri	%	N	64	43
punasolujenkokojakautuma	%	A	61	34
punasolujenkokojakautuma	%	N	622	358
punasolujenkokojaukauma	%	N	24	24
punasolujenkoonvaihtelu	%	H	477	365
punasolujenkoonvaihtelu	%	N	1546	1021
punasolut,kokojakauma	%	H	37	31
punasolut,kokojakauma	%	N	83	79
puumalavirus,igmvasta-aineet		N	6	6
pähkinät		A	6	6
päivystys		N	14	14
päärynä	u/ml	A	6	6
pölyerittely	u/ml	A	19	19
pölyerittely		N	37	37
pölyerittely,ige-vasta-aineet,seerumista	u/ml	A	12	12
pölyerittely,ige-vasta-aineet,seerumista	u/ml	N	26	24
pölyerittely,ige:vat(s-)	u/ml	A	20	20
pölyerittely,ige:vat(s-)	u/ml	N	63	59
pölyerittely,ruokaerittelyjakomponentit,igevasta-aineet,seerumista		N	31	31
pölyryhmä(phadiatop),ige-va:t(s-)	u/ml	A	10	10
pölyryhmä(phadiatop),ige-va:t(s-)	u/ml	N	28	28
pölyryhmä(phadiatop),igevasta-aineet,seerumista	u/ml	A	71	68
pölyryhmä,(phadiatop),igevasta-aineet	u/ml	A	9	9
pölyryhmä,(phadiatop),igevasta-aineet	u/ml	N	29	29
pölysekoitus	u/ml	A	12	12
pölysekoitus		N	30	30
rajcv19		N	404	324
rakkoaika	h	N	3614	2217
rakkoaika		N	7	6
rasvapaketti(6027fp-lipidit)		N	1232	903
rasvapaketti(fp-lipidit)		N	1709	1226
rasvapaketti(lipidit)	paketti	N	9	7
rasvapaketti(lipidit)		N	1202	979
rasvapaketti(lipidit)(fp-lipidit)		N	65	65
rasvapaketti,seuranta		N	818	742
rauta	umol/l	A	120	83
rauta	umol/l	H	49	44
rauta	umol/l	L	578	486
rauta	umol/l	N	1619	1215
rauta		A	94	61
rauta(4529fp-fe)	umol/l	A	13	7
rauta(4529fp-fe)	umol/l	N	25	23
rauta(fe)	umol/l	N	22	15
rauta(fp-fe)	umol/l	N	29	28
rautaseerumista,paastotilassa	umol/l	N	12	6
rcora14(f439,rekombinantti,hasselpähkinä),igevasta-aineet	u/ml	N	38	38
rdg-prov		N	8	8
rdw	%	A	467	238
rdw	%	N	5747	2727
rdw		A	6	6
rdw		N	107	91
redcelldistributionwidth	%	H	320	277
redcelldistributionwidth	%	N	3275	2980
resbaktnho		A	11	11
resgns-seulonta		N	31	13
resistentitgramnegatiivisetsauvat,viljely		N	162	80
respiratorisetbakteerit,nukleiinihaponosoitus(pcr)		N	48	44
respiratorisetbakteerit,nukleiinihappo(kval)		N	43	43
respiratorisetmikrobit,nukleiinihappo(kval)		A	19	18
respiratorysyncytialvirus,nukleiinihaponosoitu		N	215	172
respiratorysyncytialvirus,nukleiinihaponosoitus		N	13	13
resvirnho		A	588	308
retikulosyytit	%	N	27	21
retikulosyytit	e9/l	A	88	61
retikulosyytit	e9/l	H	79	31
retikulosyytit	e9/l	L	18	6
retikulosyytit	e9/l	N	80	69
retikulosyytit		N	9	7
retikulosyytit(2581b-retik)		N	18	13
retikulosyytit(b-retik)		N	7	6
retikulosyytit(lask.)	e9/l	A	48	36
retikulosyytit(lask.)	e9/l	N	133	97
retikulosyytit,indeksi	osuus	N	40	30
retikulosyytit,indeksi		N	15	13
retikulosyytit,tuotantoindeksi	osuus	N	35	32
retikulosyytit,tuotantoindeksi		N	8	8
retikulosyyttienabsoluuttinenmäärä	e9/l	N	6	6
retikulosyyttienkeskimääräine	pg	A	44	40
retikulosyyttienkeskimääräine	pg	H	52	17
retikulosyyttienkeskimääräine	pg	L	227	166
retikulosyyttienkeskimääräine	pg	N	722	393
retikulosyyttienkeskimääräinenhemoglob	pg	N	7	7
retikulosyyttienkeskimääräinenhemoglobiininmäärä	pg	A	165	137
retikulosyyttienkeskimääräinenhemoglobiininmäärä	pg	N	25	23
reumafaktori	iu/ml	A	39	36
reumafaktori		N	34	34
reumafaktori(rf)	iu/ml	N	14	14
reumafaktori,määritys,seerumista	kiu/l	A	15	13
reumafaktori,määritys,seerumista	kiu/l	H	10	9
reumafaktori,plasmasta	iu/ml	A	11	10
reumafaktori,plasmasta	iu/ml	N	15	15
reumafaktori,plasmasta		N	171	162
reumafaktori,seerumista,paastotilassa	iu/ml	A	60	54
reumafaktori,seerumista,paastotilassa		N	9	9
reumapaketti		N	118	116
rf		A	10	10
ribonukleoproteiini,70kdaantigeeni,vasta-aineet		N	6	6
ribonukleoproteiini,70kdaantigeeni,vasta-aineet(s-rnp70ab)		N	66	64
ribonukleoproteiini,nukleaarinen,vasta-aineet(s-rnpab)		N	86	82
ribosomienp-proteiinienvasta-aineet		N	7	7
ribosomip-proteiinivasta-aineet(blotting)		N	15	15
rin/entnho		A	9	9
rinnanhistologinentutkimus,laajaleikkauspreparaatti		A	66	63
rinnanpaksuneulabiopsiahistologinentutkimus		N	37	34
rinnanpaksuneulabiopsianhistologinentutkimus		A	40	37
rinnanpaksuneulabiopsianhistologinentutkimus		N	67	64
rinnanvaativaleikkausnäyte		A	13	13
rinonho		A	24	19
rinovirus/enterovirus,nukleiinihaponosoitus(pcr)		A	32	32
rna-polymeraasi-iii-vasta-aineet		N	7	7
ro52(ssa)		A	60	50
rotavirusnukleiinihappoosoitus		N	10	9
rotemkuva		N	25	20
rs-virus,nukleiinihappo(kval)		A	8	8
rs-virus,nukleiinihappo(kval)		N	91	81
rs-virus,nukleiinihappo(kval),osatutkimus		A	6	6
rsvanho		A	22	16
rsvbnho		A	49	23
rsvnho		A	349	332
rsvnukleiinihappo(kval)		A	9	9
rte-cd4	%	A	12	9
rte-cd4		A	7	6
rte-cd8	%	A	11	10
ruis,ruoka	u/ml	A	24	22
ruis,sipö	u/ml	A	6	6
ruoka-aine-erittely(fx5),igevasta-aineet	u/ml	N	7	7
ruoka-aine-erittely(fx5),igevasta-aineet		N	8	8
ruoka-aine-erittely(fx5),igevasta-aineet(s-ruok5er)		N	15	14
ruoka-aine-erittely,ige-vasta-aineet,seerumista	u/ml	N	18	18
ruoka-aineryhmä	u/ml	A	9	9
ruoka-aineryhmä	u/ml	N	20	20
ruoka-aineryhmä		N	51	51
ruokaerittely		N	7	7
ruokaerittely(fx5),ige-vasta-aineet		N	10	10
ruokafx5e		A	15	15
ruokaryhmä(fx5),igevasta-aineet	u/ml	N	7	7
ruokaryhmä,ige-va:t(s-)	u/ml	N	15	15
ruokaryhmä,igevasta-aineet,seerumista	u/ml	A	19	19
rvirag-o		A	42	39
s-10mlgeel		N	21	20
s-11dok		A	7	7
s-17hprog	nmol/l	A	147	56
s-17hprog	nmol/l	H	59	26
s-17hprog	nmol/l	N	77	66
s-17hprog		N	15	11
s-5-ht	nmol/l	A	99	80
s-5-ht	nmol/l	H	10	8
s-5-ht	nmol/l	L	11	9
s-5-ht	nmol/l	N	64	50
s-5-ht		A	7	6
s-5hiaa	nmol/l	A	2383	504
s-5hiaa	nmol/l	H	675	218
s-5hiaa	nmol/l	N	1711	858
s-5hiaa		A	30	15
s-5hiaa		N	10	9
s-9-hrisp	nmol/l	N	98	67
s-9-hydroksirisperidoni	nmol/l	N	19	11
s-9hrispe	nmol/l	N	21	12
s-a1glob	g/l	A	83	65
s-a1glob		N	17	15
s-a2glob	g/l	A	71	51
s-a2glob		N	17	15
s-ace	u/l	A	721	465
s-ace	u/l	N	27	26
s-ace		A	284	242
s-ace		N	9	9
s-achr-ab	nmol/l	A	164	136
s-achr-ab	nmol/l	H	53	45
s-achr-ab	nmol/l	N	52	50
s-achr-ab		A	52	45
s-achr-ab		N	664	635
s-acremoniumkiliense(ceph.acremonium),igevasta-aineet		N	15	15
s-acrkile	u/ml	N	9	9
s-ada	u/l	A	967	706
s-ada	u/l	H	146	122
s-ada	u/l	N	444	391
s-ada		A	13	10
s-adali	mg/l	A	88	81
s-adali	mg/l	H	9	9
s-adali	mg/l	N	30	29
s-adaliab	au/ml	A	83	61
s-adaliab	au/ml	H	49	44
s-adaliab		A	43	40
s-adaliab		H	16	14
s-adaliab		N	220	153
s-adalimu	mg/l	A	310	190
s-adalimu	mg/l	N	480	273
s-adalimu		A	132	102
s-adalimu		N	30	23
s-adalimumabi	mg/l	A	26	25
s-adalimumabi,vasta-aineet		N	9	9
s-adalimumabivasta-ainemääritys	au/ml	A	17	14
s-adalimumabivasta-ainemääritys		N	13	12
s-adalip		N	191	120
s-adencf		N	34	30
s-adioni	nmol/l	A	134	87
s-adioni	nmol/l	H	76	52
s-adioni	nmol/l	N	212	173
s-adioni		A	25	13
s-adrab	titre	A	25	21
s-adrab		H	24	17
s-adrab		N	125	104
s-afluu	%	A	17	16
s-afluu	%	L	15	15
s-afluu	u/l	A	13	10
s-afluust	u/l	A	407	319
s-afluust	u/l	H	404	351
s-afluust	u/l	N	829	722
s-afluust		A	17	16
s-afluust		H	30	28
s-afluust		N	139	132
s-afmakro	u/l	A	503	422
s-afmakro	u/l	H	673	573
s-afmakro	u/l	N	598	533
s-afmakro		A	32	32
s-afmakro		H	56	54
s-afmakro		N	138	131
s-afmaks1	u/l	A	69	65
s-afmaks1		A	13	13
s-afmaks2	u/l	A	58	53
s-afmaks2		A	6	6
s-afmaksa	%	A	12	12
s-afmaksa	u/l	A	620	532
s-afmaksa	u/l	H	759	646
s-afmaksa	u/l	N	572	512
s-afmaksa		A	40	39
s-afmaksa		H	62	60
s-afmaksa		N	135	126
s-afmuut	u/l	N	903	780
s-afmuut		N	195	185
s-afos	iu/l	N	240	188
s-afos	u/l	A	3575	2973
s-afos	u/l	H	7910	4960
s-afos	u/l	L	616	500
s-afos	u/l	N	18097	14723
s-afos		A	244	225
s-afos		H	120	106
s-afos		L	100	81
s-afos		N	69	62
s-afos(isoentsyymeihinliittyvä)	u/l	A	67	65
s-afos-is	u/l	N	63	18
s-afos-is		N	1466	1275
s-afos-lsapututkimus	u/l	N	9	9
s-afos1ma	u/l	A	41	39
s-afos2ma	u/l	A	39	35
s-afosluu	u/l	A	21	18
s-afosluu	ug/l	A	7	7
s-afosluu	ug/l	H	7	7
s-afosluu		A	12	12
s-afosmx		A	9	9
s-afospit	u/l	A	79	64
s-afospit	u/l	H	48	44
s-afossuo	u/l	A	14	11
s-afp	u/ml	A	1980	692
s-afp	u/ml	H	1372	517
s-afp	u/ml	N	4499	1986
s-afp	ug/l	A	604	198
s-afp	ug/l	H	12	9
s-afp	ug/l	N	43	34
s-afp		A	85	60
s-afp		H	23	18
s-afp		N	1023	592
s-afp/d	u/ml	N	76	76
s-afp/d		N	7	6
s-afsuol1	u/l	A	78	68
s-afsuol1	u/l	H	19	18
s-afsuol1	u/l	N	12	12
s-afsuol1		A	6	6
s-afsuol1		H	17	17
s-afsuol2	u/l	A	44	40
s-afsuol2	u/l	H	12	12
s-afsuol2	u/l	N	12	12
s-afsuol3	u/l	A	9	7
s-afsuol3	u/l	N	12	12
s-afsuoli	u/l	A	52	43
s-afsuoli	u/l	H	8	7
s-aitendo		N	63	50
s-aitma		N	861	782
s-aitneu		A	33	26
s-aitneu		N	481	424
s-aitpara		A	23	17
s-aitpara		N	304	269
s-al	umol/l	A	7	6
s-alaniini	mmol/l	N	259	240
s-alaniiniaminotransferaasi	u/l	A	287	213
s-alaniiniaminotransferaasi	u/l	N	1524	1227
s-alaniiniaminotransferaasi		N	51	46
s-alat	iu/l	N	251	195
s-alat	u/l	A	3502	2091
s-alat	u/l	H	60055	29105
s-alat	u/l	L	209	105
s-alat	u/l	N	79886	55259
s-alat		A	118	74
s-alat		H	34	30
s-alat		L	40	27
s-alat		N	530	481
s-alattth	u/l	N	7	7
s-alb	g/l	A	1762	1169
s-alb	g/l	H	502	463
s-alb	g/l	L	1578	1266
s-alb	g/l	N	6512	5388
s-alb		A	47	46
s-alb		L	187	153
s-alb		N	56	54
s-albfr		N	8	6
s-albind	g/l	A	186	182
s-albind		A	23	23
s-albu	g/l	A	287	105
s-albu	g/l	N	25	14
s-album	g/l	A	1333	976
s-album	g/l	H	245	197
s-album	g/l	L	1474	1035
s-album	g/l	N	11771	4923
s-album		A	696	569
s-album		H	13	13
s-album		L	61	59
s-album		N	14	14
s-albumiini	g/l	A	76	72
s-albumiini	g/l	L	16	16
s-albumiini	g/l	N	666	619
s-albumiini(paketti)	g/l	N	18	16
s-albumiini,indeksi	g/l	A	27	26
s-albumiini,indeksi	g/l	N	86	83
s-albumiini,osatutkimuss-prot-fr	g/l	A	11	11
s-albumiini-fraktio	g/l	A	1114	583
s-albumiini-fraktio	g/l	N	1192	633
s-albumiinifraktio	g/l	A	87	50
s-aldol	u/l	A	685	428
s-aldol	u/l	H	156	111
s-aldol	u/l	N	643	515
s-aldol		A	101	75
s-aldol		N	18	18
s-aldolaasi	u/l	A	8	8
s-aldos	pmol/l	A	285	240
s-aldos	pmol/l	H	295	228
s-aldos	pmol/l	N	1165	1024
s-aldos		A	27	27
s-aldos		H	18	12
s-aldos		N	297	272
s-aldos-m	pmol/l	A	33	26
s-aldos-p	pmol/l	A	126	103
s-aldos-p	pmol/l	H	14	13
s-aldos-p	pmol/l	N	7	6
s-aldos-p		A	30	25
s-aldos-p		H	23	19
s-aldosteroni	pmol/l	A	6	6
s-aldosteroni	pmol/l	N	20	19
s-alfa-1	g/l	A	854	647
s-alfa-1	g/l	H	537	479
s-alfa-1	g/l	L	340	205
s-alfa-1	g/l	N	12647	5353
s-alfa-1		A	375	334
s-alfa-1		H	28	28
s-alfa-1		L	19	16
s-alfa-1		N	23	20
s-alfa-1-antitrypsiini	g/l	A	13	13
s-alfa-1-fetoproteiini	u/ml	A	103	51
s-alfa-1-fetoproteiini	u/ml	H	15	7
s-alfa-1-fetoproteiini	u/ml	N	13	11
s-alfa-1-fetoproteiini		N	7	6
s-alfa-1-fraktio	g/l	A	540	401
s-alfa-1-fraktio	g/l	N	1778	806
s-alfa-1-globuliini	g/l	N	11	9
s-alfa-1-globuliini,fraktio	g/l	N	59	56
s-alfa-2	g/l	A	973	695
s-alfa-2	g/l	H	611	489
s-alfa-2	g/l	L	332	197
s-alfa-2	g/l	N	12513	5290
s-alfa-2		A	315	273
s-alfa-2		H	37	36
s-alfa-2		L	10	9
s-alfa-2		N	21	20
s-alfa-2-fraktio	g/l	A	559	389
s-alfa-2-fraktio	g/l	N	1758	812
s-alfa-2-globuliini,fraktio	g/l	N	60	57
s-alfa-2-globuliini,osatutkimuss-prot-fr	g/l	A	10	9
s-alfa1	g/l	A	156	119
s-alfa1	g/l	N	284	226
s-alfa1		A	7	7
s-alfa1		N	40	40
s-alfa1-globuliini(valetietues-prot-fr)	g/l	A	7	7
s-alfa2	g/l	A	627	455
s-alfa2	g/l	N	210	166
s-alfa2		A	28	28
s-alfa2		N	19	19
s-alfgale	u/ml	A	14	13
s-alfgale	u/ml	H	10	8
s-alfgale	u/ml	N	209	200
s-alkalinenfosfataasi	u/l	A	96	88
s-alkalinenfosfataasi	u/l	N	213	181
s-alkalinenfosfataasi,isoentsyymit		N	23	19
s-alkalinenfosfataasi,luustomuoto(elektrof)	u/l	A	6	6
s-alkalinenfosfataasi,luustoper.isoentsyymi(elektrof)	u/l	N	14	14
s-alkalinenfosfataasi,makromuoto(elektrof)	u/l	A	27	24
s-alkalinenfosfataasi,makromuoto(elektrof)	u/l	N	18	15
s-alkalinenfosfataasi,maksaper.isoentsyymi(el	u/l	A	21	19
s-alkalinenfosfataasi,maksaper.isoentsyymi(elektrof)	u/l	A	7	7
s-alkalinenfosfataasi,maksaper.isoentsyymi(elektrof)	u/l	N	15	11
s-alkalinenfosfataasi,muut(elektrof)	u/l	N	10	9
s-alko		N	89	50
s-allcome		N	43	43
s-allergeeni,c.herbarum(home/mögel)m2		N	20	19
s-allergeeni,d.pteronyssinus(pölyp./kval.)d1		N	16	16
s-allergeeni,hevonen(hilse)/häst(mjäll)e3	u/ml	A	6	6
s-allergeeni,hevonen(hilse)/häst(mjäll)e3		N	15	15
s-allergeeni,igevasta-aineet,kosteusvauriohomeryhmä		N	12	12
s-allergeeni,kissa(hilse)/katt(mjäll)e1	u/ml	A	8	8
s-allergeeni,kissa(hilse)/katt(mjäll)e1		N	11	11
s-allergeeni,koira(hilse)/hund(mjäll)e5	u/ml	A	6	6
s-allergeeni,koira(hilse)/hund(mjäll)e5		N	13	13
s-allergeeni,koivu(siitepöly)/björk(pollen)	u/ml	A	11	11
s-allergeeni,koivu(siitepöly)/björk(pollen)		N	10	10
s-allergeeni,pujo(siitepöly)/gråbo(pollen)w6		N	17	17
s-allergeeni,pölyerittely(phadiatop)/inhalations(pi)	u/ml	A	12	12
s-allergeeni,pölyerittely(phadiatop)/inhalations(pi)	u/ml	N	12	12
s-allergeeni,pölyerittely(phadiatop)/inhalations(pi)		N	18	18
s-allergeeni,timotei/timotej(pollen/siitep.)g6	u/ml	A	8	8
s-allergeeni,timotei/timotej(pollen/siitep.)g6		N	11	11
s-allige	u/ml	A	11	9
s-allige	u/ml	H	1046	467
s-allige	u/ml	N	25	18
s-allige		N	62	53
s-allige,cashew-pähkinä		N	21	21
s-allige,cladosporiumherbarum,home/mögel	u/ml	A	9	9
s-allige,cladosporiumherbarum,home/mögel	u/ml	H	11	11
s-allige,cladosporiumherbarum,home/mögel	u/ml	N	7	7
s-allige,cladosporiumherbarum,home/mögel		N	436	435
s-allige,dermatophagoidespteronyssinus,pölypun	u/ml	H	34	34
s-allige,dermatophagoidespteronyssinus,pölypun	u/ml	N	33	33
s-allige,dermatophagoidespteronyssinus,pölypun		N	284	283
s-allige,dermatophagoidespteronyssinus,pölypunkki/dammvalster	u/ml	A	22	22
s-allige,dermatophagoidespteronyssinus,pölypunkki/dammvalster	u/ml	N	13	13
s-allige,dermatophagoidespteronyssinus,pölypunkki/dammvalster		N	133	132
s-allige,gliadiini,vehnä		N	45	45
s-allige,hasselpähkinä/hasselnöt	u/ml	H	15	15
s-allige,hasselpähkinä/hasselnötosa	u/ml	A	7	7
s-allige,hevonen(hilse)/häst(mjäll)	u/ml	A	16	16
s-allige,hevonen(hilse)/häst(mjäll)	u/ml	H	28	28
s-allige,hevonen(hilse)/häst(mjäll)	u/ml	N	29	29
s-allige,hevonen(hilse)/häst(mjäll)		N	358	357
s-allige,kala(turska)/fisk(torsk)		N	111	111
s-allige,kaseiini		N	43	43
s-allige,kaseiini/casein		N	20	20
s-allige,kaseiiniosa		N	18	18
s-allige,katkarapu/räka		N	7	7
s-allige,kaura(jauho)/havre(mjöl)		N	19	19
s-allige,kissa(hilse)/katt(mjäll)	u/ml	A	12	12
s-allige,kissa(hilse)/katt(mjäll)	u/ml	H	65	65
s-allige,kissa(hilse)/katt(mjäll)	u/ml	N	32	32
s-allige,kissa(hilse)/katt(mjäll)		N	306	305
s-allige,kissa(hilse)/katt(mjäll)osa	u/ml	A	17	17
s-allige,kissa(hilse)/katt(mjäll)osa	u/ml	N	6	6
s-allige,kissa(hilse)/katt(mjäll)osa		N	25	25
s-allige,koira(hilse)/hund(mjäl)	u/ml	A	13	13
s-allige,koira(hilse)/hund(mjäl)	u/ml	H	66	66
s-allige,koira(hilse)/hund(mjäl)	u/ml	N	34	34
s-allige,koira(hilse)/hund(mjäl)		N	303	302
s-allige,koira(hilse)/hund(mjäll)osa	u/ml	A	37	36
s-allige,koira(hilse)/hund(mjäll)osa	u/ml	N	15	15
s-allige,koira(hilse)/hund(mjäll)osa		N	73	72
s-allige,koivu/björk	u/ml	A	67	67
s-allige,koivu/björk	u/ml	H	115	115
s-allige,koivu/björk	u/ml	N	30	30
s-allige,koivu/björk		N	342	340
s-allige,kookospähkinä/kokosnöt		N	8	8
s-allige,lehmä(hilse)/ko(mjäll)		N	7	7
s-allige,leppä/al		N	7	6
s-allige,maapähkinä/jordnöt	u/ml	H	7	7
s-allige,maapähkinä/jordnöt	u/ml	N	12	12
s-allige,maapähkinä/jordnöt		N	54	53
s-allige,maapähkinä/jordnötosatutkimus	u/ml	A	7	6
s-allige,maapähkinä/jordnötosatutkimus		N	35	35
s-allige,maissi/majs		N	8	8
s-allige,maito/mjölk		N	48	48
s-allige,maito/mjölktk		N	34	34
s-allige,manteli/mandel		N	6	6
s-allige,munanvalkuainen/äggvita		N	49	49
s-allige,munanvalkuainen/äggvitaosa		N	33	33
s-allige,nglym5(f431,natiivi,soijapapu)		N	21	21
s-allige,nglym5(varastoproteiini/lagerprotein		N	43	43
s-allige,nglym6(f432,natiivi,soijapapu)		N	20	20
s-allige,nglym6(varastoproteiini/lagerprotein		N	43	43
s-allige,ohra(jauho)/korn(mjöl)		N	18	18
s-allige,omega-5gliadin		N	84	84
s-allige,ovomukoidi		N	22	22
s-allige,ovomukoidi/ovomucoid		N	41	41
s-allige,ovomukoidiosatutkimus		N	23	23
s-allige,parapähkinä/paranöt		N	16	16
s-allige,pekaanipähkinä/pekannöt		N	18	18
s-allige,pistaasi(manteli)/pistasch(mandel)		N	16	16
s-allige,pujo/grabo	u/ml	A	36	36
s-allige,pujo/grabo	u/ml	H	36	36
s-allige,pujo/grabo	u/ml	N	43	43
s-allige,pujo/grabo		N	407	405
s-allige,ranao3(f443,rekombinantti,cashewpä		N	20	20
s-allige,rarah1(f422,rekombinantti,maapähki		N	60	59
s-allige,rarah1(f422,rekombinantti,maapähkinä)		N	23	23
s-allige,rarah2(f423,rekombinantti,maapähki		N	60	59
s-allige,rarah2(f423,rekombinantti,maapähkinä)		N	21	21
s-allige,rarah3(f424,rekombinantti,maapähki		N	41	41
s-allige,rarah3(f424,rekombinantti,maapähkinä)		N	21	21
s-allige,rarah6(f447,rekombinantti,maapähki		N	20	20
s-allige,rarah8pr-10(f352,rekombinantti,ma	u/ml	H	6	6
s-allige,rarah8pr-10(f352,rekombinantti,ma		N	58	58
s-allige,rarah8pr-10(rf352,rekombinantti,maapähkinä)		N	21	21
s-allige,rarah9ltp(f427,rekombinantti,maap		N	60	59
s-allige,rarah9ltp(f427,rekombinantti,maapähkinä)		N	21	21
s-allige,rbere1(f354,rekombinantti,parapähkin		N	22	22
s-allige,rcora1(f428,rekombinantti,hasselpäh	u/ml	H	14	14
s-allige,rcora1(f428,rekombinantti,hasselpäh		N	9	9
s-allige,rcora14(f439,rekombinantti,hasselpä		N	12	12
s-allige,rcora8(f425,rekombinantti,hasselpäh		N	12	12
s-allige,rcora9(f440,rekombinantti,hasselpäh		N	11	11
s-allige,rglym4pr-10(f353,rekombinantti,so		N	43	43
s-allige,rglym4pr-10(f353,rekombinantti,soijapapu)		N	20	20
s-allige,riisi/ris		N	8	8
s-allige,rjugr1(f441,rekombinantti,saksanpäh		N	21	21
s-allige,rjugr3(f442,rekombinantti,saksanpähk		N	21	21
s-allige,ruis(jauho)/r}g(mjöl)		N	20	20
s-allige,saksanpähkinä(ruoka-aine)/valnöt(födoämn)		N	13	13
s-allige,seesaminsiemen/sesamfrö		N	8	8
s-allige,sinisimpukka/blamussla		N	7	7
s-allige,soijapapu/sojaböna	u/ml	N	6	6
s-allige,soijapapu/sojaböna		N	46	46
s-allige,soijapapu/sojabönaosatutkimus		N	31	30
s-allige,tattari/bovete		N	8	8
s-allige,timotei/timotej	u/ml	A	62	62
s-allige,timotei/timotej	u/ml	H	112	112
s-allige,timotei/timotej	u/ml	N	24	24
s-allige,timotei/timotej		N	359	357
s-allige,vehnä(jauho)/vete(mjöl)		N	86	86
s-altalte		N	61	59
s-amebab		N	12	11
s-amh	ug/l	A	403	311
s-amh	ug/l	H	219	202
s-amh	ug/l	L	194	171
s-amh	ug/l	N	2804	2354
s-amh		A	96	77
s-amh		L	86	73
s-amh		N	325	181
s-ami	mg/l	N	50	10
s-ami		N	49	11
s-aminors	nmol/l	A	22	16
s-aminors		L	9	9
s-aminors		N	7	6
s-amiod	umol/l	A	10	10
s-amiod	umol/l	L	9	9
s-amisulpridi	ug/l	N	13	8
s-amitrip	nmol/l	N	16	15
s-amokse	u/ml	N	62	61
s-amoksilliiniige-vasta-aineet		N	16	15
s-ampise	u/ml	N	45	44
s-ampmyre	u/ml	A	109	102
s-ampmyre	u/ml	H	56	52
s-ampmyre	u/ml	N	71	69
s-ampmyre		A	12	12
s-ampmyre		H	8	8
s-ampmyre		N	7	7
s-amyl	u/l	A	150	130
s-amyl	u/l	H	263	195
s-amyl	u/l	L	213	188
s-amyl	u/l	N	3069	2846
s-amyl		A	18	14
s-amyl		L	7	7
s-amyl		N	52	49
s-amyl-is		N	68	68
s-amylaasi	u/l	N	51	50
s-amylp	u/l	A	80	74
s-amylp	u/l	H	13	13
s-amylp	u/l	N	62	58
s-amylp		A	25	23
s-amyls	u/l	A	88	78
s-amyls	u/l	H	9	9
s-amyls	u/l	L	6	6
s-amyls	u/l	N	56	53
s-amyls		A	17	13
s-ana	titre	A	3747	2747
s-ana	titre	H	715	551
s-ana	titre	N	1512	1428
s-ana		A	1132	925
s-ana		H	1154	798
s-ana		N	17645	14870
s-ana(ait)	titre	A	25	23
s-ana-ab	titre	A	9	9
s-ana-ab		A	14	13
s-ana-ab		N	115	104
s-ana-ty	u/ml	N	8	8
s-ana-ty		A	815	616
s-ana-ty		N	563	467
s-anaab	titre	A	65	53
s-anaab	titre	H	79	74
s-anaab	titre	N	7	6
s-anaab		A	60	54
s-anaab		H	99	89
s-anaab		N	92	92
s-anaab-a		N	869	832
s-anaabbl		N	968	851
s-ananase	u/ml	N	21	21
s-anaty-jt		A	14	12
s-anca		N	2405	2145
s-anca,perinukleaarinenvärjäytymiskuvio	titre	A	6	6
s-anca,perinukleaarinenvärjäytymiskuvio		N	37	11
s-anca,sytoplasminenvärjäytymiskuvio		N	41	12
s-anca-p	titre	A	28	10
s-anca-t		N	26	26
s-ancabk		N	172	168
s-ancapika		A	10	10
s-ancatut		N	6	6
s-ancif		N	271	236
s-anplabg		N	9	8
s-antistreptolysiini	iu/ml	N	13	13
s-antistreptolysiini		N	53	52
s-antitry	g/l	A	1070	1012
s-antitry	g/l	H	220	216
s-antitry	g/l	L	92	86
s-antitry	g/l	N	1093	1051
s-antitry		A	159	145
s-antitry		H	15	15
s-apim10e	u/ml	A	9	8
s-apim10e	u/ml	N	8	8
s-apob/a1		H	957	826
s-apob/a1-suhde		H	49	49
s-apob/a1-suhde		N	144	143
s-apob/apoa1-suhde		H	1049	1044
s-apolipoproteiinia1	g/l	H	8	8
s-apolipoproteiinia1	g/l	L	11	11
s-apolipoproteiinia1	g/l	N	246	228
s-apolipoproteiinib	g/l	L	12	11
s-apolipoproteiinib	g/l	N	248	229
s-appelse	u/ml	N	24	23
s-appelse		N	6	6
s-apututkimusneuvolalletr1seulvarten		N	42	41
s-aqp4ab		N	300	261
s-aridhas	nmol/l	A	7	7
s-aridhas	ug/l	A	17	15
s-aridhas	ug/l	H	7	6
s-aridhas	ug/l	N	20	18
s-aridhas		N	29	26
s-aripi	nmol/l	A	138	102
s-aripi	nmol/l	H	42	21
s-aripi	nmol/l	L	22	14
s-aripi	nmol/l	N	46	38
s-aripi	ug/l	N	31	20
s-aripi		A	39	35
s-aripi		N	14	11
s-aripipr	nmol/l	H	70	40
s-aripipr	nmol/l	L	19	16
s-aripipr	nmol/l	N	139	101
s-aripipr	ug/l	N	92	64
s-aripipr		N	6	6
s-aripipratsoli	nmol/l	A	6	6
s-aripipratsolinjadehydroaripipratsolinyht.lask.pitoisuus	ug/l	N	21	13
s-asat	iu/l	N	247	190
s-asat	u/l	A	550	415
s-asat	u/l	H	3426	2329
s-asat	u/l	L	350	310
s-asat	u/l	N	4380	3410
s-asat		L	13	13
s-asat		N	49	48
s-asca		N	89	84
s-asca-aba	u/ml	A	9	7
s-asca-abg	u/ml	A	6	6
s-ascaba	u/ml	A	40	39
s-ascaba	u/ml	H	33	30
s-ascaba		A	10	10
s-ascaba		N	73	70
s-ascabg	u/ml	A	30	28
s-ascabg	u/ml	H	27	24
s-ascabg		A	7	7
s-ascabg		N	80	77
s-asetoni	mmol/l	N	21	16
s-asetoni		N	138	83
s-asiroe	u/ml	A	15	15
s-asiroe	u/ml	N	7	7
s-asiroe		N	8	8
s-aspartaattiaminotransferaasi	u/l	A	57	53
s-aspartaattiaminotransferaasi	u/l	N	497	436
s-aspartaattiaminotransferaasi		N	7	7
s-aspeag	index	A	31	8
s-aspeag		H	22	11
s-aspeag		N	394	245
s-aspergillusfumigatus,igevasta-aineet	u/ml	A	16	13
s-aspergillusfumigatus,igevasta-aineet		N	13	13
s-aspergillusversicolor(gm25),ige-vasta-aineet		N	11	11
s-aspergillusvesicolor,igevasta-aineet		N	18	18
s-aspfume	u/ml	A	612	253
s-aspfume	u/ml	H	154	94
s-aspfume	u/ml	N	408	366
s-aspfume		A	36	26
s-aspfume		H	17	17
s-aspfume		N	159	155
s-aspfumg	mg/l	N	151	114
s-aspfumg		N	8	7
s-aspvere	u/ml	N	9	9
s-ast	iu/ml	A	229	197
s-ast	iu/ml	H	153	140
s-ast	iu/ml	HH	11	9
s-ast	iu/ml	N	183	180
s-ast	u/ml	A	76	67
s-ast	u/ml	H	37	34
s-ast	u/ml	N	23	22
s-ast		A	25	22
s-ast		H	91	82
s-ast		N	819	778
s-asta	iu/ml	A	94	75
s-asta	iu/ml	H	12	11
s-asta		A	14	12
s-asta		H	22	19
s-asta		N	602	568
s-aurkuke	u/ml	N	6	6
s-aurpulg	mg/l	N	7	6
s-avokade	u/ml	N	13	13
s-b12	pmol/l	A	11	10
s-b12	pmol/l	N	35	34
s-b12-akt	pmol/l	A	129	112
s-b12-tc2	pmol/l	A	3646	3108
s-b12-tc2	pmol/l	H	332	317
s-b12-tc2	pmol/l	L	1495	1289
s-b12-tc2	pmol/l	N	54903	40089
s-b12-tc2		A	1300	1150
s-b12-tc2		H	458	407
s-b12-tc2		L	8379	7521
s-b12-tc2		N	62036	43669
s-b12-vit	pmol/l	A	12436	9501
s-b12-vit	pmol/l	AA	30	28
s-b12-vit	pmol/l	H	3485	3090
s-b12-vit	pmol/l	L	224	211
s-b12-vit	pmol/l	N	11323	9613
s-b12-vit		A	4307	3465
s-b12-vit		H	2504	2096
s-b12-vit		L	243	233
s-b12-vit		N	5639	4505
s-b12-vitamiini	pmol/l	A	149	146
s-b12-vitamiini	pmol/l	H	20	20
s-b12-vitamiini	pmol/l	N	113	106
s-b12-vitamiini		A	11	10
s-b12-vitamiini		N	9	9
s-b12-vitamiini(ko)	pmol/l	N	44	42
s-b12-vitamiini(pi)	pmol/l	N	36	34
s-b12-vitamiini,aktiivinen	pmol/l	A	47	42
s-b12-vitamiini,aktiivinen	pmol/l	L	26	23
s-b12-vitamiini,aktiivinen	pmol/l	N	27	25
s-b12-vitamiini,aktiivinen		N	14	14
s-b12-vitamiini,transkobalamiiniii:eensit.	pmol/l	A	11	10
s-b12-vitamiini,transkobalamiiniii:eensit.	pmol/l	N	69	63
s-b12-vitamiini,transkobalamiiniii:eensit.		N	149	138
s-b12-vitamiini,transkobalamiiniii:eensitoutun	pmol/l	A	57	56
s-b12-vitamiini,transkobalamiiniii:eensitoutunut,seerumista	pmol/l	N	75	64
s-b12-vitamiini,transkobalamiiniii:eensitoutunut,seerumista		N	76	69
s-b12-vitamiini,transkobalamiiniii:nsitoutunut	pmol/l	L	25	20
s-b12-vitamiini,transkobalamiiniii:nsitoutunut	pmol/l	N	1024	976
s-b12-vitamiini,transkobalamiiniii:nsitoutunut		N	580	560
s-b12-vitamiini.aktiivinen	pmol/l	A	15	15
s-b12t-c2	pmol/l	A	7	7
s-b12vit	pmol/l	A	27	25
s-b1glob	g/l	A	138	47
s-b1glob		N	16	15
s-b2glob	g/l	A	149	48
s-b2glob		N	16	14
s-b2gpabg	sgu	A	30	20
s-b2gpabg	u/ml	A	67	43
s-b2gpabg	u/ml	N	55	48
s-b2gpabg		A	12	9
s-b2gpabg		N	21	19
s-b2gpabm	u/ml	A	46	35
s-b2gpabm		A	11	8
s-b2gpabm		N	18	16
s-b2miglo	mg/l	A	2494	1466
s-b2miglo	mg/l	H	840	652
s-b2miglo	mg/l	N	425	360
s-b2miglo		A	162	107
s-b2miglo		H	16	14
s-b6-vit	nmol/l	A	183	168
s-b6-vit	nmol/l	H	35	29
s-b6-vit	nmol/l	N	60	58
s-b6-vit		A	14	14
s-banaane	u/ml	A	22	22
s-banaane	u/ml	H	14	13
s-banaane	u/ml	N	44	43
s-bartab		N	126	125
s-basilie	u/ml	N	7	7
s-beeta-1	g/l	H	9	6
s-beeta-1-globuliini	g/l	N	8	7
s-beeta-1-globuliini,fraktio	g/l	N	56	53
s-beeta-2	g/l	H	13	9
s-beeta-2-globuliini	g/l	N	11	9
s-beeta-2-globuliini,fraktio	g/l	N	57	54
s-beeta-2-mikroglobuliini	mg/l	A	45	43
s-belacte	u/ml	A	37	20
s-belacte	u/ml	H	7	7
s-beta-1	g/l	A	1508	789
s-beta-1	g/l	H	454	115
s-beta-1	g/l	L	1449	785
s-beta-1	g/l	N	11586	5210
s-beta-1		A	292	227
s-beta-1		H	18	15
s-beta-1		L	42	39
s-beta-1		N	14	14
s-beta-1-fraktio	g/l	A	480	257
s-beta-1-fraktio	g/l	N	1900	930
s-beta-2	g/l	A	1834	867
s-beta-2	g/l	H	1987	852
s-beta-2	g/l	L	537	171
s-beta-2	g/l	N	11044	5033
s-beta-2		A	350	294
s-beta-2		H	75	60
s-beta-2		L	33	18
s-beta-2		N	14	14
s-beta-2-fraktio	g/l	A	558	323
s-beta-2-fraktio	g/l	N	1847	858
s-beta-2-fraktio		A	7	7
s-beta-2-globuliini,osatutkimuss-prot-fr	g/l	A	12	11
s-beta1	g/l	A	187	52
s-beta1	g/l	N	353	291
s-beta1		N	46	45
s-beta1-globuliini(valetietues-prot-fr)	g/l	A	9	7
s-beta2	g/l	A	200	98
s-beta2	g/l	N	341	278
s-beta2		N	43	42
s-bil	umol/l	A	338	205
s-bil	umol/l	H	901	647
s-bil	umol/l	L	673	609
s-bil	umol/l	N	3810	3359
s-bil		A	12	12
s-bil		H	33	28
s-bil		L	95	94
s-bil		N	403	332
s-bil-kj	umol/l	A	131	105
s-bil-kj	umol/l	H	1239	914
s-bil-kj	umol/l	N	793	735
s-bil-kj		N	34	31
s-bilirubiini	umol/l	N	53	52
s-bio		N	3355	3055
s-biofmc		N	91	85
s-biol		N	190	190
s-biol2		N	52	52
s-biomam		N	78	76
s-björk	u/ml	A	12	11
s-björk		N	79	76
s-björke		N	7	7
s-bopeab		N	576	530
s-bopeaba	iu/ml	A	75	66
s-bopeaba	iu/ml	H	134	121
s-bopeaba	iu/ml	N	253	247
s-bopeaba		A	87	76
s-bopeaba		H	54	48
s-bopeaba		N	603	573
s-bopeabg	iu/ml	A	89	78
s-bopeabg	iu/ml	H	153	139
s-bopeabg	iu/ml	N	257	253
s-bopeabg		A	51	49
s-bopeabg		H	62	57
s-bopeabg		N	459	437
s-bopeabm	index	A	49	37
s-bopeabm	index	H	17	14
s-bopeabm		A	21	19
s-bopeabm		H	18	16
s-bopeabm		N	517	492
s-bor-abg	ru/ml	A	14	10
s-bor-abg	u/ml	A	25	19
s-bor-abg		N	41	35
s-bor-abm	ru/ml	A	12	9
s-bor-abm		A	18	14
s-bor-abm		N	41	35
s-borabgjt		A	9	8
s-borabgjt		N	7	7
s-borabgv	au/ml	A	180	137
s-borabgv	au/ml	H	65	58
s-borabgv		A	229	196
s-borabgv		N	9	8
s-borabgvosat.	au/ml	A	25	21
s-borabgvosat.		N	29	24
s-borabjt		A	10	10
s-borabjt		N	294	277
s-borabmjt		A	8	6
s-borabmjt		N	7	7
s-borabmo	au/ml	H	8	8
s-borabmv	au/ml	A	114	84
s-borabmv	au/ml	H	52	44
s-borabmv		A	138	117
s-borabmvosat.	au/ml	A	26	22
s-borabmvosat.	au/ml	N	30	27
s-borc6ab		A	165	143
s-borc6ab		N	237	228
s-bordetellapertussis,iga-vasta-aineet		N	20	19
s-bordetellapertussis,igavasta-aineet	iu/ml	A	8	8
s-bordetellapertussis,igavasta-aineet	iu/ml	N	14	13
s-bordetellapertussis,igavasta-aineet		N	29	28
s-bordetellapertussis,igg-vasta-aineet	iu/ml	N	7	6
s-bordetellapertussis,igg-vasta-aineet		N	25	24
s-bordetellapertussis,iggvasta-aineet	iu/ml	A	9	8
s-bordetellapertussis,iggvasta-aineet	iu/ml	N	18	18
s-bordetellapertussis,iggvasta-aineet		A	7	7
s-bordetellapertussis,iggvasta-aineet		N	23	23
s-bordetellapertussis,igm-vasta-aineet		N	19	19
s-bordetellapertussis,igmvasta-aineet		N	13	13
s-bordetellapertussis,vasta-aineet		N	18	18
s-bordetellapertussis,vasta-aineet,lausunto		A	7	7
s-bordetellapertussis,vasta-aineet,lausunto		N	14	14
s-borrab		A	78	59
s-borrab		N	6080	5303
s-borrab,c6-indeksi		H	11	11
s-borrab,c6-indeksi		N	8	8
s-borrabg	au/ml	A	97	78
s-borrabg	au/ml	H	937	774
s-borrabg	au/ml	N	206	192
s-borrabg	form	N	10	9
s-borrabg	responseequivalent/ml	A	1166	896
s-borrabg	responseequivalent/ml	H	461	348
s-borrabg	responseequivalent/ml	N	7	7
s-borrabg	ru/ml	H	368	298
s-borrabg	u/ml	A	18	14
s-borrabg		A	382	316
s-borrabg		H	1004	823
s-borrabg		N	5882	5272
s-borrabm	au/ml	A	91	70
s-borrabm	au/ml	H	1114	883
s-borrabm	au/ml	N	970	904
s-borrabm	form	N	17	15
s-borrabm	responseequivalent/ml	A	1991	1600
s-borrabm	responseequivalent/ml	H	549	430
s-borrabm	responseequivalent/ml	N	17	17
s-borrabm	ru/ml	A	12	12
s-borrabm	ru/ml	H	591	447
s-borrabm	ru/ml	N	45	42
s-borrabm		A	313	250
s-borrabm		H	1649	1388
s-borrabm		N	4797	4338
s-borrc6	au	A	12	7
s-borrc6	au	N	9	9
s-borrc6	li	A	20	15
s-borrc6	u	N	8	8
s-borrelia,iggvasta-aineet	au/ml	A	59	50
s-borrelia,iggvasta-aineet	u/ml	A	19	19
s-borrelia,iggvasta-aineet		A	15	15
s-borrelia,iggvasta-aineet		N	121	109
s-borrelia,igm-vasta-aineet		A	18	12
s-borrelia,igm-vasta-aineet		N	71	67
s-borrelia,igmvasta-aineet	au/ml	A	27	25
s-borrelia,igmvasta-aineet	au/ml	N	12	11
s-borrelia,igmvasta-aineet	responseequivalent/ml	A	6	6
s-borrelia,igmvasta-aineet	ru/ml	N	12	12
s-borrelia,igmvasta-aineet		A	7	6
s-borrelia,igmvasta-aineet		N	28	26
s-borrelia,vasa-aineetigmjatkotutkimus		N	6	6
s-borrelia,vasta-aineet		N	45	42
s-borrelia,vasta-aineet,lausunto		A	29	22
s-borrelia,vasta-aineet,lausunto		N	134	119
s-borrelia,vasta-aineetiggjatkotutkimus		A	11	10
s-borrelia,vasta-aineetiggjatkotutkimus		N	24	24
s-borrelia,vasta-aineetiggvarmistustutkimus	au/ml	A	133	102
s-borrelia,vasta-aineetiggvarmistustutkimus	au/ml	H	38	35
s-borrelia,vasta-aineetiggvarmistustutkimus	au/ml	N	28	26
s-borrelia,vasta-aineetiggvarmistustutkimus		A	45	37
s-borrelia,vasta-aineetiggvarmistustutkimus		H	16	16
s-borrelia,vasta-aineetiggvarmistustutkimus		N	175	152
s-borrelia,vasta-aineetigmjatkotutkimus		N	25	25
s-borrelia,vasta-aineetigmvarmistustutkimus	au/ml	A	103	77
s-borrelia,vasta-aineetigmvarmistustutkimus	au/ml	H	44	35
s-borrelia,vasta-aineetigmvarmistustutkimus	au/ml	N	247	216
s-borrelia,vasta-aineetigmvarmistustutkimus		A	24	18
s-borrelia,vasta-aineetigmvarmistustutkimus		H	20	19
s-borrelia,vasta-aineetigmvarmistustutkimus		N	61	55
s-borrelia,vasta-ainetutkimus,laaja		N	19	19
s-borreliaburgdorferi,c6vasta-aineet		A	45	38
s-borreliaburgdorferi,iggvasta-aineet	au/ml	A	41	37
s-borreliaburgdorferi,iggvasta-aineet		A	6	6
s-borreliaburgdorferi,iggvasta-aineet		N	20	19
s-borreliaburgdorferi,iggvasta-aineet(ko)		N	22	21
s-borreliaburgdorferi,igmvasta-aineet	au/ml	A	35	34
s-borreliaburgdorferi,igmvasta-aineet	responseequivalent/ml	A	19	18
s-borreliaburgdorferi,igmvasta-aineet		N	19	19
s-borreliaburgdorferi,igmvasta-aineet(ko)		N	21	20
s-borreliaburgdorferii,iggvasta-aineet		N	74	70
s-borreliaburgdorferii,igmvasta-aineet		N	74	70
s-borreliaburgdorferii,vasta-aineet		N	62	60
s-borreliaigg,vasta-aineet	au/ml	A	11	8
s-borreliaigg,vasta-aineet		N	13	12
s-borreliaigm,vasta-aineet		N	13	12
s-borreliavasta-aineetiggjatkotutkimus		N	6	6
s-borrigg	u/ml	A	8	7
s-borrigg	u/mol	N	10	10
s-borrp		N	19	19
s-borrwbg		N	15	15
s-bp180ab	u/ml	A	7	6
s-bp230ab		N	52	48
s-br	mmol/l	N	52	8
s-brucab		N	105	86
s-c-anca	titre	A	259	123
s-c-anca		A	35	19
s-c-anca		N	58	58
s-c-anca-vasta-aineet,immunofluoresenssi	titre	A	14	8
s-c-anca-vasta-aineet,immunofluoresenssi		N	244	237
s-c-ancab		N	6	6
s-c-ancif	titre	A	124	86
s-c-ancif	titre	H	7	6
s-c-ancif		A	13	10
s-c-ancif		H	25	23
s-c-ancif		N	1413	1241
s-c-def		N	260	204
s-c-pep-a	nmol/l	A	411	372
s-c-pep-a	nmol/l	H	617	566
s-c-pep-a	nmol/l	L	629	514
s-c-pep-a	nmol/l	N	351	313
s-c-pep-a		A	69	67
s-c-pep-a		H	70	69
s-c-pep-a		L	93	80
s-c-pep-a		N	83	79
s-c-pept	nmol/l	A	62	49
s-c-pept	nmol/l	N	32	29
s-c-pept		A	42	42
s-c-pept		N	36	32
s-c-pept-r	nmol/l	A	11	11
s-c-pept-r	nmol/l	N	9	9
s-c-peptidi+gluk(2tuntiaateriasta)	nmol/l	N	6	6
s-c-peptidi,2haterianjälkeen	nmol/l	A	6	6
s-c-peptidi,proinsuliinin,aterianjälkeen	nmol/l	A	30	28
s-c-peptidi1haterianjäkeen	nmol/l	A	36	32
s-c-peptidi1haterianjälkeen	nmol/l	A	23	23
s-c-peptidi1haterianjälkeen	nmol/l	H	98	92
s-c-peptidi1haterianjälkeen	nmol/l	L	35	30
s-c-peptidi1haterianjälkeen	nmol/l	N	22	22
s-c-peptidiaterianjälkeen	nmol/l	A	30	30
s-c-peptidiaterianjälkeen	nmol/l	H	36	36
s-c-peptidiaterianjälkeen	nmol/l	L	19	18
s-c-peptidiaterianjälkeen	nmol/l	N	38	36
s-c-peptidikaksituntiaaterianjälkeen	nmol/l	A	34	33
s-c-peptidikaksituntiaaterianjälkeen	nmol/l	N	7	7
s-c-reaktiivinenproteiini	mg/l	A	194	165
s-c-reaktiivinenproteiini	mg/l	N	578	483
s-c-reaktiivinenproteiini		N	121	79
s-c-reaktiivinenproteiini,herkkä	mg/l	A	257	237
s-c-reaktiivinenproteiini,herkkä	mg/l	H	16	16
s-c-reaktiivinenproteiini,herkkä	mg/l	N	527	490
s-c-reaktiivinenproteiini,herkkä		N	34	33
s-c-reaktiivinenproteiini,herkkä,seerumista	mg/l	A	24	17
s-c-reaktiivinenproteiini,herkkä,seerumista	mg/l	N	27	18
s-c-reaktiivinenproteiini,herkkä,seerumista/vapaty2	mg/l	N	12	12
s-c-reaktiivinenproteiini,pika	mg/l	A	32	26
s-c-reaktiivinenproteiini,pika	mg/l	N	45	41
s-c-reaktiivinenproteiini,pika		A	12	11
s-c-reaktiivinenproteiini,pika		N	187	156
s-c-reaktiivinenproteiini/	mg/l	A	48	43
s-c-reaktiivinenproteiini/	mg/l	N	143	131
s-c1inh	g/l	A	80	63
s-c1inh	g/l	H	24	23
s-c1inh	g/l	L	25	15
s-c1inh	g/l	N	371	342
s-c1inh		A	17	14
s-c1inh		N	9	8
s-c1inhbk	%	L	13	6
s-c1inhbk	%	N	252	235
s-c1inhbk	g/l	N	6	6
s-c1inhbk		N	22	22
s-c3	g/l	A	1182	883
s-c3	g/l	H	1032	887
s-c3	g/l	L	365	151
s-c3	g/l	N	3596	2315
s-c3		A	100	90
s-c3nef		N	61	50
s-c4	g/l	A	952	514
s-c4	g/l	H	570	514
s-c4	g/l	L	654	244
s-c4	g/l	N	3741	2511
s-c4		A	113	73
s-c4		L	58	15
s-c4		N	11	11
s-ca	g/l	N	8	6
s-ca	mmol/l	A	190	155
s-ca	mmol/l	H	987	852
s-ca	mmol/l	L	248	213
s-ca	mmol/l	N	6311	5586
s-ca		H	38	36
s-ca		L	44	44
s-ca		N	1688	1437
s-ca(7.4)	mmol/l	A	12193	3290
s-ca(7.4)	mmol/l	H	17	17
s-ca(7.4)	mmol/l	L	12	8
s-ca(7.4)	mmol/l	N	3952	2798
s-ca(7.4)	nmol/l	A	20	15
s-ca(7.4)	nmol/l	N	73	65
s-ca(7.4)		A	506	325
s-ca(7.4)		H	585	337
s-ca(7.4)		L	154	91
s-ca(7.4)		N	3646	2706
s-ca(akt)	mmol/l	A	34568	8622
s-ca(akt)	mmol/l	N	617	516
s-ca(akt)		A	2560	1339
s-ca++/7.40		A	1016	704
s-ca-17.4	mmol/l	A	204	75
s-ca-17.4	mmol/l	N	164	95
s-ca-akt	mmol/l	A	54	30
s-ca-albk	mmol/l	A	369	202
s-ca-albk	mmol/l	H	520	457
s-ca-albk	mmol/l	L	43	41
s-ca-albk	mmol/l	N	3908	3239
s-ca-albk		A	13	13
s-ca-albk		L	15	14
s-ca-albk		N	428	312
s-ca-i7.4	mmol/l	A	12450	4098
s-ca-i7.4	mmol/l	N	432	314
s-ca-i7.4		A	1530	615
s-ca-i7.4		N	896	537
s-ca-ion	mmol/l	A	64768	16303
s-ca-ion	mmol/l	H	22671	8075
s-ca-ion	mmol/l	HH	649	216
s-ca-ion	mmol/l	L	22481	6882
s-ca-ion	mmol/l	LL	82	54
s-ca-ion	mmol/l	N	129434	48896
s-ca-ion		A	3729	1936
s-ca-ion		H	1421	823
s-ca-ion		HH	15	11
s-ca-ion		L	904	623
s-ca-ion		N	10245	7334
s-ca-ion,osatutkimus2019		N	36	32
s-ca-iona	mmol/l	N	115156	35065
s-ca-iona		N	1301	758
s-ca12-5	u/ml	A	7773	2048
s-ca12-5	u/ml	H	6435	1509
s-ca12-5	u/ml	N	11916	4005
s-ca12-5		A	262	109
s-ca12-5		H	31	24
s-ca12-5		N	975	345
s-ca12-5antigeeni	u/ml	A	149	42
s-ca15-3	u/ml	A	4235	806
s-ca15-3	u/ml	H	2030	482
s-ca15-3	u/ml	N	5982	2201
s-ca15-3		A	82	40
s-ca15-3		H	32	14
s-ca15-3		N	245	170
s-ca15-3antigeeni	u/ml	A	99	32
s-ca153kym	u/ml	A	8	8
s-ca153ver	u/ml	A	66	60
s-ca19-9	u/ml	A	7796	2265
s-ca19-9	u/ml	H	5338	1594
s-ca19-9	u/ml	N	12827	4479
s-ca19-9		A	240	137
s-ca19-9		H	71	48
s-ca19-9		N	2557	1200
s-ca19-9antigeeni	u/ml	A	210	64
s-ca199ver	u/ml	A	86	79
s-ca199ver	u/ml	N	15	15
s-ca199ver		A	9	8
s-caio7.4	mmol/l	A	270	113
s-caion7.4	mmol/l	A	848	299
s-caionac	mmol/l	A	256	111
s-caknab	index	A	7	6
s-cakpqab		N	7	6
s-campab		N	367	356
s-campaba	titre	A	78	70
s-campaba	titre	H	9	8
s-campaba	titre	N	6	6
s-campaba	u/ml	A	7	6
s-campaba		H	17	14
s-campaba		N	354	344
s-campabg	titre	A	50	41
s-campabg	titre	H	11	7
s-campabg	titre	N	8	8
s-campabg	u/ml	A	14	14
s-campabg	u/ml	N	25	24
s-campabg		H	10	8
s-campabg		N	339	330
s-campabm	titre	A	59	47
s-campabm	titre	N	7	7
s-campabm		H	11	10
s-campabm		N	191	186
s-campylobacter,vasta-aineet,lausunto		N	19	18
s-caph7.4	mmol/l	A	915	386
s-caph7.4		A	51	33
s-cashewpähkinä(f202),igevasta-aineet	u/ml	N	32	31
s-caspähe	u/ml	A	60	53
s-caspähe	u/ml	H	80	69
s-caspähe	u/ml	N	519	502
s-caspähe		A	9	8
s-caspähe		N	6	6
s-ccpab	eliau/ml	H	202	178
s-ccpab	eliau/ml	N	31	31
s-ccpab	form	A	15	15
s-ccpab	form	N	424	364
s-ccpab	u/ml	A	2781	1980
s-ccpab	u/ml	H	1153	893
s-ccpab	u/ml	N	7093	6407
s-ccpab		A	4192	3759
s-ccpab		H	655	584
s-ccpab		N	17629	15765
s-cdt	%	A	4683	2615
s-cdt	%	H	3949	2398
s-cdt	%	HH	8	6
s-cdt	%	N	18758	14586
s-cdt	u/l	N	20	18
s-cdt		A	1271	786
s-cdt		H	550	374
s-cdt		N	1344	1131
s-cea	ug/l	A	17487	4669
s-cea	ug/l	H	7033	2208
s-cea	ug/l	HH	21	18
s-cea	ug/l	N	20674	7251
s-cea		A	614	345
s-cea		H	89	67
s-cea		N	12146	4755
s-ceakym	ug/l	A	39	32
s-ceaver	ug/l	A	182	163
s-ceaver	ug/l	H	8	8
s-ceaver	ug/l	N	21	20
s-cenp		A	18	10
s-cenp-ab	u/ml	A	85	59
s-cenp-ab		A	74	57
s-ch100al	%	A	65	40
s-ch100al	%	L	41	16
s-ch100al	%	N	390	317
s-ch100cl	%	A	59	39
s-ch100cl	%	L	59	26
s-ch100cl	%	N	370	307
s-ch100l	%	A	238	178
s-ch100l	%	L	110	69
s-ch100l	%	N	307	254
s-ch100l		L	12	6
s-chikvab		N	6	6
s-chipipe	u/ml	N	24	23
s-chlaab		N	49	45
s-chlacf		N	29	27
s-chlamydiapneumoniae(twar),iggvasta-aineet	eiu	N	18	17
s-chlamydiapneumoniae(twar),iggvasta-aineet		N	31	30
s-chlamydiapneumoniae(twar),igmvasta-aineet		N	51	49
s-chlamydiapneumoniae,(twar),vasta-aineet		N	51	49
s-chlamydiapneumoniae,abgvasta-aineet	bu/ml	A	8	7
s-chlamydiapneumoniae,iga-vasta-aineet	au/ml	A	27	22
s-chlamydiapneumoniae,iga-vasta-aineet		N	52	47
s-chlamydiapneumoniae,igavasta-aineet	u/ml	N	9	8
s-chlamydiapneumoniae,igavasta-aineet		N	12	11
s-chlamydiapneumoniae,iggvasta-aineet	au/ml	A	49	44
s-chlamydiapneumoniae,iggvasta-aineet	bu/ml	A	12	12
s-chlamydiapneumoniae,iggvasta-aineet	eiu	A	9	7
s-chlamydiapneumoniae,iggvasta-aineet	eiu	N	11	11
s-chlamydiapneumoniae,iggvasta-aineet		A	14	14
s-chlamydiapneumoniae,iggvasta-aineet		N	26	23
s-chlamydiapneumoniae,igm-va,osatut3586		N	7	7
s-chlamydiapneumoniae,igm-vasta-aineet		N	78	66
s-chlamydiapneumoniae,igmvasta-aineet		N	35	33
s-chlamydiapneumoniae,vasta-aineet		N	11	9
s-chlamydiapneumoniae,vasta-aineet,lausunto		A	8	8
s-chlamydiapneumoniae,vasta-aineet,lausunto		N	69	62
s-chlamydiapneumonie,vasta-aineet		N	11	9
s-chlamydiatrachomatis,igg-vasta-aineet	au/ml	A	13	11
s-chlamydiatrachomatis,igg-vasta-aineet		N	53	52
s-chlorhe	u/ml	N	14	14
s-chpnab		A	36	35
s-chpnab		N	1097	1020
s-chpnaba	eiu	A	18	16
s-chpnaba	eiu	H	182	153
s-chpnaba	u/ml	A	50	44
s-chpnaba	u/ml	H	547	461
s-chpnaba	u/ml	N	302	284
s-chpnaba		H	59	46
s-chpnaba		N	357	346
s-chpnabg	au/ml	H	25	18
s-chpnabg	bu/ml	A	184	151
s-chpnabg	bu/ml	N	85	79
s-chpnabg	eiu	A	25	21
s-chpnabg	eiu	H	222	186
s-chpnabg	eiu	N	156	150
s-chpnabg	form	N	12	11
s-chpnabg	titre	N	24	20
s-chpnabg	u/ml	A	63	60
s-chpnabg	u/ml	H	1046	900
s-chpnabg	u/ml	N	106	102
s-chpnabg		A	52	43
s-chpnabg		H	399	361
s-chpnabg		N	584	563
s-chpnabm	index	N	433	396
s-chpnabm	u/ml	H	20	19
s-chpnabm		A	18	17
s-chpnabm		H	95	84
s-chpnabm		N	944	878
s-chpsaba		N	6	6
s-chpsabg		N	6	6
s-chpsabm		N	6	6
s-chtrab		N	55	33
s-chtraba	u/ml	N	8	8
s-chtraba		N	8	8
s-chtrabg	s/cou	H	19	18
s-chtrabg	u/ml	H	89	80
s-chtrabg	u/ml	N	111	111
s-chtrabg		H	17	14
s-chtrabg		N	113	107
s-chtrabm		N	47	43
s-cic	ugeq/ml	A	34	29
s-cic	ugeq/ml	N	44	43
s-cic		H	9	8
s-cic		N	98	93
s-ck	u/l	A	196	153
s-ck	u/l	H	1245	805
s-ck	u/l	L	202	188
s-ck	u/l	N	2897	2578
s-ck		A	12	12
s-ck		L	27	26
s-ck-b	u/l	N	16	16
s-ck-bb		N	72	37
s-ck-is		N	61	60
s-ck-mb	%	N	31	31
s-ck-mb	u/l	N	45	45
s-ck-mb		N	18	16
s-ck-mbm	ug/l	N	7	7
s-ck-mm	%	N	33	33
s-ck-mm	u/l	A	10	10
s-ck-mm	u/l	N	33	33
s-ck-mm		A	6	6
s-ck-tot	u/l	A	14	12
s-ck-tot	u/l	H	36	35
s-ck-tot	u/l	N	17	17
s-ckmakr		N	66	37
s-cl	mmol/l	A	6	6
s-cl	mmol/l	N	51	34
s-cladcle	u/ml	N	7	7
s-cladhee	form	N	7	7
s-cladhee	u/ml	A	151	143
s-cladhee	u/ml	H	44	43
s-cladhee	u/ml	N	335	328
s-cladhee		A	10	10
s-cladhee		H	12	11
s-cladhee		N	206	181
s-cladher		N	94	90
s-cladoporiumherbarum,igevasta-aineet		N	7	7
s-cladosoriumherbarum,igevasta-aineet		N	26	26
s-cladosporiumcladosporioides(gm26),ige-vasta-aineet		N	12	12
s-cladosporiumherbarum(m2),ige-vasta-aineet	u/ml	N	78	78
s-cladosporiumherbarum(m2),ige-vasta-aineet		N	25	25
s-cladosporiumherbarum(m2),igevasta-aineet	u/ml	N	8	8
s-cladosporiumherbarum(m2),igevasta-aineet		N	19	19
s-cladosporiumherbarum,igevasta-aineet	u/ml	A	13	13
s-cladosporiumherbarum,igevasta-aineet	u/ml	N	99	98
s-cladosporiumherbarum,igevasta-aineet		N	253	249
s-cladosporiumherbarum,igevasta-aineet(ko)	u/ml	N	7	7
s-claher	form	N	8	7
s-claher		N	36	36
s-clahere	u/ml	A	48	46
s-clahere	u/ml	H	172	160
s-clahere	u/ml	N	1424	1343
s-clahere		A	15	15
s-clahere		H	12	12
s-clahere		N	783	772
s-clostridiumtetani,iggvasta-aineet	iu/ml	N	19	19
s-clteab	iu/ml	A	12	9
s-clteab	iu/ml	N	10	10
s-clteab		A	13	13
s-clteab		L	8	6
s-clteab		N	184	163
s-clteabg	iu/ml	A	6	6
s-clteabg		A	7	6
s-cmv-abg	u/ml	A	8	7
s-cmvab		A	32	29
s-cmvab		N	3003	2478
s-cmvabg	au/ml	N	1221	1076
s-cmvabg	eiu	N	45	43
s-cmvabg	u/ml	A	881	650
s-cmvabg	u/ml	H	126	123
s-cmvabg	u/ml	N	26	24
s-cmvabg		A	391	317
s-cmvabg		N	1842	1461
s-cmvabg.		A	25	25
s-cmvabm	u/ml	A	89	74
s-cmvabm		A	488	415
s-cmvabm		N	2775	2297
s-cmvavi		N	2714	2249
s-cmvcf		N	6	6
s-cnab		N	20	19
s-cobuab		N	79	74
s-cobuabg		N	89	88
s-cobuabm		N	93	91
s-codiab	iu/ml	A	59	50
s-codiab	iu/ml	H	9	8
s-codiab	spu/ml	A	11	10
s-codiab		A	16	14
s-codiab		L	61	52
s-codiab		N	124	115
s-cora14e	u/ml	A	46	45
s-cora14e	u/ml	H	45	38
s-cora14e	u/ml	N	242	225
s-cora9e	u/ml	A	67	64
s-cora9e	u/ml	H	19	19
s-cora9e	u/ml	N	31	31
s-covid-19-koronavirustauti,iga-vasta-aineet		N	2498	2213
s-covid-19-koronavirustauti,igg-vasta-aineet		N	2499	2214
s-covid-19-koronavirustauti,piikkiproteiinivasta-aineet	au/ml	H	83	66
s-covid-19-koronavirustauti,piikkiproteiinivasta-aineet		H	11	9
s-covid-19-koronavirustauti,vasta-aineet,pakettitutkimus		N	26	25
s-coxiellaburnetii,igg-vasta-aineet		N	12	8
s-coxiellaburnetii,iggvasta-aineet		N	15	10
s-coxiellaburnetii,igm-vasta-aineet		N	13	8
s-coxiellaburnetii,igmvasta-aineet		N	15	10
s-cpept-a	nmol/l	A	32	30
s-cpept-a	nmol/l	N	7	7
s-crneag		N	57	48
s-crp	form	H	31	17
s-crp	form	N	7	6
s-crp	mg/l	A	2310	1637
s-crp	mg/l	H	84057	46822
s-crp	mg/l	N	15949	12382
s-crp		A	273	123
s-crp		H	140	78
s-crp		L	39	33
s-crp		N	16898	13630
s-crp,herkkä	mg/l	H	1679	1436
s-crp,herkkä	mg/l	N	4947	4191
s-crp,herkkä		H	219	210
s-crp,herkkä		N	4109	3417
s-crp,herkkämenete	mg/l	N	20	20
s-crp-o	form	H	177	107
s-crp-o	form	N	36	33
s-crp-o	mg/l	A	655	429
s-crp-o	mg/l	H	712	508
s-crp-o	mg/l	N	844	468
s-crp-o	u/ml	A	6	6
s-crp-o		A	18	17
s-crp-o		H	60	41
s-crp-o		L	266	166
s-crp-o		N	749	566
s-ctdscr		H	15	15
s-cu	umol/l	A	166	136
s-cu	umol/l	H	21	21
s-cu	umol/l	L	51	30
s-cu	umol/l	N	402	365
s-cu		A	24	15
s-cu		H	10	8
s-cu		N	38	34
s-cv19ab		A	11	10
s-cv19ab		N	2823	2505
s-cv19aba		N	231	205
s-cv19abg		A	33	32
s-cv19abg		N	308	278
s-cv19abm		N	20	20
s-cv19abp		N	34	34
s-cv19sab	au/ml	H	107	98
s-cv19sab	u/ml	H	13	11
s-cytomegalovirus,abgvasta-aineet	u/ml	A	9	9
s-cytomegalovirus,iggvasta-aineet	u/ml	A	32	31
s-cytomegalovirus,iggvasta-aineet		A	6	6
s-cytomegalovirus,igmvasta-aineet		A	12	8
s-cytomegalovirus,igmvasta-aineet		N	9	8
s-d-1	pmol/l	A	420	372
s-d-1	pmol/l	H	55	49
s-d-1	pmol/l	L	58	54
s-d-1	pmol/l	N	1278	1071
s-d-1		A	29	29
s-d-1		N	6	6
s-d-1,25	pmol/l	A	51	48
s-d-1,25	pmol/l	H	7	7
s-d-1,25	pmol/l	L	22	19
s-d-1,25	pmol/l	N	154	138
s-d-1,25		A	72	60
s-d-1,25		L	6	6
s-d-1,25		N	9	9
s-d-1.25	pmol/l	A	15	14
s-d-25	nmol/l	A	25735	18102
s-d-25	nmol/l	H	822	754
s-d-25	nmol/l	L	28080	20354
s-d-25	nmol/l	N	115331	68666
s-d-25		A	1136	992
s-d-25		H	78	72
s-d-25		L	1437	1187
s-d-25		N	9630	7327
s-d-25-32	nmol/l	A	240	206
s-d-25-32	nmol/l	H	14	12
s-d-25-32	nmol/l	L	24	22
s-d-25-32	nmol/l	N	246	140
s-d-25-32		A	15	15
s-d-25-32		H	10	10
s-d-vitamiini-1,25-oh	pmol/l	A	7	7
s-d-vitamiini-1,25-oh	pmol/l	N	18	18
s-d-vitamiini-25-oh	nmol/l	A	671	581
s-d-vitamiini-25-oh	nmol/l	L	64	61
s-d-vitamiini-25-oh	nmol/l	N	1308	1143
s-d-vitamiini-25-oh=kolekalsidioli	nmol/l	N	25	24
s-d-vitamiini-oh	nmol/l	L	43	43
s-d-vitamiini-oh	nmol/l	N	211	204
s-d2-25	nmol/l	N	34	26
s-d2-25		N	136	91
s-d3-25	nmol/l	N	494	359
s-damm-gr	u/ml	A	25	24
s-damm-gr	u/ml	N	13	11
s-damm-gr		N	53	52
s-dehydroaripipratsoli	ug/l	N	24	14
s-dehydroepiandrosteroni,sulfaatti	umol/l	N	12	10
s-denagab		N	16	16
s-dengab		N	9	8
s-dengabg		N	31	27
s-dengabm		A	11	11
s-dengabm		N	29	26
s-dengag		N	16	14
s-dermatohpagoidespteronyssinus,igevasta-aineet		N	30	30
s-dermatomyosiittiantigeenimi2,vasta-aineet	u/ml	N	20	19
s-dermatomyosiittiantigeenimi2,vasta-aineet		N	29	27
s-dermatophagoidespteronyssinus(d1),ige-vasta-aineet	u/ml	A	23	23
s-dermatophagoidespteronyssinus(d1),ige-vasta-aineet		N	7	7
s-dermatophagoidespteronyssinus(d1),igevasta-aineet	u/ml	A	13	13
s-dermatophagoidespteronyssinus(d1),igevasta-aineet	u/ml	N	51	51
s-dermatophagoidespteronyssinus(d1),igevasta-aineet		N	16	16
s-dermatophagoidespteronyssinus,igevasta-aineet	u/ml	A	71	70
s-dermatophagoidespteronyssinus,igevasta-aineet	u/ml	H	7	7
s-dermatophagoidespteronyssinus,igevasta-aineet	u/ml	N	71	71
s-dermatophagoidespteronyssinus,igevasta-aineet		N	160	156
s-dermatophagoidespteronyssinus,igevasta-aineet,kotipölypunkki,rast,allergia	u/ml	H	9	9
s-dermatophagoidespteronyssunus,igevasta-ainee		N	7	7
s-desamio	umol/l	A	7	6
s-desialotransferriini	%	A	57	38
s-desialotransferriini	%	H	11	7
s-desialotransferriini	%	N	764	616
s-desialotransferriini	u/l	N	16	15
s-desialotransferriini		N	11	11
s-desital	nmol/l	A	7	7
s-desital		A	15	14
s-desmetyyliklotsapiini	nmol/l	N	12	8
s-desmetyyliklotsapiini	umol/l	N	33	8
s-desvenl	nmol/l	N	142	88
s-desvenl		N	10	10
s-dfarine	u/ml	A	7	7
s-dfarine	u/ml	N	7	7
s-dfs70ab		A	7	7
s-dgpab		A	6	6
s-dgpab		N	220	215
s-dgpaba	au	A	6	6
s-dgpaba	eliau/ml	H	87	75
s-dgpaba	u/ml	A	137	111
s-dgpaba	u/ml	H	74	64
s-dgpaba	u/ml	N	302	296
s-dgpaba		A	61	47
s-dgpaba		H	12	12
s-dgpaba		N	614	605
s-dgpabg	au	A	14	14
s-dgpabg	eliau/ml	H	67	57
s-dgpabg	u/ml	A	220	173
s-dgpabg	u/ml	H	55	48
s-dgpabg	u/ml	N	74	73
s-dgpabg		A	95	68
s-dgpabg		H	6	6
s-dgpabg		N	1283	1249
s-dgpabg,s-gliadiinipeptidit,deaminoidut,igg-vasta-aineet		N	42	41
s-dharipi	ug/l	N	31	28
s-dharipi		N	36	31
s-dhea	nmol/l	A	75	66
s-dhea	nmol/l	H	22	20
s-dhea	nmol/l	L	27	21
s-dhea	nmol/l	N	50	47
s-dhea		A	25	21
s-dhea		L	14	14
s-dhea		N	23	23
s-dheas	umol/l	A	372	291
s-dheas	umol/l	H	101	80
s-dheas	umol/l	L	69	61
s-dheas	umol/l	N	703	613
s-dheas		A	92	59
s-dheas		H	11	10
s-dheas		L	46	36
s-dheas		N	177	159
s-digoks	nmol/l	A	4874	2651
s-digoks	nmol/l	H	1129	798
s-digoks	nmol/l	HH	23	21
s-digoks	nmol/l	L	1911	1088
s-digoks	nmol/l	N	2185	1285
s-digoks	ug/l	A	358	197
s-digoks		A	2581	1843
s-digoks		H	95	78
s-digoks		L	877	689
s-digoks		N	341	204
s-digoksiini	nmol/l	A	126	78
s-digoksiini	nmol/l	H	22	21
s-digoksiini	nmol/l	L	17	15
s-digoksiini	nmol/l	N	144	94
s-digoksiini		A	17	15
s-digoksiini		L	12	11
s-digoksiinipitoisuus	nmol/l	L	6	6
s-digoksiinipitoisuus	nmol/l	N	6	6
s-digoxin	nmol/l	A	17	8
s-digoxin	nmol/l	N	26	12
s-dmklots	nmol/l	N	470	105
s-dmklots	umol/l	N	416	93
s-dmklots		N	428	98
s-dmriski		N	6	6
s-dna,natiivi,vasta-aineet	iu/ml	A	8	7
s-dna,natiivi,vasta-aineet	iu/ml	H	6	6
s-dna,natiivi,vasta-aineet	iu/ml	N	9	8
s-dna,natiivi,vasta-aineet	kiu/l	A	48	28
s-dna,natiivi,vasta-aineet		N	79	77
s-dna,natiivi,vasta-aineeteia		N	18	17
s-dna,vasta-aineet(natiivi)	iu/ml	A	29	10
s-dna,vasta-aineet(natiivi)		N	19	19
s-dna,vasta-aineet,natiivi(doublestranded,eia)	kiu/l	A	9	8
s-dnaab	iu/ml	A	674	195
s-dnaab		H	585	190
s-dnaab		N	3238	2490
s-dnan-ab	iu/ml	A	23	21
s-dnan-ab	titre	A	46	9
s-dnanab	iu/ml	A	1387	423
s-dnanab	iu/ml	H	91	56
s-dnanab	iu/ml	N	96	95
s-dnanab	kiu/l	A	230	61
s-dnanab	kiu/l	H	18	15
s-dnanab	kiu/l	N	127	109
s-dnanab	titre	A	26	15
s-dnanab	u/ml	A	265	81
s-dnanab	u/ml	H	57	29
s-dnanab	u/ml	N	28	27
s-dnanab		A	278	84
s-dnanab		H	162	103
s-dnanab		N	3491	3108
s-dnanab.	kiu/l	A	742	192
s-dnanab.		A	12	8
s-dnavasta-aineet(natiivi),jatkotutkimus		N	7	6
s-dokosaheksaeenihappo	mmol/l	H	116	108
s-dokosaheksaeenihappo	mmol/l	N	140	135
s-dpteroe	form	N	13	12
s-dpteroe	u/ml	A	769	731
s-dpteroe	u/ml	H	853	800
s-dpteroe	u/ml	N	1579	1480
s-dpteroe		A	105	101
s-dpteroe		H	103	102
s-dpteroe		N	868	855
s-dpterony	u/ml	A	11	10
s-dpterony		N	77	74
s-dsg1ab	iu	A	8	7
s-dsg1ab	u/ml	A	68	37
s-dsg1ab	u/ml	H	43	15
s-dsg1ab		A	37	18
s-dsg1ab		H	12	6
s-dsg1ab		N	257	205
s-dsg3ab	iu	A	16	12
s-dsg3ab	u/ml	A	165	75
s-dsg3ab	u/ml	H	43	23
s-dsg3ab		A	22	9
s-dsg3ab		N	244	191
s-dsgab		N	202	145
s-e1	pmol/l	A	12	8
s-e1	pmol/l	N	17	16
s-e2	nmol/l	A	105	63
s-e2	nmol/l	H	265	175
s-e2	nmol/l	N	2152	1497
s-e2		A	27	16
s-e2		H	66	46
s-e2		N	514	440
s-ebnaab	u/ml	A	53	47
s-ebnaab	u/ml	H	38	37
s-ebnaab		A	94	78
s-ebvab		N	2899	2505
s-ebvabg	eiu	N	42	39
s-ebvabg	form	N	7	6
s-ebvabg	u/ml	A	565	521
s-ebvabg	u/ml	H	192	188
s-ebvabg	u/ml	N	1694	1522
s-ebvabg		A	478	414
s-ebvabg		H	29	27
s-ebvabg		N	1173	977
s-ebvabm	u/ml	A	71	65
s-ebvabm	u/ml	H	45	41
s-ebvabm	u/ml	N	19	19
s-ebvabm		A	172	156
s-ebvabm		N	2942	2529
s-ebvabmo		A	59	59
s-ebvabtx		N	28	25
s-ebvavi	%	N	70	64
s-ebvavi		N	2389	2040
s-ebvnabg	u/ml	A	9	8
s-ebvnabg	u/ml	H	64	59
s-ebvnabg		N	9	9
s-echiab		N	11	11
s-ecp	mg/l	A	6	6
s-ecp	ug/l	A	1099	597
s-ecp	ug/l	H	1561	693
s-ecp	ug/l	N	795	239
s-ecp		A	17	15
s-ecp		H	16	15
s-ecp		N	45	26
s-ejab-o		N	423	403
s-elf		H	16	16
s-elf		N	7	6
s-eläi1er	u/ml	A	14	14
s-eläi1er	u/ml	N	27	26
s-eläiner	u/ml	A	30	30
s-eläiner	u/ml	H	14	14
s-eläiner	u/ml	N	25	25
s-eläiner		N	37	37
s-eläinerittely,igevasta-aineet	u/ml	N	21	21
s-eläinryhmä,igevasta-aineet	u/ml	N	23	23
s-el�i1er	u/ml	N	27	27
s-el�i1ry	u/ml	N	10	10
s-ema		A	100	99
s-ema		N	310	293
s-emaba	titre	A	397	323
s-emaba	titre	H	158	139
s-emaba	titre	N	18	17
s-emaba		A	106	89
s-emaba		H	71	65
s-emaba		N	3738	3513
s-emabg		N	1222	1165
s-ena		A	49	37
s-ena		H	66	59
s-ena		N	52	51
s-enaab	ratio	A	108	78
s-enaab	ratio	H	82	62
s-enaab	ratio	N	34	34
s-enaab	u/ml	A	73	43
s-enaab	u/ml	H	148	102
s-enaab	u/ml	N	32	31
s-enaab		A	546	465
s-enaab		H	24	22
s-enaab		N	1494	1417
s-enaabj		N	12	11
s-enaabla		N	1634	1525
s-enaabse		N	27	26
s-enal		A	121	86
s-enal		N	117	110
s-enaseul		N	853	818
s-endomysium,igavasta-aineet	titre	A	12	12
s-endomysium,igavasta-aineet		N	409	403
s-endomysium,iggvasta-aineet		N	10	10
s-enteabg		N	41	36
s-entlyse	u/ml	A	11	7
s-eosinofiilistengranulosyyttienkationinenprot	ug/l	A	9	6
s-epo	iu/l	A	621	497
s-epo	iu/l	L	18	17
s-epo	iu/l	N	213	203
s-epo	pmol/l	A	8	7
s-epo	pmol/l	N	33	30
s-epo	u/l	A	1155	940
s-epo	u/l	H	507	423
s-epo	u/l	L	347	299
s-epo	u/l	N	1000	885
s-epo		A	346	318
s-epo		H	29	27
s-epo		L	66	65
s-epo		N	15	15
s-epstein-barr-virus,iggva,immuniteet	u/ml	A	7	7
s-epstein-barr-virus,iggva,immuniteet		A	7	7
s-epstein-barr-virus,iggvasta-aineet	u/ml	A	8	8
s-epstein-barr-virus,igm-vasta-aineet		N	23	15
s-epstein-barr-virus,igmvasta-aineet		N	10	10
s-epstein-barr-virus,vasta-aineet		N	8	8
s-epstein-barrinvirus,vasta-aineet		N	21	20
s-epstein-barrinvirus,vasta-aineet(kudoslaitoksille)		N	18	16
s-epstein-barrvirus,abgvasta-aineet	u/ml	A	9	9
s-epstein-barrvirus,iggvasta-aineet	u/ml	A	25	25
s-epstein-barrvirus,iggvasta-aineet		A	19	18
s-erytropoietiini	iu/l	A	17	15
s-erytropoietiini	iu/l	N	30	30
s-erytropoietiini	u/l	A	65	62
s-erytropoietiini	u/l	N	41	40
s-erytropoietiini		A	8	8
s-estdio	nmol/l	A	16	14
s-estdio	nmol/l	H	20	15
s-estdio	nmol/l	N	15	15
s-estdiol	nmol/l	N	297	175
s-estdiol		N	128	81
s-estradioli	nmol/l	A	8	7
s-estradioli	nmol/l	N	8	8
s-etane	mg/l	A	39	33
s-etane	mg/l	N	28	24
s-etane		A	16	14
s-etgly		N	118	94
s-etoh	mmol/l	A	11	10
s-etoh	promille	N	92	88
s-etoh		N	224	142
s-etosux	umol/l	N	27	10
s-evircf		N	38	34
s-evirnho		N	34	30
s-extra		N	1129	1118
s-fakb	g/l	N	17	16
s-fascab	od	N	7	7
s-fascab		N	67	63
s-fenob	umol/l	A	29	13
s-fenob		A	10	10
s-fenyt	umol/l	A	580	224
s-fenyt	umol/l	H	20	11
s-fenyt	umol/l	L	91	48
s-fenyt	umol/l	N	79	21
s-fenyt		A	158	87
s-fenyt		L	17	10
s-fenytv	umol/l	A	33	19
s-fenytv	umol/l	N	39	21
s-fenytv		A	30	18
s-fenytv		N	38	14
s-fenyylialaniini	mmol/l	H	28	26
s-fenyylialaniini	mmol/l	N	237	218
s-ferrit	ug/l	A	17750	9244
s-ferrit	ug/l	H	12075	7623
s-ferrit	ug/l	L	9706	7234
s-ferrit	ug/l	N	61809	43221
s-ferrit	umol/l	N	7	7
s-ferrit		A	975	669
s-ferrit		L	1755	1494
s-ferrit		N	89	77
s-ferritiini	ug/l	A	119	97
s-ferritiini	ug/l	L	10	8
s-ferritiini	ug/l	N	540	377
s-ferritiini(ko)	ug/l	A	9	9
s-ferritiini(ko)	ug/l	N	88	71
s-ferritiini(pi)	ug/l	A	52	32
s-ferritiini(pi)	ug/l	N	215	130
s-fibrilla	u/ml	A	6	6
s-fibrillarin,vasta-aineet	u/ml	N	38	36
s-fibrillarin,vasta-aineet		N	9	9
s-filaab	od	N	6	6
s-filaab		N	21	20
s-filaab.		N	44	41
s-fisk		N	94	89
s-fit/pgf		N	27	21
s-flekain	umol/l	A	64	46
s-flekain	umol/l	L	18	13
s-flekain	umol/l	N	20	19
s-flekain		A	16	14
s-flekain		L	10	10
s-fluoks	nmol/l	N	11	8
s-follikkeliastimul.horm.	u/l	N	6	6
s-follikkeliastimuloivahormoni	iu/l	A	16	14
s-follikkeliastimuloivahormoni	iu/l	N	6	6
s-follikkeliastimuloivahormoni	u/l	N	26	25
s-follikkeliastimuloivahormoni(ko)	u/l	N	27	25
s-fosfaatti	mmol/l	N	11	11
s-fosfolipaasi-a2-reseptori,vasta-aineet	titre	A	25	7
s-fosfolipaasi-a2-reseptori,vasta-aineet	titre	N	9	7
s-fosfolipaasi-a2-reseptori,vasta-aineet		N	64	50
s-francisellatularensis,vasta-aineet		N	16	16
s-frtuab	titre	A	56	46
s-frtuab		N	55	43
s-frtuabm		N	8	8
s-fsh	iu/l	A	495	290
s-fsh	iu/l	H	32	29
s-fsh	iu/l	L	19	18
s-fsh	iu/l	N	1491	1400
s-fsh	u/l	A	243	173
s-fsh	u/l	H	91	65
s-fsh	u/l	L	38	33
s-fsh	u/l	N	1482	1327
s-fsh		A	67	62
s-fsh		H	490	306
s-fsh		L	193	140
s-fsh		N	3436	2755
s-ftaabs		N	6	6
s-ftaaihe		N	14	10
s-fusariummoniliformae,igevasta-aineet	u/ml	N	10	10
s-fusariummoniliformae,igevasta-aineet		N	12	12
s-fusmone	u/ml	N	9	9
s-fusmone		N	6	6
s-gabapen	umol/l	A	11	9
s-gabapen		A	9	9
s-gadab	iu/ml	A	397	348
s-gadab	iu/ml	H	88	85
s-gadab	iu/ml	N	75	72
s-gadab	ru	A	54	47
s-gadab	ru	N	36	35
s-gadab	u/l	A	8	7
s-gadab	u/ml	H	6	6
s-gadab	u/ml	N	8	8
s-gadab		A	329	298
s-gadab		H	201	179
s-gadab		N	2298	2158
s-gamma	g/l	A	5953	2144
s-gamma	g/l	H	2126	744
s-gamma	g/l	L	4408	1451
s-gamma	g/l	N	7592	4459
s-gamma		A	567	395
s-gamma		H	118	76
s-gamma		L	96	77
s-gamma		N	53	51
s-gamma-fraktio	g/l	A	805	276
s-gamma-fraktio	g/l	N	1468	890
s-gamma-globuliini(valetietues-prot-fr)	g/l	A	33	19
s-gamma-globuliini,osatutkimuss-prot-fr	g/l	A	23	22
s-gammafraktio	g/l	A	328	99
s-gammaglobuliini	g/l	N	7	6
s-gammaglobuliini,fraktio	g/l	N	52	51
s-gangab		N	89	83
s-gangabg	%	A	37	31
s-gangabg		N	112	107
s-gangabm	%	A	11	7
s-gangabm		N	111	106
s-gastr17	pmol/l	H	14	14
s-gastr17		L	72	71
s-gbmab		N	1175	1072
s-gbmif	titre	A	8	6
s-gbmif		N	31	31
s-gd1aab		N	15	14
s-gd1aabg		N	23	22
s-gd1aabm		N	19	18
s-gelate	u/ml	N	7	7
s-gen	mg/l	A	52	14
s-gen	mg/l	N	41	16
s-gen		A	54	8
s-gen		N	59	24
s-gglobul	g/l	A	407	152
s-gglobul		A	7	6
s-gglobul		N	11	10
s-gliadie	u/ml	A	17	16
s-gliadie	u/ml	H	23	18
s-gliadie	u/ml	N	242	227
s-gliadiini,f98,vehnä,ige-vasta-aineet		N	65	65
s-gliadiinipeptidi,deamidoidut,iggvasta-aineet		N	14	13
s-gliadiinipeptidi,igavasta-aineet	au	N	14	14
s-gliadiinipeptidi,igavasta-aineet		N	9	8
s-gliadiinipeptidi,iggvasta-aineet	au	N	14	14
s-gliadiinipeptidi,iggvasta-aineet		N	9	8
s-gliadiinipeptidi,vasta-aineet,igajaigg(pi)		N	45	44
s-gliadiinipeptidit,deamidoidut,iga-vasta-aineet	u/ml	N	300	296
s-gliadiinipeptidit,deamidoidut,igavasta-aineet	u/ml	N	8	8
s-gliadiinipeptidit,deamidoidut,igavasta-aineet		N	21	20
s-gliadiinipeptidit,deamidoidut,igg-vasta-aineet	u/ml	N	90	88
s-gliadiinipeptidit,deamidoidut,igg-vasta-aineet		N	219	216
s-gliadiinipeptidit,demidoidut,iggvasta-aineet		N	11	11
s-glif98e		N	42	42
s-glpepabg		A	9	8
s-gluk	mmol/l	A	35	27
s-gluk	mmol/l	H	47	42
s-gluk	mmol/l	N	52	49
s-glukoosi	mmol/l	H	17	16
s-glukoosi	mmol/l	N	247	227
s-glukoosi,2hnäyte	mmol/l	N	9	9
s-glutamaattidekarboksylaasi(gad),vasta-aineet	iu/ml	A	8	8
s-glutamaattidekarboksylaasi(gad),vasta-aineet	iu/ml	N	13	13
s-glutamaattidekarboksylaasi(gad),vasta-aineet		A	6	6
s-glutamaattidekarboksylaasi(gad),vasta-aineet		N	9	8
s-glutamaattidekarboksylaasi,vasta-aineet		N	28	26
s-glutamyylitransferaasi	u/l	A	164	117
s-glutamyylitransferaasi	u/l	N	688	628
s-glutamyylitransferaasi-desialotransferriini		A	67	56
s-glutamyylitransferaasi-desialotransferriini		H	9	7
s-glutamyylitransferaasi-desialotransferriini		N	39	37
s-gluteee	u/ml	A	10	10
s-gluteee	u/ml	N	47	47
s-gluteee		N	6	6
s-glykoproteiininasetylaatio	mmol/l	H	6	6
s-glykoproteiininasetylaatio	mmol/l	N	259	238
s-glysiini	mmol/l	H	87	84
s-glysiini	mmol/l	N	178	164
s-golim	mg/l	A	48	35
s-golim	mg/l	N	119	73
s-golim		A	28	26
s-golimab	au/ml	A	7	7
s-golimab		A	14	13
s-golimab		N	88	67
s-golimpa		N	53	40
s-golimumabi	mg/l	A	16	14
s-golimumabi	mg/l	N	16	12
s-goodpab	u/ml	A	51	10
s-goodpab		N	93	83
s-goodpk	u/ml	A	118	10
s-goodpk		N	114	110
s-gp210ab		N	25	24
s-gpene	u/ml	A	6	6
s-gpene	u/ml	N	51	50
s-gpenige		N	16	16
s-gq1bab		N	13	13
s-gq1babg		N	17	16
s-gq1babm		N	16	15
s-gråbo	u/ml	A	9	8
s-gråbo		N	91	88
s-gt	iu/l	N	216	174
s-gt	u/l	A	2761	1591
s-gt	u/l	H	37142	18014
s-gt	u/l	L	35	31
s-gt	u/l	N	35137	29266
s-gt		A	96	66
s-gt		H	29	24
s-gt		L	9	9
s-gt		N	342	315
s-gt-cdt		A	634	387
s-hae		N	220	204
s-haglund		N	9	9
s-halop	nmol/l	N	20	9
s-halop	ug/l	N	24	15
s-happamuusaste,seerumi	ph	N	39	20
s-haptog	g/l	A	2963	2264
s-haptog	g/l	H	56	51
s-haptog	g/l	L	20	15
s-haptog	g/l	N	305	282
s-haptog		A	1622	849
s-haptog		H	36	35
s-haptog		L	40	35
s-haptog		N	14	14
s-haptoglobiini	g/l	A	42	39
s-haspähe	u/ml	A	35	34
s-hasp�he	u/ml	A	48	47
s-hasp�he	u/ml	H	256	238
s-hasp�he	u/ml	N	297	290
s-hasp�he		A	32	32
s-hasp�he		H	14	13
s-hasp�he		N	17	17
s-hasspäe	u/ml	A	201	192
s-hasspäe	u/ml	H	49	49
s-hasspäe	u/ml	N	62	62
s-hasspäe		A	20	20
s-hav-abg		A	17	16
s-havab		A	374	358
s-havab		N	1686	1606
s-havabg		A	871	832
s-havabg		N	195	192
s-havabm		N	1769	1691
s-havtot		A	399	380
s-havtot		N	1393	1323
s-hbcab		A	199	163
s-hbcab		N	17037	12556
s-hbcabm		A	6	6
s-hbcabm		N	10587	8378
s-hbe		N	80	49
s-hbeab		A	26	20
s-hbeab		N	88	56
s-hbeag		A	27	10
s-hbeag		N	72	52
s-hbs-ag		N	20	19
s-hbsab	form	N	8	8
s-hbsab	iu/l	N	1205	1158
s-hbsab	miu/ml	A	585	515
s-hbsab	miu/ml	H	1044	791
s-hbsab	miu/ml	N	3341	3001
s-hbsab	mlu/l	H	54	40
s-hbsab	u/l	N	965	895
s-hbsab		A	489	445
s-hbsab		H	46	39
s-hbsab		N	5848	4959
s-hbsag		A	227	98
s-hbsag		N	25944	18258
s-hbvnh		A	125	52
s-hbvnh		N	472	348
s-hbvnho		A	12	10
s-hbvnho		N	121	112
s-hbvpak		N	10663	8379
s-hcg	iu/l	A	732	313
s-hcg	iu/l	H	212	162
s-hcg	iu/l	N	77	57
s-hcg	u/l	A	305	174
s-hcg	u/l	H	859	467
s-hcg	u/l	N	53	35
s-hcg		A	204	153
s-hcg		H	250	101
s-hcg		N	2455	1323
s-hcg-0		A	9	9
s-hcg-a	pmol/l	A	19	16
s-hcg-b	u/l	A	54	36
s-hcg-b		A	19	6
s-hcg-b		N	26	23
s-hcg-b-v	pmol/l	A	379	132
s-hcg-b-v	pmol/l	H	262	97
s-hcg-b-v	pmol/l	N	223	150
s-hcg-b-v	ug/l	N	312	228
s-hcg-b-v		A	10	10
s-hcg-b-v		N	803	308
s-hcg-b/d	ug/l	N	75	75
s-hcg-b/d		N	7	6
s-hcg-o		A	173	167
s-hcg-o		N	1244	739
s-hcg-tot	u/l	A	90	48
s-hcgbv/d	ug/l	N	3814	3297
s-hcgbv/d		N	784	724
s-hcgo-lb		A	6	6
s-hcrp	mg/l	H	1976	1673
s-hcv-ab		A	6	6
s-hcvab		A	1135	735
s-hcvab		N	22672	15219
s-hcvab-osatadiag		N	14	7
s-hcvabag		N	69	53
s-hcvabjt		A	14	14
s-hcvagab		N	8	8
s-hcvnh		A	53	45
s-hcvnh		N	184	161
s-hcvnho		A	579	382
s-hcvnho		N	1411	1233
s-hcvnhty		A	119	102
s-hcvnhty		N	27	26
s-hdl-kolesteroli	mmol/l	L	42	42
s-hdl-kolesteroli	mmol/l	N	223	206
s-hdvab		N	35	35
s-hdvnho		N	9	8
s-he4	pmol/l	A	1189	738
s-he4	pmol/l	H	556	437
s-he4	pmol/l	N	1266	1107
s-he4		A	14	13
s-he4,epididym.ag4	pmol/l	N	8	8
s-he4,ihmisenepididymaalinenantigeeni4	pmol/l	A	83	37
s-he4ihmisenepididymaalinenproteiini4	pmol/l	N	7	7
s-he4proteiini	pmol/l	N	104	91
s-hein1er	u/ml	A	10	10
s-hein1er	u/ml	H	17	17
s-hein1er	u/ml	N	35	35
s-hein1ry	u/ml	N	10	10
s-heiner	u/ml	A	13	12
s-heiner		N	13	13
s-heinäer	u/ml	A	26	26
s-heinäer	u/ml	H	14	14
s-heinäer	u/ml	N	34	34
s-heinäerittely,igevasta-aineet	u/ml	N	13	13
s-heliaba	u/ml	A	15	12
s-heliabg	titre	A	13	10
s-heliabg	u/ml	A	16	12
s-helicobacterpylori,iga-vasta-aineet	u/ml	A	8	8
s-helicobacterpylori,iga-vasta-aineet		N	68	68
s-helicobacterpylori,igavasta-aineet	u/ml	N	10	10
s-helicobacterpylori,igavasta-aineet		N	18	18
s-helicobacterpylori,igavasta-aineeteia	u/ml	N	27	27
s-helicobacterpylori,igavasta-aineeteia		N	19	18
s-helicobacterpylori,igg-vasta-aineet		N	71	71
s-helicobacterpylori,iggvasta-aineet	index	A	59	53
s-helicobacterpylori,iggvasta-aineet	u/ml	N	9	9
s-helicobacterpylori,iggvasta-aineet		A	7	7
s-helicobacterpylori,iggvasta-aineet		N	99	97
s-helicobacterpylori,iggvasta-aineet,seerumista		N	8	8
s-helicobacterpylori,iggvasta-aineeteia	u/ml	N	28	28
s-helicobacterpylori,iggvasta-aineeteia		N	15	14
s-helicobacterpylori,iggvasta-aineeteia(pi)		N	7	7
s-helicobacterpylori,vasta-aineet		N	7	7
s-helicobacterpylori,vasta-aineet,lausunto		N	95	95
s-helicobacterpylori,vasta-aineeteia		N	45	40
s-helicobakterpylori,iggvasta-aineet	index	A	14	14
s-hepaabc		A	8	7
s-hepabc		N	83	72
s-hepatiittia-virus,iggvasta-aineet		A	36	31
s-hepatiittia-virus,igmvasta-aineet		N	39	39
s-hepatiittia-virus,vasta-aineet,immuniteettitutk.		N	21	21
s-hepatiittiavirus,kokonaisvasta-aineet		A	85	85
s-hepatiittiavirus,vasta-aineet(ensinigg-va,josposit.->igm-va.)		N	7	7
s-hepatiittib,c-tutkimus		N	21	17
s-hepatiittib-virus,c-antigeeni,igm-vasta-aineet		N	36	35
s-hepatiittib-virus,c-antigeeni,vasta-aineet		N	634	260
s-hepatiittib-virus,pinta-antigeeni		N	645	279
s-hepatiittib-virus,pinta-antigeeni(kval)		N	30	24
s-hepatiittib-virus,s-antigeeni		N	298	285
s-hepatiittib-virus,s-antigeeni,vasta-aineet	miu/ml	A	348	154
s-hepatiittib-virus,s-antigeeni,vasta-aineet		A	139	66
s-hepatiittib-virus,s-antigeeni,vasta-aineet		N	129	68
s-hepatiittib-virustutkimus		N	37	35
s-hepatiittib-virustutkimus,hbsab+hbcabjatarv.hbca		N	429	422
s-hepatiittib-virustutkimus,hbsag+hbcabjatarv.hbcabm		N	205	118
s-hepatiittibvirus,c-antigeeni,vasta-aineet		N	112	85
s-hepatiittibvirus,pinta-antigeeni		N	25	25
s-hepatiittibvirus,pinta-antigeeni,äitseul		N	55	51
s-hepatiittibvirus,s-antigeeni		N	228	194
s-hepatiittibvirus,s-antigeeni,vasta-aineet	miu/ml	A	8	8
s-hepatiittibvirus,s-antigeeni,vasta-aineet	u/l	N	27	21
s-hepatiittibvirus,s-antigeeni,vasta-aineet		A	6	6
s-hepatiittibvirus,s-antigeeni,vasta-aineet		N	46	29
s-hepatiittic-virus,antigeenijavasta-aineet,yhdistelmätutkimus		A	11	10
s-hepatiittic-virus,antigeenijavasta-aineet,yhdistelmätutkimus		N	10	10
s-hepatiittic-virus,iggvasta-aineet		A	7	6
s-hepatiittic-virus,iggvasta-aineet		N	135	129
s-hepatiittic-virus,vasta-aineet		A	17	15
s-hepatiittic-virus,vasta-aineet		N	846	387
s-hepatiitticvirus,v-a,osoitus		N	30	24
s-hepatiittie-virus,igg-vasta-aineet		N	35	35
s-hepatiittie-virus,iggvasta-aineet		A	8	8
s-hepatiittie-virus,iggvasta-aineet		N	11	11
s-hepatiittie-virus,igm-vasta-aineet		N	35	35
s-hepatiittie-virus,igmvasta-aineet		N	12	12
s-hepatitisavirus,kokonaisva		N	15	13
s-hepatitisb-virus,s-antigeeni		N	16	16
s-hepatitisbvirus,c-antigeeni,vasta-aineet		N	47	44
s-hepatitisbvirus,s-antigeeni		N	102	84
s-hepatitisbvirus,s-antigeeni,vasta-aineet	miu/ml	A	50	44
s-hepatitisbvirus,s-antigeeni,vasta-aineet	miu/ml	N	47	45
s-hepatitisbvirus,s-antigeeni,vasta-aineet	u/l	N	15	10
s-hepatitisbvirus,s-antigeeni,vasta-aineet		A	36	36
s-hepatitisbvirus,s-antigeeni,vasta-aineet		N	110	90
s-hepatitisbvirus,ydinantigeeni,vasta-aineet		N	32	18
s-hepatitisc-virus,vasta-aineet		N	14	14
s-hepatitiscvirus,nukleiinihaponosoitt.kvalit.		A	13	11
s-hepatitiscvirus,vasta-aineet		A	17	15
s-hepatitiscvirus,vasta-aineet		N	49	31
s-hepatitiscvirusvasta-aineet		N	11	11
s-hepbc		N	40	34
s-hephiv		A	26	20
s-hephiv		N	179	137
s-hepsid	mmol/l	A	6	6
s-hepsid	mmol/l	N	9	9
s-hepsid	nmol/l	A	88	79
s-hepsid	nmol/l	H	108	74
s-hepsid	nmol/l	L	16	15
s-hepsid	nmol/l	N	215	167
s-hepsid		A	57	55
s-hepsid		L	44	43
s-hepyab	titre	N	7	7
s-hepyab		N	1180	1112
s-hepyaba	form	A	13	10
s-hepyaba	form	N	18	17
s-hepyaba	responseequivalent	H	38	36
s-hepyaba	u/ml	A	427	381
s-hepyaba	u/ml	H	623	570
s-hepyaba	u/ml	N	833	819
s-hepyaba		A	214	199
s-hepyaba		H	249	226
s-hepyaba		N	541	523
s-hepyabg	eiu	N	21	21
s-hepyabg	form	A	17	15
s-hepyabg	form	N	16	15
s-hepyabg	index	A	406	362
s-hepyabg	index	H	142	132
s-hepyabg	responseequivalent	H	39	38
s-hepyabg	ru/ml	A	23	22
s-hepyabg	ru/ml	H	15	15
s-hepyabg	titre	A	60	56
s-hepyabg	u/ml	A	589	519
s-hepyabg	u/ml	H	572	510
s-hepyabg	u/ml	N	849	836
s-hepyabg		A	959	828
s-hepyabg		H	656	588
s-hepyabg		N	3055	2931
s-hepyl		N	9	9
s-hernee	u/ml	A	16	16
s-hernee	u/ml	H	16	12
s-hernee	u/ml	N	34	34
s-hevab		A	8	8
s-hevab		N	889	848
s-hevabg		A	33	32
s-hevabg		N	834	794
s-hevabm		A	25	25
s-hevabm		N	822	783
s-hevnh		N	36	35
s-hevohie	form	N	10	9
s-hevohie	u/ml	A	370	338
s-hevohie	u/ml	H	670	628
s-hevohie	u/ml	N	1284	1212
s-hevohie		A	56	51
s-hevohie		H	60	59
s-hevohie		N	718	706
s-hevonee	u/ml	A	334	327
s-hevonee	u/ml	H	179	178
s-hevonee	u/ml	N	224	221
s-hevonee		A	32	30
s-hevonee		H	47	46
s-hevonee		N	76	73
s-hevonen	u/ml	N	7	7
s-hevonen		N	52	52
s-hevonen,igevasta-aineet	u/ml	A	11	11
s-hevonen,igevasta-aineet	u/ml	N	8	8
s-hevonen,igevasta-aineet		N	96	95
s-hevonene	u/ml	A	7	6
s-hevonene	u/ml	N	15	15
s-hevonene		N	44	44
s-hevonhie	u/ml	A	25	24
s-hevonhie		A	13	13
s-hevosenhilse		N	6	6
s-hevosenhilse(e3),ige-vasta-aineet	u/ml	A	12	12
s-hevosenhilse(e3),ige-vasta-aineet	u/ml	N	8	8
s-hevosenhilse(e3),igevasta-aineet	u/ml	A	32	32
s-hevosenhilse(e3),igevasta-aineet	u/ml	N	48	47
s-hevosenhilse(e3),igevasta-aineet		N	24	24
s-hevosenhilse,igevasta-aineet	u/ml	A	49	47
s-hevosenhilse,igevasta-aineet	u/ml	H	6	6
s-hevosenhilse,igevasta-aineet	u/ml	N	75	75
s-hevosenhilse,igevasta-aineet		N	194	192
s-hevosenhilse,igevasta-aineet(ko)	u/ml	N	8	8
s-hevosennhilse,igevasta-aineet	u/ml	A	9	9
s-hevosennhilse,igevasta-aineet	u/ml	N	13	13
s-hfostr	u/l	A	23	22
s-hfostr	u/l	H	20	17
s-hfostr	u/l	L	10	9
s-hfostr	u/l	N	122	96
s-hhv6ab		N	84	66
s-hhv6abg	eiu	N	13	13
s-hhv6abg		N	74	56
s-hhv6abm		N	89	71
s-hi-viru,antigeenijavayhdistelmätutkimus		N	48	46
s-hi-virus,antigeenijavasta-aine,yhdistelmätutkimus		N	43	27
s-hi-virus,antigeenijavasta-aineet		N	131	130
s-hi-virus,antigeenijavasta-aineet,yhdistelmät		N	102	101
s-hi-virus,antigeenijavasta-aineet,yhdistelmätutkimus		N	761	376
s-hi-virus,vasta-aineet,päivystystutkimus		N	51	50
s-hi-virus,vasta-aineetjaantigeeni		N	11	11
s-hibab	mg/l	N	8	7
s-hisabbl		N	2000	1770
s-histab		A	15	13
s-histab		N	38	35
s-histidiini	mmol/l	N	263	242
s-histidyyli-trna-syntetaasi,vasta-aineet		N	15	15
s-histoni,vasta-aineet(immunoblotting)		N	15	15
s-histpab		N	8	8
s-hivab		N	7	7
s-hivab+tod		N	87	77
s-hivabag		N	59	41
s-hivagab		A	185	123
s-hivagab		N	42194	25740
s-hivirus,antigeenijava,yhdistelmätutk.,äitseul		N	55	51
s-hivirus,antigeenijavasta-aine,yhdistelmätutkimus		N	9	7
s-hivirus,antigeenijavasta-aineet,yhdistelmätutk.		N	25	25
s-hivirus,antigeenijavasta-aineet,yhdistelmätutkimus		N	68	41
s-hivirus,antigeenijavasta-aineetjatodistus		N	12	10
s-hla-luovuttajaspesifisetvasta-aineet		N	7	6
s-hladsa		N	342	202
s-hmgcrab		N	37	35
s-home-erittely,igevasta-aineet	u/ml	N	26	25
s-home1er	u/ml	N	38	37
s-home1ry	u/ml	N	16	16
s-homeer	u/ml	N	95	93
s-homeer		N	50	49
s-hs-c-reaktiivinenproteiini	mg/l	A	8	8
s-hs-c-reaktiivinenproteiini	mg/l	N	23	22
s-hs-c-reaktiivinenproteiini		N	18	18
s-hs-crp	mg/l	A	1032	489
s-hs-crp	mg/l	H	1475	845
s-hs-crp	mg/l	N	1742	621
s-hs-crp		A	47	41
s-hs-crp		N	35	21
s-hscrp	mg/l	H	50	46
s-hscrp	mg/l	N	40	37
s-hstesto	nmol/l	A	96	65
s-hstesto	nmol/l	H	13	12
s-hstesto	nmol/l	L	115	94
s-hstesto		A	9	9
s-hstesvl	pmol/l	L	31	26
s-hsv1abg	au	H	62	59
s-hsv1abg	eiu	N	9	9
s-hsv1abg	index	H	70	63
s-hsv1abg	index	N	42	39
s-hsv1abg	responseequivalent	H	11	11
s-hsv1abg	u/ml	H	11	11
s-hsv1abg		A	10	9
s-hsv1abg		H	125	120
s-hsv1abg		N	417	358
s-hsv2abg	au	H	42	39
s-hsv2abg	index	H	34	33
s-hsv2abg		H	56	55
s-hsv2abg		N	448	382
s-hsvab		N	502	438
s-hsvabg	eiu	N	15	13
s-hsvabg		N	30	29
s-hsvabm	index	H	23	23
s-hsvabm	index	N	16	16
s-hsvabm		A	39	35
s-hsvabm		H	53	45
s-hsvabm		N	482	418
s-htlvab		N	243	216
s-htlvjt		N	186	167
s-hund	u/ml	A	10	9
s-hund		N	79	76
s-hydroksi-indolyyliaset	nmol/l	N	6	6
s-hydroksi-indolyyliasetaatti(5-)	nmol/l	A	19	10
s-hydroksikarbatsepiini	umol/l	A	6	6
s-hyvehne	u/ml	N	22	22
s-häst		N	88	84
s-ia2ab	u/ml	A	53	51
s-ia2ab	u/ml	H	6	6
s-ia2ab		A	26	25
s-ia2ab		N	78	78
s-ica	jdfu	A	12	12
s-ica-vier	mmol/l	L	11	11
s-ica-vier	mmol/l	N	12	11
s-ica-vieri	mmol/l	L	24	21
s-ica-vieri	mmol/l	N	46	43
s-ictp	ug/l	A	367	297
s-ictp	âug/l	H	7	7
s-ictp		A	28	26
s-if-ab	au/ml	N	11	11
s-ifnaab		N	8	8
s-ifnoab		N	8	8
s-ifx	mg/l	N	45	36
s-ifx		N	8	8
s-ifx-ab	au/ml	A	20	19
s-ifx-ab		A	6	6
s-ifx-ab		N	38	31
s-iga	g/l	A	2179	1181
s-iga	g/l	H	898	764
s-iga	g/l	L	224	201
s-iga	g/l	N	8750	8267
s-iga		A	531	345
s-iga		H	10	10
s-iga		L	99	87
s-iga		N	246	243
s-iga-eia		N	8	7
s-iga-puut		N	13	12
s-igaab		N	14	14
s-igakeli		A	49	47
s-igakeli		N	11432	10489
s-igakeli,s-keliakia,totaaliiga(ko)		N	48	47
s-igd	mg/l	A	23	8
s-igd	mg/l	N	12	10
s-igd		A	9	6
s-igd		N	45	34
s-ige	u/ml	A	8380	5990
s-ige	u/ml	H	3356	2689
s-ige	u/ml	HH	22	18
s-ige	u/ml	N	6561	5918
s-ige		A	530	484
s-ige		H	147	140
s-ige		HH	11	9
s-ige		N	353	328
s-ige-2,pölyryhmä,seulonta	u/ml	H	19	18
s-ige-2,pölyryhmä,seulonta	u/ml	N	6	6
s-ige-2,pölyryhmäseulonta	u/ml	N	11	11
s-ige-et		N	13	13
s-ige-ps		N	88	87
s-ige-pse		A	95	94
s-ige-pse		N	668	654
s-ige-ss	u/ml	H	21	21
s-ige-sse	u/ml	H	249	244
s-ige-sse		N	12	12
s-ige-sse,pähkinäryhmä2/nötter2		N	11	11
s-ige-sse,pölyryhmä,seulontajaerittely		N	9	9
s-ige-sse,pölyryhmä/damm		N	10	10
s-ige-sse,pölyryhmä:dpteroe,kissae,hevonene,koirae,timoteie,cladhee,koivue,pujoe	u/ml	A	9	9
s-ige-sse,pölyryhmä:dpteroe,kissae,hevonene,koirae,timoteie,cladhee,koivue,pujoe	u/ml	N	41	41
s-ige-sse,pölyryhmä:dpteroe,kissae,hevonene,koirae,timoteie,cladhee,koivue,pujoe		N	49	48
s-ige-sse,ruoka-aineryhmäfx20:ohrajae,riisie,ruisjae,vehnjae		N	8	8
s-ige-sse,viljaryhmä:tattare,seessie,vehnjae,kaurae,maissie		N	7	7
s-ige2pöl	u/ml	A	163	150
s-ige2pöl	u/ml	N	18	17
s-ige2pöl		A	56	53
s-ige2ruo	u/ml	A	47	46
s-ige2ruo	u/ml	N	20	19
s-ige2ruo		A	20	19
s-ige3pöl		N	10	10
s-ige3pölsatadiag		N	7	7
s-igesiru		N	26	26
s-igf-1	nmol/l	A	22	10
s-igf1	nmol/l	A	878	435
s-igf1	nmol/l	H	278	130
s-igf1	nmol/l	L	138	77
s-igf1	nmol/l	N	1971	949
s-igf1		A	45	35
s-igf1		L	12	9
s-igf1		N	10	6
s-igf1sds	nmol/l	A	20	13
s-igf1sds		A	331	192
s-igfbp3	mg/l	N	18	14
s-igg	g/l	A	5403	2231
s-igg	g/l	H	268	222
s-igg	g/l	L	357	269
s-igg	g/l	N	2080	1920
s-igg		A	641	367
s-igg		N	17	17
s-igg-sc		A	18	17
s-igg-sc		N	526	459
s-igg1	g/l	A	887	688
s-igg1	g/l	H	102	87
s-igg1	g/l	L	206	154
s-igg1	g/l	N	761	656
s-igg1		A	564	458
s-igg1		L	8	7
s-igg2	g/l	A	567	444
s-igg2	g/l	H	28	28
s-igg2	g/l	L	196	141
s-igg2	g/l	N	852	739
s-igg2		A	306	260
s-igg3	g/l	A	773	586
s-igg3	g/l	H	26	26
s-igg3	g/l	L	339	236
s-igg3	g/l	N	725	642
s-igg3		A	291	256
s-igg3		L	17	14
s-igg4	g/l	A	1595	759
s-igg4	g/l	H	834	420
s-igg4	g/l	L	223	172
s-igg4	g/l	N	2575	1998
s-igg4		A	722	420
s-igg4		H	13	13
s-igg4		L	70	61
s-igg4		N	30	30
s-iglc-v		N	89	79
s-iglck-v	mg/l	A	15929	5569
s-iglck-v	mg/l	H	7224	3010
s-iglck-v	mg/l	L	848	131
s-iglck-v	mg/l	N	5132	1898
s-iglck-v		A	5734	1944
s-iglck-v		H	159	130
s-iglck-v		L	68	20
s-iglck-v		N	39	32
s-iglck-v2	mg/l	A	7	7
s-iglcl-v	mg/l	A	13605	4337
s-iglcl-v	mg/l	H	4871	2145
s-iglcl-v	mg/l	L	1863	330
s-iglcl-v	mg/l	N	6255	2579
s-iglcl-v		A	4238	1353
s-iglcl-v		H	120	86
s-iglcl-v		L	130	43
s-iglcl-v		N	49	38
s-igm	g/l	A	2429	1068
s-igm	g/l	H	148	131
s-igm	g/l	L	346	291
s-igm	g/l	N	1322	1218
s-igm		A	625	269
s-igm		N	11	10
s-ihmisenepididymaalinenantigeeni4	pmol/l	A	55	34
s-ihmisenepididymaalinenantigeeni4	pmol/l	H	21	16
s-ihmisenepididymaalinenantigeeni4	pmol/l	N	92	66
s-ihmisepididymaalag	pmol/l	N	7	7
s-ihoab		N	461	393
s-ihonepiteelintyvikalvonvasta-aineet		N	7	7
s-ihonepiteelinvasta-aineet(tyvik.+välia.)		N	28	28
s-ihonepiteelinväliaineenvasta-aineet		N	6	6
s-ihotab	titre	A	213	139
s-ihotab	titre	H	41	22
s-ihotab		A	38	30
s-ihotab		H	85	50
s-ihotab		N	784	695
s-ihovab	titre	A	166	129
s-ihovab	titre	H	12	8
s-ihovab		A	14	7
s-ihovab		H	47	38
s-ihovab		N	821	710
s-il12ab		N	8	8
s-il17aab		N	8	8
s-il17fab		N	8	8
s-il22ab		N	8	8
s-il23ab		N	8	8
s-il2r	u/ml	A	151	124
s-il2r	u/ml	H	7	7
s-il2r	u/ml	N	38	38
s-imm-ong		A	15	13
s-imm-ong		N	6	6
s-immfix		A	385	232
s-immfix		N	1793	1308
s-immunofiksaatiotutkimus		A	31	24
s-immunofiksaatiotutkimus		N	22	22
s-immunoglob,kevyetketjut,vapaat,kappaosatutk	mg/l	A	12	9
s-immunoglobuliini,kappa.lambda-suhde		N	8	8
s-immunoglobuliini,kev.ketjut,vapaat,kappa	mg/l	A	74	58
s-immunoglobuliini,kev.ketjut,vapaat,lambda	mg/l	A	88	63
s-immunoglobuliini,kev.ketjutvap.kappa/lambda	ratio	A	38	18
s-immunoglobuliini,kev.ketjutvap.kappa/lambda	ratio	H	20	6
s-immunoglobuliini,kevyetketjut,k	mg/l	H	58	24
s-immunoglobuliini,kevyetketjut,k/l		H	32	10
s-immunoglobuliini,kevyetketjut,kappa-lambda-suh		A	18	17
s-immunoglobuliini,kevyetketjut,kappa-lambda-suhde		A	474	133
s-immunoglobuliini,kevyetketjut,kappa-lambda-suhde		H	19	19
s-immunoglobuliini,kevyetketjut,kappa-lambda-suhde		N	19	18
s-immunoglobuliini,kevyetketjut,l	mg/l	H	36	20
s-immunoglobuliini,kevyetketjut,vapaat,kappa-	ratio	A	164	23
s-immunoglobuliini,kevyetketjut,vapaat,kappa-lambda-suhde		A	974	233
s-immunoglobuliini,kevyetketjut,vapaat,kappa-lambda-suhde		H	113	44
s-immunoglobuliini,kevyetketjut,vapaat,kappa-lambda-suhde		L	63	8
s-immunoglobuliini,kevyetketjut,vapaat,kappa-lambda-suhde		N	1296	664
s-immunoglobuliini,kevytketju,vapaat,kappa-lambda		N	14	14
s-immunoglobuliini,kevytketjut,kappa,vapaat	mg/l	A	344	123
s-immunoglobuliini,kevytketjut,kappa-lambdasu		A	362	112
s-immunoglobuliini,kevytketjut,lambda,vapaat	mg/l	A	336	93
s-immunoglobuliini,kevytketjut,vapaat		N	8	8
s-immunoglobuliinia	g/l	A	16	15
s-immunoglobuliinia	g/l	N	413	404
s-immunoglobuliiniaosatutkimus	g/l	N	14	13
s-immunoglobuliinie	u/ml	A	75	65
s-immunoglobuliinie	u/ml	H	12	11
s-immunoglobuliinie	u/ml	N	107	103
s-immunoglobuliinie		N	6	6
s-immunoglobuliinie,maapähkinallerg.kom		N	6	6
s-immunoglobuliinie,perusseulonta,erittelyjakomponentit		N	20	20
s-immunoglobuliinie,perusseulonta,erittelyjakomponenttitk		N	24	24
s-immunoglobuliinie,perusseulontajaerittely		N	12	12
s-immunoglobuliinig,alaluokka1	g/l	A	53	43
s-immunoglobuliinig,alaluokka2	g/l	A	27	21
s-immunoglobuliinig,alaluokka3	g/l	A	23	21
s-immunoglobuliinig,alaluokka4	g/l	A	64	43
s-immunoglobuliinig4	g/l	A	15	8
s-immunoglobuliinim	g/l	A	8	8
s-immunoglobuliiti,kappa/lamdasuhdeseerumista		A	55	20
s-infaabg	u/ml	N	22	18
s-infaabg		N	10	10
s-infacf		N	38	34
s-infbab	u/ml	N	19	15
s-infbab		N	11	11
s-infbcf		N	33	29
s-infli	mg/l	N	1365	394
s-infli		N	113	84
s-infliab	au/ml	A	213	124
s-infliab	au/ml	H	62	53
s-infliab		A	58	48
s-infliab		H	11	10
s-infliab		N	728	287
s-infliksimabi,vasta-aineet	au/ml	A	11	9
s-infliksimabipitoisuus	mg/l	N	32	31
s-infliksimabivasta-ainemääritys		N	6	6
s-inflipa		N	1029	334
s-inhibb	ng/l	A	65	39
s-inhibb	ng/l	H	71	36
s-inhibb	ng/l	L	43	31
s-inhibb	ng/l	N	334	198
s-inhibb		A	30	23
s-inhibb		N	377	141
s-inhibiinib		N	11	9
s-inkiväe	u/ml	N	11	10
s-insu	mu/l	A	1408	485
s-insu	mu/l	H	437	207
s-insu	mu/l	L	98	40
s-insu	mu/l	N	790	436
s-insu		A	46	32
s-insu		H	15	14
s-insu		L	16	9
s-insu-ab	%	A	10	8
s-insu-ab	u/ml	A	103	73
s-insu-ab	u/ml	H	21	14
s-insu-ab	u/ml	N	27	21
s-insu-ab		A	7	6
s-insu-ab		N	90	60
s-insuaab		A	18	18
s-insuab		A	15	12
s-insuliininkaltainenkasvutekijä(igf-1)	nmol/l	A	7	6
s-insuliininkaltainenkasvutekijä1	nmol/l	A	8	8
s-ipro		N	156	95
s-isoleusiini	mmol/l	H	10	10
s-isoleusiini	mmol/l	L	8	8
s-isoleusiini	mmol/l	N	247	227
s-jcvab		A	109	89
s-jcvab		N	545	203
s-jgadab	iu/ml	A	7	7
s-jo1,vasta-aineet		N	11	11
s-jo1ab	u/ml	A	43	19
s-jo1ab	u/ml	H	16	11
s-jo1ab		A	11	6
s-jo1ab		N	3355	3062
s-jo1ab-o		N	423	403
s-jo1abbl		N	2002	1772
s-jo1vasta-aineet(blotting)		N	12	12
s-jordnöt		N	90	85
s-k	mmol/l	A	224	185
s-k	mmol/l	H	1526	1139
s-k	mmol/l	L	2329	1574
s-k	mmol/l	N	40781	28775
s-k		H	18	14
s-k		L	407	308
s-k		N	2020	1676
s-k/l-ex	ratio	A	11	9
s-k/l-ex		A	95	72
s-k/l-s-v	1	N	12	12
s-k/l-s-v	ratio	A	1334	296
s-k/l-s-v	ratio	H	6	6
s-k/l-s-v		A	15701	3792
s-k/l-s-v		H	5926	2100
s-k/l-s-v		L	1720	230
s-k/l-s-v		N	3733	1990
s-k/l-s-v2	ratio	A	6	6
s-k/l-va	ratio	A	18	8
s-kaakaoe	u/ml	N	22	21
s-kala(turska),igevasta-aineet		N	23	23
s-kala,igevasta-aineet		N	11	11
s-kala2er	u/ml	N	20	20
s-kalaer	u/ml	A	13	11
s-kalaerittely,igevasta-aineet		N	35	35
s-kalaryhmä,igevasta-aineet	u/ml	N	10	10
s-kalium	mmol/l	A	11	9
s-kalium	mmol/l	N	886	694
s-kalium		N	48	47
s-kalsium	mmol/l	A	155	91
s-kalsium	mmol/l	N	1306	864
s-kalsium		N	6	6
s-kalsium(paketti)	mmol/l	N	18	16
s-kalsium,albumiinikorjattu	mmol/l	N	34	33
s-kalsium,ionisoitunut	mmol/l	A	1377	684
s-kalsium,ionisoitunut	mmol/l	N	8744	5068
s-kalsium,ionisoitunut		N	1994	1745
s-kalsium,ionisoitunut(aktuaalinenpitoisuus)	mmol/l	N	37	25
s-kalsium,ionisoitunut,aktuaali	mmol/l	N	330	253
s-kalsium,ionisoitunut,aktuaali		N	211	167
s-kalsium,ionisoitunut,aktuaalinen	mmol/l	N	2114	1629
s-kalsium,ionisoitunut,aktuaalisessaph:ssa	mmol/l	N	38	36
s-kalsium,ionisoitunut,ph7,4		N	105	84
s-kalsium,ionisoitunut,ph7.4-korjattu	mmol/l	A	4852	2018
s-kalsium,ionisoitunut,ph7.4-korjattu	mmol/l	H	83	49
s-kalsium,ionisoitunut,ph7.4-korjattu	mmol/l	L	635	291
s-kalsium,ionisoitunut,ph7.4-korjattu	mmol/l	N	1087	781
s-kalsium,ionisoitunut,ph7.4:ssä	mmol/l	A	7	6
s-kalsium,ionisoitunut,ph7.4:ssä	mmol/l	N	78	73
s-kalsium,ionisoitunut,ph7.4korjattu	mmol/l	A	1135	330
s-kalsium,ionisoitunut,ph7.4korjattu	mmol/l	H	35	26
s-kalsium,ionisoitunut,ph7.4korjattu	mmol/l	L	30	14
s-kalsium,ionisoitunut,ph7.4korjattu	mmol/l	N	288	245
s-kalsium,ionisoitunut,seerumista	mmol/l	N	67	61
s-kalsium,ionisoitunutph7.4korjattu		A	86	67
s-kalsium,ionisoitunutph7.4korjattu		N	122	110
s-kalsium-ioni.aktuaali	mmol/l	N	25	24
s-kalsiumionisoitunut,aktuaali	mmol/l	N	6	6
s-kanalie	u/ml	N	11	11
s-kanelie	u/ml	N	12	12
s-kanie	u/ml	A	8	8
s-kaniepe	u/ml	H	12	12
s-kaniepe	u/ml	N	12	12
s-kap-ex	mg/l	A	13	10
s-kap-ex		A	116	88
s-kap-va	mg/l	A	30	21
s-kappa-lambda-suhde,kevytketjut,vapaa	ratio	A	181	36
s-karba	umol/l	A	606	349
s-karba	umol/l	H	114	75
s-karba	umol/l	L	108	82
s-karba	umol/l	N	466	253
s-karba		A	337	271
s-karba		H	12	12
s-karba		L	132	113
s-karba		N	21	15
s-karba-v	umol/l	N	10	7
s-karbae	umol/l	L	9	7
s-karbamatsepiini	umol/l	N	11	10
s-kardab	titre	A	599	139
s-kardab	titre	H	25	16
s-kardab	titre	N	11	10
s-kardab		A	19	11
s-kardab		H	556	138
s-kardab		N	4068	1843
s-kardabg	gpl	A	66	42
s-kardabg		A	14	12
s-kardabg		N	12	12
s-kardabm	mpl	A	129	93
s-kardabm		A	28	22
s-kardabm		N	15	13
s-kardiolipiini(lues),vasta-aineet		N	14	14
s-kardiolipiini,vasta-aineet(vdrl)		N	10	10
s-karni	umol/l	A	48	25
s-karni	umol/l	L	7	6
s-karni	umol/l	N	109	45
s-karni-v	umol/l	A	63	34
s-karni-v	umol/l	H	10	6
s-karni-v	umol/l	L	22	12
s-karni-v	umol/l	N	91	42
s-karpune	u/ml	N	16	15
s-karsinoembryonaalinenantigeeni	ug/l	A	270	90
s-karsinoembryonaalinenantigeeni	ug/l	N	62	50
s-karsinoembryonaalinenantigeeni		N	9	6
s-kaseiie	u/ml	A	94	57
s-kaseiie	u/ml	H	17	14
s-kaseiie	u/ml	N	14	13
s-katkare	u/ml	A	37	35
s-katkare	u/ml	H	15	14
s-katkare	u/ml	N	42	42
s-katkare		N	11	11
s-katt	u/ml	A	10	10
s-katt		N	82	79
s-kaura(ravintoaine),igevasta-aineet		N	14	14
s-kaura,igevasta-aineet		N	7	7
s-kaurae	u/ml	A	11	11
s-kaurae	u/ml	H	10	10
s-kaurae	u/ml	N	31	31
s-kaurae		N	27	27
s-kaurjae	u/ml	A	13	12
s-kefakle	u/ml	N	66	65
s-keliab		N	417	391
s-keliab(ko)		N	69	67
s-keliab,osatutkimus		N	12	11
s-keliab-tutkimuspaketti		N	34	34
s-keliakia		N	149	149
s-keliakia,seulonta		N	98	95
s-keliakia,totaaliiga		N	182	174
s-keliakia,vasta-aineetosatutkimus		N	13	13
s-keliakia,vasta-ainetutkimus		N	17	16
s-keliakia,vasta-ainetutkimus,seerumista		N	97	92
s-keliakiaseulonta		N	1096	1016
s-keliakiatutkimus,laaja		N	83	82
s-keliakiatutkimus,suppea		N	197	195
s-kelila		N	89	88
s-keliseu		N	9042	8454
s-keliseul		N	644	610
s-kelisu		N	728	672
s-kem		N	347	130
s-kemkäs		N	87	35
s-kemtutk		N	25	17
s-kertatyydyttymättömätrasvahapot	mmol/l	N	259	238
s-kerulo	g/l	A	386	363
s-kerulo	g/l	N	154	151
s-kerulo	mg/l	A	100	74
s-kerulo	mg/l	H	7	7
s-kerulo	mg/l	L	35	24
s-kerulo	mg/l	N	725	705
s-kerulo		A	135	114
s-ketiap	nmol/l	A	164	129
s-ketiap	nmol/l	H	25	21
s-ketiap	nmol/l	L	60	48
s-ketiap	nmol/l	N	74	52
s-ketiap		A	61	49
s-keto-o		A	37	33
s-keto-o		N	26	26
s-kid10		N	8	8
s-kiivie	u/ml	A	13	13
s-kiivie	u/ml	H	12	12
s-kiivie	u/ml	N	33	33
s-kikhere	u/ml	N	8	8
s-kilpirauhastutkimuspaketti		N	37	30
s-kilpirauhastutkimuspaketti(s-t4vjas-tsh)		N	13	11
s-kipa		N	599	446
s-kirsike	u/ml	N	10	10
s-kissa		N	21	21
s-kissa,igevasta-aineet	u/ml	A	30	30
s-kissa,igevasta-aineet	u/ml	N	9	9
s-kissa,igevasta-aineet		N	76	75
s-kissae	u/ml	A	698	661
s-kissae	u/ml	H	382	380
s-kissae	u/ml	N	212	207
s-kissae		A	94	91
s-kissae		H	101	100
s-kissae		N	214	197
s-kissanhilse		N	6	6
s-kissanhilse(e1),ige-vasta-aineet	u/ml	A	69	69
s-kissanhilse(e1),ige-vasta-aineet	u/ml	N	61	61
s-kissanhilse(e1),ige-vasta-aineet		N	10	10
s-kissanhilse(e1),igevasta-aineet	u/ml	A	7	7
s-kissanhilse(e1),igevasta-aineet		N	11	11
s-kissanhilse,igevasta-aineet	u/ml	A	98	96
s-kissanhilse,igevasta-aineet	u/ml	H	12	12
s-kissanhilse,igevasta-aineet	u/ml	N	20	20
s-kissanhilse,igevasta-aineet		N	145	144
s-kissanhilse,igevasta-aineet(ko)	u/ml	N	7	7
s-kissanhilse,igevasta-aineet,rast,kissa,allergia	u/ml	H	9	9
s-kisshie	u/ml	A	702	656
s-kisshie	u/ml	H	1315	1225
s-kisshie	u/ml	N	1024	980
s-kisshie		A	136	130
s-kisshie		H	91	91
s-kisshie		N	617	609
s-kkab		N	12	12
s-klobat	umol/l	A	62	25
s-klobat	umol/l	N	153	46
s-klona	nmol/l	A	27	7
s-klona		A	9	7
s-klonors	nmol/l	A	11	10
s-klopi	nmol/l	N	29	14
s-klotsa	nmol/l	A	4776	1078
s-klotsa	nmol/l	H	1470	283
s-klotsa	nmol/l	L	1181	266
s-klotsa	nmol/l	N	9424	977
s-klotsa	umol/l	A	4881	837
s-klotsa	umol/l	H	48	20
s-klotsa	umol/l	L	105	26
s-klotsa	umol/l	N	342	136
s-klotsa	âumol/l	H	7	6
s-klotsa	âumol/l	L	7	6
s-klotsa	âumol/l	N	16	8
s-klotsa		A	879	338
s-klotsa		H	43	27
s-klotsa		L	184	87
s-klotsa		N	333	157
s-klotsa,-dmklotsa	nmol/l	A	15	8
s-klotsaj	nmol/l	N	22	15
s-klotsapiini	nmol/l	A	732	195
s-klotsapiini	nmol/l	H	92	51
s-klotsapiini	nmol/l	L	61	37
s-klotsapiini	nmol/l	N	111	53
s-klotsapiini	umol/l	A	59	40
s-klotsapiini		A	17	11
s-klotsapiini,osatutk.		A	20	8
s-klotsapiini,osavastaus-dmklotsa	umol/l	A	26	6
s-koiheie	u/ml	A	34	33
s-koiheie	u/ml	H	31	30
s-koihspe	u/ml	A	7	7
s-koira		N	21	21
s-koira,igevasta-aineet	u/ml	A	14	14
s-koira,igevasta-aineet		N	42	42
s-koirae	u/ml	A	689	654
s-koirae	u/ml	H	351	347
s-koirae	u/ml	N	224	220
s-koirae		A	78	74
s-koirae		H	95	94
s-koirae		N	207	192
s-koiranhilse(e5),ige-vasta-aineet	u/ml	A	71	71
s-koiranhilse(e5),ige-vasta-aineet	u/ml	N	68	68
s-koiranhilse(e5),ige-vasta-aineet		N	7	7
s-koiranhilse(e5),igevasta-aineet	u/ml	A	6	6
s-koiranhilse(e5),igevasta-aineet	u/ml	N	9	9
s-koiranhilse(e5),igevasta-aineet		N	13	13
s-koiranhilse,igevasta-aineet	u/ml	A	97	94
s-koiranhilse,igevasta-aineet	u/ml	H	7	7
s-koiranhilse,igevasta-aineet	u/ml	N	77	76
s-koiranhilse,igevasta-aineet		N	143	142
s-koiranhilse,igevasta-aineet(ko)	u/ml	N	6	6
s-koiranhilse,igevasta-aineet,rast,allergia	u/ml	H	12	12
s-koirhie	form	N	6	6
s-koirhie	u/ml	A	623	581
s-koirhie	u/ml	H	1233	1155
s-koirhie	u/ml	N	1041	992
s-koirhie		A	128	124
s-koirhie		H	77	75
s-koirhie		N	551	547
s-koivspe	u/ml	A	366	353
s-koivspe	u/ml	N	6	6
s-koivspe		A	24	24
s-koivu,igevasta-aineet	u/ml	A	43	43
s-koivu,igevasta-aineet	u/ml	N	24	24
s-koivu,igevasta-aineet		N	35	35
s-koivue	u/ml	A	1609	1516
s-koivue	u/ml	H	2322	2136
s-koivue	u/ml	N	1113	1047
s-koivue		A	412	399
s-koivue		H	316	296
s-koivue		N	667	660
s-koivunsiitepöly(t3),ige-vasta-aineet	u/ml	A	11	11
s-koivunsiitepöly(t3),igevasta-aineet	u/ml	A	73	73
s-koivunsiitepöly(t3),igevasta-aineet	u/ml	N	29	29
s-koivunsiitepöly(t3),igevasta-aineet		N	12	12
s-koivunsiitepöly,igevasta-aineet	u/ml	A	167	164
s-koivunsiitepöly,igevasta-aineet	u/ml	H	19	18
s-koivunsiitepöly,igevasta-aineet	u/ml	N	59	58
s-koivunsiitepöly,igevasta-aineet		N	122	121
s-koivunsiitepöly,igevasta-aineet,rast,allergia	u/ml	H	15	15
s-kokonaisrasvahapot	mmol/l	H	16	15
s-kokonaisrasvahapot	mmol/l	N	248	229
s-kol	mmol/l	A	238	192
s-kol	mmol/l	H	14244	12569
s-kol	mmol/l	N	17828	15398
s-kol		H	766	697
s-kol		N	1053	920
s-kol-hdl	mmol/l	A	66	54
s-kol-hdl	mmol/l	H	811	802
s-kol-hdl	mmol/l	L	5210	4649
s-kol-hdl	mmol/l	N	25604	21876
s-kol-hdl		H	258	230
s-kol-hdl		L	24	24
s-kol-hdl		N	1702	1452
s-kol-ldl	mmol/l	A	320	260
s-kol-ldl	mmol/l	H	12890	11884
s-kol-ldl	mmol/l	N	16095	14710
s-kol-ldl		H	895	794
s-kol-ldl		N	899	792
s-kol/kol-hdl-suhde		A	23	18
s-kol/kol-hdl-suhde		N	103	89
s-kolesteroli	mmol/l	A	15	14
s-kolesteroli	mmol/l	N	34	34
s-kolesteroli(paketti)	mmol/l	A	16	14
s-kolesteroli(paketti)	mmol/l	N	9	8
s-kolesteroli,eipaastoa	mmol/l	A	45	42
s-kolesteroli,eipaastoa	mmol/l	N	43	41
s-kolesteroli,highdensitylipoproteiinit	mmol/l	A	17	16
s-kolesteroli,highdensitylipoproteiinit	mmol/l	N	69	66
s-kolesteroli,highdensitylipoproteiinit(paketti)	mmol/l	N	25	22
s-kolesteroli,lowdensitylipoproteiinit	mmol/l	A	121	103
s-kolesteroli,lowdensitylipoproteiinit	mmol/l	N	126	114
s-kolesteroli,lowdensitylipoproteiinit(paketti)	mmol/l	A	14	12
s-kolesteroli,lowdensitylipoproteiinit(paketti)	mmol/l	N	11	10
s-kolesteroli,osatutkimushighdensitylipoproteiinit	mmol/l	A	17	13
s-kolesteroli,osatutkimushighdensitylipoproteiinit	mmol/l	N	144	118
s-kolesteroli,triglyseridit	mmol/l	A	10	9
s-kolesteroli,triglyseridit	mmol/l	N	31	28
s-kolesteroli/hdl-kolesteroli-suhdeosatutkimus		N	8	8
s-kolesteroli/hdl-kolesterolisuhde		N	28	27
s-kolesterolinjahdl-kolesterolinsuhde		N	7	7
s-kolesteroliosatutkimus	mmol/l	A	88	68
s-kolesteroliosatutkimus	mmol/l	N	73	65
s-kolestroli,highdensitylipoproteiinit	mmol/l	A	8	8
s-kolestroli,highdensitylipoproteiinit	mmol/l	N	39	35
s-kolestroli,lowdensitylipoproteiinit	mmol/l	A	30	29
s-kolestroli,lowdensitylipoproteiinit	mmol/l	N	17	16
s-koll7ab		N	8	7
s-komplementtic1q	g/l	N	9	9
s-komplementtic1q		N	11	10
s-komplementtic3	g/l	A	36	31
s-komplementtic3	g/l	N	64	63
s-komplementtic4	g/l	A	27	19
s-konalbe	u/ml	A	11	9
s-koopähe	u/ml	A	11	11
s-koop�he	u/ml	N	12	12
s-koop�he		N	9	9
s-kopept	pmol/l	N	12	11
s-kopept		N	7	7
s-kor/dxm	nmol/l	N	7	7
s-koriane	u/ml	N	10	10
s-koriongonadotropiini(kval)		N	9	9
s-koriongonadotropiini-b-alayksikkö,vapaa	ug/l	N	85	84
s-koriongonadotropiini-b-alayksikkö,vapaa,1.trimesterinseula	ug/l	N	9	9
s-kors/r	nmol/l	N	7	6
s-korsol	nmol/l	A	4793	2902
s-korsol	nmol/l	H	3426	1852
s-korsol	nmol/l	L	676	439
s-korsol	nmol/l	LL	556	341
s-korsol	nmol/l	N	11740	5719
s-korsol		A	955	692
s-korsol		H	30	30
s-korsol		L	127	107
s-korsol		LL	269	180
s-korsol		N	39	37
s-kortisoli	nmol/l	A	189	95
s-kortisoli	nmol/l	N	11	11
s-kortisoli(ko)	nmol/l	N	15	13
s-kostpae		N	6	6
s-kotiniini	ng/ml	A	8	6
s-kotiniini		N	7	7
s-kotipölypunkki(d.pteronyssinus),igevasta-aineet(ko)	u/ml	N	7	7
s-krea	umol/l	A	69	45
s-krea	umol/l	H	1564	346
s-krea	umol/l	L	120	74
s-krea	umol/l	N	4318	1184
s-krea		H	41	26
s-krea		L	8	8
s-kreatiinikinaasi	u/l	A	7	7
s-kreatiinikinaasi	u/l	N	34	33
s-kreatiniini	umol/l	A	44	38
s-kreatiniini	umol/l	H	25	25
s-kreatiniini	umol/l	N	602	539
s-krtiin	umol/l	A	15	13
s-krtiin	umol/l	H	9	6
s-krtiin	umol/l	L	9	8
s-krtiin	umol/l	N	18	16
s-kryog	g/l	N	49	41
s-kryog		N	431	405
s-kryog-o		A	17	17
s-kryog-o		N	80	78
s-kryoglobuliini(kval.)		N	69	67
s-kuab-o		N	423	403
s-kudos,vasta-aineet		N	114	111
s-kudostransglutaminaasi,iga-vasta-aineet	u/ml	N	33	32
s-kudostransglutaminaasi,iga-vasta-aineet		N	299	294
s-kudostransglutaminaasi,iga-vasta-aineetosatutk.		N	425	410
s-kudostransglutaminaasi,igavasta-aineet	u/ml	A	79	61
s-kudostransglutaminaasi,igavasta-aineet	u/ml	N	411	402
s-kudostransglutaminaasi,igavasta-aineet		A	14	13
s-kudostransglutaminaasi,igavasta-aineet		N	455	444
s-kudostransglutaminaasi,igavasta-aineet(keliakia)		N	24	23
s-kudostransglutaminaasi,igg-vasta-aineet		N	7	7
s-kudostransglutaminaasi,iggva(keliakia)		N	24	23
s-kudostransglutaminaasi,iggvasta-aineet		N	25	25
s-kudostransglutaminaasiigava:t		N	10	10
s-kvriski		N	7	7
s-kyhemag	titre	A	64	26
s-kyhemag		A	69	34
s-kyhemag		H	86	54
s-kyhemag		N	158	142
s-kysc	mg/l	A	1981	777
s-kysc	mg/l	H	256	153
s-kysc	mg/l	N	525	484
s-kysc		A	582	268
s-kysc		N	37	32
s-käsmak		N	25	12
s-l.b.bal		N	15	15
s-l.b.jav		N	15	15
s-l.b.sej		N	15	15
s-l.b.tar		N	15	15
s-l.bifl		N	15	15
s-l.broom		N	15	15
s-l.i.aut		N	15	15
s-l.i.bat		N	15	15
s-l.i.bra		N	15	15
s-l.i.can		N	15	15
s-l.i.cop		N	15	15
s-l.i.har		N	15	15
s-l.i.heb		N	15	15
s-l.i.ict		N	15	15
s-l.i.pom		N	15	15
s-l.k.cyn		N	15	15
s-l.k.gri		N	15	15
s-lakalbe	u/ml	A	38	20
s-lakalbe	u/ml	H	9	8
s-lakosam	mg/l	N	9	8
s-laktaat	mmol/l	A	11	9
s-laktaatti	mmol/l	H	39	38
s-laktaatti	mmol/l	N	223	207
s-lam-ex		A	73	59
s-lam-va	mg/l	A	26	19
s-lam5abg		N	14	13
s-lamotr	umol/l	A	7	6
s-lamotri	umol/l	A	293	195
s-lamotri	umol/l	L	8	7
s-lamotri	umol/l	N	468	297
s-lamotri		A	93	75
s-lamotri		N	10	8
s-lamotrigiini	umol/l	A	18	16
s-langab	titre	A	42	40
s-langab		H	8	8
s-langab		N	243	206
s-latekse	u/ml	A	7	6
s-latekse	u/ml	N	74	74
s-latekse		N	12	12
s-lc1ab-o		N	1094	933
s-ld	u/l	A	1197	379
s-ld	u/l	H	427	321
s-ld	u/l	N	383	310
s-ld	u/ml	N	7	7
s-ld-1	%	A	28	28
s-ld-1	%	N	33	33
s-ld-2	%	A	18	16
s-ld-2	%	N	32	32
s-ld-3	%	A	28	27
s-ld-3	%	H	7	7
s-ld-3	%	N	24	24
s-ld-4	%	A	33	33
s-ld-4	%	H	6	6
s-ld-4	%	N	28	28
s-ld-5	%	A	13	13
s-ld-5	%	H	6	6
s-ld-5	%	N	36	36
s-ld-is		N	31	30
s-ldestre	u/ml	A	10	10
s-ldestre	u/ml	N	8	7
s-ldestre		N	10	9
s-ldl-kolesteroli	mmol/l	H	108	98
s-ldl-kolesteroli	mmol/l	N	157	148
s-ldpit	u/l	A	40	37
s-ldpit	u/l	H	7	7
s-ldpit	u/l	N	12	12
s-ldpit		H	7	7
s-ldpit		N	14	14
s-legiab		N	71	67
s-legiabg		N	69	66
s-legiabm		N	65	63
s-lehmhie	u/ml	A	19	17
s-lehmhie	u/ml	H	6	6
s-lehmhie	u/ml	N	18	18
s-lehmhie		N	13	13
s-lehmäe	u/ml	A	11	11
s-lehmäe	u/ml	H	8	8
s-lehmäe		N	28	28
s-lehmänhilse,igevasta-aineet		N	13	12
s-lehmänmaito,igevasta-aineet	u/ml	A	11	11
s-lehmänmaito,igevasta-aineet		N	36	36
s-leisab		N	13	13
s-leppspe	u/ml	A	9	9
s-leppäe	u/ml	A	36	36
s-leppäe	u/ml	H	13	13
s-leppäe	u/ml	N	11	11
s-leppäe		A	11	11
s-lepp�e	u/ml	A	8	8
s-lepp�e	u/ml	H	37	36
s-lepp�e	u/ml	N	12	12
s-lepp�e		N	10	10
s-leptab		N	7	7
s-leptabm	u/ml	A	12	8
s-lepänsiitepöly,igevasta-aineet	u/ml	N	14	14
s-leu-eo		N	2032	578
s-leu-es		N	459	256
s-leuab1		A	119	17
s-leuab2		A	51	11
s-leuabi		N	1215	448
s-leuabii		N	893	291
s-leuabpr		N	2563	803
s-leukabo		A	434	60
s-leukabo		N	2086	701
s-leukosyyttivasta-aineet,elinsiirtoaodottava		N	75	43
s-leukosyyttivasta-aineet,luokkai,igg,tunnistus		A	21	6
s-leukpra		N	57	57
s-leusiini	mmol/l	H	10	10
s-leusiini	mmol/l	N	253	233
s-leusyto		A	12	12
s-leuxcdc		N	129	110
s-leveti	mg/l	A	13	9
s-leveti	umol/l	A	122	70
s-leveti	umol/l	H	8	8
s-leveti	umol/l	L	63	24
s-leveti	umol/l	N	89	60
s-leveti		A	26	22
s-lh	iu/l	A	388	247
s-lh	iu/l	H	49	45
s-lh	iu/l	L	209	188
s-lh	iu/l	N	521	501
s-lh	u/l	A	248	197
s-lh	u/l	H	125	98
s-lh	u/l	L	41	35
s-lh	u/l	N	492	473
s-lh		A	286	190
s-lh		H	249	166
s-lh		L	466	319
s-lh		N	2361	1809
s-li	mmol/l	A	6213	1499
s-li	mmol/l	H	495	246
s-li	mmol/l	L	2526	920
s-li	mmol/l	N	7604	1136
s-li		A	1105	644
s-li		H	66	39
s-li		L	706	446
s-li		N	267	97
s-linetso		N	12	6
s-linssie	u/ml	H	6	6
s-lipa		N	42	29
s-lipa(lipidipakettiilmanpaastoa)		N	18	15
s-lipidit		N	2105	1795
s-lipidit,paketti(eipaasto,kol,hdl,ldl)		N	25	24
s-lipiditeipaast		N	329	274
s-lipoa1	g/l	H	287	278
s-lipoa1	g/l	L	790	767
s-lipoa1	g/l	N	15471	14651
s-lipob	g/l	H	296	294
s-lipob	g/l	L	707	681
s-lipob	g/l	N	15546	14728
s-litium	mmol/l	A	119	58
s-litium	mmol/l	L	47	30
s-litium	mmol/l	N	114	56
s-litium		A	6	6
s-liukoistenena-vasta-aineidenjatkotutkimus		N	20	20
s-liv2x10		N	20	12
s-lkmab		N	2001	1654
s-lkmab-o		N	1094	933
s-lohie	u/ml	A	34	32
s-lohie	u/ml	H	20	18
s-lohie	u/ml	N	68	66
s-lohie		N	12	12
s-luteinisoivahormoni	iu/l	A	15	15
s-luteinisoivahormoni		A	9	8
s-luteinisoivahormoni(ko)	u/l	N	6	6
s-luust	u/l	H	8	8
s-luusto		A	36	36
s-luustoisoentsyymi	u/l	A	7	6
s-luustoisoentsyymi		A	22	22
s-luustoisoentsyymi		H	9	8
s-luustoisoentsyymi(afos)	u/l	A	55	53
s-luustoisoentsyymi(afos)	u/l	N	156	153
s-luustoisoentsyymi(afos)		N	14	13
s-luustoperäinenisoentsyymi	%	A	15	15
s-lysotse	u/ml	N	10	10
s-lysotsyymi	mg/l	A	120	105
s-lysotsyymi	mg/l	H	9	8
s-lzm	mg/l	A	10126	5006
s-lzm	mg/l	H	3954	1831
s-lzm	mg/l	N	1642	1043
s-lzm		A	494	424
s-lzm		H	83	69
s-m-komp1	g/l	A	238	17
s-m-komponentti-1(valetietues-prot-fr)	g/l	A	37	19
s-m-komponentti1	g/l	H	47	44
s-m-komponentti1	g/l	N	17	17
s-m-komponentti2	g/l	H	45	44
s-m-komponentti2	g/l	N	19	19
s-maapäek,maapähkinäjakomponentit(f13)ige-vasta-aineet		N	56	56
s-maapäh		N	12	12
s-maapähe	u/ml	A	302	265
s-maapähe	u/ml	H	83	68
s-maapähe	u/ml	N	98	95
s-maapähe		A	35	35
s-maapähe		H	29	29
s-maapähe		N	61	58
s-maapähkinä(f13),ige-vasta-aineet	u/ml	A	8	7
s-maapähkinä(f13),igevasta-aineet		N	11	11
s-maapähkinä,igevasta-aineet	u/ml	A	10	10
s-maapähkinä,igevasta-aineet	u/ml	N	12	12
s-maapähkinä,igevasta-aineet		N	60	60
s-maap�he	u/ml	A	31	31
s-maap�he	u/ml	H	273	239
s-maap�he	u/ml	N	463	451
s-maap�he		A	7	7
s-maap�he		H	10	10
s-maap�he		N	354	353
s-magab	u/ml	A	36	11
s-magab		A	11	7
s-magab		N	56	50
s-magnesium	mmol/l	A	10	10
s-magnesium	mmol/l	N	10	10
s-maissie	u/ml	H	6	6
s-maissie	u/ml	N	17	17
s-maissie		N	11	11
s-maito(f2),igevasta-aineet		N	11	11
s-maito,igevasta-aineet		N	24	24
s-maitoe	u/ml	A	311	238
s-maitoe	u/ml	H	311	248
s-maitoe	u/ml	N	204	201
s-maitoe		A	26	26
s-maitoe		H	33	31
s-maitoe		N	437	433
s-maitoek		N	22	22
s-maitoek,maitojakomponentit(f2)igevasta-aineet		N	41	41
s-maksa-1	u/l	H	42	40
s-maksa-1-isoentsyymi	u/l	A	67	64
s-maksa-1-isoentsyymi	u/l	H	7	6
s-maksa-1-isoentsyymi(afos)	u/l	A	116	109
s-maksa-1-isoentsyymi(afos)	u/l	N	103	101
s-maksa-1-isoentsyymi(afos)		N	14	13
s-maksa-2	u/l	H	21	20
s-maksa-2		A	10	10
s-maksa-2-isoentsyymi	u/l	A	58	56
s-maksa-2-isoentsyymi	u/l	H	8	7
s-maksa-2-isoentsyymi	u/l	N	6	6
s-maksa-2-isoentsyymi(afos)	u/l	A	95	89
s-maksa-2-isoentsyymi(afos)	u/l	N	121	118
s-maksa-2-isoentsyymi(afos)		N	15	14
s-maksa-jamunuaismikrosomi,vasta-aineet		N	6	6
s-maksa1	u/l	A	68	67
s-maksa2	u/l	A	47	47
s-maksaab		N	171	157
s-malsppe	u/ml	A	11	10
s-mangoe	u/ml	N	8	8
s-mansike	u/ml	N	34	34
s-mansike		N	31	30
s-mantele	u/ml	A	53	50
s-mantele	u/ml	H	25	24
s-mantele	u/ml	N	82	80
s-mantele		A	16	16
s-mantele		N	23	23
s-manteli,igevasta-aineet	u/ml	N	6	6
s-marsepe	u/ml	H	8	8
s-matgrupp	u/ml	A	7	7
s-matgrupp	u/ml	N	24	23
s-matgrupp		N	62	60
s-matoab		N	53	48
s-mda5-o		N	423	403
s-mdiige		N	6	6
s-mehmyre	u/ml	A	29	28
s-mehmyre	u/ml	H	15	15
s-mehmyre	u/ml	N	79	77
s-mehmyre		N	10	10
s-meoh		N	153	95
s-metad	mg/l	N	27	16
s-metalb	nmol/l	N	9	9
s-metanefriini	nmol/l	A	10	6
s-metanefriini	nmol/l	N	152	137
s-metanefriini		N	39	34
s-metanefriinijanormetanefriini		N	9	9
s-metmal	form	A	14	12
s-metmal	form	N	25	20
s-metmal	nmol/l	A	36	29
s-metmal	nmol/l	H	16	16
s-metmal	nmol/l	N	32	32
s-metmal		N	17	17
s-metnef	nmol/l	A	88	57
s-metnef	nmol/l	H	36	24
s-metnef	nmol/l	N	1090	888
s-metnef		N	310	254
s-metnefriini	nmol/l	N	73	66
s-metnefriini		N	32	22
s-metnor		N	101	91
s-metoksityramiini		N	14	14
s-mg	mmol/l	A	205	136
s-mg	mmol/l	H	485	437
s-mg	mmol/l	L	114	86
s-mg	mmol/l	N	1797	1656
s-mg		H	14	14
s-mg		L	12	11
s-mg		N	342	292
s-mg-ion	mmol/l	A	1742	748
s-mg-ion	mmol/l	H	57	45
s-mg-ion	mmol/l	L	103	79
s-mg-ion	mmol/l	N	247	210
s-mg-ion		A	54	40
s-mg-ion		H	7	7
s-mi-2	u/ml	A	16	12
s-mi-2a-o		N	423	403
s-mi-2b-o		N	423	403
s-mikrobx		N	102	85
s-mirtats	nmol/l	N	11	8
s-mito-ab	titre	A	8	8
s-mito-ab		A	10	10
s-mitoab	titre	A	365	253
s-mitoab	titre	H	59	52
s-mitoab		A	86	73
s-mitoab		H	82	75
s-mitoab		N	3659	3110
s-mitokondria,vasta-aineet		N	18	18
s-mjölk		N	91	86
s-mkomp-1	g/l	A	5248	907
s-mkomp-1	g/l	H	6112	980
s-mkomp-1	g/l	N	9006	5768
s-mkomp-1		A	521	219
s-mkomp-1		H	270	128
s-mkomp-1		N	81	76
s-mkomp-2	g/l	A	585	125
s-mkomp-2	g/l	H	933	139
s-mkomp-2	g/l	N	12449	5624
s-mkomp-2		A	51	21
s-mkomp-2		H	27	14
s-mkomp-2		N	113	91
s-mkomp-3	g/l	A	106	12
s-mkomp-3	g/l	H	183	28
s-mkomp-3	g/l	N	13121	5649
s-mkomp-3		N	96	76
s-mkomp-4	g/l	N	13257	5656
s-mkomp-4		N	91	72
s-mogab		N	170	151
s-monab-o		A	219	216
s-monab-o		N	932	897
s-monabo		A	17	17
s-monityydyttymättömätrasvahapot	mmol/l	H	85	80
s-monityydyttymättömätrasvahapot	mmol/l	N	170	161
s-morbab		N	355	350
s-morbabg	au/ml	A	16	16
s-morbabg	au/ml	H	8	8
s-morbabg	au/ml	N	27	26
s-morbabg	titre	N	43	43
s-morbabg		A	60	59
s-morbabg		N	608	591
s-morbabm		N	337	332
s-morbillivirus,iggvasta-aineet		A	6	6
s-mpn-abg	eiu	A	8	7
s-mpoab	iu/ml	A	193	36
s-mpoab	iu/ml	H	25	13
s-mpoab	kiu/l	A	11	8
s-mpoab	kiu/l	H	13	7
s-mpoab	u/ml	A	495	91
s-mpoab	u/ml	H	20	11
s-mpoab		A	132	65
s-mpoab		N	500	439
s-mpoabg	iu/ml	A	1182	212
s-mpoabg	iu/ml	H	10	6
s-mpoabg	iu/ml	N	19	18
s-mpoabg		A	490	94
s-mpoabg		H	661	121
s-mpoabg		N	5750	4718
s-mpoabgk	iu/ml	A	6	6
s-mpoabgk		N	13	13
s-mta	nmol/l	A	330	223
s-mta	nmol/l	H	111	83
s-mta	nmol/l	N	13	12
s-mta		A	32	29
s-mta		N	1625	1325
s-mtx	umol/l	A	26	9
s-mtx	umol/l	N	846	87
s-mtx		N	12	11
s-munakee	u/ml	A	8	8
s-munanvalkuainen(f1),igevasta-aineet		N	12	12
s-munanvalkuainen,igevasta-aineet	u/ml	A	8	8
s-munanvalkuainen,igevasta-aineet	u/ml	N	6	6
s-munanvalkuainen,igevasta-aineet		N	67	67
s-munavae	u/ml	A	272	210
s-munavae	u/ml	H	307	234
s-munavae	u/ml	N	178	169
s-munavae		A	21	21
s-munavae		H	25	23
s-munavae		N	408	404
s-munavek		N	22	22
s-muskab	u/ml	N	34	34
s-muskab		N	259	251
s-muspipe	u/ml	N	11	11
s-muspähe	u/ml	N	6	6
s-mustike	u/ml	N	7	7
s-mycoplasmapneumoniae,igg-vasta-aineet	eiu	A	16	13
s-mycoplasmapneumoniae,iggvasta-aineet	eiu	A	163	129
s-mycoplasmapneumoniae,iggvasta-aineet	eiu	N	60	57
s-mycoplasmapneumoniae,iggvasta-aineet		N	7	7
s-mycoplasmapneumoniae,igmvasta-aineet	s/co	A	9	7
s-mycoplasmapneumoniae,igmvasta-aineet	s/co	N	85	74
s-mycoplasmapneumoniae,igmvasta-aineet		A	17	15
s-mycoplasmapneumoniae,igmvasta-aineet		N	91	76
s-mycoplasmapneumoniae,vasta-aineet		N	103	93
s-mycoplasmapneumoniae,vasta-aineet,lausunto		A	20	20
s-mycoplasmapneumoniae,vasta-aineet,lausunto		N	122	105
s-myeliinioligodendrosyyttiglykoproteiini,vasta-aineet		N	6	6
s-myeloperoksidaasi,iggvasta-aineet	iu/ml	A	16	9
s-myeloperoksidaasi,vasta-aineet	kiu/l	A	25	12
s-myeloperoksidaasi,vasta-aineet	u/ml	A	12	8
s-myeloperoksidaasi,vasta-aineet		N	15	15
s-mykoplasma,iggvasta-aineet	eiu	A	41	36
s-mykoplasma,iggvasta-aineet	eiu	N	32	30
s-mykoplasma,iggvasta-aineet		N	14	13
s-mykoplasma,igmvasta-aineet	s/co	N	18	18
s-mykoplasma,igmvasta-aineet		N	61	56
s-mykoplasmapneumoniae,iggvasta-aineet	eiu	N	8	8
s-mykoplasmapneumoniae,iggvasta-aineet		N	29	26
s-mykoplasmapneumoniae,igmvasta-aineet	index	N	8	8
s-mykoplasmapneumoniae,igmvasta-aineet		N	36	33
s-myogl	ug/l	A	371	166
s-myogl	ug/l	H	12	12
s-myogl	ug/l	HH	69	35
s-myogl		H	9	9
s-myogl		HH	7	7
s-myosab		A	19	17
s-myosab		N	383	366
s-myplcf		N	36	32
s-mypn-abm		A	28	27
s-mypnab		A	33	31
s-mypnab		N	2819	2400
s-mypnabg	au/ml	A	28	26
s-mypnabg	au/ml	H	288	258
s-mypnabg	au/ml	N	527	514
s-mypnabg	eiu	A	1267	978
s-mypnabg	eiu	H	511	457
s-mypnabg	eiu	N	709	633
s-mypnabg	form	A	44	36
s-mypnabg	form	N	8	7
s-mypnabg	ru/ml	A	26	23
s-mypnabg	ru/ml	H	352	314
s-mypnabg		A	343	270
s-mypnabg		H	282	258
s-mypnabg		N	1116	1042
s-mypnabm	form	N	15	12
s-mypnabm	index	A	15	14
s-mypnabm	index	H	159	148
s-mypnabm	index	N	875	846
s-mypnabm	s/co	A	39	36
s-mypnabm	s/co	H	49	45
s-mypnabm	s/co	N	559	502
s-mypnabm		A	223	197
s-mypnabm		H	89	82
s-mypnabm		N	2156	1860
s-n-propanoli		N	7	7
s-na	mmol/l	A	491	379
s-na	mmol/l	H	447	405
s-na	mmol/l	L	6524	4345
s-na	mmol/l	N	37492	27384
s-na		A	6	6
s-na		L	291	196
s-na		N	156	146
s-natrium	mmol/l	A	60	53
s-natrium	mmol/l	N	783	616
s-natriureettinenpeptidi,b-tyypinn-terminaalinenpropeptidi	ng/l	N	14	12
s-natsuab		N	56	31
s-naudlie	u/ml	N	7	7
s-nbosd6e	u/ml	N	12	11
s-negadab	mu/ml	A	17	7
s-negadab		N	27	27
s-neulanpisto,altistunut		N	415	284
s-neurofilamentti,kevytketjut	ng/l	A	10	10
s-neurofilamentti,kevytketjut	ng/l	N	11	11
s-neurofilamentti,kevytketjut		N	11	11
s-neuronispesifinenenolaasi	ug/l	A	16	12
s-neursyf		N	13	11
s-neutrofiiliensytoplasma-antigeeni	titre	A	33	29
s-neutrofiiliensytoplasma-antigeeni,vasta-ainetutkimus		N	220	213
s-neuvol1		N	73	69
s-neuvthl		N	19	19
s-nfl	ng/l	H	14	14
s-nfl	ng/l	N	40	38
s-ngab/a1		H	41	41
s-ngkokonaiskolesteroli	mmol/l	H	119	110
s-ngkokonaiskolesteroli	mmol/l	N	146	139
s-nglym5e	u/ml	A	27	24
s-nglym5e	u/ml	H	37	25
s-nglym5e	u/ml	N	97	92
s-nglym5e		N	31	31
s-nglym6e	u/ml	A	24	22
s-nglym6e	u/ml	H	39	27
s-nglym6e	u/ml	N	92	89
s-nglym6e		N	31	31
s-niitnue	u/ml	A	33	32
s-niitnue	u/ml	H	25	24
s-niitspe	u/ml	A	7	7
s-niittyne	u/ml	H	6	6
s-nkaseie	u/ml	H	71	40
s-nkaseie	u/ml	N	90	85
s-nkaseie		N	70	70
s-nmdarab		N	13	13
s-non-hdl-kolesteroliosatutkimus	mmol/l	N	8	8
s-norfluo	nmol/l	N	12	9
s-norklob	umol/l	A	129	39
s-norklob	umol/l	H	44	18
s-norklob	umol/l	L	13	9
s-norklob	umol/l	N	114	43
s-norklob		A	7	7
s-norkloj	nmol/l	N	22	15
s-norklom	nmol/l	N	29	14
s-norklot	nmol/l	N	8927	788
s-norklot		N	180	90
s-norklots	nmol/l	A	8	6
s-norklots		A	10	6
s-normet	nmol/l	A	1095	718
s-normet	nmol/l	H	351	237
s-normet	nmol/l	N	1528	1330
s-normet		A	44	43
s-normet		H	20	16
s-normet		N	34	34
s-normetanefriini	nmol/l	A	27	23
s-normetanefriini	nmol/l	N	24	24
s-nortrip	nmol/l	A	69	49
s-nortrip	nmol/l	L	32	23
s-nortrip		A	45	40
s-nproh		N	152	89
s-nse	ug/l	A	2739	1539
s-nse	ug/l	H	856	471
s-nse	ug/l	HH	9	8
s-nse	ug/l	N	1314	773
s-nse		A	64	55
s-nse(pä)	ug/l	A	8	6
s-nurnate	u/ml	A	36	35
s-nurnate	u/ml	H	32	31
s-nurnspe	u/ml	A	6	6
s-nxp2-o		N	423	403
s-o4.5.12	titre	A	9	8
s-o4.5.12		N	197	194
s-ohkarba	umol/l	A	429	287
s-ohkarba	umol/l	H	14	12
s-ohkarba	umol/l	L	197	148
s-ohkarba	umol/l	N	886	515
s-ohkarba		A	220	190
s-ohkarba		L	34	30
s-ohkloro	umol/l	A	12	9
s-ohkloro	umol/l	N	25	21
s-ohra(ravintoaine),igevasta-aineet		N	10	10
s-ohra,igevasta-aineet		N	9	9
s-ohrae	u/ml	A	13	13
s-ohrae	u/ml	H	6	6
s-ohrae	u/ml	N	36	36
s-ohrae		N	21	21
s-ohrajae	u/ml	A	12	11
s-ojab-o		N	423	403
s-okarba	umol/l	N	6	6
s-olants	nmol/l	A	747	470
s-olants	nmol/l	H	210	129
s-olants	nmol/l	L	169	119
s-olants	nmol/l	N	634	354
s-olants		A	176	137
s-olants		H	35	27
s-olants		L	21	18
s-olantsapiini	nmol/l	N	7	7
s-om5glie	u/ml	A	28	24
s-om5glie	u/ml	H	19	14
s-om5glie	u/ml	N	313	300
s-om5glie		N	88	88
s-omega-3-rasvahapot	mmol/l	H	183	172
s-omega-3-rasvahapot	mmol/l	N	82	80
s-omega-6-rasvahapot	mmol/l	H	52	49
s-omega-6-rasvahapot	mmol/l	N	206	192
s-omenae	u/ml	A	24	24
s-omenae	u/ml	H	15	15
s-omenae	u/ml	N	28	28
s-omenae		N	14	14
s-osacdt	mg/l	N	322	274
s-osacdtr	g/l	N	318	270
s-osmol	form	A	12	9
s-osmol	form	N	7	6
s-osmol	mo/kgh2o	A	155	120
s-osmol	mo/kgh2o	N	9	8
s-osmol	mosm/kgh2o	A	2549	1894
s-osmol	mosm/kgh2o	H	45	38
s-osmol	mosm/kgh2o	L	95	88
s-osmol	mosm/kgh2o	N	207	165
s-osmol		A	313	270
s-osmol		H	53	43
s-osmol		L	234	210
s-osmol		N	120	94
s-osmolaliteetti	mosm/kgh2o	A	119	99
s-osmolaliteetti	mosm/kgh2o	L	12	12
s-osmolaliteetti	mosm/kgh2o	N	7	7
s-osmolaliteetti		L	9	9
s-ovalbue	u/ml	A	34	22
s-ovarab		N	104	84
s-ovomuke	u/ml	A	128	74
s-ovomuke	u/ml	H	110	59
s-ovomuke	u/ml	N	65	58
s-ovomukoidi(f233,natiivi,ngald1),igevasta-aineet	u/ml	N	11	11
s-ovomukoidi,ige-vasta-aineet		N	64	64
s-p-anca	titre	A	820	519
s-p-anca	titre	H	23	12
s-p-anca		A	82	58
s-p-anca		H	7	6
s-p-anca		N	50	50
s-p-anca-vasta-aineet,immunofluoresenssi	titre	A	8	8
s-p-anca-vasta-aineet,immunofluoresenssi		N	248	235
s-p-ancab	titre	A	13	11
s-p-ancif	titre	A	562	438
s-p-ancif	titre	H	42	41
s-p-ancif		A	50	41
s-p-ancif		H	80	76
s-p-ancif		N	1070	951
s-pakast5		N	240	88
s-pakast7		N	27	12
s-pakaste		N	85	37
s-pakgas		N	33	10
s-pakkas		N	386	266
s-pakkase		N	82	30
s-pakkask		N	114	64
s-pakkasl		N	124	95
s-pakkasv		N	35	9
s-papp-a		N	55	51
s-pappa	form	N	136	95
s-pappa	mu/l	N	4016	3419
s-pappa		N	988	905
s-paprike	u/ml	N	34	31
s-papu,vihreä,ige-vasta-aineet	u/ml	N	6	6
s-papuvae	u/ml	N	6	6
s-parapäe	u/ml	A	24	23
s-parapäe	u/ml	H	52	45
s-parapäe	u/ml	N	541	522
s-parapähkinä,igevasta-aineet		N	6	6
s-paras	umol/l	A	301	142
s-paras	umol/l	L	7	7
s-paras	umol/l	N	547	243
s-paras		A	323	235
s-paras		L	40	21
s-paras		N	342	253
s-parasetamoli		A	8	6
s-paroab		N	54	52
s-paroabg	au/ml	N	63	63
s-paroabg		A	30	29
s-paroabg		N	42	41
s-paroabm		N	46	45
s-parp�h	u/ml	N	33	32
s-parp�h		N	23	23
s-parvab		A	26	24
s-parvab		N	436	350
s-parvabg	index	A	79	73
s-parvabg	index	H	18	17
s-parvabg	index	N	6	6
s-parvabg	iu/ml	A	40	40
s-parvabg	iu/ml	H	8	8
s-parvabg	iu/ml	N	9	9
s-parvabg	titre	A	19	16
s-parvabg	titre	N	9	9
s-parvabg		A	120	107
s-parvabg		H	27	25
s-parvabg		N	393	313
s-parvabm		A	16	13
s-parvabm		N	421	341
s-parvavi		N	277	217
s-parvnho		N	53	48
s-parvovirus,iggvasta-aineet	index	A	10	10
s-parvovirus,iggvasta-aineet		A	23	14
s-parvovirus,igmvasta-aineet		N	8	6
s-parvovirus,vasta-aineet		N	9	6
s-pcnaab	u/ml	N	22	21
s-pcnaab		N	29	27
s-pct	ug/l	A	3266	1991
s-pct	ug/l	H	561	350
s-pct	ug/l	N	8	8
s-pct		A	544	238
s-pct		N	40	37
s-pdhab-o		A	17	15
s-pdhab-o		N	1094	933
s-peak-1	g/l	N	7	7
s-peak-1		N	8	8
s-peak-2	g/l	N	7	7
s-peak-2		N	11	9
s-peak-3	g/l	N	7	7
s-peak-3		N	11	9
s-peak-4	g/l	N	7	7
s-peak-4		N	11	9
s-pekpähe	u/ml	A	7	7
s-pemfiab	ru/ml	A	10	9
s-pemfiab	u/ml	A	890	381
s-pemfiab	u/ml	H	286	135
s-pemfiab		A	75	51
s-pemfiab		H	31	24
s-pemfiab		N	822	735
s-pemfigoidi,bp180-antigeeni,vasta-aineet	u/ml	A	19	15
s-pemfigoidi,bp180-antigeeni,vasta-aineet		N	9	9
s-penchre		N	14	14
s-penicilliumspp.(gm27),ige-vasta-aineet		N	11	11
s-pennote		N	47	45
s-pensppe	u/ml	N	12	12
s-pensppg	mg/l	N	9	8
s-perfen	nmol/l	A	80	48
s-perfen	nmol/l	L	48	30
s-perfen	nmol/l	N	50	30
s-perfen		A	51	40
s-perfen		L	11	7
s-perfenatsiini	nmol/l	A	15	6
s-perinukleaarinenneutrofiiliensytoplasmava	titre	A	27	26
s-perinukleaarinenp-anca	titre	A	18	16
s-persike	u/ml	A	16	16
s-persile	u/ml	N	8	8
s-pertussis,igmvasta-aineet		N	9	8
s-perunae	u/ml	A	7	7
s-perunae	u/ml	N	11	11
s-ph	1	A	14	13
s-ph	1	N	110	81
s-ph		A	4163	2202
s-ph		H	318	170
s-ph		L	100	62
s-ph		N	117660	37466
s-ph(akt)	ph	N	1380	1082
s-ph(akt)		N	439	355
s-ph(s-kalsium,ionisoitunut)		N	39	27
s-phadiat		N	18	18
s-phomabetae,igevasta-aineet	u/ml	N	8	8
s-phomabetae,igevasta-aineet		N	10	10
s-pi	mmol/l	A	17	14
s-pigf	ng/l	N	27	21
s-piiinp	u/ml	H	15	15
s-piiinp	ug/l	A	648	415
s-piiinp	ug/l	H	75	52
s-piiinp	ug/l	N	48	46
s-piiinp		A	71	49
s-piiinp		H	8	6
s-pincf	titre	H	8	8
s-pincf		N	33	30
s-pinp	ug/l	A	796	533
s-pinp	ug/l	H	260	170
s-pinp	ug/l	L	34	28
s-pinp	ug/l	N	453	305
s-pinp		A	53	48
s-pinsiee	u/ml	N	13	13
s-pistaae	u/ml	A	15	14
s-pistaae	u/ml	H	6	6
s-pistaae	u/ml	N	7	7
s-pistaae		A	7	7
s-pitorbe	u/ml	A	37	33
s-pl12-o		N	423	403
s-pl7ab-o		N	423	403
s-pla2rab	titre	A	233	42
s-pla2rab		A	7	6
s-pla2rab		H	47	11
s-pla2rab		N	309	217
s-plab		N	960	771
s-plasab		N	6	6
s-plasmaproteiinia,raskauteenliittyvä	mu/l	N	85	84
s-pm-scl	u/ml	A	6	6
s-pm-skleroderma,vasta-aineet	u/ml	N	37	35
s-pm-skleroderma,vasta-aineet		N	13	12
s-pm100-o		N	423	403
s-pm1ab		N	9	9
s-pm75abo		N	423	403
s-pmlab		N	25	24
s-porkkae	u/ml	A	7	7
s-porkkae	u/ml	H	8	8
s-porkkae	u/ml	N	20	20
s-pr3ab	iu/ml	A	2110	311
s-pr3ab	iu/ml	H	67	16
s-pr3ab	iu/ml	N	20	19
s-pr3ab	kiu/l	A	17	14
s-pr3ab	kiu/l	H	22	12
s-pr3ab	u/ml	A	670	104
s-pr3ab	u/ml	H	19	10
s-pr3ab		A	1040	195
s-pr3ab		H	958	170
s-pr3ab		N	6357	5157
s-pr3abg	iu/ml	A	35	8
s-pr3abg	iu/ml	H	12	9
s-pr3abg		N	6	6
s-pr3abgk	iu/ml	A	15	14
s-pr3abgk		N	13	13
s-prealb	g/l	A	15966	6544
s-prealb	g/l	L	192	165
s-prealb	g/l	N	2606	1839
s-prealb	mg/l	A	6466	3101
s-prealb	mg/l	H	410	313
s-prealb	mg/l	L	4529	2681
s-prealb	mg/l	N	10270	6169
s-prealb		A	2332	1489
s-prealb		H	19	19
s-prealb		L	2351	1385
s-prealb		N	180	142
s-prealbl	mg/l	N	7	7
s-prealbumiini	g/l	A	204	157
s-prealbumiini	g/l	L	21	20
s-prealbumiini	g/l	N	67	63
s-prealbumiini	mg/l	A	151	103
s-prealbumiini		A	35	28
s-pregaba		A	7	6
s-prl	miu/l	A	21	19
s-prl	miu/l	H	74	65
s-prl	miu/l	L	90	81
s-prl	miu/l	N	169	166
s-prl	mu/l	A	4745	2513
s-prl	mu/l	H	2881	1595
s-prl	mu/l	L	541	345
s-prl	mu/l	N	5588	4556
s-prl	nmol/l	A	11	10
s-prl	nmol/l	N	40	39
s-prl		A	776	539
s-prl		H	317	244
s-prl		L	126	79
s-prl		N	530	506
s-prlbio	mu/l	N	616	491
s-prlmakr		N	102	98
s-prlpit	mu/l	A	10	9
s-prlrec	%	N	613	491
s-prlrec		N	7	6
s-prltot	mu/l	A	123	110
s-prltot		A	11	10
s-pro.seer		N	15	12
s-probnp	ng/l	A	73	57
s-probnp	ng/l	H	691	535
s-probnp	ng/l	N	556	522
s-probnp		A	14	13
s-probnp		N	28	28
s-prog	nmol/l	A	35	27
s-prog	nmol/l	N	817	633
s-prog		A	7	6
s-prog		N	27	24
s-prokollageenii:naminoterminaalinenpropeptidi	ug/l	A	9	6
s-prokollageeniiii:naminoterminaalinenpropepti	ug/l	A	10	9
s-prolaktiini	mu/l	A	206	156
s-prolaktiini	mu/l	H	11	9
s-prolaktiini	mu/l	N	25	23
s-prolaktiini		A	10	8
s-prolaktiini,biologisestiaktiivinen	mu/l	N	12	12
s-prolaktiini,saanto	%	N	10	10
s-prolaktiini,totaali	mu/l	A	21	20
s-propgly		N	151	88
s-propyleeniglykoli		N	6	6
s-prostataspecifinenantigeeni	ug/l	N	6	6
s-prostataspesifinenantig.vapaa,osuus		N	8	7
s-prostataspesifinenantigeeni	ug/l	N	90	76
s-prostataspesifinenantigeeni		A	14	10
s-prostataspesifinenantigeeni		N	171	155
s-prostataspesifinenantigeeni(pi)		N	75	57
s-prostataspesifinenantigeeni,kokonais	ug/l	A	891	414
s-prostataspesifinenantigeeni,kokonais	ug/l	H	81	75
s-prostataspesifinenantigeeni,kokonais	ug/l	N	413	334
s-prostataspesifinenantigeeni,kokonais		A	9	8
s-prostataspesifinenantigeeni,kokonais		N	124	110
s-prostataspesifinenantigeeni,suhde	%	N	12	10
s-prostataspesifinenantigeeni,suhde		N	56	51
s-prostataspesifinenantigeeni,vapaa	ug/l	N	704	521
s-prostataspesifinenantigeeni,vapaa		N	74	65
s-prostataspesifinenantigeeni,vapaa,osuus	%	N	12	8
s-prostataspesifinenantigeeni,vapaa,osuus		N	109	99
s-prostataspesifinenantigeeni,vapaa,osuus(ko)		N	268	138
s-prostataspesifinenantigeeni,vapaa,osuus,osatutk.		N	68	57
s-prostataspesifinenantigeeni,vapaa/kokonais-su	%	A	76	60
s-prostataspesifinenantigeeni,vapaa/kokonais-suhde	%	A	256	137
s-prostataspesifinenantigeeni,vapaa/kokonais-suhde	%	L	29	26
s-prostataspesifinenantigeeni,vapaa/kokonais-suhde	%	N	167	144
s-prostataspesifinenantigeeni,vapaa/kokonais-suhde		A	10	8
s-prostataspesifinenantigeeni,vapaa/kokonais-suhde		N	29	26
s-prostataspesifinenantigeeni,vapaa/totaali	%	N	1561	1159
s-prostataspesifinenantigeeni,vapaanjatotaalinsuhde		N	24	20
s-prostataspesifinenantigeeni,vapaansuhde	%	A	8	6
s-prostataspesifinenantigeeni,vapaansuhde	%	N	22	20
s-prostataspesifinenantigeeni,vapaansuhde		N	118	106
s-prostataspesifinenantigeenit	ug/l	N	10	10
s-prostataspesifinenantigeenivap/tot-suhde	%	A	94	64
s-prostatspesifinenantigeeni,kokonais		A	16	6
s-prot	g/l	A	19854	7608
s-prot	g/l	H	1485	618
s-prot	g/l	L	5565	2735
s-prot	g/l	LL	6	6
s-prot	g/l	N	15081	7639
s-prot		A	1200	849
s-prot		H	80	65
s-prot		L	201	168
s-prot		N	293	254
s-prot-fr		A	935	377
s-prot-fr		N	11315	5404
s-proteiini	g/l	A	356	143
s-proteiini	g/l	H	10	10
s-proteiini	g/l	L	31	26
s-proteiini	g/l	N	166	151
s-proteiini(s-prot-frvaletietue)	g/l	A	23	13
s-proteiini,fraktiot		N	64	60
s-proteiini,fraktiot(elektroforeesi)		A	58	34
s-proteiini,fraktiot,tilaamyös2516s-prot		N	25	22
s-proteiinifraktioidenalbumiinifraktio	g/l	A	162	45
s-proteiinifraktioidenalfa-1-fraktio	g/l	A	46	20
s-proteiinifraktioidenalfa-2-fraktio	g/l	A	67	26
s-proteiinifraktioidenbeeta-1-fraktio	g/l	A	60	10
s-proteiinifraktioidenbeeta-2-fraktio	g/l	A	52	17
s-proteiinifraktioidengammafraktio	g/l	A	129	26
s-proteiinifraktioidenm-komponentti1	g/l	A	108	8
s-proteinaasi3,vasta-aineet	iu/ml	A	39	11
s-proteinaasi3,vasta-aineet	kiu/l	A	22	16
s-proteinaasi3,vasta-aineet	u/ml	A	15	10
s-proteinaasi3,vasta-aineet		N	18	18
s-protks	g/l	A	53	34
s-psa	ug/l	A	3329	1278
s-psa	ug/l	AA	13	12
s-psa	ug/l	H	6698	3673
s-psa	ug/l	N	18589	13545
s-psa		A	351	203
s-psa		AA	16	11
s-psa		H	122	99
s-psa		L	6	6
s-psa		N	2452	1715
s-psa(pi)	ug/l	N	61	49
s-psa(pi)		N	7	7
s-psa,vapaanjatotaalinsuhde	%	N	11	9
s-psa-suh	%	A	390	229
s-psa-suh	%	H	172	159
s-psa-suh	%	L	3011	1787
s-psa-suh	%	N	2501	1909
s-psa-suh	ug/l	N	44	38
s-psa-suh		A	384	197
s-psa-suh		L	1516	1469
s-psa-suh		N	5648	3318
s-psa-suh,osatutkimus		N	59	40
s-psa-suh,osatutkimus4637		N	18	17
s-psa-suh,psa	ug/l	N	22	15
s-psa-suh,psa		N	82	39
s-psa-suh,s-psa	ug/l	H	14	11
s-psa-suh,s-psa	ug/l	N	52	36
s-psa-suh,s-psa-v/t	%	N	10	8
s-psa-t	ug/l	A	5040	1541
s-psa-t	ug/l	N	250	147
s-psa-t		A	504	248
s-psa-v	%	A	23	18
s-psa-v	ug/l	N	1031	946
s-psa-v		N	2112	2037
s-psa-v(pi)	ug/l	N	21	16
s-psa-v/t	%	A	3315	1261
s-psa-v/t	%	L	86	58
s-psa-v/t	%	N	333	175
s-psa-v/t		A	393	229
s-psa-v/t		L	94	74
s-psa-v/t		N	607	355
s-psa-v/t(pi)	%	A	14	11
s-psa-v/t(pi)	%	N	7	7
s-psa-v/t(pi)		N	8	8
s-psa/oma	ug/l	H	35	18
s-psa/oma	ug/l	N	148	87
s-psav/t	%	A	320	120
s-psav/t	%	L	10	8
s-psav/t	%	N	6	6
s-psav/t		N	40	38
s-psavapaanjatotaalinsuhde	%	A	24	17
s-psavapaanjatotaalinsuhde	%	L	8	6
s-psavapaanjatotaalinsuhde	%	N	73	56
s-psavapaanjatotaalinsuhde		N	83	77
s-psolab	titre	A	41	39
s-psolab	u/ml	A	20	18
s-psolab	u/ml	H	22	21
s-psolab		A	18	16
s-psolab		H	6	6
s-psolab		N	101	87
s-pujo,igevasta-aineet		N	33	33
s-pujoe	u/ml	A	554	533
s-pujoe	u/ml	H	910	856
s-pujoe	u/ml	N	1537	1448
s-pujoe	ucor	N	506	406
s-pujoe		A	115	114
s-pujoe		H	90	88
s-pujoe		N	834	822
s-pujonsiitepöly(w6),ige-vasta-aineet	u/ml	A	24	24
s-pujonsiitepöly(w6),ige-vasta-aineet	u/ml	N	6	6
s-pujonsiitepöly(w6),igevasta-aineet	u/ml	A	14	14
s-pujonsiitepöly(w6),igevasta-aineet	u/ml	N	46	46
s-pujonsiitepöly(w6),igevasta-aineet		N	21	21
s-pujonsiitepöly,ige-vasta-aineet	u/ml	A	11	11
s-pujonsiitepöly,ige-vasta-aineet	u/ml	N	35	35
s-pujonsiitepöly,igevasta-aineet	u/ml	A	71	70
s-pujonsiitepöly,igevasta-aineet	u/ml	H	6	6
s-pujonsiitepöly,igevasta-aineet	u/ml	N	99	98
s-pujonsiitepöly,igevasta-aineet		N	193	191
s-pujonsiitepöly,igevasta-aineet(ko)	u/ml	N	7	7
s-pujonsiitepöly,igevasta-aineet,rast,allergia	u/ml	H	7	7
s-pujospe	u/ml	A	132	129
s-pujospe		A	7	7
s-pujospe		N	8	8
s-puu9er	u/ml	A	6	6
s-puu9er	u/ml	N	30	27
s-puuer	u/ml	A	17	17
s-puuer	u/ml	H	8	8
s-puuer	u/ml	N	17	17
s-puuer		N	19	19
s-puuerittely,igevasta-aineet	u/ml	N	33	33
s-puum-abm		A	6	6
s-puumab		A	12	12
s-puumab		N	842	770
s-puumabg		A	188	179
s-puumabg		H	61	58
s-puumabg		N	826	756
s-puumabm		A	219	206
s-puumabm		H	74	67
s-puumabm		N	769	706
s-puumabo		A	131	126
s-puumabo		N	186	170
s-puumalavirus,igmpikatesti		A	27	26
s-puumalavirus,igmpikatesti		N	47	42
s-puumalavirus,igmpikatesti,myyräkuume		A	14	14
s-puumalavirus,igmvasta-aineet		A	17	16
s-puumalavirus,igmvasta-aineet		N	10	9
s-puumalavirus,pikatestiigm		A	12	12
s-puumavi		N	701	639
s-puumpik		A	239	235
s-päh22er	u/ml	A	17	17
s-pähcome		N	455	438
s-pähkier	u/ml	A	41	40
s-pähkier	u/ml	H	7	7
s-pähkier		A	14	14
s-pähkryh	u/ml	A	6	6
s-pähkryh		H	6	6
s-pähpene	u/ml	A	24	24
s-pähpene	u/ml	H	9	9
s-pääryne	u/ml	N	8	8
s-pöly-s	u/ml	A	48	42
s-pölyer	form	N	56	52
s-pölyer	u/ml	A	1774	1695
s-pölyer	u/ml	H	767	752
s-pölyer	u/ml	N	617	603
s-pölyer		A	187	185
s-pölyer		H	193	189
s-pölyer		N	216	209
s-pölyer(ent.phadiatop)tykslab	u/ml	A	47	47
s-pölyer(ent.phadiatop)tykslab	u/ml	N	77	77
s-pölyeri	u/ml	A	24	24
s-pölyerittely	u/ml	A	179	175
s-pölyerittely	u/ml	H	42	42
s-pölyerittely		N	490	457
s-pölyerittely(phad),igevasta-aineet	u/ml	A	7	7
s-pölyerittely(phad),igevasta-aineet	u/ml	N	18	17
s-pölyerittely(phadiatop),igevasta-aineet	u/ml	H	189	189
s-pölyerittely(phadiatop),igevasta-aineet	u/ml	N	60	60
s-pölyerittely(phadiatop),igevasta-aineet		N	71	71
s-pölyerittely,ige-vasta-aineet	u/ml	A	46	46
s-pölyerittely,ige-vasta-aineet	u/ml	N	50	49
s-pölyerittely,igevasta-aineet	u/ml	A	113	113
s-pölyerittely,igevasta-aineet	u/ml	N	53	52
s-pölyerittely,igevasta-aineet		N	22	22
s-pölyry	u/ml	A	16	15
s-pölyryh	u/ml	A	48	47
s-pölyryh	u/ml	H	44	44
s-pölyryh		A	16	16
s-pölyryh		H	14	14
s-pölyryhmä	u/ml	A	65	65
s-pölyryhmä	u/ml	N	11	11
s-pölyryhmä		N	28	28
s-pölyryhmä,igevasta-aineet	u/ml	A	6	6
s-pölyryhmä,igevasta-aineet		N	8	8
s-pölyryhmäjatarvittaessaerittely,igevasta-aineet	u/ml	A	7	7
s-pölyryhmäjatarvittaessaerittely,igevasta-aineet	u/ml	N	22	22
s-pölyryhmäjatarvittaessaerittely,igevasta-aineet		N	8	8
s-pölyryhmäjatarvittaessaerittely,igevasta-aineet(ko)	u/ml	A	19	19
s-pölyryhmäjatarvittaessaerittely,igevasta-aineet(ko)	u/ml	N	28	28
s-pölyss	u/ml	H	6	6
s-pölyt	u/ml	A	35	35
s-pölyt	u/ml	H	98	98
s-pölyt	u/ml	N	7	7
s-pölyt		H	15	15
s-pölyt		N	76	75
s-pölyt,igevasta-aineet	u/ml	A	7	7
s-pölyt,igevasta-aineet		N	6	6
s-p�hk1er	u/ml	H	12	12
s-p�hk1er		N	9	9
s-p�hpene	u/ml	H	7	7
s-p�ivke	ucarr	N	506	407
s-p�lyer	u/ml	A	461	447
s-p�lyer	u/ml	H	2820	2665
s-p�lyer	u/ml	N	2972	2791
s-p�lyer		A	29	29
s-p�lyer		H	22	22
s-p�lyer		N	362	361
s-p�lyry	u/ml	A	60	59
s-p�lyry	u/ml	H	113	110
s-p�lyry	u/ml	N	38	38
s-p�lyry		N	62	62
s-rabiab	iu/ml	N	9	9
s-rabiab		H	7	7
s-rabiab		L	16	16
s-rabiab		N	16	14
s-ractd8e	u/ml	N	7	7
s-raiheie	u/ml	A	35	34
s-raiheie	u/ml	H	30	29
s-ranao3e	u/ml	A	73	67
s-ranao3e	u/ml	H	66	55
s-ranao3e	u/ml	N	73	71
s-rapi10e	u/ml	N	51	51
s-rapi10e		N	11	11
s-rapig1e	u/ml	N	14	14
s-rapim1e	u/ml	A	15	11
s-rapim1e	u/ml	H	6	6
s-rapim1e	u/ml	N	61	60
s-rapim1e		N	12	12
s-rapue	u/ml	N	11	11
s-rarah1e	u/ml	A	34	29
s-rarah1e	u/ml	N	12	11
s-rarah1e		A	7	7
s-rarah1e		N	103	102
s-rarah1eosatutkimus		N	19	19
s-rarah2e	u/ml	A	112	97
s-rarah2e	u/ml	H	108	70
s-rarah2e	u/ml	N	172	135
s-rarah2e		A	19	19
s-rarah2e		N	100	100
s-rarah2eosatutkimus		N	19	19
s-rarah3e	u/ml	A	27	23
s-rarah3e	u/ml	N	12	11
s-rarah3e		A	6	6
s-rarah3e		N	104	103
s-rarah3eosatutkimus		N	19	19
s-rarah6e	u/ml	A	27	27
s-rarah6e	u/ml	H	63	52
s-rarah6e	u/ml	N	158	141
s-rarah6e		A	8	8
s-rarah6e		N	35	35
s-rarah8e	u/ml	A	132	127
s-rarah8e	u/ml	H	15	11
s-rarah8e	u/ml	N	7	7
s-rarah8e		A	15	15
s-rarah8e		N	69	69
s-rarah8eosatutkimus		N	17	17
s-rarah9e	u/ml	A	33	30
s-rarah9e	u/ml	H	10	7
s-rarah9e	u/ml	N	10	9
s-rarah9e		N	99	99
s-rarah9eosatutkimus		N	20	20
s-rbere1e	u/ml	A	13	13
s-rbere1e	u/ml	H	21	18
s-rbere1e	u/ml	N	82	80
s-rcor14e		N	9	9
s-rcora14(f439,rekombinantti,hasselpähkinä),igevasta-aineet	u/ml	N	7	6
s-rcora1e	u/ml	A	175	173
s-rcora1e	u/ml	H	9	9
s-rcora1e	u/ml	N	8	8
s-rcora1e		A	35	34
s-rcora8e	u/ml	A	29	29
s-rcora8e	u/ml	N	48	48
s-rcora8e		N	9	9
s-rcora9e	u/ml	A	11	11
s-rcora9e	u/ml	H	49	43
s-rcora9e	u/ml	N	231	222
s-rcora9e		N	9	9
s-rcypc1e	u/ml	A	28	27
s-rcypc1e	u/ml	H	6	6
s-rcypc1e	u/ml	N	33	32
s-rekovab		N	7	6
s-requc1e		N	53	53
s-reumafaktori	kiu/l	N	23	23
s-reumafaktori		N	69	63
s-reumafaktori(ko)	kiu/l	N	19	19
s-reumafaktori(ko)		N	23	22
s-reumafaktori,määritys	iu/ml	A	8	7
s-reumafaktori,määritys	iu/ml	N	24	24
s-reumafaktori,määritys	kiu/l	A	30	26
s-reumafaktori,määritys	kiu/l	N	10	9
s-reumafaktori,määritys		N	100	97
s-reumapa		N	7	7
s-reumapaketti		N	11	11
s-rf	iu/ml	A	1247	1037
s-rf	iu/ml	H	1730	1446
s-rf	iu/ml	N	911	881
s-rf	kiu/l	A	905	741
s-rf	kiu/l	H	6	6
s-rf	kiu/l	N	617	574
s-rf	u/ml	A	47	42
s-rf	u/ml	N	25	25
s-rf		A	220	201
s-rf		H	475	410
s-rf		N	6890	6558
s-rgadc1e	u/ml	A	22	21
s-rgadc1e	u/ml	H	8	8
s-rgadc1e	u/ml	N	38	37
s-rgadc1e		N	7	6
s-rglym4e	u/ml	A	98	98
s-rglym4e	u/ml	H	66	57
s-rglym4e	u/ml	N	50	47
s-rglym4e		A	16	16
s-rglym4e		N	29	29
s-rhev11e	u/ml	N	26	26
s-rhevb1e	u/ml	N	36	36
s-rhevb3e	u/ml	N	36	36
s-rhevb5e	u/ml	N	34	34
s-rhevb6e	u/ml	N	29	29
s-rhevb8e	u/ml	A	7	7
s-rhevb8e	u/ml	N	31	31
s-ribonukeliiniproteiini70,vasta-aineet	u/ml	N	173	148
s-ribonukeliiniproteiini70,vasta-aineet		N	337	323
s-ribonukleiiniproteiini70,vasta-aineet		N	12	12
s-ribonukleoproteiini,70kdaantigeeni,vasta-aineet		N	30	30
s-ribonukleoproteiini,nukleaarinen,vasta-aineet	u/ml	N	13	12
s-ribonukleoproteiini,nukleaarinen,vasta-aineet		N	92	90
s-ribonukleoproteiini,nukleaarinen,vasta-aineet(u1rnp)	u/ml	A	11	9
s-ribonukleoproteiini,vasta-aineet		N	18	18
s-ribosomaalisetfosfoproteiinit,vasta-aineet	u/ml	N	23	22
s-ribosomaalisetfosfoproteiinit,vasta-aineet		N	29	27
s-rickab		N	9	9
s-ricoab		N	17	17
s-riisie	u/ml	N	10	10
s-riisie		N	7	7
s-ris9hrs	ug/l	A	11	8
s-risper	nmol/l	N	71	49
s-risper		N	76	53
s-risperidoninja9-hydroksirisperidoninsumma		A	16	7
s-risperidoninja9-hydroksirisperidoninsumma		N	26	19
s-rityab		N	17	17
s-rjugr1e	u/ml	A	54	52
s-rjugr1e	u/ml	H	52	44
s-rjugr1e	u/ml	N	98	92
s-rjugr3e	u/ml	A	40	40
s-rjugr3e	u/ml	H	18	16
s-rjugr3e	u/ml	N	62	59
s-rmald1e	u/ml	A	22	22
s-rmald1e	u/ml	H	6	6
s-rmald1e	u/ml	N	14	14
s-rmald3e	u/ml	A	34	34
s-rmald3e	u/ml	N	88	88
s-rnapoab		N	65	64
s-rnapolymeraasiiii,vasta-aineet		N	43	41
s-rnp-vasta-aineet(blotting)		N	15	15
s-rnp70-ab	u/ml	A	41	27
s-rnp70ab	u/ml	A	23	15
s-rnp70ab	u/ml	H	29	22
s-rnp70ab		N	2019	1885
s-rnpab	u/ml	A	506	301
s-rnpab	u/ml	H	163	117
s-rnpab	u/ml	N	359	299
s-rnpab		A	189	146
s-rnpab		H	12	11
s-rnpab		N	3389	3108
s-rnpabbl		N	2002	1772
s-rocuroe	u/ml	N	6	6
s-rottae	u/ml	H	6	6
s-rpena1e	u/ml	A	12	12
s-rpena1e	u/ml	N	55	54
s-rpena1e		N	12	11
s-rprup1e	u/ml	A	28	28
s-rprup3e	u/ml	A	36	36
s-rprup3e	u/ml	H	8	7
s-rprup3e	u/ml	N	153	149
s-rrnpab		N	8	8
s-rrnpabb		N	2000	1770
s-rsesi1e	u/ml	N	9	9
s-rsvcf	titre	H	6	6
s-rsvcf		N	34	30
s-rtri14e	u/ml	N	67	67
s-rubeab		N	110	104
s-rubeabg	eiu	N	16	16
s-rubeabg	iu/ml	N	100	99
s-rubeabg		N	88	82
s-rubeabm		N	105	99
s-ruis(ravintoaine),igevasta-aineet	u/ml	N	6	6
s-ruis(ravintoaine),igevasta-aineet		N	9	9
s-ruise	u/ml	A	14	14
s-ruise	u/ml	H	10	9
s-ruise	u/ml	N	32	32
s-ruise		N	26	26
s-ruisjae	u/ml	A	15	14
s-ruoat	u/ml	A	6	6
s-ruoat	u/ml	H	29	29
s-ruoat,igevasta-aineet	u/ml	N	7	7
s-ruoat,igevasta-aineet		N	9	9
s-ruocome	u/ml	A	13	13
s-ruocome	u/ml	H	139	129
s-ruocome	u/ml	N	481	463
s-ruocome		H	12	11
s-ruocome		N	7	7
s-ruoer	u/ml	A	9	9
s-ruoerco	u/ml	A	11	11
s-ruok5er	u/ml	A	72	69
s-ruok5er	u/ml	H	216	211
s-ruok5er	u/ml	N	448	441
s-ruok5er		H	9	9
s-ruok5er		N	340	337
s-ruok5ry	u/ml	A	14	14
s-ruok5ry	u/ml	H	14	14
s-ruok5ry	u/ml	N	37	37
s-ruok5ry		N	51	51
s-ruoka-aine-erittely,igevasta-aineet		N	7	7
s-ruoka-aineryhmä	u/ml	N	11	10
s-ruoka-aineryhmä		N	40	40
s-ruoka-aineryhmäosat	u/ml	N	6	6
s-ruoka-aineryhmäosat		N	16	16
s-ruoka-s	u/ml	A	9	9
s-ruoka5e		N	8	8
s-ruokae	u/ml	H	9	8
s-ruokae		N	21	21
s-ruokae,ruoka-aineryhmäjakomponentit		N	38	38
s-ruokaer	u/ml	A	153	144
s-ruokaer	u/ml	H	80	80
s-ruokaer	u/ml	N	112	110
s-ruokaer		A	17	16
s-ruokaer		H	46	45
s-ruokaer		N	35	35
s-ruokaerittely	u/ml	A	12	12
s-ruokaerittely		N	98	92
s-ruokaerittely,igevasta-aineet	u/ml	A	6	6
s-ruokaerittely,igevasta-aineet	u/ml	N	45	45
s-ruokaerittelyjaerittelytarvittaessa,igevasta-aineet	u/ml	N	15	15
s-ruokaerittelyjaerittelytarvittaessa,igevasta-aineet(ko)	u/ml	N	16	15
s-ruokaryhmä		N	9	9
s-ruokaryhmä,igevasta-aineet		N	6	6
s-ruokryh	u/ml	H	8	8
s-rvesv1e	u/ml	A	34	27
s-rvesv1e	u/ml	H	8	7
s-rvesv1e	u/ml	N	77	74
s-rvesv1e		N	14	14
s-rvesv5e	u/ml	A	125	104
s-rvesv5e	u/ml	H	38	35
s-rvesv5e	u/ml	N	54	52
s-rvesv5e		A	18	18
s-rvesv5e		N	9	9
s-s-keliakia,seulonta		N	235	227
s-s100	ug/l	A	67	37
s-s100	ug/l	H	11	10
s-s100	ug/l	N	27	16
s-saccharomycescerevisiae,iggvasta-aineet		N	6	6
s-sae1-o		N	423	403
s-sakspäe	u/ml	A	55	53
s-sakspäe	u/ml	H	87	71
s-sakspäe	u/ml	N	502	487
s-sakspäe		A	8	8
s-sakspäe		H	7	7
s-salis	mmol/l	N	20	7
s-salis	umol/l	A	22	12
s-salis		A	37	33
s-salis		L	25	23
s-salmab	index	N	11	11
s-salmab		N	363	353
s-salmaba		N	29	27
s-salmabg		N	31	29
s-salmabm		N	24	22
s-salmonella,vasta-aineet(eia),lausunto		N	19	17
s-sappih	umol/l	A	2849	935
s-sappih	umol/l	H	1297	457
s-sappih	umol/l	N	1496	986
s-sappih		A	205	143
s-sappih		H	136	107
s-sappih		N	467	376
s-sappihapot	umol/l	N	21	16
s-scc-ag	ug/l	A	235	130
s-scc-ag	ug/l	H	30	20
s-scc-ag	ug/l	N	210	104
s-scc-ag		A	6	6
s-scc-ag		N	47	40
s-schiaab		N	67	63
s-schimab	od	A	10	7
s-schimab		N	67	63
s-scl-70-vasta-aineet(blotting)		N	15	15
s-scl70ab	u/ml	A	73	40
s-scl70ab	u/ml	H	8	7
s-scl70ab	u/ml	N	76	69
s-scl70ab		A	25	17
s-scl70ab		N	3342	3057
s-scl70bl		N	2001	1771
s-se	umol/l	A	15	9
s-seer.tip		N	139	16
s-seerp		N	55	41
s-seerumi		N	166	126
s-seerumn		N	197	103
s-seesame	u/ml	A	8	8
s-seessie	u/ml	H	10	10
s-seessie	u/ml	N	16	16
s-seessie		N	10	10
s-seitie	u/ml	A	7	7
s-seitie	u/ml	N	12	11
s-sellere	u/ml	A	7	7
s-sellere	u/ml	N	21	21
s-sentab	u/ml	A	220	127
s-sentab	u/ml	H	21	16
s-sentab		A	153	106
s-sentab		H	7	6
s-sentab		N	147	138
s-sentabb		N	2001	1771
s-sentbab	u/ml	A	33	29
s-sentbab	u/ml	H	44	33
s-sentbab		A	50	40
s-sentbab		H	32	29
s-sentbab		N	2140	2000
s-sentromeeri,vasta-aineet	u/ml	A	37	26
s-sentromeeri,vasta-aineet		A	15	14
s-sentromeeri,vasta-aineet		N	26	26
s-sentromeeri-b,vasta-aineet		N	19	19
s-sentromeerip,vasta-aineet	u/ml	A	24	19
s-sentromeerip,vasta-aineet	u/ml	N	23	21
s-sentromeerip,vasta-aineet		A	15	13
s-sentromeerip,vasta-aineet		N	526	488
s-sentvasta-aineet(blotting)		N	15	15
s-serto	mg/l	N	17	14
s-sertoab		H	9	8
s-sertral	nmol/l	A	18	15
s-sertral	nmol/l	L	7	6
s-sertral	nmol/l	N	24	17
s-sertral		A	6	6
s-sfit1	ng/l	N	27	21
s-shbg	nmol/l	A	1822	1241
s-shbg	nmol/l	H	1072	817
s-shbg	nmol/l	L	1589	896
s-shbg	nmol/l	N	7228	5121
s-shbg		A	165	137
s-shbg		H	77	73
s-shbg		L	36	30
s-shbg		LL	16	8
s-shbg		N	148	124
s-sikalie	u/ml	N	9	9
s-sikiön21-trisomiariskinseulonta,ensimmäinentr		N	14	14
s-sikiönkehityshäiriöidenseulonta,ensimmäinentr		N	46	45
s-sikiönkehityshäiriöidenseulonta,ensimmäinentrimesteri		N	20	20
s-sileälihas,vasta-aineet	titre	A	8	8
s-sileälihas,vasta-aineet		N	7	7
s-siliab	titre	A	563	479
s-siliab	titre	H	43	35
s-siliab	titre	N	63	61
s-siliab		A	120	107
s-siliab		H	59	41
s-siliab		N	3673	3093
s-simpuke	u/ml	N	6	6
s-sinappe	u/ml	H	6	6
s-sinappe	u/ml	N	7	7
s-sindab		N	131	119
s-sindabg	titre	N	11	10
s-sindabg		A	93	77
s-sindabg		N	123	113
s-sindabm		A	53	50
s-sindabm		N	136	125
s-sindhi		N	47	43
s-sinkki	umol/l	N	10	10
s-sinkki		N	45	40
s-sinsime	u/ml	N	8	8
s-sinsime		N	10	10
s-sipulie	u/ml	N	11	11
s-sital	nmol/l	A	11	7
s-sital	nmol/l	N	17	14
s-sitrulliinipeptidi,vasta-aineet	u/ml	A	188	175
s-sitrulliinipeptidi,vasta-aineet	u/ml	H	9	7
s-sitrulliinipeptidi,vasta-aineet	u/ml	N	159	153
s-sitrulliinipeptidi,vasta-aineet		A	31	30
s-sitrulliinipeptidi,vasta-aineet		N	99	90
s-sitrulliinivasta-aineet		N	24	23
s-sitruue	u/ml	N	24	24
s-sjögreninsyndroma,a(ro)-vasta-aineet	u/ml	A	14	8
s-sjögreninsyndroma,a(ro)-vasta-aineet		A	18	15
s-sjögreninsyndroma,a(ro)-vasta-aineet		N	65	63
s-sjögreninsyndroma,a(ro52)-vasta-aineet	u/ml	A	41	35
s-sjögreninsyndroma,a(ro52)-vasta-aineet	u/ml	N	18	18
s-sjögreninsyndroma,a(ro52)-vasta-aineet		A	29	26
s-sjögreninsyndroma,a(ro52)-vasta-aineet		N	444	414
s-sjögreninsyndroma,a(ro60)-vasta-aineet	u/ml	A	20	19
s-sjögreninsyndroma,a(ro60)-vasta-aineet	u/ml	N	12	12
s-sjögreninsyndroma,a(ro60)-vasta-aineet		A	34	27
s-sjögreninsyndroma,a(ro60)-vasta-aineet		N	464	430
s-sjögreninsyndroma,b(la)-vasta-aineet	u/ml	A	7	7
s-sjögreninsyndroma,b(la)-vasta-aineet	u/ml	N	7	6
s-sjögreninsyndroma,b(la)-vasta-aineet		N	95	92
s-sjögreninsyndromaa(ro)-vasta-aineet	u/ml	A	14	11
s-sjögreninsyndromaa(ro)-vasta-aineet		A	27	19
s-sjögreninsyndromaa(ro)-vasta-aineet		N	6	6
s-sjögreninsyndromaa,vasta-aineet		N	12	12
s-sjögreninsyndromaavasta-aineet	u/ml	A	17	12
s-sjögreninsyndromab(la)-vasta-aineet	u/ml	A	10	8
s-sjögreninsyndromab,vasta-aineet		N	10	10
s-sjögreninsyndrooma,a(ro-),vasta-aineet	u/ml	A	11	6
s-sjögreninsyndroomaa,(ro)-vasta-aineet	u/ml	A	6	6
s-sjögreninsyndroomaa,(ro)-vasta-aineet		A	13	6
s-skleroderma70,vasta-aineet	u/ml	N	7	7
s-skleroderma70,vasta-aineet		N	54	53
s-slaab-o		N	1093	932
s-sldl	mmol/l	H	93	70
s-sldl	mmol/l	L	156	92
s-sldl	mmol/l	N	1958	769
s-sm(smith),vasta-aineet	u/ml	N	10	9
s-sm(smith),vasta-aineet		N	102	100
s-sm-vasta-aineet(blotting)		N	15	15
s-smab	u/ml	A	171	118
s-smab	u/ml	H	31	26
s-smab	u/ml	N	150	136
s-smab		A	43	26
s-smab		N	3687	3361
s-smabbl		N	2002	1772
s-smith,vasta-aineet		N	12	12
s-soija,igevasta-aineet		N	8	8
s-soija,nglym5(varastoproteiini,soijapapu)osa		N	19	19
s-soija,nglym6(varastoproteiini,soijapapu)osa		N	19	19
s-soija,rglym4pr-10(rekombinantti,soijapapu)osa		N	19	19
s-soijae	u/ml	A	68	62
s-soijae	u/ml	H	31	30
s-soijae	u/ml	N	24	24
s-soijae		H	14	14
s-soijae		N	51	50
s-soijaek		N	23	23
s-soijaeksoijapapujakomponentit(f14)igevasta-aineet		N	40	40
s-soijapapu(f14),igevasta-aineet		N	12	12
s-soijapapu,igevasta-aineet		N	69	69
s-soijapapu,natiivi(nglym5,f431),igevasta-aineet		N	40	40
s-soijapapu,natiivi(nglym6,f432),igevasta-aineet		N	40	40
s-soijapapu,rekombinantti(rglym4pr-10,f353),igevasta-aineet		N	40	40
s-soijape	u/ml	A	39	37
s-soijape	u/ml	H	114	102
s-soijape	u/ml	N	181	175
s-soijape		N	383	381
s-sojaböna		N	91	86
s-sp100ab		N	25	24
s-spnabnv		N	63	32
s-spnabvt		N	175	115
s-srpab-o		N	423	403
s-ssa-52	u/ml	A	196	146
s-ssa-52		A	191	137
s-ssa-60	u/ml	A	153	112
s-ssa-60		A	233	157
s-ssa-ab		N	7	7
s-ssa-vasta-aineet(blotting)		N	15	15
s-ssa52-o		N	423	403
s-ssaab	u/ml	A	790	496
s-ssaab	u/ml	H	292	204
s-ssaab	u/ml	N	21	19
s-ssaab		A	961	660
s-ssaab		H	220	180
s-ssaab		N	3071	2842
s-ssaabbl		A	14	12
s-ssaabbl		N	2002	1772
s-ssb-vasta-aineet(blotting)		N	15	15
s-ssbab	u/ml	A	493	291
s-ssbab	u/ml	H	134	98
s-ssbab	u/ml	N	52	46
s-ssbab		A	277	198
s-ssbab		H	26	21
s-ssbab		N	3851	3498
s-ssbabbl		A	7	6
s-ssbabbl		N	2002	1772
s-stachybothrysatra(chartarum;gm24),ige-vasta-aineet		N	12	12
s-stachybotrysatra(chartarum),igevasta-aineet	u/ml	N	7	7
s-stachybotrysatra(chartarum),igevasta-aineet		N	17	17
s-statrae	u/ml	N	9	9
s-sterab		N	12	11
s-stpn1	mg/l	N	127	92
s-stpn1		N	36	31
s-stpn10a		N	60	30
s-stpn11a		N	60	30
s-stpn12f		N	60	30
s-stpn14	mg/l	N	112	79
s-stpn14		N	51	39
s-stpn15b		N	60	30
s-stpn17f		N	60	30
s-stpn18c	mg/l	N	148	97
s-stpn18c		N	15	13
s-stpn19f	mg/l	N	128	86
s-stpn19f		N	35	29
s-stpn2		N	60	30
s-stpn20a		N	60	30
s-stpn23f	mg/l	N	140	94
s-stpn23f		N	23	21
s-stpn33f		N	60	30
s-stpn4	mg/l	N	123	86
s-stpn4		N	40	35
s-stpn5	mg/l	N	117	84
s-stpn5		N	46	38
s-stpn6b	mg/l	N	125	86
s-stpn6b		N	38	32
s-stpn7f	mg/l	N	140	91
s-stpn7f		N	23	20
s-stpn8		N	60	30
s-stpn9v	mg/l	N	133	93
s-stpn9v		N	30	25
s-strdnab	u/ml	A	44	34
s-strdnab	u/ml	H	12	12
s-strdnab	u/ml	N	16	15
s-strdnab		N	101	98
s-stroab	od	A	9	7
s-stroab	od	N	7	7
s-stroab		N	68	64
s-sukupuolihormonejasitovaglobuliini	nmol/l	A	33	21
s-sukupuolihormonejasitovaglobuliini	nmol/l	H	35	30
s-sukupuolihormonejasitovaglobuliini	nmol/l	L	9	6
s-sukupuolihormonejasitovaglobuliini	nmol/l	N	178	131
s-sukupuolihormonejasitovaglobuliiniosat.	nmol/l	N	16	11
s-sulfabm		N	20	19
s-sumrisp	nmol/l	A	17	17
s-sumrisp	nmol/l	H	18	14
s-sumrisp	nmol/l	L	15	14
s-sumrisp	nmol/l	N	37	31
s-sumrisp		N	53	39
s-suoli	u/l	H	21	17
s-suoli		A	6	6
s-suolist	u/l	A	37	35
s-suolistoisoentsyymi	u/l	A	37	37
s-suolistoisoentsyymi(afos)	u/l	A	43	41
s-suolistoisoentsyymi(afos)	u/l	N	79	78
s-suolistoisoentsyymi(afos)		N	104	99
s-sydämenikä		H	8	8
s-sydäntautiriski	%	N	260	240
s-syklinencitrullinoitupeptidi,vasta-aine	u/ml	N	7	7
s-syklinensitrullinoitupeptidi,vasta-aineet	u/ml	A	17	17
s-syklinensitrullinoitupeptidi,vasta-aineet		N	156	154
s-sytomegalovirus,iggvasta-aine	u/ml	A	11	10
s-sänka		A	10	7
s-sänka		N	82	68
s-t3-v	pmol/l	A	1380	645
s-t3-v	pmol/l	H	397	307
s-t3-v	pmol/l	L	123	100
s-t3-v	pmol/l	N	2736	1902
s-t3-v		A	198	118
s-t3-v		H	59	49
s-t3-v		L	25	24
s-t3-v		N	325	234
s-t3-vdi	pmol/l	A	35	31
s-t3-vdi	pmol/l	H	18	15
s-t3-vdi	pmol/l	L	7	7
s-t3-vdi	pmol/l	N	160	153
s-t3ab		N	22	20
s-t4-v	pmol/l	A	1361	974
s-t4-v	pmol/l	H	3039	2185
s-t4-v	pmol/l	L	2474	1848
s-t4-v	pmol/l	N	64307	44797
s-t4-v		A	359	248
s-t4-v		H	84	68
s-t4-v		L	168	139
s-t4-v		N	7518	5960
s-t4-vd	pmol/l	N	19	17
s-t4-vdi	pmol/l	A	119	103
s-t4-vdi	pmol/l	H	37	32
s-t4-vdi	pmol/l	L	7	7
s-t4-vdi	pmol/l	N	220	182
s-t4-vdi		A	49	46
s-t4ab		N	9	9
s-t4v	pmol/l	A	36	20
s-t4vhypo		N	20	18
s-tammie	u/ml	A	9	9
s-tammie	u/ml	H	6	6
s-tati	nmol/l	A	131	106
s-tati	nmol/l	H	36	36
s-tati	nmol/l	N	68	65
s-tati	ug/l	A	88	66
s-tati	ug/l	H	6	6
s-tati		A	18	13
s-tattare	u/ml	A	11	11
s-tattare	u/ml	H	14	14
s-tattare	u/ml	N	13	13
s-tattare		N	10	10
s-tbeab		A	9	6
s-tbeab		N	451	420
s-tbeabg	ru/ml	A	90	81
s-tbeabg		A	33	27
s-tbeabg		N	441	406
s-tbeabm	index	N	8	8
s-tbeabm		A	84	71
s-tbeabm		N	414	387
s-tbetot		N	55	53
s-teikab		N	85	80
s-teofy	umol/l	A	200	139
s-teofy	umol/l	H	6	6
s-teofy	umol/l	L	30	29
s-teofy	umol/l	N	92	64
s-teofy		A	96	74
s-teofy		L	28	27
s-tes-vlik	pmol/l	H	13	13
s-tes-vlik	pmol/l	L	1402	1126
s-tes-vlik		L	59	51
s-tesmsvl	pmol/l	A	8	8
s-tesmsvl	pmol/l	H	9	9
s-tesmsvl	pmol/l	L	34	30
s-tesmsvl	pmol/l	N	57	56
s-testab		H	8	7
s-testab		N	98	80
s-testo	form	N	21	17
s-testo	nmol/l	A	13334	6693
s-testo	nmol/l	H	1460	1033
s-testo	nmol/l	L	9001	4792
s-testo	nmol/l	N	17496	12542
s-testo	pmol/l	N	22	18
s-testo		A	3875	2289
s-testo		H	102	89
s-testo		L	2315	1430
s-testo		N	740	571
s-testo,vap,laskmassasp	pmol/l	H	13	12
s-testo,vap,laskmassasp	pmol/l	L	73	68
s-testo,vap,laskmassasp	pmol/l	N	105	97
s-testo,vapaa+kok+shbg	pmol/l	N	10	10
s-testo,vapaa,laskettu	pmol/l	N	13	11
s-testo-v	pmol/l	A	253	187
s-testo-v	pmol/l	H	74	67
s-testo-v	pmol/l	L	91	83
s-testo-v	pmol/l	N	90	80
s-testo-v		A	86	70
s-testo-v		N	40	36
s-testo-vi	pmol/l	A	11	9
s-testo-vi		A	19	11
s-testo-vl	pmol/l	A	817	472
s-testo-vl	pmol/l	N	12	6
s-testo-vl		A	170	120
s-testoms	nmol/l	A	82	71
s-testoms	nmol/l	H	71	53
s-testoms	nmol/l	L	101	71
s-testoms	nmol/l	N	307	241
s-testoms		A	7	6
s-testoms		L	22	16
s-testoms		N	32	26
s-testosteroni	nmol/l	A	129	89
s-testosteroni	nmol/l	H	6	6
s-testosteroni	nmol/l	L	67	49
s-testosteroni	nmol/l	N	421	323
s-testosteroni		N	10	9
s-testosteroni,herkkä	nmol/l	N	13	13
s-testosteroni,herkkä		L	9	9
s-testosteroni,herkkä		N	100	94
s-testosteroni,herkkämenetelmä	nmol/l	L	12	11
s-testosteroni,massaspektrometrinen	nmol/l	A	21	15
s-testosteroni,massaspektrometrinen	nmol/l	N	64	62
s-testosteroni,massaspektrometrinen,seerumista	nmol/l	A	58	55
s-testosteroni,massaspektrometrinen,seerumista	nmol/l	L	10	10
s-testosteroni,massaspektrometrinen,seerumista		A	10	10
s-testosteroni,seerumista	nmol/l	A	156	101
s-testosteroni,seerumista	nmol/l	N	11	7
s-testosteroni,seerumista		A	93	61
s-testosteroni,vapaa	pmol/l	A	7	6
s-testosteroni,vapaa,laskettu	pmol/l	A	127	90
s-testosteroni,vapaa,laskettu	pmol/l	H	18	17
s-testosteroni,vapaa,laskettu	pmol/l	L	1195	983
s-testosteroni,vapaa,laskettu	pmol/l	N	1790	1468
s-testosteroni,vapaa,laskettu		N	36	29
s-testosteroni,vapaa,laskettu,seerumista	pmol/l	A	17	16
s-testosteroni,vapaa,prosentti	%	N	8	7
s-testosteroni,vapaalaskettu	pmol/l	A	6	6
s-testosteroni,vapaalaskettu	pmol/l	N	20	18
s-testosteroni,vapaalaskettu(ko)	pmol/l	N	10	9
s-testosteronimassaspektrometrinenmenetelmä	nmol/l	N	9	8
s-testosteronivapaalaskettu	pmol/l	A	21	15
s-testosteronivapaalaskettu	pmol/l	N	81	66
s-testosterooni,vapaa,lask.	pmol/l	L	19	18
s-testosterooni,vapaa,lask.	pmol/l	N	92	74
s-testostervapaalaske	pmol/l	L	52	36
s-testostervapaalaske	pmol/l	N	68	56
s-testostoni,vapaa,laskettu	pmol/l	A	8	6
s-testotot		A	8	6
s-testovi	pmol/l	A	25	19
s-testovl	pmol/l	A	2078	1351
s-testovl	pmol/l	H	144	121
s-testovl	pmol/l	L	2795	1936
s-testovl	pmol/l	N	1551	1193
s-testovl		A	142	119
s-testovl		H	12	11
s-testovl		L	123	111
s-testovl		N	439	311
s-tfr	mg/l	A	16088	8696
s-tfr	mg/l	H	7138	4047
s-tfr	mg/l	HH	65	59
s-tfr	mg/l	L	616	539
s-tfr	mg/l	N	5740	4860
s-tfr		A	835	616
s-tfr		H	659	467
s-tfr		HH	14	11
s-tfr		L	52	49
s-tfr		N	111	98
s-thermoactiomycesvulgaris,igevasta-aineet		N	18	18
s-thsd7ab		N	47	46
s-tif1g-o		N	423	403
s-timospe	u/ml	A	342	333
s-timospe		A	17	17
s-timotee	u/ml	A	1429	1344
s-timotee	u/ml	H	2108	1974
s-timotee	u/ml	N	1025	975
s-timotee		A	271	264
s-timotee		H	221	216
s-timotee		N	708	698
s-timotei,igevasta-aineet	u/ml	A	21	21
s-timotei,igevasta-aineet		N	32	32
s-timotei,igevasta-aineetosat.	u/ml	A	24	24
s-timotei,igevasta-aineetosat.	u/ml	N	22	22
s-timoteinsiitepöly(g6),ige-vasta-aineet	u/ml	A	22	22
s-timoteinsiitepöly(g6),igevasta-aineet	u/ml	A	71	70
s-timoteinsiitepöly(g6),igevasta-aineet	u/ml	N	32	32
s-timoteinsiitepöly(g6),igevasta-aineet		N	16	16
s-timoteinsiitepöly,igevasta-aineet	u/ml	A	169	165
s-timoteinsiitepöly,igevasta-aineet	u/ml	H	10	10
s-timoteinsiitepöly,igevasta-aineet	u/ml	N	60	60
s-timoteinsiitepöly,igevasta-aineet		N	117	115
s-timoteinsiitepöly,igevasta-aineet(ko)	u/ml	N	6	6
s-timoteinsiitepöly,igevasta-aineet,rast,timotei,allergia	u/ml	H	15	15
s-timotej	u/ml	A	12	11
s-timotej		N	80	77
s-tiosyan	umol/l	A	9	7
s-titiab		N	7	6
s-tk-äpkl		N	100	80
s-tnf	ng/l	A	21	17
s-tnf	ng/l	H	25	22
s-tnf	ng/l	N	18	17
s-tni	ng/l	H	9	8
s-tni		N	35	34
s-tnt	ng/l	H	133	122
s-tnt	ng/l	N	6	6
s-tnt		H	18	17
s-tnt		N	14	14
s-tob	mg/l	A	70	26
s-tob	mg/l	N	122	44
s-tob		N	86	36
s-tocaab	od	N	7	7
s-tocaab		N	24	23
s-tocaab.		N	45	42
s-tomaate	u/ml	A	10	10
s-tomaate	u/ml	H	9	9
s-tomaate	u/ml	N	44	44
s-tomaate		N	10	10
s-tomaatti,igevasta-aineet	u/ml	N	10	10
s-tonnike	u/ml	A	6	6
s-tonnike	u/ml	N	20	18
s-tonnike		N	12	12
s-topira	mg/l	A	16	9
s-topiram	mg/l	N	15	9
s-topiram	umol/l	N	8	6
s-tosilab		N	6	6
s-toxoab		N	1530	1346
s-toxoaba		N	1331	1176
s-toxoabg	iu/ml	A	100	85
s-toxoabg		A	49	41
s-toxoabg		N	1624	1412
s-toxoabm		A	18	15
s-toxoabm		N	1517	1334
s-toxoavi		N	1385	1220
s-toxocf		N	32	28
s-toxoplasma,iggvasta-aineet		N	6	6
s-toxoplasma,igmvasta-aineet		N	6	6
s-toxoplasma,vasta-aineet		N	9	8
s-tpha	titre	A	767	222
s-tpha	titre	H	35	24
s-tpha		A	71	30
s-tpha		H	718	230
s-tpha		N	1607	975
s-tpo-ab	iu/ml	A	50	45
s-tpo-ab		A	41	38
s-tpoab	form	N	9	7
s-tpoab	iu/ml	A	2685	2184
s-tpoab	iu/ml	H	776	693
s-tpoab	iu/ml	N	607	564
s-tpoab	u/ml	A	611	491
s-tpoab	u/ml	H	1440	1229
s-tpoab	u/ml	N	776	751
s-tpoab		A	1752	1508
s-tpoab		H	1398	1199
s-tpoab		N	5263	4812
s-tputree	u/ml	A	11	11
s-tputree	u/ml	H	6	6
s-tputree		N	14	13
s-tr1horm		N	54	50
s-tr1kem		N	56	54
s-tr1seul		N	552	399
s-tr2seul		A	8	7
s-tr2seul		N	79	78
s-transferriinireseptori	mg/l	H	674	487
s-transferriinireseptori	mg/l	L	14	13
s-transferriinireseptori	mg/l	N	1246	1059
s-transferriinireseptori,liukoinen	mg/l	A	25	22
s-transferriinireseptori,liukoinen	mg/l	N	97	78
s-transferriinireseptori,liukoinen(ko)	mg/l	N	24	22
s-transglutaminaasi,iggvasta-aineet		N	17	16
s-transglutaminaasivasta-aineet	u/ml	H	11	8
s-transglutaminaasivasta-aineet		N	453	448
s-transglutaminaasivasta-aineetiga		N	10	10
s-treponemapallidum,vasta-aineet		A	17	12
s-treponemapallidum,vasta-aineet		N	158	158
s-treponemapallidum,vasta-aineet,äitseul		N	55	51
s-treponemapallidumhemagglutinaatio		N	10	10
s-treponemapallidumv-a		N	7	7
s-tria14e	u/ml	A	6	6
s-trigly	mmol/l	A	111	91
s-trigly	mmol/l	H	5324	4989
s-trigly	mmol/l	N	23194	20978
s-trigly		H	263	247
s-trigly		N	1719	1468
s-triglyseridit	mmol/l	A	12	11
s-triglyseridit	mmol/l	H	28	28
s-triglyseridit	mmol/l	N	319	297
s-triglyseridit(paketti)	mmol/l	N	18	17
s-triglyseriditosatutkimus	mmol/l	A	36	29
s-triglyseriditosatutkimus	mmol/l	N	126	105
s-trijodityroniini,vapaa	pmol/l	N	52	43
s-trijodityroniini,vapaa(ko)	pmol/l	N	8	8
s-trivire		N	16	16
s-troponiinii		N	12	12
s-trpaab		A	722	281
s-trpaab		H	9	9
s-trpaab		N	14808	10249
s-trspab	od	N	6	6
s-trspab		N	21	20
s-trspab.		N	46	43
s-trypg2	ug/l	A	363	66
s-trypg2	ug/l	H	39	8
s-trypg2		A	22	6
s-trypt	ug/l	A	716	210
s-trypt	ug/l	H	292	86
s-trypt	ug/l	N	562	431
s-trypt		A	48	33
s-tryptaasi	ug/l	A	62	31
s-tryptaasi	ug/l	H	13	9
s-tryptaasi	ug/l	N	196	178
s-tsh	miu/l	A	1328	789
s-tsh	miu/l	H	6665	3719
s-tsh	miu/l	L	6339	3328
s-tsh	miu/l	N	4430	3723
s-tsh	mlu/l	A	14	13
s-tsh	mlu/l	N	51	38
s-tsh	mu/l	A	10338	5473
s-tsh	mu/l	H	9175	5613
s-tsh	mu/l	HH	13	10
s-tsh	mu/l	L	11424	6449
s-tsh	mu/l	LL	23	19
s-tsh	mu/l	N	83305	61008
s-tsh	u/l	N	57	45
s-tsh		A	4101	2418
s-tsh		H	2069	1536
s-tsh		L	3486	2374
s-tsh		LL	60	48
s-tsh		N	4298	3521
s-tsh-abr	mu/l	N	115	48
s-tsh-abr		N	38	31
s-tsh-reseptori,vasta-aineet	iu/l	A	207	131
s-tsh-reseptori,vasta-aineet	iu/l	H	21	16
s-tsh-reseptori,vasta-aineet		N	43	42
s-tshrab	iu/l	A	2936	1665
s-tshrab	iu/l	H	771	509
s-tshrab	iu/l	N	347	317
s-tshrab	iu/ml	A	7	7
s-tshrab	iu/ml	H	8	8
s-tshrab	u/l	A	994	548
s-tshrab	u/l	H	123	111
s-tshrab	u/l	N	18	17
s-tshrab		A	1416	930
s-tshrab		H	1729	836
s-tshrab		N	3726	2831
s-tshrefl	mu/l	A	297	155
s-tshrefl	mu/l	N	288	283
s-tshrefl		A	18	14
s-tshrefl		N	5337	4277
s-tshreflpt		N	1404	1278
s-ttgaba	eliau/ml	H	111	92
s-ttgaba	eliau/ml	N	12	12
s-ttgaba	form	A	8	6
s-ttgaba	form	N	145	144
s-ttgaba	u/ml	A	1199	788
s-ttgaba	u/ml	H	660	445
s-ttgaba	u/ml	N	7605	7000
s-ttgaba		A	828	632
s-ttgaba		H	242	178
s-ttgaba		N	29073	25847
s-ttgaba,s-kudostransglutaminaasi,igavasta-aineet		N	68	66
s-ttgabg	u/ml	A	39	19
s-ttgabg	u/ml	H	31	11
s-ttgabg	u/ml	N	56	56
s-ttgabg		A	8	8
s-ttgabg		N	10469	9742
s-ttgabg,s-kudostransglutaminaasi,iggvasta-aineet(ko)		N	48	47
s-tuma,liukoisetantigeenit		A	9	9
s-tuma,liukoisetantigeenit,seulonta,vasta-aineet		N	7	7
s-tuma,liukoisetantigeenit,vasta-aineet	ratio	A	34	24
s-tuma,liukoisetantigeenit,vasta-aineet	ratio	H	12	12
s-tuma,liukoisetantigeenit,vasta-aineet		A	18	15
s-tuma,liukoisetantigeenit,vasta-aineet		N	166	159
s-tuma,liukoisetantigeenit,vasta-aineet,immuno		N	6	6
s-tuma,liukoisetantigeenit,vasta-aineet,laaja		N	10	10
s-tuma,liukoisetantigeenit,vasta-aineet,laajatutkimus		N	29	29
s-tuma,liukoisetva		N	28	28
s-tuma,vasta-aineet	titre	A	88	77
s-tuma,vasta-aineet	titre	H	8	8
s-tuma,vasta-aineet	titre	N	96	92
s-tuma,vasta-aineet		A	33	30
s-tuma,vasta-aineet		N	511	481
s-tuma,vasta-aineet,analyysi,lausunto		N	7	7
s-tuma,vasta-aineet,tyypitys		N	15	15
s-tuma,vasta-aineetblottaus		N	7	7
s-tumavasta-aineet,analyysi		N	13	13
s-turska(f3),igevasta-aineet		N	12	12
s-turskae	u/ml	A	58	55
s-turskae	u/ml	H	53	43
s-turskae	u/ml	N	235	218
s-turskae		A	8	8
s-turskae		H	8	7
s-turskae		N	507	501
s-tuumori		N	16	14
s-tygl	ug/l	A	749	241
s-tygl	ug/l	H	297	56
s-tygl	ug/l	L	18	18
s-tygl	ug/l	N	1935	508
s-tygl		A	134	74
s-tygl		H	9	9
s-tygl		L	7	7
s-tygl		N	2578	750
s-tygl-va	u/ml	A	388	93
s-tygl-va	u/ml	H	83	31
s-tygl-va	u/ml	N	64	35
s-tygl-va		A	11	6
s-tygl-va		N	2651	568
s-tyglab	iu/ml	A	354	169
s-tyglab	iu/ml	H	69	42
s-tyglab	iu/ml	N	129	106
s-tyglab	u/ml	A	272	99
s-tyglab	u/ml	H	204	127
s-tyglab	u/ml	N	134	97
s-tyglab		A	50	40
s-tyglab		H	61	55
s-tyglab		N	2050	989
s-tymidiinikinaasi	u/l	A	114	68
s-tymidk	u/l	A	927	569
s-tymidk	u/l	H	149	124
s-tymidk	u/l	N	90	80
s-tymidk		A	23	19
s-tyreoglobuliini	ug/l	A	24	21
s-tyreoglobuliini	ug/l	N	7	6
s-tyreoglobuliini		A	27	18
s-tyreoglobuliini		N	24	20
s-tyreoglobuliini,vasta-aineet	iu/ml	A	49	21
s-tyreoglobuliini,vasta-aineet	iu/ml	N	15	15
s-tyreoglobuliini,vasta-aineet	u/ml	A	27	10
s-tyreoglobuliini,vasta-aineet		N	69	63
s-tyreoglobuliini,vasta-aineet,osatutkimus		N	30	24
s-tyreoglobuliinivasta-aineet		N	16	8
s-tyreoideaperoksidaasi,vasta-aineet	iu/ml	A	73	71
s-tyreoideaperoksidaasi,vasta-aineet	iu/ml	H	29	28
s-tyreoideaperoksidaasi,vasta-aineet	iu/ml	N	101	96
s-tyreoideaperoksidaasi,vasta-aineet	u/ml	A	32	29
s-tyreoideaperoksidaasi,vasta-aineet	u/ml	H	9	6
s-tyreoideaperoksidaasi,vasta-aineet	u/ml	N	14	13
s-tyreoideaperoksidaasi,vasta-aineet		A	21	20
s-tyreoideaperoksidaasi,vasta-aineet		N	82	82
s-tyreoideaperoksidaasi,vasta-aineet(ko)	iu/ml	N	8	7
s-tyreoideaperoksidaasi,vasta-aineet(pi)		N	7	7
s-tyreoideavasta-aineet		N	69	69
s-tyreotropiini	miu/l	A	52	34
s-tyreotropiini	miu/l	N	346	279
s-tyreotropiini	mu/l	A	82	56
s-tyreotropiini	mu/l	N	494	393
s-tyreotropiini		N	12	12
s-tyreotropiini(pakettiin)	mu/l	N	63	42
s-tyreotropiini,elinvasta-aineristireaktio	mu/l	N	9	7
s-tyreotropiini,peg-saostuksella	mu/l	N	27	20
s-tyreotropiinipakettiin	mu/l	N	8	7
s-tyroksiini,vapaa	pmol/l	A	20	16
s-tyroksiini,vapaa	pmol/l	N	635	486
s-tyroksiini,vapaa		N	8	8
s-tyroksiini,vapaa(paketti)	pmol/l	N	70	42
s-tyroksiini,vapaapakettiin	pmol/l	N	7	6
s-tyrosiini	mmol/l	N	260	239
s-tyydyttyneetrasvahapot	mmol/l	H	17	17
s-tyydyttyneetrasvahapot	mmol/l	N	244	225
s-tyypin2diabetesriski	%	N	260	240
s-ucrp	mg/l	A	1279	928
s-ucrp		A	80	77
s-uraat	mmol/l	N	7	7
s-uraat	umol/l	A	246	189
s-uraat	umol/l	H	5233	3543
s-uraat	umol/l	L	403	359
s-uraat	umol/l	N	6456	5426
s-uraat		A	8	8
s-uraat		H	7	7
s-uraat		L	51	45
s-uraat		N	34	33
s-uraatti	umol/l	A	88	78
s-uraatti	umol/l	N	533	480
s-uraatti		N	38	37
s-urea	mmol/l	A	8	6
s-urtikar		N	53	53
s-ustek	mg/l	N	25	13
s-ustekab		A	10	9
s-ustekab		N	40	24
s-usteki	mg/l	N	183	84
s-usteki		N	46	30
s-ustekinumpitoisuus	mg/l	N	6	6
s-valiini	mmol/l	H	22	21
s-valiini	mmol/l	N	243	223
s-valkoinenpapu,ige-vasta-aineet	u/ml	N	7	7
s-valksie	u/ml	N	16	16
s-valp-v	umol/l	A	12	6
s-valpr	%	L	8	7
s-valpr	umol/l	A	6622	2871
s-valpr	umol/l	H	715	339
s-valpr	umol/l	L	3090	1389
s-valpr	umol/l	N	4818	1529
s-valpr		A	1659	987
s-valpr		H	156	86
s-valpr		L	801	556
s-valpr		N	167	87
s-valpr-v	umol/l	A	126	84
s-valpr-v	umol/l	H	116	83
s-valpr-v	umol/l	L	136	105
s-valpr-v	umol/l	N	262	191
s-valpr-v		A	64	48
s-valpr-v		L	124	106
s-valpro	umol/l	A	31	15
s-valproaatti	umol/l	A	111	74
s-valproaatti	umol/l	L	23	16
s-valproaatti	umol/l	N	82	56
s-valproaatti		A	10	9
s-van	mg/l	A	2847	1050
s-van	mg/l	H	179	87
s-van	mg/l	L	33	25
s-van	mg/l	LL	68	42
s-van	mg/l	N	6044	1211
s-van		A	271	162
s-van		H	19	12
s-van		L	8	8
s-van		LL	18	10
s-van		N	180	105
s-van-0	mg/l	A	33	20
s-van-1	mg/l	A	16	14
s-vancom	mg/l	A	54	18
s-vani	mg/l	A	33	7
s-vapaanjakokonais-psa:nsuhde	%	H	127	103
s-vapaanjakokonais-psa:nsuhde	%	N	514	377
s-vapaanjakokonais-psa:nsuhde		N	1213	962
s-vapaantestosteroninindeksi	pmol/l	A	15	12
s-vapaantestosteroninindeksi	pmol/l	N	12	10
s-vapaidenkappa-jalambdakevytketjujenmääritys		N	13	13
s-vapaidenkappa-jalambdakevytketjumääritys		N	17	17
s-varah		N	7	7
s-varicella-zostervirus,iggvasta-aineet	eiu	N	12	12
s-varicella-zostervirus,igmvasta-aineet		N	15	14
s-varicellazostervirus,iggvasta-aineet	miu/ml	A	10	10
s-varizella-zostervirus,igg-vasta-aineet	u/l	A	85	84
s-varizella-zostervirus,igm-vasta-aineet		N	87	86
s-varizella-zostervirus,vasta-aineet,lausunto		A	16	16
s-varizella-zostervirus,vasta-aineet,lausunto		N	87	86
s-vaskuab		N	516	484
s-vedol	mg/l	N	517	185
s-vedol		N	170	87
s-vedolab		A	6	6
s-vedolab		N	698	223
s-vedolpa		N	642	205
s-vegf	ng/l	N	18	10
s-vehnjae	u/ml	A	133	111
s-vehnjae	u/ml	H	43	41
s-vehnjae	u/ml	N	28	28
s-vehnjae		H	17	17
s-vehnjae		N	49	48
s-vehnä(ravintoaine),igevasta-aineet		N	26	26
s-vehnä/ravintoaine,igevasta-aineet	u/ml	A	6	6
s-vehnä/ravintoaine,igevasta-aineet		N	11	11
s-vehnäe	u/ml	A	59	59
s-vehnäe	u/ml	H	10	10
s-vehnäe	u/ml	N	8	8
s-vehnäe		A	7	7
s-vehnäe		N	29	29
s-vehnäek		N	21	21
s-vehnäek,vehnäjauhojakomponentit/f4)igevasta-aineet)		N	41	41
s-vehnäjauho(f4),igevasta-aineet		N	11	11
s-vehnäjauho,igevasta-aineet	u/ml	N	18	18
s-vehnäjauho,igevasta-aineet		N	33	33
s-vehn�e	u/ml	A	29	27
s-vehn�e	u/ml	H	166	148
s-vehn�e	u/ml	N	196	191
s-vehn�e		N	363	362
s-vendves	nmol/l	A	16	15
s-vendves	nmol/l	H	59	45
s-vendves	nmol/l	N	78	58
s-venlaf	nmol/l	N	159	100
s-verialt,verialtistus,tutkimuksetaltistuneesta		N	65	38
s-veriryhmävasta-aineet,seulonta		N	13	9
s-veriryhmävasta-aineet,tunnistus		N	19	17
s-veritapaturmatutkimus,mahdollisentartunnankohde		N	99	70
s-veritapaturmatutkimus,mahdollisentartunnanlähde		N	24	17
s-vesirokkovirus,iggvasta-aineet	miu/ml	A	25	25
s-vesirokkovirus,vasta-aineet		N	16	15
s-vete		N	89	84
s-viirype	u/ml	N	11	10
s-vilj3er	u/ml	N	14	13
s-vilj3er		N	12	12
s-viljaer	u/ml	N	7	7
s-viljaryhmä,igevasta-aineet	u/ml	N	15	15
s-virab		N	51	47
s-viseabg	au/ml	A	25	22
s-viseabg		A	147	114
s-viseabg		H	91	60
s-viseabg		N	78	72
s-viseabg,borreliaburgdorferinvise-proteiini,vasta-aineetigg	au/ml	A	22	18
s-viseabg,borreliaburgdorferinvise-proteiini,vasta-aineetigg	au/ml	N	12	10
s-viseabg,borreliaburgdorferinvise-proteiini,vasta-aineetigg		N	95	89
s-viseabm	au/ml	A	15	11
s-viseabm		A	154	116
s-viseabm		H	76	49
s-viseabm		N	87	80
s-viseabm,borreliaburgdorferinvisejaospcproteiinit,vasta-aineet	au/ml	A	8	7
s-viseabm,borreliaburgdorferinvisejaospcproteiinit,vasta-aineet	au/ml	N	9	8
s-viseabm,borreliaburgdorferinvisejaospcproteiinit,vasta-ainetigm	au/ml	A	36	27
s-viseabm,borreliaburgdorferinvisejaospcproteiinit,vasta-ainetigm	au/ml	N	27	25
s-viseabm,borreliaburgdorferinvisejaospcproteiinit,vasta-ainetigm		N	47	47
s-vldl-kolesteroli	mmol/l	N	265	244
s-vlseabg	au/ml	A	548	401
s-vlseabg	au/ml	H	559	420
s-vlseabg	au/ml	N	66	60
s-vlseabg		A	141	109
s-vlseabg		H	260	200
s-vlseabg		N	2410	2170
s-vlseabg,borreliaburgdorferinvlse-proteiini,vasta-aineetigg		N	20	17
s-vlseabm	au/ml	A	630	492
s-vlseabm	au/ml	H	502	408
s-vlseabm	au/ml	N	410	358
s-vlseabm		A	103	81
s-vlseabm		H	259	198
s-vlseabm		N	2110	1923
s-vlseabm,borreliaburgdorferinvlsejaospcproteiinit,vasta-aineetigm	au/ml	A	10	7
s-vlseabm,borreliaburgdorferinvlsejaospcproteiinit,vasta-aineetigm	au/ml	N	12	11
s-vlseabm,borreliaburgdorferinvlsejaospcproteiinit,vasta-aineetigm		N	8	8
s-vorikon	mg/l	A	144	52
s-vorikon	mg/l	H	10	10
s-vorikon	mg/l	L	57	21
s-vorikon	mg/l	N	64	26
s-vorikon		A	27	17
s-vpene	u/ml	A	9	8
s-vpene	u/ml	N	58	57
s-vpenige		N	17	17
s-vrab-o		N	103831	42656
s-vzv,iggvasta-aineet	miu/ml	A	9	9
s-vzv-abg	u/l	A	7	7
s-vzvab		N	1942	1837
s-vzvabg	eiu	N	274	269
s-vzvabg	index	N	36	36
s-vzvabg	iu/l	N	384	371
s-vzvabg	miu/ml	A	66	66
s-vzvabg	miu/ml	H	97	96
s-vzvabg	miu/ml	N	123	123
s-vzvabg	titre	N	8	8
s-vzvabg	u/l	A	18	18
s-vzvabg	u/l	H	18	16
s-vzvabg		H	54	52
s-vzvabg		N	1365	1267
s-vzvabm		A	47	42
s-vzvabm		N	1834	1731
s-vzvcf		N	6	6
s-w-h:a		N	207	202
s-w-h:b	titre	A	110	99
s-w-h:b	titre	H	9	9
s-w-h:b		H	28	26
s-w-h:b		N	192	188
s-w-h:d	titre	A	56	46
s-w-h:d	titre	H	6	6
s-w-h:d		A	6	6
s-w-h:d		H	6	6
s-w-h:d		N	201	196
s-w-h:g.m	titre	A	36	31
s-w-h:g.m		H	6	6
s-w-h:g.m		N	199	194
s-w-h:i	titre	A	42	35
s-w-h:i		H	14	13
s-w-h:i		N	191	187
s-w-o6.7	titre	A	8	8
s-w-o6.7		N	200	197
s-w-o9.12	titre	A	20	16
s-w-o9.12		H	7	7
s-w-o9.12		N	198	194
s-yee3aba		N	10	10
s-yee3abg		N	11	11
s-yee3abm		N	10	10
s-yee9aba		N	11	11
s-yee9abg		N	11	11
s-yee9abm		N	11	11
s-yep1aba		N	11	11
s-yep1abg		N	11	11
s-yep1abm		N	11	11
s-yep3aba		N	11	11
s-yep3abg		N	11	11
s-yep3abm		N	11	11
s-yer3ab	titre	A	16	15
s-yer3ab	titre	N	6	6
s-yer3ab		A	18	17
s-yer3ab		N	407	393
s-yer9ab	titre	A	31	26
s-yer9ab	titre	H	7	7
s-yer9ab		A	9	9
s-yer9ab		H	12	12
s-yer9ab		N	408	394
s-yerp1ab		N	430	413
s-yerp3ab		N	431	414
s-yersab		A	9	9
s-yersab		N	370	360
s-yersaba	ratio	A	12	9
s-yersaba	responseequivalent	A	19	16
s-yersaba	responseequivalent	H	11	10
s-yersaba		A	13	12
s-yersaba		N	65	63
s-yersabg	iu/ml	A	10	10
s-yersabg	iu/ml	H	7	7
s-yersabg	ratio	A	20	16
s-yersabg	ratio	H	16	15
s-yersabg	responseequivalent	A	39	32
s-yersabg	responseequivalent	H	23	21
s-yersabg		A	13	12
s-yersabg		H	13	13
s-yersabg		N	55	54
s-yersabl		N	28	26
s-yersinia,iga-vasta-aineet	ratio	A	12	12
s-yersinia,iga-vasta-aineet		N	61	57
s-yersinia,igg-vasta-aineet	ratio	A	29	24
s-yersinia,igg-vasta-aineet		N	44	43
s-yersinia,vasta-aineet,lausunto		A	18	16
s-yersinia,vasta-aineet,lausunto		N	73	71
s-yersiniaenterocolitica0:3va:t/yersiniava		N	8	8
s-yersiniaenterocolitica0:9va:t/yersiniava		N	10	10
s-yersiniaenterocoliticao:9,vasta-aineet		N	7	7
s-yersiniaenterocoliticao:9vasta-aineet		N	6	6
s-yersiniapseudotuberculosis1a,vasta-aineet		N	14	14
s-yersiniapseudotuberculosis3,vasta-aineet		N	13	13
s-ypstu1a		N	17	16
s-zn	umol/l	A	42	38
s-zn	umol/l	N	29	29
s-zn		N	7	7
s-znt8ab		N	9	9
s-zuklop	nmol/l	A	13	12
s-zuklop	nmol/l	N	40	18
s-äggvita		N	89	84
s-äit-seul		N	130	115
s-äit-seula		N	55	54
s-äitiseulanosatutkimus		N	10	10
s-äitiysneuvoloideninfektioseulontapaketti		N	39	37
s-äitiysneuvoloideninfektioseulontapaketti,osatutk.		N	55	51
s-äitiysneuvoloideninfektioseulontapaketti,otsikko		N	10	10
s-äitseul		N	5519	4665
sa-bio		N	44	37
sa-bio2		N	11	9
sa-korsol	nmol	A	18	13
sa-korsol	nmol	N	27	23
sa-korsol	nmol/l	A	669	383
sa-korsol	nmol/l	H	171	96
sa-korsol	nmol/l	N	372	233
sa-korsol		A	63	45
sa-korsol		N	120	100
sa-kortisoli	nmol/l	N	6	6
sae1		N	26	26
saksanpähkinä(f256),igevast		N	11	11
saksanpähkinä(ruoka-aine),igevasta-aineet	u/ml	N	30	29
salmnho		A	25	23
salmnho		N	230	211
salmonellaspp		N	12	12
salmonellaspp.		N	416	334
sapovirusnukleiinihappo		N	10	9
sappihapot	umol/l	A	56	19
sappihapot	umol/l	H	48	19
sappihapot	umol/l	N	39	23
sappihapot		N	7	7
sappihapot,seerumista,paastotilassa	umol/l	A	12	8
sapututkimusneuvolalletr1seulvarten		N	7	7
sars-cov-2-antigeenitesti,pikatesti		A	14	14
sars-cov-2antigenrapidtest,roche(sdbiosensor)(7905,-cv19ag5)		N	13	13
sclerodermavasta-aineet	u/ml	N	28	24
sclerodermavasta-aineet		N	12	12
se-amyl	u/l	N	23	13
se-amyl		N	15	14
se-erytrosyytit		N	21	9
se-glukoosi	mmol/l	N	14	7
se-k	mmol/l	N	7	7
se-krea	umol/l	N	7	7
se-kreatiniini	umol/l	N	22	10
se-leuk	e6/l	N	23	11
se-leukosyyttienerittelylaskenta,(mikrosk.)		N	11	8
se-likvo-o		N	13	12
se-na	mmol/l	N	7	7
se-prot	g/l	N	46	35
se-prot		N	12	11
se-solut		N	23	11
se-trigly	mmol/l	N	48	36
se-urea	mmol/l	N	20	8
se-virts-o		N	6	6
seerumi		N	19	19
seeruminhappamuusaste		N	2111	1628
seeruminkokonais-iga-pitoisuusphadiaprimella		N	960	920
seerumisilmätippojennäytteenottoja-käsittely		N	44	12
seksivälitteisetmikrobit,nukleiinihapp(kval)		N	12	12
seksivälitteisetmikrobit,nukleiinihappo(kval)		N	38	35
seleenikokoveren	umol/l	N	350	281
seltyö(ko)		N	33	31
sentromeeri(cnpb),vasta-aineet		N	17	16
sentromeeri,vasta-aineet	u/ml	N	7	6
sentromeeri,vasta-aineet		N	28	27
seulontapsa		N	6	6
sh/eiecnho		N	232	212
shepatiitticvirus,antigeenijavasta-aineet,yhdistelmätutkimus		N	13	9
shigella/eiec(enteroinvasiivinene.coli)		N	430	346
sieni,viljely		A	31	28
sieni,viljely		N	177	156
sieni,viljely(syvänäyte)		A	44	30
sieni,viljely,pinta		N	8	8
sieni,viljelyjanatiivi		A	61	54
sieni,viljelyjanatiivi		N	21	21
sieni,värjäys		N	26	25
sieni,värjäys(-sienvr)		N	27	27
sieni,värjäys(2632-sienvr)		N	33	32
sieniviljely		A	10	9
sienvi		A	298	252
sikiönkehityshäiriöidenseuranta,1.trimesteri,hormonit		N	60	60
sikiönrhd-veriryhmäsuojaustavarten,verestä		A	16	14
sindabemagglutinaationinhibitio-menetelmällä		N	8	8
sinkki	umol/l	N	27	26
sinkkipunasoluista	umol/l	N	46	44
sitruliinipeptidi,vasta-aineet	u/ml	H	9	9
sitruliinipeptidi,vasta-aineet	u/ml	N	351	345
sitruliinipeptidi,vasta-aineet		H	8	8
sitrulliinipeptidi,vasta-aineet	u/ml	A	26	24
sitrulliinipeptidi,vasta-aineet	u/ml	N	69	68
sitrulliinipeptidi,vasta-aineet		A	27	26
sitrulliinipeptidi,vasta-aineet,seerumista	u/ml	A	23	22
sitrulliinipeptidi,vasta-aineet,seerumista		A	15	15
sjukhus		N	696	230
sjögreninsyndroomaa(ro),vasta-aineet(s-ssaab)		N	90	86
sjögreninsyndroomab(la),vasta-aineet(s-ssbab)		N	93	88
sk-ihottumanäytteenhistologinentutkimu		N	12	10
sk-ihottumanäytteenhistologinentutkimus		A	17	17
sk-kromos		N	30	30
sk-mohs		AA	26	26
sk-mohs		N	8	7
sk-pad-if		N	619	570
sk-padihot		A	78	70
sk-padihot		AA	203	185
sk-padihot		N	2450	2192
sk-sien-vi		A	45	42
sk-sieni,viljely		A	246	216
sk-sieni,viljely		N	13	12
sk-sieni,viljely(iho,kynsi,hius)		N	19	17
sk-sieni,viljely(iho,kynsi,hius)(ko)		N	13	12
sk-sieni,viljely(pintanäyte)		A	146	127
sk-sieni,viljely(pintasieni)		N	15	15
sk-sienivi		N	145	127
sk-sienvi		A	8472	7279
sk-sienvi		N	6119	5296
skleroderma70,vasta-aineet(s-scl70ab)		N	64	63
slco1b1-geeninc.521t>cvariaa		N	8	8
slco1b1-geeninnukleotidivariaatiot,dna-tutkimus		N	75	73
sm(smith),vasta-aineet(s-smab)	u/ml	N	7	6
sm(smith),vasta-aineet(s-smab)		N	89	85
smkomp-1	g/l	H	11	8
smkomp-1	g/l	N	22	22
smycoplasmapneumoniae,abgvasta-aineet	eiu	A	23	20
snabb-crp		A	988	391
snabb-crp		N	1159	498
snabb-inr		N	6279	104
snabbcrp		N	71	43
snabbsvalg		N	16	14
so-b-cd19	%	N	7	7
so-nk	%	N	7	7
so-t-cd3	%	N	68	53
so-t-cd4	%	N	68	53
so-t-cd4/8		N	7	7
so-t-cd8	%	N	68	53
soijae	u/ml	A	10	10
soijae		N	9	7
soijapapu		A	7	7
soijapapujakomponentit(f14),igevasta-aineet		N	16	16
solujenmorfologinentarkastelu,lausunto		N	10	9
solut		N	45	45
solut,nivelneste	e6/l	A	318	241
solut,selkäydinneste		N	12	11
solut,virtsa		N	53	44
sp-anald		N	18	15
sp-liik.pr	%	A	11	9
sp-pakd		N	71	13
sp-pesud		N	76	17
sp-pr+np	%	A	10	8
sp-s.yht	e6	A	8	7
sp-siitt.	e6/ml	A	10	7
sp-siittiö		N	10	10
sp-suld		N	170	66
spiro		N	6	6
spirometria,tavall.dyn.aikatilavuusmittaus		N	108	105
spirometriabronkodilataatio		N	7	7
sprkiirlis		N	658	371
sprneuvola		N	20	12
sprv,yhteenvetolausunto,neuvolanäytteet		N	26	22
sprv-helau		N	9	9
sprv-ktlau		N	32	32
sprv-laus		N	604	411
sprv-lelau		N	2495	746
sprxkoe1		N	71	57
sprxkoe5		N	11	10
srp		N	26	26
sshbg	nmol/l	N	16	12
stachybotrysatraige	u/ml	N	15	15
standardqcovid-19ag,sdbionsensorinc		N	19	18
staphylococcusaureus-viljely,nenästä		A	25	24
stearidonihappo	%	N	288	234
stearidonihappo		N	26	25
steariinihappo	%	N	315	255
sterpapikatesti		N	153	136
sthlm3-score	%	H	12	12
sthlm3-score	%	N	10	10
straag-o		A	57	55
strbvieri		A	28	27
strepa		N	167	108
strepa-pika		N	13	11
strepa-pikatesti,tth		A	6	6
strepa-pikatesti,tth		N	134	97
streptoc.		N	74	58
streptococcus,jatkoviljely		N	11	11
streptococcus,jatkoviljely(4167-strjvi)		N	9	9
streptococcus,viljely(hemolyytt.streptokokit)		N	61	54
streptococcus,viljely,nielusta		A	7	7
streptococcusagalactiae(b),nukleiinihaponosoitus,fluori,vieritesti		A	34	33
streptococcusagalactiae(b),nukleiinihappo(kval),likvori		N	12	11
streptococcusagalactiae(b),viljelyemätineritteestä		A	10	10
streptococcuspneumoniae,antigeeninosoitus,virtsasta		A	6	6
streptococcuspneumoniae,nukleiinihappo(kval)		A	11	11
streptococcuspneumoniae,nukleiinihappo(kval)		N	49	44
streptococcuspneumoniae,nukleiinihappo(kval),likvori		N	11	10
streptococcuspneumoniaenukleiinihappo(kval)		N	42	42
streptococcuspyogenes(a),antigeeni,nielueritteestä		A	21	19
streptococcuspyogenes(a),nukleiinihappo-osoitus		A	10	9
streptococcuspyogenes(a),nukleiinihappo-osoitus		N	8	8
streptococcuspyogenes(a),osoituskoe		A	16	16
streptococcuspyogenes(a),osoituskoe		N	298	275
streptokokki,viljely,nielueritteestä		A	47	43
streptokokkia		N	51	44
streptokokkiapikaviljely		N	18	11
streptokokkiviljely		N	9	9
suhteellinentiheys		A	25	19
suhteellinentiheys		N	146	101
suhteellinentiheys(kval)		A	59	53
suhteellinentiheys(kval)		N	246	193
suhteellinentiheys,virtsasta,osatutk.		A	41	36
sukupuolihormonejasitovaglobuliini	nmol/l	A	14	8
sukupuolihormonejasitovaglobuliini	nmol/l	N	163	104
suolis-is	u/l	A	212	193
suolis-is		A	15	14
suolistoisoentsyymi	u/l	A	14	13
suolistoisoentsyymi	u/l	N	27	27
suolistoisoentsyymi		N	11	11
suppealeikkausnäyte,kudosnos		A	32	28
suupatologinenpad-tutkimus		N	35	34
svalgodl.		N	29	27
sw-cl	mmol/l	A	12	9
sy-alitsariini-värjäys		N	14	13
sy-bakteeri,värjäys		N	69	63
sy-diffi	granos	A	11	10
sy-diffi		N	2799	2047
sy-eos	%	N	6	6
sy-eryt	e6/l	A	1057	818
sy-eryt	e6/l	H	394	332
sy-eryt	e6/l	HH	228	199
sy-eryt	e6/l	N	56	54
sy-eryt		A	37	36
sy-eryt		H	58	55
sy-eryt		HH	67	63
sy-eryt		N	165	139
sy-erytrosyytit	e6/l	A	11	10
sy-erytrosyytit	e6/l	N	15	14
sy-erytrosyytit		N	11	11
sy-gluk	mmol/l	A	9	9
sy-gran	%	A	532	379
sy-gran	%	H	30	28
sy-gran	%	N	8	8
sy-gran		A	82	73
sy-gran		N	13	13
sy-kide-o		A	506	428
sy-kide-o		N	2090	1689
sy-kiteet(kval)		A	19	19
sy-kiteet(kval)		N	58	55
sy-l/liusk	%	A	45	40
sy-l/liusk		N	23	22
sy-l/yksit	%	A	45	40
sy-l/yksit		N	23	22
sy-laktaat	mmol/l	A	199	167
sy-laktaat		A	18	18
sy-laktaat		N	35	29
sy-leuk	e6/l	A	4558	2781
sy-leuk	e6/l	H	247	219
sy-leuk	e6/l	N	267	245
sy-leuk	e9/l	A	14	13
sy-leuk		A	550	459
sy-leuk		N	2661	2003
sy-leukosyytit,erittelylaskenta		N	12	12
sy-leukosyytit,liuskatumaiset	%	A	58	52
sy-leukosyytit,liuskatumaiset	%	H	17	15
sy-leukosyytit,muut	%	N	9	9
sy-leukosyytit,yksitumaiset	%	A	58	52
sy-leukosyytit,yksitumaiset	%	L	17	15
sy-liuskat	%	A	50	43
sy-liuskat		A	17	16
sy-ly	%	N	17	17
sy-ly		N	13	13
sy-ly+mono	%	N	7	7
sy-monon	%	A	129	104
sy-mononuk	%	N	12	11
sy-mononuk		N	11	11
sy-mononukleaarisetleukosyytit,nivelnesteestä	%	N	7	7
sy-mononukleaarisetsolut	%	N	18	17
sy-mononukleaarisetvalkosolut	%	N	112	97
sy-mononukleaarisetvalkosolut		N	14	12
sy-muutsol		N	10	10
sy-neut	%	A	211	106
sy-neut	%	N	8	8
sy-neut+eo	%	A	624	423
sy-neut+eo	%	N	13	12
sy-neut+eo		A	64	58
sy-neut-eo		N	8	8
sy-neutrofiilit	%	N	8	8
sy-neutrofiilit,nivelnesteestä	%	H	35	28
sy-neutrofiilitjaeosinofiilit	%	N	12	11
sy-perust		N	25	25
sy-perustutkimus		N	13	13
sy-polymorfologisetleukosyytit,nivelnesteestä	%	N	7	7
sy-polymorfonukleaarisetvalkosolut	%	N	114	99
sy-polymorfonukleaarisetvalkosolut		N	15	13
sy-prot	g/l	A	636	540
sy-prot	g/l	H	20	19
sy-prot	g/l	N	9	9
sy-prot		A	77	70
sy-prot		H	8	8
sy-prot		N	116	94
sy-sameus		A	329	184
sy-sameus		N	9	9
sy-sameus,nivelnesteestä		A	48	35
sy-solut	e6/l	A	1315	874
sy-solut	e6/l	N	108	103
sy-solut		A	108	101
sy-solut		H	6	6
sy-solut		N	3012	2171
sy-syto		N	9	9
sy-ulkonäkö(kval)		N	6	6
sy-unäkö-0		N	24	24
sy-unäkö-n		N	26	24
sy-unäkö-o		N	47	46
sy-un�k�-o		N	2619	1881
sy-väri		N	9	9
sydän-javerisuonitautiriski		A	946	938
sydän-javerisuonitautiriski		N	2373	2365
sydäninfarktiriski		A	535	529
sydäninfarktiriski		N	2788	2777
syntest		N	39	38
sytokromip4502c19,cyp2c19-g		N	8	8
sytokromip4502d6variaatioid		N	8	8
sähkönjohtokyky,virtsasta		N	10	7
t-auttajasolujenosuus(määritettynäcd3+cd4+soluina)	%	A	380	155
t-auttajasolujenosuus(määritettynäcd3+cd4+soluina)	%	N	285	222
t-auttajasolujenosuus(määritettynäcd3+cd4+soluista)	%	A	20	12
t-estäjäsolujenosuus(määritettynäcd3+cd8+soluina)	%	A	277	122
t-estäjäsolujenosuus(määritettynäcd3+cd8+soluina)	%	N	388	256
t-estäjäsolujenosuus(määritettynäcd3+cd8+soluista)	%	A	12	8
t-lymfosyytit(auttaja,cd4)		N	15	14
t-lymfosyytit(kaikki,cd3)		N	15	14
t-lymfosyytit(tappaja,cd8)		N	15	14
t-solujenosuus	%	A	382	208
t-solujenosuus	%	N	313	205
t18-riski		N	88	80
tau-proteiini,217-fosforyloitu	ng/l	A	10	10
tau-proteiini,217-fosforyloitu	ng/l	H	14	14
tb1	iu/ml	A	121	106
tb1		A	99	89
tb1antigen-putki	iu/ml	A	22	19
tb1antigen-putki		N	619	593
tb2	iu/ml	A	127	110
tb2		A	112	99
tb2antigen-putki	iu/ml	A	20	17
tb2antigen-putki		N	621	595
tcm-cd4	%	A	17	14
tcm-cd4		A	7	6
tcm-cd8	%	A	12	12
tcra/b+,cd3+,cd4-,cd8-dnt-solut	%	N	9	8
tcrg/d-cd3	%	A	10	7
tem-cd4	%	A	10	10
temra-cd4	%	A	14	12
temra-cd8		A	7	7
terveelläsydämellätöihinprojekti		N	45	45
terveystarkastusseulontatutkimus		N	13	10
terveystarkeipaastoa		N	139	133
terveystarkpaasto		N	13	13
testo/shbg		A	242	209
testosteroni	nmol/l	A	48	41
testosteroni	nmol/l	N	199	131
testosteroni,herkkä	nmol/l	L	24	22
testosteroni,herkkä	nmol/l	N	70	58
testosteroni,osatutkimus	nmol/l	A	17	15
testosteroni,osatutkimus	nmol/l	N	58	45
testosteroni,vapaa	pmol/l	A	6	6
testosteroni,vapaa,las	pmol/l	N	10	9
testosteroni,vapaa,laskettu	pmol/l	N	20	16
testosteroni,vapaa,laskettu,herkkämenetelmä	pmol/l	N	11	11
testosteroni,vapaa,prosentti	%	N	9	7
testosteroni,vapaalask	pmol/l	H	19	17
testosteroni,vapaalask	pmol/l	L	137	121
testosteroni,vapaalask	pmol/l	N	757	616
testosteroni,vapaalaskettu	pmol/l	A	161	121
testosteroni,vapaalaskettu	pmol/l	N	375	233
testosteroni,vapaalaskettu		N	89	59
testosteroni,vapaalaskettu(2736s-testovl)		N	17	17
testosteroni,vapaalaskettu(6451s-testovl)		N	13	11
testosteroni,vapaalaskettu(s-testovl)		N	99	57
testovl	pmol/l	N	7	7
tif1y		N	26	26
tilaatämähepatiittic-virus,vasta-aineet,osoitus		A	7	6
tilavuus,keräysvirtsa	ml	N	70	52
tilavuus,vuorokausivirtsa	ml	N	12	11
timeintherapeuticrange(sis.inr:n)	%	N	1032	80
timeintherapeuticrange(sis.inr:n)		N	371	134
timotee	u/ml	A	140	128
timotee	u/ml	N	8	8
timotee		A	21	20
timotee		N	25	24
timotei	u/ml	A	212	204
timotei		A	204	195
timotei		N	12	12
timoteinsiitepöly(g6),ige-vasta-aineet	u/ml	A	37	37
tnipika	ug/l	A	10	8
toinenlisälausuntoilmanlaboratoriotyötä		A	49	47
tpmt-geeninnukleotidivariaatiot,dna-tutkimus		N	75	73
transf-sat	%	A	504	314
transf-sat		A	12	12
transferiininrautakyllästeisyys,seerumista,paastotilassa	osuus	A	67	53
transferiininrautakyllästeisyys,seerumista,paastotilassa	paketti	N	16	14
transferiininrautakyllästeisyys,seerumista,paastotilassa		A	22	20
transferiininrautakyllästeisyys,seerumista,paastotilassa		H	8	7
transferiininrautakyllästeisyys,seerumista,paastotilassa		L	30	25
transferriini	g/l	H	9	9
transferriini	g/l	L	27	17
transferriini	g/l	N	174	140
transferriini(4567fp-transf)	g/l	N	32	25
transferriini(fp-transf)	g/l	N	24	21
transferriini(transf)	g/l	N	19	13
transferriini,rautakyllästeisyys	paketti	N	89	79
transferriininrautakyllästeisyys	%	A	703	530
transferriininrautakyllästeisyys	%	N	116	101
transferriininrautakyllästeisyys(4606-trfesat)	%	N	6	6
transferriininrautakyllästeisyys(fp-)	%	A	158	135
transferriininrautakyllästeisyys(fp-)	%	N	438	361
transferriininrautakyllästeisyys(fp-)		N	14	14
transferriininrautakyllästeisyys(fp-trfesat)	%	N	15	14
transferriininrautakyllästeisyys(trfesat)	%	N	16	12
transferriininrautakyllästeisyys,osatutkimus	1	N	12	9
transferriinirautakyllästeisyys	%	H	8	8
transferriinirautakyllästeisyys	%	L	59	50
transferriinirautakyllästeisyys	%	N	166	109
transferriinireseptori,liukoinen	mg/l	A	25	20
transferriinireseptori,liukoinen	mg/l	N	171	135
transferriinireseptori,liukoinen		N	8	8
transferriinireseptori,liukoinen(4720p-tfr)	mg/l	N	20	18
transferriinireseptori,liukoinen(p-tfr)	mg/l	N	18	15
transferriinireseptori,liukoinen(tfr)	mg/l	A	9	6
transferriinireseptori,liukoinen(tfr)	mg/l	N	8	8
transferriinireseptori,liukoinen,seerumista		N	16	13
transferriinireseptori,plasmasta	mg/l	H	16	16
transferriinireseptori,plasmasta	mg/l	N	21	20
transferriinisaturaatio	%	N	165	147
traponemapallidum,vasta-aineet		N	43	42
tregsolut(cd25hi,cd127lo,cd4+),osuuscd4+t-soluista	%	N	7	7
treponemapallidum,vasta-aineet		N	203	195
treponemapallidumv-aineet,äitseulosatutk.		N	10	10
trfesat	%	H	7	6
trfesat	%	L	21	18
trfesat	%	N	52	37
tri18risuh		N	4255	3757
trich.nat.		N	286	139
trichodermavirideige	u/ml	N	15	15
trichomonasvaginalis,nukleiinihappo(kval)		N	18	15
trichophytonmentagrophytes		N	36	35
trichophytonmentagrophytescomplex		N	152	147
trichophytonrubrum		A	21	20
trichophytonrubrum		N	27	27
trichophytonrubrum,nukleiinihappo(kval)		A	22	22
trichophytonrubrum,nukleiinihappo(kval)		N	10	10
trichophytonrubrumcomplex		A	65	62
trichophytonrubrumcomplex		N	91	89
trichophytonrubrumcomplex,nho		A	9	8
trichophytonrubrumnho		A	7	6
trichophytonspp.,nukleiinihappo(kval)		A	13	13
trichophytontonsurans		N	193	187
triglyseridit	mmol/l	A	750	662
triglyseridit	mmol/l	H	957	817
triglyseridit	mmol/l	N	4905	4115
triglyseridit		A	53	47
triglyseridit		N	8	8
triglyseridit(4568trigly)/lipiditosatutkimus	mmol/l	A	17	17
triglyseridit(4568trigly)/lipiditosatutkimus	mmol/l	N	39	39
triglyseridit(trigly)/lipidit	mmol/l	A	754	471
triglyseridit(trigly)/lipidit	mmol/l	N	2005	1466
triglyseridit(trigly)/lipidit		N	20	15
triglyseridit(trigly)/lipiditosatutkimus	mmol/l	A	312	235
triglyseridit(trigly)/lipiditosatutkimus	mmol/l	N	873	706
triglyseridit,plasmasta	mmol/l	A	111	92
triglyseridit,plasmasta	mmol/l	N	604	459
triglyseridit,plasmasta,paastotilassa(fp-trigly)	mmol/l	A	589	467
triglyseridit,plasmasta,paastotilassa(fp-trigly)	mmol/l	N	2932	2139
triglyseridit/lipidit(4568trigly),osatutkimus	mmol/l	N	8	8
triglyseridit/lipidit,osatutkimus(4568trigly)	mmol/l	A	50	48
triglyseridit/lipidit,osatutkimus(4568trigly)	mmol/l	N	141	131
triglyseriditplasmasta,paastotila	mmol/l	A	140	100
triglyseriditplasmasta,paastotila	mmol/l	N	1072	670
triglyseriditplasmasta,paastotila		A	78	53
triglyseriditplasmasta,paastotila(ko)	mmol/l	A	9	9
triglyseriditplasmasta,paastotila(ko)	mmol/l	N	94	91
trijodityroniini,vapaa	pmol/l	A	18	17
trijodityroniini,vapaa	pmol/l	N	102	82
trijodityroniini,vapaa(t3v)	pmol/l	A	22	20
trijodityroniini,vapaa(t3v)	pmol/l	N	437	292
trijodityroniini,vapaa(t3v)		N	6	6
trijodityroniini,vapaa,plasmasta	pmol/l	N	47	41
trijodityroniini,vapaa,verta	pmol/l	N	14	14
trik-od		N	368	178
trim		A	17	13
trimetopri		N	930	326
trisyklisetantidepressantit(kval)		N	36	34
trombiiniaika,hus	s	A	7	7
trombiiniaika,hus	s	N	14	14
trombiiniaika,plasma	s	N	6	6
tromboplastiiniaika	%	A	32	29
tromboplastiiniaika	%	N	7	7
tromboplastiiniaika		A	10	8
tromboplastiiniaika,aktivoitu	s	A	8	8
tromboplastiiniaika,aktivoitu	s	N	7	7
tromboplastiiniaika,aktivoitu,partiaalinen,plasma	s	A	77	52
tromboplastiiniaika,aktivoitu,partiaalinen.plasma	s	A	51	41
tromboplastiiniaika,aktivoitu,partiaalinen.plasma	s	H	57	39
tromboplastiiniaika,aktivoitu,partiaalinen.plasma	s	N	13	10
tromboplastiiniaika,hus	%	A	9	9
tromboplastiiniaika,hus	%	N	14	14
tromboplastiiniaika,inr-tulos	inr	A	2355	142
tromboplastiiniaika,inr-tulos	inr	N	61	49
tromboplastiiniaika,inr-tulos		N	94	33
tromboplastiiniaika,inr-tulostu	inr	A	485	36
tromboplastiiniaika,inr-tulostu	inr	N	9	8
tromboplastiiniaika,inr-tulostus	inr	A	6476	629
tromboplastiiniaika,inr-tulostus	inr	N	24	24
tromboplastiiniaika,inr-tulostus		A	7	7
tromboplastiiniaika,inr-tulostus,laaduntarkkailu	inr	A	127	32
tromboplastiiniaika,inr-tulostus,pikatutkimus	inr	L	41	38
tromboplastiiniaika,inr-tulostus,plasma	inr	A	3086	376
tromboplastiiniaika,inr-tulostus,plasma	inr	H	3068	389
tromboplastiiniaika,inr-tulostus,plasma	inr	L	31	25
tromboplastiiniaika,inr-tulostus,plasma	inr	N	49	43
tromboplastiiniaika,inr-tulostus,plasma		A	16	15
tromboplastiiniaika,inr-tulostus,plasmasta	inr	A	9961	3442
tromboplastiiniaika,inr-tulostus,plasmasta		A	707	336
tromboplastiiniaika,inr-tulostus,plasmasta		H	34	15
tromboplastiiniaika,inr-tulostus,plasmasta		L	74	49
tromboplastiiniaika,inr-tulostus,vieritutkimus	inr	L	8	7
tromboplastiiniaika,pikamääritys,plasmasta	inr	A	17	17
tromboplastiiniaika,pikatesti	inr	A	9	9
tromboplastiiniaika,pikatesti	inr	N	69	66
tromboplastiiniaika,pikatesti,veri	inr	A	16	16
tromboplastiiniaika,plasma	%	A	152	119
tromboplastiiniaika,plasma	%	H	17	12
tromboplastiiniaika,plasma	%	L	13	11
tromboplastiiniaika,plasma	%	N	19	19
tromboplastiiniaika,plasma		A	20	17
tromboplastiiniaika,plasmasta	%	A	20	11
trombosyytit	e9/l	A	2785	1003
trombosyytit	e9/l	N	3687	2399
trombosyytit		N	19	15
trombosyytit(b-tromb)	e9/l	N	60	52
trombosyytit,pvkosatutkimus	e9/l	N	77	45
trombosyytit,sitraattiveri	e9/l	A	80	33
trombosyytit,sitraattiveri	e9/l	L	11	7
trombosyytit,sitraattiveri	e9/l	N	11	6
trombosyytit,verestä,pikatesti	e9/l	A	11	9
trombosyytit/pvk	e9/l	A	719	354
trombosyytit/pvk	e9/l	N	6566	2945
trombosyytit/pvk		N	31	22
trop-t	ng/l	A	52	37
trop-t		N	372	248
troponiini	ng/l	H	731	493
troponiini	ng/l	N	857	703
troponiini		N	150	136
troponiini,pikatesti,veri	ng/l	A	11	9
troponiinii	ng/l	A	13	9
troponiinii,plasmasta	ng/l	A	53	23
troponiinii,plasmasta		N	6	6
troponiinimääritys,tk:ntekemä		N	35	34
troponiinipikatesti		N	24	22
troponiinit	ng/l	A	2948	1388
troponiinit	ng/l	N	33	31
troponiinit		N	10	10
troponiinit(4532p-tnt)	ng/l	N	23	22
troponiinit(4532p-tnt)		N	16	15
troponiinit(p-tnt)	ng/l	N	28	27
troponiinit(p-tnt)		N	32	31
troponiinit(pikatesti)		N	41	40
troponiinit(pikatesti)(4464b-tnt-o)		N	17	16
troponiinit(pikatesti)(b-tnt-o)		N	57	50
troponiinit,kvalitatiivinen,verestä	ng/l	A	15	9
troponiinit,pika		N	40	25
troponiinit,pikatesti,veri	ng/l	A	32	30
troponiinit,pikatesti,veri		N	19	17
troponiinit,pikatesti,veri(23281b-tnt-pt)		N	50	47
troponiinit,pikatutkimus,plasmasta		N	15	13
troponiinit,plasma	ng/l	A	1704	639
troponiinit,plasma	ng/l	H	1834	652
troponiinit,plasmasta	ng/l	A	27	26
troponiinit,plasmasta	ng/l	H	618	282
troponiinit,plasmasta	ng/l	N	16	14
troponiinit,plasmasta		N	14	14
troponiinit,verestävieritestinä		N	7	7
troponiinit,vieritutkimus,plasmasta		N	23	21
tryptaasi	ug/l	A	34	22
tryptaasi	ug/l	N	33	29
ts-aa-o		N	35	34
ts-abortti		N	53	53
ts-aches-o		N	8	7
ts-amyl-au		N	10	10
ts-brcamut		N	389	338
ts-brovmut		N	15	14
ts-ca1mut		N	696	607
ts-cc		N	280	254
ts-colonoskopianäytteidenhistologinentutkimus		A	17	17
ts-colotk		N	84	81
ts-colseul		A	14	14
ts-colseul		AA	191	191
ts-colseul		N	533	531
ts-digoks		N	20	19
ts-dnamet		N	8	8
ts-egfpika		N	8	8
ts-egfrish		N	13	13
ts-elektronimikrosk.tutk.edeltävämuovil.valomikrosk.tutkimus		N	15	15
ts-em-ko3		N	28	27
ts-em-valu		N	6	6
ts-ertutk		A	9	9
ts-exseq-d		N	7	7
ts-fish		N	60	58
ts-fishvar		N	9	9
ts-fnab		A	65	64
ts-fnab		AA	392	375
ts-fnab		N	1384	1229
ts-gas1-tk		N	108	106
ts-gastroskopianäytteidenhistologinentutkimus		A	18	18
ts-gastroskopianäytteidenhistologinentutkimus		N	8	8
ts-gasttk		N	82	78
ts-geneseq		N	29	29
ts-hemafc		AA	19	19
ts-hemafc		N	87	86
ts-hemfuus		N	12	12
ts-hepyvi		A	233	225
ts-hepyvi		N	344	340
ts-her2ish		A	34	33
ts-her2ish		AA	200	192
ts-her2ish		N	418	390
ts-hercish		N	12	12
ts-histologinentutkimus,1-3näytettä		N	553	376
ts-histologinentutkimus,suppealeikkausparam		N	23	20
ts-hnpccih		A	25	23
ts-hnpccih		AA	640	618
ts-hnpccih		N	83	82
ts-hrd-d		N	89	87
ts-hs1mut		N	87	69
ts-igh-d		N	43	41
ts-ihpika,pikaleikkeenimmunohistokemiallinentutkimus		N	10	10
ts-kiire		A	243	211
ts-kohdunlimakalvonhistologisenmateriaalintutkimus		N	37	37
ts-kolonoskopianäyte,suolisto-syöpäseulonta		N	81	79
ts-kolonoskopianäyte,suolistosyöpäseulonta		A	17	17
ts-kolonoskopianäytteidenhistologinentutkimus		A	54	51
ts-kolonoskopianäytteidenhistologinentutkimus		N	7	7
ts-kolposkopianäytteidenhistologinentutkimus		A	66	55
ts-kromhem		N	17	15
ts-kudoksenhistologinentutkimus,laajaleikkauspreparaatti		A	62	57
ts-kudoksenhistologinentutkimus,suppealeikkauspreparaatti		A	35	34
ts-kudosnäyte,histologinenerikoisvärjäys		N	14	14
ts-kudosnäyte,immunohistokemiallinentutkimus		A	48	42
ts-kudosnäyte,immunohistokemiallinentutkimus		N	29	29
ts-kudosnäytt.histolog.tutk.suppealeikk.prep.		N	7	7
ts-kudosnäytteenhistolog.tutk.1-3näyt		N	70	35
ts-kudosnäytteenhistologinenerikois-/lisävärjäys		N	281	272
ts-kudosnäytteenhistologinentutkimus		N	6	6
ts-kudosnäytteenhistologinentutkimus,1-3erit.näytettä		A	16	15
ts-kudosnäytteenhistologinentutkimus,1-3eriteltyäpientänäytettä		N	21	21
ts-kudosnäytteenhistologinentutkimus,laajaleik		A	248	219
ts-kudosnäytteenhistologinentutkimus,laajaleikkauspreparaatti		A	12	11
ts-kudosnäytteenhistologinentutkimus,pieni		A	336	275
ts-kudosnäytteenhistologinentutkimus,pienikudosnäyte		A	316	271
ts-kudosnäytteenhistologinentutkimus,suppealei		N	32	30
ts-kudosnäytteenhistologinentutkimus,suppealeikkauspreparaatti		A	25	25
ts-kudosnäytteenhistologinentutkimus,suppeaprepar		A	65	58
ts-kudospankkinäyte		N	33	32
ts-laktaas	u/gprot	A	15	15
ts-lisähis		AA	165	160
ts-lisähis		N	134	133
ts-makon-d		N	98	84
ts-maltaas	u/gprot	A	13	13
ts-mgmtmet		N	84	84
ts-mksyn		N	58	57
ts-mrdmut		N	35	34
ts-msipika		AA	15	15
ts-myelmut		N	40	37
ts-ngsmmt2		N	8	7
ts-ngspmt1		N	6	6
ts-ngssca1		A	20	19
ts-ngsshs1		N	157	137
ts-nt1mut		N	65	65
ts-näytker		N	184	184
ts-ohutneulatutkimus		N	16	16
ts-pad-0		AA	285	273
ts-pad-0		N	245	236
ts-pad-0-u		N	9	9
ts-pad-1	form	N	14	13
ts-pad-1		A	2109	1766
ts-pad-1		AA	7153	5307
ts-pad-1		N	23950	19487
ts-pad-1tk		A	40	36
ts-pad-1tk		N	145	126
ts-pad-1tu		AA	41	41
ts-pad-1tu		N	83	81
ts-pad-2		A	14	13
ts-pad-2		AA	208	191
ts-pad-2		N	381	362
ts-pad-2tu		AA	24	22
ts-pad-2tu		N	8	8
ts-pad-3		A	789	716
ts-pad-3		AA	4693	3743
ts-pad-3		N	12678	11116
ts-pad-3tu		AA	114	111
ts-pad-3tu		N	238	214
ts-pad-4		A	611	527
ts-pad-4		AA	3599	3230
ts-pad-4		N	6165	5573
ts-pad-4tu		AA	434	413
ts-pad-4tu		N	1000	891
ts-pad-5		A	8	8
ts-pad-5		AA	1241	1173
ts-pad-5		N	775	704
ts-pad-5tu		A	35	34
ts-pad-5tu		AA	2670	2532
ts-pad-5tu		N	887	865
ts-pad-bio		N	2340	2279
ts-pad-ev		AA	92	89
ts-pad-ev		N	523	498
ts-pad-if		N	9	9
ts-pad-ih		A	662	561
ts-pad-ih		AA	2919	2603
ts-pad-ih		N	3068	2662
ts-pad-ih2		A	34	32
ts-pad-ih2		N	16	15
ts-pad-ish		A	17	15
ts-pad-ish		AA	258	237
ts-pad-ish		N	196	177
ts-pad-pnb		A	100	96
ts-pad-pnb		AA	841	780
ts-pad-pnb		N	970	903
ts-pad-tk		A	533	459
ts-pad-tk		AA	132	127
ts-pad-tk		N	652	613
ts-pad4-hn		AA	193	174
ts-pad4-hn		N	84	84
ts-padbrea		A	123	119
ts-padbrea		AA	1019	911
ts-padbrea		N	1213	1082
ts-padbrearinnanpaksuneulabiopsianhistologinentutkimus		N	8	8
ts-padcns		N	35	31
ts-padcolo		A	249	240
ts-padcolo		AA	1615	1397
ts-padcolo		N	11262	9530
ts-padendo		A	21	21
ts-padendo		AA	112	106
ts-padendo		N	1787	1672
ts-padgas2		AA	25	24
ts-padgas2		N	283	275
ts-padgast		A	89	80
ts-padgast		AA	523	423
ts-padgast		N	9839	8913
ts-padkolp		A	80	72
ts-padkolp		AA	1082	927
ts-padkolp		N	1048	989
ts-padlis1		N	23	22
ts-padpika		A	24	24
ts-padpika		AA	678	619
ts-padpika		N	1354	1169
ts-padpros		A	362	347
ts-padpros		AA	1513	1370
ts-padpros		N	338	321
ts-padtria		N	52	49
ts-paksuneulabiopsianhistologinentutkimus		A	29	28
ts-paksuneulabiopsianhistologinentutkimus		N	8	7
ts-panel-l		N	363	274
ts-panel-m		N	8	8
ts-panel-s		N	8	8
ts-patlask		N	99	92
ts-pika2		N	12	12
ts-pika3		N	9	9
ts-polemut		N	17	17
ts-prostatabiopsianhistologinentutkimus		A	108	106
ts-resepto		A	74	70
ts-rinnanpaksuneulabiopsianhistologinentutkimus		A	47	39
ts-rintasyövänennustekijätutkimus		N	52	50
ts-rnafuus		A	7	6
ts-sakraas	u/gprot	A	14	14
ts-sarfuus		N	14	13
ts-sekvy-d		N	38	31
ts-tcr-d		N	25	23
ts-tcrg-d		N	67	56
ts-terveyskeskuksenhistologinentutkimus		N	17	13
ts-tmrfuus		N	120	114
ts-trinho		N	70	70
ts-vgh-ml		N	75	75
ts-vmmut		N	20	14
ts-yksinkertainenhistologinentutkimus		N	120	105
ts-yksinkertainenhistologinentutkimus(perusterv		N	186	169
ts-yksinkertainenhistologinentutkimus(perusterveydenhuolto)		N	70	65
tsh-reseptori,vasta-aineet	iu/l	A	33	30
tth-pika-raskaustestihcg		N	10	10
tth-tnt-pikatesti		N	27	27
tthp-crp+hb		N	64	58
tuma,liukoisetantigeenit(ena),vasta-aineet	u/ml	N	26	26
tuma,liukoisetantigeenit,vasta-aineet		N	42	41
tuma,liukoisetantigeenit,vasta-aineet(osatutkimus)		N	17	16
tuma,vasta-aineet		N	24	24
tuma,vasta-aineet,tyypitys,seerumista		A	26	25
tumavasta-aineet(2819s-ana)		N	21	21
tumavasta-aineet(ana)		N	14	14
tumavasta-aineet(s-ana)		N	20	20
tumavasta-aineet(s-anaab)		N	6	6
tyreoglobuliini,seerumista	ug/l	A	6	6
tyreoglobuliini,vasta-aineet		N	8	8
tyreoideaperoksidaasi,vasta-aineet	u/ml	A	53	50
tyreoideaperoksidaasi,vasta-aineet	u/ml	N	10	10
tyreoideaperoksidaasi,vasta-aineet		A	7	7
tyreoideaperoksidaasi,vasta-aineet		N	39	39
tyreoideaperoksidaasi,vasta-aineet,plasma	u/ml	A	33	28
tyreoideaperoksidaasi,vasta-aineet,seerumi	u/ml	A	19	16
tyreoideaperoksidaasi,vasta-aineet,seerumi		N	7	7
tyreotropiini	mu/l	A	101	91
tyreotropiini	mu/l	N	750	676
tyreotropiini		A	15	15
tyreotropiini		N	307	107
tyreotropiini(tsh)	mu/l	A	78	57
tyreotropiini(tsh)	mu/l	N	536	480
tyreotropiini(tsh)		A	9	7
tyreotropiini(tsh)		N	50	49
tyreotropiini,elinvasta-aineristireaktio,seerumista	mu/l	N	39	19
tyreotropiini,plasmasta		A	16	7
tyreotropiini,plasmasta		N	50	40
tyreotropiini,plasmasta,erimenetelmällä	mu/l	A	35	31
tyreotropiini,plasmasta,erimenetelmällä		A	12	12
tyreotropiinirefleksointitutkimus		N	1372	1265
tyreotropiiniseerumista	mu/l	A	23	15
tyreotropiiniseerumista	mu/l	N	123	96
tyroideaperoksidaasi,vasta-aineet	u/ml	A	186	150
tyroideaperoksidaasi,vasta-aineet	u/ml	N	257	246
tyroideaperoksidaasi,vasta-aineet		A	18	16
tyroideaperoksidaasi,vasta-aineet		N	389	352
tyroideaperoksidaasiva(tpoab)	u/ml	N	10	10
tyroksiini,palsmasta		N	52	29
tyroksiini,vapaa	pmol/l	A	47	40
tyroksiini,vapaa	pmol/l	N	761	672
tyroksiini,vapaa		N	305	107
tyroksiini,vapaa(t4v)	pmol/l	A	34	27
tyroksiini,vapaa(t4v)	pmol/l	N	748	571
tyroksiini,vapaa(t4v)		N	41	39
tyroksiini,vapaa,plasmasta	pmol/l	N	144	94
tyroksiini,vapaa,vertailumen	pmol/l	N	39	38
tyroksiini,vapaaseerumista	pmol/l	N	93	73
tyypin2diabetesriski		A	916	910
tyypin2diabetesriski		N	2403	2392
työpaikanhuumeseulontajavarmistus,4yhdistettä		N	468	393
työpaikanhuumeseulontajavarmistus,7yhdistettä		N	263	222
työpaikanhuumetutkimus6a(amfetamiini,bentsodiatsepiinit,buprenorfiini,kannabis,kokaiini,opi		N	108	100
täydellinenverenkuva		N	1039	734
u-a1miglo	mg/l	A	103	59
u-a1miglo	mg/l	H	131	97
u-a1miglo	mg/l	N	24	23
u-a1miglo		A	8	8
u-a1miglo		N	37	27
u-a1mikre		H	66	44
u-a1mikre		N	40	27
u-al	umol/l	N	29	22
u-al		N	8	7
u-alb	mg/l	A	41443	13560
u-alb	mg/l	H	29464	10334
u-alb	mg/l	N	28469	18139
u-alb		A	6738	3157
u-alb		AA	11	11
u-alb		H	3901	2472
u-alb		N	39601	24381
u-alb-0		A	100	56
u-alb-lb	mg/l	A	22	15
u-alb-mi	mg/l	A	89	76
u-alb-mi	mg/l	N	555	421
u-alb-mi		N	1286	772
u-alb-o	estimate	N	6455	4175
u-alb-o	form	N	281	176
u-alb-o		A	38473	16230
u-alb-o		N	22403	10868
u-alb/kre	g/mol	A	114	50
u-alb/kre	mg/mmol	A	906	411
u-alb/kre	mg/mmol	L	10	7
u-alb/kre	mg/mmol	N	261	227
u-alb/kre		A	28	18
u-alb/kre		N	130	80
u-alb/krea	g/mol	A	40	14
u-alb/krea	mg/mmol	A	265	130
u-alb/krea	mg/mmol	N	16	15
u-alb/krea		N	21	17
u-albkre	mg/mmol	A	70536	19675
u-albkre	mg/mmol	H	26828	9743
u-albkre	mg/mmol	N	37583	19386
u-albkre		A	14657	6622
u-albkre		H	3062	1984
u-albkre		N	37532	25929
u-albkre,osatutk4511	mg/mmol	A	19	11
u-albkre,osatutk4511	mg/mmol	N	15	13
u-albkre,osatutk4511		N	9	9
u-albkrea	mg/mmol	A	1753	920
u-albkrea	mg/mmol	H	342	250
u-albkrea	mg/mmol	N	86	81
u-albkrea	mg/mmol/l	A	22	13
u-albkrea		A	1705	994
u-albkrea		H	634	401
u-albkrea		N	289	260
u-albkrlb	mg/mmol	A	14	10
u-albmipi		N	8	8
u-albumiini	mg/l	A	1347	932
u-albumiini	mg/l	H	765	611
u-albumiini	mg/l	N	5368	4401
u-albumiini		N	3180	2867
u-albumiini(kval)	estimate	N	188	150
u-albumiini(kval)		A	1749	1241
u-albumiini(kval)		N	10276	6663
u-albumiini(kval)tykslab.osat.		N	321	276
u-albumiini,kval		A	119	86
u-albumiini,kval,osatutkmm.1881u-kemseul		A	7	7
u-albumiini,virtsasta,osatutkimus	mg/l	N	21	18
u-albumiini,virtsasta,osatutkimus		N	11	10
u-albumiini-kreatiniini-suhde,osatutk.		A	62	51
u-albumiini-kreatiniini-suhde,osatutk.		N	289	275
u-albumiini/kreatiniini-suhdemikroalbuminuria	mg/mmol	N	22	19
u-albumiini/kreatiniini-suhdemikroalbuminuria		N	47	40
u-albumiinimikroalbuminuriamg/l(u-albkre)	mg/l	A	412	231
u-albumiinimikroalbuminuriamg/l(u-albkre)	mg/l	N	20	18
u-albumiinimikroalbuminuriamg/l(u-albkre)		N	9	9
u-albumiininjakreatin	mg/mmol	N	12	12
u-albumiininjakreatiniininsuhde	mg/mmol	A	1594	1107
u-albumiininjakreatiniininsuhde	mg/mmol	N	267	244
u-albumiininjakreatiniininsuhde		N	228	213
u-albumiininjakreatiniininsuhde(mikroalbumiini)		N	117	115
u-albumiininjakreatiniinisuhde	mg/mmol	N	9	9
u-albumiininjakreatiniinisuhde		N	14	12
u-alvhu6a		N	7	7
u-amf-ena		N	22	11
u-amfet-o		A	614	291
u-amfet-o		N	7214	4218
u-amfetamiini(kval)		N	1334	1109
u-amfetamiinijasenjohdannaiset,varmistus		N	16	16
u-amfetct		A	30	23
u-amfetct		N	52	39
u-aminoh		N	14	11
u-amyl	u/l	A	103	96
u-amyl	u/l	H	124	106
u-amyl	u/l	HH	34	27
u-amyl	u/l	L	40	36
u-amyl	u/l	N	110	104
u-amyl		A	15	11
u-amyl		H	6	6
u-amyl		N	9	8
u-amyl-o		N	24	21
u-amylp	u/l	A	7	7
u-amylp	u/l	H	9	9
u-amylp	u/l	N	30	27
u-annat	/sunf	N	104	79
u-annat		N	2048	590
u-asetoniaineet(kval)	estimate	N	132	119
u-asetoniaineet(kval)		A	947	848
u-asetoniaineet(kval)		N	11446	7547
u-asetoniaineet(kval),eitil		N	14	14
u-asetoniaineet(kval),osatutkimus		N	151	68
u-asetoniaineet(kval)tykslabosat.		N	321	276
u-asetoniaineet,kval		A	27	25
u-asetoniaineet,kval,vieritestihoitoyksikössä		A	34	31
u-b2miglo	mg/l	A	80	52
u-b2miglo	mg/l	N	8	8
u-bact		N	31	29
u-bact,mittaustulos		N	24	23
u-bakt	e6/l	A	4145	1651
u-bakt	e6/l	H	10	8
u-bakt		A	5019	3649
u-bakt		N	110102	42435
u-bakt-vi		A	868	311
u-bakt.	/sunf	N	514	304
u-bakt.	/sunfält	N	40	33
u-bakt.		N	1617	509
u-baktalv		A	38	35
u-baktalv		N	26	14
u-baktb		N	210	148
u-baktbv,u-bakteerit,virtsatieinfektionseulon	e6/l	N	6	6
u-bakteeri,erikoisviljely		A	13	11
u-bakteeri,jatkoviljely		A	2735	1825
u-bakteeri,jatkoviljely		N	240	174
u-bakteeri,jatkoviljely,seulottun{yt		N	108	75
u-bakteeri,jatkoviljely,seulottunäyt		A	101	66
u-bakteeri,jatkoviljely,seulottunäyte		A	4761	2543
u-bakteeri,jatkoviljely,seulottunäyte		N	1907	1215
u-bakteeri,jatkoviljelypartikkeliseulotustanäytteestä		N	7	7
u-bakteeri,jatkoviljelyseulottunäyte		A	80	58
u-bakteeri,jatkoviljelyseulottunäyte(ko)		N	94	60
u-bakteeri,partikkelilask.jatko		A	1825	999
u-bakteeri,partikkelilaskenta,jatko		N	41	25
u-bakteeri,viljely	form	N	20	17
u-bakteeri,viljely		A	56	45
u-bakteeri,viljely		N	5098	3047
u-bakteeri,viljely,		N	61	39
u-bakteeri,viljely,virtsa		N	353	199
u-bakteeri,viljelyilmanseulontaa		N	6	6
u-bakteeri,viljelytk		N	20	14
u-bakteeri,viljelyvirtsasta		N	796	396
u-bakteerijatkoviljely,seulottunäyte		A	268	174
u-bakteerijatkoviljely,seulottunäyte		N	261	197
u-bakteerit	e6/l	H	771	461
u-bakteerit	e6/l	N	10	10
u-bakteerit		A	79	66
u-bakteerit		N	1193	922
u-bakteerit,lausunt		N	9851	4821
u-bakteerit,virtsatieinfektionseulonta	e6/l	N	6	6
u-bakteeritosatutkuf1000		N	42	31
u-bakteeriviljely		N	50	34
u-bakteeriviljely,seulottunäyte,jatkoviljely		A	162	126
u-bakteeriviljely2		N	61	51
u-bakteria		N	58	42
u-baktevi		A	480	339
u-baktevi		N	1057	480
u-baktjvi		A	90548	37692
u-baktjvi		N	39420	17881
u-baktjvi.		A	1816	967
u-baktjvi.		N	20	16
u-baktjvi.(satadiag)		N	8	6
u-bakts		N	1045	571
u-baktseu		N	15798	4661
u-baktsjvi		A	20	15
u-baktsjvi(seulonnanjatkoviljely;eivoipyytääerikseen)		A	24	15
u-baktvi		A	17467	7835
u-baktvi		N	189282	70410
u-barb-o		N	55	53
u-bendi-o		A	2743	1078
u-bendi-o		N	7323	4237
u-bendict		A	129	70
u-bendict		N	69	47
u-bentsodiatsepiinit		N	15	10
u-bentsodiatsepiinit(k		N	15	13
u-bentsodiatsepiinit(kval)		A	40	29
u-bentsodiatsepiinit(kval)		N	1295	1083
u-bentsodiatsepiinit,varmistus		N	15	15
u-bil-o		N	126	34
u-bio		N	841	636
u-bkvnh		A	78	34
u-bkvnh		N	275	98
u-blaca-d		N	7	7
u-bld-o		N	176	115
u-blod-0		N	1794	438
u-blod-o		N	6	6
u-bta-o		A	10	6
u-bubre-o		N	10	7
u-bupre-o		A	2945	284
u-bupre-o		N	6424	3945
u-buprect		A	82	26
u-buprect		N	76	24
u-buprenorfiini(kval)		A	42	25
u-buprenorfiini(kval)		N	1357	1135
u-buprenorfiini,kvalitatiivinen		N	25	16
u-buprenorfiini,varmistus		N	16	16
u-bzd-hy		A	11	6
u-ca	mmol/l	N	312	141
u-ca		N	15	15
u-canna-o		A	837	365
u-canna-o		N	7373	4268
u-cannact		A	33	22
u-cannact		N	27	17
u-chl.trach.janeisser.gonorrh.nukl.happo(kval)		N	23	19
u-chlamydiatrachomatis+neisseriagonorrhoeae,nukl.happo(kval),virtsasta,osatutk.		N	36	31
u-chlamydiatrachomatis,nho(kval)		A	24	20
u-chlamydiatrachomatis,nukleiinihaponosoittaminen		N	62	54
u-chlamydiatrachomatis,nukleiinihaponosoitusvirtsasta		N	7	7
u-chlamydiatrachomatis,nukleiinihappo(kval)		A	46	42
u-chlamydiatrachomatis,nukleiinihappo(kval)		N	899	788
u-chlamydiatrachomatis,nukleiinihappokotona(kval)		A	67	56
u-chlamydiatrachomatis,nukleiinihappokotona(kval)		N	1822	1149
u-chlamydiatrachomatis,nukleiinihappovirtsasta		N	19	17
u-chlamydiatrachomatis,virtsasta,osnukleiinihappo		A	16	15
u-chlamydiatrachomatisjaneisseriagonorrhoeae,nukleiinihappo(kval)		N	92	82
u-chlamydiatrachomatisjaneisseriagonorrhoeanukleiinihappo		N	83	71
u-chtrnho		A	2777	2235
u-chtrnho		AA	10	10
u-chtrnho		N	22575	13287
u-cl	mmol/l	N	35	25
u-co	form	N	11	11
u-co	nmol/l	H	56	22
u-co	nmol/l	N	11	11
u-cot	ng/ml	H	16	13
u-cot	ug/l	N	19	17
u-cot		N	129	123
u-cr	umol/l	A	13	10
u-cr	umol/l	H	33	28
u-cr	umol/l	N	40	23
u-cr		N	36	32
u-ctgcnho	umol/l	N	7	7
u-ctgcnho		A	414	364
u-ctgcnho		N	20735	12207
u-ctgcnho,osatutkimus		N	13	11
u-ctngnho		N	206	152
u-dala	umol/l	A	13	12
u-dala	umol/l	N	20	20
u-diffi		N	45	42
u-ds6huumeseulonta		N	20	20
u-ds6huumeseulontaalv		N	51	48
u-eddp-o		N	127	10
u-epilevy	e6/l	A	468	381
u-epilevy	e6/l	H	1049	773
u-epilevy		A	312	259
u-epilevy		H	8	7
u-epipien	e6/l	A	2415	1656
u-epipien	e6/l	H	3934	2661
u-epipien		A	833	630
u-epit	e6/l	A	18921	11965
u-epit	e6/l	H	679	603
u-epit	e6/l	N	779	623
u-epit	u/field	A	47	43
u-epit		A	960	831
u-epit		H	1063	924
u-epit		N	2910	2403
u-epit-l		A	9	7
u-epiteelisolu	e6/l	A	353	290
u-epiteelisolut	e6/l	A	1630	1235
u-epiteelisolut	e6/l	H	1272	981
u-epiteelisolut	e6/l	N	11545	6210
u-epiteelisolut		A	14	14
u-epiteelisolut		H	6	6
u-epiteelisolut		N	84	75
u-epiteelisolut,osatutkimus	e6/l	A	12	10
u-epiteelisolut,osatutkimus	e6/l	N	41	32
u-epiteelit	e6/l	A	274	217
u-epiteelit	e6/l	N	711	577
u-epitel	/sunf	N	1316	494
u-epitel	sunf	N	66	53
u-epitel		A	57	45
u-epitel		N	1936	833
u-epitla	e6/l	A	393	299
u-eryt	/sunf	N	1182	446
u-eryt	e6/l	A	69892	33289
u-eryt	e6/l	H	2779	2035
u-eryt	e6/l	N	11408	7391
u-eryt	form	A	191	137
u-eryt	form	N	996	470
u-eryt	u	A	11	11
u-eryt	u/field	A	102	88
u-eryt	u/field	H	19	14
u-eryt	u/field	N	108	94
u-eryt		A	7790	5587
u-eryt		H	66026	29792
u-eryt		N	76486	37470
u-eryt-0		A	140	86
u-eryt-hy		A	1349	799
u-eryt-o	estimate	N	5555	3607
u-eryt-o	form	N	647	427
u-eryt-o		A	42018	17858
u-eryt-o		N	31362	12296
u-erytdys		A	16	14
u-erytdys		N	23	23
u-erytla	e6/l	A	841	539
u-erytla		A	18	17
u-erytrosyytit	e6/l	A	4624	3009
u-erytrosyytit	e6/l	H	2639	1886
u-erytrosyytit	e6/l	N	4238	2889
u-erytrosyytit	u/field	N	11	10
u-erytrosyytit		A	298	236
u-erytrosyytit		H	716	527
u-erytrosyytit		N	59	58
u-erytrosyytit(kval)	estimate	N	125	114
u-erytrosyytit(kval)		A	757	513
u-erytrosyytit(kval)		N	9229	6107
u-erytrosyytit(kval),osatutkimus		A	43	27
u-erytrosyytit(kval),osatutkimus		N	108	54
u-erytrosyytit(kval)osaseulontaa		A	7	6
u-erytrosyytit(kval)osaseulontaa		N	32	28
u-erytrosyytit(kval)tykslab.osat.		N	321	276
u-erytrosyytit,kval		A	393	246
u-erytrosyytit,kval,vieritestihoitoyksikössä		A	187	148
u-erytrosyytit,osatutkimus	e6/l	A	30	21
u-erytrosyytit,osatutkimus	e6/l	N	19	18
u-erytrosyytitkval		A	71	54
u-erytrosyytitkval		N	277	219
u-etoh		A	9	7
u-fensy-o		N	16	16
u-fenta-o		A	15	15
u-fenta-o		N	1545	699
u-färg		N	6	6
u-gcnho		A	150	124
u-gcnho		N	20365	11833
u-gluk	form	N	17	16
u-gluk	mmol/l	A	12	9
u-gluk	mmol/l	N	11	8
u-gluk		N	139	109
u-gluk-0		A	111	61
u-gluk-0		N	8269	1626
u-gluk-hy		A	286	169
u-gluk-o	estimate	N	5642	3620
u-gluk-o	form	N	783	433
u-gluk-o		A	29309	10979
u-gluk-o		N	157903	61080
u-gluk-o.		N	6963	4039
u-glukoosi		N	31	28
u-glukoosi(kval)	estimate	N	200	172
u-glukoosi(kval)		A	2444	1532
u-glukoosi(kval)		N	11038	7321
u-glukoosi(kval)tykslabosastutk.		N	321	276
u-glukoosi,kval		A	156	107
u-glukoosi,kval		N	181	128
u-glukoosi,kvalvieritestihoitoyksikössä		A	53	44
u-glukoosijaproteiini		N	11	11
u-glukoosinosoitusvirtsasta		N	24	21
u-glukoosiosoitus		N	342	241
u-hapaamuusaste(kval)		A	363	275
u-happamuus		A	77	62
u-happamuusaste	1	N	229	155
u-happamuusaste	5170	N	19	19
u-happamuusaste		A	1510	924
u-happamuusaste		H	1066	877
u-happamuusaste		N	3814	2979
u-happamuusaste(kval)	form	N	31	21
u-happamuusaste(kval)		H	53	50
u-happamuusaste(kval)		N	80	60
u-happamuusaste,huumeseulonta		N	17	7
u-hb		N	10	9
u-hb-o	A	A	19	17
u-hb-o	form	N	57	42
u-hb-o		A	54240	17615
u-hb-o		N	113467	46350
u-hb-o.		N	6973	4043
u-hcg	iu/l	N	10	9
u-hcg		N	96	88
u-hcg-o		A	444	424
u-hcg-o		N	2038	1742
u-hcgo-lb		A	12	12
u-hemoglobiini(kval)		A	3646	2278
u-hemoglobiini(kval)		N	1437	988
u-hemsi-o		A	8	7
u-hemsi-o		N	27	27
u-hiiva		N	20	16
u-huseula		N	993	652
u-huum-o		A	379	226
u-huum-o		N	3390	2259
u-huum-ps		N	15	15
u-huum-su		N	381	49
u-huum6a:amfetamiinit,bentsodiatsepiinit,buprenorfiini,kannabis,kokaiinijaopiaatit.vainsop.		N	112	106
u-huume-5b(amfetamiini,bentsodiatsepiinit,kannabis,kokaiini,opiaatit)		N	20	18
u-huume-6a		N	6	6
u-huume-6a(amfetamiini,bentsodiatsepiinit,buprenorfiini,kannabis,kokaiini,opiaatit)		N	24	22
u-huume-jalääkeaineseulonta,kval.,virtsasta		A	36	25
u-huume-o		A	259	118
u-huume6a		A	6	6
u-huumeseula6		N	7	7
u-huumeseulonta		N	32	22
u-huumeseulonta(amfet.,bents.,opiaatit,kannabis,kokaiini,buprenorfiini)		N	731	630
u-huumeseulonta(kval)		N	201	192
u-huumeseulonta,työterveyshuolto,6ainetta		N	27	23
u-huumeseulonta,työterveyshuolto,6ainetta,sis.alv		N	31	27
u-huumeseulonta6alv,valvottu		N	11	11
u-huuml-o		N	201	86
u-huumlct		N	6832	2717
u-huumoct		N	761	490
u-huumtof		N	228	51
u-hva-lap		N	36	9
u-hyalie	e6/l	A	1403	938
u-hyalie	e6/l	N	828	618
u-hyalie		A	49	48
u-hyalie		N	17	17
u-hyalier	e6/l	A	1013	752
u-hyalier	e6/l	N	1124	783
u-hyalier		A	65	57
u-hyalier		N	487	366
u-hyaliinilieriöt	e6/l	A	18	16
u-hyaliinilieriöt	e6/l	N	75	60
u-hyallie	e6/l	A	19	17
u-hyallie	e6/l	N	127	89
u-i	ug/l	H	13	11
u-i	ug/l	L	17	15
u-i	ug/l	N	247	200
u-i/u-kreaosatutkimus	ug/g	N	129	113
u-immfix		A	16	13
u-immfix		N	145	131
u-immunoglobuliini,kevyetketjut,lambda		N	6	6
u-infektio,tutkimuspaketti		N	36	31
u-inh-o		A	33	13
u-intp	nmol/mmol	A	468	303
u-intp	nmol/mmol	H	63	43
u-intp	ratio	A	10	9
u-intp		A	15	12
u-intp		H	213	159
u-intp		L	47	29
u-intp		N	642	404
u-isuhtu-krea(osatutk)	ug/g	N	88	82
u-jatkoviljely		A	269	255
u-jcvnh		A	44	19
u-jcvnh		N	302	98
u-jodidi	ug/l	A	61	31
u-k	mmol/l	N	542	404
u-k		N	40	38
u-kakaiini		N	15	10
u-kannabis(kval)		N	1333	1109
u-kannabis,varmistus		N	16	16
u-kemiallinenseulonta		N	5049	3355
u-kemiallinenseulonta(ko)		N	27	23
u-kemiallinenseulonta(pi)		N	18	17
u-kemiallinenseulonta,osavastausu-suhtih	1	N	38	28
u-kemiallinenseulonta,osavastausu-suhtih		N	8	7
u-kemiallinenseulonta,otsikko,osatutk		N	148	90
u-kemiallinenseulontamedipoctku,jkl		N	32	29
u-kemiallinenseulontasatadiag		N	30	26
u-kemiallinenseulontatykslab		N	151	131
u-kemseul	form	N	13	10
u-kemseul		A	9106	4717
u-kemseul		H	16	12
u-kemseul		L	146	110
u-kemseul		N	160927	67398
u-kemseul,gluk		N	3251	1950
u-kemseul,kemiallisetosoituskokeet		N	308	224
u-kemseul,osatutkimus1881		N	73	53
u-kemseul,u-suhtih		L	7	6
u-kemseul,u-suhtih		N	169	77
u-kemseula,osavastausu-suhtih		N	35	24
u-kemseula,u-suhtih		L	7	7
u-kemseula,u-suhtih		N	320	109
u-ket-o		A	16	11
u-keto		N	120	89
u-keto-0		A	115	95
u-keto-0		N	1479	383
u-keto-hy		A	298	259
u-keto-o	estimate	N	6701	4330
u-keto-o	form	N	915	567
u-keto-o	l	N	6640	1501
u-keto-o		A	19274	14032
u-keto-o		N	151056	58355
u-keto-o.		N	6951	4034
u-ketoaineet		N	78	57
u-ketoaineet,kval		A	8	8
u-ketoaineet,kval		N	194	131
u-ketoniaineetstix		N	1062	745
u-kiteet		N	24	18
u-kivi		A	6	6
u-kivi		N	276	258
u-koka-o		A	21	21
u-koka-o		N	7225	4154
u-kokaiini(kval)		N	1324	1104
u-kokaiini,varmistus		N	16	16
u-koriongonadotropiini(kval)		N	16	14
u-koriongonadotropiini,ihmisen(kval)		N	7	6
u-krea	mmol/l	A	2441	1780
u-krea	mmol/l	H	1576	1346
u-krea	mmol/l	L	2354	1811
u-krea	mmol/l	N	63324	27775
u-krea	umol/l	N	325	267
u-krea		A	628	495
u-krea		H	388	337
u-krea		L	452	323
u-krea		N	14632	6644
u-kreahu		N	15	8
u-kreahuu	mmol/l	A	21	18
u-kreahuu	mmol/l	N	47	10
u-kreat	mmol/l	N	2903	1916
u-kreatiini,virtsasta(u-intp)	mmol/l	L	30	17
u-kreatiniini	mmol/l	A	96	95
u-kreatiniini	mmol/l	N	4409	3232
u-kreatiniini		N	97	69
u-kreatiniini(huumeseulonnanyhteydessä)	mmol/l	N	11	9
u-kreatiniini,huumeseulonnanyhteydessä	mmol/l	N	34	33
u-kreatiniini,virtsasta(huumeseulonnanyhteydessä)	mmol/l	A	34	33
u-kreatiniini,virtsasta(huumeseulonnanyhteydessä)	mmol/l	N	364	347
u-kreatiniinimmol/l(u-albkre)	mmol/l	N	32	27
u-kreatiniiniosatutkimus	mmol/l	N	8	8
u-kreintp	mmol/l	A	42	37
u-kreintp	mmol/l	H	56	55
u-kreintp	mmol/l	L	138	113
u-kreintp	mmol/l	N	387	297
u-kreintp		N	55	54
u-käsma		N	252	204
u-lepnag		A	20	19
u-lepnag		N	753	706
u-leu/µl		N	7	7
u-leuk	/sunf	N	802	406
u-leuk	/sunfält	N	7	6
u-leuk	e6/l	A	78756	35733
u-leuk	e6/l	H	7141	5092
u-leuk	e6/l	N	18330	12546
u-leuk	u/field	A	107	89
u-leuk	u/field	H	6	6
u-leuk	u/field	N	28	26
u-leuk		A	10491	6839
u-leuk		H	67167	30462
u-leuk		N	77915	38155
u-leuk(pi)	e6/l	N	7	7
u-leuk-0		A	276	151
u-leuk-0		N	1830	468
u-leuk-bv	e6/l	A	7922	3059
u-leuk-bv	e6/l	N	257	224
u-leuk-bv		A	598	350
u-leuk-bv		N	899	663
u-leuk-hy		A	1201	690
u-leuk-o	A	A	27	19
u-leuk-o	estimate	N	5314	3457
u-leuk-o	form	A	9	6
u-leuk-o	form	N	834	555
u-leuk-o	u/field	N	47	43
u-leuk-o		A	93985	33314
u-leuk-o		N	54385	22367
u-leuk-o.		N	6975	4044
u-leuk-op		A	8	7
u-leuk.		N	100349	39876
u-leukb		N	210	148
u-leukbv,u-leukosyytit,virtasatieinfektionseu	e6/l	N	6	6
u-leukla	e6/l	A	1113	660
u-leukla		A	38	33
u-leuko-o		A	67	48
u-leukosyystit	e6/l	N	7	6
u-leukosyytit	e6/l	A	4866	3007
u-leukosyytit	e6/l	H	1970	1263
u-leukosyytit	e6/l	N	3375	2403
u-leukosyytit	u/field	N	12	11
u-leukosyytit		A	565	410
u-leukosyytit		H	877	583
u-leukosyytit		N	161	140
u-leukosyytit(kval)	estimate	N	272	217
u-leukosyytit(kval)		A	4753	2973
u-leukosyytit(kval)		N	10761	7191
u-leukosyytit(kval),osatutkperustutkimuksissa		A	17	14
u-leukosyytit(kval)tykslab.osat.		N	321	276
u-leukosyytit,kval		A	271	166
u-leukosyytit,kval,vieritestihoitoyksikössä		A	147	111
u-leukosyytit,virtsatieinfektionseulonta	e6/l	N	6	6
u-leukosyytitstix		N	1059	753
u-leukosyyttiosoitus		N	78	57
u-levyep	e6/l	A	6496	4524
u-levyep	e6/l	H	524	438
u-levyep	e6/l	N	3801	2697
u-levyep		A	462	418
u-levyep		H	14400	9541
u-levyep		N	122285	46678
u-levyepiteelisolut	e6/l	A	817	637
u-levyepiteelisolut	e6/l	H	29	22
u-levyepiteelisolut	e6/l	N	509	419
u-levyepiteelisolut	u/field	N	7	6
u-levyepiteelisolut		A	29	26
u-levyepiteelisolut		N	153	121
u-levyepiteelisolut,uf5000	e6/l	N	7	6
u-levyepiteelit	u/field	N	77	65
u-levyepiteelit		N	16	16
u-lier	e6/l	A	8368	6276
u-lier	e6/l	H	201	188
u-lier	e6/l	N	1283	871
u-lier		A	655	594
u-lier		H	5235	4276
u-lier		N	133178	49426
u-lieri?t	e6/l	A	28	24
u-lieri?t	e6/l	N	378	278
u-lieri?t		N	7	7
u-lieriö	e6/l	A	733	468
u-lieriö	e6/l	N	17	16
u-lieriö		A	392	277
u-lieriö		N	24	16
u-lieriöt	e6/l	A	4218	3005
u-lieriöt	e6/l	H	517	406
u-lieriöt	e6/l	N	11357	6278
u-lieriöt		A	72	67
u-lieriöt		N	467	368
u-lieriöt,osatutk		N	6	6
u-lieriöt,osatutkuf1000	e6/l	N	41	31
u-lieriöt,uf5000		N	9	7
u-lierla	e6/l	A	15	13
u-liuskakokeet		N	8	6
u-liuskakokeet,pika		N	31	26
u-makrof.	/sunf	N	193	143
u-makrof.		N	1958	577
u-makrofag		N	40	26
u-manip		N	28	28
u-mdma-o		A	44	16
u-mdma-o		N	4326	2218
u-menetel		N	893	644
u-metad-o		A	531	93
u-metad-o		N	5315	3051
u-metadct		A	45	6
u-metadct		N	44	6
u-metadoni(kval)		N	31	23
u-metam-o		A	46	35
u-metam-o		N	1667	756
u-metfe-o		A	13	6
u-metfe-o		N	221	12
u-metodoni		N	15	10
u-mg	mmol/l	N	18	16
u-mn		N	6	6
u-momalap		N	37	9
u-morf-o		N	477	23
u-muulier	e6/l	A	850	645
u-muulier	e6/l	N	1277	880
u-muulier		A	78	71
u-muulier		N	477	355
u-mygenho		A	9	8
u-mygenho		N	128	101
u-na	mmol/l	N	1259	957
u-na		N	184	167
u-naftol		N	9	8
u-neisseriagonorrhoeae,nukl.os.(kval)		N	17	13
u-neisseriagonorrhoeae,nukleiinihappo(kval)		N	1025	881
u-neisseriagonorrhoeae,nukleiinihappo(kval),virtsasta		N	7	7
u-neisseriagonorrhoeae,nukleiinihappokotona(kval)		N	1889	1167
u-neisseriagonorrhoese,nukleiinihappo(kval)		N	19	17
u-ni	form	N	49	48
u-ni	ug/l	H	9	8
u-ni	ug/l	N	17	14
u-ni	umol/l	H	45	30
u-ni	umol/l	N	103	89
u-ni		N	38	34
u-nitr-0		N	1964	550
u-nitr-hy		A	361	254
u-nitr-o	estimate	N	5313	3532
u-nitr-o	form	N	789	538
u-nitr-o		A	38191	16929
u-nitr-o		N	161657	62516
u-nitr-o.		N	6505	3809
u-nitri-o		A	292	184
u-nitriitti(kval)	estimate	N	229	196
u-nitriitti(kval)		A	2009	1365
u-nitriitti(kval)		N	11241	7477
u-nitriitti(kval),osatutkperustutkimuksissa		A	6	6
u-nitriitti(kval)tykslab.		N	321	276
u-nitriitti,kval		A	146	101
u-nitriitti,kval,vieritestihoitoyksikössä		A	62	49
u-nitriittiosoitus		N	78	57
u-nitrit-o		N	6	6
u-nitritti(kval)		N	14	14
u-nitro-0		A	72	33
u-nitrpik		A	6	6
u-niturstix		N	1062	744
u-näytk10		N	40	24
u-näytkäs		N	17	10
u-odling		N	238	118
u-oksik-o		A	19	16
u-oksik-o		N	1400	694
u-oksikodoni(kval)		N	44	42
u-om.p.-o		N	60	47
u-ominaispaino	5170	N	8	8
u-ominaispaino		N	10106	6791
u-ominp-h		N	3950	2301
u-opiaa-o		A	316	217
u-opiaa-o		N	6882	4239
u-opiaact		A	13	10
u-opiaact		N	16	15
u-opiaatit(kval)		A	12	12
u-opiaatit(kval)		N	1326	1107
u-opiaatit,seulonta(kval)		N	7	7
u-opiaatit,varmistus		N	16	16
u-orgah		N	19	19
u-osmest	mosm/kgh2o	A	84	83
u-osmest	mosm/kgh2o	N	510	393
u-osmest		A	6	6
u-osmest		N	1635	1328
u-osmoe	mosm/kgh2o	A	31	27
u-osmoe	mosm/kgh2o	N	364	271
u-osmoe		N	14	12
u-osmoest	e6/l	A	659	262
u-osmoest	e6/l	N	1766	520
u-osmoest	mosm/kgh2o	A	6484	3181
u-osmoest	mosm/kgh2o	N	5018	2509
u-osmoest	mosm/l	A	6165	2780
u-osmoest	mosm/l	N	2031	1257
u-osmoest		A	1444	899
u-osmoest		N	4588	2388
u-osmoest(pi)	mosm/kgh2o	N	7	7
u-osmoet	mosm/kgh2o	A	172	116
u-osmoet	mosm/kgh2o	N	184	129
u-osmoie	mosm/kgh2o	A	11	10
u-osmoie		N	50	42
u-osmol	form	A	19	16
u-osmol	form	N	8	8
u-osmol	mo/kgh2o	A	257	198
u-osmol	mo/kgho	A	10	9
u-osmol	mosm/kgh2o	A	760	591
u-osmol	mosm/kgh2o	L	12	12
u-osmol	mosm/kgh2o	LL	10	9
u-osmol	mosm/kgh2o	N	382	344
u-osmol		A	113	71
u-osmol		N	1634	1324
u-osmolaliteetti	mosm/kgh2o	A	16	16
u-osmolaliteetti	mosm/kgh2o	N	38	37
u-osmolaliteetti		N	29	25
u-osmolaliteetti,estimoitu	mosm/kgh2o	N	98	79
u-osmolaliteetti,estimoitu		N	142	121
u-osmolaliteetti,virtsasta	mosm/kgh2o	L	15	14
u-osmolaliteettilaskennallinenosatutk		N	6	6
u-osmolaliteettilaskennallinenosatutkuf1000	mosm/kgh2o	A	9	9
u-osmolaliteettilaskennallinenosatutkuf1000	mosm/kgh2o	N	41	30
u-osmole	mosm/kgh2o	A	177	154
u-osmole	mosm/kgh2o	N	27	25
u-osmole		A	76	63
u-osmole		N	2195	1750
u-oxy-o		A	20	8
u-partik		N	21	17
u-partikkelienperuslaskenta,koneellinen		N	389	302
u-pbg	umol/l	A	17	13
u-pbg	umol/l	N	27	26
u-pbg-o		N	63	59
u-ph	form	H	859	818
u-ph	form	L	19	19
u-ph	form	N	353	267
u-ph	ph	N	221	122
u-ph		A	46782	20643
u-ph		H	43283	16662
u-ph		L	72	69
u-ph		N	150319	66366
u-ph,huumetutkimuksiin		N	11	9
u-ph,huumetutkimuksiin/u-huumeseulonta,kval.		N	33	30
u-ph-0		A	74	57
u-ph-0		N	1719	430
u-ph-huu		N	4010	2316
u-ph-o	form	A	47	41
u-ph-o	form	H	37	37
u-ph-o	form	N	820	540
u-ph-o		A	820	438
u-ph-o		H	58	56
u-ph-o		L	11	11
u-ph-o		N	13589	4260
u-ph.		N	6975	4067
u-phhu		A	8	6
u-phhu		N	14	8
u-phstix		N	1057	846
u-pi	mmol/l	N	198	107
u-pien.ep	e6/l	H	7	7
u-pienep	e6/l	A	4625	2813
u-pienep	e6/l	H	108	103
u-pienep	e6/l	N	2971	2093
u-pienep		A	427	335
u-pienep		H	3462	2840
u-pienep		N	132108	49325
u-pienepiteelisolut	e6/l	N	62	54
u-pienetepiteelisolut	e6/l	A	238	205
u-pienetepiteelisolut	e6/l	H	8	8
u-pienetepiteelisolut	e6/l	N	399	323
u-pienetepiteelisolut		N	194	154
u-pienetepiteelisolut,uf5000		N	8	7
u-pneuag		A	118	109
u-pneumokokki,antigeeninosoitus		A	33	30
u-povnh		N	336	103
u-proj.nä		N	34	9
u-prokre	g/mol	A	152	40
u-prokre	g/mol	H	136	38
u-prokre	g/mol	N	53	34
u-prokre	mg/mmol	A	432	108
u-prokre	mg/mmol	H	692	182
u-prokre	mg/mmol	N	435	214
u-prokre		A	56	25
u-prokre		N	77	52
u-prot	g/l	A	7718	2256
u-prot	g/l	H	97	68
u-prot	g/l	N	202	173
u-prot	mg/l	A	2862	1057
u-prot	mg/l	H	2702	951
u-prot	mg/l	HH	36	12
u-prot	mg/l	N	3872	1495
u-prot		A	1121	563
u-prot		H	41	40
u-prot		N	3350	1934
u-prot-0		N	167	116
u-prot-fr		A	27	23
u-prot-fr		N	279	267
u-prot-hy		A	945	615
u-prot-o	form	N	878	528
u-prot-o		A	19500	8732
u-prot-o		N	140620	52770
u-prot-o.		N	6948	4032
u-prot-op		A	7	6
u-prot-ou		A	179	128
u-proteiini	mg/l	A	131	46
u-proteiini	mg/l	N	13	13
u-proteiini		N	30	28
u-proteiini(kval)		A	733	561
u-proteiini(kval)		N	912	715
u-proteiini(kval),osatutkimus		A	18	11
u-proteiini(kval),osatutkimus		N	133	63
u-proteiini(kval)osaseulonttaa		N	39	34
u-proteiini,fraktiot		N	13	13
u-proteiini,kval,vieritestihoitoyksikössä		A	139	112
u-proteiinikval		A	42	33
u-proteiinikval		N	165	119
u-proteiininosoitus		N	78	57
u-proteiininosoitusvirtsasta		N	22	19
u-proteiinitstix		N	1062	750
u-punasolutstix		N	1060	752
u-pyr		N	6	6
u-raskauskoe		N	48	40
u-resist.		N	930	326
u-sakka		N	866	817
u-sakka,eryt	u/field	H	26	20
u-sakka,eryt	u/field	N	59	54
u-sakka,leuk	u/field	H	10	9
u-sakka,leuk	u/field	N	75	58
u-schi-o		N	15	12
u-sed		N	2161	622
u-sg	kg/l	N	130	95
u-sg		N	43	35
u-sokeristix		N	1060	743
u-solu		N	753	546
u-solu,osatutkimus		N	161	108
u-solu.		N	126	83
u-solut	e6/l	H	16	16
u-solut	e6/l	N	114	78
u-solut	u/field	N	9	8
u-solut		A	355	266
u-solut		N	115536	46570
u-solut(ko)		N	12	11
u-solut(pi)		N	48	32
u-solut,muut		N	95	81
u-solut,osatutk.		N	33	27
u-solut,osatutkimus		N	9	8
u-solut,partikkelienperuslaskenta=u-sakka		N	25	18
u-soluttykslab		N	119	96
u-spice-o		N	185	10
u-stpnag		A	36	36
u-stpnag		N	599	577
u-suhteellinentiheys	1	A	17	16
u-suhteellinentiheys	1	N	245	177
u-suhteellinentiheys	kg/l	N	31	21
u-suhteellinentiheys		A	2904	2178
u-suhteellinentiheys		H	1781	1486
u-suhteellinentiheys		L	1372	1106
u-suhteellinentiheys		N	4016	3134
u-suhteellinentiheys,huumausaineseulonnanyhteydessä		N	35	33
u-suhteellinentiheys,kval		H	62	59
u-suhteellinentiheys,osatutkimus		A	19	11
u-suhteellinentiheys,osatutkimus		N	126	62
u-suhteellinentiheyskg/l		A	862	622
u-suhteellinentiheysstix		N	1056	851
u-suhti	form	N	27	22
u-suhti	g/ml	L	530	455
u-suhti	g/ml	N	6	6
u-suhti	kg/l	A	1562	810
u-suhti	kg/l	L	284	275
u-suhti	kg/l	N	5120	1577
u-suhti	ratio	A	299	61
u-suhti	ratio	N	9	9
u-suhti		A	52792	24842
u-suhti		H	30209	15299
u-suhti		L	24979	13447
u-suhti		N	17841	12112
u-suhti-o		A	12529	5295
u-suhti-o		N	13504	5806
u-suhti.		N	7111	4194
u-suhtih	kg/l	N	76	56
u-suhtih		A	7265	4193
u-suhtih		N	6228	2761
u-suhtihu		N	14	8
u-syto		A	45	30
u-syto		AA	305	185
u-syto		N	6792	3118
u-syto-1		A	72	52
u-syto-1		N	158	109
u-tbvi		N	153	76
u-trama-o		A	113	68
u-trama-o		N	1462	745
u-tramact		N	7	7
u-trisy-o		A	57	42
u-trisy-o		N	1044	687
u-trisyklisetantidepressantit(kval)		N	7	7
u-tryp2-o		N	12	11
u-trypg2	ug/l	L	7	6
u-trypg2o		A	11	9
u-tub.ep	/sunf	N	127	96
u-tub.ep		N	2024	585
u-tutk-1		A	82	76
u-tutk-1		N	755	659
u-tutk-1,sg		N	1245	343
u-tutk-1,u-omp		N	189	72
u-tutk-2		N	52	49
u-tutk-3		N	15	15
u-tutk/ottotapa		N	1529	1137
u-tutkesi		N	3862	2337
u-tutkimus,seulonta,tk:ntekemä		N	48	44
u-tutkimus1,seulonta(alb,hb,leuk,nitr		N	159	116
u-työelämänhuumenäytteenotto,valvonnallinen		N	18	15
u-työelämänhuumetestaus6a,sisältääalv.		N	26	25
u-ubg-o		N	110	27
u-unäkö-o		N	20	17
u-uraat	mmol/l	N	14	13
u-urea	mmol/l	N	35	26
u-uricult		N	628	237
u-utseende		N	6	6
u-valvott		N	679	530
u-veri(kval)		A	56	47
u-veri(kval)		N	116	99
u-veri,osatutkperustutkimuksissa		A	9	9
u-veri-0		A	24	18
u-veri-o	form	N	41	37
u-veri-o		A	8077	3430
u-veri-o		N	12235	3520
u-veri-ou		A	295	166
u-virtsanhemoglobiini	form	N	6	6
u-virtsanhemoglobiini		N	16	14
u-virtsanirtosolututkimus		A	10	8
u-virtsanirtosolututkimus		N	76	46
u-virtsanketoaineet		N	24	21
u-virtsanleukosyytit		N	17	15
u-virtsannitriitti		N	23	20
u-virtsanominaispaino	form	N	22	20
u-virtsanominaispainohuumemäärityksissä		N	42	37
u-virtsanph	form	N	24	21
u-virtsatutkimus1		N	15	12
u-vre-vi		N	8	7
u-välimuotoisetepiteelisolut	u/field	N	6	6
u-välimuotoisetepiteelisolut		N	14	9
u-välimuotoisetepiteelit	u/field	N	75	63
u-välimuotoisetepiteelit		N	20	20
u-överg.ep	/sunf	N	124	93
u-överg.ep		N	2027	587
ua-be	mmol/l	N	62	62
ua-hb	g/l	N	51	51
ua-hco3-st	mmol/l	N	62	62
ua-hetashb		N	51	51
ua-pco2	kpa	N	62	62
ua-ph		N	62	62
ua-po2	kpa	N	61	61
ua-vekaas		N	11	11
ug-pad-4	mmol/l	A	7	6
ug-pad-4	mmol/l	N	8	8
ug-pad-4		A	44	44
ug-pad-4		AA	459	451
ug-pad-4		N	257	247
ulosteenadenovirus,nukleiinihappo		N	291	233
ulosteenastrovirus,nukleiinihappo		N	290	232
ulosteenbakteeripatogeenit,nukleiinihaponosoitus		N	16	16
ulosteenbakteeripatogeenit,nukleiinihaponosoitus(pcr)		N	485	401
ulosteenbakteeripatogeenit,nukleiinihapoosoitus(pcr)		N	31	31
ulosteenbakteeripatogeenitnukleiinihaponosoitus		N	18	17
ulosteencalprotectin	ug/g	A	12	10
ulosteencalprotectin	ug/g	N	7	7
ulosteenhemoglobiini	ug/g	H	65	58
ulosteenhemoglobiini		N	846	624
ulosteenparasiitit,nukleiini		N	6	6
ulosteenparasiitit,nukleiinihappo(kva		N	10	9
ulosteenparasiitit,nukleiinihappo(kval)		N	17	15
ulosteenparasiitit,nukleiinihappo(kval)(f-paranho)		N	10	8
ulosteenparasiitit,nukleiinihappo-osoitus		N	108	97
ulosteenripulivirukset,nukleiinihappo(kval)		N	12	11
ulosteenripulivirukset,nukleiinihappo-osoitus(kval)		N	325	266
ulosteensapovirus,nukleiinihappo		N	279	223
uniapnea-analysointi		A	6	6
unipolygrafia(psg,sis.univaiheet)kotona		N	6	6
uraatti	umol/l	A	692	426
uraatti	umol/l	H	204	162
uraatti	umol/l	L	47	42
uraatti	umol/l	N	943	832
uraatti,plasma	umol/l	A	229	155
uraatti,plasma	umol/l	H	180	113
uraatti,plasma	umol/l	L	48	34
uraatti,plasma	umol/l	N	63	61
uraatti,plasmasta	umol/l	A	1092	416
uraatti,plasmasta	umol/l	H	48	30
urea	mmol	A	39	26
urea,pikatesti	mmol/l	A	48	42
ureapika	mmol/l	A	264	239
ureaplasmaparvum		A	11	10
ureaplasmaparvum		N	19	19
ureaplasmaparvum,nukleiinihappo(kval)		A	8	8
ureaplasmaparvum,nukleiinihappo(kval)		N	17	14
ureaplasmaparvum,nukleiinihappo(kval.)		N	7	7
ureaplasmaurealyticum		N	26	25
ureaplasmaurealyticum,nukleiinihappo(kval)		N	18	15
ureavieri	mmol/	H	18	18
ureavieri	mmol/	N	21	21
urogenitaalialueennäytteenhistologinentutkimus,laajaleikkauspreparaatti		A	33	32
urogenitaalinäytteenseulonta,virtsasta,nukleiinihaponosoitus(pcr)		N	7	6
urpanho		A	20	17
ururnho		A	10	10
us-tsh	mu/l	N	65	65
uuricult		N	9	7
uusikoronavirus,covid-19,nukleiinihaponosoitus		N	8	7
uv-be	mmol/l	N	21	21
uv-hb	g/l	N	18	18
uv-hco3-st	mmol/l	N	21	21
uv-hetashb		N	18	18
uv-pco2	kpa	N	21	21
uv-ph		N	21	21
uv-po2	kpa	N	21	21
v-be		N	38	33
v-hb		N	255	142
v-hco3		N	38	33
v-hct		N	256	143
v-ica		N	298	172
v-k		N	269	150
v-na		N	269	150
v-pco2		N	38	33
v-ph		N	39	34
v-po2		N	38	33
v-so2		N	37	32
v-tco2		N	38	33
vaativaleikkausnäyte,kudosnos		A	9	8
vagicul		N	122	78
vainajansäilytys		N	6	6
valkosolu,v-a,värjäytymiskuvioc-an		N	15	15
valkosolu,v-a,värjäytymiskuviop		N	14	14
valkosolu,vasta-aineet,	titre	A	11	11
valkosolu,vasta-aineet,	titre	H	19	18
valkosolu,vasta-aineet,		N	45	44
valkosolu,vasta-aineet,värjäytymi		N	16	15
vapaanjakokonais-psa:nsuhde	%	N	18	15
vapaanjakokonais-psa:nsuhde		N	31	27
vapaty2-paketti		N	41	24
vapaty3-paketti		N	23	23
varaputki		N	7	7
varfariininannostukseenliitt		N	8	8
varicella-zostervirus,iggvasta-aineet	iu/l	N	16	16
vartijaimusolmukenäyte(sentinelnode)		A	12	12
vartijaimusolmuketutkimus(sentinelnode)		A	7	7
vartijaimusolmuketutkimus,formaliinifiksaatio		A	7	7
vastliite		N	78	64
vb-ahco3	mmol/l	A	13704	5209
vb-ahco3	mmol/l	N	12	12
vb-ahco3vt	mmol/l	A	94	70
vb-ahco3vt	mmol/l	N	34	16
vb-ahco3vt		A	77	69
vb-aktuaalibikarbonaatti	mmol/l	A	553	243
vb-aktuaalibikarbonaatti	mmol/l	H	59	34
vb-aktuaalibikarbonaatti	mmol/l	L	109	39
vb-aktuaalibikarbonaatti	mmol/l	N	193	108
vb-aktuaalibikarbonaatti,vierilaitteella	mmol/l	N	23	19
vb-be	mmol/l	A	26693	11192
vb-be	mmol/l	H	21730	8602
vb-be	mmol/l	HH	143	66
vb-be	mmol/l	L	13968	4169
vb-be	mmol/l	LL	40	26
vb-be	mmol/l	N	30078	9056
vb-be		A	21473	6473
vb-be		H	187	162
vb-be		HH	10	10
vb-be		L	312	203
vb-be		LL	18	15
vb-be		N	123	113
vb-be-vt	mmol/l	A	67	51
vb-be-vt	mmol/l	N	30	12
vb-be-vt		A	159	119
vb-bepika	mmol/l	A	285	244
vb-bepika		A	183	156
vb-bikarbonaatti		A	29	27
vb-ca	mmol/l	L	13	9
vb-ca	mmol/l	N	12	9
vb-ca-i7.4	mmol/l	A	1343	667
vb-ca-i7.4		A	234	105
vb-caionvt	1	N	32	24
vb-caionvt	mmol/l	A	97	76
vb-caionvt		A	113	96
vb-cvo2sat	%	A	35	11
vb-emästase		A	21	19
vb-emäsylimäärä	mmol/l	A	4665	2237
vb-emäsylimäärä	mmol/l	H	1597	700
vb-emäsylimäärä	mmol/l	L	20	13
vb-emäsylimäärä	mmol/l	N	3498	1885
vb-emäsylimäärä		A	922	413
vb-emäsylimäärä		L	847	336
vb-emäsylimäärä		N	97	72
vb-emäsylimäärä,vierilaitteella	mmol/l	N	26	19
vb-erytrosyytit,tilavuusosuus,vierilaitteella		N	14	9
vb-gluk	mmol/l	A	11081	4417
vb-gluk		A	62	59
vb-happamuusaste	1	H	18	18
vb-happamuusaste	1	N	33	30
vb-happamuusaste		A	658	397
vb-happamuusaste		N	29	24
vb-happamuusaste,vierilaitteella	1	H	12	8
vb-happamuusaste,vierilaitteella	1	N	12	11
vb-happamuusaste,vierilaitteella		N	15	10
vb-happikyllästeisyys(hemoglobiini)	%	H	17	12
vb-happikyllästeisyys(hemoglobiini)	%	L	31	28
vb-happikyllästeisyys(hemoglobiini)	%	N	10	8
vb-happikyllästeisyys(hemoglobiinin,osuustoimin	%	A	214	81
vb-happikyllästeisyys(hemoglobiinin,osuustoiminnallisestahb:sta)	%	A	29	20
vb-happiosapaine	kpa	A	740	446
vb-happiosapaine	kpa	H	18	14
vb-happiosapaine	kpa	L	33	32
vb-happiosapaine	kpa	N	31	25
vb-happoemästase		N	15	13
vb-hb	g/l	A	10406	3086
vb-hb	g/l	H	1166	786
vb-hb	g/l	L	20213	3623
vb-hb	g/l	N	9948	5345
vb-hb		A	26	25
vb-hb		N	18	18
vb-hb-co	%	A	198	68
vb-hb-co	%	H	2113	1006
vb-hb-co	%	L	6392	997
vb-hb-co	%	N	23147	7794
vb-hb-co		A	13	12
vb-hb-co		N	18	18
vb-hb-met	%	A	36	13
vb-hb-met	%	H	86	42
vb-hb-met	%	L	316	131
vb-hb-met	%	N	31233	8743
vb-hb-met		N	15	15
vb-hb-vt	g/l	A	290	206
vb-hb02sat	%	A	68	37
vb-hblask	g/l	N	94	85
vb-hbo2	%	A	429	175
vb-hbo2	%	H	8900	3072
vb-hbo2	%	L	10982	4995
vb-hbo2	%	N	11606	3105
vb-hbo2		N	16	16
vb-hbo2sat	%	A	42893	14872
vb-hbo2sat	%	H	2509	1231
vb-hbo2sat	%	L	6705	2504
vb-hbo2sat	%	N	1605	1012
vb-hbo2sat		A	80	63
vb-hbo2sat		H	12	8
vb-hbo2sat		L	15	11
vb-hbo2sat		N	15	12
vb-hco3	mmol/l	A	223	105
vb-hco3	mmol/l	H	7	7
vb-hco3	mmol/l	L	16	15
vb-hco3	mmol/l	N	56	33
vb-hco3		A	49	44
vb-hco3-st	mmol/l	A	20785	5483
vb-hco3-st	mmol/l	H	6802	2473
vb-hco3-st	mmol/l	HH	60	34
vb-hco3-st	mmol/l	L	28226	7701
vb-hco3-st	mmol/l	LL	18	13
vb-hco3-st	mmol/l	N	27909	9585
vb-hco3-st		A	64	56
vb-hco3-st		H	38	34
vb-hco3-st		HH	22	21
vb-hco3-st		L	448	295
vb-hco3-st		LL	14	11
vb-hco3-st		N	135	123
vb-he-tase		N	18250	4684
vb-he-tase,p-k	mmol/l	L	12	10
vb-he-tase,p-k	mmol/l	N	20	15
vb-he-tase,p-na	mmol/l	L	18	13
vb-he-tase,p-na	mmol/l	N	18	16
vb-he-tase,vb-beecf	mmol/l	H	79	67
vb-he-tase,vb-beecf	mmol/l	L	27	23
vb-he-tase,vb-beecf	mmol/l	N	96	80
vb-he-tase,vb-hco3	mmol/l	H	81	72
vb-he-tase,vb-hco3	mmol/l	L	87	71
vb-he-tase,vb-hco3	mmol/l	N	162	127
vb-he-tase,vb-k	mmol/l	H	14	12
vb-he-tase,vb-k	mmol/l	L	35	33
vb-he-tase,vb-k	mmol/l	N	279	209
vb-he-tase,vb-na	mmol/l	L	115	85
vb-he-tase,vb-na	mmol/l	N	210	165
vb-he-tase,vb-pco2	kpa	H	13	11
vb-he-tase,vb-pco2	kpa	N	16	16
vb-he-tase,vb-ph		H	119	101
vb-he-tase,vb-ph		L	19	18
vb-he-tase,vb-ph		N	234	181
vb-he-tase,vb-po2	kpa	L	30	24
vb-hemoglobiini	g/l	A	597	217
vb-hemoglobiini	g/l	H	10	8
vb-hemoglobiini	g/l	L	295	98
vb-hemoglobiini	g/l	N	115	74
vb-hemoglobiini(totaali),laskimoveri	g/l	A	10	9
vb-hemoglobiini(totaali),laskimoveri	g/l	L	52	14
vb-het-ion		N	4225	1654
vb-het-oks		N	8	8
vb-hetiogl		N	113	101
vb-hetiong		N	347	215
vb-hiilidioksidiosapaine	kpa	A	570	307
vb-hiilidioksidiosapaine	kpa	L	36	30
vb-hiilidioksidiosapaine	kpa	N	43	37
vb-hiilidioksidiosapaine,vierilaitteella	kpa	N	9	8
vb-hiilimonoksidi-hb	%	A	293	169
vb-hiilimonoksidi-hb	%	N	6461	2600
vb-hiilimonoksidi-hb		A	22	16
vb-hiilimonoksidi-hb		N	16	12
vb-hiilioksidiosapaine,vierilaitteella	kpa	L	15	8
vb-hiilioksidiosapaine,vierilaitteella	kpa	N	9	8
vb-hkr-vt		N	27	16
vb-kalsium,ionisoitunut,ph7.4-korjattu	mmol/l	A	159	117
vb-kalsium,ionisoitunut,ph7.4-korjattu	mmol/l	L	33	21
vb-kalsium,ionisoitunut,ph7.4-korjattu	mmol/l	N	46	33
vb-kokonaishemoglobiini,verikaasuanalysaattorista	g/l	A	3954	1591
vb-kokonaishemoglobiini,verikaasuanalysaattorista	g/l	H	325	177
vb-kokonaishemoglobiini,verikaasuanalysaattorista	g/l	L	1658	586
vb-kokonaishemoglobiini,verikaasuanalysaattorista	g/l	N	3332	1746
vb-kokonaishemoglobiini,verikaasuanalysaattorista		N	17	13
vb-krea-hy	umol/l	A	11	11
vb-laktaat	mmol/l	A	3058	1842
vb-laktaat		A	14	13
vb-methemoglobiini	%	A	396	212
vb-methemoglobiini	%	N	6356	2599
vb-methemoglobiini		A	25	25
vb-methemoglobiini		N	16	12
vb-na	mmol/l	A	7	6
vb-o2-sis	%	A	2450	1353
vb-o2-sis	%	N	49	43
vb-o2-vol	%	A	252	67
vb-o2-vol	%	H	522	399
vb-o2-vol	%	L	11639	3369
vb-o2-vol	%	N	2970	1683
vb-o2hb	%	A	395	79
vb-o2sat	%	A	1488	614
vb-o2sat	%	H	10198	3649
vb-o2sat	%	L	12511	5738
vb-o2sat	%	N	11015	3041
vb-o2sat		A	60	44
vb-o2sat		H	212	181
vb-o2sat		L	373	279
vb-o2sat		N	25	25
vb-o2sat1	%	N	19	19
vb-o2sat2	%	N	19	19
vb-pco2	kpa	A	41239	15278
vb-pco2	kpa	H	5343	2626
vb-pco2	kpa	HH	312	90
vb-pco2	kpa	L	21860	7680
vb-pco2	kpa	LL	9	7
vb-pco2	kpa	N	45695	13488
vb-pco2		A	992	553
vb-pco2		H	72	55
vb-pco2		L	331	230
vb-pco2		N	139	124
vb-pco2-vt	kpa	A	132	107
vb-pco2-vt	kpa	N	22	12
vb-pco2-vt		A	186	154
vb-ph	ph	A	276	152
vb-ph	ph	N	150	78
vb-ph		A	34668	13772
vb-ph		H	15863	6496
vb-ph		HH	20	17
vb-ph		L	12156	4162
vb-ph		LL	482	314
vb-ph		N	43961	13926
vb-ph(t)		A	7	6
vb-ph-vt		A	219	176
vb-ph-vt		N	30	15
vb-phpika		A	348	305
vb-po2	kpa	A	40610	16783
vb-po2	kpa	H	10966	4241
vb-po2	kpa	HH	73	40
vb-po2	kpa	L	15146	8059
vb-po2	kpa	LL	375	279
vb-po2	kpa	N	24871	7981
vb-po2		A	1094	714
vb-po2		H	153	125
vb-po2		L	349	265
vb-po2		N	58	52
vb-po2(t)	kpa	A	6	6
vb-po2(t)		A	7	7
vb-sbc	mmol/l	A	42	42
vb-shco3	mmol/l	A	7247	2565
vb-shco3	mmol/l	H	1158	449
vb-shco3	mmol/l	HH	140	49
vb-shco3	mmol/l	L	2631	1141
vb-shco3		A	58	38
vb-shco3		L	22	16
vb-standardibikarbonaatti	mmol/l	A	4763	2107
vb-standardibikarbonaatti	mmol/l	H	643	244
vb-standardibikarbonaatti	mmol/l	HH	10	6
vb-standardibikarbonaatti	mmol/l	L	1644	744
vb-standardibikarbonaatti	mmol/l	N	3460	1873
vb-standardibikarbonaatti		N	17	13
vb-temp	°c	N	10	10
vb-thb	g/l	A	7234	2436
vb-thb	g/l	H	369	239
vb-thb	g/l	L	3270	989
vb-thb		A	21	20
vb-thb		L	11	8
vb-to2c	ml/dl	A	343	50
vb-vekaas		N	879	606
vb-vekaas5,agapk	mmol/l	N	54	34
vb-vekaas5,be(ecf)	mmol/l	H	15	10
vb-vekaas5,be(ecf)	mmol/l	L	11	9
vb-vekaas5,be(ecf)	mmol/l	N	35	25
vb-vekaas5,ca++	mmol/l	L	27	17
vb-vekaas5,ca++	mmol/l	N	34	29
vb-vekaas5,chco3	mmol/l	H	14	10
vb-vekaas5,chco3	mmol/l	N	42	29
vb-vekaas5,chgb	g/l	H	6	6
vb-vekaas5,chgb	g/l	L	11	8
vb-vekaas5,chgb	g/l	N	43	30
vb-vekaas5,cl-	mmol/l	H	15	10
vb-vekaas5,cl-	mmol/l	N	34	28
vb-vekaas5,crea	umol/l	H	24	10
vb-vekaas5,crea	umol/l	N	32	25
vb-vekaas5,cso2	%	L	51	34
vb-vekaas5,cso2	%	N	8	8
vb-vekaas5,ctc02	mmol/l	H	16	11
vb-vekaas5,ctc02	mmol/l	N	39	27
vb-vekaas5,glu	mmol/l	H	44	29
vb-vekaas5,glu	mmol/l	N	15	10
vb-vekaas5,hct	l/l	L	17	12
vb-vekaas5,hct	l/l	N	40	30
vb-vekaas5,k+	mmol/l	L	10	8
vb-vekaas5,k+	mmol/l	N	43	31
vb-vekaas5,lac	mmol/l	H	29	21
vb-vekaas5,lac	mmol/l	N	26	18
vb-vekaas5,na+	mmol/l	L	21	13
vb-vekaas5,na+	mmol/l	N	36	27
vb-vekaas5,pco2	kpa	L	29	23
vb-vekaas5,pco2	kpa	N	30	23
vb-vekaas5,ph		H	19	15
vb-vekaas5,ph		N	40	26
vb-vekaas5,po2	kpa	H	18	14
vb-vekaas5,po2	kpa	L	23	18
vb-vekaas5,po2	kpa	N	21	15
vb-vekavt4		N	40	16
vb-verikaasuanalyysi,epocvierilaitteella		N	11	10
vb-verikaasuanalyysi,laaja		A	121	87
vb-verikaasuanalyysi,laaja		N	18	17
vb-verikaasuanalyysi,perus		A	712	269
vb-vklaaja		A	494	213
vb-vkperus		A	3500	968
vbhco3pika	mmol/l	A	12	11
vbpco2pika	kpa	A	502	418
vcs		N	15	12
vehnjae	u/ml	A	26	26
vehnjae		A	7	6
vehnjae		N	9	7
vehnä,ruok	u/ml	A	39	36
vehnä,ruok		A	14	14
vehnä,sipö	u/ml	A	6	6
vehnäjauho,igevasta-aineet		N	13	13
vehnäjauhojakomponentit(f4),igevasta-aineet		N	6	6
vehnäjauhojakomponentit(f4),vasta-aineet		N	10	10
vekapak1		N	216696	18680
vekapak4		N	946	43
verenhemoglobiini	g/l	A	6	6
verenhemoglobiini	g/l	N	23	17
verensokeri		N	22	17
verensokeri,tk:ntekemä		N	52	50
verensokeripikatesti	u	N	18	11
verensopivuuskoenäyte		N	47	21
verenvalkosolujenerittelylaskennanmikrosk.tarkistus		N	839	407
verenvalkosolujenerittelylaskenta		N	52	39
verenvalkosolut	e9/l	H	1010	328
verenvalkosolut	e9/l	L	45	26
verenvalkosolut	e9/l	N	1786	538
veri		N	57	38
veri,virtsasta(osoitus),osatutk.		A	183	140
verialtistus,tutkimuksetaltistuneesta		N	9	7
verikaasuanalyysi,kapillaariveri		N	9	7
veriryhmä+veriryhmäkortt		N	7	7
veriryhmäjarh		N	33	32
veriryhmäjarh,spr		N	74	69
veriryhmäkortti		N	7	7
veriryhmävasta-aineet,raskaudenaikaiset		N	74	69
veriryhmävasta-aineet,raskaudenaikaiset,veri		N	11	11
veriryhmävasta-aineet,seulonta		A	51	29
veriryhmävasta-aineet,seulonta		N	12	11
veriryhmävasta-aineet,seulonta,plasmasta		A	189	94
veriryhmävasta-aineet,seulonta,spr		N	74	69
veritapaturmatutkimus,mahdollisentartunnanlähde		N	7	7
veritartunnankohde		N	31	21
veritartuntatutk.lähde		N	6	6
vertcea	ug/l	A	10	9
vesirokkovirus,igg-vasta-aineetseerumista	iu/l	N	19	19
vesirokkovirus,iggvasta-aineet	eiu	N	18	18
vesirokkovirus,iggvasta-aineet	miu/ml	N	10	10
vesirokkovirus,nukleiinihappo(kval),likvori		N	12	11
vibriospp.(vulnificus/parahaemolyticus/cholerae		N	36	35
vibriospp.(vulnificus/parahaemolyticus/cholerae)		N	395	312
vibrnho		N	233	213
vieri-inr	inr	A	65	63
virdonor		N	47	46
virtaustilavuus-spirometriajabronkodil.		N	8	8
virtaustilavuus-spirometriajabronkodil.koelausunnolla		N	52	49
virtsam.	ml	N	9	9
virtsam.		N	314	188
virtsanalb/kreasuhde	mg/mmol	H	825	655
virtsanalb/kreasuhde	mg/mmol	N	2226	2121
virtsanbakteerinjatkoviljelyjaherkkyys(u-baktjvi)		N	28	26
virtsanbakteeriviljely		A	318	197
virtsanbakteeriviljely		N	10	10
virtsanglukoosi		N	22	21
virtsankemiallinenseulonta		N	66	60
virtsankemseu-stixtutkimusoma		N	6	6
virtsanlieriöt	e6/l	N	12	9
virtsanlieriöt		N	16	13
virtsanliuskatesti		N	28	20
virtsanmikroalbumiini:u-albumiininja-kreatiniininsuhde		A	21	14
virtsanmikroalbumiini:u-albumiininja-kreatiniininsuhde		N	69	55
virtsannitriitti,vieritesti		A	6	6
virtsanpartikkelienperuslaskenta		N	34	27
virtsanpikatutkimus		N	30	16
virtsanproteiini		N	25	23
virtsansakka(u-sakka)		A	9	9
virtsansokeri		N	16	16
virtsansolujenhl7-siirtoon	e6/l	A	523	458
virtsansolujenhl7-siirtoon	e6/l	H	471	391
virtsansolujenhl7-siirtoon	e6/l	N	1321	1100
virtsansolujenhl7-siirtoon		N	8	7
virtsansuhteellinentiheys	kg/l	L	16	15
virtsansuhteellinentiheys	kg/l	N	68	56
virtsatutkimus(vo:nyhteydessäotettu),tth		A	15	11
virtsatutkimus(vo:nyhteydessäotettu),tth		N	92	80
virtsatutkimus2,seulontajaviljely		N	15	12
vitascreen		A	6	6
vitascreen		N	514	453
vitascreen,paketti		N	103	90
vkorc1-geeninnukleotidivariaatiot,dna-tutkimus		N	75	73
vldlkolestroli(osatutkimus)	mmol/l	N	43	40
vonwillebrand-tekijä,aktiivi	%	N	22	11
vp-ca-ion	mmol/l	A	2110	1187
vp-cl	mmol/l	A	3297	1935
vp-gluk	mmol/l	A	2282	1254
vp-gluk-0h	mmol/l	N	574	452
vp-gluk-0h		N	382	308
vp-gluk-1h	mmol/l	N	193	133
vp-gluk-1h		N	131	101
vp-gluk-2h	mmol/l	N	574	452
vp-gluk-2h		N	366	293
vp-gluk20m		N	11	11
vp-gluk40m		N	11	11
vp-glukoosi,0-näyte	mmol/l	N	63	60
vp-glukoosi,2h	mmol/l	N	62	59
vp-happamuusaste		A	936	264
vp-hco3st	mmol/l	A	58	34
vp-k	mmol/l	A	1524	946
vp-laktaat	mmol/l	A	2203	1412
vp-na	mmol/l	A	3165	1665
vp-ph		A	2026	536
vp-shco3	mmol/l	A	4296	764
vp-shco3		A	22	16
vt-hbcab		N	41	39
vt-hbsab	iu/l	N	69	56
vt-hbsab		N	36	27
vt-hcvab		A	14	14
vt-hcvab		N	108	69
vt-hcvkomb		N	65	54
vt-hepatiittib-virus,s-antigeeni		N	41	39
vt-hepatiittic-virus,antigeenijavasta-aineet,yhdist.osatutkimus		N	21	18
vt-hivagab		N	127	88
vymp	cm	H	109	107
vzvnho		A	7	7
wbc-largecellcount	e9/l	A	26	11
xxbaso	%	A	20	17
xxbaso	%	N	178	145
xxeos	%	A	29	26
xxeos	%	N	170	143
xxlymf	%	A	32	25
xxlymf	%	N	168	145
xxmono	%	A	12	12
xxmono	%	N	187	152
xxneut	%	A	14	12
xxneut	%	N	185	153
yersinia		A	8	8
yersinia		N	391	308
yersiniaenterocolitica		N	37	36
yersnho		A	38	38
yersnho		N	233	213
yksinkertainenhistologinentutkimus		N	261	237
yleinenkosteusvauriopaneeli,igevasta-aineet		N	23	23
yöpolygrafia		N	8	8
yöpolygrafia,ambulatorinen,suppeaunirekisteröintikotona		N	6	6
zb-ahco3	mmol/l	A	1181	306
zb-aktuaalibikarbonaatti	mmol/l	A	78	41
zb-aktuaalibikarbonaatti	mmol/l	N	54	20
zb-be	mmol/l	A	1000	262
zb-be		A	759	276
zb-emäsylimäärä	mmol/l	A	62	26
zb-emäsylimäärä	mmol/l	N	18	7
zb-emäsylimäärä		A	94	55
zb-emäsylimäärä		L	17	9
zb-emäsylimäärä		N	18	10
zb-happikyllästeisyys(hemoglobiini)	%	A	230	87
zb-happikyllästeisyys(hemoglobiini)	%	H	18	11
zb-happikyllästeisyys(hemoglobiini)	%	L	14	9
zb-happikyllästeisyys(hemoglobiini)	%	N	27	15
zb-hbo2sat	%	A	2664	512
zb-hbo2sat		A	41	7
zb-o2-vol	%	A	3773	591
zb-o2-vol	%	L	33	12
zb-o2-vol	%	N	27	13
zb-o2-vol	vol%	A	50	12
zb-pco2	kpa	A	1150	392
zb-pco2	kpa	H	9	6
zb-pco2	kpa	N	51	20
zb-ph		A	1397	438
zb-ph		L	13	8
zb-ph		N	40	19
zb-ph(t)		A	30	11
zb-po2	kpa	A	1139	431
zb-po2	kpa	H	30	12
zb-po2	kpa	N	27	13
zb-po2(t)	kpa	A	124	12
äit-seula		N	52	52
äitiseulanosatutkimus		N	15	15
äitiysseulas-hepatiittibvirus,pinta-antigeeni		N	7	7
äitiysseulas-hivirus,antigeenijavasta-aineet,yhdistelmätutk.		N	7	7
äitiysseulas-treponemapallidum,vasta-aineet		N	7	7
ögontryck		N	9	9
överg.epit		N	19	15
