TEST_NAME	MEASUREMENT_UNIT	unit_source	n_records	n_subjects
b-eryt	e12/l	Source	9155771	470838
e-mcv	fl	Source	10891655	475452
b-hkr	%	Source	5020708	324027
b-hb	g/l	Source	10950985	475435
e-mchc	g/l	Source	7122507	372605
e-mch	pg	Source	10891610	475254
b-leuk	e9/l	Source	8637029	467671
b-trom	e9/l	Source	8742411	467786
s-t4-v	pmol/l	Source	252168	118799
fp-gluk	mmol/l	Source	1902434	403358
b-hb-a1c	%	Source	62501	36519
s-k	mmol/l	Source	138252	71399
fs-kol	mmol/l	Source	256494	110408
fs-kol-hdl	mmol/l	Source	255594	109984
fs-kol-ldl	mmol/l	Source	256491	110443
s-ck	u/l	Source	11560	8894
s-na	mmol/l	Source	124118	68077
fs-trigly	mmol/l	Source	260120	111105
s-tsh	miu/l	Source	117078	66194
b-hba1c	mmol/mol	Source	1976061	394659
s-afos	u/l	Source	62976	42215
s-amyl	u/l	Source	10384	8915
s-asat	u/l	Source	22999	15342
s-crp	mg/l	Source	154717	76772
s-gt	u/l	Source	178336	95682
u-ph	ph	SecondaryCorrection	633899	188415
cb-hbo2sat	%	Source	27897	9221
cb-be	mmol/l	Source	99296	25652
cb-hco3-st	mmol/l	Source	71946	16450
p-hco3	mmol/l	Source	268392	30640
p-ca-ion.	mmol/l	Source	360985	40003
p-gluk	mmol/l	Source	1222497	247049
cb-ph	ph	Source	114490	28674
cb-po2	kpa	Source	48927	11942
cb-pco2	kpa	Source	116744	29342
p-k	mmol/l	Source	7437377	422500
fp-laktaat	mmol/l	Source	301336	33113
p-ca-iona	mmol/l	Source	409183	46197
p-na	mmol/l	Source	7320485	422468
b-la	mm/h	Source	1389349	325142
s-uraat	umol/l	Source	36444	23688
s-ccpab	eliau/ml	Source	5657	5282
e-rdw	%	Source	6286782	354595
p-crp	mg/l	Source	4268035	332754
p-krea	umol/l	Source	7691108	421171
pt-gfre	ml/min/173m2	Source	1333814	224179
p-ck	u/l	Source	278941	126183
p-ck-mbm	ug/l	Source	76981	32795
b-hkr	ratio	SecondaryCorrection	5806054	297595
p-tnt	ng/l	Source	437572	111301
vb-hb-co	%	Source	63056	20050
p-alat	u/l	Source	4826699	422655
p-tni	ng/l	Source	220093	55968
tromboplastiiniaika,inr-tulostus,plasma	inr	Source	11740	2775
b-erytrosyytit	e12/l	Source	324095	72924
b-erytrosyytit,tilavuusosuus	ratio	SecondaryCorrection	303476	69154
e-erytrosyytit,kokojakaumaindeksi	%	Source	75220	8724
b-erytroblastit	e9/l	Source	162359	29684
b-leukosyytit	e9/l	Source	374707	83553
b-trombosyytit	e9/l	Source	323140	74121
pt-glomerulussuodosnopeus,estimoitu,ckd-epi-kaava(pt-gfre-3osatutkimus)	ml/min/173m2	Source	61771	8121
vb-ph	ph	Source	175722	41734
vb-po2	kpa	Source	137613	37966
vb-pco2	kpa	Source	190827	45312
vb-hbo2sat	%	Source	71459	21371
vb-be	mmol/l	Source	172329	39951
vb-hco3-st	mmol/l	Source	105967	21964
s-b12-tc2	pmol/l	Source	222887	123807
s-d-25	nmol/l	Source	395805	171780
s-ferrit	ug/l	Source	228331	97993
fs-folaat	nmol/l	Source	190201	117231
fp-krea	umol/l	Source	766058	110310
s-tsh	mu/l	Source	248487	128251
s-rf	iu/ml	Source	11352	10236
p-uraat	umol/l	Source	263557	93477
p-afos	u/l	Source	2633306	319186
p-amyl	u/l	Source	368851	136316
p-asat	u/l	Source	466419	140523
p-bil	umol/l	Source	1420461	223219
p-gt	u/l	Source	819882	247321
s-ccpab	u/ml	Source	37941	30267
e-erytrosyytit,keskitilavuus	fl	Source	101085	30518
b-erytrosyytit,tilavuusosuus	%	Source	85074	17321
b-hemoglobiini	g/l	Source	172668	50720
e-hemoglobiini,keskimassakonsentraatio	g/l	Source	111182	32527
e-hemoglobiini(massa)	pg	Source	79896	14987
e-punasolujenkokojakauma	%	Source	196934	51618
p-natrium	mmol/l	Source	106413	33754
p-kalium	mmol/l	Source	106850	33554
p-c-reaktiivinenproteiini	mg/l	Source	41016	8753
p-kreatiniini	umol/l	Source	118143	38572
pt-glomerulussuodosnopeus,estimoitu	ml/min/173m2	Source	94717	25083
p-alaniiniaminotransferaasi	u/l	Source	56153	21984
p-natriureettinenpeptidi,b-tyypinn-terminaalin	ng/l	Source	4682	2312
p-tyreotropiini	mu/l	Source	31679	20570
p-tyroksiini,vapaa	pmol/l	Source	27695	17673
e-punasolujenkokojakaum	%	Source	55570	36380
p-fidd	mg/l	Source	129489	72623
s-mypnabg	eiu	Source	9089	7589
s-mypnabm	s/co	Source	1089	952
lymfosyytit,3-osa	%	Source	2068	1750
neutrofiilit,3-osa	%	Source	2068	1750
muut,3-osa	%	Source	2070	1752
b-neutrofiilit,3-osa	e9/l	Source	2068	1750
b-lymfosyytit,3-osa	e9/l	Source	2067	1750
glom.suod.nopeusckd-epi	ml/min/173m2	Source	25374	19545
u-leuk	e6/l	Source	326470	115830
u-ph-o	ph	SecondaryCorrection	52493	21856
p-troponiinii	ng/l	Source	7302	3444
s-alat	u/l	Source	323441	128728
s-cea	ug/l	Source	90098	23944
fs-krea	umol/l	Source	277772	123620
punasolujenkokojakauma	%	Source	155883	44869
f-calpro	ug/g	Source	144823	56379
rdw	%	Source	6273	2819
s-pappa	mu/l	Source	41974	27143
s-hcg-b-v	ug/l	Source	18166	11524
p-aptt	s	Source	145005	66152
p-tt-inr	inr	Source	1367733	164062
b-eos	e9/l	Source	1173317	208939
b-baso	e9/l	Source	1109101	201254
b-ly	e9/l	Source	843127	162268
b-monos	e9/l	Source	1063032	197160
b-neut	e9/l	Source	1964481	238058
l-neut(a)	%	Source	640227	83173
l-lymf(a)	%	Source	640128	83171
l-mono(a)	%	Source	639581	83161
l-eos(a)	%	Source	141410	38117
l-baso(a)	%	Source	141339	38109
b-erblast	e9/l	Source	346720	66724
fp-kol-hdl	mmol/l	Source	1345202	346514
fp-kol-ldl	mmol/l	Source	1556892	359223
fp-kol	mmol/l	Source	1403532	350595
fp-trigly	mmol/l	Source	1341841	344357
s-korsol	nmol/l	Source	45234	21088
p-t4-v	pmol/l	Source	1107014	273042
p-tsh	mu/l	Source	1659650	343750
p-crp-oma	mg/l	Source	1613	702
fe-folaat	nmol/l	Source	103959	69620
p-alb	g/l	Source	921858	183041
p-ca	mmol/l	Source	424156	111115
p-ca-albk	mmol/l	Source	184394	68753
pt-gfreepi	ml/min/173m2	Source	2643943	278193
s-prl	mu/l	Source	31229	18544
lymfo	%	Source	7681	5973
neutro	%	Source	7682	5976
muut	%	Source	8051	6244
b-neutrof	e9/l	Source	11553	6967
b-lymfosy	e9/l	Source	7747	6033
s-fsh	u/l	Source	14307	11162
s-prealb	mg/l	Source	39064	16414
s-ttgaba	u/ml	Source	46008	35685
kol/hdlsuh	ratio	Source	66992	40373
non-hdl	mmol/l	Source	66019	40791
b-eryt	e12/l	PrimaryInjection	1604988	126854
p-tt	%	Source	472002	111143
b-leuk	e9/l	PrimaryInjection	1602398	127173
b-trom	e9/l	PrimaryInjection	1599610	123130
pt-gfre	ml/min/173m2	PrimaryInjection	1232406	109261
p-t4v	pmol/l	Source	110881	30438
hdl/kol	%	Source	220652	48531
b-ghb-a1c	%	Source	87405	51529
b-pyruv	umol/l	Source	400	298
p-myogl	ug/l	Source	34594	15028
p-psa	ug/l	Source	440313	92199
p-bil-kj	umol/l	Source	130704	45972
ca-ion	mmol/l	Source	126277	31222
b-eosin	e9/l	Source	31613	12187
l-lymfos	%	Source	103483	22094
l-monos	%	Source	466619	88151
b-basof	e9/l	Source	24196	9530
b-lymfos	e9/l	Source	24329	9629
b-neutr	e9/l	Source	27197	10634
l-eosin	%	Source	102184	21934
l-basof	%	Source	103667	22285
l-neutr	%	Source	107697	23146
14272	e9/l	Source	84272	9609
p-korsol	nmol/l	Source	53973	24041
l-bla	%	Source	10886	3238
l-prom	%	Source	11717	3667
l-myel	%	Source	15415	4939
l-metam	%	Source	8910	2881
l-nst	%	Source	9085	2963
l-nlt	%	Source	9569	3061
l-lymf	%	Source	305477	56704
l-mono	%	Source	65418	14474
l-eos	%	Source	964428	146206
l-baso	%	Source	947914	144009
s-pct	ug/l	Source	4418	2671
13189	%	Source	558	397
pf-ld	u/l	Source	4785	3660
pf-leuk	e6/l	Source	4958	3515
pf-prot	g/l	Source	7349	5146
s-ada	u/l	Source	4147	2996
pf-cea	ug/l	Source	765	636
pf-ada	u/l	Source	3550	2821
pf-pmn	%	Source	562	398
pf-laktaat	mmol/l	Source	994	772
s-prot	g/l	Source	92803	35564
p-ld	u/l	Source	221648	50768
p-cea	ug/l	Source	53752	13239
s-aspfumg	mg/l	Source	685	539
s-aspfume	u/ml	Source	2772	1989
s-ige	u/ml	Source	35628	27355
p-iga	g/l	Source	61859	40650
p-igg	g/l	Source	76858	26306
p-igm	g/l	Source	40623	21408
s-ana	titre	Source	18310	13951
b-nk	e6/l	Source	5955	2092
b-cd4	e6/l	Source	3893	1258
b-cd8	e6/l	Source	3892	1258
cd4/cd8	ratio	Source	3940	1282
b-cd19	e6/l	Source	3891	1257
b-cd3	e6/l	Source	3892	1258
ly-cd3	%	Source	3726	1795
ly-cd4	%	Source	3726	1795
ly-cd8	%	Source	3725	1795
ly-cd19	%	Source	3462	1701
ly-cd16/56	%	Source	3462	1700
pf-eryt	e6/l	Source	3443	2487
p-probnp	ng/l	Source	359786	112253
s-nse	ug/l	Source	10085	5100
pt-glomerulussuodosnopeus,estimoitu,ckd-epi-kaava	ml/min/173m2	Source	208024	43923
p-trigly	mmol/l	Source	279692	139519
p-kol	mmol/l	Source	298971	145067
p-kol-hdl	mmol/l	Source	282455	140259
p-kol-ldl	mmol/l	Source	417258	168656
pt-glumerulussuodosnopeus,estimoitu,cjd-epikaava	ml/min/173m2	Source	6297	2459
b-c-resktiivinenproteiini	mg/l	Source	1192	710
u-albkre	mg/mmol	Source	294816	92989
u-albumiini	mg/l	Source	16272	10871
u-kreatiniini	mmol/l	Source	25030	16744
u-alb	mg/l	Source	301204	96751
u-krea	mmol/l	Source	491671	143088
p-tni	ug/l	Source	25579	7912
b-laktteh	mmol/l	Source	59507	9983
p-tnih	ng/l	Source	1974	1014
b-erybla	e9/l	Source	1215063	99168
p-vrab-o	estimate	Source	10636	8202
s-trigly	mmol/l	Source	30438	26948
s-kol	mmol/l	Source	33507	28081
s-kol-hdl	mmol/l	Source	33871	27876
s-kol-ldl	mmol/l	Source	30028	26625
s-lipoa1	g/l	Source	16694	15755
s-lipob	g/l	Source	16695	15756
s-apob/apoa1-suhde	ratio	Source	16889	15863
b-crp-vt	mg/l	Source	20030	12736
s-caph7.4	mmol/l	Source	5238	2741
s-ca-akt	mmol/l	Source	5288	2755
b-lymf	e9/l	Source	285499	53327
l-neut	%	Source	402965	76307
s-cdt	%	Source	102027	58482
u-alb-o	estimate	Source	161670	49087
u-keto-o	estimate	Source	134987	43724
u-eryt-o	estimate	Source	150125	47925
u-gluk-o	estimate	Source	176312	50514
u-leuk-o	estimate	Source	146836	48437
u-nitr-o	estimate	Source	175374	51802
u-eryt	e6/l	Source	306342	106889
u-osmest	mosm/kgh2o	Source	95862	32687
u-epit	e6/l	Source	186267	73155
u-lier	e6/l	Source	223538	80518
s-ca-ion	mmol/l	Source	507671	129369
s-ca(7.4)	mmol/l	Source	132495	33935
s-ph(akt)	ph	Source	114319	29035
b-retik	e9/l	Source	73517	30390
e-retik	%	Source	133505	50603
e-rethe	pg	Source	12154	5602
l-blastit	%	Source	23847	6652
l-promyel	%	Source	23432	6431
l-myelos	%	Source	22499	6093
l-metamye	%	Source	18882	5084
b-peth	mg/l	SecondaryCorrection	20112	10865
p-ca-ion	mmol/l	Source	37155	15941
p-angap	mmol/l	Source	4593	2525
b-hb-co	%	Source	82148	17085
b-hb-met	%	Source	81067	16654
p-k-veka	mmol/l	Source	22023	7623
p-cl	mmol/l	Source	441381	56017
vb-laktaat	mmol/l	Source	17603	6206
p-ca(7.4)	mmol/l	Source	23257	8841
vb-o2-sis	%	Source	14860	5427
p-na-veka	mmol/l	Source	22025	7620
vb-ahco3	mmol/l	Source	37230	10100
vb-temp	°c	Source	18946	6044
vb-hb	g/l	Source	61616	16978
vb-gluk	mmol/l	Source	16911	5742
glomerulussuodosnopeus,estimoitu,ckd-epi-kaava	ml/min/173m2	Source	58183	13908
kalsium,albumiinikorjattu	mmol/l	Source	3797	3034
happamuusaste,seerumi	ph	Source	4823	2236
kalsium,ionisoitunut(7.4),seerumi	mmol/l	Source	9434	3757
s-kudostransglutaminaasi,igavasta-aineet	u/ml	Source	2058	1958
s-testo	nmol/l	Source	84277	38080
hemoglobiini,hiilimonoksidi,veri	%	Source	3801	2112
methemoglobiini,veri	%	Source	4108	2227
happamuusaste,laskimoveri	ph	Source	3552	1987
kalium(verikaasulaite),plasma	mmol/l	Source	3813	2117
kloridi,plasma	mmol/l	Source	4201	2262
laktaatti(verikaasulaite),laskimoveri	mmol/l	Source	3272	1902
kalsium,ionisoitunut(7.4),plasma	mmol/l	Source	4136	2271
happisisältö,laskimoveri	%	Source	3569	1984
natrium(verikaasulaite),plasma	mmol/l	Source	3815	2117
bikarbonaatti(aktuaali),laskimoveri	mmol/l	Source	3593	1993
emäsylimäärä,laskimoveri	mmol/l	Source	2439	1615
potilaanlämpötila	°c	Source	5158	2673
hemoglobiini(totaali),laskimoveri	g/l	Source	3479	1960
glukoosi(verikaasulaite),laskimoveri	mmol/l	Source	3275	1901
troponiinit	ng/l	Source	4958	2521
tromboplastiiniaika,aktivoitu,partiaalinen,plasma	s	Source	406	319
tromboplastiiniaika,inr-tulostus	inr	Source	9382	2334
b-eosinofiilit	e9/l	Source	51909	20234
b-basofiilit	e9/l	Source	17451	6665
b-monosyytit	e9/l	Source	36457	14087
b-lymfosyytit	e9/l	Source	41892	16613
l-lymfosyytti	%	Source	11080	3614
l-neutrofiilit	%	Source	70969	25470
b-neutrofiilit	e9/l	Source	74600	22801
l-eosinofiili	%	Source	11080	3614
l-basofiili	%	Source	11396	3762
l-monosyytti	%	Source	17110	6655
p-tfr	mg/l	Source	188137	79597
p-prealbumiini	g/l	Source	1203	864
p-ferrit	ug/l	Source	480283	151996
fb-b1-vit	nmol/l	Source	3061	2404
s-b12-vit	pmol/l	Source	96842	57598
fp-urea	mmol/l	Source	129695	16794
p-ige	u/ml	Source	5482	4231
s-sappih	umol/l	Source	9103	3665
b-fosfatidyylietanoli	umol/l	Source	4787	2866
p-mg	mmol/l	Source	259504	69457
li-erytrosyytit	e6/l	Source	163	155
fp-nh4-ion	umol/l	Source	22919	8418
li-gluk	mmol/l	Source	13384	10202
li-prot	mg/l	Source	15656	11422
fp-pi	mmol/l	Source	183710	33440
s-rf	u/ml	Source	2097	1969
p-pi	mmol/l	Source	185870	27679
nu-albkrea	mg/mmol	Source	20929	10603
p-amylp	u/l	Source	96538	39118
p-inr	inr	Source	1167659	50279
p-rf	iu/ml	Source	14463	12154
s-ast	iu/ml	Source	2043	1866
b-tbifng	iu/ml	Source	4431	4013
s-ph	ph	SecondaryCorrection	396621	91219
s-ca-iona	mmol/l	Source	394893	92764
s-cmvabg	au/ml	Source	3508	2738
s-parvabg	titre	Source	510	433
s-evircf	titre	Source	408	354
s-infacf	titre	Source	315	277
s-infbcf	titre	Source	588	513
s-rsvcf	titre	Source	597	515
s-toxocf	titre	Source	120	108
s-pincf	titre	Source	702	603
s-album	g/l	Source	27945	12402
s-alfa-1	g/l	Source	30220	13450
s-alfa-2	g/l	Source	30158	13393
s-beta-1	g/l	Source	29895	13203
s-beta-2	g/l	Source	29843	13175
s-gamma	g/l	Source	31195	14185
s-mkomp-1	g/l	Source	34677	14472
s-mkomp-2	g/l	Source	28685	12345
s-mkomp-3	g/l	Source	27100	11507
s-mkomp-4	g/l	Source	26975	11405
p-haptog	g/l	Source	20098	12496
u-osmole	mosm/kgh2o	Source	82697	35311
s-afp	u/ml	Source	18183	6061
s-ca12-5	u/ml	Source	43238	13093
s-ca15-3	u/ml	Source	23073	6188
s-tati	nmol/l	Source	551	482
fp-cga	nmol/l	Source	10000	3154
s-borrabm	responseequivalent/ml	Source	2780	2162
s-vlseabg	au/ml	Source	1332	980
s-vlseabm	au/ml	Source	2311	1766
u-levyep	e6/l	Source	91335	39075
u-pienep	e6/l	Source	74838	33516
s-tymidk	u/l	Source	1864	1002
21792	mg	Source	353	232
p-bnp	ng/l	Source	92283	30979
s-lzm	mg/l	Source	25726	12237
fs-ace	u/l	Source	33401	16522
s-igg4	g/l	Source	12289	7731
p-d-25	nmol/l	Source	93834	52011
b-eos	e9/l	PrimaryInjection	303014	50023
b-baso	e9/l	PrimaryInjection	276661	48537
b-ly	e9/l	PrimaryInjection	277902	48716
b-monos	e9/l	PrimaryInjection	277264	48639
b-neut	e9/l	PrimaryInjection	519015	62274
b-erblast	e9/l	PrimaryInjection	281661	48208
u-eryt	e6/l	PrimaryInjection	125560	45838
u-leuk	e6/l	PrimaryInjection	125395	45843
u-lier	e6/l	PrimaryInjection	127641	46074
u-levyep	e6/l	PrimaryInjection	126007	45634
u-pienep	e6/l	PrimaryInjection	125951	45681
b-retik	e9/l	PrimaryInjection	21579	9229
fp-fe	umol/l	Source	153434	57811
fp-transf	g/l	Source	158021	58678
fp-trfesat	%	Source	90986	33158
otettujenpurkkien/putkienlkm	u	PrimaryInjection	36443	25010
s-dmklots	umol/l	Source	9037	1053
s-klotsa	umol/l	Source	10184	1156
fp-ca	mmol/l	Source	61453	29770
s-dmklots	nmol/l	Source	15078	1559
s-klotsa	nmol/l	Source	41346	2727
s-iga	g/l	Source	37839	31215
s-igg	g/l	Source	22410	12159
u-bakt	estimate	Source	14083	7464
b-ph	ph	Source	39803	10092
b-pco2	kpa	Source	35551	9169
b-be	mmol/l	Source	27044	7577
b-po2	kpa	Source	35844	9220
b-thb	g/l	Source	11963	5390
cb-o2hb	%	Source	8903	4951
cb-to2c	ml/dl	Source	8900	4949
cb-laktaat	mmol/l	Source	12059	6481
s-ca(akt)	mmol/l	Source	98695	23101
p-etoh	mmol/l	Source	1054	814
s-dharipi	ug/l	Source	88	76
s-aridhas	ug/l	Source	87	76
s-aripi	ug/l	Source	115	88
erytroblastit	e9/l	Source	143996	35862
glomerulussuodosnopeus,estimo	ml/min/173m2	Source	69944	17874
p-ca19-9	u/ml	Source	27681	7934
eosinofiilit,absol.arvot	e9/l	Source	16122	7659
basofiilit,absol.arvot	e9/l	Source	15827	7500
monosyytit,absol.arvot	e9/l	Source	14835	6875
lymfosyytit,absol.arvot	e9/l	Source	17138	7784
lymfosyytit	%	Source	19120	9218
neutrofiilit	%	Source	25282	12196
neutrofiilit,absol.arvot	e9/l	Source	21975	10008
eosinofiilit	%	Source	17318	7969
basofiilit	%	Source	16756	7629
monosyytit	%	Source	18973	9116
b-bas	%	Source	15318	10580
b-eos	%	Source	25755	13999
b-ly	%	Source	20881	13401
b-monos	%	Source	21498	13861
b-neut	%	Source	25399	14842
s-epo	u/l	Source	5380	4248
p-vwf-ag	%	Source	3318	1668
p-kysc	mg/l	Source	55376	11893
p-vwf-akt	%	Source	4342	2308
p-urea	mmol/l	Source	173593	24058
s-tfr	mg/l	Source	77681	37320
s-c-pep-a	nmol/l	Source	2839	2247
fp-pth	ng/l	Source	133295	32768
p-psa-v	ug/l	Source	151538	47800
p-psa-suh	%	Source	118149	33696
s-ihovab	titre	Source	248	190
pt-gfrekce	ml/min/173m2	Source	850	427
l-ly	%	Source	142324	32564
l-meta	%	Source	6151	1881
u-suhti	kg/l	SecondaryCorrection	266510	73287
p-fe	umol/l	Source	2840	1754
p-tffesat	%	Source	2968	1611
ab-hbo2sat	%	Source	123741	26720
ab-po2	kpa	Source	394850	49700
ab-pco2	kpa	Source	395442	49728
ab-hbo2	%	Source	293979	28155
ab-ph	ph	Source	383652	47737
ab-be	mmol/l	Source	382418	47224
ab-hb-co	%	Source	287746	27580
ab-hb-met	%	Source	290833	27801
ab-ahco3	mmol/l	Source	102158	19561
ab-shco3	mmol/l	Source	51291	11088
ab-thb	g/l	Source	48641	10238
ap-k	mmol/l	Source	50274	10802
ap-na	mmol/l	Source	50270	10802
ap-laktaat	mmol/l	Source	49217	10418
s-kalsium,ionisoitunut,aktuaalinen	mmol/l	Source	12500	5936
s-kalsium,ionisoitunut,ph7.4korjattu	mmol/l	Source	6022	2174
fp-kolesteroli	mmol/l	Source	14065	10478
fp-kolesteroli,highdensitylipoproteiinit	mmol/l	Source	15477	11729
fp-triglyseridit	mmol/l	Source	17857	12915
fp-kolesteroli,lowdensitylipoprotein	mmol/l	Source	7970	4832
p-alkalinenfosfataasi	u/l	Source	26327	9379
fp-glukoosi	mmol/l	Source	22825	15616
s-d-vitamiini-25-oh	nmol/l	Source	6314	4705
fs-folaatti	nmol/l	Source	4763	4136
s-b12-vitamiini,transkobalamiiniii:eensitoutun	pmol/l	Source	1737	1407
b-hemoglobiini-a1c	mmol/mol	Source	57566	41252
p-prostataspesifinenantigeeni	ug/l	Source	5953	3990
p-tromboplastiiniaika	%	Source	2769	1788
p-amylaasi,haimaperäinen	u/l	Source	2841	1627
p-bilirubiini	umol/l	Source	14935	5194
p-glukoosi	mmol/l	Source	9345	5655
p-laktaattidehydrogenaasi	u/l	Source	3272	1025
p-transferriinireseptori	mg/l	Source	1449	928
fp-rauta	umol/l	Source	3856	2395
fp-transferriini	g/l	Source	3265	2050
fp-transferriininrautakyllästeisyys	%	Source	3193	2035
p-ferritiini	ug/l	Source	10171	6335
p-haptoglobiini	g/l	Source	2101	1731
s-ohkarba	umol/l	Source	4080	1659
10299	mmol/l	Source	25412	6499
11564	mmol/l	Source	22700	5852
s-li	mmol/l	Source	38223	2897
s-olants	nmol/l	Source	4003	1611
s-igm	g/l	Source	10874	7331
s-e2	nmol/l	Source	9988	6872
s-lh	u/l	Source	7218	5434
s-vzvabg	iu/l	Source	1366	1223
l-lymfosyytit	%	Source	69226	25088
l-monosyytit	%	Source	59710	20044
e-erytrosyytit,kokojakauma	%	Source	118883	23134
p-kolesteroli	mmol/l	Source	6602	5171
b-laktaatti,päivystystutkimus	mmol/l	Source	11297	3143
b-hemoglobiini-a1c	mmol/m	Source	7630	6862
u-suhteellinentiheys	1	Source	17812	10588
u-lieriöt	e6/l	Source	63293	27315
s-psa	ug/l	Source	89750	40367
s-psa-v	ug/l	Source	22261	10345
s-psa-suh	%	Source	15340	7847
fs-gluk	mmol/l	Source	17573	10869
b-baso	%	Source	10493	3578
b-hba1c	mmol/ml	Source	138	112
u-keto-o	estimate	SecondaryCorrection	56258	19867
s-hcrp	mg/l	Source	6474	5099
s-prog	nmol/l	Source	4208	2910
neutros	%	Source	18077	13209
lymfos	%	Source	18423	13251
monos	%	Source	27780	14669
basof	%	Source	18756	13271
eosin	%	Source	18337	13257
s-crp,herkkä	mg/l	Source	6628	5400
kolesteroli/hdl-suhde	ratio	Source	33800	25509
neutrofiilit,5-osa	%	Source	4342	3786
lymfosyytit,5-osa	%	Source	4342	3786
monosyytit,5-osa	%	Source	4342	3786
basofiilit,5-osa	%	Source	4342	3786
eosinofiilit,5-osa	%	Source	4342	3786
s-tshrab	iu/l	Source	8624	4778
p-t3-v	pmol/l	Source	82007	22260
s-b6-vit	nmol/l	Source	586	522
p-at3	%	Source	33377	11765
p-fibr	g/l	Source	39730	14238
p-trombai	s	Source	30572	12958
s-van	mg/l	Source	36557	5904
p-fviii.	%	Source	28767	11057
s-borrabg	responseequivalent/ml	Source	1756	1316
pt-gfreepi	ml/min/173m2	PrimaryInjection	98143	26719
p-crp/pika	mg/l	Source	5634	2510
pt-glomerulustensuodatusnopeus,estimoitu,ckd-epi-kaava	ml/min/173m2	Source	30449	14208
p-transferriininrautakyllästeisyys	%	Source	288	228
s-hbsab	miu/ml	Source	6910	5475
u-epit	e6/l	PrimaryInjection	1124	903
u-osmole	mosm/kgh2o	PrimaryInjection	1112	891
p-crp/pik	mg/l	Source	3425	2088
p-k	mmol/l	PrimaryInjection	5980	4595
du-kors-v	nmol/24h	SecondaryCorrection	2390	1663
ab-o2-vol	%	Source	247132	24275
ab-hb	g/l	Source	300767	29008
ab-o2sat	%	Source	241563	17558
ab-hco3-st	mmol/l	Source	258452	23131
b-hb/pika	g/l	Source	2428	1354
u-suhtih	kg/l	Source	46601	13721
fp-kol-hd	mmol/l	Source	95	93
b-pikacrp	mg/l	Source	2705	1093
s-ca-i7.4	mmol/l	Source	46811	14938
u-lieri?t	e6/l	Source	406	295
u-osmoe	mosm/kgh2o	Source	397	290
fb-leuk	e9/l	Source	405009	43658
l-ly	e9/l	Source	4253	1487
p-prealb	g/l	Source	19552	10947
se-bil	umol/l	Source	526	266
s-ca19-9	u/ml	Source	44400	12589
b-liuskat	e9/l	Source	28125	8521
l-liuskat	%	Source	31496	8829
p-fidd-o	mg/l	Source	13693	11090
p-krea+gfr,p-krea	umol/l	Source	5035	713
p-krea+gfr,pt-gfre-md	ml/min/173m2	Source	501	259
b-crp-pik	mg/l	Source	1356	714
p-sldl	mmol/l	Source	2968	946
p-psa-i	%	Source	188	101
p-krea+gfr,pt-gfre	ml/min/173m2	Source	4245	664
b-crp-pika	mg/l	Source	2088	858
baso	%	Source	50262	14274
eos	%	Source	64249	17996
b-bas	e9/l	Source	10535	1962
b-mono	e9/l	Source	69714	13430
neut	%	Source	74099	20296
lymf	%	Source	60704	17636
p-krea+gfrviitasaar,p-krea	umol/l	Source	258	171
p-krea+gfrviitasaar,pt-gfre	ml/min/173m2	Source	274	180
u-na	mmol/l	Source	8969	6362
u-osmol	mosm/kgh2o	Source	8677	6303
ab-gluk	mmol/l	Source	3963	2038
ab-o2-sis	%	Source	5099	2328
ab-laktaat	mmol/l	Source	5666	2555
ab-temp	°c	Source	3693	1667
b-tromb	e9/l	Source	398401	41193
rakkoaika	h	Source	61320	21509
u-epi	e6/l	Source	8723	2678
s-c3	g/l	Source	10614	6594
s-c4	g/l	Source	10445	6458
s-dnanab	kiu/l	Source	1144	691
s-dnanab	iu/ml	Source	3166	1496
p-c3	g/l	Source	14280	8409
p-c4	g/l	Source	13915	8197
s-cenp-ab	u/ml	Source	169	131
l-eosinofiilit	%	Source	47819	15437
l-basofiilit	%	Source	41629	13129
hdl/kol.	%	Source	13498	10874
u-ominp-h	kg/l	Source	12976	4982
p-b12-vit	pmol/l	Source	46377	30506
p-tsh	miu/l	Source	32584	9286
pt-gfre-cg	ml/min/173m2	Source	10063	4646
s-afp	ug/l	Source	2510	947
b-hba1c,tk	mmol/mol	Source	7907	2703
b-ghb-a1c,tk	%	Source	5304	2244
s-prealb	g/l	Source	35237	13869
u-kreat	mmol/l	Source	2903	1916
s-t4vvert	pmol/l	Source	12	12
e-erytbla	e9/l	Source	20590	2927
p-tromboplastiiniaika,inr-tulos	inr	Source	6341	1844
e-mcv(erytrosyytit,keskitilavuus)	fl	Source	26897	9397
b-hkr(erytrosyytit,tilavuusosuus)	ratio	SecondaryCorrection	39618	10768
p-albumiini	g/l	Source	7306	3926
kreatiniini	umol/l	Source	23927	9609
glomerulussuodosnopeus,estimoitu	ml/min/173m2	Source	46730	14340
p-pct	ug/l	Source	25252	13082
pt-gfre-md	ml/min/173m2	Source	29070	12969
e-erytrosyytit,tilavuus	fl	Source	30285	7146
e-hemoglobiini(massakonsentraatio)	g/l	Source	30325	7146
e-rdw,punasolujenkokojakauma	%	Source	25929	5188
p-transferriinireseptori,liukoinen	mg/l	Source	1328	1065
p-kolesteroli,lowdensitylipoproteiinit	mmol/l	Source	7255	5330
p-kolesteroli,highdensitylipoproteiinit	mmol/l	Source	3597	3009
l-basofiilisetleukosyytit	%	Source	10852	4587
b-basofiilisetleukosyytit	e9/l	Source	25298	9990
l-neutrofiilit,automaatio	%	Source	19277	7962
l-monosyytit,automaatio	%	Source	19276	7962
l-lymfosyytit,automaatio	%	Source	19279	7962
b-lasko	mm/h	Source	15430	9386
p-tromboplastiiniaika,inr-tulostus	inr	Source	38474	6196
p-myoglobiini	ug/l	Source	463	293
p-kreatiinikinaasi	u/l	Source	2764	1961
s-kalsium,ionisoitunut	mmol/l	Source	33415	14096
s-kortisoli	nmol/l	Source	572	275
s-follikkeliastimuloivahormoni	iu/l	Source	416	376
s-luteinisoivahormoni	iu/l	Source	178	157
p-adrenokortikotropiini	ng/l	Source	363	297
fp-parathormoni	ng/l	Source	3057	1611
p-troponiinit	ng/l	Source	9142	4471
fp-ammonium-ioni	umol/l	Source	148	85
p-magnesium	mmol/l	Source	1759	958
p-prokalsitoniini	ug/l	Source	1922	1204
u-erytrosyytit	e6/l	Source	29915	15576
u-levyepiteelisolut	e6/l	Source	8564	4928
u-pienetepiteelisolut	e6/l	Source	8457	4831
u-leukosyytit	e6/l	Source	20737	11106
-h-ind	index	Source	41188	12427
p-antifxa	iu/ml	Source	13789	4248
p-inr-pika	%	Source	3828	181
psa-v/psa	%	Source	38478	10471
ca++/7.40	mmol/l	Source	125957	31142
s-iglck-v	mg/l	Source	46921	14181
s-iglcl-v	mg/l	Source	46497	14154
s-k/l-s-v	ratio	Source	40285	12562
fs-ca-ion	mmol/l	Source	21952	10709
du-k	mmol	Source	2083	1711
du-na	mmol/24h	SecondaryCorrection	2785	2184
s-osmol	mosm/kgh2o	Source	4897	3277
s-probnp	ng/l	Source	2092	1753
fp-glukr0h	mmol/l	Source	948	876
p-glukr2h	mmol/l	Source	1601	1280
b-lap	mm/h	Source	2727	2271
leukosyytit	e9/l	Source	30962	9534
ihopisto	mmol/l	Source	4075	1972
b-inr-pik	inr	Source	5529	2407
p-antifxa	u/ml	Source	13166	4404
s-vzvabg	eiu	Source	3325	3086
li-eryt	e6/l	Source	11748	8026
li-leuk	e6/l	Source	11108	7754
s-enaab	u/ml	Source	3665	3149
-nt	mm	Source	16796	11556
s-hcgbv/d	ug/l	Source	19560	12572
hcgbvkmom	ratio	Source	21725	14633
pappakmom	ratio	Source	21814	14674
ntkmom	ratio	Source	21817	14673
non-hdl-kolesteroli(-non-hdl)	mmol/l	Source	432	409
s-kysc	mg/l	Source	5489	2476
fs-pi	mmol/l	Source	1919	1412
fs-urea	mmol/l	Source	682	514
p-acth	ng/l	Source	10007	6288
s-igf1	nmol/l	Source	9729	3956
p-crp-o	mg/l	Source	38607	20280
l-mon	%	Source	14834	4101
b-erblas	e9/l	Source	2889	1624
s-mypnabg	au/ml	Source	2276	2112
s-chpnabg	u/ml	Source	1518	1335
s-chpnaba	u/ml	Source	1649	1441
b-crpp	mg/l	Source	6753	4557
b-erytp	e12/l	Source	7635	4767
b-hbp	g/l	Source	6699	4248
b-leukp	e9/l	Source	7467	4618
pt-lämpöt	°c	Source	66474	12754
p-laktaat	mmol/l	Source	21546	7393
vb-hb-met	%	Source	62766	19932
vb-shco3	mmol/l	Source	21021	6904
vb-thb	g/l	Source	31104	11285
du-prot	mg	Source	10744	4160
u-epiteelisolut	e6/l	Source	22076	10372
fp-glukoosi,paastonäyte	mmol/l	Source	9610	8085
e-hemoglobiini,keskimassa	pg	Source	57789	25348
fb-leukosyytit	e9/l	Source	53953	21331
lieriöt	e6/l	Source	26897	13834
p-laktaatti	mmol/l	Source	11624	4522
pt-lämpötila	°c	Source	15538	5209
vb-emäsylimäärä	mmol/l	Source	15765	6177
vb-hiilimonoksidi-hb	%	Source	11081	4230
vb-methemoglobiini	%	Source	11728	4525
vb-standardibikarbonaatti	mmol/l	Source	13754	5394
vb-kokonaishemoglobiini,verikaasuanalysaattorista	g/l	Source	11985	4647
p-kalsium-ioni,aktuaali	mmol/l	Source	15119	4962
p-kalsium,ionisoitunut	mmol/l	Source	11149	4229
b-trombos	e9/l	Source	2827	641
-l-ind	index	Source	15089	4295
b-erytrosyyttientilavuusosuus	%	SecondaryCorrection	6319	3291
fp-ca-ion.	mmol/l	Source	22635	4053
u-albumiini(kval)	estimate	Source	10494	6324
u-asetoniaineet(kval)	estimate	Source	16819	9305
u-erytrosyytit(kval)	estimate	Source	9326	5533
u-glukoosi(kval)	estimate	Source	14787	8413
u-leukosyytit(kval)	estimate	Source	11845	7411
u-nitriitti(kval)	estimate	Source	14979	8749
s-alb	g/l	Source	24325	17117
s-ca	mmol/l	Source	19207	15153
s-ca-albk	mmol/l	Source	9053	7093
s-non-hdl	mmol/l	Source	51	49
s-c-reaktiivinenproteiini,herkkä	mg/l	Source	813	739
b-cr	ug/l	Source	3297	1793
b-co	ug/l	Source	3760	1968
p-fsh	u/l	Source	10179	7572
napika	mmol/l	Source	2233	1427
kpika	mmol/l	Source	2236	1430
glukpika	mmol/l	Source	2164	1393
kreapika	umol/l	Source	1573	1153
leukpika	e9/l	Source	794	477
hbpika	g/l	Source	1101	831
l-neutrofiilit␤	%	Source	9786	2567
l-lymfosyytit␤	%	Source	10981	2687
l-monosyytit␤	%	Source	10999	2703
l-eosinofiilit␤	%	Source	9786	2567
l-basofiilit␤	%	Source	11095	2766
b-lymfosyytit␤	e9/l	Source	9792	2567
b-monosyytit␤	e9/l	Source	9790	2567
s-desmetyyliklotsapiini	nmol/l	Source	1808	424
klotsapiini	nmol/l	Source	694	169
s-b-hcg/d	ug/l	Source	39	38
s-afp/d	u/ml	Source	226	222
b-ghba1c/p	%	Source	506	221
vb-o2sat	%	Source	36026	10443
vb-hbo2	%	Source	32681	9444
vb-o2-vol	%	Source	15588	4778
u-alb-mi	mg/l	Source	7488	2787
b-hba1c-p	mmol/mol	Source	864	329
fp-kol-ind	mmol/l	Source	5096	3107
p-glukoma	mmol/l	Source	17	16
u-albumiinimikroalbuminuriamg/l(u-albkre)	mg/l	Source	1114	762
u-kreatiniinimmol/l(u-albkre)	mmol/l	Source	1616	1116
b-hemoglobiini-a1c,(mmol/mol)pika,hoitoyksiköt	mmol/mol	Source	272	145
s-psa-t	ug/l	Source	35874	8704
s-psa-v/t	%	Source	13331	4289
s-prostataspesifinenantigeeni,kokonais	ug/l	Source	5063	3014
s-prostataspesifinenantigeeni,vapaa/kokonais-suhde	%	Source	1147	624
s-prostataspesifinenantigeeni,vapaa	ug/l	Source	1170	737
fb-folaat	nmol/l	Source	2990	2574
s-p-ancif	titre	Source	759	602
prealb	g/l	Source	1797	1551
b-6-tgn	pmol/02ml	Source	368	250
b-6-me-mp	pmol/02ml	Source	345	242
s-afsuol2	u/l	Source	1070	918
s-afsuol3	u/l	Source	1075	923
s-afluust	u/l	Source	3036	2444
s-afmaksa	u/l	Source	2958	2377
s-afsuol1	u/l	Source	1064	914
s-afmakro	u/l	Source	2842	2281
p-hcyst	umol/l	Source	4296	3090
s-pr3ab	iu/ml	Source	2324	406
-calpro	mg/l	Source	368	226
s-pr3ab	iu/ml	PrimaryInjection	950	185
s-ana	titre	PrimaryInjection	3183	2461
s-p-ancif	titre	PrimaryInjection	452	385
pt-gfreep	ml/min/173m2	Source	12674	2687
pt-glomerulussuodusnopeus,estimoitu,ckd-epi-kaava	ml/min/173m2	Source	15425	4819
crp-pika	mg/l	Source	8483	3779
hba1c-pika	mmol/mol	Source	1442	213
gluk-pika	mmol/l	Source	1867	759
p-ca12-5	u/ml	Source	29714	9668
b-retind	%	SecondaryCorrection	10970	4943
fp-pth	pmol/l	Source	30492	8782
cb-bil	umol/l	Source	331	151
retikulosyyttienkeskimääräine	pg	Source	1047	552
u-alb/kre	mg/mmol	Source	2591	1381
s-rf	kiu/l	Source	4039	3478
u-prot	g/l	Source	14385	4047
-hdl/kol.	%	Source	4592	3361
fs-ca-ion/ph7.40	mmol/l	Source	27031	10626
s-valpr	umol/l	Source	35814	6487
s-fsh	iu/l	Source	16507	12859
b-hba1c	%	PrimaryInjection	70	65
s-crp-o	mg/l	PrimaryInjection	542	288
p-tnt	ng/l	PrimaryInjection	12	9
s-crp-o	mg/l	Source	3728	2164
p-k-ses	mmol/l	Source	571	149
p-na-ses	mmol/l	Source	454	141
b-kreases	umol/l	Source	446	142
psa-v/psa-suhde	%	Source	2697	1883
s-shbg	nmol/l	Source	29338	16150
s-d-1,25	pmol/l	Source	5368	4498
s-testovl	pmol/l	Source	14466	8363
fs-sappih	umol/l	Source	5416	3273
s-ihotab	titre	Source	300	186
s-ihotab	titre	PrimaryInjection	70	42
pt-gfrekce	ml/min/173m2	PrimaryInjection	7321	2563
s-antitry	g/l	Source	6550	6051
s-bil	umol/l	Source	15103	11519
s-fsh	iu/l	PrimaryInjection	4538	3394
s-hs-crp	mg/l	Source	8488	3781
s-hepyaba	u/ml	Source	4133	3904
s-hepyabg	u/ml	Source	5363	4927
s-ngkokonaiskolesteroli	mmol/l	Source	265	244
s-vldl-kolesteroli	mmol/l	Source	265	244
s-ldl-kolesteroli	mmol/l	Source	265	244
s-hdl-kolesteroli	mmol/l	Source	265	244
s-triglyseridit	mmol/l	Source	362	335
s-kokonaisrasvahapot	mmol/l	Source	264	243
s-omega-3-rasvahapot	mmol/l	Source	265	244
s-omega-6-rasvahapot	mmol/l	Source	258	238
s-monityydyttymättömätrasvahapot	mmol/l	Source	255	237
s-kertatyydyttymättömätrasvahapot	mmol/l	Source	263	242
s-tyydyttyneetrasvahapot	mmol/l	Source	265	244
s-dokosaheksaeenihappo	mmol/l	Source	256	237
s-omega-3-rasvahappojensuhdekokonaisrasvahappoi	%	Source	264	243
s-omega-6-rasvahappojensuhdekokonaisrasvahappoi	%	Source	258	238
s-monityydyttymättömienrasvahappojensuhdekokon	%	Source	255	237
s-kertatyydyttymättömienrasvahappojensuhdekoko	%	Source	263	242
s-tyydyttyneidenrasvahappojensuhdekokonaisrasv	%	Source	264	243
s-dokosaheksaeenihaponsuhdekokonaisrasvahappoih	%	Source	255	236
s-apolipoproteiinib	g/l	Source	265	244
s-apolipoproteiinia1	g/l	Source	265	244
s-alaniini	mmol/l	Source	265	244
s-glysiini	mmol/l	Source	265	244
s-histidiini	mmol/l	Source	263	242
s-haaraketjuistenaminohappojen(leusiini+isole	mmol/l	Source	264	243
s-isoleusiini	mmol/l	Source	265	244
s-leusiini	mmol/l	Source	264	243
s-valiini	mmol/l	Source	265	244
s-fenyylialaniini	mmol/l	Source	265	244
s-tyrosiini	mmol/l	Source	265	244
s-glukoosi	mmol/l	Source	265	244
s-laktaatti	mmol/l	Source	262	241
s-kreatiniini	umol/l	Source	671	590
s-albumiini	g/l	Source	780	718
s-glykoproteiininasetylaatio	mmol/l	Source	265	244
s-sydäntautiriski	%	Source	265	244
s-tyypin2diabetesriski	%	Source	265	244
s-pölyer	u/ml	Source	16452	14761
u-albkrea	mg/mmol	Source	10590	5828
b-hkr	l/l	Source	3192	1357
b-pvk+t	pg	Source	2769	1056
b-pvk+t	g/l	Source	2746	1045
b-pvk+t	%	Source	16282	6426
b-pvk+t	e9/l	Source	4647	2374
p-uraat	mmol/l	Source	2892	1310
nu-albkre	mg/mmol	Source	438	433
s-hepyabg	index	PrimaryInjection	371	337
s-adalimu	mg/l	Source	1976	957
s-adali	mg/l	Source	1092	670
l-sauvat	%	Source	3136	1179
s-morbabg	titre	Source	300	299
s-aldos	pmol/l	Source	5247	4086
p-reninm	mu/l	Source	7367	4727
-trfesat	%	Source	54482	24252
s-prlrec	%	Source	2573	1816
s-prlbio	mu/l	Source	2538	1785
p-fviii	%	Source	4775	3427
p-tt-spa	%	Source	444	394
p-aptaika	s	Source	136	121
p-fv	%	Source	6909	2891
p-fvii	%	Source	1816	1549
p-fii	%	Source	877	787
p-fx	%	Source	914	780
p-fxiii	%	Source	2085	1172
l-eosonofiilit	%	Source	5793	2919
fp-kolesteroli,lowdensitylipoproteiinit	mmol/l	Source	4759	4086
f-kalprotektiini,ulosteesta	ug/g	Source	456	353
adalimumabi	mg/l	Source	126	103
p-gluk-po	mmol/l	Source	820	282
p-crp-hy	mg/l	Source	9224	5366
s-koriongonadotropiini-b-alayksikkö,vapaa	ug/l	Source	136	134
s-plasmaproteiinia,raskauteenliittyvä	mu/l	Source	1756	1685
b-ghba1c	%	Source	3607	2426
0hp-gluk	mmol/l	Source	837	614
e-redcelldistributionwidth	%	Source	2647	1229
s-ruokaer	u/ml	Source	1309	1256
s-emaba	titre	PrimaryInjection	67	61
s-pölyer	form	Source	59	55
mxd	%	Source	14329	2927
ly	%	Source	10737	2008
lymängd	e9/l	Source	10721	1994
b-vthba1c	mmol/mol	Source	1184	346
b-fidd	mg/l	Source	1817	1411
cp-glucos	mmol/l	Source	3564	651
cp-crp	mg/l	Source	2411	889
cb-leuk	e9/l	Source	915	541
p-rf	iu/ml	PrimaryInjection	3126	2851
s-ebvabg	u/ml	Source	7501	6224
glomerulussuodosnopeus,estimoitu,ckd-epi-kaava	ml/min/173m2	PrimaryInjection	1260	802
l-basofiilit,automaatio	%	Source	10670	4042
l-eosinofiilit,automaatio	%	Source	10670	4042
b-erytroblastit,absoluuttiset,automaattidiffi	e9/l	Source	6511	3831
fb-b6-vit	nmol/l	Source	808	616
s-tpoab	iu/ml	Source	9621	8132
u-suhti-o	ratio	Source	47144	10380
u-hyalier	e6/l	Source	11469	4232
u-osmoest	mosm/kgh2o	Source	31197	8629
u-muulier	e6/l	Source	11537	4270
s-tpoab	u/ml	Source	5058	4496
crp,tk	mg/l	Source	13302	4161
l-ly␤	%	Source	1080	195
b-eos␤	e9/l	Source	1006	195
b-neut␤	e9/l	Source	1046	197
e-rdw␤	%	Source	7944	949
b-ly␤mf	e9/l	Source	784	169
b-monos␤	e9/l	Source	1067	196
b-crp-o	mg/l	Source	4403	1772
s-cmvabg	u/ml	Source	2769	2139
s-pm-skleroderma,vasta-aineet	u/ml	Source	46	44
s-rnapolymeraasiiii,vasta-aineet	u/ml	Source	12	10
fs-fe	umol/l	Source	41766	20125
s-pölyryh	u/ml	Source	228	225
s-koivue	u/ml	Source	6650	5764
s-leppäe	u/ml	Source	196	194
s-pujoe	u/ml	Source	4817	4396
s-kissae	u/ml	Source	2267	2141
s-koirae	u/ml	Source	2297	2167
s-eläiner	u/ml	Source	220	218
-liik.pr	%	Source	4165	1283
-liik.np	%	Source	4158	1282
-liik.im	%	Source	4159	1283
-siitt.	e6/ml	Source	1198	651
-pes.jäl	e6/ml	Source	499	278
-pes.til	ml	Source	1411	688
p-ca12-5antigeeni	u/ml	Source	689	313
s-ifx	mg/l	Source	1242	391
s-infli	mg/l	Source	4337	1375
basofiilitosuus	%	Source	4363	3496
eosinofiilit,osuus	%	Source	2988	2584
lymfosyytitosuus	%	Source	4362	3496
monosyytitosuus	%	Source	4362	3496
neutrofiilit,osuus	%	Source	2989	2585
p-pc	%	Source	7162	6450
p-ps-agv	%	Source	5702	5076
p-tt.	%	Source	5628	4956
p-kardabg	u/ml	Source	4443	3480
p-at3.	%	Source	4852	4357
p.-trombai	s	Source	5497	4867
-eryt	e6/l	PrimaryInjection	433	377
-leuk	e6/l	PrimaryInjection	446	388
s-afsuoli	u/l	Source	189	160
s-afmaks1	u/l	Source	199	173
s-afmaks2	u/l	Source	205	180
cu-alb	ug/min	Source	7165	3790
am-epo	u/l	Source	267	198
am-lamel	e9/l	Source	266	186
s-hcgbvtr	ug/l	Source	1332	1081
s-timotee	u/ml	Source	5952	5426
s-kisshie	u/ml	Source	3975	3693
s-koirhie	u/ml	Source	3964	3687
s-dpteroe	u/ml	Source	5401	4923
fp-k	mmol/l	Source	4399	1405
fp-na	mmol/l	Source	6047	1562
b-ly/abs	e9/l	Source	2103	642
b-mo/abs	e9/l	Source	2103	642
b-ba/abs	e9/l	Source	2103	642
b-neu/abs	e9/l	Source	2097	641
s-tshrefl	mu/l	Source	1735	921
s-epo	iu/l	Source	2352	1860
b-lymfosyytit,abs	e9/l	Source	2753	2325
albumiininjakreatiininsuhde(virtsa)	mg/mmol	Source	691	438
fosfatidyylietanoli	umol/l	Source	1540	977
erytrosyytit	e6/l	Source	5537	3680
osmolaliteetinestimaatti	mosm/kgh2o	Source	5740	3841
epiteelit	e6/l	Source	5125	3355
e-erytrosyyttienkeskitilavuus	fl	Source	7549	3786
b-erytrosyyttientilavuusosuus	%	Source	7609	3811
b-leukosyytit	e9/l	PrimaryInjection	7701	3901
b-trombosyytit	e9/l	PrimaryInjection	7614	3844
s-alaniiniaminotransferaasi	u/l	Source	1811	1384
s-alkalinenfosfataasi	u/l	Source	368	316
s-aspartaattiaminotransferaasi	u/l	Source	554	477
s-tyreotropiini	mu/l	Source	576	424
fs-kolesteroli	mmol/l	Source	3805	2743
fs-kolesteroli,highdensitylipoproteiinit	mmol/l	Source	3702	2633
fs-kolesteroli,lowdensitylipoproteiinit	mmol/l	Source	3671	2633
fs-triglyseridit	mmol/l	Source	3358	2452
s-immunoglobuliinia	g/l	Source	447	437
s-kudostransglutaminaasi,igavasta-aineet	eliau/ml	PrimaryInjection	10	10
s-gliadiinipeptidit,deamidoidut,igavasta-aineet	eliau/ml	PrimaryInjection	8	8
s-lh	iu/l	PrimaryInjection	2743	2000
s-hevohie	u/ml	Source	3215	2984
s-clahere	u/ml	Source	2058	1936
-i-ind	index	Source	9851	2548
pd-leuk	e6/l	Source	1688	157
-pr+np	%	Source	1415	1060
-tilav.	ml	Source	1705	1232
-s.yht.	e6	Source	660	520
-pyör.s.	e6/ml	Source	664	508
21622	ug/l	Source	16261	821
s-mg-ion	mmol/l	Source	4664	1644
21904	ml/min/173m2	Source	889	521
21623	ug/l	Source	378	43
b-tacroms	ug/l	Source	48502	1680
b-siroms	ug/l	Source	1286	74
p-prl	mu/l	Source	10459	6296
s-hcgbv	ug/l	Source	3401	2620
s-ucrp	mg/l	Source	3232	1929
s-osacdt	mg/l	Source	4577	2971
s-osacdtr	g/l	Source	4462	2886
-hdl/kol	%	Source	3487	2708
f-elast1	ug/g	Source	12912	9124
p-zn	umol/l	Source	3564	2229
oma-crp	mg/l	Source	20742	9966
s-igg1	g/l	Source	6811	4912
s-igg2	g/l	Source	6797	4906
s-igg3	g/l	Source	6772	4885
s-igg-sum	g/l	Source	1911	1317
u-k	mmol/l	Source	3543	2631
b-jak2-d	form	Source	139	138
p-he4	pmol/l	Source	2505	1864
p-hcg	u/l	Source	13156	6011
s-inhibb	ng/l	Source	1571	676
s-amh	ug/l	Source	9455	7269
ts-padendo	form	Source	1320	1064
p-c-pepta	nmol/l	Source	1962	1466
p-b2gpabm	u/ml	Source	430	365
p-b2gpabg	u/ml	Source	3896	3129
p-kardabg	gpl	Source	1101	954
p-kardabm	mpl	Source	1111	943
b-fii-d	form	Source	138	135
b-fv-d	form	Source	139	136
p-luakrvv	ratio	Source	3188	2799
p-luakptt	ratio	Source	3216	2823
p-ps	%	Source	1642	1573
p-laaptct	form	Source	34	28
oma-gluk	mmol/l	Source	18579	2917
fs-a-vit	umol/l	Source	4431	2138
fs-e-vit	umol/l	Source	4208	2027
p-gluk0	mmol/l	Source	205	181
p-gluk120	mmol/l	Source	1668	1154
crpvieri	mg/l	Source	4875	2439
tntvieritesti,terveyskeskuksille	ug/l	Source	16	15
mono	%	Source	55475	16827
baso	e9/l	Source	38246	9555
lymf	e9/l	Source	20594	8762
mono	e9/l	Source	24500	9207
s-prostataspesifinenantigeeni,vapaa/totaali	%	Source	4124	2203
u-suhti	kg/l	Source	41398	12717
b-leuc	e9/l	Source	4054	1241
b-crp-v	mg/l	Source	1837	882
p-gluk-vt	mmol/l	Source	7874	4061
cu-alb-mi	ug/min	Source	7258	3624
s-haptog	g/l	Source	11466	7369
tffesat	%	Source	3628	2483
alkalinenfosfataasi,kokonaispitoisuus	u/l	Source	80	77
alkalinenfosfataasi,maksaperäinenisoentsyymi	%	Source	76	73
alkalinenfosfataasi,luustoperäinenisoentsyymi	%	Source	76	73
u-leuk	u/field	Source	1777	996
u-eryt	u/field	Source	2590	1567
u-levyepi	u/field	Source	1272	519
s-he4	pmol/l	Source	11193	7961
b-lymf	%	Source	4438	972
b-neutabs	e9/l	Source	5500	1117
b-crp	mg/l	Source	5715	2939
5389	mmol/l	Source	503	191
5401	g/l	Source	503	191
cb-o2-sis	%	Source	7701	3192
happisisältö,kapillaariveri	%	Source	4807	1973
happamuusaste,kapillaariveri	ph	Source	1579	692
bikarbonaatti(aktuaali),kapillaariveri	mmol/l	Source	1757	737
hemoglobiini(totaali),kapillaariveri	g/l	Source	1664	694
u-epiteelit	e6/l	Source	2832	1785
s-digoks	nmol/l	Source	22036	6851
u-bakt	e6/l	Source	12886	3692
p-psa-t	ug/l	Source	11083	2276
fs-c-pept	nmol/l	Source	15082	6526
cb-ahco3	mmol/l	Source	17595	6058
ab-o2-sis	ml/l	Source	413	284
ap-gluk	mmol/l	Source	1509	778
ap-cl	mmol/l	Source	271	208
ap-ca-ion	mmol/l	Source	1484	747
vb-o2-sis	ml/l	Source	15633	5643
vp-gluk	mmol/l	Source	10893	4605
vp-laktaat	mmol/l	Source	10894	4608
vp-k	mmol/l	Source	10893	4607
vp-na	mmol/l	Source	10896	4608
vp-cl	mmol/l	Source	10892	4604
vp-ca-ion	mmol/l	Source	10809	4527
e-mch	pg/cell	Source	21286	2115
u-epitel	/sunf	Source	1316	494
u-bakt.	/sunf	Source	514	304
u-leuk	/sunf	Source	802	406
b-cya	ug/l	Source	25550	1227
b-cya-ms	ug/l	Source	33133	1159
l-gran	%	Source	1843	1376
l-mid	%	Source	1593	1205
s-mg	mmol/l	Source	5614	4559
bmind	kg/m2	Source	2204	2105
painom	kg	Source	167	149
b-hkr	fl	Source	7243	5160
b-ghb-a1c	mmol/mol	Source	2058	863
e-rdv	%	Source	3952	1414
-probnppoc	ng/l	Source	17	14
l-eos-m	%	Source	7193	2165
l-baso-m	%	Source	6599	1999
l-monos-m	%	Source	6378	1933
l-lymf-m	%	Source	6498	1963
l-neut-m	%	Source	7115	2165
p-inr-vt	inr	Source	10342	2545
11821	mosm/kgh2o	Source	465	259
s-kalsium,ionisoitunut,ph7.4-korjattu	mmol/l	Source	14759	5864
s-kalsium,ionisoitunut,aktuaali	mmol/l	Source	14573	5981
p-gluk,tk	mmol/l	Source	7423	2699
cu-vm	ml	Source	2761	1052
fp-ohbutyr	mmol/l	Source	47	41
fb-nh4-ion	umol/l	Source	298	152
0mgluk	mmol/l	Source	2692	1820
60mgluk	mmol/l	Source	1176	709
120mgluk	mmol/l	Source	1305	814
s-gadab	ru	Source	444	404
s-tsh-abr	mu/l	Source	2402	947
s-t3-v	pmol/l	Source	18333	8176
s-lh	iu/l	Source	5757	4462
s-prl	miu/l	Source	1647	1529
p-lh	u/l	Source	4718	3575
sy-leuk	e6/l	Source	11367	7603
sy-eryt	e6/l	Source	3557	2630
sy-ly	%	Source	1170	907
sy-neut	%	Source	1432	1026
sy-leukmuu	%	Source	984	760
p-kalsium,alb.korjattu	mmol/l	Source	1368	1212
p-uraatti	umol/l	Source	6899	4531
p-reumafaktori	iu/ml	Source	1339	1210
u-albumiininjakreatiniininsuhde	mg/mmol	Source	4773	3807
p-supar	ug/l	Source	351	287
du-ca	mmol/24h	SecondaryCorrection	13639	7669
us-tsh	mu/l	Source	415	415
uv-pco2	kpa	Source	142	134
uv-po2	kpa	Source	140	132
uv-hco3-st	mmol/l	Source	71	71
ua-pco2	kpa	Source	394	381
ua-po2	kpa	Source	383	370
ua-be	mmol/l	Source	437	425
ua-hco3-st	mmol/l	Source	359	352
p-bil-lap	umol/l	Source	1420	378
cb-be	mmol/l	PrimaryInjection	1221	508
vb-be	mmol/l	PrimaryInjection	1220	821
s-maitoe	u/ml	Source	1316	1113
s-kaseiie	u/ml	Source	252	200
fs-ph	ph	Source	31412	9164
pf-eos	%	Source	1318	992
pf-leukmuu	%	Source	383	316
pf-neut	%	Source	1292	974
pf-ly	%	Source	490	394
p-inr-hy	inr	Source	20568	570
ap-lakt	mmol/l	Source	1456	704
p-laite	ug/l	Source	106	85
s-aldol	u/l	Source	3329	2297
pika-crp-o	mg/l	Source	1103	473
u-sakka,eryt	u/field	Source	1246	650
u-sakka,leuk	u/field	Source	1087	621
u-amyl	u/l	Source	2762	2222
cb-emäsylimäärä	mmol/l	Source	10678	4894
cb-standardibikarbonaatti	mmol/l	Source	10798	4935
p-etanoli	promille	Source	155	118
l-leukosyytit,eosinofiiliset,mikroskopointi	%	Source	1514	623
l-leukosyytit,basofiiliset,mikroskopointi	%	Source	1517	621
l-monosyytit,mikroskopointi	%	Source	1521	634
l-lymfosyytit,mikroskopointi	%	Source	1513	626
l-neutrofiilit,mikroskopointi	%	Source	1582	668
s-hbsab	miu/ml	PrimaryInjection	446	410
vb-happamuusaste	1	Source	2209	1153
leuk-pika	e9/l	Source	978	751
hb-pika	g/l	Source	1803	1116
p-c1inhbk	%	Source	1419	1176
u-epiteelisolut,osatutkimus	e6/l	Source	116	88
u-lieriöt,osatutkuf1000	e6/l	Source	111	84
u-osmolaliteettilaskennallinenosatutkuf1000	mosm/kgh2o	Source	110	83
u-erytrosyytit,osatutkimus	e6/l	Source	94	73
p-psasäde	ug/l	Source	1491	327
s-ohkloro	umol/l	Source	125	75
b-tacro	ug/l	Source	45362	1346
fs-transf	g/l	Source	27916	14053
fs-trfesat	osuus	Source	11287	5131
11616	ug/l	Source	3186	112
ab-ca-i7.4	mmol/l	Source	52168	8286
b-k	mmol/l	Source	59422	9339
b-na	mmol/l	Source	59360	9287
ab-ca-ion	mmol/l	Source	52238	8311
b-cl	mmol/l	Source	51262	8022
b-angap	mmol/l	Source	51115	8019
b-takrolimuusi,massaspektrometrinen	ug/l	Source	2366	177
p-cmvnh	iu/ml	Source	7131	1247
b-hba1c	mmol/m	Source	2831	2419
b-takrolimuusi,massaspektrometrinen	âug/l	Source	127	67
s-prostataspesifinenantigeeni,vapaa/kokonais-su	%	Source	471	395
b-trveadp	pru	Source	435	286
s-kalsium-ioni.aktuaali	mmol/l	Source	9670	3152
virtsansolujenhl7-siirtoon	e6/l	Source	5551	3095
pt-glomerulussuodosnopeus,estimoitu	ml/min/173m2	PrimaryInjection	449	402
l-bas	%	Source	9107	2470
s-norklot	nmol/l	Source	24898	1119
s-paroks	ug/l	Source	11	7
s-klona	nmol/l	Source	73	32
s-lamotri	umol/l	Source	2480	1195
s-halop	ug/l	Source	56	33
s-ketiap	nmol/l	Source	678	419
s-aripipr	ug/l	Source	156	91
ab-o2hb	%	Source	1876	624
ab-to2c	ml/dl	Source	1861	616
b-temp	°c	Source	5254	1663
basofiilit-osuus	%	Source	1195	1030
eosinofiilit-osuus	%	Source	1200	1034
lymfosyytit-osuus	%	Source	2168	1877
monosyytit-osuus	%	Source	2103	1824
neutrofiilit-osuus	%	Source	2116	1835
s-hcg	u/l	Source	5909	2784
p-il2r	u/ml	Source	7240	2819
s-toxoabg	iu/ml	PrimaryInjection	274	259
s-vzvabg	index	PrimaryInjection	460	432
p-aboabam	titre	PrimaryInjection	236	72
p-aboabbm	titre	PrimaryInjection	212	74
ly-cd4-t	%	Source	4573	2061
b-t-cd4	e9/l	PrimaryInjection	2025	1221
b-fidd-vt	mg/l	Source	1309	1233
u-pbg	umol/l	Source	248	212
u-alb/kre	g/mol	Source	142	67
plasmanc-reaktiivinenproteiiniosoitus	mg/l	Source	3244	2012
p-kalium,paikallisanalytiikka,kuivakemia	mmol/l	Source	2353	1304
p-kreatiniini,paikallisanalytiikka,kuivakemiap-kreatiniini,paikallisanalytiikka,kuivakemia	umol/l	Source	760	412
p-natrium,paikallisanalytiikka,kuivakemia	mmol/l	Source	2325	1296
s-ld	u/l	Source	5177	2356
li-cxcl13-kemokiinipitoisuus	ng/l	Source	13	12
e-rdw,osatutkimus(19976e-rdw)	%	Source	1577	975
b-erybla,osatutkimus(19978b-erybla)	e9/l	Source	1575	975
trombosyytit/pvk	e9/l	Source	7289	3096
kolesteroli/lipidit(4515fp-kol/lipidit),osatutkimus	mmol/l	Source	68	68
kolesteroli,highdensity/lipidit(4516fp-hdl-kol/lipidit),osatutkimus	mmol/l	Source	57	57
triglyseridit(4568trigly)/lipiditosatutkimus	mmol/l	Source	56	56
kolesteroli,lowdensitylipoproteiinit(ldl)/lipidit(4599fp-kol-ldl/lipidit),osatutkimus	mmol/l	Source	258	237
kreatiniini(4600p-krea)	umol/l	Source	2046	1166
glomerulussuodosnopeus,estimoitu(6354pt-gfre)	ml/min/173m2	Source	2051	1170
b-ghb-a1c	%	PrimaryInjection	473	225
p-aptt	s	PrimaryInjection	447	416
p-tromboblastiiniaika	%	Source	559	385
s-borrabm	au/ml	Source	3381	2845
li-alb	mg/l	Source	3717	3440
li-eryt	e6/l	PrimaryInjection	3040	2096
li-igg	mg/l	Source	3935	3387
li-leuk	e6/l	PrimaryInjection	3046	2096
li-igg/alb	osuus	Source	2035	1901
li-igg-ind	ratio	SecondaryCorrection	3740	3497
li-/s-alb	mg/g	Source	1128	1049
s-mpoabg	iu/ml	PrimaryInjection	686	141
b-hemoglobiini-a1c,glykoitunut	%	Source	455	397
p-triglyseridit	mmol/l	Source	3818	3211
ab-be	mmol/l	PrimaryInjection	852	545
p-osmol	mosm/kgh2o	Source	493	279
p-k-na	mmol/l	Source	594	240
s-estdiol	nmol/l	Source	654	351
l-erblast	u/100leuk	Source	1310	416
l-blast	%	Source	5230	1673
eryt	e6/l	Source	10099	5926
u-epilevy	e6/l	Source	15933	8471
u-epipien	e6/l	Source	17719	9124
s-c-peptidiaterianjälkeen	nmol/l	Source	150	140
u-leukbv	e6/l	Source	3982	1601
u-baktbv	e6/l	Source	3962	1595
e-erytrosyytit,kokojakaumaprosentti	%	Source	24548	4543
pt-glomerulussuodosnopeus,ckd-epi-kaava	ml/min/173m2	Source	26884	6303
p-prostataspesifinenantigeeni,kokonais	ug/l	Source	726	569
u-bakteerit	e6/l	Source	1692	855
u-happamuusaste(kval)	form	Source	2904	1485
u-leukosyytit,virtsatieinfektionseulonta	e6/l	Source	1103	677
u-bakteerit,virtsatieinfektionseulonta	e6/l	Source	1096	673
cp-c-reaktiivinenproteiini,ihopiston,hoitoyksikössä	mg/l	Source	1820	1057
b-neutrofiilit,lukumäärä	e9/l	Source	3101	938
e-retikulosyytit	%	Source	3814	1764
s-b2miglo	mg/l	Source	5768	3253
s-toxoavi	index	Source	45	44
albumiini,proteiinifraktio	g/l	Source	558	324
beeta-1	g/l	Source	904	437
gamma	g/l	Source	902	435
alfa-1	g/l	Source	903	436
alfa-2	g/l	Source	907	438
beeta-2	g/l	Source	903	436
ph(akt)	ph	Source	9848	4853
kalsium,ionisoitunut(7.4)	mmol/l	Source	9844	4853
blastit	%	Source	1012	464
promyelosyytit	%	Source	1006	463
myelosyytit	%	Source	1008	462
metamyelosyytit	%	Source	999	457
retikulosyytit,tuotantoindeksi	osuus	Source	920	523
kalsium,ionisoitunut(akt)	mmol/l	Source	3674	1832
b-eosinofiilit,lukumäärä	e9/l	Source	2814	895
p-antifaktorix-aktiivisuus	iu/ml	Source	39	15
kalsium,ionisoitunut(s-)	mmol/l	Source	1680	1258
s-d3-25	nmol/l	Source	2269	1495
s-d-25-32	nmol/l	Source	1945	1211
p-kalsium,albumiinikorjattu	mmol/l	Source	8638	6505
p-fix	%	Source	1416	1088
p-fibr	g/l	PrimaryInjection	117	90
p-fxii	%	Source	366	279
p-fxi	%	Source	395	291
du-alb	mg/24h	Source	544	408
du-iglck	mg	Source	481	209
fp-gluk	mmol/l	PrimaryInjection	3422	2695
p-fviiit	%	Source	361	145
p-vwf-aktt	%	Source	211	130
du-alb	mg/24h	SecondaryCorrection	1210	624
du-iglcl	mg	Source	365	132
s-cmvabg	eiu	Source	1562	1043
b-cd34	e6/l	Source	193	118
afer-trom	e9/l	Source	204	152
afer-mns	e8/kg	Source	185	142
afer-cd34	e6/kg	Source	185	139
gran	%	Source	206	153
mns	%	Source	204	151
afer-hkr	osuus	Source	203	151
colepi	s	Source	43	37
coladp	s	Source	36	31
s-ebvabg	eiu	Source	811	665
bla	%	Source	4767	1742
prom	%	Source	5957	2101
myel	%	Source	5976	2105
metam	%	Source	4665	1698
nst	%	Source	4682	1713
nlt	%	Source	5883	2213
p-tsh	mu/l	PrimaryInjection	1199	1005
14346	g/l	Source	3693	1607
14347	g/l	Source	3710	1598
14348	g/l	Source	3677	1597
14349	g/l	Source	3672	1574
14350	g/l	Source	3675	1606
14351	g/l	Source	3684	1597
14352	g/l	Source	3325	1358
b-neutrofiili,erillistutkimuksena	e9/l	Source	26946	4648
s-albumiini-fraktio	g/l	Source	2356	1157
s-alfa-1-fraktio	g/l	Source	3049	1467
s-alfa-2-fraktio	g/l	Source	3044	1465
s-beta-1-fraktio	g/l	Source	3035	1456
s-beta-2-fraktio	g/l	Source	3006	1436
s-gamma-fraktio	g/l	Source	2354	1153
p-ca15-3	u/ml	Source	16517	3940
p-hyytymistekijäviii(t)	%	Source	108	38
p-vonwillebrand-tekijä,aktiivisuus(t)	%	Source	122	33
sy-leuk	e6/l	PrimaryInjection	3117	2141
p-reumafaktori,rf	iu/ml	Source	351	299
oma-p-crp	mg/l	Source	14710	6203
c-reaktiivinenproteiini	mg/l	Source	7963	3524
s-b12-vitamiini,transkobalamiiniii:nsitoutunut	pmol/l	Source	1049	993
s-transferriinireseptori	mg/l	Source	1934	1434
b-retikulosyytit	e9/l	Source	2376	1663
l-myelosyytit	%	Source	3867	1477
l-metamyelosyytit	%	Source	3855	1477
punasolujenkoonvaihtelu	%	Source	2031	1336
laktaattidehydrogenaasi	u/l	Source	112	101
bilirubiini	umol/l	Source	2100	1548
prostataspesifinenantigeeni	ug/l	Source	2969	2546
redcelldistributionwidth	%	Source	3601	3227
pt-gluk-0h	mmol/l	Source	951	617
pt-gluk-2h	mmol/l	Source	1501	1092
pt-gluk-1h	mmol/l	Source	771	512
p-ttr	%	Source	1114	419
p-einr	inr	Source	2707	90
pt-glomerulussuodosnopeus,estimoitu,ckd-epi-kaava	ml/min/173m2	PrimaryInjection	2218	1634
transferriininrautakyllästeisyys(fp-)	%	Source	596	448
s-borabmv	au/ml	Source	617	510
s-borabgv	au/ml	Source	320	260
prolaktiini,plasmasta	mu/l	Source	201	164
cp-gluk-hy	mmol/l	Source	16013	1017
p-pbnp-lb	ng/l	Source	1243	583
cp-crp-hy	mg/l	Source	11982	4173
cb-leuk-hy	e9/l	Source	281	238
fp-ca-albk	mmol/l	Source	22	21
p-kalsium,albumiinikorjattu,plasmasta	mmol/l	Source	29	25
cp-glukoosi,ihopistosn,vieritestihoitoyksikössä	mmol/l	Source	5203	347
ab-hiilidioksidiosapaine,lämpötilakorjattu	kpa	Source	417	277
ab-emäsylimäärä	mmol/l	Source	12840	4444
ab-happiosapaine,lämpötilakorjattu	kpa	Source	415	276
ab-bikarbonaatti	mmol/l	Source	557	350
ab-aktuaalibikarbonaatti	mmol/l	Source	14354	4290
ab-erytrosyytit,tilavuusosuus	osuus	Source	413	275
ab-hemoglobiini	g/l	Source	10469	2651
ab-methemoglobiini	%	Source	4238	1991
ab-glukoosi	mmol/l	Source	405	272
ab-hemoglobiini,hiilimonoksidi	%	Source	418	279
ab-kalium	mmol/l	Source	415	276
ab-kalsium,ionisoitunut,ph7.4:ssa	mmol/l	Source	402	273
ab-kloridi	mmol/l	Source	417	277
ab-natrium	mmol/l	Source	418	277
ab-lämpötila(he-tase)	aste	Source	418	277
ab-kalsium,ionisoitunut,aktuaalinen	mmol/l	Source	417	277
ab-laktaatti	mmol/l	Source	415	276
e-rdw,osatutkimus(e-rdw)	%	Source	3731	1897
b-erybla,osatutkimus(b-erybla)	e9/l	Source	3732	1897
kolesteroli/lipidit	mmol/l	Source	2903	1922
kolesteroli,highdensitylipoproteiinit/lipidit	mmol/l	Source	2911	1924
triglyseridit(trigly)/lipidit	mmol/l	Source	2759	1792
kolesteroli,lowdensitylipoproteiinit(ldl)/lipidit	mmol/l	Source	2757	1791
hemoglobiini-a1c,glykoitunut(b-hba1c)	mmol/mol	Source	1452	796
erytrosyytit(kval)	estimate	Source	2406	1608
glukoosi(kval)	estimate	Source	2596	1661
leukosyytit(kval)	estimate	Source	2233	1574
nitriitti(kval)	estimate	Source	2448	1667
aika/ed.virt	h	Source	4502	3221
21767	u/ml	Source	221	219
s-om5glie	u/ml	Source	836	791
s-alfgale	u/ml	Source	533	511
s-caspähe	u/ml	Source	895	826
s-hasspäe	u/ml	Source	476	453
s-maapähe	u/ml	Source	1974	1670
s-parapäe	u/ml	Source	829	769
s-sakspäe	u/ml	Source	883	822
s-mantele	u/ml	Source	275	263
s-dgpaba	u/ml	Source	975	913
fs-lipoa1	g/l	Source	4095	3075
fs-lipob	g/l	Source	5513	3661
s-apob/a1	ratio	Source	2607	2052
p-apcres.	form	Source	3154	2854
punasolujenkokojakautuma	%	Source	683	372
s-dgpabg	u/ml	Source	501	432
21741	u/ml	Source	135	120
21763	u/ml	Source	27	26
s-rarah2e	u/ml	Source	869	721
s-rbere1e	u/ml	Source	432	399
s-cora9e	u/ml	Source	479	453
s-cora14e	u/ml	Source	787	707
s-ranao3e	u/ml	Source	514	462
s-rjugr1e	u/ml	Source	516	466
s-viljaer	u/ml	Source	32	32
s-gliadie	u/ml	Source	529	493
s-tria14e	u/ml	Source	76	75
b-fiddp	mg/l	Source	776	704
b-ghba1cp	%	Source	4816	1184
b-hba1cvt	mmol/mol	Source	13818	3008
p-gluk-sn	mmol/l	Source	1252	343
u-osmoest	e6/l	Source	2426	581
d-dimer	mg/l	Source	465	294
p-tnt	ug/l	Source	75	60
fp-gluk-sn	mmol/l	Source	1398	180
u-osmoest	mosm/kgh2o	SecondaryCorrection	14296	5123
s-b12-vitamiini.aktiivinen	pmol/l	Source	1127	1068
transferriininrautakyllästeisyys	%	Source	1179	890
fp-parathormoni	pmol/l	Source	423	292
s-haptoglobiini	g/l	Source	99	89
du-prot.	mg/24h	SecondaryCorrection	1502	957
virtsamäärä	ml	Source	4544	2728
vb-hblask	g/l	Source	285	231
albumiini	g/l	Source	6718	3495
p-kalsium	mmol/l	Source	5504	4244
ldl-kolesteroli	mmol/l	Source	10898	8662
s-dnaab	iu/ml	Source	733	218
b-tbifng	iu/ml	PrimaryInjection	153	148
s-dnaab	iu/ml	PrimaryInjection	605	195
p-varmtr	s	Source	1488	1152
p-varmtt	%	Source	1494	1154
s-etane	mg/l	Source	258	199
s-smab	u/ml	Source	1653	1199
u-suhti.	ratio	Source	24646	11070
s-mypnabm	index	Source	3591	3291
s-cefacle	u/ml	Source	64	63
s-ttgaba	eliau/ml	Source	2714	2581
fp-aldos	pmol/l	Source	758	627
s-insu	mu/l	Source	8335	2280
p-ohbutyr	mmol/l	Source	1065	390
s-tpoab	iu/ml	PrimaryInjection	800	692
s-mypnabg	eiu	PrimaryInjection	488	447
p-fxiii.	%	Source	814	746
p-aptt.	s	Source	829	761
p-fibr.	g/l	Source	792	727
b-ko/epi1	s	Source	525	411
b-ko/epi2	s	Source	526	412
b-ko/adp1	s	Source	570	438
b-ko/adp2	s	Source	565	440
inr-pika	inr	Source	4353	126
p-tt-inrqc	inr	Source	767	157
s-c-pept	nmol/l	Source	1452	1086
hba1cvieri	mmol/mol	PrimaryInjection	162	95
ca++/ph7.4	mmol/l	Source	18482	4544
p-tromboplastiiniaika,inr,tt	inr	Source	9529	1203
epiteelisolut,virtsasta	e6/l	Source	4910	1904
lieriöt,virtsasta	e6/l	Source	4909	1904
uraatti,plasmasta␤	umol/l	Source	2871	1096
parathormoni,plasmasta,paastotilassa	ng/l	Source	1651	697
vp-shco3	mmol/l	Source	7251	1311
proteiini,ty,seerumista	g/l	Source	663	238
gamma-fraktio,seerumista␤	g/l	Source	715	259
m-komponentti-1,seerumista	g/l	Source	666	234
b-retikulos.hb-ekvivalentti␤	pg	Source	1483	490
leukosyytit,virtsasta␤	e6/l	Source	1867	973
transferriininrautakyllästeisyys␤	%	Source	1453	710
tromboplastiiniaika,inr-tulostus,plasmasta␤	inr	Source	15979	3481
p-crphoi	mg/l	Source	6213	3180
b-be	mmol/l	PrimaryInjection	9135	3762
s-c-anca	titre	Source	307	143
p-nh4-ion	umol/l	Source	1298	450
du-tilav	ml	Source	3559	1921
du-prot	g/24h	SecondaryCorrection	5897	2506
s-igd	mg/l	Source	179	102
bl-solut	e6/l	Source	820	716
vb-o2hb	%	Source	802	114
vb-to2c	ml/dl	Source	801	113
b-cd19	e9/l	Source	2870	1392
ly-cd4/cd8	ratio	Source	2752	1375
b-cd3	e9/l	Source	2868	1391
b-cd16/56	e9/l	Source	2606	1297
b-cd4	e9/l	Source	2870	1392
b-cd8	e9/l	Source	2870	1392
21777	mg/l	Source	246	242
s-igg-oc	g/l	Source	999	936
s-kerulo	mg/l	Source	2187	2063
ca++	mmol/l	Source	16710	4219
ca++ph7.4	mmol/l	Source	16678	4214
p-crppika	mg/l	Source	947	656
kreatiniini(krea)	umol/l	Source	1301	960
glomerulussuodosnopeus,estimoitu(pt-gfre)	ml/min/173m2	Source	3424	1964
c-reaktiivinenproteiini-pika(crp-pika)	mg/l	Source	1473	860
pf-gluk	mmol/l	Source	5025	3835
pf-solut	e6/l	Source	1150	786
pf-rf	iu/ml	Source	127	117
s-dgpaba	eliau/ml	Source	2482	2405
s-vzvabg	miu/ml	Source	1470	1402
pt-glomerulussuodosnopeus,estimoitu,ckd-ep	ml/min/173m2	Source	1488	1036
s-kerulo	g/l	Source	1468	1392
pt-glomerulussuodosnopeus,pt-gfreepiestimoitu,ckd-epi-kaava	ml/min/173m2	Source	6938	3729
c-reaktiivinenproteiini,pika,tehdäänitse	mg/l	Source	991	630
s-tshrab	u/l	Source	1224	720
s-borrabm	ru/ml	Source	2255	1925
u-ca	mmol/l	Source	2045	954
p-kopept	pmol/l	Source	862	679
cd4	%/lumf	Source	1920	761
alaniiniaminotransferaasi	u/l	Source	17127	11039
kolesteroli	mmol/l	Source	16479	14035
kolesteroli,highdensitylipoproteiinit	mmol/l	Source	8580	7241
triglyseridit	mmol/l	Source	15656	13364
kolesteroli,lowdensitylipoproteiinit	mmol/l	Source	4904	4249
testosteroni,vapaalaskettu	pmol/l	Source	549	316
s-hscrp	mg/l	Source	676	585
p-psa-v/t	%	Source	590	430
11659	ug/l	Source	977	255
s-ecp	ug/l	Source	4748	1949
s-homeer	u/ml	Source	282	280
s-ruokaerittely	u/ml	Source	13	13
punasolujenesiasteet(erytroblastit)	e9/l	Source	1040	741
e-kokojakauma	%	Source	24457	7376
p-k-pa	mmol/l	Source	197	166
p-krea-pa	umol/l	Source	349	263
p-na-pa	mmol/l	Source	200	168
s-tes-vlik	pmol/l	Source	3055	2285
hyytymistekijäviii,plasmasta␤	%	Source	25	23
antitrombiiniiii,plasmasta␤	%	Source	30	29
tromboplastiiniaika	%	Source	148	135
proteiinic,plasmasta␤	%	Source	31	29
proteiinis,antigeeni,vapaa,plasmasta␤	%	Source	24	22
s-t4-vdi	pmol/l	Source	1927	1383
s-reumafaktori,määritys	kiu/l	Source	173	163
b-konedif,lymph	%	Source	1314	592
b-konedif,mxd	%	Source	1308	589
b-konedif,neut	%	Source	1306	588
b-konedif,neuttot	e9/l	Source	1303	587
cb-crp	mg/l	Source	5411	1446
b-fidd-o	mg/l	Source	814	627
konediffi,lym	%	Source	2412	780
konediffi,mono	%	Source	2409	780
konediffi,neut	%	Source	2404	779
konediffi,eos	%	Source	2397	779
konediffi,baso	%	Source	2389	778
konediffi,neuttot	e9/l	Source	2383	778
cb-to2c	%	Source	7531	2851
cb-hb	g/l	Source	16423	6291
cb-gluk	mmol/l	Source	4449	2741
ab-hb02sat	%	Source	585	238
b-hb-co.	%	Source	1009	238
b-hb-met.	%	Source	1016	242
ab-po2(t)	kpa	Source	4515	1437
ab-pco2(t)	kpa	Source	4513	1437
ab-t	°c	Source	3430	828
s-etoh	promille	Source	1369	1077
s-ruok5er	u/ml	Source	1783	1720
eosinofiilitosuus	%	Source	1373	1118
neutrofiilitosuus	%	Source	1373	1118
k-pika	mmol/l	Source	1408	726
na-pika	mmol/l	Source	1412	725
krea-pika	umol/l	Source	1294	623
u-krea	umol/l	Source	4281	2779
u-osmolaliteetti	mosm/kgh2o	Source	2715	1739
u-epiteelisolu	e6/l	Source	2393	1466
p-natriureettinenpeptidi,b-tyypn-term.propeptidi	ng/l	Source	1366	960
u-veri(kval)	estimate	Source	3055	1999
oma-crp	mg/l	PrimaryInjection	2294	1808
s-leveti	umol/l	Source	466	207
s-koriongonadotropiini-b-alayksikkö,ihmisen,vapaa	ug/l	Source	369	346
b-eosinofiilit,verestä	e9/l	Source	727	552
e-hemoglobiini,keskimassa	pg/u	Source	723	549
s-gliadiinipeptidit,deamidoidut,iga-vasta-aineet	u/ml	Source	304	299
s-amylp	u/l	Source	280	252
s-amyls	u/l	Source	256	232
kolesteroli,plasmasta,paastotilassa(fp-kol)	mmol/l	Source	3522	2434
kolesteroli,highdensitylipoprotein,plasmasta,paastotilassa(fp-kol-hdl)	mmol/l	Source	3523	2434
triglyseridit,plasmasta,paastotilassa(fp-trigly)	mmol/l	Source	3521	2434
s-testosteroni,vapaa,laskettu	pmol/l	Source	3226	2413
o2-virt	l/min	PrimaryInjection	81	72
fp-insu	mu/l	Source	1853	1166
mb-o2sat	%	Source	600	215
mb-hb	g/l	Source	3080	257
mb-hb-co	%	Source	574	207
mb-hb-met	%	Source	574	207
mb-hbo2	%	Source	574	207
mb-pco2	kpa	Source	3425	305
mb-po2	kpa	Source	3422	303
mb-ph	ph	Source	3723	415
mb-hco3-st	mmol/l	Source	953	254
p-inr-pi	inr	Source	2842	114
virtsanalb/kreasuhde	mg/mmol	Source	3054	2707
p-kreatiniini,paikallisanalytiikka,kuivakemia	umol/l	Source	1411	839
c-reaktiivinenproteiini,herkkä,seerumista	mg/l	Source	7396	6211
s-testosteroni	nmol/l	Source	708	496
s-sukupuolihormonejasitovaglobuliini	nmol/l	Source	362	256
s-testosterooni,vapaa,lask.	pmol/l	Source	112	87
ab-hco3	mmol/l	Source	5989	2456
u-väliepi	u/field	Source	194	155
u-makrof	u/field	Source	130	113
14347	g/l	PrimaryInjection	173	143
s-ruokryh	u/ml	Source	101	99
s-vehnjae	u/ml	Source	480	439
s-hevonee	u/ml	Source	1781	1702
s-cladhee	u/ml	Source	2270	2169
p-kysc	mg/l	PrimaryInjection	94	89
fp-kol	mmol/l	PrimaryInjection	3991	3312
fp-kol-hdl	mmol/l	PrimaryInjection	2306	2152
fp-trigly	mmol/l	PrimaryInjection	2619	2396
p-pi	mmol/l	PrimaryInjection	523	385
fp-kol-ldl	mmol/l	PrimaryInjection	3755	3144
14077	ug/l	Source	69	31
fp-urea	mmol/l	PrimaryInjection	290	246
p-tt-inr	inr	SecondaryCorrection	24198	751
e-erytrosyytiit,kokojakaumaprosentti	%	Source	1887	1147
vp-glukoosi,0-näyte	mmol/l	Source	63	60
vp-glukoosi,2h	mmol/l	Source	62	59
u-prot-o	form	Source	10777	2979
s-prl	nmol/l	Source	58	55
p-kors-0m	nmol/l	Source	33	26
p-kors30m	nmol/l	Source	33	26
p-kor120m	nmol/l	Source	25	19
p-kors60m	nmol/l	Source	25	19
s-dheas	umol/l	Source	3597	2814
b-probnp	ng/l	Source	1338	591
pt-gfre	form	Source	4090	1558
s-venlaf	nmol/l	Source	355	235
s-dmvenla	nmol/l	Source	8	7
s-vlf+dmv	nmol/l	Source	8	7
b-erytroblasti	e9/l	Source	1455	810
b-krea-pt	umol/l	Source	567	459
b-crp-pt	mg/l	Source	478	382
b-leuk-pt	e9/l	Source	678	563
s-tryptaasi	ug/l	Source	347	281
s-timospe	u/ml	Source	734	701
s-koivspe	u/ml	Source	782	738
s-pujospe	u/ml	Source	641	619
2hgluk	mmol/l	Source	1472	1094
1hgluk	mmol/l	Source	383	262
fs-glukoosi	mmol/l	Source	854	735
s-c-reaktiivinenproteiini/	mg/l	Source	191	168
fs-kreatiniini	umol/l	Source	1046	772
ts-hemafc	form	Source	226	194
s-chpnabg	bu/ml	Source	1761	1588
s-aspflag	mg/l	Source	26	22
erytrosyytit	e12/l	Source	16829	4695
erytrosyytit,tilavuusosuus	ratio	SecondaryCorrection	16822	4690
trombosyytit	e9/l	Source	16801	4687
s-normet	nmol/l	Source	8233	6242
s-5hiaa	nmol/l	Source	10313	3006
metanefriini	nmol/l	Source	148	140
fs-cga	nmol/l	Source	6208	1938
p-kopept	pmol/l	PrimaryInjection	35	30
s-chpnabg	titre	Source	435	387
s-w-o9.12	titre	Source	145	130
s-w-o6.7	titre	Source	68	65
s-w-h:d	titre	Source	151	134
s-w-h:b	titre	Source	311	294
fs-lipo(a)	mg/l	Source	750	657
d-vitamiini-25-oh	nmol/l	Source	1576	1443
erytrosyytit,keskitilavuus	fl	Source	1358	1052
hemoglobiini	g/l	Source	1393	1067
hemoglobiini,keskimassa	pg	Source	1359	1053
ferritiini	ug/l	Source	434	364
fp-kolhdl	mmol/l	Source	1223	406
hct	%	Source	3079	561
hgb	g/l	Source	3106	564
plt	e9/l	Source	3107	564
p-tnt-o	ng/l	Source	1379	829
p-crp-hy	mg/l	PrimaryInjection	15	15
s-trigly	mmol/l	PrimaryInjection	1986	1686
s-kol	mmol/l	PrimaryInjection	1778	1537
s-kol-hdl	mmol/l	PrimaryInjection	1971	1672
s-kol-ldl	mmol/l	PrimaryInjection	1794	1546
s-crp,herkkä	mg/l	PrimaryInjection	3757	3059
p-alat	u/l	PrimaryInjection	461	313
pt-gfreepi	ml/min/173m2	SecondaryCorrection	17028	3025
b-fibriinind-dimeerit	mg/l	Source	83	79
c-reaktiivinenproteiini,herkkä	mg/l	Source	254	177
s-kolesteroli	mmol/l	Source	50	49
s-kolesteroli,highdensitylipoproteiinit	mmol/l	Source	88	83
s-kolesteroli,lowdensitylipoproteiinit	mmol/l	Source	248	207
s-borrabg	au/ml	Source	1988	1566
p-osmol	mosm/kgh2o	PrimaryInjection	444	359
lymph	%	Source	7959	1526
b-mxd	e9/l	Source	3612	938
fp-crp	mg/l	Source	518	173
fp-alat	u/l	Source	1830	732
b-neutrofiilit,erillistutkimuksena	e9/l	Source	1653	590
hdl-kolesteroli	mmol/l	Source	7029	6157
kreatiniini,virtsasta(huumeseulonnanyhteydessä)	mmol/l	Source	874	756
s-vedol	mg/l	Source	1566	550
21816	u/l	Source	256	206
s-ige2pöl	u/ml	Source	504	460
s-ige2ruo	u/ml	Source	405	385
fp-gluk0	mmol/l	Source	1616	1182
crpvieritesti	mg/l	Source	843	586
ruokaryhmä,igevasta-aineet,seerumista␤	u/ml	Source	74	72
sao2	%	PrimaryInjection	159	150
nu-alb	ug/min	Source	1954	1274
p-tromboplastiiniaika,aktivoitu,partiaalinen	s	Source	1686	1275
p-antifxa	iu/ml	PrimaryInjection	8708	2609
s-karsinoembryonaalinenantigeeni	ug/l	Source	1121	503
s-ca19-9antigeeni	u/ml	Source	583	246
s-digoksiini	nmol/l	Source	439	246
NA	%	Source	6666	2232
NA	e9/l	Source	6742	2147
NA	ug/l	Source	580	378
NA	mmol/l	Source	8633	2034
NA	mm/h	Source	359	335
NA	pg	Source	2333	1958
NA	g/l	Source	5079	2466
NA	umol/l	Source	2399	1817
NA	fl	Source	2362	1991
NA	pmol/l	Source	835	743
p-c-reaktiivinenproteiinipikahoitoyksiköt	mg/l	Source	4587	2296
zb-po2	kpa	Source	4752	704
zb-pco2	kpa	Source	4736	704
zb-o2-vol	%	Source	4771	706
vb-ca-i7.4	mmol/l	Source	2427	924
vb-ca-ion	mmol/l	Source	2428	925
zb-be	mmol/l	Source	4844	688
zb-ahco3	mmol/l	Source	4383	606
zb-hbo2sat	%	Source	4476	607
ab-kalsium,ionisoitunut,ph7.4-korjattu	mmol/l	Source	9532	2130
b-kalium	mmol/l	Source	10600	2467
b-natrium	mmol/l	Source	10582	2466
ab-kalsium,ionisoitunut,eitilattava	mmol/l	Source	9534	2131
ab-happikyllästeisyys(hemoglobiini),eitilattava	%	Source	9564	2150
b-kloridi	mmol/l	Source	9499	2129
b-anionivaje	mmol/l	Source	9462	2127
s-b12-akt	pmol/l	Source	3424	1989
cb-leukosyytit,vieritestihoitoyksikössä	e9/l	Source	41	40
fs-lipidit	g/l	Source	160	123
b-pvk+t	form	Source	361	256
ekg-12	form	Source	46	44
b-la	mm	Source	62	43
b-hb-a1c	mmol/mol	Source	7621	3520
pt-gluk-r1	form	Source	75	31
fs-trfesat	%	Source	1915	1017
p-glutamyylitransferaasi	u/l	Source	5833	3942
u-erytla	e6/l	Source	2594	1461
u-leukla	e6/l	Source	2574	1461
u-lierla	e6/l	Source	2608	1464
u-epitla	e6/l	Source	2611	1464
li-fostau	ng/l	Source	1976	1930
li-tau	ng/l	Source	2014	1968
li-bam42	ng/l	Source	1952	1908
p-ldllaskennallinen	mmol/l	Source	654	608
glukr0-n	mmol/l	Source	618	413
glukr1h	mmol/l	Source	381	218
glukr2h	mmol/l	Source	780	506
b-hemoglobiinipvk:nosana	g/l	Source	336	236
fb-leukosyytitpvk:nosatutkimus	e9/l	Source	336	236
b-trombosyytit-pvk:nosana	e9/l	Source	337	236
p-crp-vt	mg/l	Source	9829	5010
sy-l/liusk	%	Source	670	509
sy-l/yksit	%	Source	670	509
s-desvenl	nmol/l	Source	249	157
tromboplastiiniaika,pikatesti,veri	inr	Source	206	199
angiotensiini-1-konvertaasi	u/l	Source	286	239
eosinofiilit	e9/l	Source	678	513
neutrofiilit	e9/l	Source	10480	1540
u-epitel	sunf	Source	66	53
u-bakt.	/sunfält	Source	40	33
u-keto-o	form	Source	971	613
u-eryt	form	Source	1189	540
b-hba1cvt	%	Source	7621	1172
p-gluc	mmol/l	Source	904	448
fp-trigl	mmol/l	Source	8566	1590
cb-crp(qr)	mg/l	Source	3601	1138
p-tsh	miu/l	SecondaryCorrection	4705	1285
ca12-5antigeeni	u/ml	Source	377	224
he4proteiini	pmol/l	Source	10	10
du-metnef	umol/24h	Source	452	416
du-normet	umol/24h	Source	455	416
du-5hiaa	umol/24h	Source	150	122
22108	s	Source	750	646
p-fsl	s	Source	1808	1477
s-metnor	nmol/l	Source	999	772
s-metnef	nmol/l	Source	5654	4433
du-aldos	nmol	Source	1125	980
p-reninm	mu/l	PrimaryInjection	145	131
u-osmoie	mosm/kgh2o	Source	273	128
s-karba	umol/l	Source	3476	1168
p-ldllaskennallinen	mmol/l	PrimaryInjection	613	511
kalsium,albumiinikorjattu,plasmasta␤	mmol/l	Source	3406	1630
s-hcg	iu/l	Source	1870	1024
ab-standardibikarbonaatti	mmol/l	Source	4434	2130
sy-polymorfonukleaarisetvalkosolut	%	Source	379	274
sy-mononukleaarisetvalkosolut	%	Source	376	272
u-hyalie	e6/l	Source	15276	4894
u-leuk-bv	e6/l	Source	19307	5847
fs-gh	ug/l	Source	4272	1582
s-igf-1	nmol/l	Source	135	93
s-psa	ug/l	PrimaryInjection	1968	1451
s-vapaanjakokonais-psa:nsuhde	%	Source	643	465
pf-eryt	e6/l	PrimaryInjection	2022	1413
pf-leuk	e6/l	PrimaryInjection	2040	1419
p-hb	mg/l	Source	8510	1493
e-fragm	%	Source	1660	587
s-tshrab	iu/l	PrimaryInjection	1542	669
s-marsepe	u/ml	Source	20	20
s-pähk1er	u/ml	Source	42	42
s-desital	nmol/l	Source	36	33
u-rakkoai	h	Source	373	242
s-valpr-v	umol/l	Source	818	475
fp-afos	u/l	Source	595	339
fp-gt	u/l	Source	772	452
s-dgpab	au	Source	10	10
cfp-glucos	mmol/l	Source	1307	617
b-hba1cp	mmol/mol	Source	13766	2170
b-hba1cp	%	Source	1567	694
s-ccpab	form	Source	444	381
s-tsh	mu/l	PrimaryInjection	4569	3584
p-gluk	mmol/l	PrimaryInjection	931	809
fp-vip	pmol/l	Source	391	282
fs-gastr	pmol/l	Source	1126	622
f-antitry	ug/g	Source	536	300
-mikerik	form	Source	26	26
c-reaktiivinenproteiini-pika(4594crp-pika)	mg/l	Source	136	110
leukosyytit	e6/l	Source	529	440
c-reaktiivinenproteiini,pikatesti,veri(23318b-crp-pt)	mg/l	Source	802	476
u-pi	mmol/l	Source	772	333
li-laktteh	mmol/l	Source	299	195
crp	mg/l	Source	7086	3201
fp-kollageenii:nbeta-karboksiterminaalinentelopeptidi	ug/l	Source	299	248
s-gluteee	u/ml	Source	124	122
gal-alpha-1,3-galthyroglobulin,bovine,igevasta-aineet,seerumista	u/ml	Source	64	62
gliadiini(f98),igevasta-aineet,seerumista	u/ml	Source	46	45
allergeeni,ruoka-aineryhmä,erittelyjakomponentit,igevasta-aineet	u/ml	Source	74	73
s-pölyerittely,ige-vasta-aineet	u/ml	Source	133	131
s-fenyt	umol/l	Source	1398	447
p-hs-crp	mg/l	Source	1315	501
s-desialotransferriini	%	Source	995	770
glutamyylitransferaasi	u/l	Source	1299	936
aspartaattiaminotransferaasi	u/l	Source	333	260
vb-cvo2sat	%	Source	82	28
s-bil-kj	umol/l	Source	4382	3496
p-tnl	ug/l	Source	179	105
pt-pituus	cm	Source	348	334
pt-paino	kg	Source	2691	905
pt-bmi	kg/m2	Source	325	317
kolesteroli,lowdensity	mmol/l	Source	4116	3359
p-prostataspesifinenantigeeni,suhde,plasmasta	%	Source	306	256
ua-hb	g/l	Source	180	179
s-bopeabg	iu/ml	Source	1169	1091
b-mon	e9/l	Source	1248	521
b-lt	e9/l	Source	1315	534
s-munavae	u/ml	Source	1160	945
s-soijape	u/ml	Source	552	515
s-turskae	u/ml	Source	742	665
s-vehnäe	u/ml	Source	820	774
p-hcg-tot	iu/l	Source	4934	2561
p-hcg-tot	iu/l	PrimaryInjection	4373	1883
fs-insu	mu/l	Source	561	296
11663	umol/l	Source	294	219
s-perfen	nmol/l	Source	269	144
sy-polymor	osuus	Source	237	167
sy-mononuk	osuus	Source	237	167
prokalsitoniini,plasmasta␤	ug/l	Source	703	365
osmolaliteetti,seerumista␤	mosm/kgh2o	Source	68	53
osmolaliteetti,virtsasta␤	mosm/kgh2o	Source	150	127
s-okarba	umol/l	Source	163	85
oma-b-hb	g/l	Source	613	434
b-mcv	fl	Source	1253	819
NA	mg/l	Source	1610	1148
s-afmuut	u/l	Source	1490	1274
s-testo-vl	pmol/l	Source	1584	911
p-shbg	nmol/l	Source	791	465
s-albind	g/l	Source	814	753
s-infaabg	eiu	Source	280	262
s-infbabg	eiu	Source	202	188
s-evirabg	eiu	Source	278	259
f-elastaasi1	ug/g	Source	201	161
13187	%	Source	1165	761
sy-pmn	%	Source	1206	793
pika-crp	mg/l	Source	4847	2188
kolesterolinjahdl-kolest.suhde	ratio	Source	268	163
s-dna,natiivi,vasta-aineet	kiu/l	Source	324	256
s-sitrulliinipeptidi,vasta-aineet	u/ml	Source	1422	1353
p-krea	uml/l	Source	122	104
p-fibriinind-dimeerit(kval)	mg/l	Source	56	50
fp-kolesteroli,lowdensitylipoproteiinit,suora	mmol/l	Source	1652	1302
pa-amyl	u/l	Source	181	85
as-amyl	u/l	Source	277	222
di-ca-ion	mmol/l	Source	450	34
di-ca-iona	mmol/l	Source	456	35
ghb-a1c(vo.hoitaja)	mmol/mol	Source	431	224
crp(päiv.hoitaja)	mg/l	Source	3287	1178
b-leuk-vt	e9/l	Source	2468	1619
s-bil	umol/l	PrimaryInjection	451	370
s-iga	g/l	PrimaryInjection	230	228
fs-kol	mmol/l	PrimaryInjection	2517	2094
fs-kol-hdl	mmol/l	PrimaryInjection	2780	2286
fs-kol-ldl	mmol/l	PrimaryInjection	2498	2081
fs-trigly	mmol/l	PrimaryInjection	2776	2277
s-krea	umol/l	Source	11585	6106
b-lymfo	e9/l	Source	324	216
s-afospit	u/l	Source	177	155
s-afluu	u/l	Source	80	69
s-pinp	ug/l	Source	3543	1641
u-intp	nmol/mmol	Source	2098	1020
u-kreintp	mmol/l	Source	856	571
hbvieri	g/l	Source	1633	1034
u-intp	ratio	Source	47	30
kreatiniini,virtsasta(u-intp)	mmol/l	Source	25	21
kollageenii:naminoterminaalinentelopeptidi	ratio	Source	23	19
kollageenii:nbeta-karboksiterminaalinentelopeptidi,plasmasta␤	ug/l	Source	58	36
du-ca(laskennallinen)	mmol	Source	42	39
hemoglobiini-a1c,vieritutkimu	mmol/mol	Source	38	37
fp-gluk-p	mmol/l	Source	391	273
p-gluk-1t	mmol/l	Source	167	104
p-gluk-2t	mmol/l	Source	462	316
s-sldl	mmol/l	Source	2207	806
s-pölyryhmäjatarvittaessaerittely,igevasta-aineet(ko)	u/ml	Source	47	47
li-l/liusk	%	Source	145	92
li-l/yksit	%	Source	145	92
u-epitel	u/field	Source	1993	844
u-veri-o	estimate	SecondaryCorrection	2554	796
p-ntprobnp	ng/l	Source	1429	409
u-eryt	/sunf	Source	1182	446
cb-inrc-c	inr	Source	4289	125
b-erytrosyytit,tilavuusosuus(hematokriitti)	%	Source	177	167
u-osmoet	mosm/kgh2o	Source	356	218
b-hb-pt	g/l	Source	649	539
b-na-pt	mmol/l	Source	513	414
b-k-pt	mmol/l	Source	524	424
p-aspartaattiaminotransferaasi	u/l	Source	7786	4815
f-hhb-o	estimate	Source	106	50
p-ck-mb	ug/l	Source	27	27
li-laktaat	mmol/l	Source	4033	3328
immunoglobuliinig,indeksi,	index	Source	27	27
-krea	umol/l	Source	773	540
-eryt	e6/l	Source	168	153
-leuk	e6/l	Source	190	174
cb-happiosapaine	kpa	Source	163	122
cb-hiilidioksidiosapaine	kpa	Source	166	125
p-aktuaalinenbikarbonaatti	mmol/l	Source	1258	651
vb-happiosapaine	kpa	Source	1363	721
vb-hiilidioksidiosapaine	kpa	Source	1547	748
fp-laktaatti	mmol/l	Source	1982	1154
p-kalsium,ionisoitunut,aktuaalinen	mmol/l	Source	1282	688
vb-happikyllästeisyys(hemoglobiini)	%	Source	1075	609
13983	ug/l	Source	861	326
p-tpoab	u/ml	Source	3102	2633
oma-hba1c	mmol	PrimaryInjection	443	181
oma-hba1c	mmol/mol	PrimaryInjection	922	353
s-hsv2abg	eiu	Source	247	225
s-testoms	nmol/l	Source	714	492
s-tyglab	u/ml	Source	826	449
s-i	nmol/l	Source	12	12
s-chtrabg	u/ml	Source	713	684
u-prot	mg/l	Source	15251	4077
u-osmol	mosm/kgh2o	PrimaryInjection	1526	1229
b-diffi,lymf	%	Source	130	77
b-diffi,nlt	%	Source	128	77
b-diffi,nst	%	Source	129	77
b-diffi,eos	%	Source	126	76
b-diffi,mon	%	Source	128	76
b-diffi,bas	%	Source	124	75
14286	ng/l	Source	219	213
fs-ca-7.40	mmol/l	Source	987	387
l-neutrof	%	Source	1733	461
b-eosabs	e9/l	Source	1670	403
kalsium	mmol/l	Source	1033	916
fp-glukos	mmol/l	Source	977	374
c-reaktiivinenproteiini	1	Source	925	654
b-la	mm/h	PrimaryInjection	163	114
fs-non-hdl	mmol/l	Source	125	122
kolesteroli/s-lipa	mmol/l	Source	54	37
p-alb	g/l	PrimaryInjection	901	749
NA	u/l	Source	2435	1449
NA	e12/l	Source	2192	1903
alkalinenfosfataasi	u/l	Source	4090	3042
prostataspesifinenantigeeni,suhde	%	Source	1497	1279
p-t4-v	pmol/l	PrimaryInjection	1114	984
s-gadab	iu/ml	PrimaryInjection	123	111
p-gluk-a2	mmol/l	Source	1482	1210
120mp-gluk	mmol/l	Source	508	397
paastoseeruminkalsium.ioni.aktuaali	mmol/l	Source	1089	557
kreatiniini(p-krea)	umol/l	Source	1817	1178
tyroideaperoksidaasi,vasta-aineet	u/ml	Source	443	390
trijodityroniini,vapaa(t3v)	pmol/l	Source	459	301
s-ebvnabg	u/ml	Source	260	235
s-chpnabm	index	Source	841	747
s-ast	iu/ml	PrimaryInjection	361	337
b12-vitamiini,transkobalamiiniii:eens	pmol/l	Source	51	49
lasko	mm/h	Source	433	348
kreatiinikinaasi	u/l	Source	821	688
tyreotropiini	mu/l	Source	852	751
tyroksiini,vapaa	pmol/l	Source	808	704
p-omagluk	mmol/l	Source	1467	1043
l-muut	%	Source	3167	2169
b-muut	e9/l	Source	3089	2107
s-codiab	iu/ml	PrimaryInjection	143	121
s-clteab	iu/ml	PrimaryInjection	166	142
s-ch100cl	%	Source	1524	1191
s-ch100al	%	Source	1509	1179
ly-t-cd8	%	Source	2895	1357
b-nk	e9/l	PrimaryInjection	938	519
s-ch100l	%	Source	1353	1037
ly-cd19-b	%	Source	2507	1211
ly-t-cd3	%	Source	3926	1817
ly-nk	%	Source	3894	1811
b-b-cd19	e9/l	PrimaryInjection	1257	675
b-t-cd3	e9/l	PrimaryInjection	938	519
b-t-cd8	e9/l	PrimaryInjection	951	531
p-aldos	pmol/l	Source	978	789
du-vm	ml	Source	866	478
b-rethe	pg	Source	3993	1501
p-amylaasi	u/l	Source	1557	1080
p-anti-a-isoagglutiniinitiitteri,igm	titre	Source	30	28
p-anti-b-isoagglutiniinitiitteri,igm	titre	Source	30	28
s-tygl	ug/l	Source	8827	1749
b-erytrosyytit(tilavuusosuus)	osuus	Source	1808	665
s-glutamyylitransferaasi	u/l	Source	861	740
s-kalium	mmol/l	Source	897	700
s-natrium	mmol/l	Source	843	654
e-mcv	%	Source	3139	1375
triglyseridit,plasmasta	mmol/l	Source	716	523
kolesteroliplasmasta	mmol/l	Source	695	501
kolesteroli,highdensitylipoproteiinit,plasmasta	mmol/l	Source	711	515
kolesteroli,lowdensitylipoproteiniit,plasmasta	mmol/l	Source	704	502
b-pvk	%	Source	1036	678
p-glukr1h	mmol/l	Source	466	281
p-glukr0h	mmol/l	Source	535	344
c-reaktiivinenproteiini,plasmasta,vieritesti	mg/l	Source	698	449
erytrosyytit,kokojakaumaindeksi,osatutk.2474	%	Source	12730	2569
s-mitoab	titre	Source	500	359
b-hg	nmol/l	Source	63	44
u-hg	nmol/l	Source	107	40
l-neutrofiilit	e9/l	Source	124	94
l-eos	e9/l	Source	4147	1342
l-baso	e9/l	Source	4040	1335
l-lmono	%	Source	124	94
l-lymf	e9/l	Source	2342	846
l-lmono	e9/l	Source	93	72
s-gliadiinipeptidi,igavasta-aineet	au	Source	14	14
s-gliadiinipeptidi,iggvasta-aineet	au	Source	14	14
p-tyroksiini,vapaa(pi)	pmol/l	Source	114	88
cu-aika(s)	s	Source	1458	670
p-kortisoli(pi)	nmol/l	Source	16	15
p-tyreotropiini(pi)	mu/l	Source	170	132
s-chpnabg	eiu	Source	1829	1680
ly-cd4-8-	%	Source	207	119
b-neu	e9/l	Source	3653	1173
b-lym	e9/l	Source	2469	1034
b-neu	%	Source	2479	1037
b-lym	%	Source	2560	1108
b-mono	%	Source	4619	1317
p-tt-inr	inr	PrimaryInjection	157	112
p-at3	%	PrimaryInjection	10	10
p-tt	form	Source	20	19
p-pc	%	PrimaryInjection	9	9
p-lupusak	form	Source	9	9
p-ps	%	PrimaryInjection	9	9
p-rf	u/ml	Source	823	727
albumiini,osoitus,virtsa	estimate	Source	4289	2327
s-allige	u/ml	Source	1753	653
s-ige-sse	u/ml	Source	733	556
igekoivu	u/ml	Source	241	236
igekoira	u/ml	Source	240	225
igehevonen	u/ml	Source	126	119
igekissa	u/ml	Source	230	218
sa-korsol	nmol/l	Source	3106	1940
cb-ca-i7.4	mmol/l	Source	1450	644
cb-hco3	mmol/l	Source	6213	2023
cb-ca-ion	mmol/l	Source	1880	745
leuk	e6/l	Source	7397	4476
p-tromboplastiiniaika,inr-tulos	1	Source	13965	1049
ananas	u/ml	Source	9	9
s-rarah1e	u/ml	Source	318	304
p-lh	u/l	PrimaryInjection	61	60
s-psa-suh,s-psa	ug/l	Source	66	46
fe-folaat,fe-folaat	nmol/l	Source	28	23
p-etoh	promille	Source	3789	2272
s-paras	umol/l	Source	2680	1231
p-krea,osatutkimus	umol/l	Source	718	244
s-caion7.4	mmol/l	Source	5310	1513
ca15-3antigeeni	u/ml	Source	89	69
s-kryog	g/l	Source	269	181
virtsamärä?	ml	Source	608	324
s-trypt	ug/l	Source	3600	2339
s-iga-eia	mg/l	Source	11	11
b-qr-crp	mg/l	Source	1850	764
p-immunoglobuliinig	g/l	Source	564	325
p-gluk-0h	mmol/l	Source	750	541
p-gluk-2h	mmol/l	Source	897	656
p-gluk-1h	mmol/l	Source	402	262
alfa1-glob	g/l	Source	2811	708
alfa2-glob	g/l	Source	2811	707
beta1-glob	g/l	Source	2802	699
beta2-glob	g/l	Source	2810	707
gamma-glob	g/l	Source	2834	725
c-reaktiivinenproteiini,vieritutkimus,plasmasta	mg/l	Source	1156	869
s-cu	umol/l	Source	1482	1112
p-se	umol/l	Source	955	426
s-ca199ver	u/ml	Source	427	408
s-ceaver	ug/l	Source	790	743
s-kors/r	nmol/l	Source	1095	944
s-siliab	titre	Source	1493	1284
sy-mn	%	Source	43	40
fs-kalsium,ionisoitunut	mmol/l	Source	6169	4050
b-cr	ug/l	PrimaryInjection	478	387
b-co	ug/l	PrimaryInjection	484	382
b-gluk/pi	mmol/l	Source	1414	680
fp-glukoosi(gluk.ras0)	mmol/l	Source	226	215
fp-glukoosi(gluk.ras2h)	mmol/l	Source	225	214
p-urea-dj	mmol/l	Source	7340	683
paino	kg	Source	2621	430
painonmuutoskg	kg	Source	2551	356
p-cmvnh	iu/ml	PrimaryInjection	2596	541
p-bkvnh	iu/ml	PrimaryInjection	608	94
s-pölyerittely,igevasta-aineet	u/ml	Source	539	531
monosyytit/tvk	e9/l	Source	221	139
s-ttgabg	u/ml	Source	321	274
rauta	umol/l	Source	2589	1810
s-dnanab.	kiu/l	Source	3599	2058
dna,vasta-aineet,natiivi	kiu/l	Source	180	142
p-ko-hdl	mmol/l	Source	298	275
glukoosi,vieritesti	mmol/l	Source	150	133
l-myel-m	%	Source	2673	978
l-myelosyytit,mikroskopointi	%	Source	432	199
kol/hdl-su	ratio	Source	980	739
b-neutab	e9/l	Source	108	88
b-basabs	e9/l	Source	108	88
leukosyytit,verestä,osatutk.2474	e9/l	Source	3673	1419
c-reaktiivinenproteiini,pikatutkimus	mg/l	Source	106	66
punasolojenkokojakauma	%	Source	1068	1018
crp(hoitaja)	mg/l	Source	1227	568
p-tpoab	iu/ml	Source	10	8
u-alb-o	form	Source	287	180
laktpika	mmol/l	Source	1191	889
vbpco2pika	kpa	Source	926	712
vb-bepika	mmol/l	Source	574	484
transf-sat	%	Source	1643	688
s-hhv6abg	eiu	Source	720	640
s-acrkile	u/ml	Source	85	85
s-fusmone	u/ml	Source	104	104
s-trvirie	u/ml	Source	57	57
s-aspvere	u/ml	Source	106	106
s-pensppe	u/ml	Source	159	149
s-cladcle	u/ml	Source	109	108
s-statrae	u/ml	Source	83	83
crppika	mg/l	Source	869	649
ca-ionpika	mmol/l	Source	1106	848
urea,pikatesti␤	mmol/l	Source	203	147
kreatiniini,pikatesti	umol/l	Source	649	379
s-k	mmol/l	PrimaryInjection	1912	1558
s-ca	mmol/l	PrimaryInjection	1750	1479
b-trom-s	e9/l	Source	558	231
p-kreatiniinitykslab(sis.gfreepi)	umol/l	Source	476	457
fp-trans	g/l	Source	56	46
prolaktiini,seerumi	mu/l	Source	237	176
s-plasmaproteiinia,raskauteenliittyvä(sikiöseula)	mu/l	Source	183	175
koriongonadotropiinib-alayks.vapaa	ug/l	Source	183	175
painonmitt	kg	Source	2019	1948
s-kaurjae	u/ml	Source	84	82
s-ohrajae	u/ml	Source	84	82
s-ruisjae	u/ml	Source	97	96
b-c/epi	s	Source	139	122
pvwf-akt	%	Source	15	14
p-fviiiis	%	Source	75	58
li-ace	u/l	Source	1231	1138
punasolujenjakaumaleveys(rdw)	%	Source	38	38
fs-a-vit	umol/l	PrimaryInjection	106	94
fs-pi	mmol/l	PrimaryInjection	802	717
s-cu	umol/l	PrimaryInjection	49	44
s-mg	mmol/l	PrimaryInjection	368	312
fs-e-vit	umol/l	PrimaryInjection	99	87
fe-b2-vit	ug/l	Source	101	88
fs-ubikin	umol/l	PrimaryInjection	86	76
p-se	umol/l	PrimaryInjection	132	120
fb-b1-vit	ug/l	Source	759	631
fp-b6-vit	nmol/l	Source	639	516
s-sinkki	umol/l	PrimaryInjection	48	43
s-borrelia,vasta-aineetigmvarmistustutkimus	au/ml	Source	411	341
p-glukpoc	mmol/l	Source	2519	879
u-lieriö	e6/l	Source	7580	1937
s-rnpab	u/ml	Source	2850	1877
s-beta1	g/l	Source	1765	1009
s-beta2	g/l	Source	1772	1017
s-alfa1	g/l	Source	1708	966
s-alfa2	g/l	Source	1768	1011
l-sauv	%	Source	3700	993
l-metamyel	%	Source	2520	754
p-tromboplastiiniaika,nycotest,pt,inr-tuloste	inr	Source	90	6
pt-glomerulussuodatusnopeus,estimoitu,ckd-epi-kaava	ml/min/173m2	Source	212	124
pikacrp	mg/l	Source	574	198
hoicrp	mg/l	PrimaryInjection	235	215
b-hb-vt	g/l	Source	4205	2232
crp(vo:nyhteydessäotettu),tth	mg/l	Source	1421	637
s-haspähe	u/ml	Source	683	654
s-ruocome	u/ml	Source	726	694
s-ananase	u/ml	Source	45	44
s-hernee	u/ml	Source	107	98
s-sellere	u/ml	Source	53	53
s-rapig1e	u/ml	Source	28	28
s-rprup3e	u/ml	Source	354	342
s-nkaseie	u/ml	Source	181	139
s-nanac2e	u/ml	Source	9	9
s-karpune	u/ml	Source	36	35
l-mxd	%	Source	848	477
afossuoli	u/l	Source	478	420
afosmaksa1	u/l	Source	673	589
afosluusto	u/l	Source	630	555
afosmaksa2	u/l	Source	604	532
b-t-cd3,t-solut	e9/l	Source	114	85
ly-t-cd3,t-solujenosuus	%	Source	113	85
b-b-cd19,b-solut	e9/l	Source	112	84
ly-b-cd19,b-solujenosuus	%	Source	109	85
b-t-cd4,t-auttajasolut	e9/l	Source	273	189
b-t-cd8,t-estäjäsolut	e9/l	Source	114	85
b-nk,nk-solut	e9/l	Source	113	85
ly-nk,nk-solujenosuus	%	Source	112	85
ly-t-auttajasojenosuus	%	Source	268	189
s-rubeabg	iu/ml	Source	205	201
b-hbf-fc	form	Source	24	22
albumiini(kval)	estimate	Source	1803	1146
asetoniaineet(kval)	estimate	Source	1981	1210
plasmaproteiinia,raskauteenliittyvä	mu/l	Source	315	284
koriongonadotropiini,b-alayksikkö,vapaa	ug/l	Source	238	207
ly-b-cd19	%	Source	1504	746
ly-t-cd4/8	ratio	Source	1816	786
b-t-cd3	e6/l	Source	1174	606
b-b-cd19	e6/l	Source	913	577
b-t-cd4	e6/l	Source	1609	746
b-t-cd8	e6/l	Source	1174	606
ly-t-cd4	%	Source	2006	938
s-dgpabg	au	Source	593	569
s-dgpaba	au	Source	236	229
s-cer1	umol/l	Source	109	108
s-cer2	umol/l	Source	110	109
s-cer3	umol/l	Source	111	110
s-cer4	umol/l	Source	111	110
s-cer1/3	umol/l	Source	111	110
s-cer2/3	umol/l	Source	111	110
s-cer4/3	umol/l	Source	117	116
s-c1inhbk	g/l	Source	8	8
s-ssaab	u/ml	Source	1432	945
polymorfologisetleukosyytit	%	Source	10	10
mononukleaarisetleukosyytit	%	Source	14	14
prostataspesifinenantigeenivapaa/kokonaispitois	%	Source	144	97
l-sauva	%	Source	4826	1346
p-aboabam	titre	Source	311	133
p-aboabbm	titre	Source	207	143
e-retik	%	PrimaryInjection	247	218
fp-lipaas	u/l	Source	2160	480
s-teicopl	mg/l	Source	39	13
l-liuska	%	Source	4519	1275
blasti	%	Source	1162	349
meta	%	Source	1219	376
b-nrbc	/100leuk	Source	1164	349
s-mtx	umol/l	Source	4861	513
pituus	cm	Source	2086	2015
virtsam.	ml	Source	1039	500
s-kor/0	nmol/l	Source	42	33
s-kor/30	nmol/l	Source	40	32
p-lakveka	mmol/l	Source	1581	550
p-gluveka	mmol/l	Source	1581	551
vb-hco3	mmol/l	Source	1209	334
vb-lämpöti	°c	Source	545	84
b-nk	e9/l	Source	1719	752
ly-tt-cd8	%	Source	1219	630
b-b-cd19	e9/l	Source	1826	778
b-t-cd3	e9/l	Source	1754	760
b-t-cd4	e9/l	Source	4080	1822
b-t-cd8	e9/l	Source	1802	772
insuliini,plasma	mu/l	Source	76	19
retikulosyytit	e9/l	Source	954	514
-cdt	mg/l	Source	462	387
-transf	g/l	Source	143	84
pika-k	mmol/l	Source	147	91
pika-na	mmol/l	Source	145	90
pika-krea	umol/l	Source	144	91
11086	%	Source	803	262
non-hdl-kolesteroli,plasma	mmol/l	Source	412	412
s-b12-vitamiini	pmol/l	Source	578	551
p-glu/0	mmol/l	Source	1831	1313
p-glu/2h	mmol/l	Source	1816	1308
p-glu/1h	mmol/l	Source	683	451
fp-c-pept	nmol/l	Source	3082	1800
as-eryt	e6/l	Source	1262	665
as-leuk	e6/l	Source	2089	1007
pd-prot	g/l	Source	708	136
pd-eryt	e6/l	Source	368	58
as-alb	g/l	Source	1146	829
as-eos	%	Source	98	71
as-leukmuu	%	Source	118	75
as-neut	%	Source	145	96
as-ly	%	Source	140	94
s-c-ancif	titre	PrimaryInjection	23	20
takrolimuusi,massaspektrometrinen,verestä	ug/l	Source	411	55
b-mycobacteriumtuberculosis-herkistyneetsolut,gammainterferoni,eritys	iu/ml	Source	373	351
hevonee	u/ml	Source	186	174
kissae	u/ml	Source	205	187
koirae	u/ml	Source	209	190
munavae	u/ml	Source	79	75
turskae	u/ml	Source	58	56
soijae	u/ml	Source	66	64
maitoe	u/ml	Source	74	71
s-ana(ait)	titre	Source	114	105
b-zn	umol/l	Source	460	383
s-digoks	ug/l	Source	652	284
s-tygl-va	u/ml	Source	1184	437
ottotapa	h	Source	452	304
s-klotsapiini	nmol/l	Source	1698	420
trijodityroniini,vapaa	pmol/l	Source	275	186
s-prolaktiini	mu/l	Source	935	795
s-mycoplasmapneumoniae,iggvasta-aineet	eiu	Source	292	251
cp-hco3st	mmol/l	Source	453	219
cb-o2sat	%	Source	653	334
f-kalprotektiini	ug/g	Source	1121	889
s-vehnäjauho(f4),ige-vasta-aineet	u/ml	Source	10	10
s-viseabg,borreliaburgdorferinvise-proteiini,vasta-aineetigg	au/ml	Source	34	27
s-viseabm,borreliaburgdorferinvisejaospcproteiinit,vasta-ainetigm	au/ml	Source	63	51
-trfe-sa	%	Source	262	147
s-dgpabg	eliau/ml	Source	1023	976
sensori	mmol/l	Source	1224	482
s-valproaatti	umol/l	Source	431	227
amylaasi	u/l	Source	1380	1194
p-homokysteiini	umol/l	Source	31	24
s-tati	ug/l	Source	446	394
ab-emäsylimäärä	mmol/l	PrimaryInjection	2163	647
s-bopeaba	iu/ml	Source	1073	1000
ab-hiilimonoksidi-hb	%	Source	3649	1646
ab-kokonaishemoglobiini,verikaasuanalysaattorista	g/l	Source	3736	1675
ap-kalium	mmol/l	Source	3784	1651
ap-natrium	mmol/l	Source	3765	1640
ap-laktaatti	mmol/l	Source	3940	1719
s-kardab	titre	Source	910	212
s-tpha	titre	Source	893	252
u-prokre	mg/mmol	Source	1813	441
s-kardab	titre	PrimaryInjection	730	152
s-tpha	titre	PrimaryInjection	772	231
s-cefacie	u/ml	Source	177	174
l-metmye	%	Source	992	411
s-lam-va	mg/l	Source	37	25
s-kap-va	mg/l	Source	37	25
s-k/l-va	ratio	Source	38	26
s-testo-v	pmol/l	Source	1395	1082
fp-transferriininrautasaturaatio	%	Source	400	336
b-fosfatidyylietanoli,verestä	umol/l	Source	1535	905
s-c3	g/l	PrimaryInjection	83	79
s-c4	g/l	PrimaryInjection	83	79
s-hepatiittib-virus,s-antigeeni,vasta-aineet	miu/ml	Source	358	163
s-tesmsvl	pmol/l	Source	118	109
-pikacrp	mg/l	Source	47	38
ab-ph	form	Source	1072	421
p-fidd-lb	mg/l	Source	808	613
p-la2	s	Source	498	404
poikkeavalämpötila	°c	Source	21361	2715
s-fascab	od	Source	120	113
s-stroab	od	Source	120	113
s-trspab.	od	Source	100	93
s-tocaab.	od	Source	100	93
s-schiaab	od	Source	125	118
s-schimab	od	Source	126	119
s-filaab.	od	Source	100	93
fs-ca++7.4	mmol/l	Source	8087	2339
ab-hkr	osuus	Source	864	535
ab-k	mmol/l	Source	1089	614
ab-ca++7.4	mmol/l	Source	1106	618
ab-cl	mmol/l	Source	1123	636
ab-na	mmol/l	Source	1125	635
ab-lämpö	aste	Source	1072	605
ab-ca++	mmol/l	Source	1087	613
fs-rf	iu/ml	Source	1088	966
p-tt-	%	Source	1432	250
s-c-peptidi,proinsul.2haterianjälkeen	nmol/l	Source	14	13
p-tromboplastiiniaika,-tulostus	%	Source	36	19
fs-kalsium,ionisoitunut,aktuaal.	mmol/l	Source	1715	782
fs-kalsium,ionisoitunut,ph7.4:ssa	mmol/l	Source	1713	782
b-takrolimuusi,massaspekrometrinen	ug/l	Source	359	33
fs-transferriininrautakyllästeisyys	%	Source	144	128
s-hfostr	u/l	Source	910	328
s-ige-2,pölyryhmä,seulonta	u/ml	Source	88	85
s-varizella-zostervirus,igg-vasta-aineet	u/l	Source	85	84
s-c1inh	g/l	Source	1521	1267
non-hdl-kolesteroli,paastoplasma	mmol/l	Source	492	490
s-tbeabg	ru/ml	Source	91	82
s-borrelia,vasta-aineetiggvarmistustutkimus	au/ml	Source	202	161
b-pb	umol/l	Source	204	132
p-reumafaktori,määritys	iu/ml	Source	608	558
b-ghba1c/	%	Source	566	179
b-hba1c/p	mmol/mol	Source	568	179
s-hein1er	u/ml	Source	84	83
s-puu9er	u/ml	Source	54	50
s-eläi1er	u/ml	Source	123	119
s-infliks	mg/l	Source	933	350
e-coomb-o	estimate	Source	577	502
sy-solut	e6/l	Source	4106	2426
pt-gfrekys	ml/min/173m2	Source	6726	2474
kappa-lambda-suhde,kevytketju	ratio	Source	718	325
bikarbonaatti(aktuaali),kapi	mmol/l	Source	3182	1299
emäsylimäärä,kapillaariveri	mmol/l	Source	3948	1698
hemoglobiini(totaali),kapill	g/l	Source	3140	1284
alfa-1-mikroglobuliini,	mg/l	Source	92	82
tilavuus,keräysvirtsa	ml	Source	254	207
keräyksenkesto	min	Source	260	206
alfa-1-mikroglobuliini,	ug/min	Source	93	82
ly-cd19lymfosyytit	%	Source	262	186
ly-cd16/cd56	%	Source	262	186
b-cd16/cd56	e9/l	Source	263	186
b-neutrofiiliterillistutkimuksena	e9/l	Source	555	153
maksa-1-is	u/l	Source	1031	909
maksa-2-is	u/l	Source	1034	913
luusto-is	u/l	Source	1039	915
suolis-is	u/l	Source	619	560
pt-pef	form	Source	91	70
ap-shco3	mmol/l	Source	192	141
cbhco3pika	mmol/l	Source	4338	1386
p-cmvnh	u/ml	Source	1466	268
-cmvnh	u/ml	Source	281	158
cp-shco3	mmol/l	Source	1472	886
cbpco2pika	kpa	Source	2954	1087
cbpo2pika	kpa	Source	1696	711
cbhbo2satp	%	Source	1694	710
l-neut	e9/l	Source	4519	1546
s-k220e	u/ml	Source	32	31
s-latekse	u/ml	Source	232	229
di-gluk	mmol/l	Source	495	79
di-krea	umol/l	Source	448	61
di-na	mmol/l	Source	307	48
di-urea	mmol/l	Source	443	62
di-prot	g/l	Source	38	15
du-krea	mmol	Source	1602	1157
du-urea	mmol	Source	1220	497
pd-neut	%	Source	157	24
pd-ly	%	Source	151	24
pd-eos	%	Source	126	23
pd-leukmuu	%	Source	149	24
s-tob	mg/l	Source	803	316
p-transferriininrautakyllästeisyys,fp-fe/tr,fp-fe/tran,fp-fe/trans	%	Source	628	423
tb1	iu/ml	Source	121	106
tb2	iu/ml	Source	130	112
fp-ctx	ug/l	Source	1278	803
s-mehmyre	u/ml	Source	299	283
s-rapim1e	u/ml	Source	223	207
s-rvesv5e	u/ml	Source	361	316
s-rvesv1e	u/ml	Source	361	318
s-pemfiab	u/ml	Source	1322	573
s-hstesto	nmol/l	Source	613	418
fs-lipaas	u/l	Source	1878	348
s-adioni	nmol/l	Source	1252	829
albumiininjakreatiniininsuhde	mg/mmol	Source	382	333
sitrulliinipeptidi,vasta-aineet	u/ml	Source	486	459
b-pvk	g/l	Source	371	142
b-pvk	pg	Source	191	142
b-pvk	e12/l	Source	180	133
b-pvk	e9/l	Source	180	133
b-pvk	fl	Source	191	142
pf-leuk	e9/l	Source	49	47
tromboplastiiniaika,inr-tulos	inr	Source	2713	381
tromboplastiiniaika,plasma	%	Source	676	494
tromboplastiiniaika,aktivoitu	s	Source	16	16
mcv	fl	Source	69	58
mchc	g/l	Source	101	86
p-crp-päi	mg/l	Source	122	92
p-etoh	promille	PrimaryInjection	526	326
vesirokkovirus,iggvasta-aineet	eiu	Source	18	18
osmolaliteettiestimoitu	mosm/kgh2o	Source	212	162
p-kors-9h	nmol/l	Source	211	186
s-papp-a	mu/l	Source	533	410
s-testostervapaalaske	pmol/l	Source	122	85
NA	mg/mmol	Source	148	148
s-t4v	pmol/l	Source	1086	647
transferiininrautakyllästeisyys,seerumista,paastotilassa	osuus	Source	236	128
b-ly␤	e9/l	Source	293	72
p-krea-vt	umol/l	Source	2805	1386
p-na-vt	mmol/l	Source	2850	1389
p-k-vt	mmol/l	Source	3603	1649
p-d-vitamiini-25-oh	nmol/l	Source	1605	1484
l-promyelosyytit	%	Source	3617	1346
l-neutrofiilit,sauvatumaiset	%	Source	3475	1277
l-neutrofiilit,liuskatumaiset	%	Source	3535	1288
s-ld-1	%	Source	209	201
s-ld-5	%	Source	208	200
s-ld-2	%	Source	199	191
s-ld-3	%	Source	197	189
s-ld-4	%	Source	194	188
pf-lymf	%	Source	173	136
pf-gran	%	Source	443	347
pf-muutsol	%	Source	380	307
cb-hb-hy	g/l	Source	1576	938
s-b12-vitamiini,aktiivinen	pmol/l	Source	1135	921
s-gadab	iu/ml	Source	1693	1557
nu-alb-12h	ug/min	Source	13	13
nu-alb-mi	ug/min	Source	155	120
u-alb/krea	mg/mmol	Source	879	488
b-eosinofiilit,b-diffiosatutkimus	e9/l	Source	776	469
b-neutrofiilit,b-diffiosatutkimus	e9/l	Source	813	496
s-erytropoietiini	u/l	Source	269	257
b-pvk+tkd	%	Source	567	157
s-adaliab	au/ml	Source	257	202
s-ca12-5antigeeni	u/ml	Source	416	172
s-he4,ihmisenepididymaalinenantigeeni4	pmol/l	Source	204	125
p-psavapaanosuustotaalista	%	Source	719	577
p-prostataspesifinenantigeeni,vapaa	ug/l	Source	844	720
s-ttgaba	eliau/ml	PrimaryInjection	309	300
b-eryt	e9/l	Source	327	286
e-mcv	pg	Source	323	285
b-hb	e9/l	Source	525	333
e-mch	fl	Source	322	284
b-leuk	g/l	Source	326	285
pt-krea-cl	ml/s	Source	56	31
p-at3-spr	%	Source	330	314
p-ttinrsp	inr	Source	477	442
p-tt-spr	%	Source	511	463
oma-ghb-a1c	mmol/mol	PrimaryInjection	3023	985
s-hepyabg	index	Source	749	692
s-maksa-1	u/l	Source	115	104
s-maksa-2	u/l	Source	110	99
s-luust	u/l	Source	100	91
s-suoli	u/l	Source	115	104
pt-glomerulussuodosnopeus,estimoituckd-epi-kaava	ml/min/173m2	Source	3485	2719
non-hdl-kolesteroli	mmol/l	Source	1341	1272
s-c-peptidi1haterianjälkeen	nmol/l	Source	275	245
pt-kalsium,ionisoitunut	mmol/l	Source	978	590
pt-kalsiumionisoitunutph7.4	mmol/l	Source	976	589
kalsium,ionisoitunutph	ph	Source	4705	1589
tupakka	u/24h	Source	599	593
askivuosia	u/24h	Source	177	177
b-hbpika	g/l	Source	177	157
troponiinit,plasma	ng/l	Source	5794	2125
erytrosyytit,virtsa	e6/l	Source	7631	2842
epiteelisolut,virtsa	e6/l	Source	7631	2842
lieriöt,virtsa	e6/l	Source	7631	2842
leukosyytit,virtsa	e6/l	Source	6451	2542
-immunoglobuliini,alaluokkag1	g/l	Source	74	46
-immunoglobuliini,alaluokkag2	g/l	Source	74	46
s-immunoglobuliini,alaluokkag3	g/l	Source	74	46
s-immunoglobuliinig4	g/l	Source	74	46
s-immunoglobuliini-g,summa	g/l	Source	74	46
b-na-v	mmol/l	Source	130	95
ab-hb-vt	g/l	Source	225	144
ab-pco2-vt	kpa	Source	92	69
ab-po2-vt	kpa	Source	95	72
ab-ahco3vt	mmol/l	Source	90	70
ab-be-vt	mmol/l	Source	45	33
ab-hbo2svt	%	Source	65	53
ab-caionvt	mmol/l	Source	84	63
NA	mu/l	Source	1133	1068
s-rf	iu/ml	PrimaryInjection	1200	1139
p-kpika	mmol/l	Source	302	229
p-kreapik	umol/l	Source	311	238
p-napika	mmol/l	Source	305	229
klotsapiini,seerumi	nmol/l	Source	1152	75
desmetyyliklotsapiini	nmol/l	Source	1222	100
kreatiniini(u-maniposat.)	mmol/l	Source	394	150
fosfatidyylietanoli,veri	umol/l	Source	335	184
s-tyglab	iu/ml	Source	1802	597
crppika	mg/l	PrimaryInjection	425	191
s-adalimumabi	mg/l	Source	57	52
s-ihmisenepididymaalinenantigeeni4	pmol/l	Source	252	168
s-ttgaba	form	Source	156	153
uraatti	umol/l	Source	3560	2311
phakt.	ph	Source	140	75
kalsium(7.4)	mmol/l	Source	140	75
s-prot	g/l	PrimaryInjection	85	83
s-album	g/l	PrimaryInjection	52	51
s-alfa-1	g/l	PrimaryInjection	61	57
s-alfa-2	g/l	PrimaryInjection	61	58
s-beta-1	g/l	PrimaryInjection	52	51
s-beta-2	g/l	PrimaryInjection	52	51
s-gamma	g/l	PrimaryInjection	62	58
s-mkomp-1	g/l	PrimaryInjection	56	54
s-mkomp-2	g/l	PrimaryInjection	55	53
s-mkomp-3	g/l	PrimaryInjection	52	51
s-mkomp-4	g/l	PrimaryInjection	52	51
b-lymfos	%	Source	173	146
b-neutr	%	Source	2371	414
transferriinisaturaatio	%	Source	292	239
s-rarah3e	u/ml	Source	317	304
s-hevb11e	u/ml	Source	26	26
s-rhevb1e	u/ml	Source	89	89
s-rhevb3e	u/ml	Source	84	84
s-rhevb8e	u/ml	Source	79	79
banaani	u/ml	Source	18	18
paprika	u/ml	Source	11	11
s-alfamye	u/ml	Source	30	30
fp-trfe-sa	%	Source	1262	658
cb-o2-sis	ml/l	Source	461	211
cb-sbc	mmol/l	Source	461	211
mb-ahco3	mmol/l	Source	2770	161
mb-be	mmol/l	PrimaryInjection	975	38
mb-hbo2sat	%	Source	2507	51
mb-k-veka	mmol/l	Source	2501	51
mb-na-veka	mmol/l	Source	2500	51
mb-gluk	mmol/l	Source	2502	51
mb-laktaat	mmol/l	Source	2452	51
mb-cl	mmol/l	Source	2504	51
mb-ca-ion	mmol/l	Source	2504	51
mb-ca(7.4)	mmol/l	Source	2502	51
mb-be	mmol/l	Source	1372	146
p-ureaed	mmol/l	Source	233	35
p-ureajd	mmol/l	Source	213	34
p-urea-de	mmol/l	Source	1912	94
p-gluk.	mmol/l	Source	752	269
5385	mmol/l	Source	569	436
5386	mmol/l	Source	354	298
5387	°c	Source	568	436
5388	g/l	Source	568	436
5408	mmol/l	Source	561	431
hemoglobiini(totaali),koneveri	g/l	Source	497	30
bikarbonaatti(aktuaali),koneveri	mmol/l	Source	497	30
hiilidioksidiosapaine,koneveri	kpa	Source	497	30
happiosapaine,koneveri	kpa	Source	495	30
happikyllästeisyys(hemoglobiini),koneveri	%	Source	493	30
kalium,koneveri	mmol/l	Source	499	30
natrium,koneveri	mmol/l	Source	499	30
glukoosi,koneveri	mmol/l	Source	498	30
laktaatti,koneveri	mmol/l	Source	499	30
kloridi,koneveri	mmol/l	Source	499	30
kalsium,ionisoitunut,koneveri	mmol/l	Source	497	30
kalsium,ionsoitunut(7.4),koneveri	mmol/l	Source	496	30
urea,ennendialyysiä	mmol/l	Source	141	32
du-proteiini␤	g	Source	148	80
urea,dialyysinjälkee	mmol/l	Source	133	32
emäsylimäärä,koneveri	mmol/l	Source	216	28
p-cytomegalovirus,nukleiinihappo,(kvant)	iu/ml	Source	102	19
l-promyelosyytti	%	Source	847	248
l-myelosyytti	%	Source	847	246
l-metamyelosyytti	%	Source	846	246
u-mukon	umol/l	Source	18	17
p-hstni	ng/l	Source	3261	1194
paastoplasmankalsium-ioni,aktuaali	mmol/l	Source	758	388
ckd-epi-yhtälö	ml/min/173m2	Source	12959	2203
li-hsvabg	eiu	Source	185	161
p-ca15-3antigeeni	u/ml	Source	454	156
s-protks	g/l	Source	215	158
du-protks	g	Source	9	8
pt-gfre-3	ml/min/173m2	Source	1588	433
u-osmol	mo/kgh2o	Source	295	232
s-osmol	mo/kgh2o	Source	218	161
u-cr	umol/l	Source	208	129
u-ni	umol/l	Source	747	344
du-5hiaa	umol	Source	332	282
sy-neut+eo	%	Source	2006	1297
sy-mononuk	%	Source	2069	1350
b-hemoglopiini	g/l	Source	465	131
p-troponiinit,vieritutkimus	ng/l	Source	29	20
p-glukoosi,vieritutkimus	mmol/l	Source	206	156
p-hiv1nh	u/ml	Source	1609	432
li-oreksa	ng/l	Source	122	117
s-5-ht	nmol/l	Source	224	167
seleenikokoveren	umol/l	Source	350	281
crp,herkkä	mg/l	Source	227	185
s-alat	iu/l	Source	251	195
s-asat	iu/l	Source	247	190
s-gt	iu/l	Source	216	174
fs-lipidit	paketti	Source	259	220
kol-hdl/kol	mmol/l	Source	129	102
rasvahappoprofiili	paketti	Source	245	212
myristiinihappo	%	Source	314	254
eikoseenihappo	%	Source	318	258
eikosadieenihappo	%	Source	319	259
dihomo-gamma-linoleenihappo	%	Source	318	258
arakidonihappo	%	Source	317	257
eikosapentaeenihappo	%	Source	319	259
dokosapentaeenihappo	%	Source	318	258
dokosaheksaeenihappo	%	Source	318	258
omega3-rasvahappojenkokonaismäärä	%	Source	315	255
omega6-rasvahappojenkokonaismäärä	%	Source	315	255
palmitiinihappo	%	Source	315	255
palmitoleiinihappo	%	Source	315	255
steariinihappo	%	Source	315	255
oleiinihappo	%	Source	314	254
linoleenihappo	%	Source	314	254
gamma-linoleenihappo	%	Source	314	254
alfalinoleenihappo	%	Source	317	257
s-neurofilamentti,kevytketjut	ng/l	PrimaryInjection	11	11
p-hcyst	umol/l	PrimaryInjection	61	53
s-tfr	mg/l	PrimaryInjection	79	77
s-zn	umol/l	Source	584	460
-amylp	u/l	Source	80	51
u-kreintp	mmol/l	PrimaryInjection	55	54
as-eryt	e6/l	PrimaryInjection	758	499
as-gluk	mmol/l	Source	680	543
as-leuk	e6/l	PrimaryInjection	761	500
as-prot	g/l	Source	963	744
NA	mmol/m	Source	662	656
fosfatidyylietanoli,verestä	umol/l	Source	3284	2394
s-psavapaanjatotaalinsuhde	%	Source	106	76
s-t3-vdi	pmol/l	Source	568	484
pt-gfreepio1	ml/min/173m2	Source	649	232
sy-leukosyytit,liuskatumaiset	%	Source	183	154
sy-leukosyytit,yksitumaiset	%	Source	183	154
p-fibriinind-dimeerit,pikatutkimus	mg/l	Source	18	17
s-koriongonadotropiini-b-alayksikkö,vapaa1.trimesterinseula	ug/l	Source	462	446
-niskaturvotus	mm	Source	601	591
pulssi	form	Source	1325	1182
kreatiniini,hoitoyksikönvieritesti,veri	mmol/l	Source	163	120
natrium,hoitoyksikönvieritesti,veri	mmol/l	Source	163	118
kalium,hoitoyksikönvieritesti,veri	mmol/l	Source	166	120
leukosyytit,vieritesti	e9/l	Source	381	219
hemoglobiini,vieritutkimus	g/l	Source	176	122
glukoosi,hoitoyksikönvieritesti,kokoveri	mmol/l	Source	77	57
koriongonadotropiini	u/l	Source	391	212
kalsium,albumiinikorjattu(p-,sis.p-alb)	mmol/l	Source	404	352
p-troponiinit,kvantitatiivinen	ng/l	Source	1302	573
p-uraatti,plasma(umol/l)	umol/l	Source	182	101
11776	au/ml	Source	22	18
s-il2r	u/ml	Source	422	338
li-ada	u/l	Source	64	57
s-norklob	umol/l	Source	384	80
s-klobat	umol/l	Source	366	75
koivu	mm	Source	31	31
tervaleppä	mm	Source	29	29
timotei	mm	Source	40	40
niittynur.	mm	Source	18	18
pujo	mm	Source	40	40
hevonen	mm	Source	40	40
koira	mm	Source	40	40
kissa	mm	Source	40	40
d.farinae	mm	Source	29	29
histam	mm	Source	20	20
neg.kontr	mm	Source	39	39
testosteroni,vapaalask	pmol/l	Source	913	704
fp-reninm	mu/l	Source	1612	1084
b-hba1cvt	mmol/mol	PrimaryInjection	58	51
b-hemoglobiini-a1c,vieritesti	mmol/mol	PrimaryInjection	37	34
li-lzm	mg/l	Source	165	155
li-prot	g/l	Source	233	206
p-pbnp-o	ng/l	Source	223	165
troponiini	ng/l	Source	1588	1158
pakettis-alaniiniaminotransferaasi	u/l	Source	43	41
pakettis-b12-vitamiini	pmol/l	Source	43	41
pakettis-d-25	nmol/l	Source	32	32
pakettis-glutamyylitransferaasi	u/l	Source	40	38
pakettis-k	mmol/l	Source	33	33
pakettifs-kreatiniini	umol/l	Source	22	21
pakettis-na	mmol/l	Source	33	33
pakettis-tsh	mu/l	Source	31	31
pakettis-tyroksiini,vapaa	pmol/l	Source	39	37
pakettis-ca-albk	mmol/l	Source	16	16
pakettib-hba1c	mmol/mol	Source	35	35
s-crp-o	form	Source	303	200
s-triglyseriditosatutkimus	mmol/l	Source	162	128
s-kolesteroliosatutkimus	mmol/l	Source	161	128
s-kolesteroli,osatutkimushighdensitylipoproteiinit	mmol/l	Source	161	128
b-crp-0	mg/l	Source	280	137
se-krea	umol/l	Source	809	340
se-amyl	u/l	Source	1679	631
e-6-tgn	umol/l	Source	26	24
s-c-reaktiivinenproteiini	mg/l	Source	773	612
s-komplementtic3	g/l	Source	163	138
s-tuma,vasta-aineet	titre	Source	281	256
fs-reumafaktori,määritys(kvant)	iu/ml	Source	9	9
s-chlamydiatrachomatis,igg-vasta-aineet	au/ml	Source	13	11
p-gluk-o	mmol/l	Source	1304	483
s-hcvnh	iu/ml	Source	129	105
s-emaba	titre	Source	924	739
pt-glomerulussuodosnopeus,estimoitu,ckd-epi-kaav	ml/min/173m2	Source	5281	1792
s-bta-2-fraktio	g/l	Source	35	30
du-oksal	umol/24h	Source	470	313
du-sitraat	mmol	Source	161	103
s-hbsab	u/l	Source	1350	1240
laktaatti(verikaasulaite),ka	mmol/l	Source	653	438
kalsium,ionisoitunut(7.4),pl	mmol/l	Source	1012	569
glukoosi(verikaasulaite),kap	mmol/l	Source	652	438
s-hcg-b-v	pmol/l	Source	1130	442
s-codiab	iu/ml	Source	254	218
s-clteab	iu/ml	Source	313	283
s-stpn14	mg/l	Source	410	288
s-stpn18c	mg/l	Source	501	337
s-stpn19f	mg/l	Source	464	316
s-stpn23f	mg/l	Source	486	324
s-stpn6b	mg/l	Source	432	299
s-stpn9v	mg/l	Source	448	308
s-stpn5	mg/l	Source	372	277
s-stpn7f	mg/l	Source	494	327
p-la1	s	Source	1064	917
s-scc-ag	ug/l	Source	959	497
s-ferrit	umol/l	Source	15	14
pt-gfr-arv	ml/min/173m2	Source	1248	682
s-ssa-60	u/ml	Source	201	145
s-rnp70-ab	u/ml	Source	262	225
s-rib-pab	u/ml	Source	98	96
p-hcg	iu/l	Source	858	385
s-dnan-ab	iu/ml	Source	120	96
l-liusk	%	Source	2753	856
vbhco3pika	mmol/l	Source	26	24
siklosporiinia,massaspektrometrinen,verestä	ug/l	Source	421	57
fs-pth	ng/l	Source	1065	588
u-krea␤	mmol/l	Source	139	132
b-lcd34	e9/l	Source	228	138
l-cd34	%	Source	460	284
la-cd34-os	%	Source	373	277
la-cd34	e9/l	Source	183	136
virtsansuhteellinentiheys	kg/l	Source	90	70
monosyytitabsol.arvot	e9/l	Source	1313	936
neutrofiilit.absol.arvot	e9/l	Source	1339	939
tyreotropiini(tsh)	mu/l	Source	614	515
tyroksiini,vapaa(t4v)	pmol/l	Source	782	578
fibriinind-dimeerit,pikatesti,veri(3939b-fidd-pt)	mg/l	Source	7	7
eosinofiilit,absol.arvot,osatutkimus(39b-eos)	e9/l	Source	114	95
basofiilit,absol.arvot,osatutkimus(40b-baso)	e9/l	Source	114	95
monosyytit,absol.arvot,osatutkimus(42b-monos)	e9/l	Source	114	95
lymfosyytit,absol.arvot,osatutkimus(43b-lymf)	e9/l	Source	114	95
lymfosyytit,osatutkimus(46l-lymf)	%	Source	114	95
l-neut,osatutkimus(688l-neut)	%	Source	114	95
b-neut,osatutkimus(689b-neut)	e9/l	Source	114	95
eosinofiilit,osatutkimus(690l-eos)	%	Source	114	95
basofiilit,osatutkimus(692l-baso)	%	Source	128	103
monosyytit,osatutkimus(693l-monos)	%	Source	114	95
valkosolu,vasta-aineet,	titre	Source	30	29
neutrofiilit+eosinofiilit,niv	%	Source	187	141
mononukleaarisetsolut,niveln	%	Source	186	140
s-adencf	titre	Source	481	412
p-k.	mmol/l	Source	1513	743
p-na.	mmol/l	Source	1467	727
p-krea.	umol/l	Source	1719	861
p-tni.	ug/l	Source	155	125
p-crp-hoi	mg/l	Source	1173	336
pt-krea-cl	ml/s/173m2	Source	273	218
crp-pitoisuus,hoitoyksikkömittaavieritestilaitteella	mg/l	Source	771	294
kalsium,albumiinikorjattu,plasma	mmol/l	Source	3434	1542
s-borreliaigg,vasta-aineet	au/ml	Source	14	10
s-dnanab	u/ml	Source	2079	1454
p-koriongonadotropiini	u/l	Source	260	138
tehtyposantutk.rek.siirtoavarten	ug/l	Source	128	102
psa-vapaa/totaali-suhde,plasmasta	%	Source	1183	523
laktaatti,verestä,pikatesti␤	mmol/l	Source	718	499
hiilidioksidiosapaine,laskimoverestä,pikatesti␤	kpa	Source	707	486
pikatesti,c-reaktiivinenproteiini	mg/l	Source	315	191
leukosyytit,pikatesti,verestä	e9/l	Source	558	261
hemoglobiini,verestä,vieritesti	g/l	Source	546	426
kalsium,albumiinikorjattu,plasmasta␤(huom.alb-pitoisuus)	mmol/l	Source	680	520
s-hbsab	iu/l	Source	1584	1479
i-statcrea	umol/l	Source	1594	779
i-stathct	%	PrimaryInjection	53	51
i-statk	mmol/l	Source	1396	666
i-statna	mmol/l	Source	1400	665
s-kopept	pmol/l	Source	417	317
p-meoh	mmol/l	Source	316	242
p-etgly	mmol/l	Source	298	227
p-ipro	mmol/l	Source	297	228
p-progly	mmol/l	Source	285	220
p-asetoni	mmol/l	Source	171	126
s-koriongonadotropiini-b-alayksikkö,ihm.vap.	ug/l	Source	56	55
s-koriongonadotropiini-b-alayksikkö,ihm.vap	ug/l	Source	309	309
p-prostataspesifinenantigeenivapaanjakok.psa:	%	Source	185	146
s-prostataspesifinenantigeenivap/tot-suhde	%	Source	280	209
b-dextro	mmol/l	Source	291	212
b-hemocue	g/l	Source	386	267
retikulosyyttienkeskimääräinenhemoglobiininmäärä	pg	Source	525	389
p-antifactorix-aktiivisuus(hepariininestovaik)	iu/ml	Source	12	8
p-hyytymistekijäviii	%	Source	189	157
p-antitrombiiniiii	%	Source	230	175
s-myogl	ug/l	Source	583	318
as-solut	e6/l	Source	745	321
fp-parathormoni,intakti	ng/l	Source	443	347
sitruliinipeptidi,vasta-aineet	u/ml	Source	360	354
p-crp-hy,osoitushoitoyksikössä	mg/l	Source	611	438
s-hcg	iu/l	PrimaryInjection	311	119
lämpö	aste	Source	99	89
p-dvitamiini-25-oh	nmol/l	Source	28	25
s-anaab	titre	Source	701	640
cp-gluk-lb	mmol/l	Source	10492	591
p-tnt-lb	ng/l	Source	160	85
b-tnt-hy	ng/l	Source	51	46
vb-he-tase,vb-beecf	mmol/l	Source	202	152
vb-he-tase,vb-hco3	mmol/l	Source	330	240
vb-he-tase,vb-na	mmol/l	Source	330	241
vb-he-tase,vb-k	mmol/l	Source	328	240
p-gfreepi	ml/min/173m2	Source	7585	1211
s-ssbab	u/ml	Source	1137	744
p-c1q	%	Source	36	33
fs-c-reaktiivinenproteiini	mg/l	Source	241	58
fp-kreatiniini	umol/l	Source	941	514
b-ghba1c/pika	%	Source	719	356
b-hba1c/pika	mmol/mol	Source	452	183
s-e2	nmol/l	PrimaryInjection	363	279
glukr-0	mmol/l	Source	144	113
glukr-2h	mmol/l	Source	144	113
glukr-1h	mmol/l	Source	125	98
b-leukosyytit␤	e9/l	Source	1024	490
p-alaniiniaminotransferaasi,paikallisanalytiikka,kuivakemia	u/l	Source	508	422
hb(nla)	g/l	Source	1062	149
oma-b-fidd	mg/l	Source	393	349
omab-fibriinind-dimeerit	mg/l	Source	49	47
p-fiddosoitus	mg/l	Source	107	104
p-fibriinidimeerit	mg/l	Source	364	336
s-alb/li	g/l	Source	55	52
s-igg/li	g/l	Source	54	51
du-oksal	umol/24h	PrimaryInjection	259	200
b-eryt	%	Source	760	388
s-cmvavi	index	Source	119	110
s-cmvabm	u/ml	Source	229	185
triglyseriditplasmasta,paastotila	mmol/l	Source	1212	713
p-koriongonadotropiini,totaali,plasmasta	u/l	Source	38	27
p-bilirubiinikonjugaatit	umol/l	Source	1839	961
s-beeta-2-mikroglobuliini	mg/l	Source	95	84
s-tymidiinikinaasi	u/l	Source	237	121
p-fs	s	Source	319	270
p-c-pept	nmol/l	Source	1597	790
glukoosinpikamittaus	1	Source	351	171
b-hba1c	mmol	Source	1218	544
u-muuta	u/field	Source	120	89
b-neutrofiilitabsoluuttinenarvo	e9/l	Source	206	122
liuskatumaisetneutrofiilit	%	Source	178	111
korionkonadotropiini-beta-alayksikkö,vapaa,(alkuraskaudennäyte)	ug/l	Source	78	78
s-hcg-b/d	ug/l	Source	195	189
p-larvvct	form	Source	22	16
p-hepneu	form	Source	6	6
p-traika	s	Source	153	147
bikarbonaatti(aktuaali),valt	mmol/l	Source	586	252
emäsylimäärä,valtimoveri	mmol/l	Source	1078	535
hemoglobiini(totaali),valtim	g/l	Source	586	252
crpvastaanotolla	mg/l	PrimaryInjection	302	206
u-hcg	iu/l	PrimaryInjection	56	54
s-ebvabm	u/ml	Source	185	170
cp-crp-lb	mg/l	Source	247	127
glomerulussuodosnopeus,estimoitu,ckd-epi-kaavalla	ml/min/173m2	Source	168	146
s-vzv,iggvasta-aineet	miu/ml	Source	10	10
lupusantikoagulantti,drvvt	ratio	Source	44	41
lupusantikoagulantti,ptt	ratio	Source	44	41
beeta-2-glykoproteiini,igmvasta-aineet,plasma	u/ml	Source	47	39
beeta-2-glykoproteiini,iggvasta-aineet,plasma	u/ml	Source	116	107
kardiolipiini,iggvasta-aineet,plasma	gpl	Source	113	105
kardiolipiini,igmvasta-aineet,plasma	mpl	Source	122	111
solut,nivelneste	e6/l	Source	599	415
p-probnp(k	ng/l	Source	199	145
p-probnp(ksks)	ng/l	Source	593	297
vb-sbc	mmol/l	Source	86	79
ab-sbc	mmol/l	Source	138	73
s-igf1sds	nmol/l	Source	1405	854
p-korsol.	nmol/l	Source	102	94
hba1cvieritestipoliklinikoille	mmol/mol	Source	151	100
l-liuskatumaisetneutrofiilit␤	%	Source	1196	390
l-metamyelosyytit␤	%	Source	1193	390
l-myelosyytit␤	%	Source	1194	390
l-promyelosyytit␤	%	Source	1193	390
l-blastit␤	%	Source	1193	390
s-ustek	mg/l	Source	158	84
fp-lipaasi	u/l	Source	78	37
s-ustekinumabi␤	mg/l	Source	24	18
s-timoteinsiitepöly(g6),ige-vasta-aineet	u/ml	Source	42	42
s-koivunsiitepöly(t3),ige-vasta-aineet	u/ml	Source	22	22
s-pujonsiitepöly(w6),ige-vasta-aineet	u/ml	Source	90	90
s-hevosenhilse(e3),ige-vasta-aineet	u/ml	Source	61	61
s-kissanhilse(e1),ige-vasta-aineet	u/ml	Source	135	135
s-koiranhilse(e5),ige-vasta-aineet	u/ml	Source	192	192
s-dermatophagoidespteronyssinus(d1),ige-vasta-aineet	u/ml	Source	50	50
s-cladosporiumherbarum(m2),ige-vasta-aineet	u/ml	Source	157	157
tsh-reseptori,vasta-aineet	iu/l	Source	121	102
hb(päiv.hoitaja)	g/l	Source	52	52
p-proaika	s	Source	388	52
p-preurea	mmol/l	Source	2928	178
p-posturea	mmol/l	Source	1583	157
p-urea,resirkulaatio	mmol/l	Source	200	66
-dialyysinjälkeen,p-urea	mmol/l	Source	180	68
-ennendialyysiä,p-urea	mmol/l	Source	210	68
kalsium,ionisoitunut,ph7.4-korjattu	mmol/l	Source	522	389
oma-ghba1c	mmol/mol	PrimaryInjection	1078	414
oma-ghba1c	%	PrimaryInjection	1080	466
s-uraatti	umol/l	Source	621	544
s-maksa-1-isoentsyymi(afos)	u/l	Source	226	215
s-maksa-2-isoentsyymi(afos)	u/l	Source	226	215
s-luustoisoentsyymi(afos)	u/l	Source	221	211
s-suolistoisoentsyymi(afos)	u/l	Source	126	122
u-gluk-o	form	Source	842	483
u-leuk-o	form	Source	896	607
u-nitr-o	form	Source	833	574
p-glukhoi	mmol/l	Source	279	193
pt-gluk-r6:p-gluk1hnäyte	mmol/l	Source	194	145
pt-gluk-r6:fp-gluk0-näyte	mmol/l	Source	195	145
pt-gluk-r6:p-gluk2hnäyte	mmol/l	Source	194	145
levyepiteelit	e6/l	Source	311	289
pienetepiteelisolut	e6/l	Source	264	245
kolesteroli/lipiditosatutkimus	mmol/l	Source	1181	890
kolesteroli,highdensitylipoproteiinit/lipiditosatutkimus	mmol/l	Source	1186	893
triglyseridit(trigly)/lipiditosatutkimus	mmol/l	Source	1185	892
kolesteroli,lowdensitylipoproteiinit(ldl)/lipiditosatutkimus	mmol/l	Source	1185	892
glomerulussuodosnopeus,estimoitu,kystatiini(23315pt-gfrekys)	ml/min/173m2	Source	16	16
kystatiinic(4507p-kysc)	mg/l	Source	19	18
p-trijodityroniini,vapaa,plasmasta	pmol/l	Source	505	231
fp-folaat	nmol/l	Source	855	701
p-fiddpik	mg/l	Source	310	275
cb-inr-hoi	inr	Source	799	96
fb-leukosyytit/ima	e9/l	Source	104	92
fp-ca-ion	mmol/l	Source	1040	557
e-erybla	e9/l	Source	380	143
b-crp-o	mg/l	PrimaryInjection	242	124
s-piiinp	ug/l	Source	2039	1235
b-ghb-a1c	mmol	PrimaryInjection	50	43
b-ghb-a1c	mmol/mol	PrimaryInjection	275	167
b-hba1c	mmol/mol	PrimaryInjection	764	516
ca++/7.40	mmol/l	PrimaryInjection	195	186
p-viskos	mpas	Source	210	116
p-viskos	mpas	PrimaryInjection	160	108
b-erytrosyytit,kokojakaumaprosentti	%	Source	389	295
-amyl	u/l	Source	4274	770
sy-gran	%	Source	1467	1036
sy-lymf	%	Source	525	353
sy-muutsol	%	Source	986	694
pt-ekg,12kytkentäälevossa	1	Source	55	50
p-gluk2h	mmoll/l	Source	169	114
pika-gluk	mmol/l	Source	1880	725
p-tfr	mg/l	PrimaryInjection	269	264
p-iga	g/l	PrimaryInjection	84	83
b-probnp-o	ng/l	Source	139	102
pf-mononuk	%	Source	836	618
pf-alb	g/l	Source	413	362
p-koriongonadotropiini,ihmisen	u/l	Source	272	171
s-scl70-ab	u/ml	Source	122	90
s-enaab	ratio	Source	237	180
s-hyalur	ug/l	Source	24	23
s-timp-1	ug/l	Source	23	22
u-hyaliinilieriöt	e6/l	Source	432	264
pika-ghb-a,pika-ghb-a1c	%	Source	216	64
pika-ghb-a,pika-hba1c	mmol/mol	Source	216	64
u-alb/kre,u-alb/krea	mg/mmol	Source	148	67
pika-ghb-a1c,pika-ghb-a1c	%	Source	309	79
pika-ghb-a1c,pika-hba1c	mmol/mol	Source	305	79
l-neutrofiilit,osatutk2225diffi	%	Source	34	28
l-lymfosyytitosatutk2225diffi	%	Source	33	28
l-monosyytitosatutk2225diffi	%	Source	33	28
b-eosinofiilit,b-diffiosatutkimus2225	e9/l	Source	32	27
b-neutrofiilit,b-diffiosatutkimus2225diffi	e9/l	Source	33	28
basofiilisetleukosyytitosatutk2225diffi	%	Source	33	28
eosinofiilitosatutk.2225diffi	%	Source	33	28
basofiilisetleukosyytitosatutk2225diffi	e9/l	Source	32	27
lymfosyytitosatutk2225diffi	e9/l	Source	33	28
monosyytitosatutk2225diffi	e9/l	Source	33	28
prostataspesifinenantigeeni,vapaa	ug/l	Source	289	233
hemoglobiini-a1c	mmol/mol	Source	535	472
fp-ca	mmol/l	PrimaryInjection	208	189
s-ca153ver	u/ml	Source	231	222
s-aldos-m	pmol/l	Source	88	80
du-metnef	umol	Source	914	827
du-normet	umol	Source	933	828
b-mxa	ug/l	Source	434	334
p-il6	ng/l	Source	645	464
s-sjögreninsyndroma,a(ro60)-vasta-aineet	u/ml	Source	32	31
s-gbmab	u/ml	Source	138	40
d-vitamiini-25-oh,plasmasta	nmol/l	Source	694	485
b12-vitamiini	pmol/l	Source	245	231
s-pölyerittely(phadiatop),igevasta-aineet	u/ml	Source	249	249
pika-hb	g/l	Source	1071	684
p-ckmbm	ug/l	Source	372	292
s-zuklop	nmol/l	Source	96	49
b-hba1c	%	Source	777	563
fp-gluk-2h	mmol/l	Source	109	96
fp-gluk-0h	mmol/l	Source	156	132
pf-trigly	mmol/l	Source	539	431
pf-amyl	u/l	Source	512	410
pf-kol	mmol/l	Source	614	497
pf-l/liusk	%	Source	317	241
pf-l/yksit	%	Source	317	241
p-tc1	nmol/l	Source	28	28
p-tc2	nmol/l	Source	29	29
b-dnaex	form	Source	420	412
b-dnamut	form	Source	581	551
s-prealbumiini	mg/l	Source	385	236
n-terminaalinenpro-bnp(nt-probnp)	ng/l	Source	2053	1505
vieri-inr	inr	Source	564	534
li-muutsol	%	Source	405	344
li-neut+eo	%	Source	618	475
li-mononuk	%	Source	628	485
li-hemafc	form	Source	62	49
ts-idh1/2d	form	Source	9	9
b-pvk+t	%m	Source	229	162
b-pvk+t	%l	Source	229	162
b-pvk+t	%g	Source	229	162
b-6-tgn	umol/l	Source	110	80
p-glukoosi2h	mmol/l	Source	53	46
b-leukpä	e9/l	Source	105	73
b-leuk-pika	e9/l	Source	478	247
-hcgbsuh	%	Source	349	86
s-kiivie	u/ml	Source	101	100
u-sg	kg/l	Source	3827	2148
-dmriski	%	PrimaryInjection	54	54
ureapika	mmol/l	Source	894	721
cu-tilav	ml	Source	2546	1068
cu-kesto	min	Source	2606	1064
c-reaktiivinenproteiini(crp)	mg/l	Source	381	308
c-reaktiivinenproteiini(p-crp)	mg/l	Source	500	369
kalsium,osatutkimus(p-ca)	mmol/l	Source	167	140
p-ca-albk(laskennallinentutkimus)	mmol/l	Source	161	138
s-epstein-barrvirus,iggvasta-aineet	u/ml	Source	75	70
s-suolistoisoentsyymi	u/l	Source	122	114
s-maksa-1-isoentsyymi	u/l	Source	189	176
s-luustoisoentsyymi	u/l	Source	72	65
s-maksa-2-isoentsyymi	u/l	Source	188	175
alkalinenfosfataasi,suolistoperäinenisoentsyymi	%	Source	52	49
f-hhb	ug/g	Source	363	283
tromboplastiiniaika,aktivoitu,partiaalinen.plasma	s	Source	752	528
s-papmom,korjattumom	mom	Source	308	306
s-nt	mm	Source	769	705
s-ntmom	mom	Source	769	705
s-koriongonadotropiini-b-alayksikkö,vapaaxmom,down-seulassa	mom	Source	308	306
fp-tffesat	%	Source	1121	322
b-hco3	mmol/l	Source	3017	650
pd-neut+eo	%	Source	588	67
pd-lymf+mo	%	Source	145	25
pd-solut	e6/l	Source	925	94
p-fibrspr	g/l	Source	138	132
p-apttspr	s	Source	146	137
li-alb	g/l	Source	34	33
li-igg	g/l	Source	37	36
s-insu-ab	u/ml	Source	195	133
s-trypg2	ug/l	Source	459	104
p-mypa	mg/l	Source	1692	376
p-bkvnh	u/ml	Source	148	36
afosluu	u/l	Source	90	76
afosmaks2	u/l	Source	68	56
cu-a1migl	ug/min	Source	61	38
fp-fosfaatti	mmol/l	Source	690	304
c-peptidi,proinsuliinin,paastonaikainen	nmol/l	Source	60	53
immunoglobuliinia,plasma	g/l	Source	237	217
b-tacrolimus	ug/l	Source	330	82
hba1cvieri	mmol/mol	Source	431	216
p-pctpika	ug/l	Source	141	108
mononuk	osuus	Source	155	129
polynuk	osuus	Source	155	129
uraatti,plasma	umol/l	Source	1913	915
sitrulliinipeptidi,vasta-aineet,seerumista␤	u/ml	Source	602	543
s-aldos-p	pmol/l	Source	824	707
fp-renin-p	mu/l	Source	834	638
s-kalsium	mmol/l	Source	1461	920
s-adalimu	mg/l	PrimaryInjection	28	25
igg-summa	g/l	Source	106	98
neutrofiilit-osuus(diffi)	%	Source	197	146
lymfosyytit-osuus(diffi)	%	Source	197	146
monosyytit-osuus(diffi)	%	Source	197	146
eosinofiilit-osuus(diffi)	%	Source	197	146
basofiilit-osuus(diffi)	%	Source	197	146
s-ccpab	eliau/ml	PrimaryInjection	280	276
s-kyhemag	titre	Source	136	81
p-urarasb	umol/l	Source	371	123
pt-fibrosis-4indeksi	1	Source	33	32
p-troponiinii,herkkä	ng/l	Source	455	304
p-tnt-pt	ng/l	Source	113	78
s-mta	nmol/l	Source	1041	770
osmolaliteettiestimoitu	mosm/l	Source	51	44
reumafaktori	iu/ml	Source	59	56
p-follikkeliastimuloivahormoni	u/l	Source	511	454
p-asat	umol/l	Source	215	149
b-lymfosyytitsuhde	%	Source	401	347
b-neutrofiilit	%	Source	866	552
b-monosyytitsuhde	%	Source	402	348
hba1c-vier	mmol/mol	Source	100	62
hba1c-vieri	mmol/mol	Source	111	65
l-blast-m	%	Source	1395	462
l-prom-m	%	Source	1339	486
l-meta-m	%	Source	2384	851
ab-o2-vol	vol%	Source	1492	427
komplementtic3,pleuranesteestä	g/l	Source	17	15
komplementtic4,pleuranesteestä	g/l	Source	17	15
pf-lzm	mg/l	Source	380	329
NA	nmol/l	Source	172	153
b-la-oma	mm/h	Source	41	40
s-ovomuke	u/ml	Source	452	302
s-seitie	u/ml	Source	33	31
s-katkare	u/ml	Source	174	169
s-lohie	u/ml	Source	270	250
s-rcora9e	u/ml	Source	405	386
s-rpena1e	u/ml	Source	183	179
c-reaktiivinenproteiini,vieritutkimus	mg/l	Source	525	310
hemoglobiini,pikatesti␤	g/l	Source	470	276
0mgluk-r1	mmol/l	Source	93	84
li-igg.	mg/l	Source	603	566
leuk	e6	Source	13	13
vp-gluk-0h	mmol/l	Source	715	574
vp-gluk-1h	mmol/l	Source	247	174
vp-gluk-2h	mmol/l	Source	712	571
fp-gluk/0	mmol/l	Source	296	265
p-gluk/2h	mmol/l	Source	204	186
l-mono+muu	%	Source	1440	1221
s-prealbumiini	g/l	Source	498	387
kortisoli	nmol/l	Source	295	223
happiosapaine,laskimoveri	kpa	Source	1134	682
hiilidioksidiosapaine,laskimoveri	kpa	Source	1137	682
kalsium,ionisoitunut(akt),plasma	mmol/l	Source	1087	662
happikyllästeisyys(hemoglobiini),laskimoveri	%	Source	1127	678
p-prokalsitoniini,kvantitatiivinen	ug/l	Source	107	82
p-fibriinind-dimeerit	mg/l	Source	974	852
erytrosyytit,nivelnesteestä	e6/l	Source	71	52
s-sentab	u/ml	Source	441	283
s-scl70ab	u/ml	Source	851	615
jo-1	u/ml	Source	36	22
s-campabg	titre	Source	418	389
s-campabm	titre	Source	544	510
s-campaba	titre	Source	480	455
fp-parathormoni(intakti)	ng/l	Source	167	93
s-sitrulliinipeptidi,vasta-aineet␤	u/ml	Source	133	125
lääkmää	mg/24h	PrimaryInjection	436	160
no-ex	ppb	Source	282	180
p-ca	mmol/l	PrimaryInjection	221	206
as-ld	u/l	Source	128	124
s-d-vitamiini-oh	nmol/l	Source	254	242
plasmanglukoosi(k)	mmol/l	Source	53	48
plasmankalium(k)	mmol/l	Source	2406	636
verenvalkosolut	e9/l	Source	2846	644
plasmannatrium(k)	mmol/l	Source	2418	635
plasmankreatiniini(k)	umol/l	Source	2429	634
plasmanprostataspesifinenantigeeni(k)	ug/l	Source	24	22
prostataspesifinenantigeeni,vapaanosuus(vainlaboratorionkäytössä)	%	Source	1293	613
s-stpn4	mg/l	Source	402	282
s-stpn1	mg/l	Source	431	306
fp-pi	mmol/l	PrimaryInjection	343	305
fs-ca	mmol/l	Source	1580	1112
s-hsv1abg	au	Source	65	62
s-hsv2abg	au	Source	44	41
s-serto	mg/l	Source	108	93
11092	au/ml	Source	40	36
työkyky	form	Source	207	206
ab-lämpöti	°c	Source	942	358
o2-virt	%	PrimaryInjection	14	14
pf-neut+eo	%	Source	32	26
b-erybla	e9/l	PrimaryInjection	1083	550
oma-p-gluk	mmol/l	PrimaryInjection	14	12
s-hsv1abg	eiu	Source	494	440
b-erytbl	u/100l	Source	1293	501
b-lymfosyytit,t-cd4-solut	e6/l	Source	358	215
s-pin1abg	eiu	Source	206	192
s-adenabg	eiu	Source	237	222
s-rsvab	eiu	Source	92	86
s-infbab	eiu	Source	75	70
ts-padkolp	form	Source	769	628
prolaktiini	mu/l	Source	131	106
anti-muller-hormoni	ug/l	Source	49	48
parainfluenssa,tyypit1-3,va:t(cf)/virus,laaja	titre	Source	6	6
p-pro-bnp	ng/l	Source	715	262
NA	ng/l	Source	158	128
s-toxoabg	iu/ml	Source	599	527
b-everoms	ug/l	Source	1144	80
b-crp-poc	mg/l	Source	3319	1408
u-hyallie	e6/l	Source	146	99
s-afos(isoentsyymeihinliittyvä)	u/l	Source	80	76
glukoosi	mmol/l	Source	724	607
s-gluteie	u/ml	Source	16	16
du-moma	umol	Source	76	73
b-pseudotrombosytopenianselvittely	e9/l	Source	50	45
ghb-a1c(vo.hoitaja)	mmol/mol	PrimaryInjection	40	26
ghb-a1c(vo.hoitaja)	%	PrimaryInjection	38	25
hb(hoitaja)	g/l	Source	131	95
glukoosi(hoitaja)	mmol/l	Source	976	112
ghb-a1c(vo-hoitaja)	mmol/mol	Source	43	31
cp-ca-ion	mmol/l	Source	307	140
cb-chb	g/l	Source	262	108
cp-na	mmol/l	Source	305	133
cp-k	mmol/l	Source	307	134
cp-laktaat	mmol/l	Source	301	140
cp-gluk	mmol/l	Source	5057	533
laktaatti(verikaasulaite),la	mmol/l	Source	65	61
bikarbonaatti(aktuaali),lask	mmol/l	Source	144	107
hemoglobiini(totaali),laskim	g/l	Source	145	108
glukoosi(verikaasulaite),las	mmol/l	Source	64	60
kudostransglutaminaasi,iga-vasta-aineet	u/ml	Source	620	580
immunoglobuliinig	g/l	Source	81	77
s-etoh	g/l	Source	84	63
etanoli,plasma	promille	Source	66	36
cb-shco3	mmol/l	Source	2958	822
cp-ohbutlb	mmol/l	Source	245	144
s-testov	%	Source	149	118
s-tyreoglobuliini	ug/l	Source	201	112
s-a1glob	g/l	Source	877	411
s-a2glob	g/l	Source	877	411
s-b1glob	g/l	Source	877	411
s-b2glob	g/l	Source	877	411
s-gglobul	g/l	Source	877	411
p-crphoi	mg/l	PrimaryInjection	33	31
työkyky2vuotta	form	Source	265	262
b-hba1cpi	mmol/mol	Source	1299	306
glutamyylitransferaasi-desialortrasferriini	paketti	Source	92	62
lipidit	mmol/l	Source	119	112
pt-glukoosirasitus-0arvo	mmol/l	Source	75	70
pt-glukoosirasitus-2h	mmol/l	Source	75	70
perusterveyspakettialat	u/l	Source	259	218
perusterveyspakettigluk	mmol/l	Source	258	217
perusterveyspakettigt	u/l	Source	258	218
perusterveyspakettikol	mmol/l	Source	259	218
perusterveyspakettihdl-kol	mmol/l	Source	259	218
perusterveyspakettilowdensitylipoprot	mmol/l	Source	256	216
perusterveyspakettikrea	umol/l	Source	258	217
perusterveyspakettitrigly	mmol/l	Source	260	218
s-amitrip	nmol/l	Source	122	86
s-nortrip	nmol/l	Source	159	101
s-aminors	nmol/l	Source	47	30
14257	u/ml	Source	92	92
anjovis	u/ml	Source	7	7
karmiini	u/ml	Source	11	11
päärynä	u/ml	Source	6	6
kirsikka	u/ml	Source	10	10
s-hevonhie	u/ml	Source	128	127
s-omenae	u/ml	Source	131	129
s-persike	u/ml	Source	42	41
s-tonnike	u/ml	Source	69	65
s-rarah6e	u/ml	Source	427	344
s-rprup4e	u/ml	Source	30	30
s-rprup1e	u/ml	Source	46	46
s-rmald1e	u/ml	Source	63	62
s-rmald3e	u/ml	Source	269	263
s-rcypc1e	u/ml	Source	158	152
s-rgadc1e	u/ml	Source	169	164
s-rarah9e	u/ml	Source	292	278
s-chlorhe	u/ml	Source	18	18
p-b-12-vitamiini	pmol/l	Source	302	293
u-urea	mmol/l	Source	722	442
b-leukvt	e9/l	PrimaryInjection	206	181
albumiini	%	Source	177	169
globuliini	%	Source	150	147
hemoglobiini(abx/sysmex-laitteella)	g/l	Source	7	7
s-koriongonadotropiini,vapaa-b-ketju	ug/l	Source	114	110
p-reumafaktori,plasmasta	iu/ml	Source	149	143
ts-pad-1	form	Source	14	13
b-gluk	mmol/l	Source	623	312
glomerulussuodosnopeus,estimoitu,ckd-epi-kaava,osatutk.	ml/min/173m2	Source	3089	719
fp-a-vit	umol/l	Source	532	268
fp-e-vitamiini	umol/l	Source	58	46
troponiinit,plasmasta	ng/l	Source	1477	710
s-etohgc	mmol/l	Source	70	66
s-psav/t	%	Source	1108	370
s-tnt	ng/l	Source	149	137
p-prostataspesifinenantigeeni,suhde	%	Source	1190	821
u-gran	u/field	Source	518	431
u-levyep	u/field	Source	396	341
u-välimep	u/field	Source	200	179
u-prokre	g/mol	Source	973	222
b-hhv6nh	u/ml	Source	370	71
p-cu	umol/l	Source	303	271
u-tubulep	u/field	Source	123	112
u-hyalier	u/field	Source	109	104
u-lymf	u/field	Source	13	12
u-mg	mmol/l	Source	123	96
p-luteinisoivahormoni	u/l	Source	198	175
u-b2miglo	mg/l	Source	144	95
fp-reniini,konsentraatio	mu/l	Source	275	179
s-hcvnh	e6	PrimaryInjection	93	84
s-hcgxmom	mom	Source	478	453
s-pappmom	mom	Source	461	439
cp-cl	mmol/l	Source	22	19
cb-thb	g/l	Source	22	19
cb-hb-co	%	Source	22	19
cb-hb-met	%	Source	22	19
pf-monit	%	Source	34	27
pf-yksit	%	Source	34	27
fibriinind-dimeerit,plasmasta	mg/l	Source	75	60
tromboplastiiniaika,plasmasta	%	Source	56	43
p-proteiinic	%	Source	150	146
p-proteiinis,antigeeni,vapaa	%	Source	110	106
p-kreatiniinitykslab	umol/l	Source	933	841
p-prolaktiini	mu/l	Source	361	311
hba1cpika	%	PrimaryInjection	278	207
hba1cpika	mmol/mol	PrimaryInjection	259	184
hba1cpika	mmol	PrimaryInjection	96	80
potilasmittaringlukoosi,ihopisto	mmol/l	Source	749	496
p-troponiini	ng/l	Source	51	43
s-cic	ugeq/ml	Source	622	555
12510	umol/l	Source	161	120
beeta-2-glykoproteiini,iggvasta-aineet,plasmasta	u/ml	Source	31	27
kardiolipiini,iggvasta-aineet,plasmasta	gpl	Source	29	26
proteiini,selkäydinnesteestä␤	g/l	Source	104	93
u-jyvlier	u/field	Source	51	50
b-hladrbd	form	Source	62	61
b-hla-bw	form	Source	44	44
b-hlaad	form	Source	65	63
b-hlabd	form	Source	66	63
s-leuabpr	form	Source	378	96
u-a1miglo	mg/l	Source	1653	651
cu-a1miglo	ug/min	Source	1299	478
hemoglobiini,hiilimonoksidi,	%	Source	329	127
glukoosi(verikaasulaite),val	mmol/l	Source	311	112
kalium(verikaasulaite),plasm	mmol/l	Source	334	130
laktaatti(verikaasulaite),va	mmol/l	Source	311	112
natrium(verikaasulaite),plas	mmol/l	Source	334	130
lym	e9/l	Source	690	113
mon	e9/l	Source	690	113
gra	%	Source	687	115
lym	%	Source	687	115
mon	%	Source	685	113
gra	e9/l	Source	685	113
b-hemoglobiinipikahoitoyksiköt	g/l	Source	513	362
NA	ml/min/173m2	Source	19	19
glomerulussuodosnopeus,estimoitu,kystatiini	ml/min/173m2	Source	462	338
s-tsh-peg	mu/l	Source	565	315
audit	form	Source	399	398
s-maksa1	u/l	Source	134	126
s-suolist	u/l	Source	81	75
basofiilisetleukosyytit	e9/l	Source	77	63
monosyytit	e9/l	Source	103	88
lymfosyytit	e9/l	Source	116	101
basofiilisetleukosyytit	%	Source	78	63
kappa/lambda-suhde,kevytketjut,vapaat	ratio	Source	124	59
b-d-dimer	mg/l	Source	538	423
b-ntprobnp	ng/l	Source	898	449
b-keto/pi	mmol/l	Source	31	27
s-tomaate	u/ml	Source	165	163
s-currye	u/ml	Source	12	12
s-chipipe	u/ml	Source	67	66
b-gluk/pik	mmol/l	Source	945	554
p-bil-vt	umol/l	Source	614	112
s-ampmyre	u/ml	Source	367	329
s-rapi10e	u/ml	Source	59	59
prostataspesifinenantigeeni,vapaa/totaali	%	Source	65	51
s-glpepabg	au	Source	181	176
s-psa/oma	ug/l	Source	183	100
pt-pulssi	times/min	Source	114	104
s-dnanab	titre	PrimaryInjection	43	33
u-dysmorf	%	Source	31	30
-bil	umol/l	Source	433	269
b-tnt-o	ng/l	Source	1245	812
s-mypnabg	ru/ml	Source	384	342
b-ko/adp3	s	Source	50	48
p-sukupuolihormonejasitovaglobuliini	nmol/l	Source	153	130
fc-glu-o	mmol/lliuska	Source	50	44
s-immunoglobuliini,kevyetketjut,vapaat,kappa-	ratio	Source	249	48
s-proteiinifraktioidenalbumiinifraktio	g/l	Source	244	65
s-proteiinifraktioidenalfa-1-fraktio	g/l	Source	244	65
s-proteiinifraktioidenalfa-2-fraktio	g/l	Source	244	65
s-proteiinifraktioidenbeeta-1-fraktio	g/l	Source	244	65
s-proteiinifraktioidenbeeta-2-fraktio	g/l	Source	244	65
s-proteiinifraktioidengammafraktio	g/l	Source	244	65
14346	g/l	PrimaryInjection	196	157
14349	g/l	PrimaryInjection	208	178
urea,ennendialyysia,plasmasta␤	mmol/l	Source	162	25
urea,dialyysinjälkeen,plasmasta␤	mmol/l	Source	128	22
kardiolipiini,igmvasta-aineet,plasmasta	mpl	Source	32	28
ly-t-cd4.	%	Source	1462	514
b-ristoh	auc	Source	28	26
b-adp	auc	Source	28	26
b-aspi	auc	Source	28	26
b-trap	auc	Source	28	26
l-este-vr	e6/l	Source	89	25
bm-estf-vr	e6/l	Source	70	22
fs-non-hdl-kolesteroli	mmol/l	Source	77	74
s-testosteroni,seerumista	nmol/l	Source	395	252
-lymph	%	Source	1159	333
-neut	%	Source	1172	341
-mono	%	Source	1159	333
-eos	%	Source	1176	341
-baso	%	Source	1172	341
s-ige-ss	u/ml	Source	95	90
klobatsaami	umol/l	Source	9	7
u-proteiini	mg/l	Source	354	111
u-proteiininjakreatiniininsuhde	mg/mmol	Source	22	11
granulosyytit	%	Source	8	8
muutsolut	%	Source	8	8
pt-dxm-r1	nmol/l	Source	76	76
s-vankomysiini	mg/l	Source	263	52
s-olantsapiini	nmol/l	Source	40	34
s-pölyry	u/ml	Source	293	288
ruoka-aineryhmä	u/ml	Source	29	29
s-amylaasi	u/l	Source	56	55
s-bilirubiini	umol/l	Source	59	57
s-hcg-tot	u/l	Source	131	79
s-borrabg	ru/ml	Source	524	429
11784	nmol/l	Source	211	181
hemoglobiini-a1c,verestä	mmol/m	Source	440	412
s-soijae	u/ml	Source	321	297
s-ca-17.4	mmol/l	Source	835	393
p-crp-p	mg/l	Source	188	124
l-metamyelosyytit,mikroskopointi	%	Source	402	186
b-erytrosyytit,normoblastit,mikroskopointi	u/100l	Source	333	145
s-viseabm	au/ml	Source	128	107
e-reti-ma	%	Source	204	49
b-hb	g/l	PrimaryInjection	533	375
b-tnt-o	ng/l	PrimaryInjection	12	10
b-crp-vt	mg/l	PrimaryInjection	142	127
p-kystatiinic	mg/l	Source	417	283
p-reumafa	iu/ml	Source	66	61
p-crpos	mg/l	Source	380	229
p-c-reaktiivinenproteiini(kval)	mg/l	Source	187	161
b-rdw	%	Source	824	718
e-mcv	fl	PrimaryInjection	389	287
e-mch	pg	PrimaryInjection	338	241
kolesteroli,lowdensitylipoproteiinit	mmol/l	PrimaryInjection	113	96
p-ferrit	ug/l	PrimaryInjection	101	80
fp-pthint	pmol/l	Source	1198	304
du-oksal	mg/24h	Source	164	134
du-sitraat	mg/24h	Source	137	96
du-uraat	mmol	Source	230	210
du-sitraat	mmol/24h	Source	153	105
vb-hkr	osuus	Source	13	12
vb-k	mmol/l	Source	16	15
vb-ca++7.4	mmol/l	Source	11	10
vb-cl	mmol/l	Source	17	16
vb-na	mmol/l	Source	30	27
vb-ca++	mmol/l	Source	13	12
s-vzvabg␤	miu/ml	Source	15	14
p-bkvnh	iu/ml	Source	260	39
fp-parathormoni,intakti	pmol/l	Source	213	98
p-bk-virus,nukleiinihappo(kvant)	iu/ml	Source	56	11
vb-bikarbonaatti	mmol/l	Source	157	62
b-lymfosyytit,lukumäärä	e9/l	Source	158	74
s-parvabg	titre	PrimaryInjection	48	39
1.savuk	u	Source	83	83
glukoosi(verikaasulaite),valtimoveri	mmol/l	Source	547	312
happisisältö,valtimoveri	%	Source	817	443
laktaatti(verikaasulaite),valtimoveri	mmol/l	Source	532	298
bikarbonaatti(aktuaali),valtimoveri	mmol/l	Source	838	459
hemoglobiini(totaali),valtimoveri	g/l	Source	817	443
vb-hemoglobiini(totaali),laskimoveri	g/l	Source	95	26
fb-folat	nmol/l	Source	247	218
p-urat	umol/l	Source	177	95
pähkinäpen	u/ml	Source	10	10
crp-p	mg/l	Source	1051	389
s-insu-ab	%	Source	62	49
fp-kolesteroli,highdensitylipoprotein,plasmasta	mmol/l	Source	736	538
f-calprotectin	ug/g	Source	92	85
p-fidd-hy	mg/l	Source	119	114
glomerulussuodosnopeus,estimoitu,kreatiniini-kystatiinic-kaava	ml/min/173m2	Source	920	269
pt-glomerulussuodosnopeus,estimoitu,kystatiinic-kaava	ml/min/173m2	Source	1128	352
p-natriumpika,hoitoyksiköt	mmol/l	Source	325	219
p-kreatiniinipikahoitoyksiköt	umol/l	Source	321	220
p-kloridipika,hoitoyksiköt	mmol/l	Source	238	161
retikulosyytit,indeksi	osuus	Source	532	263
p-kolesteroli,hdl	mmol/l	Source	243	225
p-kolesteroli,ldl	mmol/l	Source	471	424
cp-c-reaktiivinenproteiini,ihopiston,hoitoyksikössä	mg/l	PrimaryInjection	6	6
fp-ctx	ng/l	Source	34	34
14273	e9/l	Source	681	511
s-ck-mb	u/l	Source	223	209
s-ck-mm	u/l	Source	171	162
p-fidd-vt	mg/l	Source	618	498
b-leukosyytit,pikatutkimus	e9/l	Source	15	15
p-c-reaktiininenproteiini,vieritutkimus	mg/l	Source	258	176
p-na-pt	mmol/l	Source	367	240
p-k-pt	mmol/l	Source	367	240
p-krea-pt	umol/l	Source	367	240
s-hsv1abg	index	Source	144	132
s-hsvabm	index	Source	58	54
s-hepatitisbvirus,s-antigeeni,vasta-aineet	u/l	Source	35	30
b-trom	%	Source	131	50
s-pöly-s	u/ml	Source	165	144
s-ruoka-s	u/ml	Source	45	43
cb-ca++7.4	mmol/l	Source	74	31
s-sappihapot	umol/l	Source	24	19
f-kporf	nmol/g	Source	58	49
f-pporf	nmol/g	Source	61	52
p-t3-v	pmol/l	PrimaryInjection	74	66
p-c4d	mg/l	Source	6	6
vb-aktuaalibikarbonaatti	mmol/l	Source	1612	552
vb-hemoglobiini	g/l	Source	2010	658
p-tromboplastiiniaika,inr-tulostus,pikatutkimus	inruikk|	Source	43	35
hemoglobiini,pikatutkimus,verestä	g/l	Source	12	12
resid	ml	PrimaryInjection	27	27
fs-pp	pmol/l	Source	1167	476
p-glkg	ng/l	Source	365	207
p-ca19-9antigeeni	u/ml	Source	705	341
sy-diffi	%	Source	161	132
sy-monon	%	Source	165	128
s-etoh	mmol/l	Source	73	67
-etohgc	mmol/l	Source	11	9
s-risper	nmol/l	Source	389	254
s-sumrisp	nmol/l	Source	148	109
s-9-hrisp	nmol/l	Source	315	207
kalsium,aktuaalinenpitoisuus	mmol/l	Source	35	28
kalsium,ionisoitunut	mmol/l	Source	35	28
s-gen	mg/l	Source	372	93
as-l/liusk	%	Source	218	97
as-l/yksit	%	Source	218	97
-albumiini,seerumi,elektroforeesifraktio(g/l)	g/l	Source	750	206
-alfa-1-globuliini,seerumi,elektroforeesifraktio	g/l	Source	752	206
-alfa-2-globuliini,seerumi,elektroforeesifraktio	g/l	Source	753	206
-beta-1-globuliini,seerumi,elektroforeesifraktio	g/l	Source	754	206
-beta-2-globuliini,seerumi,elektroforeesifraktio	g/l	Source	754	206
-gammaglobuliini,seerumi,elektroforeesifraktio	g/l	Source	750	206
-m-komponentti-1,seerumi,elektroforeesifraktio(g/l)	g/l	Source	235	56
m-komponentti-2,seerumi,elektroforeesifraktio(g/l)	g/l	Source	7	7
-globuliinit,virtsa,elektroforeesifraktio(mg/l)	mg/l	Source	53	34
-albumiini,virtsa,elektroforeesifraktio(mg/l)	mg/l	Source	53	34
m-komponentti-1,virtsa,elektroforeesifraktio(mg/l)	mg/l	Source	17	13
b-cd34-fc	e6/l	Source	143	53
p-ebvnh	u/ml	Source	738	265
sy-kide-o	estimate	Source	549	407
b-eos	e6/l	Source	168	128
du-globul	mg/l	Source	54	32
du-albumi	mg/l	Source	56	34
s-albu	g/l	Source	554	164
s-m-komp1	g/l	Source	239	17
p-prot	g/l	Source	379	193
u-albu	%	Source	31	31
u-globul	%	Source	31	31
du-vmml	ml	Source	256	130
pf-laktteh	mmol/l	Source	350	267
s-asta	u/ml	Source	10	10
ab-chb	g/l	Source	1200	536
s-prostataspesifinenantigeeni	ug/l	Source	97	80
phadiatop	u/ml	Source	369	360
timotei	u/ml	Source	221	213
p-fsh	u/l	PrimaryInjection	130	125
p-gluk	mmol	Source	468	374
fs-pepsin1	ug/l	Source	551	534
s-hsv1abg	eiu	PrimaryInjection	105	92
s-infbab	eiu	PrimaryInjection	9	9
s-vzvabg	eiu	PrimaryInjection	495	475
b-hkr	%	PrimaryInjection	196	162
s-golim	mg/l	Source	773	446
s-aripipr	nmol/l	Source	230	133
s-klopi	nmol/l	Source	141	57
s-norklom	nmol/l	Source	129	49
s-testosteroni,massaspektrometrinen,seerumista	nmol/l	Source	134	120
fp-ck	u/l	Source	70	46
s-b12vit	pmol/l	Source	147	127
fp-bil	umol/l	Source	111	83
s-tputree	u/ml	Source	89	88
s-sikaepe	u/ml	Source	6	6
s-asiroe	u/ml	Source	101	100
s-ldestre	u/ml	Source	93	90
s-pensppg	mg/l	Source	116	113
fs-lipidit	mmol/l	Source	512	127
b-dpyd-d	form	Source	211	210
tau-proteiini,217-fosforyloitu,plasmasta	ng/l	Source	14	14
s-prlbio	miu/l	Source	43	40
fs-folaat	nmol/l	PrimaryInjection	290	278
13984	ug/l	Source	988	301
s-ace	u/l	Source	2203	1402
s-usteki	mg/l	Source	758	324
b-laktaat	mmol/l	Source	337	255
fb-gluk	mmol/l	Source	332	163
b-trveasa	au	Source	193	163
p-fibr.	g/l	PrimaryInjection	21	21
p-afxaapi	ug/l	Source	885	542
kreatiniini,plasmasta	umol/l	Source	101	99
kreatiniini,plasmasta	ml/min/173m2	Source	84	84
s-cytomegalovirus,iggvasta-aineet	u/ml	Source	58	55
s-parvovirus,iggvasta-aineet	index	Source	16	16
fosfatidyylietanoli(12510b-peth)	umol/l	Source	24	18
pt-gluk-r6	mmol/l	Source	370	98
f-calpro2	ug/g	Source	395	228
du-kors-v	nmol/24h	Source	86	78
as-trigly	mmol/l	Source	64	54
s-p-anca	titre	Source	893	557
s-van	mg/l	PrimaryInjection	378	245
kreatiniini,pikatesti,veri	umol/l	Source	226	206
natrium,pikatesti,veri	mmol/l	Source	198	183
fibriinind-dimeerit,pikatesti,veri	mg/l	Source	234	214
kalium,pikatesti,veri	mmol/l	Source	211	195
infliksimabi,pitoisuus	mg/l	Source	45	27
c-reaktiivinenproteiini,pika,tehdäänitse	mg/l	PrimaryInjection	6	6
triglyseriditplasmasta,paastotila(ko)	mmol/l	Source	103	100
p-gt	u/l	PrimaryInjection	296	194
triglyseriditplasmasta,paastotila	mmol/l	PrimaryInjection	78	53
p-krea	umol/l	PrimaryInjection	124	97
b-basoabs	e9/l	PrimaryInjection	80	73
b-lyabs	e9/l	PrimaryInjection	80	73
b-monosabs	e9/l	PrimaryInjection	80	73
b-neutabs	e9/l	PrimaryInjection	81	74
b-eosabs	%	Source	84	77
!pak.maitoiggvasta-aineet	%	Source	145	144
du-adr	umol	Source	10	10
du-hva	umol	Source	25	23
14350	g/l	PrimaryInjection	204	155
s-ssa-52	u/ml	Source	329	236
s-sjögreninsyndroma,a(ro52)-vasta-aineet	u/ml	Source	59	52
s-ribonukeliiniproteiini70,vasta-aineet	u/ml	Source	181	155
li-cxcl13	ng/l	Source	589	542
bm-mggfe	form	Source	660	470
-ebvnh	u/ml	Source	134	78
vp-hco3st	mmol/l	Source	123	45
p-ca-ion:	mmol/l	Source	626	281
p-caio7.4:	mmol/l	Source	608	277
ap-hco3st	mmol/l	Source	750	327
b-hb:	g/l	Source	625	280
p-k:	mmol/l	Source	625	280
p-na:	mmol/l	Source	621	280
p-gluk:	mmol/l	Source	627	281
p-cl:	mmol/l	Source	616	280
b-hhb	%	Source	580	265
eosinofiilit,verestä(b-eos)	e9/l	Source	61	53
erytrosyytit(b-eryt)	e12/l	Source	61	53
erytrosyytit,keskitilavuus(e-mcv)	fl	Source	61	53
erytrosyytit,tilavuusosuus(b-hkr)	%	Source	61	53
hemoglobiini(b-hb)	g/l	Source	61	53
hemoglobiini,keskimassakonsentraatio(e-mchc)	g/l	Source	61	53
hemoglobiini,keskimassa(e-mch)	pg/u	Source	61	53
leukosyytit(b-leuk)	e9/l	Source	63	55
trombosyytit(b-tromb)	e9/l	Source	61	53
basofiilisetleukosyytit(b-baso)	e9/l	Source	61	53
lymfosyytit(b-ly)	e9/l	Source	61	53
monosyytit(b-monos)	e9/l	Source	61	53
neutrofiilit(b-neut)	e9/l	Source	61	53
p-gluk/1h	mmol/l	Source	60	48
pt-gluk-r1:fp-gluk0-näyte	mmol/l	Source	174	164
pt-gluk-r1:p-gluk2hnäyte	mmol/l	Source	174	164
b-morfo	form	Source	144	130
bm-hemafc	form	Source	379	260
b-peth,fosfatidyylietanoli	umol/l	Source	47	35
pt-krea-cl	ml/s/173	Source	185	142
bnppika	ng/l	PrimaryInjection	29	21
glukpika	mmol/l	PrimaryInjection	9	9
p-psa,leikattupotilas	ug/l	Source	641	185
fp-gluk	nmol/l	Source	552	348
p-krea	umol	Source	1295	373
af-krea	umol/l	Source	24	22
cp-gluk-po	mmol/l	Source	2528	172
p-pct	ng/ml	Source	1499	842
s-hsvabg	eiu	Source	515	457
s-chpnaba	eiu	Source	328	287
p-etoh	promillea	Source	168	131
e-mchc	g/l	PrimaryInjection	585	485
pika-dimee	mg/l	Source	73	69
s-teofy	umol/l	Source	618	346
syntymäpaino?(g)	g	Source	35	34
cb-happikyllästeisyys(hemoglobiinin,osuustoiminnallisestahb:sta)	%	Source	125	96
du-cl	mmol	Source	411	360
du-mg	mmol	Source	580	530
du-adr	umol/24h	Source	23	23
du-noradr	umol/24h	Source	25	24
s-jo1ab	u/ml	Source	157	111
s-tuma,liukoisetantigeenit,vasta-aineet	ratio	Source	53	42
s-sjögreninsyndromaavasta-aineet	u/ml	Source	17	12
s-varicella-zostervirus,iggvasta-aineet	iu/l	Source	47	45
vb-hemoglobiini,hiilimonoksidi	%	Source	633	313
p-kalsiumioni,aktuaali	mmol/l	Source	878	383
ab-hiilimonoksidihemoglobiini	%	Source	196	91
ab-kokonaishemoglobiiniverikaasuanalysaattorista	g/l	Source	42	31
plasmanrauta	umol/l	Source	265	172
glomerulussuodonopeus,estimoitu,ckd-epikaavallakystatiinic:stä	ml/min/173m2	Source	46	36
s-myeloperoksidaasi,vasta-aineet	iu/ml	Source	17	11
s-anca,perinukleaarinenvärjäytymiskuvio	titre	Source	8	8
p-crp-vt	mg/l	PrimaryInjection	181	152
s-genta	mg/l	Source	49	20
s-testovi	pmol/l	Source	85	62
s-testo,vap,laskmassasp	pmol/l	Source	192	165
s-ttgabg	eliau/ml	Source	34	32
p-b12-vit	pmol/l	PrimaryInjection	33	32
u-makrof.	/sunf	Source	193	143
u-överg.ep	/sunf	Source	124	93
u-tub.ep	/sunf	Source	127	96
s-ruoerco	u/ml	Source	33	32
fs-rauta	umol/l	Source	144	116
fs-transferriini	g/l	Source	166	128
e-rdw(19976e-rdw),osatutkimus	%	Source	161	135
b-erybla(19978b-erybla),osatutkimus	e9/l	Source	162	136
b-aivoinr	inr	Source	203	188
sy-prot	g/l	Source	778	658
s-ena,seu	ratio	Source	38	35
hevonen	u/ml	Source	82	81
koira,hils	u/ml	Source	165	163
koivu	u/ml	Source	204	197
s-erytropoietiini	iu/l	Source	121	116
b-hbhoi	g/l	Source	496	377
p-nahoi	mmol/l	Source	289	235
p-kreahoi	umol/l	Source	282	229
p-clhoi	mmol/l	Source	161	125
fs-glukoosi,0-näyte	mmol/l	Source	40	38
fs-glukoosi,2h-näyte	mmol/l	Source	27	25
s-ferritiini	ug/l	Source	670	431
fp-kolesteroli	mmol/l	PrimaryInjection	562	480
fp-triglyseridit	mmol/l	PrimaryInjection	90	83
l-monos	e9/l	Source	2609	806
s-asta	iu/ml	PrimaryInjection	29	29
b-täydellinenverenkuva(hb,mcv/hkr,erytrosyytit,leukosyytit,trombosyytit,leukosyyttieneritte	form	Source	33	24
crp	mg/l	PrimaryInjection	190	160
p-crp	mg/l	PrimaryInjection	483	384
p-kortisoli	nmol/l	Source	396	322
b-pseutro	e9/l	Source	208	165
p-tshmääritykseenvaikuttavienhäiriötekijöidenselvitys	mu/l	Source	91	84
hemoglobiininpikamittaus	g/l	Source	86	67
sthlm3-score	%	Source	61	60
psatotaali+vapaa	ug/l	Source	61	60
pt-glukr-0	mmol/l	Source	300	248
s-c-peptidi+gluk(2tuntiaateriasta)	nmol/l	Source	12	12
s-if-ab	au/ml	Source	20	20
b-mpadp	u	Source	874	675
b-c-resktiivinenproteiini	mg/l	PrimaryInjection	9	8
pakettis-ferritiini	ug/l	Source	20	19
pakettib-la	mm/h	Source	16	16
pakettifs-lipidit	form	Source	22	22
pakettib-perusverenkuvajatrombosyytit,paketti	form	Source	37	36
s-alattth	u/l	Source	9	9
l-mono	e9/l	Source	1397	432
l-mon	e9/l	Source	1709	614
b-lymf-m	%	Source	131	63
auditkysely	form	Source	414	411
työkyky0-10	form	Source	369	366
s-dsg1ab	u/ml	Source	116	50
cd4	%	Source	1036	473
b-cd4-positiivisett-lymfosyytit	e6/l	Source	665	349
b-cd8-positiivisett-lymfosyytit	e6/l	Source	665	349
b-b-lymfosyytit	e6/l	Source	665	349
b-cd3-positiivisett-lymfosyytit	e6/l	Source	665	349
t-solujenosuus	%	Source	739	383
t-auttajasolujenosuus(määritettynäcd3+cd4+soluina)	%	Source	665	349
t-estäjäsolujenosuus(määritettynäcd3+cd8+soluina)	%	Source	665	349
b-solujenosuus	%	Source	739	383
nk-solujenosuus(määritettynäcd3-/cd16+/cd56+-soluina)	%	Source	665	349
psa-v/t	%	Source	8	6
c-reaktiivinenproteiini,vieritesti	mg/l	PrimaryInjection	24	23
fs-b12-vit	pmol/l	Source	159	143
l-basofiilisetsolut	%	Source	172	140
vb-hb-vt	g/l	Source	790	484
s-ictp	ug/l	Source	801	575
s-kardabm	mpl	Source	359	307
u-kreatiniini,virtsasta(huumeseulonnanyhteydessä)	mmol/l	Source	398	354
u-krea	mmol/l	PrimaryInjection	368	223
kol/hdl	ratio	Source	397	276
pf-ace	u/l	Source	312	286
s-vorikon	mg/l	Source	460	102
14272	e9/l	PrimaryInjection	447	207
p-rasuraat	umol/l	Source	153	51
-cmvnh	iu/ml	Source	188	82
ab-happiosapaine	kpa	Source	352	259
ab-hiilidioksidiosapaine	kpa	Source	352	259
ab-happikyllästeisyys(hemoglobiini)	%	Source	281	216
s-homeryh	u/ml	Source	103	100
s-asca	u/ml	Source	89	81
koriongonadotropiini,ihmisen,plasma	u/l	Source	260	120
vesirokkovirus,igg-vasta-aineetseerumista	iu/l	Source	19	19
b-hbpoc	g/l	Source	639	342
glukoosi,omalab	mmol/l	Source	9	8
hemoglobiini-a1c,glykoitunut(6128b-hba1c)	mmol/mol	Source	754	522
fibriinind-dimeerit,pikatesti,veri(23283b-fidd-pt)	mg/l	Source	59	52
infliksimabi	mg/l	Source	121	99
b-tvk	%	Source	505	325
s-krtiin	umol/l	Source	334	250
tromboplastiiniaika,inr-tulostus,laaduntarkkailu	inr	Source	127	32
s-syklinencitrullinoitupeptidi,vasta-aine	u/ml	Source	36	35
s-11dok	nmol/l	Source	21	18
du-kors-v	nmol/l	Source	35	29
du-normet	umol/l	Source	8	7
u-osmolaliteetti,estimoitu	mosm/kgh2o	Source	98	79
o2-virt	l	PrimaryInjection	57	53
happikyllästeisyys(hemoglobiini),kapillaariveri	%	Source	187	107
happiosapaine,kapillaariveri	kpa	Source	236	135
hiilidioksidiosapaine,kapillaariveri	kpa	Source	236	135
pt-glomerulustensuodatusnopeus,estimoitu,mdrd-kaava	ml/min/173m2	Source	39	27
kreatiniini	mmol/l	Source	449	343
e-hemoglobiinikeskimassa	pg	Source	160	133
l-baso	%	PrimaryInjection	44	38
b-trombosyytit,adp-vasteverifynow-laitteella	pru	Source	29	29
p-fibriinind-dimeerit,laskimon.vierit.lab:ssa	mg/l	Source	96	76
b-leuk-vt	ng/l	Source	134	76
p-protc	%	Source	164	162
s-hcgb-alayksikkö,vapaa	ug/l	Source	212	205
s-plasmaproteiinia	mu/l	Source	231	224
tau-proteiini,217-fosforyloitu	ng/l	Source	34	34
esat-6	tpl	Source	75	73
cfp-10	tpl	Source	76	73
s-infliab	au/ml	Source	413	275
s-b2gpabg	u/ml	Source	383	307
-ebvnh	iu/ml	Source	14	11
s-c1inh	g/l	PrimaryInjection	39	38
s-ustekinumabi	mg/l	Source	21	18
s-covid-19-koronavirustauti,piikkiproteiinivasta-aineet	au/ml	Source	87	69
kollageenii:nbeta-karboksiterminaalinentelopeptidi	ug/l	Source	41	35
cb-bikarbonaatti	mmol/l	Source	576	252
du-globuliiniifraktionosuus,elektroforeesi	mg/l	Source	39	18
du-albumiinifraktionosuus,elektroforeesi	mg/l	Source	39	18
la-t-cd3	e9/l	Source	53	46
la-t-cd4	e9/l	Source	53	46
la-t-cd8	e9/l	Source	53	46
so-t-cd3	%	Source	149	121
so-t-cd4	%	Source	149	121
so-t-cd8	%	Source	149	121
u-levyepiteelisolut,uf5000	e6/l	Source	8	7
b-tvk	e9/l	Source	368	286
u-osmolaliteetti,estimoitu	mosm/kgh2o	PrimaryInjection	119	101
l-myelo	%	Source	173	68
l-promye	%	Source	330	147
b-erytrosyytit,poc-tutkimus	e12/l	Source	448	132
e-erytrosyytit,keskitilavuus,poc-tutkimus	fl	Source	449	132
b-erytrosyytit,tilavuusosuuspoc-tutkimus	%	Source	449	132
b-hemoglobiini,poc-tutkimus	g/l	Source	449	132
e-hemoglobiini,keskimassakonsentraatiopoc-tutkimus	g/l	Source	448	132
e-hemoglobiini,keskimassa,poc-tutkimus	pg	Source	448	132
b-leukosyytit,poc-tutkimus	e9/l	Source	448	132
b-trombosyytit,poc-tutkimus	e9/l	Source	449	132
s-b12-vitamiini,transkobalamiiniii:eensit.	pmol/l	Source	81	72
s-estdio	nmol/l	Source	341	299
p-afxariv	ug/l	Source	267	230
potilasmittaringlukoosi,sensori	mmol/l	Source	201	138
lämpöt.	°c	Source	103	75
fs-kasvuhormoni	ug/l	Source	26	21
insuliininkaltainenkasvutekijä1	nmol/l	Source	142	107
follikkeliastimuloivahormoni	u/l	Source	138	131
laskennallinenpunasoluindeksi/vitascreen	%	Source	46	45
s-tyreoglobuliini,vasta-aineet	iu/ml	Source	210	101
c-reaktiivinenherkkä	mg/l	Source	94	85
du-tilavu	ml	Source	611	317
ts-tupa15	form	Source	238	225
s-chtraba	u/ml	Source	43	43
s-ana-ab	titre	Source	35	35
calprotectinulosteesta	ug/g	Source	27	23
s-normetanefriini	nmol/l	Source	195	181
p-gluk60	mmol/l	Source	934	606
s-ck-tot	u/l	Source	87	84
b-ldlre-4	form	Source	53	53
p-krea(gfre)	umol/l	Source	92	63
fs-ubikin	umol/l	Source	323	265
b-hbf-fc	%	Source	16	16
b-hbfvol	ml	Source	14	14
s-dnanab	iu/ml	PrimaryInjection	115	70
glukoosi,pikatutkimus	mmol/l	Source	70	57
glukoosi,plasmasta,osatutkimus	mmol/l	Source	128	47
b-gluk-pi	mmol/l	Source	60	45
s-valpro	umol/l	Source	171	44
u-pien.ep	e6/l	Source	999	848
työkyky2	form	Source	165	165
iga	g/l	Source	156	140
s-allige,timotei/timotej	u/ml	Source	198	198
mb-o2-vol	%	Source	368	147
s-ruo20er	u/ml	Source	8	8
c-reaktiivinenproteiini,pika	mg/l	Source	111	71
s-fibrillarin,vasta-aineet	u/ml	Source	48	45
s-tpo-ab	iu/ml	Source	76	69
s-psa-suh	ug/l	Source	116	79
neutrofiiliset,konediffi(),osatutk.b-diffi	%	Source	1041	287
lymfosyytit,konediffi(),osatutk.b-diffi	%	Source	1041	287
monosyytit,konediffi(),osatutk.b-diffi	%	Source	1041	287
eosinofiilitabs,konediffi,osatutk.b-diffi	e9/l	Source	1041	287
neutrofiilitabs,konediffi,osatutk.b-diffi	e9/l	Source	1041	287
basofiilit,konediffi(),osatutk.b-diffi	%	Source	1040	287
eosinofiilit,konediffi(),osatutk.b-diffi	%	Source	1041	287
!pak.maitoigavasta-aineet	%	Source	131	130
l-mxd	e9/l	Source	634	292
globuliini	mg/l	Source	485	153
albumiini	mg/l	Source	536	201
p-alat.	u/l	Source	896	626
vi	form	Source	101	85
d-vitamiini-25-oh,d3-jad2-muodot	nmol/l	Source	219	200
s-b12t-c2	pmol/l	Source	132	81
s-tbeabg	eiu	Source	74	63
pölyerittely,ige-vasta-aineet,seerumista	u/ml	Source	55	52
ruoka-aine-erittely,ige-vasta-aineet,seerumista	u/ml	Source	21	21
s-bopeabm	index	Source	114	89
prolaktiini,seerumista	mu/l	Source	47	40
kalsium,albumiinikorjattu,plasmasta	mmol/l	Source	149	131
p-reumafaktori	u/ml	Source	62	61
s-aspnige	u/ml	Source	13	13
antistreptolysiini,seerumista	iu/ml	Source	32	31
natriureettinenpeptidi,b-tyypinn-terminaalinenpropeptidi,plasmasta	ng/l	Source	159	136
plasmanuraatti(k)	umol/l	Source	29	26
lmono(a)	%	Source	213	98
s-aurpule	u/ml	Source	43	42
s-thevule	u/ml	Source	32	32
pujo	u/ml	Source	120	117
kissa	u/ml	Source	150	146
p-fakb	g/l	Source	120	114
p-prop	%	Source	139	135
cb-pco2	kpa	PrimaryInjection	21	18
diabetes	form	Source	187	187
leukosyytit,vieritesti	ng/l	Source	41	29
l-lym	%	Source	167	146
s-proteiini	g/l	Source	1209	702
p-immunoglobuliinia	g/l	Source	202	179
p-immunoglobuliinim	g/l	Source	246	195
s-albumiinifraktio	g/l	Source	699	317
s-gammafraktio	g/l	Source	694	313
s-epstein-barrvirus,iggvasta-aineet,immuniteettitutkimus	u/ml	Source	34	33
li-eryt-3	e6/l	Source	240	224
li-leuk-3	e6/l	Source	242	226
li-vzvabg	eiu	Source	93	87
kalium	mmol/l	Source	629	515
natrium	mmol/l	Source	562	463
s-kardabg	gpl	Source	222	187
u-baktvi	e6/l	Source	60	23
s-testosteroni,massaspektrometrinen	nmol/l	Source	89	79
11308	nmol/l	Source	246	184
s-achr-ab	nmol/l	Source	591	527
e-cdw	%	Source	247	194
p-glu/30m	mmol/l	Source	228	213
fvspird	form	Source	25	25
l-lymf-hy	%	Source	144	121
l-neut-hy	%	Source	144	121
l-mono-hy	%	Source	142	119
l-eos-hy	%	Source	142	119
l-baso-hy	%	Source	143	120
p-tnt-vt	ng/l	Source	1257	600
ab-krea-hy	umol/l	Source	47	42
s-kysc	mg/l	PrimaryInjection	37	32
s-testo	nmol/l	PrimaryInjection	318	249
rauta(4529fp-fe)	umol/l	Source	38	29
transferriini(4567fp-transf)	g/l	Source	35	26
transferriininrautakyllästeisyys(4606-trfesat)	%	Source	7	7
s-hsv1abg	u/ml	Source	12	12
normetanefriini	nmol/l	Source	42	42
fp-kol-ldl	mmol/	Source	19	19
b-erytrosyytit	e12/l	PrimaryInjection	108	91
p-gluk1h	mmol/l	Source	181	129
p-gluk2h	mmol/l	Source	92	78
p-gluk0h	mmol/l	Source	69	61
fp-amyl	u/l	Source	166	120
p-hiv1nh	u/ml	PrimaryInjection	796	257
s-maksa2	u/l	Source	132	123
fb-b6-vitamiini	nmol/l	Source	86	75
s-rsvabcf	titre	Source	77	68
s-pinfabcf	titre	Source	89	77
s-aurpulg	mg/l	Source	70	68
s-17hprog	nmol/l	Source	645	327
ps-strvi	form	Source	34	32
s-igg	g/l	PrimaryInjection	52	50
s-igm	g/l	PrimaryInjection	47	45
prealb	g/l	PrimaryInjection	39	38
-psa-v/t	%	Source	217	105
fs-alaniiniaminotransferaasi	u/l	Source	404	283
fs-kolestroli,highdensitylipoproteiini	mmol/l	Source	201	184
fs-kolestroli,lowdensitylipoproteiini	mmol/l	Source	198	180
pt-glukoosikoe1h-arvo	mmol/l	Source	15	13
pt-glukoosikoe0-arvo	mmol/l	Source	18	16
fs-alkalinenfosfataasi	u/l	Source	114	59
pt-glukoosikoe2h-arvo	mmol/l	Source	18	16
pt-glomerulustensuodatusnopeudenmittau	ml/min/173m2	Source	57	46
pt-glomerulustensuodatusnopeudenmittaus	ml/min/173m2	Source	254	189
s-rglym4e	u/ml	Source	262	241
s-nglym5e	u/ml	Source	306	270
s-nglym6e	u/ml	Source	316	281
s-rjugr3e	u/ml	Source	299	293
u-eryt-o	form	Source	705	476
sy-liuskat	%	Source	74	62
sy-lymfos	%	Source	13	12
sy-leuk	e9/l	Source	29	27
sy-eryt	e9/l	Source	35	33
happi	%	PrimaryInjection	836	167
happi	l	PrimaryInjection	132	107
s-testoln	nmol/l	Source	18	17
p-probnp(pika)	ng/l	Source	103	61
p-inrviitasaari	inr	Source	98	18
b-krea-vt	mmol/l	Source	155	114
b-leukvt	e9/l	Source	330	199
tromboplastiiniaika,inr-tulostu	inr	Source	494	41
natriureettinenpeptidi,b-tyypinn-terminaalinenpropeptidi,vieritutkimus	ng/l	Source	12	12
erytrosyytit,kokojakauma	%	Source	235	173
crp-pikatesti	mg/l	Source	363	232
kalsium,ionisoitunut,ph7.4-korjattu,seerumista	mmol/l	Source	107	93
kalsium,ionisoitunut,aktuaali	mmol/l	Source	260	200
kalsium,ionisoitunut,ph7.4-korjattu,seerumista,osatutk	mmol/l	Source	1225	482
kalsium,ionisoitunut,aktuaaliosatutk.	mmol/l	Source	1227	483
b-mycobacteriumtuberculosis-herkistyneetsolut,gammainterferoni,eritys,igra,b-mycobacteriumtuberculosis-herkistyneetsolutb-mykobacteriumtuberkulosis-herkistyneetsolut	iu/ml	Source	84	80
c-reaktiivinenproteiini,pika-crppaikallisesti	mg/l	Source	10	10
-cea	ug/l	Source	86	79
s-vzvabg	index	Source	76	76
5381	mmol/l	Source	853	560
5382	mmol/l	PrimaryInjection	370	282
5383	°c	Source	854	563
5384	g/l	Source	851	559
fp-zn	umol/l	Source	173	150
vymp	cm	Source	181	178
p-urea	mmol/l	PrimaryInjection	439	244
s-vesirokkovirus,iggvasta-aineet	miu/ml	Source	55	54
s-estroni	pmol/l	Source	25	25
u-cu	umol/l	Source	42	39
d.pteronys	u/ml	Source	111	108
14076	nmol/l	Source	9	8
u-gluk	mmol/l	Source	46	30
kolesteroli/lipidit,osatutkimus(4515fp-kol/lipidit)	mmol/l	Source	190	177
kolesteroli,hdl/lipidit,osatutkimus(4516fp-hdl-kol)osatutkimus	mmol/l	Source	201	185
triglyseridit/lipidit,osatutkimus(4568trigly)	mmol/l	Source	191	178
b-hba1c-pika	mmol/mol	PrimaryInjection	22	19
s-metmal	nmol/l	Source	191	171
e-rwd	%	Source	46	41
b-pvk+tkd,leuk	e9/l	Source	4441	574
b-pvk+tkd,lymph	%	Source	4402	573
b-pvk+tkd,mono	%	Source	4397	572
b-pvk+tkd,eo	%	Source	4389	573
b-pvk+tkd,baso	%	Source	4387	573
b-pvk+tkd,ig	%	Source	4380	572
b-pvk+tkd,neut	e9/l	Source	4373	573
b-pvk+tkd,lymph	e9/l	Source	4366	573
b-pvk+tkd,mono	e9/l	Source	4364	573
b-pvk+tkd,eo	e9/l	Source	4355	573
b-pvk+tkd,baso	e9/l	Source	4345	573
b-pvk+tkd,eryt	e12/l	Source	4432	574
b-pvk+tkd,ig	e9/l	Source	4329	572
b-pvk+tkd,rdw	%	Source	4298	568
b-pvk+tkd,hb	g/l	Source	4431	574
b-pvk+tkd,hkr	ratio	SecondaryCorrection	4430	574
b-pvk+tkd,mcv	fl	Source	4432	574
b-pvk+tkd,mch	pg	Source	4427	573
b-pvk+tkd,mchc	g/l	Source	4422	573
b-pvk+tkd,trom	eg/l	Source	4413	573
b-pvk+tkd,neut	%	Source	4407	573
fp-triglyseridit,plasmasta,paastotilassa	mmol/l	Source	189	139
fp-kolesteroli,lowdensitylipoproteiinit,paastotilassa	mmol/l	Source	249	171
b-suuretvärjäytymättömätsolut	e9/l	Source	169	152
l-suuretvärjääntymättömätsolut	%	Source	170	153
b-lcd34	e6/l	Source	251	84
la-afereesituotteenkantasolut	e6/kg	Source	23	12
promyelosyytit,osuusleukosyyteistä	%	Source	54	23
myelosyytit,osuusleukosyysteistä	%	Source	239	87
l-mdx	%	Source	125	118
s-afos	iu/l	Source	240	188
b-mn	umol/l	Source	325	259
fs-bkarot	umol/l	Source	318	259
kalium,kokoveren	mmol/l	Source	310	251
magnesium,kokoveren	mmol/l	Source	317	257
fosfori,kokoveren	mmol/l	Source	308	248
kupari,punasolun	umol/l	Source	312	250
lykopeeni	umol/l	Source	305	249
s-pujoe	ucor	Source	507	407
s-päivke	ucarr	Source	507	407
stearidonihappo	%	Source	288	234
k2-vitamiini,menakinoni-4(mk4)osatutkimus	ug/l	Source	203	165
k2-vitamiini,menakinoni-7(mk7)osatutkimus	ug/l	Source	185	151
k1-vitamiini(fyllokinoni)osatutkimus	ug/l	Source	195	162
s-osmol	mosm/kgh2o	PrimaryInjection	277	223
p-afxaedo	ng/ml	Source	20	12
p-psa-suh	form	Source	1063	372
b-fidd-pt	mg/i	Source	44	42
happiosapaine,kapillaariverestä,pikatesti␤	kpa	Source	1260	492
happikyllästeisyys(hemoglobiini),kapillaariverestä,pikatesti␤	%	Source	1260	492
-s.yht.	e6	PrimaryInjection	844	677
p-f8paiv	%	Source	216	61
p-vwfpaiv	%	Source	169	44
afer-leuk	e9/l	Source	182	141
afer-mnst	e9/tuote	Source	189	143
afer-leukt	e9/tuote	Source	191	143
14353	g/l	Source	232	151
14354	g/l	Source	124	111
14355	g/l	Source	115	107
14352	g/l	PrimaryInjection	339	269
14353	g/l	PrimaryInjection	395	294
14354	g/l	PrimaryInjection	400	294
li-crmp5ab	index	Source	16	15
s-crmp5ab	index	Source	25	23
s-kkab	pmol/l	Source	71	67
pujoe	u/ml	Source	214	197
cladhee	u/ml	Source	175	164
pt-gluk-0	mmol/l	Source	272	234
ly-tbspota	spot/e6lumfos	Source	424	402
ly-tbspotb	spot/e6lumfos	Source	424	402
ly-tbspppd	spot/e6lumfos	Source	180	171
sy-yksit	%	Source	69	50
sy-monit	%	Source	69	50
b-lcd34	e9/l	PrimaryInjection	247	157
la-cd34	e9/l	PrimaryInjection	210	152
b-hhv6nh	u/ml	PrimaryInjection	101	34
s-vegf	ng/l	Source	31	22
prostataspesifinenantigeeni,kokonais	ug/l	Source	178	122
albumiini,seerumi,elektoforeesifraktio(g/l)␤	g/l	Source	13	9
alfa-1-globuliini,seerumi,elektroforeesifraktio	g/l	Source	12	9
alfa-2-globuliini,seerumi,elektroforeesifraktio	g/l	Source	12	9
beta-1-globuliini,seerumi,elektroforeesifraktio	g/l	Source	13	9
beta-2-globuliini,seerumi,elektroforeesifraktio	g/l	Source	12	9
gammaglobuliini,seerumi,elektroforeesifraktio	g/l	Source	12	9
m-komp-1	g/l	Source	1094	135
fp-glukgr0	mmol/l	Source	33	31
p-glukgr2	mmol/l	Source	33	31
p-glukgr3	mmol/l	Source	33	31
l-blas-m	%	Source	297	92
l-mono-m	%	Source	297	92
p-krea,osatutki4600	umol/l	Source	503	150
du-pi	mmol	Source	591	458
p-jgluk	mmol/l	Source	100	99
fs-jc-pept	nmol/l	Source	167	167
p-kreatiniini,vieritutkimus	umol/l	Source	190	120
p-natrium,vieritutkimus	mmol/l	Source	232	145
p-kalium,vieritutkimus	mmol/l	Source	228	143
p-glukoosi,vieritutkimus(cit1000)	mmol/l	Source	18	16
vb-hiilidioksidiosapaine,vierilaitteella	kpa	Source	11	10
vb-aktuaalibikarbonaatti,vierilaitteella	mmol/l	Source	40	26
vb-emäsylimäärä,vierilaitteella	mmol/l	Source	37	24
p-kloridi,vierilaitteella	mmol/l	Source	38	25
b-laktaatti,vierilaitteella	mmol/l	Source	12	11
u-pienepiteelisolut	e6/l	Source	62	54
s-gliadiinipeptidit,deamidoidut,igg-vasta-aineet	u/ml	Source	95	93
glukoosi120min	mmol/l	Source	119	113
14348	g/l	PrimaryInjection	203	165
s-b12-vit	pmol/l	PrimaryInjection	75	70
s-ruise	u/ml	Source	151	149
ghb-a1c-pika	%	Source	89	30
s-kardabg	u/ml	Source	83	64
l-blastit,mikroskopointi	%	Source	236	94
b-tbifng	iu/l	Source	117	108
klotsapiini,seerumista	nmol/l	Source	22	9
desmetyyliklotsapiini,seerumista,osatutk.3964	nmol/l	Source	22	9
klotsapiini,seerumista	umol/l	Source	77	17
desmetyyliklotsapiini,seerumista,osatutk.3964	umol/l	Source	77	17
erytropoietiini	u/l	Source	23	21
emäsylimäärä,arteriaverestä,osatutk.	mmol/l	Source	64	38
aktuaalibikarbonaatti,arteriaverestä,osatutk.	mmol/l	Source	96	58
hemoglobiini,arteriaverestä,osatutk	g/l	Source	95	57
kalsium,ionisoitunut,ph7.4-korjattu,arteriaverestä,osatutk	mmol/l	Source	48	34
kalium,verikaasuosatutk.	mmol/l	Source	179	88
natrium,verikaasuosatutk.	mmol/l	Source	180	88
laktaatti,verikaasuanalysaattorilla,verestä	mmol/l	Source	99	60
kalsium,ionisoitunut,arteriaverestä,osatutk	mmol/l	Source	48	34
happikyllästeisyys(hemoglobiini),osatutk	%	Source	95	57
kloridi,osatutk.	mmol/l	Source	48	34
anionivaje,osatutkimus	mmol/l	Source	48	34
happiosapaine,lämpötilakorjattu,arteriaverestä,osatutk	kpa	Source	45	33
hiilidioksidiosapaine,lämpötilakorjattu,arteriaverestä,osatutk	kpa	Source	45	33
lämpötila,arteriaverestä,osatutk	°c	Source	45	33
s-kor/dxm	nmol/l	Source	68	67
laktaatti,(verikaasulaite),kapillaariveri	mmol/l	Source	8	8
glukoosi(verikaasulaite),kapillaariveri	mmol/l	Source	366	204
s-helicobakterpylori,iggvasta-aineet	index	Source	14	14
b-pvk	paketti	Source	261	116
s-tfr	mg	Source	7	6
hdl-kol/kol-suhde	ratio	Source	293	128
s-hepsid	nmol/l	Source	871	541
s-allige,koivu/björk	u/ml	Source	212	212
s-allige,hevonen(hilse)/häst(mjäll)	u/ml	Source	72	72
s-allige,kissa(hilse)/katt(mjäll)	u/ml	Source	109	109
s-allige,koira(hilse)/hund(mjäl)	u/ml	Source	113	113
li-muut	e6/l	Source	43	42
b-cardiac,myoglobiini	ng/ml	Source	24	14
s-c-reaktiivinenproteiini,pika	mg/l	Source	77	66
p-gluk-pt	mmol/l	Source	42	41
b-tnipika	ug/l	Source	187	179
glukr60m	mmol/l	Source	20	16
glukr120m	mmol/l	Source	37	31
b-probnp	ng/l	PrimaryInjection	6	6
s-hibab	mg/l	Source	40	32
s-stpn2	ug/mlgmc	Source	37	25
s-stpn8	ug/mlgmc	Source	40	27
s-stpn10a	ug/mlgmc	Source	43	26
s-stpn11a	ug/mlgmc	Source	46	28
s-stpn17f	ug/mlgmc	Source	42	27
s-stpn20a	ug/mlgmc	Source	40	27
s-echiab.	od	Source	72	66
s-stpn12f	ug/mlgmc	Source	29	23
s-stpn15b	ug/mlgmc	Source	38	26
s-varicella-zostervirus,iggvasta-aineet	eiu	Source	23	23
s-hepatitisbvirus,s-antigeeni,vasta-aineet	miu/ml	Source	97	88
se-bilirubiini	umol/l	Source	69	37
troponiinii,plasmasta	ng/l	Source	151	90
s-c-peptidi,proinsuliinin,aterianjälkeen	nmol/l	Source	63	57
cb-kalsium,ionisoitunut,ph7.4-korjattu	mmol/l	Source	260	140
cb-kalsium,ionisoitunut	mmol/l	Source	203	109
s-ia2ab	ru	Source	9	9
fp-triglyseriditplasmasta	mmol/l	Source	1453	751
p-krea	ml/min/173m2	Source	185	124
li-igg-ind	ratio	Source	77	77
s-ig-oc	g/l	Source	29	29
glukras-0	mmol/l	Source	97	79
glukras120	mmol/l	Source	153	119
pt-arr	pmol/mu	Source	23	21
tnlpika	ug/l	Source	62	51
vertca15-3	u/ml	Source	8	8
vertcea	ug/l	Source	40	39
p-glukpik	mmol/l	Source	200	134
11615	ug/l	Source	1551	69
b-siklosporiinia,massaspektrometrinen	ug/l	Source	763	78
mch	pg	Source	32	28
happikyllästeisyys(hemoglobiini),valtimoveri	%	Source	30	29
happiosapaine,valtimoveri	kpa	Source	38	33
hiilidioksidiosapaine,valtimoveri	kpa	Source	38	33
laktaatti,valtimoverestä	mmol/l	Source	13	13
p-kardiolipiini,iggvasta-aineet	u/ml	Source	185	158
fe-folaatt	nmol/l	Source	173	154
c-reaktiivinenproteiini,vieritutkimusnordlab	mg/l	Source	91	74
p-glukp	mmol/l	Source	174	170
albumiininjakreatiniininsuh	mg/mmol	Source	235	185
s-ck-mbm	ug/l	Source	40	32
se-urea	mmol/l	Source	498	110
se-gluk	mmol/l	Source	226	99
se-leuk	e6/l	Source	658	136
ammonium-ioni	umol/l	Source	259	141
s-ca15-3antigeeni	u/ml	Source	785	383
omap-crp-pika	1	Source	33	27
s-campabg	u/ml	Source	130	125
l-monosyytit+muut	%	Source	209	194
albumiini,laskennallinen	ug/min	Source	51	39
tilavuus,vuorokausivirtsa	ml	Source	247	191
s-norkloj	nmol/l	Source	74	34
s-klotsaj	nmol/l	Source	76	35
plasmantromboplastiiniaika	%	Source	46	29
s-cpn-abg	eiu	Source	15	15
fp-rauta(osat.)	umol/l	Source	288	228
fs-pepsin2	ug/l	Source	249	246
fs-gastr17	pmol/l	Source	35	35
du-ca	mmol/24h	Source	199	149
s-ebvavi	%	Source	222	199
s-sinkki	umol/l	Source	35	34
cp-crp-hy	mg/l	PrimaryInjection	202	179
11162	mmol/l	Source	28	26
s-ca	g/l	Source	8	6
s-non-hdl-kolesteroliosatutkimus	mmol/l	Source	28	27
l-promyelosyytit,mikroskopointi	%	Source	111	61
p-hcvnh	iu/ml	Source	198	143
s-lysotsyymi	mg/l	Source	163	141
interleukiini-2:nreseptori,liukoinen	u/ml	Source	60	54
u-dala	umol/l	Source	111	89
s-timoteinsiitepöly(g6),igevasta-aineet	u/ml	Source	120	119
s-koivunsiitepöly(t3),igevasta-aineet	u/ml	Source	124	121
s-pujonsiitepöly(w6),igevasta-aineet	u/ml	Source	64	64
s-hevosenhilse(e3),igevasta-aineet	u/ml	Source	109	107
s-kissanhilse(e1),igevasta-aineet	u/ml	Source	14	13
s-koiranhilse(e5),igevasta-aineet	u/ml	Source	21	21
s-porkkae	u/ml	Source	68	68
s-mäntye	u/ml	Source	38	37
s-home1er	u/ml	Source	73	72
cu-igg	ug/min	Source	71	69
cu-prot	g	Source	34	29
tuma,vasta-aineet,seerumista	titre	Source	33	26
s-w-h:g.m	titre	Source	108	100
s-w-h:i	titre	Source	215	200
solut,bronkoalveolaarineste	e6/l	Source	136	131
s-ch100mbl	%	Source	143	135
testosteroni	nmol/l	Source	248	155
s-frtuab	titre	Source	135	111
s-cv19sab	au/ml	Source	149	140
s-parvabg	index	Source	249	233
emäsylimäärä,laskimoverestä,pikatesti␤	mmol/l	Source	373	285
p-tromboplastiiniaika,inr-tulostus,pikatutkimus	inruikkã¶	Source	45	34
s-eläiryh	u/ml	Source	42	38
-trfesat	%	PrimaryInjection	19	19
lymfosyyttienabsol.määrä	e9/l	Source	178	80
monosyyttienabs.määrä	e9/l	Source	178	80
basofiilienabs.määrä	e9/l	Source	178	80
l-neutrofiilit-act5diffillä	%	Source	178	80
b-eosinifiilit-act5diffillä	%	Source	178	80
b-basofiilit-act5diffillä	%	Source	178	80
b-neutrofiilit-absact5diffillä	e9/l	Source	178	80
p-ebvnh	gekv/ml	Source	464	104
p-glukoosipikahoitoyksiköt	mmol/l	Source	241	160
solut,askitesneste	e6/l	Source	88	52
as-krea	umol/l	Source	162	107
neutrofiilit+eosinofiilit,askitesneste	%	Source	55	36
muutsolut,askitesneste	%	Source	50	35
mononukleaarisetsolut,askitesneste	%	Source	54	35
prealbumiini,plasma	g/l	Source	103	69
p-laktaattipikahoitoyksiköt	mmol/l	Source	58	51
p-kaliumpikahoitoyksiköt	mmol/l	Source	88	80
p-kalsium,ionisoitunutpika,hoitoyksiköt	mmol/l	Source	44	36
lateksi	u/ml	Source	11	11
fp-reumafaktori,määritys	iu/ml	Source	6	6
p-tromboplastiiniaika,inr-tulostus	1	Source	64	8
afoskokonaispitoisuus,seerumista	u/l	Source	27	27
maksaisoentsyymi,seerumista	%	Source	27	27
s-luustoperäinenisoentsyymi	%	Source	35	34
s-suolistoisoentsyymi	%	Source	20	20
alfa-1-fetoproteiini,seerumista	u/ml	Source	105	58
prealbumiini,seerumista␤	g/l	Source	147	122
p-alkalinenfosfataasi,paikallisanalytiikka,kuivakemia	u/l	Source	332	289
p-amylaasi,paikallisanalytiikka,kuivakemia	u/l	Source	250	222
p-glutamyyliransferaasi,paikallisanalytiikka,kuivakemia	u/l	Source	168	154
p-glukoosi,paikallisanalytiikka,kuivakemia	mmol/l	Source	165	152
s-alfa-1-globuliini,fraktio	g/l	Source	60	57
s-alfa-2-globuliini,fraktio	g/l	Source	60	57
s-beeta-1-globuliini,fraktio	g/l	Source	60	57
s-beeta-2-globuliini,fraktio	g/l	Source	60	57
s-gammaglobuliini,fraktio	g/l	Source	60	57
s-m-komponentti1	g/l	Source	64	61
s-m-komponentti2	g/l	Source	64	61
b-tnt-vt	ng/l	Source	149	106
s-psa-v	%	Source	63	50
f-salmvi	form	Source	18	11
s-testo-v	%	Source	15	15
u-amfet-o	estimate	Source	206	140
u-bendi-o	estimate	Source	210	143
u-metad-o	estimate	Source	156	104
u-opiaa-o	estimate	Source	206	140
u-canna-o	estimate	Source	206	140
u-koka-o	estimate	Source	206	140
u-bupre-o	estimate	Source	207	141
s-prolaktiini,rec	%	Source	12	12
s-testosteroni,vapaa,laskettu,seerumista	pmol/l	Source	33	26
s-prltot	mu/l	Source	246	224
du-alb-mi	ug/min	Source	37	33
b-hb-o	g/l	Source	31	28
kors/dxm	nmol/l	Source	20	17
s-cob5abg	eiu	Source	174	162
s-rsvabg	eiu	Source	136	127
vb-be-vt	mmol/l	Source	372	279
du-prot	mg/24h	Source	200	95
p-glukoosi120	mmol/l	Source	20	20
du-na	mmol/24h	Source	60	53
s-d2-25	nmol/l	Source	140	103
s-psa,vapaanjatotaalinsuhde	%	Source	14	11
b-inr-pt	inr	Source	390	375
p-b12-tc2	pmol/l	Source	69	66
fs-ca-iona	mmol/l	Source	1052	401
s-d-1.25	pmol/l	Source	63	38
paastoseeruminkalsium-ioni.aktuaali	mmol/l	Source	371	166
fp-kalsium,ionisoitunut	mmol/l	Source	172	113
ap-kalium␤	mmol/l	Source	162	127
ap-natrium␤	mmol/l	Source	162	127
p-c-reaktiivinenproteiini(kval)␤	mg/l	Source	111	90
-natrium,vieritutkimus	mmol/l	Source	81	68
-kalium,vieritutkimus	mmol/l	Source	81	68
-kreatiniini,vieritutkimus	umol/l	Source	81	68
p-ck-mb	u/l	Source	109	100
s-hepyabg	eiu	Source	206	203
dna,vasta-aineet,natiivi(doublest	kiu/l	Source	20	19
14125	e9/l	Source	146	87
b-beeta-hydroksibutyraatti,pika␤	mmol/l	Source	29	18
vb-happikyllästeisyys(hemoglobiinin,osuustoimin	%	Source	263	92
fp-fosfaatti,epäorgaaninen	mmol/l	Source	1537	438
p-kloridi	mmol/l	Source	149	115
p-angap.	mmol/l	Source	17	16
ab-oksihemoglobiini	%	Source	17	14
ab-happikyllästeisyys(hemoglobiinin,osuustoimin	%	Source	63	36
kolesteroli,lowdensitylipoproteiinit/lipidit	mmol/l	Source	134	128
li-borrabg	wme	Source	165	157
li-borrabm	wme	Source	87	83
s-ldpit	u/l	Source	145	139
e-g6pd	ku/mol	Source	20	19
p-adam13	%	Source	292	199
s-karni	umol/l	Source	328	111
s-karni-v	umol/l	Source	342	116
s-aripi	nmol/l	Source	683	335
prostataspesifinenantigeeni,totaali	ug/l	Source	109	72
s-sileälihas,vasta-aineet	titre	Source	16	16
immunoglobuliinia	g/l	Source	219	216
immunoglobuliinim	g/l	Source	23	22
p-prokalsitoniini	ng/ml	Source	100	76
u-baktvi	form	Source	10	6
b-pvk	form	Source	6	6
i-staturea	mmol/l	Source	39	35
i-statcl	mmol/l	Source	46	42
i-statglu	mmol/l	Source	45	41
cb-tt-inr	inr	Source	1073	55
cladosp.he	u/ml	Source	69	68
s-trijodityroniini,vapaa	pmol/l	Source	58	46
s-tyreoideaperoksidaasi,vasta-aineet	u/ml	Source	84	74
s-allige,cashew-pähkinä	u/ml	Source	9	9
5386	mmol/l	PrimaryInjection	146	116
s-immfix	form	Source	287	233
b-hemafc	form	Source	50	44
tu-fish	form	Source	102	99
-fishhyb	form	Source	48	48
s-van-0	mg/l	Source	84	38
s-van-1	mg/l	Source	78	35
s-lakosam	mg/l	Source	9	8
p-prealb	mg/l	Source	180	156
inrvieri	inr	Source	1325	69
b-hba1c-p	%	Source	148	99
pf-liuskat	%	Source	71	59
s-ca125kj	u/ml	Source	12	11
pt-glomerulussuodosnopeus,pt-gfreepiestimoitu,ckd-epi-kaava	ml/min/173m2	PrimaryInjection	162	115
f-kalprotektiini,feia	ug/g	Source	797	455
p-trombiiniaika	s	Source	111	92
du-sitraat	mg/24h	PrimaryInjection	40	24
s-vancom	mg/l	Source	138	37
b-hba1chy	mmol/mol	Source	261	73
fp-hcyst	umol/l	Source	105	101
prostataspesifinenantigeeni,vapaa/kokonais-suhde,osatutk.4637eikiinnit.	%	Source	156	92
s-tyreotropiini	miu/l	Source	403	302
s-tyroksiini,vapaa	pmol/l	Source	655	492
s-histab	u/ml	Source	35	29
p-tromboplastiiniaika.	%	Source	40	39
p-hyytymistekijäviii.	%	Source	131	93
p-beeta-2-glykoproteiini,iggvasta-aine	u/ml	Source	126	119
p-antitrombiiniiii,päivystys	%	Source	36	35
p-trombiiniaika(p-trombot-paketti)	s	Source	25	24
u-kivi	form	Source	60	56
s-hsv2abg	eiu	PrimaryInjection	49	44
p-ca-albk	form	Source	75	68
b-kreatiniini,pikatesti,veri	umol/l	Source	186	165
b-natrium,pikatesti,veri	mmol/l	Source	179	158
b-kalium,pikatesti,veri	mmol/l	Source	181	160
b-rdw	%	PrimaryInjection	22	19
s-mpoab	u/ml	Source	585	113
neut	e9/l	Source	4350	591
lymph	e9/l	Source	4349	591
eos	e9/l	Source	4350	591
s-caionac	mmol/l	Source	863	372
s-caio7.4	mmol/l	Source	860	372
fibriinind-dimeerit,plasmasta,pikatutkimus	mg/l	Source	47	44
p-prostataspesifinenantigeeni,vapaa,osuus	%	Source	204	169
s-karbamatsepiini	umol/l	Source	41	33
s-dermatophagoidespteronyssinusigevasta-aineet	u/ml	Source	27	27
fp-gluk-o	mmol/l	Source	104	86
fp-gluk-2	mmol/l	Source	168	135
s-tsh-reseptori,vasta-aineet	iu/l	Source	348	245
pt-sper-2	form	Source	39	31
s-ast	u/ml	Source	408	370
leukosyytti,pikatesti,veri	e9/l	Source	159	144
sappihapot	umol/l	Source	161	59
kolesteroli	mmol/l	PrimaryInjection	116	99
s-immunoglobuliinig	g/l	Source	32	32
s-immunoglobuliinim	g/l	Source	25	25
s-immunoglobuliinig,alaluokka4	g/l	Source	194	154
b-hemoglobiini-a1c,verestä	mmol/m	Source	87	76
fs-transf	%	Source	453	374
s-kyhemag	titre	PrimaryInjection	44	26
pt-dxm-r1:p-korsol	nmol/l	Source	22	22
kasvuhormoni,seerumi	ug/l	Source	18	13
s-insuliininkaltainenkasvutekijä1	nmol/l	Source	60	49
tyreoideaperoksidaasi,vasta-aineet,seerumi	u/ml	Source	27	24
erytrosyytit,pvkosatutkimus	e12/l	Source	84	47
hemoglobiini,pvkosatutkimus	g/l	Source	84	47
erytrosyytit,pvkosatutkimus	%	Source	84	47
erytrosyytit,keskitilavuus,pvkosatutkimus	fl	Source	84	47
hemoglobiini,keskimassa,pvkosatutkimus	pg	Source	83	46
hemoglobiini,keskimassakonsentraatio,pvkosatutkimus	g/l	Source	83	46
trombosyytit,pvkosatutkimus	e9/l	Source	83	46
cb-hemoglobiini,pikatesti	g/l	Source	72	43
leukosyytit,pvkosatutkimus	1	Source	37	21
cb-glukoosi,pikatesti	mmol/l	Source	153	94
pika-kalium	mmol/l	Source	145	81
pika-natrium	mmol/l	Source	145	80
pika-kreatiniini	umol/l	Source	142	81
u-igg	mg/l	Source	7	7
14401	ug/l	Source	101	54
l-segm	%	Source	126	74
p-c-reaktiivinenproteiini,hoitoyksikkö	1	Source	40	35
21585	ug/l	Source	1430	276
s-tr1tutkosatutkimus,papp-a:nosuus,seerumista	mu/l	Source	112	110
neutrofiilit,pleuraneste	%	Source	199	149
eosinofiilit,pleuraneste	%	Source	192	144
mononukleaarisetsolut,pleuraneste	%	Source	125	96
solut,pleuraneste	e6/l	Source	144	107
paastoseeruminkalsium-ioni.	mmol/l	Source	575	385
seeruminkalsium-ioni.aktuaali	mmol/l	Source	569	383
seeruminph	1	Source	358	274
fosfaatti,epäorgaaninen	mmol/l	Source	275	203
s-d-vitamiini-1,25-oh	pmol/l	Source	40	38
s-immunoglobuliinie	u/ml	Source	346	322
kolesteroli-ldl	mmol/l	Source	39	29
b-tblfng	iu/ml	Source	27	24
sy-leukosyytit	e6/l	Source	174	153
sy-neutrofiilitjaeosinofiilit	%	Source	298	243
sy-mononukleaarisetsolut	%	Source	317	262
sy-muutsolut	%	Source	183	159
s-he4proteiini	pmol/l	Source	308	270
osmolaliteetti,virtsa	mosm/kgh2o	Source	310	256
osmolaliteetti,seerumi	mosm/kgh2o	Source	123	92
b-tromsit	e9/l	Source	84	34
b-hemoglobiini-a1c,glykoitunut	mmol/mol	Source	271	197
pt-glomerulussuodatusnopeus,estimoitu,ckd-epi-kaava	ml/min/173m2	PrimaryInjection	122	87
adalimumabipitoisuus,seerumista␤	mg/l	Source	39	29
p-nfl	ng/l	Source	79	70
du-cu	umol/24h	Source	127	101
sy-diffi	granos	Source	18	17
s-rcora8e	u/ml	Source	371	364
u-kreatiini,virtsasta(u-intp)	mmol/l	Source	92	47
b-la	form	Source	155	153
s-koivunsiitepöly,igevasta-aineet	u/ml	Source	293	288
s-timoteinsiitepöly,igevasta-aineet	u/ml	Source	256	251
s-pujonsiitepöly,igevasta-aineet	u/ml	Source	206	203
s-kissanhilse,igevasta-aineet	u/ml	Source	149	145
s-koiranhilse,igevasta-aineet	u/ml	Source	198	192
s-hevosenhilse,igevasta-aineet	u/ml	Source	151	148
s-dermatophagoidespteronyssinus,igevasta-aineet	u/ml	Source	163	161
s-cladosporiumherbarum,igevasta-aineet	u/ml	Source	145	143
vyötärönympäryys	cm	Source	45	45
s-smabbl	s	Source	8	8
s-ssbabbl	s	Source	6	6
s-scl70bl	s	Source	6	6
s-ca-ion	mmol/l	PrimaryInjection	156	132
u-albkre	mg/mmol	PrimaryInjection	67	60
b-fidd-pika	mg/l	Source	27	25
pt-glomerulussuodosnopeus,estimoitu,ckd-epi-kaava	1	Source	389	155
epoc-laitteellatehtäväpikatesti,osavastausp-k	1	Source	68	43
epoc-laitteellatehtäväpikatesti,osavastausp-krea	1	Source	66	42
epoc-laitteellatehtäväpikatesti,osavastausp-na	1	Source	68	43
p-alkaalinenfosfataasi	u/l	Source	218	147
plasmanbilirubiini	umol/l	Source	57	43
p-probnpvt	ng/l	Source	196	86
plasmanalbumiini	g/l	Source	12	12
s-koriongonadotropiini-b-alayksikkö,ihmisen,vapaa(kasvainmerkkiaine)	ug/l	Source	110	106
normetanefriiniseerumista	nmol/l	Source	78	61
crppikatutkimusoma	mg/l	Source	159	123
pt-glomerulussuodosnopeus,estimoitu,mdrd-kaava	ml/min/173m2	Source	102	96
s-campaba	titre	PrimaryInjection	18	15
parapähkin	u/ml	Source	16	16
acajoupähk	u/ml	Source	26	25
s-sfit1	ng/l	Source	135	105
s-pigf	ng/l	Source	164	124
s-dheas	umol/l	PrimaryInjection	200	175
s-testosteroni,herkkä	nmol/l	PrimaryInjection	110	104
u-solut	e6/l	Source	160	91
s-flekain	umol/l	Source	325	189
s-c-ancif	titre	Source	162	119
fe-folat	nmol/l	Source	71	56
10503	mmol/l	Source	176	149
li-laktaatti,päivystystutkimus	mmol/l	Source	90	67
b-gal	mmol/l	Source	1044	125
pt-galt1/2	min	Source	175	152
14078	ug/l	Source	113	31
14400	ug/l	Source	56	40
u-i	ug/l	Source	309	243
u-isuhtu-krea(osatutk)	ug/g	Source	88	82
kolestrolivldl	mmol/l	Source	80	72
s-ascaba	u/ml	Source	74	69
s-ascabg	u/ml	Source	61	56
-aspeag	index	PrimaryInjection	22	19
p-ebvnh	iu/ml	PrimaryInjection	611	202
p-fibriinind-dimeeritpika,hoitoyksiköt	mg/l	Source	86	84
13982	ug/l	Source	935	294
p-fviiire	%	Source	250	39
p-fviiikr	%	Source	124	28
glukras-60	mmol/l	Source	88	69
-kemerik	form	Source	48	41
ph,ca-ionosatutkimus	1	Source	35	27
as-liuskat	%	Source	16	9
as-mononuk	%	Source	343	200
as-alb	mg/l	Source	28	18
pf-alb	mg/l	Source	9	7
laktaatti(verikaasulaite),kapillaariveri	mmol/l	Source	357	196
s-asta	iu/ml	Source	227	198
p-tsh-ong	mu/l	Source	267	215
e-mch	g/l	Source	118	80
s-tsh	mu/l	SecondaryCorrection	113	87
cb-leuk-o	e9/l	Source	73	63
p-trijodityroniini,vapaa	pmol/l	Source	637	364
s-kaurae	u/ml	Source	154	154
oma-crp-pika	mg/l	PrimaryInjection	14	14
NA	mg	Source	17	17
s-cea	ug/l	PrimaryInjection	96	75
li-borrabg	au/ml	Source	44	37
nivelnesteenneutrofiilit	%	Source	10	8
sy-leukosyytit,muut	%	Source	18	17
s-metanefriini	nmol/l	Source	348	304
b-ti	ug/l	Source	323	229
b-ti	ug/l	PrimaryInjection	276	223
s-borabmvosat.	au/ml	Source	56	46
s-borabgvosat.	au/ml	Source	27	23
b-kromi	ug/l	Source	303	255
kalsium,osatutkimus(4598p-ca)	mmol/l	Source	89	81
li-borrabg	u	Source	160	153
s-cdt	u/l	Source	35	30
-liikk.b	%	Source	112	65
-liikk.c	%	Source	112	65
-liikk.d	%	Source	112	65
-liikk.a	%	Source	108	64
-cv19ag	e9/l	Source	19	7
-cv19ag	%	Source	13	6
-cv19ag	g/l	Source	15	9
-cv19ag	pg	Source	8	8
-cv19ag	e12/l	Source	7	7
-cv19ag	fl	Source	8	8
epididymaalinenantigeeni4(he4)	pmol/l	Source	26	25
s-helicobacterpylori,iggvasta-aineet	index	Source	64	58
s-glutamaattidekarboksylaasi(gad),vasta-aineet	iu/ml	Source	61	59
22102	nmol/l	Source	218	165
p-gluk-0	mmol/l	Source	264	197
p-gluk-2	mmol/l	Source	57	40
s-fosfaatti	mmol/l	Source	13	12
kromi	ug/l	Source	27	25
koboltti	ug/l	Source	37	34
u-levyepi	e6/l	Source	14	12
s-allergeeni,pölyerittely(phadiatop)/inhalations(pi)	u/ml	Source	24	24
p-ck	u/l	PrimaryInjection	40	31
0hkors	nmol/l	Source	94	74
24hkors	nmol/l	Source	91	72
s-ige-sse,pölyryhmä:dpteroe,kissae,hevonene,koirae,timoteie,cladhee,koivue,pujoe	u/ml	Source	50	50
s-allige,dermatophagoidespteronyssinus,pölypunkki/dammvalster	u/ml	Source	35	35
b-leukppi	e9/l	Source	22	22
u-prot-fr	form	Source	6	6
s-canalbe	u/ml	Source	26	26
s-paprike	u/ml	Source	109	106
l-lymfosy	%	Source	73	63
pt-syke	times/min	Source	159	146
b-hemok-d	form	Source	64	63
as-neut+eo	%	Source	313	179
as-muutsol	%	Source	258	160
pf-probnp	ng/l	Source	145	117
s-t3-v	pmol/l	PrimaryInjection	324	221
s-alfa-1-fetoproteiini	u/ml	Source	449	273
s-karmpue	u/ml	Source	9	9
s-valksie	u/ml	Source	44	44
-ca19-9	u/ml	Source	23	23
s-psa(pi)	ug/l	Source	67	51
b-fidd-pt	mg/l	Source	142	124
s-igg1	g/l	PrimaryInjection	11	11
s-igg2	g/l	PrimaryInjection	10	10
s-igg3	g/l	PrimaryInjection	9	9
s-igg4	g/l	PrimaryInjection	13	13
s-aspfumg	mg/l	PrimaryInjection	30	28
10329	u/l	Source	10	9
10330	u/l	Source	9	8
10333	%	Source	9	8
s-ck-mm	%	Source	113	104
ab-hblask	g/l	Source	36	16
fp-renin	mu/l	Source	184	157
s-ferritiini(pi)	ug/l	Source	267	147
p-tyreotropiini	miu/l	Source	328	189
b-erytbl	e9/l	Source	1109	613
s-ebnaab	u/ml	Source	134	118
b-gran	e9/l	Source	160	101
s-piiinp	u/ml	Source	31	30
s-beeta-1	g/l	Source	261	227
s-beeta-2	g/l	Source	260	226
s-dhea	nmol/l	Source	367	262
b-nipttri	form	Source	91	90
bm-fishmm	form	Source	28	28
bm-fish2	form	Source	29	28
proteiini,nivelneste	g/l	Source	6	6
p-b12-bc	pmol/l	Source	129	126
s-desmetyylivenlafaksiini	nmol/l	Source	15	14
s-venlafaksiini+desmetyylivenlafaksiini	nmol/l	Source	6	6
p-ldl-kolesteroli,suoramittaus	mmol/l	Source	77	71
la-cd34	e6/kg	Source	156	72
s-crp-o	u/ml	Source	10	10
s-kissa,igevasta-aineet	u/ml	Source	39	39
s-allige,koira(hilse)/hund(mjäll)osa	u/ml	Source	52	51
s-allige,munanvalkuainen/äggvitaosa	u/ml	Source	8	7
10081	mmol/l	Source	240	48
b-keto/pik	mmol/l	Source	532	353
b-leupika	e9/l	Source	122	113
l-neut-kd	%	Source	111	56
l-lymf-kd	%	Source	111	56
l-mono-kd	%	Source	111	56
l-eos-kd	%	Source	111	56
l-baso-kd	%	Source	111	56
prealbumiini	g/l	Source	85	72
transferriininrautakyllästeisyys,osatutkimus	1	Source	15	12
b-perusverenkuvajatrombosyytit,vieritutkimus,osavastausb-hkr-vt	%	PrimaryInjection	13	13
b-perusverenkuvajatrombosyytit,vieritutkimus,osavastause-rdw-vt	%	PrimaryInjection	12	12
p-crp,herkkä	mg/l	Source	70	55
timeintherapeuticrange(sis.inr:n)	%	Source	1521	92
pf-glukoosi	mmol/l	Source	46	39
pf-erytrosyytit	e6/l	Source	65	52
pf-leukosyytit	e6/l	Source	56	43
pf-proteiini	g/l	Source	66	52
s-immunoglobuliini,kevytketjut,lambda,vapaat	mg/l	Source	581	194
s-immunoglobuliini,kevytketjut,kappa,vapaat	mg/l	Source	579	193
s-9-hydroksirisperidoni	nmol/l	Source	70	50
ps-straag	form	Source	12	10
120mp-glu	mmol/l	Source	95	93
xxlymf	%	Source	200	162
xxmono	%	Source	200	162
xxeos	%	Source	200	162
xxbaso	%	Source	200	162
xxneut	%	Source	200	162
s-pölyt	u/ml	Source	182	182
p-probnp-osoitus	ng/l	Source	37	30
af-gluk	mmol/l	Source	8	8
af-prot	g/l	Source	10	10
sukupuolihormonejasitovaglobuliini	nmol/l	Source	178	108
am-lamel	e9/l	PrimaryInjection	61	48
s-gt-cdt	%	Source	13	6
-ca12-5	u/ml	Source	15	15
cb-hba1cnla	mmol/mol	Source	212	51
b-hkr.fol	%	Source	28	24
p-mg	mmol/l	PrimaryInjection	322	189
sy-eos	%	Source	361	204
sy-ly+mono	%	Source	338	206
li-borrabm	au/ml	Source	23	19
li-neutrofiilitjaeosinofiilit	%	Source	35	27
li-mononukleaarisetsolut	%	Source	35	27
li-muutsolut	%	Source	12	12
u-cl	mmol/l	Source	200	122
li-pyruv	umol/l	Source	12	11
b-ghba1c-	%	Source	123	47
fs-c-peptidi,proinsuliinin	nmol/l	Source	56	51
b-mxdp	%	Source	183	161
b-neutp	%	Source	185	163
b-lyp	%	Source	174	152
b-pvk+t	paketti	Source	269	242
pika-hba1c	%	PrimaryInjection	125	72
b-vasp	%	Source	164	156
pt-klr-tje	form	Source	111	111
b-hba1c	mmol	PrimaryInjection	138	104
ca-ion	mmol/l	PrimaryInjection	181	177
gluk.0	mmol/l	Source	29	27
gluk.120	mmol/l	Source	29	27
s-prostatspesifinenantigeeni,kokonais	ug/l	Source	98	65
s-chpnabg	eiu	PrimaryInjection	163	156
trombosyytit,sitraattiveri	e9/l	Source	129	51
s-siliab	titre	PrimaryInjection	121	90
tryptaasi	ug/l	Source	96	75
s-gluk	mmol/l	Source	305	256
u-co	nmol/l	Source	192	77
s-borrab	au/ml	Source	18	12
p-tromboplastiiniaika,inr-tulostus,vieritutkimus	inr	Source	112	104
ly-lymfosyytit,t-cd3-solujenosuus	%	Source	307	180
ly-lymfosyytit,nk-solujenosuus	%	Source	313	185
b-lymfosyytit,t-cd3-solut	e6/l	Source	307	180
b-lymfosyytit,b-cd19-solut	e6/l	Source	195	149
b-lymfosyytit,t-cd8-solut	e6/l	Source	307	180
ly-lymfosyytit,t-estäjäsolujenosuus	%	Source	284	171
ly-lymfosyytit,b-cd19-solujenosuus	%	Source	178	139
13192	%	Source	211	139
13193	%	Source	211	139
bor-it-abm	index	Source	18	15
p-vip	pmol/l	Source	28	22
p-troponiinit,vieritesti	ng/l	Source	95	61
s-golim	mg/l	PrimaryInjection	16	14
fp-uraat	umol/l	Source	136	80
kalium,plasmasta	mmol/l	Source	681	308
kreatiniini,virtsasta	mmol/l	Source	92	70
c-reaktiivinenproteiini,pikatutkimus,plasmasta	mg/l	Source	56	36
p-natrium,pikatutkimus(emmlisännyt)	mmol/l	Source	58	44
p-kalium,pikatutkimus(emmlisännyt)	mmol/l	Source	57	44
p-kreatiniini,pikatutkimus(emmlisännyt)	umol/l	Source	56	43
punasolut,kokojakauma	%	Source	121	110
varfariinihoitotavoitetasolla	%	Source	68	62
u-natrium	mmol/l	Source	144	134
s-ia2ab	u/ml	Source	70	68
s-crp,herkkämenete	mg/l	Source	21	21
b-retikulosyytit,tuotantoindeksi	osuus	Source	273	184
s-parasetamoli	umol/l	Source	23	19
immunoglobuliinig,plasma	g/l	Source	201	152
glomerulussuodosnopeus,estimoitu,kreatiniini-kystatiinic	ml/min/173m2	Source	105	100
p-crp.	mg/l	Source	761	332
s-myplcf	titre	Source	109	98
pt-gluk-r1/0h	mmol/l	Source	19	19
pt-glukr1/2h	mmol/l	Source	19	19
du-cu	umol	Source	93	59
p-psa-v	ug/l	PrimaryInjection	16	15
s-meoh	mmol/l	Source	50	45
s-ipro	mmol/l	Source	51	46
s-etglygc	mmol/l	Source	37	36
punasolujenkokojakaumaparametri	%	Source	69	48
s-yer3ab	titre	Source	262	240
s-yer9ab	titre	Source	112	99
oma-ghb-a1	mmol/mol	PrimaryInjection	787	373
b-retikulosyytit,indeksi	osuus	Source	20	18
s-nordiat	umol/l	Source	7	7
fs-transf	g/l	PrimaryInjection	83	73
happamuusaste,koneveri	ph	Source	65	56
bikarbonaatti(aktuaali),kone	mmol/l	Source	56	48
s-belacte	u/ml	Source	73	46
s-konalbe	u/ml	Source	48	38
s-ovalbue	u/ml	Source	86	72
s-entlyse	u/ml	Source	49	41
s-nbosd6e	u/ml	Source	67	50
s-lakalbe	u/ml	Source	79	50
s-9hrispe	nmol/l	Source	166	99
s-ris9hrs	nmol/l	Source	16	12
u-kreatiniini,virtsasta,huumeseulonta	mmol/l	Source	36	25
u-trypg2	ug/l	Source	42	40
sy-laktaat	mmol/l	Source	247	211
pt-ttr+inr	%	Source	1974	196
p-digoks	nmol/l	Source	889	307
-crp-pika	mg/l	Source	226	144
kudostransglutaminaasi,igavasta-aineet,seerumista␤	u/ml	Source	169	152
s-testosteroni,vapaalaskettu	pmol/l	Source	26	23
s-norklotsapiini	nmol/l	Source	259	51
b-hba1cvt	%	PrimaryInjection	9	9
p-at3-hus	%	Source	12	12
p-tt-hus	%	Source	15	14
p-traihus	s	Source	15	15
p-c-pept	nmol/l	PrimaryInjection	26	22
s-ffa	mmol/l	Source	518	96
diabetes-laskuri	form	Source	76	76
l-monos	%	PrimaryInjection	19	16
s-bor-abm	ru/ml	Source	37	31
cb-ca-iona	mmol/l	Source	27	25
c-reaktiivinenproteiini,pikatesti,veri	mg/l	Source	173	159
pt-gfre-md	ml/min/173m2	PrimaryInjection	95	82
b-cya2	ug/l	Source	74	48
u-jcvnh	u/ml	Source	43	19
u-jcvnh	u/ml	PrimaryInjection	46	20
pt-glomerulussuodosnopeus,estimoituckd-epikaavallakystatiinic:stä	ml/min/173m2	Source	131	100
glukvieri	mmol/l	Source	823	431
ca19-9antigeeni	u/ml	Source	273	176
tyroksiini,vapaa,vertailumen	pmol/l	Source	41	40
antistreptolysiini,seerumi	u/ml	Source	12	12
b6-vitamiini(pyridoksaaiifosfaatti)	nmol/l	Source	29	26
li-erytrosyytit,likvor	e6/l	Source	107	96
immunoglobuliinig,indeksi,likvor	index	Source	27	26
li-immunoglobuliinig,li-ig-oc:nosatutkimus,huslab	mg/l	Source	28	26
p-kreapika	umol/l	Source	38	38
p-na-pika	mmol/l	Source	31	31
p-k-pika	mmol/l	Source	30	30
p-glukpika	mmol/l	Source	19	19
s-endomysium,igavasta-aineet	titre	Source	22	21
s-s100	ug/l	Source	276	117
muutsolut,pleuraneste	%	Source	58	56
kromograniinia	nmol/l	Source	206	103
fosfatidyylietanoli,verestätth	umol/l	Source	35	32
glomerulussuodosnopeusestimoituckd-epikaavallakystatiinic:stä	ml/min/173m2	Source	12	10
u-suhti	ratio	Source	570	88
li-fosfotau-proteiini	ng/l	Source	19	19
li-tau-proteiini	ng/l	Source	19	19
li-amyloidi-peptidi42-proteiini	ng/l	Source	17	17
aktuaalibikarbonaatti,venaverestä,pikatesti	mmol/l	Source	72	58
fs-apob/a1	ratioluku	Source	64	37
e-mcvp	fl	Source	1282	194
e-mchcp	g/l	Source	1281	194
e-mchp	pg	Source	1279	194
b-tromp	e9/l	Source	1290	194
b-hkrp	%	Source	1281	200
p-kp	mmol/l	Source	346	110
p-nap	mmol/l	Source	342	109
p-kreap	umol/l	Source	344	109
u-kemiallinenseulonta,osavastausu-ph	1	Source	43	29
u-kemiallinenseulonta,osavastausu-suhtih	1	Source	39	28
crp,pikaquikread	mg/l	Source	102	55
kalium,pika	mmol/l	Source	98	58
natrium,pika	mmol/l	Source	97	58
kreatiniini,pika	umol/l	Source	119	81
b-konediffi,5-osanen,osavastausb-baso	e9/l	Source	154	30
b-konediffi,5-osanen,osavastausb-eos	e9/l	Source	154	30
b-konediffi,5-osanen,osavastausb-lymf	e9/l	Source	154	30
b-konediffi,5-osanen,osavastausb-monos	e9/l	Source	154	30
b-konediffi,5-osanen,osavastausb-neut	e9/l	Source	156	30
b-konediffi,5-osanen,osavastausbaso	%	Source	156	30
b-konediffi,5-osanen,osavastauseos	%	Source	157	30
b-konediffi,5-osanen,osavastauslymf	%	Source	158	30
b-konediffi,5-osanen,osavastausmono	%	Source	158	30
b-konediffi,5-osanen,osavastausneut	%	Source	158	30
crp,pikamääritys,qid-reedlaitteella	1	Source	10	6
p-na-vt	1	Source	40	27
p-k-vt	1	Source	40	27
p-cl-vt	1	Source	40	27
p-krea-vt	1	Source	40	27
p-gluk-vt	1	Source	40	27
vb-caionvt	1	Source	40	27
vb-hkr-vt	1	Source	40	27
vb-hb-vt	1	Source	40	27
s-transferriinireseptori,liukoinen	mg/l	Source	125	95
sa-korsol	nmol	Source	46	36
tropopika	ng/l	PrimaryInjection	12	10
p-kolesteroli-hdl	mmol/l	Source	86	74
p-gammagt	u/l	Source	46	32
p-kolesteroli-ldl	mmol/l	Source	132	100
fs-ct	pmol/l	Source	598	114
s-psolab	titre	Source	56	54
p-c-reaktiivinenproteiini,hoitoyksikkö	mg/l	Source	67	62
fibriinind-dimeerit,pikatesti(b-fidd-o)	mg/l	Source	73	63
fs-tffesat	%	Source	26	25
s-amisulpridi	ug/l	Source	32	17
b-p2y12	pru	Source	18	17
p-tau-proteiini,217-fosforyloitu	ng/l	Source	74	74
p-albumiini(p-alb)	g/l	Source	76	73
p-kalsium(p-ca)	mmol/l	Source	76	73
glomerulussuodosnopeus	ml/min/173m2	Source	109	78
u-kreatiniini(huumeseulonnanyhteydessä)	mmol/l	Source	11	9
p-krea-vt	mmol/l	Source	44	35
b-na-vt	mmol/l	Source	149	113
b-k-vt	mmol/l	Source	150	114
neurofilamentti,kevytketjut,seerumista	ng/l	Source	45	42
plasmanmagnesium	mmol/l	Source	21	20
b-ghba1c-oma	%	Source	360	85
e-rethe,osatutkimus(19977e-rethe)	pg	Source	7	6
retikulosyytit(lask.)	e9/l	Source	184	131
retikulosyytit	%	Source	29	22
s-avokade	u/ml	Source	21	21
s-banaane	u/ml	Source	133	129
s-perunae	u/ml	Source	49	47
s-amokse	u/ml	Source	178	175
s-ampise	u/ml	Source	100	98
s-gpene	u/ml	Source	163	159
s-kefakle	u/ml	Source	209	201
s-vpene	u/ml	Source	177	174
s-rhevb5e	u/ml	Source	86	85
s-rhevb6e	u/ml	Source	52	52
s-rhev11e	u/ml	Source	54	54
b-col/epi	s	Source	62	55
mycobacteriumtuberculosis-herkistyn.solut,tb2antigeeni	iu/ml	Source	7	6
s-hcgb-v	pmol/l	Source	10	10
natriureettinenpeptidi,b-tyypinn-terminaalinenpropeptidi	ng/l	Source	27	23
s-myeloperoksidaasi,vasta-aineet	u/ml	Source	16	9
immunoglobuliinig1	g/l	Source	30	27
immunoglobuliinig2	g/l	Source	30	27
immunoglobuliinig3	g/l	Source	30	27
immunoglobuliinig4	g/l	Source	30	27
s-immunoglobuliinig,summa	g/l	Source	27	24
s-perinukleaarinenp-anca	titre	Source	18	16
as-neutrofiilitjaeosinofiilit	%	Source	44	28
as-mononukleaarisetsolut	%	Source	44	28
as-muutsolut	%	Source	23	17
s-glukr2h	mmol/l	Source	11	11
s-glukr0h	mmol/l	Source	8	7
pt-gfre-md	form	Source	16	15
u-leukbv,u-leukosyytit,virtasatieinfektionseu	e6/l	Source	17	17
u-baktbv,u-bakteerit,virtsatieinfektionseulon	e6/l	Source	17	17
s-marsue	u/ml	Source	15	15
s-thevulg	mg/l	Source	62	59
b-6-me-mp	umol/l	Source	110	78
b-tioguan	umol/l	Source	42	27
pt-gluk-r1	mmol/l	Source	369	169
fb-gluc	mmol/l	Source	220	27
s-hbsab	mlu/l	Source	54	40
fp-e-vit	umol/l	Source	235	122
b-hepartp	u/ml	Source	105	92
b-diffi	%	Source	149	35
b-k-diffi,mxd	%	Source	23	10
b-k-diffi,neut	%	Source	23	10
b-k-diffi,lym	e9/l	Source	23	10
b-k-diffi,mxd	e9/l	Source	23	10
b-k-diffi,neut	e9/l	Source	23	10
b-kdiffi,b-baso	e9/l	Source	465	59
b-kdiffi,lymf	%	Source	473	60
b-kdiffi,mono	%	Source	472	60
b-kdiffi,eos	%	Source	469	60
b-kdiffi,baso	%	Source	469	60
b-kdiffi,b-neut	e9/l	Source	468	59
b-kdiffi,b-lymf	e9/l	Source	466	59
b-kdiffi,b-monos	e9/l	Source	466	59
b-kdiffi,b-eos	e9/l	Source	466	59
b-kdiffi,neut	%	Source	467	59
s-klotsa,-dmklotsa	umol/l	Source	30	9
s-klotsa,-dmklotsa	nmol/l	Source	19	8
s-litium	mmol/l	Source	486	166
pt-glomerulussuodosnopeus,estimoituckd-epikaava	1	Source	29	19
s-klotsapiini,osavastaus-dmklotsa	umol/l	Source	28	6
s-desmetyyliklotsapiini	umol/l	Source	42	13
s-kalaer	u/ml	Source	39	36
s-sitruue	u/ml	Source	52	51
14659	nmol/l	Source	62	58
14638	nmol/l	Source	53	50
solut,bursaneste	e6/l	Source	17	17
asetyylikoliinireseptori,vasta-aineet	nmol/l	Source	6	6
erytrosyytit,virtsansolujenerittelylaskenta	u/field	Source	15	7
leukosyytit,virtsansolujenerittelylaskenta	u/field	Source	15	7
s-e1	pmol/l	Source	123	111
s-c1inhbk	%	Source	405	366
s-gpenige	u/ml	Source	61	60
s-vpenige	u/ml	Source	77	76
u-albumiini,kval.	estimate	Source	90	73
s-ca(7.4)	nmol/l	Source	93	78
u-epit,le	u/field	Source	15	15
u-pienepi	u/field	Source	20	20
s-hbvnh	iu/ml	PrimaryInjection	56	22
kreatiniini,vieritutkimus	umol/l	Source	55	42
natrium,vieritutkimus	mmol/l	Source	55	42
kalium,vieritutkimus	mmol/l	Source	55	42
c-reaktiivinenproteiini,vieritesti	mg/l	Source	23	21
b-caionpf	mmol/l	Source	652	36
b-myocap	form	Source	11	11
gluk1h	mmol/l	Source	282	200
gluk2h	mmol/l	Source	280	199
s-karba-v	umol/l	Source	22	17
s-borrabg	u/ml	Source	27	21
u-kreahuu	mmol/l	Source	213	84
fs-sappihapot	umol/l	Source	198	142
b-hbo2sat	%	Source	382	62
crp-pikamääritys	mg/l	Source	390	157
s-rarah8e	u/ml	Source	254	237
p-okorsol	nmol/l	Source	206	113
p-vkorsol	nmol/l	Source	161	114
p-akorsol	nmol/l	Source	124	114
s-oaldos	pmol/l	Source	200	112
s-valdos	pmol/l	Source	157	112
s-aaldos	pmol/l	Source	125	115
p-kreatiniinitykslab(osat.)	umol/l	Source	111	110
am-gluk	mmol/l	Source	18	18
am-epo	iu/l	Source	76	58
-ld	u/l	Source	104	100
u-ph	ph	Source	222	123
s-allige,pujo/grabo	u/ml	Source	115	115
mkomp-1	g/l	Source	408	148
s-kappa-lambda-suhde,kevytketjut,vapaa	ratio	Source	420	199
s-aldosteroni	pmol/l	Source	81	72
p-kor/dxm	nmol/l	Source	120	113
s-amokige	u/ml	Source	55	54
s-testo,vapaa+kok+shbg	pmol/l	Source	15	15
b-leudiff	e9/l	Source	20	18
bl-eryt	u/ul	Source	71	64
bl-muusolu	u/ul	Source	71	64
dna,natiivi,vasta-aineet,seerumista	iu/ml	Source	27	15
ribonukleoproteiini,nukleaarinen,vasta-aineet,seerumista	u/ml	Source	48	45
l-neutr	e9/l	Source	296	39
b-ghb-a1cv	mmol/mol	Source	346	139
9120e-punasolujenkokojakaumaosatutk.	%	Source	82	56
s-aspverg	mg/l	Source	54	53
s-trvirig	mg/l	Source	28	28
s-fusmong	mg/l	Source	37	37
s-bil-kj	umol/l	PrimaryInjection	10	10
p-tshver	mu/l	Source	42	41
pt-krea-cl	ml/s/173m2	PrimaryInjection	8	8
jodidi/kreatiniini(osatutk)	ug/g	Source	9	9
b5-vitamiini(pantoteenihappo)	umol/l	Source	82	70
b3-vitamiini(niasiini)	umol/l	Source	101	85
s-hepyabg	titre	Source	62	58
s-adenosiinideaminaasi	u/l	Source	20	15
p-reniini,konsentraatio	mu/l	Source	75	64
transferiininrautakyllästeisyys,seerumista,paastotilassa	paketti	Source	16	14
fp-ca-iona	mmol/l	Source	383	279
s-hepatiittibvirus,s-antigeeni,vasta-aineet	miu/ml	Source	8	8
s-ribosomaalisetfosfoproteiinit,vasta-aineet	u/ml	Source	28	27
5382	mmol/l	Source	444	295
du-k	mmol/24h	Source	19	19
p-transferriininreseptori,liukoinen	mg/l	Source	36	31
b-retlnd	osuus	Source	106	92
kalsiumionisoitunut,seerumi..	mmol/l	Source	49	42
s-kalsium,ionisoitunut,ph7.4:ssä	mmol/l	Source	85	78
glukr0	mmol/l	Source	204	127
s-negadab	mu/ml	Source	28	14
s-albumiini,indeksi	g/l	Source	115	110
prostataspesif.antig,vap.tot.suh.	%	Source	55	33
levyepiteelisolut	e6/l	Source	33	26
virtsanlieriöt	e6/l	Source	12	9
fs-non-hdl/mbo	mmol/l	Source	52	51
verenhemoglobiini	g/l	Source	29	22
99112367s-mycoplasmapneumoniae,iggvasta-aineet	eiu	Source	9	8
99114955s-chlamydiapneumoniae,iggvasta-aineet	eiu	Source	8	7
s-lehmänmaito,igevasta-aineet	u/ml	Source	22	22
koivue	u/ml	Source	206	189
timotee	u/ml	Source	234	209
dpteroe	u/ml	Source	204	184
inrpika	inr	Source	227	215
s-kalsium,ionisoitunut(aktuaalinenpitoisuus)	mmol/l	Source	46	32
s-afosluu	u/l	Source	106	97
ica(7.4)	mmol/l	Source	70	54
b-neutrofiilit,kiireellinentutkimus	e9/l	Source	58	32
p-tyreotropiini(ko)	mu/l	Source	218	167
p-tyroksiini,vapaa(ko)	pmol/l	Source	214	153
s-pölyryhmäjatarvittaessaerittely,igevasta-aineet	u/ml	Source	29	29
fp-pepsin1	ug/l	Source	115	114
u-tublier	u/field	Source	31	30
neurofilamentit,plasma	ng/l	Source	15	15
s-vedolitsumabi,pitoisuus	mg/l	Source	41	27
u-bakteeri,viljely	form	Source	22	19
fs-ictp	ug/l	Source	23	21
ts-dnamut	form	Source	104	102
glutamyylitransferaasi(gamma-gt)	u/l	Source	12	12
ab-hemoglobiini,kokonais-	g/l	Source	169	71
-caionac	mmol/l	Source	61	55
-caio7.4	mmol/l	Source	60	55
b-koboltti	ug/l	Source	157	114
p-kalium	mmol/mol	Source	162	132
p-pthrp	pmol/l	Source	124	108
s-osmolaliteetti	mosm/kgh2o	Source	189	151
p-kreatiinikinaasi,mb-alayksikkö,massa	ug/l	Source	92	79
p-fibrinogeeni	g/l	Source	108	89
p-urea,dialyysinjälkeen	mmol/l	Source	74	11
p-fosfaatti,epäorgaaninen	mmol/l	Source	436	122
s-bopeabg	responseequivalent	Source	34	30
u-cot	ug/l	Source	95	66
plasmankreatiinikinaasi	u/l	Source	28	26
fp-glukr0	mmol/l	Source	173	153
s-rapim2e	u/ml	Source	11	11
s-yerp1ab	titre	Source	146	144
hb(vo.hoitaja)	g/l	Source	9	9
s-cv19ab	au/ml	Source	36	35
b-cya-mit	ug/l	Source	765	163
p-ca-albk	mmol/l	PrimaryInjection	68	57
s-pr3ab	u/ml	Source	809	147
s-o4.5.12	titre	Source	55	51
s-yer3ab	titre	PrimaryInjection	112	107
b-cd	nmol/l	Source	51	40
s-igfbp3	mg/l	Source	86	65
s-afmuut	u/l	PrimaryInjection	65	62
s-fenytv	umol/l	Source	244	108
b-mpadphs	u	Source	99	84
b-mpaspi	u	Source	62	55
glukoosikoe,0näyte,osatutk.glukras	mmol/l	Source	67	57
glukoosikoe,1hnäyte,osatutk.glukras	mmol/l	Source	45	35
glukoosikoe,2hnäyte,osatutk.glukras	mmol/l	Source	67	57
osmolaliteetti	mosm/kgh2o	Source	51	32
s-haptog	g/l	PrimaryInjection	87	87
fs-pcb	ug/l	Source	6	6
uraatti,plasmasta	umol/l	Source	309	148
afos(isoentsyymeihinliittyvä)	u/l	Source	14	14
albumiini,seerumi,elektroforeesifraktio(g/l),osatutk.2522	g/l	Source	151	44
alfa1-globuliini,seerumi,elektroforeesifraktio,osatutk.2522	g/l	Source	151	44
alfa2-globuliini,seerumi,elektroforeesifraktio,osatutk.2522	g/l	Source	151	44
beta1-globuliini,seerumi,elektroforeesifraktio,osatutk.2522	g/l	Source	151	44
beta2-globuliini,seerumi,elektroforeesifraktio,osatutk.2522	g/l	Source	151	44
gamma-globuliini,seerumi,elektroforeesifraktio,osatutk.2522	g/l	Source	151	44
p-na	mmol/	Source	14	12
s-psarj	ug/l	Source	8	7
u-glukoosi,(kval)	estimate	Source	89	69
s-rabiab	iu/ml	Source	71	59
s-caknab	index	Source	40	38
s-niitnue	u/ml	Source	59	57
s-nurnate	u/ml	Source	83	81
s-koiheie	u/ml	Source	72	70
s-pähpene	u/ml	Source	98	98
s-pajue	u/ml	Source	42	42
s-tammie	u/ml	Source	33	33
s-puuer	u/ml	Source	125	124
s-heinäer	u/ml	Source	176	175
s-raiheie	u/ml	Source	72	70
fp-insu0	mu/l	Source	26	22
p-insu60	mu/l	Source	54	14
p-insu	mu/l	Source	532	165
du-ca	*sai	Source	6	6
p-crp-poc	mg/l	Source	281	142
p-igm	g/l	PrimaryInjection	61	58
s-pölyer	u/ml	PrimaryInjection	7	7
p-dabi-ta	ug/l	Source	122	76
bm-mrdpfc	%	Source	13	11
bm-blastit	%	Source	51	31
kappa/lambda,vapaat	ratio	Source	32	29
s-mpoabg	iu/ml	Source	1315	276
u-leuk	u	Source	43	36
s-ohrae	u/ml	Source	146	146
pglukoosi,0-näyte	mmol/l	Source	17	15
p-glukoosi,2h	mmol/l	Source	36	28
u-albumiini/kreatiniini-suhdemikroalbuminuria	mg/mmol	Source	25	22
as-gran	%	Source	146	90
s-kirsike	u/ml	Source	16	15
s-rcora1e	u/ml	Source	258	252
s-mansike	u/ml	Source	98	98
chilipipp.	u/ml	Source	8	8
mustapipp.	u/ml	Source	7	7
p-c-reaktiivinenproteiini,pikatesti	mg/l	PrimaryInjection	190	158
s-rtri14e	u/ml	Source	127	127
glukbel-vp	mmol/l	Source	664	216
p-c-reaktiivinenproteiini,vieritutkimus	mg/l	Source	53	37
s-dt4v	pmol/l	Source	82	63
b-mon,tmd	e3/ul	Source	146	139
cb-glukr	mmol/l	Source	107	96
l-basobasofiilit	%	Source	84	65
l-eoseosinofiilit	%	Source	84	65
l-lylymfosyytit,absoluuttiset/tvk	%	Source	82	64
l-monosmonosyytit,absoluuttiset/tvk	%	Source	82	64
l-neutneutrofiilit,absoluuttiset/tvk	%	Source	82	64
p-urea-ed	mmol/l	Source	732	83
p-urea-jd	mmol/l	Source	700	82
zb-pco2(t)	kpa	Source	157	17
zb-po2(t)	kpa	Source	157	17
zb-o2-vol	vol%	Source	142	16
u-suhti	form	Source	38	31
s-al	umol/l	Source	37	34
e-hypokr	%	Source	350	81
fs-angiotensiini-1-konvertaasi	u/l	Source	168	126
46150	titre	Source	18	15
p-non-hdl	mmol/l	Source	40	40
s-c-peptidi,2haterianjälkeen	nmol/l	Source	14	13
kreatiinikinaasi,mb-alayksikkö	ug/l	Source	382	338
u-amylp	u/l	Source	106	103
u-albkres	mg/mmol	Source	10	9
b-eosinofiilit,erillistutkimuksena	e9/l	Source	58	56
l-baso	e/l	Source	32	25
14355	g/l	PrimaryInjection	101	91
14351	g/l	PrimaryInjection	196	151
p-lipoa1	g/l	Source	136	130
p-lipob	g/l	Source	137	129
s-d2d3-25	nmol/l	Source	30	28
s-fluoks	nmol/l	Source	45	28
s-norfluo	nmol/l	Source	47	29
s-flunors	nmol/l	Source	14	12
as-neut-eo	%	Source	15	12
b-hemoglobiini-a1c	mmol/mol	PrimaryInjection	92	63
p-reumafaktori	u/ml	PrimaryInjection	20	20
l-eos	%	PrimaryInjection	61	50
fp-kolesteroli,lowdensitylipoproteinit	mmol/l	PrimaryInjection	60	50
fp-kolesteroli,lowdensitylipoproteinit	mmol/l	Source	33	31
-ana	titre	Source	21	20
p-prostataspesifantigeeni,sms-viestillätulos	ug/l	Source	344	110
fibriinind-dimeerit,pikatutkimus	mg/l	Source	22	19
-dfi	%	Source	24	24
s-ca153kym	u/ml	Source	71	67
u-albkrlb	mg/mmol	Source	41	30
u-krealb	mmol/l	Source	79	62
u-alb-lb	mg/l	Source	70	51
p-crp-o	mg/l	PrimaryInjection	33	31
s-c-pepaj	nmol/l	Source	64	54
plasmankalsium-ioni,aktuaali	mmol/l	Source	135	112
plasmanph	1	Source	29	29
fp-gluk-2h	mmol/mol	Source	45	41
ulosteenhemoglobiini	ug/g	Source	65	58
b-laktevt	mmol/l	Source	408	268
b-cd34-positiivisetkantasolut	e6/l	Source	19	12
-afer-cd34-positiivisetkantasolut	e6/kg	Source	19	17
-afer-granulosyytit	%	Source	14	13
-afer-mononukleaarisetsolut	%	Source	14	13
p-osmolaliteetti	mosm/kgh2o	Source	35	32
s-mypn-abg	eiu	Source	50	46
fs-b12-vitamiini	pmol/l	Source	19	18
ts-mgmtmet	form	Source	14	14
s-myeloperoksidaasi,vasta-aineet	kiu/l	Source	25	12
glukoosi(gluk.ras0)	mmol/l	Source	11	11
glukoosi(gluk.ras2h)	mmol/l	Source	11	11
pf-neutrofiilitjaeosinofiilit	%	Source	127	102
pf-mononukleaarisetsolut	%	Source	130	105
pf-muutsolut	%	Source	59	56
transferriinireseptori,liukoinen	mg/l	Source	196	147
antifaktorix-aktiivisuus	u/ml	Source	73	30
neutrof	%	Source	423	49
s-klotsa	âumol/l	Source	32	14
s-dmklots	âumol/l	Source	32	14
s-klotsapiini	umol/l	Source	99	59
transferriini,rautakyllästeisyys	paketti	Source	90	79
11548	mg/l	Source	23	17
du-tilavuus	ml	Source	25	24
proteiini	g	Source	80	61
vb-pco2-vt	kpa	Source	336	237
vb-ahco3vt	mmol/l	Source	353	236
vb-caionvt	mmol/l	Source	308	223
b-tioguaniini	pmol/02ml	Source	129	89
b-6-metyyli-merkaptopuriini	pmol/02ml	Source	134	96
p-crp-pt	mg/l	Source	28	23
p-vwfrco	%	Source	35	33
s-dsg3ab	u/ml	Source	215	97
fs-korsol	nmol/l	Source	25	23
fp-glutamyylitransferaasi	u/l	Source	102	53
s-pääryne	u/ml	Source	27	27
s-pistaae	u/ml	Source	47	45
s-makapäe	u/ml	Source	11	11
s-pappa	form	Source	136	95
s-mypnabg	form	Source	53	44
immunoglobuliinim,plasma	g/l	Source	114	104
immunoglobuliinie,plasma	u/ml	Source	71	70
p-tau-217	ng/l	Source	132	131
cb-hemoglobiini	g/l	Source	120	96
s-mitoab	titre	PrimaryInjection	82	67
glukoosikoe,0näyte	mmol/l	Source	62	59
glukoosikoe,2hnäyte	mmol/l	Source	62	59
am-kromos	form	Source	10	10
am-trinho	form	Source	31	30
b-trinho	form	Source	29	29
s-prlrec,saanto	%	Source	82	62
transferriinirautakyllästeisyys	%	Source	233	148
s-pla2rab	titre	Source	377	52
s-pla2rab	titre	PrimaryInjection	81	15
sm,vasta-aineet,seerumista	u/ml	Source	17	17
transferriini	g/l	Source	212	165
p-transferriininkyllästymisaste	%	Source	95	77
pd-krea	umol/l	Source	990	165
pd-gluk	mmol/l	Source	719	134
pd-urea	mmol/l	Source	952	163
neutrofiilit+eosinofiilit,peritoneaalidialyysineste	%	Source	104	13
mononukleaarisetsolut,peritoneaalidialyysineste	%	Source	96	12
solut,peritoneaalidialyysineste	e6/l	Source	161	16
folaatti(fe-folaat)	nmol/l	Source	320	288
pf-polymorfonukleaarisetvalkosolut	%	Source	173	144
pf-mononukleaarisetvalkosolut	%	Source	173	144
pf-laktaatti	mmol/l	Source	125	106
s-etoh	promille	PrimaryInjection	137	73
p-ebvnh	iu/ml	Source	730	240
p-pepsin1	ug/l	Source	37	37
ly-cd4+8+	%	Source	41	36
li-igm	mg/l	Source	11	7
s-tsh	u/l	Source	142	86
f-calpro	ug/g	PrimaryInjection	69	67
b-kromos	form	Source	72	72
c-peptidi,plasmasta	nmol/l	Source	280	178
glutamaattidekarboksylaasi(gad),vasta-aineet,seerumista␤	iu/ml	Source	23	23
tyreotropiiniseerumista	mu/l	Source	146	103
tyroksiini,vapaaseerumista	pmol/l	Source	102	74
sa-kortisoli	nmol/l	Source	11	10
crppäiv.aikana	mg/l	Source	149	89
u-happamuusaste	1	Source	229	155
pölyryhmä(phadiatop),igevasta-aineet,seerumista␤	u/ml	Source	110	106
kalsium,ionisoitunut(7,4),seerumi	mmol/l	Source	17	12
as-bil	umol/l	Source	27	25
prolaktiini,recovery	%	Source	8	6
prolaktiini,biologisestiaktiivinen(s-prlmakrosatutkimus)	mu/l	Source	8	6
helicobacterpylori,iggvasta-aineet	index	Source	13	8
b-ohbutp	mmol/l	Source	26	16
p-rauta	umol/l	Source	137	88
b-reltnd	osuus	Source	6	6
prostataspesifinenantigeeni,vapaa(4900p-psa-v)	ug/l	Source	95	55
p-ca-albk,osatutkimus(63840laskennallinentutkimus)	mmol/l	Source	51	47
antifaktorix-aktiivisuus,plasmasta	u/ml	Source	47	20
shbg	nmol/l	Source	26	18
testo	nmol/l	Source	26	18
s-sertoab	au/ml	Source	19	16
p-tkfiddo	mg/l	Source	191	146
b-ohbutm	mmol/l	Source	422	180
s-yersinia,iga-vasta-aineet	ratio	Source	13	12
s-yersinia,igg-vasta-aineet	ratio	Source	30	25
p-zn	umol/l	PrimaryInjection	76	74
p-cu	umol/l	PrimaryInjection	59	57
pt-vymp	cm	Source	40	39
s-dna,vasta-aineet,natiivi(doublestranded,eia)	kiu/l	Source	61	58
s-ribonukleoproteiini,nukleaarinen,vasta-aineet(u1rnp)	u/ml	Source	87	65
s-sjögreninsyndromaa(ro)-vasta-aineet	u/ml	Source	19	16
pt-gluk0	mmol/l	Source	30	29
pt-gluk2	mmol/l	Source	30	29
p-igg	g/l	PrimaryInjection	115	113
vb-he-tase,p-k	mmol/l	Source	48	36
vb-he-tase,p-na	mmol/l	Source	48	36
vb-he-tase,vb-pco2	kpa	Source	47	36
vb-he-tase,vb-po2	kpa	Source	47	36
b-leuk-pi	e9/l	Source	46	41
p-tyreoideaperoksidaasi,vasta-aineet	u/ml	Source	48	44
-trigly	mmol/l	Source	223	173
b-mxd	%	Source	437	183
b-lymfosyytit	%	Source	542	238
fe-folaatti	nmol/l	Source	14	13
u-suhteellinentiheys	kg/l	Source	72	50
u-spma	ug/g	Source	6	6
s-hhv6abg	eiu	PrimaryInjection	38	32
s-rnp70ab	u/ml	Source	71	50
sy-neutrofiilit,nivelnesteestä	%	Source	51	38
sy-eosinofiilit,nivelnesteestä	%	Source	51	38
sy-erytrosyytit,nivelnesteestä	e6/l	Source	54	40
sy-lymfosyytitjamonosyytit,nivelnesteestä	%	Source	51	38
s-filaab	od	Source	35	35
s-tocaab	od	Source	35	35
s-trspab	od	Source	35	35
b-lakteh	mmol/l	Source	345	103
p-cea	ug/l	PrimaryInjection	73	72
s-rubeabg	eiu	Source	80	76
fs-kalsium-ioni.aktuaali	mmol/l	Source	216	182
s-pölyerittely	u/ml	Source	222	218
e-mcv	e12/l	Source	189	85
u-annat	/sunf	Source	104	79
di-prot	mg/l	Source	603	101
di-leuk	e6/l	Source	524	59
di-neut	%	Source	102	14
di-eos	%	Source	130	18
di-ly+mono	%	Source	93	13
pd-mononuk	%	Source	443	48
p-lipoproteiini,apob	g/l	Source	61	33
p-lipoproteiini,apoa1	g/l	Source	60	33
b-mn	nmol/l	Source	32	22
p-fidd-p	mg/l	Source	7	7
happamuusaste,valtimoveri	ph	Source	55	37
s-langab	titre	Source	59	57
b-hbpvk	g/l	Source	79	43
gluteeni	u/ml	Source	34	33
munanvalku	u/ml	Source	13	12
amoxycilli	u/ml	Source	6	6
s-sital	nmol/l	Source	110	87
s-mpoab	iu/ml	Source	269	69
punasolujenerittelylaskenta	%	Source	41	32
timoteinsiitepöly(g6),ige-vasta-aineet	u/ml	Source	48	46
koiranhilse(e5),ige-vasta-aineet	u/ml	Source	49	48
pölyerittely,ige-vasta-aineet	u/ml	Source	27	26
s-prokollageeniiii:naminoterminaalinenpropepti	ug/l	Source	16	14
keruloplasmiini,seerumi	mg/l	Source	10	10
l-eosinofiilt	%	Source	42	33
s-ceakym	ug/l	Source	141	118
pf-laktaattidehydrogenaasi	u/l	Source	58	48
glukoosi(verikaasulaite),pleuraneste	mmol/l	Source	8	8
laktaatti,(verikaasulaite),pleuraneste	mmol/l	Source	8	8
s-immunoglobuliini,kev.ketjut,vapaat,lambda	mg/l	Source	120	81
s-immunoglobuliini,kev.ketjut,vapaat,kappa	mg/l	Source	118	81
s-immunoglobuliini,kev.ketjutvap.kappa/lambda	ratio	Source	183	112
p-natriureett.peptidin-termin.propept.vieritl	ng/l	Source	118	81
s-metalb	nmol/l	Source	27	26
s-reumafaktori	kiu/l	Source	32	28
p-bilirubiinikonjugaatit(ko)	umol/l	Source	24	21
s-epstein-barr-virus,iggvasta-aineet	u/ml	Source	17	17
s-immunoglobuliinig,alaluokka1	g/l	Source	171	133
s-immunoglobuliinig,alaluokka2	g/l	Source	169	131
s-immunoglobuliinig,alaluokka3	g/l	Source	168	131
s-keruloplasmiini	mg/l	Source	50	48
b-ohbutvt	mmol/l	Source	97	66
glukoosiosatutkimus	mmol/l	Source	16	9
erytrosyytit,nivelnesteestä,osatutk.2658	e6/l	Source	18	17
leukosyytit,yksitumaiset,nivelnesteestä,osatutk	%	Source	12	11
leukosyytit,monitumaiset,nivelnesteestä,osatutk	%	Source	12	11
p-antitro	%	Source	48	47
p-c-peptidi	nmol/l	Source	171	126
s-testo	form	Source	21	17
af-solut	e6/l	Source	40	39
af-neut+eo	%	Source	44	42
af-mononuk	%	Source	53	51
af-muutsol	%	Source	12	12
nikkeli,virtsa	umol/l	Source	91	33
u-ni	ug/l	Source	64	45
troponiinit,kvalitatiivinen,verestä	ng/l	Source	26	20
s-triglyseridit(paketti)	mmol/l	Source	25	22
s-kolesteroli(paketti)	mmol/l	Source	25	22
s-kolesteroli,highdensitylipoproteiinit(paketti)	mmol/l	Source	25	22
s-kolesteroli,lowdensitylipoproteiinit(paketti)	mmol/l	Source	25	22
s-tyreotropiini(pakettiin)	mu/l	Source	71	42
s-tyroksiini,vapaa(paketti)	pmol/l	Source	72	42
s-hepyaba	u/ml	PrimaryInjection	33	32
s-hepyabg	u/ml	PrimaryInjection	39	38
s-pitorbe	u/ml	Source	54	50
s-cenp	u/ml	Source	17	12
b-tnt-o	form	Source	31	18
u-albumiini,virtsasta,osatutkimus	mg/l	Source	21	18
p-c-reaktiivinenproteiini,vieritutkimus,plasmasta	mg/l	Source	202	127
glukoosi,plasmasta,paastotilassa	mmol/l	Source	50	39
natrium,plasmasta	mmol/l	Source	139	70
kreatiniiniplasmasta,osatutkimus	umol/l	Source	145	71
kolesteroli,lowdensitylipoproteiinit,plasmasta	mmol/l	Source	70	44
l-neutrofiilit,osatutkimus	%	Source	12	8
b-eosonofiilit,b-diffiosatutkimus	e9/l	Source	12	7
ferritiini,seerumista	ug/l	Source	25	19
s-psa-suh,s-psa-v/t	%	Source	19	12
retikulosyyttienabsoluuttinenmäärä	e9/l	Source	6	6
e-retik,osatutkimus	%	Source	6	6
s-karbae	umol/l	Source	87	55
s-paroabg	au/ml	Source	72	71
s-dnanab	titre	Source	46	31
-kalsium,ionisoitunut,korjattuph7,40	mmol/l	Source	40	37
-kalsium,ionisoitunutaktuaalisessaph:ssa	mmol/l	Source	41	38
p-na	mmol/l	PrimaryInjection	93	75
l-basofiilisetlaukosyytit	%	Source	76	68
l-eosinofiilit	%	PrimaryInjection	23	21
l-neutrofiilit	%	PrimaryInjection	17	13
k-vitamiini(fyllokinoni)osatutkimus	ug/l	Source	9	9
11650	u/ml	Source	19	18
b-hb-f	%	Source	606	124
s-parvabg	eiu	Source	67	66
b-perklet	umol/l	Source	32	24
inr-vieri	inr	Source	8657	209
astmatesti	u	Source	138	63
p-fidd	mg/l	PrimaryInjection	213	154
-prot	g/l	Source	74	72
karsinoembryonaalinenantigeeni	ug/l	Source	308	211
digoksiini,seerumista␤	ug/l	Source	43	31
p-cytomegalovirus,nukleiinihappo(kvant)	iu/ml	Source	49	11
s-muspipe	u/ml	Source	37	37
s-sflt-1	ng/l	Source	318	200
s-plgf	ng/l	Source	289	185
p-psa	ug/l	PrimaryInjection	50	46
psa-v/psa	%	PrimaryInjection	18	17
s-cytomegalovirus,iggvasta-aineet	eiu	Source	73	56
l-basofiilit(l-baso)	%	Source	337	279
l-eosinifiilit(l-eos)	%	Source	337	279
l-lymfosyytit(l-ly)	%	Source	337	279
l-monosyytit(l-mono)	%	Source	337	279
l-neutrofiilit(l-neut)	%	Source	336	278
s-beeta-1	g/l	PrimaryInjection	8	6
s-beeta-2	g/l	PrimaryInjection	9	6
s-iglcl-v	mg/l	PrimaryInjection	16	14
s-iglck-v	mg/l	PrimaryInjection	23	18
s-albfr	g/l	PrimaryInjection	8	6
glutamyylitransferaasi-desialotransferriini,seerumista	u/l	Source	15	13
li-nfl	ng/l	Source	35	34
s-borrabc6	li	Source	6	6
s-caknab	index	PrimaryInjection	9	9
s-cakpqab	pmol/l	Source	11	11
b-tni-vt	ug/l	Source	30	21
af-amyl	u/l	Source	19	18
p-fviiiab	bu/ml	Source	29	14
b-trombosyytit	e/l	Source	65	35
s-risperidoninja9-hydroksirisperidoninsumma	nmol/l	Source	13	8
du-prot	g/24h	Source	147	98
du-proteiini	mg	Source	183	119
vb-kalsium,ionisoitunut,ph7.4-korjattu	mmol/l	Source	469	247
vb-kalsium,ionisoitunut,eitilattava	mmol/l	Source	459	245
b-ca++-v	mmol/l	Source	47	42
b-k-v	mmol/l	Source	62	52
s-clteabg	iu/ml	Source	117	112
s-sertral	nmol/l	Source	85	66
p-c-peptidi,proinsuliinin,aterianjälkeinen	nmol/l	Source	11	11
s-adalimumabipitoisuusmääritys	mg/l	Source	73	54
s-adalimumabivasta-ainemääritys	au/ml	Source	18	15
s-hstesvl	pmol/l	Source	86	73
␤␤s-hcgb	ug/l	Source	22	20
pika-kol	mmol/l	Source	7	7
hbpika	g/l	PrimaryInjection	42	30
fiddpika	mg/l	PrimaryInjection	29	26
s-hepatiittibvirus,s-antigeeni,vasta-aineet	u/l	Source	27	21
pt-arr	pmol/l:mu/l	Source	6	6
du-natrium	mmol	Source	36	30
du-kortisoli,vapaa	nmol	Source	23	22
du-kalium	mmol	Source	14	12
p-fpsa	ug/l	Source	27	27
troponiinit,pikatesti,veri	ng/l	Source	57	49
tromboplastiiniaika,pikamääritys,plasmasta␤	inr	Source	128	123
p-k	mmol/mol	Source	148	130
e-rdw	%	PrimaryInjection	95	68
p-c-reaktiivinenproteiini	mg/l	PrimaryInjection	30	24
s-gadab	u/ml	Source	25	23
f-elastaasi-1	ug/g	Source	80	69
s-c-peptidi1haterianjäkeen	nmol/l	Source	57	47
s-vedoli	mg/l	Source	14	10
14025	mg/l	Source	106	49
s-hcg-b	u/l	Source	58	38
trijodityroniini,vapaa,plasmasta	pmol/l	Source	51	42
e-rdw(ko)	%	Source	101	99
s-hepyaba	responseequivalent	Source	57	55
s-hepyabg	responseequivalent	Source	58	57
p-prostataspesifinenantigeeni,vapaajakokonais	ug/l	Source	12	12
s-alkalinenfosfataasi,luustomuoto(elektrof)	u/l	Source	38	35
s-alkalinenfosfataasi,maksaper.isoentsyymi(el	u/l	Source	38	35
s-alkalinenfosfataasi,makromuoto(elektrof)	u/l	Source	65	58
s-afosluu	ug/l	Source	30	26
s-vzvabg	u/l	Source	57	54
metamyelosyytit,osuusleukosyyteistä	%	Source	171	70
s-chpnabg	form	Source	22	20
tupakointi	u/24h	Source	38	37
fb-b1-vitamiini	nmol/l	Source	74	71
pt-glomerulussuodosnopeus,estimoitu,ckd-epi-kaavalla	ml/min/173m2	Source	39	37
b-ohbuhoi	mmol/l	Source	21	17
s-vendves	nmol/l	Source	182	117
s-chtrabg	s/cou	Source	20	19
b-ketoaineet	mmol/l	Source	83	71
u-epit	u/field	Source	324	235
u-lieriöt	u/field	Source	278	201
s-hcg-a	pmol/l	Source	40	37
eosinofiilit,absol.arvot,osatutkimus(b-eos)	e9/l	Source	82	69
basofiilit,absol.arvot,osatutkimus(b-baso)	e9/l	Source	82	69
monosyytit,absol.arvot,osatutkimus(b-monos)	e9/l	Source	82	69
lymfosyytit,absol.arvot,osatutkimus(b-lymf)	e9/l	Source	82	69
lymfosyytit,osatutkimus(l-lymf)	%	Source	82	69
l-neut,osatutkimus(l-neut)	%	Source	82	69
b-neut,osatutkimus(b-neut)	e9/l	Source	82	69
eosinofiilit,osatutkimus(l-eos)	%	Source	82	69
basofiilit,osatutkimus(l-baso)	%	Source	82	69
monosyytit,osatutkimus(l-monos)	%	Source	82	69
fibriinind-dimeerit,plasmasta(4113p-fidd)	mg/l	Source	11	10
kalsium(4598p-ca),osatutkimus	mmol/l	Source	12	11
p-tromboblastiiniaika(vuotot-paketti)	%	Source	20	20
p-proteiinis,antigeeni,vapaa,plasmasta	%	Source	26	26
p-antirtombiiniiii(trombot-paketti)	%	Source	18	18
p.-trombiiniaika(vuotot-paketti)	s	Source	20	20
hba1cvieri	%	PrimaryInjection	243	126
s-infli	ug/l	Source	62	48
l-mxd-osuus,vieritutkimus	%	Source	62	60
l-lymfosyytit-osuus,vieritutkimus	%	Source	61	59
l-neutrofiilit-osuus,vieritutkimus	%	Source	62	60
s-muspähe	u/ml	Source	15	15
s-gastr17	pmol/l	Source	95	95
avocado	u/ml	Source	11	11
u-bkvnh	u/ml	Source	98	52
p-reniinm	mu/l	Source	35	30
p-cl-vt	mmol/l	Source	40	16
maksa-1-isoentsyymi	u/l	Source	92	90
maksa-2-isoentsyymi(sappitieisoentsyymi)	u/l	Source	12	12
suolistoisoentsyymi	u/l	Source	53	52
prostataspesifinenantigeeni,vapaa/kokonais-suhdeeikiinnit	%	Source	16	14
s-antistreptolysiini	iu/ml	Source	33	31
af-bil	umol/l	Source	18	15
ferritiini(ferrit)	ug/l	Source	94	73
b-hb-a1c	%	PrimaryInjection	30	28
s-m-komponentti-1	g/l	Source	192	54
fp-glukoosirasitus,0-näyte	mmol/l	Source	68	68
p-glukoosirasitus,120minnäyte	mmol/l	Source	126	120
s-ohraspe	u/ml	Source	9	9
s-vehnspe	u/ml	Source	21	21
fp-renin-m	mu/l	Source	69	65
gluk0	mmol/l	Source	143	100
s-afos1ma	u/l	Source	77	68
s-afos2ma	u/l	Source	76	67
s-afossuo	u/l	Source	44	40
s-maissie	u/ml	Source	63	63
tromboplastiiniaika,inr-tulostus,pikatutkimus	inr	Source	55	45
s-helicobacterpylori,igavasta-aineeteia	u/ml	Source	46	45
s-helicobacterpylori,iggvasta-aineeteia	u/ml	Source	44	43
s-psa-suh,psa	ug/l	Source	23	16
p-at3ag	%	Source	53	45
se-triglyseridit	mmol/l	Source	12	9
pt-gfr	ml/min/173m2	PrimaryInjection	55	43
bm-fish	form	Source	48	39
bm-dnaex	form	Source	45	39
pt-icg-r	%	Source	78	72
du-iglck	g	Source	130	88
du-iglcl	g	Source	100	68
-tffesat	%	Source	61	54
se-trigly	mmol/l	Source	341	236
pt-fvspird	form	Source	18	15
s-strdnab	u/ml	Source	124	110
bdi	form	Source	85	80
NA	iu/ml	Source	43	41
li-infaabg	eiu	Source	38	36
li-neut	%	Source	331	206
li-ly	%	Source	341	209
li-monos	%	Source	309	184
c-reaktiivinenproteiini,pikatesti	mg/l	Source	12	11
crp-pikanäyte	mg/l	Source	34	26
du-prot-fr	form	Source	14	14
li-neut+eo	e6/l	Source	80	60
li-lymf+mo	e6/l	Source	80	60
li-leukosyytit	e6/l	Source	123	118
s-borrelia,iggvasta-aineet	au/ml	Source	106	93
s-ifx-ab	au/ml	Source	48	41
s-bp180ab	u/ml	Source	7	6
s-igd	g/l	Source	31	20
b-fidd-p	mg/l	Source	27	24
s-fpsa	ug/l	Source	29	28
vertca12-5	u/ml	Source	15	13
u-leuk-o	A	Source	27	19
u-hb-o	A	Source	19	17
NA	eiu	Source	15	14
ghbpika	mmol/mol	PrimaryInjection	158	43
crppika	mg/ml	PrimaryInjection	7	6
s-lamotrigiini	umol/l	Source	110	65
glukoosi120minot	mmol/l	Source	31	29
b-gluk-pika	mmol/l	Source	44	43
pt-gal-r3	min	Source	36	36
pt-hiki-r	mmol/l	Source	49	45
p-inr-hy,hoitoyksikkö	1	Source	460	53
s-ruok5ry	u/ml	Source	127	126
p-hyytymistekijäviii,c	%	Source	12	10
p-proteiinis,vapaa,antigeeni	%	Source	14	14
b-pporf	nmol/l	Source	77	40
zb-emäsylimäärä	mmol/l	PrimaryInjection	18	16
zb-aktuaalibikarbonaatti	mmol/l	Source	394	119
zb-happikyllästeisyys(hemoglobiini)	%	Source	394	119
zb-emäsylimäärä	mmol/l	Source	167	65
e-retikulosyyttienkeskimääräinenhemoglobiininmäärä	pg	Source	438	304
b-retikulosyyttientuotantoindeksi	osuus	Source	304	196
pikadiffieosinofiilit	%	Source	15	12
pikadiffibasofiilit	%	Source	15	12
pikadiffimonosyytit	%	Source	15	12
s-pm-scl	u/ml	Source	166	161
hemoglobiini,pikatesti,veri	g/l	Source	402	365
p-c1inh	g/l	Source	186	170
fs-kromograniinia	nmol/l	Source	217	124
sy-uraat	umol/l	Source	39	38
-gluk-tir	%	Source	120	76
-gluk-tbr	%	Source	118	75
s-gad-ab	ru	Source	19	16
s-cpept-a	nmol/l	Source	94	84
s-ruoka-aineryhmä	u/ml	Source	16	15
s-borrelia,igmvasta-aineet	au/ml	Source	71	67
ly-tbspota	sp/e6lum	Source	77	73
ly-tbspotb	sp/e6lum	Source	79	75
ly-tbspppd	sp/e6lum	Source	78	74
snabb-inr	inr	Source	6285	104
nu-albumiininjakreatiniininsuhde	mg/mmol	Source	8	8
s-albumiini,osatutkimuss-prot-fr	g/l	Source	109	95
s-alfa-1-globuliini,osatutkimuss-prot-fr	g/l	Source	109	95
s-alfa-2-globuliini,osatutkimuss-prot-fr	g/l	Source	109	95
s-beta-1-globuliini,osatutkimuss-prot-fr	g/l	Source	109	95
s-beta-2-globuliini,osatutkimuss-prot-fr	g/l	Source	109	95
s-gamma-globuliini,osatutkimuss-prot-fr	g/l	Source	109	95
s-tbetot	titre	Source	88	76
p-etoh	g/l	Source	50	37
l-mxdp	%	Source	88	72
l-lyp	%	Source	88	72
l-neutp	%	Source	88	72
s-fakb	g/l	Source	27	26
p-properdiini	%	Source	16	15
s-clostridiumtetani,iggvasta-aineet	iu/ml	Source	20	20
neutrofiilit,konediffi()	%	Source	45	39
lymfosyytit,konediffi()	%	Source	45	39
monosyytit,konediffi()	%	Source	45	39
eosinofiilit,abs,konediffi	e9/l	Source	45	39
neutrofiilitabs,konediffi	e9/l	Source	45	39
fp-rf	iu/ml	Source	35	32
s-tyreoglobuliini,vasta-aineet	u/ml	Source	52	27
s-fibrill	u/ml	Source	9	9
am-afp	u/ml	Source	73	69
s-tyreoideaperoksidaasi,vasta-aineet	iu/ml	Source	204	194
s-immunoglobuliinig,alaluokka4␤	g/l	Source	51	46
s-igg-summa	g/l	Source	51	46
b-c/adp	s	Source	32	30
troponiinit(4532p-tnt)	ng/l	Source	28	26
s-cl	mmol/l	Source	194	122
siklosporiinia,massaspektrometrinen,veri	ug/l	Source	393	26
cytomegalovirus,nukleiinihappo	iu/ml	Source	26	9
p-metnef	nmol/l	Source	49	39
p-normet	nmol/l	Source	47	29
sa-kors	nmol/l	Source	46	10
l-erblast	u/100le	Source	95	35
ab-thb-	g/l	Source	164	35
l-erytroblastit	u/100le	Source	63	24
p-fibriinind-dimeerit,vieritestihoitoyksikössä	mg/l	Source	10	10
vb-natrium	mmol/l	Source	7	7
tyreoideaperoksidaasi,vasta-aineet	u/ml	Source	89	83
p-hyyerik	form	Source	14	13
s-ruoka-aine-erittely(fx5),igevasta-aineet	u/ml	Source	61	60
koivunsiitepöly(t3),ige-vasta-aineet	u/ml	Source	55	54
kissanhilse(e1),ige-vasta-aineet	u/ml	Source	46	45
du-proteiini,du-prot-fr:nosatutkimus	mg	Source	6	6
p-acth	ng/l	PrimaryInjection	38	27
p-kardabm	u/ml	Source	11	11
b-inr	inr	Source	41	39
i-stathb	g/l	Source	96	85
i-stathct	%pcv	Source	67	58
s-maufx70	u/ml	Source	10	10
s-maufx71	u/ml	Source	8	8
s-sinappe	u/ml	Source	28	26
sy-gluk	mmol/l	Source	115	110
s-fibrilla	u/ml	Source	150	147
pd-muutsol	%	Source	90	23
b-lakt-d	form	Source	18	18
erytropoietiini	iu/l	Source	114	107
kollageeni/adp	s	Source	30	25
kollageenii/adrenaliini	s	Source	23	19
vonwillebrand-tekijä,antigeeni	%	Source	10	10
hyytymistekijäviii	%	Source	27	26
u-uraat	mmol/l	Source	107	96
p-gluk/120	mmol/l	Source	95	82
metanefriini,seerumi	nmol/l	Source	50	46
normetanefriini,seerumi	nmol/l	Source	65	61
-albumiini	g/l	Source	24	20
pf-adenosiinideaminaasi	u/l	Source	30	22
s-neuronispesifinenenolaasi	ug/l	Source	105	46
pf-lysotsyymi	mg/l	Source	11	8
cb-aktuaalibikarbonaatti	mmol/l	Source	57	38
oma-trop-2	ng/l	PrimaryInjection	9	9
vb-happikyllästeisyys(hemoglobiinin,osuustoiminnallisesta␤hb:sta)	%	Source	44	23
b-ohbutyr	mmol/l	Source	147	113
u-kalsiumvm.	ml	Source	30	22
s-ck-bb	u/l	Source	62	60
s-macro-ck	u/l	Source	18	17
8598	iu/ml	Source	27	23
p-prl	nmol/l	Source	16	12
s-prolaktiini,totaali	mu/l	Source	26	25
s-prolaktiini,saanto	%	Source	29	28
s-prolaktiini,biologisestiaktiivinen	mu/l	Source	61	55
alfa-1-glo	g/l	Source	95	84
alfa-2-glo	g/l	Source	96	85
beeta-1-gl	g/l	Source	99	87
beeta-2-gl	g/l	Source	98	86
gammaglob	g/l	Source	74	67
s-hevabg	index	Source	20	20
b-trombosyytit,sitraattiveri	e9/l	Source	135	78
tyroksiini,vapaa,plasmasta	pmol/l	Source	153	95
se-likvo-o	form	Source	7	6
-trigly	mmol/l	PrimaryInjection	6	6
-prot	g/l	PrimaryInjection	6	6
-extem/ct	s	Source	237	144
-extem/cft	s	Source	237	144
-extem/mcf	mm	Source	237	144
-extem/a5	mm	Source	237	144
-extem/a10	mm	Source	237	144
-extem/a15	mm	Source	237	144
-extam/ml	%	Source	12	10
-fibtem/mcf	mm	Source	12	10
fibtem/a5	mm	Source	234	140
fibtem/a10	mm	Source	234	140
fibtem/a15	mm	Source	234	140
s-mpn-abg	eiu	Source	43	41
s-angiotensiini-1-konvertaasi	u/l	Source	16	14
fb-glukoosi120	mmol/l	Source	13	13
NA	e6/l	Source	213	68
NA	mosm/k	Source	76	67
du-kalsium	mmol	Source	115	109
du-sitraatti	mg/24h	Source	11	8
uv-hb	g/l	Source	42	42
uv-be	mmol/l	Source	35	35
s-net	mg/l	Source	51	16
bl-alb	mg/l	Source	81	76
bl-igg	mg/l	Source	79	69
p-uraat	umol/l	PrimaryInjection	23	16
pt-glomerulussuodosnopeus	ml/min/173m2	PrimaryInjection	43	40
s-pcnaab	u/ml	Source	81	80
s-mi-2	u/ml	Source	80	75
li-eryt-1	e6/l	Source	27	27
b-tvk	paketti	Source	22	20
p-probnp(	ng/l	Source	22	19
s-tyreotropiini,elinvasta-aineristireaktio	mu/l	Source	82	59
tyreotropiini,plasmasta,erimenetelmällä	mu/l	Source	76	61
kalium	mmol	Source	17	16
natrium	mmol	Source	13	13
-povnh	u/ml	Source	100	48
s-ifx	mg/l	PrimaryInjection	57	43
s-parvabg	iu/ml	Source	57	57
erytrosyytit,likvorista	e6/l	Source	9	9
normetanefriini,osatutkimus2338	nmol/l	Source	12	8
insuliininkaltainenkasvutekijä1,seerumista	nmol/l	Source	41	27
fp-gluk,fc	mmol/l	Source	96	60
11649	u/ml	Source	18	17
s-riisie	u/ml	Source	40	40
s-rcor14e	u/ml	Source	22	22
s-hirssie	u/ml	Source	12	12
s-tattare	u/ml	Source	61	60
s-allige,hasselpähkinä/hasselnöt	u/ml	Source	21	21
s-allige,saksanpähkinä(ruoka-aine)/valnöt(föd	u/ml	Source	6	6
s-allige,maapähkinä/jordnöt	u/ml	Source	22	21
s-allige,rcora1(f428,rekombinantti,hasselpäh	u/ml	Source	14	14
cb-tt-inrpika	inr	Source	4842	181
koivunsiitepöly,ige-va:t(s-)	u/ml	Source	25	25
s-hevosennhilse,igevasta-aineet	u/ml	Source	22	22
kissanhilse,ige-va:t(s-)	u/ml	Source	27	27
koiranhilse,ige-va:t(s-)	u/ml	Source	30	30
pölyerittely,ige:vat(s-)	u/ml	Source	83	79
s-ruokaerittely,igevasta-aineet	u/ml	Source	55	55
p-psamob	ug/l	Source	575	171
p-at3/spr	%	Source	61	58
s-insraba	ratio	Source	8	8
fs-reumafaktori,määritys	kiu/l	Source	6	6
s-muskab	u/ml	Source	70	70
fs-bkarot	nmol/l	Source	18	18
cp-glukpaa	mmol/l	Source	116	31
b-hemoglobiini-a1c,vieritesti	mmol/mol	Source	106	64
cp-glukoosi	1	Source	60	37
du-proteiini,(du-prot-fr,valetietue)	g	Source	16	14
virtsamäärä,vrk-virtsa	ml	Source	26	16
proteiini,vrk-virtsa	g	Source	50	35
immunoglobuliini,kevyetketjut,kappa,virtsa	g	Source	10	8
neutrofiilit+eosinofiilit,nivelneste	%	Source	378	252
mononukleaarisetsolut,nivelneste	%	Source	378	252
s-sappih	umol/l	PrimaryInjection	69	56
trijodityroniini,vapaa,verta	pmol/l	Source	14	14
p-glukoosi,toimntakokeissa0m	mmol/l	Source	242	199
p-glukoosi,toimintakokeissa,1h	mmol/l	Source	126	93
p-glukoosi,toimintakokeissa,2h	mmol/l	Source	240	197
s-formale	u/ml	Source	8	8
rcora14(f439,rekombinantti,hasselpähkinä),igevasta-aineet	u/ml	Source	49	49
pt-gfr-ccr	ml/min/173m2	Source	9	9
s-hbvnh	iu/ml	Source	82	36
fs-rf	kiu/l	Source	98	90
b-glukhoi	mmol/l	Source	52	45
s-dermatomyosiittiantigeenimi2,vasta-aineet	u/ml	Source	23	22
p-interleukiini6	ng/l	Source	15	15
s-c-peptidikaksituntiaaterianjälkeen	nmol/l	Source	82	75
p-glukoosi,2tuntiaaterianjälkeen	mmol/l	Source	125	118
-generik	form	Source	60	48
oma-phepoc	1	Source	160	121
oma-pco2(hiilidioksidiosapaine)epoc	1	Source	160	122
oma-po2(happiosapaine)epoc	1	Source	159	122
oma-na+(natrium)epoc	1	Source	159	123
oma-k+(kalium)epoc	1	Source	157	122
oma-ca++(kalsiumioni)epoc	1	Source	156	121
oma-glu(glukoosi)epoc	1	Source	156	121
oma-lac(laktaatti)epoc	1	Source	155	120
oma-cl-(kloridi)epoc	1	Source	153	118
oma-kreaepoc	1	Source	150	117
oma-hct(hematokriitti)epoc	1	Source	148	118
oma-chgb(hemoglobiini)epoc	1	Source	147	117
oma-chco3-(karbonaatti)epoc	1	Source	137	108
levyepi	u/field	Source	10	9
pienepi	u/field	Source	10	9
lier	u/field	Source	10	9
s-lehmhie	u/ml	Source	97	89
e-rdw,kokojakauma	%	Source	141	90
basofiilisetleukosyytit,absoluuttiset/tvk	e9/l	PrimaryInjection	9	6
lymfosyytit,absoluuttiset/tvk	e9/l	PrimaryInjection	9	6
monosyytit,absoluuttiset/tvk	e9/l	PrimaryInjection	9	6
neutrofiilit,absoluuttiset/tvk	e9/l	PrimaryInjection	9	6
eosinofiilit,absoluuttiset/tvk	%	Source	9	6
laskennallinenpunasoluindeksi/tvk	%	Source	9	6
mononukleaarisetsolut,pleura	%	Source	69	48
b-hb-met	%	PrimaryInjection	66	57
p-beeta-2-glykoproteiini,igg(trombot-paketti)	u/ml	Source	22	19
s-prostataspesifinenantigeenit	ug/l	Source	12	11
s-prostataspesifinenantigeeni,suhde	%	Source	16	12
s-perfenatsiini	nmol/l	Source	23	11
p-psaleik	ug/l	Source	164	147
kananliha	u/ml	Source	8	8
vehnä,ruok	u/ml	Source	42	39
ohra,ruoka	u/ml	Source	20	19
ohra,heinä	u/ml	Source	8	8
nurminata	u/ml	Source	16	16
vehnä,sipö	u/ml	Source	11	11
kaura,sipö	u/ml	Source	12	12
ruis,sipö	u/ml	Source	12	12
vedolitsumabi,pitoisuus	mg/l	Source	50	44
s-syklinensitrullinoitupeptidi,vasta-aineet	u/ml	Source	17	17
testosteroni,herkkä	nmol/l	Source	98	78
s-prolaktiini,biologisestiaktiivinenosuus	%	Source	22	17
ua-be	mmol/l	PrimaryInjection	11	11
s-dermatophagoidespteronyssimus(d1),igevasta-aineet	u/ml	Source	11	11
cladosporiumherbarum(m2),ige-vasta-aineet	u/ml	Source	14	13
b-diffi,l-lymf	%	Source	39	18
b-diffi,l-eos	%	Source	99	63
b-diffi,l-myel	%	Source	39	18
s-kolhdl3	mmol/l	Source	9	9
rauta(fe)	umol/l	Source	27	16
transferriini(transf)	g/l	Source	20	14
transferriininrautakyllästeisyys(trfesat)	%	Source	16	12
b-p2y12-reseptoriestonseuranta	%	Source	36	36
-extem/ml	%	Source	225	134
fibtem/mcf	mm	Source	222	130
u-albumiininjakreatiniininsuhde(mikroalbumiini)	mg/mmol	Source	20	14
fp-krea	umol/l	PrimaryInjection	180	83
s-adalimumabi,pitoisuus	mg/l	Source	18	16
kobolttipitoisuus,verestä	ug/l	Source	21	20
kromipitoisuus,verestä	ug/l	Source	23	22
fp-gluk-0	mmol/l	Source	88	73
fp-gluk-1	mmol/l	Source	108	83
p-at3spr	%	Source	55	53
p-ttspr	%	Source	66	60
li-infbabg	eiu	Source	17	16
-cv19ag	mmol/l	Source	25	8
s-bopeabg	titre	Source	63	57
s-bopeabm	titre	Source	54	49
s-mypnabg	au/ml	PrimaryInjection	22	21
c-peptidi,proinsuliinin,aterianjälkeinen	nmol/l	Source	51	50
s-luu	u/l	Source	22	20
album	g/l	Source	346	112
nu-dala	umol/l	Source	31	29
s-brucab	titre	Source	15	12
b-vnaspi	u	Source	13	11
s-testosteronivapaalaskettu	pmol/l	Source	102	77
s-testo	pmol/l	Source	25	20
trijodityroniini,vapaa,vertailumenetelmä	pmol/l	Source	13	13
li-immunoglobuliinig,indeksi	index	Source	16	16
neutrofiilit+eosinofiilit,selkäydinneste	%	Source	34	31
mononukleaarisetsolut,selkäydinneste	%	Source	34	31
b-c9orf72	form	Source	12	12
b-mn	ug/l	Source	9	7
fp-transferriininrautakyllästeisyys,plasmasta	%	Source	66	59
s-ck-mb	%	Source	100	92
u-i/u-kreaosatutkimus	ug/g	Source	129	113
tromboplastiiniaika,hus	%	Source	43	42
trombiiniaika,hus	s	Source	47	47
antitrombiiniiii,hus	%	Source	30	30
p-t4-vver	pmol/l	Source	86	59
du-ca(laskennallinen)	mmol/l	Source	7	7
m-komp-1	mg/l	Source	199	53
l-metamy	%	Source	153	81
s-hepyaba	form	Source	31	27
s-hepyabg	form	Source	34	31
s-cic	ugeq/ml	PrimaryInjection	106	99
s-munakee	u/ml	Source	40	39
s-lysotse	u/ml	Source	30	29
abhco3pika	mmol/l	Source	20	20
s-sentbab	u/ml	Source	100	77
nu-uporf1	nmol/l	Source	72	37
nu-uporf3	nmol/l	Source	50	22
nu-7c-porf	nmol/l	Source	56	25
nu-5c-porf	nmol/l	Source	40	18
nu-kporf1	nmol/l	Source	74	38
nu-kporf3	nmol/l	Source	74	38
fp-glukoosi	mmol/l	PrimaryInjection	37	33
fp-kolesteroli,lowdensitylipoproteiinit	mmol/l	PrimaryInjection	92	82
-d-dimqpik	mg/l	Source	15	15
kappa-lambda-suhde,kevytketjut,vapaat	ratio	Source	43	37
p-adamts13,aktiivisuus	%	Source	43	18
fs-krea	umol	Source	19	16
fs-trigly	mmol/	Source	16	13
b-hba1c	mmol/l	Source	134	88
s-puumabg	eiu	Source	82	78
l-lymfosyytit,laskentahoitoyksikössä	%	Source	9	9
l-neutrofiilit,laskentahoitoyksikössä	%	Source	9	9
l-monosyytitlaskentahoitoyksikössä	%	Source	9	9
l-eosinofiilit,laskentahoitoyksikössä	%	Source	8	8
l-basofiilit,laskentahoitoyksikössä	%	Source	9	9
s-chlamydiapneumoniae,iggvasta-aineet	bu/ml	Source	12	12
komplementtic3	g/l	Source	82	66
komplementtic4	g/l	Source	81	65
p-hyytymistekijäix	%	Source	23	22
p-hyytymistekijäv	%	Source	26	24
tromboplastiiniaika,hus␤	%	Source	7	7
trombiiniaika,hus␤	s	Source	7	7
tromboplastiiniaika,aktivoitu,partiaalinen,hus	s	Source	11	11
p-vonwillebrand-tekijä,antigeeni	%	Source	22	21
p-hyytymistekijäxiii	%	Source	21	20
p-pt	s	Source	184	25
cv-kromos	form	Source	7	7
cv-trinho	form	Source	15	15
p-gluk/60	mmol/l	Source	58	48
kasvuhormoni	ug/l	Source	23	13
s-insuliininkaltainenkasvutekijä1(entsommedc	nmol/l	Source	18	17
hydroksi-indolyyliasetaatti(5-)	nmol/l	Source	23	19
pt-lakt-r1	mmol/l	Source	14	14
pt-laktoosi-koe20min	mmol/l	Source	12	12
fp-amylaasi	u/l	Source	20	19
s-ruokaerittelyjaerittelytarvittaessa,igevasta-aineet	u/ml	Source	16	16
s-follikkeliastimuloivahormoni	u/l	Source	80	78
s-luteinisoivahormoni	u/l	Source	26	25
s-chlamydiapneumoniae,iggvasta-aineet	eiu	Source	55	53
kollageeni/adrenaliini	s	Source	7	6
s-9-ohrisp	nmol/l	Source	46	37
tuma,liukoisetantigeenit(ena),vasta-aineet	u/ml	Source	27	27
fb-b6-vit-vitamiini	nmol/l	Source	32	23
l-lt	%	Source	61	37
l-st	%	Source	53	34
l-mo	%	Source	59	37
b-napika	mmol/l	Source	126	102
adrenokortikotropiini	ng/l	Source	71	62
erytrosyytit	u/field	Source	44	23
leukosyytit	u/field	Source	33	16
s-papuvae	u/ml	Source	21	21
s-avocade	u/ml	Source	17	17
i-statcrea	umol/l	PrimaryInjection	9	9
i-stathb	g/l	PrimaryInjection	9	9
i-statk	mmol/l	PrimaryInjection	8	8
i-statna	mmol/l	PrimaryInjection	8	8
glukoosi(päiv.hoitaja)	mmol/l	Source	55	52
5400	mmol/l	Source	118	82
s-anca-p	titre	Source	36	13
sileälihas,vasta-aineet	titre	Source	10	9
s-koriongonadotropiini-b-alayksikkö,vapaa,1.trimesterinseula	ug/l	Source	67	64
p-metanef	nmol/l	Source	14	14
p-afos-pa	u/l	Source	23	22
p-alat-pa	u/l	Source	37	36
p-amyl-pa	u/l	Source	18	17
pt-audio-1	form	Source	27	27
-alb	g/l	Source	89	78
epiteelisolut,virtsasta,partikkelinlaskijalla,osatutk.	e6/l	Source	203	124
lieriöt,virtsasta,partikkelinlaskijalla,osatutk.	e6/l	Source	203	124
osmolaliteetti,virtsasta,partikkelinlaskijalla,osatutk.	mosm/kgh2o	Source	203	124
erytrosyytit,virtsasta,partikkelinlaskijalla,osatutk.	e6/l	Source	202	123
s-enteabg	index	PrimaryInjection	15	14
s-hbs-ab	iu/l	Source	29	29
s-pemfiab	form	Source	95	56
s-dharipi	nmol/l	Source	15	13
s-aridhas	nmol/l	Source	16	14
s-morbabg	au/ml	Source	89	88
d-vitamiini-25-oh,hepariiniplasmasta	nmol/l	Source	22	21
eikäytössä	ug/l	Source	60	35
u-leukosyystit	e6/l	Source	16	13
ca-inona,aktuaalinenpitoisuus	mmol/l	Source	50	45
kalsium,ionisoitunut,ph7.4korjattu	mmol/l/p	Source	51	43
s-koivunsiitepöly	u/ml	Source	7	7
l-basto	%	Source	17	15
sokerirasitus,0-näyte	mmol/l	Source	66	54
sokerirasitus,2hnäyte	mmol/l	Source	104	65
cb-hco3-mi	mmol/l	Source	18	12
vldlkolestroli(osatutkimus)	mmol/l	Source	43	40
b-sekvy-d	form	Source	59	59
testovl	pmol/l	Source	11	10
s-micfaee	u/ml	Source	24	22
s-micfaeg	mg/l	Source	45	45
s-t4-v	pmol/l	PrimaryInjection	91	72
non-hdl-kolesteroli	mmol/l	PrimaryInjection	19	19
s-hs-c-reaktiivinenproteiini	mg/l	PrimaryInjection	14	14
omgluk-r1	mmol/l	Source	28	26
s-infaabg	u/ml	Source	31	27
s-metanef	nmol/l	Source	140	111
fp-non-hdl	mmol/l	Source	78	78
p-c-reaktiivinenproteiini,päivystysnäyte	mg/l	Source	32	23
14125	e9/l	PrimaryInjection	18	13
b-pvk+tmd	%	Source	108	33
b-diffi	e9/l	Source	147	31
b-erytrosyytit,tilavuusosuus	1	Source	11	11
p-prbnpvt	ng/l	Source	110	94
troponiinit,vieritutkimus,plasmasta	ng/l	Source	10	10
vertca19-9	u/ml	Source	16	15
leukosyytit,pikatesti,veri	e9/l	Source	148	134
score	%	Source	80	79
b-eosinofiiliterillistutkimuksena	e9/l	Source	18	18
aspergillusfumigatus,iggvasta-aineet	mg/l	Source	43	40
kreatiinikinaasi,kokonaisaktiivisuus	u/l	Source	17	17
kreatiinikinaasi,mm-isoentsyymi,aktiivisuus	u/l	Source	16	16
kreatiinikinaasi,mm-isoentsyymi,osuus	%	Source	16	16
kreatiinikinaasi,mb-isoentsyymi,osuus	%	Source	16	16
b-pikaghb,b-hba1c	mmol/mol	Source	11	9
s-alfa-1-antitrypsiini	g/l	Source	52	51
inr-pikamittaus	1	Source	15	8
tyreoglobuliini,seerumista	ug/l	Source	65	25
tyreoglobuliini,vasta-aineet,seerumista	u/ml	Source	14	8
neutrofiilisetleukosyytit	%	Source	15	15
neutrofiilisetleukosyytitmd	e9/l	Source	15	15
b-monosyytit	%	Source	58	51
b-eosinofiilit	%	Source	79	69
b-basofiilit	%	Source	121	71
b-eosinofiilitabsoluuttinenmäärä	e9/l	Source	15	15
s-koira,igevasta-aineet	u/ml	Source	24	24
pölyerittely	u/ml	Source	19	19
b-hb-th	g/l	Source	90	60
pt-fvspiro	form	Source	26	26
pölyryhmä(phadiatop),ige-va:t(s-)	u/ml	Source	38	38
s-eläinryhmä,igevasta-aineet	u/ml	Source	25	25
ruokaryhmä,ige-va:t(s-)	u/ml	Source	15	15
erytropoietiini,seerumista	iu/l	Source	59	57
14401	ug/l	PrimaryInjection	10	10
b-tacro	ug/l	PrimaryInjection	36	26
s-chtrabg	eiu	Source	12	12
myeliiniinassosioituvaglykoproteiini,vasta-aineet	e6/l	Source	92	80
sulfatidi,igmvasta-aineet	e6/l	Source	92	80
13185	%	Source	145	95
as-pmn	%	Source	152	97
as-afp	u/ml	Source	16	15
saag	g/l	Source	57	50
b-tioguaniini	umol/l	Source	9	6
b-6-metyylimerkaptopuriini	umol/l	Source	8	6
gluk-ro-n	mmol/l	Source	11	10
gluk-r2-h	mmol/l	Source	19	18
p-c-reaktiivinenproteiini,herkkä	mg/l	Source	20	19
s-ami	mg/l	Source	270	82
u-epitlevy	u/field	Source	14	11
u-epitmuut	u/field	Source	13	10
p-fiddp	mg/l	Source	33	20
pika-mon	%	Source	51	39
pika-eos	%	Source	49	39
pika-bas	%	Source	49	39
p-ferritin	ug/l	Source	95	59
s-golimumabi	mg/l	Source	91	75
pölyryhmä,(phadiatop),igevasta-aineet	u/ml	Source	39	38
s-timotei,igevasta-aineetosat.	u/ml	Source	46	46
s-koivu,igevasta-aineet	u/ml	Source	67	67
s-pujonsiitepöly,ige-vasta-aineet	u/ml	Source	46	46
hevonen(hilse)igevasta-aineet	u/ml	Source	46	46
dermatophagoidespteronyssimus,igevasta-aineet	u/ml	Source	46	46
s-pölyer(ent.phadiatop)tykslab	u/ml	Source	124	124
allergeeni,ruokaerittely/födoämn.specifik.fx5	u/ml	Source	20	20
p-caion7.4	mmol/l	Source	58	24
pt-gfrekce,glomerulussuodosnopeuskysc:stä	ml/min/173m2	Source	63	38
ua-shco3	mmol/l	Source	73	68
uv-shco3	mmol/l	Source	83	75
ua-hbo2sat	%	Source	78	73
uv-hbo2sat	%	Source	87	79
s-lehmäe	u/ml	Source	56	56
p-prbnp-vt	ng/l	Source	20	16
s-trivire	u/ml	Source	9	9
p-glukoosirasitus,0-näyte␤	mmol/l	Source	68	58
p-glukoosirasitus,120minnäyte␤	mmol/l	Source	68	58
p-glukoosirasitus,60minnäyte	mmol/l	Source	66	53
fp-kromograniinia	nmol/l	Source	99	53
b-hemoglobiinia1c,glykoitunut,pikatesti,osavastauspika-ghb-a1c	%	Source	32	22
b-hemoglobiinia1c,glykoitunut,pikatesti,osavastauspika-hba1c	mmol/mol	Source	32	22
p-probnp	ng/l	PrimaryInjection	63	56
heinär.gx1	u/ml	Source	6	6
s-altalte	u/ml	Source	35	34
testosteroni,osatutkimus	nmol/l	Source	75	54
s-nfl	ng/l	Source	64	60
p-bilirubiini(ko)	umol/l	Source	16	16
fp-kolesteroli,plasma	mmol/l	PrimaryInjection	32	28
fp-triglyseridit,plasma	mmol/l	Source	82	76
s-ferritiini(ko)	ug/l	Source	97	74
s-transferriinireseptori,liukoinen(ko)	mg/l	Source	26	24
s-b12-vitamiini(ko)	pmol/l	Source	48	45
s-dnan-ab	titre	Source	55	14
inrvieritesti	inr	Source	201	20
s-puuryh	u/ml	Source	29	29
s-borabc6	li	Source	27	27
s-borabmo	au/ml	Source	8	8
l-lymfosyytit,suhde	%	Source	31	23
l-monosyytit,suhde	%	Source	31	23
l-neutrofiilit,suhde	%	Source	31	23
pf-nse	ug/l	Source	24	23
s-desvenl	nmol/l	PrimaryInjection	9	9
laktaatti,päivystystutkimus,verestä	mmol/l	Source	353	121
ab-happikyllästeisyys	%	Source	312	106
s-campaba	u/ml	Source	52	51
kudostransglutaminaasi,igavasta-aineet	u/ml	Source	70	69
p-hscrp	mg/l	Source	53	53
fp-laktaat	mmol/l	PrimaryInjection	22	22
p-natriureettinenpeptidi,b-tyypinn-termin.prop	ng/l	Source	80	65
s-ami	mg/l	PrimaryInjection	24	20
afer-cd3	e8/kg	Source	47	39
afer-cd4	e8/kg	Source	46	37
afer-cd8	e8/kg	Source	49	40
afer-leuk	e8/kg	Source	45	38
af-ada	u/l	Source	12	12
s-adeabcf	titre	Source	53	45
s-inaabcf	titre	Source	44	39
s-inbabcf	titre	Source	68	58
s-envabcf	titre	Source	46	41
s-mpnabcf	titre	Source	14	14
s-transglutaminaasivasta-aineet	u/ml	Source	12	9
s-glpepaba	u/ml	Source	16	16
folaatti	nmol/l	Source	67	65
s-allige,dermatophagoidespteronyssinus,pölypun	u/ml	Source	67	67
fvspiro	%	Source	7	7
b-leuk-o	e9/l	Source	59	54
dna,vasta-aineet(natiivi)	kiu/l	Source	48	45
pf-leukosyytit,liuskatumaiset	%	Source	103	83
pf-leukosyytit,yksitumaiset	%	Source	103	83
p-tyreotropiini,plasmasta,erimenetelmällä	mu/l	Source	25	17
glukoosi,plasmasta,pikamittarilla	mmol/l	Source	52	45
alkalinenfosfataasi(afos)	u/l	Source	18	18
g-etoh-o	promille	Source	63	30
u-leuk-o	u/field	Source	53	48
u-levyepiteelit	u/field	Source	77	65
u-välimuotoisetepiteelit	u/field	Source	75	63
s-achrab	nmol/l	Source	45	41
s-alb-fr	g/l	Source	85	73
s-c-pept-r	nmol/l	Source	27	27
infliksimabipitoisuus,seerumista␤	mg/l	Source	36	28
li-igg-ind	g/l	Source	11	11
u-kollageenii:naminoterminaalinentelopeptidi	nmol/mmol	Source	8	8
b-tnt-pt	ng/l	Source	110	75
s-gh	ug/l	Source	218	118
s-paroabg	titre	Source	45	44
p-natriureettinenpeptidi	ng/l	Source	29	21
s-metad	mg/l	Source	204	76
s-hydroksikarbatsepiini	umol/l	Source	21	15
s-etosux	umol/l	Source	60	16
p-inr-pt	inruikk	Source	97	33
b-beeta-hydroksibutyraatti,pikatutkimus,verestä	mmol/l	Source	85	57
pf-laktaatti,päivystystutkimus	mmol/l	Source	117	93
s-hcg-tot	iu/l	Source	49	31
gammaglobuliini,fraktio,seerumi	g/l	Source	14	12
albumiini,fraktio,seerumi	g/l	Source	8	6
alfa-1-globuliini,fraktio,seerumi	g/l	Source	14	12
alfa-2-globuliini,fraktio,seerumi	g/l	Source	14	12
beeta-1-globuliini,fraktio,seerumi	g/l	Source	14	12
beeta-2-globuliini,fraktio,seerumi	g/l	Source	14	12
m-komponentti-1	g/l	Source	8	6
m-komponentti-2	g/l	Source	8	6
s-chtrabg	s/co	Source	8	7
erytrosyytit,selkäydinneste	e6/l	Source	53	52
leukosyytit,selkäydinneste	e6/l	Source	38	38
s-langab	jdf	Source	12	12
s-linssie	u/ml	Source	16	15
s-persile	u/ml	Source	15	15
natriureettinenpeptidi,b-tyypinn-term	ng/l	Source	32	21
s-lamotrig	umol/l	Source	26	13
s-rottae	u/ml	Source	22	21
s-tygl	ug/l	PrimaryInjection	36	23
pt-pef	l/min	Source	24	20
u-huuml-o	form	Source	6	6
verensokeripikatesti	u	Source	18	11
testosteroni,vapaa,laskettu,herkkämenetelmä	pmol/l	Source	15	15
s-ige	u/ml	PrimaryInjection	14	13
pf-ly+mono	%	Source	135	102
s-9-ohrisper	nmol/l	Source	7	6
hepyaba	u/ml	Source	8	8
hepyabg	u/ml	Source	6	6
s-epo	pmol/l	Source	44	39
desmetyylivenlafaksiini	nmol/l	Source	22	17
e-mchc	e9/l	Source	80	61
s-borreliaburgdorferi,iggvasta-aineet	au/ml	Source	51	47
s-borreliaburgdorferi,igmvasta-aineet	au/ml	Source	66	62
p-tt-inrp	inr	Source	16	10
s-bupre	ug/l	Source	94	41
b-inrpika	inr	Source	3045	56
p-prostataspesifinenantigeeni,vapaa:totaali-suhde	%	Source	19	15
-pregnlo	nmol/l	Source	38	31
shepyabg	u/ml	Source	18	17
b-hb-vt	g/l	PrimaryInjection	19	17
c-reaktiivinenproteiini,vieritutkimus,plasmasta	mg/l	PrimaryInjection	49	37
hyytymistekijäviii,plasma	%	Source	37	36
hyytymistekijäv,plasma	%	Source	32	32
hyytymistekijävii,plasma	%	Source	29	29
protrombiini,plasma	%	Source	21	21
hyytymistekijäx	%	Source	13	13
hyytymistekijäxiii,plasma	%	Source	28	28
se-glukoosi	mmol/l	Source	42	23
s-ca-albk	mmol/l	PrimaryInjection	39	32
fs-lipidit	form	Source	50	41
pakettis-testosteroni	nmol/l	Source	15	14
pakettis-psa	ug/l	Source	13	12
e-g6pd	umol/min	Source	9	9
e-pk	umol/min	Source	10	10
se-kreatiniini	umol/l	Source	81	40
p-tnl	ng/l	Source	124	100
s-rubeabg	iu/ml	PrimaryInjection	76	71
s-vlseabm,borreliaburgdorferinvlsejaospcproteiinit,vasta-aineetigm	au/ml	Source	32	26
s-tshrab	u/l	PrimaryInjection	48	45
s-tuma,liukag.va,laaja	ratio	Source	6	6
li-bam40	ng/l	Source	47	47
s-hunajae	u/ml	Source	16	16
trfesat	%	Source	140	103
u-bkvnh	e6	PrimaryInjection	7	6
u-bkvnh	u/ml	PrimaryInjection	77	35
p-ldl-kolesteroli,suoramittaus	mmol/l	PrimaryInjection	114	94
triglyseridit	mmol/l	PrimaryInjection	53	47
s-ruokaerittelyjaerittelytarvittaessa,igevasta-aineet(ko)	u/ml	Source	17	16
s-reumafaktori(ko)	kiu/l	Source	22	21
u-cd	nmol/l	Source	31	24
crl-mitta	mm	Source	91	89
u-prot12h	mg/l	Source	30	10
cu-prot12h	mg	Source	34	10
p-hcvnhty	iu/ml	Source	13	13
glukoosinpikamääritys	1	Source	12	11
hb-pikamääritys	1	Source	42	37
b-fvfii-d	form	Source	52	51
p-traispr	s	Source	110	103
s-b2gpabm	u/ml	Source	111	95
peak	l/min	Source	12	11
s-kryopre	g/l	Source	8	8
li-hhv6abg	eiu	Source	14	14
p-fidd,osoitus	mg/l	Source	17	17
s-w-h:b	titre	PrimaryInjection	27	26
s-yer9ab	titre	PrimaryInjection	42	40
natriureettinenpeptidi(p-probnp)	ng/l	Source	6	6
ulosteencalprotectin	ug/g	Source	27	24
koriongonadotropiini,totaali,plasmasta	u/l	Source	51	25
s-mykoplasma,iggvasta-aineet	eiu	Source	79	71
s-mykoplasma,igmvasta-aineet	s/co	Source	25	23
e-erytrosyytit,keskitilavuus	fl	PrimaryInjection	77	50
s-yersabg	ratio	Source	44	38
u-välim.e	u/field	Source	63	56
u-kappa	mg/l	Source	30	28
u-lambda	mg/l	Source	30	21
b-eosinofiilit	e9/l	PrimaryInjection	34	25
p-prostataspesifinenantigeeni(pi)	ug/l	Source	78	54
s-kudostransglutaminaasi,iggvasta-aineet	u/ml	Source	6	6
p-tsheri	mu/l	Source	81	61
p-etyleeniglykoli	mmol/l	Source	27	26
p-isopropanoli	mmol/l	Source	28	27
p-propyleeniglygoli	mmol/l	Source	21	21
s-kreatiinikinaasi	u/l	Source	41	38
s-ihovab	titre	PrimaryInjection	58	46
fp-glukoosirasitus,pikatutkimus0minnäyte	mmol/l	Source	14	12
fp-glukoosirasitus,0minnäyte	mmol/l	Source	28	26
fs-pepsin1	ug/l	PrimaryInjection	57	57
fs-pepsin2	ug/l	PrimaryInjection	57	57
fs-gastr17	pmol/l	PrimaryInjection	32	32
p-helikobakteerinigg-vasta-aineet	eiu	PrimaryInjection	58	58
fp-transf	g/l	PrimaryInjection	50	49
s-c1-esteraasininhibiittori	g/l	Source	17	17
s-komplementtic4	g/l	Source	98	74
b-c-reaktiivinenproteiini	mg/l	Source	29	25
s-campabg	titre	PrimaryInjection	10	8
u-cr	ug/l	Source	25	19
u-co	ug/l	Source	12	9
herkkäcrp	mg/l	Source	7	6
s-dermatophagoidespteronyssinus(d1),igevasta-aineet	u/ml	Source	64	64
s-cladosporiumherbarum(m2),igevasta-aineet	u/ml	Source	8	8
sy-polymorfologisetleukosyytit,nivelnesteestä	%	Source	7	7
sy-mononukleaarisetleukosyytit,nivelnesteestä	%	Source	7	7
b6-vitamiini	nmol/l	Source	12	11
b-perusverenkuvajatrombosyytit	form	Source	17	10
cb-gluk-vt	mmol/l	Source	147	65
b-lydiff	%	Source	8	8
s-sukupuolihormonejasitovaglobuliiniosat.	nmol/l	Source	21	15
s-vapaantestosteroninindeksi	pmol/l	Source	27	21
psa-v/psaeikäytössä	%	Source	36	25
p-glukoosipotilaanomallamittarilla	mmol/l	Source	44	43
amylaasi,kokonaisaktiivisuus	u/l	Source	8	7
fp-kolesteroli,highdensitylipoproteiinit	mmol/l	PrimaryInjection	59	53
fp-kolesteroli,plasma	mmol/l	Source	52	51
u-uporf1	nmol/l	Source	18	16
u-kporf1	nmol/l	Source	18	16
u-kporf3	nmol/l	Source	18	16
fs-gh	mu/l	Source	232	92
eosinofiilitdiffissä	e9/l	Source	46	33
neutrofiilitdiffissä	e9/l	Source	45	35
afoskokonaispitoisuus	u/l	Source	7	7
as-leukosyytit,liuskatumaiset	%	Source	77	30
as-leukosyytit,yksitumaiset	%	Source	77	30
b-probnpo	ng/l	Source	44	38
s-kanie	u/ml	Source	39	39
sinkkipunasoluista	umol/l	Source	47	45
s-t3r	nmol/l	Source	13	12
s-tiosyan	umol/l	Source	36	25
s-matgrupp	u/ml	Source	31	30
hdl/kol.(ilmanpaastoa)	%	Source	8	8
s-viljryh	u/ml	Source	53	53
ruoka-aine-erittely(fx5),igevasta-aineet	u/ml	Source	7	7
kalsium	mmol	Source	13	12
ap-laktaatti(arteria)	mmol/l	Source	17	14
kalsium,ionisoitunut,plasmasta	mmol/l	Source	69	48
fp-jgluk	mmol/l	Source	90	90
prealbumiini,seerumista	g/l	Source	47	40
cb-hemoglobiini,vieritestihoitoyksikössä	g/l	Source	101	69
tyreoideaperoksidaasi,vasta-aineet,plasma	u/ml	Source	52	46
s-tsh-reseptori,vasta-aineet␤	iu/l	Source	77	37
p-ttinrspr	inr	Source	6	6
-ca15-3	u/ml	Source	20	20
s-mykoplasmapneumoniae,iggvasta-aineet	eiu	Source	40	38
s-immunoglobuliini,kevyetketjut,k	mg/l	Source	81	37
s-immunoglobuliini,kevyetketjut,l	mg/l	Source	81	37
s-gliade	u/ml	Source	23	23
s-kuminae	u/ml	Source	11	11
11842	u/l	Source	46	45
11843	u/l	Source	46	45
11844	u/l	Source	25	24
11846	u/l	Source	44	43
p-tromboplastiiniaika,normotest	%	Source	70	63
pf-c3	g/l	Source	143	128
pf-c4	g/l	Source	129	114
u-hb-o	estimate	SecondaryCorrection	65	48
u-solut	u/field	Source	26	15
s-sillie	u/ml	Source	11	11
hba1cpikatesti	mmol/mol	PrimaryInjection	18	18
u-tutk-1	form	Source	10	9
kalsium,ionisoitunut,7.4seerumi	mmol/l	Source	71	57
s-home1ry	u/ml	Source	52	52
u-hcg	iu/l	Source	37	34
u-lzm	mg/l	Source	17	17
s-caspek	u/ml	Source	6	6
glomerulussuodosnopeus,estimoitukystatiinic:stä	ml/min/173m2	Source	130	112
kortisoli,sylki	nmol/l	Source	32	27
b-sr	mm/h	Source	18	17
s-endoteelikasvutekijänliukoinenreseptori	ng/l	Source	57	46
s-plasentaalinenkasvutekijä	ng/l	Source	57	46
lehmänmaito,ige-va:t(s-)	u/ml	Source	6	6
s-vehnäjauho,igevasta-aineet	u/ml	Source	26	26
s-eläinerittely,igevasta-aineet	u/ml	Source	25	25
s-puuerittely,igevasta-aineet	u/ml	Source	37	37
s-trijodityroniini,vapaa(ko)	pmol/l	Source	8	8
p-natriureettinenpeptidi,b-tyypinn-terminaalinenpropepti(ko)	ng/l	Source	19	18
bu-mononuk	%	Source	55	48
bu-kide-o	estimate	Source	21	20
bu-neut+eo	%	Source	55	48
bu-solut	e6/l	Source	96	86
blastit,osuusleukosyyteistä	%	Source	105	23
l-erytroblastit	u/100leuk	Source	164	56
s-vzv-abg	u/l	Source	7	7
globul	mg/l	Source	113	31
album	mg/l	Source	113	31
tug	s	PrimaryInjection	22	20
testosteroni,vapaa,laskettu	pmol/l	Source	27	21
du-aldos	nmol/24h	Source	31	26
-transferriininrautakyllasteisyys	%	Source	11	11
s-ustekin	mg/l	Source	48	32
s-helicobacterpylori,iggvasta-aineet	u/ml	Source	36	35
s-ovarab	titre	Source	8	8
s-testab	titre	Source	6	6
s-hbsab	form	Source	14	12
s-muu-abe	u/ml	Source	19	14
b-lasko	mm/h	PrimaryInjection	36	26
prostataspesifinenantigeeni,vapaa(psa-v)	ug/l	Source	83	54
p-gluk60`	mmol/l	Source	7	6
s-mycoplasmapneumoniae,igmvasta-aineet	s/co	Source	94	80
b-trombp	e9/l	Source	23	22
b-leukos	e9/l	PrimaryInjection	83	53
s-vzv-abg	eiu	Source	6	6
ly-tsc-fc	form	Source	16	15
ly-bsc-fc	form	Source	17	16
amp.myrkky	u/ml	Source	43	31
neutrofiilit+eosinofiilit,ask	%	Source	27	22
mononukleaarisetsolut,askite	%	Source	27	22
p-neurofilamentti,kevytketju	ng/l	Source	7	7
e-mcv	l/l	Source	172	70
basofiilit,absoluuttiset	e9/l	Source	148	99
lymfosyytit,absoluuttiset	e9/l	Source	152	101
monosyytit,absoluuttiset	e9/l	Source	150	100
neutrofiilit,absoluuttiset	e9/l	Source	152	101
s-borrelia,iggvasta-aineet	u/ml	Source	19	19
-afp	u/ml	Source	16	16
ab-chco3	mmol/l	Source	10	10
s-sentromeeri,vasta-aineet	u/ml	Source	55	41
p-tnt-hy	ng/l	Source	53	41
b-tntp	ng/l	Source	50	49
s-probnp	ng/l	PrimaryInjection	12	12
crp-pika,hoitajattekee	1	Source	56	36
s-borreliaburgdorferi,igmvasta-aineet	responseequivalent/ml	Source	20	18
immunoglobuliinie-koivu	u/ml	Source	48	45
koira,hilse	u/ml	Source	29	28
s-ld	u/ml	Source	8	8
kromi,veri	ug/l	Source	8	8
koboltti,veri	ug/l	Source	12	12
s-chlamydiapneumoniae,abgvasta-aineet	bu/ml	Source	8	7
b-eryt	form	Source	34	34
e-mcv	form	Source	34	34
b-hkr	form	Source	33	33
b-hb	form	Source	34	34
e-mchc	form	Source	34	34
e-mch	form	Source	34	34
b-leuk	form	Source	34	34
b-trom	form	Source	34	34
s-timotei,igevasta-aineet	u/ml	Source	23	23
s-hevonen,igevasta-aineet	u/ml	Source	20	20
s-pölyt,igevasta-aineet	u/ml	Source	11	11
omahemoglobiini	g/l	Source	52	49
dna,natiivi,vasta-aineet	kiu/l	Source	113	64
0mgluk/0m	mmol/l	Source	30	22
60mgluk/60m	mmol/l	Source	30	22
120mgluk/120m	mmol/l	Source	52	39
p-gluk-vt/0m	mmol/l	Source	27	20
p-tati	ug/l	Source	25	24
s-rnp-ab	u/ml	Source	13	13
p-luakrvv	form	Source	7	6
p-luakptt	form	Source	7	6
s-uraat	mmol/l	Source	33	31
s-cakpqab	pmol/l	PrimaryInjection	8	8
bilirubiini,plasmasta	umol/l	Source	63	48
vehnjae	u/ml	Source	71	70
p-tni-o	ng/l	Source	27	25
s-b2gpabg	sgu	Source	45	33
tromboplastiiniaika,pikatesti	inr	Source	78	75
f-cl	mmol/l	Source	14	8
b-gluk-vt	mmol/l	PrimaryInjection	10	7
pt-gromerulussuodosnopeus,estimoituckd-epikaavallakystatiinic:stä	ml/min/173m2	Source	41	15
la-hb	g/l	Source	35	19
la-hkr	%	Source	35	19
la-eryt	e12/l	PrimaryInjection	24	15
la-tumsol	e9/l	PrimaryInjection	24	15
la-trom	e9/l	PrimaryInjection	24	15
la-leukos	e9/l	PrimaryInjection	74	55
testosteroni-vl	pmol/l	Source	11	6
s-tni	ng/l	Source	63	61
hydroksikarbatsepiini	umol/l	Source	20	13
s-sentromeerip,vasta-aineet	u/ml	Source	47	40
pt-fibrosis-4indeksi	u/l	Source	28	28
s-antistreptolysiini	u/ml	Source	10	10
kardiolipiini,iggvasta-aineet,plasma	u/ml	Source	20	17
kardiolipiini,igmvasta-aineet,plasma	u/ml	Source	12	11
b-hbvt	g/l	Source	31	29
b-muubat	%	Source	126	69
l-blasti	%	Source	28	20
s-glpepabg	u/ml	Source	10	9
p-t3v	pmol/l	Source	30	27
s-epstein-barrvirus,abgvasta-aineet	u/ml	Source	18	18
s-cytomegalovirus,abgvasta-aineet	u/ml	Source	16	16
fibriinind-dimeerit	mg/l	Source	37	29
s-prog	nmol/l	PrimaryInjection	21	16
p-c-reaktiivinenproteiinipikahoitoyksiköt	mg/l	PrimaryInjection	14	13
s-kalsium,ionisoitunut,seerumista	mmol/l	Source	71	62
b-la	mmol	Source	365	118
s-risp9hs	nmol/l	Source	16	10
p-glukoosi,plasma	mmol/l	Source	32	18
p-tyreotropiini(ko)	mu/l	PrimaryInjection	18	14
p-natrium	mmol/l	PrimaryInjection	10	6
fb-folaatti(k-pks:n)(ko)	nmol/l	Source	9	9
s-ricoab	titre	Source	6	6
s-cenp-ab	u/ml	PrimaryInjection	15	15
prostataspesifinenantigeeni,vapaa(p-psa-v)	ug/l	Source	113	65
li-fosftau	ng/l	Source	13	13
s-interleukiini-2:nreseptori,liukoinen	u/ml	Source	38	23
p-etprom	promille	Source	26	21
s-luustoperäinenisoentsyymi	u/l	Source	15	14
p-probnpv	ng/l	Source	13	9
p-probnp-pika	ng/l	Source	22	19
s-rnp70	u/ml	Source	11	10
p-khoi	mmol/l	Source	47	47
s-mogab	titre	Source	7	7
p-protrom	%	Source	6	6
s-kanelie	u/ml	Source	28	28
u-albkrea	mg/mmol/l	Source	81	49
glomerulussuodosnopeus,estimoitu,ckd-epi-tutkimuksenkaava	ml/min/173m2	Source	14	14
s-borrelia,vasta-aineet	form	Source	8	6
neutrofiilit+eosinofiilit,aspiraatti	%	Source	15	10
mononukleaarisetsolut,aspiraatti	%	Source	15	10
solut,aspiraatti	e6/l	Source	13	8
-liik.ab	%	Source	35	34
-liik.abc	%	Source	35	34
u-naftol	ug/l	Source	9	6
s-codiab	spu/ml	Source	58	55
s-clteab	spu/ml	Source	69	66
s-mustike	u/ml	Source	13	13
s-infliks	mg/l	PrimaryInjection	18	15
s-ustekinumpitoisuus	mg/l	Source	6	6
persikka	u/ml	Source	12	11
p-sinkki	umol/l	Source	37	35
s-allige,maapähkinä/jordnötosatutkimus	u/ml	Source	12	11
s-allige,hasselpähkinä/hasselnötosa	u/ml	Source	7	7
s-allige,manteli/mandel	u/ml	Source	7	7
se-prot	g/l	Source	184	137
se-k	mmol/l	Source	28	24
se-na	mmol/l	Source	22	19
li-gran	%	Source	105	75
li-lymf	%	Source	91	62
ub-hb-pu	g/l	Source	71	6
ub-hkr-pu	%	Source	24	6
ue-mcv-pu	fl	Source	24	6
ue-mchc-pu	g/l	Source	24	6
ue-reti-pu	%	Source	23	6
us-epo	u/l	Source	7	7
forfatidyylietanoli,verestä	umol/l	Source	13	9
u-bakt	u/field	Source	11	10
p-protrombiini	%	Source	8	8
tyreoglobuliini	ug/l	Source	81	23
crpvieri	mg/l	PrimaryInjection	27	25
s-infliksimabi,vasta-aineet	au/ml	Source	15	13
s-tnf	ng/l	Source	100	69
p-il8	ng/l	Source	36	29
s-hevonen	u/ml	Source	11	11
11901	ng/l	Source	10	10
li-beeta-amyloidi40-proteiini	ng/l	Source	41	41
li-bam42/40suhde	ratio	Source	40	40
s-neurofilamentti,kevytketjut	ng/l	Source	61	59
s-alfa-1-globuliini	g/l	Source	11	9
s-alfa-2-globuliini	g/l	Source	7	6
s-beeta-2-globuliini	g/l	Source	11	9
s-gammaglobuliini	g/l	Source	7	6
s-hein1ry	u/ml	Source	33	33
s-estradioli	nmol/l	Source	45	42
tryptaasi,seerumista␤	ug/l	Source	47	37
s-b12-vitamiini,transkobalamiiniii:eensitoutunut,seerumista	pmol/l	Source	75	64
p-vwfcb	%	Source	98	67
s-koopähe	u/ml	Source	83	82
fs-ffa	mmol/l	Source	169	65
s-clteabg	iu/ml	PrimaryInjection	11	11
e-6-me-mp	umol/l	Source	23	21
s-goodpab	u/ml	Source	82	29
m-komp1	g/l	Source	182	20
u-jodidi	ug/l	Source	85	43
fp-ala	umol/l	Source	17	15
fp-glu	umol/l	Source	17	15
fp-gln	umol/l	Source	17	15
fp-orn	umol/l	Source	17	15
fp-phe	umol/l	Source	23	16
gly	umol/l	Source	17	15
fp-lys	umol/l	Source	17	15
fp-pro	umol/l	Source	17	15
fp-val	umol/l	Source	17	15
fp-leu	umol/l	Source	17	15
fp-ile	umol/l	Source	17	15
fp-tyr	umol/l	Source	17	15
fp-sit	umol/l	Source	17	15
fp-arg	umol/l	Source	17	15
fp-meth	umol/l	Source	17	15
fp-cys	umol/l	Source	17	15
fp-taur	umol/l	Source	17	15
fp-ser	umol/l	Source	17	15
fp-asn	umol/l	Source	17	15
fp-thr	umol/l	Source	17	15
fp-hypro	umol/l	Source	14	12
fp-trp	umol/l	Source	17	15
fp-aaa	umol/l	Source	9	8
fp-aab	umol/l	Source	17	15
fp-his	umol/l	Source	17	15
p-antifactorix-aktiivisuus(hep.estovaikutusak	iu/ml	Source	94	43
d-cmvabg	au/ml	Source	44	44
bm-cd34	%	Source	52	34
bm-lcd34	e9/l	Source	29	20
bm-t-solut	%	Source	23	12
la-t-cd3	e9/l	PrimaryInjection	96	75
la-t-cd4	e9/l	PrimaryInjection	96	75
la-t-cd8	e9/l	PrimaryInjection	96	75
rf	iu/ml	Source	21	21
bm-hb	g/l	Source	85	31
bm-hkr	%	Source	85	31
bm-eryt	e12/l	Source	36	15
bm-trom	e9/l	Source	36	15
bm-tumsol	e9/l	Source	36	15
u-kreatiniini,huumeseulonnanyhteydessä	mmol/l	Source	35	33
s-jyrsier	u/ml	Source	13	13
s-malsppe	u/ml	Source	21	19
u-diffi	e6/l	Source	20	10
s-testosteronimassaspektrometrinenmenetelmä	nmol/l	Source	12	10
s-testoms-vlmassaspektrometrinen,vapaalaskettu	pmol/l	Source	8	8
s-parvavi	%	Source	13	11
s-prlbio,biologisestiaktiivinenprolaktiini	mu/l	Source	81	61
s-prolaktiini,rec,osatutkimuss-prlmakr	%	Source	9	8
s-prolaktiini,bio,osatutkimuss-prlmakr	mu/l	Source	9	8
s-d3-vitamiini-25-oh	nmol/l	Source	46	45
s-d-vitamiini-25-oh,d3-jad2-muodot	nmol/l	Source	47	46
b-hemoglobiini	g/l	PrimaryInjection	66	52
e-hemoglobiini,keskimassakonsentraatio	g/l	PrimaryInjection	67	58
e-hemoglobiini,keskimassa	pg	PrimaryInjection	54	44
s-follikkeliastimuloivahormoni(ko)	u/l	Source	27	25
p-kalsium,plasma(ko)	mmol/l	Source	38	35
u-ni	form	Source	57	54
fp-glukr2h	mmol/l	Source	50	46
bilirubiinikonjugaatit	umol/l	Source	33	24
pika-ghb-a	mmol/mol	Source	24	16
album	%	Source	20	19
globul	%	Source	20	19
s-ecp	mg/l	Source	11	11
p-troponiini-t	ng/l	Source	13	11
p-natriureettinenpeptidi,b-tyypinterminaalinenpropeptidi	ng/l	Source	76	63
oma-crp	mmol/l	PrimaryInjection	15	15
bm-estf-vr	e6/l	PrimaryInjection	22	11
s-psa-t	ug/l	PrimaryInjection	15	7
li-spektri	form	Source	32	32
pt-gluk0h	mmol/l	Source	53	48
pt-gluk2h	mmol/l	Source	53	48
p-psa-suh	ug/l	Source	253	133
crp(vo.hoitaja)	mg/l	Source	134	91
s-aripipratsoli	nmol/l	Source	11	9
b-pdc	%leuk	Source	38	32
b-mdc	%leuk	Source	38	32
s-eosinofiilistengranulos.kationinenproteiini	ug/l	Source	12	9
p-sytomegalovirus,nukleiinihappo(kvant)	iu/ml	Source	29	8
b-lymfosyytit,auttajasolujenosuus	%	Source	51	24
b-lymfosyytit,t-stäjäsolujenosuus	%	Source	27	20
s-ferrit	ug/l	PrimaryInjection	36	32
p-plasmanneurofilamentti,kevytketju	ng/l	Source	15	13
s-nt-2	mm	Source	6	6
s-proteinaasi3,vasta-aineet	u/ml	Source	15	10
s-proteinaasi3,vasta-aineet	kiu/l	Source	22	16
immunoglobuliinie,suunnattuseulonta(pölyer)	u/ml	Source	17	16
s-endoaba	titre	Source	7	6
s-cdt	%	PrimaryInjection	38	36
b-fosfatidyylietanoli,verestä	umol/l	PrimaryInjection	20	17
s-ampiaisenmyrkky,rekombinantti(rvesv1phospholipasea1,i211),igeva	u/ml	Source	7	7
s-borrc6	li	Source	62	53
s-borrigg	u/ml	Source	58	52
p-na-vieri	mmol/l	Source	100	84
p-k-vieri	mmol/l	Source	99	84
s-ica-vieri	mmol/l	Source	74	64
ureavieri	mmol/	Source	44	41
u-ph	ph	PrimaryInjection	7	6
u-suhti	kg/l	PrimaryInjection	7	6
b-pvk+t	e12/l	Source	8	7
b-pvk+t	fl	Source	8	7
-frtuab	titre	Source	72	52
s-magnesium	mmol/l	Source	34	33
s-testo-vi	pmol/l	Source	30	24
s-valpr	%	Source	33	32
s-kolesteroli,triglyseridit	mmol/l	Source	41	37
s-kolesteroli,eipaastoa	mmol/l	Source	88	79
b-fosfatidyylietanoli,verestä,peth	umol/l	Source	37	26
s-chpnaba	eiu	PrimaryInjection	11	11
p-hcg,pika-hcg	u/l	Source	15	11
s-nse(pä)	ug/l	Source	11	7
p-sldlviitasaari	mmol/l	Source	100	98
p-kolviitasaari	mmol/l	Source	99	97
p-kol-hdlviitasaar	mmol/l	Source	99	97
fp-triglyviitasaari	mmol/l	Source	99	97
ustekinumabi,pitoisuus,seerumi	mg/l	Source	16	12
plasmantransferriinisaturaatio	%	Source	53	49
plasmangt(k)	u/l	Source	73	51
laskennallinenpunasoluindeksi/pvk	%	Source	41	33
laskennallinenpunasoluindeksi	%	Source	17	16
NA	iu/l	Source	28	26
fp-renin-p	mu/l	PrimaryInjection	14	14
s-appelse	u/ml	Source	82	79
b-gluk-vt	mmol/l	Source	62	49
bbi	form	Source	52	52
s-chlamydiapneumoniae,iggvasta-aineet	au/ml	Source	49	44
p-gt-pa	u/l	Source	12	12
fp-kalsium(pi)	mmol/l	Source	29	25
p-b12-vitamiini(pi)	pmol/l	Source	27	23
b-fosfatidyylietanoli,verestä(pi)	umol/l	Source	6	6
s-hepyabg	ru/ml	Source	38	37
-gluk-0	mmol/l	Source	8	8
-gluk-1h	mmol/l	Source	8	8
-gluk-2h	mmol/l	Source	8	8
li-leukmuu	%	Source	113	83
li-eos	%	Source	231	154
s-infliksimabi,pitoisuus	mg/l	Source	36	23
s-desialotransferriini,kontrollitutkimus	mg/l	Source	56	49
b-ghba1cp	%	PrimaryInjection	52	48
cb-happikyllästeisyys(hemoglobiini)	%	Source	21	15
s-perinukleaarinenneutrofiiliensytoplasmava	titre	Source	27	26
luustoisoentsyymi	u/l	Source	85	83
maksa-2-isoentsyymi	u/l	Source	79	77
s-salis	mmol/l	Source	56	12
s-chtrabg	au/ml	Source	20	19
p-vonwillebrand-tekijä,antigeeni(vuotot-paketti)	%	Source	6	6
bordetella,iga-vasta	iu/ml	Source	8	8
bordetellaigg-vasta-ai	iu/ml	Source	6	6
b-hb-poc	g/l	Source	25	16
s-rfeld1e	u/ml	Source	6	6
s-rcanf1e	u/ml	Source	8	8
s-feld4e	u/ml	Source	7	7
p-sc5b-9	ng/ml	Source	32	32
21563	%	Source	37	22
s-dmicroe	u/ml	Source	13	13
sitruuna	u/ml	Source	8	8
s-pölyerittely(phad),igevasta-aineet	u/ml	Source	25	24
s-hsv2abg	index	Source	44	42
-tilav.	ml	PrimaryInjection	25	24
ampicillin	u/ml	Source	71	69
s-kanalie	u/ml	Source	26	25
trombiiniaika,plasma	s	Source	85	83
s-aldolaasi	u/l	Source	38	35
s-asetyylikoliinireseptori,vasta-aineet	nmol/l	Source	10	8
emäsylimäärä,venaverestä,osatutk.	mmol/l	Source	31	21
aktuaalibikarbonaatti,venaverestä,osatutk.	mmol/l	Source	62	30
hemoglobiini,venaverestä,osatutk	g/l	Source	62	30
kalsium,ionisoitunut,ph7.4-korjattu,venaverestä,osatutk	mmol/l	Source	62	30
kalsium,ionisoitunut,venaverestä,osatutk	mmol/l	Source	62	30
d-dimeeri	mg/l	Source	13	13
fp-aspartaattiaminotransferaasi	u/l	Source	13	12
fp-uraatti	umol/l	Source	27	25
b-tni-vt	ng/l	Source	59	49
s-tyreotropiinipakettiin	mu/l	Source	10	9
s-tyroksiini,vapaapakettiin	pmol/l	Source	7	6
s-m-komponentti-1(valetietues-prot-fr)	g/l	Source	135	68
u-iglcl	g/l	Source	71	66
du-immunoglobuliini,kevyetketjut,lambda	g	Source	6	6
immunoglobuliini,kevyetketjut,lambda,virtsa	g	Source	8	6
li-leukosyytit,likvor	e6/l	Source	49	41
s-b12-tc2	pmol/l	PrimaryInjection	53	48
s-gq1babg	index	Source	22	22
s-gq1babm	index	Source	20	20
b-hemoglobiini,vieritutkimus	g/l	Source	52	44
b-hba1c-e	mmol/mol	Source	85	61
1histamii	mm	Source	7	7
3koivu	mm	Source	7	7
4timotei	mm	Source	7	7
5pujo	mm	Source	7	7
fp-lipoa1	g/l	Source	10	8
fp-lipob	g/l	Source	11	9
u-kalium	mmol/l	Source	51	51
no-ex	form	Source	15	13
s-mpoabg	u/ml	Source	16	16
p-natriureettinenpeptidi,b-tyypinn-terminaalinenpropeptidi	ng/l	Source	19	18
keliakia,immunoglobuliinia	g/l	Source	8	8
s-tyglab	iu/ml	PrimaryInjection	32	29
fp-kolesteroli,highdensitylipoproteiinit(ko)	mmol/l	Source	15	15
fp-glukoosi,0-näyte	mmol/l	Source	50	49
fp-glukoosi,120-näyte	mmol/l	Source	24	23
fs-pcb	form	Source	12	10
s-phombee	u/ml	Source	22	22
s-infacf	titre	PrimaryInjection	6	6
s-infbcf	titre	PrimaryInjection	7	7
s-rsvcf	titre	PrimaryInjection	7	7
s-pincf	titre	PrimaryInjection	8	8
li-leukosyytit,liuskatumaiset	%	Source	31	21
li-leukosyytit,yksitumaiset	%	Source	31	21
kromograniinia,plasmasta,paastotilassa␤	nmol/l	Source	77	34
s-gq1babg	index	PrimaryInjection	17	16
s-gq1babm	index	PrimaryInjection	18	17
p-inr	ng	Source	382	38
cb-hco3-st	mmol/l	PrimaryInjection	9	9
maksa-1-ls	u/l	Source	22	18
maksa-2-ls	u/l	Source	22	18
luusto-ls	u/l	Source	24	20
s-golimab	au/ml	Source	24	22
li-liuskat	%	Source	12	12
leuk	u/field	Source	9	8
alfalakalb	u/ml	Source	9	9
beetalakgl	u/ml	Source	9	9
hcgbv	ug/l	Source	9	8
s-lehmäke	u/ml	Source	6	6
p-aspartaattiaminotransferaasi	u/l	PrimaryInjection	25	17
pf-makro	%	Source	29	16
pf-meso	%	Source	29	16
s-aspergillusfumigatus,igevasta-aineet	u/ml	Source	62	58
p-c3	g/l	PrimaryInjection	23	23
p-c4	g/l	PrimaryInjection	11	11
s-gdomese	u/ml	Source	34	34
hasselpähk	u/ml	Source	11	10
maapähkinä	u/ml	Source	24	21
p-homokysteiini,homokys	umol/l	Source	14	10
s-borreliaburgdorferi,igmvasta-aineet,varmistus	au/ml	Source	18	17
cp-beeta-hydroksibutyraatti,vieritestihoitoy:ssä	mmol/l	Source	10	10
s-desialotransferriini,-osuus	%	Source	87	74
u-immunoglobuliini,kevyetketjut,kappa	mg/l	Source	12	12
b-retik	%	Source	42	31
s-metmal	form	Source	39	30
s-pr3abg	iu/ml	Source	54	23
s-pr3abgk	iu/ml	Source	18	15
p-c1qabg	u/ml	Source	85	43
s-dengabg	titre	PrimaryInjection	7	6
nollanäyte	mmol/l	Source	24	23
2tunninjälkeen	mmol/l	Source	23	22
-calpro	ug/g	Source	37	34
b-crp,pikatesti,veri	mg/l	Source	66	59
insuliini	mu/l	Source	39	26
s-hydroksi-indolyyliasetaatti(5-)	nmol/l	Source	71	37
du-aldos	ug/24h	Source	12	12
s-crp	mg/l	PrimaryInjection	41	27
gfr-e-epi	ml/min/173m2	Source	15	13
hct(hkr)-v	%pcv	Source	20	20
s-ica-vier	mmol/l	Source	24	23
s-apim10e	u/ml	Source	84	81
b-erytrosyytit,tilavuusosuus,vieritutkimus	%	Source	29	23
p-glukoosi,potilas	mmol/l	Source	14	14
s-igg,oligoklonaalinen	g/l	Source	42	40
li-immunoglobuliinig	mg/l	Source	8	8
pt-glom.filt.arviointi	ml/min/173m2	Source	9	9
s-proteiini(s-prot-frvaletietue)	g/l	Source	82	60
s-albumiini(valetietues-prot-fr)	g/l	Source	82	60
s-alfa1-globuliini(valetietues-prot-fr)	g/l	Source	82	60
s-alfa2-globuliini(valetietues-prot-fr)	g/l	Source	82	60
s-beta1-globuliini(valetietues-prot-fr)	g/l	Source	82	60
s-beta2-globuliini(valetietues-prot-fr)	g/l	Source	82	60
s-gamma-globuliini(valetietues-prot-fr)	g/l	Source	82	60
s-m-komponentti-2(valetietues-prot-fr)	g/l	Source	82	60
b-crp-tth	mg/l	Source	61	34
s-d-vitamiini-25-oh=kolekalsidioli	nmol/l	Source	28	27
immunoglobuliinie	u/ml	Source	18	14
pf-ly+mo	%	Source	25	19
sitraatti,vuorokausivirtsa	mg/24h	Source	16	11
b-sauv	%	Source	14	11
b-lius	%	Source	16	12
b-mon	%	Source	25	21
b-blast	%	Source	14	11
b-prom	%	Source	14	11
b-myel	%	Source	14	11
b-meta	%	Source	14	11
as-lymf	%	Source	67	44
hepatiittie-virus,igg	index	Source	49	48
s-p-ancab	titre	Source	31	29
11089	u/ml	Source	8	8
s-d-25	nmol/l	PrimaryInjection	18	17
li-polymorfonukleaarisetvalkosolut	%	Source	38	29
li-mononukleaarisetvalkosolut	%	Source	38	29
li-borrelia,vasta-aineetigmvarmistustutkimus	au/ml	Source	10	9
b-hepartp	au/l	Source	28	26
p-gfr-kre	ml/min/173m2	Source	23	23
s-yerp3ab	titre	Source	34	33
s-gangabg	%	Source	47	40
s-gq1bab	index	Source	7	7
tromboplastiiniaika,akt,part.	s	Source	26	14
p-interleukiini-2:nreseptori,liukoinen	u/ml	Source	41	31
bor-it-abg	index	Source	31	27
u-pbg	umol/mmol	Source	6	6
p-ohbut	mmol/l	Source	56	38
s-iglcl-v2	mg/l	Source	8	8
s-iglck-v2	mg/l	Source	8	8
s-k/l-s-v2	ratio	Source	8	8
p-hepyabg	eiu	PrimaryInjection	12	11
fp-pepsin2	ug/l	Source	22	18
b-lymfosyytit,t-auttajasolujenosuus	%	Source	61	41
b-lymfosyytit,t-auttajasolujenmäärä	e9/l	Source	56	38
plasmasta,bilirubiini(vastasyntyneistä)	umol/l	Source	26	20
s-koivunsiitepöly,igevasta-aineet,rast,allergia	u/ml	Source	23	15
-albumiini,virtsa,elektroforeesifraktio()	%	Source	24	24
-globuliini,virtsa,elektroforeesifraktio()	%	Source	24	24
p-antifxa	u/ml	PrimaryInjection	34	13
p-pp	pmol/l	Source	84	37
s-koriongonadotropiini,b-alayksikkö,vapaa	ug/l	Source	20	20
ua-hiilidioksidiosapaine,napavaltimo	kpa	Source	32	31
ua-happiosapaine,napavaltimo	kpa	Source	30	29
ua-standardibikarbonaatti,napavaltimo	mmol/l	Source	31	30
ua-happikyllästeisyys(hemoglobiini),napavaltimo	%	Source	31	30
uv-hiilidioksidiosapaine,napalaskimo	kpa	Source	32	32
uv-happiosapaine,napalaskimo	kpa	Source	32	32
uv-standardibikarbonaatti,napalaskimo	mmol/l	Source	32	32
uv-happikyllästeisyys(hemoglobiini),napalaskimo	%	Source	32	32
b-sezary	%lumfosuuteist	Source	49	29
s-adalimumabipitoisuusmääritys	âug/ml	Source	15	14
oma-b-fid	mg/l	Source	15	15
blastit,käsidiffi(),osatutk.b-diffi	%	Source	54	28
myelosyytit,käsidiffi(),osatutk.b-diffi	%	Source	54	28
promyelosyytit,käsidiffi(),osatutk.b-diffi	%	Source	54	28
metamyelosyytit,käsidiffi(),osatutk.b-diffi	%	Source	54	28
eosinofiilit,käsidiffi(),osatutk.b-diffi	%	Source	54	28
basofiilit,käsidiffi(),osatutk.b-diffi	%	Source	54	28
monosyytit,käsidiffi(),osatutk.b-diffi	%	Source	54	28
lymfosyytit,käsidiffi(),osatutk.b-diffi	%	Source	54	28
neutrofiilit,käsidiffi(),osatutk.b-diffi	%	Source	54	28
du-noradr	umol	Source	14	14
du-5hiaa	umol/l	Source	25	24
11362	mg/l	Source	21	18
leukosyytit(leuk)	e9/l	Source	31	29
magnesium(mg)	mmol/l	Source	9	9
c-reaktiivinenproteiini(4594p-crp)	mg/l	Source	143	117
p-lakthoi	mmol/l	Source	31	31
b-hkrhoi	osuus	Source	18	18
-pekaanipähkinä	u/ml	Source	8	8
-pistaasi(manteli)	u/ml	Source	12	12
p2y12-reseptoriestonseuranta(vasp),veri	%	Source	19	19
s-kalsium,ionisoitunut,aktuaalisessaph:ssa	mmol/l	Source	38	36
perusverenkuvajatrombosyytit(pvk)	paketti	Source	7	7
p-tyreotropiini	mu/l	PrimaryInjection	14	11
m-komponentti-1,seerumi,elektroforeesifraktio(g/l),osatutk.2522,irrall.	g/l	Source	30	6
s-heinryh	u/ml	Source	36	33
p-inr-poc	inr	Source	11	7
s-chlamydiapneumoniae,iggvasta-aineet	u/ml	Source	10	9
s-chlamydiapneumoniae,igavasta-aineet	u/ml	Source	11	10
p-vonwillebrandtekijä,aktiivisuus(gpibsitout)	%	Source	15	14
s-parpäh	u/ml	Source	67	66
saksanpähkinä(ruoka-aine),igevasta-aineet	u/ml	Source	33	32
s-cashewpähkinä(f202),igevasta-aineet	u/ml	Source	34	33
tb1antigen-putki	iu/ml	Source	23	20
tb2antigen-putki	iu/ml	Source	21	18
14804	g/l	Source	22	22
pd-leuk	e6/l	PrimaryInjection	746	91
u-iglck	g/l	Source	54	50
-kol	mmol/l	Source	17	17
b-crppika	mg/l	Source	17	15
vb-o2sat2	%	Source	46	46
ab-o2sat1	%	Source	48	48
vb-o2sat1	%	Source	46	46
s-dmriskiluku	%	Source	21	20
s-igf1	nmol/l	PrimaryInjection	8	6
6427s-triglyosatutk.	mmol/l	Source	7	6
6428s-kolosatutk.	mmol/l	Source	7	6
6430s-kol-hdlosatutk.	mmol/l	Source	7	6
6432s-kol-ldlosatutk.	mmol/l	Source	7	6
p-urea,ennendialyysiä	mmol/l	Source	139	29
p-urea,10mindialyysinjälkeen	mmol/l	Source	136	29
c-pepta	nmol/l	Source	13	10
s-yersaba	ratio	Source	21	17
fs-reumafaktori,määritys	iu/ml	Source	12	12
c-peptidi,proinsuliini	nmol/l	Source	8	6
s-asca-aba	u/ml	Source	9	7
s-asca-abg	u/ml	Source	8	7
u-al	umol/l	Source	78	63
glukoosi-koe,0h	mmol/l	Source	11	9
glukoosi-koe,2h	mmol/l	Source	11	9
e-rdw(9057e-rdw),osatutkimus	%	Source	7	7
fp-gastr17	pmol/l	Source	24	23
s-inhiblns	ng/l	Source	12	6
3045	mmol/l	Source	19	18
b-trom	dalmed	Source	19	16
fs-tryps	ug/l	Source	25	22
11332	ng/l	Source	30	19
pt-krea-cl	ml/min/173m2	Source	28	24
s-sitrulliinipeptidi,vast-aineet	u/ml	Source	29	29
s-rapim5e	u/ml	Source	15	15
b-hba1c/pika	mmol/mol	PrimaryInjection	28	25
etanoli,plasmasta	promille	Source	36	22
u-mapga	mmol/l	Source	24	12
s-hs-c-reaktiivinenproteiini	mg/l	Source	34	31
leukosyytit,verestä,pikatesti	e9/l	Source	27	25
erytrosyytit,verestä,pikatesti	e12/l	Source	27	25
b-hemoglobiini,pikatesti	g/l	Source	27	25
b-erytrosyytit,tilavuusosuus,pikatesti	osuus	Source	27	25
e-eryrtosyytit,keskitilavuus,pikatesti	fl	Source	27	25
e-hemoglobiini,keskimassa,pikatesti	pg	Source	27	25
trombosyytit,verestä,pikatesti	e9/l	Source	27	25
smycoplasmapneumoniae,abgvasta-aineet	eiu	Source	23	20
s-tbeabg	vieu/ml	Source	15	14
alaniiniaminotransferaas	u/l	Source	11	10
vt-hbsab	iu/l	Source	127	108
s-afmaksa	%	Source	89	82
s-afluu	%	Source	87	80
s-afsuoli	%	Source	49	46
s-amyltot	u/l	Source	11	10
reumafaktori,seerumista,paastotilassa␤␤	iu/ml	Source	80	70
s-mx2ryh	u/ml	Source	42	42
s-mx4ryh	u/ml	Source	20	20
pax5	u/ml	Source	9	9
s-sumklop	nmol/l	Source	10	6
s-yersaba	responseequivalent	Source	36	32
s-acrkilg	mg/l	Source	35	35
s-statrag	mg/l	Source	22	22
p-vwf-ak	%	Source	8	8
helicobacterpylori,igavasta-aineet,osatutk.3950	u/ml	Source	13	13
helicobacterpylori,iggvasta-aineet,osatutk.3950	u/ml	Source	13	13
lipaasi,plasmasta,paastotilassa	u/l	Source	9	9
s-heinäry	u/ml	Source	16	16
s-yerp1ab	titre	PrimaryInjection	27	27
s-yerp3ab	titre	PrimaryInjection	39	37
s-lepänsiitepöly,igevasta-aineet	u/ml	Source	15	15
tilavuus(virtsankevytketjut)	ml	Source	41	26
pt-gluk-r2	mmol/l	Source	21	21
p-koriongonadotropiini,totaali	iu/l	Source	95	52
u-kreahu	mmol/l	Source	9	6
e-retik-k	%	Source	47	45
b-rchr	pg	Source	47	45
sy-neutrofiilit	%	Source	8	8
u-protkre	mg/mmol	Source	121	20
natrium,pikatesti	mmol/l	Source	16	16
amyloidibeeta-40-proteiinintutkimus,osatutkimus	ng/l	Source	12	12
fosfo-tauproteiini,likvorista	ng/l	Source	11	11
tau-proteiini,likvorista	ng/l	Source	11	11
amyloidibeeta-42-proteiinin,likvorista	ng/l	Source	11	11
bu-gran	%	Source	15	15
bu-lymf	%	Source	15	15
bu-muutsol	%	Source	27	26
s-aqp4ab	titre	Source	20	16
p-tradp	%	Source	13	12
p-traa	%	Source	13	12
p-trristo	%	Source	12	11
p-trtrap	%	Source	10	9
p-trkoll	%	Source	8	7
p-probnp(pi)	ng/l	Source	14	13
antifactorix-aktiivisuus(hepariininestovaikutus->fxa),plasmasta␤	iu/ml	Source	48	27
kreatiniininpoistumavirtsaan,toimintakoe␤	ml/s/173	Source	17	15
s-dhea	nmol/l	PrimaryInjection	31	31
du-proteiini	g	Source	21	18
p-aboabag	titre	Source	187	19
p-aboabbg	titre	Source	81	29
s-c1inhbk	%	PrimaryInjection	20	20
reumafaktori(rf)	iu/ml	Source	16	16
s-insuliininkaltainenkasvutekijä(igf-1)	nmol/l	Source	32	27
u-co	form	Source	15	14
s-myplabg	eiu	Source	40	38
p-hepyabg	eiu	Source	24	24
s-amiod	umol/l	Source	31	27
s-desialotransferriin	%	Source	42	36
fp-kalsium	mmol/l	Source	26	23
du-dopam	umol/24h	Source	10	10
sy-muut	%	Source	18	15
p-lipo(a)	mg/l	Source	6	6
b-hemoglobiini-a1c,verestä	mmol/mol	Source	84	59
s-pelsiee	u/ml	Source	17	17
s-aukusie	u/ml	Source	21	21
prostataspesifinenantigeeni,osuus	%	Source	108	57
ab-be	ml	Source	33	19
s-ld1	%	Source	17	16
s-ld5	%	Source	17	16
s-ld2	%	Source	17	16
s-ld3	%	Source	17	16
s-ld4	%	Source	17	16
s-seesame	u/ml	Source	24	24
s-ia-2ab	ru	Source	14	14
s-allige,munanvalkuainen/äggvita	u/ml	Source	6	6
s-allige,vehnä(jauho)/vete(mjöl)	u/ml	Source	13	11
s-allige,soijapapu/sojaböna	u/ml	Source	7	7
s-allige,rarah8pr-10(f352,rekombinantti,ma	u/ml	Source	6	6
s-allige,kala(turska)/fisk(torsk)	u/ml	Source	11	10
s-heliabg	u/ml	Source	24	20
s-lupsiee	u/ml	Source	10	9
punasolujenkokojaukauma	%	Source	26	26
b-neutrofiilit,diffinosatutkimus	e9/l	Source	16	16
s-kalsium,ionisoitunut,ph7.4-korjattu␤	mmol/l	Source	22	18
s-kalsium,ionisoitunut,aktuaali␤	mmol/l	Source	22	18
p-psa-suh	ratio	Source	8	8
urea	mmol/l	Source	10	8
s-aurkuke	u/ml	Source	9	9
s-pähkier	u/ml	Source	83	82
s-päh22er	u/ml	Source	41	41
arseeni,epäorgaaninen	nmol/l	Source	46	28
alkalinenfosfataasi(afos-isvaletietue)	u/l	Source	22	21
li-tauproteiini,likvor	ng/l	Source	13	13
li-beeta-amyloidi42proteiini,likvor	ng/l	Source	12	12
s-ica	jdfu	Source	57	56
p-troponiinit(kval)	ng/l	Source	42	32
s-kudostransglutaminaasi,iga-vasta-aineet	u/ml	Source	36	35
s-proteiinifraktioidenm-komponentti1	g/l	Source	108	8
fb-b1-vitamiini	ug/l	Source	35	31
p-vwf-fl	%	Source	13	6
hyytymistekijäviii,rekombina	%	Source	33	17
vonwillebrand-tekijä,aktiivi	%	Source	24	12
s-infliksimabi,seerumista	mg/l	Source	41	16
du-fosfaatti,epäorgaaninen	mmol	Source	6	6
s-t4-vd	pmol/l	Source	46	38
venlafaksiini	nmol/l	Source	7	7
s-amh	ug/l	PrimaryInjection	90	86
reumafaktori,plasmasta	iu/ml	Source	26	25
s-inkiväe	u/ml	Source	25	24
s-ractd8e	u/ml	Source	16	16
s-kala2er	u/ml	Source	33	33
b-p2y12	%	Source	54	53
glomerulussuodatuksennopeus	ml/min/173m2	PrimaryInjection	13	8
s-amisul	ug/l	Source	16	7
p-glukoosi,laboratorio,poc	mmol/l	Source	32	27
s-damm-gr	u/ml	Source	38	35
la-leuk	e9/l	PrimaryInjection	8	8
pt-iho-r1	mm	Source	115	38
cb-hba1chy	mmol/mol	Source	51	35
cp-ohbuthy	mmol/l	Source	28	26
fs-urea	mmol/l	PrimaryInjection	39	37
u-baktvi	e6	PrimaryInjection	45	28
s-herpessimplexvirus,iggvasta-aineet	eiu	Source	6	6
-gluk	mmol/l	Source	34	33
suolis-ls	u/l	Source	16	12
-aspeag	index	Source	25	22
b-siklosporiinia,massaspektrometrinen	âug/l	Source	33	17
s-gangabg	%	PrimaryInjection	19	19
s-gangabm	%	PrimaryInjection	19	19
bm-kromos	form	Source	30	28
s-hamsepe	u/ml	Source	24	22
s-insuliininkaltainenkasvutekijä(igf-1),somme	nmol/l	Source	28	14
s-ccpab	u/ml	PrimaryInjection	9	8
li-borrelia,iggvasta-aineet	au/ml	Source	6	6
s-albumiini(paketti)	g/l	Source	18	16
s-kalsium(paketti)	mmol/l	Source	18	16
p-kalsium,albumiinikorjattukalsium	mmol/l	Source	7	7
s-ph	ph	Source	28	20
s-salmab	index	Source	12	12
s-crp	form	Source	43	24
u-natriumvm.	ml	Source	8	8
oksalaatti,vrk-virtsa	umol/24h	Source	6	6
immunoglobuliinig,indeksi,selkäydinneste	index	Source	7	7
immunoglobuliinig,selkäydinneste	mg/l	Source	12	11
s-gangabg	index	PrimaryInjection	18	17
s-gangabm	index	PrimaryInjection	19	17
s-sm-ab	u/ml	Source	8	8
p-tntpika	ng/l	Source	53	43
p-fiddhoi	mg/l	Source	17	17
s-parvovirus,iggvasta-aineet	iu/ml	Source	12	10
allergeeni,timotei(siitepöly)/timotej(pollen)g6	u/ml	Source	14	14
allergeeni,pujo(siitepöly)/gråbo(pollen)w6	u/ml	Source	12	12
allergeeni,koivu(siitepöly)/björk(pollen)	u/ml	Source	14	14
allergeeni,koira(hilse)/hund(mjäll)e5	u/ml	Source	19	17
allergeeni,dermatophagoidespteronyssinus(pölypunkki/husdammskvalster)d1	u/ml	Source	14	14
allergeeni,aspergillusversicolor(home/mögel)rm215	u/ml	Source	7	7
allergeeni,cladosporiumcladosporioides(home/mögel)rm216	u/ml	Source	7	7
allergeeni,pencilliumspp.(home/mögel)rm217	u/ml	Source	7	7
allergeeni,stachybotrysatra(home/mögel)rm214	u/ml	Source	7	7
allergeeni,trichodermaviride(home/mögel)m15	u/ml	Source	7	7
allergeeni,cladosporiumherbarum(home/mögel)m2	u/ml	Source	15	14
allergeeni,kissa(hilse)/katt(mjäll)e1	u/ml	Source	18	16
allergeeni,hevonen(hilse)/häst(mjäll)e3	u/ml	Source	18	16
s-ribonukleoproteiini,nukleaarinen,vasta-aineet	u/ml	Source	54	42
s-sjögreninsyndroomaa,(ro)-vasta-aineet	u/ml	Source	15	14
s-hsv1abg	responseequivalent	Source	38	37
s-hsv2abg	responseequivalent	Source	16	16
u-sakkaa	estimate	Source	19	18
s-kolestroli,highdensitylipoproteiinit	mmol/l	Source	47	42
s-kolestroli,lowdensitylipoproteiinit	mmol/l	Source	47	42
p.-trombiiniaika	s	Source	15	15
-crppika	mg/l	Source	239	88
c-reaktiivinenproteiini,pikatestioma	1	Source	44	29
13191	%	Source	78	47
se-pmn	%	Source	79	48
11630	u/ml	Source	13	13
20046	u/ml	Source	15	15
s-salmabm	titre	Source	34	32
kortisoli,vapaa,vuorokausivirtsa	nmol/l	Source	29	19
testosteroni,vapaa,las	pmol/l	Source	15	11
smkomp-1	g/l	Source	33	29
s-psolab	u/ml	Source	42	39
p-amyl.	u/l	Source	60	54
s-ebv-abg	eiu	Source	8	7
s-cmv-abg	eiu	Source	15	14
s-dermatophagoidespteronyssinus,igevasta-aineet,kotipölypunkki,rast,allergia	u/ml	Source	14	9
p-pre-urea	mmol/l	Source	338	35
post-urea	mmol/l	Source	259	31
e-hemoglobiini,keskimassakonsentraatio,pikatesti	g/l	Source	7	6
proteiinis,plasmasta␤	%	Source	6	6
ruokaryhmä(fx5),igevasta-aineet	u/ml	Source	7	7
sshbg	nmol/l	Source	34	23
p-psa-suhd	%	Source	15	13
kolesteroli,highdensitylipoproteiinit	mmol/l	PrimaryInjection	49	43
naudanliha	u/ml	Source	13	13
p-inr-pik	inr	Source	8	7
s-tshrab	iu/ml	Source	16	16
0mkors	nmol/l	Source	24	22
30mkors	nmol/l	Source	20	19
60mkors	nmol/l	Source	9	9
nu-gluk	mmol/12h	Source	17	16
li-b2miglo	mg/l	Source	78	67
b-monosyytti	e9/l	Source	73	30
b-basofiili	e9/l	Source	73	30
b-monosyytti	%	Source	73	30
b-eosinofiili	%	Source	73	30
p-natriureettinenpeptidi,b-tyypinn-terminaalinenpropeptidivieritutkimus	ng/l	Source	6	6
s-tosilit	mg/l	Source	18	13
li-glukoosi	mmol/l	Source	80	76
li-proteiini	mg/l	Source	82	77
probnp	ng/l	Source	25	9
osmolaliteetti,seerumista	mosm/kgh2o	Source	16	10
p-fidd-hoi	mg/l	Source	8	8
ts-laktaas	u/gprot	Source	38	37
ts-sakraas	u/gprot	Source	38	37
ts-maltaas	u/gprot	Source	38	37
s-sindabg	titre	Source	44	37
s-rocuroe	u/ml	Source	9	9
s-kalsium,albumiinikorjattu	mmol/l	Source	38	36
s-mypnabm	form	Source	16	13
s-hcg-b-alayksikkö/down-seula	ug/l	Source	6	6
s-afp,down-seula	u/ml	Source	6	6
tromboplastiiniaika,inr-tulostus,vieritutkimus	inr	Source	19	15
s-ceakaj	ug/l	Source	15	13
p-kardiolipiini,iggvasta-aineet,plasmasta	u/ml	Source	56	52
p-komplementtic1q,vasta-aineet	u/ml	Source	6	6
0-näyte	mmol/l	Source	18	17
2h	mmol/l	Source	17	16
reumafaktori,määritys,seerumista	kiu/l	Source	99	94
s-valproa	umol/l	Source	30	6
vb-vekaas5,cl-	mmol/l	Source	72	43
vb-vekaas5,ctc02	mmol/l	Source	73	43
vb-vekaas5,agapk	mmol/l	Source	72	43
vb-vekaas5,hct	l/l	Source	73	43
vb-vekaas5,chgb	g/l	Source	73	43
vb-vekaas5,glu	mmol/l	Source	72	43
vb-vekaas5,lac	mmol/l	Source	72	43
vb-vekaas5,crea	umol/l	Source	70	42
vb-vekaas5,pco2	kpa	Source	75	44
vb-vekaas5,po2	kpa	Source	75	44
vb-vekaas5,chco3	mmol/l	Source	75	44
vb-vekaas5,be(ecf)	mmol/l	Source	74	44
vb-vekaas5,cso2	%	Source	74	44
vb-vekaas5,na+	mmol/l	Source	74	44
vb-vekaas5,k+	mmol/l	Source	74	44
vb-vekaas5,ca++	mmol/l	Source	74	44
b-cd4sup	ng/ml	Source	43	23
s-viseabg	au/ml	Source	47	42
p-egfr-d	form	Source	6	6
s-kaakaoe	u/ml	Source	39	38
u-gluk	form	Source	17	16
trop-t	ng/l	Source	53	38
e-mchc	%	Source	8	8
s-anti-myllerhormoni	ug/l	Source	30	27
s-hslck-v	mg/l	Source	11	11
li-iglck-v	mg/l	Source	14	14
p-troponiinit:nosoituskoe	ng/l	Source	50	45
takrolimuusi,massaspektrometrinen	ug/l	Source	221	23
ab-he-tase,ab-pco2	kpa	Source	16	13
ab-he-tase,ab-po2	kpa	Source	16	13
ab-he-tase,ab-hco3	mmol/l	Source	16	13
ab-he-tase,ab-so2	%	Source	9	8
ab-he-tase,ab-na	mmol/l	Source	9	8
ab-he-tase,ab-k	mmol/l	Source	9	8
li-laktaatti	mmol/l	Source	16	16
s-epstein-barr-virus,iggva,immuniteet	u/ml	Source	12	11
beta-ketoaine	g/l	Source	8	8
s-leihiie	u/ml	Source	13	13
p-hb	g/l	Source	34	22
s-hsvcf	titre	Source	14	14
s-bor-abg	u/ml	Source	25	19
s-mycoplasmapneumoniae,igg-vasta-aineet␤	eiu	Source	20	17
s-mycoplasmapneumoniae,igm-vasta-aineet	s/co	Source	14	13
s-mypnabm	index	PrimaryInjection	27	27
ab-emäsylimäärä␤	mmol/l	Source	13	10
ap-standardibikarbonaatti␤	mmol/l	Source	25	20
t-auttajasolujenosuus(määritettynäcd3+cd4+soluista)	%	Source	74	36
t-estäjäsolujenosuus(määritettynäcd3+cd8+soluista)	%	Source	74	36
nk-solujenosuus(määritettynäcd3-/cd16+/cd56+soluista)	%	Source	74	36
nk-solut(cd3-/cd16+/cd56+)	e6/l	Source	74	36
5409	mmol/l	Source	39	29
s-ebstein-barriggvasta-aineet	u/ml	Source	8	8
l-eos-m␤	%	Source	46	17
l-baso-m␤	%	Source	46	17
l-lymf-m␤	%	Source	45	16
u-albumiininjakreatin	mg/mmol	Source	12	12
antitrombiiniiii,plasmasta	%	Source	14	14
p-lupusantikoagulantti,aptt	ratio	Source	13	11
p-lupusantikoagulantti,dptt	ratio	Source	13	11
p-c1-esteraasininhibiittori	g/l	Source	7	7
li-mypnabg	eiu	Source	32	32
s-norbupr	ug/l	Source	38	18
vb-krea-hy	umol/l	Source	17	16
pölysekoitus	u/ml	Source	12	12
u-zn	umol/l	Source	7	6
li-tpha	titre	Source	11	10
p-at3	form	Source	18	17
p-pc	form	Source	12	11
l-neutrofiilit(konediffi)	%	Source	26	21
l-lymfosyytit(konediffi)	%	Source	26	21
l-monosyytit(konediffi)	%	Source	26	21
s-rnapol3	u/ml	Source	26	26
fa-c26:0	umol/l	Source	8	8
p-fidd-o	form	Source	49	46
esik	form	Source	10	10
plasmanfibriinind-dimeerit,osoitus	mg/l	Source	11	10
s-tpo-ab	u/ml	Source	12	11
p-hyytymistekijäxiii(huslab)	%	Source	6	6
p-tromboplastiiniaika,aktivoitu,partiaalinen(huslab)	s	Source	8	8
p-fibrinogeeni(huslab)	g/l	Source	8	8
p-trombiiniaika(huslab)	s	Source	41	41
p-tromboplastiiniaika,thrombotest(huslab)	%	Source	40	40
14397	titre	Source	20	13
s-homesieniryhmä(mx1),igevasta-aineet	u/ml	Source	9	9
s-norbup	ng/ml	Source	15	10
s-bupre	ng/ml	Source	44	19
fp-glukoosi,paikallisanalytiikka,kuivakemia	mmol/l	Source	9	9
s-ovarab	titre	PrimaryInjection	14	12
s-itrakon	mg/l	Source	17	6
s-mykoplasmapneumoniae,igg-vasta-aineet	eiu	Source	7	6
s-aprikoe	u/ml	Source	12	12
p-alaniiniaminotransferaasi	u/l	PrimaryInjection	17	13
p-glutamyylitransferaasi	u/l	PrimaryInjection	11	10
plasmanc-reaktiivinenproteiiniosoitus	mg/l	PrimaryInjection	11	10
s-allige,kissa(hilse)/katt(mjäll)osa	u/ml	Source	23	23
s-pölyryhmä	u/ml	Source	77	77
b-fuus-mr	form	Source	26	26
oma,pvk+t	e9/l	Source	36	33
oma,pvk+t	e12/l	Source	36	33
oma,pvk+t	fl	Source	36	33
oma,pvk+t	g/l	Source	72	33
du-mta	umol	Source	47	37
p-at3/trt	%	Source	6	6
b-eryt	e12/	Source	18	14
s-pölyryhmä(phadiatop),igevasta-aineet	u/ml	Source	6	6
tnt(päiv.hoitaja)	ng/l	Source	7	7
cp-beeta-hydroksibutyraatti,vieritestilab:ssa	mmol/l	Source	22	19
b-gluk-pt	mmol/l	Source	53	49
tyroksiini,vapaa,vertailumenetelmä	pmol/l	Source	22	21
pf-ph	ph	Source	29	20
happamuusaste,pleuraneste	ph	Source	8	8
s-dehydroepiandrosteroni,sulfaatti	umol/l	Source	29	27
antitrombiini3,plasma	%	Source	33	28
proteiinic,plasma	%	Source	86	83
proteiinis,plasma	%	Source	12	12
s-kupari	umol/l	Source	9	9
s-venlafk	nmol/l	Source	10	7
dnaex	form	Source	31	29
am-dnamut	form	Source	20	17
0mgluk-r1/0m	mmol/l	Source	22	19
s-bordetellapertussis,igavasta-aineet	iu/ml	Source	22	21
tattari	u/ml	Source	6	6
järviruoko	u/ml	Source	7	7
kaura,ruok	u/ml	Source	21	20
seesam.sie	u/ml	Source	7	7
s-kaniepe	u/ml	Source	42	42
s-naudlie	u/ml	Source	20	18
s-sikalie	u/ml	Source	16	15
reniini,konsentraatio	mu/l	Source	22	21
s-helicobacterpylori,iga-vasta-aineet	u/ml	Source	8	8
as-laktaat	mmol/l	Source	13	12
verikaasuanalyysi+hbo2sat+hb+na+k+ca-ion+gluklaskimoveresrä,osavastausagapk	mmol/l	Source	22	10
verikaasuanalyysi+hbo2sat+hb+na+k+ca-ion+gluklaskimoveresrä,osavastausbe(ecf)	mmol/l	Source	25	12
verikaasuanalyysi+hbo2sat+hb+na+k+ca-ion+gluklaskimoveresrä,osavastausca++	mmol/l	Source	25	12
verikaasuanalyysi+hbo2sat+hb+na+k+ca-ion+gluklaskimoveresrä,osavastauschco3	mmol/l	Source	26	12
verikaasuanalyysi+hbo2sat+hb+na+k+ca-ion+gluklaskimoveresrä,osavastauschgb	g/l	Source	22	10
verikaasuanalyysi+hbo2sat+hb+na+k+ca-ion+gluklaskimoveresrä,osavastauscl-	mmol/l	Source	25	12
verikaasuanalyysi+hbo2sat+hb+na+k+ca-ion+gluklaskimoveresrä,osavastauscrea	umol/l	Source	25	12
verikaasuanalyysi+hbo2sat+hb+na+k+ca-ion+gluklaskimoveresrä,osavastauscso2	%	Source	25	12
verikaasuanalyysi+hbo2sat+hb+na+k+ca-ion+gluklaskimoveresrä,osavastausctc02	mmol/l	Source	22	10
verikaasuanalyysi+hbo2sat+hb+na+k+ca-ion+gluklaskimoveresrä,osavastausglu	mmol/l	Source	25	12
verikaasuanalyysi+hbo2sat+hb+na+k+ca-ion+gluklaskimoveresrä,osavastaushct	l/l	Source	22	10
verikaasuanalyysi+hbo2sat+hb+na+k+ca-ion+gluklaskimoveresrä,osavastausk+	mmol/l	Source	25	12
verikaasuanalyysi+hbo2sat+hb+na+k+ca-ion+gluklaskimoveresrä,osavastauslac	mmol/l	Source	25	12
verikaasuanalyysi+hbo2sat+hb+na+k+ca-ion+gluklaskimoveresrä,osavastausna+	mmol/l	Source	25	12
verikaasuanalyysi+hbo2sat+hb+na+k+ca-ion+gluklaskimoveresrä,osavastauspco2	kpa	Source	26	12
verikaasuanalyysi+hbo2sat+hb+na+k+ca-ion+gluklaskimoveresrä,osavastauspo2	kpa	Source	26	12
vb-hiilioksidiosapaine,vierilaitteella	kpa	Source	25	14
b-laktaatti,vieritutkimus	mmol/l	Source	28	14
vb-ca	mmol/l	Source	26	14
b-leukosyytit	1	Source	10	9
b-erytrosyytit	1	Source	10	9
vb-happamuusaste,vierilaitteella	1	Source	25	14
p-glukoosi,vieritutkimus	1	Source	29	15
u-albkre,osatutk4511	mg/mmol	Source	34	22
s-ancif	titre	Source	76	74
s-ana-ty	u/ml	Source	16	10
b-pvk+t	%	PrimaryInjection	55	43
u-kreaetg	mmol/l	Source	92	32
NA	u/ml	Source	47	26
s-ruis(ravintoaine),igevasta-aineet	u/ml	Source	9	9
s-ohra(ravintoaine),igevasta-aineet	u/ml	Source	8	8
hemoglobiini-a1c,entsymaattisellamenetelmällä	mmol/mol	Source	33	26
e-retikulosyytit,osatutk.	%	Source	19	17
bl-cd4/cd8	form	Source	42	41
pika-hba1c	mmol/mol	Source	38	25
reniini,konsentraatio,plasmasta	mu/l	Source	9	9
p-gluk-1	mmol/l	Source	42	29
s-afp-w	u/ml	Source	18	18
s-afpxmom	mom	Source	18	18
s-hcgbv-w	ug/l	Source	18	18
p-glukoosi,0-näyte	mmol/l	Source	21	19
di-eryt	e6/l	Source	54	11
happi	l/min	PrimaryInjection	6	6
s-sipulie	u/ml	Source	30	30
s-kardeme	u/ml	Source	9	7
nu-albumiini	ug/min	Source	6	6
s-testosteroni,herkkämenetelmä	nmol/l	Source	23	20
s-natriureettinenpeptidi,b-tyypinn-terminaalinenpropeptidi	ng/l	Source	17	14
pt-glukoosi,toimintakokeissa0m	mmol/l	Source	10	10
pt-glukoosi,toimintakokeissa2h	mmol/l	Source	10	10
oma-hb	g/l	PrimaryInjection	16	15
s-campabm	titre	PrimaryInjection	11	10
s-ruoat	u/ml	Source	124	123
s-w-h:i	titre	PrimaryInjection	28	27
s-w-h:g.m	titre	PrimaryInjection	13	13
p-tromboplastiiniaika,inr	inr	Source	45	25
du-uraat	umol	Source	64	54
s-chpnabg	au/ml	Source	29	22
s-chpnaba	au/ml	Source	9	8
s-gd1aabg	index	Source	20	20
s-agm1abg	index	Source	8	8
s-agm1abm	index	Source	8	8
s-cv19sab	u/ml	Source	15	13
p-crp	mg/ml	PrimaryInjection	11	11
s-stpn2	mg/l	Source	8	7
fibriinind-dimeerit,pikatesti(fidd-o)	mg/l	Source	42	40
p-ldl-kolesteroli,lipidit,eipaasto	mmol/l	Source	43	43
s-asetoni	mmol/l	Source	42	32
se-eryt	e6/l	Source	24	22
b-sirolim	ug/l	Source	455	47
sy-mononukleaarisetvalkosolutmikroskopoidut	%	Source	9	9
sy-polymorfonukleaarisetvalkosolutmikroskopoidut	%	Source	9	9
p-tau-proteiini,217-fosforyloitu	ng/l	PrimaryInjection	15	14
cp-keto	mmpl/l	Source	11	8
p-glukoosirasitus,0-näyte	mmol/l	Source	31	27
s-dengabg	titre	Source	35	33
pt-glukoosirasitus0-näytevb	mmol/l	Source	12	12
pt-glukoosirasitus2h-näytevb	mmol/l	Source	12	12
p-kreatiniini-vt	umol/l	Source	6	6
tyroideaperoksidaasiva(tpoab)	u/ml	Source	14	13
borreliaigm,varmistus,seerumista	au/ml	Source	81	64
borreliaigg,varmistus,seerumista	au/ml	Source	38	27
u-tilav	ml	Source	20	14
u-aika	t	Source	20	14
s-mycoplasmapneumoniaeigg,vasta-aineet	eiu	Source	31	29
kiivi	u/ml	Source	13	13
s-neurospesifinenenolaasi	ug/l	Source	16	13
s-iggoys	g/l	Source	8	8
s-pölyt	u/ml	PrimaryInjection	25	25
s-ruokae,ruoka-aineryhmäjakomponentit	u/ml	PrimaryInjection	12	12
b-hba1c	form	Source	16	14
s-progesteroni	nmol/l	Source	32	27
p-antifxa3	iu/ml	Source	53	15
c-reaktiivinenproteiini,plasmasta	mg/l	Source	35	19
p-natriureettinenpeptidi,b-tyypinn-termin.prop.	ng/l	Source	20	11
l-lymfo	%	Source	47	30
testosteroni,vapaa,laskettu,seerumista	pmol/l	Source	11	7
s-dfarine	u/ml	Source	50	50
b-gluk	mmol/l	PrimaryInjection	13	13
glykoitunuthemoglobiini	mmol/mol	Source	39	22
s-se	umol/l	Source	44	36
s-adrab	titre	Source	54	48
p-crp-v	mg/l	Source	33	32
s-b12	pmol/l	Source	46	43
s-br	mmol/l	Source	127	9
troponiini,pikatesti,veri	ng/l	Source	23	20
p-pepsin2	ug/l	Source	14	14
kopeptiini,seerumi	pmol/l	Source	11	6
nu-pbg	umol/l	Source	29	28
s-eläi1ry	u/ml	Source	25	25
u-osmolie	mosm/kgh2o	Source	8	8
b-vpenbat	%	Source	17	17
s-pölyeri	u/ml	Source	24	24
as-polymorfonukleaarisetvalkosolut	%	Source	41	28
as-mononukleaarisetvalkosolut	%	Source	41	28
-seerumi-askitesalbumiinigradientti	g/l	Source	7	6
s-echiab	od	Source	15	15
s-reumafaktori,määritys	iu/ml	Source	32	31
urea	mmol	Source	39	26
l-ba	%	Source	28	17
p-kalium	mmol/l	PrimaryInjection	6	6
p-krea-hoi	umol/l	Source	15	13
p-na-hoi	mmol/l	Source	15	13
p-k-hoi	mmol/l	Source	15	13
troponiini-t-pit.hoitoyksikkötekeevieritestilaitteella	ng/l	Source	7	6
he4proteiini,seerumista␤	pmol/l	Source	78	56
b-kalium,kokoveren	mmol/l	Source	7	7
b-magnesium,kokoveren	mmol/l	Source	9	9
b-fosfori,kokoveren	mmol/l	Source	7	7
b-seleenikokoveren	umol/l	Source	8	8
e-kupari	umol/l	Source	8	8
fp-myristiinihappo	%	Source	9	8
fp-stearidonihappo	%	Source	9	8
fp-eiikoseenihappo	%	Source	10	9
fp-eikosadieenihappo	%	Source	10	9
fp-dihomo-gamma-linoleenihappo	%	Source	10	9
fp-arakidonihappo	%	Source	10	9
fp-eikosapentaeenihappo	%	Source	10	9
fp-dokosapentaeenihappo	%	Source	10	9
fp-dokosaheksaeenihappo	%	Source	10	9
fp-omega3-rasvahappojenkokonaismäärä	%	Source	9	8
fp-omega6-rasvahappojenkokonaismäärä	%	Source	9	8
fp-palmitiinihappo	%	Source	9	8
fp-palmitoleiinihappo	%	Source	9	8
fp-steariinihappo	%	Source	9	8
fp-oleiinihappo	%	Source	9	8
fp-linoleenihappo	%	Source	9	8
fp-gamma-linoleenihappo	%	Source	9	8
fp-alfalinoleenihappo	%	Source	10	9
s-desialotransferriini	u/l	Source	17	16
kolesterolinjahdl-kolesterolinsuhde	%	Source	22	22
s-ruokaryhmä,erittelyjakomponentit,igevasta-aineet	u/ml	Source	9	9
s-vlseabg,borreliaburgdorferinvlse-proteiini,vasta-aineetigg	au/ml	Source	9	8
s-borrelia,igmvasta-aineet	responseequivalent/ml	Source	6	6
hepatiittib-virus,s-antigeeni,vasta-aineet	u/l	Source	6	6
s-varicellazostervirus,iggvasta-aineet	miu/ml	Source	21	21
s-staatrg	mg/l	Source	9	9
katkarapu	u/ml	Source	35	35
hummeri	u/ml	Source	6	6
s-t3vdi	pmol/l	Source	15	14
s-parvorokkovirus,iggvasta-aineet	iu/ml	Source	10	7
glomerulussuodosnopeus,estimoitu,ckd-epi-tutkimuksenkaava	form	Source	23	23
s-hepatiittibvirus,s-antigeeni,vasta-aineet	iu/l	Source	17	16
p-afos	u/l	PrimaryInjection	79	42
histamiini	mm	Source	16	13
(pikahb)	g/l	PrimaryInjection	11	11
(pikacrp)	mg/l	PrimaryInjection	17	15
s-bordetellapertussis,iggvasta-aineet	iu/ml	Source	32	30
s-mykoplasmapneumoniae,iggvasta-aineet	au/ml	Source	8	8
s-mykoplasmapneumoniae,igmvasta-aineet	index	Source	9	9
s-testosteroni,herkkä	nmol/l	Source	13	13
koll/adp	s	Source	76	69
koll/adr	s	Source	73	68
u-hcg	u/l	Source	15	15
s-pi	mmol/l	Source	80	58
cu-albumiini	ug/min	Source	32	27
p-kalsium,ionisoitunut,ph7.4korjattu	mmol/l	Source	33	29
p-antifaktorix-aktiivisuus	u/ml	Source	29	14
dehydroepiandrosteroni,sulfaatti	umol/l	Source	12	10
p-fibriinind-dimeerit,vieritutkimus	mg/l	Source	8	8
koivunsiiteply,igevasta-aineet	u/ml	Source	9	8
s-digoksiinipitoisuus	nmol/l	Source	15	13
rr	mmhg	Source	9	7
hemoglobiini-a1c,vieritesti	mmol/mol	Source	35	27
-aikaglukoositavoitteessa	%	Source	28	23
-aikahypoglykemiassa	%	Source	27	22
s-prostataspesifinenantigeeni,vapaa/kokonaissu	%	Source	25	16
b-ko/epi3	s	Source	66	59
s-lam-ex	mg/l	Source	15	13
s-kap-ex	mg/l	Source	17	14
s-k/l-ex	ratio	Source	15	13
s-pölyer	estimate	Source	13	13
p-at-jatk	%	Source	63	51
li-lymfosy	osuus	Source	31	28
li-neutrof	osuus	Source	31	28
fp-transferriini(pi)	g/l	Source	12	12
fp-transferriininrautakyllästeisyys(pi)	%	Source	11	11
b-crp-pik	mg/l	PrimaryInjection	58	54
s-heiner	u/ml	Source	16	15
mango	u/ml	Source	6	6
fp-sinkki	umol/l	Source	16	16
s-gamma	%	Source	11	11
s-alfa-1	%	Source	11	11
s-beta-2	%	Source	11	11
s-beta-1	%	Source	11	11
s-alb	%	Source	12	12
s-alfa-2	%	Source	11	11
e-punasolujenkoonvaihtelu	%	Source	27	24
hba1cpikatesti	mmol	PrimaryInjection	51	30
plasmanc-reaktiivinenproteiiniosoitus	1	Source	36	33
s-kalaryh	u/ml	Source	17	17
p-hyytymistekijävii	%	Source	15	15
p-psa-v	form	Source	7	7
s-pinsiee	u/ml	Source	25	25
s-gd1aabm	index	Source	14	14
sw-cl	mmol/l	Source	46	39
s-eosinofiilistengranulosyyttienkationinenprot	ug/l	Source	17	13
pt-glomerulussuodosnopeus,ckd-epi-kaava	form	Source	12	12
b-bcr-qr	form	Source	159	23
b-neutrofiilitb-diffiosatutkimus	e9/l	Source	6	6
du-virtsam	l	Source	56	27
s-keruloplasmiini	g/l	Source	11	11
s-afosma	u/l	Source	10	9
s-insuliini	mu/l	Source	9	9
c-reaktiivinenproteiini(pikatesti)	mg/l	Source	35	24
s-prolaktiini,saanto-	%	Source	7	7
s-hbs-ab	miu/ml	Source	28	27
p-aboabag	titre	PrimaryInjection	178	22
p-aboabbg	titre	PrimaryInjection	152	23
li-borrabm	u	Source	57	53
s-rapim3e	u/ml	Source	13	13
11677	u/ml	Source	10	10
11679	u/ml	Source	22	22
s-codiab	spu/ml	PrimaryInjection	18	17
s-clteab	spu/ml	PrimaryInjection	16	16
s-stpn14	mg/l	PrimaryInjection	9	9
s-stpn18c	mg/l	PrimaryInjection	14	12
s-stpn19f	mg/l	PrimaryInjection	11	10
s-stpn23f	mg/l	PrimaryInjection	11	10
s-stpn4	mg/l	PrimaryInjection	13	11
s-stpn9v	mg/l	PrimaryInjection	13	12
s-stpn1	mg/l	PrimaryInjection	10	9
s-stpn7f	mg/l	PrimaryInjection	15	14
s-pölyryhmä,igevasta-aineet	u/ml	Source	9	9
i-stathct	%	Source	39	39
s-ebv-abg	u/ml	Source	13	13
phaptoglobiini	g/l	Source	18	17
alfa-1-glo	%	Source	22	18
alfa-2-glo	%	Source	22	18
beeta-1-gl	%	Source	25	20
beeta-2-gl	%	Source	22	20
gamma-glob	%	Source	22	18
antitrombiiniiii,plasmasta	mg/l	Source	44	41
NA	s	Source	12	11
p-kor/0	nmol/l	Source	22	19
p-kor/30	nmol/l	Source	20	17
natrium(verikaasulaite),kapillariveri	mmol/l	Source	55	21
kalium(verikaasulaite),kapillaariveri	mmol/l	Source	57	23
ruokaerittely(fx5),ige-vasta-aineet	u/ml	Source	7	7
b-leukdiffpikanäyte	e9/l	Source	14	13
p-fibriinidimeerit,pika	mg/l	Source	15	13
s-levomep	nmol/l	Source	11	8
p-pc-ag	%	Source	16	16
s-prostataspesifinenantig.,vapaa/totaali-suhde	%	Source	15	11
s-osteoca	ug/l	Source	52	43
s-desmetyyliklotsapiini,klotsapiininmetaboliitti	nmol/l	Source	15	7
ustekinumabi,pitoisuus	mg/l	Source	49	35
fgluk-0	mmol/l	Source	34	29
s-ebvabg␤	u/ml	Source	52	48
hemoglobiini.itse	g/l	Source	45	30
p-troponiinit,pikatutkimus	ng/l	Source	56	31
nt-probnp	ng/l	Source	14	11
b-tnt	ng/l	Source	87	54
p-ca-albk,p-alb	mmol/l	Source	9	7
ab-vekaas5,cl-	mmol/l	Source	11	11
ab-vekaas5,ctco2	mmol/l	Source	14	13
ab-vekaas5,agapk	mmol/l	Source	11	11
ab-vekaas5,hct	l/l	Source	14	13
ab-vekaas5,chgb	g/l	Source	14	13
ab-vekaas5,glu	mmol/l	Source	14	13
ab-vekaas5,lac	mmol/l	Source	14	13
ab-vekaas5,crea	umol/l	Source	11	11
ab-vekaas5,pco2	kpa	Source	17	16
ab-vekaas5,po2	kpa	Source	17	16
ab-vekaas5,chco3-	mmol/l	Source	16	15
ab-vekaas5,be(ecf)	mmol/l	Source	16	15
ab-vekaas5,cso2	%	Source	16	15
ab-vekaas5,na+	mmol/l	Source	16	15
ab-vekaas5,k+	mmol/l	Source	15	14
ab-vekaas5,ca++	mmol/l	Source	14	13
s-frtuabg	titre	Source	9	8
b-tnaiv	%	Source	32	26
b-tnaiva	e9/l	PrimaryInjection	29	23
b-tmuisti	%	Source	32	26
b-tab	%	Source	32	26
b-tgd	%	Source	29	23
b-t-dp	%	Source	29	23
b-t-dnt	%	Source	29	23
b-takt	%	Source	29	23
b-cd4naiv	%	Source	32	26
b-cd4-rte	%	Source	31	25
b-rte-abs	e9/l	PrimaryInjection	28	22
b-cd4-cm	%	Source	32	26
b-cd4-em	%	Source	31	25
b-cd4emra	%	Source	29	23
b-cd4treg	%	Source	29	23
b-cd4akt	%	Source	29	23
b-cd8naiv	%	Source	32	26
b-cd8-cm	%	Source	30	24
b-cd8-em	%	Source	32	26
b-cd8emra	%	Source	30	24
b-cd8akt	%	Source	30	24
s-afos-is	u/l	Source	70	19
fp-mg	mmol/l	Source	20	19
du-proteiini(kok.)jatkoa	ml	Source	13	13
kalprotektiini,uloste	ug/g	Source	14	14
e-erytrosyytit,kokojakumaprosentti	%	Source	497	41
wbc-largecellcount	e9/l	Source	489	41
wbc-middlecellratio	%	Source	489	41
b-ertytrosyytit	e12/l	Source	31	11
b-hematokriitti	osuus	Source	31	11
p-c-reaktiivinenproteiini,crp	mg/l	Source	110	17
1hkors	nmol/l	Source	6	6
s-ampi5e	u/ml	Source	24	24
s-venlaf	ug/l	Source	12	12
b-pnhfc	form	Source	13	9
s-sm(smith),vasta-aineet	u/ml	Source	52	42
fp-gluk(0)	mmol/l	Source	29	28
u-cokrea	ug/g	Source	24	11
gpenisilliini(c1),igevasta-aineet,seerumista␤	u/ml	Source	9	9
vpenisilliini(c2),igevasta-aineet,seerumista␤	u/ml	Source	9	9
amoksisilliini(c6),ige-vasta-aineet,seerumista	u/ml	Source	8	8
cefaclor,igevasta-aineet,seerumista␤	u/ml	Source	7	7
11093	mg/l	Source	35	26
11094	au/ml	Source	21	18
ly-cd4-cd8-	%	Source	16	14
c-reaktiivinenproteiini(kval)	mg/l	Source	18	15
s-rcora14	u/ml	Source	32	32
s-rapue	u/ml	Source	23	22
sianliha	u/ml	Source	10	10
u-eryt	u	Source	33	29
u-epit	u	Source	37	31
b-diffi,l-sauv	%	Source	69	47
b-diffi,l-liusk	%	Source	67	47
b-diffi,l-bas	%	Source	95	60
b-diffi,l-mon	%	Source	104	63
b-diffi,l-lym	%	Source	64	45
s-gabapen	umol/l	Source	22	19
du-proteiini,vuorokausivirtsasta	g	Source	16	11
u-kalsium,virtsasta	mmol/l	Source	11	10
p-lutenisoivahormoni	u/l	Source	30	29
antitrombiiniiii	%	Source	41	34
proteiinis,antigeeni,vapaa,plasma	%	Source	33	32
lupusantikoagulantti,drvvt,plasma	ratio	Source	44	41
lupusantikoagulantti,ptt,plasma	ratio	Source	44	41
e-dysmorf	%	Source	65	57
e-akantos	%	Source	65	57
s-cladclg	mg/l	Source	21	21
aspergillusfumigatus,	mg/l	Source	6	6
aureobasidiumpullulans,igg	mg/l	Source	7	7
penicillium(5lajia),igg	mg/l	Source	7	7
hct	%	PrimaryInjection	7	6
s-prlpit	mu/l	Source	21	20
s-sytomegalovirus,igg-vasta-aineet	au/ml	Source	40	37
eikäytössä	mg/l	Source	23	22
beeta-hydroksibutyraatti,vieritutkimus	mmol/l	Source	19	9
b-cd16/56	e6/l	Source	12	11
f-k	mmol/l	Source	10	6
f-na	mmol/l	Source	13	8
fs-sinkki	umol/l	Source	6	6
s-bopeaba	responseequivalent	Source	9	9
transferriinireseptori,liukoinen(tfr)	mg/l	Source	17	13
p-antitrombiiniiii(huslab)	%	Source	34	34
s-hamstee	u/ml	Source	12	12
s-hiirie	u/ml	Source	13	13
s-sytomegalovirus,iggvasta-aine	u/ml	Source	11	10
p-psagen	ug/l	Source	36	31
oma-ghb-a1c	mmol	PrimaryInjection	19	19
s-aspeag	index	Source	39	11
s-aspeag	index	PrimaryInjection	31	14
ts-dnafc	form	Source	35	18
virtaus	l	PrimaryInjection	7	6
as-yksit	%	Source	12	7
as-monit	%	Source	12	7
sukupuolihormonejasitovaglobuliini,plasmasta	nmol/l	Source	12	11
pd-leuk.	e6/l	Source	123	27
fibriinind-dimeerit(kval)	mg/l	Source	8	8
s-fx7ryh	u/ml	Source	6	6
s-koriane	u/ml	Source	31	31
s-hummere	u/ml	Source	7	7
s-simpuke	u/ml	Source	15	15
s-taatele	u/ml	Source	6	6
s-infliksimabi	mg/l	Source	20	14
b-hba1cvt	mmol	PrimaryInjection	7	7
as-mononuk	osuus	Source	46	32
as-polynuk	osuus	Source	46	32
s-asfuabg	mg/l	Source	6	6
s-asveabg	mg/l	Source	6	6
s-ackiabg	mg/l	Source	6	6
s-pespabg	mg/l	Source	6	6
s-asfuabe	u/ml	Source	6	6
s-asveabe	u/ml	Source	7	6
s-ackiabe	u/ml	Source	6	6
s-clclabe	u/ml	Source	6	6
s-fumoabe	u/ml	Source	6	6
s-pespabe	u/ml	Source	6	6
s-statabe	u/ml	Source	6	6
s-trviabe	u/ml	Source	6	6
pgi/pgii	ratio	Source	19	19
b-beeta-hydroksibutyraatti,pika	mmol/l	Source	10	10
s-ihot-ab	titre	Source	16	7
s-chlamydiapneumoniae,iga-vasta-aineet	au/ml	Source	27	22
s-toxabcf	titre	Source	23	19
se-alb	g/l	Source	6	6
levyepiteelit	u/field	Source	16	16
granulosyytit	u/field	Source	22	21
b-erytrosyytit,tilavuusosuus	%	PrimaryInjection	14	14
hyytymistekijäviii(8),plasmasta	%	Source	13	11
fs-gh	ug/l	PrimaryInjection	41	10
li-cmvabg	eiu	Source	7	7
s-goodpk	u/ml	Source	175	28
haptoglobiini	g/l	Source	11	11
u-cr	form	Source	8	8
sy-eryt	e6/l	PrimaryInjection	12	11
23291	u/ml	Source	8	8
23292	u/ml	Source	8	8
b-hb-ief	form	Source	10	10
p-natriureettinenpeptidi,b-tyypin(32-)	ng/l	Source	37	32
s-mangoe	u/ml	Source	19	18
tyreotropiini,elinvasta-aineristireaktio,seerumista	mu/l	Source	72	38
maapähe	u/ml	Source	6	6
tntvieri	ug/l	Source	22	18
pt-afpmom	mom	Source	26	25
pt-hcgbmom	mom	Source	26	25
pt-ikä(dd)	v	Source	27	25
s-heinäre	u/ml	Source	23	22
s-ruocome	u/ml	PrimaryInjection	10	10
s-enteabg	index	Source	6	6
cmvnh	u/ml	Source	7	7
cytomegalovirus,nukleiinihappo(kvant),plasmasta␤	iu/ml	Source	118	27
s-pajuspe	u/ml	Source	9	9
fs-zn	umol/l	Source	7	6
s-legp7ab	titre	Source	10	8
s-legp8ab	titre	Source	8	6
p-gluk2t	mmol/l	Source	13	13
s-timoteinsiitepöly,igevasta-aineet,rast,timotei,allergia	u/ml	Source	23	15
aspergillusfumigatusige	u/ml	Source	15	15
aspergillusversicolorige	u/ml	Source	15	15
acremoniumkilienseige	u/ml	Source	15	15
cladosporiumcladospor	u/ml	Source	15	15
fusariummoniliformae	u/ml	Source	15	15
penicilliumspeciesige	u/ml	Source	15	15
stachybotrysatraige	u/ml	Source	15	15
trichodermavirideige	u/ml	Source	15	15
b-everoli	ug/l	Source	269	18
s-gråbo	u/ml	Source	13	12
s-koivu	u/ml	Source	8	8
s-pujo	u/ml	Source	10	10
s-timotei	u/ml	Source	8	8
s-kissa	u/ml	Source	6	6
s-koira	u/ml	Source	7	7
s-all-m2	u/ml	Source	6	6
p-inr	form	Source	229	25
ts-trinho	form	Source	19	17
li-borabmv	au/ml	Source	14	13
li-borabgv	au/ml	Source	17	17
s-halop	nmol/l	Source	30	13
s-d2+d3-25	nmol/l	Source	29	27
prolaktiini,saanto	%	Source	8	7
u-albumiinifraktionosuus,elektroforeesi	%	Source	8	8
u-globuliiniifraktionosuus,elektroforeesi	%	Source	8	8
b-plas-o	ml/min/173m2	Source	53	47
s-mandare	u/ml	Source	21	21
s-kissanhilse,igevasta-aineet,rast,kissa,allergia	u/ml	Source	14	10
s-koiranhilse,igevasta-aineet,rast,allergia	u/ml	Source	19	12
s-valp-v	umol/l	Source	21	11
s-borrelia,igmvasta-aineet	ru/ml	Source	14	13
p-b2gpabg	sgu	Source	38	30
gliadiini(f98),igevasta-aineet,seerumista␤	u/ml	Source	6	6
vehnnä,rekombinantti(rtria19,omega-5gliadin,f416).igevasta-aineet,seer	u/ml	Source	6	6
s-heliaba	u/ml	Source	21	17
nu-alb-mi	mg/12h	Source	12	12
cb-k-veka	mmol/l	Source	17	15
cb-na-veka	mmol/l	Source	17	15
maapähkinä(f13),ige-vasta-aineet	u/ml	Source	7	6
hasselpähkinä,rekombinanttipr-10coraa1(f428),ige-vasta-aineet	u/ml	Source	6	6
pujonsiitepöly(w6),ige-vasta-aineet	u/ml	Source	11	10
dermatophagoidespteronyssinus(d1),ige-vasta-aineet	u/ml	Source	11	10
s-hevonene	u/ml	Source	22	21
p-vprobnp	ng/l	Source	109	46
s-ictp	âug/l	Source	11	10
keskisoluhemoglobiini	pg	Source	89	70
keskisoluhemoglobiinikonsentraatio	g/l	Source	89	70
basofiilit	e9/l	Source	28	25
s-salis	umol/l	Source	87	18
s-timotej	u/ml	Source	13	12
-desialotransferriini	mg/l	Source	36	34
-transferriini	g/l	Source	36	34
li-amyloidibeeta-40-proteiini	ng/l	Source	8	8
li-fosfotauproteiinintutkimus	ng/l	Source	8	8
li-tauproteiini	ng/l	Source	32	32
li-beeta-amyloidi-42proteiini	ng/l	Source	8	8
b-hb-ospk	g/l	Source	52	33
pujonsiitepöly(w6),igevasta-aineet	u/ml	Source	15	14
fs-cga	ug/l	Source	11	9
s-puu9ry	u/ml	Source	17	17
s-dmriski	%	Source	16	16
s-hbvnh	e8	PrimaryInjection	13	9
s-levetirasetaami	umol/l	Source	16	11
li-borrelia,iggvasta-aineet	u	Source	9	9
s-munaryh	u/ml	Source	23	22
p-d-25-oh	nmol/l	Source	21	17
p-krea(gf	umol/l	Source	14	11
homokysteiini	umol/l	Source	14	11
sinkki	umol/l	Source	30	29
magnesium	mmol/l	Source	29	29
he4,antigeeni4	pmol/l	Source	22	22
magnesium(4601p-mg)	mmol/l	Source	13	12
eosinofiilit,absol.arvot(39b-eos),osatutkimus	e9/l	Source	14	10
basofiilit,absol.arvot(40b-baso),osatutkimus	e9/l	Source	14	10
monosyytit,absol.arvot(42b-monos),osatutkimus	e9/l	Source	14	10
lymfosyytit,absol.arvot(43b-lymf),osatutkimus	e9/l	Source	14	10
lymfosyytit(46l-lymf),osatutkimus	%	Source	14	10
l-neut(688l-neut),osatutkimus	%	Source	14	10
b-neut(689b-neut),osatutkimus	e9/l	Source	14	10
eosinofiilit(690l-eos),osatutkimus	%	Source	14	10
monosyytit(693l-monos),osatutkimus	%	Source	14	10
kystatiinic	mg/l	Source	9	9
neutrofiilit+eosinofiilit,s	%	Source	23	14
mononukleaarisetsolut,selkäy	%	Source	23	14
s-c-reaktiivinenproteiini,herkkä,seerumista	mg/l	Source	51	28
s-c-reaktiivinenproteiini,herkkä,seerumista/vapaty2	mg/l	Source	17	17
du-krea	mmol/24h	Source	13	10
ug-pad-4	mmol/l	Source	17	14
s-hepsid	mmol/l	Source	17	14
p-fibriinind-dimeerit,pika	mg/l	Source	36	33
s-kukaale	u/ml	Source	7	7
s-kaalie	u/ml	Source	8	8
s-fx29ryh	u/ml	Source	9	9
s-kursiee	u/ml	Source	8	7
s-fx31ryh	u/ml	Source	6	6
s-lammepe	u/ml	Source	8	8
s-follikkeliastimuloivahormoni,seerumista	iu/l	Source	23	23
s-rnapoab	u/ml	Source	7	6
p-plasmanalbumiinikorjattukalsium	mmol/l	Source	19	19
alaniiniaminotransferaasi,plasmasta	u/l	Source	97	53
du-moma	umol/24h	Source	19	19
u-virtsanominaispaino	form	Source	22	20
u-virtsanph	form	Source	24	21
ovomukoidi	u/ml	Source	9	9
munaseos	u/ml	Source	6	6
s-koirag	mg/l	Source	6	6
fs-reumafaktori	iu/ml	Source	33	30
p-pegtsh	mu/l	Source	19	15
as-erytrosyytit	e6/l	Source	22	15
as-leukosyytit	e6/l	Source	19	14
s-acsiroe	u/ml	Source	7	7
s-niittyne	u/ml	Source	9	9
fvc	l	Source	24	18
fev1	l	Source	23	17
fev1	%	Source	30	24
c-reaktiivinenproteiini,herkkä,seerumista␤	mg/l	Source	15	14
b-b-tyypinnatriureettinenpeptidi	ng/l	Source	7	7
glycopha.d	u/ml	Source	12	12
lepidogl.d	u/ml	Source	12	12
tyrophag.p	u/ml	Source	16	16
d.microcer	u/ml	Source	8	8
acaru.siro	u/ml	Source	15	15
p-troponiinitpika,hoitoyksiköt	ng/l	Source	26	24
s-hcyst	umol/l	Source	13	11
neutrofiilitsauvatumaiset	%	Source	11	8
neutrofiilitliuskatumaiset	%	Source	11	8
s-envopab	index	Source	6	6
myoglobiini	ug/l	Source	11	10
s-ige-2,ruokaryhmä,seulonta	u/ml	Source	10	10
s-pölyer(ent.phadiatop)	u/ml	Source	7	7
glutamaattidekarboksylaasi,vasta-aineet	iu/ml	Source	8	8
s-prostataspecifinenantigeeni	ug/l	Source	8	8
b-lymf	e9/l	PrimaryInjection	19	18
antitrombiiniiii,plasma	%	Source	30	30
proteiinis,antigeeni,vapaa	%	Source	42	41
cb-gluk-0	mmol/l	Source	21	20
b-k(pika)	mmol/l	Source	27	25
b-na(pika)	mmol/l	Source	26	24
b-krea(pika)	umol/l	Source	26	25
s-dvenlaf	nmol/l	Source	46	36
s-k/l-s-v	1	Source	17	17
s-yersabg	iu/ml	Source	19	19
kolesteroli,plasmasta	mmol/l	Source	24	19
b2-vitamiini	nmol/l	Source	7	7
psavapaanjatotaalinsuhde	%	Source	62	43
rauta(fp-fe)	umol/l	Source	34	31
transferriini(fp-transf)	g/l	Source	25	21
transferriininrautakyllästeisyys(fp-trfesat)	%	Source	15	14
s-papuhöe	u/ml	Source	8	8
p-karsinoembryonaalinenantigeeni(pi)	ug/l	Source	6	6
s-b12-vitamiini(pi)	pmol/l	Source	39	34
b-pb	ug/l	Source	30	26
crpvieritesti	mg/l	PrimaryInjection	13	10
b-erytrosyytit,tilavuusosuus,pikahoitoyksiköt	osuus	Source	42	37
p-fibrag	g/l	Source	29	17
transferriinireseptori,liukoinen(p-tfr)	mg/l	Source	24	18
as-amylp	u/l	Source	34	31
b-perusverenkuvajatrombosyytit,paketti	form	Source	7	7
s-emabg	titre	Source	18	16
s-teikab	titre	Source	14	14
p-ca++hoi	mmol/l	Source	11	11
fs-a-vitamiini	umol/l	Source	26	23
fs-e-vitamiini	umol/l	Source	20	18
li-immunoglobuliinig,li-igg-oc:nosatutkimus	mg/l	Source	8	8
li-fosfo-tauproteiini	ng/l	Source	24	24
li-beeta-amyloidi42proteiini	ng/l	Source	20	20
s-normet	nmol/l	PrimaryInjection	8	8
helicobakteeriag(osatutk)	eiu	Source	7	7
normetanefriini,vuorokausivirtsa	umol/l	Source	8	8
ly-lymfosyytit,b-solujenosuus	%	Source	28	15
b-lymfosyytit,b-solujenmäärä	e9/l	Source	28	15
s-topira	mg/l	Source	34	17
fs-non-hdl-kolesteroliosatutkimus	mmol/l	Source	17	17
troponiinii	ng/l	Source	26	18
s-bopeaba	iu/ml	PrimaryInjection	24	21
b-diffi	form	Source	14	9
s-neutrofiiliensytoplasma-antigeeni	titre	Source	33	29
s-luustoentsyymi(afos)	u/l	Source	7	6
p-bnp	ng/ml	Source	14	14
s-amyl-is	form	Source	15	15
s-formige	u/ml	Source	19	19
s-pennote	u/ml	Source	13	13
s-kolaige	u/ml	Source	14	14
muutsolut,nivelneste	%	Source	12	12
b-agalak	form	Source	15	11
s-topiram	mg/l	Source	17	11
p-tau217	ng/l	Source	10	10
s-ampimye	u/ml	Source	7	7
s-rarah1e	u/ml	PrimaryInjection	21	21
s-cora9e	u/ml	PrimaryInjection	24	24
s-ruoka-aineryhmäjakomponentit	u/ml	Source	8	8
myeloperoksidaasi,vasta-aineet,seerumista␤	iu/ml	Source	41	9
s-chtrabg	titre	Source	13	13
helicobacterpylori,iggvasta-aineet,seerumista	index	Source	17	15
s-hepatiittib-virus,vasta-aineetpinta-antigeenille.	miu/ml	Source	21	15
s-alkalinenfosfataasi,muut(elektrof)	u/l	Source	33	32
u-osmolaliteetti,virtsasta	mosm/kgh2o	Source	23	22
b-fosfatidyylietanolivita	umol/l	Source	42	35
s-tbg	nmol/l	Source	12	12
p-trtrap	%	PrimaryInjection	10	9
p-trkoll	%	PrimaryInjection	12	10
u-osmol	form	Source	27	23
s-ige	u/l	Source	9	9
s-kisshie	form	Source	10	10
pt-glomerolussuodosnopeus,estimoitu,ckd-epi-kaava	ml/min/173m2	Source	19	16
b-kefabat	%	Source	17	17
-crp-vt	mg/l	Source	10	7
varicella-zostervirus,iggvasta-aineet	iu/l	Source	16	16
s-psa-v/t(pi)	%	Source	21	16
s-psa-v(pi)	ug/l	Source	21	16
s-cytomegalovirus,iggvasta-aineet	au/ml	Source	19	15
fs-ct	pmol/l	PrimaryInjection	13	8
levyepiteelisolut	u/field	Source	33	11
gluk.60	mmol/l	Source	11	10
s-bopeabg	iu/ml	PrimaryInjection	39	33
crpherkkä	mg/l	Source	21	21
testvl	pmol/l	Source	13	11
12195	nmol/l	Source	6	6
s-sinsime	u/ml	Source	22	21
s-dpteroe	u/ml	PrimaryInjection	8	8
s-maapähkinä,igevasta-aineet	u/ml	Source	26	26
s-heinäerittely,igevasta-aineet	u/ml	Source	13	13
s-home-erittely,igevasta-aineet	u/ml	Source	27	26
s-kalaryhmä,igevasta-aineet	u/ml	Source	10	10
vb-pco2(t)	kpa	Source	8	8
vb-po2(t)	kpa	Source	9	9
s-ruokaerittelyjakomponentit,igevasta-aineet	u/ml	Source	12	12
kortisoli,oikealisämunuainen	nmol/l	Source	24	16
kortisoli,vasenlisämunuainen	nmol/l	Source	21	17
kortisoli,alaonttolaskimo,pe	nmol/l	Source	15	15
aldosteroni,oikealisämunuain	pmol/l	Source	23	15
aldosteroni,vasenlisämunuain	pmol/l	Source	20	16
aldosteroni,alaonttolaskimo,	pmol/l	Source	14	14
du-ni	umol	Source	9	9
kalsium,ionisoitunutseerumista	mmol/l	Source	10	10
dxmr/8.kor	nmol/l	Source	21	21
p-glukoosi,120min-näyterasituksessa	mmol/l	Source	10	9
dehydroaripipratsoli	ug/l	Source	19	16
s-jgadab	iu/ml	Source	8	8
s-laktaat	mmol/l	Source	30	26
p-follikkeliastimuloivahormoni(pi)	u/l	Source	9	9
u-leuk(pi)	e6/l	Source	10	10
u-osmoest(pi)	mosm/kgh2o	Source	7	7
sp-vital	%	Source	16	16
p-tsheri2	mu/l	Source	15	10
s-tyreoideaperoksidaasi,vasta-aineet(ko)	iu/ml	Source	9	8
s-kortisoli(ko)	nmol/l	Source	15	13
u-kalsium	mmol/l	Source	6	6
retikulosyyttienkeskimääräinenhemoglob	pg	Source	7	7
af-leuk	e6/l	Source	70	69
s-rarah2e	u/ml	PrimaryInjection	19	19
s-nglym6e	u/ml	PrimaryInjection	14	14
s-skleroderma70,vasta-aineet	u/ml	Source	31	29
s-ris+9hr	nmol/l	Source	17	12
p-uraatti,rasburikaasihoidonyhteydessä	umol/l	Source	41	15
s-kissanhilse(e1),ige-vasta-aineet␤	u/ml	Source	33	33
s-dermatohpagoidespteronyssinus(d1),igevasta-aineet	u/ml	Source	31	31
b-hladqbd	form	Source	10	10
b-hladpbd	form	Source	10	10
b-hladrld	form	Source	10	10
b-hlacdt	form	Source	10	10
b-hlabdt	form	Source	10	10
b-hlaadt	form	Source	11	11
b-tpmt-d	form	Source	30	30
bm-fuus-mr	form	Source	14	12
bm-flt3-d	form	Source	9	7
bm-dnamut	form	Source	33	27
e-retic	%	Source	13	12
b-hb	e12/l	Source	14	13
s-laktaattidehydrogenaasi,pitoisuus(s-ld-is)	u/l	Source	6	6
s-laktaattidehydrogenaasi1(s-ld-is)	%	Source	7	7
s-laktaattidehydrogenaasi2(s-ld-is)	%	Source	6	6
s-laktaattidehydrogenaasi3(s-ld-is)	%	Source	6	6
s-laktaattidehydrogenaasi4(s-ld-is)	%	Source	6	6
s-laktaattidehydrogenaasi5(s-ld-is)	%	Source	7	7
s-aspflae	u/ml	Source	12	11
s-kala2ry	u/ml	Source	10	10
allergeeni,pölyerittely(phadiatop)/inhalations	u/ml	Source	35	35
timoteinsiitepöly,ige-vasta-aineet,seerumista	u/ml	Source	9	9
koivunsiitepöly,ige-vasta-aineet,seerumista	u/ml	Source	11	10
pujonsiitepöly,ige-vasta-aineet,seerumista	u/ml	Source	8	8
hevosenhilse,ige-vasta-aineet,seerumista	u/ml	Source	8	8
kissanhilse,ige-vasta-aineet,seerumista	u/ml	Source	8	8
koiranhilse,ige-vasta-aineet,seerumista	u/ml	Source	8	8
dermatophagoidespteronyssinus,ige-vasta-aineet,seerumista	u/ml	Source	8	8
cladosporiumherbarum,ige-vasta-aineet,seerumista	u/ml	Source	8	8
p-tnt-hoi	ng/l	Source	20	11
p-tnthoi	ng/l	Source	11	9
s-ast	titre	Source	7	7
b-hb-co	%	PrimaryInjection	16	15
f-elastaasi1,ulosteesta	ug/g	Source	8	7
p-ca-ion.	mmol/l	PrimaryInjection	12	9
p-ca-iona	mmol/l	PrimaryInjection	23	18
osmolaliteetti(laskennallinen)	mosm/kgh2o	Source	9	6
epiteelisolut	e6/l	Source	14	10
p-prostataspesifinenantigeeniv/t	%	Source	9	7
s-psa-v/t	%	PrimaryInjection	6	6
s-pölyss	u/ml	Source	7	7
s-cora14e	u/ml	PrimaryInjection	18	18
s-om5glie	u/ml	PrimaryInjection	9	9
fp-pth-int	ng/l	Source	44	26
s-bordetellapertussis,igg-vasta-aineet	iu/ml	Source	13	11
du-aldos	nmol/l	Source	25	22
-intem/ct	s	Source	38	19
-intem/cft	s	Source	38	19
-intem/mcf	mm	Source	38	19
-intem/a5	mm	Source	38	19
-intem/a10	mm	Source	38	19
-intem/a15	mm	Source	38	19
-intem/ml	%	Source	38	19
heptem/ct	s	Source	24	9
heptem/cft	s	Source	24	9
heptem/mcf	mm	Source	24	9
heptem/a5	mm	Source	24	9
heptem/a10	mm	Source	24	9
heptem/a15	mm	Source	24	9
heptem/ml	%	Source	24	9
s-etgly	mmol/l	Source	72	11
s-ampiaisenmyrkky(i3),igevasta-aineet	u/ml	Source	7	7
s-mehiläinen,rekombinantti(rapim1phospholipasea2,i208),igevasta-ai	u/ml	Source	6	6
s-mehiläisenmyrkky,rekombinantti(rapim10,i217),igevasta-ain	u/ml	Source	7	7
s-ampiainen,rekombinantti(rvesv5,i209),igevasta-ain	u/ml	Source	8	7
s-rsesi1e	u/ml	Source	10	10
p-mitotan	mg/l	Source	266	16
-kol/adp	s	Source	23	18
-kol/adr	s	Source	22	18
s-hyvehne	u/ml	Source	24	24
p-tradp	%	PrimaryInjection	7	6
p-traa	%	PrimaryInjection	7	6
p-trristo	%	PrimaryInjection	8	7
b-hba1c-pika	%	PrimaryInjection	20	14
s-normet	umol/l	Source	10	7
u-protks	g/l	Source	8	7
p-koriongonadotropiini;ihmisen	u/l	Source	11	6
li-albumiini	mg/l	Source	13	13
li-albumiini/s-albumiinisuhde	mg/g	Source	6	6
uepit	u/field	Source	9	9
uleuk	u/field	Source	9	9
ulevy	u/field	Source	9	9
ulier	u/field	Source	9	9
tpoab	u/ml	Source	9	9
proteiini	g/l	Source	10	10
s-venlafaksiininosatutkimus	nmol/l	Source	16	12
igepölyerittely(phadiatop),igevasta-aineet	u/ml	Source	8	8
pt-hepy-r	promille	Source	23	23
vb-o2sat3	%	Source	9	9
ab-o2sat2	%	Source	47	47
s-stpn33f	ug/mlgmc	Source	39	26
s-he4ihmisenepididymaalinenproteiini4	pmol/l	Source	7	7
alaniiniaminotransferaasi(alat)	u/l	Source	6	6
s-ebvabg	form	Source	9	8
s-ye-col9	titre	Source	6	6
troponiinit(p-tnt)	ng/l	Source	35	32
s-vadelme	u/ml	Source	11	11
p-haptog	g/l	PrimaryInjection	36	35
s-che	u/ml	Source	9	6
elastaasi1	ug/g	Source	36	20
epstein-barrvirus,igg-vasta-aineet,osatutk.1335	u/ml	Source	9	9
p-probnpviitasaari	ng/l	Source	10	9
li-immunoglobiinig,indeksi	index	Source	6	6
b-kreatiniini	umol/l	Source	49	41
s-stachybotrysatra(chartarum),igevasta-aineet	u/ml	Source	8	8
s-metnefriini	nmol/l	Source	123	109
pika-crp(pikatesti)	mg/l	Source	8	7
s-fusariummoniliformae,igevasta-aineet	u/ml	Source	12	12
s-phomabetae,igevasta-aineet	u/ml	Source	9	9
-urea	mmol/l	Source	12	10
sappihapot,seerumista,paastotilassa	umol/l	Source	23	17
p2y12-reseptoriestonseuranta(vasp)	%	Source	11	11
sp-pr+np	%	Source	28	23
sp-liik.pr	%	Source	28	23
sp-liik.np	%	Source	28	23
sp-liik.im	%	Source	28	23
sp-tilav.	ml	Source	30	24
sp-siitt.	e6/ml	Source	29	23
sp-s.yht	e6	Source	27	22
sp-pyör.s.	e6/ml	Source	28	24
b-keton-sn	mmol/l	Source	14	12
s-kurpite	u/ml	Source	6	6
u-nikrea	ug/g	Source	16	6
l-neutrofiilit,sauvatumiaset	%	Source	35	20
u-alb/krea	g/mol	Source	49	23
dialyysiaedeltäväp-urea	mmol/l	Source	745	42
dialyysinjälkeinenp-urea	mmol/l	Source	708	42
munanvalkuainenjakomponentit(f1),igevasta-aineet	u/ml	Source	6	6
maapähkinäjakomponentit(f13),igevasta-aineet	u/ml	Source	6	6
b-natriureettinenpeptidi,b-tyypinn-terminaalinenpropeptidi(kval)	ng/l	Source	14	14
p-alat	umol/l	Source	23	19
s-lipidit	mmol/l	Source	11	11
p2y12-vastetulosverifynow-lai	pru	Source	25	14
p2y12-inhibitioprosenttiverif	%	Source	25	14
s-hsv1abg	index	PrimaryInjection	19	19
s-hsvabm	index	PrimaryInjection	6	6
s-bor-abg	ru/ml	Source	15	11
seleeni,seerumi	umol/l	Source	10	6
sinkki,seerumi	umol/l	Source	17	13
zb-be	mmol/l	PrimaryInjection	31	27
li-hsv1abg	eiu	Source	10	10
s-gadab	u/l	Source	8	7
ldlhapettunut	u/l	Source	19	14
s-maitaba	%	Source	23	23
s-maitabg	%	Source	25	25
s-dna,natiivi,vasta-aineet	iu/ml	Source	23	21
p-trombai.	s	Source	29	29
u-uraat	umol/l	Source	16	16
kalsium,ionisoitunut,ph7.4-korjattu,kapillaariverestä,osatutk	mmol/l	Source	24	16
aktuaalibikarbonaatti,kapillaariverestä,osatutk.	mmol/l	Source	22	15
kalsium,ionisoitunut,kapillaariverestä,osatutk	mmol/l	Source	23	15
sy-polymorfonukleaarisetsolut	%	Source	13	13
s-vzvabcf	titre	Source	6	6
pt-laktoosi-koe40min	mmol/l	Source	10	10
u-bendict	form	Source	19	17
jodidi,virtsa	ug/l	Source	16	13
karsinoembryonaalinenantigeen	ug/l	Source	8	7
laktaatti,pleuraneste	mmol/l	Source	21	18
s-prostataspesifinenantigeeni,vapaansuhde	%	Source	30	25
u-bil-o	estimate	Source	198	27
s-melonie	u/ml	Source	12	12
s-ruoer	u/ml	Source	9	9
s-borrabm	au/ml	PrimaryInjection	63	59
s-happamuusaste,seerumi	ph	Source	41	22
kollageni:nbeta-karboksiterminaalinentelopeptidi(ctx)	ug/l	Source	12	11
s-prokollageenii:naminoterminaalinenpropeptidi	ug/l	Source	14	10
s-immunoglobuliiniaosatutkimus	g/l	Source	15	14
b-hb-a1	mmol/mol	Source	21	14
natriureettinenpeptidi,b-tyypinn-terminaalinenpropeptidipäivystysaikana	ng/l	Source	18	14
alkalinenfosfataasi,plasmasta	u/l	Source	29	18
amylaasi,plasmasta	u/l	Source	13	9
s-seessie	u/ml	Source	37	37
s-timotee	u/ml	PrimaryInjection	12	12
s-koivue	u/ml	PrimaryInjection	9	9
s-pujoe	u/ml	PrimaryInjection	11	11
s-kisshie	u/ml	PrimaryInjection	12	12
s-infliksimabipitoisuus	mg/l	Source	32	31
s-jyr70er	u/ml	Source	9	9
mxd-osuus	%	Source	13	12
kokonaisprolaktiini	mu/l	Source	11	11
li-ly+mono	%	Source	11	10
s-mirtats	nmol/l	Source	21	14
tyreotropiini,elinvasta-aineristireaktio	mu/l	Source	14	9
p-gluk-p	mmol/l	Source	31	25
s-psa	mg/l	Source	7	7
tioguaani,veri	pmol/02ml	Source	21	17
s-ins/0	mu/l	Source	9	9
s-ins/1h	mu/l	Source	9	9
s-ins/2h	mu/l	Source	9	9
b-basofiilit,absoluuttiset	e9/l	PrimaryInjection	9	8
b-lymfosyytit,absoluuttiset	e9/l	PrimaryInjection	9	8
b-monosyytit,absoluuttiset	e9/l	PrimaryInjection	9	8
b-neutrofiilit,absoluuttiset	e9/l	PrimaryInjection	9	8
du-magnesium	mmol	Source	9	9
kopeptiini	pmol/l	Source	16	13
s-pähkryh	u/ml	Source	31	31
s-t3v	pmol/l	Source	53	16
NA	ug/g	Source	27	24
b-inhibit	%	Source	11	11
b-base	basepru	Source	12	12
s-stpn2	fmiau/ml	Source	25	19
s-stpn8	fmiau/ml	Source	22	19
s-stpn10a	fmiau/ml	Source	29	21
s-stpn11a	fmiau/ml	Source	30	21
s-stpn15b	fmiau/ml	Source	24	18
s-stpn17f	fmiau/ml	Source	27	20
s-stpn20	fmiau/ml	Source	29	20
s-stpn33f	fmiau/ml	Source	22	18
b-hb-f-vr	%	Source	24	24
p-la1-rvtt	s	Source	8	8
p-fsl-aptt	s	Source	9	9
c-reaktiivinenproteiini-pika(crp-pika)	mg/l	PrimaryInjection	15	15
s-katt	u/ml	Source	12	12
s-hund	u/ml	Source	14	13
s-dpterony	u/ml	Source	16	15
s-rcora14(f439,rekombinantti,hasselpähkinä),igevasta-aineet	u/ml	Source	11	10
pb-pco2	kpa	Source	45	17
pb-po2	kpa	Source	45	17
pb-be	mmol/l	Source	42	14
pb-shco3	mmol/l	Source	45	17
pb-hbo2sat	%	Source	48	20
pb-hbo2	%	Source	49	21
transferriinireseptori,liukoinen(4720p-tfr)	mg/l	Source	27	23
b-fosfatidyylietanoli,verestä(ko)	umol/l	Source	13	7
cxcl13-komokiinipitoisuus,selkäydinnesta	ng/l	Source	6	6
du-5hiaa	umol/24h	PrimaryInjection	25	25
s-dermatophagoidespteronyssinus,igevasta-ainee	u/ml	Source	7	7
s-ruoka-aineryhmä(fx5),igevasta-aineet	u/ml	Source	6	6
u-cannact	form	Source	7	7
p-acth	pmol/l	Source	7	7
s-osmol	form	Source	19	14
p-metanefriini	nmol/l	Source	10	8
sinkki,seerumista	umol/l	Source	8	8
s-enkefab	form	Source	9	9
s-fenob	umol/l	Source	228	27
m-komp-2	g/l	Source	23	12
s-chlamydiapneumoniae(twar),iggvasta-aineet	eiu	Source	20	19
fs-kolldls	mmol/l	Source	12	10
s-prostataspesifinenantigeeni,vapaa,osuus	%	Source	14	9
14248	e9/l	PrimaryInjection	13	12
-tyreoglobuliiniva	u/ml	Source	14	12
s-kaniepe	mmol/l	Source	9	7
s-kalkhöe	mmol/l	Source	7	7
af-hemafc	form	Source	10	9
b-fish	form	Source	14	12
s-follikkeliastimul.horm.	u/l	Source	6	6
s-bopeabm	index	PrimaryInjection	23	21
s-toksoplasma,iggvasta-aineet	iu/ml	Source	6	6
s-adalimumabi,seerumista	mg/l	Source	25	17
s-mdie	u/ml	Source	7	7
s-sili-ab	titre	Source	11	11
s-haptryh	u/ml	Source	7	6
s-gelate	u/ml	Source	19	18
s-viirype	u/ml	Source	14	13
s-vesimee	u/ml	Source	6	6
as-cea	ug/l	Source	27	25
vb-hb02sat	%	Source	82	47
s-tbeabm	index	Source	8	8
fs-trfesat	1	Source	27	20
sy-erytrosyytit	e6/l	Source	35	33
s-immunoglob,kevyetketjut,vapaat,kappaosatutk	mg/l	Source	15	11
s-immunoglobuliini,kevyetketjut,vapaat,lambdaosatutk	mg/l	Source	15	11
s-tsh-abr	iu/ml	Source	6	6
s-desamio	umol/l	Source	26	23
s-borrabg	au/ml	PrimaryInjection	21	20
pax6	u/ml	Source	17	17
rasvapaketti(lipidit)	paketti	Source	9	7
s-testosteroni,vapaalaskettu(ko)	pmol/l	Source	13	11
adalimumabi,seerumista	mg/l	Source	18	8
alat.itse	u/l	Source	6	6
kolesteroli.itse	mmol/l	Source	13	12
s-achr-ab	nmol/l	PrimaryInjection	26	25
glukoosirasitus2h	mmol/l	Source	18	9
nu-osmol	mosm/kgh2o	Source	30	29
p-normetanefriini,plasmasta	nmol/l	Source	13	8
s-kortisoli,toimintakokeissa0h	nmol/l	Source	6	6
s-kortisoli,toimintakokeissa24h	nmol/l	Source	6	6
p-kopeptiini	pmol/l	Source	8	8
fs-c-pept	nmol/l	PrimaryInjection	7	7
pt-glomerulussuodosnopeus,estimoitukystatiinic:stä	ml/min/173m2	Source	73	50
u-immunoglobuliini,kevyetketjut,lambda	mg/l	Source	7	7
vapaanjakokonais-psa:nsuhde	%	Source	20	16
sclerodermavasta-aineet	u/ml	Source	29	24
b-beeta-hydroksibutyraatti,pikamääritys,verestä	mmol/l	Source	6	6
-tupa15	form	Source	14	14
u-kreint	mmol/l	Source	9	9
p-trombiiniaikahuslab	s	Source	6	6
p-tromboplastiiniaika,-tulostushuslab	%	Source	6	6
u-metnefl	umol/l	Source	6	6
u-normetl	umol/l	Source	7	7
s-alboys	g/l	Source	7	7
b-hemoglobiini-a1c,glykoitunut(ko)	%	PrimaryInjection	24	22
s-leptabg	u/ml	Source	29	21
s-leptabm	u/ml	Source	36	28
cu-prot	ug/min	Source	18	15
u-intp	nmol/mmolkr	Source	14	9
klomipramiininjanorklomipramiininyhteenlaskettupitoisuus	nmol/l	Source	11	7
s-norklomipramiini	nmol/l	Source	12	8
s-sjögreninsyndroma,a(ro)-vasta-aineet	u/ml	Source	23	16
liikunta	kuntolii	Source	9	6
s-yersiniaenterocoliticao:3,vasta-aineet	titre	Source	6	6
cb-ghb-a1c	%	Source	21	7
cb-hba1c	mmol/mol	Source	29	8
u-as-i	ug/l	Source	20	17
s-ck-b	u/l	Source	17	17
s-hcgbsuh	%	Source	9	9
fb-folaatti	nmol/l	Source	43	42
s-hbsab	iu/l	PrimaryInjection	15	15
se-polymorfonukleaarisetvalkosolut	%	Source	33	18
se-mononukleaarisetvalkosolut	%	Source	33	18
l-neutrofiilit,sauvatum	%	Source	7	6
s-cytomegalovirus,iggvasta-aineet,infektiotutkimus	u/ml	Source	8	8
s-ruoka	u/ml	Source	8	8
p-aspartaattiaminotransferaatti	u/l	Source	20	16
kalprotektiini,ulosteesta	ug/g	Source	7	6
neutrofiilit,koneellinen	%	Source	10	9
lymfosyytit,koneellinen	%	Source	10	9
monosyytit,koneellinen	%	Source	10	9
neutrofiilit,koneellinen	e9/l	Source	10	9
vb-glukoosi	mmol/l	Source	25	19
s-aspergillusfumigatus,igevasta-aineet,rast	u/ml	Source	6	6
hepatiittie-virus,igm	index	Source	16	16
s-gliadiinipeptidit,deamidoidut,igavasta-aineet	u/ml	Source	8	8
koboltti,virtsa	nmol/l	Source	13	8
fibriinind-dimeerit,vieritutkimus	mg/l	Source	19	19
b-neutoks	mfi	Source	7	7
b-vakuly	u/500lu	Source	14	14
s-kappa-lambda-suhde,kevytketjut,vapaat	ratio	Source	6	6
b-fibriinind-dimeerit(kval)	mg/l	Source	7	7
s-interleukiini-2:nresptori,liukoinen	u/ml	Source	10	7
stim-max	cpm	Source	56	18
stim-taust	cpm	Source	22	18
p-fidd-ospkl	mg/l	Source	12	11
s-yersabg	responseequivalent	Source	69	59
basofiilit,absol.määrä	e9/l	Source	23	18
lymfosyytit,absol.määrä	e9/l	Source	25	20
monosyytit,absol.määrä	e9/l	Source	23	18
eosonofiilit	%	Source	23	18
natrium,vieritesti␤	mmol/l	Source	12	12
kreavieri	umol/l	Source	13	13
s-testosteroni,vapaa	pmol/l	Source	11	10
dna,vasta-aineet(natiivi),if-menetelmä,seerumista	iu/ml	Source	10	10
sjögreninsyndroma,b(la)vasta-aineet,seerumista	u/ml	Source	7	7
s-bor-abm	au/ml	Source	13	12
albumiini,virtsasta	mg/l	Source	34	30
e-rethe,osatutkimus(e-rethe)	pg	Source	14	12
tryptaasi,seerumi	ug/l	Source	17	12
u-gluk	g/l	Source	18	12
s-ldesrte	u/ml	Source	7	7
p-fidd-poc	mg/l	Source	13	11
la-b-cd19	e9/l	PrimaryInjection	7	7
la-nk	e9/l	PrimaryInjection	7	7
so-b-cd19	%	Source	12	12
so-nk	%	Source	12	12
s-campaba	index	PrimaryInjection	18	16
s-yersaba	index	Source	10	10
b-nk-solut(luonnollisettappajasolut)	e9/l	Source	7	6
ly-lymfosyytit,t-solujenosuus	%	Source	7	6
b-lymfosyytit,t-solujenmäärä	e9/l	Source	7	6
b-lymfosyytit,t-estäjäsolujenmäärä	e9/l	Source	7	6
v-so2	%	PrimaryInjection	22	20
alkalinenfosfataasi,seerumista	u/l	Source	10	9
s-proteiini,osatutk2522	g/l	Source	9	8
-albumiini,elektroforeesifraktio,osatutk2522	g/l	Source	9	8
-alfa-1-globuliini,elektroforeesifraktio,osatutk2522	g/l	Source	17	15
-alfa-2-globuliini,eletroforeesifraktio,osatutk2522	g/l	Source	16	14
-beeta-1-globuliini,elektroforeesifraktio,osatutk2522	g/l	Source	18	16
-beeta-2-globuliini,elektroforeesifraktio,osatutk2522	g/l	Source	18	16
-gamma-globuliini,elektroforeesifraktio,osatutk2522	g/l	Source	18	16
p-crpvieri	mg/l	Source	16	13
s-he4,epididym.ag4	pmol/l	Source	14	14
u-välimuotoisetepiteelisolut	u/field	Source	6	6
s-prl	mul/l	Source	6	6
pt-glomerulustensuodatusnopeus	ml/min/173m2	Source	16	15
p-c-reaktiivinenproteiini,hoitoyksikkö	mg/l	PrimaryInjection	14	11
li-erytrosyytit,likvorista	e6/l	Source	25	23
li-leukosyytit,likvorista	e6/l	Source	25	23
li-fosfo-tauproteiini␤	ng/l	Source	9	9
li-tauproteiini␤	ng/l	Source	8	8
li-beeta-amyloidi40proteiini␤	ng/l	Source	9	9
s-spho3ry	u/ml	Source	6	6
s-e-vit	umol/l	Source	10	8
fp-glukoosi	nmol/l	Source	15	14
u-cot	ng/ml	Source	23	19
prostataspesifinenantigeeni,vapaa/kokonais-suhde	%	Source	31	18
parathormoni	pmol/l	Source	10	10
residuaali-mittaus	ml	Source	9	8
u-leuk	/sunfält	Source	7	6
s-p-anca-vasta-aineet,immunofluoresenssi	titre	Source	10	10
ab-happamuusaste	1	Source	8	7
0mgh	ug/l	Source	14	10
30mgh	ug/l	Source	12	8
1hgh	ug/l	Source	13	9
90mgh	ug/l	Source	12	8
2hgh	ug/l	Source	13	9
u-lieriöt,osatutkimus	e6/l	Source	8	7
fibriinind-dimeerit,plasmasta(p-fidd)	mg/l	Source	19	19
testosteroni,massaspektrometrinen,seerumista	nmol/l	Source	30	26
p-noradr	nmol/l	Source	7	7
21624	ug/l	Source	87	8
alfa-1-fetoproteiini	u/ml	Source	80	32
s-hasselpähkinä(f17),ige-vasta-aineet	u/ml	Source	14	14
s-maapähkinä(f13),ige-vasta-aineet	u/ml	Source	24	23
s-vilj3er	u/ml	Source	39	38
11403	ug/l	Source	21	6
b-diffi,l-metam	%	Source	38	17
b-diffi,l-neutr	%	Source	38	17
b-diffi,l-plast	%	Source	38	17
b-diffi,l-promyel	%	Source	38	17
b-bnaive	%	Source	31	30
b-bmuisti	%	Source	31	30
b-nsmb	%	Source	30	29
b-smb	%	Source	30	29
b-bakt	%	Source	29	28
b-btrans	%	Source	30	29
b-bplasbl	%	Source	16	15
e-erytrosyytit,kokojakauma	%	PrimaryInjection	14	9
am-lamellaarikappaleet	e9/l	Source	8	6
b-pbnp-pt	ng/l	Source	9	9
u-kreatiniiniosatutkimus	mmol/l	Source	12	12
b-hb-p	g/l	Source	19	17
s-hmgcrab	u/ml	Source	11	8
b-gluk(vo.hoitaja)	atj/2t	Source	13	10
p-troptkon	ng/l	Source	14	12
s-ye-col3	titre	Source	6	6
fibriinind-dimeerit,pikatesti(3939b-fidd-o)	mg/l	Source	16	16
s-laktaattidehydrogenaasi,isoentsyymi2	%	Source	9	9
s-laktaattidehydrogenaasi,isoentsyymi3	%	Source	9	9
s-laktaattidehydrogenaasi,isoentsyymi4	%	Source	9	9
s-laktaattidehydrogenaasi	u/l	Source	6	6
s-dhtesto	nmol/l	Source	32	28
lateksi(luonnonkumi,k82),igevasta-aineet,seerumista	u/ml	Source	6	6
s-klonors	nmol/l	Source	31	12
fp-b6-vitamiini	nmol/l	Source	23	21
pt-glomerulussuodosnopeus,estimoituckd-epikaava	ml/min/173m2	Source	17	14
hladr+cd4	%	Source	17	16
tcrab-cd4	%	Source	18	17
tcrgd-cd4	%	Source	19	17
naivit-cd4	%	Source	38	32
tcm-cd4	%	Source	37	30
tem-cd4	%	Source	34	27
temra-cd4	%	Source	37	30
rte-cd4	%	Source	37	30
treg-solut	%	PrimaryInjection	10	10
tcrab-cd8	%	Source	16	15
tcrgd-cd8	%	Source	16	14
naivit-cd8	%	Source	37	31
tcm-cd8	%	Source	34	30
tem-cd8	%	Source	32	27
temra-cd8	%	Source	35	29
hladr+cd8	%	Source	17	15
rte-cd8	%	PrimaryInjection	6	6
b-gluk(vo.hoitaja)	atj/3t	Source	11	10
s-vehnä(ravintoaine),igevasta-aineet	u/ml	Source	6	6
-sul.jäl	e6/ml	Source	9	6
b-hb-a1c	%/mmol	Source	29	21
s-testo	nmol	Source	11	9
rte-cd8	%	Source	33	28
cd3+solut	x109/l	Source	20	17
cd4+solut	x109/l	Source	19	16
cd8+solut	x109/l	Source	20	17
nkt-solut	%	Source	18	16
tcrg/d-cd3	%	Source	18	15
tcra/b-dnt	%	Source	20	17
treg/cd3	%	Source	17	14
aktiv-cd4	%	Source	16	14
treg/cd4	%	Source	20	17
aktiv-cd8	%	Source	19	16
kalsium(s-)	mmol/l	Source	7	7
p-kreatiini,vieritutkimus	umol/l	Source	33	21
b-erytrosyytit,vieritutkimus	e12/l	Source	23	18
e-erytrosyytit,keskitilavuus,vieritutkimus	fl	Source	23	18
e-hemiglobiini,keskimassa,vieritutkimus	pg	Source	23	18
e-hemoglobiini,keskimassakonsentraatio,vieritutkimus	g/l	Source	23	18
e-punasolujenkokojakauma,vieritutkimus	%	Source	23	18
b-trombosyytit,vieritutkimus	e9/l	Source	23	18
s-kalsiumionisoitunut,aktuaali	mmol/l	Source	27	15
cb-kalsium,ionisoitunut,kapillaariverestä	mmol/l	Source	6	6
pf-komplementtic3	g/l	Source	12	10
pf-komplementtic4	g/l	Source	11	9
tonnikala	u/ml	Source	7	7
pöly-s	u/ml	Source	13	13
b-neutrofiilit	e9/l	PrimaryInjection	25	22
b1-vitamiini(tiamiini)	ug/l	Source	10	8
p-kor/60	nmol/l	Source	14	14
b-hb-ospkl	g/l	Source	27	22
b-erytbi	u/100l	Source	8	6
s-etanersepti	mg/l	Source	11	10
14565	mmol/l	Source	26	23
14568	mmol/l	Source	25	22
s-chpnabm	u/ml	Source	23	22
s-pinaate	u/ml	Source	7	6
s-crp	mg/ml	Source	7	7
fp-gluk120	mmol/l	Source	19	18
p-tntp	ng/l	Source	19	11
vb-ph-vt	1	Source	8	7
vb-pco2-vt	1	Source	8	7
vb-hbo2svt	1	Source	8	7
vb-po2-vt	1	Source	8	7
bm-fish3	form	Source	11	10
mycoplasmapneumoniae,iggvasta-aineet	eiu	Source	30	22
vb-he-tase-pika,vb-pco2	kpa	Source	10	10
vb-he-tase-pika,vb-po2	kpa	Source	10	10
vb-he-tase-pika,p-na	mmol/l	Source	11	11
vb-he-tase-pika,p-k	mmol/l	Source	11	11
rakkoaika	h	PrimaryInjection	6	6
du-immunoglobuliini,kevyetketjut,kappa	mg	Source	33	24
neurofilamentti,kevytketjut	ng/l	Source	9	9
s-gd1aabg	index	PrimaryInjection	10	10
s-pujonsiitepöly,igevasta-aineet,rast,allergia	u/ml	Source	10	7
s-caalbk	mmol/l	Source	7	7
aspergillusfumigatus(m3),igevasta-aineet,seerumista␤	u/ml	Source	11	11
s-hydroksikarbatsepiini(10)	umol/l	Source	10	6
s-c1-esteraasininhibiittori,aktiivisuus	%	Source	12	12
p-acth,oik	ng/l	Source	48	11
s-kor/60	nmol/l	Source	22	22
fs-krea	mmol/l	Source	6	6
ikäryhmä	mmol/l	Source	154	52
ikäryhmä	e9/l	Source	51	51
ikäryhmä	%	Source	41	41
ikäryhmä	u/l	Source	51	51
s-stroab.	od	Source	7	7
s-fascab.	od	Source	7	7
hemoglobiinivastaanotolla	g/l	PrimaryInjection	8	7
l-bas	%	PrimaryInjection	15	12
l-lymf	%	PrimaryInjection	56	46
l-mono	%	PrimaryInjection	34	28
p-transferriinisaturaatio	%	Source	8	7
glukoosi,0-näyte	mmol/l	Source	8	8
chlamydiapneumoniae,iggvasta-aineet	bu/ml	Source	14	10
vesirokkovirus,iggvasta-aineet	miu/ml	Source	11	11
p-tni.	ng/l	Source	6	6
crppikatutkimus	mg/l	Source	6	6
p-bil	umol/l	PrimaryInjection	7	6
tuumoriinliittyvätrypsiini-inhibiittori,seerumi	nmol/l	Source	6	6
cb-k	mmol/l	Source	61	11
cb-na	mmol/l	Source	57	9
s-hevohie	u/ml	PrimaryInjection	7	7
s-rarah9e	u/ml	PrimaryInjection	16	16
b-vakuly	estimate	Source	12	12
s-pekpähe	u/ml	Source	31	31
verenm.tuberculosis-herkistyneetsolut,gammainterferoni,eritys	iu/ml	Source	8	8
b-muisti	%	PrimaryInjection	8	8
ig-vaiht	%	PrimaryInjection	7	7
b-vnpru	pru	Source	21	16
b-vninhib	%	Source	21	16
s-ige-2,pölyryhmäseulonta	u/ml	Source	15	15
s-vihpipe	u/ml	Source	7	7
s-stpn8	mg/l	Source	7	6
s-stpn15b	mg/l	Source	9	7
nikkeli	ug/l	Source	8	8
ekg-12	tehtu	Source	12	11
b-col/adp	s	Source	46	41
s-topiram	umol/l	Source	13	10
s-ck-bb	%	Source	11	9
s-lamotr	umol/l	Source	25	16
lamotrigiini,seerumista␤	umol/l	Source	17	13
u-erylier	u/field	Source	25	24
u-gralier	u/field	Source	25	24
u-vahlier	u/field	Source	26	25
u-lima	estimate	Source	10	10
u-kiteet	estimate	Source	12	12
s-hevkäre	u/ml	Source	7	7
s-hyttyne	u/ml	Source	7	7
s-fosfolipaasi-a2-reseptori,vasta-aineet	titre	Source	34	11
u-momalap	ug/mg	Source	43	11
u-hva-lap	ug/mg	Source	44	12
s-munanvalkuainen,igevasta-aineet	u/ml	Source	17	17
s-tomaatti,igevasta-aineet	u/ml	Source	10	10
b-hb-a1c	mmol/l	Source	12	7
pf-polynuk	%	Source	10	9
pf-eosinof	%	Source	10	9
11811	mmol/l	Source	7	6
b-cardiac,ckmb	ng/ml	Source	14	6
tnipika	ug/l	Source	39	34
s-c3h	g/l	Source	7	7
s-c4h	g/l	Source	7	7
b-leuxkoe	form	Source	7	6
hyytymistekijäv,plasmasta␤	%	Source	16	15
fp-rauta,plasmasta,paastotilassa	umol/l	Source	6	6
p-magnesium,plasmasta	mmol/l	Source	12	10
s-salmaba	titre	Source	8	8
s-musteke	u/ml	Source	11	10
s-taimene	u/ml	Source	6	6
s-infbab	u/ml	Source	20	16
li-fostau(yksittäisenäpyyntönä)	ng/l	Source	16	16
li-tau(yksittäisenäpyyntönä)	ng/l	Source	16	16
li-bam42(yksittäisenäpyyntönä)	ng/l	Source	16	16
s-ca19-9v	u/ml	Source	9	9
b-6-tgn	umol/l	PrimaryInjection	6	6
s-alkalinenfosfataasi,luustoper.isoentsyymi(ele	u/l	Source	6	6
s-alkalinenfosfataasi,maksaper.isoentsyymi(ele	u/l	Source	6	6
cb-po2	kpa	PrimaryInjection	14	11
s-borrabg	form	Source	15	12
du-korsn-v	nmol	Source	8	8
pt-fev1	%	Source	8	8
s-ovomukoidi(f233,natiivi,ngald1),igevasta-aineet	u/ml	Source	12	12
b-basofiilit,suhde	%	Source	21	10
s-koivue.	u/ml	Source	8	7
c-peptidi,proinsuliinin,paastoaikainen	nmol/l	Source	12	12
s-dharipi	ug/l	PrimaryInjection	18	16
s-aridhas	ug/l	PrimaryInjection	18	16
u-orgah	form	Source	8	7
p-kreatiinikinaasi,plasmasta	u/l	Source	34	26
abpco2pika	kpa	Source	17	17
abpo2pika	kpa	Source	17	17
ab-bepika	mmol/l	Source	7	7
abhbo2satp	%	Source	17	17
s-emaaba	titre	Source	8	6
s-bartab	titre	Source	19	13
lamotrigiini	umol/l	Source	23	18
fp-gluk(0	mmol/l	Source	18	14
p-gluk(2	mmol/l	Source	18	14
homeryhmä,ige-va:t(s-)	u/ml	Source	20	20
s-viljaryhmä,igevasta-aineet	u/ml	Source	15	15
s-gbmif	titre	Source	14	7
af-l/liusk	%	Source	11	11
af-l/yksit	%	Source	11	11
p-fvpaiv	%	Source	14	11
b-mndcap	form	Source	6	6
s-chlacf	titre	Source	27	26
as-erytrosyytit,askitesnesteestä	e6/l	Source	10	9
pistaasi	u/ml	Source	17	17
s-rarah3e	u/ml	PrimaryInjection	13	13
s-rjugr1e	u/ml	PrimaryInjection	15	15
s-papaije	u/ml	Source	12	12
l-neut	%	PrimaryInjection	16	14
as-ly+mono	%	Source	21	17
14143	titre	Source	11	10
cladospori	mm	Source	9	9
koivut6	mm	Source	9	9
d.pteronys	mm	Source	20	20
p-metanef	nmol/l	PrimaryInjection	6	6
b-atrytyd	form	Source	7	7
p-prostataspesifinenantigeeni,suh.sis.paketin	%	Source	20	19
!psavapaanjatotaalinsuhde	%	Source	7	7
s-vehnjäe	u/ml	Source	8	8
u-erytrosyytit	u/field	Source	13	12
u-leukosyytit	u/field	Source	14	13
b-tvk	pg	Source	17	14
b-tvk	g/l	Source	19	14
b-tvk	fl	Source	17	14
s-testostoni,vapaa,laskettu	pmol/l	Source	16	11
s-rarah6e	u/ml	PrimaryInjection	11	11
manteli	u/ml	Source	8	8
ruokafx20	u/ml	Source	7	7
s-ypstu3	titre	Source	6	6
p-fibriinind-dimeerit,pikatesti	mg/l	Source	16	13
s-digoxin	nmol/l	Source	43	13
14175	ug/l	Source	116	7
fibrinogeeni,hus	g/l	Source	17	17
s-glukoosi,2hnäyte	mmol/l	Source	13	13
p-glukoosi,2hnäyte	mmol/l	Source	8	8
b-dm2alld	form	Source	19	18
triglyseridit/lipidit(4568trigly),osatutkimus	mmol/l	Source	11	11
hyytymistekijäix,plasma	%	Source	16	16
s-hydroksi-indolyyliaset	nmol/l	Source	6	6
sg	form	Source	9	9
ph	form	Source	10	10
cv-dnamut	form	Source	10	10
s-tni	ug/l	Source	11	11
s-alb	mg/g	Source	7	7
immunoglobuliinie,pölyseos	u/ml	Source	6	6
oma-ghb-a1	mmol	PrimaryInjection	15	15
s-klotsa	umol/l	PrimaryInjection	14	9
u-proteiini	g/l	Source	16	11
s-borrc6	au	Source	21	15
s-testosteroni,vapaa,laskettu,voitilata	pmol/l	Source	6	6
s-pujonsiitepöly,igevasta-aineet(ko)	u/ml	Source	8	8
s-hevosenhilse,igevasta-aineet(ko)	u/ml	Source	8	8
s-kotipölypunkki(d.pteronyssinus),igevasta-aineet(ko)	u/ml	Source	8	8
s-cladosporiumherbarum,igevasta-aineet(ko)	u/ml	Source	8	8
fp-kalsium(ko)	mmol/l	Source	10	10
u-huumlct	form	Source	9	8
s-timoteinsiitepöly,igevasta-aineet(ko)	u/ml	Source	7	7
s-koivunsiitepöly,igevasta-aineet(ko)	u/ml	Source	7	6
s-kissanhilse,igevasta-aineet(ko)	u/ml	Source	7	7
s-koiranhilse,igevasta-aineet(ko)	u/ml	Source	6	6
s-teofy	mg/l	Source	10	9
s-pähk1ry	u/ml	Source	11	11
s-ebavavi	%	Source	12	11
s-vzvabg	titre	Source	8	8
pd-polynuk	osuus	Source	65	11
pd-mononuk	osuus	Source	65	11
s-vehnäjauho(f4),igevasta-aineet	u/ml	Source	6	6
luteinisoivahormoni,plasmasta␤	iu/l	Source	6	6
du-immunoglobuliini,kevyetketjut,lambda	mg	Source	23	18
s-crpsens	mg/l	Source	17	16
s-rapim1e	u/ml	PrimaryInjection	20	19
s-lamotri	umol/l	PrimaryInjection	19	19
s-pemfiab	ru/ml	Source	14	11
5400	mmol/l	PrimaryInjection	11	10
bl-prot	mg/l	Source	10	10
p-t3-vver	pmol/l	Source	43	27
s-mito-ab	titre	Source	8	8
kolesteroli,plasmasta␤	mmol/l	Source	10	10
p-bilirubiini(pi)	umol/l	Source	12	9
u-ctgcnho	umol/l	Source	8	8
li-pin1abg	eiu	Source	7	7
fs-kalsium	mmol/l	Source	22	22
9-hydroksirisperidoni	nmol/l	Source	19	14
maito	u/ml	Source	14	14
s-langab	titre	PrimaryInjection	12	10
s-gd1aabm	index	PrimaryInjection	10	10
s-makro-ck	u/l	Source	6	6
vihr.papu	u/ml	Source	17	17
herneet	u/ml	Source	23	23
valko.papu	u/ml	Source	16	16
kystatiinic(p-kysc)	mg/l	Source	17	16
b-vnp2y12	u	Source	33	26
s-alkalinenfosfataasi,luustoper.isoentsyymi(elektrof)	u/l	Source	22	18
s-alkalinenfosfataasi,maksaper.isoentsyymi(elektrof)	u/l	Source	22	18
hb-pikatesti	u	Source	7	6
f-kalprotektiini,ulosteesta	ug/g	PrimaryInjection	16	16
ana	titre	Source	6	6
fp-kolesteroli,lowdensitylipoproteiinit,suoramittaus	mmol/l	Source	7	7
s-bp230ab	titre	PrimaryInjection	14	11
p-anca	titre	Source	14	9
timoteinsiitepöly,igevasta-aineet	u/ml	Source	7	7
dermatopahgoidespteronyssinus(pölypunkki)	u/ml	Source	7	7
allergeeni,heinäerittely/grässpecificeringgx1	u/ml	Source	6	6
allergeeni,puuerittely/trädspecificeringtx9	u/ml	Source	9	9
fibriinind-dimeerit,plasmasta(fidd)	mg/l	Source	10	10
af-eryt	e6/l	Source	35	34
-bnp	ng/l	Source	43	15
p-antifaktorix-ak.(frag.hepar.estovaikut)	u/ml	Source	37	14
pd-eryt	e6/l	PrimaryInjection	18	11
pd-leuk.	e6/l	PrimaryInjection	18	11
s-allige,cladosporiumherbarum,home/mögel	u/ml	Source	27	27
p-tt-inr	1	Source	23	9
p-gluk120	mmol/l	PrimaryInjection	6	6
pt-nilkkuä	%	Source	9	9
s-leptin	ug/l	Source	6	6
s-cashewpähkinä,igevasta-aineet	u/ml	Source	12	12
s-parapähkinä,igevasta-aineet	u/ml	Source	9	9
s-saksanpähkinä,igevasta-aineet	u/ml	Source	10	10
s-homesienierittely(mx1),igevasta-aineet	u/ml	Source	9	9
pef	ml	Source	10	10
s-kortisolirasitus,0-näyte	nmol/l	Source	19	15
s-leveti	mg/l	Source	22	18
NA	titre	Source	13	7
etanersepti,pitoisuus	mg/l	Source	9	9
s-evircf	titre	PrimaryInjection	7	7
emäsylimäärä,kapillaariverestä,osatutk.	mmol/l	Source	13	8
b-tvk	form	Source	11	10
omena	u/ml	Source	9	9
s-ruoat,igevasta-aineet	u/ml	Source	8	8
p-viskositeetti	mpas	Source	34	10
u-7c-porf	nmol/l	Source	10	9
s-kuusie	u/ml	Source	18	18
p-ps-ag	%	Source	10	10
p-hyytymistekijäviii(huslab)	%	Source	7	7
b-etoh	umol/l	Source	18	9
s-viseabm,borreliaburgdorferinvisejaospcproteiinit,vasta-aineet	au/ml	Source	17	15
s-legiabg	u/ml	Source	10	10
s-tyreotropiini,peg-saostuksella	mu/l	Source	28	20
l-lymfosyytit	%	PrimaryInjection	18	14
tst	mmol/l	Source	18	6
tst	e9/l	Source	6	6
pos.kontr	mm	Source	11	11
leppä	mm	Source	11	11
pähkinäpen	mm	Source	11	11
cladosp.he	mm	Source	11	11
asperg.fum	mm	Source	11	11
latex	mm	Source	10	10
p-gt	mg/ml	Source	8	8
s-kol	mg/ml	Source	9	9
s-borabc6	au	Source	14	14
fs-calsium	mmol/l	Source	12	8
s-prealb	g/l	PrimaryInjection	16	13
s-insuaab	ru	Source	13	13
p-cytomegalovirus,nukleiinihappo,kvantitatiivi	iu/ml	Source	95	14
s-w-o9.12	titre	PrimaryInjection	27	24
s-vedolitsumabi	mg/l	Source	20	10
omaverenketoaineet	1	Source	8	7
s-gangabg	index	Source	9	9
s-gangabm	index	Source	9	9
golimumabipitoisuus,seerumista␤	mg/l	Source	7	6
epstein-barrvirus,nukleiinihappo(kvant)	iu/ml	Source	15	12
af-ly	%	Source	10	10
glukoosi2h	mmol/l	Source	12	12
u-as-i	nmol/l	Source	16	13
s-borabm	au/ml	Source	7	6
s-tpoab	form	Source	13	11
s-sjögreninsyndrooma,a(ro-),vasta-aineet	u/ml	Source	18	11
hemoglobiini(vo:nyhteydessäotettu),tth	g/l	Source	21	20
b-troponiinit(kval)	ng/l	Source	13	7
pt-sep	mg/l	Source	12	11
beeta-hydroksibutyraatti	mmol/l	Source	21	15
s-skleroderma,vasta-aineet	u/ml	Source	43	31
pt-uresi	ml	Source	6	6
ruis,ruoka	u/ml	Source	25	23
meh.myrkky	u/ml	Source	15	13
s-kurkkue	u/ml	Source	7	7
s-dehydroaripipratsoli	ug/l	Source	33	22
s-aripipratsolinjadehydroaripipratsolinyht.lask.pitoisuus	ug/l	Source	24	14
0mp-glukoosi,gestaatiorasitus	mmol/l	Source	25	19
60minglukoosi,gestaatiorasitus	mmol/l	Source	25	19
120minp-glukoosi,gestaatiorasitus	mmol/l	Source	25	19
p-b12-vitamiini	pmol/l	Source	8	8
p-fviiire	form	Source	23	6
b-muistisolut(cd19,cd27)	%	Source	10	10
ig-luokkaavaihtaneetmuistisolut(cd19,cd27,igd)	%	Source	10	10
amylaasinkokonaisaktiivisuus	u/l	Source	13	12
s-mpoabgk	iu/ml	Source	6	6
s-ige-pse	u/ml	Source	18	6
s-tygl-ab	u/ml	Source	16	8
s-t4	nmol/l	Source	8	8
s-mpn-abm	s/co	Source	9	8
s-kimmyre	u/ml	Source	7	7
p-hemoglobiini	mg/l	Source	12	12
-nt.	mm	Source	6	6
s-gliadiini(f98),igevasta-aineet	u/ml	Source	11	11
s-norklots	nmol/l	Source	53	29
s-helicobacterpylori,igavasta-aineet	u/ml	Source	19	18
s-tox-abg	iu/ml	Source	7	6
sentromeeri,vasta-aineet	u/ml	Source	16	12
vb-o2sat4	%	Source	7	7
aripipratsolinjadehydroaripipratsolinyht.lask.pitoisuus	ug/l	Source	6	6
aripipratsoli	ug/l	Source	16	14
b-tromto	form	Source	6	6
fp-pp	pmol/l	Source	24	19
s-prot-fr	g/l	Source	29	9
m-komp-2	mg/l	Source	15	7
du-normet	nmol	Source	8	7
p-kretiniini,vierilaitteella	umol/l	Source	7	7
golimumabi,pitoisuus	mg/l	Source	12	12
10231	au/ml	Source	6	6
s-estradioli,lapset	nmol/l	Source	14	12
fp-pepsinogeeni1	ug/l	Source	7	7
fp-ld	u/l	Source	6	6
du-osmol	mosm/kgh2o	Source	8	8
kalium,vieritesti␤	mmol/l	Source	9	9
b-hb-a1	%	Source	16	11
p-c1inhbk	form	Source	11	10
hoihb	g/l	PrimaryInjection	6	6
s-ruoka-aineryhmäosat	u/ml	Source	8	7
u-levyepiteelisolut	u/field	Source	7	6
b-erytbl	%	Source	53	13
s-hasselpähkinä,igevasta-aineet	u/ml	Source	6	6
nbosd4	u/ml	Source	6	6
nbosd5	u/ml	Source	7	7
nu-6c-porf	nmol/l	Source	20	11
residuaali	ml	Source	21	17
s-afos-lsapututkimus	u/l	Source	9	9
s-w-h:d	titre	PrimaryInjection	10	10
s-eläinerittely(ex1),igevasta-aineet	u/ml	Source	9	9
s-testo,vapaa,laskettu	pmol/l	Source	16	13
s-rder10e	u/ml	Source	7	7
p-tnt-o	form	Source	29	12
s-c-anca-vasta-aineet,immunofluoresenssi	titre	Source	15	8
ly-tbspota	spot/e6lu	Source	23	22
ly-tbspotb	spot/e6lu	Source	23	22
ly-tbspppd	spot/e6lu	Source	23	22
s-tyroksiini,vapaa,dialyysimenetelmä	pmol/l	Source	6	6
p-ck-mbm	ug/l	PrimaryInjection	9	9
fs-ohbutyr	mmol/l	Source	22	8
s-glutamaatttidekarboksylaasi(gad),vasta-aineet	iu/ml	Source	10	9
mycobakteriumtuberculosis-her	iu/ml	Source	15	7
fp-glkg	ng/l	Source	15	10
fp-kol	mmol	Source	7	7
p-fgf23	kru/l	Source	27	17
p-areninm	mu/l	Source	6	6
-c-reaktiivinenproteiinipikatesti	mg/l	Source	8	6
b-neutrofiilit,b-diffiosattutkimus	e9/l	Source	18	10
14171	mu/l	Source	12	9
kalsium,ionisoitunut,vieritesti␤	mmol/l	Source	6	6
ureavieri	mmol/l	Source	7	7
u-albumiininjakreatiniinisuhde	mg/mmol	Source	11	10
s-dsg1ab	iu	Source	10	8
s-limete	u/ml	Source	7	7
c-pept-90	nmol/l	Source	9	9
p-tsh/60	mu/l	Source	10	10
p-tsh/0	mu/l	Source	10	10
p-tsh/20	mu/l	Source	10	10
p-trigly	mmol/l	PrimaryInjection	9	9
p-kol	mmol/l	PrimaryInjection	14	14
s-androstendioni	nmol/l	Source	11	8
p-kreatiniini,pika	umol/l	Source	6	6
p-trijodityroniini,vapaa(pi)	pmol/l	Source	15	7
p-apcres	form	Source	14	14
basofiilit,osatutkimus(9112l-baso)	%	Source	6	6
eosinofiilit,osatutkimus(9113l-eos)	%	Source	6	6
l-ly,osatutkimus(9116l-ly)	%	Source	6	6
monosyytit,osatutkimus(9117l-monos)	%	Source	6	6
l-neut,osatutkimus(9122l-neut)	%	Source	6	6
s-testoms	nmol/l	PrimaryInjection	7	7
14248	e9/l	Source	20	17
-natiivi,ovalbumiini/ovalbumin	u/ml	Source	6	6
prostataspesifinenantigeeni,osatutkimus	ug/l	Source	6	6
testosteroni,vapaa	pmol/l	Source	11	9
testosteroni,vapaa,prosentti	%	Source	10	8
du-a1miglo	mg	Source	14	14
du-mhistam	ug/g	Source	8	8
b-syklosporiinia	ug/l	Source	40	14
s-metad	mg/l	PrimaryInjection	8	6
du-normetanefriini	umol	Source	19	19
s-vani	mg/l	Source	78	8
gammaglobuliini	g/l	Source	6	6
alfa-1-globuliini	g/l	Source	11	10
beeta-1-globuliini	g/l	Source	12	11
beeta-2-globuliini	g/l	Source	11	10
alfa-1-globuliini()	%	Source	7	7
beeta-2-globuliini()	%	Source	7	7
u-uporf3	nmol/l	Source	7	6
du-metanefriini	umol	Source	11	10
transferriinireseptori,plasmasta	mg/l	Source	37	35
pt-gluk-r-,0-n	mmol/l	Source	9	7
pt-gluk-r-,1t	mmol/l	Source	9	7
pt-gluk-r-,2t	mmol/l	Source	9	7
s-soija,igevasta-aineet	u/ml	Source	10	10
s-turska,igevasta-aineet	u/ml	Source	7	7
testosteroni	pmol/l	Source	6	6
albumiini,plasmasta,osatutk.11162	g/l	Source	10	9
kalsium,plasmasta,osatutk.11162	mmol/l	Source	8	8
u-hemsi-o	estimate	Source	7	6
s-heliabg	titre	Source	13	10
fp-insuliini	mu/l	Source	29	15
li-fosfo-tauproteiini,likvor	ng/l	Source	11	11
s-pemfiab	titre	Source	12	10
p-fibriinind-dimeeri,vieritutkimus	mg/l	Source	11	8
-psa-v	%	Source	6	6
fp-eta	umol/l	Source	9	9
12890	index	Source	8	8
b-everolimuusi	ug/l	Source	79	8
s-ruokae	u/ml	Source	17	16
s-papu,vihreä,ige-vasta-aineet	u/ml	Source	9	9
s-valkoinenpapu,ige-vasta-aineet	u/ml	Source	10	10
-linssi	u/ml	Source	11	10
sp-siittiöidenliikkuvuus,kaikkiliikkuvat	%	Source	7	7
sp-siittiöidenliikkuvuuspr,eteenpäinliikkuvat	%	Source	7	7
sp-siittiöidenliikkuvuusnp,paikallaanliikkuvat	%	Source	7	7
sp-siittiöidenliikkuvuusim,liikkumattomat	%	Source	7	7
sp-tilavuus	ml	Source	10	10
sp-siittiötiheys	e6/ml	Source	10	10
sp-siittiöidenkokonaislukumäärä	e6	Source	10	10
sp-pyöreätsolut,sperma	e6/ml	Source	10	10
fp-sinkki,paastoplasmasta	umol/l	Source	8	8
af-cea	ug/l	Source	16	15
retikulosyyttienhemoglobiiniekvivalentti	pg	Source	6	6
s-soijapapu(f14),ige-vasta-aineet	u/ml	Source	6	6
p-troptkone	ng/l	Source	9	6
s-testo,p	%	Source	8	8
pt3-v	pmol/l	Source	12	8
albumiini,bronkoalveolaarihuuhtelunesteestä␤	mg/l	Source	7	7
koriongonadotropiini,beeta-alayksikkö	u/l	Source	10	6
p-psa-suh	%	PrimaryInjection	11	10
hyytymistekijäxii,plasma	%	Source	8	8
hyytymistekijäxi,plasma	%	Source	8	8
uloshengityskaasuntyppioksidi	ppb	Source	6	6
se-erytrosyytit	e6/l	Source	9	9
ribonukleoproteiini,nukleaarinen,vasta-aineet(s-rnpab)	u/ml	Source	7	6
sm(smith),vasta-aineet(s-smab)	u/ml	Source	7	6
b-muisti	%	Source	13	13
ig-vaiht	%	Source	14	14
treg-solut	%	Source	9	9
tem-cd8	%	PrimaryInjection	7	7
cd45ra+,ccr7+cd4t-solut	%	Source	9	8
cd45ra-,ccr7+cd4t-solut	%	Source	9	8
cd45ra-,ccr7-cd4t-solut	%	Source	9	8
cd45ra+,ccr7-cd4t-solut	%	Source	9	8
cd45ra+cd31+cd62l+cd4t-solut	%	Source	9	8
cd45ra+,ccr7+cd8t-solut	%	Source	9	8
cd45ra-,ccr7+cd8t-solut	%	Source	9	8
cd45ra-,ccr7-cd8t-solut	%	Source	9	8
cd45ra+,ccr7-cd8t-solut	%	Source	9	8
cd45ra+cd31+cd62l+cd8t-solut	%	Source	9	8
cd3+(kaikki)tsolut	x109/l	Source	9	8
cd4+tsolut	x109/l	Source	9	8
cd8+tsolut	x109/l	Source	9	8
nkt-solut(cd3+,cd56+,tcrg/dnegat.lymfosyytit)	%	Source	9	8
tcrg/d+cd3+t-solut	%	Source	9	8
tcra/b+,cd3+,cd4-,cd8-dnt-solut	%	Source	9	8
treg-solut(cd25hi,cd127lo,cd4+),osuuscd3+t-soluista	%	Source	9	8
hladr+,cd38+(aktivoituneet)cd4t-solut	%	Source	9	8
tregsolut(cd25hi,cd127lo,cd4+),osuuscd4+t-soluista	%	Source	9	8
hladr+,cd38+(aktivoituneet)cd8t-solut	%	Source	9	8
11678	u/ml	Source	16	16
infliksimabi,pitoisuusmääritysseerumista	mg/l	Source	11	7
hyytymistekijävii,plasmasta␤	%	Source	15	14
protrombiini,plasmasta␤	%	Source	13	12
hyytymistekijäx,plasmasta␤	%	Source	13	12
hyytymistekijäxiii,plasmasta␤	%	Source	13	12
s-kaurspe	u/ml	Source	10	10
cb-pco2-mi	kpa	Source	10	6
cb-po2-mi	kpa	Source	10	6
s-ro214e	u/ml	Source	13	13
lymfosyytit,t-cd3-solujenosuus,osatutk.2275	%	Source	24	10
lymfosyytit,b-cd19-solujenosuus,osatutk.2275	%	Source	8	8
lymfosyytit,nk-solujenosuus,osatutk.2275	%	Source	24	10
lymfosyytit,t-cd3-solut,verestä,osatutk.2275	e6/l	Source	24	10
lymfosyytit,b-cd19-solut,verestä,osatutk.2275	e6/l	Source	8	8
lymfosyytit,t-cd4-solut,verestä,osatutk.	e6/l	Source	31	12
lymfosyytit,t-cd8-solut,verestä,osatutk.2275	e6/l	Source	24	10
lymfosyytit,t-auttajasolujenosuus,osatutk.	%	Source	31	12
lymfosyytit,t-estäjäsolujenosuus,osatutk.2275	%	Source	24	10
lymfosyytit,nk-solut,verestä,osatutk.2275	e6/l	Source	24	10
cytomegalovirus,iggvasta-aineet,osatutk.	u/ml	Source	9	7
glukoosi(vo:nyhteydessäotettu),tth	mmol	Source	13	10
antifaktori-x-aktiivisuus,plasmasta,3h-näyte␤	iu/ml	Source	13	10
s-humanherpesvirus6,iggvasta-aineet	eiu	Source	16	13
s-mkomponentti-2,seerumista	g/l	Source	12	8
s-magab	u/ml	Source	41	14
rautaseerumista,paastotilassa	umol/l	Source	14	7
b-happiosapaine	kpa	Source	56	13
b-happikyllästeisyys(hemoglobiini)	%	Source	57	13
s-peak-1	g/l	Source	21	17
s-peak-2	g/l	Source	25	20
s-peak-3	g/l	Source	25	20
s-peak-4	g/l	Source	25	20
b-anionivaje	mmol/l	PrimaryInjection	11	7
s-beeta-1-globuliini	g/l	Source	8	7
proteiinic	%	Source	6	6
afos-is,maksaperäinen1	u/l	Source	25	24
afos-is,luustoperäinen	u/l	Source	25	24
afos-is,maksaperäinen2	u/l	Source	24	24
s-afos,afos-is:nosanavitavastaus	u/l	Source	30	29
s-malasseziaspp(m227),igevasta-aineet	u/ml	Source	7	7
u-proteiini,(u-prot-fr,valetietue)	g/l	Source	6	6
cb-hemoglobiini-a1c,ihopistosn,vierithoitoy:ssä	mmol/mol	Source	13	11
s-basilie	u/ml	Source	13	13
s-oregane	u/ml	Source	9	9
s-eosinofiilistengranylos.kationinenprot.	ug/l	Source	6	6
cb-kalsium,ionisoitunut,aktuaali	mmol/l	Source	11	10
u-muut	u/field	Source	7	6
reumafaktori,pleuraneste	iu/ml	Source	7	7
fs-gluk	mmol/l	PrimaryInjection	17	17
s-timjame	u/ml	Source	8	8
s-kostige	u/ml	Source	11	11
p-ked.	mmol/l	Source	344	12
p-naed.	mmol/l	Source	306	11
p-kreaed	umol/l	Source	227	11
fp-ureaed	mmol/l	Source	161	11
fp-ureajd	mmol/l	Source	153	8
p-kjd.	mmol/l	Source	160	9
p-najd.	mmol/l	Source	154	8
p-kreajd	umol/l	Source	153	8
s-sjögreninsyndroma(b),vasta-aineet	u/ml	Source	13	6
as-glukoosi	mmol/l	Source	15	13
as-proteiini	g/l	Source	11	9
pt-galt1/2	min	PrimaryInjection	9	6
jäännösvirtsanuä/kk	ml	PrimaryInjection	8	7
afos-is,suolistoperäinen	u/l	Source	14	13
s-minttue	u/ml	Source	6	6
c1-esteraasininhibiittori	g/l	Source	10	8
p-fviiic	%	Source	13	12
p-natriureettinenpeptidi,b-tyypin(32-)(pi)	ng/l	Source	14	14
s-sjögreninsyndromab(la)-vasta-aineet	u/ml	Source	18	14
hyaliinilieriöt	e6/l	Source	18	15
muutlieriöt	e6/l	Source	18	15
p-c-reaktiivinenproteiini,pikatutkimus	mg/l	Source	9	9
s-rcora8e	u/ml	PrimaryInjection	13	13
s-rbere1e	u/ml	PrimaryInjection	6	6
s-home2ry	u/ml	Source	8	8
s-home4ry	u/ml	Source	7	7
hoi-crp-pi	mg/l	PrimaryInjection	9	8
b-ehba1c	mmol/mol	Source	7	6
bm-fishhem	form	Source	7	7
o2-pros	%	Source	7	7
s-komplementtic1q	g/l	Source	11	10
-cv19ag	umol/l	Source	6	6
pt-urea-cl	ml/s/173m	Source	15	7
s-ca-iona	mmol/l	PrimaryInjection	19	15
s-ranao3e	u/ml	PrimaryInjection	11	11
s-nglym5e	u/ml	PrimaryInjection	16	16
s-rjugr3e	u/ml	PrimaryInjection	8	8
cytomegalovirus,dna-osoitus,kvant.,plasmasta	iu/ml	Source	13	6
osmolaliteetti,virtsasta	mosm/kgh2o	Source	38	19
s-rbetv1e	u/ml	Source	6	6
s-borrc6	u	Source	10	10
s-borrigg	u/mol	Source	10	10
s-hevohie	form	Source	12	11
s-kissa	form	Source	8	7
s-koira	form	Source	8	7
s-dpteroe	form	Source	18	17
s-claher	form	Source	8	7
pujonsiitepöly,igevasta-aineet	u/ml	Source	7	7
koiranhilse,igevasta-aineet	u/ml	Source	7	7
14356	mg	Source	13	13
fs-kasvuhormoni,paastoseerumi	ug/l	Source	6	6
s-w-h:a	titre	Source	7	6
s-testab	titre	PrimaryInjection	11	8
immunoglobuliinie-koira	u/ml	Source	16	15
s-dna,vasta-aineet(natiivi)	iu/ml	Source	32	12
s-sjögreninsyndroma,b(la)-vasta-aineet	u/ml	Source	15	14
p-glukoosi,60min-näyterasituksessa	mmol/l	Source	7	6
9120e-punasolujenkokojakauma	%	Source	6	6
b-crp-vt(avo)	mg/l	Source	7	6
p-gluk-pa	mmol/l	Source	6	6
ps-probnp	ng/l	Source	10	7
b-neutrofiilitsuhde	%	Source	10	9
s-ruisspe	u/ml	Source	12	12
b-luc	e9/l	Source	17	6
luc	%	Source	17	6
proteiini,ty,vuorokausivirtsasta	g	Source	21	11
s-pemfigoidi,bp180-antigeeni,vasta-aineet	u/ml	Source	21	17
s-myeloperoksidaasi,iggvasta-aineet	iu/ml	Source	18	9
s-clostridiumtetani,vasta-aineet	iu/ml	Source	10	10
albumiini,plasma(alb)	g/l	Source	16	16
p-magnesium(ko)	mmol/l	Source	8	8
glukoosirasitusr11483,0-näyte	mmol/l	Source	8	7
glukoosirasitus2tunninnäyte	mmol/l	Source	8	7
s-vzvcf	titre	Source	18	17
b-gluk(vo.hoitaja)	atj/25t	Source	10	8
s-9hrispe	ug/l	Source	14	10
s-ris9hrs	ug/l	Source	14	10
cb-kalsium,ionisoitunut,eitilattava	mmol/l	Source	39	20
s-hcg-b/d	ug/l	PrimaryInjection	8	8
s-afp/d	u/ml	PrimaryInjection	8	8
s-sertolitsumabi	mg/l	Source	7	7
p-alkalinenfosfataasi	u/l	PrimaryInjection	8	8
li-evirabg	eiu	Source	7	7
hyytymistekijäx,plasma	%	Source	9	9
proteiinic,plasmasta	%	Source	12	12
beeta2-glykoproteiini-1-iggvasta-aine	u/ml	Source	8	7
p-antitrombiiniiii,huslab	%	Source	10	10
fs-gh	mlu/l	Source	6	6
b-hba1cp	%	PrimaryInjection	7	7
s-adrab	titre	PrimaryInjection	25	18
fp-parathomoni	ng/l	Source	14	11
suhteellinentiheys	ratio	Source	17	6
p-crp-p	mg/l	PrimaryInjection	10	10
s-testotot	nmol/l	Source	6	6
eosinofiilistengranulosyyttienkationinenproteiini	ug/l	Source	9	9
s-aripipratsoli	ug/l	Source	9	8
s-aripipratsolinjadehydroaripipratsolinsumma	ug/l	Source	9	8
fp-aldos-p	pmol/l	Source	6	6
s-maito(f2),ige-vasta-aineet	u/ml	Source	7	7
s-proteinaasi3,vasta-aineet	iu/ml	Source	40	12
p-acth,per	ng/l	Source	54	8
p-acth,vas	ng/l	Source	54	8
s-hepvase	au/l	Source	8	7
p-lupdrvvt	ratio	Source	10	10
p-lupakptt	ratio	Source	10	10
s-urea	mmol/l	Source	9	7
b-amokbat	%	Source	12	12
covid-19-koronavirustauti,piikkiproteiinivasta-ai	au/ml	Source	9	7
s-chpnabm	index	PrimaryInjection	7	7
s-chpnaba	u/ml	PrimaryInjection	6	6
kollageenii:nbetakarboksterminaalinentelopeptidi,plasma	ug/l	Source	10	7
s-leppspe	u/ml	Source	13	13
u-ly	u/field	Source	15	14
p-kol-ldl	mmol/l	PrimaryInjection	9	9
b-gran	%	Source	9	9
s-rf	iu/l	Source	9	9
infliksimabivasta-aineet,seerumista␤	au/ml	Source	9	8
s-ketiapiini	nmol/l	Source	20	11
s-treponemapallidum,hemagglutinaatio	titre	Source	21	7
lamotrigiini,seerumi	umol/l	Source	23	13
s-manteli,igevasta-aineet	u/ml	Source	9	9
s-pr3ab	kiu/l	Source	39	20
kardiolipiini-iggvasta-aineetplasmasta	u/ml	Source	7	6
s-borrabm	form	Source	19	17
s-hbsagkv	iu/ml	PrimaryInjection	17	12
hb	g/l	PrimaryInjection	17	11
s-latekse	mmol/l	Source	6	6
s-pumpule	mmol/l	Source	6	6
p-aminoh	form	Source	17	10
s-hcg(tot)	iu/l	Source	10	9
prolaktiini,biologisestiaktiivinen	mu/l	Source	7	7
s-testosteroni,vapaa,prosentti	%	Source	9	8
s-passhee	u/ml	Source	8	8
s-varicella-zostervirus,iggvasta-aineet	miu/ml	Source	7	7
fp-fe	umol/l	PrimaryInjection	17	16
22101	umol/l	Source	7	7
as-albumiini	g/l	Source	16	12
as-urea	mmol/l	Source	42	9
s-ihmisepididymaalag	pmol/l	Source	7	7
s-tyreoideaperoksidaasi,vasta-aineet(pi)	u/ml	Source	6	6
u-osmolaliteetti,virtsa	mosm/kgh2o	Source	9	9
s-alkalinenfosfataasi,suolistoper.isoentsyymi(elektrof)	u/l	Source	6	6
s-risper	ug/l	Source	12	9
globuliinit,virtsa,elektroforeesifraktio,osatutk	mg/l	Source	10	6
albumiini,virtsa,elektroforeesifraktio,osatutk	mg/l	Source	10	6
epstein-barrvirus(ebv),nhkvantitatiivinen,plasmasta	iu/ml	Source	24	6
ab-be(b)	mmol/l	Source	7	7
af-neut	%	Source	11	11
af-ly+mono	%	Source	6	6
af-eos	%	Source	10	10
p-ngal	ug/l	Source	31	28
u-ngal	ug/l	Source	23	21
bm-eryt	e12/l	PrimaryInjection	49	16
bm-trom	e9/l	PrimaryInjection	49	16
bm-tumsol	e9/l	PrimaryInjection	49	16
bm-lcd34	e9/l	PrimaryInjection	23	14
-transferriininrautakyllästeisyys	%	Source	11	10
p-beta-2-glykoproteiini,vasta-aineetigg	u/ml	Source	6	6
p-kardiolipiini-iggvasta-aineet(fosfolipidi,igg-	u/ml	Source	8	8
9662	ug/l	Source	13	8
homeryhmä,igevasta-aineet	u/ml	Source	10	9
s-kanahöe	u/ml	Source	10	10
testosteroni,massaspektrom.,seerumista	nmol/l	Source	8	8
s-gangabm	%	Source	18	12
s-dmklots	umol/l	PrimaryInjection	14	9
lymfosyytit,osuus	%	Source	8	8
neutrofiilitsauvatumaiset,osuus	%	Source	7	7
neutrofiilitliuskatumaiset,osuus	%	Source	7	7
monosyytit,osuus	%	Source	8	8
atyyppisetlymfosyytit,osuus	%	Source	8	8
metamyelosyytit,osuus	%	Source	7	7
myelosyytit,osuus	%	Source	7	7
hyytymistekijäviii,päivystys,plasma	%	Source	18	14
li-rsvabg	eiu	Source	10	9
s-d-1-1,2	pmol/l	Source	6	6
glutamyylitransferaasi-desialotransferriini-indeksi	1	Source	9	8
fs-insu	mu/l	PrimaryInjection	17	15
s-pl-abm	mpl	Source	6	6
21764	u/ml	Source	12	12
b-tb1	iu/ml	Source	10	9
b-tb2	iu/ml	Source	10	10
s-karni-t	umol/l	Source	15	10
s-epstein-barrinvirus,igg-vasta-aineet␤	u/ml	Source	12	10
s-prealbl	mg/l	Source	9	7
u-kreatiniinivm.	ml	Source	7	7
u-happamuusaste	5170	Source	19	19
p-ps-agv	form	Source	7	6
erytrosyytit,pleuranesteestä,osatutk	e6/l	Source	9	7
immunoglobuliinig,alaluokka4,seerumista	g/l	Source	9	7
soijapapu	u/ml	Source	6	6
s-lkmab	titre	Source	11	11
fb-ammonium-ioni	umol/l	Source	7	6
s-heinäerittely(gx1),igevasta-aineet	u/ml	Source	7	7
u-ominaispaino	5170	Source	8	8
pt-glomerulussuodosnopeus,estimoitu,ckd-epi-kaava(p-kreaosatutkimus)	ml/min/173m2	Source	10	7
s-infaabg	eiu	PrimaryInjection	8	8
14433	ng/l	Source	6	6
p-hivirus1,nukleiinihappo(kvant)	u/ml	Source	9	7
ts-tcr-d	form	Source	14	11
s-ribonukleoproteiini,vasta-aineet	u/ml	Source	9	6
glukoosipikamittarilla	mmol/l	Source	7	7
l-cd34	%	PrimaryInjection	21	13
du-kalsium,vuorokausivirtsa	mmol/24h	Source	9	7
b-basofiilisetleukosyytit	e9/l	PrimaryInjection	6	6
b-lymfosyytit	e9/l	PrimaryInjection	18	18
b-monosyytit	e9/l	PrimaryInjection	20	19
s-kukkryh	u/ml	Source	7	6
p-fidd-po	mg/l	Source	7	7
f-hhb-o	form	Source	18	10
s-kvriski	form	Source	9	8
s-dmriski	form	Source	8	7
di-l/liusk	%	Source	23	9
di-l/yksit	%	Source	23	9
s-o4.5.12	titre	PrimaryInjection	11	9
s-w-o6.7	titre	PrimaryInjection	10	9
14335	g/l	Source	46	9
l-basofiilit,absoluuttiset	%	Source	14	7
b-eosinofiilit,absoluuttiset	e9/l	Source	19	8
l-lymfosyytit,absoluuttiset	%	Source	17	10
l-monosyytit,absoluuttiset	%	Source	18	11
l-neutrofiilit,absoluuttiset	%	Source	17	10
s-hdie	u/ml	Source	6	6
oma-cp-glu	mmol/l	Source	7	7
troponiinit,vieritutkimus	ng/l	Source	15	9
e-retik	pg	Source	17	17
p-tnios	ug/l	Source	8	8
l-segm	%	PrimaryInjection	9	9
p-uraatlä	umol/l	Source	48	12
s-cmv-abg	u/ml	Source	8	7
b-hb	mg/l	PrimaryInjection	9	9
s-hepatiittib-virus,vasta-aineetpinta-antigeen	miu/ml	Source	14	12
ruoka-aineryhmäjakomponentit	u/ml	Source	6	6
cb-be-mi	mmol/l	Source	8	6
af-liuskat	%	Source	9	9
p-tt-spa	%	PrimaryInjection	6	6
vb-emäsylimäärä	mmol/l	PrimaryInjection	10	9
b-ykrom-d	form	Source	7	7
p-bil-l	umol/l	Source	11	8
kasvuhormoni,seerumista	ug/l	Source	12	8
pujo,siitepöly	u/ml	Source	7	7
b-kokonaishemoglobiini,verikaasuanalysaattorista	g/l	Source	53	12
b-etoh	promille	Source	11	11
s-hepatitiscvirus,nukleiinihappo,kvantitatiiv	iu/ml	Source	8	7
p-reumafaktori(pi)	iu/ml	Source	9	9
la-cd34-os	%	PrimaryInjection	20	11
cashewpähkinä,igevasta-aineet,seerumista␤	u/ml	Source	6	6
saksanpähkinä,igevasta-aineet,seerumista␤	u/ml	Source	6	6
c-anca	titre	Source	6	6
pt-lämpöt	%	Source	34	12
s-valpr	umol/l	PrimaryInjection	39	15
li-ebvnh	u/ml	Source	6	6
prostataspesifinenantigeeni,vapaa	%	Source	20	8
s-allergeeni,timotei/timotej(pollen/siitep.)g6	u/ml	Source	12	12
s-allergeeni,koivu(siitepöly)/björk(pollen)	u/ml	Source	13	13
s-allergeeni,kissa(hilse)/katt(mjäll)e1	u/ml	Source	12	12
s-mpoab	kiu/l	Source	24	9
p-tromboplastiiniaika,plasmasta	%	Source	11	10
s-parvigg	titre	Source	8	7
igg	g/l	Source	7	7
igm	g/l	Source	7	7
luu	u/l	Source	9	9
sy-proteiini	g/l	Source	6	6
s-ige-sse,pähkinäryhmä2/nötter2	u/ml	Source	7	7
s-c-reaktiivinenproteiini(kval)	form	Source	7	7
s-allergeeni,koira(hilse)/hund(mjäll)e5	u/ml	Source	10	10
s-klobatsaami	umol/l	Source	9	6
s-inhibiinib	ng/l	Source	21	6
aspergillusfumigatus,iggvasta-aineet,seerumista	mg/l	Source	7	7
11079	pmol/l	Source	6	6
s-stpn12f	fmiau/ml	Source	11	10
u-vä.epit	u/field	Source	10	9
s-ngkol	mmol/l	Source	10	7
s-ngkvldl	mmol/l	Source	10	7
s-ngk-ldl	mmol/l	Source	10	7
s-ngk-hdl	mmol/l	Source	10	7
s-ngtrigl	mmol/l	Source	10	7
s-ngtotfa	mmol/l	Source	10	7
s-ngfaw3	mmol/l	Source	10	7
s-ngfaw6	mmol/l	Source	9	6
s-ngpufa	mmol/l	Source	9	6
s-ngmufa	mmol/l	Source	10	7
s-ngsfa	mmol/l	Source	10	7
s-ngdha	mmol/l	Source	10	7
s-ngfaw3	%	Source	10	7
s-ngfaw6	%	Source	9	6
s-ngpufa	%	Source	9	6
s-ngmufa	%	Source	10	7
s-ngsfa	%	Source	10	7
s-ngdha	%	Source	10	7
s-ngapob	g/l	Source	10	7
s-ngapoa1	g/l	Source	10	7
s-ngala	mmol/l	Source	10	7
s-nggly	mmol/l	Source	10	7
s-nghis	mmol/l	Source	10	7
s-ngtobca	mmol/l	Source	10	7
s-ngile	mmol/l	Source	10	7
s-ngleu	mmol/l	Source	10	7
s-ngval	mmol/l	Source	10	7
s-ngphe	mmol/l	Source	10	7
s-ngtyr	mmol/l	Source	10	7
s-nggluk	mmol/l	Source	10	7
s-nglakt	mmol/l	Source	10	7
s-ngkrea	umol/l	Source	10	7
s-ngalb	g/l	Source	10	7
s-ngglyca	mmol/l	Source	10	7
s-cvdrisk	%	Source	10	7
s-t2drisk	%	Source	10	7
ihonepiteelintyvikalvonvasta-aineet,seerumista␤	titre	Source	9	7
hcgb-v/hcg	%	Source	13	10
s-glpepiga	au	Source	9	9
s-glpepigg	au	Source	9	9
s-allergeeni,pujo(siitepöly)/gråbo(pollen)w6	u/ml	Source	6	6
s-allergeeni,d.pteronyssinus(pölyp./kval.)d1	u/ml	Source	7	7
s-allergeeni,hevonen(hilse)/häst(mjäll)e3	u/ml	Source	8	8
s-björk	u/ml	Source	13	12
mansikka	u/ml	Source	6	6
sähkönjohtokyky,virtsasta	mosm/kgh2o	PrimaryInjection	9	6
proteiinit,muupunktioneste	g/l	Source	8	6
s-ohkarb	umol/l	Source	7	6
tthp-crp+hb	mg/l	Source	6	6
plasmanlaktaattidehydrogenaasi	u/l	Source	9	9
osmolaliteetti,estimoitu	mosm/kgh2o	Source	7	6
interleukiini-2:nresertori,liukoinen,seerumi	u/ml	Source	19	12
p-probnp-o	ng/l	Source	8	7
s-stpn6b	mg/l	PrimaryInjection	13	11
s-stpn5	mg/l	PrimaryInjection	9	8
s-dehydroepiandrosteroni	nmol/l	Source	8	6
trombosyytit,sitraattinäyte	e9/l	Source	8	6
b-crp-pika	mg/l	PrimaryInjection	9	6
s-vilj3ry	u/ml	Source	10	10
b-shba1c	mmol/mol	Source	13	13
s-koirhie	u/ml	PrimaryInjection	9	9
s-dsg3ab	iu	Source	18	14
s-kikhere	u/ml	Source	15	15
s-tnih	ng/l	Source	9	6
u-virtsanleukosyytit	form	Source	7	6
u-virtsanhemoglobiini	form	Source	7	7
s-ruokae	u/ml	PrimaryInjection	6	6
s-niitspe	u/ml	Source	12	12
b-mksyn	form	Source	7	7
s-vehnä/ravintoaine,igevasta-aineet	u/ml	Source	6	6
p-fiddviitasaari	mg/l	Source	6	6
fp-gluk	mmol/	Source	10	10
fp-gluk0h	mmol/l	Source	20	11
s-plasmaproteiini-a	mu/l	Source	8	8
p-uraattiviitasaar	umol/l	Source	10	9
esat-6	täplää	Source	8	8
cfp-10	täplää	Source	7	7
li-neurofilamentti,kevytketjut	ng/l	Source	6	6
vb-pakesk	%	Source	9	8
ab-so2	%	Source	9	8
e-mchc	pg	Source	17	14
b-hb-vieri	g/l	Source	6	6
s-osmol	mo/kgho	Source	6	6
u-osmol	mo/kgho	Source	10	9
s-hepyab	titre	Source	8	8
s-hmgcr-ab	u/ml	Source	15	7
prolaktiini,biologisestiakti	%	Source	6	6
prolaktiini,biologisestiakti	mu/l	Source	6	6
s-kopöryh	u/ml	Source	13	13
kortisoli,vapaa,vrk-virtsa	nmol/l	Source	7	7
p-etanoli	g/l	Source	9	6
fs-kol	mmol/	Source	7	6
p-kreatiniini	umol/l	PrimaryInjection	10	8
s-derp10e	u/ml	Source	9	9
s-kotiniini	ng/ml	Source	8	6
immunoglobuliini,kevyet	g	Source	10	7
p-transferriinireseptori,liukoinen(pi)	mg/l	Source	12	9
l-blasti-m	%	Source	7	6
s-luteinisoivahormoni(ko)	u/l	Source	6	6
p-vreninm	mu/l	Source	7	7
b-basofiilit	e9/l	PrimaryInjection	11	11
b1-vitamiini(tiamiini),verestä,paastotilassa␤	ug/l	Source	7	7
albumiini,keräysvirtsa	ug/min	Source	8	8
as-bilirubiini	umol/l	Source	8	8
s-borrabg	titre	Source	6	6
s-koirhie	form	Source	9	9
s-cladhee	form	Source	7	7
cu-tilavu	ml	Source	8	7
pt-glomerulussuodosnopeus,estimoitu,mdrd-tutkimuksenkaava(mittayksikkö:ml/min/1.73m2)	ml/min/173m2	Source	19	10
pemfigoidi,bp180-antigeeni,vasta-aineet,seerumista␤	u/ml	Source	14	7
u-eryt.	e6/l	Source	10	8
u-leuk.	e6/l	Source	10	8
epit.solut	e6/l	Source	10	8
u-proteiini,virtsasta	g/l	Source	7	6
b-eosinofiilit(ko)	e9/l	Source	6	6
s-koihspe	u/ml	Source	9	9
s-nurnspe	u/ml	Source	8	8
fp-pthint	ng/l	Source	23	7
-lymf	%	Source	17	8
-monos	%	Source	17	8
ts-fish	form	Source	7	7
di-k	mmol/l	Source	70	12
pd-alb	mg/l	Source	81	12
di-pi	mmol/l	Source	68	12
s-phombeg	mg/l	Source	6	6
p-krea	umol/l	SecondaryCorrection	7	7
am-aminoh	ug/l	Source	8	8
kalsium,ionisoitunutseerumista	mmol/l/p	Source	7	7
s-vesirokkovirus,igg-vasta-aineet␤	iu/l	Source	9	8
p-fviii	form	Source	7	7
gluk120	mmol/l	Source	7	7
u-kreatiniini,huumeseulonta	mmol/l	Source	7	6
linssi	u/ml	Source	6	6
vb-po2	kpa	PrimaryInjection	8	8
vb-pco2	kpa	PrimaryInjection	7	7
mkomp-2	g/l	Source	14	7
p-at3-ag	%	Source	7	7
p-tyreoideaperoksidaasi,vasta-aineet	u/ml	PrimaryInjection	6	6
vb-ra1	%	Source	7	6
b-igshm-d	form	Source	7	7
s-leuxcdc	form	Source	6	6
p-probnp-p	ng/l	Source	7	6
oma-hba1c	%	PrimaryInjection	8	7
ghb-a1c-pi	%	Source	7	7
b-hlanark	form	Source	9	9
hematokriitti	%	Source	8	6
b-monosyytit,absoluuttiset	%	Source	9	6
fibriinid-dimeerit,plasmasta,pikatutkimus	mg/l	Source	7	7
b-nlt	%	Source	7	7
p-c-reaktiivinenproteiini(pikanäyte)	mg/l	PrimaryInjection	6	6
u-naftol	form	Source	11	7
s-asetylkoliinireseptori,vasta-aineet,akor-va	nmol/l	Source	7	6
kreatiniini,dreenieritteestä␤	umol/l	Source	7	6
u-välim.ep	u/field	Source	10	8
li-beeta-amyloidi42proteiini␤	ng/l	Source	8	8
p-kreatiinikinaasi,läh.ksks	u/l	Source	7	6
s-albål	g/l	Source	7	6
s-iggål	g/l	Source	7	6
li-albål	mg/l	Source	7	6
li-iggål	mg/l	Source	7	6
s-borrabm	titre	Source	7	7
b-siklosporiini,massaspektrometrinen,verestä	ug/l	Source	35	6
s-cmvcf	titre	Source	10	10
s-hsv2abg	index	PrimaryInjection	6	6
s-ckmb	ug/l	Source	6	6
b-pbnp-vt(viitas.)	ng/l	Source	10	8
vb-vcs1	%	Source	8	7
-uraat	umol/l	Source	7	7
bilirubiini,neste	umol/l	Source	17	9
s-osmolaliteetti,seerumi	mosm/kgh2o	Source	6	6
